FECHA,PLAZO,VALOR
2026-06-30,1,6.741734
2026-06-30,2,6.739988
2026-06-30,3,6.738242
2026-06-30,4,6.736496
2026-06-30,5,6.734751
2026-06-30,6,6.733005
2026-06-30,7,6.731259
2026-06-30,8,6.729513
2026-06-30,9,6.727767
2026-06-30,10,6.726021
2026-06-30,11,6.724276
2026-06-30,12,6.72253
2026-06-30,13,6.720784
2026-06-30,14,6.719038
2026-06-30,15,6.717292
2026-06-30,16,6.715546
2026-06-30,17,6.7138
2026-06-30,18,6.712055
2026-06-30,19,6.710309
2026-06-30,20,6.708563
2026-06-30,21,6.706817
2026-06-30,22,6.705071
2026-06-30,23,6.703325
2026-06-30,24,6.70158
2026-06-30,25,6.699834
2026-06-30,26,6.698088
2026-06-30,27,6.696342
2026-06-30,28,6.694596
2026-06-30,29,6.69285
2026-06-30,30,6.691105
2026-06-30,31,6.689359
2026-06-30,32,6.687613
2026-06-30,33,6.685867
2026-06-30,34,6.684121
2026-06-30,35,6.682375
2026-06-30,36,6.680629
2026-06-30,37,6.678884
2026-06-30,38,6.677138
2026-06-30,39,6.675392
2026-06-30,40,6.673646
2026-06-30,41,6.6719
2026-06-30,42,6.670154
2026-06-30,43,6.668409
2026-06-30,44,6.666663
2026-06-30,45,6.664917
2026-06-30,46,6.663171
2026-06-30,47,6.661425
2026-06-30,48,6.659679
2026-06-30,49,6.657933
2026-06-30,50,6.656188
2026-06-30,51,6.654442
2026-06-30,52,6.652696
2026-06-30,53,6.65095
2026-06-30,54,6.649204
2026-06-30,55,6.647458
2026-06-30,56,6.645713
2026-06-30,57,6.643967
2026-06-30,58,6.642221
2026-06-30,59,6.640475
2026-06-30,60,6.638729
2026-06-30,61,6.636983
2026-06-30,62,6.635238
2026-06-30,63,6.633492
2026-06-30,64,6.631746
2026-06-30,65,6.63
2026-06-30,66,6.630659
2026-06-30,67,6.631319
2026-06-30,68,6.631978
2026-06-30,69,6.632637
2026-06-30,70,6.633297
2026-06-30,71,6.633956
2026-06-30,72,6.634615
2026-06-30,73,6.635275
2026-06-30,74,6.635934
2026-06-30,75,6.636593
2026-06-30,76,6.637253
2026-06-30,77,6.637912
2026-06-30,78,6.638571
2026-06-30,79,6.639231
2026-06-30,80,6.63989
2026-06-30,81,6.640549
2026-06-30,82,6.641209
2026-06-30,83,6.641868
2026-06-30,84,6.642527
2026-06-30,85,6.643187
2026-06-30,86,6.643846
2026-06-30,87,6.644505
2026-06-30,88,6.645165
2026-06-30,89,6.645824
2026-06-30,90,6.646484
2026-06-30,91,6.647143
2026-06-30,92,6.647802
2026-06-30,93,6.648462
2026-06-30,94,6.649121
2026-06-30,95,6.64978
2026-06-30,96,6.65044
2026-06-30,97,6.651099
2026-06-30,98,6.651758
2026-06-30,99,6.652418
2026-06-30,100,6.653077
2026-06-30,101,6.653736
2026-06-30,102,6.654396
2026-06-30,103,6.655055
2026-06-30,104,6.655714
2026-06-30,105,6.656374
2026-06-30,106,6.657033
2026-06-30,107,6.657692
2026-06-30,108,6.658352
2026-06-30,109,6.659011
2026-06-30,110,6.65967
2026-06-30,111,6.66033
2026-06-30,112,6.660989
2026-06-30,113,6.661648
2026-06-30,114,6.662308
2026-06-30,115,6.662967
2026-06-30,116,6.663626
2026-06-30,117,6.664286
2026-06-30,118,6.664945
2026-06-30,119,6.665604
2026-06-30,120,6.666264
2026-06-30,121,6.666923
2026-06-30,122,6.667582
2026-06-30,123,6.668242
2026-06-30,124,6.668901
2026-06-30,125,6.66956
2026-06-30,126,6.67022
2026-06-30,127,6.670879
2026-06-30,128,6.671538
2026-06-30,129,6.672198
2026-06-30,130,6.672857
2026-06-30,131,6.673516
2026-06-30,132,6.674176
2026-06-30,133,6.674835
2026-06-30,134,6.675495
2026-06-30,135,6.676154
2026-06-30,136,6.676813
2026-06-30,137,6.677473
2026-06-30,138,6.678132
2026-06-30,139,6.678791
2026-06-30,140,6.679451
2026-06-30,141,6.68011
2026-06-30,142,6.680769
2026-06-30,143,6.681429
2026-06-30,144,6.682088
2026-06-30,145,6.682747
2026-06-30,146,6.683407
2026-06-30,147,6.684066
2026-06-30,148,6.684725
2026-06-30,149,6.685385
2026-06-30,150,6.686044
2026-06-30,151,6.686703
2026-06-30,152,6.687363
2026-06-30,153,6.688022
2026-06-30,154,6.688681
2026-06-30,155,6.689341
2026-06-30,156,6.69
2026-06-30,157,6.690659
2026-06-30,158,6.691319
2026-06-30,159,6.691978
2026-06-30,160,6.692637
2026-06-30,161,6.693297
2026-06-30,162,6.693956
2026-06-30,163,6.694615
2026-06-30,164,6.695275
2026-06-30,165,6.695934
2026-06-30,166,6.696593
2026-06-30,167,6.697253
2026-06-30,168,6.697912
2026-06-30,169,6.698571
2026-06-30,170,6.699231
2026-06-30,171,6.69989
2026-06-30,172,6.700549
2026-06-30,173,6.701209
2026-06-30,174,6.701868
2026-06-30,175,6.702527
2026-06-30,176,6.703187
2026-06-30,177,6.703846
2026-06-30,178,6.704505
2026-06-30,179,6.705165
2026-06-30,180,6.705824
2026-06-30,181,6.706484
2026-06-30,182,6.707143
2026-06-30,183,6.707802
2026-06-30,184,6.708462
2026-06-30,185,6.709121
2026-06-30,186,6.70978
2026-06-30,187,6.71044
2026-06-30,188,6.711099
2026-06-30,189,6.711758
2026-06-30,190,6.712418
2026-06-30,191,6.713077
2026-06-30,192,6.713736
2026-06-30,193,6.714396
2026-06-30,194,6.715055
2026-06-30,195,6.715714
2026-06-30,196,6.716374
2026-06-30,197,6.717033
2026-06-30,198,6.717692
2026-06-30,199,6.718352
2026-06-30,200,6.719011
2026-06-30,201,6.71967
2026-06-30,202,6.72033
2026-06-30,203,6.720989
2026-06-30,204,6.721648
2026-06-30,205,6.722308
2026-06-30,206,6.722967
2026-06-30,207,6.723626
2026-06-30,208,6.724286
2026-06-30,209,6.724945
2026-06-30,210,6.725604
2026-06-30,211,6.726264
2026-06-30,212,6.726923
2026-06-30,213,6.727582
2026-06-30,214,6.728242
2026-06-30,215,6.728901
2026-06-30,216,6.72956
2026-06-30,217,6.73022
2026-06-30,218,6.730879
2026-06-30,219,6.731538
2026-06-30,220,6.732198
2026-06-30,221,6.732857
2026-06-30,222,6.733516
2026-06-30,223,6.734176
2026-06-30,224,6.734835
2026-06-30,225,6.735495
2026-06-30,226,6.736154
2026-06-30,227,6.736813
2026-06-30,228,6.737473
2026-06-30,229,6.738132
2026-06-30,230,6.738791
2026-06-30,231,6.739451
2026-06-30,232,6.74011
2026-06-30,233,6.740769
2026-06-30,234,6.741429
2026-06-30,235,6.742088
2026-06-30,236,6.742747
2026-06-30,237,6.743407
2026-06-30,238,6.744066
2026-06-30,239,6.744725
2026-06-30,240,6.745385
2026-06-30,241,6.746044
2026-06-30,242,6.746703
2026-06-30,243,6.747363
2026-06-30,244,6.748022
2026-06-30,245,6.748681
2026-06-30,246,6.749341
2026-06-30,247,6.75
2026-06-30,248,6.752637
2026-06-30,249,6.755275
2026-06-30,250,6.757912
2026-06-30,251,6.760549
2026-06-30,252,6.763187
2026-06-30,253,6.765824
2026-06-30,254,6.768462
2026-06-30,255,6.771099
2026-06-30,256,6.773736
2026-06-30,257,6.776374
2026-06-30,258,6.779011
2026-06-30,259,6.781648
2026-06-30,260,6.784286
2026-06-30,261,6.786923
2026-06-30,262,6.78956
2026-06-30,263,6.792198
2026-06-30,264,6.794835
2026-06-30,265,6.797473
2026-06-30,266,6.80011
2026-06-30,267,6.802747
2026-06-30,268,6.805385
2026-06-30,269,6.808022
2026-06-30,270,6.810659
2026-06-30,271,6.813297
2026-06-30,272,6.815934
2026-06-30,273,6.818571
2026-06-30,274,6.821209
2026-06-30,275,6.823846
2026-06-30,276,6.826484
2026-06-30,277,6.829121
2026-06-30,278,6.831758
2026-06-30,279,6.834396
2026-06-30,280,6.837033
2026-06-30,281,6.83967
2026-06-30,282,6.842308
2026-06-30,283,6.844945
2026-06-30,284,6.847582
2026-06-30,285,6.85022
2026-06-30,286,6.852857
2026-06-30,287,6.855495
2026-06-30,288,6.858132
2026-06-30,289,6.860769
2026-06-30,290,6.863407
2026-06-30,291,6.866044
2026-06-30,292,6.868681
2026-06-30,293,6.871319
2026-06-30,294,6.873956
2026-06-30,295,6.876593
2026-06-30,296,6.879231
2026-06-30,297,6.881868
2026-06-30,298,6.884505
2026-06-30,299,6.887143
2026-06-30,300,6.88978
2026-06-30,301,6.892418
2026-06-30,302,6.895055
2026-06-30,303,6.897692
2026-06-30,304,6.90033
2026-06-30,305,6.902967
2026-06-30,306,6.905604
2026-06-30,307,6.908242
2026-06-30,308,6.910879
2026-06-30,309,6.913516
2026-06-30,310,6.916154
2026-06-30,311,6.918791
2026-06-30,312,6.921429
2026-06-30,313,6.924066
2026-06-30,314,6.926703
2026-06-30,315,6.929341
2026-06-30,316,6.931978
2026-06-30,317,6.934615
2026-06-30,318,6.937253
2026-06-30,319,6.93989
2026-06-30,320,6.942527
2026-06-30,321,6.945165
2026-06-30,322,6.947802
2026-06-30,323,6.95044
2026-06-30,324,6.953077
2026-06-30,325,6.955714
2026-06-30,326,6.958352
2026-06-30,327,6.960989
2026-06-30,328,6.963626
2026-06-30,329,6.966264
2026-06-30,330,6.968901
2026-06-30,331,6.971538
2026-06-30,332,6.974176
2026-06-30,333,6.976813
2026-06-30,334,6.979451
2026-06-30,335,6.982088
2026-06-30,336,6.984725
2026-06-30,337,6.987363
2026-06-30,338,6.99
2026-06-30,339,6.991575
2026-06-30,340,6.99315
2026-06-30,341,6.994725
2026-06-30,342,6.9963
2026-06-30,343,6.997875
2026-06-30,344,6.999451
2026-06-30,345,7.001026
2026-06-30,346,7.002601
2026-06-30,347,7.004176
2026-06-30,348,7.005751
2026-06-30,349,7.007326
2026-06-30,350,7.008901
2026-06-30,351,7.010476
2026-06-30,352,7.012051
2026-06-30,353,7.013626
2026-06-30,354,7.015201
2026-06-30,355,7.016777
2026-06-30,356,7.018352
2026-06-30,357,7.019927
2026-06-30,358,7.021502
2026-06-30,359,7.023077
2026-06-30,360,7.024652
2026-06-30,361,7.026227
2026-06-30,362,7.027802
2026-06-30,363,7.029377
2026-06-30,364,7.030952
2026-06-30,365,7.032527
2026-06-30,366,7.034103
2026-06-30,367,7.035678
2026-06-30,368,7.037253
2026-06-30,369,7.038828
2026-06-30,370,7.040403
2026-06-30,371,7.041978
2026-06-30,372,7.043553
2026-06-30,373,7.045128
2026-06-30,374,7.046703
2026-06-30,375,7.048278
2026-06-30,376,7.049853
2026-06-30,377,7.051429
2026-06-30,378,7.053004
2026-06-30,379,7.054579
2026-06-30,380,7.056154
2026-06-30,381,7.057729
2026-06-30,382,7.059304
2026-06-30,383,7.060879
2026-06-30,384,7.062454
2026-06-30,385,7.064029
2026-06-30,386,7.065604
2026-06-30,387,7.067179
2026-06-30,388,7.068755
2026-06-30,389,7.07033
2026-06-30,390,7.071905
2026-06-30,391,7.07348
2026-06-30,392,7.075055
2026-06-30,393,7.07663
2026-06-30,394,7.078205
2026-06-30,395,7.07978
2026-06-30,396,7.081355
2026-06-30,397,7.08293
2026-06-30,398,7.084505
2026-06-30,399,7.086081
2026-06-30,400,7.087656
2026-06-30,401,7.089231
2026-06-30,402,7.090806
2026-06-30,403,7.092381
2026-06-30,404,7.093956
2026-06-30,405,7.095531
2026-06-30,406,7.097106
2026-06-30,407,7.098681
2026-06-30,408,7.100256
2026-06-30,409,7.101832
2026-06-30,410,7.103407
2026-06-30,411,7.104982
2026-06-30,412,7.106557
2026-06-30,413,7.108132
2026-06-30,414,7.109707
2026-06-30,415,7.111282
2026-06-30,416,7.112857
2026-06-30,417,7.114432
2026-06-30,418,7.116007
2026-06-30,419,7.117582
2026-06-30,420,7.119158
2026-06-30,421,7.120733
2026-06-30,422,7.122308
2026-06-30,423,7.123883
2026-06-30,424,7.125458
2026-06-30,425,7.127033
2026-06-30,426,7.128608
2026-06-30,427,7.130183
2026-06-30,428,7.131758
2026-06-30,429,7.133333
2026-06-30,430,7.134908
2026-06-30,431,7.136484
2026-06-30,432,7.138059
2026-06-30,433,7.139634
2026-06-30,434,7.141209
2026-06-30,435,7.142784
2026-06-30,436,7.144359
2026-06-30,437,7.145934
2026-06-30,438,7.147509
2026-06-30,439,7.149084
2026-06-30,440,7.150659
2026-06-30,441,7.152234
2026-06-30,442,7.15381
2026-06-30,443,7.155385
2026-06-30,444,7.15696
2026-06-30,445,7.158535
2026-06-30,446,7.16011
2026-06-30,447,7.161685
2026-06-30,448,7.16326
2026-06-30,449,7.164835
2026-06-30,450,7.16641
2026-06-30,451,7.167985
2026-06-30,452,7.16956
2026-06-30,453,7.171136
2026-06-30,454,7.172711
2026-06-30,455,7.174286
2026-06-30,456,7.175861
2026-06-30,457,7.177436
2026-06-30,458,7.179011
2026-06-30,459,7.180586
2026-06-30,460,7.182161
2026-06-30,461,7.183736
2026-06-30,462,7.185311
2026-06-30,463,7.186886
2026-06-30,464,7.188462
2026-06-30,465,7.190037
2026-06-30,466,7.191612
2026-06-30,467,7.193187
2026-06-30,468,7.194762
2026-06-30,469,7.196337
2026-06-30,470,7.197912
2026-06-30,471,7.199487
2026-06-30,472,7.201062
2026-06-30,473,7.202637
2026-06-30,474,7.204212
2026-06-30,475,7.205788
2026-06-30,476,7.207363
2026-06-30,477,7.208938
2026-06-30,478,7.210513
2026-06-30,479,7.212088
2026-06-30,480,7.213663
2026-06-30,481,7.215238
2026-06-30,482,7.216813
2026-06-30,483,7.218388
2026-06-30,484,7.219963
2026-06-30,485,7.221538
2026-06-30,486,7.223114
2026-06-30,487,7.224689
2026-06-30,488,7.226264
2026-06-30,489,7.227839
2026-06-30,490,7.229414
2026-06-30,491,7.230989
2026-06-30,492,7.232564
2026-06-30,493,7.234139
2026-06-30,494,7.235714
2026-06-30,495,7.237289
2026-06-30,496,7.238864
2026-06-30,497,7.24044
2026-06-30,498,7.242015
2026-06-30,499,7.24359
2026-06-30,500,7.245165
2026-06-30,501,7.24674
2026-06-30,502,7.248315
2026-06-30,503,7.24989
2026-06-30,504,7.251465
2026-06-30,505,7.25304
2026-06-30,506,7.254615
2026-06-30,507,7.25619
2026-06-30,508,7.257766
2026-06-30,509,7.259341
2026-06-30,510,7.260916
2026-06-30,511,7.262491
2026-06-30,512,7.264066
2026-06-30,513,7.265641
2026-06-30,514,7.267216
2026-06-30,515,7.268791
2026-06-30,516,7.270366
2026-06-30,517,7.271941
2026-06-30,518,7.273516
2026-06-30,519,7.275092
2026-06-30,520,7.276667
2026-06-30,521,7.278242
2026-06-30,522,7.279817
2026-06-30,523,7.281392
2026-06-30,524,7.282967
2026-06-30,525,7.284542
2026-06-30,526,7.286117
2026-06-30,527,7.287692
2026-06-30,528,7.289267
2026-06-30,529,7.290842
2026-06-30,530,7.292418
2026-06-30,531,7.293993
2026-06-30,532,7.295568
2026-06-30,533,7.297143
2026-06-30,534,7.298718
2026-06-30,535,7.300293
2026-06-30,536,7.301868
2026-06-30,537,7.303443
2026-06-30,538,7.305018
2026-06-30,539,7.306593
2026-06-30,540,7.308168
2026-06-30,541,7.309744
2026-06-30,542,7.311319
2026-06-30,543,7.312894
2026-06-30,544,7.314469
2026-06-30,545,7.316044
2026-06-30,546,7.317619
2026-06-30,547,7.319194
2026-06-30,548,7.320769
2026-06-30,549,7.322344
2026-06-30,550,7.323919
2026-06-30,551,7.325495
2026-06-30,552,7.32707
2026-06-30,553,7.328645
2026-06-30,554,7.33022
2026-06-30,555,7.331795
2026-06-30,556,7.33337
2026-06-30,557,7.334945
2026-06-30,558,7.33652
2026-06-30,559,7.338095
2026-06-30,560,7.33967
2026-06-30,561,7.341245
2026-06-30,562,7.342821
2026-06-30,563,7.344396
2026-06-30,564,7.345971
2026-06-30,565,7.347546
2026-06-30,566,7.349121
2026-06-30,567,7.350696
2026-06-30,568,7.352271
2026-06-30,569,7.353846
2026-06-30,570,7.355421
2026-06-30,571,7.356996
2026-06-30,572,7.358571
2026-06-30,573,7.360147
2026-06-30,574,7.361722
2026-06-30,575,7.363297
2026-06-30,576,7.364872
2026-06-30,577,7.366447
2026-06-30,578,7.368022
2026-06-30,579,7.369597
2026-06-30,580,7.371172
2026-06-30,581,7.372747
2026-06-30,582,7.374322
2026-06-30,583,7.375897
2026-06-30,584,7.377473
2026-06-30,585,7.379048
2026-06-30,586,7.380623
2026-06-30,587,7.382198
2026-06-30,588,7.383773
2026-06-30,589,7.385348
2026-06-30,590,7.386923
2026-06-30,591,7.388498
2026-06-30,592,7.390073
2026-06-30,593,7.391648
2026-06-30,594,7.393223
2026-06-30,595,7.394799
2026-06-30,596,7.396374
2026-06-30,597,7.397949
2026-06-30,598,7.399524
2026-06-30,599,7.401099
2026-06-30,600,7.402674
2026-06-30,601,7.404249
2026-06-30,602,7.405824
2026-06-30,603,7.407399
2026-06-30,604,7.408974
2026-06-30,605,7.410549
2026-06-30,606,7.412125
2026-06-30,607,7.4137
2026-06-30,608,7.415275
2026-06-30,609,7.41685
2026-06-30,610,7.418425
2026-06-30,611,7.42
2026-06-30,612,7.421236
2026-06-30,613,7.422473
2026-06-30,614,7.423709
2026-06-30,615,7.424945
2026-06-30,616,7.426181
2026-06-30,617,7.427418
2026-06-30,618,7.428654
2026-06-30,619,7.42989
2026-06-30,620,7.431126
2026-06-30,621,7.432363
2026-06-30,622,7.433599
2026-06-30,623,7.434835
2026-06-30,624,7.436071
2026-06-30,625,7.437308
2026-06-30,626,7.438544
2026-06-30,627,7.43978
2026-06-30,628,7.441016
2026-06-30,629,7.442253
2026-06-30,630,7.443489
2026-06-30,631,7.444725
2026-06-30,632,7.445962
2026-06-30,633,7.447198
2026-06-30,634,7.448434
2026-06-30,635,7.44967
2026-06-30,636,7.450907
2026-06-30,637,7.452143
2026-06-30,638,7.453379
2026-06-30,639,7.454615
2026-06-30,640,7.455852
2026-06-30,641,7.457088
2026-06-30,642,7.458324
2026-06-30,643,7.45956
2026-06-30,644,7.460797
2026-06-30,645,7.462033
2026-06-30,646,7.463269
2026-06-30,647,7.464505
2026-06-30,648,7.465742
2026-06-30,649,7.466978
2026-06-30,650,7.468214
2026-06-30,651,7.469451
2026-06-30,652,7.470687
2026-06-30,653,7.471923
2026-06-30,654,7.473159
2026-06-30,655,7.474396
2026-06-30,656,7.475632
2026-06-30,657,7.476868
2026-06-30,658,7.478104
2026-06-30,659,7.479341
2026-06-30,660,7.480577
2026-06-30,661,7.481813
2026-06-30,662,7.483049
2026-06-30,663,7.484286
2026-06-30,664,7.485522
2026-06-30,665,7.486758
2026-06-30,666,7.487995
2026-06-30,667,7.489231
2026-06-30,668,7.490467
2026-06-30,669,7.491703
2026-06-30,670,7.49294
2026-06-30,671,7.494176
2026-06-30,672,7.495412
2026-06-30,673,7.496648
2026-06-30,674,7.497885
2026-06-30,675,7.499121
2026-06-30,676,7.500357
2026-06-30,677,7.501593
2026-06-30,678,7.50283
2026-06-30,679,7.504066
2026-06-30,680,7.505302
2026-06-30,681,7.506538
2026-06-30,682,7.507775
2026-06-30,683,7.509011
2026-06-30,684,7.510247
2026-06-30,685,7.511484
2026-06-30,686,7.51272
2026-06-30,687,7.513956
2026-06-30,688,7.515192
2026-06-30,689,7.516429
2026-06-30,690,7.517665
2026-06-30,691,7.518901
2026-06-30,692,7.520137
2026-06-30,693,7.521374
2026-06-30,694,7.52261
2026-06-30,695,7.523846
2026-06-30,696,7.525082
2026-06-30,697,7.526319
2026-06-30,698,7.527555
2026-06-30,699,7.528791
2026-06-30,700,7.530027
2026-06-30,701,7.531264
2026-06-30,702,7.5325
2026-06-30,703,7.533736
2026-06-30,704,7.534973
2026-06-30,705,7.536209
2026-06-30,706,7.537445
2026-06-30,707,7.538681
2026-06-30,708,7.539918
2026-06-30,709,7.541154
2026-06-30,710,7.54239
2026-06-30,711,7.543626
2026-06-30,712,7.544863
2026-06-30,713,7.546099
2026-06-30,714,7.547335
2026-06-30,715,7.548571
2026-06-30,716,7.549808
2026-06-30,717,7.551044
2026-06-30,718,7.55228
2026-06-30,719,7.553516
2026-06-30,720,7.554753
2026-06-30,721,7.555989
2026-06-30,722,7.557225
2026-06-30,723,7.558462
2026-06-30,724,7.559698
2026-06-30,725,7.560934
2026-06-30,726,7.56217
2026-06-30,727,7.563407
2026-06-30,728,7.564643
2026-06-30,729,7.565879
2026-06-30,730,7.567115
2026-06-30,731,7.568352
2026-06-30,732,7.569588
2026-06-30,733,7.570824
2026-06-30,734,7.57206
2026-06-30,735,7.573297
2026-06-30,736,7.574533
2026-06-30,737,7.575769
2026-06-30,738,7.577005
2026-06-30,739,7.578242
2026-06-30,740,7.579478
2026-06-30,741,7.580714
2026-06-30,742,7.581951
2026-06-30,743,7.583187
2026-06-30,744,7.584423
2026-06-30,745,7.585659
2026-06-30,746,7.586896
2026-06-30,747,7.588132
2026-06-30,748,7.589368
2026-06-30,749,7.590604
2026-06-30,750,7.591841
2026-06-30,751,7.593077
2026-06-30,752,7.594313
2026-06-30,753,7.595549
2026-06-30,754,7.596786
2026-06-30,755,7.598022
2026-06-30,756,7.599258
2026-06-30,757,7.600495
2026-06-30,758,7.601731
2026-06-30,759,7.602967
2026-06-30,760,7.604203
2026-06-30,761,7.60544
2026-06-30,762,7.606676
2026-06-30,763,7.607912
2026-06-30,764,7.609148
2026-06-30,765,7.610385
2026-06-30,766,7.611621
2026-06-30,767,7.612857
2026-06-30,768,7.614093
2026-06-30,769,7.61533
2026-06-30,770,7.616566
2026-06-30,771,7.617802
2026-06-30,772,7.619038
2026-06-30,773,7.620275
2026-06-30,774,7.621511
2026-06-30,775,7.622747
2026-06-30,776,7.623984
2026-06-30,777,7.62522
2026-06-30,778,7.626456
2026-06-30,779,7.627692
2026-06-30,780,7.628929
2026-06-30,781,7.630165
2026-06-30,782,7.631401
2026-06-30,783,7.632637
2026-06-30,784,7.633874
2026-06-30,785,7.63511
2026-06-30,786,7.636346
2026-06-30,787,7.637582
2026-06-30,788,7.638819
2026-06-30,789,7.640055
2026-06-30,790,7.641291
2026-06-30,791,7.642527
2026-06-30,792,7.643764
2026-06-30,793,7.645
2026-06-30,794,7.646236
2026-06-30,795,7.647473
2026-06-30,796,7.648709
2026-06-30,797,7.649945
2026-06-30,798,7.651181
2026-06-30,799,7.652418
2026-06-30,800,7.653654
2026-06-30,801,7.65489
2026-06-30,802,7.656126
2026-06-30,803,7.657363
2026-06-30,804,7.658599
2026-06-30,805,7.659835
2026-06-30,806,7.661071
2026-06-30,807,7.662308
2026-06-30,808,7.663544
2026-06-30,809,7.66478
2026-06-30,810,7.666016
2026-06-30,811,7.667253
2026-06-30,812,7.668489
2026-06-30,813,7.669725
2026-06-30,814,7.670962
2026-06-30,815,7.672198
2026-06-30,816,7.673434
2026-06-30,817,7.67467
2026-06-30,818,7.675907
2026-06-30,819,7.677143
2026-06-30,820,7.678379
2026-06-30,821,7.679615
2026-06-30,822,7.680852
2026-06-30,823,7.682088
2026-06-30,824,7.683324
2026-06-30,825,7.68456
2026-06-30,826,7.685797
2026-06-30,827,7.687033
2026-06-30,828,7.688269
2026-06-30,829,7.689505
2026-06-30,830,7.690742
2026-06-30,831,7.691978
2026-06-30,832,7.693214
2026-06-30,833,7.694451
2026-06-30,834,7.695687
2026-06-30,835,7.696923
2026-06-30,836,7.698159
2026-06-30,837,7.699396
2026-06-30,838,7.700632
2026-06-30,839,7.701868
2026-06-30,840,7.703104
2026-06-30,841,7.704341
2026-06-30,842,7.705577
2026-06-30,843,7.706813
2026-06-30,844,7.708049
2026-06-30,845,7.709286
2026-06-30,846,7.710522
2026-06-30,847,7.711758
2026-06-30,848,7.712995
2026-06-30,849,7.714231
2026-06-30,850,7.715467
2026-06-30,851,7.716703
2026-06-30,852,7.71794
2026-06-30,853,7.719176
2026-06-30,854,7.720412
2026-06-30,855,7.721648
2026-06-30,856,7.722885
2026-06-30,857,7.724121
2026-06-30,858,7.725357
2026-06-30,859,7.726593
2026-06-30,860,7.72783
2026-06-30,861,7.729066
2026-06-30,862,7.730302
2026-06-30,863,7.731538
2026-06-30,864,7.732775
2026-06-30,865,7.734011
2026-06-30,866,7.735247
2026-06-30,867,7.736484
2026-06-30,868,7.73772
2026-06-30,869,7.738956
2026-06-30,870,7.740192
2026-06-30,871,7.741429
2026-06-30,872,7.742665
2026-06-30,873,7.743901
2026-06-30,874,7.745137
2026-06-30,875,7.746374
2026-06-30,876,7.74761
2026-06-30,877,7.748846
2026-06-30,878,7.750082
2026-06-30,879,7.751319
2026-06-30,880,7.752555
2026-06-30,881,7.753791
2026-06-30,882,7.755027
2026-06-30,883,7.756264
2026-06-30,884,7.7575
2026-06-30,885,7.758736
2026-06-30,886,7.759973
2026-06-30,887,7.761209
2026-06-30,888,7.762445
2026-06-30,889,7.763681
2026-06-30,890,7.764918
2026-06-30,891,7.766154
2026-06-30,892,7.76739
2026-06-30,893,7.768626
2026-06-30,894,7.769863
2026-06-30,895,7.771099
2026-06-30,896,7.772335
2026-06-30,897,7.773571
2026-06-30,898,7.774808
2026-06-30,899,7.776044
2026-06-30,900,7.77728
2026-06-30,901,7.778516
2026-06-30,902,7.779753
2026-06-30,903,7.780989
2026-06-30,904,7.782225
2026-06-30,905,7.783462
2026-06-30,906,7.784698
2026-06-30,907,7.785934
2026-06-30,908,7.78717
2026-06-30,909,7.788407
2026-06-30,910,7.789643
2026-06-30,911,7.790879
2026-06-30,912,7.792115
2026-06-30,913,7.793352
2026-06-30,914,7.794588
2026-06-30,915,7.795824
2026-06-30,916,7.79706
2026-06-30,917,7.798297
2026-06-30,918,7.799533
2026-06-30,919,7.800769
2026-06-30,920,7.802005
2026-06-30,921,7.803242
2026-06-30,922,7.804478
2026-06-30,923,7.805714
2026-06-30,924,7.806951
2026-06-30,925,7.808187
2026-06-30,926,7.809423
2026-06-30,927,7.810659
2026-06-30,928,7.811896
2026-06-30,929,7.813132
2026-06-30,930,7.814368
2026-06-30,931,7.815604
2026-06-30,932,7.816841
2026-06-30,933,7.818077
2026-06-30,934,7.819313
2026-06-30,935,7.820549
2026-06-30,936,7.821786
2026-06-30,937,7.823022
2026-06-30,938,7.824258
2026-06-30,939,7.825495
2026-06-30,940,7.826731
2026-06-30,941,7.827967
2026-06-30,942,7.829203
2026-06-30,943,7.83044
2026-06-30,944,7.831676
2026-06-30,945,7.832912
2026-06-30,946,7.834148
2026-06-30,947,7.835385
2026-06-30,948,7.836621
2026-06-30,949,7.837857
2026-06-30,950,7.839093
2026-06-30,951,7.84033
2026-06-30,952,7.841566
2026-06-30,953,7.842802
2026-06-30,954,7.844038
2026-06-30,955,7.845275
2026-06-30,956,7.846511
2026-06-30,957,7.847747
2026-06-30,958,7.848984
2026-06-30,959,7.85022
2026-06-30,960,7.851456
2026-06-30,961,7.852692
2026-06-30,962,7.853929
2026-06-30,963,7.855165
2026-06-30,964,7.856401
2026-06-30,965,7.857637
2026-06-30,966,7.858874
2026-06-30,967,7.86011
2026-06-30,968,7.861346
2026-06-30,969,7.862582
2026-06-30,970,7.863819
2026-06-30,971,7.865055
2026-06-30,972,7.866291
2026-06-30,973,7.867527
2026-06-30,974,7.868764
2026-06-30,975,7.87
2026-06-30,976,7.870879
2026-06-30,977,7.871758
2026-06-30,978,7.872637
2026-06-30,979,7.873516
2026-06-30,980,7.874396
2026-06-30,981,7.875275
2026-06-30,982,7.876154
2026-06-30,983,7.877033
2026-06-30,984,7.877912
2026-06-30,985,7.878791
2026-06-30,986,7.87967
2026-06-30,987,7.880549
2026-06-30,988,7.881429
2026-06-30,989,7.882308
2026-06-30,990,7.883187
2026-06-30,991,7.884066
2026-06-30,992,7.884945
2026-06-30,993,7.885824
2026-06-30,994,7.886703
2026-06-30,995,7.887582
2026-06-30,996,7.888462
2026-06-30,997,7.889341
2026-06-30,998,7.89022
2026-06-30,999,7.891099
2026-06-30,1000,7.891978
2026-06-30,1001,7.892857
2026-06-30,1002,7.893736
2026-06-30,1003,7.894615
2026-06-30,1004,7.895495
2026-06-30,1005,7.896374
2026-06-30,1006,7.897253
2026-06-30,1007,7.898132
2026-06-30,1008,7.899011
2026-06-30,1009,7.89989
2026-06-30,1010,7.900769
2026-06-30,1011,7.901648
2026-06-30,1012,7.902527
2026-06-30,1013,7.903407
2026-06-30,1014,7.904286
2026-06-30,1015,7.905165
2026-06-30,1016,7.906044
2026-06-30,1017,7.906923
2026-06-30,1018,7.907802
2026-06-30,1019,7.908681
2026-06-30,1020,7.90956
2026-06-30,1021,7.91044
2026-06-30,1022,7.911319
2026-06-30,1023,7.912198
2026-06-30,1024,7.913077
2026-06-30,1025,7.913956
2026-06-30,1026,7.914835
2026-06-30,1027,7.915714
2026-06-30,1028,7.916593
2026-06-30,1029,7.917473
2026-06-30,1030,7.918352
2026-06-30,1031,7.919231
2026-06-30,1032,7.92011
2026-06-30,1033,7.920989
2026-06-30,1034,7.921868
2026-06-30,1035,7.922747
2026-06-30,1036,7.923626
2026-06-30,1037,7.924505
2026-06-30,1038,7.925385
2026-06-30,1039,7.926264
2026-06-30,1040,7.927143
2026-06-30,1041,7.928022
2026-06-30,1042,7.928901
2026-06-30,1043,7.92978
2026-06-30,1044,7.930659
2026-06-30,1045,7.931538
2026-06-30,1046,7.932418
2026-06-30,1047,7.933297
2026-06-30,1048,7.934176
2026-06-30,1049,7.935055
2026-06-30,1050,7.935934
2026-06-30,1051,7.936813
2026-06-30,1052,7.937692
2026-06-30,1053,7.938571
2026-06-30,1054,7.939451
2026-06-30,1055,7.94033
2026-06-30,1056,7.941209
2026-06-30,1057,7.942088
2026-06-30,1058,7.942967
2026-06-30,1059,7.943846
2026-06-30,1060,7.944725
2026-06-30,1061,7.945604
2026-06-30,1062,7.946484
2026-06-30,1063,7.947363
2026-06-30,1064,7.948242
2026-06-30,1065,7.949121
2026-06-30,1066,7.95
2026-06-30,1067,7.951062
2026-06-30,1068,7.952125
2026-06-30,1069,7.953187
2026-06-30,1070,7.954249
2026-06-30,1071,7.955311
2026-06-30,1072,7.956374
2026-06-30,1073,7.957436
2026-06-30,1074,7.958498
2026-06-30,1075,7.95956
2026-06-30,1076,7.960623
2026-06-30,1077,7.961685
2026-06-30,1078,7.962747
2026-06-30,1079,7.96381
2026-06-30,1080,7.964872
2026-06-30,1081,7.965934
2026-06-30,1082,7.966996
2026-06-30,1083,7.968059
2026-06-30,1084,7.969121
2026-06-30,1085,7.970183
2026-06-30,1086,7.971245
2026-06-30,1087,7.972308
2026-06-30,1088,7.97337
2026-06-30,1089,7.974432
2026-06-30,1090,7.975495
2026-06-30,1091,7.976557
2026-06-30,1092,7.977619
2026-06-30,1093,7.978681
2026-06-30,1094,7.979744
2026-06-30,1095,7.980806
2026-06-30,1096,7.981868
2026-06-30,1097,7.98293
2026-06-30,1098,7.983993
2026-06-30,1099,7.985055
2026-06-30,1100,7.986117
2026-06-30,1101,7.987179
2026-06-30,1102,7.988242
2026-06-30,1103,7.989304
2026-06-30,1104,7.990366
2026-06-30,1105,7.991429
2026-06-30,1106,7.992491
2026-06-30,1107,7.993553
2026-06-30,1108,7.994615
2026-06-30,1109,7.995678
2026-06-30,1110,7.99674
2026-06-30,1111,7.997802
2026-06-30,1112,7.998864
2026-06-30,1113,7.999927
2026-06-30,1114,8.000989
2026-06-30,1115,8.002051
2026-06-30,1116,8.003114
2026-06-30,1117,8.004176
2026-06-30,1118,8.005238
2026-06-30,1119,8.0063
2026-06-30,1120,8.007363
2026-06-30,1121,8.008425
2026-06-30,1122,8.009487
2026-06-30,1123,8.010549
2026-06-30,1124,8.011612
2026-06-30,1125,8.012674
2026-06-30,1126,8.013736
2026-06-30,1127,8.014799
2026-06-30,1128,8.015861
2026-06-30,1129,8.016923
2026-06-30,1130,8.017985
2026-06-30,1131,8.019048
2026-06-30,1132,8.02011
2026-06-30,1133,8.021172
2026-06-30,1134,8.022234
2026-06-30,1135,8.023297
2026-06-30,1136,8.024359
2026-06-30,1137,8.025421
2026-06-30,1138,8.026484
2026-06-30,1139,8.027546
2026-06-30,1140,8.028608
2026-06-30,1141,8.02967
2026-06-30,1142,8.030733
2026-06-30,1143,8.031795
2026-06-30,1144,8.032857
2026-06-30,1145,8.033919
2026-06-30,1146,8.034982
2026-06-30,1147,8.036044
2026-06-30,1148,8.037106
2026-06-30,1149,8.038168
2026-06-30,1150,8.039231
2026-06-30,1151,8.040293
2026-06-30,1152,8.041355
2026-06-30,1153,8.042418
2026-06-30,1154,8.04348
2026-06-30,1155,8.044542
2026-06-30,1156,8.045604
2026-06-30,1157,8.046667
2026-06-30,1158,8.047729
2026-06-30,1159,8.048791
2026-06-30,1160,8.049853
2026-06-30,1161,8.050916
2026-06-30,1162,8.051978
2026-06-30,1163,8.05304
2026-06-30,1164,8.054103
2026-06-30,1165,8.055165
2026-06-30,1166,8.056227
2026-06-30,1167,8.057289
2026-06-30,1168,8.058352
2026-06-30,1169,8.059414
2026-06-30,1170,8.060476
2026-06-30,1171,8.061538
2026-06-30,1172,8.062601
2026-06-30,1173,8.063663
2026-06-30,1174,8.064725
2026-06-30,1175,8.065788
2026-06-30,1176,8.06685
2026-06-30,1177,8.067912
2026-06-30,1178,8.068974
2026-06-30,1179,8.070037
2026-06-30,1180,8.071099
2026-06-30,1181,8.072161
2026-06-30,1182,8.073223
2026-06-30,1183,8.074286
2026-06-30,1184,8.075348
2026-06-30,1185,8.07641
2026-06-30,1186,8.077473
2026-06-30,1187,8.078535
2026-06-30,1188,8.079597
2026-06-30,1189,8.080659
2026-06-30,1190,8.081722
2026-06-30,1191,8.082784
2026-06-30,1192,8.083846
2026-06-30,1193,8.084908
2026-06-30,1194,8.085971
2026-06-30,1195,8.087033
2026-06-30,1196,8.088095
2026-06-30,1197,8.089158
2026-06-30,1198,8.09022
2026-06-30,1199,8.091282
2026-06-30,1200,8.092344
2026-06-30,1201,8.093407
2026-06-30,1202,8.094469
2026-06-30,1203,8.095531
2026-06-30,1204,8.096593
2026-06-30,1205,8.097656
2026-06-30,1206,8.098718
2026-06-30,1207,8.09978
2026-06-30,1208,8.100842
2026-06-30,1209,8.101905
2026-06-30,1210,8.102967
2026-06-30,1211,8.104029
2026-06-30,1212,8.105092
2026-06-30,1213,8.106154
2026-06-30,1214,8.107216
2026-06-30,1215,8.108278
2026-06-30,1216,8.109341
2026-06-30,1217,8.110403
2026-06-30,1218,8.111465
2026-06-30,1219,8.112527
2026-06-30,1220,8.11359
2026-06-30,1221,8.114652
2026-06-30,1222,8.115714
2026-06-30,1223,8.116777
2026-06-30,1224,8.117839
2026-06-30,1225,8.118901
2026-06-30,1226,8.119963
2026-06-30,1227,8.121026
2026-06-30,1228,8.122088
2026-06-30,1229,8.12315
2026-06-30,1230,8.124212
2026-06-30,1231,8.125275
2026-06-30,1232,8.126337
2026-06-30,1233,8.127399
2026-06-30,1234,8.128462
2026-06-30,1235,8.129524
2026-06-30,1236,8.130586
2026-06-30,1237,8.131648
2026-06-30,1238,8.132711
2026-06-30,1239,8.133773
2026-06-30,1240,8.134835
2026-06-30,1241,8.135897
2026-06-30,1242,8.13696
2026-06-30,1243,8.138022
2026-06-30,1244,8.139084
2026-06-30,1245,8.140147
2026-06-30,1246,8.141209
2026-06-30,1247,8.142271
2026-06-30,1248,8.143333
2026-06-30,1249,8.144396
2026-06-30,1250,8.145458
2026-06-30,1251,8.14652
2026-06-30,1252,8.147582
2026-06-30,1253,8.148645
2026-06-30,1254,8.149707
2026-06-30,1255,8.150769
2026-06-30,1256,8.151832
2026-06-30,1257,8.152894
2026-06-30,1258,8.153956
2026-06-30,1259,8.155018
2026-06-30,1260,8.156081
2026-06-30,1261,8.157143
2026-06-30,1262,8.158205
2026-06-30,1263,8.159267
2026-06-30,1264,8.16033
2026-06-30,1265,8.161392
2026-06-30,1266,8.162454
2026-06-30,1267,8.163516
2026-06-30,1268,8.164579
2026-06-30,1269,8.165641
2026-06-30,1270,8.166703
2026-06-30,1271,8.167766
2026-06-30,1272,8.168828
2026-06-30,1273,8.16989
2026-06-30,1274,8.170952
2026-06-30,1275,8.172015
2026-06-30,1276,8.173077
2026-06-30,1277,8.174139
2026-06-30,1278,8.175201
2026-06-30,1279,8.176264
2026-06-30,1280,8.177326
2026-06-30,1281,8.178388
2026-06-30,1282,8.179451
2026-06-30,1283,8.180513
2026-06-30,1284,8.181575
2026-06-30,1285,8.182637
2026-06-30,1286,8.1837
2026-06-30,1287,8.184762
2026-06-30,1288,8.185824
2026-06-30,1289,8.186886
2026-06-30,1290,8.187949
2026-06-30,1291,8.189011
2026-06-30,1292,8.190073
2026-06-30,1293,8.191136
2026-06-30,1294,8.192198
2026-06-30,1295,8.19326
2026-06-30,1296,8.194322
2026-06-30,1297,8.195385
2026-06-30,1298,8.196447
2026-06-30,1299,8.197509
2026-06-30,1300,8.198571
2026-06-30,1301,8.199634
2026-06-30,1302,8.200696
2026-06-30,1303,8.201758
2026-06-30,1304,8.202821
2026-06-30,1305,8.203883
2026-06-30,1306,8.204945
2026-06-30,1307,8.206007
2026-06-30,1308,8.20707
2026-06-30,1309,8.208132
2026-06-30,1310,8.209194
2026-06-30,1311,8.210256
2026-06-30,1312,8.211319
2026-06-30,1313,8.212381
2026-06-30,1314,8.213443
2026-06-30,1315,8.214505
2026-06-30,1316,8.215568
2026-06-30,1317,8.21663
2026-06-30,1318,8.217692
2026-06-30,1319,8.218755
2026-06-30,1320,8.219817
2026-06-30,1321,8.220879
2026-06-30,1322,8.221941
2026-06-30,1323,8.223004
2026-06-30,1324,8.224066
2026-06-30,1325,8.225128
2026-06-30,1326,8.22619
2026-06-30,1327,8.227253
2026-06-30,1328,8.228315
2026-06-30,1329,8.229377
2026-06-30,1330,8.23044
2026-06-30,1331,8.231502
2026-06-30,1332,8.232564
2026-06-30,1333,8.233626
2026-06-30,1334,8.234689
2026-06-30,1335,8.235751
2026-06-30,1336,8.236813
2026-06-30,1337,8.237875
2026-06-30,1338,8.238938
2026-06-30,1339,8.24
2026-06-30,1340,8.240418
2026-06-30,1341,8.240835
2026-06-30,1342,8.241253
2026-06-30,1343,8.24167
2026-06-30,1344,8.242088
2026-06-30,1345,8.242505
2026-06-30,1346,8.242923
2026-06-30,1347,8.243341
2026-06-30,1348,8.243758
2026-06-30,1349,8.244176
2026-06-30,1350,8.244593
2026-06-30,1351,8.245011
2026-06-30,1352,8.245429
2026-06-30,1353,8.245846
2026-06-30,1354,8.246264
2026-06-30,1355,8.246681
2026-06-30,1356,8.247099
2026-06-30,1357,8.247516
2026-06-30,1358,8.247934
2026-06-30,1359,8.248352
2026-06-30,1360,8.248769
2026-06-30,1361,8.249187
2026-06-30,1362,8.249604
2026-06-30,1363,8.250022
2026-06-30,1364,8.25044
2026-06-30,1365,8.250857
2026-06-30,1366,8.251275
2026-06-30,1367,8.251692
2026-06-30,1368,8.25211
2026-06-30,1369,8.252527
2026-06-30,1370,8.252945
2026-06-30,1371,8.253363
2026-06-30,1372,8.25378
2026-06-30,1373,8.254198
2026-06-30,1374,8.254615
2026-06-30,1375,8.255033
2026-06-30,1376,8.255451
2026-06-30,1377,8.255868
2026-06-30,1378,8.256286
2026-06-30,1379,8.256703
2026-06-30,1380,8.257121
2026-06-30,1381,8.257538
2026-06-30,1382,8.257956
2026-06-30,1383,8.258374
2026-06-30,1384,8.258791
2026-06-30,1385,8.259209
2026-06-30,1386,8.259626
2026-06-30,1387,8.260044
2026-06-30,1388,8.260462
2026-06-30,1389,8.260879
2026-06-30,1390,8.261297
2026-06-30,1391,8.261714
2026-06-30,1392,8.262132
2026-06-30,1393,8.262549
2026-06-30,1394,8.262967
2026-06-30,1395,8.263385
2026-06-30,1396,8.263802
2026-06-30,1397,8.26422
2026-06-30,1398,8.264637
2026-06-30,1399,8.265055
2026-06-30,1400,8.265473
2026-06-30,1401,8.26589
2026-06-30,1402,8.266308
2026-06-30,1403,8.266725
2026-06-30,1404,8.267143
2026-06-30,1405,8.26756
2026-06-30,1406,8.267978
2026-06-30,1407,8.268396
2026-06-30,1408,8.268813
2026-06-30,1409,8.269231
2026-06-30,1410,8.269648
2026-06-30,1411,8.270066
2026-06-30,1412,8.270484
2026-06-30,1413,8.270901
2026-06-30,1414,8.271319
2026-06-30,1415,8.271736
2026-06-30,1416,8.272154
2026-06-30,1417,8.272571
2026-06-30,1418,8.272989
2026-06-30,1419,8.273407
2026-06-30,1420,8.273824
2026-06-30,1421,8.274242
2026-06-30,1422,8.274659
2026-06-30,1423,8.275077
2026-06-30,1424,8.275495
2026-06-30,1425,8.275912
2026-06-30,1426,8.27633
2026-06-30,1427,8.276747
2026-06-30,1428,8.277165
2026-06-30,1429,8.277582
2026-06-30,1430,8.278
2026-06-30,1431,8.278418
2026-06-30,1432,8.278835
2026-06-30,1433,8.279253
2026-06-30,1434,8.27967
2026-06-30,1435,8.280088
2026-06-30,1436,8.280505
2026-06-30,1437,8.280923
2026-06-30,1438,8.281341
2026-06-30,1439,8.281758
2026-06-30,1440,8.282176
2026-06-30,1441,8.282593
2026-06-30,1442,8.283011
2026-06-30,1443,8.283429
2026-06-30,1444,8.283846
2026-06-30,1445,8.284264
2026-06-30,1446,8.284681
2026-06-30,1447,8.285099
2026-06-30,1448,8.285516
2026-06-30,1449,8.285934
2026-06-30,1450,8.286352
2026-06-30,1451,8.286769
2026-06-30,1452,8.287187
2026-06-30,1453,8.287604
2026-06-30,1454,8.288022
2026-06-30,1455,8.28844
2026-06-30,1456,8.288857
2026-06-30,1457,8.289275
2026-06-30,1458,8.289692
2026-06-30,1459,8.29011
2026-06-30,1460,8.290527
2026-06-30,1461,8.290945
2026-06-30,1462,8.291363
2026-06-30,1463,8.29178
2026-06-30,1464,8.292198
2026-06-30,1465,8.292615
2026-06-30,1466,8.293033
2026-06-30,1467,8.293451
2026-06-30,1468,8.293868
2026-06-30,1469,8.294286
2026-06-30,1470,8.294703
2026-06-30,1471,8.295121
2026-06-30,1472,8.295538
2026-06-30,1473,8.295956
2026-06-30,1474,8.296374
2026-06-30,1475,8.296791
2026-06-30,1476,8.297209
2026-06-30,1477,8.297626
2026-06-30,1478,8.298044
2026-06-30,1479,8.298462
2026-06-30,1480,8.298879
2026-06-30,1481,8.299297
2026-06-30,1482,8.299714
2026-06-30,1483,8.300132
2026-06-30,1484,8.300549
2026-06-30,1485,8.300967
2026-06-30,1486,8.301385
2026-06-30,1487,8.301802
2026-06-30,1488,8.30222
2026-06-30,1489,8.302637
2026-06-30,1490,8.303055
2026-06-30,1491,8.303473
2026-06-30,1492,8.30389
2026-06-30,1493,8.304308
2026-06-30,1494,8.304725
2026-06-30,1495,8.305143
2026-06-30,1496,8.30556
2026-06-30,1497,8.305978
2026-06-30,1498,8.306396
2026-06-30,1499,8.306813
2026-06-30,1500,8.307231
2026-06-30,1501,8.307648
2026-06-30,1502,8.308066
2026-06-30,1503,8.308484
2026-06-30,1504,8.308901
2026-06-30,1505,8.309319
2026-06-30,1506,8.309736
2026-06-30,1507,8.310154
2026-06-30,1508,8.310571
2026-06-30,1509,8.310989
2026-06-30,1510,8.311407
2026-06-30,1511,8.311824
2026-06-30,1512,8.312242
2026-06-30,1513,8.312659
2026-06-30,1514,8.313077
2026-06-30,1515,8.313495
2026-06-30,1516,8.313912
2026-06-30,1517,8.31433
2026-06-30,1518,8.314747
2026-06-30,1519,8.315165
2026-06-30,1520,8.315582
2026-06-30,1521,8.316
2026-06-30,1522,8.316418
2026-06-30,1523,8.316835
2026-06-30,1524,8.317253
2026-06-30,1525,8.31767
2026-06-30,1526,8.318088
2026-06-30,1527,8.318505
2026-06-30,1528,8.318923
2026-06-30,1529,8.319341
2026-06-30,1530,8.319758
2026-06-30,1531,8.320176
2026-06-30,1532,8.320593
2026-06-30,1533,8.321011
2026-06-30,1534,8.321429
2026-06-30,1535,8.321846
2026-06-30,1536,8.322264
2026-06-30,1537,8.322681
2026-06-30,1538,8.323099
2026-06-30,1539,8.323516
2026-06-30,1540,8.323934
2026-06-30,1541,8.324352
2026-06-30,1542,8.324769
2026-06-30,1543,8.325187
2026-06-30,1544,8.325604
2026-06-30,1545,8.326022
2026-06-30,1546,8.32644
2026-06-30,1547,8.326857
2026-06-30,1548,8.327275
2026-06-30,1549,8.327692
2026-06-30,1550,8.32811
2026-06-30,1551,8.328527
2026-06-30,1552,8.328945
2026-06-30,1553,8.329363
2026-06-30,1554,8.32978
2026-06-30,1555,8.330198
2026-06-30,1556,8.330615
2026-06-30,1557,8.331033
2026-06-30,1558,8.331451
2026-06-30,1559,8.331868
2026-06-30,1560,8.332286
2026-06-30,1561,8.332703
2026-06-30,1562,8.333121
2026-06-30,1563,8.333538
2026-06-30,1564,8.333956
2026-06-30,1565,8.334374
2026-06-30,1566,8.334791
2026-06-30,1567,8.335209
2026-06-30,1568,8.335626
2026-06-30,1569,8.336044
2026-06-30,1570,8.336462
2026-06-30,1571,8.336879
2026-06-30,1572,8.337297
2026-06-30,1573,8.337714
2026-06-30,1574,8.338132
2026-06-30,1575,8.338549
2026-06-30,1576,8.338967
2026-06-30,1577,8.339385
2026-06-30,1578,8.339802
2026-06-30,1579,8.34022
2026-06-30,1580,8.340637
2026-06-30,1581,8.341055
2026-06-30,1582,8.341473
2026-06-30,1583,8.34189
2026-06-30,1584,8.342308
2026-06-30,1585,8.342725
2026-06-30,1586,8.343143
2026-06-30,1587,8.34356
2026-06-30,1588,8.343978
2026-06-30,1589,8.344396
2026-06-30,1590,8.344813
2026-06-30,1591,8.345231
2026-06-30,1592,8.345648
2026-06-30,1593,8.346066
2026-06-30,1594,8.346484
2026-06-30,1595,8.346901
2026-06-30,1596,8.347319
2026-06-30,1597,8.347736
2026-06-30,1598,8.348154
2026-06-30,1599,8.348571
2026-06-30,1600,8.348989
2026-06-30,1601,8.349407
2026-06-30,1602,8.349824
2026-06-30,1603,8.350242
2026-06-30,1604,8.350659
2026-06-30,1605,8.351077
2026-06-30,1606,8.351495
2026-06-30,1607,8.351912
2026-06-30,1608,8.35233
2026-06-30,1609,8.352747
2026-06-30,1610,8.353165
2026-06-30,1611,8.353582
2026-06-30,1612,8.354
2026-06-30,1613,8.354418
2026-06-30,1614,8.354835
2026-06-30,1615,8.355253
2026-06-30,1616,8.35567
2026-06-30,1617,8.356088
2026-06-30,1618,8.356505
2026-06-30,1619,8.356923
2026-06-30,1620,8.357341
2026-06-30,1621,8.357758
2026-06-30,1622,8.358176
2026-06-30,1623,8.358593
2026-06-30,1624,8.359011
2026-06-30,1625,8.359429
2026-06-30,1626,8.359846
2026-06-30,1627,8.360264
2026-06-30,1628,8.360681
2026-06-30,1629,8.361099
2026-06-30,1630,8.361516
2026-06-30,1631,8.361934
2026-06-30,1632,8.362352
2026-06-30,1633,8.362769
2026-06-30,1634,8.363187
2026-06-30,1635,8.363604
2026-06-30,1636,8.364022
2026-06-30,1637,8.36444
2026-06-30,1638,8.364857
2026-06-30,1639,8.365275
2026-06-30,1640,8.365692
2026-06-30,1641,8.36611
2026-06-30,1642,8.366527
2026-06-30,1643,8.366945
2026-06-30,1644,8.367363
2026-06-30,1645,8.36778
2026-06-30,1646,8.368198
2026-06-30,1647,8.368615
2026-06-30,1648,8.369033
2026-06-30,1649,8.369451
2026-06-30,1650,8.369868
2026-06-30,1651,8.370286
2026-06-30,1652,8.370703
2026-06-30,1653,8.371121
2026-06-30,1654,8.371538
2026-06-30,1655,8.371956
2026-06-30,1656,8.372374
2026-06-30,1657,8.372791
2026-06-30,1658,8.373209
2026-06-30,1659,8.373626
2026-06-30,1660,8.374044
2026-06-30,1661,8.374462
2026-06-30,1662,8.374879
2026-06-30,1663,8.375297
2026-06-30,1664,8.375714
2026-06-30,1665,8.376132
2026-06-30,1666,8.376549
2026-06-30,1667,8.376967
2026-06-30,1668,8.377385
2026-06-30,1669,8.377802
2026-06-30,1670,8.37822
2026-06-30,1671,8.378637
2026-06-30,1672,8.379055
2026-06-30,1673,8.379473
2026-06-30,1674,8.37989
2026-06-30,1675,8.380308
2026-06-30,1676,8.380725
2026-06-30,1677,8.381143
2026-06-30,1678,8.38156
2026-06-30,1679,8.381978
2026-06-30,1680,8.382396
2026-06-30,1681,8.382813
2026-06-30,1682,8.383231
2026-06-30,1683,8.383648
2026-06-30,1684,8.384066
2026-06-30,1685,8.384484
2026-06-30,1686,8.384901
2026-06-30,1687,8.385319
2026-06-30,1688,8.385736
2026-06-30,1689,8.386154
2026-06-30,1690,8.386571
2026-06-30,1691,8.386989
2026-06-30,1692,8.387407
2026-06-30,1693,8.387824
2026-06-30,1694,8.388242
2026-06-30,1695,8.388659
2026-06-30,1696,8.389077
2026-06-30,1697,8.389495
2026-06-30,1698,8.389912
2026-06-30,1699,8.39033
2026-06-30,1700,8.390747
2026-06-30,1701,8.391165
2026-06-30,1702,8.391582
2026-06-30,1703,8.392
2026-06-30,1704,8.392418
2026-06-30,1705,8.392835
2026-06-30,1706,8.393253
2026-06-30,1707,8.39367
2026-06-30,1708,8.394088
2026-06-30,1709,8.394505
2026-06-30,1710,8.394923
2026-06-30,1711,8.395341
2026-06-30,1712,8.395758
2026-06-30,1713,8.396176
2026-06-30,1714,8.396593
2026-06-30,1715,8.397011
2026-06-30,1716,8.397429
2026-06-30,1717,8.397846
2026-06-30,1718,8.398264
2026-06-30,1719,8.398681
2026-06-30,1720,8.399099
2026-06-30,1721,8.399516
2026-06-30,1722,8.399934
2026-06-30,1723,8.400352
2026-06-30,1724,8.400769
2026-06-30,1725,8.401187
2026-06-30,1726,8.401604
2026-06-30,1727,8.402022
2026-06-30,1728,8.40244
2026-06-30,1729,8.402857
2026-06-30,1730,8.403275
2026-06-30,1731,8.403692
2026-06-30,1732,8.40411
2026-06-30,1733,8.404527
2026-06-30,1734,8.404945
2026-06-30,1735,8.405363
2026-06-30,1736,8.40578
2026-06-30,1737,8.406198
2026-06-30,1738,8.406615
2026-06-30,1739,8.407033
2026-06-30,1740,8.407451
2026-06-30,1741,8.407868
2026-06-30,1742,8.408286
2026-06-30,1743,8.408703
2026-06-30,1744,8.409121
2026-06-30,1745,8.409538
2026-06-30,1746,8.409956
2026-06-30,1747,8.410374
2026-06-30,1748,8.410791
2026-06-30,1749,8.411209
2026-06-30,1750,8.411626
2026-06-30,1751,8.412044
2026-06-30,1752,8.412462
2026-06-30,1753,8.412879
2026-06-30,1754,8.413297
2026-06-30,1755,8.413714
2026-06-30,1756,8.414132
2026-06-30,1757,8.414549
2026-06-30,1758,8.414967
2026-06-30,1759,8.415385
2026-06-30,1760,8.415802
2026-06-30,1761,8.41622
2026-06-30,1762,8.416637
2026-06-30,1763,8.417055
2026-06-30,1764,8.417473
2026-06-30,1765,8.41789
2026-06-30,1766,8.418308
2026-06-30,1767,8.418725
2026-06-30,1768,8.419143
2026-06-30,1769,8.41956
2026-06-30,1770,8.419978
2026-06-30,1771,8.420396
2026-06-30,1772,8.420813
2026-06-30,1773,8.421231
2026-06-30,1774,8.421648
2026-06-30,1775,8.422066
2026-06-30,1776,8.422484
2026-06-30,1777,8.422901
2026-06-30,1778,8.423319
2026-06-30,1779,8.423736
2026-06-30,1780,8.424154
2026-06-30,1781,8.424571
2026-06-30,1782,8.424989
2026-06-30,1783,8.425407
2026-06-30,1784,8.425824
2026-06-30,1785,8.426242
2026-06-30,1786,8.426659
2026-06-30,1787,8.427077
2026-06-30,1788,8.427495
2026-06-30,1789,8.427912
2026-06-30,1790,8.42833
2026-06-30,1791,8.428747
2026-06-30,1792,8.429165
2026-06-30,1793,8.429582
2026-06-30,1794,8.43
2026-06-30,1795,8.430683
2026-06-30,1796,8.431366
2026-06-30,1797,8.43205
2026-06-30,1798,8.432733
2026-06-30,1799,8.433416
2026-06-30,1800,8.434099
2026-06-30,1801,8.434783
2026-06-30,1802,8.435466
2026-06-30,1803,8.436149
2026-06-30,1804,8.436832
2026-06-30,1805,8.437516
2026-06-30,1806,8.438199
2026-06-30,1807,8.438882
2026-06-30,1808,8.439565
2026-06-30,1809,8.440248
2026-06-30,1810,8.440932
2026-06-30,1811,8.441615
2026-06-30,1812,8.442298
2026-06-30,1813,8.442981
2026-06-30,1814,8.443665
2026-06-30,1815,8.444348
2026-06-30,1816,8.445031
2026-06-30,1817,8.445714
2026-06-30,1818,8.446398
2026-06-30,1819,8.447081
2026-06-30,1820,8.447764
2026-06-30,1821,8.448447
2026-06-30,1822,8.44913
2026-06-30,1823,8.449814
2026-06-30,1824,8.450497
2026-06-30,1825,8.45118
2026-06-30,1826,8.451863
2026-06-30,1827,8.452547
2026-06-30,1828,8.45323
2026-06-30,1829,8.453913
2026-06-30,1830,8.454596
2026-06-30,1831,8.45528
2026-06-30,1832,8.455963
2026-06-30,1833,8.456646
2026-06-30,1834,8.457329
2026-06-30,1835,8.458012
2026-06-30,1836,8.458696
2026-06-30,1837,8.459379
2026-06-30,1838,8.460062
2026-06-30,1839,8.460745
2026-06-30,1840,8.461429
2026-06-30,1841,8.462112
2026-06-30,1842,8.462795
2026-06-30,1843,8.463478
2026-06-30,1844,8.464161
2026-06-30,1845,8.464845
2026-06-30,1846,8.465528
2026-06-30,1847,8.466211
2026-06-30,1848,8.466894
2026-06-30,1849,8.467578
2026-06-30,1850,8.468261
2026-06-30,1851,8.468944
2026-06-30,1852,8.469627
2026-06-30,1853,8.470311
2026-06-30,1854,8.470994
2026-06-30,1855,8.471677
2026-06-30,1856,8.47236
2026-06-30,1857,8.473043
2026-06-30,1858,8.473727
2026-06-30,1859,8.47441
2026-06-30,1860,8.475093
2026-06-30,1861,8.475776
2026-06-30,1862,8.47646
2026-06-30,1863,8.477143
2026-06-30,1864,8.477826
2026-06-30,1865,8.478509
2026-06-30,1866,8.479193
2026-06-30,1867,8.479876
2026-06-30,1868,8.480559
2026-06-30,1869,8.481242
2026-06-30,1870,8.481925
2026-06-30,1871,8.482609
2026-06-30,1872,8.483292
2026-06-30,1873,8.483975
2026-06-30,1874,8.484658
2026-06-30,1875,8.485342
2026-06-30,1876,8.486025
2026-06-30,1877,8.486708
2026-06-30,1878,8.487391
2026-06-30,1879,8.488075
2026-06-30,1880,8.488758
2026-06-30,1881,8.489441
2026-06-30,1882,8.490124
2026-06-30,1883,8.490807
2026-06-30,1884,8.491491
2026-06-30,1885,8.492174
2026-06-30,1886,8.492857
2026-06-30,1887,8.49354
2026-06-30,1888,8.494224
2026-06-30,1889,8.494907
2026-06-30,1890,8.49559
2026-06-30,1891,8.496273
2026-06-30,1892,8.496957
2026-06-30,1893,8.49764
2026-06-30,1894,8.498323
2026-06-30,1895,8.499006
2026-06-30,1896,8.499689
2026-06-30,1897,8.500373
2026-06-30,1898,8.501056
2026-06-30,1899,8.501739
2026-06-30,1900,8.502422
2026-06-30,1901,8.503106
2026-06-30,1902,8.503789
2026-06-30,1903,8.504472
2026-06-30,1904,8.505155
2026-06-30,1905,8.505839
2026-06-30,1906,8.506522
2026-06-30,1907,8.507205
2026-06-30,1908,8.507888
2026-06-30,1909,8.508571
2026-06-30,1910,8.509255
2026-06-30,1911,8.509938
2026-06-30,1912,8.510621
2026-06-30,1913,8.511304
2026-06-30,1914,8.511988
2026-06-30,1915,8.512671
2026-06-30,1916,8.513354
2026-06-30,1917,8.514037
2026-06-30,1918,8.51472
2026-06-30,1919,8.515404
2026-06-30,1920,8.516087
2026-06-30,1921,8.51677
2026-06-30,1922,8.517453
2026-06-30,1923,8.518137
2026-06-30,1924,8.51882
2026-06-30,1925,8.519503
2026-06-30,1926,8.520186
2026-06-30,1927,8.52087
2026-06-30,1928,8.521553
2026-06-30,1929,8.522236
2026-06-30,1930,8.522919
2026-06-30,1931,8.523602
2026-06-30,1932,8.524286
2026-06-30,1933,8.524969
2026-06-30,1934,8.525652
2026-06-30,1935,8.526335
2026-06-30,1936,8.527019
2026-06-30,1937,8.527702
2026-06-30,1938,8.528385
2026-06-30,1939,8.529068
2026-06-30,1940,8.529752
2026-06-30,1941,8.530435
2026-06-30,1942,8.531118
2026-06-30,1943,8.531801
2026-06-30,1944,8.532484
2026-06-30,1945,8.533168
2026-06-30,1946,8.533851
2026-06-30,1947,8.534534
2026-06-30,1948,8.535217
2026-06-30,1949,8.535901
2026-06-30,1950,8.536584
2026-06-30,1951,8.537267
2026-06-30,1952,8.53795
2026-06-30,1953,8.538634
2026-06-30,1954,8.539317
2026-06-30,1955,8.54
2026-06-30,1956,8.540683
2026-06-30,1957,8.541366
2026-06-30,1958,8.54205
2026-06-30,1959,8.542733
2026-06-30,1960,8.543416
2026-06-30,1961,8.544099
2026-06-30,1962,8.544783
2026-06-30,1963,8.545466
2026-06-30,1964,8.546149
2026-06-30,1965,8.546832
2026-06-30,1966,8.547516
2026-06-30,1967,8.548199
2026-06-30,1968,8.548882
2026-06-30,1969,8.549565
2026-06-30,1970,8.550248
2026-06-30,1971,8.550932
2026-06-30,1972,8.551615
2026-06-30,1973,8.552298
2026-06-30,1974,8.552981
2026-06-30,1975,8.553665
2026-06-30,1976,8.554348
2026-06-30,1977,8.555031
2026-06-30,1978,8.555714
2026-06-30,1979,8.556398
2026-06-30,1980,8.557081
2026-06-30,1981,8.557764
2026-06-30,1982,8.558447
2026-06-30,1983,8.55913
2026-06-30,1984,8.559814
2026-06-30,1985,8.560497
2026-06-30,1986,8.56118
2026-06-30,1987,8.561863
2026-06-30,1988,8.562547
2026-06-30,1989,8.56323
2026-06-30,1990,8.563913
2026-06-30,1991,8.564596
2026-06-30,1992,8.56528
2026-06-30,1993,8.565963
2026-06-30,1994,8.566646
2026-06-30,1995,8.567329
2026-06-30,1996,8.568012
2026-06-30,1997,8.568696
2026-06-30,1998,8.569379
2026-06-30,1999,8.570062
2026-06-30,2000,8.570745
2026-06-30,2001,8.571429
2026-06-30,2002,8.572112
2026-06-30,2003,8.572795
2026-06-30,2004,8.573478
2026-06-30,2005,8.574161
2026-06-30,2006,8.574845
2026-06-30,2007,8.575528
2026-06-30,2008,8.576211
2026-06-30,2009,8.576894
2026-06-30,2010,8.577578
2026-06-30,2011,8.578261
2026-06-30,2012,8.578944
2026-06-30,2013,8.579627
2026-06-30,2014,8.580311
2026-06-30,2015,8.580994
2026-06-30,2016,8.581677
2026-06-30,2017,8.58236
2026-06-30,2018,8.583043
2026-06-30,2019,8.583727
2026-06-30,2020,8.58441
2026-06-30,2021,8.585093
2026-06-30,2022,8.585776
2026-06-30,2023,8.58646
2026-06-30,2024,8.587143
2026-06-30,2025,8.587826
2026-06-30,2026,8.588509
2026-06-30,2027,8.589193
2026-06-30,2028,8.589876
2026-06-30,2029,8.590559
2026-06-30,2030,8.591242
2026-06-30,2031,8.591925
2026-06-30,2032,8.592609
2026-06-30,2033,8.593292
2026-06-30,2034,8.593975
2026-06-30,2035,8.594658
2026-06-30,2036,8.595342
2026-06-30,2037,8.596025
2026-06-30,2038,8.596708
2026-06-30,2039,8.597391
2026-06-30,2040,8.598075
2026-06-30,2041,8.598758
2026-06-30,2042,8.599441
2026-06-30,2043,8.600124
2026-06-30,2044,8.600807
2026-06-30,2045,8.601491
2026-06-30,2046,8.602174
2026-06-30,2047,8.602857
2026-06-30,2048,8.60354
2026-06-30,2049,8.604224
2026-06-30,2050,8.604907
2026-06-30,2051,8.60559
2026-06-30,2052,8.606273
2026-06-30,2053,8.606957
2026-06-30,2054,8.60764
2026-06-30,2055,8.608323
2026-06-30,2056,8.609006
2026-06-30,2057,8.609689
2026-06-30,2058,8.610373
2026-06-30,2059,8.611056
2026-06-30,2060,8.611739
2026-06-30,2061,8.612422
2026-06-30,2062,8.613106
2026-06-30,2063,8.613789
2026-06-30,2064,8.614472
2026-06-30,2065,8.615155
2026-06-30,2066,8.615839
2026-06-30,2067,8.616522
2026-06-30,2068,8.617205
2026-06-30,2069,8.617888
2026-06-30,2070,8.618571
2026-06-30,2071,8.619255
2026-06-30,2072,8.619938
2026-06-30,2073,8.620621
2026-06-30,2074,8.621304
2026-06-30,2075,8.621988
2026-06-30,2076,8.622671
2026-06-30,2077,8.623354
2026-06-30,2078,8.624037
2026-06-30,2079,8.62472
2026-06-30,2080,8.625404
2026-06-30,2081,8.626087
2026-06-30,2082,8.62677
2026-06-30,2083,8.627453
2026-06-30,2084,8.628137
2026-06-30,2085,8.62882
2026-06-30,2086,8.629503
2026-06-30,2087,8.630186
2026-06-30,2088,8.63087
2026-06-30,2089,8.631553
2026-06-30,2090,8.632236
2026-06-30,2091,8.632919
2026-06-30,2092,8.633602
2026-06-30,2093,8.634286
2026-06-30,2094,8.634969
2026-06-30,2095,8.635652
2026-06-30,2096,8.636335
2026-06-30,2097,8.637019
2026-06-30,2098,8.637702
2026-06-30,2099,8.638385
2026-06-30,2100,8.639068
2026-06-30,2101,8.639752
2026-06-30,2102,8.640435
2026-06-30,2103,8.641118
2026-06-30,2104,8.641801
2026-06-30,2105,8.642484
2026-06-30,2106,8.643168
2026-06-30,2107,8.643851
2026-06-30,2108,8.644534
2026-06-30,2109,8.645217
2026-06-30,2110,8.645901
2026-06-30,2111,8.646584
2026-06-30,2112,8.647267
2026-06-30,2113,8.64795
2026-06-30,2114,8.648634
2026-06-30,2115,8.649317
2026-06-30,2116,8.65
2026-06-30,2117,8.650296
2026-06-30,2118,8.650591
2026-06-30,2119,8.650887
2026-06-30,2120,8.651182
2026-06-30,2121,8.651478
2026-06-30,2122,8.651773
2026-06-30,2123,8.652069
2026-06-30,2124,8.652365
2026-06-30,2125,8.65266
2026-06-30,2126,8.652956
2026-06-30,2127,8.653251
2026-06-30,2128,8.653547
2026-06-30,2129,8.653842
2026-06-30,2130,8.654138
2026-06-30,2131,8.654433
2026-06-30,2132,8.654729
2026-06-30,2133,8.655025
2026-06-30,2134,8.65532
2026-06-30,2135,8.655616
2026-06-30,2136,8.655911
2026-06-30,2137,8.656207
2026-06-30,2138,8.656502
2026-06-30,2139,8.656798
2026-06-30,2140,8.657094
2026-06-30,2141,8.657389
2026-06-30,2142,8.657685
2026-06-30,2143,8.65798
2026-06-30,2144,8.658276
2026-06-30,2145,8.658571
2026-06-30,2146,8.658867
2026-06-30,2147,8.659163
2026-06-30,2148,8.659458
2026-06-30,2149,8.659754
2026-06-30,2150,8.660049
2026-06-30,2151,8.660345
2026-06-30,2152,8.66064
2026-06-30,2153,8.660936
2026-06-30,2154,8.661232
2026-06-30,2155,8.661527
2026-06-30,2156,8.661823
2026-06-30,2157,8.662118
2026-06-30,2158,8.662414
2026-06-30,2159,8.662709
2026-06-30,2160,8.663005
2026-06-30,2161,8.6633
2026-06-30,2162,8.663596
2026-06-30,2163,8.663892
2026-06-30,2164,8.664187
2026-06-30,2165,8.664483
2026-06-30,2166,8.664778
2026-06-30,2167,8.665074
2026-06-30,2168,8.665369
2026-06-30,2169,8.665665
2026-06-30,2170,8.665961
2026-06-30,2171,8.666256
2026-06-30,2172,8.666552
2026-06-30,2173,8.666847
2026-06-30,2174,8.667143
2026-06-30,2175,8.667438
2026-06-30,2176,8.667734
2026-06-30,2177,8.66803
2026-06-30,2178,8.668325
2026-06-30,2179,8.668621
2026-06-30,2180,8.668916
2026-06-30,2181,8.669212
2026-06-30,2182,8.669507
2026-06-30,2183,8.669803
2026-06-30,2184,8.670099
2026-06-30,2185,8.670394
2026-06-30,2186,8.67069
2026-06-30,2187,8.670985
2026-06-30,2188,8.671281
2026-06-30,2189,8.671576
2026-06-30,2190,8.671872
2026-06-30,2191,8.672167
2026-06-30,2192,8.672463
2026-06-30,2193,8.672759
2026-06-30,2194,8.673054
2026-06-30,2195,8.67335
2026-06-30,2196,8.673645
2026-06-30,2197,8.673941
2026-06-30,2198,8.674236
2026-06-30,2199,8.674532
2026-06-30,2200,8.674828
2026-06-30,2201,8.675123
2026-06-30,2202,8.675419
2026-06-30,2203,8.675714
2026-06-30,2204,8.67601
2026-06-30,2205,8.676305
2026-06-30,2206,8.676601
2026-06-30,2207,8.676897
2026-06-30,2208,8.677192
2026-06-30,2209,8.677488
2026-06-30,2210,8.677783
2026-06-30,2211,8.678079
2026-06-30,2212,8.678374
2026-06-30,2213,8.67867
2026-06-30,2214,8.678966
2026-06-30,2215,8.679261
2026-06-30,2216,8.679557
2026-06-30,2217,8.679852
2026-06-30,2218,8.680148
2026-06-30,2219,8.680443
2026-06-30,2220,8.680739
2026-06-30,2221,8.681034
2026-06-30,2222,8.68133
2026-06-30,2223,8.681626
2026-06-30,2224,8.681921
2026-06-30,2225,8.682217
2026-06-30,2226,8.682512
2026-06-30,2227,8.682808
2026-06-30,2228,8.683103
2026-06-30,2229,8.683399
2026-06-30,2230,8.683695
2026-06-30,2231,8.68399
2026-06-30,2232,8.684286
2026-06-30,2233,8.684581
2026-06-30,2234,8.684877
2026-06-30,2235,8.685172
2026-06-30,2236,8.685468
2026-06-30,2237,8.685764
2026-06-30,2238,8.686059
2026-06-30,2239,8.686355
2026-06-30,2240,8.68665
2026-06-30,2241,8.686946
2026-06-30,2242,8.687241
2026-06-30,2243,8.687537
2026-06-30,2244,8.687833
2026-06-30,2245,8.688128
2026-06-30,2246,8.688424
2026-06-30,2247,8.688719
2026-06-30,2248,8.689015
2026-06-30,2249,8.68931
2026-06-30,2250,8.689606
2026-06-30,2251,8.689901
2026-06-30,2252,8.690197
2026-06-30,2253,8.690493
2026-06-30,2254,8.690788
2026-06-30,2255,8.691084
2026-06-30,2256,8.691379
2026-06-30,2257,8.691675
2026-06-30,2258,8.69197
2026-06-30,2259,8.692266
2026-06-30,2260,8.692562
2026-06-30,2261,8.692857
2026-06-30,2262,8.693153
2026-06-30,2263,8.693448
2026-06-30,2264,8.693744
2026-06-30,2265,8.694039
2026-06-30,2266,8.694335
2026-06-30,2267,8.694631
2026-06-30,2268,8.694926
2026-06-30,2269,8.695222
2026-06-30,2270,8.695517
2026-06-30,2271,8.695813
2026-06-30,2272,8.696108
2026-06-30,2273,8.696404
2026-06-30,2274,8.6967
2026-06-30,2275,8.696995
2026-06-30,2276,8.697291
2026-06-30,2277,8.697586
2026-06-30,2278,8.697882
2026-06-30,2279,8.698177
2026-06-30,2280,8.698473
2026-06-30,2281,8.698768
2026-06-30,2282,8.699064
2026-06-30,2283,8.69936
2026-06-30,2284,8.699655
2026-06-30,2285,8.699951
2026-06-30,2286,8.700246
2026-06-30,2287,8.700542
2026-06-30,2288,8.700837
2026-06-30,2289,8.701133
2026-06-30,2290,8.701429
2026-06-30,2291,8.701724
2026-06-30,2292,8.70202
2026-06-30,2293,8.702315
2026-06-30,2294,8.702611
2026-06-30,2295,8.702906
2026-06-30,2296,8.703202
2026-06-30,2297,8.703498
2026-06-30,2298,8.703793
2026-06-30,2299,8.704089
2026-06-30,2300,8.704384
2026-06-30,2301,8.70468
2026-06-30,2302,8.704975
2026-06-30,2303,8.705271
2026-06-30,2304,8.705567
2026-06-30,2305,8.705862
2026-06-30,2306,8.706158
2026-06-30,2307,8.706453
2026-06-30,2308,8.706749
2026-06-30,2309,8.707044
2026-06-30,2310,8.70734
2026-06-30,2311,8.707635
2026-06-30,2312,8.707931
2026-06-30,2313,8.708227
2026-06-30,2314,8.708522
2026-06-30,2315,8.708818
2026-06-30,2316,8.709113
2026-06-30,2317,8.709409
2026-06-30,2318,8.709704
2026-06-30,2319,8.71
2026-06-30,2320,8.710296
2026-06-30,2321,8.710591
2026-06-30,2322,8.710887
2026-06-30,2323,8.711182
2026-06-30,2324,8.711478
2026-06-30,2325,8.711773
2026-06-30,2326,8.712069
2026-06-30,2327,8.712365
2026-06-30,2328,8.71266
2026-06-30,2329,8.712956
2026-06-30,2330,8.713251
2026-06-30,2331,8.713547
2026-06-30,2332,8.713842
2026-06-30,2333,8.714138
2026-06-30,2334,8.714433
2026-06-30,2335,8.714729
2026-06-30,2336,8.715025
2026-06-30,2337,8.71532
2026-06-30,2338,8.715616
2026-06-30,2339,8.715911
2026-06-30,2340,8.716207
2026-06-30,2341,8.716502
2026-06-30,2342,8.716798
2026-06-30,2343,8.717094
2026-06-30,2344,8.717389
2026-06-30,2345,8.717685
2026-06-30,2346,8.71798
2026-06-30,2347,8.718276
2026-06-30,2348,8.718571
2026-06-30,2349,8.718867
2026-06-30,2350,8.719163
2026-06-30,2351,8.719458
2026-06-30,2352,8.719754
2026-06-30,2353,8.720049
2026-06-30,2354,8.720345
2026-06-30,2355,8.72064
2026-06-30,2356,8.720936
2026-06-30,2357,8.721232
2026-06-30,2358,8.721527
2026-06-30,2359,8.721823
2026-06-30,2360,8.722118
2026-06-30,2361,8.722414
2026-06-30,2362,8.722709
2026-06-30,2363,8.723005
2026-06-30,2364,8.7233
2026-06-30,2365,8.723596
2026-06-30,2366,8.723892
2026-06-30,2367,8.724187
2026-06-30,2368,8.724483
2026-06-30,2369,8.724778
2026-06-30,2370,8.725074
2026-06-30,2371,8.725369
2026-06-30,2372,8.725665
2026-06-30,2373,8.725961
2026-06-30,2374,8.726256
2026-06-30,2375,8.726552
2026-06-30,2376,8.726847
2026-06-30,2377,8.727143
2026-06-30,2378,8.727438
2026-06-30,2379,8.727734
2026-06-30,2380,8.72803
2026-06-30,2381,8.728325
2026-06-30,2382,8.728621
2026-06-30,2383,8.728916
2026-06-30,2384,8.729212
2026-06-30,2385,8.729507
2026-06-30,2386,8.729803
2026-06-30,2387,8.730099
2026-06-30,2388,8.730394
2026-06-30,2389,8.73069
2026-06-30,2390,8.730985
2026-06-30,2391,8.731281
2026-06-30,2392,8.731576
2026-06-30,2393,8.731872
2026-06-30,2394,8.732167
2026-06-30,2395,8.732463
2026-06-30,2396,8.732759
2026-06-30,2397,8.733054
2026-06-30,2398,8.73335
2026-06-30,2399,8.733645
2026-06-30,2400,8.733941
2026-06-30,2401,8.734236
2026-06-30,2402,8.734532
2026-06-30,2403,8.734828
2026-06-30,2404,8.735123
2026-06-30,2405,8.735419
2026-06-30,2406,8.735714
2026-06-30,2407,8.73601
2026-06-30,2408,8.736305
2026-06-30,2409,8.736601
2026-06-30,2410,8.736897
2026-06-30,2411,8.737192
2026-06-30,2412,8.737488
2026-06-30,2413,8.737783
2026-06-30,2414,8.738079
2026-06-30,2415,8.738374
2026-06-30,2416,8.73867
2026-06-30,2417,8.738966
2026-06-30,2418,8.739261
2026-06-30,2419,8.739557
2026-06-30,2420,8.739852
2026-06-30,2421,8.740148
2026-06-30,2422,8.740443
2026-06-30,2423,8.740739
2026-06-30,2424,8.741034
2026-06-30,2425,8.74133
2026-06-30,2426,8.741626
2026-06-30,2427,8.741921
2026-06-30,2428,8.742217
2026-06-30,2429,8.742512
2026-06-30,2430,8.742808
2026-06-30,2431,8.743103
2026-06-30,2432,8.743399
2026-06-30,2433,8.743695
2026-06-30,2434,8.74399
2026-06-30,2435,8.744286
2026-06-30,2436,8.744581
2026-06-30,2437,8.744877
2026-06-30,2438,8.745172
2026-06-30,2439,8.745468
2026-06-30,2440,8.745764
2026-06-30,2441,8.746059
2026-06-30,2442,8.746355
2026-06-30,2443,8.74665
2026-06-30,2444,8.746946
2026-06-30,2445,8.747241
2026-06-30,2446,8.747537
2026-06-30,2447,8.747833
2026-06-30,2448,8.748128
2026-06-30,2449,8.748424
2026-06-30,2450,8.748719
2026-06-30,2451,8.749015
2026-06-30,2452,8.74931
2026-06-30,2453,8.749606
2026-06-30,2454,8.749901
2026-06-30,2455,8.750197
2026-06-30,2456,8.750493
2026-06-30,2457,8.750788
2026-06-30,2458,8.751084
2026-06-30,2459,8.751379
2026-06-30,2460,8.751675
2026-06-30,2461,8.75197
2026-06-30,2462,8.752266
2026-06-30,2463,8.752562
2026-06-30,2464,8.752857
2026-06-30,2465,8.753153
2026-06-30,2466,8.753448
2026-06-30,2467,8.753744
2026-06-30,2468,8.754039
2026-06-30,2469,8.754335
2026-06-30,2470,8.754631
2026-06-30,2471,8.754926
2026-06-30,2472,8.755222
2026-06-30,2473,8.755517
2026-06-30,2474,8.755813
2026-06-30,2475,8.756108
2026-06-30,2476,8.756404
2026-06-30,2477,8.7567
2026-06-30,2478,8.756995
2026-06-30,2479,8.757291
2026-06-30,2480,8.757586
2026-06-30,2481,8.757882
2026-06-30,2482,8.758177
2026-06-30,2483,8.758473
2026-06-30,2484,8.758768
2026-06-30,2485,8.759064
2026-06-30,2486,8.75936
2026-06-30,2487,8.759655
2026-06-30,2488,8.759951
2026-06-30,2489,8.760246
2026-06-30,2490,8.760542
2026-06-30,2491,8.760837
2026-06-30,2492,8.761133
2026-06-30,2493,8.761429
2026-06-30,2494,8.761724
2026-06-30,2495,8.76202
2026-06-30,2496,8.762315
2026-06-30,2497,8.762611
2026-06-30,2498,8.762906
2026-06-30,2499,8.763202
2026-06-30,2500,8.763498
2026-06-30,2501,8.763793
2026-06-30,2502,8.764089
2026-06-30,2503,8.764384
2026-06-30,2504,8.76468
2026-06-30,2505,8.764975
2026-06-30,2506,8.765271
2026-06-30,2507,8.765567
2026-06-30,2508,8.765862
2026-06-30,2509,8.766158
2026-06-30,2510,8.766453
2026-06-30,2511,8.766749
2026-06-30,2512,8.767044
2026-06-30,2513,8.76734
2026-06-30,2514,8.767635
2026-06-30,2515,8.767931
2026-06-30,2516,8.768227
2026-06-30,2517,8.768522
2026-06-30,2518,8.768818
2026-06-30,2519,8.769113
2026-06-30,2520,8.769409
2026-06-30,2521,8.769704
2026-06-30,2522,8.77
2026-06-30,2523,8.770275
2026-06-30,2524,8.770549
2026-06-30,2525,8.770824
2026-06-30,2526,8.771099
2026-06-30,2527,8.771374
2026-06-30,2528,8.771648
2026-06-30,2529,8.771923
2026-06-30,2530,8.772198
2026-06-30,2531,8.772473
2026-06-30,2532,8.772747
2026-06-30,2533,8.773022
2026-06-30,2534,8.773297
2026-06-30,2535,8.773571
2026-06-30,2536,8.773846
2026-06-30,2537,8.774121
2026-06-30,2538,8.774396
2026-06-30,2539,8.77467
2026-06-30,2540,8.774945
2026-06-30,2541,8.77522
2026-06-30,2542,8.775495
2026-06-30,2543,8.775769
2026-06-30,2544,8.776044
2026-06-30,2545,8.776319
2026-06-30,2546,8.776593
2026-06-30,2547,8.776868
2026-06-30,2548,8.777143
2026-06-30,2549,8.777418
2026-06-30,2550,8.777692
2026-06-30,2551,8.777967
2026-06-30,2552,8.778242
2026-06-30,2553,8.778516
2026-06-30,2554,8.778791
2026-06-30,2555,8.779066
2026-06-30,2556,8.779341
2026-06-30,2557,8.779615
2026-06-30,2558,8.77989
2026-06-30,2559,8.780165
2026-06-30,2560,8.78044
2026-06-30,2561,8.780714
2026-06-30,2562,8.780989
2026-06-30,2563,8.781264
2026-06-30,2564,8.781538
2026-06-30,2565,8.781813
2026-06-30,2566,8.782088
2026-06-30,2567,8.782363
2026-06-30,2568,8.782637
2026-06-30,2569,8.782912
2026-06-30,2570,8.783187
2026-06-30,2571,8.783462
2026-06-30,2572,8.783736
2026-06-30,2573,8.784011
2026-06-30,2574,8.784286
2026-06-30,2575,8.78456
2026-06-30,2576,8.784835
2026-06-30,2577,8.78511
2026-06-30,2578,8.785385
2026-06-30,2579,8.785659
2026-06-30,2580,8.785934
2026-06-30,2581,8.786209
2026-06-30,2582,8.786484
2026-06-30,2583,8.786758
2026-06-30,2584,8.787033
2026-06-30,2585,8.787308
2026-06-30,2586,8.787582
2026-06-30,2587,8.787857
2026-06-30,2588,8.788132
2026-06-30,2589,8.788407
2026-06-30,2590,8.788681
2026-06-30,2591,8.788956
2026-06-30,2592,8.789231
2026-06-30,2593,8.789505
2026-06-30,2594,8.78978
2026-06-30,2595,8.790055
2026-06-30,2596,8.79033
2026-06-30,2597,8.790604
2026-06-30,2598,8.790879
2026-06-30,2599,8.791154
2026-06-30,2600,8.791429
2026-06-30,2601,8.791703
2026-06-30,2602,8.791978
2026-06-30,2603,8.792253
2026-06-30,2604,8.792527
2026-06-30,2605,8.792802
2026-06-30,2606,8.793077
2026-06-30,2607,8.793352
2026-06-30,2608,8.793626
2026-06-30,2609,8.793901
2026-06-30,2610,8.794176
2026-06-30,2611,8.794451
2026-06-30,2612,8.794725
2026-06-30,2613,8.795
2026-06-30,2614,8.795275
2026-06-30,2615,8.795549
2026-06-30,2616,8.795824
2026-06-30,2617,8.796099
2026-06-30,2618,8.796374
2026-06-30,2619,8.796648
2026-06-30,2620,8.796923
2026-06-30,2621,8.797198
2026-06-30,2622,8.797473
2026-06-30,2623,8.797747
2026-06-30,2624,8.798022
2026-06-30,2625,8.798297
2026-06-30,2626,8.798571
2026-06-30,2627,8.798846
2026-06-30,2628,8.799121
2026-06-30,2629,8.799396
2026-06-30,2630,8.79967
2026-06-30,2631,8.799945
2026-06-30,2632,8.80022
2026-06-30,2633,8.800495
2026-06-30,2634,8.800769
2026-06-30,2635,8.801044
2026-06-30,2636,8.801319
2026-06-30,2637,8.801593
2026-06-30,2638,8.801868
2026-06-30,2639,8.802143
2026-06-30,2640,8.802418
2026-06-30,2641,8.802692
2026-06-30,2642,8.802967
2026-06-30,2643,8.803242
2026-06-30,2644,8.803516
2026-06-30,2645,8.803791
2026-06-30,2646,8.804066
2026-06-30,2647,8.804341
2026-06-30,2648,8.804615
2026-06-30,2649,8.80489
2026-06-30,2650,8.805165
2026-06-30,2651,8.80544
2026-06-30,2652,8.805714
2026-06-30,2653,8.805989
2026-06-30,2654,8.806264
2026-06-30,2655,8.806538
2026-06-30,2656,8.806813
2026-06-30,2657,8.807088
2026-06-30,2658,8.807363
2026-06-30,2659,8.807637
2026-06-30,2660,8.807912
2026-06-30,2661,8.808187
2026-06-30,2662,8.808462
2026-06-30,2663,8.808736
2026-06-30,2664,8.809011
2026-06-30,2665,8.809286
2026-06-30,2666,8.80956
2026-06-30,2667,8.809835
2026-06-30,2668,8.81011
2026-06-30,2669,8.810385
2026-06-30,2670,8.810659
2026-06-30,2671,8.810934
2026-06-30,2672,8.811209
2026-06-30,2673,8.811484
2026-06-30,2674,8.811758
2026-06-30,2675,8.812033
2026-06-30,2676,8.812308
2026-06-30,2677,8.812582
2026-06-30,2678,8.812857
2026-06-30,2679,8.813132
2026-06-30,2680,8.813407
2026-06-30,2681,8.813681
2026-06-30,2682,8.813956
2026-06-30,2683,8.814231
2026-06-30,2684,8.814505
2026-06-30,2685,8.81478
2026-06-30,2686,8.815055
2026-06-30,2687,8.81533
2026-06-30,2688,8.815604
2026-06-30,2689,8.815879
2026-06-30,2690,8.816154
2026-06-30,2691,8.816429
2026-06-30,2692,8.816703
2026-06-30,2693,8.816978
2026-06-30,2694,8.817253
2026-06-30,2695,8.817527
2026-06-30,2696,8.817802
2026-06-30,2697,8.818077
2026-06-30,2698,8.818352
2026-06-30,2699,8.818626
2026-06-30,2700,8.818901
2026-06-30,2701,8.819176
2026-06-30,2702,8.819451
2026-06-30,2703,8.819725
2026-06-30,2704,8.82
2026-06-30,2705,8.820275
2026-06-30,2706,8.820549
2026-06-30,2707,8.820824
2026-06-30,2708,8.821099
2026-06-30,2709,8.821374
2026-06-30,2710,8.821648
2026-06-30,2711,8.821923
2026-06-30,2712,8.822198
2026-06-30,2713,8.822473
2026-06-30,2714,8.822747
2026-06-30,2715,8.823022
2026-06-30,2716,8.823297
2026-06-30,2717,8.823571
2026-06-30,2718,8.823846
2026-06-30,2719,8.824121
2026-06-30,2720,8.824396
2026-06-30,2721,8.82467
2026-06-30,2722,8.824945
2026-06-30,2723,8.82522
2026-06-30,2724,8.825495
2026-06-30,2725,8.825769
2026-06-30,2726,8.826044
2026-06-30,2727,8.826319
2026-06-30,2728,8.826593
2026-06-30,2729,8.826868
2026-06-30,2730,8.827143
2026-06-30,2731,8.827418
2026-06-30,2732,8.827692
2026-06-30,2733,8.827967
2026-06-30,2734,8.828242
2026-06-30,2735,8.828516
2026-06-30,2736,8.828791
2026-06-30,2737,8.829066
2026-06-30,2738,8.829341
2026-06-30,2739,8.829615
2026-06-30,2740,8.82989
2026-06-30,2741,8.830165
2026-06-30,2742,8.83044
2026-06-30,2743,8.830714
2026-06-30,2744,8.830989
2026-06-30,2745,8.831264
2026-06-30,2746,8.831538
2026-06-30,2747,8.831813
2026-06-30,2748,8.832088
2026-06-30,2749,8.832363
2026-06-30,2750,8.832637
2026-06-30,2751,8.832912
2026-06-30,2752,8.833187
2026-06-30,2753,8.833462
2026-06-30,2754,8.833736
2026-06-30,2755,8.834011
2026-06-30,2756,8.834286
2026-06-30,2757,8.83456
2026-06-30,2758,8.834835
2026-06-30,2759,8.83511
2026-06-30,2760,8.835385
2026-06-30,2761,8.835659
2026-06-30,2762,8.835934
2026-06-30,2763,8.836209
2026-06-30,2764,8.836484
2026-06-30,2765,8.836758
2026-06-30,2766,8.837033
2026-06-30,2767,8.837308
2026-06-30,2768,8.837582
2026-06-30,2769,8.837857
2026-06-30,2770,8.838132
2026-06-30,2771,8.838407
2026-06-30,2772,8.838681
2026-06-30,2773,8.838956
2026-06-30,2774,8.839231
2026-06-30,2775,8.839505
2026-06-30,2776,8.83978
2026-06-30,2777,8.840055
2026-06-30,2778,8.84033
2026-06-30,2779,8.840604
2026-06-30,2780,8.840879
2026-06-30,2781,8.841154
2026-06-30,2782,8.841429
2026-06-30,2783,8.841703
2026-06-30,2784,8.841978
2026-06-30,2785,8.842253
2026-06-30,2786,8.842527
2026-06-30,2787,8.842802
2026-06-30,2788,8.843077
2026-06-30,2789,8.843352
2026-06-30,2790,8.843626
2026-06-30,2791,8.843901
2026-06-30,2792,8.844176
2026-06-30,2793,8.844451
2026-06-30,2794,8.844725
2026-06-30,2795,8.845
2026-06-30,2796,8.845275
2026-06-30,2797,8.845549
2026-06-30,2798,8.845824
2026-06-30,2799,8.846099
2026-06-30,2800,8.846374
2026-06-30,2801,8.846648
2026-06-30,2802,8.846923
2026-06-30,2803,8.847198
2026-06-30,2804,8.847473
2026-06-30,2805,8.847747
2026-06-30,2806,8.848022
2026-06-30,2807,8.848297
2026-06-30,2808,8.848571
2026-06-30,2809,8.848846
2026-06-30,2810,8.849121
2026-06-30,2811,8.849396
2026-06-30,2812,8.84967
2026-06-30,2813,8.849945
2026-06-30,2814,8.85022
2026-06-30,2815,8.850495
2026-06-30,2816,8.850769
2026-06-30,2817,8.851044
2026-06-30,2818,8.851319
2026-06-30,2819,8.851593
2026-06-30,2820,8.851868
2026-06-30,2821,8.852143
2026-06-30,2822,8.852418
2026-06-30,2823,8.852692
2026-06-30,2824,8.852967
2026-06-30,2825,8.853242
2026-06-30,2826,8.853516
2026-06-30,2827,8.853791
2026-06-30,2828,8.854066
2026-06-30,2829,8.854341
2026-06-30,2830,8.854615
2026-06-30,2831,8.85489
2026-06-30,2832,8.855165
2026-06-30,2833,8.85544
2026-06-30,2834,8.855714
2026-06-30,2835,8.855989
2026-06-30,2836,8.856264
2026-06-30,2837,8.856538
2026-06-30,2838,8.856813
2026-06-30,2839,8.857088
2026-06-30,2840,8.857363
2026-06-30,2841,8.857637
2026-06-30,2842,8.857912
2026-06-30,2843,8.858187
2026-06-30,2844,8.858462
2026-06-30,2845,8.858736
2026-06-30,2846,8.859011
2026-06-30,2847,8.859286
2026-06-30,2848,8.85956
2026-06-30,2849,8.859835
2026-06-30,2850,8.86011
2026-06-30,2851,8.860385
2026-06-30,2852,8.860659
2026-06-30,2853,8.860934
2026-06-30,2854,8.861209
2026-06-30,2855,8.861484
2026-06-30,2856,8.861758
2026-06-30,2857,8.862033
2026-06-30,2858,8.862308
2026-06-30,2859,8.862582
2026-06-30,2860,8.862857
2026-06-30,2861,8.863132
2026-06-30,2862,8.863407
2026-06-30,2863,8.863681
2026-06-30,2864,8.863956
2026-06-30,2865,8.864231
2026-06-30,2866,8.864505
2026-06-30,2867,8.86478
2026-06-30,2868,8.865055
2026-06-30,2869,8.86533
2026-06-30,2870,8.865604
2026-06-30,2871,8.865879
2026-06-30,2872,8.866154
2026-06-30,2873,8.866429
2026-06-30,2874,8.866703
2026-06-30,2875,8.866978
2026-06-30,2876,8.867253
2026-06-30,2877,8.867527
2026-06-30,2878,8.867802
2026-06-30,2879,8.868077
2026-06-30,2880,8.868352
2026-06-30,2881,8.868626
2026-06-30,2882,8.868901
2026-06-30,2883,8.869176
2026-06-30,2884,8.869451
2026-06-30,2885,8.869725
2026-06-30,2886,8.87
2026-06-30,2887,8.870275
2026-06-30,2888,8.870549
2026-06-30,2889,8.870824
2026-06-30,2890,8.871099
2026-06-30,2891,8.871374
2026-06-30,2892,8.871648
2026-06-30,2893,8.871923
2026-06-30,2894,8.872198
2026-06-30,2895,8.872473
2026-06-30,2896,8.872747
2026-06-30,2897,8.873022
2026-06-30,2898,8.873297
2026-06-30,2899,8.873571
2026-06-30,2900,8.873846
2026-06-30,2901,8.874121
2026-06-30,2902,8.874396
2026-06-30,2903,8.87467
2026-06-30,2904,8.874945
2026-06-30,2905,8.87522
2026-06-30,2906,8.875495
2026-06-30,2907,8.875769
2026-06-30,2908,8.876044
2026-06-30,2909,8.876319
2026-06-30,2910,8.876593
2026-06-30,2911,8.876868
2026-06-30,2912,8.877143
2026-06-30,2913,8.877418
2026-06-30,2914,8.877692
2026-06-30,2915,8.877967
2026-06-30,2916,8.878242
2026-06-30,2917,8.878516
2026-06-30,2918,8.878791
2026-06-30,2919,8.879066
2026-06-30,2920,8.879341
2026-06-30,2921,8.879615
2026-06-30,2922,8.87989
2026-06-30,2923,8.880165
2026-06-30,2924,8.88044
2026-06-30,2925,8.880714
2026-06-30,2926,8.880989
2026-06-30,2927,8.881264
2026-06-30,2928,8.881538
2026-06-30,2929,8.881813
2026-06-30,2930,8.882088
2026-06-30,2931,8.882363
2026-06-30,2932,8.882637
2026-06-30,2933,8.882912
2026-06-30,2934,8.883187
2026-06-30,2935,8.883462
2026-06-30,2936,8.883736
2026-06-30,2937,8.884011
2026-06-30,2938,8.884286
2026-06-30,2939,8.88456
2026-06-30,2940,8.884835
2026-06-30,2941,8.88511
2026-06-30,2942,8.885385
2026-06-30,2943,8.885659
2026-06-30,2944,8.885934
2026-06-30,2945,8.886209
2026-06-30,2946,8.886484
2026-06-30,2947,8.886758
2026-06-30,2948,8.887033
2026-06-30,2949,8.887308
2026-06-30,2950,8.887582
2026-06-30,2951,8.887857
2026-06-30,2952,8.888132
2026-06-30,2953,8.888407
2026-06-30,2954,8.888681
2026-06-30,2955,8.888956
2026-06-30,2956,8.889231
2026-06-30,2957,8.889505
2026-06-30,2958,8.88978
2026-06-30,2959,8.890055
2026-06-30,2960,8.89033
2026-06-30,2961,8.890604
2026-06-30,2962,8.890879
2026-06-30,2963,8.891154
2026-06-30,2964,8.891429
2026-06-30,2965,8.891703
2026-06-30,2966,8.891978
2026-06-30,2967,8.892253
2026-06-30,2968,8.892527
2026-06-30,2969,8.892802
2026-06-30,2970,8.893077
2026-06-30,2971,8.893352
2026-06-30,2972,8.893626
2026-06-30,2973,8.893901
2026-06-30,2974,8.894176
2026-06-30,2975,8.894451
2026-06-30,2976,8.894725
2026-06-30,2977,8.895
2026-06-30,2978,8.895275
2026-06-30,2979,8.895549
2026-06-30,2980,8.895824
2026-06-30,2981,8.896099
2026-06-30,2982,8.896374
2026-06-30,2983,8.896648
2026-06-30,2984,8.896923
2026-06-30,2985,8.897198
2026-06-30,2986,8.897473
2026-06-30,2987,8.897747
2026-06-30,2988,8.898022
2026-06-30,2989,8.898297
2026-06-30,2990,8.898571
2026-06-30,2991,8.898846
2026-06-30,2992,8.899121
2026-06-30,2993,8.899396
2026-06-30,2994,8.89967
2026-06-30,2995,8.899945
2026-06-30,2996,8.90022
2026-06-30,2997,8.900495
2026-06-30,2998,8.900769
2026-06-30,2999,8.901044
2026-06-30,3000,8.901319
2026-06-30,3001,8.901593
2026-06-30,3002,8.901868
2026-06-30,3003,8.902143
2026-06-30,3004,8.902418
2026-06-30,3005,8.902692
2026-06-30,3006,8.902967
2026-06-30,3007,8.903242
2026-06-30,3008,8.903516
2026-06-30,3009,8.903791
2026-06-30,3010,8.904066
2026-06-30,3011,8.904341
2026-06-30,3012,8.904615
2026-06-30,3013,8.90489
2026-06-30,3014,8.905165
2026-06-30,3015,8.90544
2026-06-30,3016,8.905714
2026-06-30,3017,8.905989
2026-06-30,3018,8.906264
2026-06-30,3019,8.906538
2026-06-30,3020,8.906813
2026-06-30,3021,8.907088
2026-06-30,3022,8.907363
2026-06-30,3023,8.907637
2026-06-30,3024,8.907912
2026-06-30,3025,8.908187
2026-06-30,3026,8.908462
2026-06-30,3027,8.908736
2026-06-30,3028,8.909011
2026-06-30,3029,8.909286
2026-06-30,3030,8.90956
2026-06-30,3031,8.909835
2026-06-30,3032,8.91011
2026-06-30,3033,8.910385
2026-06-30,3034,8.910659
2026-06-30,3035,8.910934
2026-06-30,3036,8.911209
2026-06-30,3037,8.911484
2026-06-30,3038,8.911758
2026-06-30,3039,8.912033
2026-06-30,3040,8.912308
2026-06-30,3041,8.912582
2026-06-30,3042,8.912857
2026-06-30,3043,8.913132
2026-06-30,3044,8.913407
2026-06-30,3045,8.913681
2026-06-30,3046,8.913956
2026-06-30,3047,8.914231
2026-06-30,3048,8.914505
2026-06-30,3049,8.91478
2026-06-30,3050,8.915055
2026-06-30,3051,8.91533
2026-06-30,3052,8.915604
2026-06-30,3053,8.915879
2026-06-30,3054,8.916154
2026-06-30,3055,8.916429
2026-06-30,3056,8.916703
2026-06-30,3057,8.916978
2026-06-30,3058,8.917253
2026-06-30,3059,8.917527
2026-06-30,3060,8.917802
2026-06-30,3061,8.918077
2026-06-30,3062,8.918352
2026-06-30,3063,8.918626
2026-06-30,3064,8.918901
2026-06-30,3065,8.919176
2026-06-30,3066,8.919451
2026-06-30,3067,8.919725
2026-06-30,3068,8.92
2026-06-30,3069,8.92022
2026-06-30,3070,8.92044
2026-06-30,3071,8.920659
2026-06-30,3072,8.920879
2026-06-30,3073,8.921099
2026-06-30,3074,8.921319
2026-06-30,3075,8.921538
2026-06-30,3076,8.921758
2026-06-30,3077,8.921978
2026-06-30,3078,8.922198
2026-06-30,3079,8.922418
2026-06-30,3080,8.922637
2026-06-30,3081,8.922857
2026-06-30,3082,8.923077
2026-06-30,3083,8.923297
2026-06-30,3084,8.923516
2026-06-30,3085,8.923736
2026-06-30,3086,8.923956
2026-06-30,3087,8.924176
2026-06-30,3088,8.924396
2026-06-30,3089,8.924615
2026-06-30,3090,8.924835
2026-06-30,3091,8.925055
2026-06-30,3092,8.925275
2026-06-30,3093,8.925495
2026-06-30,3094,8.925714
2026-06-30,3095,8.925934
2026-06-30,3096,8.926154
2026-06-30,3097,8.926374
2026-06-30,3098,8.926593
2026-06-30,3099,8.926813
2026-06-30,3100,8.927033
2026-06-30,3101,8.927253
2026-06-30,3102,8.927473
2026-06-30,3103,8.927692
2026-06-30,3104,8.927912
2026-06-30,3105,8.928132
2026-06-30,3106,8.928352
2026-06-30,3107,8.928571
2026-06-30,3108,8.928791
2026-06-30,3109,8.929011
2026-06-30,3110,8.929231
2026-06-30,3111,8.929451
2026-06-30,3112,8.92967
2026-06-30,3113,8.92989
2026-06-30,3114,8.93011
2026-06-30,3115,8.93033
2026-06-30,3116,8.930549
2026-06-30,3117,8.930769
2026-06-30,3118,8.930989
2026-06-30,3119,8.931209
2026-06-30,3120,8.931429
2026-06-30,3121,8.931648
2026-06-30,3122,8.931868
2026-06-30,3123,8.932088
2026-06-30,3124,8.932308
2026-06-30,3125,8.932527
2026-06-30,3126,8.932747
2026-06-30,3127,8.932967
2026-06-30,3128,8.933187
2026-06-30,3129,8.933407
2026-06-30,3130,8.933626
2026-06-30,3131,8.933846
2026-06-30,3132,8.934066
2026-06-30,3133,8.934286
2026-06-30,3134,8.934505
2026-06-30,3135,8.934725
2026-06-30,3136,8.934945
2026-06-30,3137,8.935165
2026-06-30,3138,8.935385
2026-06-30,3139,8.935604
2026-06-30,3140,8.935824
2026-06-30,3141,8.936044
2026-06-30,3142,8.936264
2026-06-30,3143,8.936484
2026-06-30,3144,8.936703
2026-06-30,3145,8.936923
2026-06-30,3146,8.937143
2026-06-30,3147,8.937363
2026-06-30,3148,8.937582
2026-06-30,3149,8.937802
2026-06-30,3150,8.938022
2026-06-30,3151,8.938242
2026-06-30,3152,8.938462
2026-06-30,3153,8.938681
2026-06-30,3154,8.938901
2026-06-30,3155,8.939121
2026-06-30,3156,8.939341
2026-06-30,3157,8.93956
2026-06-30,3158,8.93978
2026-06-30,3159,8.94
2026-06-30,3160,8.94022
2026-06-30,3161,8.94044
2026-06-30,3162,8.940659
2026-06-30,3163,8.940879
2026-06-30,3164,8.941099
2026-06-30,3165,8.941319
2026-06-30,3166,8.941538
2026-06-30,3167,8.941758
2026-06-30,3168,8.941978
2026-06-30,3169,8.942198
2026-06-30,3170,8.942418
2026-06-30,3171,8.942637
2026-06-30,3172,8.942857
2026-06-30,3173,8.943077
2026-06-30,3174,8.943297
2026-06-30,3175,8.943516
2026-06-30,3176,8.943736
2026-06-30,3177,8.943956
2026-06-30,3178,8.944176
2026-06-30,3179,8.944396
2026-06-30,3180,8.944615
2026-06-30,3181,8.944835
2026-06-30,3182,8.945055
2026-06-30,3183,8.945275
2026-06-30,3184,8.945495
2026-06-30,3185,8.945714
2026-06-30,3186,8.945934
2026-06-30,3187,8.946154
2026-06-30,3188,8.946374
2026-06-30,3189,8.946593
2026-06-30,3190,8.946813
2026-06-30,3191,8.947033
2026-06-30,3192,8.947253
2026-06-30,3193,8.947473
2026-06-30,3194,8.947692
2026-06-30,3195,8.947912
2026-06-30,3196,8.948132
2026-06-30,3197,8.948352
2026-06-30,3198,8.948571
2026-06-30,3199,8.948791
2026-06-30,3200,8.949011
2026-06-30,3201,8.949231
2026-06-30,3202,8.949451
2026-06-30,3203,8.94967
2026-06-30,3204,8.94989
2026-06-30,3205,8.95011
2026-06-30,3206,8.95033
2026-06-30,3207,8.950549
2026-06-30,3208,8.950769
2026-06-30,3209,8.950989
2026-06-30,3210,8.951209
2026-06-30,3211,8.951429
2026-06-30,3212,8.951648
2026-06-30,3213,8.951868
2026-06-30,3214,8.952088
2026-06-30,3215,8.952308
2026-06-30,3216,8.952527
2026-06-30,3217,8.952747
2026-06-30,3218,8.952967
2026-06-30,3219,8.953187
2026-06-30,3220,8.953407
2026-06-30,3221,8.953626
2026-06-30,3222,8.953846
2026-06-30,3223,8.954066
2026-06-30,3224,8.954286
2026-06-30,3225,8.954505
2026-06-30,3226,8.954725
2026-06-30,3227,8.954945
2026-06-30,3228,8.955165
2026-06-30,3229,8.955385
2026-06-30,3230,8.955604
2026-06-30,3231,8.955824
2026-06-30,3232,8.956044
2026-06-30,3233,8.956264
2026-06-30,3234,8.956484
2026-06-30,3235,8.956703
2026-06-30,3236,8.956923
2026-06-30,3237,8.957143
2026-06-30,3238,8.957363
2026-06-30,3239,8.957582
2026-06-30,3240,8.957802
2026-06-30,3241,8.958022
2026-06-30,3242,8.958242
2026-06-30,3243,8.958462
2026-06-30,3244,8.958681
2026-06-30,3245,8.958901
2026-06-30,3246,8.959121
2026-06-30,3247,8.959341
2026-06-30,3248,8.95956
2026-06-30,3249,8.95978
2026-06-30,3250,8.96
2026-06-30,3251,8.96022
2026-06-30,3252,8.96044
2026-06-30,3253,8.960659
2026-06-30,3254,8.960879
2026-06-30,3255,8.961099
2026-06-30,3256,8.961319
2026-06-30,3257,8.961538
2026-06-30,3258,8.961758
2026-06-30,3259,8.961978
2026-06-30,3260,8.962198
2026-06-30,3261,8.962418
2026-06-30,3262,8.962637
2026-06-30,3263,8.962857
2026-06-30,3264,8.963077
2026-06-30,3265,8.963297
2026-06-30,3266,8.963516
2026-06-30,3267,8.963736
2026-06-30,3268,8.963956
2026-06-30,3269,8.964176
2026-06-30,3270,8.964396
2026-06-30,3271,8.964615
2026-06-30,3272,8.964835
2026-06-30,3273,8.965055
2026-06-30,3274,8.965275
2026-06-30,3275,8.965495
2026-06-30,3276,8.965714
2026-06-30,3277,8.965934
2026-06-30,3278,8.966154
2026-06-30,3279,8.966374
2026-06-30,3280,8.966593
2026-06-30,3281,8.966813
2026-06-30,3282,8.967033
2026-06-30,3283,8.967253
2026-06-30,3284,8.967473
2026-06-30,3285,8.967692
2026-06-30,3286,8.967912
2026-06-30,3287,8.968132
2026-06-30,3288,8.968352
2026-06-30,3289,8.968571
2026-06-30,3290,8.968791
2026-06-30,3291,8.969011
2026-06-30,3292,8.969231
2026-06-30,3293,8.969451
2026-06-30,3294,8.96967
2026-06-30,3295,8.96989
2026-06-30,3296,8.97011
2026-06-30,3297,8.97033
2026-06-30,3298,8.970549
2026-06-30,3299,8.970769
2026-06-30,3300,8.970989
2026-06-30,3301,8.971209
2026-06-30,3302,8.971429
2026-06-30,3303,8.971648
2026-06-30,3304,8.971868
2026-06-30,3305,8.972088
2026-06-30,3306,8.972308
2026-06-30,3307,8.972527
2026-06-30,3308,8.972747
2026-06-30,3309,8.972967
2026-06-30,3310,8.973187
2026-06-30,3311,8.973407
2026-06-30,3312,8.973626
2026-06-30,3313,8.973846
2026-06-30,3314,8.974066
2026-06-30,3315,8.974286
2026-06-30,3316,8.974505
2026-06-30,3317,8.974725
2026-06-30,3318,8.974945
2026-06-30,3319,8.975165
2026-06-30,3320,8.975385
2026-06-30,3321,8.975604
2026-06-30,3322,8.975824
2026-06-30,3323,8.976044
2026-06-30,3324,8.976264
2026-06-30,3325,8.976484
2026-06-30,3326,8.976703
2026-06-30,3327,8.976923
2026-06-30,3328,8.977143
2026-06-30,3329,8.977363
2026-06-30,3330,8.977582
2026-06-30,3331,8.977802
2026-06-30,3332,8.978022
2026-06-30,3333,8.978242
2026-06-30,3334,8.978462
2026-06-30,3335,8.978681
2026-06-30,3336,8.978901
2026-06-30,3337,8.979121
2026-06-30,3338,8.979341
2026-06-30,3339,8.97956
2026-06-30,3340,8.97978
2026-06-30,3341,8.98
2026-06-30,3342,8.98022
2026-06-30,3343,8.98044
2026-06-30,3344,8.980659
2026-06-30,3345,8.980879
2026-06-30,3346,8.981099
2026-06-30,3347,8.981319
2026-06-30,3348,8.981538
2026-06-30,3349,8.981758
2026-06-30,3350,8.981978
2026-06-30,3351,8.982198
2026-06-30,3352,8.982418
2026-06-30,3353,8.982637
2026-06-30,3354,8.982857
2026-06-30,3355,8.983077
2026-06-30,3356,8.983297
2026-06-30,3357,8.983516
2026-06-30,3358,8.983736
2026-06-30,3359,8.983956
2026-06-30,3360,8.984176
2026-06-30,3361,8.984396
2026-06-30,3362,8.984615
2026-06-30,3363,8.984835
2026-06-30,3364,8.985055
2026-06-30,3365,8.985275
2026-06-30,3366,8.985495
2026-06-30,3367,8.985714
2026-06-30,3368,8.985934
2026-06-30,3369,8.986154
2026-06-30,3370,8.986374
2026-06-30,3371,8.986593
2026-06-30,3372,8.986813
2026-06-30,3373,8.987033
2026-06-30,3374,8.987253
2026-06-30,3375,8.987473
2026-06-30,3376,8.987692
2026-06-30,3377,8.987912
2026-06-30,3378,8.988132
2026-06-30,3379,8.988352
2026-06-30,3380,8.988571
2026-06-30,3381,8.988791
2026-06-30,3382,8.989011
2026-06-30,3383,8.989231
2026-06-30,3384,8.989451
2026-06-30,3385,8.98967
2026-06-30,3386,8.98989
2026-06-30,3387,8.99011
2026-06-30,3388,8.99033
2026-06-30,3389,8.990549
2026-06-30,3390,8.990769
2026-06-30,3391,8.990989
2026-06-30,3392,8.991209
2026-06-30,3393,8.991429
2026-06-30,3394,8.991648
2026-06-30,3395,8.991868
2026-06-30,3396,8.992088
2026-06-30,3397,8.992308
2026-06-30,3398,8.992527
2026-06-30,3399,8.992747
2026-06-30,3400,8.992967
2026-06-30,3401,8.993187
2026-06-30,3402,8.993407
2026-06-30,3403,8.993626
2026-06-30,3404,8.993846
2026-06-30,3405,8.994066
2026-06-30,3406,8.994286
2026-06-30,3407,8.994505
2026-06-30,3408,8.994725
2026-06-30,3409,8.994945
2026-06-30,3410,8.995165
2026-06-30,3411,8.995385
2026-06-30,3412,8.995604
2026-06-30,3413,8.995824
2026-06-30,3414,8.996044
2026-06-30,3415,8.996264
2026-06-30,3416,8.996484
2026-06-30,3417,8.996703
2026-06-30,3418,8.996923
2026-06-30,3419,8.997143
2026-06-30,3420,8.997363
2026-06-30,3421,8.997582
2026-06-30,3422,8.997802
2026-06-30,3423,8.998022
2026-06-30,3424,8.998242
2026-06-30,3425,8.998462
2026-06-30,3426,8.998681
2026-06-30,3427,8.998901
2026-06-30,3428,8.999121
2026-06-30,3429,8.999341
2026-06-30,3430,8.99956
2026-06-30,3431,8.99978
2026-06-30,3432,9
2026-06-30,3433,9.00022
2026-06-30,3434,9.00044
2026-06-30,3435,9.000659
2026-06-30,3436,9.000879
2026-06-30,3437,9.001099
2026-06-30,3438,9.001319
2026-06-30,3439,9.001538
2026-06-30,3440,9.001758
2026-06-30,3441,9.001978
2026-06-30,3442,9.002198
2026-06-30,3443,9.002418
2026-06-30,3444,9.002637
2026-06-30,3445,9.002857
2026-06-30,3446,9.003077
2026-06-30,3447,9.003297
2026-06-30,3448,9.003516
2026-06-30,3449,9.003736
2026-06-30,3450,9.003956
2026-06-30,3451,9.004176
2026-06-30,3452,9.004396
2026-06-30,3453,9.004615
2026-06-30,3454,9.004835
2026-06-30,3455,9.005055
2026-06-30,3456,9.005275
2026-06-30,3457,9.005495
2026-06-30,3458,9.005714
2026-06-30,3459,9.005934
2026-06-30,3460,9.006154
2026-06-30,3461,9.006374
2026-06-30,3462,9.006593
2026-06-30,3463,9.006813
2026-06-30,3464,9.007033
2026-06-30,3465,9.007253
2026-06-30,3466,9.007473
2026-06-30,3467,9.007692
2026-06-30,3468,9.007912
2026-06-30,3469,9.008132
2026-06-30,3470,9.008352
2026-06-30,3471,9.008571
2026-06-30,3472,9.008791
2026-06-30,3473,9.009011
2026-06-30,3474,9.009231
2026-06-30,3475,9.009451
2026-06-30,3476,9.00967
2026-06-30,3477,9.00989
2026-06-30,3478,9.01011
2026-06-30,3479,9.01033
2026-06-30,3480,9.010549
2026-06-30,3481,9.010769
2026-06-30,3482,9.010989
2026-06-30,3483,9.011209
2026-06-30,3484,9.011429
2026-06-30,3485,9.011648
2026-06-30,3486,9.011868
2026-06-30,3487,9.012088
2026-06-30,3488,9.012308
2026-06-30,3489,9.012527
2026-06-30,3490,9.012747
2026-06-30,3491,9.012967
2026-06-30,3492,9.013187
2026-06-30,3493,9.013407
2026-06-30,3494,9.013626
2026-06-30,3495,9.013846
2026-06-30,3496,9.014066
2026-06-30,3497,9.014286
2026-06-30,3498,9.014505
2026-06-30,3499,9.014725
2026-06-30,3500,9.014945
2026-06-30,3501,9.015165
2026-06-30,3502,9.015385
2026-06-30,3503,9.015604
2026-06-30,3504,9.015824
2026-06-30,3505,9.016044
2026-06-30,3506,9.016264
2026-06-30,3507,9.016484
2026-06-30,3508,9.016703
2026-06-30,3509,9.016923
2026-06-30,3510,9.017143
2026-06-30,3511,9.017363
2026-06-30,3512,9.017582
2026-06-30,3513,9.017802
2026-06-30,3514,9.018022
2026-06-30,3515,9.018242
2026-06-30,3516,9.018462
2026-06-30,3517,9.018681
2026-06-30,3518,9.018901
2026-06-30,3519,9.019121
2026-06-30,3520,9.019341
2026-06-30,3521,9.01956
2026-06-30,3522,9.01978
2026-06-30,3523,9.02
2026-06-30,3524,9.020037
2026-06-30,3525,9.020073
2026-06-30,3526,9.02011
2026-06-30,3527,9.020147
2026-06-30,3528,9.020183
2026-06-30,3529,9.02022
2026-06-30,3530,9.020256
2026-06-30,3531,9.020293
2026-06-30,3532,9.02033
2026-06-30,3533,9.020366
2026-06-30,3534,9.020403
2026-06-30,3535,9.02044
2026-06-30,3536,9.020476
2026-06-30,3537,9.020513
2026-06-30,3538,9.020549
2026-06-30,3539,9.020586
2026-06-30,3540,9.020623
2026-06-30,3541,9.020659
2026-06-30,3542,9.020696
2026-06-30,3543,9.020733
2026-06-30,3544,9.020769
2026-06-30,3545,9.020806
2026-06-30,3546,9.020842
2026-06-30,3547,9.020879
2026-06-30,3548,9.020916
2026-06-30,3549,9.020952
2026-06-30,3550,9.020989
2026-06-30,3551,9.021026
2026-06-30,3552,9.021062
2026-06-30,3553,9.021099
2026-06-30,3554,9.021136
2026-06-30,3555,9.021172
2026-06-30,3556,9.021209
2026-06-30,3557,9.021245
2026-06-30,3558,9.021282
2026-06-30,3559,9.021319
2026-06-30,3560,9.021355
2026-06-30,3561,9.021392
2026-06-30,3562,9.021429
2026-06-30,3563,9.021465
2026-06-30,3564,9.021502
2026-06-30,3565,9.021538
2026-06-30,3566,9.021575
2026-06-30,3567,9.021612
2026-06-30,3568,9.021648
2026-06-30,3569,9.021685
2026-06-30,3570,9.021722
2026-06-30,3571,9.021758
2026-06-30,3572,9.021795
2026-06-30,3573,9.021832
2026-06-30,3574,9.021868
2026-06-30,3575,9.021905
2026-06-30,3576,9.021941
2026-06-30,3577,9.021978
2026-06-30,3578,9.022015
2026-06-30,3579,9.022051
2026-06-30,3580,9.022088
2026-06-30,3581,9.022125
2026-06-30,3582,9.022161
2026-06-30,3583,9.022198
2026-06-30,3584,9.022234
2026-06-30,3585,9.022271
2026-06-30,3586,9.022308
2026-06-30,3587,9.022344
2026-06-30,3588,9.022381
2026-06-30,3589,9.022418
2026-06-30,3590,9.022454
2026-06-30,3591,9.022491
2026-06-30,3592,9.022527
2026-06-30,3593,9.022564
2026-06-30,3594,9.022601
2026-06-30,3595,9.022637
2026-06-30,3596,9.022674
2026-06-30,3597,9.022711
2026-06-30,3598,9.022747
2026-06-30,3599,9.022784
2026-06-30,3600,9.022821
2026-06-30,3601,9.022857
2026-06-30,3602,9.022894
2026-06-30,3603,9.02293
2026-06-30,3604,9.022967
2026-06-30,3605,9.023004
2026-06-30,3606,9.02304
2026-06-30,3607,9.023077
2026-06-30,3608,9.023114
2026-06-30,3609,9.02315
2026-06-30,3610,9.023187
2026-06-30,3611,9.023223
2026-06-30,3612,9.02326
2026-06-30,3613,9.023297
2026-06-30,3614,9.023333
2026-06-30,3615,9.02337
2026-06-30,3616,9.023407
2026-06-30,3617,9.023443
2026-06-30,3618,9.02348
2026-06-30,3619,9.023516
2026-06-30,3620,9.023553
2026-06-30,3621,9.02359
2026-06-30,3622,9.023626
2026-06-30,3623,9.023663
2026-06-30,3624,9.0237
2026-06-30,3625,9.023736
2026-06-30,3626,9.023773
2026-06-30,3627,9.02381
2026-06-30,3628,9.023846
2026-06-30,3629,9.023883
2026-06-30,3630,9.023919
2026-06-30,3631,9.023956
2026-06-30,3632,9.023993
2026-06-30,3633,9.024029
2026-06-30,3634,9.024066
2026-06-30,3635,9.024103
2026-06-30,3636,9.024139
2026-06-30,3637,9.024176
2026-06-30,3638,9.024212
2026-06-30,3639,9.024249
2026-06-30,3640,9.024286
2026-06-30,3641,9.024322
2026-06-30,3642,9.024359
2026-06-30,3643,9.024396
2026-06-30,3644,9.024432
2026-06-30,3645,9.024469
2026-06-30,3646,9.024505
2026-06-30,3647,9.024542
2026-06-30,3648,9.024579
2026-06-30,3649,9.024615
2026-06-30,3650,9.024652
2026-06-30,3651,9.024689
2026-06-30,3652,9.024725
2026-06-30,3653,9.024762
2026-06-30,3654,9.024799
2026-06-30,3655,9.024835
2026-06-30,3656,9.024872
2026-06-30,3657,9.024908
2026-06-30,3658,9.024945
2026-06-30,3659,9.024982
2026-06-30,3660,9.025018
2026-06-30,3661,9.025055
2026-06-30,3662,9.025092
2026-06-30,3663,9.025128
2026-06-30,3664,9.025165
2026-06-30,3665,9.025201
2026-06-30,3666,9.025238
2026-06-30,3667,9.025275
2026-06-30,3668,9.025311
2026-06-30,3669,9.025348
2026-06-30,3670,9.025385
2026-06-30,3671,9.025421
2026-06-30,3672,9.025458
2026-06-30,3673,9.025495
2026-06-30,3674,9.025531
2026-06-30,3675,9.025568
2026-06-30,3676,9.025604
2026-06-30,3677,9.025641
2026-06-30,3678,9.025678
2026-06-30,3679,9.025714
2026-06-30,3680,9.025751
2026-06-30,3681,9.025788
2026-06-30,3682,9.025824
2026-06-30,3683,9.025861
2026-06-30,3684,9.025897
2026-06-30,3685,9.025934
2026-06-30,3686,9.025971
2026-06-30,3687,9.026007
2026-06-30,3688,9.026044
2026-06-30,3689,9.026081
2026-06-30,3690,9.026117
2026-06-30,3691,9.026154
2026-06-30,3692,9.02619
2026-06-30,3693,9.026227
2026-06-30,3694,9.026264
2026-06-30,3695,9.0263
2026-06-30,3696,9.026337
2026-06-30,3697,9.026374
2026-06-30,3698,9.02641
2026-06-30,3699,9.026447
2026-06-30,3700,9.026484
2026-06-30,3701,9.02652
2026-06-30,3702,9.026557
2026-06-30,3703,9.026593
2026-06-30,3704,9.02663
2026-06-30,3705,9.026667
2026-06-30,3706,9.026703
2026-06-30,3707,9.02674
2026-06-30,3708,9.026777
2026-06-30,3709,9.026813
2026-06-30,3710,9.02685
2026-06-30,3711,9.026886
2026-06-30,3712,9.026923
2026-06-30,3713,9.02696
2026-06-30,3714,9.026996
2026-06-30,3715,9.027033
2026-06-30,3716,9.02707
2026-06-30,3717,9.027106
2026-06-30,3718,9.027143
2026-06-30,3719,9.027179
2026-06-30,3720,9.027216
2026-06-30,3721,9.027253
2026-06-30,3722,9.027289
2026-06-30,3723,9.027326
2026-06-30,3724,9.027363
2026-06-30,3725,9.027399
2026-06-30,3726,9.027436
2026-06-30,3727,9.027473
2026-06-30,3728,9.027509
2026-06-30,3729,9.027546
2026-06-30,3730,9.027582
2026-06-30,3731,9.027619
2026-06-30,3732,9.027656
2026-06-30,3733,9.027692
2026-06-30,3734,9.027729
2026-06-30,3735,9.027766
2026-06-30,3736,9.027802
2026-06-30,3737,9.027839
2026-06-30,3738,9.027875
2026-06-30,3739,9.027912
2026-06-30,3740,9.027949
2026-06-30,3741,9.027985
2026-06-30,3742,9.028022
2026-06-30,3743,9.028059
2026-06-30,3744,9.028095
2026-06-30,3745,9.028132
2026-06-30,3746,9.028168
2026-06-30,3747,9.028205
2026-06-30,3748,9.028242
2026-06-30,3749,9.028278
2026-06-30,3750,9.028315
2026-06-30,3751,9.028352
2026-06-30,3752,9.028388
2026-06-30,3753,9.028425
2026-06-30,3754,9.028462
2026-06-30,3755,9.028498
2026-06-30,3756,9.028535
2026-06-30,3757,9.028571
2026-06-30,3758,9.028608
2026-06-30,3759,9.028645
2026-06-30,3760,9.028681
2026-06-30,3761,9.028718
2026-06-30,3762,9.028755
2026-06-30,3763,9.028791
2026-06-30,3764,9.028828
2026-06-30,3765,9.028864
2026-06-30,3766,9.028901
2026-06-30,3767,9.028938
2026-06-30,3768,9.028974
2026-06-30,3769,9.029011
2026-06-30,3770,9.029048
2026-06-30,3771,9.029084
2026-06-30,3772,9.029121
2026-06-30,3773,9.029158
2026-06-30,3774,9.029194
2026-06-30,3775,9.029231
2026-06-30,3776,9.029267
2026-06-30,3777,9.029304
2026-06-30,3778,9.029341
2026-06-30,3779,9.029377
2026-06-30,3780,9.029414
2026-06-30,3781,9.029451
2026-06-30,3782,9.029487
2026-06-30,3783,9.029524
2026-06-30,3784,9.02956
2026-06-30,3785,9.029597
2026-06-30,3786,9.029634
2026-06-30,3787,9.02967
2026-06-30,3788,9.029707
2026-06-30,3789,9.029744
2026-06-30,3790,9.02978
2026-06-30,3791,9.029817
2026-06-30,3792,9.029853
2026-06-30,3793,9.02989
2026-06-30,3794,9.029927
2026-06-30,3795,9.029963
2026-06-30,3796,9.03
2026-06-30,3797,9.030385
2026-06-30,3798,9.030769
2026-06-30,3799,9.031154
2026-06-30,3800,9.031538
2026-06-30,3801,9.031923
2026-06-30,3802,9.032308
2026-06-30,3803,9.032692
2026-06-30,3804,9.033077
2026-06-30,3805,9.033462
2026-06-30,3806,9.033846
2026-06-30,3807,9.034231
2026-06-30,3808,9.034615
2026-06-30,3809,9.035
2026-06-30,3810,9.035385
2026-06-30,3811,9.035769
2026-06-30,3812,9.036154
2026-06-30,3813,9.036538
2026-06-30,3814,9.036923
2026-06-30,3815,9.037308
2026-06-30,3816,9.037692
2026-06-30,3817,9.038077
2026-06-30,3818,9.038462
2026-06-30,3819,9.038846
2026-06-30,3820,9.039231
2026-06-30,3821,9.039615
2026-06-30,3822,9.04
2026-06-30,3823,9.040385
2026-06-30,3824,9.040769
2026-06-30,3825,9.041154
2026-06-30,3826,9.041538
2026-06-30,3827,9.041923
2026-06-30,3828,9.042308
2026-06-30,3829,9.042692
2026-06-30,3830,9.043077
2026-06-30,3831,9.043462
2026-06-30,3832,9.043846
2026-06-30,3833,9.044231
2026-06-30,3834,9.044615
2026-06-30,3835,9.045
2026-06-30,3836,9.045385
2026-06-30,3837,9.045769
2026-06-30,3838,9.046154
2026-06-30,3839,9.046538
2026-06-30,3840,9.046923
2026-06-30,3841,9.047308
2026-06-30,3842,9.047692
2026-06-30,3843,9.048077
2026-06-30,3844,9.048462
2026-06-30,3845,9.048846
2026-06-30,3846,9.049231
2026-06-30,3847,9.049615
2026-06-30,3848,9.05
2026-06-30,3849,9.050385
2026-06-30,3850,9.050769
2026-06-30,3851,9.051154
2026-06-30,3852,9.051538
2026-06-30,3853,9.051923
2026-06-30,3854,9.052308
2026-06-30,3855,9.052692
2026-06-30,3856,9.053077
2026-06-30,3857,9.053462
2026-06-30,3858,9.053846
2026-06-30,3859,9.054231
2026-06-30,3860,9.054615
2026-06-30,3861,9.055
2026-06-30,3862,9.055385
2026-06-30,3863,9.055769
2026-06-30,3864,9.056154
2026-06-30,3865,9.056538
2026-06-30,3866,9.056923
2026-06-30,3867,9.057308
2026-06-30,3868,9.057692
2026-06-30,3869,9.058077
2026-06-30,3870,9.058462
2026-06-30,3871,9.058846
2026-06-30,3872,9.059231
2026-06-30,3873,9.059615
2026-06-30,3874,9.06
2026-06-30,3875,9.060385
2026-06-30,3876,9.060769
2026-06-30,3877,9.061154
2026-06-30,3878,9.061538
2026-06-30,3879,9.061923
2026-06-30,3880,9.062308
2026-06-30,3881,9.062692
2026-06-30,3882,9.063077
2026-06-30,3883,9.063462
2026-06-30,3884,9.063846
2026-06-30,3885,9.064231
2026-06-30,3886,9.064615
2026-06-30,3887,9.065
2026-06-30,3888,9.065385
2026-06-30,3889,9.065769
2026-06-30,3890,9.066154
2026-06-30,3891,9.066538
2026-06-30,3892,9.066923
2026-06-30,3893,9.067308
2026-06-30,3894,9.067692
2026-06-30,3895,9.068077
2026-06-30,3896,9.068462
2026-06-30,3897,9.068846
2026-06-30,3898,9.069231
2026-06-30,3899,9.069615
2026-06-30,3900,9.07
2026-06-30,3901,9.070385
2026-06-30,3902,9.070769
2026-06-30,3903,9.071154
2026-06-30,3904,9.071538
2026-06-30,3905,9.071923
2026-06-30,3906,9.072308
2026-06-30,3907,9.072692
2026-06-30,3908,9.073077
2026-06-30,3909,9.073462
2026-06-30,3910,9.073846
2026-06-30,3911,9.074231
2026-06-30,3912,9.074615
2026-06-30,3913,9.075
2026-06-30,3914,9.075385
2026-06-30,3915,9.075769
2026-06-30,3916,9.076154
2026-06-30,3917,9.076538
2026-06-30,3918,9.076923
2026-06-30,3919,9.077308
2026-06-30,3920,9.077692
2026-06-30,3921,9.078077
2026-06-30,3922,9.078462
2026-06-30,3923,9.078846
2026-06-30,3924,9.079231
2026-06-30,3925,9.079615
2026-06-30,3926,9.08
2026-06-30,3927,9.080385
2026-06-30,3928,9.080769
2026-06-30,3929,9.081154
2026-06-30,3930,9.081538
2026-06-30,3931,9.081923
2026-06-30,3932,9.082308
2026-06-30,3933,9.082692
2026-06-30,3934,9.083077
2026-06-30,3935,9.083462
2026-06-30,3936,9.083846
2026-06-30,3937,9.084231
2026-06-30,3938,9.084615
2026-06-30,3939,9.085
2026-06-30,3940,9.085385
2026-06-30,3941,9.085769
2026-06-30,3942,9.086154
2026-06-30,3943,9.086538
2026-06-30,3944,9.086923
2026-06-30,3945,9.087308
2026-06-30,3946,9.087692
2026-06-30,3947,9.088077
2026-06-30,3948,9.088462
2026-06-30,3949,9.088846
2026-06-30,3950,9.089231
2026-06-30,3951,9.089615
2026-06-30,3952,9.09
2026-06-30,3953,9.090385
2026-06-30,3954,9.090769
2026-06-30,3955,9.091154
2026-06-30,3956,9.091538
2026-06-30,3957,9.091923
2026-06-30,3958,9.092308
2026-06-30,3959,9.092692
2026-06-30,3960,9.093077
2026-06-30,3961,9.093462
2026-06-30,3962,9.093846
2026-06-30,3963,9.094231
2026-06-30,3964,9.094615
2026-06-30,3965,9.095
2026-06-30,3966,9.095385
2026-06-30,3967,9.095769
2026-06-30,3968,9.096154
2026-06-30,3969,9.096538
2026-06-30,3970,9.096923
2026-06-30,3971,9.097308
2026-06-30,3972,9.097692
2026-06-30,3973,9.098077
2026-06-30,3974,9.098462
2026-06-30,3975,9.098846
2026-06-30,3976,9.099231
2026-06-30,3977,9.099615
2026-06-30,3978,9.1
2026-06-30,3979,9.100385
2026-06-30,3980,9.100769
2026-06-30,3981,9.101154
2026-06-30,3982,9.101538
2026-06-30,3983,9.101923
2026-06-30,3984,9.102308
2026-06-30,3985,9.102692
2026-06-30,3986,9.103077
2026-06-30,3987,9.103462
2026-06-30,3988,9.103846
2026-06-30,3989,9.104231
2026-06-30,3990,9.104615
2026-06-30,3991,9.105
2026-06-30,3992,9.105385
2026-06-30,3993,9.105769
2026-06-30,3994,9.106154
2026-06-30,3995,9.106538
2026-06-30,3996,9.106923
2026-06-30,3997,9.107308
2026-06-30,3998,9.107692
2026-06-30,3999,9.108077
2026-06-30,4000,9.108462
2026-06-30,4001,9.108846
2026-06-30,4002,9.109231
2026-06-30,4003,9.109615
2026-06-30,4004,9.11
2026-06-30,4005,9.110385
2026-06-30,4006,9.110769
2026-06-30,4007,9.111154
2026-06-30,4008,9.111538
2026-06-30,4009,9.111923
2026-06-30,4010,9.112308
2026-06-30,4011,9.112692
2026-06-30,4012,9.113077
2026-06-30,4013,9.113462
2026-06-30,4014,9.113846
2026-06-30,4015,9.114231
2026-06-30,4016,9.114615
2026-06-30,4017,9.115
2026-06-30,4018,9.115385
2026-06-30,4019,9.115769
2026-06-30,4020,9.116154
2026-06-30,4021,9.116538
2026-06-30,4022,9.116923
2026-06-30,4023,9.117308
2026-06-30,4024,9.117692
2026-06-30,4025,9.118077
2026-06-30,4026,9.118462
2026-06-30,4027,9.118846
2026-06-30,4028,9.119231
2026-06-30,4029,9.119615
2026-06-30,4030,9.12
2026-06-30,4031,9.120385
2026-06-30,4032,9.120769
2026-06-30,4033,9.121154
2026-06-30,4034,9.121538
2026-06-30,4035,9.121923
2026-06-30,4036,9.122308
2026-06-30,4037,9.122692
2026-06-30,4038,9.123077
2026-06-30,4039,9.123462
2026-06-30,4040,9.123846
2026-06-30,4041,9.124231
2026-06-30,4042,9.124615
2026-06-30,4043,9.125
2026-06-30,4044,9.125385
2026-06-30,4045,9.125769
2026-06-30,4046,9.126154
2026-06-30,4047,9.126538
2026-06-30,4048,9.126923
2026-06-30,4049,9.127308
2026-06-30,4050,9.127692
2026-06-30,4051,9.128077
2026-06-30,4052,9.128462
2026-06-30,4053,9.128846
2026-06-30,4054,9.129231
2026-06-30,4055,9.129615
2026-06-30,4056,9.13
2026-06-30,4057,9.130385
2026-06-30,4058,9.130769
2026-06-30,4059,9.131154
2026-06-30,4060,9.131538
2026-06-30,4061,9.131923
2026-06-30,4062,9.132308
2026-06-30,4063,9.132692
2026-06-30,4064,9.133077
2026-06-30,4065,9.133462
2026-06-30,4066,9.133846
2026-06-30,4067,9.134231
2026-06-30,4068,9.134615
2026-06-30,4069,9.135
2026-06-30,4070,9.135385
2026-06-30,4071,9.135769
2026-06-30,4072,9.136154
2026-06-30,4073,9.136538
2026-06-30,4074,9.136923
2026-06-30,4075,9.137308
2026-06-30,4076,9.137692
2026-06-30,4077,9.138077
2026-06-30,4078,9.138462
2026-06-30,4079,9.138846
2026-06-30,4080,9.139231
2026-06-30,4081,9.139615
2026-06-30,4082,9.14
2026-06-30,4083,9.140385
2026-06-30,4084,9.140769
2026-06-30,4085,9.141154
2026-06-30,4086,9.141538
2026-06-30,4087,9.141923
2026-06-30,4088,9.142308
2026-06-30,4089,9.142692
2026-06-30,4090,9.143077
2026-06-30,4091,9.143462
2026-06-30,4092,9.143846
2026-06-30,4093,9.144231
2026-06-30,4094,9.144615
2026-06-30,4095,9.145
2026-06-30,4096,9.145385
2026-06-30,4097,9.145769
2026-06-30,4098,9.146154
2026-06-30,4099,9.146538
2026-06-30,4100,9.146923
2026-06-30,4101,9.147308
2026-06-30,4102,9.147692
2026-06-30,4103,9.148077
2026-06-30,4104,9.148462
2026-06-30,4105,9.148846
2026-06-30,4106,9.149231
2026-06-30,4107,9.149615
2026-06-30,4108,9.15
2026-06-30,4109,9.150385
2026-06-30,4110,9.150769
2026-06-30,4111,9.151154
2026-06-30,4112,9.151538
2026-06-30,4113,9.151923
2026-06-30,4114,9.152308
2026-06-30,4115,9.152692
2026-06-30,4116,9.153077
2026-06-30,4117,9.153462
2026-06-30,4118,9.153846
2026-06-30,4119,9.154231
2026-06-30,4120,9.154615
2026-06-30,4121,9.155
2026-06-30,4122,9.155385
2026-06-30,4123,9.155769
2026-06-30,4124,9.156154
2026-06-30,4125,9.156538
2026-06-30,4126,9.156923
2026-06-30,4127,9.157308
2026-06-30,4128,9.157692
2026-06-30,4129,9.158077
2026-06-30,4130,9.158462
2026-06-30,4131,9.158846
2026-06-30,4132,9.159231
2026-06-30,4133,9.159615
2026-06-30,4134,9.16
2026-06-30,4135,9.160385
2026-06-30,4136,9.160769
2026-06-30,4137,9.161154
2026-06-30,4138,9.161538
2026-06-30,4139,9.161923
2026-06-30,4140,9.162308
2026-06-30,4141,9.162692
2026-06-30,4142,9.163077
2026-06-30,4143,9.163462
2026-06-30,4144,9.163846
2026-06-30,4145,9.164231
2026-06-30,4146,9.164615
2026-06-30,4147,9.165
2026-06-30,4148,9.165385
2026-06-30,4149,9.165769
2026-06-30,4150,9.166154
2026-06-30,4151,9.166538
2026-06-30,4152,9.166923
2026-06-30,4153,9.167308
2026-06-30,4154,9.167692
2026-06-30,4155,9.168077
2026-06-30,4156,9.168462
2026-06-30,4157,9.168846
2026-06-30,4158,9.169231
2026-06-30,4159,9.169615
2026-06-30,4160,9.17
2026-06-30,4161,9.170385
2026-06-30,4162,9.170769
2026-06-30,4163,9.171154
2026-06-30,4164,9.171538
2026-06-30,4165,9.171923
2026-06-30,4166,9.172308
2026-06-30,4167,9.172692
2026-06-30,4168,9.173077
2026-06-30,4169,9.173462
2026-06-30,4170,9.173846
2026-06-30,4171,9.174231
2026-06-30,4172,9.174615
2026-06-30,4173,9.175
2026-06-30,4174,9.175385
2026-06-30,4175,9.175769
2026-06-30,4176,9.176154
2026-06-30,4177,9.176538
2026-06-30,4178,9.176923
2026-06-30,4179,9.177308
2026-06-30,4180,9.177692
2026-06-30,4181,9.178077
2026-06-30,4182,9.178462
2026-06-30,4183,9.178846
2026-06-30,4184,9.179231
2026-06-30,4185,9.179615
2026-06-30,4186,9.18
2026-06-30,4187,9.180385
2026-06-30,4188,9.180769
2026-06-30,4189,9.181154
2026-06-30,4190,9.181538
2026-06-30,4191,9.181923
2026-06-30,4192,9.182308
2026-06-30,4193,9.182692
2026-06-30,4194,9.183077
2026-06-30,4195,9.183462
2026-06-30,4196,9.183846
2026-06-30,4197,9.184231
2026-06-30,4198,9.184615
2026-06-30,4199,9.185
2026-06-30,4200,9.185385
2026-06-30,4201,9.185769
2026-06-30,4202,9.186154
2026-06-30,4203,9.186538
2026-06-30,4204,9.186923
2026-06-30,4205,9.187308
2026-06-30,4206,9.187692
2026-06-30,4207,9.188077
2026-06-30,4208,9.188462
2026-06-30,4209,9.188846
2026-06-30,4210,9.189231
2026-06-30,4211,9.189615
2026-06-30,4212,9.19
2026-06-30,4213,9.190385
2026-06-30,4214,9.190769
2026-06-30,4215,9.191154
2026-06-30,4216,9.191538
2026-06-30,4217,9.191923
2026-06-30,4218,9.192308
2026-06-30,4219,9.192692
2026-06-30,4220,9.193077
2026-06-30,4221,9.193462
2026-06-30,4222,9.193846
2026-06-30,4223,9.194231
2026-06-30,4224,9.194615
2026-06-30,4225,9.195
2026-06-30,4226,9.195385
2026-06-30,4227,9.195769
2026-06-30,4228,9.196154
2026-06-30,4229,9.196538
2026-06-30,4230,9.196923
2026-06-30,4231,9.197308
2026-06-30,4232,9.197692
2026-06-30,4233,9.198077
2026-06-30,4234,9.198462
2026-06-30,4235,9.198846
2026-06-30,4236,9.199231
2026-06-30,4237,9.199615
2026-06-30,4238,9.2
2026-06-30,4239,9.200385
2026-06-30,4240,9.200769
2026-06-30,4241,9.201154
2026-06-30,4242,9.201538
2026-06-30,4243,9.201923
2026-06-30,4244,9.202308
2026-06-30,4245,9.202692
2026-06-30,4246,9.203077
2026-06-30,4247,9.203462
2026-06-30,4248,9.203846
2026-06-30,4249,9.204231
2026-06-30,4250,9.204615
2026-06-30,4251,9.205
2026-06-30,4252,9.205385
2026-06-30,4253,9.205769
2026-06-30,4254,9.206154
2026-06-30,4255,9.206538
2026-06-30,4256,9.206923
2026-06-30,4257,9.207308
2026-06-30,4258,9.207692
2026-06-30,4259,9.208077
2026-06-30,4260,9.208462
2026-06-30,4261,9.208846
2026-06-30,4262,9.209231
2026-06-30,4263,9.209615
2026-06-30,4264,9.21
2026-06-30,4265,9.210385
2026-06-30,4266,9.210769
2026-06-30,4267,9.211154
2026-06-30,4268,9.211538
2026-06-30,4269,9.211923
2026-06-30,4270,9.212308
2026-06-30,4271,9.212692
2026-06-30,4272,9.213077
2026-06-30,4273,9.213462
2026-06-30,4274,9.213846
2026-06-30,4275,9.214231
2026-06-30,4276,9.214615
2026-06-30,4277,9.215
2026-06-30,4278,9.215385
2026-06-30,4279,9.215769
2026-06-30,4280,9.216154
2026-06-30,4281,9.216538
2026-06-30,4282,9.216923
2026-06-30,4283,9.217308
2026-06-30,4284,9.217692
2026-06-30,4285,9.218077
2026-06-30,4286,9.218462
2026-06-30,4287,9.218846
2026-06-30,4288,9.219231
2026-06-30,4289,9.219615
2026-06-30,4290,9.22
2026-06-30,4291,9.220385
2026-06-30,4292,9.220769
2026-06-30,4293,9.221154
2026-06-30,4294,9.221538
2026-06-30,4295,9.221923
2026-06-30,4296,9.222308
2026-06-30,4297,9.222692
2026-06-30,4298,9.223077
2026-06-30,4299,9.223462
2026-06-30,4300,9.223846
2026-06-30,4301,9.224231
2026-06-30,4302,9.224615
2026-06-30,4303,9.225
2026-06-30,4304,9.225385
2026-06-30,4305,9.225769
2026-06-30,4306,9.226154
2026-06-30,4307,9.226538
2026-06-30,4308,9.226923
2026-06-30,4309,9.227308
2026-06-30,4310,9.227692
2026-06-30,4311,9.228077
2026-06-30,4312,9.228462
2026-06-30,4313,9.228846
2026-06-30,4314,9.229231
2026-06-30,4315,9.229615
2026-06-30,4316,9.23
2026-06-30,4317,9.230385
2026-06-30,4318,9.230769
2026-06-30,4319,9.231154
2026-06-30,4320,9.231538
2026-06-30,4321,9.231923
2026-06-30,4322,9.232308
2026-06-30,4323,9.232692
2026-06-30,4324,9.233077
2026-06-30,4325,9.233462
2026-06-30,4326,9.233846
2026-06-30,4327,9.234231
2026-06-30,4328,9.234615
2026-06-30,4329,9.235
2026-06-30,4330,9.235385
2026-06-30,4331,9.235769
2026-06-30,4332,9.236154
2026-06-30,4333,9.236538
2026-06-30,4334,9.236923
2026-06-30,4335,9.237308
2026-06-30,4336,9.237692
2026-06-30,4337,9.238077
2026-06-30,4338,9.238462
2026-06-30,4339,9.238846
2026-06-30,4340,9.239231
2026-06-30,4341,9.239615
2026-06-30,4342,9.24
2026-06-30,4343,9.240385
2026-06-30,4344,9.240769
2026-06-30,4345,9.241154
2026-06-30,4346,9.241538
2026-06-30,4347,9.241923
2026-06-30,4348,9.242308
2026-06-30,4349,9.242692
2026-06-30,4350,9.243077
2026-06-30,4351,9.243462
2026-06-30,4352,9.243846
2026-06-30,4353,9.244231
2026-06-30,4354,9.244615
2026-06-30,4355,9.245
2026-06-30,4356,9.245385
2026-06-30,4357,9.245769
2026-06-30,4358,9.246154
2026-06-30,4359,9.246538
2026-06-30,4360,9.246923
2026-06-30,4361,9.247308
2026-06-30,4362,9.247692
2026-06-30,4363,9.248077
2026-06-30,4364,9.248462
2026-06-30,4365,9.248846
2026-06-30,4366,9.249231
2026-06-30,4367,9.249615
2026-06-30,4368,9.25
2026-06-30,4369,9.250385
2026-06-30,4370,9.250769
2026-06-30,4371,9.251154
2026-06-30,4372,9.251538
2026-06-30,4373,9.251923
2026-06-30,4374,9.252308
2026-06-30,4375,9.252692
2026-06-30,4376,9.253077
2026-06-30,4377,9.253462
2026-06-30,4378,9.253846
2026-06-30,4379,9.254231
2026-06-30,4380,9.254615
2026-06-30,4381,9.255
2026-06-30,4382,9.255385
2026-06-30,4383,9.255769
2026-06-30,4384,9.256154
2026-06-30,4385,9.256538
2026-06-30,4386,9.256923
2026-06-30,4387,9.257308
2026-06-30,4388,9.257692
2026-06-30,4389,9.258077
2026-06-30,4390,9.258462
2026-06-30,4391,9.258846
2026-06-30,4392,9.259231
2026-06-30,4393,9.259615
2026-06-30,4394,9.26
2026-06-30,4395,9.260385
2026-06-30,4396,9.260769
2026-06-30,4397,9.261154
2026-06-30,4398,9.261538
2026-06-30,4399,9.261923
2026-06-30,4400,9.262308
2026-06-30,4401,9.262692
2026-06-30,4402,9.263077
2026-06-30,4403,9.263462
2026-06-30,4404,9.263846
2026-06-30,4405,9.264231
2026-06-30,4406,9.264615
2026-06-30,4407,9.265
2026-06-30,4408,9.265385
2026-06-30,4409,9.265769
2026-06-30,4410,9.266154
2026-06-30,4411,9.266538
2026-06-30,4412,9.266923
2026-06-30,4413,9.267308
2026-06-30,4414,9.267692
2026-06-30,4415,9.268077
2026-06-30,4416,9.268462
2026-06-30,4417,9.268846
2026-06-30,4418,9.269231
2026-06-30,4419,9.269615
2026-06-30,4420,9.27
2026-06-30,4421,9.270385
2026-06-30,4422,9.270769
2026-06-30,4423,9.271154
2026-06-30,4424,9.271538
2026-06-30,4425,9.271923
2026-06-30,4426,9.272308
2026-06-30,4427,9.272692
2026-06-30,4428,9.273077
2026-06-30,4429,9.273462
2026-06-30,4430,9.273846
2026-06-30,4431,9.274231
2026-06-30,4432,9.274615
2026-06-30,4433,9.275
2026-06-30,4434,9.275385
2026-06-30,4435,9.275769
2026-06-30,4436,9.276154
2026-06-30,4437,9.276538
2026-06-30,4438,9.276923
2026-06-30,4439,9.277308
2026-06-30,4440,9.277692
2026-06-30,4441,9.278077
2026-06-30,4442,9.278462
2026-06-30,4443,9.278846
2026-06-30,4444,9.279231
2026-06-30,4445,9.279615
2026-06-30,4446,9.28
2026-06-30,4447,9.280385
2026-06-30,4448,9.280769
2026-06-30,4449,9.281154
2026-06-30,4450,9.281538
2026-06-30,4451,9.281923
2026-06-30,4452,9.282308
2026-06-30,4453,9.282692
2026-06-30,4454,9.283077
2026-06-30,4455,9.283462
2026-06-30,4456,9.283846
2026-06-30,4457,9.284231
2026-06-30,4458,9.284615
2026-06-30,4459,9.285
2026-06-30,4460,9.285385
2026-06-30,4461,9.285769
2026-06-30,4462,9.286154
2026-06-30,4463,9.286538
2026-06-30,4464,9.286923
2026-06-30,4465,9.287308
2026-06-30,4466,9.287692
2026-06-30,4467,9.288077
2026-06-30,4468,9.288462
2026-06-30,4469,9.288846
2026-06-30,4470,9.289231
2026-06-30,4471,9.289615
2026-06-30,4472,9.29
2026-06-30,4473,9.290385
2026-06-30,4474,9.290769
2026-06-30,4475,9.291154
2026-06-30,4476,9.291538
2026-06-30,4477,9.291923
2026-06-30,4478,9.292308
2026-06-30,4479,9.292692
2026-06-30,4480,9.293077
2026-06-30,4481,9.293462
2026-06-30,4482,9.293846
2026-06-30,4483,9.294231
2026-06-30,4484,9.294615
2026-06-30,4485,9.295
2026-06-30,4486,9.295385
2026-06-30,4487,9.295769
2026-06-30,4488,9.296154
2026-06-30,4489,9.296538
2026-06-30,4490,9.296923
2026-06-30,4491,9.297308
2026-06-30,4492,9.297692
2026-06-30,4493,9.298077
2026-06-30,4494,9.298462
2026-06-30,4495,9.298846
2026-06-30,4496,9.299231
2026-06-30,4497,9.299615
2026-06-30,4498,9.3
2026-06-30,4499,9.300385
2026-06-30,4500,9.300769
2026-06-30,4501,9.301154
2026-06-30,4502,9.301538
2026-06-30,4503,9.301923
2026-06-30,4504,9.302308
2026-06-30,4505,9.302692
2026-06-30,4506,9.303077
2026-06-30,4507,9.303462
2026-06-30,4508,9.303846
2026-06-30,4509,9.304231
2026-06-30,4510,9.304615
2026-06-30,4511,9.305
2026-06-30,4512,9.305385
2026-06-30,4513,9.305769
2026-06-30,4514,9.306154
2026-06-30,4515,9.306538
2026-06-30,4516,9.306923
2026-06-30,4517,9.307308
2026-06-30,4518,9.307692
2026-06-30,4519,9.308077
2026-06-30,4520,9.308462
2026-06-30,4521,9.308846
2026-06-30,4522,9.309231
2026-06-30,4523,9.309615
2026-06-30,4524,9.31
2026-06-30,4525,9.31013
2026-06-30,4526,9.310261
2026-06-30,4527,9.310391
2026-06-30,4528,9.310522
2026-06-30,4529,9.310652
2026-06-30,4530,9.310783
2026-06-30,4531,9.310913
2026-06-30,4532,9.311044
2026-06-30,4533,9.311174
2026-06-30,4534,9.311305
2026-06-30,4535,9.311435
2026-06-30,4536,9.311566
2026-06-30,4537,9.311696
2026-06-30,4538,9.311827
2026-06-30,4539,9.311957
2026-06-30,4540,9.312088
2026-06-30,4541,9.312218
2026-06-30,4542,9.312349
2026-06-30,4543,9.312479
2026-06-30,4544,9.31261
2026-06-30,4545,9.31274
2026-06-30,4546,9.312871
2026-06-30,4547,9.313001
2026-06-30,4548,9.313132
2026-06-30,4549,9.313262
2026-06-30,4550,9.313393
2026-06-30,4551,9.313523
2026-06-30,4552,9.313654
2026-06-30,4553,9.313784
2026-06-30,4554,9.313915
2026-06-30,4555,9.314045
2026-06-30,4556,9.314176
2026-06-30,4557,9.314306
2026-06-30,4558,9.314437
2026-06-30,4559,9.314567
2026-06-30,4560,9.314698
2026-06-30,4561,9.314828
2026-06-30,4562,9.314959
2026-06-30,4563,9.315089
2026-06-30,4564,9.31522
2026-06-30,4565,9.31535
2026-06-30,4566,9.315481
2026-06-30,4567,9.315611
2026-06-30,4568,9.315742
2026-06-30,4569,9.315872
2026-06-30,4570,9.316003
2026-06-30,4571,9.316133
2026-06-30,4572,9.316264
2026-06-30,4573,9.316394
2026-06-30,4574,9.316525
2026-06-30,4575,9.316655
2026-06-30,4576,9.316786
2026-06-30,4577,9.316916
2026-06-30,4578,9.317047
2026-06-30,4579,9.317177
2026-06-30,4580,9.317308
2026-06-30,4581,9.317438
2026-06-30,4582,9.317569
2026-06-30,4583,9.317699
2026-06-30,4584,9.31783
2026-06-30,4585,9.31796
2026-06-30,4586,9.318091
2026-06-30,4587,9.318221
2026-06-30,4588,9.318352
2026-06-30,4589,9.318482
2026-06-30,4590,9.318613
2026-06-30,4591,9.318743
2026-06-30,4592,9.318874
2026-06-30,4593,9.319004
2026-06-30,4594,9.319135
2026-06-30,4595,9.319265
2026-06-30,4596,9.319396
2026-06-30,4597,9.319526
2026-06-30,4598,9.319657
2026-06-30,4599,9.319787
2026-06-30,4600,9.319918
2026-06-30,4601,9.320048
2026-06-30,4602,9.320179
2026-06-30,4603,9.320309
2026-06-30,4604,9.32044
2026-06-30,4605,9.32057
2026-06-30,4606,9.320701
2026-06-30,4607,9.320831
2026-06-30,4608,9.320962
2026-06-30,4609,9.321092
2026-06-30,4610,9.321223
2026-06-30,4611,9.321353
2026-06-30,4612,9.321484
2026-06-30,4613,9.321614
2026-06-30,4614,9.321745
2026-06-30,4615,9.321875
2026-06-30,4616,9.322005
2026-06-30,4617,9.322136
2026-06-30,4618,9.322266
2026-06-30,4619,9.322397
2026-06-30,4620,9.322527
2026-06-30,4621,9.322658
2026-06-30,4622,9.322788
2026-06-30,4623,9.322919
2026-06-30,4624,9.323049
2026-06-30,4625,9.32318
2026-06-30,4626,9.32331
2026-06-30,4627,9.323441
2026-06-30,4628,9.323571
2026-06-30,4629,9.323702
2026-06-30,4630,9.323832
2026-06-30,4631,9.323963
2026-06-30,4632,9.324093
2026-06-30,4633,9.324224
2026-06-30,4634,9.324354
2026-06-30,4635,9.324485
2026-06-30,4636,9.324615
2026-06-30,4637,9.324746
2026-06-30,4638,9.324876
2026-06-30,4639,9.325007
2026-06-30,4640,9.325137
2026-06-30,4641,9.325268
2026-06-30,4642,9.325398
2026-06-30,4643,9.325529
2026-06-30,4644,9.325659
2026-06-30,4645,9.32579
2026-06-30,4646,9.32592
2026-06-30,4647,9.326051
2026-06-30,4648,9.326181
2026-06-30,4649,9.326312
2026-06-30,4650,9.326442
2026-06-30,4651,9.326573
2026-06-30,4652,9.326703
2026-06-30,4653,9.326834
2026-06-30,4654,9.326964
2026-06-30,4655,9.327095
2026-06-30,4656,9.327225
2026-06-30,4657,9.327356
2026-06-30,4658,9.327486
2026-06-30,4659,9.327617
2026-06-30,4660,9.327747
2026-06-30,4661,9.327878
2026-06-30,4662,9.328008
2026-06-30,4663,9.328139
2026-06-30,4664,9.328269
2026-06-30,4665,9.3284
2026-06-30,4666,9.32853
2026-06-30,4667,9.328661
2026-06-30,4668,9.328791
2026-06-30,4669,9.328922
2026-06-30,4670,9.329052
2026-06-30,4671,9.329183
2026-06-30,4672,9.329313
2026-06-30,4673,9.329444
2026-06-30,4674,9.329574
2026-06-30,4675,9.329705
2026-06-30,4676,9.329835
2026-06-30,4677,9.329966
2026-06-30,4678,9.330096
2026-06-30,4679,9.330227
2026-06-30,4680,9.330357
2026-06-30,4681,9.330488
2026-06-30,4682,9.330618
2026-06-30,4683,9.330749
2026-06-30,4684,9.330879
2026-06-30,4685,9.33101
2026-06-30,4686,9.33114
2026-06-30,4687,9.331271
2026-06-30,4688,9.331401
2026-06-30,4689,9.331532
2026-06-30,4690,9.331662
2026-06-30,4691,9.331793
2026-06-30,4692,9.331923
2026-06-30,4693,9.332054
2026-06-30,4694,9.332184
2026-06-30,4695,9.332315
2026-06-30,4696,9.332445
2026-06-30,4697,9.332576
2026-06-30,4698,9.332706
2026-06-30,4699,9.332837
2026-06-30,4700,9.332967
2026-06-30,4701,9.333098
2026-06-30,4702,9.333228
2026-06-30,4703,9.333359
2026-06-30,4704,9.333489
2026-06-30,4705,9.33362
2026-06-30,4706,9.33375
2026-06-30,4707,9.33388
2026-06-30,4708,9.334011
2026-06-30,4709,9.334141
2026-06-30,4710,9.334272
2026-06-30,4711,9.334402
2026-06-30,4712,9.334533
2026-06-30,4713,9.334663
2026-06-30,4714,9.334794
2026-06-30,4715,9.334924
2026-06-30,4716,9.335055
2026-06-30,4717,9.335185
2026-06-30,4718,9.335316
2026-06-30,4719,9.335446
2026-06-30,4720,9.335577
2026-06-30,4721,9.335707
2026-06-30,4722,9.335838
2026-06-30,4723,9.335968
2026-06-30,4724,9.336099
2026-06-30,4725,9.336229
2026-06-30,4726,9.33636
2026-06-30,4727,9.33649
2026-06-30,4728,9.336621
2026-06-30,4729,9.336751
2026-06-30,4730,9.336882
2026-06-30,4731,9.337012
2026-06-30,4732,9.337143
2026-06-30,4733,9.337273
2026-06-30,4734,9.337404
2026-06-30,4735,9.337534
2026-06-30,4736,9.337665
2026-06-30,4737,9.337795
2026-06-30,4738,9.337926
2026-06-30,4739,9.338056
2026-06-30,4740,9.338187
2026-06-30,4741,9.338317
2026-06-30,4742,9.338448
2026-06-30,4743,9.338578
2026-06-30,4744,9.338709
2026-06-30,4745,9.338839
2026-06-30,4746,9.33897
2026-06-30,4747,9.3391
2026-06-30,4748,9.339231
2026-06-30,4749,9.339361
2026-06-30,4750,9.339492
2026-06-30,4751,9.339622
2026-06-30,4752,9.339753
2026-06-30,4753,9.339883
2026-06-30,4754,9.340014
2026-06-30,4755,9.340144
2026-06-30,4756,9.340275
2026-06-30,4757,9.340405
2026-06-30,4758,9.340536
2026-06-30,4759,9.340666
2026-06-30,4760,9.340797
2026-06-30,4761,9.340927
2026-06-30,4762,9.341058
2026-06-30,4763,9.341188
2026-06-30,4764,9.341319
2026-06-30,4765,9.341449
2026-06-30,4766,9.34158
2026-06-30,4767,9.34171
2026-06-30,4768,9.341841
2026-06-30,4769,9.341971
2026-06-30,4770,9.342102
2026-06-30,4771,9.342232
2026-06-30,4772,9.342363
2026-06-30,4773,9.342493
2026-06-30,4774,9.342624
2026-06-30,4775,9.342754
2026-06-30,4776,9.342885
2026-06-30,4777,9.343015
2026-06-30,4778,9.343146
2026-06-30,4779,9.343276
2026-06-30,4780,9.343407
2026-06-30,4781,9.343537
2026-06-30,4782,9.343668
2026-06-30,4783,9.343798
2026-06-30,4784,9.343929
2026-06-30,4785,9.344059
2026-06-30,4786,9.34419
2026-06-30,4787,9.34432
2026-06-30,4788,9.344451
2026-06-30,4789,9.344581
2026-06-30,4790,9.344712
2026-06-30,4791,9.344842
2026-06-30,4792,9.344973
2026-06-30,4793,9.345103
2026-06-30,4794,9.345234
2026-06-30,4795,9.345364
2026-06-30,4796,9.345495
2026-06-30,4797,9.345625
2026-06-30,4798,9.345755
2026-06-30,4799,9.345886
2026-06-30,4800,9.346016
2026-06-30,4801,9.346147
2026-06-30,4802,9.346277
2026-06-30,4803,9.346408
2026-06-30,4804,9.346538
2026-06-30,4805,9.346669
2026-06-30,4806,9.346799
2026-06-30,4807,9.34693
2026-06-30,4808,9.34706
2026-06-30,4809,9.347191
2026-06-30,4810,9.347321
2026-06-30,4811,9.347452
2026-06-30,4812,9.347582
2026-06-30,4813,9.347713
2026-06-30,4814,9.347843
2026-06-30,4815,9.347974
2026-06-30,4816,9.348104
2026-06-30,4817,9.348235
2026-06-30,4818,9.348365
2026-06-30,4819,9.348496
2026-06-30,4820,9.348626
2026-06-30,4821,9.348757
2026-06-30,4822,9.348887
2026-06-30,4823,9.349018
2026-06-30,4824,9.349148
2026-06-30,4825,9.349279
2026-06-30,4826,9.349409
2026-06-30,4827,9.34954
2026-06-30,4828,9.34967
2026-06-30,4829,9.349801
2026-06-30,4830,9.349931
2026-06-30,4831,9.350062
2026-06-30,4832,9.350192
2026-06-30,4833,9.350323
2026-06-30,4834,9.350453
2026-06-30,4835,9.350584
2026-06-30,4836,9.350714
2026-06-30,4837,9.350845
2026-06-30,4838,9.350975
2026-06-30,4839,9.351106
2026-06-30,4840,9.351236
2026-06-30,4841,9.351367
2026-06-30,4842,9.351497
2026-06-30,4843,9.351628
2026-06-30,4844,9.351758
2026-06-30,4845,9.351889
2026-06-30,4846,9.352019
2026-06-30,4847,9.35215
2026-06-30,4848,9.35228
2026-06-30,4849,9.352411
2026-06-30,4850,9.352541
2026-06-30,4851,9.352672
2026-06-30,4852,9.352802
2026-06-30,4853,9.352933
2026-06-30,4854,9.353063
2026-06-30,4855,9.353194
2026-06-30,4856,9.353324
2026-06-30,4857,9.353455
2026-06-30,4858,9.353585
2026-06-30,4859,9.353716
2026-06-30,4860,9.353846
2026-06-30,4861,9.353977
2026-06-30,4862,9.354107
2026-06-30,4863,9.354238
2026-06-30,4864,9.354368
2026-06-30,4865,9.354499
2026-06-30,4866,9.354629
2026-06-30,4867,9.35476
2026-06-30,4868,9.35489
2026-06-30,4869,9.355021
2026-06-30,4870,9.355151
2026-06-30,4871,9.355282
2026-06-30,4872,9.355412
2026-06-30,4873,9.355543
2026-06-30,4874,9.355673
2026-06-30,4875,9.355804
2026-06-30,4876,9.355934
2026-06-30,4877,9.356065
2026-06-30,4878,9.356195
2026-06-30,4879,9.356326
2026-06-30,4880,9.356456
2026-06-30,4881,9.356587
2026-06-30,4882,9.356717
2026-06-30,4883,9.356848
2026-06-30,4884,9.356978
2026-06-30,4885,9.357109
2026-06-30,4886,9.357239
2026-06-30,4887,9.35737
2026-06-30,4888,9.3575
2026-06-30,4889,9.35763
2026-06-30,4890,9.357761
2026-06-30,4891,9.357891
2026-06-30,4892,9.358022
2026-06-30,4893,9.358152
2026-06-30,4894,9.358283
2026-06-30,4895,9.358413
2026-06-30,4896,9.358544
2026-06-30,4897,9.358674
2026-06-30,4898,9.358805
2026-06-30,4899,9.358935
2026-06-30,4900,9.359066
2026-06-30,4901,9.359196
2026-06-30,4902,9.359327
2026-06-30,4903,9.359457
2026-06-30,4904,9.359588
2026-06-30,4905,9.359718
2026-06-30,4906,9.359849
2026-06-30,4907,9.359979
2026-06-30,4908,9.36011
2026-06-30,4909,9.36024
2026-06-30,4910,9.360371
2026-06-30,4911,9.360501
2026-06-30,4912,9.360632
2026-06-30,4913,9.360762
2026-06-30,4914,9.360893
2026-06-30,4915,9.361023
2026-06-30,4916,9.361154
2026-06-30,4917,9.361284
2026-06-30,4918,9.361415
2026-06-30,4919,9.361545
2026-06-30,4920,9.361676
2026-06-30,4921,9.361806
2026-06-30,4922,9.361937
2026-06-30,4923,9.362067
2026-06-30,4924,9.362198
2026-06-30,4925,9.362328
2026-06-30,4926,9.362459
2026-06-30,4927,9.362589
2026-06-30,4928,9.36272
2026-06-30,4929,9.36285
2026-06-30,4930,9.362981
2026-06-30,4931,9.363111
2026-06-30,4932,9.363242
2026-06-30,4933,9.363372
2026-06-30,4934,9.363503
2026-06-30,4935,9.363633
2026-06-30,4936,9.363764
2026-06-30,4937,9.363894
2026-06-30,4938,9.364025
2026-06-30,4939,9.364155
2026-06-30,4940,9.364286
2026-06-30,4941,9.364416
2026-06-30,4942,9.364547
2026-06-30,4943,9.364677
2026-06-30,4944,9.364808
2026-06-30,4945,9.364938
2026-06-30,4946,9.365069
2026-06-30,4947,9.365199
2026-06-30,4948,9.36533
2026-06-30,4949,9.36546
2026-06-30,4950,9.365591
2026-06-30,4951,9.365721
2026-06-30,4952,9.365852
2026-06-30,4953,9.365982
2026-06-30,4954,9.366113
2026-06-30,4955,9.366243
2026-06-30,4956,9.366374
2026-06-30,4957,9.366504
2026-06-30,4958,9.366635
2026-06-30,4959,9.366765
2026-06-30,4960,9.366896
2026-06-30,4961,9.367026
2026-06-30,4962,9.367157
2026-06-30,4963,9.367287
2026-06-30,4964,9.367418
2026-06-30,4965,9.367548
2026-06-30,4966,9.367679
2026-06-30,4967,9.367809
2026-06-30,4968,9.36794
2026-06-30,4969,9.36807
2026-06-30,4970,9.368201
2026-06-30,4971,9.368331
2026-06-30,4972,9.368462
2026-06-30,4973,9.368592
2026-06-30,4974,9.368723
2026-06-30,4975,9.368853
2026-06-30,4976,9.368984
2026-06-30,4977,9.369114
2026-06-30,4978,9.369245
2026-06-30,4979,9.369375
2026-06-30,4980,9.369505
2026-06-30,4981,9.369636
2026-06-30,4982,9.369766
2026-06-30,4983,9.369897
2026-06-30,4984,9.370027
2026-06-30,4985,9.370158
2026-06-30,4986,9.370288
2026-06-30,4987,9.370419
2026-06-30,4988,9.370549
2026-06-30,4989,9.37068
2026-06-30,4990,9.37081
2026-06-30,4991,9.370941
2026-06-30,4992,9.371071
2026-06-30,4993,9.371202
2026-06-30,4994,9.371332
2026-06-30,4995,9.371463
2026-06-30,4996,9.371593
2026-06-30,4997,9.371724
2026-06-30,4998,9.371854
2026-06-30,4999,9.371985
2026-06-30,5000,9.372115
2026-06-30,5001,9.372246
2026-06-30,5002,9.372376
2026-06-30,5003,9.372507
2026-06-30,5004,9.372637
2026-06-30,5005,9.372768
2026-06-30,5006,9.372898
2026-06-30,5007,9.373029
2026-06-30,5008,9.373159
2026-06-30,5009,9.37329
2026-06-30,5010,9.37342
2026-06-30,5011,9.373551
2026-06-30,5012,9.373681
2026-06-30,5013,9.373812
2026-06-30,5014,9.373942
2026-06-30,5015,9.374073
2026-06-30,5016,9.374203
2026-06-30,5017,9.374334
2026-06-30,5018,9.374464
2026-06-30,5019,9.374595
2026-06-30,5020,9.374725
2026-06-30,5021,9.374856
2026-06-30,5022,9.374986
2026-06-30,5023,9.375117
2026-06-30,5024,9.375247
2026-06-30,5025,9.375378
2026-06-30,5026,9.375508
2026-06-30,5027,9.375639
2026-06-30,5028,9.375769
2026-06-30,5029,9.3759
2026-06-30,5030,9.37603
2026-06-30,5031,9.376161
2026-06-30,5032,9.376291
2026-06-30,5033,9.376422
2026-06-30,5034,9.376552
2026-06-30,5035,9.376683
2026-06-30,5036,9.376813
2026-06-30,5037,9.376944
2026-06-30,5038,9.377074
2026-06-30,5039,9.377205
2026-06-30,5040,9.377335
2026-06-30,5041,9.377466
2026-06-30,5042,9.377596
2026-06-30,5043,9.377727
2026-06-30,5044,9.377857
2026-06-30,5045,9.377988
2026-06-30,5046,9.378118
2026-06-30,5047,9.378249
2026-06-30,5048,9.378379
2026-06-30,5049,9.37851
2026-06-30,5050,9.37864
2026-06-30,5051,9.378771
2026-06-30,5052,9.378901
2026-06-30,5053,9.379032
2026-06-30,5054,9.379162
2026-06-30,5055,9.379293
2026-06-30,5056,9.379423
2026-06-30,5057,9.379554
2026-06-30,5058,9.379684
2026-06-30,5059,9.379815
2026-06-30,5060,9.379945
2026-06-30,5061,9.380076
2026-06-30,5062,9.380206
2026-06-30,5063,9.380337
2026-06-30,5064,9.380467
2026-06-30,5065,9.380598
2026-06-30,5066,9.380728
2026-06-30,5067,9.380859
2026-06-30,5068,9.380989
2026-06-30,5069,9.38112
2026-06-30,5070,9.38125
2026-06-30,5071,9.38138
2026-06-30,5072,9.381511
2026-06-30,5073,9.381641
2026-06-30,5074,9.381772
2026-06-30,5075,9.381902
2026-06-30,5076,9.382033
2026-06-30,5077,9.382163
2026-06-30,5078,9.382294
2026-06-30,5079,9.382424
2026-06-30,5080,9.382555
2026-06-30,5081,9.382685
2026-06-30,5082,9.382816
2026-06-30,5083,9.382946
2026-06-30,5084,9.383077
2026-06-30,5085,9.383207
2026-06-30,5086,9.383338
2026-06-30,5087,9.383468
2026-06-30,5088,9.383599
2026-06-30,5089,9.383729
2026-06-30,5090,9.38386
2026-06-30,5091,9.38399
2026-06-30,5092,9.384121
2026-06-30,5093,9.384251
2026-06-30,5094,9.384382
2026-06-30,5095,9.384512
2026-06-30,5096,9.384643
2026-06-30,5097,9.384773
2026-06-30,5098,9.384904
2026-06-30,5099,9.385034
2026-06-30,5100,9.385165
2026-06-30,5101,9.385295
2026-06-30,5102,9.385426
2026-06-30,5103,9.385556
2026-06-30,5104,9.385687
2026-06-30,5105,9.385817
2026-06-30,5106,9.385948
2026-06-30,5107,9.386078
2026-06-30,5108,9.386209
2026-06-30,5109,9.386339
2026-06-30,5110,9.38647
2026-06-30,5111,9.3866
2026-06-30,5112,9.386731
2026-06-30,5113,9.386861
2026-06-30,5114,9.386992
2026-06-30,5115,9.387122
2026-06-30,5116,9.387253
2026-06-30,5117,9.387383
2026-06-30,5118,9.387514
2026-06-30,5119,9.387644
2026-06-30,5120,9.387775
2026-06-30,5121,9.387905
2026-06-30,5122,9.388036
2026-06-30,5123,9.388166
2026-06-30,5124,9.388297
2026-06-30,5125,9.388427
2026-06-30,5126,9.388558
2026-06-30,5127,9.388688
2026-06-30,5128,9.388819
2026-06-30,5129,9.388949
2026-06-30,5130,9.38908
2026-06-30,5131,9.38921
2026-06-30,5132,9.389341
2026-06-30,5133,9.389471
2026-06-30,5134,9.389602
2026-06-30,5135,9.389732
2026-06-30,5136,9.389863
2026-06-30,5137,9.389993
2026-06-30,5138,9.390124
2026-06-30,5139,9.390254
2026-06-30,5140,9.390385
2026-06-30,5141,9.390515
2026-06-30,5142,9.390646
2026-06-30,5143,9.390776
2026-06-30,5144,9.390907
2026-06-30,5145,9.391037
2026-06-30,5146,9.391168
2026-06-30,5147,9.391298
2026-06-30,5148,9.391429
2026-06-30,5149,9.391559
2026-06-30,5150,9.39169
2026-06-30,5151,9.39182
2026-06-30,5152,9.391951
2026-06-30,5153,9.392081
2026-06-30,5154,9.392212
2026-06-30,5155,9.392342
2026-06-30,5156,9.392473
2026-06-30,5157,9.392603
2026-06-30,5158,9.392734
2026-06-30,5159,9.392864
2026-06-30,5160,9.392995
2026-06-30,5161,9.393125
2026-06-30,5162,9.393255
2026-06-30,5163,9.393386
2026-06-30,5164,9.393516
2026-06-30,5165,9.393647
2026-06-30,5166,9.393777
2026-06-30,5167,9.393908
2026-06-30,5168,9.394038
2026-06-30,5169,9.394169
2026-06-30,5170,9.394299
2026-06-30,5171,9.39443
2026-06-30,5172,9.39456
2026-06-30,5173,9.394691
2026-06-30,5174,9.394821
2026-06-30,5175,9.394952
2026-06-30,5176,9.395082
2026-06-30,5177,9.395213
2026-06-30,5178,9.395343
2026-06-30,5179,9.395474
2026-06-30,5180,9.395604
2026-06-30,5181,9.395735
2026-06-30,5182,9.395865
2026-06-30,5183,9.395996
2026-06-30,5184,9.396126
2026-06-30,5185,9.396257
2026-06-30,5186,9.396387
2026-06-30,5187,9.396518
2026-06-30,5188,9.396648
2026-06-30,5189,9.396779
2026-06-30,5190,9.396909
2026-06-30,5191,9.39704
2026-06-30,5192,9.39717
2026-06-30,5193,9.397301
2026-06-30,5194,9.397431
2026-06-30,5195,9.397562
2026-06-30,5196,9.397692
2026-06-30,5197,9.397823
2026-06-30,5198,9.397953
2026-06-30,5199,9.398084
2026-06-30,5200,9.398214
2026-06-30,5201,9.398345
2026-06-30,5202,9.398475
2026-06-30,5203,9.398606
2026-06-30,5204,9.398736
2026-06-30,5205,9.398867
2026-06-30,5206,9.398997
2026-06-30,5207,9.399128
2026-06-30,5208,9.399258
2026-06-30,5209,9.399389
2026-06-30,5210,9.399519
2026-06-30,5211,9.39965
2026-06-30,5212,9.39978
2026-06-30,5213,9.399911
2026-06-30,5214,9.400041
2026-06-30,5215,9.400172
2026-06-30,5216,9.400302
2026-06-30,5217,9.400433
2026-06-30,5218,9.400563
2026-06-30,5219,9.400694
2026-06-30,5220,9.400824
2026-06-30,5221,9.400955
2026-06-30,5222,9.401085
2026-06-30,5223,9.401216
2026-06-30,5224,9.401346
2026-06-30,5225,9.401477
2026-06-30,5226,9.401607
2026-06-30,5227,9.401738
2026-06-30,5228,9.401868
2026-06-30,5229,9.401999
2026-06-30,5230,9.402129
2026-06-30,5231,9.40226
2026-06-30,5232,9.40239
2026-06-30,5233,9.402521
2026-06-30,5234,9.402651
2026-06-30,5235,9.402782
2026-06-30,5236,9.402912
2026-06-30,5237,9.403043
2026-06-30,5238,9.403173
2026-06-30,5239,9.403304
2026-06-30,5240,9.403434
2026-06-30,5241,9.403565
2026-06-30,5242,9.403695
2026-06-30,5243,9.403826
2026-06-30,5244,9.403956
2026-06-30,5245,9.404087
2026-06-30,5246,9.404217
2026-06-30,5247,9.404348
2026-06-30,5248,9.404478
2026-06-30,5249,9.404609
2026-06-30,5250,9.404739
2026-06-30,5251,9.40487
2026-06-30,5252,9.405
2026-06-30,5253,9.40513
2026-06-30,5254,9.405261
2026-06-30,5255,9.405391
2026-06-30,5256,9.405522
2026-06-30,5257,9.405652
2026-06-30,5258,9.405783
2026-06-30,5259,9.405913
2026-06-30,5260,9.406044
2026-06-30,5261,9.406174
2026-06-30,5262,9.406305
2026-06-30,5263,9.406435
2026-06-30,5264,9.406566
2026-06-30,5265,9.406696
2026-06-30,5266,9.406827
2026-06-30,5267,9.406957
2026-06-30,5268,9.407088
2026-06-30,5269,9.407218
2026-06-30,5270,9.407349
2026-06-30,5271,9.407479
2026-06-30,5272,9.40761
2026-06-30,5273,9.40774
2026-06-30,5274,9.407871
2026-06-30,5275,9.408001
2026-06-30,5276,9.408132
2026-06-30,5277,9.408262
2026-06-30,5278,9.408393
2026-06-30,5279,9.408523
2026-06-30,5280,9.408654
2026-06-30,5281,9.408784
2026-06-30,5282,9.408915
2026-06-30,5283,9.409045
2026-06-30,5284,9.409176
2026-06-30,5285,9.409306
2026-06-30,5286,9.409437
2026-06-30,5287,9.409567
2026-06-30,5288,9.409698
2026-06-30,5289,9.409828
2026-06-30,5290,9.409959
2026-06-30,5291,9.410089
2026-06-30,5292,9.41022
2026-06-30,5293,9.41035
2026-06-30,5294,9.410481
2026-06-30,5295,9.410611
2026-06-30,5296,9.410742
2026-06-30,5297,9.410872
2026-06-30,5298,9.411003
2026-06-30,5299,9.411133
2026-06-30,5300,9.411264
2026-06-30,5301,9.411394
2026-06-30,5302,9.411525
2026-06-30,5303,9.411655
2026-06-30,5304,9.411786
2026-06-30,5305,9.411916
2026-06-30,5306,9.412047
2026-06-30,5307,9.412177
2026-06-30,5308,9.412308
2026-06-30,5309,9.412438
2026-06-30,5310,9.412569
2026-06-30,5311,9.412699
2026-06-30,5312,9.41283
2026-06-30,5313,9.41296
2026-06-30,5314,9.413091
2026-06-30,5315,9.413221
2026-06-30,5316,9.413352
2026-06-30,5317,9.413482
2026-06-30,5318,9.413613
2026-06-30,5319,9.413743
2026-06-30,5320,9.413874
2026-06-30,5321,9.414004
2026-06-30,5322,9.414135
2026-06-30,5323,9.414265
2026-06-30,5324,9.414396
2026-06-30,5325,9.414526
2026-06-30,5326,9.414657
2026-06-30,5327,9.414787
2026-06-30,5328,9.414918
2026-06-30,5329,9.415048
2026-06-30,5330,9.415179
2026-06-30,5331,9.415309
2026-06-30,5332,9.41544
2026-06-30,5333,9.41557
2026-06-30,5334,9.415701
2026-06-30,5335,9.415831
2026-06-30,5336,9.415962
2026-06-30,5337,9.416092
2026-06-30,5338,9.416223
2026-06-30,5339,9.416353
2026-06-30,5340,9.416484
2026-06-30,5341,9.416614
2026-06-30,5342,9.416745
2026-06-30,5343,9.416875
2026-06-30,5344,9.417005
2026-06-30,5345,9.417136
2026-06-30,5346,9.417266
2026-06-30,5347,9.417397
2026-06-30,5348,9.417527
2026-06-30,5349,9.417658
2026-06-30,5350,9.417788
2026-06-30,5351,9.417919
2026-06-30,5352,9.418049
2026-06-30,5353,9.41818
2026-06-30,5354,9.41831
2026-06-30,5355,9.418441
2026-06-30,5356,9.418571
2026-06-30,5357,9.418702
2026-06-30,5358,9.418832
2026-06-30,5359,9.418963
2026-06-30,5360,9.419093
2026-06-30,5361,9.419224
2026-06-30,5362,9.419354
2026-06-30,5363,9.419485
2026-06-30,5364,9.419615
2026-06-30,5365,9.419746
2026-06-30,5366,9.419876
2026-06-30,5367,9.420007
2026-06-30,5368,9.420137
2026-06-30,5369,9.420268
2026-06-30,5370,9.420398
2026-06-30,5371,9.420529
2026-06-30,5372,9.420659
2026-06-30,5373,9.42079
2026-06-30,5374,9.42092
2026-06-30,5375,9.421051
2026-06-30,5376,9.421181
2026-06-30,5377,9.421312
2026-06-30,5378,9.421442
2026-06-30,5379,9.421573
2026-06-30,5380,9.421703
2026-06-30,5381,9.421834
2026-06-30,5382,9.421964
2026-06-30,5383,9.422095
2026-06-30,5384,9.422225
2026-06-30,5385,9.422356
2026-06-30,5386,9.422486
2026-06-30,5387,9.422617
2026-06-30,5388,9.422747
2026-06-30,5389,9.422878
2026-06-30,5390,9.423008
2026-06-30,5391,9.423139
2026-06-30,5392,9.423269
2026-06-30,5393,9.4234
2026-06-30,5394,9.42353
2026-06-30,5395,9.423661
2026-06-30,5396,9.423791
2026-06-30,5397,9.423922
2026-06-30,5398,9.424052
2026-06-30,5399,9.424183
2026-06-30,5400,9.424313
2026-06-30,5401,9.424444
2026-06-30,5402,9.424574
2026-06-30,5403,9.424705
2026-06-30,5404,9.424835
2026-06-30,5405,9.424966
2026-06-30,5406,9.425096
2026-06-30,5407,9.425227
2026-06-30,5408,9.425357
2026-06-30,5409,9.425488
2026-06-30,5410,9.425618
2026-06-30,5411,9.425749
2026-06-30,5412,9.425879
2026-06-30,5413,9.42601
2026-06-30,5414,9.42614
2026-06-30,5415,9.426271
2026-06-30,5416,9.426401
2026-06-30,5417,9.426532
2026-06-30,5418,9.426662
2026-06-30,5419,9.426793
2026-06-30,5420,9.426923
2026-06-30,5421,9.427054
2026-06-30,5422,9.427184
2026-06-30,5423,9.427315
2026-06-30,5424,9.427445
2026-06-30,5425,9.427576
2026-06-30,5426,9.427706
2026-06-30,5427,9.427837
2026-06-30,5428,9.427967
2026-06-30,5429,9.428098
2026-06-30,5430,9.428228
2026-06-30,5431,9.428359
2026-06-30,5432,9.428489
2026-06-30,5433,9.42862
2026-06-30,5434,9.42875
2026-06-30,5435,9.42888
2026-06-30,5436,9.429011
2026-06-30,5437,9.429141
2026-06-30,5438,9.429272
2026-06-30,5439,9.429402
2026-06-30,5440,9.429533
2026-06-30,5441,9.429663
2026-06-30,5442,9.429794
2026-06-30,5443,9.429924
2026-06-30,5444,9.430055
2026-06-30,5445,9.430185
2026-06-30,5446,9.430316
2026-06-30,5447,9.430446
2026-06-30,5448,9.430577
2026-06-30,5449,9.430707
2026-06-30,5450,9.430838
2026-06-30,5451,9.430968
2026-06-30,5452,9.431099
2026-06-30,5453,9.431229
2026-06-30,5454,9.43136
2026-06-30,5455,9.43149
2026-06-30,5456,9.431621
2026-06-30,5457,9.431751
2026-06-30,5458,9.431882
2026-06-30,5459,9.432012
2026-06-30,5460,9.432143
2026-06-30,5461,9.432273
2026-06-30,5462,9.432404
2026-06-30,5463,9.432534
2026-06-30,5464,9.432665
2026-06-30,5465,9.432795
2026-06-30,5466,9.432926
2026-06-30,5467,9.433056
2026-06-30,5468,9.433187
2026-06-30,5469,9.433317
2026-06-30,5470,9.433448
2026-06-30,5471,9.433578
2026-06-30,5472,9.433709
2026-06-30,5473,9.433839
2026-06-30,5474,9.43397
2026-06-30,5475,9.4341
2026-06-30,5476,9.434231
2026-06-30,5477,9.434361
2026-06-30,5478,9.434492
2026-06-30,5479,9.434622
2026-06-30,5480,9.434753
2026-06-30,5481,9.434883
2026-06-30,5482,9.435014
2026-06-30,5483,9.435144
2026-06-30,5484,9.435275
2026-06-30,5485,9.435405
2026-06-30,5486,9.435536
2026-06-30,5487,9.435666
2026-06-30,5488,9.435797
2026-06-30,5489,9.435927
2026-06-30,5490,9.436058
2026-06-30,5491,9.436188
2026-06-30,5492,9.436319
2026-06-30,5493,9.436449
2026-06-30,5494,9.43658
2026-06-30,5495,9.43671
2026-06-30,5496,9.436841
2026-06-30,5497,9.436971
2026-06-30,5498,9.437102
2026-06-30,5499,9.437232
2026-06-30,5500,9.437363
2026-06-30,5501,9.437493
2026-06-30,5502,9.437624
2026-06-30,5503,9.437754
2026-06-30,5504,9.437885
2026-06-30,5505,9.438015
2026-06-30,5506,9.438146
2026-06-30,5507,9.438276
2026-06-30,5508,9.438407
2026-06-30,5509,9.438537
2026-06-30,5510,9.438668
2026-06-30,5511,9.438798
2026-06-30,5512,9.438929
2026-06-30,5513,9.439059
2026-06-30,5514,9.43919
2026-06-30,5515,9.43932
2026-06-30,5516,9.439451
2026-06-30,5517,9.439581
2026-06-30,5518,9.439712
2026-06-30,5519,9.439842
2026-06-30,5520,9.439973
2026-06-30,5521,9.440103
2026-06-30,5522,9.440234
2026-06-30,5523,9.440364
2026-06-30,5524,9.440495
2026-06-30,5525,9.440625
2026-06-30,5526,9.440755
2026-06-30,5527,9.440886
2026-06-30,5528,9.441016
2026-06-30,5529,9.441147
2026-06-30,5530,9.441277
2026-06-30,5531,9.441408
2026-06-30,5532,9.441538
2026-06-30,5533,9.441669
2026-06-30,5534,9.441799
2026-06-30,5535,9.44193
2026-06-30,5536,9.44206
2026-06-30,5537,9.442191
2026-06-30,5538,9.442321
2026-06-30,5539,9.442452
2026-06-30,5540,9.442582
2026-06-30,5541,9.442713
2026-06-30,5542,9.442843
2026-06-30,5543,9.442974
2026-06-30,5544,9.443104
2026-06-30,5545,9.443235
2026-06-30,5546,9.443365
2026-06-30,5547,9.443496
2026-06-30,5548,9.443626
2026-06-30,5549,9.443757
2026-06-30,5550,9.443887
2026-06-30,5551,9.444018
2026-06-30,5552,9.444148
2026-06-30,5553,9.444279
2026-06-30,5554,9.444409
2026-06-30,5555,9.44454
2026-06-30,5556,9.44467
2026-06-30,5557,9.444801
2026-06-30,5558,9.444931
2026-06-30,5559,9.445062
2026-06-30,5560,9.445192
2026-06-30,5561,9.445323
2026-06-30,5562,9.445453
2026-06-30,5563,9.445584
2026-06-30,5564,9.445714
2026-06-30,5565,9.445845
2026-06-30,5566,9.445975
2026-06-30,5567,9.446106
2026-06-30,5568,9.446236
2026-06-30,5569,9.446367
2026-06-30,5570,9.446497
2026-06-30,5571,9.446628
2026-06-30,5572,9.446758
2026-06-30,5573,9.446889
2026-06-30,5574,9.447019
2026-06-30,5575,9.44715
2026-06-30,5576,9.44728
2026-06-30,5577,9.447411
2026-06-30,5578,9.447541
2026-06-30,5579,9.447672
2026-06-30,5580,9.447802
2026-06-30,5581,9.447933
2026-06-30,5582,9.448063
2026-06-30,5583,9.448194
2026-06-30,5584,9.448324
2026-06-30,5585,9.448455
2026-06-30,5586,9.448585
2026-06-30,5587,9.448716
2026-06-30,5588,9.448846
2026-06-30,5589,9.448977
2026-06-30,5590,9.449107
2026-06-30,5591,9.449238
2026-06-30,5592,9.449368
2026-06-30,5593,9.449499
2026-06-30,5594,9.449629
2026-06-30,5595,9.44976
2026-06-30,5596,9.44989
2026-06-30,5597,9.450021
2026-06-30,5598,9.450151
2026-06-30,5599,9.450282
2026-06-30,5600,9.450412
2026-06-30,5601,9.450543
2026-06-30,5602,9.450673
2026-06-30,5603,9.450804
2026-06-30,5604,9.450934
2026-06-30,5605,9.451065
2026-06-30,5606,9.451195
2026-06-30,5607,9.451326
2026-06-30,5608,9.451456
2026-06-30,5609,9.451587
2026-06-30,5610,9.451717
2026-06-30,5611,9.451848
2026-06-30,5612,9.451978
2026-06-30,5613,9.452109
2026-06-30,5614,9.452239
2026-06-30,5615,9.45237
2026-06-30,5616,9.4525
2026-06-30,5617,9.45263
2026-06-30,5618,9.452761
2026-06-30,5619,9.452891
2026-06-30,5620,9.453022
2026-06-30,5621,9.453152
2026-06-30,5622,9.453283
2026-06-30,5623,9.453413
2026-06-30,5624,9.453544
2026-06-30,5625,9.453674
2026-06-30,5626,9.453805
2026-06-30,5627,9.453935
2026-06-30,5628,9.454066
2026-06-30,5629,9.454196
2026-06-30,5630,9.454327
2026-06-30,5631,9.454457
2026-06-30,5632,9.454588
2026-06-30,5633,9.454718
2026-06-30,5634,9.454849
2026-06-30,5635,9.454979
2026-06-30,5636,9.45511
2026-06-30,5637,9.45524
2026-06-30,5638,9.455371
2026-06-30,5639,9.455501
2026-06-30,5640,9.455632
2026-06-30,5641,9.455762
2026-06-30,5642,9.455893
2026-06-30,5643,9.456023
2026-06-30,5644,9.456154
2026-06-30,5645,9.456284
2026-06-30,5646,9.456415
2026-06-30,5647,9.456545
2026-06-30,5648,9.456676
2026-06-30,5649,9.456806
2026-06-30,5650,9.456937
2026-06-30,5651,9.457067
2026-06-30,5652,9.457198
2026-06-30,5653,9.457328
2026-06-30,5654,9.457459
2026-06-30,5655,9.457589
2026-06-30,5656,9.45772
2026-06-30,5657,9.45785
2026-06-30,5658,9.457981
2026-06-30,5659,9.458111
2026-06-30,5660,9.458242
2026-06-30,5661,9.458372
2026-06-30,5662,9.458503
2026-06-30,5663,9.458633
2026-06-30,5664,9.458764
2026-06-30,5665,9.458894
2026-06-30,5666,9.459025
2026-06-30,5667,9.459155
2026-06-30,5668,9.459286
2026-06-30,5669,9.459416
2026-06-30,5670,9.459547
2026-06-30,5671,9.459677
2026-06-30,5672,9.459808
2026-06-30,5673,9.459938
2026-06-30,5674,9.460069
2026-06-30,5675,9.460199
2026-06-30,5676,9.46033
2026-06-30,5677,9.46046
2026-06-30,5678,9.460591
2026-06-30,5679,9.460721
2026-06-30,5680,9.460852
2026-06-30,5681,9.460982
2026-06-30,5682,9.461113
2026-06-30,5683,9.461243
2026-06-30,5684,9.461374
2026-06-30,5685,9.461504
2026-06-30,5686,9.461635
2026-06-30,5687,9.461765
2026-06-30,5688,9.461896
2026-06-30,5689,9.462026
2026-06-30,5690,9.462157
2026-06-30,5691,9.462287
2026-06-30,5692,9.462418
2026-06-30,5693,9.462548
2026-06-30,5694,9.462679
2026-06-30,5695,9.462809
2026-06-30,5696,9.46294
2026-06-30,5697,9.46307
2026-06-30,5698,9.463201
2026-06-30,5699,9.463331
2026-06-30,5700,9.463462
2026-06-30,5701,9.463592
2026-06-30,5702,9.463723
2026-06-30,5703,9.463853
2026-06-30,5704,9.463984
2026-06-30,5705,9.464114
2026-06-30,5706,9.464245
2026-06-30,5707,9.464375
2026-06-30,5708,9.464505
2026-06-30,5709,9.464636
2026-06-30,5710,9.464766
2026-06-30,5711,9.464897
2026-06-30,5712,9.465027
2026-06-30,5713,9.465158
2026-06-30,5714,9.465288
2026-06-30,5715,9.465419
2026-06-30,5716,9.465549
2026-06-30,5717,9.46568
2026-06-30,5718,9.46581
2026-06-30,5719,9.465941
2026-06-30,5720,9.466071
2026-06-30,5721,9.466202
2026-06-30,5722,9.466332
2026-06-30,5723,9.466463
2026-06-30,5724,9.466593
2026-06-30,5725,9.466724
2026-06-30,5726,9.466854
2026-06-30,5727,9.466985
2026-06-30,5728,9.467115
2026-06-30,5729,9.467246
2026-06-30,5730,9.467376
2026-06-30,5731,9.467507
2026-06-30,5732,9.467637
2026-06-30,5733,9.467768
2026-06-30,5734,9.467898
2026-06-30,5735,9.468029
2026-06-30,5736,9.468159
2026-06-30,5737,9.46829
2026-06-30,5738,9.46842
2026-06-30,5739,9.468551
2026-06-30,5740,9.468681
2026-06-30,5741,9.468812
2026-06-30,5742,9.468942
2026-06-30,5743,9.469073
2026-06-30,5744,9.469203
2026-06-30,5745,9.469334
2026-06-30,5746,9.469464
2026-06-30,5747,9.469595
2026-06-30,5748,9.469725
2026-06-30,5749,9.469856
2026-06-30,5750,9.469986
2026-06-30,5751,9.470117
2026-06-30,5752,9.470247
2026-06-30,5753,9.470378
2026-06-30,5754,9.470508
2026-06-30,5755,9.470639
2026-06-30,5756,9.470769
2026-06-30,5757,9.4709
2026-06-30,5758,9.47103
2026-06-30,5759,9.471161
2026-06-30,5760,9.471291
2026-06-30,5761,9.471422
2026-06-30,5762,9.471552
2026-06-30,5763,9.471683
2026-06-30,5764,9.471813
2026-06-30,5765,9.471944
2026-06-30,5766,9.472074
2026-06-30,5767,9.472205
2026-06-30,5768,9.472335
2026-06-30,5769,9.472466
2026-06-30,5770,9.472596
2026-06-30,5771,9.472727
2026-06-30,5772,9.472857
2026-06-30,5773,9.472988
2026-06-30,5774,9.473118
2026-06-30,5775,9.473249
2026-06-30,5776,9.473379
2026-06-30,5777,9.47351
2026-06-30,5778,9.47364
2026-06-30,5779,9.473771
2026-06-30,5780,9.473901
2026-06-30,5781,9.474032
2026-06-30,5782,9.474162
2026-06-30,5783,9.474293
2026-06-30,5784,9.474423
2026-06-30,5785,9.474554
2026-06-30,5786,9.474684
2026-06-30,5787,9.474815
2026-06-30,5788,9.474945
2026-06-30,5789,9.475076
2026-06-30,5790,9.475206
2026-06-30,5791,9.475337
2026-06-30,5792,9.475467
2026-06-30,5793,9.475598
2026-06-30,5794,9.475728
2026-06-30,5795,9.475859
2026-06-30,5796,9.475989
2026-06-30,5797,9.47612
2026-06-30,5798,9.47625
2026-06-30,5799,9.47638
2026-06-30,5800,9.476511
2026-06-30,5801,9.476641
2026-06-30,5802,9.476772
2026-06-30,5803,9.476902
2026-06-30,5804,9.477033
2026-06-30,5805,9.477163
2026-06-30,5806,9.477294
2026-06-30,5807,9.477424
2026-06-30,5808,9.477555
2026-06-30,5809,9.477685
2026-06-30,5810,9.477816
2026-06-30,5811,9.477946
2026-06-30,5812,9.478077
2026-06-30,5813,9.478207
2026-06-30,5814,9.478338
2026-06-30,5815,9.478468
2026-06-30,5816,9.478599
2026-06-30,5817,9.478729
2026-06-30,5818,9.47886
2026-06-30,5819,9.47899
2026-06-30,5820,9.479121
2026-06-30,5821,9.479251
2026-06-30,5822,9.479382
2026-06-30,5823,9.479512
2026-06-30,5824,9.479643
2026-06-30,5825,9.479773
2026-06-30,5826,9.479904
2026-06-30,5827,9.480034
2026-06-30,5828,9.480165
2026-06-30,5829,9.480295
2026-06-30,5830,9.480426
2026-06-30,5831,9.480556
2026-06-30,5832,9.480687
2026-06-30,5833,9.480817
2026-06-30,5834,9.480948
2026-06-30,5835,9.481078
2026-06-30,5836,9.481209
2026-06-30,5837,9.481339
2026-06-30,5838,9.48147
2026-06-30,5839,9.4816
2026-06-30,5840,9.481731
2026-06-30,5841,9.481861
2026-06-30,5842,9.481992
2026-06-30,5843,9.482122
2026-06-30,5844,9.482253
2026-06-30,5845,9.482383
2026-06-30,5846,9.482514
2026-06-30,5847,9.482644
2026-06-30,5848,9.482775
2026-06-30,5849,9.482905
2026-06-30,5850,9.483036
2026-06-30,5851,9.483166
2026-06-30,5852,9.483297
2026-06-30,5853,9.483427
2026-06-30,5854,9.483558
2026-06-30,5855,9.483688
2026-06-30,5856,9.483819
2026-06-30,5857,9.483949
2026-06-30,5858,9.48408
2026-06-30,5859,9.48421
2026-06-30,5860,9.484341
2026-06-30,5861,9.484471
2026-06-30,5862,9.484602
2026-06-30,5863,9.484732
2026-06-30,5864,9.484863
2026-06-30,5865,9.484993
2026-06-30,5866,9.485124
2026-06-30,5867,9.485254
2026-06-30,5868,9.485385
2026-06-30,5869,9.485515
2026-06-30,5870,9.485646
2026-06-30,5871,9.485776
2026-06-30,5872,9.485907
2026-06-30,5873,9.486037
2026-06-30,5874,9.486168
2026-06-30,5875,9.486298
2026-06-30,5876,9.486429
2026-06-30,5877,9.486559
2026-06-30,5878,9.48669
2026-06-30,5879,9.48682
2026-06-30,5880,9.486951
2026-06-30,5881,9.487081
2026-06-30,5882,9.487212
2026-06-30,5883,9.487342
2026-06-30,5884,9.487473
2026-06-30,5885,9.487603
2026-06-30,5886,9.487734
2026-06-30,5887,9.487864
2026-06-30,5888,9.487995
2026-06-30,5889,9.488125
2026-06-30,5890,9.488255
2026-06-30,5891,9.488386
2026-06-30,5892,9.488516
2026-06-30,5893,9.488647
2026-06-30,5894,9.488777
2026-06-30,5895,9.488908
2026-06-30,5896,9.489038
2026-06-30,5897,9.489169
2026-06-30,5898,9.489299
2026-06-30,5899,9.48943
2026-06-30,5900,9.48956
2026-06-30,5901,9.489691
2026-06-30,5902,9.489821
2026-06-30,5903,9.489952
2026-06-30,5904,9.490082
2026-06-30,5905,9.490213
2026-06-30,5906,9.490343
2026-06-30,5907,9.490474
2026-06-30,5908,9.490604
2026-06-30,5909,9.490735
2026-06-30,5910,9.490865
2026-06-30,5911,9.490996
2026-06-30,5912,9.491126
2026-06-30,5913,9.491257
2026-06-30,5914,9.491387
2026-06-30,5915,9.491518
2026-06-30,5916,9.491648
2026-06-30,5917,9.491779
2026-06-30,5918,9.491909
2026-06-30,5919,9.49204
2026-06-30,5920,9.49217
2026-06-30,5921,9.492301
2026-06-30,5922,9.492431
2026-06-30,5923,9.492562
2026-06-30,5924,9.492692
2026-06-30,5925,9.492823
2026-06-30,5926,9.492953
2026-06-30,5927,9.493084
2026-06-30,5928,9.493214
2026-06-30,5929,9.493345
2026-06-30,5930,9.493475
2026-06-30,5931,9.493606
2026-06-30,5932,9.493736
2026-06-30,5933,9.493867
2026-06-30,5934,9.493997
2026-06-30,5935,9.494128
2026-06-30,5936,9.494258
2026-06-30,5937,9.494389
2026-06-30,5938,9.494519
2026-06-30,5939,9.49465
2026-06-30,5940,9.49478
2026-06-30,5941,9.494911
2026-06-30,5942,9.495041
2026-06-30,5943,9.495172
2026-06-30,5944,9.495302
2026-06-30,5945,9.495433
2026-06-30,5946,9.495563
2026-06-30,5947,9.495694
2026-06-30,5948,9.495824
2026-06-30,5949,9.495955
2026-06-30,5950,9.496085
2026-06-30,5951,9.496216
2026-06-30,5952,9.496346
2026-06-30,5953,9.496477
2026-06-30,5954,9.496607
2026-06-30,5955,9.496738
2026-06-30,5956,9.496868
2026-06-30,5957,9.496999
2026-06-30,5958,9.497129
2026-06-30,5959,9.49726
2026-06-30,5960,9.49739
2026-06-30,5961,9.497521
2026-06-30,5962,9.497651
2026-06-30,5963,9.497782
2026-06-30,5964,9.497912
2026-06-30,5965,9.498043
2026-06-30,5966,9.498173
2026-06-30,5967,9.498304
2026-06-30,5968,9.498434
2026-06-30,5969,9.498565
2026-06-30,5970,9.498695
2026-06-30,5971,9.498826
2026-06-30,5972,9.498956
2026-06-30,5973,9.499087
2026-06-30,5974,9.499217
2026-06-30,5975,9.499348
2026-06-30,5976,9.499478
2026-06-30,5977,9.499609
2026-06-30,5978,9.499739
2026-06-30,5979,9.49987
2026-06-30,5980,9.5
2026-06-30,5981,9.500027
2026-06-30,5982,9.500055
2026-06-30,5983,9.500082
2026-06-30,5984,9.50011
2026-06-30,5985,9.500137
2026-06-30,5986,9.500165
2026-06-30,5987,9.500192
2026-06-30,5988,9.50022
2026-06-30,5989,9.500247
2026-06-30,5990,9.500275
2026-06-30,5991,9.500302
2026-06-30,5992,9.50033
2026-06-30,5993,9.500357
2026-06-30,5994,9.500385
2026-06-30,5995,9.500412
2026-06-30,5996,9.50044
2026-06-30,5997,9.500467
2026-06-30,5998,9.500495
2026-06-30,5999,9.500522
2026-06-30,6000,9.500549
2026-06-30,6001,9.500577
2026-06-30,6002,9.500604
2026-06-30,6003,9.500632
2026-06-30,6004,9.500659
2026-06-30,6005,9.500687
2026-06-30,6006,9.500714
2026-06-30,6007,9.500742
2026-06-30,6008,9.500769
2026-06-30,6009,9.500797
2026-06-30,6010,9.500824
2026-06-30,6011,9.500852
2026-06-30,6012,9.500879
2026-06-30,6013,9.500907
2026-06-30,6014,9.500934
2026-06-30,6015,9.500962
2026-06-30,6016,9.500989
2026-06-30,6017,9.501016
2026-06-30,6018,9.501044
2026-06-30,6019,9.501071
2026-06-30,6020,9.501099
2026-06-30,6021,9.501126
2026-06-30,6022,9.501154
2026-06-30,6023,9.501181
2026-06-30,6024,9.501209
2026-06-30,6025,9.501236
2026-06-30,6026,9.501264
2026-06-30,6027,9.501291
2026-06-30,6028,9.501319
2026-06-30,6029,9.501346
2026-06-30,6030,9.501374
2026-06-30,6031,9.501401
2026-06-30,6032,9.501429
2026-06-30,6033,9.501456
2026-06-30,6034,9.501484
2026-06-30,6035,9.501511
2026-06-30,6036,9.501538
2026-06-30,6037,9.501566
2026-06-30,6038,9.501593
2026-06-30,6039,9.501621
2026-06-30,6040,9.501648
2026-06-30,6041,9.501676
2026-06-30,6042,9.501703
2026-06-30,6043,9.501731
2026-06-30,6044,9.501758
2026-06-30,6045,9.501786
2026-06-30,6046,9.501813
2026-06-30,6047,9.501841
2026-06-30,6048,9.501868
2026-06-30,6049,9.501896
2026-06-30,6050,9.501923
2026-06-30,6051,9.501951
2026-06-30,6052,9.501978
2026-06-30,6053,9.502005
2026-06-30,6054,9.502033
2026-06-30,6055,9.50206
2026-06-30,6056,9.502088
2026-06-30,6057,9.502115
2026-06-30,6058,9.502143
2026-06-30,6059,9.50217
2026-06-30,6060,9.502198
2026-06-30,6061,9.502225
2026-06-30,6062,9.502253
2026-06-30,6063,9.50228
2026-06-30,6064,9.502308
2026-06-30,6065,9.502335
2026-06-30,6066,9.502363
2026-06-30,6067,9.50239
2026-06-30,6068,9.502418
2026-06-30,6069,9.502445
2026-06-30,6070,9.502473
2026-06-30,6071,9.5025
2026-06-30,6072,9.502527
2026-06-30,6073,9.502555
2026-06-30,6074,9.502582
2026-06-30,6075,9.50261
2026-06-30,6076,9.502637
2026-06-30,6077,9.502665
2026-06-30,6078,9.502692
2026-06-30,6079,9.50272
2026-06-30,6080,9.502747
2026-06-30,6081,9.502775
2026-06-30,6082,9.502802
2026-06-30,6083,9.50283
2026-06-30,6084,9.502857
2026-06-30,6085,9.502885
2026-06-30,6086,9.502912
2026-06-30,6087,9.50294
2026-06-30,6088,9.502967
2026-06-30,6089,9.502995
2026-06-30,6090,9.503022
2026-06-30,6091,9.503049
2026-06-30,6092,9.503077
2026-06-30,6093,9.503104
2026-06-30,6094,9.503132
2026-06-30,6095,9.503159
2026-06-30,6096,9.503187
2026-06-30,6097,9.503214
2026-06-30,6098,9.503242
2026-06-30,6099,9.503269
2026-06-30,6100,9.503297
2026-06-30,6101,9.503324
2026-06-30,6102,9.503352
2026-06-30,6103,9.503379
2026-06-30,6104,9.503407
2026-06-30,6105,9.503434
2026-06-30,6106,9.503462
2026-06-30,6107,9.503489
2026-06-30,6108,9.503516
2026-06-30,6109,9.503544
2026-06-30,6110,9.503571
2026-06-30,6111,9.503599
2026-06-30,6112,9.503626
2026-06-30,6113,9.503654
2026-06-30,6114,9.503681
2026-06-30,6115,9.503709
2026-06-30,6116,9.503736
2026-06-30,6117,9.503764
2026-06-30,6118,9.503791
2026-06-30,6119,9.503819
2026-06-30,6120,9.503846
2026-06-30,6121,9.503874
2026-06-30,6122,9.503901
2026-06-30,6123,9.503929
2026-06-30,6124,9.503956
2026-06-30,6125,9.503984
2026-06-30,6126,9.504011
2026-06-30,6127,9.504038
2026-06-30,6128,9.504066
2026-06-30,6129,9.504093
2026-06-30,6130,9.504121
2026-06-30,6131,9.504148
2026-06-30,6132,9.504176
2026-06-30,6133,9.504203
2026-06-30,6134,9.504231
2026-06-30,6135,9.504258
2026-06-30,6136,9.504286
2026-06-30,6137,9.504313
2026-06-30,6138,9.504341
2026-06-30,6139,9.504368
2026-06-30,6140,9.504396
2026-06-30,6141,9.504423
2026-06-30,6142,9.504451
2026-06-30,6143,9.504478
2026-06-30,6144,9.504505
2026-06-30,6145,9.504533
2026-06-30,6146,9.50456
2026-06-30,6147,9.504588
2026-06-30,6148,9.504615
2026-06-30,6149,9.504643
2026-06-30,6150,9.50467
2026-06-30,6151,9.504698
2026-06-30,6152,9.504725
2026-06-30,6153,9.504753
2026-06-30,6154,9.50478
2026-06-30,6155,9.504808
2026-06-30,6156,9.504835
2026-06-30,6157,9.504863
2026-06-30,6158,9.50489
2026-06-30,6159,9.504918
2026-06-30,6160,9.504945
2026-06-30,6161,9.504973
2026-06-30,6162,9.505
2026-06-30,6163,9.505027
2026-06-30,6164,9.505055
2026-06-30,6165,9.505082
2026-06-30,6166,9.50511
2026-06-30,6167,9.505137
2026-06-30,6168,9.505165
2026-06-30,6169,9.505192
2026-06-30,6170,9.50522
2026-06-30,6171,9.505247
2026-06-30,6172,9.505275
2026-06-30,6173,9.505302
2026-06-30,6174,9.50533
2026-06-30,6175,9.505357
2026-06-30,6176,9.505385
2026-06-30,6177,9.505412
2026-06-30,6178,9.50544
2026-06-30,6179,9.505467
2026-06-30,6180,9.505495
2026-06-30,6181,9.505522
2026-06-30,6182,9.505549
2026-06-30,6183,9.505577
2026-06-30,6184,9.505604
2026-06-30,6185,9.505632
2026-06-30,6186,9.505659
2026-06-30,6187,9.505687
2026-06-30,6188,9.505714
2026-06-30,6189,9.505742
2026-06-30,6190,9.505769
2026-06-30,6191,9.505797
2026-06-30,6192,9.505824
2026-06-30,6193,9.505852
2026-06-30,6194,9.505879
2026-06-30,6195,9.505907
2026-06-30,6196,9.505934
2026-06-30,6197,9.505962
2026-06-30,6198,9.505989
2026-06-30,6199,9.506016
2026-06-30,6200,9.506044
2026-06-30,6201,9.506071
2026-06-30,6202,9.506099
2026-06-30,6203,9.506126
2026-06-30,6204,9.506154
2026-06-30,6205,9.506181
2026-06-30,6206,9.506209
2026-06-30,6207,9.506236
2026-06-30,6208,9.506264
2026-06-30,6209,9.506291
2026-06-30,6210,9.506319
2026-06-30,6211,9.506346
2026-06-30,6212,9.506374
2026-06-30,6213,9.506401
2026-06-30,6214,9.506429
2026-06-30,6215,9.506456
2026-06-30,6216,9.506484
2026-06-30,6217,9.506511
2026-06-30,6218,9.506538
2026-06-30,6219,9.506566
2026-06-30,6220,9.506593
2026-06-30,6221,9.506621
2026-06-30,6222,9.506648
2026-06-30,6223,9.506676
2026-06-30,6224,9.506703
2026-06-30,6225,9.506731
2026-06-30,6226,9.506758
2026-06-30,6227,9.506786
2026-06-30,6228,9.506813
2026-06-30,6229,9.506841
2026-06-30,6230,9.506868
2026-06-30,6231,9.506896
2026-06-30,6232,9.506923
2026-06-30,6233,9.506951
2026-06-30,6234,9.506978
2026-06-30,6235,9.507005
2026-06-30,6236,9.507033
2026-06-30,6237,9.50706
2026-06-30,6238,9.507088
2026-06-30,6239,9.507115
2026-06-30,6240,9.507143
2026-06-30,6241,9.50717
2026-06-30,6242,9.507198
2026-06-30,6243,9.507225
2026-06-30,6244,9.507253
2026-06-30,6245,9.50728
2026-06-30,6246,9.507308
2026-06-30,6247,9.507335
2026-06-30,6248,9.507363
2026-06-30,6249,9.50739
2026-06-30,6250,9.507418
2026-06-30,6251,9.507445
2026-06-30,6252,9.507473
2026-06-30,6253,9.5075
2026-06-30,6254,9.507527
2026-06-30,6255,9.507555
2026-06-30,6256,9.507582
2026-06-30,6257,9.50761
2026-06-30,6258,9.507637
2026-06-30,6259,9.507665
2026-06-30,6260,9.507692
2026-06-30,6261,9.50772
2026-06-30,6262,9.507747
2026-06-30,6263,9.507775
2026-06-30,6264,9.507802
2026-06-30,6265,9.50783
2026-06-30,6266,9.507857
2026-06-30,6267,9.507885
2026-06-30,6268,9.507912
2026-06-30,6269,9.50794
2026-06-30,6270,9.507967
2026-06-30,6271,9.507995
2026-06-30,6272,9.508022
2026-06-30,6273,9.508049
2026-06-30,6274,9.508077
2026-06-30,6275,9.508104
2026-06-30,6276,9.508132
2026-06-30,6277,9.508159
2026-06-30,6278,9.508187
2026-06-30,6279,9.508214
2026-06-30,6280,9.508242
2026-06-30,6281,9.508269
2026-06-30,6282,9.508297
2026-06-30,6283,9.508324
2026-06-30,6284,9.508352
2026-06-30,6285,9.508379
2026-06-30,6286,9.508407
2026-06-30,6287,9.508434
2026-06-30,6288,9.508462
2026-06-30,6289,9.508489
2026-06-30,6290,9.508516
2026-06-30,6291,9.508544
2026-06-30,6292,9.508571
2026-06-30,6293,9.508599
2026-06-30,6294,9.508626
2026-06-30,6295,9.508654
2026-06-30,6296,9.508681
2026-06-30,6297,9.508709
2026-06-30,6298,9.508736
2026-06-30,6299,9.508764
2026-06-30,6300,9.508791
2026-06-30,6301,9.508819
2026-06-30,6302,9.508846
2026-06-30,6303,9.508874
2026-06-30,6304,9.508901
2026-06-30,6305,9.508929
2026-06-30,6306,9.508956
2026-06-30,6307,9.508984
2026-06-30,6308,9.509011
2026-06-30,6309,9.509038
2026-06-30,6310,9.509066
2026-06-30,6311,9.509093
2026-06-30,6312,9.509121
2026-06-30,6313,9.509148
2026-06-30,6314,9.509176
2026-06-30,6315,9.509203
2026-06-30,6316,9.509231
2026-06-30,6317,9.509258
2026-06-30,6318,9.509286
2026-06-30,6319,9.509313
2026-06-30,6320,9.509341
2026-06-30,6321,9.509368
2026-06-30,6322,9.509396
2026-06-30,6323,9.509423
2026-06-30,6324,9.509451
2026-06-30,6325,9.509478
2026-06-30,6326,9.509505
2026-06-30,6327,9.509533
2026-06-30,6328,9.50956
2026-06-30,6329,9.509588
2026-06-30,6330,9.509615
2026-06-30,6331,9.509643
2026-06-30,6332,9.50967
2026-06-30,6333,9.509698
2026-06-30,6334,9.509725
2026-06-30,6335,9.509753
2026-06-30,6336,9.50978
2026-06-30,6337,9.509808
2026-06-30,6338,9.509835
2026-06-30,6339,9.509863
2026-06-30,6340,9.50989
2026-06-30,6341,9.509918
2026-06-30,6342,9.509945
2026-06-30,6343,9.509973
2026-06-30,6344,9.51
2026-06-30,6345,9.510027
2026-06-30,6346,9.510055
2026-06-30,6347,9.510082
2026-06-30,6348,9.51011
2026-06-30,6349,9.510137
2026-06-30,6350,9.510165
2026-06-30,6351,9.510192
2026-06-30,6352,9.51022
2026-06-30,6353,9.510247
2026-06-30,6354,9.510275
2026-06-30,6355,9.510302
2026-06-30,6356,9.51033
2026-06-30,6357,9.510357
2026-06-30,6358,9.510385
2026-06-30,6359,9.510412
2026-06-30,6360,9.51044
2026-06-30,6361,9.510467
2026-06-30,6362,9.510495
2026-06-30,6363,9.510522
2026-06-30,6364,9.510549
2026-06-30,6365,9.510577
2026-06-30,6366,9.510604
2026-06-30,6367,9.510632
2026-06-30,6368,9.510659
2026-06-30,6369,9.510687
2026-06-30,6370,9.510714
2026-06-30,6371,9.510742
2026-06-30,6372,9.510769
2026-06-30,6373,9.510797
2026-06-30,6374,9.510824
2026-06-30,6375,9.510852
2026-06-30,6376,9.510879
2026-06-30,6377,9.510907
2026-06-30,6378,9.510934
2026-06-30,6379,9.510962
2026-06-30,6380,9.510989
2026-06-30,6381,9.511016
2026-06-30,6382,9.511044
2026-06-30,6383,9.511071
2026-06-30,6384,9.511099
2026-06-30,6385,9.511126
2026-06-30,6386,9.511154
2026-06-30,6387,9.511181
2026-06-30,6388,9.511209
2026-06-30,6389,9.511236
2026-06-30,6390,9.511264
2026-06-30,6391,9.511291
2026-06-30,6392,9.511319
2026-06-30,6393,9.511346
2026-06-30,6394,9.511374
2026-06-30,6395,9.511401
2026-06-30,6396,9.511429
2026-06-30,6397,9.511456
2026-06-30,6398,9.511484
2026-06-30,6399,9.511511
2026-06-30,6400,9.511538
2026-06-30,6401,9.511566
2026-06-30,6402,9.511593
2026-06-30,6403,9.511621
2026-06-30,6404,9.511648
2026-06-30,6405,9.511676
2026-06-30,6406,9.511703
2026-06-30,6407,9.511731
2026-06-30,6408,9.511758
2026-06-30,6409,9.511786
2026-06-30,6410,9.511813
2026-06-30,6411,9.511841
2026-06-30,6412,9.511868
2026-06-30,6413,9.511896
2026-06-30,6414,9.511923
2026-06-30,6415,9.511951
2026-06-30,6416,9.511978
2026-06-30,6417,9.512005
2026-06-30,6418,9.512033
2026-06-30,6419,9.51206
2026-06-30,6420,9.512088
2026-06-30,6421,9.512115
2026-06-30,6422,9.512143
2026-06-30,6423,9.51217
2026-06-30,6424,9.512198
2026-06-30,6425,9.512225
2026-06-30,6426,9.512253
2026-06-30,6427,9.51228
2026-06-30,6428,9.512308
2026-06-30,6429,9.512335
2026-06-30,6430,9.512363
2026-06-30,6431,9.51239
2026-06-30,6432,9.512418
2026-06-30,6433,9.512445
2026-06-30,6434,9.512473
2026-06-30,6435,9.5125
2026-06-30,6436,9.512527
2026-06-30,6437,9.512555
2026-06-30,6438,9.512582
2026-06-30,6439,9.51261
2026-06-30,6440,9.512637
2026-06-30,6441,9.512665
2026-06-30,6442,9.512692
2026-06-30,6443,9.51272
2026-06-30,6444,9.512747
2026-06-30,6445,9.512775
2026-06-30,6446,9.512802
2026-06-30,6447,9.51283
2026-06-30,6448,9.512857
2026-06-30,6449,9.512885
2026-06-30,6450,9.512912
2026-06-30,6451,9.51294
2026-06-30,6452,9.512967
2026-06-30,6453,9.512995
2026-06-30,6454,9.513022
2026-06-30,6455,9.513049
2026-06-30,6456,9.513077
2026-06-30,6457,9.513104
2026-06-30,6458,9.513132
2026-06-30,6459,9.513159
2026-06-30,6460,9.513187
2026-06-30,6461,9.513214
2026-06-30,6462,9.513242
2026-06-30,6463,9.513269
2026-06-30,6464,9.513297
2026-06-30,6465,9.513324
2026-06-30,6466,9.513352
2026-06-30,6467,9.513379
2026-06-30,6468,9.513407
2026-06-30,6469,9.513434
2026-06-30,6470,9.513462
2026-06-30,6471,9.513489
2026-06-30,6472,9.513516
2026-06-30,6473,9.513544
2026-06-30,6474,9.513571
2026-06-30,6475,9.513599
2026-06-30,6476,9.513626
2026-06-30,6477,9.513654
2026-06-30,6478,9.513681
2026-06-30,6479,9.513709
2026-06-30,6480,9.513736
2026-06-30,6481,9.513764
2026-06-30,6482,9.513791
2026-06-30,6483,9.513819
2026-06-30,6484,9.513846
2026-06-30,6485,9.513874
2026-06-30,6486,9.513901
2026-06-30,6487,9.513929
2026-06-30,6488,9.513956
2026-06-30,6489,9.513984
2026-06-30,6490,9.514011
2026-06-30,6491,9.514038
2026-06-30,6492,9.514066
2026-06-30,6493,9.514093
2026-06-30,6494,9.514121
2026-06-30,6495,9.514148
2026-06-30,6496,9.514176
2026-06-30,6497,9.514203
2026-06-30,6498,9.514231
2026-06-30,6499,9.514258
2026-06-30,6500,9.514286
2026-06-30,6501,9.514313
2026-06-30,6502,9.514341
2026-06-30,6503,9.514368
2026-06-30,6504,9.514396
2026-06-30,6505,9.514423
2026-06-30,6506,9.514451
2026-06-30,6507,9.514478
2026-06-30,6508,9.514505
2026-06-30,6509,9.514533
2026-06-30,6510,9.51456
2026-06-30,6511,9.514588
2026-06-30,6512,9.514615
2026-06-30,6513,9.514643
2026-06-30,6514,9.51467
2026-06-30,6515,9.514698
2026-06-30,6516,9.514725
2026-06-30,6517,9.514753
2026-06-30,6518,9.51478
2026-06-30,6519,9.514808
2026-06-30,6520,9.514835
2026-06-30,6521,9.514863
2026-06-30,6522,9.51489
2026-06-30,6523,9.514918
2026-06-30,6524,9.514945
2026-06-30,6525,9.514973
2026-06-30,6526,9.515
2026-06-30,6527,9.515027
2026-06-30,6528,9.515055
2026-06-30,6529,9.515082
2026-06-30,6530,9.51511
2026-06-30,6531,9.515137
2026-06-30,6532,9.515165
2026-06-30,6533,9.515192
2026-06-30,6534,9.51522
2026-06-30,6535,9.515247
2026-06-30,6536,9.515275
2026-06-30,6537,9.515302
2026-06-30,6538,9.51533
2026-06-30,6539,9.515357
2026-06-30,6540,9.515385
2026-06-30,6541,9.515412
2026-06-30,6542,9.51544
2026-06-30,6543,9.515467
2026-06-30,6544,9.515495
2026-06-30,6545,9.515522
2026-06-30,6546,9.515549
2026-06-30,6547,9.515577
2026-06-30,6548,9.515604
2026-06-30,6549,9.515632
2026-06-30,6550,9.515659
2026-06-30,6551,9.515687
2026-06-30,6552,9.515714
2026-06-30,6553,9.515742
2026-06-30,6554,9.515769
2026-06-30,6555,9.515797
2026-06-30,6556,9.515824
2026-06-30,6557,9.515852
2026-06-30,6558,9.515879
2026-06-30,6559,9.515907
2026-06-30,6560,9.515934
2026-06-30,6561,9.515962
2026-06-30,6562,9.515989
2026-06-30,6563,9.516016
2026-06-30,6564,9.516044
2026-06-30,6565,9.516071
2026-06-30,6566,9.516099
2026-06-30,6567,9.516126
2026-06-30,6568,9.516154
2026-06-30,6569,9.516181
2026-06-30,6570,9.516209
2026-06-30,6571,9.516236
2026-06-30,6572,9.516264
2026-06-30,6573,9.516291
2026-06-30,6574,9.516319
2026-06-30,6575,9.516346
2026-06-30,6576,9.516374
2026-06-30,6577,9.516401
2026-06-30,6578,9.516429
2026-06-30,6579,9.516456
2026-06-30,6580,9.516484
2026-06-30,6581,9.516511
2026-06-30,6582,9.516538
2026-06-30,6583,9.516566
2026-06-30,6584,9.516593
2026-06-30,6585,9.516621
2026-06-30,6586,9.516648
2026-06-30,6587,9.516676
2026-06-30,6588,9.516703
2026-06-30,6589,9.516731
2026-06-30,6590,9.516758
2026-06-30,6591,9.516786
2026-06-30,6592,9.516813
2026-06-30,6593,9.516841
2026-06-30,6594,9.516868
2026-06-30,6595,9.516896
2026-06-30,6596,9.516923
2026-06-30,6597,9.516951
2026-06-30,6598,9.516978
2026-06-30,6599,9.517005
2026-06-30,6600,9.517033
2026-06-30,6601,9.51706
2026-06-30,6602,9.517088
2026-06-30,6603,9.517115
2026-06-30,6604,9.517143
2026-06-30,6605,9.51717
2026-06-30,6606,9.517198
2026-06-30,6607,9.517225
2026-06-30,6608,9.517253
2026-06-30,6609,9.51728
2026-06-30,6610,9.517308
2026-06-30,6611,9.517335
2026-06-30,6612,9.517363
2026-06-30,6613,9.51739
2026-06-30,6614,9.517418
2026-06-30,6615,9.517445
2026-06-30,6616,9.517473
2026-06-30,6617,9.5175
2026-06-30,6618,9.517527
2026-06-30,6619,9.517555
2026-06-30,6620,9.517582
2026-06-30,6621,9.51761
2026-06-30,6622,9.517637
2026-06-30,6623,9.517665
2026-06-30,6624,9.517692
2026-06-30,6625,9.51772
2026-06-30,6626,9.517747
2026-06-30,6627,9.517775
2026-06-30,6628,9.517802
2026-06-30,6629,9.51783
2026-06-30,6630,9.517857
2026-06-30,6631,9.517885
2026-06-30,6632,9.517912
2026-06-30,6633,9.51794
2026-06-30,6634,9.517967
2026-06-30,6635,9.517995
2026-06-30,6636,9.518022
2026-06-30,6637,9.518049
2026-06-30,6638,9.518077
2026-06-30,6639,9.518104
2026-06-30,6640,9.518132
2026-06-30,6641,9.518159
2026-06-30,6642,9.518187
2026-06-30,6643,9.518214
2026-06-30,6644,9.518242
2026-06-30,6645,9.518269
2026-06-30,6646,9.518297
2026-06-30,6647,9.518324
2026-06-30,6648,9.518352
2026-06-30,6649,9.518379
2026-06-30,6650,9.518407
2026-06-30,6651,9.518434
2026-06-30,6652,9.518462
2026-06-30,6653,9.518489
2026-06-30,6654,9.518516
2026-06-30,6655,9.518544
2026-06-30,6656,9.518571
2026-06-30,6657,9.518599
2026-06-30,6658,9.518626
2026-06-30,6659,9.518654
2026-06-30,6660,9.518681
2026-06-30,6661,9.518709
2026-06-30,6662,9.518736
2026-06-30,6663,9.518764
2026-06-30,6664,9.518791
2026-06-30,6665,9.518819
2026-06-30,6666,9.518846
2026-06-30,6667,9.518874
2026-06-30,6668,9.518901
2026-06-30,6669,9.518929
2026-06-30,6670,9.518956
2026-06-30,6671,9.518984
2026-06-30,6672,9.519011
2026-06-30,6673,9.519038
2026-06-30,6674,9.519066
2026-06-30,6675,9.519093
2026-06-30,6676,9.519121
2026-06-30,6677,9.519148
2026-06-30,6678,9.519176
2026-06-30,6679,9.519203
2026-06-30,6680,9.519231
2026-06-30,6681,9.519258
2026-06-30,6682,9.519286
2026-06-30,6683,9.519313
2026-06-30,6684,9.519341
2026-06-30,6685,9.519368
2026-06-30,6686,9.519396
2026-06-30,6687,9.519423
2026-06-30,6688,9.519451
2026-06-30,6689,9.519478
2026-06-30,6690,9.519505
2026-06-30,6691,9.519533
2026-06-30,6692,9.51956
2026-06-30,6693,9.519588
2026-06-30,6694,9.519615
2026-06-30,6695,9.519643
2026-06-30,6696,9.51967
2026-06-30,6697,9.519698
2026-06-30,6698,9.519725
2026-06-30,6699,9.519753
2026-06-30,6700,9.51978
2026-06-30,6701,9.519808
2026-06-30,6702,9.519835
2026-06-30,6703,9.519863
2026-06-30,6704,9.51989
2026-06-30,6705,9.519918
2026-06-30,6706,9.519945
2026-06-30,6707,9.519973
2026-06-30,6708,9.52
2026-06-30,6709,9.520027
2026-06-30,6710,9.520055
2026-06-30,6711,9.520082
2026-06-30,6712,9.52011
2026-06-30,6713,9.520137
2026-06-30,6714,9.520165
2026-06-30,6715,9.520192
2026-06-30,6716,9.52022
2026-06-30,6717,9.520247
2026-06-30,6718,9.520275
2026-06-30,6719,9.520302
2026-06-30,6720,9.52033
2026-06-30,6721,9.520357
2026-06-30,6722,9.520385
2026-06-30,6723,9.520412
2026-06-30,6724,9.52044
2026-06-30,6725,9.520467
2026-06-30,6726,9.520495
2026-06-30,6727,9.520522
2026-06-30,6728,9.520549
2026-06-30,6729,9.520577
2026-06-30,6730,9.520604
2026-06-30,6731,9.520632
2026-06-30,6732,9.520659
2026-06-30,6733,9.520687
2026-06-30,6734,9.520714
2026-06-30,6735,9.520742
2026-06-30,6736,9.520769
2026-06-30,6737,9.520797
2026-06-30,6738,9.520824
2026-06-30,6739,9.520852
2026-06-30,6740,9.520879
2026-06-30,6741,9.520907
2026-06-30,6742,9.520934
2026-06-30,6743,9.520962
2026-06-30,6744,9.520989
2026-06-30,6745,9.521016
2026-06-30,6746,9.521044
2026-06-30,6747,9.521071
2026-06-30,6748,9.521099
2026-06-30,6749,9.521126
2026-06-30,6750,9.521154
2026-06-30,6751,9.521181
2026-06-30,6752,9.521209
2026-06-30,6753,9.521236
2026-06-30,6754,9.521264
2026-06-30,6755,9.521291
2026-06-30,6756,9.521319
2026-06-30,6757,9.521346
2026-06-30,6758,9.521374
2026-06-30,6759,9.521401
2026-06-30,6760,9.521429
2026-06-30,6761,9.521456
2026-06-30,6762,9.521484
2026-06-30,6763,9.521511
2026-06-30,6764,9.521538
2026-06-30,6765,9.521566
2026-06-30,6766,9.521593
2026-06-30,6767,9.521621
2026-06-30,6768,9.521648
2026-06-30,6769,9.521676
2026-06-30,6770,9.521703
2026-06-30,6771,9.521731
2026-06-30,6772,9.521758
2026-06-30,6773,9.521786
2026-06-30,6774,9.521813
2026-06-30,6775,9.521841
2026-06-30,6776,9.521868
2026-06-30,6777,9.521896
2026-06-30,6778,9.521923
2026-06-30,6779,9.521951
2026-06-30,6780,9.521978
2026-06-30,6781,9.522005
2026-06-30,6782,9.522033
2026-06-30,6783,9.52206
2026-06-30,6784,9.522088
2026-06-30,6785,9.522115
2026-06-30,6786,9.522143
2026-06-30,6787,9.52217
2026-06-30,6788,9.522198
2026-06-30,6789,9.522225
2026-06-30,6790,9.522253
2026-06-30,6791,9.52228
2026-06-30,6792,9.522308
2026-06-30,6793,9.522335
2026-06-30,6794,9.522363
2026-06-30,6795,9.52239
2026-06-30,6796,9.522418
2026-06-30,6797,9.522445
2026-06-30,6798,9.522473
2026-06-30,6799,9.5225
2026-06-30,6800,9.522527
2026-06-30,6801,9.522555
2026-06-30,6802,9.522582
2026-06-30,6803,9.52261
2026-06-30,6804,9.522637
2026-06-30,6805,9.522665
2026-06-30,6806,9.522692
2026-06-30,6807,9.52272
2026-06-30,6808,9.522747
2026-06-30,6809,9.522775
2026-06-30,6810,9.522802
2026-06-30,6811,9.52283
2026-06-30,6812,9.522857
2026-06-30,6813,9.522885
2026-06-30,6814,9.522912
2026-06-30,6815,9.52294
2026-06-30,6816,9.522967
2026-06-30,6817,9.522995
2026-06-30,6818,9.523022
2026-06-30,6819,9.523049
2026-06-30,6820,9.523077
2026-06-30,6821,9.523104
2026-06-30,6822,9.523132
2026-06-30,6823,9.523159
2026-06-30,6824,9.523187
2026-06-30,6825,9.523214
2026-06-30,6826,9.523242
2026-06-30,6827,9.523269
2026-06-30,6828,9.523297
2026-06-30,6829,9.523324
2026-06-30,6830,9.523352
2026-06-30,6831,9.523379
2026-06-30,6832,9.523407
2026-06-30,6833,9.523434
2026-06-30,6834,9.523462
2026-06-30,6835,9.523489
2026-06-30,6836,9.523516
2026-06-30,6837,9.523544
2026-06-30,6838,9.523571
2026-06-30,6839,9.523599
2026-06-30,6840,9.523626
2026-06-30,6841,9.523654
2026-06-30,6842,9.523681
2026-06-30,6843,9.523709
2026-06-30,6844,9.523736
2026-06-30,6845,9.523764
2026-06-30,6846,9.523791
2026-06-30,6847,9.523819
2026-06-30,6848,9.523846
2026-06-30,6849,9.523874
2026-06-30,6850,9.523901
2026-06-30,6851,9.523929
2026-06-30,6852,9.523956
2026-06-30,6853,9.523984
2026-06-30,6854,9.524011
2026-06-30,6855,9.524038
2026-06-30,6856,9.524066
2026-06-30,6857,9.524093
2026-06-30,6858,9.524121
2026-06-30,6859,9.524148
2026-06-30,6860,9.524176
2026-06-30,6861,9.524203
2026-06-30,6862,9.524231
2026-06-30,6863,9.524258
2026-06-30,6864,9.524286
2026-06-30,6865,9.524313
2026-06-30,6866,9.524341
2026-06-30,6867,9.524368
2026-06-30,6868,9.524396
2026-06-30,6869,9.524423
2026-06-30,6870,9.524451
2026-06-30,6871,9.524478
2026-06-30,6872,9.524505
2026-06-30,6873,9.524533
2026-06-30,6874,9.52456
2026-06-30,6875,9.524588
2026-06-30,6876,9.524615
2026-06-30,6877,9.524643
2026-06-30,6878,9.52467
2026-06-30,6879,9.524698
2026-06-30,6880,9.524725
2026-06-30,6881,9.524753
2026-06-30,6882,9.52478
2026-06-30,6883,9.524808
2026-06-30,6884,9.524835
2026-06-30,6885,9.524863
2026-06-30,6886,9.52489
2026-06-30,6887,9.524918
2026-06-30,6888,9.524945
2026-06-30,6889,9.524973
2026-06-30,6890,9.525
2026-06-30,6891,9.525027
2026-06-30,6892,9.525055
2026-06-30,6893,9.525082
2026-06-30,6894,9.52511
2026-06-30,6895,9.525137
2026-06-30,6896,9.525165
2026-06-30,6897,9.525192
2026-06-30,6898,9.52522
2026-06-30,6899,9.525247
2026-06-30,6900,9.525275
2026-06-30,6901,9.525302
2026-06-30,6902,9.52533
2026-06-30,6903,9.525357
2026-06-30,6904,9.525385
2026-06-30,6905,9.525412
2026-06-30,6906,9.52544
2026-06-30,6907,9.525467
2026-06-30,6908,9.525495
2026-06-30,6909,9.525522
2026-06-30,6910,9.525549
2026-06-30,6911,9.525577
2026-06-30,6912,9.525604
2026-06-30,6913,9.525632
2026-06-30,6914,9.525659
2026-06-30,6915,9.525687
2026-06-30,6916,9.525714
2026-06-30,6917,9.525742
2026-06-30,6918,9.525769
2026-06-30,6919,9.525797
2026-06-30,6920,9.525824
2026-06-30,6921,9.525852
2026-06-30,6922,9.525879
2026-06-30,6923,9.525907
2026-06-30,6924,9.525934
2026-06-30,6925,9.525962
2026-06-30,6926,9.525989
2026-06-30,6927,9.526016
2026-06-30,6928,9.526044
2026-06-30,6929,9.526071
2026-06-30,6930,9.526099
2026-06-30,6931,9.526126
2026-06-30,6932,9.526154
2026-06-30,6933,9.526181
2026-06-30,6934,9.526209
2026-06-30,6935,9.526236
2026-06-30,6936,9.526264
2026-06-30,6937,9.526291
2026-06-30,6938,9.526319
2026-06-30,6939,9.526346
2026-06-30,6940,9.526374
2026-06-30,6941,9.526401
2026-06-30,6942,9.526429
2026-06-30,6943,9.526456
2026-06-30,6944,9.526484
2026-06-30,6945,9.526511
2026-06-30,6946,9.526538
2026-06-30,6947,9.526566
2026-06-30,6948,9.526593
2026-06-30,6949,9.526621
2026-06-30,6950,9.526648
2026-06-30,6951,9.526676
2026-06-30,6952,9.526703
2026-06-30,6953,9.526731
2026-06-30,6954,9.526758
2026-06-30,6955,9.526786
2026-06-30,6956,9.526813
2026-06-30,6957,9.526841
2026-06-30,6958,9.526868
2026-06-30,6959,9.526896
2026-06-30,6960,9.526923
2026-06-30,6961,9.526951
2026-06-30,6962,9.526978
2026-06-30,6963,9.527005
2026-06-30,6964,9.527033
2026-06-30,6965,9.52706
2026-06-30,6966,9.527088
2026-06-30,6967,9.527115
2026-06-30,6968,9.527143
2026-06-30,6969,9.52717
2026-06-30,6970,9.527198
2026-06-30,6971,9.527225
2026-06-30,6972,9.527253
2026-06-30,6973,9.52728
2026-06-30,6974,9.527308
2026-06-30,6975,9.527335
2026-06-30,6976,9.527363
2026-06-30,6977,9.52739
2026-06-30,6978,9.527418
2026-06-30,6979,9.527445
2026-06-30,6980,9.527473
2026-06-30,6981,9.5275
2026-06-30,6982,9.527527
2026-06-30,6983,9.527555
2026-06-30,6984,9.527582
2026-06-30,6985,9.52761
2026-06-30,6986,9.527637
2026-06-30,6987,9.527665
2026-06-30,6988,9.527692
2026-06-30,6989,9.52772
2026-06-30,6990,9.527747
2026-06-30,6991,9.527775
2026-06-30,6992,9.527802
2026-06-30,6993,9.52783
2026-06-30,6994,9.527857
2026-06-30,6995,9.527885
2026-06-30,6996,9.527912
2026-06-30,6997,9.52794
2026-06-30,6998,9.527967
2026-06-30,6999,9.527995
2026-06-30,7000,9.528022
2026-06-30,7001,9.528049
2026-06-30,7002,9.528077
2026-06-30,7003,9.528104
2026-06-30,7004,9.528132
2026-06-30,7005,9.528159
2026-06-30,7006,9.528187
2026-06-30,7007,9.528214
2026-06-30,7008,9.528242
2026-06-30,7009,9.528269
2026-06-30,7010,9.528297
2026-06-30,7011,9.528324
2026-06-30,7012,9.528352
2026-06-30,7013,9.528379
2026-06-30,7014,9.528407
2026-06-30,7015,9.528434
2026-06-30,7016,9.528462
2026-06-30,7017,9.528489
2026-06-30,7018,9.528516
2026-06-30,7019,9.528544
2026-06-30,7020,9.528571
2026-06-30,7021,9.528599
2026-06-30,7022,9.528626
2026-06-30,7023,9.528654
2026-06-30,7024,9.528681
2026-06-30,7025,9.528709
2026-06-30,7026,9.528736
2026-06-30,7027,9.528764
2026-06-30,7028,9.528791
2026-06-30,7029,9.528819
2026-06-30,7030,9.528846
2026-06-30,7031,9.528874
2026-06-30,7032,9.528901
2026-06-30,7033,9.528929
2026-06-30,7034,9.528956
2026-06-30,7035,9.528984
2026-06-30,7036,9.529011
2026-06-30,7037,9.529038
2026-06-30,7038,9.529066
2026-06-30,7039,9.529093
2026-06-30,7040,9.529121
2026-06-30,7041,9.529148
2026-06-30,7042,9.529176
2026-06-30,7043,9.529203
2026-06-30,7044,9.529231
2026-06-30,7045,9.529258
2026-06-30,7046,9.529286
2026-06-30,7047,9.529313
2026-06-30,7048,9.529341
2026-06-30,7049,9.529368
2026-06-30,7050,9.529396
2026-06-30,7051,9.529423
2026-06-30,7052,9.529451
2026-06-30,7053,9.529478
2026-06-30,7054,9.529505
2026-06-30,7055,9.529533
2026-06-30,7056,9.52956
2026-06-30,7057,9.529588
2026-06-30,7058,9.529615
2026-06-30,7059,9.529643
2026-06-30,7060,9.52967
2026-06-30,7061,9.529698
2026-06-30,7062,9.529725
2026-06-30,7063,9.529753
2026-06-30,7064,9.52978
2026-06-30,7065,9.529808
2026-06-30,7066,9.529835
2026-06-30,7067,9.529863
2026-06-30,7068,9.52989
2026-06-30,7069,9.529918
2026-06-30,7070,9.529945
2026-06-30,7071,9.529973
2026-06-30,7072,9.53
2026-06-30,7073,9.530027
2026-06-30,7074,9.530055
2026-06-30,7075,9.530082
2026-06-30,7076,9.53011
2026-06-30,7077,9.530137
2026-06-30,7078,9.530165
2026-06-30,7079,9.530192
2026-06-30,7080,9.53022
2026-06-30,7081,9.530247
2026-06-30,7082,9.530275
2026-06-30,7083,9.530302
2026-06-30,7084,9.53033
2026-06-30,7085,9.530357
2026-06-30,7086,9.530385
2026-06-30,7087,9.530412
2026-06-30,7088,9.53044
2026-06-30,7089,9.530467
2026-06-30,7090,9.530495
2026-06-30,7091,9.530522
2026-06-30,7092,9.530549
2026-06-30,7093,9.530577
2026-06-30,7094,9.530604
2026-06-30,7095,9.530632
2026-06-30,7096,9.530659
2026-06-30,7097,9.530687
2026-06-30,7098,9.530714
2026-06-30,7099,9.530742
2026-06-30,7100,9.530769
2026-06-30,7101,9.530797
2026-06-30,7102,9.530824
2026-06-30,7103,9.530852
2026-06-30,7104,9.530879
2026-06-30,7105,9.530907
2026-06-30,7106,9.530934
2026-06-30,7107,9.530962
2026-06-30,7108,9.530989
2026-06-30,7109,9.531016
2026-06-30,7110,9.531044
2026-06-30,7111,9.531071
2026-06-30,7112,9.531099
2026-06-30,7113,9.531126
2026-06-30,7114,9.531154
2026-06-30,7115,9.531181
2026-06-30,7116,9.531209
2026-06-30,7117,9.531236
2026-06-30,7118,9.531264
2026-06-30,7119,9.531291
2026-06-30,7120,9.531319
2026-06-30,7121,9.531346
2026-06-30,7122,9.531374
2026-06-30,7123,9.531401
2026-06-30,7124,9.531429
2026-06-30,7125,9.531456
2026-06-30,7126,9.531484
2026-06-30,7127,9.531511
2026-06-30,7128,9.531538
2026-06-30,7129,9.531566
2026-06-30,7130,9.531593
2026-06-30,7131,9.531621
2026-06-30,7132,9.531648
2026-06-30,7133,9.531676
2026-06-30,7134,9.531703
2026-06-30,7135,9.531731
2026-06-30,7136,9.531758
2026-06-30,7137,9.531786
2026-06-30,7138,9.531813
2026-06-30,7139,9.531841
2026-06-30,7140,9.531868
2026-06-30,7141,9.531896
2026-06-30,7142,9.531923
2026-06-30,7143,9.531951
2026-06-30,7144,9.531978
2026-06-30,7145,9.532005
2026-06-30,7146,9.532033
2026-06-30,7147,9.53206
2026-06-30,7148,9.532088
2026-06-30,7149,9.532115
2026-06-30,7150,9.532143
2026-06-30,7151,9.53217
2026-06-30,7152,9.532198
2026-06-30,7153,9.532225
2026-06-30,7154,9.532253
2026-06-30,7155,9.53228
2026-06-30,7156,9.532308
2026-06-30,7157,9.532335
2026-06-30,7158,9.532363
2026-06-30,7159,9.53239
2026-06-30,7160,9.532418
2026-06-30,7161,9.532445
2026-06-30,7162,9.532473
2026-06-30,7163,9.5325
2026-06-30,7164,9.532527
2026-06-30,7165,9.532555
2026-06-30,7166,9.532582
2026-06-30,7167,9.53261
2026-06-30,7168,9.532637
2026-06-30,7169,9.532665
2026-06-30,7170,9.532692
2026-06-30,7171,9.53272
2026-06-30,7172,9.532747
2026-06-30,7173,9.532775
2026-06-30,7174,9.532802
2026-06-30,7175,9.53283
2026-06-30,7176,9.532857
2026-06-30,7177,9.532885
2026-06-30,7178,9.532912
2026-06-30,7179,9.53294
2026-06-30,7180,9.532967
2026-06-30,7181,9.532995
2026-06-30,7182,9.533022
2026-06-30,7183,9.533049
2026-06-30,7184,9.533077
2026-06-30,7185,9.533104
2026-06-30,7186,9.533132
2026-06-30,7187,9.533159
2026-06-30,7188,9.533187
2026-06-30,7189,9.533214
2026-06-30,7190,9.533242
2026-06-30,7191,9.533269
2026-06-30,7192,9.533297
2026-06-30,7193,9.533324
2026-06-30,7194,9.533352
2026-06-30,7195,9.533379
2026-06-30,7196,9.533407
2026-06-30,7197,9.533434
2026-06-30,7198,9.533462
2026-06-30,7199,9.533489
2026-06-30,7200,9.533516
2026-06-30,7201,9.533544
2026-06-30,7202,9.533571
2026-06-30,7203,9.533599
2026-06-30,7204,9.533626
2026-06-30,7205,9.533654
2026-06-30,7206,9.533681
2026-06-30,7207,9.533709
2026-06-30,7208,9.533736
2026-06-30,7209,9.533764
2026-06-30,7210,9.533791
2026-06-30,7211,9.533819
2026-06-30,7212,9.533846
2026-06-30,7213,9.533874
2026-06-30,7214,9.533901
2026-06-30,7215,9.533929
2026-06-30,7216,9.533956
2026-06-30,7217,9.533984
2026-06-30,7218,9.534011
2026-06-30,7219,9.534038
2026-06-30,7220,9.534066
2026-06-30,7221,9.534093
2026-06-30,7222,9.534121
2026-06-30,7223,9.534148
2026-06-30,7224,9.534176
2026-06-30,7225,9.534203
2026-06-30,7226,9.534231
2026-06-30,7227,9.534258
2026-06-30,7228,9.534286
2026-06-30,7229,9.534313
2026-06-30,7230,9.534341
2026-06-30,7231,9.534368
2026-06-30,7232,9.534396
2026-06-30,7233,9.534423
2026-06-30,7234,9.534451
2026-06-30,7235,9.534478
2026-06-30,7236,9.534505
2026-06-30,7237,9.534533
2026-06-30,7238,9.53456
2026-06-30,7239,9.534588
2026-06-30,7240,9.534615
2026-06-30,7241,9.534643
2026-06-30,7242,9.53467
2026-06-30,7243,9.534698
2026-06-30,7244,9.534725
2026-06-30,7245,9.534753
2026-06-30,7246,9.53478
2026-06-30,7247,9.534808
2026-06-30,7248,9.534835
2026-06-30,7249,9.534863
2026-06-30,7250,9.53489
2026-06-30,7251,9.534918
2026-06-30,7252,9.534945
2026-06-30,7253,9.534973
2026-06-30,7254,9.535
2026-06-30,7255,9.535027
2026-06-30,7256,9.535055
2026-06-30,7257,9.535082
2026-06-30,7258,9.53511
2026-06-30,7259,9.535137
2026-06-30,7260,9.535165
2026-06-30,7261,9.535192
2026-06-30,7262,9.53522
2026-06-30,7263,9.535247
2026-06-30,7264,9.535275
2026-06-30,7265,9.535302
2026-06-30,7266,9.53533
2026-06-30,7267,9.535357
2026-06-30,7268,9.535385
2026-06-30,7269,9.535412
2026-06-30,7270,9.53544
2026-06-30,7271,9.535467
2026-06-30,7272,9.535495
2026-06-30,7273,9.535522
2026-06-30,7274,9.535549
2026-06-30,7275,9.535577
2026-06-30,7276,9.535604
2026-06-30,7277,9.535632
2026-06-30,7278,9.535659
2026-06-30,7279,9.535687
2026-06-30,7280,9.535714
2026-06-30,7281,9.535742
2026-06-30,7282,9.535769
2026-06-30,7283,9.535797
2026-06-30,7284,9.535824
2026-06-30,7285,9.535852
2026-06-30,7286,9.535879
2026-06-30,7287,9.535907
2026-06-30,7288,9.535934
2026-06-30,7289,9.535962
2026-06-30,7290,9.535989
2026-06-30,7291,9.536016
2026-06-30,7292,9.536044
2026-06-30,7293,9.536071
2026-06-30,7294,9.536099
2026-06-30,7295,9.536126
2026-06-30,7296,9.536154
2026-06-30,7297,9.536181
2026-06-30,7298,9.536209
2026-06-30,7299,9.536236
2026-06-30,7300,9.536264
2026-06-30,7301,9.536291
2026-06-30,7302,9.536319
2026-06-30,7303,9.536346
2026-06-30,7304,9.536374
2026-06-30,7305,9.536401
2026-06-30,7306,9.536429
2026-06-30,7307,9.536456
2026-06-30,7308,9.536484
2026-06-30,7309,9.536511
2026-06-30,7310,9.536538
2026-06-30,7311,9.536566
2026-06-30,7312,9.536593
2026-06-30,7313,9.536621
2026-06-30,7314,9.536648
2026-06-30,7315,9.536676
2026-06-30,7316,9.536703
2026-06-30,7317,9.536731
2026-06-30,7318,9.536758
2026-06-30,7319,9.536786
2026-06-30,7320,9.536813
2026-06-30,7321,9.536841
2026-06-30,7322,9.536868
2026-06-30,7323,9.536896
2026-06-30,7324,9.536923
2026-06-30,7325,9.536951
2026-06-30,7326,9.536978
2026-06-30,7327,9.537005
2026-06-30,7328,9.537033
2026-06-30,7329,9.53706
2026-06-30,7330,9.537088
2026-06-30,7331,9.537115
2026-06-30,7332,9.537143
2026-06-30,7333,9.53717
2026-06-30,7334,9.537198
2026-06-30,7335,9.537225
2026-06-30,7336,9.537253
2026-06-30,7337,9.53728
2026-06-30,7338,9.537308
2026-06-30,7339,9.537335
2026-06-30,7340,9.537363
2026-06-30,7341,9.53739
2026-06-30,7342,9.537418
2026-06-30,7343,9.537445
2026-06-30,7344,9.537473
2026-06-30,7345,9.5375
2026-06-30,7346,9.537527
2026-06-30,7347,9.537555
2026-06-30,7348,9.537582
2026-06-30,7349,9.53761
2026-06-30,7350,9.537637
2026-06-30,7351,9.537665
2026-06-30,7352,9.537692
2026-06-30,7353,9.53772
2026-06-30,7354,9.537747
2026-06-30,7355,9.537775
2026-06-30,7356,9.537802
2026-06-30,7357,9.53783
2026-06-30,7358,9.537857
2026-06-30,7359,9.537885
2026-06-30,7360,9.537912
2026-06-30,7361,9.53794
2026-06-30,7362,9.537967
2026-06-30,7363,9.537995
2026-06-30,7364,9.538022
2026-06-30,7365,9.538049
2026-06-30,7366,9.538077
2026-06-30,7367,9.538104
2026-06-30,7368,9.538132
2026-06-30,7369,9.538159
2026-06-30,7370,9.538187
2026-06-30,7371,9.538214
2026-06-30,7372,9.538242
2026-06-30,7373,9.538269
2026-06-30,7374,9.538297
2026-06-30,7375,9.538324
2026-06-30,7376,9.538352
2026-06-30,7377,9.538379
2026-06-30,7378,9.538407
2026-06-30,7379,9.538434
2026-06-30,7380,9.538462
2026-06-30,7381,9.538489
2026-06-30,7382,9.538516
2026-06-30,7383,9.538544
2026-06-30,7384,9.538571
2026-06-30,7385,9.538599
2026-06-30,7386,9.538626
2026-06-30,7387,9.538654
2026-06-30,7388,9.538681
2026-06-30,7389,9.538709
2026-06-30,7390,9.538736
2026-06-30,7391,9.538764
2026-06-30,7392,9.538791
2026-06-30,7393,9.538819
2026-06-30,7394,9.538846
2026-06-30,7395,9.538874
2026-06-30,7396,9.538901
2026-06-30,7397,9.538929
2026-06-30,7398,9.538956
2026-06-30,7399,9.538984
2026-06-30,7400,9.539011
2026-06-30,7401,9.539038
2026-06-30,7402,9.539066
2026-06-30,7403,9.539093
2026-06-30,7404,9.539121
2026-06-30,7405,9.539148
2026-06-30,7406,9.539176
2026-06-30,7407,9.539203
2026-06-30,7408,9.539231
2026-06-30,7409,9.539258
2026-06-30,7410,9.539286
2026-06-30,7411,9.539313
2026-06-30,7412,9.539341
2026-06-30,7413,9.539368
2026-06-30,7414,9.539396
2026-06-30,7415,9.539423
2026-06-30,7416,9.539451
2026-06-30,7417,9.539478
2026-06-30,7418,9.539505
2026-06-30,7419,9.539533
2026-06-30,7420,9.53956
2026-06-30,7421,9.539588
2026-06-30,7422,9.539615
2026-06-30,7423,9.539643
2026-06-30,7424,9.53967
2026-06-30,7425,9.539698
2026-06-30,7426,9.539725
2026-06-30,7427,9.539753
2026-06-30,7428,9.53978
2026-06-30,7429,9.539808
2026-06-30,7430,9.539835
2026-06-30,7431,9.539863
2026-06-30,7432,9.53989
2026-06-30,7433,9.539918
2026-06-30,7434,9.539945
2026-06-30,7435,9.539973
2026-06-30,7436,9.54
2026-06-30,7437,9.540027
2026-06-30,7438,9.540055
2026-06-30,7439,9.540082
2026-06-30,7440,9.54011
2026-06-30,7441,9.540137
2026-06-30,7442,9.540165
2026-06-30,7443,9.540192
2026-06-30,7444,9.54022
2026-06-30,7445,9.540247
2026-06-30,7446,9.540275
2026-06-30,7447,9.540302
2026-06-30,7448,9.54033
2026-06-30,7449,9.540357
2026-06-30,7450,9.540385
2026-06-30,7451,9.540412
2026-06-30,7452,9.54044
2026-06-30,7453,9.540467
2026-06-30,7454,9.540495
2026-06-30,7455,9.540522
2026-06-30,7456,9.540549
2026-06-30,7457,9.540577
2026-06-30,7458,9.540604
2026-06-30,7459,9.540632
2026-06-30,7460,9.540659
2026-06-30,7461,9.540687
2026-06-30,7462,9.540714
2026-06-30,7463,9.540742
2026-06-30,7464,9.540769
2026-06-30,7465,9.540797
2026-06-30,7466,9.540824
2026-06-30,7467,9.540852
2026-06-30,7468,9.540879
2026-06-30,7469,9.540907
2026-06-30,7470,9.540934
2026-06-30,7471,9.540962
2026-06-30,7472,9.540989
2026-06-30,7473,9.541016
2026-06-30,7474,9.541044
2026-06-30,7475,9.541071
2026-06-30,7476,9.541099
2026-06-30,7477,9.541126
2026-06-30,7478,9.541154
2026-06-30,7479,9.541181
2026-06-30,7480,9.541209
2026-06-30,7481,9.541236
2026-06-30,7482,9.541264
2026-06-30,7483,9.541291
2026-06-30,7484,9.541319
2026-06-30,7485,9.541346
2026-06-30,7486,9.541374
2026-06-30,7487,9.541401
2026-06-30,7488,9.541429
2026-06-30,7489,9.541456
2026-06-30,7490,9.541484
2026-06-30,7491,9.541511
2026-06-30,7492,9.541538
2026-06-30,7493,9.541566
2026-06-30,7494,9.541593
2026-06-30,7495,9.541621
2026-06-30,7496,9.541648
2026-06-30,7497,9.541676
2026-06-30,7498,9.541703
2026-06-30,7499,9.541731
2026-06-30,7500,9.541758
2026-06-30,7501,9.541786
2026-06-30,7502,9.541813
2026-06-30,7503,9.541841
2026-06-30,7504,9.541868
2026-06-30,7505,9.541896
2026-06-30,7506,9.541923
2026-06-30,7507,9.541951
2026-06-30,7508,9.541978
2026-06-30,7509,9.542005
2026-06-30,7510,9.542033
2026-06-30,7511,9.54206
2026-06-30,7512,9.542088
2026-06-30,7513,9.542115
2026-06-30,7514,9.542143
2026-06-30,7515,9.54217
2026-06-30,7516,9.542198
2026-06-30,7517,9.542225
2026-06-30,7518,9.542253
2026-06-30,7519,9.54228
2026-06-30,7520,9.542308
2026-06-30,7521,9.542335
2026-06-30,7522,9.542363
2026-06-30,7523,9.54239
2026-06-30,7524,9.542418
2026-06-30,7525,9.542445
2026-06-30,7526,9.542473
2026-06-30,7527,9.5425
2026-06-30,7528,9.542527
2026-06-30,7529,9.542555
2026-06-30,7530,9.542582
2026-06-30,7531,9.54261
2026-06-30,7532,9.542637
2026-06-30,7533,9.542665
2026-06-30,7534,9.542692
2026-06-30,7535,9.54272
2026-06-30,7536,9.542747
2026-06-30,7537,9.542775
2026-06-30,7538,9.542802
2026-06-30,7539,9.54283
2026-06-30,7540,9.542857
2026-06-30,7541,9.542885
2026-06-30,7542,9.542912
2026-06-30,7543,9.54294
2026-06-30,7544,9.542967
2026-06-30,7545,9.542995
2026-06-30,7546,9.543022
2026-06-30,7547,9.543049
2026-06-30,7548,9.543077
2026-06-30,7549,9.543104
2026-06-30,7550,9.543132
2026-06-30,7551,9.543159
2026-06-30,7552,9.543187
2026-06-30,7553,9.543214
2026-06-30,7554,9.543242
2026-06-30,7555,9.543269
2026-06-30,7556,9.543297
2026-06-30,7557,9.543324
2026-06-30,7558,9.543352
2026-06-30,7559,9.543379
2026-06-30,7560,9.543407
2026-06-30,7561,9.543434
2026-06-30,7562,9.543462
2026-06-30,7563,9.543489
2026-06-30,7564,9.543516
2026-06-30,7565,9.543544
2026-06-30,7566,9.543571
2026-06-30,7567,9.543599
2026-06-30,7568,9.543626
2026-06-30,7569,9.543654
2026-06-30,7570,9.543681
2026-06-30,7571,9.543709
2026-06-30,7572,9.543736
2026-06-30,7573,9.543764
2026-06-30,7574,9.543791
2026-06-30,7575,9.543819
2026-06-30,7576,9.543846
2026-06-30,7577,9.543874
2026-06-30,7578,9.543901
2026-06-30,7579,9.543929
2026-06-30,7580,9.543956
2026-06-30,7581,9.543984
2026-06-30,7582,9.544011
2026-06-30,7583,9.544038
2026-06-30,7584,9.544066
2026-06-30,7585,9.544093
2026-06-30,7586,9.544121
2026-06-30,7587,9.544148
2026-06-30,7588,9.544176
2026-06-30,7589,9.544203
2026-06-30,7590,9.544231
2026-06-30,7591,9.544258
2026-06-30,7592,9.544286
2026-06-30,7593,9.544313
2026-06-30,7594,9.544341
2026-06-30,7595,9.544368
2026-06-30,7596,9.544396
2026-06-30,7597,9.544423
2026-06-30,7598,9.544451
2026-06-30,7599,9.544478
2026-06-30,7600,9.544505
2026-06-30,7601,9.544533
2026-06-30,7602,9.54456
2026-06-30,7603,9.544588
2026-06-30,7604,9.544615
2026-06-30,7605,9.544643
2026-06-30,7606,9.54467
2026-06-30,7607,9.544698
2026-06-30,7608,9.544725
2026-06-30,7609,9.544753
2026-06-30,7610,9.54478
2026-06-30,7611,9.544808
2026-06-30,7612,9.544835
2026-06-30,7613,9.544863
2026-06-30,7614,9.54489
2026-06-30,7615,9.544918
2026-06-30,7616,9.544945
2026-06-30,7617,9.544973
2026-06-30,7618,9.545
2026-06-30,7619,9.545027
2026-06-30,7620,9.545055
2026-06-30,7621,9.545082
2026-06-30,7622,9.54511
2026-06-30,7623,9.545137
2026-06-30,7624,9.545165
2026-06-30,7625,9.545192
2026-06-30,7626,9.54522
2026-06-30,7627,9.545247
2026-06-30,7628,9.545275
2026-06-30,7629,9.545302
2026-06-30,7630,9.54533
2026-06-30,7631,9.545357
2026-06-30,7632,9.545385
2026-06-30,7633,9.545412
2026-06-30,7634,9.54544
2026-06-30,7635,9.545467
2026-06-30,7636,9.545495
2026-06-30,7637,9.545522
2026-06-30,7638,9.545549
2026-06-30,7639,9.545577
2026-06-30,7640,9.545604
2026-06-30,7641,9.545632
2026-06-30,7642,9.545659
2026-06-30,7643,9.545687
2026-06-30,7644,9.545714
2026-06-30,7645,9.545742
2026-06-30,7646,9.545769
2026-06-30,7647,9.545797
2026-06-30,7648,9.545824
2026-06-30,7649,9.545852
2026-06-30,7650,9.545879
2026-06-30,7651,9.545907
2026-06-30,7652,9.545934
2026-06-30,7653,9.545962
2026-06-30,7654,9.545989
2026-06-30,7655,9.546016
2026-06-30,7656,9.546044
2026-06-30,7657,9.546071
2026-06-30,7658,9.546099
2026-06-30,7659,9.546126
2026-06-30,7660,9.546154
2026-06-30,7661,9.546181
2026-06-30,7662,9.546209
2026-06-30,7663,9.546236
2026-06-30,7664,9.546264
2026-06-30,7665,9.546291
2026-06-30,7666,9.546319
2026-06-30,7667,9.546346
2026-06-30,7668,9.546374
2026-06-30,7669,9.546401
2026-06-30,7670,9.546429
2026-06-30,7671,9.546456
2026-06-30,7672,9.546484
2026-06-30,7673,9.546511
2026-06-30,7674,9.546538
2026-06-30,7675,9.546566
2026-06-30,7676,9.546593
2026-06-30,7677,9.546621
2026-06-30,7678,9.546648
2026-06-30,7679,9.546676
2026-06-30,7680,9.546703
2026-06-30,7681,9.546731
2026-06-30,7682,9.546758
2026-06-30,7683,9.546786
2026-06-30,7684,9.546813
2026-06-30,7685,9.546841
2026-06-30,7686,9.546868
2026-06-30,7687,9.546896
2026-06-30,7688,9.546923
2026-06-30,7689,9.546951
2026-06-30,7690,9.546978
2026-06-30,7691,9.547005
2026-06-30,7692,9.547033
2026-06-30,7693,9.54706
2026-06-30,7694,9.547088
2026-06-30,7695,9.547115
2026-06-30,7696,9.547143
2026-06-30,7697,9.54717
2026-06-30,7698,9.547198
2026-06-30,7699,9.547225
2026-06-30,7700,9.547253
2026-06-30,7701,9.54728
2026-06-30,7702,9.547308
2026-06-30,7703,9.547335
2026-06-30,7704,9.547363
2026-06-30,7705,9.54739
2026-06-30,7706,9.547418
2026-06-30,7707,9.547445
2026-06-30,7708,9.547473
2026-06-30,7709,9.5475
2026-06-30,7710,9.547527
2026-06-30,7711,9.547555
2026-06-30,7712,9.547582
2026-06-30,7713,9.54761
2026-06-30,7714,9.547637
2026-06-30,7715,9.547665
2026-06-30,7716,9.547692
2026-06-30,7717,9.54772
2026-06-30,7718,9.547747
2026-06-30,7719,9.547775
2026-06-30,7720,9.547802
2026-06-30,7721,9.54783
2026-06-30,7722,9.547857
2026-06-30,7723,9.547885
2026-06-30,7724,9.547912
2026-06-30,7725,9.54794
2026-06-30,7726,9.547967
2026-06-30,7727,9.547995
2026-06-30,7728,9.548022
2026-06-30,7729,9.548049
2026-06-30,7730,9.548077
2026-06-30,7731,9.548104
2026-06-30,7732,9.548132
2026-06-30,7733,9.548159
2026-06-30,7734,9.548187
2026-06-30,7735,9.548214
2026-06-30,7736,9.548242
2026-06-30,7737,9.548269
2026-06-30,7738,9.548297
2026-06-30,7739,9.548324
2026-06-30,7740,9.548352
2026-06-30,7741,9.548379
2026-06-30,7742,9.548407
2026-06-30,7743,9.548434
2026-06-30,7744,9.548462
2026-06-30,7745,9.548489
2026-06-30,7746,9.548516
2026-06-30,7747,9.548544
2026-06-30,7748,9.548571
2026-06-30,7749,9.548599
2026-06-30,7750,9.548626
2026-06-30,7751,9.548654
2026-06-30,7752,9.548681
2026-06-30,7753,9.548709
2026-06-30,7754,9.548736
2026-06-30,7755,9.548764
2026-06-30,7756,9.548791
2026-06-30,7757,9.548819
2026-06-30,7758,9.548846
2026-06-30,7759,9.548874
2026-06-30,7760,9.548901
2026-06-30,7761,9.548929
2026-06-30,7762,9.548956
2026-06-30,7763,9.548984
2026-06-30,7764,9.549011
2026-06-30,7765,9.549038
2026-06-30,7766,9.549066
2026-06-30,7767,9.549093
2026-06-30,7768,9.549121
2026-06-30,7769,9.549148
2026-06-30,7770,9.549176
2026-06-30,7771,9.549203
2026-06-30,7772,9.549231
2026-06-30,7773,9.549258
2026-06-30,7774,9.549286
2026-06-30,7775,9.549313
2026-06-30,7776,9.549341
2026-06-30,7777,9.549368
2026-06-30,7778,9.549396
2026-06-30,7779,9.549423
2026-06-30,7780,9.549451
2026-06-30,7781,9.549478
2026-06-30,7782,9.549505
2026-06-30,7783,9.549533
2026-06-30,7784,9.54956
2026-06-30,7785,9.549588
2026-06-30,7786,9.549615
2026-06-30,7787,9.549643
2026-06-30,7788,9.54967
2026-06-30,7789,9.549698
2026-06-30,7790,9.549725
2026-06-30,7791,9.549753
2026-06-30,7792,9.54978
2026-06-30,7793,9.549808
2026-06-30,7794,9.549835
2026-06-30,7795,9.549863
2026-06-30,7796,9.54989
2026-06-30,7797,9.549918
2026-06-30,7798,9.549945
2026-06-30,7799,9.549973
2026-06-30,7800,9.55
2026-06-30,7801,9.550005
2026-06-30,7802,9.55001
2026-06-30,7803,9.550014
2026-06-30,7804,9.550019
2026-06-30,7805,9.550024
2026-06-30,7806,9.550029
2026-06-30,7807,9.550033
2026-06-30,7808,9.550038
2026-06-30,7809,9.550043
2026-06-30,7810,9.550048
2026-06-30,7811,9.550053
2026-06-30,7812,9.550057
2026-06-30,7813,9.550062
2026-06-30,7814,9.550067
2026-06-30,7815,9.550072
2026-06-30,7816,9.550076
2026-06-30,7817,9.550081
2026-06-30,7818,9.550086
2026-06-30,7819,9.550091
2026-06-30,7820,9.550096
2026-06-30,7821,9.5501
2026-06-30,7822,9.550105
2026-06-30,7823,9.55011
2026-06-30,7824,9.550115
2026-06-30,7825,9.550119
2026-06-30,7826,9.550124
2026-06-30,7827,9.550129
2026-06-30,7828,9.550134
2026-06-30,7829,9.550139
2026-06-30,7830,9.550143
2026-06-30,7831,9.550148
2026-06-30,7832,9.550153
2026-06-30,7833,9.550158
2026-06-30,7834,9.550162
2026-06-30,7835,9.550167
2026-06-30,7836,9.550172
2026-06-30,7837,9.550177
2026-06-30,7838,9.550182
2026-06-30,7839,9.550186
2026-06-30,7840,9.550191
2026-06-30,7841,9.550196
2026-06-30,7842,9.550201
2026-06-30,7843,9.550205
2026-06-30,7844,9.55021
2026-06-30,7845,9.550215
2026-06-30,7846,9.55022
2026-06-30,7847,9.550225
2026-06-30,7848,9.550229
2026-06-30,7849,9.550234
2026-06-30,7850,9.550239
2026-06-30,7851,9.550244
2026-06-30,7852,9.550248
2026-06-30,7853,9.550253
2026-06-30,7854,9.550258
2026-06-30,7855,9.550263
2026-06-30,7856,9.550268
2026-06-30,7857,9.550272
2026-06-30,7858,9.550277
2026-06-30,7859,9.550282
2026-06-30,7860,9.550287
2026-06-30,7861,9.550291
2026-06-30,7862,9.550296
2026-06-30,7863,9.550301
2026-06-30,7864,9.550306
2026-06-30,7865,9.550311
2026-06-30,7866,9.550315
2026-06-30,7867,9.55032
2026-06-30,7868,9.550325
2026-06-30,7869,9.55033
2026-06-30,7870,9.550334
2026-06-30,7871,9.550339
2026-06-30,7872,9.550344
2026-06-30,7873,9.550349
2026-06-30,7874,9.550354
2026-06-30,7875,9.550358
2026-06-30,7876,9.550363
2026-06-30,7877,9.550368
2026-06-30,7878,9.550373
2026-06-30,7879,9.550377
2026-06-30,7880,9.550382
2026-06-30,7881,9.550387
2026-06-30,7882,9.550392
2026-06-30,7883,9.550397
2026-06-30,7884,9.550401
2026-06-30,7885,9.550406
2026-06-30,7886,9.550411
2026-06-30,7887,9.550416
2026-06-30,7888,9.55042
2026-06-30,7889,9.550425
2026-06-30,7890,9.55043
2026-06-30,7891,9.550435
2026-06-30,7892,9.55044
2026-06-30,7893,9.550444
2026-06-30,7894,9.550449
2026-06-30,7895,9.550454
2026-06-30,7896,9.550459
2026-06-30,7897,9.550463
2026-06-30,7898,9.550468
2026-06-30,7899,9.550473
2026-06-30,7900,9.550478
2026-06-30,7901,9.550483
2026-06-30,7902,9.550487
2026-06-30,7903,9.550492
2026-06-30,7904,9.550497
2026-06-30,7905,9.550502
2026-06-30,7906,9.550506
2026-06-30,7907,9.550511
2026-06-30,7908,9.550516
2026-06-30,7909,9.550521
2026-06-30,7910,9.550526
2026-06-30,7911,9.55053
2026-06-30,7912,9.550535
2026-06-30,7913,9.55054
2026-06-30,7914,9.550545
2026-06-30,7915,9.550549
2026-06-30,7916,9.550554
2026-06-30,7917,9.550559
2026-06-30,7918,9.550564
2026-06-30,7919,9.550569
2026-06-30,7920,9.550573
2026-06-30,7921,9.550578
2026-06-30,7922,9.550583
2026-06-30,7923,9.550588
2026-06-30,7924,9.550592
2026-06-30,7925,9.550597
2026-06-30,7926,9.550602
2026-06-30,7927,9.550607
2026-06-30,7928,9.550612
2026-06-30,7929,9.550616
2026-06-30,7930,9.550621
2026-06-30,7931,9.550626
2026-06-30,7932,9.550631
2026-06-30,7933,9.550635
2026-06-30,7934,9.55064
2026-06-30,7935,9.550645
2026-06-30,7936,9.55065
2026-06-30,7937,9.550655
2026-06-30,7938,9.550659
2026-06-30,7939,9.550664
2026-06-30,7940,9.550669
2026-06-30,7941,9.550674
2026-06-30,7942,9.550678
2026-06-30,7943,9.550683
2026-06-30,7944,9.550688
2026-06-30,7945,9.550693
2026-06-30,7946,9.550698
2026-06-30,7947,9.550702
2026-06-30,7948,9.550707
2026-06-30,7949,9.550712
2026-06-30,7950,9.550717
2026-06-30,7951,9.550721
2026-06-30,7952,9.550726
2026-06-30,7953,9.550731
2026-06-30,7954,9.550736
2026-06-30,7955,9.550741
2026-06-30,7956,9.550745
2026-06-30,7957,9.55075
2026-06-30,7958,9.550755
2026-06-30,7959,9.55076
2026-06-30,7960,9.550764
2026-06-30,7961,9.550769
2026-06-30,7962,9.550774
2026-06-30,7963,9.550779
2026-06-30,7964,9.550784
2026-06-30,7965,9.550788
2026-06-30,7966,9.550793
2026-06-30,7967,9.550798
2026-06-30,7968,9.550803
2026-06-30,7969,9.550807
2026-06-30,7970,9.550812
2026-06-30,7971,9.550817
2026-06-30,7972,9.550822
2026-06-30,7973,9.550827
2026-06-30,7974,9.550831
2026-06-30,7975,9.550836
2026-06-30,7976,9.550841
2026-06-30,7977,9.550846
2026-06-30,7978,9.55085
2026-06-30,7979,9.550855
2026-06-30,7980,9.55086
2026-06-30,7981,9.550865
2026-06-30,7982,9.55087
2026-06-30,7983,9.550874
2026-06-30,7984,9.550879
2026-06-30,7985,9.550884
2026-06-30,7986,9.550889
2026-06-30,7987,9.550893
2026-06-30,7988,9.550898
2026-06-30,7989,9.550903
2026-06-30,7990,9.550908
2026-06-30,7991,9.550913
2026-06-30,7992,9.550917
2026-06-30,7993,9.550922
2026-06-30,7994,9.550927
2026-06-30,7995,9.550932
2026-06-30,7996,9.550936
2026-06-30,7997,9.550941
2026-06-30,7998,9.550946
2026-06-30,7999,9.550951
2026-06-30,8000,9.550956
2026-06-30,8001,9.55096
2026-06-30,8002,9.550965
2026-06-30,8003,9.55097
2026-06-30,8004,9.550975
2026-06-30,8005,9.550979
2026-06-30,8006,9.550984
2026-06-30,8007,9.550989
2026-06-30,8008,9.550994
2026-06-30,8009,9.550999
2026-06-30,8010,9.551003
2026-06-30,8011,9.551008
2026-06-30,8012,9.551013
2026-06-30,8013,9.551018
2026-06-30,8014,9.551022
2026-06-30,8015,9.551027
2026-06-30,8016,9.551032
2026-06-30,8017,9.551037
2026-06-30,8018,9.551042
2026-06-30,8019,9.551046
2026-06-30,8020,9.551051
2026-06-30,8021,9.551056
2026-06-30,8022,9.551061
2026-06-30,8023,9.551065
2026-06-30,8024,9.55107
2026-06-30,8025,9.551075
2026-06-30,8026,9.55108
2026-06-30,8027,9.551085
2026-06-30,8028,9.551089
2026-06-30,8029,9.551094
2026-06-30,8030,9.551099
2026-06-30,8031,9.551104
2026-06-30,8032,9.551108
2026-06-30,8033,9.551113
2026-06-30,8034,9.551118
2026-06-30,8035,9.551123
2026-06-30,8036,9.551128
2026-06-30,8037,9.551132
2026-06-30,8038,9.551137
2026-06-30,8039,9.551142
2026-06-30,8040,9.551147
2026-06-30,8041,9.551151
2026-06-30,8042,9.551156
2026-06-30,8043,9.551161
2026-06-30,8044,9.551166
2026-06-30,8045,9.551171
2026-06-30,8046,9.551175
2026-06-30,8047,9.55118
2026-06-30,8048,9.551185
2026-06-30,8049,9.55119
2026-06-30,8050,9.551194
2026-06-30,8051,9.551199
2026-06-30,8052,9.551204
2026-06-30,8053,9.551209
2026-06-30,8054,9.551214
2026-06-30,8055,9.551218
2026-06-30,8056,9.551223
2026-06-30,8057,9.551228
2026-06-30,8058,9.551233
2026-06-30,8059,9.551237
2026-06-30,8060,9.551242
2026-06-30,8061,9.551247
2026-06-30,8062,9.551252
2026-06-30,8063,9.551257
2026-06-30,8064,9.551261
2026-06-30,8065,9.551266
2026-06-30,8066,9.551271
2026-06-30,8067,9.551276
2026-06-30,8068,9.55128
2026-06-30,8069,9.551285
2026-06-30,8070,9.55129
2026-06-30,8071,9.551295
2026-06-30,8072,9.5513
2026-06-30,8073,9.551304
2026-06-30,8074,9.551309
2026-06-30,8075,9.551314
2026-06-30,8076,9.551319
2026-06-30,8077,9.551323
2026-06-30,8078,9.551328
2026-06-30,8079,9.551333
2026-06-30,8080,9.551338
2026-06-30,8081,9.551343
2026-06-30,8082,9.551347
2026-06-30,8083,9.551352
2026-06-30,8084,9.551357
2026-06-30,8085,9.551362
2026-06-30,8086,9.551366
2026-06-30,8087,9.551371
2026-06-30,8088,9.551376
2026-06-30,8089,9.551381
2026-06-30,8090,9.551386
2026-06-30,8091,9.55139
2026-06-30,8092,9.551395
2026-06-30,8093,9.5514
2026-06-30,8094,9.551405
2026-06-30,8095,9.551409
2026-06-30,8096,9.551414
2026-06-30,8097,9.551419
2026-06-30,8098,9.551424
2026-06-30,8099,9.551429
2026-06-30,8100,9.551433
2026-06-30,8101,9.551438
2026-06-30,8102,9.551443
2026-06-30,8103,9.551448
2026-06-30,8104,9.551452
2026-06-30,8105,9.551457
2026-06-30,8106,9.551462
2026-06-30,8107,9.551467
2026-06-30,8108,9.551472
2026-06-30,8109,9.551476
2026-06-30,8110,9.551481
2026-06-30,8111,9.551486
2026-06-30,8112,9.551491
2026-06-30,8113,9.551495
2026-06-30,8114,9.5515
2026-06-30,8115,9.551505
2026-06-30,8116,9.55151
2026-06-30,8117,9.551515
2026-06-30,8118,9.551519
2026-06-30,8119,9.551524
2026-06-30,8120,9.551529
2026-06-30,8121,9.551534
2026-06-30,8122,9.551538
2026-06-30,8123,9.551543
2026-06-30,8124,9.551548
2026-06-30,8125,9.551553
2026-06-30,8126,9.551558
2026-06-30,8127,9.551562
2026-06-30,8128,9.551567
2026-06-30,8129,9.551572
2026-06-30,8130,9.551577
2026-06-30,8131,9.551581
2026-06-30,8132,9.551586
2026-06-30,8133,9.551591
2026-06-30,8134,9.551596
2026-06-30,8135,9.551601
2026-06-30,8136,9.551605
2026-06-30,8137,9.55161
2026-06-30,8138,9.551615
2026-06-30,8139,9.55162
2026-06-30,8140,9.551624
2026-06-30,8141,9.551629
2026-06-30,8142,9.551634
2026-06-30,8143,9.551639
2026-06-30,8144,9.551644
2026-06-30,8145,9.551648
2026-06-30,8146,9.551653
2026-06-30,8147,9.551658
2026-06-30,8148,9.551663
2026-06-30,8149,9.551667
2026-06-30,8150,9.551672
2026-06-30,8151,9.551677
2026-06-30,8152,9.551682
2026-06-30,8153,9.551687
2026-06-30,8154,9.551691
2026-06-30,8155,9.551696
2026-06-30,8156,9.551701
2026-06-30,8157,9.551706
2026-06-30,8158,9.55171
2026-06-30,8159,9.551715
2026-06-30,8160,9.55172
2026-06-30,8161,9.551725
2026-06-30,8162,9.55173
2026-06-30,8163,9.551734
2026-06-30,8164,9.551739
2026-06-30,8165,9.551744
2026-06-30,8166,9.551749
2026-06-30,8167,9.551753
2026-06-30,8168,9.551758
2026-06-30,8169,9.551763
2026-06-30,8170,9.551768
2026-06-30,8171,9.551773
2026-06-30,8172,9.551777
2026-06-30,8173,9.551782
2026-06-30,8174,9.551787
2026-06-30,8175,9.551792
2026-06-30,8176,9.551796
2026-06-30,8177,9.551801
2026-06-30,8178,9.551806
2026-06-30,8179,9.551811
2026-06-30,8180,9.551816
2026-06-30,8181,9.55182
2026-06-30,8182,9.551825
2026-06-30,8183,9.55183
2026-06-30,8184,9.551835
2026-06-30,8185,9.551839
2026-06-30,8186,9.551844
2026-06-30,8187,9.551849
2026-06-30,8188,9.551854
2026-06-30,8189,9.551859
2026-06-30,8190,9.551863
2026-06-30,8191,9.551868
2026-06-30,8192,9.551873
2026-06-30,8193,9.551878
2026-06-30,8194,9.551882
2026-06-30,8195,9.551887
2026-06-30,8196,9.551892
2026-06-30,8197,9.551897
2026-06-30,8198,9.551902
2026-06-30,8199,9.551906
2026-06-30,8200,9.551911
2026-06-30,8201,9.551916
2026-06-30,8202,9.551921
2026-06-30,8203,9.551925
2026-06-30,8204,9.55193
2026-06-30,8205,9.551935
2026-06-30,8206,9.55194
2026-06-30,8207,9.551945
2026-06-30,8208,9.551949
2026-06-30,8209,9.551954
2026-06-30,8210,9.551959
2026-06-30,8211,9.551964
2026-06-30,8212,9.551968
2026-06-30,8213,9.551973
2026-06-30,8214,9.551978
2026-06-30,8215,9.551983
2026-06-30,8216,9.551988
2026-06-30,8217,9.551992
2026-06-30,8218,9.551997
2026-06-30,8219,9.552002
2026-06-30,8220,9.552007
2026-06-30,8221,9.552011
2026-06-30,8222,9.552016
2026-06-30,8223,9.552021
2026-06-30,8224,9.552026
2026-06-30,8225,9.552031
2026-06-30,8226,9.552035
2026-06-30,8227,9.55204
2026-06-30,8228,9.552045
2026-06-30,8229,9.55205
2026-06-30,8230,9.552054
2026-06-30,8231,9.552059
2026-06-30,8232,9.552064
2026-06-30,8233,9.552069
2026-06-30,8234,9.552074
2026-06-30,8235,9.552078
2026-06-30,8236,9.552083
2026-06-30,8237,9.552088
2026-06-30,8238,9.552093
2026-06-30,8239,9.552097
2026-06-30,8240,9.552102
2026-06-30,8241,9.552107
2026-06-30,8242,9.552112
2026-06-30,8243,9.552117
2026-06-30,8244,9.552121
2026-06-30,8245,9.552126
2026-06-30,8246,9.552131
2026-06-30,8247,9.552136
2026-06-30,8248,9.55214
2026-06-30,8249,9.552145
2026-06-30,8250,9.55215
2026-06-30,8251,9.552155
2026-06-30,8252,9.55216
2026-06-30,8253,9.552164
2026-06-30,8254,9.552169
2026-06-30,8255,9.552174
2026-06-30,8256,9.552179
2026-06-30,8257,9.552183
2026-06-30,8258,9.552188
2026-06-30,8259,9.552193
2026-06-30,8260,9.552198
2026-06-30,8261,9.552203
2026-06-30,8262,9.552207
2026-06-30,8263,9.552212
2026-06-30,8264,9.552217
2026-06-30,8265,9.552222
2026-06-30,8266,9.552226
2026-06-30,8267,9.552231
2026-06-30,8268,9.552236
2026-06-30,8269,9.552241
2026-06-30,8270,9.552246
2026-06-30,8271,9.55225
2026-06-30,8272,9.552255
2026-06-30,8273,9.55226
2026-06-30,8274,9.552265
2026-06-30,8275,9.552269
2026-06-30,8276,9.552274
2026-06-30,8277,9.552279
2026-06-30,8278,9.552284
2026-06-30,8279,9.552289
2026-06-30,8280,9.552293
2026-06-30,8281,9.552298
2026-06-30,8282,9.552303
2026-06-30,8283,9.552308
2026-06-30,8284,9.552312
2026-06-30,8285,9.552317
2026-06-30,8286,9.552322
2026-06-30,8287,9.552327
2026-06-30,8288,9.552332
2026-06-30,8289,9.552336
2026-06-30,8290,9.552341
2026-06-30,8291,9.552346
2026-06-30,8292,9.552351
2026-06-30,8293,9.552355
2026-06-30,8294,9.55236
2026-06-30,8295,9.552365
2026-06-30,8296,9.55237
2026-06-30,8297,9.552375
2026-06-30,8298,9.552379
2026-06-30,8299,9.552384
2026-06-30,8300,9.552389
2026-06-30,8301,9.552394
2026-06-30,8302,9.552398
2026-06-30,8303,9.552403
2026-06-30,8304,9.552408
2026-06-30,8305,9.552413
2026-06-30,8306,9.552418
2026-06-30,8307,9.552422
2026-06-30,8308,9.552427
2026-06-30,8309,9.552432
2026-06-30,8310,9.552437
2026-06-30,8311,9.552441
2026-06-30,8312,9.552446
2026-06-30,8313,9.552451
2026-06-30,8314,9.552456
2026-06-30,8315,9.552461
2026-06-30,8316,9.552465
2026-06-30,8317,9.55247
2026-06-30,8318,9.552475
2026-06-30,8319,9.55248
2026-06-30,8320,9.552484
2026-06-30,8321,9.552489
2026-06-30,8322,9.552494
2026-06-30,8323,9.552499
2026-06-30,8324,9.552504
2026-06-30,8325,9.552508
2026-06-30,8326,9.552513
2026-06-30,8327,9.552518
2026-06-30,8328,9.552523
2026-06-30,8329,9.552527
2026-06-30,8330,9.552532
2026-06-30,8331,9.552537
2026-06-30,8332,9.552542
2026-06-30,8333,9.552547
2026-06-30,8334,9.552551
2026-06-30,8335,9.552556
2026-06-30,8336,9.552561
2026-06-30,8337,9.552566
2026-06-30,8338,9.55257
2026-06-30,8339,9.552575
2026-06-30,8340,9.55258
2026-06-30,8341,9.552585
2026-06-30,8342,9.55259
2026-06-30,8343,9.552594
2026-06-30,8344,9.552599
2026-06-30,8345,9.552604
2026-06-30,8346,9.552609
2026-06-30,8347,9.552613
2026-06-30,8348,9.552618
2026-06-30,8349,9.552623
2026-06-30,8350,9.552628
2026-06-30,8351,9.552633
2026-06-30,8352,9.552637
2026-06-30,8353,9.552642
2026-06-30,8354,9.552647
2026-06-30,8355,9.552652
2026-06-30,8356,9.552656
2026-06-30,8357,9.552661
2026-06-30,8358,9.552666
2026-06-30,8359,9.552671
2026-06-30,8360,9.552676
2026-06-30,8361,9.55268
2026-06-30,8362,9.552685
2026-06-30,8363,9.55269
2026-06-30,8364,9.552695
2026-06-30,8365,9.552699
2026-06-30,8366,9.552704
2026-06-30,8367,9.552709
2026-06-30,8368,9.552714
2026-06-30,8369,9.552719
2026-06-30,8370,9.552723
2026-06-30,8371,9.552728
2026-06-30,8372,9.552733
2026-06-30,8373,9.552738
2026-06-30,8374,9.552742
2026-06-30,8375,9.552747
2026-06-30,8376,9.552752
2026-06-30,8377,9.552757
2026-06-30,8378,9.552762
2026-06-30,8379,9.552766
2026-06-30,8380,9.552771
2026-06-30,8381,9.552776
2026-06-30,8382,9.552781
2026-06-30,8383,9.552785
2026-06-30,8384,9.55279
2026-06-30,8385,9.552795
2026-06-30,8386,9.5528
2026-06-30,8387,9.552805
2026-06-30,8388,9.552809
2026-06-30,8389,9.552814
2026-06-30,8390,9.552819
2026-06-30,8391,9.552824
2026-06-30,8392,9.552828
2026-06-30,8393,9.552833
2026-06-30,8394,9.552838
2026-06-30,8395,9.552843
2026-06-30,8396,9.552848
2026-06-30,8397,9.552852
2026-06-30,8398,9.552857
2026-06-30,8399,9.552862
2026-06-30,8400,9.552867
2026-06-30,8401,9.552871
2026-06-30,8402,9.552876
2026-06-30,8403,9.552881
2026-06-30,8404,9.552886
2026-06-30,8405,9.552891
2026-06-30,8406,9.552895
2026-06-30,8407,9.5529
2026-06-30,8408,9.552905
2026-06-30,8409,9.55291
2026-06-30,8410,9.552914
2026-06-30,8411,9.552919
2026-06-30,8412,9.552924
2026-06-30,8413,9.552929
2026-06-30,8414,9.552934
2026-06-30,8415,9.552938
2026-06-30,8416,9.552943
2026-06-30,8417,9.552948
2026-06-30,8418,9.552953
2026-06-30,8419,9.552957
2026-06-30,8420,9.552962
2026-06-30,8421,9.552967
2026-06-30,8422,9.552972
2026-06-30,8423,9.552977
2026-06-30,8424,9.552981
2026-06-30,8425,9.552986
2026-06-30,8426,9.552991
2026-06-30,8427,9.552996
2026-06-30,8428,9.553
2026-06-30,8429,9.553005
2026-06-30,8430,9.55301
2026-06-30,8431,9.553015
2026-06-30,8432,9.55302
2026-06-30,8433,9.553024
2026-06-30,8434,9.553029
2026-06-30,8435,9.553034
2026-06-30,8436,9.553039
2026-06-30,8437,9.553043
2026-06-30,8438,9.553048
2026-06-30,8439,9.553053
2026-06-30,8440,9.553058
2026-06-30,8441,9.553063
2026-06-30,8442,9.553067
2026-06-30,8443,9.553072
2026-06-30,8444,9.553077
2026-06-30,8445,9.553082
2026-06-30,8446,9.553086
2026-06-30,8447,9.553091
2026-06-30,8448,9.553096
2026-06-30,8449,9.553101
2026-06-30,8450,9.553106
2026-06-30,8451,9.55311
2026-06-30,8452,9.553115
2026-06-30,8453,9.55312
2026-06-30,8454,9.553125
2026-06-30,8455,9.553129
2026-06-30,8456,9.553134
2026-06-30,8457,9.553139
2026-06-30,8458,9.553144
2026-06-30,8459,9.553149
2026-06-30,8460,9.553153
2026-06-30,8461,9.553158
2026-06-30,8462,9.553163
2026-06-30,8463,9.553168
2026-06-30,8464,9.553172
2026-06-30,8465,9.553177
2026-06-30,8466,9.553182
2026-06-30,8467,9.553187
2026-06-30,8468,9.553192
2026-06-30,8469,9.553196
2026-06-30,8470,9.553201
2026-06-30,8471,9.553206
2026-06-30,8472,9.553211
2026-06-30,8473,9.553215
2026-06-30,8474,9.55322
2026-06-30,8475,9.553225
2026-06-30,8476,9.55323
2026-06-30,8477,9.553235
2026-06-30,8478,9.553239
2026-06-30,8479,9.553244
2026-06-30,8480,9.553249
2026-06-30,8481,9.553254
2026-06-30,8482,9.553258
2026-06-30,8483,9.553263
2026-06-30,8484,9.553268
2026-06-30,8485,9.553273
2026-06-30,8486,9.553278
2026-06-30,8487,9.553282
2026-06-30,8488,9.553287
2026-06-30,8489,9.553292
2026-06-30,8490,9.553297
2026-06-30,8491,9.553301
2026-06-30,8492,9.553306
2026-06-30,8493,9.553311
2026-06-30,8494,9.553316
2026-06-30,8495,9.553321
2026-06-30,8496,9.553325
2026-06-30,8497,9.55333
2026-06-30,8498,9.553335
2026-06-30,8499,9.55334
2026-06-30,8500,9.553344
2026-06-30,8501,9.553349
2026-06-30,8502,9.553354
2026-06-30,8503,9.553359
2026-06-30,8504,9.553364
2026-06-30,8505,9.553368
2026-06-30,8506,9.553373
2026-06-30,8507,9.553378
2026-06-30,8508,9.553383
2026-06-30,8509,9.553387
2026-06-30,8510,9.553392
2026-06-30,8511,9.553397
2026-06-30,8512,9.553402
2026-06-30,8513,9.553407
2026-06-30,8514,9.553411
2026-06-30,8515,9.553416
2026-06-30,8516,9.553421
2026-06-30,8517,9.553426
2026-06-30,8518,9.55343
2026-06-30,8519,9.553435
2026-06-30,8520,9.55344
2026-06-30,8521,9.553445
2026-06-30,8522,9.55345
2026-06-30,8523,9.553454
2026-06-30,8524,9.553459
2026-06-30,8525,9.553464
2026-06-30,8526,9.553469
2026-06-30,8527,9.553473
2026-06-30,8528,9.553478
2026-06-30,8529,9.553483
2026-06-30,8530,9.553488
2026-06-30,8531,9.553493
2026-06-30,8532,9.553497
2026-06-30,8533,9.553502
2026-06-30,8534,9.553507
2026-06-30,8535,9.553512
2026-06-30,8536,9.553516
2026-06-30,8537,9.553521
2026-06-30,8538,9.553526
2026-06-30,8539,9.553531
2026-06-30,8540,9.553536
2026-06-30,8541,9.55354
2026-06-30,8542,9.553545
2026-06-30,8543,9.55355
2026-06-30,8544,9.553555
2026-06-30,8545,9.553559
2026-06-30,8546,9.553564
2026-06-30,8547,9.553569
2026-06-30,8548,9.553574
2026-06-30,8549,9.553579
2026-06-30,8550,9.553583
2026-06-30,8551,9.553588
2026-06-30,8552,9.553593
2026-06-30,8553,9.553598
2026-06-30,8554,9.553602
2026-06-30,8555,9.553607
2026-06-30,8556,9.553612
2026-06-30,8557,9.553617
2026-06-30,8558,9.553622
2026-06-30,8559,9.553626
2026-06-30,8560,9.553631
2026-06-30,8561,9.553636
2026-06-30,8562,9.553641
2026-06-30,8563,9.553645
2026-06-30,8564,9.55365
2026-06-30,8565,9.553655
2026-06-30,8566,9.55366
2026-06-30,8567,9.553665
2026-06-30,8568,9.553669
2026-06-30,8569,9.553674
2026-06-30,8570,9.553679
2026-06-30,8571,9.553684
2026-06-30,8572,9.553688
2026-06-30,8573,9.553693
2026-06-30,8574,9.553698
2026-06-30,8575,9.553703
2026-06-30,8576,9.553708
2026-06-30,8577,9.553712
2026-06-30,8578,9.553717
2026-06-30,8579,9.553722
2026-06-30,8580,9.553727
2026-06-30,8581,9.553731
2026-06-30,8582,9.553736
2026-06-30,8583,9.553741
2026-06-30,8584,9.553746
2026-06-30,8585,9.553751
2026-06-30,8586,9.553755
2026-06-30,8587,9.55376
2026-06-30,8588,9.553765
2026-06-30,8589,9.55377
2026-06-30,8590,9.553774
2026-06-30,8591,9.553779
2026-06-30,8592,9.553784
2026-06-30,8593,9.553789
2026-06-30,8594,9.553794
2026-06-30,8595,9.553798
2026-06-30,8596,9.553803
2026-06-30,8597,9.553808
2026-06-30,8598,9.553813
2026-06-30,8599,9.553817
2026-06-30,8600,9.553822
2026-06-30,8601,9.553827
2026-06-30,8602,9.553832
2026-06-30,8603,9.553837
2026-06-30,8604,9.553841
2026-06-30,8605,9.553846
2026-06-30,8606,9.553851
2026-06-30,8607,9.553856
2026-06-30,8608,9.55386
2026-06-30,8609,9.553865
2026-06-30,8610,9.55387
2026-06-30,8611,9.553875
2026-06-30,8612,9.55388
2026-06-30,8613,9.553884
2026-06-30,8614,9.553889
2026-06-30,8615,9.553894
2026-06-30,8616,9.553899
2026-06-30,8617,9.553903
2026-06-30,8618,9.553908
2026-06-30,8619,9.553913
2026-06-30,8620,9.553918
2026-06-30,8621,9.553923
2026-06-30,8622,9.553927
2026-06-30,8623,9.553932
2026-06-30,8624,9.553937
2026-06-30,8625,9.553942
2026-06-30,8626,9.553946
2026-06-30,8627,9.553951
2026-06-30,8628,9.553956
2026-06-30,8629,9.553961
2026-06-30,8630,9.553966
2026-06-30,8631,9.55397
2026-06-30,8632,9.553975
2026-06-30,8633,9.55398
2026-06-30,8634,9.553985
2026-06-30,8635,9.553989
2026-06-30,8636,9.553994
2026-06-30,8637,9.553999
2026-06-30,8638,9.554004
2026-06-30,8639,9.554009
2026-06-30,8640,9.554013
2026-06-30,8641,9.554018
2026-06-30,8642,9.554023
2026-06-30,8643,9.554028
2026-06-30,8644,9.554032
2026-06-30,8645,9.554037
2026-06-30,8646,9.554042
2026-06-30,8647,9.554047
2026-06-30,8648,9.554052
2026-06-30,8649,9.554056
2026-06-30,8650,9.554061
2026-06-30,8651,9.554066
2026-06-30,8652,9.554071
2026-06-30,8653,9.554075
2026-06-30,8654,9.55408
2026-06-30,8655,9.554085
2026-06-30,8656,9.55409
2026-06-30,8657,9.554095
2026-06-30,8658,9.554099
2026-06-30,8659,9.554104
2026-06-30,8660,9.554109
2026-06-30,8661,9.554114
2026-06-30,8662,9.554118
2026-06-30,8663,9.554123
2026-06-30,8664,9.554128
2026-06-30,8665,9.554133
2026-06-30,8666,9.554138
2026-06-30,8667,9.554142
2026-06-30,8668,9.554147
2026-06-30,8669,9.554152
2026-06-30,8670,9.554157
2026-06-30,8671,9.554161
2026-06-30,8672,9.554166
2026-06-30,8673,9.554171
2026-06-30,8674,9.554176
2026-06-30,8675,9.554181
2026-06-30,8676,9.554185
2026-06-30,8677,9.55419
2026-06-30,8678,9.554195
2026-06-30,8679,9.5542
2026-06-30,8680,9.554204
2026-06-30,8681,9.554209
2026-06-30,8682,9.554214
2026-06-30,8683,9.554219
2026-06-30,8684,9.554224
2026-06-30,8685,9.554228
2026-06-30,8686,9.554233
2026-06-30,8687,9.554238
2026-06-30,8688,9.554243
2026-06-30,8689,9.554247
2026-06-30,8690,9.554252
2026-06-30,8691,9.554257
2026-06-30,8692,9.554262
2026-06-30,8693,9.554267
2026-06-30,8694,9.554271
2026-06-30,8695,9.554276
2026-06-30,8696,9.554281
2026-06-30,8697,9.554286
2026-06-30,8698,9.55429
2026-06-30,8699,9.554295
2026-06-30,8700,9.5543
2026-06-30,8701,9.554305
2026-06-30,8702,9.55431
2026-06-30,8703,9.554314
2026-06-30,8704,9.554319
2026-06-30,8705,9.554324
2026-06-30,8706,9.554329
2026-06-30,8707,9.554333
2026-06-30,8708,9.554338
2026-06-30,8709,9.554343
2026-06-30,8710,9.554348
2026-06-30,8711,9.554353
2026-06-30,8712,9.554357
2026-06-30,8713,9.554362
2026-06-30,8714,9.554367
2026-06-30,8715,9.554372
2026-06-30,8716,9.554376
2026-06-30,8717,9.554381
2026-06-30,8718,9.554386
2026-06-30,8719,9.554391
2026-06-30,8720,9.554396
2026-06-30,8721,9.5544
2026-06-30,8722,9.554405
2026-06-30,8723,9.55441
2026-06-30,8724,9.554415
2026-06-30,8725,9.554419
2026-06-30,8726,9.554424
2026-06-30,8727,9.554429
2026-06-30,8728,9.554434
2026-06-30,8729,9.554439
2026-06-30,8730,9.554443
2026-06-30,8731,9.554448
2026-06-30,8732,9.554453
2026-06-30,8733,9.554458
2026-06-30,8734,9.554462
2026-06-30,8735,9.554467
2026-06-30,8736,9.554472
2026-06-30,8737,9.554477
2026-06-30,8738,9.554482
2026-06-30,8739,9.554486
2026-06-30,8740,9.554491
2026-06-30,8741,9.554496
2026-06-30,8742,9.554501
2026-06-30,8743,9.554505
2026-06-30,8744,9.55451
2026-06-30,8745,9.554515
2026-06-30,8746,9.55452
2026-06-30,8747,9.554525
2026-06-30,8748,9.554529
2026-06-30,8749,9.554534
2026-06-30,8750,9.554539
2026-06-30,8751,9.554544
2026-06-30,8752,9.554548
2026-06-30,8753,9.554553
2026-06-30,8754,9.554558
2026-06-30,8755,9.554563
2026-06-30,8756,9.554568
2026-06-30,8757,9.554572
2026-06-30,8758,9.554577
2026-06-30,8759,9.554582
2026-06-30,8760,9.554587
2026-06-30,8761,9.554591
2026-06-30,8762,9.554596
2026-06-30,8763,9.554601
2026-06-30,8764,9.554606
2026-06-30,8765,9.554611
2026-06-30,8766,9.554615
2026-06-30,8767,9.55462
2026-06-30,8768,9.554625
2026-06-30,8769,9.55463
2026-06-30,8770,9.554634
2026-06-30,8771,9.554639
2026-06-30,8772,9.554644
2026-06-30,8773,9.554649
2026-06-30,8774,9.554654
2026-06-30,8775,9.554658
2026-06-30,8776,9.554663
2026-06-30,8777,9.554668
2026-06-30,8778,9.554673
2026-06-30,8779,9.554677
2026-06-30,8780,9.554682
2026-06-30,8781,9.554687
2026-06-30,8782,9.554692
2026-06-30,8783,9.554697
2026-06-30,8784,9.554701
2026-06-30,8785,9.554706
2026-06-30,8786,9.554711
2026-06-30,8787,9.554716
2026-06-30,8788,9.55472
2026-06-30,8789,9.554725
2026-06-30,8790,9.55473
2026-06-30,8791,9.554735
2026-06-30,8792,9.55474
2026-06-30,8793,9.554744
2026-06-30,8794,9.554749
2026-06-30,8795,9.554754
2026-06-30,8796,9.554759
2026-06-30,8797,9.554763
2026-06-30,8798,9.554768
2026-06-30,8799,9.554773
2026-06-30,8800,9.554778
2026-06-30,8801,9.554783
2026-06-30,8802,9.554787
2026-06-30,8803,9.554792
2026-06-30,8804,9.554797
2026-06-30,8805,9.554802
2026-06-30,8806,9.554806
2026-06-30,8807,9.554811
2026-06-30,8808,9.554816
2026-06-30,8809,9.554821
2026-06-30,8810,9.554826
2026-06-30,8811,9.55483
2026-06-30,8812,9.554835
2026-06-30,8813,9.55484
2026-06-30,8814,9.554845
2026-06-30,8815,9.554849
2026-06-30,8816,9.554854
2026-06-30,8817,9.554859
2026-06-30,8818,9.554864
2026-06-30,8819,9.554869
2026-06-30,8820,9.554873
2026-06-30,8821,9.554878
2026-06-30,8822,9.554883
2026-06-30,8823,9.554888
2026-06-30,8824,9.554892
2026-06-30,8825,9.554897
2026-06-30,8826,9.554902
2026-06-30,8827,9.554907
2026-06-30,8828,9.554912
2026-06-30,8829,9.554916
2026-06-30,8830,9.554921
2026-06-30,8831,9.554926
2026-06-30,8832,9.554931
2026-06-30,8833,9.554935
2026-06-30,8834,9.55494
2026-06-30,8835,9.554945
2026-06-30,8836,9.55495
2026-06-30,8837,9.554955
2026-06-30,8838,9.554959
2026-06-30,8839,9.554964
2026-06-30,8840,9.554969
2026-06-30,8841,9.554974
2026-06-30,8842,9.554978
2026-06-30,8843,9.554983
2026-06-30,8844,9.554988
2026-06-30,8845,9.554993
2026-06-30,8846,9.554998
2026-06-30,8847,9.555002
2026-06-30,8848,9.555007
2026-06-30,8849,9.555012
2026-06-30,8850,9.555017
2026-06-30,8851,9.555022
2026-06-30,8852,9.555026
2026-06-30,8853,9.555031
2026-06-30,8854,9.555036
2026-06-30,8855,9.555041
2026-06-30,8856,9.555045
2026-06-30,8857,9.55505
2026-06-30,8858,9.555055
2026-06-30,8859,9.55506
2026-06-30,8860,9.555065
2026-06-30,8861,9.555069
2026-06-30,8862,9.555074
2026-06-30,8863,9.555079
2026-06-30,8864,9.555084
2026-06-30,8865,9.555088
2026-06-30,8866,9.555093
2026-06-30,8867,9.555098
2026-06-30,8868,9.555103
2026-06-30,8869,9.555108
2026-06-30,8870,9.555112
2026-06-30,8871,9.555117
2026-06-30,8872,9.555122
2026-06-30,8873,9.555127
2026-06-30,8874,9.555131
2026-06-30,8875,9.555136
2026-06-30,8876,9.555141
2026-06-30,8877,9.555146
2026-06-30,8878,9.555151
2026-06-30,8879,9.555155
2026-06-30,8880,9.55516
2026-06-30,8881,9.555165
2026-06-30,8882,9.55517
2026-06-30,8883,9.555174
2026-06-30,8884,9.555179
2026-06-30,8885,9.555184
2026-06-30,8886,9.555189
2026-06-30,8887,9.555194
2026-06-30,8888,9.555198
2026-06-30,8889,9.555203
2026-06-30,8890,9.555208
2026-06-30,8891,9.555213
2026-06-30,8892,9.555217
2026-06-30,8893,9.555222
2026-06-30,8894,9.555227
2026-06-30,8895,9.555232
2026-06-30,8896,9.555237
2026-06-30,8897,9.555241
2026-06-30,8898,9.555246
2026-06-30,8899,9.555251
2026-06-30,8900,9.555256
2026-06-30,8901,9.55526
2026-06-30,8902,9.555265
2026-06-30,8903,9.55527
2026-06-30,8904,9.555275
2026-06-30,8905,9.55528
2026-06-30,8906,9.555284
2026-06-30,8907,9.555289
2026-06-30,8908,9.555294
2026-06-30,8909,9.555299
2026-06-30,8910,9.555303
2026-06-30,8911,9.555308
2026-06-30,8912,9.555313
2026-06-30,8913,9.555318
2026-06-30,8914,9.555323
2026-06-30,8915,9.555327
2026-06-30,8916,9.555332
2026-06-30,8917,9.555337
2026-06-30,8918,9.555342
2026-06-30,8919,9.555346
2026-06-30,8920,9.555351
2026-06-30,8921,9.555356
2026-06-30,8922,9.555361
2026-06-30,8923,9.555366
2026-06-30,8924,9.55537
2026-06-30,8925,9.555375
2026-06-30,8926,9.55538
2026-06-30,8927,9.555385
2026-06-30,8928,9.555389
2026-06-30,8929,9.555394
2026-06-30,8930,9.555399
2026-06-30,8931,9.555404
2026-06-30,8932,9.555409
2026-06-30,8933,9.555413
2026-06-30,8934,9.555418
2026-06-30,8935,9.555423
2026-06-30,8936,9.555428
2026-06-30,8937,9.555432
2026-06-30,8938,9.555437
2026-06-30,8939,9.555442
2026-06-30,8940,9.555447
2026-06-30,8941,9.555452
2026-06-30,8942,9.555456
2026-06-30,8943,9.555461
2026-06-30,8944,9.555466
2026-06-30,8945,9.555471
2026-06-30,8946,9.555475
2026-06-30,8947,9.55548
2026-06-30,8948,9.555485
2026-06-30,8949,9.55549
2026-06-30,8950,9.555495
2026-06-30,8951,9.555499
2026-06-30,8952,9.555504
2026-06-30,8953,9.555509
2026-06-30,8954,9.555514
2026-06-30,8955,9.555518
2026-06-30,8956,9.555523
2026-06-30,8957,9.555528
2026-06-30,8958,9.555533
2026-06-30,8959,9.555538
2026-06-30,8960,9.555542
2026-06-30,8961,9.555547
2026-06-30,8962,9.555552
2026-06-30,8963,9.555557
2026-06-30,8964,9.555561
2026-06-30,8965,9.555566
2026-06-30,8966,9.555571
2026-06-30,8967,9.555576
2026-06-30,8968,9.555581
2026-06-30,8969,9.555585
2026-06-30,8970,9.55559
2026-06-30,8971,9.555595
2026-06-30,8972,9.5556
2026-06-30,8973,9.555604
2026-06-30,8974,9.555609
2026-06-30,8975,9.555614
2026-06-30,8976,9.555619
2026-06-30,8977,9.555624
2026-06-30,8978,9.555628
2026-06-30,8979,9.555633
2026-06-30,8980,9.555638
2026-06-30,8981,9.555643
2026-06-30,8982,9.555647
2026-06-30,8983,9.555652
2026-06-30,8984,9.555657
2026-06-30,8985,9.555662
2026-06-30,8986,9.555667
2026-06-30,8987,9.555671
2026-06-30,8988,9.555676
2026-06-30,8989,9.555681
2026-06-30,8990,9.555686
2026-06-30,8991,9.55569
2026-06-30,8992,9.555695
2026-06-30,8993,9.5557
2026-06-30,8994,9.555705
2026-06-30,8995,9.55571
2026-06-30,8996,9.555714
2026-06-30,8997,9.555719
2026-06-30,8998,9.555724
2026-06-30,8999,9.555729
2026-06-30,9000,9.555733
2026-06-30,9001,9.555738
2026-06-30,9002,9.555743
2026-06-30,9003,9.555748
2026-06-30,9004,9.555753
2026-06-30,9005,9.555757
2026-06-30,9006,9.555762
2026-06-30,9007,9.555767
2026-06-30,9008,9.555772
2026-06-30,9009,9.555776
2026-06-30,9010,9.555781
2026-06-30,9011,9.555786
2026-06-30,9012,9.555791
2026-06-30,9013,9.555796
2026-06-30,9014,9.5558
2026-06-30,9015,9.555805
2026-06-30,9016,9.55581
2026-06-30,9017,9.555815
2026-06-30,9018,9.555819
2026-06-30,9019,9.555824
2026-06-30,9020,9.555829
2026-06-30,9021,9.555834
2026-06-30,9022,9.555839
2026-06-30,9023,9.555843
2026-06-30,9024,9.555848
2026-06-30,9025,9.555853
2026-06-30,9026,9.555858
2026-06-30,9027,9.555862
2026-06-30,9028,9.555867
2026-06-30,9029,9.555872
2026-06-30,9030,9.555877
2026-06-30,9031,9.555882
2026-06-30,9032,9.555886
2026-06-30,9033,9.555891
2026-06-30,9034,9.555896
2026-06-30,9035,9.555901
2026-06-30,9036,9.555905
2026-06-30,9037,9.55591
2026-06-30,9038,9.555915
2026-06-30,9039,9.55592
2026-06-30,9040,9.555925
2026-06-30,9041,9.555929
2026-06-30,9042,9.555934
2026-06-30,9043,9.555939
2026-06-30,9044,9.555944
2026-06-30,9045,9.555948
2026-06-30,9046,9.555953
2026-06-30,9047,9.555958
2026-06-30,9048,9.555963
2026-06-30,9049,9.555968
2026-06-30,9050,9.555972
2026-06-30,9051,9.555977
2026-06-30,9052,9.555982
2026-06-30,9053,9.555987
2026-06-30,9054,9.555991
2026-06-30,9055,9.555996
2026-06-30,9056,9.556001
2026-06-30,9057,9.556006
2026-06-30,9058,9.556011
2026-06-30,9059,9.556015
2026-06-30,9060,9.55602
2026-06-30,9061,9.556025
2026-06-30,9062,9.55603
2026-06-30,9063,9.556034
2026-06-30,9064,9.556039
2026-06-30,9065,9.556044
2026-06-30,9066,9.556049
2026-06-30,9067,9.556054
2026-06-30,9068,9.556058
2026-06-30,9069,9.556063
2026-06-30,9070,9.556068
2026-06-30,9071,9.556073
2026-06-30,9072,9.556077
2026-06-30,9073,9.556082
2026-06-30,9074,9.556087
2026-06-30,9075,9.556092
2026-06-30,9076,9.556097
2026-06-30,9077,9.556101
2026-06-30,9078,9.556106
2026-06-30,9079,9.556111
2026-06-30,9080,9.556116
2026-06-30,9081,9.55612
2026-06-30,9082,9.556125
2026-06-30,9083,9.55613
2026-06-30,9084,9.556135
2026-06-30,9085,9.55614
2026-06-30,9086,9.556144
2026-06-30,9087,9.556149
2026-06-30,9088,9.556154
2026-06-30,9089,9.556159
2026-06-30,9090,9.556163
2026-06-30,9091,9.556168
2026-06-30,9092,9.556173
2026-06-30,9093,9.556178
2026-06-30,9094,9.556183
2026-06-30,9095,9.556187
2026-06-30,9096,9.556192
2026-06-30,9097,9.556197
2026-06-30,9098,9.556202
2026-06-30,9099,9.556206
2026-06-30,9100,9.556211
2026-06-30,9101,9.556216
2026-06-30,9102,9.556221
2026-06-30,9103,9.556226
2026-06-30,9104,9.55623
2026-06-30,9105,9.556235
2026-06-30,9106,9.55624
2026-06-30,9107,9.556245
2026-06-30,9108,9.556249
2026-06-30,9109,9.556254
2026-06-30,9110,9.556259
2026-06-30,9111,9.556264
2026-06-30,9112,9.556269
2026-06-30,9113,9.556273
2026-06-30,9114,9.556278
2026-06-30,9115,9.556283
2026-06-30,9116,9.556288
2026-06-30,9117,9.556292
2026-06-30,9118,9.556297
2026-06-30,9119,9.556302
2026-06-30,9120,9.556307
2026-06-30,9121,9.556312
2026-06-30,9122,9.556316
2026-06-30,9123,9.556321
2026-06-30,9124,9.556326
2026-06-30,9125,9.556331
2026-06-30,9126,9.556335
2026-06-30,9127,9.55634
2026-06-30,9128,9.556345
2026-06-30,9129,9.55635
2026-06-30,9130,9.556355
2026-06-30,9131,9.556359
2026-06-30,9132,9.556364
2026-06-30,9133,9.556369
2026-06-30,9134,9.556374
2026-06-30,9135,9.556378
2026-06-30,9136,9.556383
2026-06-30,9137,9.556388
2026-06-30,9138,9.556393
2026-06-30,9139,9.556398
2026-06-30,9140,9.556402
2026-06-30,9141,9.556407
2026-06-30,9142,9.556412
2026-06-30,9143,9.556417
2026-06-30,9144,9.556421
2026-06-30,9145,9.556426
2026-06-30,9146,9.556431
2026-06-30,9147,9.556436
2026-06-30,9148,9.556441
2026-06-30,9149,9.556445
2026-06-30,9150,9.55645
2026-06-30,9151,9.556455
2026-06-30,9152,9.55646
2026-06-30,9153,9.556464
2026-06-30,9154,9.556469
2026-06-30,9155,9.556474
2026-06-30,9156,9.556479
2026-06-30,9157,9.556484
2026-06-30,9158,9.556488
2026-06-30,9159,9.556493
2026-06-30,9160,9.556498
2026-06-30,9161,9.556503
2026-06-30,9162,9.556507
2026-06-30,9163,9.556512
2026-06-30,9164,9.556517
2026-06-30,9165,9.556522
2026-06-30,9166,9.556527
2026-06-30,9167,9.556531
2026-06-30,9168,9.556536
2026-06-30,9169,9.556541
2026-06-30,9170,9.556546
2026-06-30,9171,9.55655
2026-06-30,9172,9.556555
2026-06-30,9173,9.55656
2026-06-30,9174,9.556565
2026-06-30,9175,9.55657
2026-06-30,9176,9.556574
2026-06-30,9177,9.556579
2026-06-30,9178,9.556584
2026-06-30,9179,9.556589
2026-06-30,9180,9.556593
2026-06-30,9181,9.556598
2026-06-30,9182,9.556603
2026-06-30,9183,9.556608
2026-06-30,9184,9.556613
2026-06-30,9185,9.556617
2026-06-30,9186,9.556622
2026-06-30,9187,9.556627
2026-06-30,9188,9.556632
2026-06-30,9189,9.556636
2026-06-30,9190,9.556641
2026-06-30,9191,9.556646
2026-06-30,9192,9.556651
2026-06-30,9193,9.556656
2026-06-30,9194,9.55666
2026-06-30,9195,9.556665
2026-06-30,9196,9.55667
2026-06-30,9197,9.556675
2026-06-30,9198,9.556679
2026-06-30,9199,9.556684
2026-06-30,9200,9.556689
2026-06-30,9201,9.556694
2026-06-30,9202,9.556699
2026-06-30,9203,9.556703
2026-06-30,9204,9.556708
2026-06-30,9205,9.556713
2026-06-30,9206,9.556718
2026-06-30,9207,9.556722
2026-06-30,9208,9.556727
2026-06-30,9209,9.556732
2026-06-30,9210,9.556737
2026-06-30,9211,9.556742
2026-06-30,9212,9.556746
2026-06-30,9213,9.556751
2026-06-30,9214,9.556756
2026-06-30,9215,9.556761
2026-06-30,9216,9.556765
2026-06-30,9217,9.55677
2026-06-30,9218,9.556775
2026-06-30,9219,9.55678
2026-06-30,9220,9.556785
2026-06-30,9221,9.556789
2026-06-30,9222,9.556794
2026-06-30,9223,9.556799
2026-06-30,9224,9.556804
2026-06-30,9225,9.556808
2026-06-30,9226,9.556813
2026-06-30,9227,9.556818
2026-06-30,9228,9.556823
2026-06-30,9229,9.556828
2026-06-30,9230,9.556832
2026-06-30,9231,9.556837
2026-06-30,9232,9.556842
2026-06-30,9233,9.556847
2026-06-30,9234,9.556851
2026-06-30,9235,9.556856
2026-06-30,9236,9.556861
2026-06-30,9237,9.556866
2026-06-30,9238,9.556871
2026-06-30,9239,9.556875
2026-06-30,9240,9.55688
2026-06-30,9241,9.556885
2026-06-30,9242,9.55689
2026-06-30,9243,9.556894
2026-06-30,9244,9.556899
2026-06-30,9245,9.556904
2026-06-30,9246,9.556909
2026-06-30,9247,9.556914
2026-06-30,9248,9.556918
2026-06-30,9249,9.556923
2026-06-30,9250,9.556928
2026-06-30,9251,9.556933
2026-06-30,9252,9.556937
2026-06-30,9253,9.556942
2026-06-30,9254,9.556947
2026-06-30,9255,9.556952
2026-06-30,9256,9.556957
2026-06-30,9257,9.556961
2026-06-30,9258,9.556966
2026-06-30,9259,9.556971
2026-06-30,9260,9.556976
2026-06-30,9261,9.55698
2026-06-30,9262,9.556985
2026-06-30,9263,9.55699
2026-06-30,9264,9.556995
2026-06-30,9265,9.557
2026-06-30,9266,9.557004
2026-06-30,9267,9.557009
2026-06-30,9268,9.557014
2026-06-30,9269,9.557019
2026-06-30,9270,9.557023
2026-06-30,9271,9.557028
2026-06-30,9272,9.557033
2026-06-30,9273,9.557038
2026-06-30,9274,9.557043
2026-06-30,9275,9.557047
2026-06-30,9276,9.557052
2026-06-30,9277,9.557057
2026-06-30,9278,9.557062
2026-06-30,9279,9.557066
2026-06-30,9280,9.557071
2026-06-30,9281,9.557076
2026-06-30,9282,9.557081
2026-06-30,9283,9.557086
2026-06-30,9284,9.55709
2026-06-30,9285,9.557095
2026-06-30,9286,9.5571
2026-06-30,9287,9.557105
2026-06-30,9288,9.557109
2026-06-30,9289,9.557114
2026-06-30,9290,9.557119
2026-06-30,9291,9.557124
2026-06-30,9292,9.557129
2026-06-30,9293,9.557133
2026-06-30,9294,9.557138
2026-06-30,9295,9.557143
2026-06-30,9296,9.557148
2026-06-30,9297,9.557152
2026-06-30,9298,9.557157
2026-06-30,9299,9.557162
2026-06-30,9300,9.557167
2026-06-30,9301,9.557172
2026-06-30,9302,9.557176
2026-06-30,9303,9.557181
2026-06-30,9304,9.557186
2026-06-30,9305,9.557191
2026-06-30,9306,9.557195
2026-06-30,9307,9.5572
2026-06-30,9308,9.557205
2026-06-30,9309,9.55721
2026-06-30,9310,9.557215
2026-06-30,9311,9.557219
2026-06-30,9312,9.557224
2026-06-30,9313,9.557229
2026-06-30,9314,9.557234
2026-06-30,9315,9.557238
2026-06-30,9316,9.557243
2026-06-30,9317,9.557248
2026-06-30,9318,9.557253
2026-06-30,9319,9.557258
2026-06-30,9320,9.557262
2026-06-30,9321,9.557267
2026-06-30,9322,9.557272
2026-06-30,9323,9.557277
2026-06-30,9324,9.557281
2026-06-30,9325,9.557286
2026-06-30,9326,9.557291
2026-06-30,9327,9.557296
2026-06-30,9328,9.557301
2026-06-30,9329,9.557305
2026-06-30,9330,9.55731
2026-06-30,9331,9.557315
2026-06-30,9332,9.55732
2026-06-30,9333,9.557324
2026-06-30,9334,9.557329
2026-06-30,9335,9.557334
2026-06-30,9336,9.557339
2026-06-30,9337,9.557344
2026-06-30,9338,9.557348
2026-06-30,9339,9.557353
2026-06-30,9340,9.557358
2026-06-30,9341,9.557363
2026-06-30,9342,9.557367
2026-06-30,9343,9.557372
2026-06-30,9344,9.557377
2026-06-30,9345,9.557382
2026-06-30,9346,9.557387
2026-06-30,9347,9.557391
2026-06-30,9348,9.557396
2026-06-30,9349,9.557401
2026-06-30,9350,9.557406
2026-06-30,9351,9.55741
2026-06-30,9352,9.557415
2026-06-30,9353,9.55742
2026-06-30,9354,9.557425
2026-06-30,9355,9.55743
2026-06-30,9356,9.557434
2026-06-30,9357,9.557439
2026-06-30,9358,9.557444
2026-06-30,9359,9.557449
2026-06-30,9360,9.557453
2026-06-30,9361,9.557458
2026-06-30,9362,9.557463
2026-06-30,9363,9.557468
2026-06-30,9364,9.557473
2026-06-30,9365,9.557477
2026-06-30,9366,9.557482
2026-06-30,9367,9.557487
2026-06-30,9368,9.557492
2026-06-30,9369,9.557496
2026-06-30,9370,9.557501
2026-06-30,9371,9.557506
2026-06-30,9372,9.557511
2026-06-30,9373,9.557516
2026-06-30,9374,9.55752
2026-06-30,9375,9.557525
2026-06-30,9376,9.55753
2026-06-30,9377,9.557535
2026-06-30,9378,9.557539
2026-06-30,9379,9.557544
2026-06-30,9380,9.557549
2026-06-30,9381,9.557554
2026-06-30,9382,9.557559
2026-06-30,9383,9.557563
2026-06-30,9384,9.557568
2026-06-30,9385,9.557573
2026-06-30,9386,9.557578
2026-06-30,9387,9.557582
2026-06-30,9388,9.557587
2026-06-30,9389,9.557592
2026-06-30,9390,9.557597
2026-06-30,9391,9.557602
2026-06-30,9392,9.557606
2026-06-30,9393,9.557611
2026-06-30,9394,9.557616
2026-06-30,9395,9.557621
2026-06-30,9396,9.557625
2026-06-30,9397,9.55763
2026-06-30,9398,9.557635
2026-06-30,9399,9.55764
2026-06-30,9400,9.557645
2026-06-30,9401,9.557649
2026-06-30,9402,9.557654
2026-06-30,9403,9.557659
2026-06-30,9404,9.557664
2026-06-30,9405,9.557668
2026-06-30,9406,9.557673
2026-06-30,9407,9.557678
2026-06-30,9408,9.557683
2026-06-30,9409,9.557688
2026-06-30,9410,9.557692
2026-06-30,9411,9.557697
2026-06-30,9412,9.557702
2026-06-30,9413,9.557707
2026-06-30,9414,9.557711
2026-06-30,9415,9.557716
2026-06-30,9416,9.557721
2026-06-30,9417,9.557726
2026-06-30,9418,9.557731
2026-06-30,9419,9.557735
2026-06-30,9420,9.55774
2026-06-30,9421,9.557745
2026-06-30,9422,9.55775
2026-06-30,9423,9.557754
2026-06-30,9424,9.557759
2026-06-30,9425,9.557764
2026-06-30,9426,9.557769
2026-06-30,9427,9.557774
2026-06-30,9428,9.557778
2026-06-30,9429,9.557783
2026-06-30,9430,9.557788
2026-06-30,9431,9.557793
2026-06-30,9432,9.557797
2026-06-30,9433,9.557802
2026-06-30,9434,9.557807
2026-06-30,9435,9.557812
2026-06-30,9436,9.557817
2026-06-30,9437,9.557821
2026-06-30,9438,9.557826
2026-06-30,9439,9.557831
2026-06-30,9440,9.557836
2026-06-30,9441,9.55784
2026-06-30,9442,9.557845
2026-06-30,9443,9.55785
2026-06-30,9444,9.557855
2026-06-30,9445,9.55786
2026-06-30,9446,9.557864
2026-06-30,9447,9.557869
2026-06-30,9448,9.557874
2026-06-30,9449,9.557879
2026-06-30,9450,9.557883
2026-06-30,9451,9.557888
2026-06-30,9452,9.557893
2026-06-30,9453,9.557898
2026-06-30,9454,9.557903
2026-06-30,9455,9.557907
2026-06-30,9456,9.557912
2026-06-30,9457,9.557917
2026-06-30,9458,9.557922
2026-06-30,9459,9.557926
2026-06-30,9460,9.557931
2026-06-30,9461,9.557936
2026-06-30,9462,9.557941
2026-06-30,9463,9.557946
2026-06-30,9464,9.55795
2026-06-30,9465,9.557955
2026-06-30,9466,9.55796
2026-06-30,9467,9.557965
2026-06-30,9468,9.557969
2026-06-30,9469,9.557974
2026-06-30,9470,9.557979
2026-06-30,9471,9.557984
2026-06-30,9472,9.557989
2026-06-30,9473,9.557993
2026-06-30,9474,9.557998
2026-06-30,9475,9.558003
2026-06-30,9476,9.558008
2026-06-30,9477,9.558012
2026-06-30,9478,9.558017
2026-06-30,9479,9.558022
2026-06-30,9480,9.558027
2026-06-30,9481,9.558032
2026-06-30,9482,9.558036
2026-06-30,9483,9.558041
2026-06-30,9484,9.558046
2026-06-30,9485,9.558051
2026-06-30,9486,9.558055
2026-06-30,9487,9.55806
2026-06-30,9488,9.558065
2026-06-30,9489,9.55807
2026-06-30,9490,9.558075
2026-06-30,9491,9.558079
2026-06-30,9492,9.558084
2026-06-30,9493,9.558089
2026-06-30,9494,9.558094
2026-06-30,9495,9.558098
2026-06-30,9496,9.558103
2026-06-30,9497,9.558108
2026-06-30,9498,9.558113
2026-06-30,9499,9.558118
2026-06-30,9500,9.558122
2026-06-30,9501,9.558127
2026-06-30,9502,9.558132
2026-06-30,9503,9.558137
2026-06-30,9504,9.558141
2026-06-30,9505,9.558146
2026-06-30,9506,9.558151
2026-06-30,9507,9.558156
2026-06-30,9508,9.558161
2026-06-30,9509,9.558165
2026-06-30,9510,9.55817
2026-06-30,9511,9.558175
2026-06-30,9512,9.55818
2026-06-30,9513,9.558184
2026-06-30,9514,9.558189
2026-06-30,9515,9.558194
2026-06-30,9516,9.558199
2026-06-30,9517,9.558204
2026-06-30,9518,9.558208
2026-06-30,9519,9.558213
2026-06-30,9520,9.558218
2026-06-30,9521,9.558223
2026-06-30,9522,9.558227
2026-06-30,9523,9.558232
2026-06-30,9524,9.558237
2026-06-30,9525,9.558242
2026-06-30,9526,9.558247
2026-06-30,9527,9.558251
2026-06-30,9528,9.558256
2026-06-30,9529,9.558261
2026-06-30,9530,9.558266
2026-06-30,9531,9.55827
2026-06-30,9532,9.558275
2026-06-30,9533,9.55828
2026-06-30,9534,9.558285
2026-06-30,9535,9.55829
2026-06-30,9536,9.558294
2026-06-30,9537,9.558299
2026-06-30,9538,9.558304
2026-06-30,9539,9.558309
2026-06-30,9540,9.558313
2026-06-30,9541,9.558318
2026-06-30,9542,9.558323
2026-06-30,9543,9.558328
2026-06-30,9544,9.558333
2026-06-30,9545,9.558337
2026-06-30,9546,9.558342
2026-06-30,9547,9.558347
2026-06-30,9548,9.558352
2026-06-30,9549,9.558356
2026-06-30,9550,9.558361
2026-06-30,9551,9.558366
2026-06-30,9552,9.558371
2026-06-30,9553,9.558376
2026-06-30,9554,9.55838
2026-06-30,9555,9.558385
2026-06-30,9556,9.55839
2026-06-30,9557,9.558395
2026-06-30,9558,9.558399
2026-06-30,9559,9.558404
2026-06-30,9560,9.558409
2026-06-30,9561,9.558414
2026-06-30,9562,9.558419
2026-06-30,9563,9.558423
2026-06-30,9564,9.558428
2026-06-30,9565,9.558433
2026-06-30,9566,9.558438
2026-06-30,9567,9.558442
2026-06-30,9568,9.558447
2026-06-30,9569,9.558452
2026-06-30,9570,9.558457
2026-06-30,9571,9.558462
2026-06-30,9572,9.558466
2026-06-30,9573,9.558471
2026-06-30,9574,9.558476
2026-06-30,9575,9.558481
2026-06-30,9576,9.558485
2026-06-30,9577,9.55849
2026-06-30,9578,9.558495
2026-06-30,9579,9.5585
2026-06-30,9580,9.558505
2026-06-30,9581,9.558509
2026-06-30,9582,9.558514
2026-06-30,9583,9.558519
2026-06-30,9584,9.558524
2026-06-30,9585,9.558528
2026-06-30,9586,9.558533
2026-06-30,9587,9.558538
2026-06-30,9588,9.558543
2026-06-30,9589,9.558548
2026-06-30,9590,9.558552
2026-06-30,9591,9.558557
2026-06-30,9592,9.558562
2026-06-30,9593,9.558567
2026-06-30,9594,9.558571
2026-06-30,9595,9.558576
2026-06-30,9596,9.558581
2026-06-30,9597,9.558586
2026-06-30,9598,9.558591
2026-06-30,9599,9.558595
2026-06-30,9600,9.5586
2026-06-30,9601,9.558605
2026-06-30,9602,9.55861
2026-06-30,9603,9.558614
2026-06-30,9604,9.558619
2026-06-30,9605,9.558624
2026-06-30,9606,9.558629
2026-06-30,9607,9.558634
2026-06-30,9608,9.558638
2026-06-30,9609,9.558643
2026-06-30,9610,9.558648
2026-06-30,9611,9.558653
2026-06-30,9612,9.558657
2026-06-30,9613,9.558662
2026-06-30,9614,9.558667
2026-06-30,9615,9.558672
2026-06-30,9616,9.558677
2026-06-30,9617,9.558681
2026-06-30,9618,9.558686
2026-06-30,9619,9.558691
2026-06-30,9620,9.558696
2026-06-30,9621,9.5587
2026-06-30,9622,9.558705
2026-06-30,9623,9.55871
2026-06-30,9624,9.558715
2026-06-30,9625,9.55872
2026-06-30,9626,9.558724
2026-06-30,9627,9.558729
2026-06-30,9628,9.558734
2026-06-30,9629,9.558739
2026-06-30,9630,9.558743
2026-06-30,9631,9.558748
2026-06-30,9632,9.558753
2026-06-30,9633,9.558758
2026-06-30,9634,9.558763
2026-06-30,9635,9.558767
2026-06-30,9636,9.558772
2026-06-30,9637,9.558777
2026-06-30,9638,9.558782
2026-06-30,9639,9.558786
2026-06-30,9640,9.558791
2026-06-30,9641,9.558796
2026-06-30,9642,9.558801
2026-06-30,9643,9.558806
2026-06-30,9644,9.55881
2026-06-30,9645,9.558815
2026-06-30,9646,9.55882
2026-06-30,9647,9.558825
2026-06-30,9648,9.558829
2026-06-30,9649,9.558834
2026-06-30,9650,9.558839
2026-06-30,9651,9.558844
2026-06-30,9652,9.558849
2026-06-30,9653,9.558853
2026-06-30,9654,9.558858
2026-06-30,9655,9.558863
2026-06-30,9656,9.558868
2026-06-30,9657,9.558872
2026-06-30,9658,9.558877
2026-06-30,9659,9.558882
2026-06-30,9660,9.558887
2026-06-30,9661,9.558892
2026-06-30,9662,9.558896
2026-06-30,9663,9.558901
2026-06-30,9664,9.558906
2026-06-30,9665,9.558911
2026-06-30,9666,9.558915
2026-06-30,9667,9.55892
2026-06-30,9668,9.558925
2026-06-30,9669,9.55893
2026-06-30,9670,9.558935
2026-06-30,9671,9.558939
2026-06-30,9672,9.558944
2026-06-30,9673,9.558949
2026-06-30,9674,9.558954
2026-06-30,9675,9.558958
2026-06-30,9676,9.558963
2026-06-30,9677,9.558968
2026-06-30,9678,9.558973
2026-06-30,9679,9.558978
2026-06-30,9680,9.558982
2026-06-30,9681,9.558987
2026-06-30,9682,9.558992
2026-06-30,9683,9.558997
2026-06-30,9684,9.559001
2026-06-30,9685,9.559006
2026-06-30,9686,9.559011
2026-06-30,9687,9.559016
2026-06-30,9688,9.559021
2026-06-30,9689,9.559025
2026-06-30,9690,9.55903
2026-06-30,9691,9.559035
2026-06-30,9692,9.55904
2026-06-30,9693,9.559044
2026-06-30,9694,9.559049
2026-06-30,9695,9.559054
2026-06-30,9696,9.559059
2026-06-30,9697,9.559064
2026-06-30,9698,9.559068
2026-06-30,9699,9.559073
2026-06-30,9700,9.559078
2026-06-30,9701,9.559083
2026-06-30,9702,9.559087
2026-06-30,9703,9.559092
2026-06-30,9704,9.559097
2026-06-30,9705,9.559102
2026-06-30,9706,9.559107
2026-06-30,9707,9.559111
2026-06-30,9708,9.559116
2026-06-30,9709,9.559121
2026-06-30,9710,9.559126
2026-06-30,9711,9.55913
2026-06-30,9712,9.559135
2026-06-30,9713,9.55914
2026-06-30,9714,9.559145
2026-06-30,9715,9.55915
2026-06-30,9716,9.559154
2026-06-30,9717,9.559159
2026-06-30,9718,9.559164
2026-06-30,9719,9.559169
2026-06-30,9720,9.559173
2026-06-30,9721,9.559178
2026-06-30,9722,9.559183
2026-06-30,9723,9.559188
2026-06-30,9724,9.559193
2026-06-30,9725,9.559197
2026-06-30,9726,9.559202
2026-06-30,9727,9.559207
2026-06-30,9728,9.559212
2026-06-30,9729,9.559216
2026-06-30,9730,9.559221
2026-06-30,9731,9.559226
2026-06-30,9732,9.559231
2026-06-30,9733,9.559236
2026-06-30,9734,9.55924
2026-06-30,9735,9.559245
2026-06-30,9736,9.55925
2026-06-30,9737,9.559255
2026-06-30,9738,9.559259
2026-06-30,9739,9.559264
2026-06-30,9740,9.559269
2026-06-30,9741,9.559274
2026-06-30,9742,9.559279
2026-06-30,9743,9.559283
2026-06-30,9744,9.559288
2026-06-30,9745,9.559293
2026-06-30,9746,9.559298
2026-06-30,9747,9.559302
2026-06-30,9748,9.559307
2026-06-30,9749,9.559312
2026-06-30,9750,9.559317
2026-06-30,9751,9.559322
2026-06-30,9752,9.559326
2026-06-30,9753,9.559331
2026-06-30,9754,9.559336
2026-06-30,9755,9.559341
2026-06-30,9756,9.559345
2026-06-30,9757,9.55935
2026-06-30,9758,9.559355
2026-06-30,9759,9.55936
2026-06-30,9760,9.559365
2026-06-30,9761,9.559369
2026-06-30,9762,9.559374
2026-06-30,9763,9.559379
2026-06-30,9764,9.559384
2026-06-30,9765,9.559388
2026-06-30,9766,9.559393
2026-06-30,9767,9.559398
2026-06-30,9768,9.559403
2026-06-30,9769,9.559408
2026-06-30,9770,9.559412
2026-06-30,9771,9.559417
2026-06-30,9772,9.559422
2026-06-30,9773,9.559427
2026-06-30,9774,9.559431
2026-06-30,9775,9.559436
2026-06-30,9776,9.559441
2026-06-30,9777,9.559446
2026-06-30,9778,9.559451
2026-06-30,9779,9.559455
2026-06-30,9780,9.55946
2026-06-30,9781,9.559465
2026-06-30,9782,9.55947
2026-06-30,9783,9.559474
2026-06-30,9784,9.559479
2026-06-30,9785,9.559484
2026-06-30,9786,9.559489
2026-06-30,9787,9.559494
2026-06-30,9788,9.559498
2026-06-30,9789,9.559503
2026-06-30,9790,9.559508
2026-06-30,9791,9.559513
2026-06-30,9792,9.559517
2026-06-30,9793,9.559522
2026-06-30,9794,9.559527
2026-06-30,9795,9.559532
2026-06-30,9796,9.559537
2026-06-30,9797,9.559541
2026-06-30,9798,9.559546
2026-06-30,9799,9.559551
2026-06-30,9800,9.559556
2026-06-30,9801,9.55956
2026-06-30,9802,9.559565
2026-06-30,9803,9.55957
2026-06-30,9804,9.559575
2026-06-30,9805,9.55958
2026-06-30,9806,9.559584
2026-06-30,9807,9.559589
2026-06-30,9808,9.559594
2026-06-30,9809,9.559599
2026-06-30,9810,9.559603
2026-06-30,9811,9.559608
2026-06-30,9812,9.559613
2026-06-30,9813,9.559618
2026-06-30,9814,9.559623
2026-06-30,9815,9.559627
2026-06-30,9816,9.559632
2026-06-30,9817,9.559637
2026-06-30,9818,9.559642
2026-06-30,9819,9.559646
2026-06-30,9820,9.559651
2026-06-30,9821,9.559656
2026-06-30,9822,9.559661
2026-06-30,9823,9.559666
2026-06-30,9824,9.55967
2026-06-30,9825,9.559675
2026-06-30,9826,9.55968
2026-06-30,9827,9.559685
2026-06-30,9828,9.559689
2026-06-30,9829,9.559694
2026-06-30,9830,9.559699
2026-06-30,9831,9.559704
2026-06-30,9832,9.559709
2026-06-30,9833,9.559713
2026-06-30,9834,9.559718
2026-06-30,9835,9.559723
2026-06-30,9836,9.559728
2026-06-30,9837,9.559732
2026-06-30,9838,9.559737
2026-06-30,9839,9.559742
2026-06-30,9840,9.559747
2026-06-30,9841,9.559752
2026-06-30,9842,9.559756
2026-06-30,9843,9.559761
2026-06-30,9844,9.559766
2026-06-30,9845,9.559771
2026-06-30,9846,9.559775
2026-06-30,9847,9.55978
2026-06-30,9848,9.559785
2026-06-30,9849,9.55979
2026-06-30,9850,9.559795
2026-06-30,9851,9.559799
2026-06-30,9852,9.559804
2026-06-30,9853,9.559809
2026-06-30,9854,9.559814
2026-06-30,9855,9.559818
2026-06-30,9856,9.559823
2026-06-30,9857,9.559828
2026-06-30,9858,9.559833
2026-06-30,9859,9.559838
2026-06-30,9860,9.559842
2026-06-30,9861,9.559847
2026-06-30,9862,9.559852
2026-06-30,9863,9.559857
2026-06-30,9864,9.559861
2026-06-30,9865,9.559866
2026-06-30,9866,9.559871
2026-06-30,9867,9.559876
2026-06-30,9868,9.559881
2026-06-30,9869,9.559885
2026-06-30,9870,9.55989
2026-06-30,9871,9.559895
2026-06-30,9872,9.5599
2026-06-30,9873,9.559904
2026-06-30,9874,9.559909
2026-06-30,9875,9.559914
2026-06-30,9876,9.559919
2026-06-30,9877,9.559924
2026-06-30,9878,9.559928
2026-06-30,9879,9.559933
2026-06-30,9880,9.559938
2026-06-30,9881,9.559943
2026-06-30,9882,9.559947
2026-06-30,9883,9.559952
2026-06-30,9884,9.559957
2026-06-30,9885,9.559962
2026-06-30,9886,9.559967
2026-06-30,9887,9.559971
2026-06-30,9888,9.559976
2026-06-30,9889,9.559981
2026-06-30,9890,9.559986
2026-06-30,9891,9.55999
2026-06-30,9892,9.559995
2026-06-30,9893,9.56
2026-06-30,9894,9.560047
2026-06-30,9895,9.560094
2026-06-30,9896,9.560141
2026-06-30,9897,9.560188
2026-06-30,9898,9.560235
2026-06-30,9899,9.560283
2026-06-30,9900,9.56033
2026-06-30,9901,9.560377
2026-06-30,9902,9.560424
2026-06-30,9903,9.560471
2026-06-30,9904,9.560518
2026-06-30,9905,9.560565
2026-06-30,9906,9.560612
2026-06-30,9907,9.560659
2026-06-30,9908,9.560706
2026-06-30,9909,9.560754
2026-06-30,9910,9.560801
2026-06-30,9911,9.560848
2026-06-30,9912,9.560895
2026-06-30,9913,9.560942
2026-06-30,9914,9.560989
2026-06-30,9915,9.561036
2026-06-30,9916,9.561083
2026-06-30,9917,9.56113
2026-06-30,9918,9.561177
2026-06-30,9919,9.561224
2026-06-30,9920,9.561272
2026-06-30,9921,9.561319
2026-06-30,9922,9.561366
2026-06-30,9923,9.561413
2026-06-30,9924,9.56146
2026-06-30,9925,9.561507
2026-06-30,9926,9.561554
2026-06-30,9927,9.561601
2026-06-30,9928,9.561648
2026-06-30,9929,9.561695
2026-06-30,9930,9.561743
2026-06-30,9931,9.56179
2026-06-30,9932,9.561837
2026-06-30,9933,9.561884
2026-06-30,9934,9.561931
2026-06-30,9935,9.561978
2026-06-30,9936,9.562025
2026-06-30,9937,9.562072
2026-06-30,9938,9.562119
2026-06-30,9939,9.562166
2026-06-30,9940,9.562214
2026-06-30,9941,9.562261
2026-06-30,9942,9.562308
2026-06-30,9943,9.562355
2026-06-30,9944,9.562402
2026-06-30,9945,9.562449
2026-06-30,9946,9.562496
2026-06-30,9947,9.562543
2026-06-30,9948,9.56259
2026-06-30,9949,9.562637
2026-06-30,9950,9.562684
2026-06-30,9951,9.562732
2026-06-30,9952,9.562779
2026-06-30,9953,9.562826
2026-06-30,9954,9.562873
2026-06-30,9955,9.56292
2026-06-30,9956,9.562967
2026-06-30,9957,9.563014
2026-06-30,9958,9.563061
2026-06-30,9959,9.563108
2026-06-30,9960,9.563155
2026-06-30,9961,9.563203
2026-06-30,9962,9.56325
2026-06-30,9963,9.563297
2026-06-30,9964,9.563344
2026-06-30,9965,9.563391
2026-06-30,9966,9.563438
2026-06-30,9967,9.563485
2026-06-30,9968,9.563532
2026-06-30,9969,9.563579
2026-06-30,9970,9.563626
2026-06-30,9971,9.563673
2026-06-30,9972,9.563721
2026-06-30,9973,9.563768
2026-06-30,9974,9.563815
2026-06-30,9975,9.563862
2026-06-30,9976,9.563909
2026-06-30,9977,9.563956
2026-06-30,9978,9.564003
2026-06-30,9979,9.56405
2026-06-30,9980,9.564097
2026-06-30,9981,9.564144
2026-06-30,9982,9.564192
2026-06-30,9983,9.564239
2026-06-30,9984,9.564286
2026-06-30,9985,9.564333
2026-06-30,9986,9.56438
2026-06-30,9987,9.564427
2026-06-30,9988,9.564474
2026-06-30,9989,9.564521
2026-06-30,9990,9.564568
2026-06-30,9991,9.564615
2026-06-30,9992,9.564662
2026-06-30,9993,9.56471
2026-06-30,9994,9.564757
2026-06-30,9995,9.564804
2026-06-30,9996,9.564851
2026-06-30,9997,9.564898
2026-06-30,9998,9.564945
2026-06-30,9999,9.564992
2026-06-30,10000,9.565039
2026-06-30,10001,9.565086
2026-06-30,10002,9.565133
2026-06-30,10003,9.565181
2026-06-30,10004,9.565228
2026-06-30,10005,9.565275
2026-06-30,10006,9.565322
2026-06-30,10007,9.565369
2026-06-30,10008,9.565416
2026-06-30,10009,9.565463
2026-06-30,10010,9.56551
2026-06-30,10011,9.565557
2026-06-30,10012,9.565604
2026-06-30,10013,9.565651
2026-06-30,10014,9.565699
2026-06-30,10015,9.565746
2026-06-30,10016,9.565793
2026-06-30,10017,9.56584
2026-06-30,10018,9.565887
2026-06-30,10019,9.565934
2026-06-30,10020,9.565981
2026-06-30,10021,9.566028
2026-06-30,10022,9.566075
2026-06-30,10023,9.566122
2026-06-30,10024,9.56617
2026-06-30,10025,9.566217
2026-06-30,10026,9.566264
2026-06-30,10027,9.566311
2026-06-30,10028,9.566358
2026-06-30,10029,9.566405
2026-06-30,10030,9.566452
2026-06-30,10031,9.566499
2026-06-30,10032,9.566546
2026-06-30,10033,9.566593
2026-06-30,10034,9.566641
2026-06-30,10035,9.566688
2026-06-30,10036,9.566735
2026-06-30,10037,9.566782
2026-06-30,10038,9.566829
2026-06-30,10039,9.566876
2026-06-30,10040,9.566923
2026-06-30,10041,9.56697
2026-06-30,10042,9.567017
2026-06-30,10043,9.567064
2026-06-30,10044,9.567111
2026-06-30,10045,9.567159
2026-06-30,10046,9.567206
2026-06-30,10047,9.567253
2026-06-30,10048,9.5673
2026-06-30,10049,9.567347
2026-06-30,10050,9.567394
2026-06-30,10051,9.567441
2026-06-30,10052,9.567488
2026-06-30,10053,9.567535
2026-06-30,10054,9.567582
2026-06-30,10055,9.56763
2026-06-30,10056,9.567677
2026-06-30,10057,9.567724
2026-06-30,10058,9.567771
2026-06-30,10059,9.567818
2026-06-30,10060,9.567865
2026-06-30,10061,9.567912
2026-06-30,10062,9.567959
2026-06-30,10063,9.568006
2026-06-30,10064,9.568053
2026-06-30,10065,9.5681
2026-06-30,10066,9.568148
2026-06-30,10067,9.568195
2026-06-30,10068,9.568242
2026-06-30,10069,9.568289
2026-06-30,10070,9.568336
2026-06-30,10071,9.568383
2026-06-30,10072,9.56843
2026-06-30,10073,9.568477
2026-06-30,10074,9.568524
2026-06-30,10075,9.568571
2026-06-30,10076,9.568619
2026-06-30,10077,9.568666
2026-06-30,10078,9.568713
2026-06-30,10079,9.56876
2026-06-30,10080,9.568807
2026-06-30,10081,9.568854
2026-06-30,10082,9.568901
2026-06-30,10083,9.568948
2026-06-30,10084,9.568995
2026-06-30,10085,9.569042
2026-06-30,10086,9.569089
2026-06-30,10087,9.569137
2026-06-30,10088,9.569184
2026-06-30,10089,9.569231
2026-06-30,10090,9.569278
2026-06-30,10091,9.569325
2026-06-30,10092,9.569372
2026-06-30,10093,9.569419
2026-06-30,10094,9.569466
2026-06-30,10095,9.569513
2026-06-30,10096,9.56956
2026-06-30,10097,9.569608
2026-06-30,10098,9.569655
2026-06-30,10099,9.569702
2026-06-30,10100,9.569749
2026-06-30,10101,9.569796
2026-06-30,10102,9.569843
2026-06-30,10103,9.56989
2026-06-30,10104,9.569937
2026-06-30,10105,9.569984
2026-06-30,10106,9.570031
2026-06-30,10107,9.570078
2026-06-30,10108,9.570126
2026-06-30,10109,9.570173
2026-06-30,10110,9.57022
2026-06-30,10111,9.570267
2026-06-30,10112,9.570314
2026-06-30,10113,9.570361
2026-06-30,10114,9.570408
2026-06-30,10115,9.570455
2026-06-30,10116,9.570502
2026-06-30,10117,9.570549
2026-06-30,10118,9.570597
2026-06-30,10119,9.570644
2026-06-30,10120,9.570691
2026-06-30,10121,9.570738
2026-06-30,10122,9.570785
2026-06-30,10123,9.570832
2026-06-30,10124,9.570879
2026-06-30,10125,9.570926
2026-06-30,10126,9.570973
2026-06-30,10127,9.57102
2026-06-30,10128,9.571068
2026-06-30,10129,9.571115
2026-06-30,10130,9.571162
2026-06-30,10131,9.571209
2026-06-30,10132,9.571256
2026-06-30,10133,9.571303
2026-06-30,10134,9.57135
2026-06-30,10135,9.571397
2026-06-30,10136,9.571444
2026-06-30,10137,9.571491
2026-06-30,10138,9.571538
2026-06-30,10139,9.571586
2026-06-30,10140,9.571633
2026-06-30,10141,9.57168
2026-06-30,10142,9.571727
2026-06-30,10143,9.571774
2026-06-30,10144,9.571821
2026-06-30,10145,9.571868
2026-06-30,10146,9.571915
2026-06-30,10147,9.571962
2026-06-30,10148,9.572009
2026-06-30,10149,9.572057
2026-06-30,10150,9.572104
2026-06-30,10151,9.572151
2026-06-30,10152,9.572198
2026-06-30,10153,9.572245
2026-06-30,10154,9.572292
2026-06-30,10155,9.572339
2026-06-30,10156,9.572386
2026-06-30,10157,9.572433
2026-06-30,10158,9.57248
2026-06-30,10159,9.572527
2026-06-30,10160,9.572575
2026-06-30,10161,9.572622
2026-06-30,10162,9.572669
2026-06-30,10163,9.572716
2026-06-30,10164,9.572763
2026-06-30,10165,9.57281
2026-06-30,10166,9.572857
2026-06-30,10167,9.572904
2026-06-30,10168,9.572951
2026-06-30,10169,9.572998
2026-06-30,10170,9.573046
2026-06-30,10171,9.573093
2026-06-30,10172,9.57314
2026-06-30,10173,9.573187
2026-06-30,10174,9.573234
2026-06-30,10175,9.573281
2026-06-30,10176,9.573328
2026-06-30,10177,9.573375
2026-06-30,10178,9.573422
2026-06-30,10179,9.573469
2026-06-30,10180,9.573516
2026-06-30,10181,9.573564
2026-06-30,10182,9.573611
2026-06-30,10183,9.573658
2026-06-30,10184,9.573705
2026-06-30,10185,9.573752
2026-06-30,10186,9.573799
2026-06-30,10187,9.573846
2026-06-30,10188,9.573893
2026-06-30,10189,9.57394
2026-06-30,10190,9.573987
2026-06-30,10191,9.574035
2026-06-30,10192,9.574082
2026-06-30,10193,9.574129
2026-06-30,10194,9.574176
2026-06-30,10195,9.574223
2026-06-30,10196,9.57427
2026-06-30,10197,9.574317
2026-06-30,10198,9.574364
2026-06-30,10199,9.574411
2026-06-30,10200,9.574458
2026-06-30,10201,9.574505
2026-06-30,10202,9.574553
2026-06-30,10203,9.5746
2026-06-30,10204,9.574647
2026-06-30,10205,9.574694
2026-06-30,10206,9.574741
2026-06-30,10207,9.574788
2026-06-30,10208,9.574835
2026-06-30,10209,9.574882
2026-06-30,10210,9.574929
2026-06-30,10211,9.574976
2026-06-30,10212,9.575024
2026-06-30,10213,9.575071
2026-06-30,10214,9.575118
2026-06-30,10215,9.575165
2026-06-30,10216,9.575212
2026-06-30,10217,9.575259
2026-06-30,10218,9.575306
2026-06-30,10219,9.575353
2026-06-30,10220,9.5754
2026-06-30,10221,9.575447
2026-06-30,10222,9.575495
2026-06-30,10223,9.575542
2026-06-30,10224,9.575589
2026-06-30,10225,9.575636
2026-06-30,10226,9.575683
2026-06-30,10227,9.57573
2026-06-30,10228,9.575777
2026-06-30,10229,9.575824
2026-06-30,10230,9.575871
2026-06-30,10231,9.575918
2026-06-30,10232,9.575965
2026-06-30,10233,9.576013
2026-06-30,10234,9.57606
2026-06-30,10235,9.576107
2026-06-30,10236,9.576154
2026-06-30,10237,9.576201
2026-06-30,10238,9.576248
2026-06-30,10239,9.576295
2026-06-30,10240,9.576342
2026-06-30,10241,9.576389
2026-06-30,10242,9.576436
2026-06-30,10243,9.576484
2026-06-30,10244,9.576531
2026-06-30,10245,9.576578
2026-06-30,10246,9.576625
2026-06-30,10247,9.576672
2026-06-30,10248,9.576719
2026-06-30,10249,9.576766
2026-06-30,10250,9.576813
2026-06-30,10251,9.57686
2026-06-30,10252,9.576907
2026-06-30,10253,9.576954
2026-06-30,10254,9.577002
2026-06-30,10255,9.577049
2026-06-30,10256,9.577096
2026-06-30,10257,9.577143
2026-06-30,10258,9.57719
2026-06-30,10259,9.577237
2026-06-30,10260,9.577284
2026-06-30,10261,9.577331
2026-06-30,10262,9.577378
2026-06-30,10263,9.577425
2026-06-30,10264,9.577473
2026-06-30,10265,9.57752
2026-06-30,10266,9.577567
2026-06-30,10267,9.577614
2026-06-30,10268,9.577661
2026-06-30,10269,9.577708
2026-06-30,10270,9.577755
2026-06-30,10271,9.577802
2026-06-30,10272,9.577849
2026-06-30,10273,9.577896
2026-06-30,10274,9.577943
2026-06-30,10275,9.577991
2026-06-30,10276,9.578038
2026-06-30,10277,9.578085
2026-06-30,10278,9.578132
2026-06-30,10279,9.578179
2026-06-30,10280,9.578226
2026-06-30,10281,9.578273
2026-06-30,10282,9.57832
2026-06-30,10283,9.578367
2026-06-30,10284,9.578414
2026-06-30,10285,9.578462
2026-06-30,10286,9.578509
2026-06-30,10287,9.578556
2026-06-30,10288,9.578603
2026-06-30,10289,9.57865
2026-06-30,10290,9.578697
2026-06-30,10291,9.578744
2026-06-30,10292,9.578791
2026-06-30,10293,9.578838
2026-06-30,10294,9.578885
2026-06-30,10295,9.578932
2026-06-30,10296,9.57898
2026-06-30,10297,9.579027
2026-06-30,10298,9.579074
2026-06-30,10299,9.579121
2026-06-30,10300,9.579168
2026-06-30,10301,9.579215
2026-06-30,10302,9.579262
2026-06-30,10303,9.579309
2026-06-30,10304,9.579356
2026-06-30,10305,9.579403
2026-06-30,10306,9.579451
2026-06-30,10307,9.579498
2026-06-30,10308,9.579545
2026-06-30,10309,9.579592
2026-06-30,10310,9.579639
2026-06-30,10311,9.579686
2026-06-30,10312,9.579733
2026-06-30,10313,9.57978
2026-06-30,10314,9.579827
2026-06-30,10315,9.579874
2026-06-30,10316,9.579922
2026-06-30,10317,9.579969
2026-06-30,10318,9.580016
2026-06-30,10319,9.580063
2026-06-30,10320,9.58011
2026-06-30,10321,9.580157
2026-06-30,10322,9.580204
2026-06-30,10323,9.580251
2026-06-30,10324,9.580298
2026-06-30,10325,9.580345
2026-06-30,10326,9.580392
2026-06-30,10327,9.58044
2026-06-30,10328,9.580487
2026-06-30,10329,9.580534
2026-06-30,10330,9.580581
2026-06-30,10331,9.580628
2026-06-30,10332,9.580675
2026-06-30,10333,9.580722
2026-06-30,10334,9.580769
2026-06-30,10335,9.580816
2026-06-30,10336,9.580863
2026-06-30,10337,9.580911
2026-06-30,10338,9.580958
2026-06-30,10339,9.581005
2026-06-30,10340,9.581052
2026-06-30,10341,9.581099
2026-06-30,10342,9.581146
2026-06-30,10343,9.581193
2026-06-30,10344,9.58124
2026-06-30,10345,9.581287
2026-06-30,10346,9.581334
2026-06-30,10347,9.581381
2026-06-30,10348,9.581429
2026-06-30,10349,9.581476
2026-06-30,10350,9.581523
2026-06-30,10351,9.58157
2026-06-30,10352,9.581617
2026-06-30,10353,9.581664
2026-06-30,10354,9.581711
2026-06-30,10355,9.581758
2026-06-30,10356,9.581805
2026-06-30,10357,9.581852
2026-06-30,10358,9.5819
2026-06-30,10359,9.581947
2026-06-30,10360,9.581994
2026-06-30,10361,9.582041
2026-06-30,10362,9.582088
2026-06-30,10363,9.582135
2026-06-30,10364,9.582182
2026-06-30,10365,9.582229
2026-06-30,10366,9.582276
2026-06-30,10367,9.582323
2026-06-30,10368,9.58237
2026-06-30,10369,9.582418
2026-06-30,10370,9.582465
2026-06-30,10371,9.582512
2026-06-30,10372,9.582559
2026-06-30,10373,9.582606
2026-06-30,10374,9.582653
2026-06-30,10375,9.5827
2026-06-30,10376,9.582747
2026-06-30,10377,9.582794
2026-06-30,10378,9.582841
2026-06-30,10379,9.582889
2026-06-30,10380,9.582936
2026-06-30,10381,9.582983
2026-06-30,10382,9.58303
2026-06-30,10383,9.583077
2026-06-30,10384,9.583124
2026-06-30,10385,9.583171
2026-06-30,10386,9.583218
2026-06-30,10387,9.583265
2026-06-30,10388,9.583312
2026-06-30,10389,9.583359
2026-06-30,10390,9.583407
2026-06-30,10391,9.583454
2026-06-30,10392,9.583501
2026-06-30,10393,9.583548
2026-06-30,10394,9.583595
2026-06-30,10395,9.583642
2026-06-30,10396,9.583689
2026-06-30,10397,9.583736
2026-06-30,10398,9.583783
2026-06-30,10399,9.58383
2026-06-30,10400,9.583878
2026-06-30,10401,9.583925
2026-06-30,10402,9.583972
2026-06-30,10403,9.584019
2026-06-30,10404,9.584066
2026-06-30,10405,9.584113
2026-06-30,10406,9.58416
2026-06-30,10407,9.584207
2026-06-30,10408,9.584254
2026-06-30,10409,9.584301
2026-06-30,10410,9.584349
2026-06-30,10411,9.584396
2026-06-30,10412,9.584443
2026-06-30,10413,9.58449
2026-06-30,10414,9.584537
2026-06-30,10415,9.584584
2026-06-30,10416,9.584631
2026-06-30,10417,9.584678
2026-06-30,10418,9.584725
2026-06-30,10419,9.584772
2026-06-30,10420,9.584819
2026-06-30,10421,9.584867
2026-06-30,10422,9.584914
2026-06-30,10423,9.584961
2026-06-30,10424,9.585008
2026-06-30,10425,9.585055
2026-06-30,10426,9.585102
2026-06-30,10427,9.585149
2026-06-30,10428,9.585196
2026-06-30,10429,9.585243
2026-06-30,10430,9.58529
2026-06-30,10431,9.585338
2026-06-30,10432,9.585385
2026-06-30,10433,9.585432
2026-06-30,10434,9.585479
2026-06-30,10435,9.585526
2026-06-30,10436,9.585573
2026-06-30,10437,9.58562
2026-06-30,10438,9.585667
2026-06-30,10439,9.585714
2026-06-30,10440,9.585761
2026-06-30,10441,9.585808
2026-06-30,10442,9.585856
2026-06-30,10443,9.585903
2026-06-30,10444,9.58595
2026-06-30,10445,9.585997
2026-06-30,10446,9.586044
2026-06-30,10447,9.586091
2026-06-30,10448,9.586138
2026-06-30,10449,9.586185
2026-06-30,10450,9.586232
2026-06-30,10451,9.586279
2026-06-30,10452,9.586327
2026-06-30,10453,9.586374
2026-06-30,10454,9.586421
2026-06-30,10455,9.586468
2026-06-30,10456,9.586515
2026-06-30,10457,9.586562
2026-06-30,10458,9.586609
2026-06-30,10459,9.586656
2026-06-30,10460,9.586703
2026-06-30,10461,9.58675
2026-06-30,10462,9.586797
2026-06-30,10463,9.586845
2026-06-30,10464,9.586892
2026-06-30,10465,9.586939
2026-06-30,10466,9.586986
2026-06-30,10467,9.587033
2026-06-30,10468,9.58708
2026-06-30,10469,9.587127
2026-06-30,10470,9.587174
2026-06-30,10471,9.587221
2026-06-30,10472,9.587268
2026-06-30,10473,9.587316
2026-06-30,10474,9.587363
2026-06-30,10475,9.58741
2026-06-30,10476,9.587457
2026-06-30,10477,9.587504
2026-06-30,10478,9.587551
2026-06-30,10479,9.587598
2026-06-30,10480,9.587645
2026-06-30,10481,9.587692
2026-06-30,10482,9.587739
2026-06-30,10483,9.587786
2026-06-30,10484,9.587834
2026-06-30,10485,9.587881
2026-06-30,10486,9.587928
2026-06-30,10487,9.587975
2026-06-30,10488,9.588022
2026-06-30,10489,9.588069
2026-06-30,10490,9.588116
2026-06-30,10491,9.588163
2026-06-30,10492,9.58821
2026-06-30,10493,9.588257
2026-06-30,10494,9.588305
2026-06-30,10495,9.588352
2026-06-30,10496,9.588399
2026-06-30,10497,9.588446
2026-06-30,10498,9.588493
2026-06-30,10499,9.58854
2026-06-30,10500,9.588587
2026-06-30,10501,9.588634
2026-06-30,10502,9.588681
2026-06-30,10503,9.588728
2026-06-30,10504,9.588776
2026-06-30,10505,9.588823
2026-06-30,10506,9.58887
2026-06-30,10507,9.588917
2026-06-30,10508,9.588964
2026-06-30,10509,9.589011
2026-06-30,10510,9.589058
2026-06-30,10511,9.589105
2026-06-30,10512,9.589152
2026-06-30,10513,9.589199
2026-06-30,10514,9.589246
2026-06-30,10515,9.589294
2026-06-30,10516,9.589341
2026-06-30,10517,9.589388
2026-06-30,10518,9.589435
2026-06-30,10519,9.589482
2026-06-30,10520,9.589529
2026-06-30,10521,9.589576
2026-06-30,10522,9.589623
2026-06-30,10523,9.58967
2026-06-30,10524,9.589717
2026-06-30,10525,9.589765
2026-06-30,10526,9.589812
2026-06-30,10527,9.589859
2026-06-30,10528,9.589906
2026-06-30,10529,9.589953
2026-06-30,10530,9.59
2026-06-30,10531,9.589992
2026-06-30,10532,9.589983
2026-06-30,10533,9.589975
2026-06-30,10534,9.589967
2026-06-30,10535,9.589959
2026-06-30,10536,9.58995
2026-06-30,10537,9.589942
2026-06-30,10538,9.589934
2026-06-30,10539,9.589926
2026-06-30,10540,9.589917
2026-06-30,10541,9.589909
2026-06-30,10542,9.589901
2026-06-30,10543,9.589893
2026-06-30,10544,9.589884
2026-06-30,10545,9.589876
2026-06-30,10546,9.589868
2026-06-30,10547,9.58986
2026-06-30,10548,9.589851
2026-06-30,10549,9.589843
2026-06-30,10550,9.589835
2026-06-30,10551,9.589827
2026-06-30,10552,9.589818
2026-06-30,10553,9.58981
2026-06-30,10554,9.589802
2026-06-30,10555,9.589793
2026-06-30,10556,9.589785
2026-06-30,10557,9.589777
2026-06-30,10558,9.589769
2026-06-30,10559,9.58976
2026-06-30,10560,9.589752
2026-06-30,10561,9.589744
2026-06-30,10562,9.589736
2026-06-30,10563,9.589727
2026-06-30,10564,9.589719
2026-06-30,10565,9.589711
2026-06-30,10566,9.589703
2026-06-30,10567,9.589694
2026-06-30,10568,9.589686
2026-06-30,10569,9.589678
2026-06-30,10570,9.58967
2026-06-30,10571,9.589661
2026-06-30,10572,9.589653
2026-06-30,10573,9.589645
2026-06-30,10574,9.589637
2026-06-30,10575,9.589628
2026-06-30,10576,9.58962
2026-06-30,10577,9.589612
2026-06-30,10578,9.589603
2026-06-30,10579,9.589595
2026-06-30,10580,9.589587
2026-06-30,10581,9.589579
2026-06-30,10582,9.58957
2026-06-30,10583,9.589562
2026-06-30,10584,9.589554
2026-06-30,10585,9.589546
2026-06-30,10586,9.589537
2026-06-30,10587,9.589529
2026-06-30,10588,9.589521
2026-06-30,10589,9.589513
2026-06-30,10590,9.589504
2026-06-30,10591,9.589496
2026-06-30,10592,9.589488
2026-06-30,10593,9.58948
2026-06-30,10594,9.589471
2026-06-30,10595,9.589463
2026-06-30,10596,9.589455
2026-06-30,10597,9.589447
2026-06-30,10598,9.589438
2026-06-30,10599,9.58943
2026-06-30,10600,9.589422
2026-06-30,10601,9.589413
2026-06-30,10602,9.589405
2026-06-30,10603,9.589397
2026-06-30,10604,9.589389
2026-06-30,10605,9.58938
2026-06-30,10606,9.589372
2026-06-30,10607,9.589364
2026-06-30,10608,9.589356
2026-06-30,10609,9.589347
2026-06-30,10610,9.589339
2026-06-30,10611,9.589331
2026-06-30,10612,9.589323
2026-06-30,10613,9.589314
2026-06-30,10614,9.589306
2026-06-30,10615,9.589298
2026-06-30,10616,9.58929
2026-06-30,10617,9.589281
2026-06-30,10618,9.589273
2026-06-30,10619,9.589265
2026-06-30,10620,9.589257
2026-06-30,10621,9.589248
2026-06-30,10622,9.58924
2026-06-30,10623,9.589232
2026-06-30,10624,9.589223
2026-06-30,10625,9.589215
2026-06-30,10626,9.589207
2026-06-30,10627,9.589199
2026-06-30,10628,9.58919
2026-06-30,10629,9.589182
2026-06-30,10630,9.589174
2026-06-30,10631,9.589166
2026-06-30,10632,9.589157
2026-06-30,10633,9.589149
2026-06-30,10634,9.589141
2026-06-30,10635,9.589133
2026-06-30,10636,9.589124
2026-06-30,10637,9.589116
2026-06-30,10638,9.589108
2026-06-30,10639,9.5891
2026-06-30,10640,9.589091
2026-06-30,10641,9.589083
2026-06-30,10642,9.589075
2026-06-30,10643,9.589067
2026-06-30,10644,9.589058
2026-06-30,10645,9.58905
2026-06-30,10646,9.589042
2026-06-30,10647,9.589033
2026-06-30,10648,9.589025
2026-06-30,10649,9.589017
2026-06-30,10650,9.589009
2026-06-30,10651,9.589
2026-06-30,10652,9.588992
2026-06-30,10653,9.588984
2026-06-30,10654,9.588976
2026-06-30,10655,9.588967
2026-06-30,10656,9.588959
2026-06-30,10657,9.588951
2026-06-30,10658,9.588943
2026-06-30,10659,9.588934
2026-06-30,10660,9.588926
2026-06-30,10661,9.588918
2026-06-30,10662,9.58891
2026-06-30,10663,9.588901
2026-06-30,10664,9.588893
2026-06-30,10665,9.588885
2026-06-30,10666,9.588877
2026-06-30,10667,9.588868
2026-06-30,10668,9.58886
2026-06-30,10669,9.588852
2026-06-30,10670,9.588843
2026-06-30,10671,9.588835
2026-06-30,10672,9.588827
2026-06-30,10673,9.588819
2026-06-30,10674,9.58881
2026-06-30,10675,9.588802
2026-06-30,10676,9.588794
2026-06-30,10677,9.588786
2026-06-30,10678,9.588777
2026-06-30,10679,9.588769
2026-06-30,10680,9.588761
2026-06-30,10681,9.588753
2026-06-30,10682,9.588744
2026-06-30,10683,9.588736
2026-06-30,10684,9.588728
2026-06-30,10685,9.58872
2026-06-30,10686,9.588711
2026-06-30,10687,9.588703
2026-06-30,10688,9.588695
2026-06-30,10689,9.588687
2026-06-30,10690,9.588678
2026-06-30,10691,9.58867
2026-06-30,10692,9.588662
2026-06-30,10693,9.588653
2026-06-30,10694,9.588645
2026-06-30,10695,9.588637
2026-06-30,10696,9.588629
2026-06-30,10697,9.58862
2026-06-30,10698,9.588612
2026-06-30,10699,9.588604
2026-06-30,10700,9.588596
2026-06-30,10701,9.588587
2026-06-30,10702,9.588579
2026-06-30,10703,9.588571
2026-06-30,10704,9.588563
2026-06-30,10705,9.588554
2026-06-30,10706,9.588546
2026-06-30,10707,9.588538
2026-06-30,10708,9.58853
2026-06-30,10709,9.588521
2026-06-30,10710,9.588513
2026-06-30,10711,9.588505
2026-06-30,10712,9.588496
2026-06-30,10713,9.588488
2026-06-30,10714,9.58848
2026-06-30,10715,9.588472
2026-06-30,10716,9.588463
2026-06-30,10717,9.588455
2026-06-30,10718,9.588447
2026-06-30,10719,9.588439
2026-06-30,10720,9.58843
2026-06-30,10721,9.588422
2026-06-30,10722,9.588414
2026-06-30,10723,9.588406
2026-06-30,10724,9.588397
2026-06-30,10725,9.588389
2026-06-30,10726,9.588381
2026-06-30,10727,9.588373
2026-06-30,10728,9.588364
2026-06-30,10729,9.588356
2026-06-30,10730,9.588348
2026-06-30,10731,9.58834
2026-06-30,10732,9.588331
2026-06-30,10733,9.588323
2026-06-30,10734,9.588315
2026-06-30,10735,9.588306
2026-06-30,10736,9.588298
2026-06-30,10737,9.58829
2026-06-30,10738,9.588282
2026-06-30,10739,9.588273
2026-06-30,10740,9.588265
2026-06-30,10741,9.588257
2026-06-30,10742,9.588249
2026-06-30,10743,9.58824
2026-06-30,10744,9.588232
2026-06-30,10745,9.588224
2026-06-30,10746,9.588216
2026-06-30,10747,9.588207
2026-06-30,10748,9.588199
2026-06-30,10749,9.588191
2026-06-30,10750,9.588183
2026-06-30,10751,9.588174
2026-06-30,10752,9.588166
2026-06-30,10753,9.588158
2026-06-30,10754,9.58815
2026-06-30,10755,9.588141
2026-06-30,10756,9.588133
2026-06-30,10757,9.588125
2026-06-30,10758,9.588116
2026-06-30,10759,9.588108
2026-06-30,10760,9.5881
2026-06-30,10761,9.588092
2026-06-30,10762,9.588083
2026-06-30,10763,9.588075
2026-06-30,10764,9.588067
2026-06-30,10765,9.588059
2026-06-30,10766,9.58805
2026-06-30,10767,9.588042
2026-06-30,10768,9.588034
2026-06-30,10769,9.588026
2026-06-30,10770,9.588017
2026-06-30,10771,9.588009
2026-06-30,10772,9.588001
2026-06-30,10773,9.587993
2026-06-30,10774,9.587984
2026-06-30,10775,9.587976
2026-06-30,10776,9.587968
2026-06-30,10777,9.58796
2026-06-30,10778,9.587951
2026-06-30,10779,9.587943
2026-06-30,10780,9.587935
2026-06-30,10781,9.587926
2026-06-30,10782,9.587918
2026-06-30,10783,9.58791
2026-06-30,10784,9.587902
2026-06-30,10785,9.587893
2026-06-30,10786,9.587885
2026-06-30,10787,9.587877
2026-06-30,10788,9.587869
2026-06-30,10789,9.58786
2026-06-30,10790,9.587852
2026-06-30,10791,9.587844
2026-06-30,10792,9.587836
2026-06-30,10793,9.587827
2026-06-30,10794,9.587819
2026-06-30,10795,9.587811
2026-06-30,10796,9.587803
2026-06-30,10797,9.587794
2026-06-30,10798,9.587786
2026-06-30,10799,9.587778
2026-06-30,10800,9.58777
2026-06-30,10801,9.587761
2026-06-30,10802,9.587753
2026-06-30,10803,9.587745
2026-06-30,10804,9.587736
2026-06-30,10805,9.587728
2026-06-30,10806,9.58772
2026-06-30,10807,9.587712
2026-06-30,10808,9.587703
2026-06-30,10809,9.587695
2026-06-30,10810,9.587687
2026-06-30,10811,9.587679
2026-06-30,10812,9.58767
2026-06-30,10813,9.587662
2026-06-30,10814,9.587654
2026-06-30,10815,9.587646
2026-06-30,10816,9.587637
2026-06-30,10817,9.587629
2026-06-30,10818,9.587621
2026-06-30,10819,9.587613
2026-06-30,10820,9.587604
2026-06-30,10821,9.587596
2026-06-30,10822,9.587588
2026-06-30,10823,9.58758
2026-06-30,10824,9.587571
2026-06-30,10825,9.587563
2026-06-30,10826,9.587555
2026-06-30,10827,9.587546
2026-06-30,10828,9.587538
2026-06-30,10829,9.58753
2026-06-30,10830,9.587522
2026-06-30,10831,9.587513
2026-06-30,10832,9.587505
2026-06-30,10833,9.587497
2026-06-30,10834,9.587489
2026-06-30,10835,9.58748
2026-06-30,10836,9.587472
2026-06-30,10837,9.587464
2026-06-30,10838,9.587456
2026-06-30,10839,9.587447
2026-06-30,10840,9.587439
2026-06-30,10841,9.587431
2026-06-30,10842,9.587423
2026-06-30,10843,9.587414
2026-06-30,10844,9.587406
2026-06-30,10845,9.587398
2026-06-30,10846,9.58739
2026-06-30,10847,9.587381
2026-06-30,10848,9.587373
2026-06-30,10849,9.587365
2026-06-30,10850,9.587356
2026-06-30,10851,9.587348
2026-06-30,10852,9.58734
2026-06-30,10853,9.587332
2026-06-30,10854,9.587323
2026-06-30,10855,9.587315
2026-06-30,10856,9.587307
2026-06-30,10857,9.587299
2026-06-30,10858,9.58729
2026-06-30,10859,9.587282
2026-06-30,10860,9.587274
2026-06-30,10861,9.587266
2026-06-30,10862,9.587257
2026-06-30,10863,9.587249
2026-06-30,10864,9.587241
2026-06-30,10865,9.587233
2026-06-30,10866,9.587224
2026-06-30,10867,9.587216
2026-06-30,10868,9.587208
2026-06-30,10869,9.5872
2026-06-30,10870,9.587191
2026-06-30,10871,9.587183
2026-06-30,10872,9.587175
2026-06-30,10873,9.587166
2026-06-30,10874,9.587158
2026-06-30,10875,9.58715
2026-06-30,10876,9.587142
2026-06-30,10877,9.587133
2026-06-30,10878,9.587125
2026-06-30,10879,9.587117
2026-06-30,10880,9.587109
2026-06-30,10881,9.5871
2026-06-30,10882,9.587092
2026-06-30,10883,9.587084
2026-06-30,10884,9.587076
2026-06-30,10885,9.587067
2026-06-30,10886,9.587059
2026-06-30,10887,9.587051
2026-06-30,10888,9.587043
2026-06-30,10889,9.587034
2026-06-30,10890,9.587026
2026-06-30,10891,9.587018
2026-06-30,10892,9.58701
2026-06-30,10893,9.587001
2026-06-30,10894,9.586993
2026-06-30,10895,9.586985
2026-06-30,10896,9.586976
2026-06-30,10897,9.586968
2026-06-30,10898,9.58696
2026-06-30,10899,9.586952
2026-06-30,10900,9.586943
2026-06-30,10901,9.586935
2026-06-30,10902,9.586927
2026-06-30,10903,9.586919
2026-06-30,10904,9.58691
2026-06-30,10905,9.586902
2026-06-30,10906,9.586894
2026-06-30,10907,9.586886
2026-06-30,10908,9.586877
2026-06-30,10909,9.586869
2026-06-30,10910,9.586861
2026-06-30,10911,9.586853
2026-06-30,10912,9.586844
2026-06-30,10913,9.586836
2026-06-30,10914,9.586828
2026-06-30,10915,9.58682
2026-06-30,10916,9.586811
2026-06-30,10917,9.586803
2026-06-30,10918,9.586795
2026-06-30,10919,9.586786
2026-06-30,10920,9.586778
2026-06-30,10921,9.58677
2026-06-30,10922,9.586762
2026-06-30,10923,9.586753
2026-06-30,10924,9.586745
2026-06-30,10925,9.586737
2026-06-30,10926,9.586729
2026-06-30,10927,9.58672
2026-06-30,10928,9.586712
2026-06-30,10929,9.586704
2026-06-30,10930,9.586696
2026-06-30,10931,9.586687
2026-06-30,10932,9.586679
2026-06-30,10933,9.586671
2026-06-30,10934,9.586663
2026-06-30,10935,9.586654
2026-06-30,10936,9.586646
2026-06-30,10937,9.586638
2026-06-30,10938,9.58663
2026-06-30,10939,9.586621
2026-06-30,10940,9.586613
2026-06-30,10941,9.586605
2026-06-30,10942,9.586596
2026-06-30,10943,9.586588
2026-06-30,10944,9.58658
2026-06-30,10945,9.586572
2026-06-30,10946,9.586563
2026-06-30,10947,9.586555
2026-06-30,10948,9.586547
2026-06-30,10949,9.586539
2026-06-30,10950,9.58653
2026-06-30,10951,9.586522
2026-06-30,10952,9.586514
2026-06-30,10953,9.586506
2026-06-30,10954,9.586497
2026-06-30,10955,9.586489
2026-06-30,10956,9.586481
2026-06-30,10957,9.586473
2026-06-30,10958,9.586464
2026-06-30,10959,9.586456
2026-06-30,10960,9.586448
2026-06-30,10961,9.58644
2026-06-30,10962,9.586431
2026-06-30,10963,9.586423
2026-06-30,10964,9.586415
2026-06-30,10965,9.586406
2026-06-30,10966,9.586398
2026-06-30,10967,9.58639
2026-06-30,10968,9.586382
2026-06-30,10969,9.586373
2026-06-30,10970,9.586365
2026-06-30,10971,9.586357
2026-06-30,10972,9.586349
2026-06-30,10973,9.58634
2026-06-30,10974,9.586332
2026-06-30,10975,9.586324
2026-06-30,10976,9.586316
2026-06-30,10977,9.586307
2026-06-30,10978,9.586299
2026-06-30,10979,9.586291
2026-06-30,10980,9.586283
2026-06-30,10981,9.586274
2026-06-30,10982,9.586266
2026-06-30,10983,9.586258
2026-06-30,10984,9.58625
2026-06-30,10985,9.586241
2026-06-30,10986,9.586233
2026-06-30,10987,9.586225
2026-06-30,10988,9.586216
2026-06-30,10989,9.586208
2026-06-30,10990,9.5862
2026-06-30,10991,9.586192
2026-06-30,10992,9.586183
2026-06-30,10993,9.586175
2026-06-30,10994,9.586167
2026-06-30,10995,9.586159
2026-06-30,10996,9.58615
2026-06-30,10997,9.586142
2026-06-30,10998,9.586134
2026-06-30,10999,9.586126
2026-06-30,11000,9.586117
2026-06-30,11001,9.586109
2026-06-30,11002,9.586101
2026-06-30,11003,9.586093
2026-06-30,11004,9.586084
2026-06-30,11005,9.586076
2026-06-30,11006,9.586068
2026-06-30,11007,9.58606
2026-06-30,11008,9.586051
2026-06-30,11009,9.586043
2026-06-30,11010,9.586035
2026-06-30,11011,9.586026
2026-06-30,11012,9.586018
2026-06-30,11013,9.58601
2026-06-30,11014,9.586002
2026-06-30,11015,9.585993
2026-06-30,11016,9.585985
2026-06-30,11017,9.585977
2026-06-30,11018,9.585969
2026-06-30,11019,9.58596
2026-06-30,11020,9.585952
2026-06-30,11021,9.585944
2026-06-30,11022,9.585936
2026-06-30,11023,9.585927
2026-06-30,11024,9.585919
2026-06-30,11025,9.585911
2026-06-30,11026,9.585903
2026-06-30,11027,9.585894
2026-06-30,11028,9.585886
2026-06-30,11029,9.585878
2026-06-30,11030,9.585869
2026-06-30,11031,9.585861
2026-06-30,11032,9.585853
2026-06-30,11033,9.585845
2026-06-30,11034,9.585836
2026-06-30,11035,9.585828
2026-06-30,11036,9.58582
2026-06-30,11037,9.585812
2026-06-30,11038,9.585803
2026-06-30,11039,9.585795
2026-06-30,11040,9.585787
2026-06-30,11041,9.585779
2026-06-30,11042,9.58577
2026-06-30,11043,9.585762
2026-06-30,11044,9.585754
2026-06-30,11045,9.585746
2026-06-30,11046,9.585737
2026-06-30,11047,9.585729
2026-06-30,11048,9.585721
2026-06-30,11049,9.585713
2026-06-30,11050,9.585704
2026-06-30,11051,9.585696
2026-06-30,11052,9.585688
2026-06-30,11053,9.585679
2026-06-30,11054,9.585671
2026-06-30,11055,9.585663
2026-06-30,11056,9.585655
2026-06-30,11057,9.585646
2026-06-30,11058,9.585638
2026-06-30,11059,9.58563
2026-06-30,11060,9.585622
2026-06-30,11061,9.585613
2026-06-30,11062,9.585605
2026-06-30,11063,9.585597
2026-06-30,11064,9.585589
2026-06-30,11065,9.58558
2026-06-30,11066,9.585572
2026-06-30,11067,9.585564
2026-06-30,11068,9.585556
2026-06-30,11069,9.585547
2026-06-30,11070,9.585539
2026-06-30,11071,9.585531
2026-06-30,11072,9.585523
2026-06-30,11073,9.585514
2026-06-30,11074,9.585506
2026-06-30,11075,9.585498
2026-06-30,11076,9.585489
2026-06-30,11077,9.585481
2026-06-30,11078,9.585473
2026-06-30,11079,9.585465
2026-06-30,11080,9.585456
2026-06-30,11081,9.585448
2026-06-30,11082,9.58544
2026-06-30,11083,9.585432
2026-06-30,11084,9.585423
2026-06-30,11085,9.585415
2026-06-30,11086,9.585407
2026-06-30,11087,9.585399
2026-06-30,11088,9.58539
2026-06-30,11089,9.585382
2026-06-30,11090,9.585374
2026-06-30,11091,9.585366
2026-06-30,11092,9.585357
2026-06-30,11093,9.585349
2026-06-30,11094,9.585341
2026-06-30,11095,9.585333
2026-06-30,11096,9.585324
2026-06-30,11097,9.585316
2026-06-30,11098,9.585308
2026-06-30,11099,9.585299
2026-06-30,11100,9.585291
2026-06-30,11101,9.585283
2026-06-30,11102,9.585275
2026-06-30,11103,9.585266
2026-06-30,11104,9.585258
2026-06-30,11105,9.58525
2026-06-30,11106,9.585242
2026-06-30,11107,9.585233
2026-06-30,11108,9.585225
2026-06-30,11109,9.585217
2026-06-30,11110,9.585209
2026-06-30,11111,9.5852
2026-06-30,11112,9.585192
2026-06-30,11113,9.585184
2026-06-30,11114,9.585176
2026-06-30,11115,9.585167
2026-06-30,11116,9.585159
2026-06-30,11117,9.585151
2026-06-30,11118,9.585143
2026-06-30,11119,9.585134
2026-06-30,11120,9.585126
2026-06-30,11121,9.585118
2026-06-30,11122,9.585109
2026-06-30,11123,9.585101
2026-06-30,11124,9.585093
2026-06-30,11125,9.585085
2026-06-30,11126,9.585076
2026-06-30,11127,9.585068
2026-06-30,11128,9.58506
2026-06-30,11129,9.585052
2026-06-30,11130,9.585043
2026-06-30,11131,9.585035
2026-06-30,11132,9.585027
2026-06-30,11133,9.585019
2026-06-30,11134,9.58501
2026-06-30,11135,9.585002
2026-06-30,11136,9.584994
2026-06-30,11137,9.584986
2026-06-30,11138,9.584977
2026-06-30,11139,9.584969
2026-06-30,11140,9.584961
2026-06-30,11141,9.584953
2026-06-30,11142,9.584944
2026-06-30,11143,9.584936
2026-06-30,11144,9.584928
2026-06-30,11145,9.584919
2026-06-30,11146,9.584911
2026-06-30,11147,9.584903
2026-06-30,11148,9.584895
2026-06-30,11149,9.584886
2026-06-30,11150,9.584878
2026-06-30,11151,9.58487
2026-06-30,11152,9.584862
2026-06-30,11153,9.584853
2026-06-30,11154,9.584845
2026-06-30,11155,9.584837
2026-06-30,11156,9.584829
2026-06-30,11157,9.58482
2026-06-30,11158,9.584812
2026-06-30,11159,9.584804
2026-06-30,11160,9.584796
2026-06-30,11161,9.584787
2026-06-30,11162,9.584779
2026-06-30,11163,9.584771
2026-06-30,11164,9.584763
2026-06-30,11165,9.584754
2026-06-30,11166,9.584746
2026-06-30,11167,9.584738
2026-06-30,11168,9.584729
2026-06-30,11169,9.584721
2026-06-30,11170,9.584713
2026-06-30,11171,9.584705
2026-06-30,11172,9.584696
2026-06-30,11173,9.584688
2026-06-30,11174,9.58468
2026-06-30,11175,9.584672
2026-06-30,11176,9.584663
2026-06-30,11177,9.584655
2026-06-30,11178,9.584647
2026-06-30,11179,9.584639
2026-06-30,11180,9.58463
2026-06-30,11181,9.584622
2026-06-30,11182,9.584614
2026-06-30,11183,9.584606
2026-06-30,11184,9.584597
2026-06-30,11185,9.584589
2026-06-30,11186,9.584581
2026-06-30,11187,9.584573
2026-06-30,11188,9.584564
2026-06-30,11189,9.584556
2026-06-30,11190,9.584548
2026-06-30,11191,9.584539
2026-06-30,11192,9.584531
2026-06-30,11193,9.584523
2026-06-30,11194,9.584515
2026-06-30,11195,9.584506
2026-06-30,11196,9.584498
2026-06-30,11197,9.58449
2026-06-30,11198,9.584482
2026-06-30,11199,9.584473
2026-06-30,11200,9.584465
2026-06-30,11201,9.584457
2026-06-30,11202,9.584449
2026-06-30,11203,9.58444
2026-06-30,11204,9.584432
2026-06-30,11205,9.584424
2026-06-30,11206,9.584416
2026-06-30,11207,9.584407
2026-06-30,11208,9.584399
2026-06-30,11209,9.584391
2026-06-30,11210,9.584383
2026-06-30,11211,9.584374
2026-06-30,11212,9.584366
2026-06-30,11213,9.584358
2026-06-30,11214,9.584349
2026-06-30,11215,9.584341
2026-06-30,11216,9.584333
2026-06-30,11217,9.584325
2026-06-30,11218,9.584316
2026-06-30,11219,9.584308
2026-06-30,11220,9.5843
2026-06-30,11221,9.584292
2026-06-30,11222,9.584283
2026-06-30,11223,9.584275
2026-06-30,11224,9.584267
2026-06-30,11225,9.584259
2026-06-30,11226,9.58425
2026-06-30,11227,9.584242
2026-06-30,11228,9.584234
2026-06-30,11229,9.584226
2026-06-30,11230,9.584217
2026-06-30,11231,9.584209
2026-06-30,11232,9.584201
2026-06-30,11233,9.584193
2026-06-30,11234,9.584184
2026-06-30,11235,9.584176
2026-06-30,11236,9.584168
2026-06-30,11237,9.584159
2026-06-30,11238,9.584151
2026-06-30,11239,9.584143
2026-06-30,11240,9.584135
2026-06-30,11241,9.584126
2026-06-30,11242,9.584118
2026-06-30,11243,9.58411
2026-06-30,11244,9.584102
2026-06-30,11245,9.584093
2026-06-30,11246,9.584085
2026-06-30,11247,9.584077
2026-06-30,11248,9.584069
2026-06-30,11249,9.58406
2026-06-30,11250,9.584052
2026-06-30,11251,9.584044
2026-06-30,11252,9.584036
2026-06-30,11253,9.584027
2026-06-30,11254,9.584019
2026-06-30,11255,9.584011
2026-06-30,11256,9.584003
2026-06-30,11257,9.583994
2026-06-30,11258,9.583986
2026-06-30,11259,9.583978
2026-06-30,11260,9.583969
2026-06-30,11261,9.583961
2026-06-30,11262,9.583953
2026-06-30,11263,9.583945
2026-06-30,11264,9.583936
2026-06-30,11265,9.583928
2026-06-30,11266,9.58392
2026-06-30,11267,9.583912
2026-06-30,11268,9.583903
2026-06-30,11269,9.583895
2026-06-30,11270,9.583887
2026-06-30,11271,9.583879
2026-06-30,11272,9.58387
2026-06-30,11273,9.583862
2026-06-30,11274,9.583854
2026-06-30,11275,9.583846
2026-06-30,11276,9.583837
2026-06-30,11277,9.583829
2026-06-30,11278,9.583821
2026-06-30,11279,9.583813
2026-06-30,11280,9.583804
2026-06-30,11281,9.583796
2026-06-30,11282,9.583788
2026-06-30,11283,9.583779
2026-06-30,11284,9.583771
2026-06-30,11285,9.583763
2026-06-30,11286,9.583755
2026-06-30,11287,9.583746
2026-06-30,11288,9.583738
2026-06-30,11289,9.58373
2026-06-30,11290,9.583722
2026-06-30,11291,9.583713
2026-06-30,11292,9.583705
2026-06-30,11293,9.583697
2026-06-30,11294,9.583689
2026-06-30,11295,9.58368
2026-06-30,11296,9.583672
2026-06-30,11297,9.583664
2026-06-30,11298,9.583656
2026-06-30,11299,9.583647
2026-06-30,11300,9.583639
2026-06-30,11301,9.583631
2026-06-30,11302,9.583623
2026-06-30,11303,9.583614
2026-06-30,11304,9.583606
2026-06-30,11305,9.583598
2026-06-30,11306,9.583589
2026-06-30,11307,9.583581
2026-06-30,11308,9.583573
2026-06-30,11309,9.583565
2026-06-30,11310,9.583556
2026-06-30,11311,9.583548
2026-06-30,11312,9.58354
2026-06-30,11313,9.583532
2026-06-30,11314,9.583523
2026-06-30,11315,9.583515
2026-06-30,11316,9.583507
2026-06-30,11317,9.583499
2026-06-30,11318,9.58349
2026-06-30,11319,9.583482
2026-06-30,11320,9.583474
2026-06-30,11321,9.583466
2026-06-30,11322,9.583457
2026-06-30,11323,9.583449
2026-06-30,11324,9.583441
2026-06-30,11325,9.583433
2026-06-30,11326,9.583424
2026-06-30,11327,9.583416
2026-06-30,11328,9.583408
2026-06-30,11329,9.583399
2026-06-30,11330,9.583391
2026-06-30,11331,9.583383
2026-06-30,11332,9.583375
2026-06-30,11333,9.583366
2026-06-30,11334,9.583358
2026-06-30,11335,9.58335
2026-06-30,11336,9.583342
2026-06-30,11337,9.583333
2026-06-30,11338,9.583325
2026-06-30,11339,9.583317
2026-06-30,11340,9.583309
2026-06-30,11341,9.5833
2026-06-30,11342,9.583292
2026-06-30,11343,9.583284
2026-06-30,11344,9.583276
2026-06-30,11345,9.583267
2026-06-30,11346,9.583259
2026-06-30,11347,9.583251
2026-06-30,11348,9.583242
2026-06-30,11349,9.583234
2026-06-30,11350,9.583226
2026-06-30,11351,9.583218
2026-06-30,11352,9.583209
2026-06-30,11353,9.583201
2026-06-30,11354,9.583193
2026-06-30,11355,9.583185
2026-06-30,11356,9.583176
2026-06-30,11357,9.583168
2026-06-30,11358,9.58316
2026-06-30,11359,9.583152
2026-06-30,11360,9.583143
2026-06-30,11361,9.583135
2026-06-30,11362,9.583127
2026-06-30,11363,9.583119
2026-06-30,11364,9.58311
2026-06-30,11365,9.583102
2026-06-30,11366,9.583094
2026-06-30,11367,9.583086
2026-06-30,11368,9.583077
2026-06-30,11369,9.583069
2026-06-30,11370,9.583061
2026-06-30,11371,9.583052
2026-06-30,11372,9.583044
2026-06-30,11373,9.583036
2026-06-30,11374,9.583028
2026-06-30,11375,9.583019
2026-06-30,11376,9.583011
2026-06-30,11377,9.583003
2026-06-30,11378,9.582995
2026-06-30,11379,9.582986
2026-06-30,11380,9.582978
2026-06-30,11381,9.58297
2026-06-30,11382,9.582962
2026-06-30,11383,9.582953
2026-06-30,11384,9.582945
2026-06-30,11385,9.582937
2026-06-30,11386,9.582929
2026-06-30,11387,9.58292
2026-06-30,11388,9.582912
2026-06-30,11389,9.582904
2026-06-30,11390,9.582896
2026-06-30,11391,9.582887
2026-06-30,11392,9.582879
2026-06-30,11393,9.582871
2026-06-30,11394,9.582862
2026-06-30,11395,9.582854
2026-06-30,11396,9.582846
2026-06-30,11397,9.582838
2026-06-30,11398,9.582829
2026-06-30,11399,9.582821
2026-06-30,11400,9.582813
2026-06-30,11401,9.582805
2026-06-30,11402,9.582796
2026-06-30,11403,9.582788
2026-06-30,11404,9.58278
2026-06-30,11405,9.582772
2026-06-30,11406,9.582763
2026-06-30,11407,9.582755
2026-06-30,11408,9.582747
2026-06-30,11409,9.582739
2026-06-30,11410,9.58273
2026-06-30,11411,9.582722
2026-06-30,11412,9.582714
2026-06-30,11413,9.582706
2026-06-30,11414,9.582697
2026-06-30,11415,9.582689
2026-06-30,11416,9.582681
2026-06-30,11417,9.582672
2026-06-30,11418,9.582664
2026-06-30,11419,9.582656
2026-06-30,11420,9.582648
2026-06-30,11421,9.582639
2026-06-30,11422,9.582631
2026-06-30,11423,9.582623
2026-06-30,11424,9.582615
2026-06-30,11425,9.582606
2026-06-30,11426,9.582598
2026-06-30,11427,9.58259
2026-06-30,11428,9.582582
2026-06-30,11429,9.582573
2026-06-30,11430,9.582565
2026-06-30,11431,9.582557
2026-06-30,11432,9.582549
2026-06-30,11433,9.58254
2026-06-30,11434,9.582532
2026-06-30,11435,9.582524
2026-06-30,11436,9.582516
2026-06-30,11437,9.582507
2026-06-30,11438,9.582499
2026-06-30,11439,9.582491
2026-06-30,11440,9.582482
2026-06-30,11441,9.582474
2026-06-30,11442,9.582466
2026-06-30,11443,9.582458
2026-06-30,11444,9.582449
2026-06-30,11445,9.582441
2026-06-30,11446,9.582433
2026-06-30,11447,9.582425
2026-06-30,11448,9.582416
2026-06-30,11449,9.582408
2026-06-30,11450,9.5824
2026-06-30,11451,9.582392
2026-06-30,11452,9.582383
2026-06-30,11453,9.582375
2026-06-30,11454,9.582367
2026-06-30,11455,9.582359
2026-06-30,11456,9.58235
2026-06-30,11457,9.582342
2026-06-30,11458,9.582334
2026-06-30,11459,9.582326
2026-06-30,11460,9.582317
2026-06-30,11461,9.582309
2026-06-30,11462,9.582301
2026-06-30,11463,9.582292
2026-06-30,11464,9.582284
2026-06-30,11465,9.582276
2026-06-30,11466,9.582268
2026-06-30,11467,9.582259
2026-06-30,11468,9.582251
2026-06-30,11469,9.582243
2026-06-30,11470,9.582235
2026-06-30,11471,9.582226
2026-06-30,11472,9.582218
2026-06-30,11473,9.58221
2026-06-30,11474,9.582202
2026-06-30,11475,9.582193
2026-06-30,11476,9.582185
2026-06-30,11477,9.582177
2026-06-30,11478,9.582169
2026-06-30,11479,9.58216
2026-06-30,11480,9.582152
2026-06-30,11481,9.582144
2026-06-30,11482,9.582136
2026-06-30,11483,9.582127
2026-06-30,11484,9.582119
2026-06-30,11485,9.582111
2026-06-30,11486,9.582102
2026-06-30,11487,9.582094
2026-06-30,11488,9.582086
2026-06-30,11489,9.582078
2026-06-30,11490,9.582069
2026-06-30,11491,9.582061
2026-06-30,11492,9.582053
2026-06-30,11493,9.582045
2026-06-30,11494,9.582036
2026-06-30,11495,9.582028
2026-06-30,11496,9.58202
2026-06-30,11497,9.582012
2026-06-30,11498,9.582003
2026-06-30,11499,9.581995
2026-06-30,11500,9.581987
2026-06-30,11501,9.581979
2026-06-30,11502,9.58197
2026-06-30,11503,9.581962
2026-06-30,11504,9.581954
2026-06-30,11505,9.581946
2026-06-30,11506,9.581937
2026-06-30,11507,9.581929
2026-06-30,11508,9.581921
2026-06-30,11509,9.581912
2026-06-30,11510,9.581904
2026-06-30,11511,9.581896
2026-06-30,11512,9.581888
2026-06-30,11513,9.581879
2026-06-30,11514,9.581871
2026-06-30,11515,9.581863
2026-06-30,11516,9.581855
2026-06-30,11517,9.581846
2026-06-30,11518,9.581838
2026-06-30,11519,9.58183
2026-06-30,11520,9.581822
2026-06-30,11521,9.581813
2026-06-30,11522,9.581805
2026-06-30,11523,9.581797
2026-06-30,11524,9.581789
2026-06-30,11525,9.58178
2026-06-30,11526,9.581772
2026-06-30,11527,9.581764
2026-06-30,11528,9.581756
2026-06-30,11529,9.581747
2026-06-30,11530,9.581739
2026-06-30,11531,9.581731
2026-06-30,11532,9.581722
2026-06-30,11533,9.581714
2026-06-30,11534,9.581706
2026-06-30,11535,9.581698
2026-06-30,11536,9.581689
2026-06-30,11537,9.581681
2026-06-30,11538,9.581673
2026-06-30,11539,9.581665
2026-06-30,11540,9.581656
2026-06-30,11541,9.581648
2026-06-30,11542,9.58164
2026-06-30,11543,9.581632
2026-06-30,11544,9.581623
2026-06-30,11545,9.581615
2026-06-30,11546,9.581607
2026-06-30,11547,9.581599
2026-06-30,11548,9.58159
2026-06-30,11549,9.581582
2026-06-30,11550,9.581574
2026-06-30,11551,9.581566
2026-06-30,11552,9.581557
2026-06-30,11553,9.581549
2026-06-30,11554,9.581541
2026-06-30,11555,9.581532
2026-06-30,11556,9.581524
2026-06-30,11557,9.581516
2026-06-30,11558,9.581508
2026-06-30,11559,9.581499
2026-06-30,11560,9.581491
2026-06-30,11561,9.581483
2026-06-30,11562,9.581475
2026-06-30,11563,9.581466
2026-06-30,11564,9.581458
2026-06-30,11565,9.58145
2026-06-30,11566,9.581442
2026-06-30,11567,9.581433
2026-06-30,11568,9.581425
2026-06-30,11569,9.581417
2026-06-30,11570,9.581409
2026-06-30,11571,9.5814
2026-06-30,11572,9.581392
2026-06-30,11573,9.581384
2026-06-30,11574,9.581376
2026-06-30,11575,9.581367
2026-06-30,11576,9.581359
2026-06-30,11577,9.581351
2026-06-30,11578,9.581342
2026-06-30,11579,9.581334
2026-06-30,11580,9.581326
2026-06-30,11581,9.581318
2026-06-30,11582,9.581309
2026-06-30,11583,9.581301
2026-06-30,11584,9.581293
2026-06-30,11585,9.581285
2026-06-30,11586,9.581276
2026-06-30,11587,9.581268
2026-06-30,11588,9.58126
2026-06-30,11589,9.581252
2026-06-30,11590,9.581243
2026-06-30,11591,9.581235
2026-06-30,11592,9.581227
2026-06-30,11593,9.581219
2026-06-30,11594,9.58121
2026-06-30,11595,9.581202
2026-06-30,11596,9.581194
2026-06-30,11597,9.581186
2026-06-30,11598,9.581177
2026-06-30,11599,9.581169
2026-06-30,11600,9.581161
2026-06-30,11601,9.581152
2026-06-30,11602,9.581144
2026-06-30,11603,9.581136
2026-06-30,11604,9.581128
2026-06-30,11605,9.581119
2026-06-30,11606,9.581111
2026-06-30,11607,9.581103
2026-06-30,11608,9.581095
2026-06-30,11609,9.581086
2026-06-30,11610,9.581078
2026-06-30,11611,9.58107
2026-06-30,11612,9.581062
2026-06-30,11613,9.581053
2026-06-30,11614,9.581045
2026-06-30,11615,9.581037
2026-06-30,11616,9.581029
2026-06-30,11617,9.58102
2026-06-30,11618,9.581012
2026-06-30,11619,9.581004
2026-06-30,11620,9.580996
2026-06-30,11621,9.580987
2026-06-30,11622,9.580979
2026-06-30,11623,9.580971
2026-06-30,11624,9.580962
2026-06-30,11625,9.580954
2026-06-30,11626,9.580946
2026-06-30,11627,9.580938
2026-06-30,11628,9.580929
2026-06-30,11629,9.580921
2026-06-30,11630,9.580913
2026-06-30,11631,9.580905
2026-06-30,11632,9.580896
2026-06-30,11633,9.580888
2026-06-30,11634,9.58088
2026-06-30,11635,9.580872
2026-06-30,11636,9.580863
2026-06-30,11637,9.580855
2026-06-30,11638,9.580847
2026-06-30,11639,9.580839
2026-06-30,11640,9.58083
2026-06-30,11641,9.580822
2026-06-30,11642,9.580814
2026-06-30,11643,9.580806
2026-06-30,11644,9.580797
2026-06-30,11645,9.580789
2026-06-30,11646,9.580781
2026-06-30,11647,9.580772
2026-06-30,11648,9.580764
2026-06-30,11649,9.580756
2026-06-30,11650,9.580748
2026-06-30,11651,9.580739
2026-06-30,11652,9.580731
2026-06-30,11653,9.580723
2026-06-30,11654,9.580715
2026-06-30,11655,9.580706
2026-06-30,11656,9.580698
2026-06-30,11657,9.58069
2026-06-30,11658,9.580682
2026-06-30,11659,9.580673
2026-06-30,11660,9.580665
2026-06-30,11661,9.580657
2026-06-30,11662,9.580649
2026-06-30,11663,9.58064
2026-06-30,11664,9.580632
2026-06-30,11665,9.580624
2026-06-30,11666,9.580616
2026-06-30,11667,9.580607
2026-06-30,11668,9.580599
2026-06-30,11669,9.580591
2026-06-30,11670,9.580582
2026-06-30,11671,9.580574
2026-06-30,11672,9.580566
2026-06-30,11673,9.580558
2026-06-30,11674,9.580549
2026-06-30,11675,9.580541
2026-06-30,11676,9.580533
2026-06-30,11677,9.580525
2026-06-30,11678,9.580516
2026-06-30,11679,9.580508
2026-06-30,11680,9.5805
2026-06-30,11681,9.580492
2026-06-30,11682,9.580483
2026-06-30,11683,9.580475
2026-06-30,11684,9.580467
2026-06-30,11685,9.580459
2026-06-30,11686,9.58045
2026-06-30,11687,9.580442
2026-06-30,11688,9.580434
2026-06-30,11689,9.580425
2026-06-30,11690,9.580417
2026-06-30,11691,9.580409
2026-06-30,11692,9.580401
2026-06-30,11693,9.580392
2026-06-30,11694,9.580384
2026-06-30,11695,9.580376
2026-06-30,11696,9.580368
2026-06-30,11697,9.580359
2026-06-30,11698,9.580351
2026-06-30,11699,9.580343
2026-06-30,11700,9.580335
2026-06-30,11701,9.580326
2026-06-30,11702,9.580318
2026-06-30,11703,9.58031
2026-06-30,11704,9.580302
2026-06-30,11705,9.580293
2026-06-30,11706,9.580285
2026-06-30,11707,9.580277
2026-06-30,11708,9.580269
2026-06-30,11709,9.58026
2026-06-30,11710,9.580252
2026-06-30,11711,9.580244
2026-06-30,11712,9.580235
2026-06-30,11713,9.580227
2026-06-30,11714,9.580219
2026-06-30,11715,9.580211
2026-06-30,11716,9.580202
2026-06-30,11717,9.580194
2026-06-30,11718,9.580186
2026-06-30,11719,9.580178
2026-06-30,11720,9.580169
2026-06-30,11721,9.580161
2026-06-30,11722,9.580153
2026-06-30,11723,9.580145
2026-06-30,11724,9.580136
2026-06-30,11725,9.580128
2026-06-30,11726,9.58012
2026-06-30,11727,9.580112
2026-06-30,11728,9.580103
2026-06-30,11729,9.580095
2026-06-30,11730,9.580087
2026-06-30,11731,9.580079
2026-06-30,11732,9.58007
2026-06-30,11733,9.580062
2026-06-30,11734,9.580054
2026-06-30,11735,9.580045
2026-06-30,11736,9.580037
2026-06-30,11737,9.580029
2026-06-30,11738,9.580021
2026-06-30,11739,9.580012
2026-06-30,11740,9.580004
2026-06-30,11741,9.579996
2026-06-30,11742,9.579988
2026-06-30,11743,9.579979
2026-06-30,11744,9.579971
2026-06-30,11745,9.579963
2026-06-30,11746,9.579955
2026-06-30,11747,9.579946
2026-06-30,11748,9.579938
2026-06-30,11749,9.57993
2026-06-30,11750,9.579922
2026-06-30,11751,9.579913
2026-06-30,11752,9.579905
2026-06-30,11753,9.579897
2026-06-30,11754,9.579889
2026-06-30,11755,9.57988
2026-06-30,11756,9.579872
2026-06-30,11757,9.579864
2026-06-30,11758,9.579855
2026-06-30,11759,9.579847
2026-06-30,11760,9.579839
2026-06-30,11761,9.579831
2026-06-30,11762,9.579822
2026-06-30,11763,9.579814
2026-06-30,11764,9.579806
2026-06-30,11765,9.579798
2026-06-30,11766,9.579789
2026-06-30,11767,9.579781
2026-06-30,11768,9.579773
2026-06-30,11769,9.579765
2026-06-30,11770,9.579756
2026-06-30,11771,9.579748
2026-06-30,11772,9.57974
2026-06-30,11773,9.579732
2026-06-30,11774,9.579723
2026-06-30,11775,9.579715
2026-06-30,11776,9.579707
2026-06-30,11777,9.579699
2026-06-30,11778,9.57969
2026-06-30,11779,9.579682
2026-06-30,11780,9.579674
2026-06-30,11781,9.579665
2026-06-30,11782,9.579657
2026-06-30,11783,9.579649
2026-06-30,11784,9.579641
2026-06-30,11785,9.579632
2026-06-30,11786,9.579624
2026-06-30,11787,9.579616
2026-06-30,11788,9.579608
2026-06-30,11789,9.579599
2026-06-30,11790,9.579591
2026-06-30,11791,9.579583
2026-06-30,11792,9.579575
2026-06-30,11793,9.579566
2026-06-30,11794,9.579558
2026-06-30,11795,9.57955
2026-06-30,11796,9.579542
2026-06-30,11797,9.579533
2026-06-30,11798,9.579525
2026-06-30,11799,9.579517
2026-06-30,11800,9.579509
2026-06-30,11801,9.5795
2026-06-30,11802,9.579492
2026-06-30,11803,9.579484
2026-06-30,11804,9.579475
2026-06-30,11805,9.579467
2026-06-30,11806,9.579459
2026-06-30,11807,9.579451
2026-06-30,11808,9.579442
2026-06-30,11809,9.579434
2026-06-30,11810,9.579426
2026-06-30,11811,9.579418
2026-06-30,11812,9.579409
2026-06-30,11813,9.579401
2026-06-30,11814,9.579393
2026-06-30,11815,9.579385
2026-06-30,11816,9.579376
2026-06-30,11817,9.579368
2026-06-30,11818,9.57936
2026-06-30,11819,9.579352
2026-06-30,11820,9.579343
2026-06-30,11821,9.579335
2026-06-30,11822,9.579327
2026-06-30,11823,9.579319
2026-06-30,11824,9.57931
2026-06-30,11825,9.579302
2026-06-30,11826,9.579294
2026-06-30,11827,9.579285
2026-06-30,11828,9.579277
2026-06-30,11829,9.579269
2026-06-30,11830,9.579261
2026-06-30,11831,9.579252
2026-06-30,11832,9.579244
2026-06-30,11833,9.579236
2026-06-30,11834,9.579228
2026-06-30,11835,9.579219
2026-06-30,11836,9.579211
2026-06-30,11837,9.579203
2026-06-30,11838,9.579195
2026-06-30,11839,9.579186
2026-06-30,11840,9.579178
