FECHA,PLAZO,VALOR
29/04/2016,1,7.958777
29/04/2016,2,7.959662833
29/04/2016,3,7.960548667
29/04/2016,4,7.9614345
29/04/2016,5,7.962320333
29/04/2016,6,7.963206167
29/04/2016,7,7.964092
29/04/2016,8,7.96497781
29/04/2016,9,7.965863619
29/04/2016,10,7.966749429
29/04/2016,11,7.967635238
29/04/2016,12,7.968521048
29/04/2016,13,7.969406857
29/04/2016,14,7.970292667
29/04/2016,15,7.971178476
29/04/2016,16,7.972064286
29/04/2016,17,7.972950095
29/04/2016,18,7.973835905
29/04/2016,19,7.974721714
29/04/2016,20,7.975607524
29/04/2016,21,7.976493333
29/04/2016,22,7.977379143
29/04/2016,23,7.978264952
29/04/2016,24,7.979150762
29/04/2016,25,7.980036571
29/04/2016,26,7.980922381
29/04/2016,27,7.98180819
29/04/2016,28,7.982694
29/04/2016,29,7.975455821
29/04/2016,30,7.968217643
29/04/2016,31,7.960979464
29/04/2016,32,7.953741286
29/04/2016,33,7.946503107
29/04/2016,34,7.939264929
29/04/2016,35,7.93202675
29/04/2016,36,7.924788571
29/04/2016,37,7.917550393
29/04/2016,38,7.910312214
29/04/2016,39,7.903074036
29/04/2016,40,7.895835857
29/04/2016,41,7.888597679
29/04/2016,42,7.8813595
29/04/2016,43,7.874121321
29/04/2016,44,7.866883143
29/04/2016,45,7.859644964
29/04/2016,46,7.852406786
29/04/2016,47,7.845168607
29/04/2016,48,7.837930429
29/04/2016,49,7.83069225
29/04/2016,50,7.823454071
29/04/2016,51,7.816215893
29/04/2016,52,7.808977714
29/04/2016,53,7.801739536
29/04/2016,54,7.794501357
29/04/2016,55,7.787263179
29/04/2016,56,7.780025
29/04/2016,57,7.772786821
29/04/2016,58,7.765548643
29/04/2016,59,7.758310464
29/04/2016,60,7.751072286
29/04/2016,61,7.743834107
29/04/2016,62,7.736595929
29/04/2016,63,7.72935775
29/04/2016,64,7.722119571
29/04/2016,65,7.714881393
29/04/2016,66,7.707643214
29/04/2016,67,7.700405036
29/04/2016,68,7.693166857
29/04/2016,69,7.685928679
29/04/2016,70,7.6786905
29/04/2016,71,7.671452321
29/04/2016,72,7.664214143
29/04/2016,73,7.656975964
29/04/2016,74,7.649737786
29/04/2016,75,7.642499607
29/04/2016,76,7.635261429
29/04/2016,77,7.62802325
29/04/2016,78,7.620785071
29/04/2016,79,7.613546893
29/04/2016,80,7.606308714
29/04/2016,81,7.599070536
29/04/2016,82,7.591832357
29/04/2016,83,7.584594179
29/04/2016,84,7.577356
29/04/2016,85,7.565590429
29/04/2016,86,7.553824857
29/04/2016,87,7.542059286
29/04/2016,88,7.530293714
29/04/2016,89,7.518528143
29/04/2016,90,7.506762571
29/04/2016,91,7.494997
29/04/2016,92,7.483203558
29/04/2016,93,7.471410117
29/04/2016,94,7.459616675
29/04/2016,95,7.447823234
29/04/2016,96,7.436029792
29/04/2016,97,7.424236351
29/04/2016,98,7.412442909
29/04/2016,99,7.400649468
29/04/2016,100,7.388856026
29/04/2016,101,7.377062584
29/04/2016,102,7.365269143
29/04/2016,103,7.353475701
29/04/2016,104,7.34168226
29/04/2016,105,7.329888818
29/04/2016,106,7.318095377
29/04/2016,107,7.306301935
29/04/2016,108,7.294508494
29/04/2016,109,7.282715052
29/04/2016,110,7.27092161
29/04/2016,111,7.259128169
29/04/2016,112,7.247334727
29/04/2016,113,7.235541286
29/04/2016,114,7.223747844
29/04/2016,115,7.211954403
29/04/2016,116,7.200160961
29/04/2016,117,7.188367519
29/04/2016,118,7.176574078
29/04/2016,119,7.164780636
29/04/2016,120,7.152987195
29/04/2016,121,7.141193753
29/04/2016,122,7.129400312
29/04/2016,123,7.11760687
29/04/2016,124,7.105813429
29/04/2016,125,7.094019987
29/04/2016,126,7.082226545
29/04/2016,127,7.070433104
29/04/2016,128,7.058639662
29/04/2016,129,7.046846221
29/04/2016,130,7.035052779
29/04/2016,131,7.023259338
29/04/2016,132,7.011465896
29/04/2016,133,6.999672455
29/04/2016,134,6.987879013
29/04/2016,135,6.976085571
29/04/2016,136,6.96429213
29/04/2016,137,6.952498688
29/04/2016,138,6.940705247
29/04/2016,139,6.928911805
29/04/2016,140,6.917118364
29/04/2016,141,6.905324922
29/04/2016,142,6.893531481
29/04/2016,143,6.881738039
29/04/2016,144,6.869944597
29/04/2016,145,6.858151156
29/04/2016,146,6.846357714
29/04/2016,147,6.834564273
29/04/2016,148,6.822770831
29/04/2016,149,6.81097739
29/04/2016,150,6.799183948
29/04/2016,151,6.787390506
29/04/2016,152,6.775597065
29/04/2016,153,6.763803623
29/04/2016,154,6.752010182
29/04/2016,155,6.74021674
29/04/2016,156,6.728423299
29/04/2016,157,6.716629857
29/04/2016,158,6.704836416
29/04/2016,159,6.693042974
29/04/2016,160,6.681249532
29/04/2016,161,6.669456091
29/04/2016,162,6.657662649
29/04/2016,163,6.645869208
29/04/2016,164,6.634075766
29/04/2016,165,6.622282325
29/04/2016,166,6.610488883
29/04/2016,167,6.598695442
29/04/2016,168,6.586902
29/04/2016,169,6.575078214
29/04/2016,170,6.563254429
29/04/2016,171,6.551430643
29/04/2016,172,6.539606857
29/04/2016,173,6.527783071
29/04/2016,174,6.515959286
29/04/2016,175,6.5041355
29/04/2016,176,6.492311714
29/04/2016,177,6.480487929
29/04/2016,178,6.468664143
29/04/2016,179,6.456840357
29/04/2016,180,6.445016571
29/04/2016,181,6.433192786
29/04/2016,182,6.421369
29/04/2016,183,6.409582516
29/04/2016,184,6.397796033
29/04/2016,185,6.386009549
29/04/2016,186,6.374223066
29/04/2016,187,6.362436582
29/04/2016,188,6.350650099
29/04/2016,189,6.338863615
29/04/2016,190,6.327077132
29/04/2016,191,6.315290648
29/04/2016,192,6.303504165
29/04/2016,193,6.291717681
29/04/2016,194,6.279931198
29/04/2016,195,6.268144714
29/04/2016,196,6.256358231
29/04/2016,197,6.244571747
29/04/2016,198,6.232785264
29/04/2016,199,6.22099878
29/04/2016,200,6.209212297
29/04/2016,201,6.197425813
29/04/2016,202,6.18563933
29/04/2016,203,6.173852846
29/04/2016,204,6.162066363
29/04/2016,205,6.150279879
29/04/2016,206,6.138493396
29/04/2016,207,6.126706912
29/04/2016,208,6.114920429
29/04/2016,209,6.103133945
29/04/2016,210,6.091347462
29/04/2016,211,6.079560978
29/04/2016,212,6.067774495
29/04/2016,213,6.055988011
29/04/2016,214,6.044201527
29/04/2016,215,6.032415044
29/04/2016,216,6.02062856
29/04/2016,217,6.008842077
29/04/2016,218,5.997055593
29/04/2016,219,5.98526911
29/04/2016,220,5.973482626
29/04/2016,221,5.961696143
29/04/2016,222,5.949909659
29/04/2016,223,5.938123176
29/04/2016,224,5.926336692
29/04/2016,225,5.914550209
29/04/2016,226,5.902763725
29/04/2016,227,5.890977242
29/04/2016,228,5.879190758
29/04/2016,229,5.867404275
29/04/2016,230,5.855617791
29/04/2016,231,5.843831308
29/04/2016,232,5.832044824
29/04/2016,233,5.820258341
29/04/2016,234,5.808471857
29/04/2016,235,5.796685374
29/04/2016,236,5.78489889
29/04/2016,237,5.773112407
29/04/2016,238,5.761325923
29/04/2016,239,5.74953944
29/04/2016,240,5.737752956
29/04/2016,241,5.725966473
29/04/2016,242,5.714179989
29/04/2016,243,5.702393505
29/04/2016,244,5.690607022
29/04/2016,245,5.678820538
29/04/2016,246,5.667034055
29/04/2016,247,5.655247571
29/04/2016,248,5.643461088
29/04/2016,249,5.631674604
29/04/2016,250,5.619888121
29/04/2016,251,5.608101637
29/04/2016,252,5.596315154
29/04/2016,253,5.58452867
29/04/2016,254,5.572742187
29/04/2016,255,5.560955703
29/04/2016,256,5.54916922
29/04/2016,257,5.537382736
29/04/2016,258,5.525596253
29/04/2016,259,5.513809769
29/04/2016,260,5.502023286
29/04/2016,261,5.490236802
29/04/2016,262,5.478450319
29/04/2016,263,5.466663835
29/04/2016,264,5.454877352
29/04/2016,265,5.443090868
29/04/2016,266,5.431304385
29/04/2016,267,5.419517901
29/04/2016,268,5.407731418
29/04/2016,269,5.395944934
29/04/2016,270,5.384158451
29/04/2016,271,5.372371967
29/04/2016,272,5.360585484
29/04/2016,273,5.348799
29/04/2016,274,5.337012516
29/04/2016,275,5.325226033
29/04/2016,276,5.313439549
29/04/2016,277,5.301653066
29/04/2016,278,5.289866582
29/04/2016,279,5.278080099
29/04/2016,280,5.266293615
29/04/2016,281,5.254507132
29/04/2016,282,5.242720648
29/04/2016,283,5.230934165
29/04/2016,284,5.219147681
29/04/2016,285,5.207361198
29/04/2016,286,5.195574714
29/04/2016,287,5.183788231
29/04/2016,288,5.172001747
29/04/2016,289,5.160215264
29/04/2016,290,5.14842878
29/04/2016,291,5.136642297
29/04/2016,292,5.124855813
29/04/2016,293,5.11306933
29/04/2016,294,5.101282846
29/04/2016,295,5.089496363
29/04/2016,296,5.077709879
29/04/2016,297,5.065923396
29/04/2016,298,5.054136912
29/04/2016,299,5.042350429
29/04/2016,300,5.030563945
29/04/2016,301,5.018777462
29/04/2016,302,5.006990978
29/04/2016,303,4.995204495
29/04/2016,304,4.983418011
29/04/2016,305,4.971631527
29/04/2016,306,4.959845044
29/04/2016,307,4.94805856
29/04/2016,308,4.936272077
29/04/2016,309,4.924485593
29/04/2016,310,4.91269911
29/04/2016,311,4.900912626
29/04/2016,312,4.889126143
29/04/2016,313,4.877339659
29/04/2016,314,4.865553176
29/04/2016,315,4.853766692
29/04/2016,316,4.841980209
29/04/2016,317,4.830193725
29/04/2016,318,4.818407242
29/04/2016,319,4.806620758
29/04/2016,320,4.794834275
29/04/2016,321,4.783047791
29/04/2016,322,4.771261308
29/04/2016,323,4.759474824
29/04/2016,324,4.747688341
29/04/2016,325,4.735901857
29/04/2016,326,4.724115374
29/04/2016,327,4.71232889
29/04/2016,328,4.700542407
29/04/2016,329,4.688755923
29/04/2016,330,4.67696944
29/04/2016,331,4.665182956
29/04/2016,332,4.653396473
29/04/2016,333,4.641609989
29/04/2016,334,4.629823505
29/04/2016,335,4.618037022
29/04/2016,336,4.606250538
29/04/2016,337,4.594464055
29/04/2016,338,4.582677571
29/04/2016,339,4.570891088
29/04/2016,340,4.559104604
29/04/2016,341,4.547318121
29/04/2016,342,4.535531637
29/04/2016,343,4.523745154
29/04/2016,344,4.51195867
29/04/2016,345,4.500172187
29/04/2016,346,4.488385703
29/04/2016,347,4.47659922
29/04/2016,348,4.464812736
29/04/2016,349,4.453026253
29/04/2016,350,4.441239769
29/04/2016,351,4.429453286
29/04/2016,352,4.417666802
29/04/2016,353,4.405880319
29/04/2016,354,4.394093835
29/04/2016,355,4.382307352
29/04/2016,356,4.370520868
29/04/2016,357,4.358734385
29/04/2016,358,4.346947901
29/04/2016,359,4.335161418
29/04/2016,360,4.323374934
29/04/2016,361,4.311588451
29/04/2016,362,4.299801967
29/04/2016,363,4.288015484
29/04/2016,364,4.276229
29/04/2016,365,4.264381769
29/04/2016,366,4.252534538
29/04/2016,367,4.240687308
29/04/2016,368,4.228840077
29/04/2016,369,4.216992846
29/04/2016,370,4.205145615
29/04/2016,371,4.193298385
29/04/2016,372,4.181451154
29/04/2016,373,4.169603923
29/04/2016,374,4.157756692
29/04/2016,375,4.145909462
29/04/2016,376,4.134062231
29/04/2016,377,4.122215
29/04/2016,378,4.110367769
29/04/2016,379,4.098520538
29/04/2016,380,4.086673308
29/04/2016,381,4.074826077
29/04/2016,382,4.062978846
29/04/2016,383,4.051131615
29/04/2016,384,4.039284385
29/04/2016,385,4.027437154
29/04/2016,386,4.015589923
29/04/2016,387,4.003742692
29/04/2016,388,3.991895462
29/04/2016,389,3.980048231
29/04/2016,390,3.968201
29/04/2016,391,3.956353769
29/04/2016,392,3.944506538
29/04/2016,393,3.932659308
29/04/2016,394,3.920812077
29/04/2016,395,3.908964846
29/04/2016,396,3.897117615
29/04/2016,397,3.885270385
29/04/2016,398,3.873423154
29/04/2016,399,3.861575923
29/04/2016,400,3.849728692
29/04/2016,401,3.837881462
29/04/2016,402,3.826034231
29/04/2016,403,3.814187
29/04/2016,404,3.802339769
29/04/2016,405,3.790492538
29/04/2016,406,3.778645308
29/04/2016,407,3.766798077
29/04/2016,408,3.754950846
29/04/2016,409,3.743103615
29/04/2016,410,3.731256385
29/04/2016,411,3.719409154
29/04/2016,412,3.707561923
29/04/2016,413,3.695714692
29/04/2016,414,3.683867462
29/04/2016,415,3.672020231
29/04/2016,416,3.660173
29/04/2016,417,3.648325769
29/04/2016,418,3.636478538
29/04/2016,419,3.624631308
29/04/2016,420,3.612784077
29/04/2016,421,3.600936846
29/04/2016,422,3.589089615
29/04/2016,423,3.577242385
29/04/2016,424,3.565395154
29/04/2016,425,3.553547923
29/04/2016,426,3.541700692
29/04/2016,427,3.529853462
29/04/2016,428,3.518006231
29/04/2016,429,3.506159
29/04/2016,430,3.494311769
29/04/2016,431,3.482464538
29/04/2016,432,3.470617308
29/04/2016,433,3.458770077
29/04/2016,434,3.446922846
29/04/2016,435,3.435075615
29/04/2016,436,3.423228385
29/04/2016,437,3.411381154
29/04/2016,438,3.399533923
29/04/2016,439,3.387686692
29/04/2016,440,3.375839462
29/04/2016,441,3.363992231
29/04/2016,442,3.352145
29/04/2016,443,3.340297769
29/04/2016,444,3.328450538
29/04/2016,445,3.316603308
29/04/2016,446,3.304756077
29/04/2016,447,3.292908846
29/04/2016,448,3.281061615
29/04/2016,449,3.269214385
29/04/2016,450,3.257367154
29/04/2016,451,3.245519923
29/04/2016,452,3.233672692
29/04/2016,453,3.221825462
29/04/2016,454,3.209978231
29/04/2016,455,3.198131
29/04/2016,456,3.186283769
29/04/2016,457,3.174436538
29/04/2016,458,3.162589308
29/04/2016,459,3.150742077
29/04/2016,460,3.138894846
29/04/2016,461,3.127047615
29/04/2016,462,3.115200385
29/04/2016,463,3.103353154
29/04/2016,464,3.091505923
29/04/2016,465,3.079658692
29/04/2016,466,3.067811462
29/04/2016,467,3.055964231
29/04/2016,468,3.044117
29/04/2016,469,3.032269769
29/04/2016,470,3.020422538
29/04/2016,471,3.008575308
29/04/2016,472,2.996728077
29/04/2016,473,2.984880846
29/04/2016,474,2.973033615
29/04/2016,475,2.961186385
29/04/2016,476,2.949339154
29/04/2016,477,2.937491923
29/04/2016,478,2.925644692
29/04/2016,479,2.913797462
29/04/2016,480,2.901950231
29/04/2016,481,2.890103
29/04/2016,482,2.878255769
29/04/2016,483,2.866408538
29/04/2016,484,2.854561308
29/04/2016,485,2.842714077
29/04/2016,486,2.830866846
29/04/2016,487,2.819019615
29/04/2016,488,2.807172385
29/04/2016,489,2.795325154
29/04/2016,490,2.783477923
29/04/2016,491,2.771630692
29/04/2016,492,2.759783462
29/04/2016,493,2.747936231
29/04/2016,494,2.736089
29/04/2016,495,2.724241769
29/04/2016,496,2.712394538
29/04/2016,497,2.700547308
29/04/2016,498,2.688700077
29/04/2016,499,2.676852846
29/04/2016,500,2.665005615
29/04/2016,501,2.653158385
29/04/2016,502,2.641311154
29/04/2016,503,2.629463923
29/04/2016,504,2.617616692
29/04/2016,505,2.605769462
29/04/2016,506,2.593922231
29/04/2016,507,2.582075
29/04/2016,508,2.570227769
29/04/2016,509,2.558380538
29/04/2016,510,2.546533308
29/04/2016,511,2.534686077
29/04/2016,512,2.522838846
29/04/2016,513,2.510991615
29/04/2016,514,2.499144385
29/04/2016,515,2.487297154
29/04/2016,516,2.475449923
29/04/2016,517,2.463602692
29/04/2016,518,2.451755462
29/04/2016,519,2.439908231
29/04/2016,520,2.428061
29/04/2016,521,2.416213769
29/04/2016,522,2.404366538
29/04/2016,523,2.392519308
29/04/2016,524,2.380672077
29/04/2016,525,2.368824846
29/04/2016,526,2.356977615
29/04/2016,527,2.345130385
29/04/2016,528,2.333283154
29/04/2016,529,2.321435923
29/04/2016,530,2.309588692
29/04/2016,531,2.297741462
29/04/2016,532,2.285894231
29/04/2016,533,2.274047
29/04/2016,534,2.262199769
29/04/2016,535,2.250352538
29/04/2016,536,2.238505308
29/04/2016,537,2.226658077
29/04/2016,538,2.214810846
29/04/2016,539,2.202963615
29/04/2016,540,2.191116385
29/04/2016,541,2.179269154
29/04/2016,542,2.167421923
29/04/2016,543,2.155574692
29/04/2016,544,2.143727462
29/04/2016,545,2.131880231
29/04/2016,546,2.120033
29/04/2016,547,2.11777217
29/04/2016,548,2.115511341
29/04/2016,549,2.113250511
29/04/2016,550,2.110989681
29/04/2016,551,2.108728852
29/04/2016,552,2.106468022
29/04/2016,553,2.104207192
29/04/2016,554,2.101946363
29/04/2016,555,2.099685533
29/04/2016,556,2.097424703
29/04/2016,557,2.095163874
29/04/2016,558,2.092903044
29/04/2016,559,2.090642214
29/04/2016,560,2.088381385
29/04/2016,561,2.086120555
29/04/2016,562,2.083859725
29/04/2016,563,2.081598896
29/04/2016,564,2.079338066
29/04/2016,565,2.077077236
29/04/2016,566,2.074816407
29/04/2016,567,2.072555577
29/04/2016,568,2.070294747
29/04/2016,569,2.068033918
29/04/2016,570,2.065773088
29/04/2016,571,2.063512258
29/04/2016,572,2.061251429
29/04/2016,573,2.058990599
29/04/2016,574,2.056729769
29/04/2016,575,2.05446894
29/04/2016,576,2.05220811
29/04/2016,577,2.04994728
29/04/2016,578,2.047686451
29/04/2016,579,2.045425621
29/04/2016,580,2.043164791
29/04/2016,581,2.040903962
29/04/2016,582,2.038643132
29/04/2016,583,2.036382302
29/04/2016,584,2.034121473
29/04/2016,585,2.031860643
29/04/2016,586,2.029599813
29/04/2016,587,2.027338984
29/04/2016,588,2.025078154
29/04/2016,589,2.022817324
29/04/2016,590,2.020556495
29/04/2016,591,2.018295665
29/04/2016,592,2.016034835
29/04/2016,593,2.013774005
29/04/2016,594,2.011513176
29/04/2016,595,2.009252346
29/04/2016,596,2.006991516
29/04/2016,597,2.004730687
29/04/2016,598,2.002469857
29/04/2016,599,2.000209027
29/04/2016,600,1.997948198
29/04/2016,601,1.995687368
29/04/2016,602,1.993426538
29/04/2016,603,1.991165709
29/04/2016,604,1.988904879
29/04/2016,605,1.986644049
29/04/2016,606,1.98438322
29/04/2016,607,1.98212239
29/04/2016,608,1.97986156
29/04/2016,609,1.977600731
29/04/2016,610,1.975339901
29/04/2016,611,1.973079071
29/04/2016,612,1.970818242
29/04/2016,613,1.968557412
29/04/2016,614,1.966296582
29/04/2016,615,1.964035753
29/04/2016,616,1.961774923
29/04/2016,617,1.959514093
29/04/2016,618,1.957253264
29/04/2016,619,1.954992434
29/04/2016,620,1.952731604
29/04/2016,621,1.950470775
29/04/2016,622,1.948209945
29/04/2016,623,1.945949115
29/04/2016,624,1.943688286
29/04/2016,625,1.941427456
29/04/2016,626,1.939166626
29/04/2016,627,1.936905797
29/04/2016,628,1.934644967
29/04/2016,629,1.932384137
29/04/2016,630,1.930123308
29/04/2016,631,1.927862478
29/04/2016,632,1.925601648
29/04/2016,633,1.923340819
29/04/2016,634,1.921079989
29/04/2016,635,1.918819159
29/04/2016,636,1.91655833
29/04/2016,637,1.9142975
29/04/2016,638,1.91203667
29/04/2016,639,1.909775841
29/04/2016,640,1.907515011
29/04/2016,641,1.905254181
29/04/2016,642,1.902993352
29/04/2016,643,1.900732522
29/04/2016,644,1.898471692
29/04/2016,645,1.896210863
29/04/2016,646,1.893950033
29/04/2016,647,1.891689203
29/04/2016,648,1.889428374
29/04/2016,649,1.887167544
29/04/2016,650,1.884906714
29/04/2016,651,1.882645885
29/04/2016,652,1.880385055
29/04/2016,653,1.878124225
29/04/2016,654,1.875863396
29/04/2016,655,1.873602566
29/04/2016,656,1.871341736
29/04/2016,657,1.869080907
29/04/2016,658,1.866820077
29/04/2016,659,1.864559247
29/04/2016,660,1.862298418
29/04/2016,661,1.860037588
29/04/2016,662,1.857776758
29/04/2016,663,1.855515929
29/04/2016,664,1.853255099
29/04/2016,665,1.850994269
29/04/2016,666,1.84873344
29/04/2016,667,1.84647261
29/04/2016,668,1.84421178
29/04/2016,669,1.841950951
29/04/2016,670,1.839690121
29/04/2016,671,1.837429291
29/04/2016,672,1.835168462
29/04/2016,673,1.832907632
29/04/2016,674,1.830646802
29/04/2016,675,1.828385973
29/04/2016,676,1.826125143
29/04/2016,677,1.823864313
29/04/2016,678,1.821603484
29/04/2016,679,1.819342654
29/04/2016,680,1.817081824
29/04/2016,681,1.814820995
29/04/2016,682,1.812560165
29/04/2016,683,1.810299335
29/04/2016,684,1.808038505
29/04/2016,685,1.805777676
29/04/2016,686,1.803516846
29/04/2016,687,1.801256016
29/04/2016,688,1.798995187
29/04/2016,689,1.796734357
29/04/2016,690,1.794473527
29/04/2016,691,1.792212698
29/04/2016,692,1.789951868
29/04/2016,693,1.787691038
29/04/2016,694,1.785430209
29/04/2016,695,1.783169379
29/04/2016,696,1.780908549
29/04/2016,697,1.77864772
29/04/2016,698,1.77638689
29/04/2016,699,1.77412606
29/04/2016,700,1.771865231
29/04/2016,701,1.769604401
29/04/2016,702,1.767343571
29/04/2016,703,1.765082742
29/04/2016,704,1.762821912
29/04/2016,705,1.760561082
29/04/2016,706,1.758300253
29/04/2016,707,1.756039423
29/04/2016,708,1.753778593
29/04/2016,709,1.751517764
29/04/2016,710,1.749256934
29/04/2016,711,1.746996104
29/04/2016,712,1.744735275
29/04/2016,713,1.742474445
29/04/2016,714,1.740213615
29/04/2016,715,1.737952786
29/04/2016,716,1.735691956
29/04/2016,717,1.733431126
29/04/2016,718,1.731170297
29/04/2016,719,1.728909467
29/04/2016,720,1.726648637
29/04/2016,721,1.724387808
29/04/2016,722,1.722126978
29/04/2016,723,1.719866148
29/04/2016,724,1.717605319
29/04/2016,725,1.715344489
29/04/2016,726,1.713083659
29/04/2016,727,1.71082283
29/04/2016,728,1.708562
29/04/2016,729,1.709767473
29/04/2016,730,1.710972945
29/04/2016,731,1.712178418
29/04/2016,732,1.71338389
29/04/2016,733,1.714589363
29/04/2016,734,1.715794835
29/04/2016,735,1.717000308
29/04/2016,736,1.71820578
29/04/2016,737,1.719411253
29/04/2016,738,1.720616725
29/04/2016,739,1.721822198
29/04/2016,740,1.72302767
29/04/2016,741,1.724233143
29/04/2016,742,1.725438615
29/04/2016,743,1.726644088
29/04/2016,744,1.72784956
29/04/2016,745,1.729055033
29/04/2016,746,1.730260505
29/04/2016,747,1.731465978
29/04/2016,748,1.732671451
29/04/2016,749,1.733876923
29/04/2016,750,1.735082396
29/04/2016,751,1.736287868
29/04/2016,752,1.737493341
29/04/2016,753,1.738698813
29/04/2016,754,1.739904286
29/04/2016,755,1.741109758
29/04/2016,756,1.742315231
29/04/2016,757,1.743520703
29/04/2016,758,1.744726176
29/04/2016,759,1.745931648
29/04/2016,760,1.747137121
29/04/2016,761,1.748342593
29/04/2016,762,1.749548066
29/04/2016,763,1.750753538
29/04/2016,764,1.751959011
29/04/2016,765,1.753164484
29/04/2016,766,1.754369956
29/04/2016,767,1.755575429
29/04/2016,768,1.756780901
29/04/2016,769,1.757986374
29/04/2016,770,1.759191846
29/04/2016,771,1.760397319
29/04/2016,772,1.761602791
29/04/2016,773,1.762808264
29/04/2016,774,1.764013736
29/04/2016,775,1.765219209
29/04/2016,776,1.766424681
29/04/2016,777,1.767630154
29/04/2016,778,1.768835626
29/04/2016,779,1.770041099
29/04/2016,780,1.771246571
29/04/2016,781,1.772452044
29/04/2016,782,1.773657516
29/04/2016,783,1.774862989
29/04/2016,784,1.776068462
29/04/2016,785,1.777273934
29/04/2016,786,1.778479407
29/04/2016,787,1.779684879
29/04/2016,788,1.780890352
29/04/2016,789,1.782095824
29/04/2016,790,1.783301297
29/04/2016,791,1.784506769
29/04/2016,792,1.785712242
29/04/2016,793,1.786917714
29/04/2016,794,1.788123187
29/04/2016,795,1.789328659
29/04/2016,796,1.790534132
29/04/2016,797,1.791739604
29/04/2016,798,1.792945077
29/04/2016,799,1.794150549
29/04/2016,800,1.795356022
29/04/2016,801,1.796561495
29/04/2016,802,1.797766967
29/04/2016,803,1.79897244
29/04/2016,804,1.800177912
29/04/2016,805,1.801383385
29/04/2016,806,1.802588857
29/04/2016,807,1.80379433
29/04/2016,808,1.804999802
29/04/2016,809,1.806205275
29/04/2016,810,1.807410747
29/04/2016,811,1.80861622
29/04/2016,812,1.809821692
29/04/2016,813,1.811027165
29/04/2016,814,1.812232637
29/04/2016,815,1.81343811
29/04/2016,816,1.814643582
29/04/2016,817,1.815849055
29/04/2016,818,1.817054527
29/04/2016,819,1.81826
29/04/2016,820,1.819465473
29/04/2016,821,1.820670945
29/04/2016,822,1.821876418
29/04/2016,823,1.82308189
29/04/2016,824,1.824287363
29/04/2016,825,1.825492835
29/04/2016,826,1.826698308
29/04/2016,827,1.82790378
29/04/2016,828,1.829109253
29/04/2016,829,1.830314725
29/04/2016,830,1.831520198
29/04/2016,831,1.83272567
29/04/2016,832,1.833931143
29/04/2016,833,1.835136615
29/04/2016,834,1.836342088
29/04/2016,835,1.83754756
29/04/2016,836,1.838753033
29/04/2016,837,1.839958505
29/04/2016,838,1.841163978
29/04/2016,839,1.842369451
29/04/2016,840,1.843574923
29/04/2016,841,1.844780396
29/04/2016,842,1.845985868
29/04/2016,843,1.847191341
29/04/2016,844,1.848396813
29/04/2016,845,1.849602286
29/04/2016,846,1.850807758
29/04/2016,847,1.852013231
29/04/2016,848,1.853218703
29/04/2016,849,1.854424176
29/04/2016,850,1.855629648
29/04/2016,851,1.856835121
29/04/2016,852,1.858040593
29/04/2016,853,1.859246066
29/04/2016,854,1.860451538
29/04/2016,855,1.861657011
29/04/2016,856,1.862862484
29/04/2016,857,1.864067956
29/04/2016,858,1.865273429
29/04/2016,859,1.866478901
29/04/2016,860,1.867684374
29/04/2016,861,1.868889846
29/04/2016,862,1.870095319
29/04/2016,863,1.871300791
29/04/2016,864,1.872506264
29/04/2016,865,1.873711736
29/04/2016,866,1.874917209
29/04/2016,867,1.876122681
29/04/2016,868,1.877328154
29/04/2016,869,1.878533626
29/04/2016,870,1.879739099
29/04/2016,871,1.880944571
29/04/2016,872,1.882150044
29/04/2016,873,1.883355516
29/04/2016,874,1.884560989
29/04/2016,875,1.885766462
29/04/2016,876,1.886971934
29/04/2016,877,1.888177407
29/04/2016,878,1.889382879
29/04/2016,879,1.890588352
29/04/2016,880,1.891793824
29/04/2016,881,1.892999297
29/04/2016,882,1.894204769
29/04/2016,883,1.895410242
29/04/2016,884,1.896615714
29/04/2016,885,1.897821187
29/04/2016,886,1.899026659
29/04/2016,887,1.900232132
29/04/2016,888,1.901437604
29/04/2016,889,1.902643077
29/04/2016,890,1.903848549
29/04/2016,891,1.905054022
29/04/2016,892,1.906259495
29/04/2016,893,1.907464967
29/04/2016,894,1.90867044
29/04/2016,895,1.909875912
29/04/2016,896,1.911081385
29/04/2016,897,1.912286857
29/04/2016,898,1.91349233
29/04/2016,899,1.914697802
29/04/2016,900,1.915903275
29/04/2016,901,1.917108747
29/04/2016,902,1.91831422
29/04/2016,903,1.919519692
29/04/2016,904,1.920725165
29/04/2016,905,1.921930637
29/04/2016,906,1.92313611
29/04/2016,907,1.924341582
29/04/2016,908,1.925547055
29/04/2016,909,1.926752527
29/04/2016,910,1.927958
29/04/2016,911,1.92914222
29/04/2016,912,1.93032644
29/04/2016,913,1.931510659
29/04/2016,914,1.932694879
29/04/2016,915,1.933879099
29/04/2016,916,1.935063319
29/04/2016,917,1.936247538
29/04/2016,918,1.937431758
29/04/2016,919,1.938615978
29/04/2016,920,1.939800198
29/04/2016,921,1.940984418
29/04/2016,922,1.942168637
29/04/2016,923,1.943352857
29/04/2016,924,1.944537077
29/04/2016,925,1.945721297
29/04/2016,926,1.946905516
29/04/2016,927,1.948089736
29/04/2016,928,1.949273956
29/04/2016,929,1.950458176
29/04/2016,930,1.951642396
29/04/2016,931,1.952826615
29/04/2016,932,1.954010835
29/04/2016,933,1.955195055
29/04/2016,934,1.956379275
29/04/2016,935,1.957563495
29/04/2016,936,1.958747714
29/04/2016,937,1.959931934
29/04/2016,938,1.961116154
29/04/2016,939,1.962300374
29/04/2016,940,1.963484593
29/04/2016,941,1.964668813
29/04/2016,942,1.965853033
29/04/2016,943,1.967037253
29/04/2016,944,1.968221473
29/04/2016,945,1.969405692
29/04/2016,946,1.970589912
29/04/2016,947,1.971774132
29/04/2016,948,1.972958352
29/04/2016,949,1.974142571
29/04/2016,950,1.975326791
29/04/2016,951,1.976511011
29/04/2016,952,1.977695231
29/04/2016,953,1.978879451
29/04/2016,954,1.98006367
29/04/2016,955,1.98124789
29/04/2016,956,1.98243211
29/04/2016,957,1.98361633
29/04/2016,958,1.984800549
29/04/2016,959,1.985984769
29/04/2016,960,1.987168989
29/04/2016,961,1.988353209
29/04/2016,962,1.989537429
29/04/2016,963,1.990721648
29/04/2016,964,1.991905868
29/04/2016,965,1.993090088
29/04/2016,966,1.994274308
29/04/2016,967,1.995458527
29/04/2016,968,1.996642747
29/04/2016,969,1.997826967
29/04/2016,970,1.999011187
29/04/2016,971,2.000195407
29/04/2016,972,2.001379626
29/04/2016,973,2.002563846
29/04/2016,974,2.003748066
29/04/2016,975,2.004932286
29/04/2016,976,2.006116505
29/04/2016,977,2.007300725
29/04/2016,978,2.008484945
29/04/2016,979,2.009669165
29/04/2016,980,2.010853385
29/04/2016,981,2.012037604
29/04/2016,982,2.013221824
29/04/2016,983,2.014406044
29/04/2016,984,2.015590264
29/04/2016,985,2.016774484
29/04/2016,986,2.017958703
29/04/2016,987,2.019142923
29/04/2016,988,2.020327143
29/04/2016,989,2.021511363
29/04/2016,990,2.022695582
29/04/2016,991,2.023879802
29/04/2016,992,2.025064022
29/04/2016,993,2.026248242
29/04/2016,994,2.027432462
29/04/2016,995,2.028616681
29/04/2016,996,2.029800901
29/04/2016,997,2.030985121
29/04/2016,998,2.032169341
29/04/2016,999,2.03335356
29/04/2016,1000,2.03453778
29/04/2016,1001,2.035722
29/04/2016,1002,2.03690622
29/04/2016,1003,2.03809044
29/04/2016,1004,2.039274659
29/04/2016,1005,2.040458879
29/04/2016,1006,2.041643099
29/04/2016,1007,2.042827319
29/04/2016,1008,2.044011538
29/04/2016,1009,2.045195758
29/04/2016,1010,2.046379978
29/04/2016,1011,2.047564198
29/04/2016,1012,2.048748418
29/04/2016,1013,2.049932637
29/04/2016,1014,2.051116857
29/04/2016,1015,2.052301077
29/04/2016,1016,2.053485297
29/04/2016,1017,2.054669516
29/04/2016,1018,2.055853736
29/04/2016,1019,2.057037956
29/04/2016,1020,2.058222176
29/04/2016,1021,2.059406396
29/04/2016,1022,2.060590615
29/04/2016,1023,2.061774835
29/04/2016,1024,2.062959055
29/04/2016,1025,2.064143275
29/04/2016,1026,2.065327495
29/04/2016,1027,2.066511714
29/04/2016,1028,2.067695934
29/04/2016,1029,2.068880154
29/04/2016,1030,2.070064374
29/04/2016,1031,2.071248593
29/04/2016,1032,2.072432813
29/04/2016,1033,2.073617033
29/04/2016,1034,2.074801253
29/04/2016,1035,2.075985473
29/04/2016,1036,2.077169692
29/04/2016,1037,2.078353912
29/04/2016,1038,2.079538132
29/04/2016,1039,2.080722352
29/04/2016,1040,2.081906571
29/04/2016,1041,2.083090791
29/04/2016,1042,2.084275011
29/04/2016,1043,2.085459231
29/04/2016,1044,2.086643451
29/04/2016,1045,2.08782767
29/04/2016,1046,2.08901189
29/04/2016,1047,2.09019611
29/04/2016,1048,2.09138033
29/04/2016,1049,2.092564549
29/04/2016,1050,2.093748769
29/04/2016,1051,2.094932989
29/04/2016,1052,2.096117209
29/04/2016,1053,2.097301429
29/04/2016,1054,2.098485648
29/04/2016,1055,2.099669868
29/04/2016,1056,2.100854088
29/04/2016,1057,2.102038308
29/04/2016,1058,2.103222527
29/04/2016,1059,2.104406747
29/04/2016,1060,2.105590967
29/04/2016,1061,2.106775187
29/04/2016,1062,2.107959407
29/04/2016,1063,2.109143626
29/04/2016,1064,2.110327846
29/04/2016,1065,2.111512066
29/04/2016,1066,2.112696286
29/04/2016,1067,2.113880505
29/04/2016,1068,2.115064725
29/04/2016,1069,2.116248945
29/04/2016,1070,2.117433165
29/04/2016,1071,2.118617385
29/04/2016,1072,2.119801604
29/04/2016,1073,2.120985824
29/04/2016,1074,2.122170044
29/04/2016,1075,2.123354264
29/04/2016,1076,2.124538484
29/04/2016,1077,2.125722703
29/04/2016,1078,2.126906923
29/04/2016,1079,2.128091143
29/04/2016,1080,2.129275363
29/04/2016,1081,2.130459582
29/04/2016,1082,2.131643802
29/04/2016,1083,2.132828022
29/04/2016,1084,2.134012242
29/04/2016,1085,2.135196462
29/04/2016,1086,2.136380681
29/04/2016,1087,2.137564901
29/04/2016,1088,2.138749121
29/04/2016,1089,2.139933341
29/04/2016,1090,2.14111756
29/04/2016,1091,2.14230178
29/04/2016,1092,2.143486
29/04/2016,1093,2.144012341
29/04/2016,1094,2.144538681
29/04/2016,1095,2.145065022
29/04/2016,1096,2.145591363
29/04/2016,1097,2.146117703
29/04/2016,1098,2.146644044
29/04/2016,1099,2.147170385
29/04/2016,1100,2.147696725
29/04/2016,1101,2.148223066
29/04/2016,1102,2.148749407
29/04/2016,1103,2.149275747
29/04/2016,1104,2.149802088
29/04/2016,1105,2.150328429
29/04/2016,1106,2.150854769
29/04/2016,1107,2.15138111
29/04/2016,1108,2.151907451
29/04/2016,1109,2.152433791
29/04/2016,1110,2.152960132
29/04/2016,1111,2.153486473
29/04/2016,1112,2.154012813
29/04/2016,1113,2.154539154
29/04/2016,1114,2.155065495
29/04/2016,1115,2.155591835
29/04/2016,1116,2.156118176
29/04/2016,1117,2.156644516
29/04/2016,1118,2.157170857
29/04/2016,1119,2.157697198
29/04/2016,1120,2.158223538
29/04/2016,1121,2.158749879
29/04/2016,1122,2.15927622
29/04/2016,1123,2.15980256
29/04/2016,1124,2.160328901
29/04/2016,1125,2.160855242
29/04/2016,1126,2.161381582
29/04/2016,1127,2.161907923
29/04/2016,1128,2.162434264
29/04/2016,1129,2.162960604
29/04/2016,1130,2.163486945
29/04/2016,1131,2.164013286
29/04/2016,1132,2.164539626
29/04/2016,1133,2.165065967
29/04/2016,1134,2.165592308
29/04/2016,1135,2.166118648
29/04/2016,1136,2.166644989
29/04/2016,1137,2.16717133
29/04/2016,1138,2.16769767
29/04/2016,1139,2.168224011
29/04/2016,1140,2.168750352
29/04/2016,1141,2.169276692
29/04/2016,1142,2.169803033
29/04/2016,1143,2.170329374
29/04/2016,1144,2.170855714
29/04/2016,1145,2.171382055
29/04/2016,1146,2.171908396
29/04/2016,1147,2.172434736
29/04/2016,1148,2.172961077
29/04/2016,1149,2.173487418
29/04/2016,1150,2.174013758
29/04/2016,1151,2.174540099
29/04/2016,1152,2.17506644
29/04/2016,1153,2.17559278
29/04/2016,1154,2.176119121
29/04/2016,1155,2.176645462
29/04/2016,1156,2.177171802
29/04/2016,1157,2.177698143
29/04/2016,1158,2.178224484
29/04/2016,1159,2.178750824
29/04/2016,1160,2.179277165
29/04/2016,1161,2.179803505
29/04/2016,1162,2.180329846
29/04/2016,1163,2.180856187
29/04/2016,1164,2.181382527
29/04/2016,1165,2.181908868
29/04/2016,1166,2.182435209
29/04/2016,1167,2.182961549
29/04/2016,1168,2.18348789
29/04/2016,1169,2.184014231
29/04/2016,1170,2.184540571
29/04/2016,1171,2.185066912
29/04/2016,1172,2.185593253
29/04/2016,1173,2.186119593
29/04/2016,1174,2.186645934
29/04/2016,1175,2.187172275
29/04/2016,1176,2.187698615
29/04/2016,1177,2.188224956
29/04/2016,1178,2.188751297
29/04/2016,1179,2.189277637
29/04/2016,1180,2.189803978
29/04/2016,1181,2.190330319
29/04/2016,1182,2.190856659
29/04/2016,1183,2.191383
29/04/2016,1184,2.191909341
29/04/2016,1185,2.192435681
29/04/2016,1186,2.192962022
29/04/2016,1187,2.193488363
29/04/2016,1188,2.194014703
29/04/2016,1189,2.194541044
29/04/2016,1190,2.195067385
29/04/2016,1191,2.195593725
29/04/2016,1192,2.196120066
29/04/2016,1193,2.196646407
29/04/2016,1194,2.197172747
29/04/2016,1195,2.197699088
29/04/2016,1196,2.198225429
29/04/2016,1197,2.198751769
29/04/2016,1198,2.19927811
29/04/2016,1199,2.199804451
29/04/2016,1200,2.200330791
29/04/2016,1201,2.200857132
29/04/2016,1202,2.201383473
29/04/2016,1203,2.201909813
29/04/2016,1204,2.202436154
29/04/2016,1205,2.202962495
29/04/2016,1206,2.203488835
29/04/2016,1207,2.204015176
29/04/2016,1208,2.204541516
29/04/2016,1209,2.205067857
29/04/2016,1210,2.205594198
29/04/2016,1211,2.206120538
29/04/2016,1212,2.206646879
29/04/2016,1213,2.20717322
29/04/2016,1214,2.20769956
29/04/2016,1215,2.208225901
29/04/2016,1216,2.208752242
29/04/2016,1217,2.209278582
29/04/2016,1218,2.209804923
29/04/2016,1219,2.210331264
29/04/2016,1220,2.210857604
29/04/2016,1221,2.211383945
29/04/2016,1222,2.211910286
29/04/2016,1223,2.212436626
29/04/2016,1224,2.212962967
29/04/2016,1225,2.213489308
29/04/2016,1226,2.214015648
29/04/2016,1227,2.214541989
29/04/2016,1228,2.21506833
29/04/2016,1229,2.21559467
29/04/2016,1230,2.216121011
29/04/2016,1231,2.216647352
29/04/2016,1232,2.217173692
29/04/2016,1233,2.217700033
29/04/2016,1234,2.218226374
29/04/2016,1235,2.218752714
29/04/2016,1236,2.219279055
29/04/2016,1237,2.219805396
29/04/2016,1238,2.220331736
29/04/2016,1239,2.220858077
29/04/2016,1240,2.221384418
29/04/2016,1241,2.221910758
29/04/2016,1242,2.222437099
29/04/2016,1243,2.22296344
29/04/2016,1244,2.22348978
29/04/2016,1245,2.224016121
29/04/2016,1246,2.224542462
29/04/2016,1247,2.225068802
29/04/2016,1248,2.225595143
29/04/2016,1249,2.226121484
29/04/2016,1250,2.226647824
29/04/2016,1251,2.227174165
29/04/2016,1252,2.227700505
29/04/2016,1253,2.228226846
29/04/2016,1254,2.228753187
29/04/2016,1255,2.229279527
29/04/2016,1256,2.229805868
29/04/2016,1257,2.230332209
29/04/2016,1258,2.230858549
29/04/2016,1259,2.23138489
29/04/2016,1260,2.231911231
29/04/2016,1261,2.232437571
29/04/2016,1262,2.232963912
29/04/2016,1263,2.233490253
29/04/2016,1264,2.234016593
29/04/2016,1265,2.234542934
29/04/2016,1266,2.235069275
29/04/2016,1267,2.235595615
29/04/2016,1268,2.236121956
29/04/2016,1269,2.236648297
29/04/2016,1270,2.237174637
29/04/2016,1271,2.237700978
29/04/2016,1272,2.238227319
29/04/2016,1273,2.238753659
29/04/2016,1274,2.23928
29/04/2016,1275,2.239565681
29/04/2016,1276,2.239851363
29/04/2016,1277,2.240137044
29/04/2016,1278,2.240422725
29/04/2016,1279,2.240708407
29/04/2016,1280,2.240994088
29/04/2016,1281,2.241279769
29/04/2016,1282,2.241565451
29/04/2016,1283,2.241851132
29/04/2016,1284,2.242136813
29/04/2016,1285,2.242422495
29/04/2016,1286,2.242708176
29/04/2016,1287,2.242993857
29/04/2016,1288,2.243279538
29/04/2016,1289,2.24356522
29/04/2016,1290,2.243850901
29/04/2016,1291,2.244136582
29/04/2016,1292,2.244422264
29/04/2016,1293,2.244707945
29/04/2016,1294,2.244993626
29/04/2016,1295,2.245279308
29/04/2016,1296,2.245564989
29/04/2016,1297,2.24585067
29/04/2016,1298,2.246136352
29/04/2016,1299,2.246422033
29/04/2016,1300,2.246707714
29/04/2016,1301,2.246993396
29/04/2016,1302,2.247279077
29/04/2016,1303,2.247564758
29/04/2016,1304,2.24785044
29/04/2016,1305,2.248136121
29/04/2016,1306,2.248421802
29/04/2016,1307,2.248707484
29/04/2016,1308,2.248993165
29/04/2016,1309,2.249278846
29/04/2016,1310,2.249564527
29/04/2016,1311,2.249850209
29/04/2016,1312,2.25013589
29/04/2016,1313,2.250421571
29/04/2016,1314,2.250707253
29/04/2016,1315,2.250992934
29/04/2016,1316,2.251278615
29/04/2016,1317,2.251564297
29/04/2016,1318,2.251849978
29/04/2016,1319,2.252135659
29/04/2016,1320,2.252421341
29/04/2016,1321,2.252707022
29/04/2016,1322,2.252992703
29/04/2016,1323,2.253278385
29/04/2016,1324,2.253564066
29/04/2016,1325,2.253849747
29/04/2016,1326,2.254135429
29/04/2016,1327,2.25442111
29/04/2016,1328,2.254706791
29/04/2016,1329,2.254992473
29/04/2016,1330,2.255278154
29/04/2016,1331,2.255563835
29/04/2016,1332,2.255849516
29/04/2016,1333,2.256135198
29/04/2016,1334,2.256420879
29/04/2016,1335,2.25670656
29/04/2016,1336,2.256992242
29/04/2016,1337,2.257277923
29/04/2016,1338,2.257563604
29/04/2016,1339,2.257849286
29/04/2016,1340,2.258134967
29/04/2016,1341,2.258420648
29/04/2016,1342,2.25870633
29/04/2016,1343,2.258992011
29/04/2016,1344,2.259277692
29/04/2016,1345,2.259563374
29/04/2016,1346,2.259849055
29/04/2016,1347,2.260134736
29/04/2016,1348,2.260420418
29/04/2016,1349,2.260706099
29/04/2016,1350,2.26099178
29/04/2016,1351,2.261277462
29/04/2016,1352,2.261563143
29/04/2016,1353,2.261848824
29/04/2016,1354,2.262134505
29/04/2016,1355,2.262420187
29/04/2016,1356,2.262705868
29/04/2016,1357,2.262991549
29/04/2016,1358,2.263277231
29/04/2016,1359,2.263562912
29/04/2016,1360,2.263848593
29/04/2016,1361,2.264134275
29/04/2016,1362,2.264419956
29/04/2016,1363,2.264705637
29/04/2016,1364,2.264991319
29/04/2016,1365,2.265277
29/04/2016,1366,2.265562681
29/04/2016,1367,2.265848363
29/04/2016,1368,2.266134044
29/04/2016,1369,2.266419725
29/04/2016,1370,2.266705407
29/04/2016,1371,2.266991088
29/04/2016,1372,2.267276769
29/04/2016,1373,2.267562451
29/04/2016,1374,2.267848132
29/04/2016,1375,2.268133813
29/04/2016,1376,2.268419495
29/04/2016,1377,2.268705176
29/04/2016,1378,2.268990857
29/04/2016,1379,2.269276538
29/04/2016,1380,2.26956222
29/04/2016,1381,2.269847901
29/04/2016,1382,2.270133582
29/04/2016,1383,2.270419264
29/04/2016,1384,2.270704945
29/04/2016,1385,2.270990626
29/04/2016,1386,2.271276308
29/04/2016,1387,2.271561989
29/04/2016,1388,2.27184767
29/04/2016,1389,2.272133352
29/04/2016,1390,2.272419033
29/04/2016,1391,2.272704714
29/04/2016,1392,2.272990396
29/04/2016,1393,2.273276077
29/04/2016,1394,2.273561758
29/04/2016,1395,2.27384744
29/04/2016,1396,2.274133121
29/04/2016,1397,2.274418802
29/04/2016,1398,2.274704484
29/04/2016,1399,2.274990165
29/04/2016,1400,2.275275846
29/04/2016,1401,2.275561527
29/04/2016,1402,2.275847209
29/04/2016,1403,2.27613289
29/04/2016,1404,2.276418571
29/04/2016,1405,2.276704253
29/04/2016,1406,2.276989934
29/04/2016,1407,2.277275615
29/04/2016,1408,2.277561297
29/04/2016,1409,2.277846978
29/04/2016,1410,2.278132659
29/04/2016,1411,2.278418341
29/04/2016,1412,2.278704022
29/04/2016,1413,2.278989703
29/04/2016,1414,2.279275385
29/04/2016,1415,2.279561066
29/04/2016,1416,2.279846747
29/04/2016,1417,2.280132429
29/04/2016,1418,2.28041811
29/04/2016,1419,2.280703791
29/04/2016,1420,2.280989473
29/04/2016,1421,2.281275154
29/04/2016,1422,2.281560835
29/04/2016,1423,2.281846516
29/04/2016,1424,2.282132198
29/04/2016,1425,2.282417879
29/04/2016,1426,2.28270356
29/04/2016,1427,2.282989242
29/04/2016,1428,2.283274923
29/04/2016,1429,2.283560604
29/04/2016,1430,2.283846286
29/04/2016,1431,2.284131967
29/04/2016,1432,2.284417648
29/04/2016,1433,2.28470333
29/04/2016,1434,2.284989011
29/04/2016,1435,2.285274692
29/04/2016,1436,2.285560374
29/04/2016,1437,2.285846055
29/04/2016,1438,2.286131736
29/04/2016,1439,2.286417418
29/04/2016,1440,2.286703099
29/04/2016,1441,2.28698878
29/04/2016,1442,2.287274462
29/04/2016,1443,2.287560143
29/04/2016,1444,2.287845824
29/04/2016,1445,2.288131505
29/04/2016,1446,2.288417187
29/04/2016,1447,2.288702868
29/04/2016,1448,2.288988549
29/04/2016,1449,2.289274231
29/04/2016,1450,2.289559912
29/04/2016,1451,2.289845593
29/04/2016,1452,2.290131275
29/04/2016,1453,2.290416956
29/04/2016,1454,2.290702637
29/04/2016,1455,2.290988319
29/04/2016,1456,2.291274
29/04/2016,1457,2.291577599
29/04/2016,1458,2.291881198
29/04/2016,1459,2.292184797
29/04/2016,1460,2.292488396
29/04/2016,1461,2.292791995
29/04/2016,1462,2.293095593
29/04/2016,1463,2.293399192
29/04/2016,1464,2.293702791
29/04/2016,1465,2.29400639
29/04/2016,1466,2.294309989
29/04/2016,1467,2.294613588
29/04/2016,1468,2.294917187
29/04/2016,1469,2.295220786
29/04/2016,1470,2.295524385
29/04/2016,1471,2.295827984
29/04/2016,1472,2.296131582
29/04/2016,1473,2.296435181
29/04/2016,1474,2.29673878
29/04/2016,1475,2.297042379
29/04/2016,1476,2.297345978
29/04/2016,1477,2.297649577
29/04/2016,1478,2.297953176
29/04/2016,1479,2.298256775
29/04/2016,1480,2.298560374
29/04/2016,1481,2.298863973
29/04/2016,1482,2.299167571
29/04/2016,1483,2.29947117
29/04/2016,1484,2.299774769
29/04/2016,1485,2.300078368
29/04/2016,1486,2.300381967
29/04/2016,1487,2.300685566
29/04/2016,1488,2.300989165
29/04/2016,1489,2.301292764
29/04/2016,1490,2.301596363
29/04/2016,1491,2.301899962
29/04/2016,1492,2.30220356
29/04/2016,1493,2.302507159
29/04/2016,1494,2.302810758
29/04/2016,1495,2.303114357
29/04/2016,1496,2.303417956
29/04/2016,1497,2.303721555
29/04/2016,1498,2.304025154
29/04/2016,1499,2.304328753
29/04/2016,1500,2.304632352
29/04/2016,1501,2.304935951
29/04/2016,1502,2.305239549
29/04/2016,1503,2.305543148
29/04/2016,1504,2.305846747
29/04/2016,1505,2.306150346
29/04/2016,1506,2.306453945
29/04/2016,1507,2.306757544
29/04/2016,1508,2.307061143
29/04/2016,1509,2.307364742
29/04/2016,1510,2.307668341
29/04/2016,1511,2.30797194
29/04/2016,1512,2.308275538
29/04/2016,1513,2.308579137
29/04/2016,1514,2.308882736
29/04/2016,1515,2.309186335
29/04/2016,1516,2.309489934
29/04/2016,1517,2.309793533
29/04/2016,1518,2.310097132
29/04/2016,1519,2.310400731
29/04/2016,1520,2.31070433
29/04/2016,1521,2.311007929
29/04/2016,1522,2.311311527
29/04/2016,1523,2.311615126
29/04/2016,1524,2.311918725
29/04/2016,1525,2.312222324
29/04/2016,1526,2.312525923
29/04/2016,1527,2.312829522
29/04/2016,1528,2.313133121
29/04/2016,1529,2.31343672
29/04/2016,1530,2.313740319
29/04/2016,1531,2.314043918
29/04/2016,1532,2.314347516
29/04/2016,1533,2.314651115
29/04/2016,1534,2.314954714
29/04/2016,1535,2.315258313
29/04/2016,1536,2.315561912
29/04/2016,1537,2.315865511
29/04/2016,1538,2.31616911
29/04/2016,1539,2.316472709
29/04/2016,1540,2.316776308
29/04/2016,1541,2.317079907
29/04/2016,1542,2.317383505
29/04/2016,1543,2.317687104
29/04/2016,1544,2.317990703
29/04/2016,1545,2.318294302
29/04/2016,1546,2.318597901
29/04/2016,1547,2.3189015
29/04/2016,1548,2.319205099
29/04/2016,1549,2.319508698
29/04/2016,1550,2.319812297
29/04/2016,1551,2.320115896
29/04/2016,1552,2.320419495
29/04/2016,1553,2.320723093
29/04/2016,1554,2.321026692
29/04/2016,1555,2.321330291
29/04/2016,1556,2.32163389
29/04/2016,1557,2.321937489
29/04/2016,1558,2.322241088
29/04/2016,1559,2.322544687
29/04/2016,1560,2.322848286
29/04/2016,1561,2.323151885
29/04/2016,1562,2.323455484
29/04/2016,1563,2.323759082
29/04/2016,1564,2.324062681
29/04/2016,1565,2.32436628
29/04/2016,1566,2.324669879
29/04/2016,1567,2.324973478
29/04/2016,1568,2.325277077
29/04/2016,1569,2.325580676
29/04/2016,1570,2.325884275
29/04/2016,1571,2.326187874
29/04/2016,1572,2.326491473
29/04/2016,1573,2.326795071
29/04/2016,1574,2.32709867
29/04/2016,1575,2.327402269
29/04/2016,1576,2.327705868
29/04/2016,1577,2.328009467
29/04/2016,1578,2.328313066
29/04/2016,1579,2.328616665
29/04/2016,1580,2.328920264
29/04/2016,1581,2.329223863
29/04/2016,1582,2.329527462
29/04/2016,1583,2.32983106
29/04/2016,1584,2.330134659
29/04/2016,1585,2.330438258
29/04/2016,1586,2.330741857
29/04/2016,1587,2.331045456
29/04/2016,1588,2.331349055
29/04/2016,1589,2.331652654
29/04/2016,1590,2.331956253
29/04/2016,1591,2.332259852
29/04/2016,1592,2.332563451
29/04/2016,1593,2.332867049
29/04/2016,1594,2.333170648
29/04/2016,1595,2.333474247
29/04/2016,1596,2.333777846
29/04/2016,1597,2.334081445
29/04/2016,1598,2.334385044
29/04/2016,1599,2.334688643
29/04/2016,1600,2.334992242
29/04/2016,1601,2.335295841
29/04/2016,1602,2.33559944
29/04/2016,1603,2.335903038
29/04/2016,1604,2.336206637
29/04/2016,1605,2.336510236
29/04/2016,1606,2.336813835
29/04/2016,1607,2.337117434
29/04/2016,1608,2.337421033
29/04/2016,1609,2.337724632
29/04/2016,1610,2.338028231
29/04/2016,1611,2.33833183
29/04/2016,1612,2.338635429
29/04/2016,1613,2.338939027
29/04/2016,1614,2.339242626
29/04/2016,1615,2.339546225
29/04/2016,1616,2.339849824
29/04/2016,1617,2.340153423
29/04/2016,1618,2.340457022
29/04/2016,1619,2.340760621
29/04/2016,1620,2.34106422
29/04/2016,1621,2.341367819
29/04/2016,1622,2.341671418
29/04/2016,1623,2.341975016
29/04/2016,1624,2.342278615
29/04/2016,1625,2.342582214
29/04/2016,1626,2.342885813
29/04/2016,1627,2.343189412
29/04/2016,1628,2.343493011
29/04/2016,1629,2.34379661
29/04/2016,1630,2.344100209
29/04/2016,1631,2.344403808
29/04/2016,1632,2.344707407
29/04/2016,1633,2.345011005
29/04/2016,1634,2.345314604
29/04/2016,1635,2.345618203
29/04/2016,1636,2.345921802
29/04/2016,1637,2.346225401
29/04/2016,1638,2.346529
29/04/2016,1639,2.347002088
29/04/2016,1640,2.347475176
29/04/2016,1641,2.347948264
29/04/2016,1642,2.348421352
29/04/2016,1643,2.34889444
29/04/2016,1644,2.349367527
29/04/2016,1645,2.349840615
29/04/2016,1646,2.350313703
29/04/2016,1647,2.350786791
29/04/2016,1648,2.351259879
29/04/2016,1649,2.351732967
29/04/2016,1650,2.352206055
29/04/2016,1651,2.352679143
29/04/2016,1652,2.353152231
29/04/2016,1653,2.353625319
29/04/2016,1654,2.354098407
29/04/2016,1655,2.354571495
29/04/2016,1656,2.355044582
29/04/2016,1657,2.35551767
29/04/2016,1658,2.355990758
29/04/2016,1659,2.356463846
29/04/2016,1660,2.356936934
29/04/2016,1661,2.357410022
29/04/2016,1662,2.35788311
29/04/2016,1663,2.358356198
29/04/2016,1664,2.358829286
29/04/2016,1665,2.359302374
29/04/2016,1666,2.359775462
29/04/2016,1667,2.360248549
29/04/2016,1668,2.360721637
29/04/2016,1669,2.361194725
29/04/2016,1670,2.361667813
29/04/2016,1671,2.362140901
29/04/2016,1672,2.362613989
29/04/2016,1673,2.363087077
29/04/2016,1674,2.363560165
29/04/2016,1675,2.364033253
29/04/2016,1676,2.364506341
29/04/2016,1677,2.364979429
29/04/2016,1678,2.365452516
29/04/2016,1679,2.365925604
29/04/2016,1680,2.366398692
29/04/2016,1681,2.36687178
29/04/2016,1682,2.367344868
29/04/2016,1683,2.367817956
29/04/2016,1684,2.368291044
29/04/2016,1685,2.368764132
29/04/2016,1686,2.36923722
29/04/2016,1687,2.369710308
29/04/2016,1688,2.370183396
29/04/2016,1689,2.370656484
29/04/2016,1690,2.371129571
29/04/2016,1691,2.371602659
29/04/2016,1692,2.372075747
29/04/2016,1693,2.372548835
29/04/2016,1694,2.373021923
29/04/2016,1695,2.373495011
29/04/2016,1696,2.373968099
29/04/2016,1697,2.374441187
29/04/2016,1698,2.374914275
29/04/2016,1699,2.375387363
29/04/2016,1700,2.375860451
29/04/2016,1701,2.376333538
29/04/2016,1702,2.376806626
29/04/2016,1703,2.377279714
29/04/2016,1704,2.377752802
29/04/2016,1705,2.37822589
29/04/2016,1706,2.378698978
29/04/2016,1707,2.379172066
29/04/2016,1708,2.379645154
29/04/2016,1709,2.380118242
29/04/2016,1710,2.38059133
29/04/2016,1711,2.381064418
29/04/2016,1712,2.381537505
29/04/2016,1713,2.382010593
29/04/2016,1714,2.382483681
29/04/2016,1715,2.382956769
29/04/2016,1716,2.383429857
29/04/2016,1717,2.383902945
29/04/2016,1718,2.384376033
29/04/2016,1719,2.384849121
29/04/2016,1720,2.385322209
29/04/2016,1721,2.385795297
29/04/2016,1722,2.386268385
29/04/2016,1723,2.386741473
29/04/2016,1724,2.38721456
29/04/2016,1725,2.387687648
29/04/2016,1726,2.388160736
29/04/2016,1727,2.388633824
29/04/2016,1728,2.389106912
29/04/2016,1729,2.38958
29/04/2016,1730,2.390053088
29/04/2016,1731,2.390526176
29/04/2016,1732,2.390999264
29/04/2016,1733,2.391472352
29/04/2016,1734,2.39194544
29/04/2016,1735,2.392418527
29/04/2016,1736,2.392891615
29/04/2016,1737,2.393364703
29/04/2016,1738,2.393837791
29/04/2016,1739,2.394310879
29/04/2016,1740,2.394783967
29/04/2016,1741,2.395257055
29/04/2016,1742,2.395730143
29/04/2016,1743,2.396203231
29/04/2016,1744,2.396676319
29/04/2016,1745,2.397149407
29/04/2016,1746,2.397622495
29/04/2016,1747,2.398095582
29/04/2016,1748,2.39856867
29/04/2016,1749,2.399041758
29/04/2016,1750,2.399514846
29/04/2016,1751,2.399987934
29/04/2016,1752,2.400461022
29/04/2016,1753,2.40093411
29/04/2016,1754,2.401407198
29/04/2016,1755,2.401880286
29/04/2016,1756,2.402353374
29/04/2016,1757,2.402826462
29/04/2016,1758,2.403299549
29/04/2016,1759,2.403772637
29/04/2016,1760,2.404245725
29/04/2016,1761,2.404718813
29/04/2016,1762,2.405191901
29/04/2016,1763,2.405664989
29/04/2016,1764,2.406138077
29/04/2016,1765,2.406611165
29/04/2016,1766,2.407084253
29/04/2016,1767,2.407557341
29/04/2016,1768,2.408030429
29/04/2016,1769,2.408503516
29/04/2016,1770,2.408976604
29/04/2016,1771,2.409449692
29/04/2016,1772,2.40992278
29/04/2016,1773,2.410395868
29/04/2016,1774,2.410868956
29/04/2016,1775,2.411342044
29/04/2016,1776,2.411815132
29/04/2016,1777,2.41228822
29/04/2016,1778,2.412761308
29/04/2016,1779,2.413234396
29/04/2016,1780,2.413707484
29/04/2016,1781,2.414180571
29/04/2016,1782,2.414653659
29/04/2016,1783,2.415126747
29/04/2016,1784,2.415599835
29/04/2016,1785,2.416072923
29/04/2016,1786,2.416546011
29/04/2016,1787,2.417019099
29/04/2016,1788,2.417492187
29/04/2016,1789,2.417965275
29/04/2016,1790,2.418438363
29/04/2016,1791,2.418911451
29/04/2016,1792,2.419384538
29/04/2016,1793,2.419857626
29/04/2016,1794,2.420330714
29/04/2016,1795,2.420803802
29/04/2016,1796,2.42127689
29/04/2016,1797,2.421749978
29/04/2016,1798,2.422223066
29/04/2016,1799,2.422696154
29/04/2016,1800,2.423169242
29/04/2016,1801,2.42364233
29/04/2016,1802,2.424115418
29/04/2016,1803,2.424588505
29/04/2016,1804,2.425061593
29/04/2016,1805,2.425534681
29/04/2016,1806,2.426007769
29/04/2016,1807,2.426480857
29/04/2016,1808,2.426953945
29/04/2016,1809,2.427427033
29/04/2016,1810,2.427900121
29/04/2016,1811,2.428373209
29/04/2016,1812,2.428846297
29/04/2016,1813,2.429319385
29/04/2016,1814,2.429792473
29/04/2016,1815,2.43026556
29/04/2016,1816,2.430738648
29/04/2016,1817,2.431211736
29/04/2016,1818,2.431684824
29/04/2016,1819,2.432157912
29/04/2016,1820,2.432631
29/04/2016,1821,2.433175462
29/04/2016,1822,2.433719923
29/04/2016,1823,2.434264385
29/04/2016,1824,2.434808846
29/04/2016,1825,2.435353308
29/04/2016,1826,2.435897769
29/04/2016,1827,2.436442231
29/04/2016,1828,2.436986692
29/04/2016,1829,2.437531154
29/04/2016,1830,2.438075615
29/04/2016,1831,2.438620077
29/04/2016,1832,2.439164538
29/04/2016,1833,2.439709
29/04/2016,1834,2.440253462
29/04/2016,1835,2.440797923
29/04/2016,1836,2.441342385
29/04/2016,1837,2.441886846
29/04/2016,1838,2.442431308
29/04/2016,1839,2.442975769
29/04/2016,1840,2.443520231
29/04/2016,1841,2.444064692
29/04/2016,1842,2.444609154
29/04/2016,1843,2.445153615
29/04/2016,1844,2.445698077
29/04/2016,1845,2.446242538
29/04/2016,1846,2.446787
29/04/2016,1847,2.447331462
29/04/2016,1848,2.447875923
29/04/2016,1849,2.448420385
29/04/2016,1850,2.448964846
29/04/2016,1851,2.449509308
29/04/2016,1852,2.450053769
29/04/2016,1853,2.450598231
29/04/2016,1854,2.451142692
29/04/2016,1855,2.451687154
29/04/2016,1856,2.452231615
29/04/2016,1857,2.452776077
29/04/2016,1858,2.453320538
29/04/2016,1859,2.453865
29/04/2016,1860,2.454409462
29/04/2016,1861,2.454953923
29/04/2016,1862,2.455498385
29/04/2016,1863,2.456042846
29/04/2016,1864,2.456587308
29/04/2016,1865,2.457131769
29/04/2016,1866,2.457676231
29/04/2016,1867,2.458220692
29/04/2016,1868,2.458765154
29/04/2016,1869,2.459309615
29/04/2016,1870,2.459854077
29/04/2016,1871,2.460398538
29/04/2016,1872,2.460943
29/04/2016,1873,2.461487462
29/04/2016,1874,2.462031923
29/04/2016,1875,2.462576385
29/04/2016,1876,2.463120846
29/04/2016,1877,2.463665308
29/04/2016,1878,2.464209769
29/04/2016,1879,2.464754231
29/04/2016,1880,2.465298692
29/04/2016,1881,2.465843154
29/04/2016,1882,2.466387615
29/04/2016,1883,2.466932077
29/04/2016,1884,2.467476538
29/04/2016,1885,2.468021
29/04/2016,1886,2.468565462
29/04/2016,1887,2.469109923
29/04/2016,1888,2.469654385
29/04/2016,1889,2.470198846
29/04/2016,1890,2.470743308
29/04/2016,1891,2.471287769
29/04/2016,1892,2.471832231
29/04/2016,1893,2.472376692
29/04/2016,1894,2.472921154
29/04/2016,1895,2.473465615
29/04/2016,1896,2.474010077
29/04/2016,1897,2.474554538
29/04/2016,1898,2.475099
29/04/2016,1899,2.475643462
29/04/2016,1900,2.476187923
29/04/2016,1901,2.476732385
29/04/2016,1902,2.477276846
29/04/2016,1903,2.477821308
29/04/2016,1904,2.478365769
29/04/2016,1905,2.478910231
29/04/2016,1906,2.479454692
29/04/2016,1907,2.479999154
29/04/2016,1908,2.480543615
29/04/2016,1909,2.481088077
29/04/2016,1910,2.481632538
29/04/2016,1911,2.482177
29/04/2016,1912,2.482721462
29/04/2016,1913,2.483265923
29/04/2016,1914,2.483810385
29/04/2016,1915,2.484354846
29/04/2016,1916,2.484899308
29/04/2016,1917,2.485443769
29/04/2016,1918,2.485988231
29/04/2016,1919,2.486532692
29/04/2016,1920,2.487077154
29/04/2016,1921,2.487621615
29/04/2016,1922,2.488166077
29/04/2016,1923,2.488710538
29/04/2016,1924,2.489255
29/04/2016,1925,2.489799462
29/04/2016,1926,2.490343923
29/04/2016,1927,2.490888385
29/04/2016,1928,2.491432846
29/04/2016,1929,2.491977308
29/04/2016,1930,2.492521769
29/04/2016,1931,2.493066231
29/04/2016,1932,2.493610692
29/04/2016,1933,2.494155154
29/04/2016,1934,2.494699615
29/04/2016,1935,2.495244077
29/04/2016,1936,2.495788538
29/04/2016,1937,2.496333
29/04/2016,1938,2.496877462
29/04/2016,1939,2.497421923
29/04/2016,1940,2.497966385
29/04/2016,1941,2.498510846
29/04/2016,1942,2.499055308
29/04/2016,1943,2.499599769
29/04/2016,1944,2.500144231
29/04/2016,1945,2.500688692
29/04/2016,1946,2.501233154
29/04/2016,1947,2.501777615
29/04/2016,1948,2.502322077
29/04/2016,1949,2.502866538
29/04/2016,1950,2.503411
29/04/2016,1951,2.503955462
29/04/2016,1952,2.504499923
29/04/2016,1953,2.505044385
29/04/2016,1954,2.505588846
29/04/2016,1955,2.506133308
29/04/2016,1956,2.506677769
29/04/2016,1957,2.507222231
29/04/2016,1958,2.507766692
29/04/2016,1959,2.508311154
29/04/2016,1960,2.508855615
29/04/2016,1961,2.509400077
29/04/2016,1962,2.509944538
29/04/2016,1963,2.510489
29/04/2016,1964,2.511033462
29/04/2016,1965,2.511577923
29/04/2016,1966,2.512122385
29/04/2016,1967,2.512666846
29/04/2016,1968,2.513211308
29/04/2016,1969,2.513755769
29/04/2016,1970,2.514300231
29/04/2016,1971,2.514844692
29/04/2016,1972,2.515389154
29/04/2016,1973,2.515933615
29/04/2016,1974,2.516478077
29/04/2016,1975,2.517022538
29/04/2016,1976,2.517567
29/04/2016,1977,2.518111462
29/04/2016,1978,2.518655923
29/04/2016,1979,2.519200385
29/04/2016,1980,2.519744846
29/04/2016,1981,2.520289308
29/04/2016,1982,2.520833769
29/04/2016,1983,2.521378231
29/04/2016,1984,2.521922692
29/04/2016,1985,2.522467154
29/04/2016,1986,2.523011615
29/04/2016,1987,2.523556077
29/04/2016,1988,2.524100538
29/04/2016,1989,2.524645
29/04/2016,1990,2.525189462
29/04/2016,1991,2.525733923
29/04/2016,1992,2.526278385
29/04/2016,1993,2.526822846
29/04/2016,1994,2.527367308
29/04/2016,1995,2.527911769
29/04/2016,1996,2.528456231
29/04/2016,1997,2.529000692
29/04/2016,1998,2.529545154
29/04/2016,1999,2.530089615
29/04/2016,2000,2.530634077
29/04/2016,2001,2.531178538
29/04/2016,2002,2.531723
29/04/2016,2003,2.532260099
29/04/2016,2004,2.532797198
29/04/2016,2005,2.533334297
29/04/2016,2006,2.533871396
29/04/2016,2007,2.534408495
29/04/2016,2008,2.534945593
29/04/2016,2009,2.535482692
29/04/2016,2010,2.536019791
29/04/2016,2011,2.53655689
29/04/2016,2012,2.537093989
29/04/2016,2013,2.537631088
29/04/2016,2014,2.538168187
29/04/2016,2015,2.538705286
29/04/2016,2016,2.539242385
29/04/2016,2017,2.539779484
29/04/2016,2018,2.540316582
29/04/2016,2019,2.540853681
29/04/2016,2020,2.54139078
29/04/2016,2021,2.541927879
29/04/2016,2022,2.542464978
29/04/2016,2023,2.543002077
29/04/2016,2024,2.543539176
29/04/2016,2025,2.544076275
29/04/2016,2026,2.544613374
29/04/2016,2027,2.545150473
29/04/2016,2028,2.545687571
29/04/2016,2029,2.54622467
29/04/2016,2030,2.546761769
29/04/2016,2031,2.547298868
29/04/2016,2032,2.547835967
29/04/2016,2033,2.548373066
29/04/2016,2034,2.548910165
29/04/2016,2035,2.549447264
29/04/2016,2036,2.549984363
29/04/2016,2037,2.550521462
29/04/2016,2038,2.55105856
29/04/2016,2039,2.551595659
29/04/2016,2040,2.552132758
29/04/2016,2041,2.552669857
29/04/2016,2042,2.553206956
29/04/2016,2043,2.553744055
29/04/2016,2044,2.554281154
29/04/2016,2045,2.554818253
29/04/2016,2046,2.555355352
29/04/2016,2047,2.555892451
29/04/2016,2048,2.556429549
29/04/2016,2049,2.556966648
29/04/2016,2050,2.557503747
29/04/2016,2051,2.558040846
29/04/2016,2052,2.558577945
29/04/2016,2053,2.559115044
29/04/2016,2054,2.559652143
29/04/2016,2055,2.560189242
29/04/2016,2056,2.560726341
29/04/2016,2057,2.56126344
29/04/2016,2058,2.561800538
29/04/2016,2059,2.562337637
29/04/2016,2060,2.562874736
29/04/2016,2061,2.563411835
29/04/2016,2062,2.563948934
29/04/2016,2063,2.564486033
29/04/2016,2064,2.565023132
29/04/2016,2065,2.565560231
29/04/2016,2066,2.56609733
29/04/2016,2067,2.566634429
29/04/2016,2068,2.567171527
29/04/2016,2069,2.567708626
29/04/2016,2070,2.568245725
29/04/2016,2071,2.568782824
29/04/2016,2072,2.569319923
29/04/2016,2073,2.569857022
29/04/2016,2074,2.570394121
29/04/2016,2075,2.57093122
29/04/2016,2076,2.571468319
29/04/2016,2077,2.572005418
29/04/2016,2078,2.572542516
29/04/2016,2079,2.573079615
29/04/2016,2080,2.573616714
29/04/2016,2081,2.574153813
29/04/2016,2082,2.574690912
29/04/2016,2083,2.575228011
29/04/2016,2084,2.57576511
29/04/2016,2085,2.576302209
29/04/2016,2086,2.576839308
29/04/2016,2087,2.577376407
29/04/2016,2088,2.577913505
29/04/2016,2089,2.578450604
29/04/2016,2090,2.578987703
29/04/2016,2091,2.579524802
29/04/2016,2092,2.580061901
29/04/2016,2093,2.580599
29/04/2016,2094,2.581136099
29/04/2016,2095,2.581673198
29/04/2016,2096,2.582210297
29/04/2016,2097,2.582747396
29/04/2016,2098,2.583284495
29/04/2016,2099,2.583821593
29/04/2016,2100,2.584358692
29/04/2016,2101,2.584895791
29/04/2016,2102,2.58543289
29/04/2016,2103,2.585969989
29/04/2016,2104,2.586507088
29/04/2016,2105,2.587044187
29/04/2016,2106,2.587581286
29/04/2016,2107,2.588118385
29/04/2016,2108,2.588655484
29/04/2016,2109,2.589192582
29/04/2016,2110,2.589729681
29/04/2016,2111,2.59026678
29/04/2016,2112,2.590803879
29/04/2016,2113,2.591340978
29/04/2016,2114,2.591878077
29/04/2016,2115,2.592415176
29/04/2016,2116,2.592952275
29/04/2016,2117,2.593489374
29/04/2016,2118,2.594026473
29/04/2016,2119,2.594563571
29/04/2016,2120,2.59510067
29/04/2016,2121,2.595637769
29/04/2016,2122,2.596174868
29/04/2016,2123,2.596711967
29/04/2016,2124,2.597249066
29/04/2016,2125,2.597786165
29/04/2016,2126,2.598323264
29/04/2016,2127,2.598860363
29/04/2016,2128,2.599397462
29/04/2016,2129,2.59993456
29/04/2016,2130,2.600471659
29/04/2016,2131,2.601008758
29/04/2016,2132,2.601545857
29/04/2016,2133,2.602082956
29/04/2016,2134,2.602620055
29/04/2016,2135,2.603157154
29/04/2016,2136,2.603694253
29/04/2016,2137,2.604231352
29/04/2016,2138,2.604768451
29/04/2016,2139,2.605305549
29/04/2016,2140,2.605842648
29/04/2016,2141,2.606379747
29/04/2016,2142,2.606916846
29/04/2016,2143,2.607453945
29/04/2016,2144,2.607991044
29/04/2016,2145,2.608528143
29/04/2016,2146,2.609065242
29/04/2016,2147,2.609602341
29/04/2016,2148,2.61013944
29/04/2016,2149,2.610676538
29/04/2016,2150,2.611213637
29/04/2016,2151,2.611750736
29/04/2016,2152,2.612287835
29/04/2016,2153,2.612824934
29/04/2016,2154,2.613362033
29/04/2016,2155,2.613899132
29/04/2016,2156,2.614436231
29/04/2016,2157,2.61497333
29/04/2016,2158,2.615510429
29/04/2016,2159,2.616047527
29/04/2016,2160,2.616584626
29/04/2016,2161,2.617121725
29/04/2016,2162,2.617658824
29/04/2016,2163,2.618195923
29/04/2016,2164,2.618733022
29/04/2016,2165,2.619270121
29/04/2016,2166,2.61980722
29/04/2016,2167,2.620344319
29/04/2016,2168,2.620881418
29/04/2016,2169,2.621418516
29/04/2016,2170,2.621955615
29/04/2016,2171,2.622492714
29/04/2016,2172,2.623029813
29/04/2016,2173,2.623566912
29/04/2016,2174,2.624104011
29/04/2016,2175,2.62464111
29/04/2016,2176,2.625178209
29/04/2016,2177,2.625715308
29/04/2016,2178,2.626252407
29/04/2016,2179,2.626789505
29/04/2016,2180,2.627326604
29/04/2016,2181,2.627863703
29/04/2016,2182,2.628400802
29/04/2016,2183,2.628937901
29/04/2016,2184,2.629475
29/04/2016,2185,2.629664324
29/04/2016,2186,2.629853648
29/04/2016,2187,2.630042973
29/04/2016,2188,2.630232297
29/04/2016,2189,2.630421621
29/04/2016,2190,2.630610945
29/04/2016,2191,2.630800269
29/04/2016,2192,2.630989593
29/04/2016,2193,2.631178918
29/04/2016,2194,2.631368242
29/04/2016,2195,2.631557566
29/04/2016,2196,2.63174689
29/04/2016,2197,2.631936214
29/04/2016,2198,2.632125538
29/04/2016,2199,2.632314863
29/04/2016,2200,2.632504187
29/04/2016,2201,2.632693511
29/04/2016,2202,2.632882835
29/04/2016,2203,2.633072159
29/04/2016,2204,2.633261484
29/04/2016,2205,2.633450808
29/04/2016,2206,2.633640132
29/04/2016,2207,2.633829456
29/04/2016,2208,2.63401878
29/04/2016,2209,2.634208104
29/04/2016,2210,2.634397429
29/04/2016,2211,2.634586753
29/04/2016,2212,2.634776077
29/04/2016,2213,2.634965401
29/04/2016,2214,2.635154725
29/04/2016,2215,2.635344049
29/04/2016,2216,2.635533374
29/04/2016,2217,2.635722698
29/04/2016,2218,2.635912022
29/04/2016,2219,2.636101346
29/04/2016,2220,2.63629067
29/04/2016,2221,2.636479995
29/04/2016,2222,2.636669319
29/04/2016,2223,2.636858643
29/04/2016,2224,2.637047967
29/04/2016,2225,2.637237291
29/04/2016,2226,2.637426615
29/04/2016,2227,2.63761594
29/04/2016,2228,2.637805264
29/04/2016,2229,2.637994588
29/04/2016,2230,2.638183912
29/04/2016,2231,2.638373236
29/04/2016,2232,2.63856256
29/04/2016,2233,2.638751885
29/04/2016,2234,2.638941209
29/04/2016,2235,2.639130533
29/04/2016,2236,2.639319857
29/04/2016,2237,2.639509181
29/04/2016,2238,2.639698505
29/04/2016,2239,2.63988783
29/04/2016,2240,2.640077154
29/04/2016,2241,2.640266478
29/04/2016,2242,2.640455802
29/04/2016,2243,2.640645126
29/04/2016,2244,2.640834451
29/04/2016,2245,2.641023775
29/04/2016,2246,2.641213099
29/04/2016,2247,2.641402423
29/04/2016,2248,2.641591747
29/04/2016,2249,2.641781071
29/04/2016,2250,2.641970396
29/04/2016,2251,2.64215972
29/04/2016,2252,2.642349044
29/04/2016,2253,2.642538368
29/04/2016,2254,2.642727692
29/04/2016,2255,2.642917016
29/04/2016,2256,2.643106341
29/04/2016,2257,2.643295665
29/04/2016,2258,2.643484989
29/04/2016,2259,2.643674313
29/04/2016,2260,2.643863637
29/04/2016,2261,2.644052962
29/04/2016,2262,2.644242286
29/04/2016,2263,2.64443161
29/04/2016,2264,2.644620934
29/04/2016,2265,2.644810258
29/04/2016,2266,2.644999582
29/04/2016,2267,2.645188907
29/04/2016,2268,2.645378231
29/04/2016,2269,2.645567555
29/04/2016,2270,2.645756879
29/04/2016,2271,2.645946203
29/04/2016,2272,2.646135527
29/04/2016,2273,2.646324852
29/04/2016,2274,2.646514176
29/04/2016,2275,2.6467035
29/04/2016,2276,2.646892824
29/04/2016,2277,2.647082148
29/04/2016,2278,2.647271473
29/04/2016,2279,2.647460797
29/04/2016,2280,2.647650121
29/04/2016,2281,2.647839445
29/04/2016,2282,2.648028769
29/04/2016,2283,2.648218093
29/04/2016,2284,2.648407418
29/04/2016,2285,2.648596742
29/04/2016,2286,2.648786066
29/04/2016,2287,2.64897539
29/04/2016,2288,2.649164714
29/04/2016,2289,2.649354038
29/04/2016,2290,2.649543363
29/04/2016,2291,2.649732687
29/04/2016,2292,2.649922011
29/04/2016,2293,2.650111335
29/04/2016,2294,2.650300659
29/04/2016,2295,2.650489984
29/04/2016,2296,2.650679308
29/04/2016,2297,2.650868632
29/04/2016,2298,2.651057956
29/04/2016,2299,2.65124728
29/04/2016,2300,2.651436604
29/04/2016,2301,2.651625929
29/04/2016,2302,2.651815253
29/04/2016,2303,2.652004577
29/04/2016,2304,2.652193901
29/04/2016,2305,2.652383225
29/04/2016,2306,2.652572549
29/04/2016,2307,2.652761874
29/04/2016,2308,2.652951198
29/04/2016,2309,2.653140522
29/04/2016,2310,2.653329846
29/04/2016,2311,2.65351917
29/04/2016,2312,2.653708495
29/04/2016,2313,2.653897819
29/04/2016,2314,2.654087143
29/04/2016,2315,2.654276467
29/04/2016,2316,2.654465791
29/04/2016,2317,2.654655115
29/04/2016,2318,2.65484444
29/04/2016,2319,2.655033764
29/04/2016,2320,2.655223088
29/04/2016,2321,2.655412412
29/04/2016,2322,2.655601736
29/04/2016,2323,2.65579106
29/04/2016,2324,2.655980385
29/04/2016,2325,2.656169709
29/04/2016,2326,2.656359033
29/04/2016,2327,2.656548357
29/04/2016,2328,2.656737681
29/04/2016,2329,2.656927005
29/04/2016,2330,2.65711633
29/04/2016,2331,2.657305654
29/04/2016,2332,2.657494978
29/04/2016,2333,2.657684302
29/04/2016,2334,2.657873626
29/04/2016,2335,2.658062951
29/04/2016,2336,2.658252275
29/04/2016,2337,2.658441599
29/04/2016,2338,2.658630923
29/04/2016,2339,2.658820247
29/04/2016,2340,2.659009571
29/04/2016,2341,2.659198896
29/04/2016,2342,2.65938822
29/04/2016,2343,2.659577544
29/04/2016,2344,2.659766868
29/04/2016,2345,2.659956192
29/04/2016,2346,2.660145516
29/04/2016,2347,2.660334841
29/04/2016,2348,2.660524165
29/04/2016,2349,2.660713489
29/04/2016,2350,2.660902813
29/04/2016,2351,2.661092137
29/04/2016,2352,2.661281462
29/04/2016,2353,2.661470786
29/04/2016,2354,2.66166011
29/04/2016,2355,2.661849434
29/04/2016,2356,2.662038758
29/04/2016,2357,2.662228082
29/04/2016,2358,2.662417407
29/04/2016,2359,2.662606731
29/04/2016,2360,2.662796055
29/04/2016,2361,2.662985379
29/04/2016,2362,2.663174703
29/04/2016,2363,2.663364027
29/04/2016,2364,2.663553352
29/04/2016,2365,2.663742676
29/04/2016,2366,2.663932
29/04/2016,2367,2.664258626
29/04/2016,2368,2.664585253
29/04/2016,2369,2.664911879
29/04/2016,2370,2.665238505
29/04/2016,2371,2.665565132
29/04/2016,2372,2.665891758
29/04/2016,2373,2.666218385
29/04/2016,2374,2.666545011
29/04/2016,2375,2.666871637
29/04/2016,2376,2.667198264
29/04/2016,2377,2.66752489
29/04/2016,2378,2.667851516
29/04/2016,2379,2.668178143
29/04/2016,2380,2.668504769
29/04/2016,2381,2.668831396
29/04/2016,2382,2.669158022
29/04/2016,2383,2.669484648
29/04/2016,2384,2.669811275
29/04/2016,2385,2.670137901
29/04/2016,2386,2.670464527
29/04/2016,2387,2.670791154
29/04/2016,2388,2.67111778
29/04/2016,2389,2.671444407
29/04/2016,2390,2.671771033
29/04/2016,2391,2.672097659
29/04/2016,2392,2.672424286
29/04/2016,2393,2.672750912
29/04/2016,2394,2.673077538
29/04/2016,2395,2.673404165
29/04/2016,2396,2.673730791
29/04/2016,2397,2.674057418
29/04/2016,2398,2.674384044
29/04/2016,2399,2.67471067
29/04/2016,2400,2.675037297
29/04/2016,2401,2.675363923
29/04/2016,2402,2.675690549
29/04/2016,2403,2.676017176
29/04/2016,2404,2.676343802
29/04/2016,2405,2.676670429
29/04/2016,2406,2.676997055
29/04/2016,2407,2.677323681
29/04/2016,2408,2.677650308
29/04/2016,2409,2.677976934
29/04/2016,2410,2.67830356
29/04/2016,2411,2.678630187
29/04/2016,2412,2.678956813
29/04/2016,2413,2.67928344
29/04/2016,2414,2.679610066
29/04/2016,2415,2.679936692
29/04/2016,2416,2.680263319
29/04/2016,2417,2.680589945
29/04/2016,2418,2.680916571
29/04/2016,2419,2.681243198
29/04/2016,2420,2.681569824
29/04/2016,2421,2.681896451
29/04/2016,2422,2.682223077
29/04/2016,2423,2.682549703
29/04/2016,2424,2.68287633
29/04/2016,2425,2.683202956
29/04/2016,2426,2.683529582
29/04/2016,2427,2.683856209
29/04/2016,2428,2.684182835
29/04/2016,2429,2.684509462
29/04/2016,2430,2.684836088
29/04/2016,2431,2.685162714
29/04/2016,2432,2.685489341
29/04/2016,2433,2.685815967
29/04/2016,2434,2.686142593
29/04/2016,2435,2.68646922
29/04/2016,2436,2.686795846
29/04/2016,2437,2.687122473
29/04/2016,2438,2.687449099
29/04/2016,2439,2.687775725
29/04/2016,2440,2.688102352
29/04/2016,2441,2.688428978
29/04/2016,2442,2.688755604
29/04/2016,2443,2.689082231
29/04/2016,2444,2.689408857
29/04/2016,2445,2.689735484
29/04/2016,2446,2.69006211
29/04/2016,2447,2.690388736
29/04/2016,2448,2.690715363
29/04/2016,2449,2.691041989
29/04/2016,2450,2.691368615
29/04/2016,2451,2.691695242
29/04/2016,2452,2.692021868
29/04/2016,2453,2.692348495
29/04/2016,2454,2.692675121
29/04/2016,2455,2.693001747
29/04/2016,2456,2.693328374
29/04/2016,2457,2.693655
29/04/2016,2458,2.693981626
29/04/2016,2459,2.694308253
29/04/2016,2460,2.694634879
29/04/2016,2461,2.694961505
29/04/2016,2462,2.695288132
29/04/2016,2463,2.695614758
29/04/2016,2464,2.695941385
29/04/2016,2465,2.696268011
29/04/2016,2466,2.696594637
29/04/2016,2467,2.696921264
29/04/2016,2468,2.69724789
29/04/2016,2469,2.697574516
29/04/2016,2470,2.697901143
29/04/2016,2471,2.698227769
29/04/2016,2472,2.698554396
29/04/2016,2473,2.698881022
29/04/2016,2474,2.699207648
29/04/2016,2475,2.699534275
29/04/2016,2476,2.699860901
29/04/2016,2477,2.700187527
29/04/2016,2478,2.700514154
29/04/2016,2479,2.70084078
29/04/2016,2480,2.701167407
29/04/2016,2481,2.701494033
29/04/2016,2482,2.701820659
29/04/2016,2483,2.702147286
29/04/2016,2484,2.702473912
29/04/2016,2485,2.702800538
29/04/2016,2486,2.703127165
29/04/2016,2487,2.703453791
29/04/2016,2488,2.703780418
29/04/2016,2489,2.704107044
29/04/2016,2490,2.70443367
29/04/2016,2491,2.704760297
29/04/2016,2492,2.705086923
29/04/2016,2493,2.705413549
29/04/2016,2494,2.705740176
29/04/2016,2495,2.706066802
29/04/2016,2496,2.706393429
29/04/2016,2497,2.706720055
29/04/2016,2498,2.707046681
29/04/2016,2499,2.707373308
29/04/2016,2500,2.707699934
29/04/2016,2501,2.70802656
29/04/2016,2502,2.708353187
29/04/2016,2503,2.708679813
29/04/2016,2504,2.70900644
29/04/2016,2505,2.709333066
29/04/2016,2506,2.709659692
29/04/2016,2507,2.709986319
29/04/2016,2508,2.710312945
29/04/2016,2509,2.710639571
29/04/2016,2510,2.710966198
29/04/2016,2511,2.711292824
29/04/2016,2512,2.711619451
29/04/2016,2513,2.711946077
29/04/2016,2514,2.712272703
29/04/2016,2515,2.71259933
29/04/2016,2516,2.712925956
29/04/2016,2517,2.713252582
29/04/2016,2518,2.713579209
29/04/2016,2519,2.713905835
29/04/2016,2520,2.714232462
29/04/2016,2521,2.714559088
29/04/2016,2522,2.714885714
29/04/2016,2523,2.715212341
29/04/2016,2524,2.715538967
29/04/2016,2525,2.715865593
29/04/2016,2526,2.71619222
29/04/2016,2527,2.716518846
29/04/2016,2528,2.716845473
29/04/2016,2529,2.717172099
29/04/2016,2530,2.717498725
29/04/2016,2531,2.717825352
29/04/2016,2532,2.718151978
29/04/2016,2533,2.718478604
29/04/2016,2534,2.718805231
29/04/2016,2535,2.719131857
29/04/2016,2536,2.719458484
29/04/2016,2537,2.71978511
29/04/2016,2538,2.720111736
29/04/2016,2539,2.720438363
29/04/2016,2540,2.720764989
29/04/2016,2541,2.721091615
29/04/2016,2542,2.721418242
29/04/2016,2543,2.721744868
29/04/2016,2544,2.722071495
29/04/2016,2545,2.722398121
29/04/2016,2546,2.722724747
29/04/2016,2547,2.723051374
29/04/2016,2548,2.723378
29/04/2016,2549,2.723814549
29/04/2016,2550,2.724251099
29/04/2016,2551,2.724687648
29/04/2016,2552,2.725124198
29/04/2016,2553,2.725560747
29/04/2016,2554,2.725997297
29/04/2016,2555,2.726433846
29/04/2016,2556,2.726870396
29/04/2016,2557,2.727306945
29/04/2016,2558,2.727743495
29/04/2016,2559,2.728180044
29/04/2016,2560,2.728616593
29/04/2016,2561,2.729053143
29/04/2016,2562,2.729489692
29/04/2016,2563,2.729926242
29/04/2016,2564,2.730362791
29/04/2016,2565,2.730799341
29/04/2016,2566,2.73123589
29/04/2016,2567,2.73167244
29/04/2016,2568,2.732108989
29/04/2016,2569,2.732545538
29/04/2016,2570,2.732982088
29/04/2016,2571,2.733418637
29/04/2016,2572,2.733855187
29/04/2016,2573,2.734291736
29/04/2016,2574,2.734728286
29/04/2016,2575,2.735164835
29/04/2016,2576,2.735601385
29/04/2016,2577,2.736037934
29/04/2016,2578,2.736474484
29/04/2016,2579,2.736911033
29/04/2016,2580,2.737347582
29/04/2016,2581,2.737784132
29/04/2016,2582,2.738220681
29/04/2016,2583,2.738657231
29/04/2016,2584,2.73909378
29/04/2016,2585,2.73953033
29/04/2016,2586,2.739966879
29/04/2016,2587,2.740403429
29/04/2016,2588,2.740839978
29/04/2016,2589,2.741276527
29/04/2016,2590,2.741713077
29/04/2016,2591,2.742149626
29/04/2016,2592,2.742586176
29/04/2016,2593,2.743022725
29/04/2016,2594,2.743459275
29/04/2016,2595,2.743895824
29/04/2016,2596,2.744332374
29/04/2016,2597,2.744768923
29/04/2016,2598,2.745205473
29/04/2016,2599,2.745642022
29/04/2016,2600,2.746078571
29/04/2016,2601,2.746515121
29/04/2016,2602,2.74695167
29/04/2016,2603,2.74738822
29/04/2016,2604,2.747824769
29/04/2016,2605,2.748261319
29/04/2016,2606,2.748697868
29/04/2016,2607,2.749134418
29/04/2016,2608,2.749570967
29/04/2016,2609,2.750007516
29/04/2016,2610,2.750444066
29/04/2016,2611,2.750880615
29/04/2016,2612,2.751317165
29/04/2016,2613,2.751753714
29/04/2016,2614,2.752190264
29/04/2016,2615,2.752626813
29/04/2016,2616,2.753063363
29/04/2016,2617,2.753499912
29/04/2016,2618,2.753936462
29/04/2016,2619,2.754373011
29/04/2016,2620,2.75480956
29/04/2016,2621,2.75524611
29/04/2016,2622,2.755682659
29/04/2016,2623,2.756119209
29/04/2016,2624,2.756555758
29/04/2016,2625,2.756992308
29/04/2016,2626,2.757428857
29/04/2016,2627,2.757865407
29/04/2016,2628,2.758301956
29/04/2016,2629,2.758738505
29/04/2016,2630,2.759175055
29/04/2016,2631,2.759611604
29/04/2016,2632,2.760048154
29/04/2016,2633,2.760484703
29/04/2016,2634,2.760921253
29/04/2016,2635,2.761357802
29/04/2016,2636,2.761794352
29/04/2016,2637,2.762230901
29/04/2016,2638,2.762667451
29/04/2016,2639,2.763104
29/04/2016,2640,2.763540549
29/04/2016,2641,2.763977099
29/04/2016,2642,2.764413648
29/04/2016,2643,2.764850198
29/04/2016,2644,2.765286747
29/04/2016,2645,2.765723297
29/04/2016,2646,2.766159846
29/04/2016,2647,2.766596396
29/04/2016,2648,2.767032945
29/04/2016,2649,2.767469495
29/04/2016,2650,2.767906044
29/04/2016,2651,2.768342593
29/04/2016,2652,2.768779143
29/04/2016,2653,2.769215692
29/04/2016,2654,2.769652242
29/04/2016,2655,2.770088791
29/04/2016,2656,2.770525341
29/04/2016,2657,2.77096189
29/04/2016,2658,2.77139844
29/04/2016,2659,2.771834989
29/04/2016,2660,2.772271538
29/04/2016,2661,2.772708088
29/04/2016,2662,2.773144637
29/04/2016,2663,2.773581187
29/04/2016,2664,2.774017736
29/04/2016,2665,2.774454286
29/04/2016,2666,2.774890835
29/04/2016,2667,2.775327385
29/04/2016,2668,2.775763934
29/04/2016,2669,2.776200484
29/04/2016,2670,2.776637033
29/04/2016,2671,2.777073582
29/04/2016,2672,2.777510132
29/04/2016,2673,2.777946681
29/04/2016,2674,2.778383231
29/04/2016,2675,2.77881978
29/04/2016,2676,2.77925633
29/04/2016,2677,2.779692879
29/04/2016,2678,2.780129429
29/04/2016,2679,2.780565978
29/04/2016,2680,2.781002527
29/04/2016,2681,2.781439077
29/04/2016,2682,2.781875626
29/04/2016,2683,2.782312176
29/04/2016,2684,2.782748725
29/04/2016,2685,2.783185275
29/04/2016,2686,2.783621824
29/04/2016,2687,2.784058374
29/04/2016,2688,2.784494923
29/04/2016,2689,2.784931473
29/04/2016,2690,2.785368022
29/04/2016,2691,2.785804571
29/04/2016,2692,2.786241121
29/04/2016,2693,2.78667767
29/04/2016,2694,2.78711422
29/04/2016,2695,2.787550769
29/04/2016,2696,2.787987319
29/04/2016,2697,2.788423868
29/04/2016,2698,2.788860418
29/04/2016,2699,2.789296967
29/04/2016,2700,2.789733516
29/04/2016,2701,2.790170066
29/04/2016,2702,2.790606615
29/04/2016,2703,2.791043165
29/04/2016,2704,2.791479714
29/04/2016,2705,2.791916264
29/04/2016,2706,2.792352813
29/04/2016,2707,2.792789363
29/04/2016,2708,2.793225912
29/04/2016,2709,2.793662462
29/04/2016,2710,2.794099011
29/04/2016,2711,2.79453556
29/04/2016,2712,2.79497211
29/04/2016,2713,2.795408659
29/04/2016,2714,2.795845209
29/04/2016,2715,2.796281758
29/04/2016,2716,2.796718308
29/04/2016,2717,2.797154857
29/04/2016,2718,2.797591407
29/04/2016,2719,2.798027956
29/04/2016,2720,2.798464505
29/04/2016,2721,2.798901055
29/04/2016,2722,2.799337604
29/04/2016,2723,2.799774154
29/04/2016,2724,2.800210703
29/04/2016,2725,2.800647253
29/04/2016,2726,2.801083802
29/04/2016,2727,2.801520352
29/04/2016,2728,2.801956901
29/04/2016,2729,2.802393451
29/04/2016,2730,2.80283
29/04/2016,2731,2.803099412
29/04/2016,2732,2.803368824
29/04/2016,2733,2.803638236
29/04/2016,2734,2.803907648
29/04/2016,2735,2.80417706
29/04/2016,2736,2.804446473
29/04/2016,2737,2.804715885
29/04/2016,2738,2.804985297
29/04/2016,2739,2.805254709
29/04/2016,2740,2.805524121
29/04/2016,2741,2.805793533
29/04/2016,2742,2.806062945
29/04/2016,2743,2.806332357
29/04/2016,2744,2.806601769
29/04/2016,2745,2.806871181
29/04/2016,2746,2.807140593
29/04/2016,2747,2.807410005
29/04/2016,2748,2.807679418
29/04/2016,2749,2.80794883
29/04/2016,2750,2.808218242
29/04/2016,2751,2.808487654
29/04/2016,2752,2.808757066
29/04/2016,2753,2.809026478
29/04/2016,2754,2.80929589
29/04/2016,2755,2.809565302
29/04/2016,2756,2.809834714
29/04/2016,2757,2.810104126
29/04/2016,2758,2.810373538
29/04/2016,2759,2.810642951
29/04/2016,2760,2.810912363
29/04/2016,2761,2.811181775
29/04/2016,2762,2.811451187
29/04/2016,2763,2.811720599
29/04/2016,2764,2.811990011
29/04/2016,2765,2.812259423
29/04/2016,2766,2.812528835
29/04/2016,2767,2.812798247
29/04/2016,2768,2.813067659
29/04/2016,2769,2.813337071
29/04/2016,2770,2.813606484
29/04/2016,2771,2.813875896
29/04/2016,2772,2.814145308
29/04/2016,2773,2.81441472
29/04/2016,2774,2.814684132
29/04/2016,2775,2.814953544
29/04/2016,2776,2.815222956
29/04/2016,2777,2.815492368
29/04/2016,2778,2.81576178
29/04/2016,2779,2.816031192
29/04/2016,2780,2.816300604
29/04/2016,2781,2.816570016
29/04/2016,2782,2.816839429
29/04/2016,2783,2.817108841
29/04/2016,2784,2.817378253
29/04/2016,2785,2.817647665
29/04/2016,2786,2.817917077
29/04/2016,2787,2.818186489
29/04/2016,2788,2.818455901
29/04/2016,2789,2.818725313
29/04/2016,2790,2.818994725
29/04/2016,2791,2.819264137
29/04/2016,2792,2.819533549
29/04/2016,2793,2.819802962
29/04/2016,2794,2.820072374
29/04/2016,2795,2.820341786
29/04/2016,2796,2.820611198
29/04/2016,2797,2.82088061
29/04/2016,2798,2.821150022
29/04/2016,2799,2.821419434
29/04/2016,2800,2.821688846
29/04/2016,2801,2.821958258
29/04/2016,2802,2.82222767
29/04/2016,2803,2.822497082
29/04/2016,2804,2.822766495
29/04/2016,2805,2.823035907
29/04/2016,2806,2.823305319
29/04/2016,2807,2.823574731
29/04/2016,2808,2.823844143
29/04/2016,2809,2.824113555
29/04/2016,2810,2.824382967
29/04/2016,2811,2.824652379
29/04/2016,2812,2.824921791
29/04/2016,2813,2.825191203
29/04/2016,2814,2.825460615
29/04/2016,2815,2.825730027
29/04/2016,2816,2.82599944
29/04/2016,2817,2.826268852
29/04/2016,2818,2.826538264
29/04/2016,2819,2.826807676
29/04/2016,2820,2.827077088
29/04/2016,2821,2.8273465
29/04/2016,2822,2.827615912
29/04/2016,2823,2.827885324
29/04/2016,2824,2.828154736
29/04/2016,2825,2.828424148
29/04/2016,2826,2.82869356
29/04/2016,2827,2.828962973
29/04/2016,2828,2.829232385
29/04/2016,2829,2.829501797
29/04/2016,2830,2.829771209
29/04/2016,2831,2.830040621
29/04/2016,2832,2.830310033
29/04/2016,2833,2.830579445
29/04/2016,2834,2.830848857
29/04/2016,2835,2.831118269
29/04/2016,2836,2.831387681
29/04/2016,2837,2.831657093
29/04/2016,2838,2.831926505
29/04/2016,2839,2.832195918
29/04/2016,2840,2.83246533
29/04/2016,2841,2.832734742
29/04/2016,2842,2.833004154
29/04/2016,2843,2.833273566
29/04/2016,2844,2.833542978
29/04/2016,2845,2.83381239
29/04/2016,2846,2.834081802
29/04/2016,2847,2.834351214
29/04/2016,2848,2.834620626
29/04/2016,2849,2.834890038
29/04/2016,2850,2.835159451
29/04/2016,2851,2.835428863
29/04/2016,2852,2.835698275
29/04/2016,2853,2.835967687
29/04/2016,2854,2.836237099
29/04/2016,2855,2.836506511
29/04/2016,2856,2.836775923
29/04/2016,2857,2.837045335
29/04/2016,2858,2.837314747
29/04/2016,2859,2.837584159
29/04/2016,2860,2.837853571
29/04/2016,2861,2.838122984
29/04/2016,2862,2.838392396
29/04/2016,2863,2.838661808
29/04/2016,2864,2.83893122
29/04/2016,2865,2.839200632
29/04/2016,2866,2.839470044
29/04/2016,2867,2.839739456
29/04/2016,2868,2.840008868
29/04/2016,2869,2.84027828
29/04/2016,2870,2.840547692
29/04/2016,2871,2.840817104
29/04/2016,2872,2.841086516
29/04/2016,2873,2.841355929
29/04/2016,2874,2.841625341
29/04/2016,2875,2.841894753
29/04/2016,2876,2.842164165
29/04/2016,2877,2.842433577
29/04/2016,2878,2.842702989
29/04/2016,2879,2.842972401
29/04/2016,2880,2.843241813
29/04/2016,2881,2.843511225
29/04/2016,2882,2.843780637
29/04/2016,2883,2.844050049
29/04/2016,2884,2.844319462
29/04/2016,2885,2.844588874
29/04/2016,2886,2.844858286
29/04/2016,2887,2.845127698
29/04/2016,2888,2.84539711
29/04/2016,2889,2.845666522
29/04/2016,2890,2.845935934
29/04/2016,2891,2.846205346
29/04/2016,2892,2.846474758
29/04/2016,2893,2.84674417
29/04/2016,2894,2.847013582
29/04/2016,2895,2.847282995
29/04/2016,2896,2.847552407
29/04/2016,2897,2.847821819
29/04/2016,2898,2.848091231
29/04/2016,2899,2.848360643
29/04/2016,2900,2.848630055
29/04/2016,2901,2.848899467
29/04/2016,2902,2.849168879
29/04/2016,2903,2.849438291
29/04/2016,2904,2.849707703
29/04/2016,2905,2.849977115
29/04/2016,2906,2.850246527
29/04/2016,2907,2.85051594
29/04/2016,2908,2.850785352
29/04/2016,2909,2.851054764
29/04/2016,2910,2.851324176
29/04/2016,2911,2.851593588
29/04/2016,2912,2.851863
29/04/2016,2913,2.852096027
29/04/2016,2914,2.852329055
29/04/2016,2915,2.852562082
29/04/2016,2916,2.85279511
29/04/2016,2917,2.853028137
29/04/2016,2918,2.853261165
29/04/2016,2919,2.853494192
29/04/2016,2920,2.85372722
29/04/2016,2921,2.853960247
29/04/2016,2922,2.854193275
29/04/2016,2923,2.854426302
29/04/2016,2924,2.85465933
29/04/2016,2925,2.854892357
29/04/2016,2926,2.855125385
29/04/2016,2927,2.855358412
29/04/2016,2928,2.85559144
29/04/2016,2929,2.855824467
29/04/2016,2930,2.856057495
29/04/2016,2931,2.856290522
29/04/2016,2932,2.856523549
29/04/2016,2933,2.856756577
29/04/2016,2934,2.856989604
29/04/2016,2935,2.857222632
29/04/2016,2936,2.857455659
29/04/2016,2937,2.857688687
29/04/2016,2938,2.857921714
29/04/2016,2939,2.858154742
29/04/2016,2940,2.858387769
29/04/2016,2941,2.858620797
29/04/2016,2942,2.858853824
29/04/2016,2943,2.859086852
29/04/2016,2944,2.859319879
29/04/2016,2945,2.859552907
29/04/2016,2946,2.859785934
29/04/2016,2947,2.860018962
29/04/2016,2948,2.860251989
29/04/2016,2949,2.860485016
29/04/2016,2950,2.860718044
29/04/2016,2951,2.860951071
29/04/2016,2952,2.861184099
29/04/2016,2953,2.861417126
29/04/2016,2954,2.861650154
29/04/2016,2955,2.861883181
29/04/2016,2956,2.862116209
29/04/2016,2957,2.862349236
29/04/2016,2958,2.862582264
29/04/2016,2959,2.862815291
29/04/2016,2960,2.863048319
29/04/2016,2961,2.863281346
29/04/2016,2962,2.863514374
29/04/2016,2963,2.863747401
29/04/2016,2964,2.863980429
29/04/2016,2965,2.864213456
29/04/2016,2966,2.864446484
29/04/2016,2967,2.864679511
29/04/2016,2968,2.864912538
29/04/2016,2969,2.865145566
29/04/2016,2970,2.865378593
29/04/2016,2971,2.865611621
29/04/2016,2972,2.865844648
29/04/2016,2973,2.866077676
29/04/2016,2974,2.866310703
29/04/2016,2975,2.866543731
29/04/2016,2976,2.866776758
29/04/2016,2977,2.867009786
29/04/2016,2978,2.867242813
29/04/2016,2979,2.867475841
29/04/2016,2980,2.867708868
29/04/2016,2981,2.867941896
29/04/2016,2982,2.868174923
29/04/2016,2983,2.868407951
29/04/2016,2984,2.868640978
29/04/2016,2985,2.868874005
29/04/2016,2986,2.869107033
29/04/2016,2987,2.86934006
29/04/2016,2988,2.869573088
29/04/2016,2989,2.869806115
29/04/2016,2990,2.870039143
29/04/2016,2991,2.87027217
29/04/2016,2992,2.870505198
29/04/2016,2993,2.870738225
29/04/2016,2994,2.870971253
29/04/2016,2995,2.87120428
29/04/2016,2996,2.871437308
29/04/2016,2997,2.871670335
29/04/2016,2998,2.871903363
29/04/2016,2999,2.87213639
29/04/2016,3000,2.872369418
29/04/2016,3001,2.872602445
29/04/2016,3002,2.872835473
29/04/2016,3003,2.8730685
29/04/2016,3004,2.873301527
29/04/2016,3005,2.873534555
29/04/2016,3006,2.873767582
29/04/2016,3007,2.87400061
29/04/2016,3008,2.874233637
29/04/2016,3009,2.874466665
29/04/2016,3010,2.874699692
29/04/2016,3011,2.87493272
29/04/2016,3012,2.875165747
29/04/2016,3013,2.875398775
29/04/2016,3014,2.875631802
29/04/2016,3015,2.87586483
29/04/2016,3016,2.876097857
29/04/2016,3017,2.876330885
29/04/2016,3018,2.876563912
29/04/2016,3019,2.87679694
29/04/2016,3020,2.877029967
29/04/2016,3021,2.877262995
29/04/2016,3022,2.877496022
29/04/2016,3023,2.877729049
29/04/2016,3024,2.877962077
29/04/2016,3025,2.878195104
29/04/2016,3026,2.878428132
29/04/2016,3027,2.878661159
29/04/2016,3028,2.878894187
29/04/2016,3029,2.879127214
29/04/2016,3030,2.879360242
29/04/2016,3031,2.879593269
29/04/2016,3032,2.879826297
29/04/2016,3033,2.880059324
29/04/2016,3034,2.880292352
29/04/2016,3035,2.880525379
29/04/2016,3036,2.880758407
29/04/2016,3037,2.880991434
29/04/2016,3038,2.881224462
29/04/2016,3039,2.881457489
29/04/2016,3040,2.881690516
29/04/2016,3041,2.881923544
29/04/2016,3042,2.882156571
29/04/2016,3043,2.882389599
29/04/2016,3044,2.882622626
29/04/2016,3045,2.882855654
29/04/2016,3046,2.883088681
29/04/2016,3047,2.883321709
29/04/2016,3048,2.883554736
29/04/2016,3049,2.883787764
29/04/2016,3050,2.884020791
29/04/2016,3051,2.884253819
29/04/2016,3052,2.884486846
29/04/2016,3053,2.884719874
29/04/2016,3054,2.884952901
29/04/2016,3055,2.885185929
29/04/2016,3056,2.885418956
29/04/2016,3057,2.885651984
29/04/2016,3058,2.885885011
29/04/2016,3059,2.886118038
29/04/2016,3060,2.886351066
29/04/2016,3061,2.886584093
29/04/2016,3062,2.886817121
29/04/2016,3063,2.887050148
29/04/2016,3064,2.887283176
29/04/2016,3065,2.887516203
29/04/2016,3066,2.887749231
29/04/2016,3067,2.887982258
29/04/2016,3068,2.888215286
29/04/2016,3069,2.888448313
29/04/2016,3070,2.888681341
29/04/2016,3071,2.888914368
29/04/2016,3072,2.889147396
29/04/2016,3073,2.889380423
29/04/2016,3074,2.889613451
29/04/2016,3075,2.889846478
29/04/2016,3076,2.890079505
29/04/2016,3077,2.890312533
29/04/2016,3078,2.89054556
29/04/2016,3079,2.890778588
29/04/2016,3080,2.891011615
29/04/2016,3081,2.891244643
29/04/2016,3082,2.89147767
29/04/2016,3083,2.891710698
29/04/2016,3084,2.891943725
29/04/2016,3085,2.892176753
29/04/2016,3086,2.89240978
29/04/2016,3087,2.892642808
29/04/2016,3088,2.892875835
29/04/2016,3089,2.893108863
29/04/2016,3090,2.89334189
29/04/2016,3091,2.893574918
29/04/2016,3092,2.893807945
29/04/2016,3093,2.894040973
29/04/2016,3094,2.894274
29/04/2016,3095,2.894472038
29/04/2016,3096,2.894670077
29/04/2016,3097,2.894868115
29/04/2016,3098,2.895066154
29/04/2016,3099,2.895264192
29/04/2016,3100,2.895462231
29/04/2016,3101,2.895660269
29/04/2016,3102,2.895858308
29/04/2016,3103,2.896056346
29/04/2016,3104,2.896254385
29/04/2016,3105,2.896452423
29/04/2016,3106,2.896650462
29/04/2016,3107,2.8968485
29/04/2016,3108,2.897046538
29/04/2016,3109,2.897244577
29/04/2016,3110,2.897442615
29/04/2016,3111,2.897640654
29/04/2016,3112,2.897838692
29/04/2016,3113,2.898036731
29/04/2016,3114,2.898234769
29/04/2016,3115,2.898432808
29/04/2016,3116,2.898630846
29/04/2016,3117,2.898828885
29/04/2016,3118,2.899026923
29/04/2016,3119,2.899224962
29/04/2016,3120,2.899423
29/04/2016,3121,2.899621038
29/04/2016,3122,2.899819077
29/04/2016,3123,2.900017115
29/04/2016,3124,2.900215154
29/04/2016,3125,2.900413192
29/04/2016,3126,2.900611231
29/04/2016,3127,2.900809269
29/04/2016,3128,2.901007308
29/04/2016,3129,2.901205346
29/04/2016,3130,2.901403385
29/04/2016,3131,2.901601423
29/04/2016,3132,2.901799462
29/04/2016,3133,2.9019975
29/04/2016,3134,2.902195538
29/04/2016,3135,2.902393577
29/04/2016,3136,2.902591615
29/04/2016,3137,2.902789654
29/04/2016,3138,2.902987692
29/04/2016,3139,2.903185731
29/04/2016,3140,2.903383769
29/04/2016,3141,2.903581808
29/04/2016,3142,2.903779846
29/04/2016,3143,2.903977885
29/04/2016,3144,2.904175923
29/04/2016,3145,2.904373962
29/04/2016,3146,2.904572
29/04/2016,3147,2.904770038
29/04/2016,3148,2.904968077
29/04/2016,3149,2.905166115
29/04/2016,3150,2.905364154
29/04/2016,3151,2.905562192
29/04/2016,3152,2.905760231
29/04/2016,3153,2.905958269
29/04/2016,3154,2.906156308
29/04/2016,3155,2.906354346
29/04/2016,3156,2.906552385
29/04/2016,3157,2.906750423
29/04/2016,3158,2.906948462
29/04/2016,3159,2.9071465
29/04/2016,3160,2.907344538
29/04/2016,3161,2.907542577
29/04/2016,3162,2.907740615
29/04/2016,3163,2.907938654
29/04/2016,3164,2.908136692
29/04/2016,3165,2.908334731
29/04/2016,3166,2.908532769
29/04/2016,3167,2.908730808
29/04/2016,3168,2.908928846
29/04/2016,3169,2.909126885
29/04/2016,3170,2.909324923
29/04/2016,3171,2.909522962
29/04/2016,3172,2.909721
29/04/2016,3173,2.909919038
29/04/2016,3174,2.910117077
29/04/2016,3175,2.910315115
29/04/2016,3176,2.910513154
29/04/2016,3177,2.910711192
29/04/2016,3178,2.910909231
29/04/2016,3179,2.911107269
29/04/2016,3180,2.911305308
29/04/2016,3181,2.911503346
29/04/2016,3182,2.911701385
29/04/2016,3183,2.911899423
29/04/2016,3184,2.912097462
29/04/2016,3185,2.9122955
29/04/2016,3186,2.912493538
29/04/2016,3187,2.912691577
29/04/2016,3188,2.912889615
29/04/2016,3189,2.913087654
29/04/2016,3190,2.913285692
29/04/2016,3191,2.913483731
29/04/2016,3192,2.913681769
29/04/2016,3193,2.913879808
29/04/2016,3194,2.914077846
29/04/2016,3195,2.914275885
29/04/2016,3196,2.914473923
29/04/2016,3197,2.914671962
29/04/2016,3198,2.91487
29/04/2016,3199,2.915068038
29/04/2016,3200,2.915266077
29/04/2016,3201,2.915464115
29/04/2016,3202,2.915662154
29/04/2016,3203,2.915860192
29/04/2016,3204,2.916058231
29/04/2016,3205,2.916256269
29/04/2016,3206,2.916454308
29/04/2016,3207,2.916652346
29/04/2016,3208,2.916850385
29/04/2016,3209,2.917048423
29/04/2016,3210,2.917246462
29/04/2016,3211,2.9174445
29/04/2016,3212,2.917642538
29/04/2016,3213,2.917840577
29/04/2016,3214,2.918038615
29/04/2016,3215,2.918236654
29/04/2016,3216,2.918434692
29/04/2016,3217,2.918632731
29/04/2016,3218,2.918830769
29/04/2016,3219,2.919028808
29/04/2016,3220,2.919226846
29/04/2016,3221,2.919424885
29/04/2016,3222,2.919622923
29/04/2016,3223,2.919820962
29/04/2016,3224,2.920019
29/04/2016,3225,2.920217038
29/04/2016,3226,2.920415077
29/04/2016,3227,2.920613115
29/04/2016,3228,2.920811154
29/04/2016,3229,2.921009192
29/04/2016,3230,2.921207231
29/04/2016,3231,2.921405269
29/04/2016,3232,2.921603308
29/04/2016,3233,2.921801346
29/04/2016,3234,2.921999385
29/04/2016,3235,2.922197423
29/04/2016,3236,2.922395462
29/04/2016,3237,2.9225935
29/04/2016,3238,2.922791538
29/04/2016,3239,2.922989577
29/04/2016,3240,2.923187615
29/04/2016,3241,2.923385654
29/04/2016,3242,2.923583692
29/04/2016,3243,2.923781731
29/04/2016,3244,2.923979769
29/04/2016,3245,2.924177808
29/04/2016,3246,2.924375846
29/04/2016,3247,2.924573885
29/04/2016,3248,2.924771923
29/04/2016,3249,2.924969962
29/04/2016,3250,2.925168
29/04/2016,3251,2.925366038
29/04/2016,3252,2.925564077
29/04/2016,3253,2.925762115
29/04/2016,3254,2.925960154
29/04/2016,3255,2.926158192
29/04/2016,3256,2.926356231
29/04/2016,3257,2.926554269
29/04/2016,3258,2.926752308
29/04/2016,3259,2.926950346
29/04/2016,3260,2.927148385
29/04/2016,3261,2.927346423
29/04/2016,3262,2.927544462
29/04/2016,3263,2.9277425
29/04/2016,3264,2.927940538
29/04/2016,3265,2.928138577
29/04/2016,3266,2.928336615
29/04/2016,3267,2.928534654
29/04/2016,3268,2.928732692
29/04/2016,3269,2.928930731
29/04/2016,3270,2.929128769
29/04/2016,3271,2.929326808
29/04/2016,3272,2.929524846
29/04/2016,3273,2.929722885
29/04/2016,3274,2.929920923
29/04/2016,3275,2.930118962
29/04/2016,3276,2.930317
29/04/2016,3277,2.930543434
29/04/2016,3278,2.930769868
29/04/2016,3279,2.930996302
29/04/2016,3280,2.931222736
29/04/2016,3281,2.93144917
29/04/2016,3282,2.931675604
29/04/2016,3283,2.931902038
29/04/2016,3284,2.932128473
29/04/2016,3285,2.932354907
29/04/2016,3286,2.932581341
29/04/2016,3287,2.932807775
29/04/2016,3288,2.933034209
29/04/2016,3289,2.933260643
29/04/2016,3290,2.933487077
29/04/2016,3291,2.933713511
29/04/2016,3292,2.933939945
29/04/2016,3293,2.934166379
29/04/2016,3294,2.934392813
29/04/2016,3295,2.934619247
29/04/2016,3296,2.934845681
29/04/2016,3297,2.935072115
29/04/2016,3298,2.935298549
29/04/2016,3299,2.935524984
29/04/2016,3300,2.935751418
29/04/2016,3301,2.935977852
29/04/2016,3302,2.936204286
29/04/2016,3303,2.93643072
29/04/2016,3304,2.936657154
29/04/2016,3305,2.936883588
29/04/2016,3306,2.937110022
29/04/2016,3307,2.937336456
29/04/2016,3308,2.93756289
29/04/2016,3309,2.937789324
29/04/2016,3310,2.938015758
29/04/2016,3311,2.938242192
29/04/2016,3312,2.938468626
29/04/2016,3313,2.93869506
29/04/2016,3314,2.938921495
29/04/2016,3315,2.939147929
29/04/2016,3316,2.939374363
29/04/2016,3317,2.939600797
29/04/2016,3318,2.939827231
29/04/2016,3319,2.940053665
29/04/2016,3320,2.940280099
29/04/2016,3321,2.940506533
29/04/2016,3322,2.940732967
29/04/2016,3323,2.940959401
29/04/2016,3324,2.941185835
29/04/2016,3325,2.941412269
29/04/2016,3326,2.941638703
29/04/2016,3327,2.941865137
29/04/2016,3328,2.942091571
29/04/2016,3329,2.942318005
29/04/2016,3330,2.94254444
29/04/2016,3331,2.942770874
29/04/2016,3332,2.942997308
29/04/2016,3333,2.943223742
29/04/2016,3334,2.943450176
29/04/2016,3335,2.94367661
29/04/2016,3336,2.943903044
29/04/2016,3337,2.944129478
29/04/2016,3338,2.944355912
29/04/2016,3339,2.944582346
29/04/2016,3340,2.94480878
29/04/2016,3341,2.945035214
29/04/2016,3342,2.945261648
29/04/2016,3343,2.945488082
29/04/2016,3344,2.945714516
29/04/2016,3345,2.945940951
29/04/2016,3346,2.946167385
29/04/2016,3347,2.946393819
29/04/2016,3348,2.946620253
29/04/2016,3349,2.946846687
29/04/2016,3350,2.947073121
29/04/2016,3351,2.947299555
29/04/2016,3352,2.947525989
29/04/2016,3353,2.947752423
29/04/2016,3354,2.947978857
29/04/2016,3355,2.948205291
29/04/2016,3356,2.948431725
29/04/2016,3357,2.948658159
29/04/2016,3358,2.948884593
29/04/2016,3359,2.949111027
29/04/2016,3360,2.949337462
29/04/2016,3361,2.949563896
29/04/2016,3362,2.94979033
29/04/2016,3363,2.950016764
29/04/2016,3364,2.950243198
29/04/2016,3365,2.950469632
29/04/2016,3366,2.950696066
29/04/2016,3367,2.9509225
29/04/2016,3368,2.951148934
29/04/2016,3369,2.951375368
29/04/2016,3370,2.951601802
29/04/2016,3371,2.951828236
29/04/2016,3372,2.95205467
29/04/2016,3373,2.952281104
29/04/2016,3374,2.952507538
29/04/2016,3375,2.952733973
29/04/2016,3376,2.952960407
29/04/2016,3377,2.953186841
29/04/2016,3378,2.953413275
29/04/2016,3379,2.953639709
29/04/2016,3380,2.953866143
29/04/2016,3381,2.954092577
29/04/2016,3382,2.954319011
29/04/2016,3383,2.954545445
29/04/2016,3384,2.954771879
29/04/2016,3385,2.954998313
29/04/2016,3386,2.955224747
29/04/2016,3387,2.955451181
29/04/2016,3388,2.955677615
29/04/2016,3389,2.955904049
29/04/2016,3390,2.956130484
29/04/2016,3391,2.956356918
29/04/2016,3392,2.956583352
29/04/2016,3393,2.956809786
29/04/2016,3394,2.95703622
29/04/2016,3395,2.957262654
29/04/2016,3396,2.957489088
29/04/2016,3397,2.957715522
29/04/2016,3398,2.957941956
29/04/2016,3399,2.95816839
29/04/2016,3400,2.958394824
29/04/2016,3401,2.958621258
29/04/2016,3402,2.958847692
29/04/2016,3403,2.959074126
29/04/2016,3404,2.95930056
29/04/2016,3405,2.959526995
29/04/2016,3406,2.959753429
29/04/2016,3407,2.959979863
29/04/2016,3408,2.960206297
29/04/2016,3409,2.960432731
29/04/2016,3410,2.960659165
29/04/2016,3411,2.960885599
29/04/2016,3412,2.961112033
29/04/2016,3413,2.961338467
29/04/2016,3414,2.961564901
29/04/2016,3415,2.961791335
29/04/2016,3416,2.962017769
29/04/2016,3417,2.962244203
29/04/2016,3418,2.962470637
29/04/2016,3419,2.962697071
29/04/2016,3420,2.962923505
29/04/2016,3421,2.96314994
29/04/2016,3422,2.963376374
29/04/2016,3423,2.963602808
29/04/2016,3424,2.963829242
29/04/2016,3425,2.964055676
29/04/2016,3426,2.96428211
29/04/2016,3427,2.964508544
29/04/2016,3428,2.964734978
29/04/2016,3429,2.964961412
29/04/2016,3430,2.965187846
29/04/2016,3431,2.96541428
29/04/2016,3432,2.965640714
29/04/2016,3433,2.965867148
29/04/2016,3434,2.966093582
29/04/2016,3435,2.966320016
29/04/2016,3436,2.966546451
29/04/2016,3437,2.966772885
29/04/2016,3438,2.966999319
29/04/2016,3439,2.967225753
29/04/2016,3440,2.967452187
29/04/2016,3441,2.967678621
29/04/2016,3442,2.967905055
29/04/2016,3443,2.968131489
29/04/2016,3444,2.968357923
29/04/2016,3445,2.968584357
29/04/2016,3446,2.968810791
29/04/2016,3447,2.969037225
29/04/2016,3448,2.969263659
29/04/2016,3449,2.969490093
29/04/2016,3450,2.969716527
29/04/2016,3451,2.969942962
29/04/2016,3452,2.970169396
29/04/2016,3453,2.97039583
29/04/2016,3454,2.970622264
29/04/2016,3455,2.970848698
29/04/2016,3456,2.971075132
29/04/2016,3457,2.971301566
29/04/2016,3458,2.971528
29/04/2016,3459,2.971729082
29/04/2016,3460,2.971930165
29/04/2016,3461,2.972131247
29/04/2016,3462,2.97233233
29/04/2016,3463,2.972533412
29/04/2016,3464,2.972734495
29/04/2016,3465,2.972935577
29/04/2016,3466,2.973136659
29/04/2016,3467,2.973337742
29/04/2016,3468,2.973538824
29/04/2016,3469,2.973739907
29/04/2016,3470,2.973940989
29/04/2016,3471,2.974142071
29/04/2016,3472,2.974343154
29/04/2016,3473,2.974544236
29/04/2016,3474,2.974745319
29/04/2016,3475,2.974946401
29/04/2016,3476,2.975147484
29/04/2016,3477,2.975348566
29/04/2016,3478,2.975549648
29/04/2016,3479,2.975750731
29/04/2016,3480,2.975951813
29/04/2016,3481,2.976152896
29/04/2016,3482,2.976353978
29/04/2016,3483,2.97655506
29/04/2016,3484,2.976756143
29/04/2016,3485,2.976957225
29/04/2016,3486,2.977158308
29/04/2016,3487,2.97735939
29/04/2016,3488,2.977560473
29/04/2016,3489,2.977761555
29/04/2016,3490,2.977962637
29/04/2016,3491,2.97816372
29/04/2016,3492,2.978364802
29/04/2016,3493,2.978565885
29/04/2016,3494,2.978766967
29/04/2016,3495,2.978968049
29/04/2016,3496,2.979169132
29/04/2016,3497,2.979370214
29/04/2016,3498,2.979571297
29/04/2016,3499,2.979772379
29/04/2016,3500,2.979973462
29/04/2016,3501,2.980174544
29/04/2016,3502,2.980375626
29/04/2016,3503,2.980576709
29/04/2016,3504,2.980777791
29/04/2016,3505,2.980978874
29/04/2016,3506,2.981179956
29/04/2016,3507,2.981381038
29/04/2016,3508,2.981582121
29/04/2016,3509,2.981783203
29/04/2016,3510,2.981984286
29/04/2016,3511,2.982185368
29/04/2016,3512,2.982386451
29/04/2016,3513,2.982587533
29/04/2016,3514,2.982788615
29/04/2016,3515,2.982989698
29/04/2016,3516,2.98319078
29/04/2016,3517,2.983391863
29/04/2016,3518,2.983592945
29/04/2016,3519,2.983794027
29/04/2016,3520,2.98399511
29/04/2016,3521,2.984196192
29/04/2016,3522,2.984397275
29/04/2016,3523,2.984598357
29/04/2016,3524,2.98479944
29/04/2016,3525,2.985000522
29/04/2016,3526,2.985201604
29/04/2016,3527,2.985402687
29/04/2016,3528,2.985603769
29/04/2016,3529,2.985804852
29/04/2016,3530,2.986005934
29/04/2016,3531,2.986207016
29/04/2016,3532,2.986408099
29/04/2016,3533,2.986609181
29/04/2016,3534,2.986810264
29/04/2016,3535,2.987011346
29/04/2016,3536,2.987212429
29/04/2016,3537,2.987413511
29/04/2016,3538,2.987614593
29/04/2016,3539,2.987815676
29/04/2016,3540,2.988016758
29/04/2016,3541,2.988217841
29/04/2016,3542,2.988418923
29/04/2016,3543,2.988620005
29/04/2016,3544,2.988821088
29/04/2016,3545,2.98902217
29/04/2016,3546,2.989223253
29/04/2016,3547,2.989424335
29/04/2016,3548,2.989625418
29/04/2016,3549,2.9898265
29/04/2016,3550,2.990027582
29/04/2016,3551,2.990228665
29/04/2016,3552,2.990429747
29/04/2016,3553,2.99063083
29/04/2016,3554,2.990831912
29/04/2016,3555,2.991032995
29/04/2016,3556,2.991234077
29/04/2016,3557,2.991435159
29/04/2016,3558,2.991636242
29/04/2016,3559,2.991837324
29/04/2016,3560,2.992038407
29/04/2016,3561,2.992239489
29/04/2016,3562,2.992440571
29/04/2016,3563,2.992641654
29/04/2016,3564,2.992842736
29/04/2016,3565,2.993043819
29/04/2016,3566,2.993244901
29/04/2016,3567,2.993445984
29/04/2016,3568,2.993647066
29/04/2016,3569,2.993848148
29/04/2016,3570,2.994049231
29/04/2016,3571,2.994250313
29/04/2016,3572,2.994451396
29/04/2016,3573,2.994652478
29/04/2016,3574,2.99485356
29/04/2016,3575,2.995054643
29/04/2016,3576,2.995255725
29/04/2016,3577,2.995456808
29/04/2016,3578,2.99565789
29/04/2016,3579,2.995858973
29/04/2016,3580,2.996060055
29/04/2016,3581,2.996261137
29/04/2016,3582,2.99646222
29/04/2016,3583,2.996663302
29/04/2016,3584,2.996864385
29/04/2016,3585,2.997065467
29/04/2016,3586,2.997266549
29/04/2016,3587,2.997467632
29/04/2016,3588,2.997668714
29/04/2016,3589,2.997869797
29/04/2016,3590,2.998070879
29/04/2016,3591,2.998271962
29/04/2016,3592,2.998473044
29/04/2016,3593,2.998674126
29/04/2016,3594,2.998875209
29/04/2016,3595,2.999076291
29/04/2016,3596,2.999277374
29/04/2016,3597,2.999478456
29/04/2016,3598,2.999679538
29/04/2016,3599,2.999880621
29/04/2016,3600,3.000081703
29/04/2016,3601,3.000282786
29/04/2016,3602,3.000483868
29/04/2016,3603,3.000684951
29/04/2016,3604,3.000886033
29/04/2016,3605,3.001087115
29/04/2016,3606,3.001288198
29/04/2016,3607,3.00148928
29/04/2016,3608,3.001690363
29/04/2016,3609,3.001891445
29/04/2016,3610,3.002092527
29/04/2016,3611,3.00229361
29/04/2016,3612,3.002494692
29/04/2016,3613,3.002695775
29/04/2016,3614,3.002896857
29/04/2016,3615,3.00309794
29/04/2016,3616,3.003299022
29/04/2016,3617,3.003500104
29/04/2016,3618,3.003701187
29/04/2016,3619,3.003902269
29/04/2016,3620,3.004103352
29/04/2016,3621,3.004304434
29/04/2016,3622,3.004505516
29/04/2016,3623,3.004706599
29/04/2016,3624,3.004907681
29/04/2016,3625,3.005108764
29/04/2016,3626,3.005309846
29/04/2016,3627,3.005510929
29/04/2016,3628,3.005712011
29/04/2016,3629,3.005913093
29/04/2016,3630,3.006114176
29/04/2016,3631,3.006315258
29/04/2016,3632,3.006516341
29/04/2016,3633,3.006717423
29/04/2016,3634,3.006918505
29/04/2016,3635,3.007119588
29/04/2016,3636,3.00732067
29/04/2016,3637,3.007521753
29/04/2016,3638,3.007722835
29/04/2016,3639,3.007923918
29/04/2016,3640,3.008125
29/04/2016,3641,3.008315005
29/04/2016,3642,3.008505011
29/04/2016,3643,3.008695016
29/04/2016,3644,3.008885022
29/04/2016,3645,3.009075027
29/04/2016,3646,3.009265033
29/04/2016,3647,3.009455038
29/04/2016,3648,3.009645044
29/04/2016,3649,3.009835049
29/04/2016,3650,3.010025055
29/04/2016,3651,3.01021506
29/04/2016,3652,3.010405066
29/04/2016,3653,3.010595071
29/04/2016,3654,3.010785077
29/04/2016,3655,3.010975082
29/04/2016,3656,3.011165088
29/04/2016,3657,3.011355093
29/04/2016,3658,3.011545099
29/04/2016,3659,3.011735104
29/04/2016,3660,3.01192511
29/04/2016,3661,3.012115115
29/04/2016,3662,3.012305121
29/04/2016,3663,3.012495126
29/04/2016,3664,3.012685132
29/04/2016,3665,3.012875137
29/04/2016,3666,3.013065143
29/04/2016,3667,3.013255148
29/04/2016,3668,3.013445154
29/04/2016,3669,3.013635159
29/04/2016,3670,3.013825165
29/04/2016,3671,3.01401517
29/04/2016,3672,3.014205176
29/04/2016,3673,3.014395181
29/04/2016,3674,3.014585187
29/04/2016,3675,3.014775192
29/04/2016,3676,3.014965198
29/04/2016,3677,3.015155203
29/04/2016,3678,3.015345209
29/04/2016,3679,3.015535214
29/04/2016,3680,3.01572522
29/04/2016,3681,3.015915225
29/04/2016,3682,3.016105231
29/04/2016,3683,3.016295236
29/04/2016,3684,3.016485242
29/04/2016,3685,3.016675247
29/04/2016,3686,3.016865253
29/04/2016,3687,3.017055258
29/04/2016,3688,3.017245264
29/04/2016,3689,3.017435269
29/04/2016,3690,3.017625275
29/04/2016,3691,3.01781528
29/04/2016,3692,3.018005286
29/04/2016,3693,3.018195291
29/04/2016,3694,3.018385297
29/04/2016,3695,3.018575302
29/04/2016,3696,3.018765308
29/04/2016,3697,3.018955313
29/04/2016,3698,3.019145319
29/04/2016,3699,3.019335324
29/04/2016,3700,3.01952533
29/04/2016,3701,3.019715335
29/04/2016,3702,3.019905341
29/04/2016,3703,3.020095346
29/04/2016,3704,3.020285352
29/04/2016,3705,3.020475357
29/04/2016,3706,3.020665363
29/04/2016,3707,3.020855368
29/04/2016,3708,3.021045374
29/04/2016,3709,3.021235379
29/04/2016,3710,3.021425385
29/04/2016,3711,3.02161539
29/04/2016,3712,3.021805396
29/04/2016,3713,3.021995401
29/04/2016,3714,3.022185407
29/04/2016,3715,3.022375412
29/04/2016,3716,3.022565418
29/04/2016,3717,3.022755423
29/04/2016,3718,3.022945429
29/04/2016,3719,3.023135434
29/04/2016,3720,3.02332544
29/04/2016,3721,3.023515445
29/04/2016,3722,3.023705451
29/04/2016,3723,3.023895456
29/04/2016,3724,3.024085462
29/04/2016,3725,3.024275467
29/04/2016,3726,3.024465473
29/04/2016,3727,3.024655478
29/04/2016,3728,3.024845484
29/04/2016,3729,3.025035489
29/04/2016,3730,3.025225495
29/04/2016,3731,3.0254155
29/04/2016,3732,3.025605505
29/04/2016,3733,3.025795511
29/04/2016,3734,3.025985516
29/04/2016,3735,3.026175522
29/04/2016,3736,3.026365527
29/04/2016,3737,3.026555533
29/04/2016,3738,3.026745538
29/04/2016,3739,3.026935544
29/04/2016,3740,3.027125549
29/04/2016,3741,3.027315555
29/04/2016,3742,3.02750556
29/04/2016,3743,3.027695566
29/04/2016,3744,3.027885571
29/04/2016,3745,3.028075577
29/04/2016,3746,3.028265582
29/04/2016,3747,3.028455588
29/04/2016,3748,3.028645593
29/04/2016,3749,3.028835599
29/04/2016,3750,3.029025604
29/04/2016,3751,3.02921561
29/04/2016,3752,3.029405615
29/04/2016,3753,3.029595621
29/04/2016,3754,3.029785626
29/04/2016,3755,3.029975632
29/04/2016,3756,3.030165637
29/04/2016,3757,3.030355643
29/04/2016,3758,3.030545648
29/04/2016,3759,3.030735654
29/04/2016,3760,3.030925659
29/04/2016,3761,3.031115665
29/04/2016,3762,3.03130567
29/04/2016,3763,3.031495676
29/04/2016,3764,3.031685681
29/04/2016,3765,3.031875687
29/04/2016,3766,3.032065692
29/04/2016,3767,3.032255698
29/04/2016,3768,3.032445703
29/04/2016,3769,3.032635709
29/04/2016,3770,3.032825714
29/04/2016,3771,3.03301572
29/04/2016,3772,3.033205725
29/04/2016,3773,3.033395731
29/04/2016,3774,3.033585736
29/04/2016,3775,3.033775742
29/04/2016,3776,3.033965747
29/04/2016,3777,3.034155753
29/04/2016,3778,3.034345758
29/04/2016,3779,3.034535764
29/04/2016,3780,3.034725769
29/04/2016,3781,3.034915775
29/04/2016,3782,3.03510578
29/04/2016,3783,3.035295786
29/04/2016,3784,3.035485791
29/04/2016,3785,3.035675797
29/04/2016,3786,3.035865802
29/04/2016,3787,3.036055808
29/04/2016,3788,3.036245813
29/04/2016,3789,3.036435819
29/04/2016,3790,3.036625824
29/04/2016,3791,3.03681583
29/04/2016,3792,3.037005835
29/04/2016,3793,3.037195841
29/04/2016,3794,3.037385846
29/04/2016,3795,3.037575852
29/04/2016,3796,3.037765857
29/04/2016,3797,3.037955863
29/04/2016,3798,3.038145868
29/04/2016,3799,3.038335874
29/04/2016,3800,3.038525879
29/04/2016,3801,3.038715885
29/04/2016,3802,3.03890589
29/04/2016,3803,3.039095896
29/04/2016,3804,3.039285901
29/04/2016,3805,3.039475907
29/04/2016,3806,3.039665912
29/04/2016,3807,3.039855918
29/04/2016,3808,3.040045923
29/04/2016,3809,3.040235929
29/04/2016,3810,3.040425934
29/04/2016,3811,3.04061594
29/04/2016,3812,3.040805945
29/04/2016,3813,3.040995951
29/04/2016,3814,3.041185956
29/04/2016,3815,3.041375962
29/04/2016,3816,3.041565967
29/04/2016,3817,3.041755973
29/04/2016,3818,3.041945978
29/04/2016,3819,3.042135984
29/04/2016,3820,3.042325989
29/04/2016,3821,3.042515995
29/04/2016,3822,3.042706
29/04/2016,3823,3.042894813
29/04/2016,3824,3.043083626
29/04/2016,3825,3.04327244
29/04/2016,3826,3.043461253
29/04/2016,3827,3.043650066
29/04/2016,3828,3.043838879
29/04/2016,3829,3.044027692
29/04/2016,3830,3.044216505
29/04/2016,3831,3.044405319
29/04/2016,3832,3.044594132
29/04/2016,3833,3.044782945
29/04/2016,3834,3.044971758
29/04/2016,3835,3.045160571
29/04/2016,3836,3.045349385
29/04/2016,3837,3.045538198
29/04/2016,3838,3.045727011
29/04/2016,3839,3.045915824
29/04/2016,3840,3.046104637
29/04/2016,3841,3.046293451
29/04/2016,3842,3.046482264
29/04/2016,3843,3.046671077
29/04/2016,3844,3.04685989
29/04/2016,3845,3.047048703
29/04/2016,3846,3.047237516
29/04/2016,3847,3.04742633
29/04/2016,3848,3.047615143
29/04/2016,3849,3.047803956
29/04/2016,3850,3.047992769
29/04/2016,3851,3.048181582
29/04/2016,3852,3.048370396
29/04/2016,3853,3.048559209
29/04/2016,3854,3.048748022
29/04/2016,3855,3.048936835
29/04/2016,3856,3.049125648
29/04/2016,3857,3.049314462
29/04/2016,3858,3.049503275
29/04/2016,3859,3.049692088
29/04/2016,3860,3.049880901
29/04/2016,3861,3.050069714
29/04/2016,3862,3.050258527
29/04/2016,3863,3.050447341
29/04/2016,3864,3.050636154
29/04/2016,3865,3.050824967
29/04/2016,3866,3.05101378
29/04/2016,3867,3.051202593
29/04/2016,3868,3.051391407
29/04/2016,3869,3.05158022
29/04/2016,3870,3.051769033
29/04/2016,3871,3.051957846
29/04/2016,3872,3.052146659
29/04/2016,3873,3.052335473
29/04/2016,3874,3.052524286
29/04/2016,3875,3.052713099
29/04/2016,3876,3.052901912
29/04/2016,3877,3.053090725
29/04/2016,3878,3.053279538
29/04/2016,3879,3.053468352
29/04/2016,3880,3.053657165
29/04/2016,3881,3.053845978
29/04/2016,3882,3.054034791
29/04/2016,3883,3.054223604
29/04/2016,3884,3.054412418
29/04/2016,3885,3.054601231
29/04/2016,3886,3.054790044
29/04/2016,3887,3.054978857
29/04/2016,3888,3.05516767
29/04/2016,3889,3.055356484
29/04/2016,3890,3.055545297
29/04/2016,3891,3.05573411
29/04/2016,3892,3.055922923
29/04/2016,3893,3.056111736
29/04/2016,3894,3.056300549
29/04/2016,3895,3.056489363
29/04/2016,3896,3.056678176
29/04/2016,3897,3.056866989
29/04/2016,3898,3.057055802
29/04/2016,3899,3.057244615
29/04/2016,3900,3.057433429
29/04/2016,3901,3.057622242
29/04/2016,3902,3.057811055
29/04/2016,3903,3.057999868
29/04/2016,3904,3.058188681
29/04/2016,3905,3.058377495
29/04/2016,3906,3.058566308
29/04/2016,3907,3.058755121
29/04/2016,3908,3.058943934
29/04/2016,3909,3.059132747
29/04/2016,3910,3.05932156
29/04/2016,3911,3.059510374
29/04/2016,3912,3.059699187
29/04/2016,3913,3.059888
29/04/2016,3914,3.060076813
29/04/2016,3915,3.060265626
29/04/2016,3916,3.06045444
29/04/2016,3917,3.060643253
29/04/2016,3918,3.060832066
29/04/2016,3919,3.061020879
29/04/2016,3920,3.061209692
29/04/2016,3921,3.061398505
29/04/2016,3922,3.061587319
29/04/2016,3923,3.061776132
29/04/2016,3924,3.061964945
29/04/2016,3925,3.062153758
29/04/2016,3926,3.062342571
29/04/2016,3927,3.062531385
29/04/2016,3928,3.062720198
29/04/2016,3929,3.062909011
29/04/2016,3930,3.063097824
29/04/2016,3931,3.063286637
29/04/2016,3932,3.063475451
29/04/2016,3933,3.063664264
29/04/2016,3934,3.063853077
29/04/2016,3935,3.06404189
29/04/2016,3936,3.064230703
29/04/2016,3937,3.064419516
29/04/2016,3938,3.06460833
29/04/2016,3939,3.064797143
29/04/2016,3940,3.064985956
29/04/2016,3941,3.065174769
29/04/2016,3942,3.065363582
29/04/2016,3943,3.065552396
29/04/2016,3944,3.065741209
29/04/2016,3945,3.065930022
29/04/2016,3946,3.066118835
29/04/2016,3947,3.066307648
29/04/2016,3948,3.066496462
29/04/2016,3949,3.066685275
29/04/2016,3950,3.066874088
29/04/2016,3951,3.067062901
29/04/2016,3952,3.067251714
29/04/2016,3953,3.067440527
29/04/2016,3954,3.067629341
29/04/2016,3955,3.067818154
29/04/2016,3956,3.068006967
29/04/2016,3957,3.06819578
29/04/2016,3958,3.068384593
29/04/2016,3959,3.068573407
29/04/2016,3960,3.06876222
29/04/2016,3961,3.068951033
29/04/2016,3962,3.069139846
29/04/2016,3963,3.069328659
29/04/2016,3964,3.069517473
29/04/2016,3965,3.069706286
29/04/2016,3966,3.069895099
29/04/2016,3967,3.070083912
29/04/2016,3968,3.070272725
29/04/2016,3969,3.070461538
29/04/2016,3970,3.070650352
29/04/2016,3971,3.070839165
29/04/2016,3972,3.071027978
29/04/2016,3973,3.071216791
29/04/2016,3974,3.071405604
29/04/2016,3975,3.071594418
29/04/2016,3976,3.071783231
29/04/2016,3977,3.071972044
29/04/2016,3978,3.072160857
29/04/2016,3979,3.07234967
29/04/2016,3980,3.072538484
29/04/2016,3981,3.072727297
29/04/2016,3982,3.07291611
29/04/2016,3983,3.073104923
29/04/2016,3984,3.073293736
29/04/2016,3985,3.073482549
29/04/2016,3986,3.073671363
29/04/2016,3987,3.073860176
29/04/2016,3988,3.074048989
29/04/2016,3989,3.074237802
29/04/2016,3990,3.074426615
29/04/2016,3991,3.074615429
29/04/2016,3992,3.074804242
29/04/2016,3993,3.074993055
29/04/2016,3994,3.075181868
29/04/2016,3995,3.075370681
29/04/2016,3996,3.075559495
29/04/2016,3997,3.075748308
29/04/2016,3998,3.075937121
29/04/2016,3999,3.076125934
29/04/2016,4000,3.076314747
29/04/2016,4001,3.07650356
29/04/2016,4002,3.076692374
29/04/2016,4003,3.076881187
29/04/2016,4004,3.07707
29/04/2016,4005,3.077256841
29/04/2016,4006,3.077443681
29/04/2016,4007,3.077630522
29/04/2016,4008,3.077817363
29/04/2016,4009,3.078004203
29/04/2016,4010,3.078191044
29/04/2016,4011,3.078377885
29/04/2016,4012,3.078564725
29/04/2016,4013,3.078751566
29/04/2016,4014,3.078938407
29/04/2016,4015,3.079125247
29/04/2016,4016,3.079312088
29/04/2016,4017,3.079498929
29/04/2016,4018,3.079685769
29/04/2016,4019,3.07987261
29/04/2016,4020,3.080059451
29/04/2016,4021,3.080246291
29/04/2016,4022,3.080433132
29/04/2016,4023,3.080619973
29/04/2016,4024,3.080806813
29/04/2016,4025,3.080993654
29/04/2016,4026,3.081180495
29/04/2016,4027,3.081367335
29/04/2016,4028,3.081554176
29/04/2016,4029,3.081741016
29/04/2016,4030,3.081927857
29/04/2016,4031,3.082114698
29/04/2016,4032,3.082301538
29/04/2016,4033,3.082488379
29/04/2016,4034,3.08267522
29/04/2016,4035,3.08286206
29/04/2016,4036,3.083048901
29/04/2016,4037,3.083235742
29/04/2016,4038,3.083422582
29/04/2016,4039,3.083609423
29/04/2016,4040,3.083796264
29/04/2016,4041,3.083983104
29/04/2016,4042,3.084169945
29/04/2016,4043,3.084356786
29/04/2016,4044,3.084543626
29/04/2016,4045,3.084730467
29/04/2016,4046,3.084917308
29/04/2016,4047,3.085104148
29/04/2016,4048,3.085290989
29/04/2016,4049,3.08547783
29/04/2016,4050,3.08566467
29/04/2016,4051,3.085851511
29/04/2016,4052,3.086038352
29/04/2016,4053,3.086225192
29/04/2016,4054,3.086412033
29/04/2016,4055,3.086598874
29/04/2016,4056,3.086785714
29/04/2016,4057,3.086972555
29/04/2016,4058,3.087159396
29/04/2016,4059,3.087346236
29/04/2016,4060,3.087533077
29/04/2016,4061,3.087719918
29/04/2016,4062,3.087906758
29/04/2016,4063,3.088093599
29/04/2016,4064,3.08828044
29/04/2016,4065,3.08846728
29/04/2016,4066,3.088654121
29/04/2016,4067,3.088840962
29/04/2016,4068,3.089027802
29/04/2016,4069,3.089214643
29/04/2016,4070,3.089401484
29/04/2016,4071,3.089588324
29/04/2016,4072,3.089775165
29/04/2016,4073,3.089962005
29/04/2016,4074,3.090148846
29/04/2016,4075,3.090335687
29/04/2016,4076,3.090522527
29/04/2016,4077,3.090709368
29/04/2016,4078,3.090896209
29/04/2016,4079,3.091083049
29/04/2016,4080,3.09126989
29/04/2016,4081,3.091456731
29/04/2016,4082,3.091643571
29/04/2016,4083,3.091830412
29/04/2016,4084,3.092017253
29/04/2016,4085,3.092204093
29/04/2016,4086,3.092390934
29/04/2016,4087,3.092577775
29/04/2016,4088,3.092764615
29/04/2016,4089,3.092951456
29/04/2016,4090,3.093138297
29/04/2016,4091,3.093325137
29/04/2016,4092,3.093511978
29/04/2016,4093,3.093698819
29/04/2016,4094,3.093885659
29/04/2016,4095,3.0940725
29/04/2016,4096,3.094259341
29/04/2016,4097,3.094446181
29/04/2016,4098,3.094633022
29/04/2016,4099,3.094819863
29/04/2016,4100,3.095006703
29/04/2016,4101,3.095193544
29/04/2016,4102,3.095380385
29/04/2016,4103,3.095567225
29/04/2016,4104,3.095754066
29/04/2016,4105,3.095940907
29/04/2016,4106,3.096127747
29/04/2016,4107,3.096314588
29/04/2016,4108,3.096501429
29/04/2016,4109,3.096688269
29/04/2016,4110,3.09687511
29/04/2016,4111,3.097061951
29/04/2016,4112,3.097248791
29/04/2016,4113,3.097435632
29/04/2016,4114,3.097622473
29/04/2016,4115,3.097809313
29/04/2016,4116,3.097996154
29/04/2016,4117,3.098182995
29/04/2016,4118,3.098369835
29/04/2016,4119,3.098556676
29/04/2016,4120,3.098743516
29/04/2016,4121,3.098930357
29/04/2016,4122,3.099117198
29/04/2016,4123,3.099304038
29/04/2016,4124,3.099490879
29/04/2016,4125,3.09967772
29/04/2016,4126,3.09986456
29/04/2016,4127,3.100051401
29/04/2016,4128,3.100238242
29/04/2016,4129,3.100425082
29/04/2016,4130,3.100611923
29/04/2016,4131,3.100798764
29/04/2016,4132,3.100985604
29/04/2016,4133,3.101172445
29/04/2016,4134,3.101359286
29/04/2016,4135,3.101546126
29/04/2016,4136,3.101732967
29/04/2016,4137,3.101919808
29/04/2016,4138,3.102106648
29/04/2016,4139,3.102293489
29/04/2016,4140,3.10248033
29/04/2016,4141,3.10266717
29/04/2016,4142,3.102854011
29/04/2016,4143,3.103040852
29/04/2016,4144,3.103227692
29/04/2016,4145,3.103414533
29/04/2016,4146,3.103601374
29/04/2016,4147,3.103788214
29/04/2016,4148,3.103975055
29/04/2016,4149,3.104161896
29/04/2016,4150,3.104348736
29/04/2016,4151,3.104535577
29/04/2016,4152,3.104722418
29/04/2016,4153,3.104909258
29/04/2016,4154,3.105096099
29/04/2016,4155,3.10528294
29/04/2016,4156,3.10546978
29/04/2016,4157,3.105656621
29/04/2016,4158,3.105843462
29/04/2016,4159,3.106030302
29/04/2016,4160,3.106217143
29/04/2016,4161,3.106403984
29/04/2016,4162,3.106590824
29/04/2016,4163,3.106777665
29/04/2016,4164,3.106964505
29/04/2016,4165,3.107151346
29/04/2016,4166,3.107338187
29/04/2016,4167,3.107525027
29/04/2016,4168,3.107711868
29/04/2016,4169,3.107898709
29/04/2016,4170,3.108085549
29/04/2016,4171,3.10827239
29/04/2016,4172,3.108459231
29/04/2016,4173,3.108646071
29/04/2016,4174,3.108832912
29/04/2016,4175,3.109019753
29/04/2016,4176,3.109206593
29/04/2016,4177,3.109393434
29/04/2016,4178,3.109580275
29/04/2016,4179,3.109767115
29/04/2016,4180,3.109953956
29/04/2016,4181,3.110140797
29/04/2016,4182,3.110327637
29/04/2016,4183,3.110514478
29/04/2016,4184,3.110701319
29/04/2016,4185,3.110888159
29/04/2016,4186,3.111075
29/04/2016,4187,3.111259896
29/04/2016,4188,3.111444791
29/04/2016,4189,3.111629687
29/04/2016,4190,3.111814582
29/04/2016,4191,3.111999478
29/04/2016,4192,3.112184374
29/04/2016,4193,3.112369269
29/04/2016,4194,3.112554165
29/04/2016,4195,3.11273906
29/04/2016,4196,3.112923956
29/04/2016,4197,3.113108852
29/04/2016,4198,3.113293747
29/04/2016,4199,3.113478643
29/04/2016,4200,3.113663538
29/04/2016,4201,3.113848434
29/04/2016,4202,3.11403333
29/04/2016,4203,3.114218225
29/04/2016,4204,3.114403121
29/04/2016,4205,3.114588016
29/04/2016,4206,3.114772912
29/04/2016,4207,3.114957808
29/04/2016,4208,3.115142703
29/04/2016,4209,3.115327599
29/04/2016,4210,3.115512495
29/04/2016,4211,3.11569739
29/04/2016,4212,3.115882286
29/04/2016,4213,3.116067181
29/04/2016,4214,3.116252077
29/04/2016,4215,3.116436973
29/04/2016,4216,3.116621868
29/04/2016,4217,3.116806764
29/04/2016,4218,3.116991659
29/04/2016,4219,3.117176555
29/04/2016,4220,3.117361451
29/04/2016,4221,3.117546346
29/04/2016,4222,3.117731242
29/04/2016,4223,3.117916137
29/04/2016,4224,3.118101033
29/04/2016,4225,3.118285929
29/04/2016,4226,3.118470824
29/04/2016,4227,3.11865572
29/04/2016,4228,3.118840615
29/04/2016,4229,3.119025511
29/04/2016,4230,3.119210407
29/04/2016,4231,3.119395302
29/04/2016,4232,3.119580198
29/04/2016,4233,3.119765093
29/04/2016,4234,3.119949989
29/04/2016,4235,3.120134885
29/04/2016,4236,3.12031978
29/04/2016,4237,3.120504676
29/04/2016,4238,3.120689571
29/04/2016,4239,3.120874467
29/04/2016,4240,3.121059363
29/04/2016,4241,3.121244258
29/04/2016,4242,3.121429154
29/04/2016,4243,3.121614049
29/04/2016,4244,3.121798945
29/04/2016,4245,3.121983841
29/04/2016,4246,3.122168736
29/04/2016,4247,3.122353632
29/04/2016,4248,3.122538527
29/04/2016,4249,3.122723423
29/04/2016,4250,3.122908319
29/04/2016,4251,3.123093214
29/04/2016,4252,3.12327811
29/04/2016,4253,3.123463005
29/04/2016,4254,3.123647901
29/04/2016,4255,3.123832797
29/04/2016,4256,3.124017692
29/04/2016,4257,3.124202588
29/04/2016,4258,3.124387484
29/04/2016,4259,3.124572379
29/04/2016,4260,3.124757275
29/04/2016,4261,3.12494217
29/04/2016,4262,3.125127066
29/04/2016,4263,3.125311962
29/04/2016,4264,3.125496857
29/04/2016,4265,3.125681753
29/04/2016,4266,3.125866648
29/04/2016,4267,3.126051544
29/04/2016,4268,3.12623644
29/04/2016,4269,3.126421335
29/04/2016,4270,3.126606231
29/04/2016,4271,3.126791126
29/04/2016,4272,3.126976022
29/04/2016,4273,3.127160918
29/04/2016,4274,3.127345813
29/04/2016,4275,3.127530709
29/04/2016,4276,3.127715604
29/04/2016,4277,3.1279005
29/04/2016,4278,3.128085396
29/04/2016,4279,3.128270291
29/04/2016,4280,3.128455187
29/04/2016,4281,3.128640082
29/04/2016,4282,3.128824978
29/04/2016,4283,3.129009874
29/04/2016,4284,3.129194769
29/04/2016,4285,3.129379665
29/04/2016,4286,3.12956456
29/04/2016,4287,3.129749456
29/04/2016,4288,3.129934352
29/04/2016,4289,3.130119247
29/04/2016,4290,3.130304143
29/04/2016,4291,3.130489038
29/04/2016,4292,3.130673934
29/04/2016,4293,3.13085883
29/04/2016,4294,3.131043725
29/04/2016,4295,3.131228621
29/04/2016,4296,3.131413516
29/04/2016,4297,3.131598412
29/04/2016,4298,3.131783308
29/04/2016,4299,3.131968203
29/04/2016,4300,3.132153099
29/04/2016,4301,3.132337995
29/04/2016,4302,3.13252289
29/04/2016,4303,3.132707786
29/04/2016,4304,3.132892681
29/04/2016,4305,3.133077577
29/04/2016,4306,3.133262473
29/04/2016,4307,3.133447368
29/04/2016,4308,3.133632264
29/04/2016,4309,3.133817159
29/04/2016,4310,3.134002055
29/04/2016,4311,3.134186951
29/04/2016,4312,3.134371846
29/04/2016,4313,3.134556742
29/04/2016,4314,3.134741637
29/04/2016,4315,3.134926533
29/04/2016,4316,3.135111429
29/04/2016,4317,3.135296324
29/04/2016,4318,3.13548122
29/04/2016,4319,3.135666115
29/04/2016,4320,3.135851011
29/04/2016,4321,3.136035907
29/04/2016,4322,3.136220802
29/04/2016,4323,3.136405698
29/04/2016,4324,3.136590593
29/04/2016,4325,3.136775489
29/04/2016,4326,3.136960385
29/04/2016,4327,3.13714528
29/04/2016,4328,3.137330176
29/04/2016,4329,3.137515071
29/04/2016,4330,3.137699967
29/04/2016,4331,3.137884863
29/04/2016,4332,3.138069758
29/04/2016,4333,3.138254654
29/04/2016,4334,3.138439549
29/04/2016,4335,3.138624445
29/04/2016,4336,3.138809341
29/04/2016,4337,3.138994236
29/04/2016,4338,3.139179132
29/04/2016,4339,3.139364027
29/04/2016,4340,3.139548923
29/04/2016,4341,3.139733819
29/04/2016,4342,3.139918714
29/04/2016,4343,3.14010361
29/04/2016,4344,3.140288505
29/04/2016,4345,3.140473401
29/04/2016,4346,3.140658297
29/04/2016,4347,3.140843192
29/04/2016,4348,3.141028088
29/04/2016,4349,3.141212984
29/04/2016,4350,3.141397879
29/04/2016,4351,3.141582775
29/04/2016,4352,3.14176767
29/04/2016,4353,3.141952566
29/04/2016,4354,3.142137462
29/04/2016,4355,3.142322357
29/04/2016,4356,3.142507253
29/04/2016,4357,3.142692148
29/04/2016,4358,3.142877044
29/04/2016,4359,3.14306194
29/04/2016,4360,3.143246835
29/04/2016,4361,3.143431731
29/04/2016,4362,3.143616626
29/04/2016,4363,3.143801522
29/04/2016,4364,3.143986418
29/04/2016,4365,3.144171313
29/04/2016,4366,3.144356209
29/04/2016,4367,3.144541104
29/04/2016,4368,3.144726
29/04/2016,4369,3.144908984
29/04/2016,4370,3.145091967
29/04/2016,4371,3.145274951
29/04/2016,4372,3.145457934
29/04/2016,4373,3.145640918
29/04/2016,4374,3.145823901
29/04/2016,4375,3.146006885
29/04/2016,4376,3.146189868
29/04/2016,4377,3.146372852
29/04/2016,4378,3.146555835
29/04/2016,4379,3.146738819
29/04/2016,4380,3.146921802
29/04/2016,4381,3.147104786
29/04/2016,4382,3.147287769
29/04/2016,4383,3.147470753
29/04/2016,4384,3.147653736
29/04/2016,4385,3.14783672
29/04/2016,4386,3.148019703
29/04/2016,4387,3.148202687
29/04/2016,4388,3.14838567
29/04/2016,4389,3.148568654
29/04/2016,4390,3.148751637
29/04/2016,4391,3.148934621
29/04/2016,4392,3.149117604
29/04/2016,4393,3.149300588
29/04/2016,4394,3.149483571
29/04/2016,4395,3.149666555
29/04/2016,4396,3.149849538
29/04/2016,4397,3.150032522
29/04/2016,4398,3.150215505
29/04/2016,4399,3.150398489
29/04/2016,4400,3.150581473
29/04/2016,4401,3.150764456
29/04/2016,4402,3.15094744
29/04/2016,4403,3.151130423
29/04/2016,4404,3.151313407
29/04/2016,4405,3.15149639
29/04/2016,4406,3.151679374
29/04/2016,4407,3.151862357
29/04/2016,4408,3.152045341
29/04/2016,4409,3.152228324
29/04/2016,4410,3.152411308
29/04/2016,4411,3.152594291
29/04/2016,4412,3.152777275
29/04/2016,4413,3.152960258
29/04/2016,4414,3.153143242
29/04/2016,4415,3.153326225
29/04/2016,4416,3.153509209
29/04/2016,4417,3.153692192
29/04/2016,4418,3.153875176
29/04/2016,4419,3.154058159
29/04/2016,4420,3.154241143
29/04/2016,4421,3.154424126
29/04/2016,4422,3.15460711
29/04/2016,4423,3.154790093
29/04/2016,4424,3.154973077
29/04/2016,4425,3.15515606
29/04/2016,4426,3.155339044
29/04/2016,4427,3.155522027
29/04/2016,4428,3.155705011
29/04/2016,4429,3.155887995
29/04/2016,4430,3.156070978
29/04/2016,4431,3.156253962
29/04/2016,4432,3.156436945
29/04/2016,4433,3.156619929
29/04/2016,4434,3.156802912
29/04/2016,4435,3.156985896
29/04/2016,4436,3.157168879
29/04/2016,4437,3.157351863
29/04/2016,4438,3.157534846
29/04/2016,4439,3.15771783
29/04/2016,4440,3.157900813
29/04/2016,4441,3.158083797
29/04/2016,4442,3.15826678
29/04/2016,4443,3.158449764
29/04/2016,4444,3.158632747
29/04/2016,4445,3.158815731
29/04/2016,4446,3.158998714
29/04/2016,4447,3.159181698
29/04/2016,4448,3.159364681
29/04/2016,4449,3.159547665
29/04/2016,4450,3.159730648
29/04/2016,4451,3.159913632
29/04/2016,4452,3.160096615
29/04/2016,4453,3.160279599
29/04/2016,4454,3.160462582
29/04/2016,4455,3.160645566
29/04/2016,4456,3.160828549
29/04/2016,4457,3.161011533
29/04/2016,4458,3.161194516
29/04/2016,4459,3.1613775
29/04/2016,4460,3.161560484
29/04/2016,4461,3.161743467
29/04/2016,4462,3.161926451
29/04/2016,4463,3.162109434
29/04/2016,4464,3.162292418
29/04/2016,4465,3.162475401
29/04/2016,4466,3.162658385
29/04/2016,4467,3.162841368
29/04/2016,4468,3.163024352
29/04/2016,4469,3.163207335
29/04/2016,4470,3.163390319
29/04/2016,4471,3.163573302
29/04/2016,4472,3.163756286
29/04/2016,4473,3.163939269
29/04/2016,4474,3.164122253
29/04/2016,4475,3.164305236
29/04/2016,4476,3.16448822
29/04/2016,4477,3.164671203
29/04/2016,4478,3.164854187
29/04/2016,4479,3.16503717
29/04/2016,4480,3.165220154
29/04/2016,4481,3.165403137
29/04/2016,4482,3.165586121
29/04/2016,4483,3.165769104
29/04/2016,4484,3.165952088
29/04/2016,4485,3.166135071
29/04/2016,4486,3.166318055
29/04/2016,4487,3.166501038
29/04/2016,4488,3.166684022
29/04/2016,4489,3.166867005
29/04/2016,4490,3.167049989
29/04/2016,4491,3.167232973
29/04/2016,4492,3.167415956
29/04/2016,4493,3.16759894
29/04/2016,4494,3.167781923
29/04/2016,4495,3.167964907
29/04/2016,4496,3.16814789
29/04/2016,4497,3.168330874
29/04/2016,4498,3.168513857
29/04/2016,4499,3.168696841
29/04/2016,4500,3.168879824
29/04/2016,4501,3.169062808
29/04/2016,4502,3.169245791
29/04/2016,4503,3.169428775
29/04/2016,4504,3.169611758
29/04/2016,4505,3.169794742
29/04/2016,4506,3.169977725
29/04/2016,4507,3.170160709
29/04/2016,4508,3.170343692
29/04/2016,4509,3.170526676
29/04/2016,4510,3.170709659
29/04/2016,4511,3.170892643
29/04/2016,4512,3.171075626
29/04/2016,4513,3.17125861
29/04/2016,4514,3.171441593
29/04/2016,4515,3.171624577
29/04/2016,4516,3.17180756
29/04/2016,4517,3.171990544
29/04/2016,4518,3.172173527
29/04/2016,4519,3.172356511
29/04/2016,4520,3.172539495
29/04/2016,4521,3.172722478
29/04/2016,4522,3.172905462
29/04/2016,4523,3.173088445
29/04/2016,4524,3.173271429
29/04/2016,4525,3.173454412
29/04/2016,4526,3.173637396
29/04/2016,4527,3.173820379
29/04/2016,4528,3.174003363
29/04/2016,4529,3.174186346
29/04/2016,4530,3.17436933
29/04/2016,4531,3.174552313
29/04/2016,4532,3.174735297
29/04/2016,4533,3.17491828
29/04/2016,4534,3.175101264
29/04/2016,4535,3.175284247
29/04/2016,4536,3.175467231
29/04/2016,4537,3.175650214
29/04/2016,4538,3.175833198
29/04/2016,4539,3.176016181
29/04/2016,4540,3.176199165
29/04/2016,4541,3.176382148
29/04/2016,4542,3.176565132
29/04/2016,4543,3.176748115
29/04/2016,4544,3.176931099
29/04/2016,4545,3.177114082
29/04/2016,4546,3.177297066
29/04/2016,4547,3.177480049
29/04/2016,4548,3.177663033
29/04/2016,4549,3.177846016
29/04/2016,4550,3.178029
29/04/2016,4551,3.178210088
29/04/2016,4552,3.178391176
29/04/2016,4553,3.178572264
29/04/2016,4554,3.178753352
29/04/2016,4555,3.17893444
29/04/2016,4556,3.179115527
29/04/2016,4557,3.179296615
29/04/2016,4558,3.179477703
29/04/2016,4559,3.179658791
29/04/2016,4560,3.179839879
29/04/2016,4561,3.180020967
29/04/2016,4562,3.180202055
29/04/2016,4563,3.180383143
29/04/2016,4564,3.180564231
29/04/2016,4565,3.180745319
29/04/2016,4566,3.180926407
29/04/2016,4567,3.181107495
29/04/2016,4568,3.181288582
29/04/2016,4569,3.18146967
29/04/2016,4570,3.181650758
29/04/2016,4571,3.181831846
29/04/2016,4572,3.182012934
29/04/2016,4573,3.182194022
29/04/2016,4574,3.18237511
29/04/2016,4575,3.182556198
29/04/2016,4576,3.182737286
29/04/2016,4577,3.182918374
29/04/2016,4578,3.183099462
29/04/2016,4579,3.183280549
29/04/2016,4580,3.183461637
29/04/2016,4581,3.183642725
29/04/2016,4582,3.183823813
29/04/2016,4583,3.184004901
29/04/2016,4584,3.184185989
29/04/2016,4585,3.184367077
29/04/2016,4586,3.184548165
29/04/2016,4587,3.184729253
29/04/2016,4588,3.184910341
29/04/2016,4589,3.185091429
29/04/2016,4590,3.185272516
29/04/2016,4591,3.185453604
29/04/2016,4592,3.185634692
29/04/2016,4593,3.18581578
29/04/2016,4594,3.185996868
29/04/2016,4595,3.186177956
29/04/2016,4596,3.186359044
29/04/2016,4597,3.186540132
29/04/2016,4598,3.18672122
29/04/2016,4599,3.186902308
29/04/2016,4600,3.187083396
29/04/2016,4601,3.187264484
29/04/2016,4602,3.187445571
29/04/2016,4603,3.187626659
29/04/2016,4604,3.187807747
29/04/2016,4605,3.187988835
29/04/2016,4606,3.188169923
29/04/2016,4607,3.188351011
29/04/2016,4608,3.188532099
29/04/2016,4609,3.188713187
29/04/2016,4610,3.188894275
29/04/2016,4611,3.189075363
29/04/2016,4612,3.189256451
29/04/2016,4613,3.189437538
29/04/2016,4614,3.189618626
29/04/2016,4615,3.189799714
29/04/2016,4616,3.189980802
29/04/2016,4617,3.19016189
29/04/2016,4618,3.190342978
29/04/2016,4619,3.190524066
29/04/2016,4620,3.190705154
29/04/2016,4621,3.190886242
29/04/2016,4622,3.19106733
29/04/2016,4623,3.191248418
29/04/2016,4624,3.191429505
29/04/2016,4625,3.191610593
29/04/2016,4626,3.191791681
29/04/2016,4627,3.191972769
29/04/2016,4628,3.192153857
29/04/2016,4629,3.192334945
29/04/2016,4630,3.192516033
29/04/2016,4631,3.192697121
29/04/2016,4632,3.192878209
29/04/2016,4633,3.193059297
29/04/2016,4634,3.193240385
29/04/2016,4635,3.193421473
29/04/2016,4636,3.19360256
29/04/2016,4637,3.193783648
29/04/2016,4638,3.193964736
29/04/2016,4639,3.194145824
29/04/2016,4640,3.194326912
29/04/2016,4641,3.194508
29/04/2016,4642,3.194689088
29/04/2016,4643,3.194870176
29/04/2016,4644,3.195051264
29/04/2016,4645,3.195232352
29/04/2016,4646,3.19541344
29/04/2016,4647,3.195594527
29/04/2016,4648,3.195775615
29/04/2016,4649,3.195956703
29/04/2016,4650,3.196137791
29/04/2016,4651,3.196318879
29/04/2016,4652,3.196499967
29/04/2016,4653,3.196681055
29/04/2016,4654,3.196862143
29/04/2016,4655,3.197043231
29/04/2016,4656,3.197224319
29/04/2016,4657,3.197405407
29/04/2016,4658,3.197586495
29/04/2016,4659,3.197767582
29/04/2016,4660,3.19794867
29/04/2016,4661,3.198129758
29/04/2016,4662,3.198310846
29/04/2016,4663,3.198491934
29/04/2016,4664,3.198673022
29/04/2016,4665,3.19885411
29/04/2016,4666,3.199035198
29/04/2016,4667,3.199216286
29/04/2016,4668,3.199397374
29/04/2016,4669,3.199578462
29/04/2016,4670,3.199759549
29/04/2016,4671,3.199940637
29/04/2016,4672,3.200121725
29/04/2016,4673,3.200302813
29/04/2016,4674,3.200483901
29/04/2016,4675,3.200664989
29/04/2016,4676,3.200846077
29/04/2016,4677,3.201027165
29/04/2016,4678,3.201208253
29/04/2016,4679,3.201389341
29/04/2016,4680,3.201570429
29/04/2016,4681,3.201751516
29/04/2016,4682,3.201932604
29/04/2016,4683,3.202113692
29/04/2016,4684,3.20229478
29/04/2016,4685,3.202475868
29/04/2016,4686,3.202656956
29/04/2016,4687,3.202838044
29/04/2016,4688,3.203019132
29/04/2016,4689,3.20320022
29/04/2016,4690,3.203381308
29/04/2016,4691,3.203562396
29/04/2016,4692,3.203743484
29/04/2016,4693,3.203924571
29/04/2016,4694,3.204105659
29/04/2016,4695,3.204286747
29/04/2016,4696,3.204467835
29/04/2016,4697,3.204648923
29/04/2016,4698,3.204830011
29/04/2016,4699,3.205011099
29/04/2016,4700,3.205192187
29/04/2016,4701,3.205373275
29/04/2016,4702,3.205554363
29/04/2016,4703,3.205735451
29/04/2016,4704,3.205916538
29/04/2016,4705,3.206097626
29/04/2016,4706,3.206278714
29/04/2016,4707,3.206459802
29/04/2016,4708,3.20664089
29/04/2016,4709,3.206821978
29/04/2016,4710,3.207003066
29/04/2016,4711,3.207184154
29/04/2016,4712,3.207365242
29/04/2016,4713,3.20754633
29/04/2016,4714,3.207727418
29/04/2016,4715,3.207908505
29/04/2016,4716,3.208089593
29/04/2016,4717,3.208270681
29/04/2016,4718,3.208451769
29/04/2016,4719,3.208632857
29/04/2016,4720,3.208813945
29/04/2016,4721,3.208995033
29/04/2016,4722,3.209176121
29/04/2016,4723,3.209357209
29/04/2016,4724,3.209538297
29/04/2016,4725,3.209719385
29/04/2016,4726,3.209900473
29/04/2016,4727,3.21008156
29/04/2016,4728,3.210262648
29/04/2016,4729,3.210443736
29/04/2016,4730,3.210624824
29/04/2016,4731,3.210805912
29/04/2016,4732,3.210987
29/04/2016,4733,3.211056753
29/04/2016,4734,3.211126505
29/04/2016,4735,3.211196258
29/04/2016,4736,3.211266011
29/04/2016,4737,3.211335764
29/04/2016,4738,3.211405516
29/04/2016,4739,3.211475269
29/04/2016,4740,3.211545022
29/04/2016,4741,3.211614775
29/04/2016,4742,3.211684527
29/04/2016,4743,3.21175428
29/04/2016,4744,3.211824033
29/04/2016,4745,3.211893786
29/04/2016,4746,3.211963538
29/04/2016,4747,3.212033291
29/04/2016,4748,3.212103044
29/04/2016,4749,3.212172797
29/04/2016,4750,3.212242549
29/04/2016,4751,3.212312302
29/04/2016,4752,3.212382055
29/04/2016,4753,3.212451808
29/04/2016,4754,3.21252156
29/04/2016,4755,3.212591313
29/04/2016,4756,3.212661066
29/04/2016,4757,3.212730819
29/04/2016,4758,3.212800571
29/04/2016,4759,3.212870324
29/04/2016,4760,3.212940077
29/04/2016,4761,3.21300983
29/04/2016,4762,3.213079582
29/04/2016,4763,3.213149335
29/04/2016,4764,3.213219088
29/04/2016,4765,3.213288841
29/04/2016,4766,3.213358593
29/04/2016,4767,3.213428346
29/04/2016,4768,3.213498099
29/04/2016,4769,3.213567852
29/04/2016,4770,3.213637604
29/04/2016,4771,3.213707357
29/04/2016,4772,3.21377711
29/04/2016,4773,3.213846863
29/04/2016,4774,3.213916615
29/04/2016,4775,3.213986368
29/04/2016,4776,3.214056121
29/04/2016,4777,3.214125874
29/04/2016,4778,3.214195626
29/04/2016,4779,3.214265379
29/04/2016,4780,3.214335132
29/04/2016,4781,3.214404885
29/04/2016,4782,3.214474637
29/04/2016,4783,3.21454439
29/04/2016,4784,3.214614143
29/04/2016,4785,3.214683896
29/04/2016,4786,3.214753648
29/04/2016,4787,3.214823401
29/04/2016,4788,3.214893154
29/04/2016,4789,3.214962907
29/04/2016,4790,3.215032659
29/04/2016,4791,3.215102412
29/04/2016,4792,3.215172165
29/04/2016,4793,3.215241918
29/04/2016,4794,3.21531167
29/04/2016,4795,3.215381423
29/04/2016,4796,3.215451176
29/04/2016,4797,3.215520929
29/04/2016,4798,3.215590681
29/04/2016,4799,3.215660434
29/04/2016,4800,3.215730187
29/04/2016,4801,3.21579994
29/04/2016,4802,3.215869692
29/04/2016,4803,3.215939445
29/04/2016,4804,3.216009198
29/04/2016,4805,3.216078951
29/04/2016,4806,3.216148703
29/04/2016,4807,3.216218456
29/04/2016,4808,3.216288209
29/04/2016,4809,3.216357962
29/04/2016,4810,3.216427714
29/04/2016,4811,3.216497467
29/04/2016,4812,3.21656722
29/04/2016,4813,3.216636973
29/04/2016,4814,3.216706725
29/04/2016,4815,3.216776478
29/04/2016,4816,3.216846231
29/04/2016,4817,3.216915984
29/04/2016,4818,3.216985736
29/04/2016,4819,3.217055489
29/04/2016,4820,3.217125242
29/04/2016,4821,3.217194995
29/04/2016,4822,3.217264747
29/04/2016,4823,3.2173345
29/04/2016,4824,3.217404253
29/04/2016,4825,3.217474005
29/04/2016,4826,3.217543758
29/04/2016,4827,3.217613511
29/04/2016,4828,3.217683264
29/04/2016,4829,3.217753016
29/04/2016,4830,3.217822769
29/04/2016,4831,3.217892522
29/04/2016,4832,3.217962275
29/04/2016,4833,3.218032027
29/04/2016,4834,3.21810178
29/04/2016,4835,3.218171533
29/04/2016,4836,3.218241286
29/04/2016,4837,3.218311038
29/04/2016,4838,3.218380791
29/04/2016,4839,3.218450544
29/04/2016,4840,3.218520297
29/04/2016,4841,3.218590049
29/04/2016,4842,3.218659802
29/04/2016,4843,3.218729555
29/04/2016,4844,3.218799308
29/04/2016,4845,3.21886906
29/04/2016,4846,3.218938813
29/04/2016,4847,3.219008566
29/04/2016,4848,3.219078319
29/04/2016,4849,3.219148071
29/04/2016,4850,3.219217824
29/04/2016,4851,3.219287577
29/04/2016,4852,3.21935733
29/04/2016,4853,3.219427082
29/04/2016,4854,3.219496835
29/04/2016,4855,3.219566588
29/04/2016,4856,3.219636341
29/04/2016,4857,3.219706093
29/04/2016,4858,3.219775846
29/04/2016,4859,3.219845599
29/04/2016,4860,3.219915352
29/04/2016,4861,3.219985104
29/04/2016,4862,3.220054857
29/04/2016,4863,3.22012461
29/04/2016,4864,3.220194363
29/04/2016,4865,3.220264115
29/04/2016,4866,3.220333868
29/04/2016,4867,3.220403621
29/04/2016,4868,3.220473374
29/04/2016,4869,3.220543126
29/04/2016,4870,3.220612879
29/04/2016,4871,3.220682632
29/04/2016,4872,3.220752385
29/04/2016,4873,3.220822137
29/04/2016,4874,3.22089189
29/04/2016,4875,3.220961643
29/04/2016,4876,3.221031396
29/04/2016,4877,3.221101148
29/04/2016,4878,3.221170901
29/04/2016,4879,3.221240654
29/04/2016,4880,3.221310407
29/04/2016,4881,3.221380159
29/04/2016,4882,3.221449912
29/04/2016,4883,3.221519665
29/04/2016,4884,3.221589418
29/04/2016,4885,3.22165917
29/04/2016,4886,3.221728923
29/04/2016,4887,3.221798676
29/04/2016,4888,3.221868429
29/04/2016,4889,3.221938181
29/04/2016,4890,3.222007934
29/04/2016,4891,3.222077687
29/04/2016,4892,3.22214744
29/04/2016,4893,3.222217192
29/04/2016,4894,3.222286945
29/04/2016,4895,3.222356698
29/04/2016,4896,3.222426451
29/04/2016,4897,3.222496203
29/04/2016,4898,3.222565956
29/04/2016,4899,3.222635709
29/04/2016,4900,3.222705462
29/04/2016,4901,3.222775214
29/04/2016,4902,3.222844967
29/04/2016,4903,3.22291472
29/04/2016,4904,3.222984473
29/04/2016,4905,3.223054225
29/04/2016,4906,3.223123978
29/04/2016,4907,3.223193731
29/04/2016,4908,3.223263484
29/04/2016,4909,3.223333236
29/04/2016,4910,3.223402989
29/04/2016,4911,3.223472742
29/04/2016,4912,3.223542495
29/04/2016,4913,3.223612247
29/04/2016,4914,3.223682
29/04/2016,4915,3.223854247
29/04/2016,4916,3.224026495
29/04/2016,4917,3.224198742
29/04/2016,4918,3.224370989
29/04/2016,4919,3.224543236
29/04/2016,4920,3.224715484
29/04/2016,4921,3.224887731
29/04/2016,4922,3.225059978
29/04/2016,4923,3.225232225
29/04/2016,4924,3.225404473
29/04/2016,4925,3.22557672
29/04/2016,4926,3.225748967
29/04/2016,4927,3.225921214
29/04/2016,4928,3.226093462
29/04/2016,4929,3.226265709
29/04/2016,4930,3.226437956
29/04/2016,4931,3.226610203
29/04/2016,4932,3.226782451
29/04/2016,4933,3.226954698
29/04/2016,4934,3.227126945
29/04/2016,4935,3.227299192
29/04/2016,4936,3.22747144
29/04/2016,4937,3.227643687
29/04/2016,4938,3.227815934
29/04/2016,4939,3.227988181
29/04/2016,4940,3.228160429
29/04/2016,4941,3.228332676
29/04/2016,4942,3.228504923
29/04/2016,4943,3.22867717
29/04/2016,4944,3.228849418
29/04/2016,4945,3.229021665
29/04/2016,4946,3.229193912
29/04/2016,4947,3.229366159
29/04/2016,4948,3.229538407
29/04/2016,4949,3.229710654
29/04/2016,4950,3.229882901
29/04/2016,4951,3.230055148
29/04/2016,4952,3.230227396
29/04/2016,4953,3.230399643
29/04/2016,4954,3.23057189
29/04/2016,4955,3.230744137
29/04/2016,4956,3.230916385
29/04/2016,4957,3.231088632
29/04/2016,4958,3.231260879
29/04/2016,4959,3.231433126
29/04/2016,4960,3.231605374
29/04/2016,4961,3.231777621
29/04/2016,4962,3.231949868
29/04/2016,4963,3.232122115
29/04/2016,4964,3.232294363
29/04/2016,4965,3.23246661
29/04/2016,4966,3.232638857
29/04/2016,4967,3.232811104
29/04/2016,4968,3.232983352
29/04/2016,4969,3.233155599
29/04/2016,4970,3.233327846
29/04/2016,4971,3.233500093
29/04/2016,4972,3.233672341
29/04/2016,4973,3.233844588
29/04/2016,4974,3.234016835
29/04/2016,4975,3.234189082
29/04/2016,4976,3.23436133
29/04/2016,4977,3.234533577
29/04/2016,4978,3.234705824
29/04/2016,4979,3.234878071
29/04/2016,4980,3.235050319
29/04/2016,4981,3.235222566
29/04/2016,4982,3.235394813
29/04/2016,4983,3.23556706
29/04/2016,4984,3.235739308
29/04/2016,4985,3.235911555
29/04/2016,4986,3.236083802
29/04/2016,4987,3.236256049
29/04/2016,4988,3.236428297
29/04/2016,4989,3.236600544
29/04/2016,4990,3.236772791
29/04/2016,4991,3.236945038
29/04/2016,4992,3.237117286
29/04/2016,4993,3.237289533
29/04/2016,4994,3.23746178
29/04/2016,4995,3.237634027
29/04/2016,4996,3.237806275
29/04/2016,4997,3.237978522
29/04/2016,4998,3.238150769
29/04/2016,4999,3.238323016
29/04/2016,5000,3.238495264
29/04/2016,5001,3.238667511
29/04/2016,5002,3.238839758
29/04/2016,5003,3.239012005
29/04/2016,5004,3.239184253
29/04/2016,5005,3.2393565
29/04/2016,5006,3.239528747
29/04/2016,5007,3.239700995
29/04/2016,5008,3.239873242
29/04/2016,5009,3.240045489
29/04/2016,5010,3.240217736
29/04/2016,5011,3.240389984
29/04/2016,5012,3.240562231
29/04/2016,5013,3.240734478
29/04/2016,5014,3.240906725
29/04/2016,5015,3.241078973
29/04/2016,5016,3.24125122
29/04/2016,5017,3.241423467
29/04/2016,5018,3.241595714
29/04/2016,5019,3.241767962
29/04/2016,5020,3.241940209
29/04/2016,5021,3.242112456
29/04/2016,5022,3.242284703
29/04/2016,5023,3.242456951
29/04/2016,5024,3.242629198
29/04/2016,5025,3.242801445
29/04/2016,5026,3.242973692
29/04/2016,5027,3.24314594
29/04/2016,5028,3.243318187
29/04/2016,5029,3.243490434
29/04/2016,5030,3.243662681
29/04/2016,5031,3.243834929
29/04/2016,5032,3.244007176
29/04/2016,5033,3.244179423
29/04/2016,5034,3.24435167
29/04/2016,5035,3.244523918
29/04/2016,5036,3.244696165
29/04/2016,5037,3.244868412
29/04/2016,5038,3.245040659
29/04/2016,5039,3.245212907
29/04/2016,5040,3.245385154
29/04/2016,5041,3.245557401
29/04/2016,5042,3.245729648
29/04/2016,5043,3.245901896
29/04/2016,5044,3.246074143
29/04/2016,5045,3.24624639
29/04/2016,5046,3.246418637
29/04/2016,5047,3.246590885
29/04/2016,5048,3.246763132
29/04/2016,5049,3.246935379
29/04/2016,5050,3.247107626
29/04/2016,5051,3.247279874
29/04/2016,5052,3.247452121
29/04/2016,5053,3.247624368
29/04/2016,5054,3.247796615
29/04/2016,5055,3.247968863
29/04/2016,5056,3.24814111
29/04/2016,5057,3.248313357
29/04/2016,5058,3.248485604
29/04/2016,5059,3.248657852
29/04/2016,5060,3.248830099
29/04/2016,5061,3.249002346
29/04/2016,5062,3.249174593
29/04/2016,5063,3.249346841
29/04/2016,5064,3.249519088
29/04/2016,5065,3.249691335
29/04/2016,5066,3.249863582
29/04/2016,5067,3.25003583
29/04/2016,5068,3.250208077
29/04/2016,5069,3.250380324
29/04/2016,5070,3.250552571
29/04/2016,5071,3.250724819
29/04/2016,5072,3.250897066
29/04/2016,5073,3.251069313
29/04/2016,5074,3.25124156
29/04/2016,5075,3.251413808
29/04/2016,5076,3.251586055
29/04/2016,5077,3.251758302
29/04/2016,5078,3.251930549
29/04/2016,5079,3.252102797
29/04/2016,5080,3.252275044
29/04/2016,5081,3.252447291
29/04/2016,5082,3.252619538
29/04/2016,5083,3.252791786
29/04/2016,5084,3.252964033
29/04/2016,5085,3.25313628
29/04/2016,5086,3.253308527
29/04/2016,5087,3.253480775
29/04/2016,5088,3.253653022
29/04/2016,5089,3.253825269
29/04/2016,5090,3.253997516
29/04/2016,5091,3.254169764
29/04/2016,5092,3.254342011
29/04/2016,5093,3.254514258
29/04/2016,5094,3.254686505
29/04/2016,5095,3.254858753
29/04/2016,5096,3.255031
29/04/2016,5097,3.255201269
29/04/2016,5098,3.255371538
29/04/2016,5099,3.255541808
29/04/2016,5100,3.255712077
29/04/2016,5101,3.255882346
29/04/2016,5102,3.256052615
29/04/2016,5103,3.256222885
29/04/2016,5104,3.256393154
29/04/2016,5105,3.256563423
29/04/2016,5106,3.256733692
29/04/2016,5107,3.256903962
29/04/2016,5108,3.257074231
29/04/2016,5109,3.2572445
29/04/2016,5110,3.257414769
29/04/2016,5111,3.257585038
29/04/2016,5112,3.257755308
29/04/2016,5113,3.257925577
29/04/2016,5114,3.258095846
29/04/2016,5115,3.258266115
29/04/2016,5116,3.258436385
29/04/2016,5117,3.258606654
29/04/2016,5118,3.258776923
29/04/2016,5119,3.258947192
29/04/2016,5120,3.259117462
29/04/2016,5121,3.259287731
29/04/2016,5122,3.259458
29/04/2016,5123,3.259628269
29/04/2016,5124,3.259798538
29/04/2016,5125,3.259968808
29/04/2016,5126,3.260139077
29/04/2016,5127,3.260309346
29/04/2016,5128,3.260479615
29/04/2016,5129,3.260649885
29/04/2016,5130,3.260820154
29/04/2016,5131,3.260990423
29/04/2016,5132,3.261160692
29/04/2016,5133,3.261330962
29/04/2016,5134,3.261501231
29/04/2016,5135,3.2616715
29/04/2016,5136,3.261841769
29/04/2016,5137,3.262012038
29/04/2016,5138,3.262182308
29/04/2016,5139,3.262352577
29/04/2016,5140,3.262522846
29/04/2016,5141,3.262693115
29/04/2016,5142,3.262863385
29/04/2016,5143,3.263033654
29/04/2016,5144,3.263203923
29/04/2016,5145,3.263374192
29/04/2016,5146,3.263544462
29/04/2016,5147,3.263714731
29/04/2016,5148,3.263885
29/04/2016,5149,3.264055269
29/04/2016,5150,3.264225538
29/04/2016,5151,3.264395808
29/04/2016,5152,3.264566077
29/04/2016,5153,3.264736346
29/04/2016,5154,3.264906615
29/04/2016,5155,3.265076885
29/04/2016,5156,3.265247154
29/04/2016,5157,3.265417423
29/04/2016,5158,3.265587692
29/04/2016,5159,3.265757962
29/04/2016,5160,3.265928231
29/04/2016,5161,3.2660985
29/04/2016,5162,3.266268769
29/04/2016,5163,3.266439038
29/04/2016,5164,3.266609308
29/04/2016,5165,3.266779577
29/04/2016,5166,3.266949846
29/04/2016,5167,3.267120115
29/04/2016,5168,3.267290385
29/04/2016,5169,3.267460654
29/04/2016,5170,3.267630923
29/04/2016,5171,3.267801192
29/04/2016,5172,3.267971462
29/04/2016,5173,3.268141731
29/04/2016,5174,3.268312
29/04/2016,5175,3.268482269
29/04/2016,5176,3.268652538
29/04/2016,5177,3.268822808
29/04/2016,5178,3.268993077
29/04/2016,5179,3.269163346
29/04/2016,5180,3.269333615
29/04/2016,5181,3.269503885
29/04/2016,5182,3.269674154
29/04/2016,5183,3.269844423
29/04/2016,5184,3.270014692
29/04/2016,5185,3.270184962
29/04/2016,5186,3.270355231
29/04/2016,5187,3.2705255
29/04/2016,5188,3.270695769
29/04/2016,5189,3.270866038
29/04/2016,5190,3.271036308
29/04/2016,5191,3.271206577
29/04/2016,5192,3.271376846
29/04/2016,5193,3.271547115
29/04/2016,5194,3.271717385
29/04/2016,5195,3.271887654
29/04/2016,5196,3.272057923
29/04/2016,5197,3.272228192
29/04/2016,5198,3.272398462
29/04/2016,5199,3.272568731
29/04/2016,5200,3.272739
29/04/2016,5201,3.272909269
29/04/2016,5202,3.273079538
29/04/2016,5203,3.273249808
29/04/2016,5204,3.273420077
29/04/2016,5205,3.273590346
29/04/2016,5206,3.273760615
29/04/2016,5207,3.273930885
29/04/2016,5208,3.274101154
29/04/2016,5209,3.274271423
29/04/2016,5210,3.274441692
29/04/2016,5211,3.274611962
29/04/2016,5212,3.274782231
29/04/2016,5213,3.2749525
29/04/2016,5214,3.275122769
29/04/2016,5215,3.275293038
29/04/2016,5216,3.275463308
29/04/2016,5217,3.275633577
29/04/2016,5218,3.275803846
29/04/2016,5219,3.275974115
29/04/2016,5220,3.276144385
29/04/2016,5221,3.276314654
29/04/2016,5222,3.276484923
29/04/2016,5223,3.276655192
29/04/2016,5224,3.276825462
29/04/2016,5225,3.276995731
29/04/2016,5226,3.277166
29/04/2016,5227,3.277336269
29/04/2016,5228,3.277506538
29/04/2016,5229,3.277676808
29/04/2016,5230,3.277847077
29/04/2016,5231,3.278017346
29/04/2016,5232,3.278187615
29/04/2016,5233,3.278357885
29/04/2016,5234,3.278528154
29/04/2016,5235,3.278698423
29/04/2016,5236,3.278868692
29/04/2016,5237,3.279038962
29/04/2016,5238,3.279209231
29/04/2016,5239,3.2793795
29/04/2016,5240,3.279549769
29/04/2016,5241,3.279720038
29/04/2016,5242,3.279890308
29/04/2016,5243,3.280060577
29/04/2016,5244,3.280230846
29/04/2016,5245,3.280401115
29/04/2016,5246,3.280571385
29/04/2016,5247,3.280741654
29/04/2016,5248,3.280911923
29/04/2016,5249,3.281082192
29/04/2016,5250,3.281252462
29/04/2016,5251,3.281422731
29/04/2016,5252,3.281593
29/04/2016,5253,3.281763269
29/04/2016,5254,3.281933538
29/04/2016,5255,3.282103808
29/04/2016,5256,3.282274077
29/04/2016,5257,3.282444346
29/04/2016,5258,3.282614615
29/04/2016,5259,3.282784885
29/04/2016,5260,3.282955154
29/04/2016,5261,3.283125423
29/04/2016,5262,3.283295692
29/04/2016,5263,3.283465962
29/04/2016,5264,3.283636231
29/04/2016,5265,3.2838065
29/04/2016,5266,3.283976769
29/04/2016,5267,3.284147038
29/04/2016,5268,3.284317308
29/04/2016,5269,3.284487577
29/04/2016,5270,3.284657846
29/04/2016,5271,3.284828115
29/04/2016,5272,3.284998385
29/04/2016,5273,3.285168654
29/04/2016,5274,3.285338923
29/04/2016,5275,3.285509192
29/04/2016,5276,3.285679462
29/04/2016,5277,3.285849731
29/04/2016,5278,3.28602
29/04/2016,5279,3.286188302
29/04/2016,5280,3.286356604
29/04/2016,5281,3.286524907
29/04/2016,5282,3.286693209
29/04/2016,5283,3.286861511
29/04/2016,5284,3.287029813
29/04/2016,5285,3.287198115
29/04/2016,5286,3.287366418
29/04/2016,5287,3.28753472
29/04/2016,5288,3.287703022
29/04/2016,5289,3.287871324
29/04/2016,5290,3.288039626
29/04/2016,5291,3.288207929
29/04/2016,5292,3.288376231
29/04/2016,5293,3.288544533
29/04/2016,5294,3.288712835
29/04/2016,5295,3.288881137
29/04/2016,5296,3.28904944
29/04/2016,5297,3.289217742
29/04/2016,5298,3.289386044
29/04/2016,5299,3.289554346
29/04/2016,5300,3.289722648
29/04/2016,5301,3.289890951
29/04/2016,5302,3.290059253
29/04/2016,5303,3.290227555
29/04/2016,5304,3.290395857
29/04/2016,5305,3.290564159
29/04/2016,5306,3.290732462
29/04/2016,5307,3.290900764
29/04/2016,5308,3.291069066
29/04/2016,5309,3.291237368
29/04/2016,5310,3.29140567
29/04/2016,5311,3.291573973
29/04/2016,5312,3.291742275
29/04/2016,5313,3.291910577
29/04/2016,5314,3.292078879
29/04/2016,5315,3.292247181
29/04/2016,5316,3.292415484
29/04/2016,5317,3.292583786
29/04/2016,5318,3.292752088
29/04/2016,5319,3.29292039
29/04/2016,5320,3.293088692
29/04/2016,5321,3.293256995
29/04/2016,5322,3.293425297
29/04/2016,5323,3.293593599
29/04/2016,5324,3.293761901
29/04/2016,5325,3.293930203
29/04/2016,5326,3.294098505
29/04/2016,5327,3.294266808
29/04/2016,5328,3.29443511
29/04/2016,5329,3.294603412
29/04/2016,5330,3.294771714
29/04/2016,5331,3.294940016
29/04/2016,5332,3.295108319
29/04/2016,5333,3.295276621
29/04/2016,5334,3.295444923
29/04/2016,5335,3.295613225
29/04/2016,5336,3.295781527
29/04/2016,5337,3.29594983
29/04/2016,5338,3.296118132
29/04/2016,5339,3.296286434
29/04/2016,5340,3.296454736
29/04/2016,5341,3.296623038
29/04/2016,5342,3.296791341
29/04/2016,5343,3.296959643
29/04/2016,5344,3.297127945
29/04/2016,5345,3.297296247
29/04/2016,5346,3.297464549
29/04/2016,5347,3.297632852
29/04/2016,5348,3.297801154
29/04/2016,5349,3.297969456
29/04/2016,5350,3.298137758
29/04/2016,5351,3.29830606
29/04/2016,5352,3.298474363
29/04/2016,5353,3.298642665
29/04/2016,5354,3.298810967
29/04/2016,5355,3.298979269
29/04/2016,5356,3.299147571
29/04/2016,5357,3.299315874
29/04/2016,5358,3.299484176
29/04/2016,5359,3.299652478
29/04/2016,5360,3.29982078
29/04/2016,5361,3.299989082
29/04/2016,5362,3.300157385
29/04/2016,5363,3.300325687
29/04/2016,5364,3.300493989
29/04/2016,5365,3.300662291
29/04/2016,5366,3.300830593
29/04/2016,5367,3.300998896
29/04/2016,5368,3.301167198
29/04/2016,5369,3.3013355
29/04/2016,5370,3.301503802
29/04/2016,5371,3.301672104
29/04/2016,5372,3.301840407
29/04/2016,5373,3.302008709
29/04/2016,5374,3.302177011
29/04/2016,5375,3.302345313
29/04/2016,5376,3.302513615
29/04/2016,5377,3.302681918
29/04/2016,5378,3.30285022
29/04/2016,5379,3.303018522
29/04/2016,5380,3.303186824
29/04/2016,5381,3.303355126
29/04/2016,5382,3.303523429
29/04/2016,5383,3.303691731
29/04/2016,5384,3.303860033
29/04/2016,5385,3.304028335
29/04/2016,5386,3.304196637
29/04/2016,5387,3.30436494
29/04/2016,5388,3.304533242
29/04/2016,5389,3.304701544
29/04/2016,5390,3.304869846
29/04/2016,5391,3.305038148
29/04/2016,5392,3.305206451
29/04/2016,5393,3.305374753
29/04/2016,5394,3.305543055
29/04/2016,5395,3.305711357
29/04/2016,5396,3.305879659
29/04/2016,5397,3.306047962
29/04/2016,5398,3.306216264
29/04/2016,5399,3.306384566
29/04/2016,5400,3.306552868
29/04/2016,5401,3.30672117
29/04/2016,5402,3.306889473
29/04/2016,5403,3.307057775
29/04/2016,5404,3.307226077
29/04/2016,5405,3.307394379
29/04/2016,5406,3.307562681
29/04/2016,5407,3.307730984
29/04/2016,5408,3.307899286
29/04/2016,5409,3.308067588
29/04/2016,5410,3.30823589
29/04/2016,5411,3.308404192
29/04/2016,5412,3.308572495
29/04/2016,5413,3.308740797
29/04/2016,5414,3.308909099
29/04/2016,5415,3.309077401
29/04/2016,5416,3.309245703
29/04/2016,5417,3.309414005
29/04/2016,5418,3.309582308
29/04/2016,5419,3.30975061
29/04/2016,5420,3.309918912
29/04/2016,5421,3.310087214
29/04/2016,5422,3.310255516
29/04/2016,5423,3.310423819
29/04/2016,5424,3.310592121
29/04/2016,5425,3.310760423
29/04/2016,5426,3.310928725
29/04/2016,5427,3.311097027
29/04/2016,5428,3.31126533
29/04/2016,5429,3.311433632
29/04/2016,5430,3.311601934
29/04/2016,5431,3.311770236
29/04/2016,5432,3.311938538
29/04/2016,5433,3.312106841
29/04/2016,5434,3.312275143
29/04/2016,5435,3.312443445
29/04/2016,5436,3.312611747
29/04/2016,5437,3.312780049
29/04/2016,5438,3.312948352
29/04/2016,5439,3.313116654
29/04/2016,5440,3.313284956
29/04/2016,5441,3.313453258
29/04/2016,5442,3.31362156
29/04/2016,5443,3.313789863
29/04/2016,5444,3.313958165
29/04/2016,5445,3.314126467
29/04/2016,5446,3.314294769
29/04/2016,5447,3.314463071
29/04/2016,5448,3.314631374
29/04/2016,5449,3.314799676
29/04/2016,5450,3.314967978
29/04/2016,5451,3.31513628
29/04/2016,5452,3.315304582
29/04/2016,5453,3.315472885
29/04/2016,5454,3.315641187
29/04/2016,5455,3.315809489
29/04/2016,5456,3.315977791
29/04/2016,5457,3.316146093
29/04/2016,5458,3.316314396
29/04/2016,5459,3.316482698
29/04/2016,5460,3.316651
29/04/2016,5461,3.316817341
29/04/2016,5462,3.316983681
29/04/2016,5463,3.317150022
29/04/2016,5464,3.317316363
29/04/2016,5465,3.317482703
29/04/2016,5466,3.317649044
29/04/2016,5467,3.317815385
29/04/2016,5468,3.317981725
29/04/2016,5469,3.318148066
29/04/2016,5470,3.318314407
29/04/2016,5471,3.318480747
29/04/2016,5472,3.318647088
29/04/2016,5473,3.318813429
29/04/2016,5474,3.318979769
29/04/2016,5475,3.31914611
29/04/2016,5476,3.319312451
29/04/2016,5477,3.319478791
29/04/2016,5478,3.319645132
29/04/2016,5479,3.319811473
29/04/2016,5480,3.319977813
29/04/2016,5481,3.320144154
29/04/2016,5482,3.320310495
29/04/2016,5483,3.320476835
29/04/2016,5484,3.320643176
29/04/2016,5485,3.320809516
29/04/2016,5486,3.320975857
29/04/2016,5487,3.321142198
29/04/2016,5488,3.321308538
29/04/2016,5489,3.321474879
29/04/2016,5490,3.32164122
29/04/2016,5491,3.32180756
29/04/2016,5492,3.321973901
29/04/2016,5493,3.322140242
29/04/2016,5494,3.322306582
29/04/2016,5495,3.322472923
29/04/2016,5496,3.322639264
29/04/2016,5497,3.322805604
29/04/2016,5498,3.322971945
29/04/2016,5499,3.323138286
29/04/2016,5500,3.323304626
29/04/2016,5501,3.323470967
29/04/2016,5502,3.323637308
29/04/2016,5503,3.323803648
29/04/2016,5504,3.323969989
29/04/2016,5505,3.32413633
29/04/2016,5506,3.32430267
29/04/2016,5507,3.324469011
29/04/2016,5508,3.324635352
29/04/2016,5509,3.324801692
29/04/2016,5510,3.324968033
29/04/2016,5511,3.325134374
29/04/2016,5512,3.325300714
29/04/2016,5513,3.325467055
29/04/2016,5514,3.325633396
29/04/2016,5515,3.325799736
29/04/2016,5516,3.325966077
29/04/2016,5517,3.326132418
29/04/2016,5518,3.326298758
29/04/2016,5519,3.326465099
29/04/2016,5520,3.32663144
29/04/2016,5521,3.32679778
29/04/2016,5522,3.326964121
29/04/2016,5523,3.327130462
29/04/2016,5524,3.327296802
29/04/2016,5525,3.327463143
29/04/2016,5526,3.327629484
29/04/2016,5527,3.327795824
29/04/2016,5528,3.327962165
29/04/2016,5529,3.328128505
29/04/2016,5530,3.328294846
29/04/2016,5531,3.328461187
29/04/2016,5532,3.328627527
29/04/2016,5533,3.328793868
29/04/2016,5534,3.328960209
29/04/2016,5535,3.329126549
29/04/2016,5536,3.32929289
29/04/2016,5537,3.329459231
29/04/2016,5538,3.329625571
29/04/2016,5539,3.329791912
29/04/2016,5540,3.329958253
29/04/2016,5541,3.330124593
29/04/2016,5542,3.330290934
29/04/2016,5543,3.330457275
29/04/2016,5544,3.330623615
29/04/2016,5545,3.330789956
29/04/2016,5546,3.330956297
29/04/2016,5547,3.331122637
29/04/2016,5548,3.331288978
29/04/2016,5549,3.331455319
29/04/2016,5550,3.331621659
29/04/2016,5551,3.331788
29/04/2016,5552,3.331954341
29/04/2016,5553,3.332120681
29/04/2016,5554,3.332287022
29/04/2016,5555,3.332453363
29/04/2016,5556,3.332619703
29/04/2016,5557,3.332786044
29/04/2016,5558,3.332952385
29/04/2016,5559,3.333118725
29/04/2016,5560,3.333285066
29/04/2016,5561,3.333451407
29/04/2016,5562,3.333617747
29/04/2016,5563,3.333784088
29/04/2016,5564,3.333950429
29/04/2016,5565,3.334116769
29/04/2016,5566,3.33428311
29/04/2016,5567,3.334449451
29/04/2016,5568,3.334615791
29/04/2016,5569,3.334782132
29/04/2016,5570,3.334948473
29/04/2016,5571,3.335114813
29/04/2016,5572,3.335281154
29/04/2016,5573,3.335447495
29/04/2016,5574,3.335613835
29/04/2016,5575,3.335780176
29/04/2016,5576,3.335946516
29/04/2016,5577,3.336112857
29/04/2016,5578,3.336279198
29/04/2016,5579,3.336445538
29/04/2016,5580,3.336611879
29/04/2016,5581,3.33677822
29/04/2016,5582,3.33694456
29/04/2016,5583,3.337110901
29/04/2016,5584,3.337277242
29/04/2016,5585,3.337443582
29/04/2016,5586,3.337609923
29/04/2016,5587,3.337776264
29/04/2016,5588,3.337942604
29/04/2016,5589,3.338108945
29/04/2016,5590,3.338275286
29/04/2016,5591,3.338441626
29/04/2016,5592,3.338607967
29/04/2016,5593,3.338774308
29/04/2016,5594,3.338940648
29/04/2016,5595,3.339106989
29/04/2016,5596,3.33927333
29/04/2016,5597,3.33943967
29/04/2016,5598,3.339606011
29/04/2016,5599,3.339772352
29/04/2016,5600,3.339938692
29/04/2016,5601,3.340105033
29/04/2016,5602,3.340271374
29/04/2016,5603,3.340437714
29/04/2016,5604,3.340604055
29/04/2016,5605,3.340770396
29/04/2016,5606,3.340936736
29/04/2016,5607,3.341103077
29/04/2016,5608,3.341269418
29/04/2016,5609,3.341435758
29/04/2016,5610,3.341602099
29/04/2016,5611,3.34176844
29/04/2016,5612,3.34193478
29/04/2016,5613,3.342101121
29/04/2016,5614,3.342267462
29/04/2016,5615,3.342433802
29/04/2016,5616,3.342600143
29/04/2016,5617,3.342766484
29/04/2016,5618,3.342932824
29/04/2016,5619,3.343099165
29/04/2016,5620,3.343265505
29/04/2016,5621,3.343431846
29/04/2016,5622,3.343598187
29/04/2016,5623,3.343764527
29/04/2016,5624,3.343930868
29/04/2016,5625,3.344097209
29/04/2016,5626,3.344263549
29/04/2016,5627,3.34442989
29/04/2016,5628,3.344596231
29/04/2016,5629,3.344762571
29/04/2016,5630,3.344928912
29/04/2016,5631,3.345095253
29/04/2016,5632,3.345261593
29/04/2016,5633,3.345427934
29/04/2016,5634,3.345594275
29/04/2016,5635,3.345760615
29/04/2016,5636,3.345926956
29/04/2016,5637,3.346093297
29/04/2016,5638,3.346259637
29/04/2016,5639,3.346425978
29/04/2016,5640,3.346592319
29/04/2016,5641,3.346758659
29/04/2016,5642,3.346925
29/04/2016,5643,3.34708939
29/04/2016,5644,3.34725378
29/04/2016,5645,3.34741817
29/04/2016,5646,3.34758256
29/04/2016,5647,3.347746951
29/04/2016,5648,3.347911341
29/04/2016,5649,3.348075731
29/04/2016,5650,3.348240121
29/04/2016,5651,3.348404511
29/04/2016,5652,3.348568901
29/04/2016,5653,3.348733291
29/04/2016,5654,3.348897681
29/04/2016,5655,3.349062071
29/04/2016,5656,3.349226462
29/04/2016,5657,3.349390852
29/04/2016,5658,3.349555242
29/04/2016,5659,3.349719632
29/04/2016,5660,3.349884022
29/04/2016,5661,3.350048412
29/04/2016,5662,3.350212802
29/04/2016,5663,3.350377192
29/04/2016,5664,3.350541582
29/04/2016,5665,3.350705973
29/04/2016,5666,3.350870363
29/04/2016,5667,3.351034753
29/04/2016,5668,3.351199143
29/04/2016,5669,3.351363533
29/04/2016,5670,3.351527923
29/04/2016,5671,3.351692313
29/04/2016,5672,3.351856703
29/04/2016,5673,3.352021093
29/04/2016,5674,3.352185484
29/04/2016,5675,3.352349874
29/04/2016,5676,3.352514264
29/04/2016,5677,3.352678654
29/04/2016,5678,3.352843044
29/04/2016,5679,3.353007434
29/04/2016,5680,3.353171824
29/04/2016,5681,3.353336214
29/04/2016,5682,3.353500604
29/04/2016,5683,3.353664995
29/04/2016,5684,3.353829385
29/04/2016,5685,3.353993775
29/04/2016,5686,3.354158165
29/04/2016,5687,3.354322555
29/04/2016,5688,3.354486945
29/04/2016,5689,3.354651335
29/04/2016,5690,3.354815725
29/04/2016,5691,3.354980115
29/04/2016,5692,3.355144505
29/04/2016,5693,3.355308896
29/04/2016,5694,3.355473286
29/04/2016,5695,3.355637676
29/04/2016,5696,3.355802066
29/04/2016,5697,3.355966456
29/04/2016,5698,3.356130846
29/04/2016,5699,3.356295236
29/04/2016,5700,3.356459626
29/04/2016,5701,3.356624016
29/04/2016,5702,3.356788407
29/04/2016,5703,3.356952797
29/04/2016,5704,3.357117187
29/04/2016,5705,3.357281577
29/04/2016,5706,3.357445967
29/04/2016,5707,3.357610357
29/04/2016,5708,3.357774747
29/04/2016,5709,3.357939137
29/04/2016,5710,3.358103527
29/04/2016,5711,3.358267918
29/04/2016,5712,3.358432308
29/04/2016,5713,3.358596698
29/04/2016,5714,3.358761088
29/04/2016,5715,3.358925478
29/04/2016,5716,3.359089868
29/04/2016,5717,3.359254258
29/04/2016,5718,3.359418648
29/04/2016,5719,3.359583038
29/04/2016,5720,3.359747429
29/04/2016,5721,3.359911819
29/04/2016,5722,3.360076209
29/04/2016,5723,3.360240599
29/04/2016,5724,3.360404989
29/04/2016,5725,3.360569379
29/04/2016,5726,3.360733769
29/04/2016,5727,3.360898159
29/04/2016,5728,3.361062549
29/04/2016,5729,3.36122694
29/04/2016,5730,3.36139133
29/04/2016,5731,3.36155572
29/04/2016,5732,3.36172011
29/04/2016,5733,3.3618845
29/04/2016,5734,3.36204889
29/04/2016,5735,3.36221328
29/04/2016,5736,3.36237767
29/04/2016,5737,3.36254206
29/04/2016,5738,3.362706451
29/04/2016,5739,3.362870841
29/04/2016,5740,3.363035231
29/04/2016,5741,3.363199621
29/04/2016,5742,3.363364011
29/04/2016,5743,3.363528401
29/04/2016,5744,3.363692791
29/04/2016,5745,3.363857181
29/04/2016,5746,3.364021571
29/04/2016,5747,3.364185962
29/04/2016,5748,3.364350352
29/04/2016,5749,3.364514742
29/04/2016,5750,3.364679132
29/04/2016,5751,3.364843522
29/04/2016,5752,3.365007912
29/04/2016,5753,3.365172302
29/04/2016,5754,3.365336692
29/04/2016,5755,3.365501082
29/04/2016,5756,3.365665473
29/04/2016,5757,3.365829863
29/04/2016,5758,3.365994253
29/04/2016,5759,3.366158643
29/04/2016,5760,3.366323033
29/04/2016,5761,3.366487423
29/04/2016,5762,3.366651813
29/04/2016,5763,3.366816203
29/04/2016,5764,3.366980593
29/04/2016,5765,3.367144984
29/04/2016,5766,3.367309374
29/04/2016,5767,3.367473764
29/04/2016,5768,3.367638154
29/04/2016,5769,3.367802544
29/04/2016,5770,3.367966934
29/04/2016,5771,3.368131324
29/04/2016,5772,3.368295714
29/04/2016,5773,3.368460104
29/04/2016,5774,3.368624495
29/04/2016,5775,3.368788885
29/04/2016,5776,3.368953275
29/04/2016,5777,3.369117665
29/04/2016,5778,3.369282055
29/04/2016,5779,3.369446445
29/04/2016,5780,3.369610835
29/04/2016,5781,3.369775225
29/04/2016,5782,3.369939615
29/04/2016,5783,3.370104005
29/04/2016,5784,3.370268396
29/04/2016,5785,3.370432786
29/04/2016,5786,3.370597176
29/04/2016,5787,3.370761566
29/04/2016,5788,3.370925956
29/04/2016,5789,3.371090346
29/04/2016,5790,3.371254736
29/04/2016,5791,3.371419126
29/04/2016,5792,3.371583516
29/04/2016,5793,3.371747907
29/04/2016,5794,3.371912297
29/04/2016,5795,3.372076687
29/04/2016,5796,3.372241077
29/04/2016,5797,3.372405467
29/04/2016,5798,3.372569857
29/04/2016,5799,3.372734247
29/04/2016,5800,3.372898637
29/04/2016,5801,3.373063027
29/04/2016,5802,3.373227418
29/04/2016,5803,3.373391808
29/04/2016,5804,3.373556198
29/04/2016,5805,3.373720588
29/04/2016,5806,3.373884978
29/04/2016,5807,3.374049368
29/04/2016,5808,3.374213758
29/04/2016,5809,3.374378148
29/04/2016,5810,3.374542538
29/04/2016,5811,3.374706929
29/04/2016,5812,3.374871319
29/04/2016,5813,3.375035709
29/04/2016,5814,3.375200099
29/04/2016,5815,3.375364489
29/04/2016,5816,3.375528879
29/04/2016,5817,3.375693269
29/04/2016,5818,3.375857659
29/04/2016,5819,3.376022049
29/04/2016,5820,3.37618644
29/04/2016,5821,3.37635083
29/04/2016,5822,3.37651522
29/04/2016,5823,3.37667961
29/04/2016,5824,3.376844
29/04/2016,5825,3.377006445
29/04/2016,5826,3.37716889
29/04/2016,5827,3.377331335
29/04/2016,5828,3.37749378
29/04/2016,5829,3.377656225
29/04/2016,5830,3.37781867
29/04/2016,5831,3.377981115
29/04/2016,5832,3.37814356
29/04/2016,5833,3.378306005
29/04/2016,5834,3.378468451
29/04/2016,5835,3.378630896
29/04/2016,5836,3.378793341
29/04/2016,5837,3.378955786
29/04/2016,5838,3.379118231
29/04/2016,5839,3.379280676
29/04/2016,5840,3.379443121
29/04/2016,5841,3.379605566
29/04/2016,5842,3.379768011
29/04/2016,5843,3.379930456
29/04/2016,5844,3.380092901
29/04/2016,5845,3.380255346
29/04/2016,5846,3.380417791
29/04/2016,5847,3.380580236
29/04/2016,5848,3.380742681
29/04/2016,5849,3.380905126
29/04/2016,5850,3.381067571
29/04/2016,5851,3.381230016
29/04/2016,5852,3.381392462
29/04/2016,5853,3.381554907
29/04/2016,5854,3.381717352
29/04/2016,5855,3.381879797
29/04/2016,5856,3.382042242
29/04/2016,5857,3.382204687
29/04/2016,5858,3.382367132
29/04/2016,5859,3.382529577
29/04/2016,5860,3.382692022
29/04/2016,5861,3.382854467
29/04/2016,5862,3.383016912
29/04/2016,5863,3.383179357
29/04/2016,5864,3.383341802
29/04/2016,5865,3.383504247
29/04/2016,5866,3.383666692
29/04/2016,5867,3.383829137
29/04/2016,5868,3.383991582
29/04/2016,5869,3.384154027
29/04/2016,5870,3.384316473
29/04/2016,5871,3.384478918
29/04/2016,5872,3.384641363
29/04/2016,5873,3.384803808
29/04/2016,5874,3.384966253
29/04/2016,5875,3.385128698
29/04/2016,5876,3.385291143
29/04/2016,5877,3.385453588
29/04/2016,5878,3.385616033
29/04/2016,5879,3.385778478
29/04/2016,5880,3.385940923
29/04/2016,5881,3.386103368
29/04/2016,5882,3.386265813
29/04/2016,5883,3.386428258
29/04/2016,5884,3.386590703
29/04/2016,5885,3.386753148
29/04/2016,5886,3.386915593
29/04/2016,5887,3.387078038
29/04/2016,5888,3.387240484
29/04/2016,5889,3.387402929
29/04/2016,5890,3.387565374
29/04/2016,5891,3.387727819
29/04/2016,5892,3.387890264
29/04/2016,5893,3.388052709
29/04/2016,5894,3.388215154
29/04/2016,5895,3.388377599
29/04/2016,5896,3.388540044
29/04/2016,5897,3.388702489
29/04/2016,5898,3.388864934
29/04/2016,5899,3.389027379
29/04/2016,5900,3.389189824
29/04/2016,5901,3.389352269
29/04/2016,5902,3.389514714
29/04/2016,5903,3.389677159
29/04/2016,5904,3.389839604
29/04/2016,5905,3.390002049
29/04/2016,5906,3.390164495
29/04/2016,5907,3.39032694
29/04/2016,5908,3.390489385
29/04/2016,5909,3.39065183
29/04/2016,5910,3.390814275
29/04/2016,5911,3.39097672
29/04/2016,5912,3.391139165
29/04/2016,5913,3.39130161
29/04/2016,5914,3.391464055
29/04/2016,5915,3.3916265
29/04/2016,5916,3.391788945
29/04/2016,5917,3.39195139
29/04/2016,5918,3.392113835
29/04/2016,5919,3.39227628
29/04/2016,5920,3.392438725
29/04/2016,5921,3.39260117
29/04/2016,5922,3.392763615
29/04/2016,5923,3.39292606
29/04/2016,5924,3.393088505
29/04/2016,5925,3.393250951
29/04/2016,5926,3.393413396
29/04/2016,5927,3.393575841
29/04/2016,5928,3.393738286
29/04/2016,5929,3.393900731
29/04/2016,5930,3.394063176
29/04/2016,5931,3.394225621
29/04/2016,5932,3.394388066
29/04/2016,5933,3.394550511
29/04/2016,5934,3.394712956
29/04/2016,5935,3.394875401
29/04/2016,5936,3.395037846
29/04/2016,5937,3.395200291
29/04/2016,5938,3.395362736
29/04/2016,5939,3.395525181
29/04/2016,5940,3.395687626
29/04/2016,5941,3.395850071
29/04/2016,5942,3.396012516
29/04/2016,5943,3.396174962
29/04/2016,5944,3.396337407
29/04/2016,5945,3.396499852
29/04/2016,5946,3.396662297
29/04/2016,5947,3.396824742
29/04/2016,5948,3.396987187
29/04/2016,5949,3.397149632
29/04/2016,5950,3.397312077
29/04/2016,5951,3.397474522
29/04/2016,5952,3.397636967
29/04/2016,5953,3.397799412
29/04/2016,5954,3.397961857
29/04/2016,5955,3.398124302
29/04/2016,5956,3.398286747
29/04/2016,5957,3.398449192
29/04/2016,5958,3.398611637
29/04/2016,5959,3.398774082
29/04/2016,5960,3.398936527
29/04/2016,5961,3.399098973
29/04/2016,5962,3.399261418
29/04/2016,5963,3.399423863
29/04/2016,5964,3.399586308
29/04/2016,5965,3.399748753
29/04/2016,5966,3.399911198
29/04/2016,5967,3.400073643
29/04/2016,5968,3.400236088
29/04/2016,5969,3.400398533
29/04/2016,5970,3.400560978
29/04/2016,5971,3.400723423
29/04/2016,5972,3.400885868
29/04/2016,5973,3.401048313
29/04/2016,5974,3.401210758
29/04/2016,5975,3.401373203
29/04/2016,5976,3.401535648
29/04/2016,5977,3.401698093
29/04/2016,5978,3.401860538
29/04/2016,5979,3.402022984
29/04/2016,5980,3.402185429
29/04/2016,5981,3.402347874
29/04/2016,5982,3.402510319
29/04/2016,5983,3.402672764
29/04/2016,5984,3.402835209
29/04/2016,5985,3.402997654
29/04/2016,5986,3.403160099
29/04/2016,5987,3.403322544
29/04/2016,5988,3.403484989
29/04/2016,5989,3.403647434
29/04/2016,5990,3.403809879
29/04/2016,5991,3.403972324
29/04/2016,5992,3.404134769
29/04/2016,5993,3.404297214
29/04/2016,5994,3.404459659
29/04/2016,5995,3.404622104
29/04/2016,5996,3.404784549
29/04/2016,5997,3.404946995
29/04/2016,5998,3.40510944
29/04/2016,5999,3.405271885
29/04/2016,6000,3.40543433
29/04/2016,6001,3.405596775
29/04/2016,6002,3.40575922
29/04/2016,6003,3.405921665
29/04/2016,6004,3.40608411
29/04/2016,6005,3.406246555
29/04/2016,6006,3.406409
29/04/2016,6007,3.40642061
29/04/2016,6008,3.40643222
29/04/2016,6009,3.40644383
29/04/2016,6010,3.40645544
29/04/2016,6011,3.406467049
29/04/2016,6012,3.406478659
29/04/2016,6013,3.406490269
29/04/2016,6014,3.406501879
29/04/2016,6015,3.406513489
29/04/2016,6016,3.406525099
29/04/2016,6017,3.406536709
29/04/2016,6018,3.406548319
29/04/2016,6019,3.406559929
29/04/2016,6020,3.406571538
29/04/2016,6021,3.406583148
29/04/2016,6022,3.406594758
29/04/2016,6023,3.406606368
29/04/2016,6024,3.406617978
29/04/2016,6025,3.406629588
29/04/2016,6026,3.406641198
29/04/2016,6027,3.406652808
29/04/2016,6028,3.406664418
29/04/2016,6029,3.406676027
29/04/2016,6030,3.406687637
29/04/2016,6031,3.406699247
29/04/2016,6032,3.406710857
29/04/2016,6033,3.406722467
29/04/2016,6034,3.406734077
29/04/2016,6035,3.406745687
29/04/2016,6036,3.406757297
29/04/2016,6037,3.406768907
29/04/2016,6038,3.406780516
29/04/2016,6039,3.406792126
29/04/2016,6040,3.406803736
29/04/2016,6041,3.406815346
29/04/2016,6042,3.406826956
29/04/2016,6043,3.406838566
29/04/2016,6044,3.406850176
29/04/2016,6045,3.406861786
29/04/2016,6046,3.406873396
29/04/2016,6047,3.406885005
29/04/2016,6048,3.406896615
29/04/2016,6049,3.406908225
29/04/2016,6050,3.406919835
29/04/2016,6051,3.406931445
29/04/2016,6052,3.406943055
29/04/2016,6053,3.406954665
29/04/2016,6054,3.406966275
29/04/2016,6055,3.406977885
29/04/2016,6056,3.406989495
29/04/2016,6057,3.407001104
29/04/2016,6058,3.407012714
29/04/2016,6059,3.407024324
29/04/2016,6060,3.407035934
29/04/2016,6061,3.407047544
29/04/2016,6062,3.407059154
29/04/2016,6063,3.407070764
29/04/2016,6064,3.407082374
29/04/2016,6065,3.407093984
29/04/2016,6066,3.407105593
29/04/2016,6067,3.407117203
29/04/2016,6068,3.407128813
29/04/2016,6069,3.407140423
29/04/2016,6070,3.407152033
29/04/2016,6071,3.407163643
29/04/2016,6072,3.407175253
29/04/2016,6073,3.407186863
29/04/2016,6074,3.407198473
29/04/2016,6075,3.407210082
29/04/2016,6076,3.407221692
29/04/2016,6077,3.407233302
29/04/2016,6078,3.407244912
29/04/2016,6079,3.407256522
29/04/2016,6080,3.407268132
29/04/2016,6081,3.407279742
29/04/2016,6082,3.407291352
29/04/2016,6083,3.407302962
29/04/2016,6084,3.407314571
29/04/2016,6085,3.407326181
29/04/2016,6086,3.407337791
29/04/2016,6087,3.407349401
29/04/2016,6088,3.407361011
29/04/2016,6089,3.407372621
29/04/2016,6090,3.407384231
29/04/2016,6091,3.407395841
29/04/2016,6092,3.407407451
29/04/2016,6093,3.40741906
29/04/2016,6094,3.40743067
29/04/2016,6095,3.40744228
29/04/2016,6096,3.40745389
29/04/2016,6097,3.4074655
29/04/2016,6098,3.40747711
29/04/2016,6099,3.40748872
29/04/2016,6100,3.40750033
29/04/2016,6101,3.40751194
29/04/2016,6102,3.407523549
29/04/2016,6103,3.407535159
29/04/2016,6104,3.407546769
29/04/2016,6105,3.407558379
29/04/2016,6106,3.407569989
29/04/2016,6107,3.407581599
29/04/2016,6108,3.407593209
29/04/2016,6109,3.407604819
29/04/2016,6110,3.407616429
29/04/2016,6111,3.407628038
29/04/2016,6112,3.407639648
29/04/2016,6113,3.407651258
29/04/2016,6114,3.407662868
29/04/2016,6115,3.407674478
29/04/2016,6116,3.407686088
29/04/2016,6117,3.407697698
29/04/2016,6118,3.407709308
29/04/2016,6119,3.407720918
29/04/2016,6120,3.407732527
29/04/2016,6121,3.407744137
29/04/2016,6122,3.407755747
29/04/2016,6123,3.407767357
29/04/2016,6124,3.407778967
29/04/2016,6125,3.407790577
29/04/2016,6126,3.407802187
29/04/2016,6127,3.407813797
29/04/2016,6128,3.407825407
29/04/2016,6129,3.407837016
29/04/2016,6130,3.407848626
29/04/2016,6131,3.407860236
29/04/2016,6132,3.407871846
29/04/2016,6133,3.407883456
29/04/2016,6134,3.407895066
29/04/2016,6135,3.407906676
29/04/2016,6136,3.407918286
29/04/2016,6137,3.407929896
29/04/2016,6138,3.407941505
29/04/2016,6139,3.407953115
29/04/2016,6140,3.407964725
29/04/2016,6141,3.407976335
29/04/2016,6142,3.407987945
29/04/2016,6143,3.407999555
29/04/2016,6144,3.408011165
29/04/2016,6145,3.408022775
29/04/2016,6146,3.408034385
29/04/2016,6147,3.408045995
29/04/2016,6148,3.408057604
29/04/2016,6149,3.408069214
29/04/2016,6150,3.408080824
29/04/2016,6151,3.408092434
29/04/2016,6152,3.408104044
29/04/2016,6153,3.408115654
29/04/2016,6154,3.408127264
29/04/2016,6155,3.408138874
29/04/2016,6156,3.408150484
29/04/2016,6157,3.408162093
29/04/2016,6158,3.408173703
29/04/2016,6159,3.408185313
29/04/2016,6160,3.408196923
29/04/2016,6161,3.408208533
29/04/2016,6162,3.408220143
29/04/2016,6163,3.408231753
29/04/2016,6164,3.408243363
29/04/2016,6165,3.408254973
29/04/2016,6166,3.408266582
29/04/2016,6167,3.408278192
29/04/2016,6168,3.408289802
29/04/2016,6169,3.408301412
29/04/2016,6170,3.408313022
29/04/2016,6171,3.408324632
29/04/2016,6172,3.408336242
29/04/2016,6173,3.408347852
29/04/2016,6174,3.408359462
29/04/2016,6175,3.408371071
29/04/2016,6176,3.408382681
29/04/2016,6177,3.408394291
29/04/2016,6178,3.408405901
29/04/2016,6179,3.408417511
29/04/2016,6180,3.408429121
29/04/2016,6181,3.408440731
29/04/2016,6182,3.408452341
29/04/2016,6183,3.408463951
29/04/2016,6184,3.40847556
29/04/2016,6185,3.40848717
29/04/2016,6186,3.40849878
29/04/2016,6187,3.40851039
29/04/2016,6188,3.408522
29/04/2016,6189,3.408666797
29/04/2016,6190,3.408811593
29/04/2016,6191,3.40895639
29/04/2016,6192,3.409101187
29/04/2016,6193,3.409245984
29/04/2016,6194,3.40939078
29/04/2016,6195,3.409535577
29/04/2016,6196,3.409680374
29/04/2016,6197,3.40982517
29/04/2016,6198,3.409969967
29/04/2016,6199,3.410114764
29/04/2016,6200,3.41025956
29/04/2016,6201,3.410404357
29/04/2016,6202,3.410549154
29/04/2016,6203,3.410693951
29/04/2016,6204,3.410838747
29/04/2016,6205,3.410983544
29/04/2016,6206,3.411128341
29/04/2016,6207,3.411273137
29/04/2016,6208,3.411417934
29/04/2016,6209,3.411562731
29/04/2016,6210,3.411707527
29/04/2016,6211,3.411852324
29/04/2016,6212,3.411997121
29/04/2016,6213,3.412141918
29/04/2016,6214,3.412286714
29/04/2016,6215,3.412431511
29/04/2016,6216,3.412576308
29/04/2016,6217,3.412721104
29/04/2016,6218,3.412865901
29/04/2016,6219,3.413010698
29/04/2016,6220,3.413155495
29/04/2016,6221,3.413300291
29/04/2016,6222,3.413445088
29/04/2016,6223,3.413589885
29/04/2016,6224,3.413734681
29/04/2016,6225,3.413879478
29/04/2016,6226,3.414024275
29/04/2016,6227,3.414169071
29/04/2016,6228,3.414313868
29/04/2016,6229,3.414458665
29/04/2016,6230,3.414603462
29/04/2016,6231,3.414748258
29/04/2016,6232,3.414893055
29/04/2016,6233,3.415037852
29/04/2016,6234,3.415182648
29/04/2016,6235,3.415327445
29/04/2016,6236,3.415472242
29/04/2016,6237,3.415617038
29/04/2016,6238,3.415761835
29/04/2016,6239,3.415906632
29/04/2016,6240,3.416051429
29/04/2016,6241,3.416196225
29/04/2016,6242,3.416341022
29/04/2016,6243,3.416485819
29/04/2016,6244,3.416630615
29/04/2016,6245,3.416775412
29/04/2016,6246,3.416920209
29/04/2016,6247,3.417065005
29/04/2016,6248,3.417209802
29/04/2016,6249,3.417354599
29/04/2016,6250,3.417499396
29/04/2016,6251,3.417644192
29/04/2016,6252,3.417788989
29/04/2016,6253,3.417933786
29/04/2016,6254,3.418078582
29/04/2016,6255,3.418223379
29/04/2016,6256,3.418368176
29/04/2016,6257,3.418512973
29/04/2016,6258,3.418657769
29/04/2016,6259,3.418802566
29/04/2016,6260,3.418947363
29/04/2016,6261,3.419092159
29/04/2016,6262,3.419236956
29/04/2016,6263,3.419381753
29/04/2016,6264,3.419526549
29/04/2016,6265,3.419671346
29/04/2016,6266,3.419816143
29/04/2016,6267,3.41996094
29/04/2016,6268,3.420105736
29/04/2016,6269,3.420250533
29/04/2016,6270,3.42039533
29/04/2016,6271,3.420540126
29/04/2016,6272,3.420684923
29/04/2016,6273,3.42082972
29/04/2016,6274,3.420974516
29/04/2016,6275,3.421119313
29/04/2016,6276,3.42126411
29/04/2016,6277,3.421408907
29/04/2016,6278,3.421553703
29/04/2016,6279,3.4216985
29/04/2016,6280,3.421843297
29/04/2016,6281,3.421988093
29/04/2016,6282,3.42213289
29/04/2016,6283,3.422277687
29/04/2016,6284,3.422422484
29/04/2016,6285,3.42256728
29/04/2016,6286,3.422712077
29/04/2016,6287,3.422856874
29/04/2016,6288,3.42300167
29/04/2016,6289,3.423146467
29/04/2016,6290,3.423291264
29/04/2016,6291,3.42343606
29/04/2016,6292,3.423580857
29/04/2016,6293,3.423725654
29/04/2016,6294,3.423870451
29/04/2016,6295,3.424015247
29/04/2016,6296,3.424160044
29/04/2016,6297,3.424304841
29/04/2016,6298,3.424449637
29/04/2016,6299,3.424594434
29/04/2016,6300,3.424739231
29/04/2016,6301,3.424884027
29/04/2016,6302,3.425028824
29/04/2016,6303,3.425173621
29/04/2016,6304,3.425318418
29/04/2016,6305,3.425463214
29/04/2016,6306,3.425608011
29/04/2016,6307,3.425752808
29/04/2016,6308,3.425897604
29/04/2016,6309,3.426042401
29/04/2016,6310,3.426187198
29/04/2016,6311,3.426331995
29/04/2016,6312,3.426476791
29/04/2016,6313,3.426621588
29/04/2016,6314,3.426766385
29/04/2016,6315,3.426911181
29/04/2016,6316,3.427055978
29/04/2016,6317,3.427200775
29/04/2016,6318,3.427345571
29/04/2016,6319,3.427490368
29/04/2016,6320,3.427635165
29/04/2016,6321,3.427779962
29/04/2016,6322,3.427924758
29/04/2016,6323,3.428069555
29/04/2016,6324,3.428214352
29/04/2016,6325,3.428359148
29/04/2016,6326,3.428503945
29/04/2016,6327,3.428648742
29/04/2016,6328,3.428793538
29/04/2016,6329,3.428938335
29/04/2016,6330,3.429083132
29/04/2016,6331,3.429227929
29/04/2016,6332,3.429372725
29/04/2016,6333,3.429517522
29/04/2016,6334,3.429662319
29/04/2016,6335,3.429807115
29/04/2016,6336,3.429951912
29/04/2016,6337,3.430096709
29/04/2016,6338,3.430241505
29/04/2016,6339,3.430386302
29/04/2016,6340,3.430531099
29/04/2016,6341,3.430675896
29/04/2016,6342,3.430820692
29/04/2016,6343,3.430965489
29/04/2016,6344,3.431110286
29/04/2016,6345,3.431255082
29/04/2016,6346,3.431399879
29/04/2016,6347,3.431544676
29/04/2016,6348,3.431689473
29/04/2016,6349,3.431834269
29/04/2016,6350,3.431979066
29/04/2016,6351,3.432123863
29/04/2016,6352,3.432268659
29/04/2016,6353,3.432413456
29/04/2016,6354,3.432558253
29/04/2016,6355,3.432703049
29/04/2016,6356,3.432847846
29/04/2016,6357,3.432992643
29/04/2016,6358,3.43313744
29/04/2016,6359,3.433282236
29/04/2016,6360,3.433427033
29/04/2016,6361,3.43357183
29/04/2016,6362,3.433716626
29/04/2016,6363,3.433861423
29/04/2016,6364,3.43400622
29/04/2016,6365,3.434151016
29/04/2016,6366,3.434295813
29/04/2016,6367,3.43444061
29/04/2016,6368,3.434585407
29/04/2016,6369,3.434730203
29/04/2016,6370,3.434875
29/04/2016,6371,3.434888511
29/04/2016,6372,3.434902022
29/04/2016,6373,3.434915533
29/04/2016,6374,3.434929044
29/04/2016,6375,3.434942555
29/04/2016,6376,3.434956066
29/04/2016,6377,3.434969577
29/04/2016,6378,3.434983088
29/04/2016,6379,3.434996599
29/04/2016,6380,3.43501011
29/04/2016,6381,3.435023621
29/04/2016,6382,3.435037132
29/04/2016,6383,3.435050643
29/04/2016,6384,3.435064154
29/04/2016,6385,3.435077665
29/04/2016,6386,3.435091176
29/04/2016,6387,3.435104687
29/04/2016,6388,3.435118198
29/04/2016,6389,3.435131709
29/04/2016,6390,3.43514522
29/04/2016,6391,3.435158731
29/04/2016,6392,3.435172242
29/04/2016,6393,3.435185753
29/04/2016,6394,3.435199264
29/04/2016,6395,3.435212775
29/04/2016,6396,3.435226286
29/04/2016,6397,3.435239797
29/04/2016,6398,3.435253308
29/04/2016,6399,3.435266819
29/04/2016,6400,3.43528033
29/04/2016,6401,3.435293841
29/04/2016,6402,3.435307352
29/04/2016,6403,3.435320863
29/04/2016,6404,3.435334374
29/04/2016,6405,3.435347885
29/04/2016,6406,3.435361396
29/04/2016,6407,3.435374907
29/04/2016,6408,3.435388418
29/04/2016,6409,3.435401929
29/04/2016,6410,3.43541544
29/04/2016,6411,3.435428951
29/04/2016,6412,3.435442462
29/04/2016,6413,3.435455973
29/04/2016,6414,3.435469484
29/04/2016,6415,3.435482995
29/04/2016,6416,3.435496505
29/04/2016,6417,3.435510016
29/04/2016,6418,3.435523527
29/04/2016,6419,3.435537038
29/04/2016,6420,3.435550549
29/04/2016,6421,3.43556406
29/04/2016,6422,3.435577571
29/04/2016,6423,3.435591082
29/04/2016,6424,3.435604593
29/04/2016,6425,3.435618104
29/04/2016,6426,3.435631615
29/04/2016,6427,3.435645126
29/04/2016,6428,3.435658637
29/04/2016,6429,3.435672148
29/04/2016,6430,3.435685659
29/04/2016,6431,3.43569917
29/04/2016,6432,3.435712681
29/04/2016,6433,3.435726192
29/04/2016,6434,3.435739703
29/04/2016,6435,3.435753214
29/04/2016,6436,3.435766725
29/04/2016,6437,3.435780236
29/04/2016,6438,3.435793747
29/04/2016,6439,3.435807258
29/04/2016,6440,3.435820769
29/04/2016,6441,3.43583428
29/04/2016,6442,3.435847791
29/04/2016,6443,3.435861302
29/04/2016,6444,3.435874813
29/04/2016,6445,3.435888324
29/04/2016,6446,3.435901835
29/04/2016,6447,3.435915346
29/04/2016,6448,3.435928857
29/04/2016,6449,3.435942368
29/04/2016,6450,3.435955879
29/04/2016,6451,3.43596939
29/04/2016,6452,3.435982901
29/04/2016,6453,3.435996412
29/04/2016,6454,3.436009923
29/04/2016,6455,3.436023434
29/04/2016,6456,3.436036945
29/04/2016,6457,3.436050456
29/04/2016,6458,3.436063967
29/04/2016,6459,3.436077478
29/04/2016,6460,3.436090989
29/04/2016,6461,3.4361045
29/04/2016,6462,3.436118011
29/04/2016,6463,3.436131522
29/04/2016,6464,3.436145033
29/04/2016,6465,3.436158544
29/04/2016,6466,3.436172055
29/04/2016,6467,3.436185566
29/04/2016,6468,3.436199077
29/04/2016,6469,3.436212588
29/04/2016,6470,3.436226099
29/04/2016,6471,3.43623961
29/04/2016,6472,3.436253121
29/04/2016,6473,3.436266632
29/04/2016,6474,3.436280143
29/04/2016,6475,3.436293654
29/04/2016,6476,3.436307165
29/04/2016,6477,3.436320676
29/04/2016,6478,3.436334187
29/04/2016,6479,3.436347698
29/04/2016,6480,3.436361209
29/04/2016,6481,3.43637472
29/04/2016,6482,3.436388231
29/04/2016,6483,3.436401742
29/04/2016,6484,3.436415253
29/04/2016,6485,3.436428764
29/04/2016,6486,3.436442275
29/04/2016,6487,3.436455786
29/04/2016,6488,3.436469297
29/04/2016,6489,3.436482808
29/04/2016,6490,3.436496319
29/04/2016,6491,3.43650983
29/04/2016,6492,3.436523341
29/04/2016,6493,3.436536852
29/04/2016,6494,3.436550363
29/04/2016,6495,3.436563874
29/04/2016,6496,3.436577385
29/04/2016,6497,3.436590896
29/04/2016,6498,3.436604407
29/04/2016,6499,3.436617918
29/04/2016,6500,3.436631429
29/04/2016,6501,3.43664494
29/04/2016,6502,3.436658451
29/04/2016,6503,3.436671962
29/04/2016,6504,3.436685473
29/04/2016,6505,3.436698984
29/04/2016,6506,3.436712495
29/04/2016,6507,3.436726005
29/04/2016,6508,3.436739516
29/04/2016,6509,3.436753027
29/04/2016,6510,3.436766538
29/04/2016,6511,3.436780049
29/04/2016,6512,3.43679356
29/04/2016,6513,3.436807071
29/04/2016,6514,3.436820582
29/04/2016,6515,3.436834093
29/04/2016,6516,3.436847604
29/04/2016,6517,3.436861115
29/04/2016,6518,3.436874626
29/04/2016,6519,3.436888137
29/04/2016,6520,3.436901648
29/04/2016,6521,3.436915159
29/04/2016,6522,3.43692867
29/04/2016,6523,3.436942181
29/04/2016,6524,3.436955692
29/04/2016,6525,3.436969203
29/04/2016,6526,3.436982714
29/04/2016,6527,3.436996225
29/04/2016,6528,3.437009736
29/04/2016,6529,3.437023247
29/04/2016,6530,3.437036758
29/04/2016,6531,3.437050269
29/04/2016,6532,3.43706378
29/04/2016,6533,3.437077291
29/04/2016,6534,3.437090802
29/04/2016,6535,3.437104313
29/04/2016,6536,3.437117824
29/04/2016,6537,3.437131335
29/04/2016,6538,3.437144846
29/04/2016,6539,3.437158357
29/04/2016,6540,3.437171868
29/04/2016,6541,3.437185379
29/04/2016,6542,3.43719889
29/04/2016,6543,3.437212401
29/04/2016,6544,3.437225912
29/04/2016,6545,3.437239423
29/04/2016,6546,3.437252934
29/04/2016,6547,3.437266445
29/04/2016,6548,3.437279956
29/04/2016,6549,3.437293467
29/04/2016,6550,3.437306978
29/04/2016,6551,3.437320489
29/04/2016,6552,3.437334
29/04/2016,6553,3.437372396
29/04/2016,6554,3.437410791
29/04/2016,6555,3.437449187
29/04/2016,6556,3.437487582
29/04/2016,6557,3.437525978
29/04/2016,6558,3.437564374
29/04/2016,6559,3.437602769
29/04/2016,6560,3.437641165
29/04/2016,6561,3.43767956
29/04/2016,6562,3.437717956
29/04/2016,6563,3.437756352
29/04/2016,6564,3.437794747
29/04/2016,6565,3.437833143
29/04/2016,6566,3.437871538
29/04/2016,6567,3.437909934
29/04/2016,6568,3.43794833
29/04/2016,6569,3.437986725
29/04/2016,6570,3.438025121
29/04/2016,6571,3.438063516
29/04/2016,6572,3.438101912
29/04/2016,6573,3.438140308
29/04/2016,6574,3.438178703
29/04/2016,6575,3.438217099
29/04/2016,6576,3.438255495
29/04/2016,6577,3.43829389
29/04/2016,6578,3.438332286
29/04/2016,6579,3.438370681
29/04/2016,6580,3.438409077
29/04/2016,6581,3.438447473
29/04/2016,6582,3.438485868
29/04/2016,6583,3.438524264
29/04/2016,6584,3.438562659
29/04/2016,6585,3.438601055
29/04/2016,6586,3.438639451
29/04/2016,6587,3.438677846
29/04/2016,6588,3.438716242
29/04/2016,6589,3.438754637
29/04/2016,6590,3.438793033
29/04/2016,6591,3.438831429
29/04/2016,6592,3.438869824
29/04/2016,6593,3.43890822
29/04/2016,6594,3.438946615
29/04/2016,6595,3.438985011
29/04/2016,6596,3.439023407
29/04/2016,6597,3.439061802
29/04/2016,6598,3.439100198
29/04/2016,6599,3.439138593
29/04/2016,6600,3.439176989
29/04/2016,6601,3.439215385
29/04/2016,6602,3.43925378
29/04/2016,6603,3.439292176
29/04/2016,6604,3.439330571
29/04/2016,6605,3.439368967
29/04/2016,6606,3.439407363
29/04/2016,6607,3.439445758
29/04/2016,6608,3.439484154
29/04/2016,6609,3.439522549
29/04/2016,6610,3.439560945
29/04/2016,6611,3.439599341
29/04/2016,6612,3.439637736
29/04/2016,6613,3.439676132
29/04/2016,6614,3.439714527
29/04/2016,6615,3.439752923
29/04/2016,6616,3.439791319
29/04/2016,6617,3.439829714
29/04/2016,6618,3.43986811
29/04/2016,6619,3.439906505
29/04/2016,6620,3.439944901
29/04/2016,6621,3.439983297
29/04/2016,6622,3.440021692
29/04/2016,6623,3.440060088
29/04/2016,6624,3.440098484
29/04/2016,6625,3.440136879
29/04/2016,6626,3.440175275
29/04/2016,6627,3.44021367
29/04/2016,6628,3.440252066
29/04/2016,6629,3.440290462
29/04/2016,6630,3.440328857
29/04/2016,6631,3.440367253
29/04/2016,6632,3.440405648
29/04/2016,6633,3.440444044
29/04/2016,6634,3.44048244
29/04/2016,6635,3.440520835
29/04/2016,6636,3.440559231
29/04/2016,6637,3.440597626
29/04/2016,6638,3.440636022
29/04/2016,6639,3.440674418
29/04/2016,6640,3.440712813
29/04/2016,6641,3.440751209
29/04/2016,6642,3.440789604
29/04/2016,6643,3.440828
29/04/2016,6644,3.440866396
29/04/2016,6645,3.440904791
29/04/2016,6646,3.440943187
29/04/2016,6647,3.440981582
29/04/2016,6648,3.441019978
29/04/2016,6649,3.441058374
29/04/2016,6650,3.441096769
29/04/2016,6651,3.441135165
29/04/2016,6652,3.44117356
29/04/2016,6653,3.441211956
29/04/2016,6654,3.441250352
29/04/2016,6655,3.441288747
29/04/2016,6656,3.441327143
29/04/2016,6657,3.441365538
29/04/2016,6658,3.441403934
29/04/2016,6659,3.44144233
29/04/2016,6660,3.441480725
29/04/2016,6661,3.441519121
29/04/2016,6662,3.441557516
29/04/2016,6663,3.441595912
29/04/2016,6664,3.441634308
29/04/2016,6665,3.441672703
29/04/2016,6666,3.441711099
29/04/2016,6667,3.441749495
29/04/2016,6668,3.44178789
29/04/2016,6669,3.441826286
29/04/2016,6670,3.441864681
29/04/2016,6671,3.441903077
29/04/2016,6672,3.441941473
29/04/2016,6673,3.441979868
29/04/2016,6674,3.442018264
29/04/2016,6675,3.442056659
29/04/2016,6676,3.442095055
29/04/2016,6677,3.442133451
29/04/2016,6678,3.442171846
29/04/2016,6679,3.442210242
29/04/2016,6680,3.442248637
29/04/2016,6681,3.442287033
29/04/2016,6682,3.442325429
29/04/2016,6683,3.442363824
29/04/2016,6684,3.44240222
29/04/2016,6685,3.442440615
29/04/2016,6686,3.442479011
29/04/2016,6687,3.442517407
29/04/2016,6688,3.442555802
29/04/2016,6689,3.442594198
29/04/2016,6690,3.442632593
29/04/2016,6691,3.442670989
29/04/2016,6692,3.442709385
29/04/2016,6693,3.44274778
29/04/2016,6694,3.442786176
29/04/2016,6695,3.442824571
29/04/2016,6696,3.442862967
29/04/2016,6697,3.442901363
29/04/2016,6698,3.442939758
29/04/2016,6699,3.442978154
29/04/2016,6700,3.443016549
29/04/2016,6701,3.443054945
29/04/2016,6702,3.443093341
29/04/2016,6703,3.443131736
29/04/2016,6704,3.443170132
29/04/2016,6705,3.443208527
29/04/2016,6706,3.443246923
29/04/2016,6707,3.443285319
29/04/2016,6708,3.443323714
29/04/2016,6709,3.44336211
29/04/2016,6710,3.443400505
29/04/2016,6711,3.443438901
29/04/2016,6712,3.443477297
29/04/2016,6713,3.443515692
29/04/2016,6714,3.443554088
29/04/2016,6715,3.443592484
29/04/2016,6716,3.443630879
29/04/2016,6717,3.443669275
29/04/2016,6718,3.44370767
29/04/2016,6719,3.443746066
29/04/2016,6720,3.443784462
29/04/2016,6721,3.443822857
29/04/2016,6722,3.443861253
29/04/2016,6723,3.443899648
29/04/2016,6724,3.443938044
29/04/2016,6725,3.44397644
29/04/2016,6726,3.444014835
29/04/2016,6727,3.444053231
29/04/2016,6728,3.444091626
29/04/2016,6729,3.444130022
29/04/2016,6730,3.444168418
29/04/2016,6731,3.444206813
29/04/2016,6732,3.444245209
29/04/2016,6733,3.444283604
29/04/2016,6734,3.444322
29/04/2016,6735,3.444300857
29/04/2016,6736,3.444279714
29/04/2016,6737,3.444258571
29/04/2016,6738,3.444237429
29/04/2016,6739,3.444216286
29/04/2016,6740,3.444195143
29/04/2016,6741,3.444174
29/04/2016,6742,3.444152857
29/04/2016,6743,3.444131714
29/04/2016,6744,3.444110571
29/04/2016,6745,3.444089429
29/04/2016,6746,3.444068286
29/04/2016,6747,3.444047143
29/04/2016,6748,3.444026
29/04/2016,6749,3.444004857
29/04/2016,6750,3.443983714
29/04/2016,6751,3.443962571
29/04/2016,6752,3.443941429
29/04/2016,6753,3.443920286
29/04/2016,6754,3.443899143
29/04/2016,6755,3.443878
29/04/2016,6756,3.443856857
29/04/2016,6757,3.443835714
29/04/2016,6758,3.443814571
29/04/2016,6759,3.443793429
29/04/2016,6760,3.443772286
29/04/2016,6761,3.443751143
29/04/2016,6762,3.44373
29/04/2016,6763,3.443708857
29/04/2016,6764,3.443687714
29/04/2016,6765,3.443666571
29/04/2016,6766,3.443645429
29/04/2016,6767,3.443624286
29/04/2016,6768,3.443603143
29/04/2016,6769,3.443582
29/04/2016,6770,3.443560857
29/04/2016,6771,3.443539714
29/04/2016,6772,3.443518571
29/04/2016,6773,3.443497429
29/04/2016,6774,3.443476286
29/04/2016,6775,3.443455143
29/04/2016,6776,3.443434
29/04/2016,6777,3.443412857
29/04/2016,6778,3.443391714
29/04/2016,6779,3.443370571
29/04/2016,6780,3.443349429
29/04/2016,6781,3.443328286
29/04/2016,6782,3.443307143
29/04/2016,6783,3.443286
29/04/2016,6784,3.443264857
29/04/2016,6785,3.443243714
29/04/2016,6786,3.443222571
29/04/2016,6787,3.443201429
29/04/2016,6788,3.443180286
29/04/2016,6789,3.443159143
29/04/2016,6790,3.443138
29/04/2016,6791,3.443116857
29/04/2016,6792,3.443095714
29/04/2016,6793,3.443074571
29/04/2016,6794,3.443053429
29/04/2016,6795,3.443032286
29/04/2016,6796,3.443011143
29/04/2016,6797,3.44299
29/04/2016,6798,3.442968857
29/04/2016,6799,3.442947714
29/04/2016,6800,3.442926571
29/04/2016,6801,3.442905429
29/04/2016,6802,3.442884286
29/04/2016,6803,3.442863143
29/04/2016,6804,3.442842
29/04/2016,6805,3.442820857
29/04/2016,6806,3.442799714
29/04/2016,6807,3.442778571
29/04/2016,6808,3.442757429
29/04/2016,6809,3.442736286
29/04/2016,6810,3.442715143
29/04/2016,6811,3.442694
29/04/2016,6812,3.442672857
29/04/2016,6813,3.442651714
29/04/2016,6814,3.442630571
29/04/2016,6815,3.442609429
29/04/2016,6816,3.442588286
29/04/2016,6817,3.442567143
29/04/2016,6818,3.442546
29/04/2016,6819,3.442524857
29/04/2016,6820,3.442503714
29/04/2016,6821,3.442482571
29/04/2016,6822,3.442461429
29/04/2016,6823,3.442440286
29/04/2016,6824,3.442419143
29/04/2016,6825,3.442398
29/04/2016,6826,3.442376857
29/04/2016,6827,3.442355714
29/04/2016,6828,3.442334571
29/04/2016,6829,3.442313429
29/04/2016,6830,3.442292286
29/04/2016,6831,3.442271143
29/04/2016,6832,3.44225
29/04/2016,6833,3.442228857
29/04/2016,6834,3.442207714
29/04/2016,6835,3.442186571
29/04/2016,6836,3.442165429
29/04/2016,6837,3.442144286
29/04/2016,6838,3.442123143
29/04/2016,6839,3.442102
29/04/2016,6840,3.442080857
29/04/2016,6841,3.442059714
29/04/2016,6842,3.442038571
29/04/2016,6843,3.442017429
29/04/2016,6844,3.441996286
29/04/2016,6845,3.441975143
29/04/2016,6846,3.441954
29/04/2016,6847,3.441932857
29/04/2016,6848,3.441911714
29/04/2016,6849,3.441890571
29/04/2016,6850,3.441869429
29/04/2016,6851,3.441848286
29/04/2016,6852,3.441827143
29/04/2016,6853,3.441806
29/04/2016,6854,3.441784857
29/04/2016,6855,3.441763714
29/04/2016,6856,3.441742571
29/04/2016,6857,3.441721429
29/04/2016,6858,3.441700286
29/04/2016,6859,3.441679143
29/04/2016,6860,3.441658
29/04/2016,6861,3.441636857
29/04/2016,6862,3.441615714
29/04/2016,6863,3.441594571
29/04/2016,6864,3.441573429
29/04/2016,6865,3.441552286
29/04/2016,6866,3.441531143
29/04/2016,6867,3.44151
29/04/2016,6868,3.441488857
29/04/2016,6869,3.441467714
29/04/2016,6870,3.441446571
29/04/2016,6871,3.441425429
29/04/2016,6872,3.441404286
29/04/2016,6873,3.441383143
29/04/2016,6874,3.441362
29/04/2016,6875,3.441340857
29/04/2016,6876,3.441319714
29/04/2016,6877,3.441298571
29/04/2016,6878,3.441277429
29/04/2016,6879,3.441256286
29/04/2016,6880,3.441235143
29/04/2016,6881,3.441214
29/04/2016,6882,3.441192857
29/04/2016,6883,3.441171714
29/04/2016,6884,3.441150571
29/04/2016,6885,3.441129429
29/04/2016,6886,3.441108286
29/04/2016,6887,3.441087143
29/04/2016,6888,3.441066
29/04/2016,6889,3.441044857
29/04/2016,6890,3.441023714
29/04/2016,6891,3.441002571
29/04/2016,6892,3.440981429
29/04/2016,6893,3.440960286
29/04/2016,6894,3.440939143
29/04/2016,6895,3.440918
29/04/2016,6896,3.440896857
29/04/2016,6897,3.440875714
29/04/2016,6898,3.440854571
29/04/2016,6899,3.440833429
29/04/2016,6900,3.440812286
29/04/2016,6901,3.440791143
29/04/2016,6902,3.44077
29/04/2016,6903,3.440748857
29/04/2016,6904,3.440727714
29/04/2016,6905,3.440706571
29/04/2016,6906,3.440685429
29/04/2016,6907,3.440664286
29/04/2016,6908,3.440643143
29/04/2016,6909,3.440622
29/04/2016,6910,3.440600857
29/04/2016,6911,3.440579714
29/04/2016,6912,3.440558571
29/04/2016,6913,3.440537429
29/04/2016,6914,3.440516286
29/04/2016,6915,3.440495143
29/04/2016,6916,3.440474
29/04/2016,6917,3.440511544
29/04/2016,6918,3.440549088
29/04/2016,6919,3.440586632
29/04/2016,6920,3.440624176
29/04/2016,6921,3.44066172
29/04/2016,6922,3.440699264
29/04/2016,6923,3.440736808
29/04/2016,6924,3.440774352
29/04/2016,6925,3.440811896
29/04/2016,6926,3.44084944
29/04/2016,6927,3.440886984
29/04/2016,6928,3.440924527
29/04/2016,6929,3.440962071
29/04/2016,6930,3.440999615
29/04/2016,6931,3.441037159
29/04/2016,6932,3.441074703
29/04/2016,6933,3.441112247
29/04/2016,6934,3.441149791
29/04/2016,6935,3.441187335
29/04/2016,6936,3.441224879
29/04/2016,6937,3.441262423
29/04/2016,6938,3.441299967
29/04/2016,6939,3.441337511
29/04/2016,6940,3.441375055
29/04/2016,6941,3.441412599
29/04/2016,6942,3.441450143
29/04/2016,6943,3.441487687
29/04/2016,6944,3.441525231
29/04/2016,6945,3.441562775
29/04/2016,6946,3.441600319
29/04/2016,6947,3.441637863
29/04/2016,6948,3.441675407
29/04/2016,6949,3.441712951
29/04/2016,6950,3.441750495
29/04/2016,6951,3.441788038
29/04/2016,6952,3.441825582
29/04/2016,6953,3.441863126
29/04/2016,6954,3.44190067
29/04/2016,6955,3.441938214
29/04/2016,6956,3.441975758
29/04/2016,6957,3.442013302
29/04/2016,6958,3.442050846
29/04/2016,6959,3.44208839
29/04/2016,6960,3.442125934
29/04/2016,6961,3.442163478
29/04/2016,6962,3.442201022
29/04/2016,6963,3.442238566
29/04/2016,6964,3.44227611
29/04/2016,6965,3.442313654
29/04/2016,6966,3.442351198
29/04/2016,6967,3.442388742
29/04/2016,6968,3.442426286
29/04/2016,6969,3.44246383
29/04/2016,6970,3.442501374
29/04/2016,6971,3.442538918
29/04/2016,6972,3.442576462
29/04/2016,6973,3.442614005
29/04/2016,6974,3.442651549
29/04/2016,6975,3.442689093
29/04/2016,6976,3.442726637
29/04/2016,6977,3.442764181
29/04/2016,6978,3.442801725
29/04/2016,6979,3.442839269
29/04/2016,6980,3.442876813
29/04/2016,6981,3.442914357
29/04/2016,6982,3.442951901
29/04/2016,6983,3.442989445
29/04/2016,6984,3.443026989
29/04/2016,6985,3.443064533
29/04/2016,6986,3.443102077
29/04/2016,6987,3.443139621
29/04/2016,6988,3.443177165
29/04/2016,6989,3.443214709
29/04/2016,6990,3.443252253
29/04/2016,6991,3.443289797
29/04/2016,6992,3.443327341
29/04/2016,6993,3.443364885
29/04/2016,6994,3.443402429
29/04/2016,6995,3.443439973
29/04/2016,6996,3.443477516
29/04/2016,6997,3.44351506
29/04/2016,6998,3.443552604
29/04/2016,6999,3.443590148
29/04/2016,7000,3.443627692
29/04/2016,7001,3.443665236
29/04/2016,7002,3.44370278
29/04/2016,7003,3.443740324
29/04/2016,7004,3.443777868
29/04/2016,7005,3.443815412
29/04/2016,7006,3.443852956
29/04/2016,7007,3.4438905
29/04/2016,7008,3.443928044
29/04/2016,7009,3.443965588
29/04/2016,7010,3.444003132
29/04/2016,7011,3.444040676
29/04/2016,7012,3.44407822
29/04/2016,7013,3.444115764
29/04/2016,7014,3.444153308
29/04/2016,7015,3.444190852
29/04/2016,7016,3.444228396
29/04/2016,7017,3.44426594
29/04/2016,7018,3.444303484
29/04/2016,7019,3.444341027
29/04/2016,7020,3.444378571
29/04/2016,7021,3.444416115
29/04/2016,7022,3.444453659
29/04/2016,7023,3.444491203
29/04/2016,7024,3.444528747
29/04/2016,7025,3.444566291
29/04/2016,7026,3.444603835
29/04/2016,7027,3.444641379
29/04/2016,7028,3.444678923
29/04/2016,7029,3.444716467
29/04/2016,7030,3.444754011
29/04/2016,7031,3.444791555
29/04/2016,7032,3.444829099
29/04/2016,7033,3.444866643
29/04/2016,7034,3.444904187
29/04/2016,7035,3.444941731
29/04/2016,7036,3.444979275
29/04/2016,7037,3.445016819
29/04/2016,7038,3.445054363
29/04/2016,7039,3.445091907
29/04/2016,7040,3.445129451
29/04/2016,7041,3.445166995
29/04/2016,7042,3.445204538
29/04/2016,7043,3.445242082
29/04/2016,7044,3.445279626
29/04/2016,7045,3.44531717
29/04/2016,7046,3.445354714
29/04/2016,7047,3.445392258
29/04/2016,7048,3.445429802
29/04/2016,7049,3.445467346
29/04/2016,7050,3.44550489
29/04/2016,7051,3.445542434
29/04/2016,7052,3.445579978
29/04/2016,7053,3.445617522
29/04/2016,7054,3.445655066
29/04/2016,7055,3.44569261
29/04/2016,7056,3.445730154
29/04/2016,7057,3.445767698
29/04/2016,7058,3.445805242
29/04/2016,7059,3.445842786
29/04/2016,7060,3.44588033
29/04/2016,7061,3.445917874
29/04/2016,7062,3.445955418
29/04/2016,7063,3.445992962
29/04/2016,7064,3.446030505
29/04/2016,7065,3.446068049
29/04/2016,7066,3.446105593
29/04/2016,7067,3.446143137
29/04/2016,7068,3.446180681
29/04/2016,7069,3.446218225
29/04/2016,7070,3.446255769
29/04/2016,7071,3.446293313
29/04/2016,7072,3.446330857
29/04/2016,7073,3.446368401
29/04/2016,7074,3.446405945
29/04/2016,7075,3.446443489
29/04/2016,7076,3.446481033
29/04/2016,7077,3.446518577
29/04/2016,7078,3.446556121
29/04/2016,7079,3.446593665
29/04/2016,7080,3.446631209
29/04/2016,7081,3.446668753
29/04/2016,7082,3.446706297
29/04/2016,7083,3.446743841
29/04/2016,7084,3.446781385
29/04/2016,7085,3.446818929
29/04/2016,7086,3.446856473
29/04/2016,7087,3.446894016
29/04/2016,7088,3.44693156
29/04/2016,7089,3.446969104
29/04/2016,7090,3.447006648
29/04/2016,7091,3.447044192
29/04/2016,7092,3.447081736
29/04/2016,7093,3.44711928
29/04/2016,7094,3.447156824
29/04/2016,7095,3.447194368
29/04/2016,7096,3.447231912
29/04/2016,7097,3.447269456
29/04/2016,7098,3.447307
29/04/2016,7099,3.447351951
29/04/2016,7100,3.447396901
29/04/2016,7101,3.447441852
29/04/2016,7102,3.447486802
29/04/2016,7103,3.447531753
29/04/2016,7104,3.447576703
29/04/2016,7105,3.447621654
29/04/2016,7106,3.447666604
29/04/2016,7107,3.447711555
29/04/2016,7108,3.447756505
29/04/2016,7109,3.447801456
29/04/2016,7110,3.447846407
29/04/2016,7111,3.447891357
29/04/2016,7112,3.447936308
29/04/2016,7113,3.447981258
29/04/2016,7114,3.448026209
29/04/2016,7115,3.448071159
29/04/2016,7116,3.44811611
29/04/2016,7117,3.44816106
29/04/2016,7118,3.448206011
29/04/2016,7119,3.448250962
29/04/2016,7120,3.448295912
29/04/2016,7121,3.448340863
29/04/2016,7122,3.448385813
29/04/2016,7123,3.448430764
29/04/2016,7124,3.448475714
29/04/2016,7125,3.448520665
29/04/2016,7126,3.448565615
29/04/2016,7127,3.448610566
29/04/2016,7128,3.448655516
29/04/2016,7129,3.448700467
29/04/2016,7130,3.448745418
29/04/2016,7131,3.448790368
29/04/2016,7132,3.448835319
29/04/2016,7133,3.448880269
29/04/2016,7134,3.44892522
29/04/2016,7135,3.44897017
29/04/2016,7136,3.449015121
29/04/2016,7137,3.449060071
29/04/2016,7138,3.449105022
29/04/2016,7139,3.449149973
29/04/2016,7140,3.449194923
29/04/2016,7141,3.449239874
29/04/2016,7142,3.449284824
29/04/2016,7143,3.449329775
29/04/2016,7144,3.449374725
29/04/2016,7145,3.449419676
29/04/2016,7146,3.449464626
29/04/2016,7147,3.449509577
29/04/2016,7148,3.449554527
29/04/2016,7149,3.449599478
29/04/2016,7150,3.449644429
29/04/2016,7151,3.449689379
29/04/2016,7152,3.44973433
29/04/2016,7153,3.44977928
29/04/2016,7154,3.449824231
29/04/2016,7155,3.449869181
29/04/2016,7156,3.449914132
29/04/2016,7157,3.449959082
29/04/2016,7158,3.450004033
29/04/2016,7159,3.450048984
29/04/2016,7160,3.450093934
29/04/2016,7161,3.450138885
29/04/2016,7162,3.450183835
29/04/2016,7163,3.450228786
29/04/2016,7164,3.450273736
29/04/2016,7165,3.450318687
29/04/2016,7166,3.450363637
29/04/2016,7167,3.450408588
29/04/2016,7168,3.450453538
29/04/2016,7169,3.450498489
29/04/2016,7170,3.45054344
29/04/2016,7171,3.45058839
29/04/2016,7172,3.450633341
29/04/2016,7173,3.450678291
29/04/2016,7174,3.450723242
29/04/2016,7175,3.450768192
29/04/2016,7176,3.450813143
29/04/2016,7177,3.450858093
29/04/2016,7178,3.450903044
29/04/2016,7179,3.450947995
29/04/2016,7180,3.450992945
29/04/2016,7181,3.451037896
29/04/2016,7182,3.451082846
29/04/2016,7183,3.451127797
29/04/2016,7184,3.451172747
29/04/2016,7185,3.451217698
29/04/2016,7186,3.451262648
29/04/2016,7187,3.451307599
29/04/2016,7188,3.451352549
29/04/2016,7189,3.4513975
29/04/2016,7190,3.451442451
29/04/2016,7191,3.451487401
29/04/2016,7192,3.451532352
29/04/2016,7193,3.451577302
29/04/2016,7194,3.451622253
29/04/2016,7195,3.451667203
29/04/2016,7196,3.451712154
29/04/2016,7197,3.451757104
29/04/2016,7198,3.451802055
29/04/2016,7199,3.451847005
29/04/2016,7200,3.451891956
29/04/2016,7201,3.451936907
29/04/2016,7202,3.451981857
29/04/2016,7203,3.452026808
29/04/2016,7204,3.452071758
29/04/2016,7205,3.452116709
29/04/2016,7206,3.452161659
29/04/2016,7207,3.45220661
29/04/2016,7208,3.45225156
29/04/2016,7209,3.452296511
29/04/2016,7210,3.452341462
29/04/2016,7211,3.452386412
29/04/2016,7212,3.452431363
29/04/2016,7213,3.452476313
29/04/2016,7214,3.452521264
29/04/2016,7215,3.452566214
29/04/2016,7216,3.452611165
29/04/2016,7217,3.452656115
29/04/2016,7218,3.452701066
29/04/2016,7219,3.452746016
29/04/2016,7220,3.452790967
29/04/2016,7221,3.452835918
29/04/2016,7222,3.452880868
29/04/2016,7223,3.452925819
29/04/2016,7224,3.452970769
29/04/2016,7225,3.45301572
29/04/2016,7226,3.45306067
29/04/2016,7227,3.453105621
29/04/2016,7228,3.453150571
29/04/2016,7229,3.453195522
29/04/2016,7230,3.453240473
29/04/2016,7231,3.453285423
29/04/2016,7232,3.453330374
29/04/2016,7233,3.453375324
29/04/2016,7234,3.453420275
29/04/2016,7235,3.453465225
29/04/2016,7236,3.453510176
29/04/2016,7237,3.453555126
29/04/2016,7238,3.453600077
29/04/2016,7239,3.453645027
29/04/2016,7240,3.453689978
29/04/2016,7241,3.453734929
29/04/2016,7242,3.453779879
29/04/2016,7243,3.45382483
29/04/2016,7244,3.45386978
29/04/2016,7245,3.453914731
29/04/2016,7246,3.453959681
29/04/2016,7247,3.454004632
29/04/2016,7248,3.454049582
29/04/2016,7249,3.454094533
29/04/2016,7250,3.454139484
29/04/2016,7251,3.454184434
29/04/2016,7252,3.454229385
29/04/2016,7253,3.454274335
29/04/2016,7254,3.454319286
29/04/2016,7255,3.454364236
29/04/2016,7256,3.454409187
29/04/2016,7257,3.454454137
29/04/2016,7258,3.454499088
29/04/2016,7259,3.454544038
29/04/2016,7260,3.454588989
29/04/2016,7261,3.45463394
29/04/2016,7262,3.45467889
29/04/2016,7263,3.454723841
29/04/2016,7264,3.454768791
29/04/2016,7265,3.454813742
29/04/2016,7266,3.454858692
29/04/2016,7267,3.454903643
29/04/2016,7268,3.454948593
29/04/2016,7269,3.454993544
29/04/2016,7270,3.455038495
29/04/2016,7271,3.455083445
29/04/2016,7272,3.455128396
29/04/2016,7273,3.455173346
29/04/2016,7274,3.455218297
29/04/2016,7275,3.455263247
29/04/2016,7276,3.455308198
29/04/2016,7277,3.455353148
29/04/2016,7278,3.455398099
29/04/2016,7279,3.455443049
29/04/2016,7280,3.455488
29/04/2016,7281,3.455535044
29/04/2016,7282,3.455582088
29/04/2016,7283,3.455629132
29/04/2016,7284,3.455676176
29/04/2016,7285,3.45572322
29/04/2016,7286,3.455770264
29/04/2016,7287,3.455817308
29/04/2016,7288,3.455864352
29/04/2016,7289,3.455911396
29/04/2016,7290,3.45595844
29/04/2016,7291,3.456005484
29/04/2016,7292,3.456052527
29/04/2016,7293,3.456099571
29/04/2016,7294,3.456146615
29/04/2016,7295,3.456193659
29/04/2016,7296,3.456240703
29/04/2016,7297,3.456287747
29/04/2016,7298,3.456334791
29/04/2016,7299,3.456381835
29/04/2016,7300,3.456428879
29/04/2016,7301,3.456475923
29/04/2016,7302,3.456522967
29/04/2016,7303,3.456570011
29/04/2016,7304,3.456617055
29/04/2016,7305,3.456664099
29/04/2016,7306,3.456711143
29/04/2016,7307,3.456758187
29/04/2016,7308,3.456805231
29/04/2016,7309,3.456852275
29/04/2016,7310,3.456899319
29/04/2016,7311,3.456946363
29/04/2016,7312,3.456993407
29/04/2016,7313,3.457040451
29/04/2016,7314,3.457087495
29/04/2016,7315,3.457134538
29/04/2016,7316,3.457181582
29/04/2016,7317,3.457228626
29/04/2016,7318,3.45727567
29/04/2016,7319,3.457322714
29/04/2016,7320,3.457369758
29/04/2016,7321,3.457416802
29/04/2016,7322,3.457463846
29/04/2016,7323,3.45751089
29/04/2016,7324,3.457557934
29/04/2016,7325,3.457604978
29/04/2016,7326,3.457652022
29/04/2016,7327,3.457699066
29/04/2016,7328,3.45774611
29/04/2016,7329,3.457793154
29/04/2016,7330,3.457840198
29/04/2016,7331,3.457887242
29/04/2016,7332,3.457934286
29/04/2016,7333,3.45798133
29/04/2016,7334,3.458028374
29/04/2016,7335,3.458075418
29/04/2016,7336,3.458122462
29/04/2016,7337,3.458169505
29/04/2016,7338,3.458216549
29/04/2016,7339,3.458263593
29/04/2016,7340,3.458310637
29/04/2016,7341,3.458357681
29/04/2016,7342,3.458404725
29/04/2016,7343,3.458451769
29/04/2016,7344,3.458498813
29/04/2016,7345,3.458545857
29/04/2016,7346,3.458592901
29/04/2016,7347,3.458639945
29/04/2016,7348,3.458686989
29/04/2016,7349,3.458734033
29/04/2016,7350,3.458781077
29/04/2016,7351,3.458828121
29/04/2016,7352,3.458875165
29/04/2016,7353,3.458922209
29/04/2016,7354,3.458969253
29/04/2016,7355,3.459016297
29/04/2016,7356,3.459063341
29/04/2016,7357,3.459110385
29/04/2016,7358,3.459157429
29/04/2016,7359,3.459204473
29/04/2016,7360,3.459251516
29/04/2016,7361,3.45929856
29/04/2016,7362,3.459345604
29/04/2016,7363,3.459392648
29/04/2016,7364,3.459439692
29/04/2016,7365,3.459486736
29/04/2016,7366,3.45953378
29/04/2016,7367,3.459580824
29/04/2016,7368,3.459627868
29/04/2016,7369,3.459674912
29/04/2016,7370,3.459721956
29/04/2016,7371,3.459769
29/04/2016,7372,3.459816044
29/04/2016,7373,3.459863088
29/04/2016,7374,3.459910132
29/04/2016,7375,3.459957176
29/04/2016,7376,3.46000422
29/04/2016,7377,3.460051264
29/04/2016,7378,3.460098308
29/04/2016,7379,3.460145352
29/04/2016,7380,3.460192396
29/04/2016,7381,3.46023944
29/04/2016,7382,3.460286484
29/04/2016,7383,3.460333527
29/04/2016,7384,3.460380571
29/04/2016,7385,3.460427615
29/04/2016,7386,3.460474659
29/04/2016,7387,3.460521703
29/04/2016,7388,3.460568747
29/04/2016,7389,3.460615791
29/04/2016,7390,3.460662835
29/04/2016,7391,3.460709879
29/04/2016,7392,3.460756923
29/04/2016,7393,3.460803967
29/04/2016,7394,3.460851011
29/04/2016,7395,3.460898055
29/04/2016,7396,3.460945099
29/04/2016,7397,3.460992143
29/04/2016,7398,3.461039187
29/04/2016,7399,3.461086231
29/04/2016,7400,3.461133275
29/04/2016,7401,3.461180319
29/04/2016,7402,3.461227363
29/04/2016,7403,3.461274407
29/04/2016,7404,3.461321451
29/04/2016,7405,3.461368495
29/04/2016,7406,3.461415538
29/04/2016,7407,3.461462582
29/04/2016,7408,3.461509626
29/04/2016,7409,3.46155667
29/04/2016,7410,3.461603714
29/04/2016,7411,3.461650758
29/04/2016,7412,3.461697802
29/04/2016,7413,3.461744846
29/04/2016,7414,3.46179189
29/04/2016,7415,3.461838934
29/04/2016,7416,3.461885978
29/04/2016,7417,3.461933022
29/04/2016,7418,3.461980066
29/04/2016,7419,3.46202711
29/04/2016,7420,3.462074154
29/04/2016,7421,3.462121198
29/04/2016,7422,3.462168242
29/04/2016,7423,3.462215286
29/04/2016,7424,3.46226233
29/04/2016,7425,3.462309374
29/04/2016,7426,3.462356418
29/04/2016,7427,3.462403462
29/04/2016,7428,3.462450505
29/04/2016,7429,3.462497549
29/04/2016,7430,3.462544593
29/04/2016,7431,3.462591637
29/04/2016,7432,3.462638681
29/04/2016,7433,3.462685725
29/04/2016,7434,3.462732769
29/04/2016,7435,3.462779813
29/04/2016,7436,3.462826857
29/04/2016,7437,3.462873901
29/04/2016,7438,3.462920945
29/04/2016,7439,3.462967989
29/04/2016,7440,3.463015033
29/04/2016,7441,3.463062077
29/04/2016,7442,3.463109121
29/04/2016,7443,3.463156165
29/04/2016,7444,3.463203209
29/04/2016,7445,3.463250253
29/04/2016,7446,3.463297297
29/04/2016,7447,3.463344341
29/04/2016,7448,3.463391385
29/04/2016,7449,3.463438429
29/04/2016,7450,3.463485473
29/04/2016,7451,3.463532516
29/04/2016,7452,3.46357956
29/04/2016,7453,3.463626604
29/04/2016,7454,3.463673648
29/04/2016,7455,3.463720692
29/04/2016,7456,3.463767736
29/04/2016,7457,3.46381478
29/04/2016,7458,3.463861824
29/04/2016,7459,3.463908868
29/04/2016,7460,3.463955912
29/04/2016,7461,3.464002956
29/04/2016,7462,3.46405
29/04/2016,7463,3.464096253
29/04/2016,7464,3.464142505
29/04/2016,7465,3.464188758
29/04/2016,7466,3.464235011
29/04/2016,7467,3.464281264
29/04/2016,7468,3.464327516
29/04/2016,7469,3.464373769
29/04/2016,7470,3.464420022
29/04/2016,7471,3.464466275
29/04/2016,7472,3.464512527
29/04/2016,7473,3.46455878
29/04/2016,7474,3.464605033
29/04/2016,7475,3.464651286
29/04/2016,7476,3.464697538
29/04/2016,7477,3.464743791
29/04/2016,7478,3.464790044
29/04/2016,7479,3.464836297
29/04/2016,7480,3.464882549
29/04/2016,7481,3.464928802
29/04/2016,7482,3.464975055
29/04/2016,7483,3.465021308
29/04/2016,7484,3.46506756
29/04/2016,7485,3.465113813
29/04/2016,7486,3.465160066
29/04/2016,7487,3.465206319
29/04/2016,7488,3.465252571
29/04/2016,7489,3.465298824
29/04/2016,7490,3.465345077
29/04/2016,7491,3.46539133
29/04/2016,7492,3.465437582
29/04/2016,7493,3.465483835
29/04/2016,7494,3.465530088
29/04/2016,7495,3.465576341
29/04/2016,7496,3.465622593
29/04/2016,7497,3.465668846
29/04/2016,7498,3.465715099
29/04/2016,7499,3.465761352
29/04/2016,7500,3.465807604
29/04/2016,7501,3.465853857
29/04/2016,7502,3.46590011
29/04/2016,7503,3.465946363
29/04/2016,7504,3.465992615
29/04/2016,7505,3.466038868
29/04/2016,7506,3.466085121
29/04/2016,7507,3.466131374
29/04/2016,7508,3.466177626
29/04/2016,7509,3.466223879
29/04/2016,7510,3.466270132
29/04/2016,7511,3.466316385
29/04/2016,7512,3.466362637
29/04/2016,7513,3.46640889
29/04/2016,7514,3.466455143
29/04/2016,7515,3.466501396
29/04/2016,7516,3.466547648
29/04/2016,7517,3.466593901
29/04/2016,7518,3.466640154
29/04/2016,7519,3.466686407
29/04/2016,7520,3.466732659
29/04/2016,7521,3.466778912
29/04/2016,7522,3.466825165
29/04/2016,7523,3.466871418
29/04/2016,7524,3.46691767
29/04/2016,7525,3.466963923
29/04/2016,7526,3.467010176
29/04/2016,7527,3.467056429
29/04/2016,7528,3.467102681
29/04/2016,7529,3.467148934
29/04/2016,7530,3.467195187
29/04/2016,7531,3.46724144
29/04/2016,7532,3.467287692
29/04/2016,7533,3.467333945
29/04/2016,7534,3.467380198
29/04/2016,7535,3.467426451
29/04/2016,7536,3.467472703
29/04/2016,7537,3.467518956
29/04/2016,7538,3.467565209
29/04/2016,7539,3.467611462
29/04/2016,7540,3.467657714
29/04/2016,7541,3.467703967
29/04/2016,7542,3.46775022
29/04/2016,7543,3.467796473
29/04/2016,7544,3.467842725
29/04/2016,7545,3.467888978
29/04/2016,7546,3.467935231
29/04/2016,7547,3.467981484
29/04/2016,7548,3.468027736
29/04/2016,7549,3.468073989
29/04/2016,7550,3.468120242
29/04/2016,7551,3.468166495
29/04/2016,7552,3.468212747
29/04/2016,7553,3.468259
29/04/2016,7554,3.468305253
29/04/2016,7555,3.468351505
29/04/2016,7556,3.468397758
29/04/2016,7557,3.468444011
29/04/2016,7558,3.468490264
29/04/2016,7559,3.468536516
29/04/2016,7560,3.468582769
29/04/2016,7561,3.468629022
29/04/2016,7562,3.468675275
29/04/2016,7563,3.468721527
29/04/2016,7564,3.46876778
29/04/2016,7565,3.468814033
29/04/2016,7566,3.468860286
29/04/2016,7567,3.468906538
29/04/2016,7568,3.468952791
29/04/2016,7569,3.468999044
29/04/2016,7570,3.469045297
29/04/2016,7571,3.469091549
29/04/2016,7572,3.469137802
29/04/2016,7573,3.469184055
29/04/2016,7574,3.469230308
29/04/2016,7575,3.46927656
29/04/2016,7576,3.469322813
29/04/2016,7577,3.469369066
29/04/2016,7578,3.469415319
29/04/2016,7579,3.469461571
29/04/2016,7580,3.469507824
29/04/2016,7581,3.469554077
29/04/2016,7582,3.46960033
29/04/2016,7583,3.469646582
29/04/2016,7584,3.469692835
29/04/2016,7585,3.469739088
29/04/2016,7586,3.469785341
29/04/2016,7587,3.469831593
29/04/2016,7588,3.469877846
29/04/2016,7589,3.469924099
29/04/2016,7590,3.469970352
29/04/2016,7591,3.470016604
29/04/2016,7592,3.470062857
29/04/2016,7593,3.47010911
29/04/2016,7594,3.470155363
29/04/2016,7595,3.470201615
29/04/2016,7596,3.470247868
29/04/2016,7597,3.470294121
29/04/2016,7598,3.470340374
29/04/2016,7599,3.470386626
29/04/2016,7600,3.470432879
29/04/2016,7601,3.470479132
29/04/2016,7602,3.470525385
29/04/2016,7603,3.470571637
29/04/2016,7604,3.47061789
29/04/2016,7605,3.470664143
29/04/2016,7606,3.470710396
29/04/2016,7607,3.470756648
29/04/2016,7608,3.470802901
29/04/2016,7609,3.470849154
29/04/2016,7610,3.470895407
29/04/2016,7611,3.470941659
29/04/2016,7612,3.470987912
29/04/2016,7613,3.471034165
29/04/2016,7614,3.471080418
29/04/2016,7615,3.47112667
29/04/2016,7616,3.471172923
29/04/2016,7617,3.471219176
29/04/2016,7618,3.471265429
29/04/2016,7619,3.471311681
29/04/2016,7620,3.471357934
29/04/2016,7621,3.471404187
29/04/2016,7622,3.47145044
29/04/2016,7623,3.471496692
29/04/2016,7624,3.471542945
29/04/2016,7625,3.471589198
29/04/2016,7626,3.471635451
29/04/2016,7627,3.471681703
29/04/2016,7628,3.471727956
29/04/2016,7629,3.471774209
29/04/2016,7630,3.471820462
29/04/2016,7631,3.471866714
29/04/2016,7632,3.471912967
29/04/2016,7633,3.47195922
29/04/2016,7634,3.472005473
29/04/2016,7635,3.472051725
29/04/2016,7636,3.472097978
29/04/2016,7637,3.472144231
29/04/2016,7638,3.472190484
29/04/2016,7639,3.472236736
29/04/2016,7640,3.472282989
29/04/2016,7641,3.472329242
29/04/2016,7642,3.472375495
29/04/2016,7643,3.472421747
29/04/2016,7644,3.472468
29/04/2016,7645,3.472513489
29/04/2016,7646,3.472558978
29/04/2016,7647,3.472604467
29/04/2016,7648,3.472649956
29/04/2016,7649,3.472695445
29/04/2016,7650,3.472740934
29/04/2016,7651,3.472786423
29/04/2016,7652,3.472831912
29/04/2016,7653,3.472877401
29/04/2016,7654,3.47292289
29/04/2016,7655,3.472968379
29/04/2016,7656,3.473013868
29/04/2016,7657,3.473059357
29/04/2016,7658,3.473104846
29/04/2016,7659,3.473150335
29/04/2016,7660,3.473195824
29/04/2016,7661,3.473241313
29/04/2016,7662,3.473286802
29/04/2016,7663,3.473332291
29/04/2016,7664,3.47337778
29/04/2016,7665,3.473423269
29/04/2016,7666,3.473468758
29/04/2016,7667,3.473514247
29/04/2016,7668,3.473559736
29/04/2016,7669,3.473605225
29/04/2016,7670,3.473650714
29/04/2016,7671,3.473696203
29/04/2016,7672,3.473741692
29/04/2016,7673,3.473787181
29/04/2016,7674,3.47383267
29/04/2016,7675,3.473878159
29/04/2016,7676,3.473923648
29/04/2016,7677,3.473969137
29/04/2016,7678,3.474014626
29/04/2016,7679,3.474060115
29/04/2016,7680,3.474105604
29/04/2016,7681,3.474151093
29/04/2016,7682,3.474196582
29/04/2016,7683,3.474242071
29/04/2016,7684,3.47428756
29/04/2016,7685,3.474333049
29/04/2016,7686,3.474378538
29/04/2016,7687,3.474424027
29/04/2016,7688,3.474469516
29/04/2016,7689,3.474515005
29/04/2016,7690,3.474560495
29/04/2016,7691,3.474605984
29/04/2016,7692,3.474651473
29/04/2016,7693,3.474696962
29/04/2016,7694,3.474742451
29/04/2016,7695,3.47478794
29/04/2016,7696,3.474833429
29/04/2016,7697,3.474878918
29/04/2016,7698,3.474924407
29/04/2016,7699,3.474969896
29/04/2016,7700,3.475015385
29/04/2016,7701,3.475060874
29/04/2016,7702,3.475106363
29/04/2016,7703,3.475151852
29/04/2016,7704,3.475197341
29/04/2016,7705,3.47524283
29/04/2016,7706,3.475288319
29/04/2016,7707,3.475333808
29/04/2016,7708,3.475379297
29/04/2016,7709,3.475424786
29/04/2016,7710,3.475470275
29/04/2016,7711,3.475515764
29/04/2016,7712,3.475561253
29/04/2016,7713,3.475606742
29/04/2016,7714,3.475652231
29/04/2016,7715,3.47569772
29/04/2016,7716,3.475743209
29/04/2016,7717,3.475788698
29/04/2016,7718,3.475834187
29/04/2016,7719,3.475879676
29/04/2016,7720,3.475925165
29/04/2016,7721,3.475970654
29/04/2016,7722,3.476016143
29/04/2016,7723,3.476061632
29/04/2016,7724,3.476107121
29/04/2016,7725,3.47615261
29/04/2016,7726,3.476198099
29/04/2016,7727,3.476243588
29/04/2016,7728,3.476289077
29/04/2016,7729,3.476334566
29/04/2016,7730,3.476380055
29/04/2016,7731,3.476425544
29/04/2016,7732,3.476471033
29/04/2016,7733,3.476516522
29/04/2016,7734,3.476562011
29/04/2016,7735,3.4766075
29/04/2016,7736,3.476652989
29/04/2016,7737,3.476698478
29/04/2016,7738,3.476743967
29/04/2016,7739,3.476789456
29/04/2016,7740,3.476834945
29/04/2016,7741,3.476880434
29/04/2016,7742,3.476925923
29/04/2016,7743,3.476971412
29/04/2016,7744,3.477016901
29/04/2016,7745,3.47706239
29/04/2016,7746,3.477107879
29/04/2016,7747,3.477153368
29/04/2016,7748,3.477198857
29/04/2016,7749,3.477244346
29/04/2016,7750,3.477289835
29/04/2016,7751,3.477335324
29/04/2016,7752,3.477380813
29/04/2016,7753,3.477426302
29/04/2016,7754,3.477471791
29/04/2016,7755,3.47751728
29/04/2016,7756,3.477562769
29/04/2016,7757,3.477608258
29/04/2016,7758,3.477653747
29/04/2016,7759,3.477699236
29/04/2016,7760,3.477744725
29/04/2016,7761,3.477790214
29/04/2016,7762,3.477835703
29/04/2016,7763,3.477881192
29/04/2016,7764,3.477926681
29/04/2016,7765,3.47797217
29/04/2016,7766,3.478017659
29/04/2016,7767,3.478063148
29/04/2016,7768,3.478108637
29/04/2016,7769,3.478154126
29/04/2016,7770,3.478199615
29/04/2016,7771,3.478245104
29/04/2016,7772,3.478290593
29/04/2016,7773,3.478336082
29/04/2016,7774,3.478381571
29/04/2016,7775,3.47842706
29/04/2016,7776,3.478472549
29/04/2016,7777,3.478518038
29/04/2016,7778,3.478563527
29/04/2016,7779,3.478609016
29/04/2016,7780,3.478654505
29/04/2016,7781,3.478699995
29/04/2016,7782,3.478745484
29/04/2016,7783,3.478790973
29/04/2016,7784,3.478836462
29/04/2016,7785,3.478881951
29/04/2016,7786,3.47892744
29/04/2016,7787,3.478972929
29/04/2016,7788,3.479018418
29/04/2016,7789,3.479063907
29/04/2016,7790,3.479109396
29/04/2016,7791,3.479154885
29/04/2016,7792,3.479200374
29/04/2016,7793,3.479245863
29/04/2016,7794,3.479291352
29/04/2016,7795,3.479336841
29/04/2016,7796,3.47938233
29/04/2016,7797,3.479427819
29/04/2016,7798,3.479473308
29/04/2016,7799,3.479518797
29/04/2016,7800,3.479564286
29/04/2016,7801,3.479609775
29/04/2016,7802,3.479655264
29/04/2016,7803,3.479700753
29/04/2016,7804,3.479746242
29/04/2016,7805,3.479791731
29/04/2016,7806,3.47983722
29/04/2016,7807,3.479882709
29/04/2016,7808,3.479928198
29/04/2016,7809,3.479973687
29/04/2016,7810,3.480019176
29/04/2016,7811,3.480064665
29/04/2016,7812,3.480110154
29/04/2016,7813,3.480155643
29/04/2016,7814,3.480201132
29/04/2016,7815,3.480246621
29/04/2016,7816,3.48029211
29/04/2016,7817,3.480337599
29/04/2016,7818,3.480383088
29/04/2016,7819,3.480428577
29/04/2016,7820,3.480474066
29/04/2016,7821,3.480519555
29/04/2016,7822,3.480565044
29/04/2016,7823,3.480610533
29/04/2016,7824,3.480656022
29/04/2016,7825,3.480701511
29/04/2016,7826,3.480747
29/04/2016,7827,3.480791753
29/04/2016,7828,3.480836505
29/04/2016,7829,3.480881258
29/04/2016,7830,3.480926011
29/04/2016,7831,3.480970764
29/04/2016,7832,3.481015516
29/04/2016,7833,3.481060269
29/04/2016,7834,3.481105022
29/04/2016,7835,3.481149775
29/04/2016,7836,3.481194527
29/04/2016,7837,3.48123928
29/04/2016,7838,3.481284033
29/04/2016,7839,3.481328786
29/04/2016,7840,3.481373538
29/04/2016,7841,3.481418291
29/04/2016,7842,3.481463044
29/04/2016,7843,3.481507797
29/04/2016,7844,3.481552549
29/04/2016,7845,3.481597302
29/04/2016,7846,3.481642055
29/04/2016,7847,3.481686808
29/04/2016,7848,3.48173156
29/04/2016,7849,3.481776313
29/04/2016,7850,3.481821066
29/04/2016,7851,3.481865819
29/04/2016,7852,3.481910571
29/04/2016,7853,3.481955324
29/04/2016,7854,3.482000077
29/04/2016,7855,3.48204483
29/04/2016,7856,3.482089582
29/04/2016,7857,3.482134335
29/04/2016,7858,3.482179088
29/04/2016,7859,3.482223841
29/04/2016,7860,3.482268593
29/04/2016,7861,3.482313346
29/04/2016,7862,3.482358099
29/04/2016,7863,3.482402852
29/04/2016,7864,3.482447604
29/04/2016,7865,3.482492357
29/04/2016,7866,3.48253711
29/04/2016,7867,3.482581863
29/04/2016,7868,3.482626615
29/04/2016,7869,3.482671368
29/04/2016,7870,3.482716121
29/04/2016,7871,3.482760874
29/04/2016,7872,3.482805626
29/04/2016,7873,3.482850379
29/04/2016,7874,3.482895132
29/04/2016,7875,3.482939885
29/04/2016,7876,3.482984637
29/04/2016,7877,3.48302939
29/04/2016,7878,3.483074143
29/04/2016,7879,3.483118896
29/04/2016,7880,3.483163648
29/04/2016,7881,3.483208401
29/04/2016,7882,3.483253154
29/04/2016,7883,3.483297907
29/04/2016,7884,3.483342659
29/04/2016,7885,3.483387412
29/04/2016,7886,3.483432165
29/04/2016,7887,3.483476918
29/04/2016,7888,3.48352167
29/04/2016,7889,3.483566423
29/04/2016,7890,3.483611176
29/04/2016,7891,3.483655929
29/04/2016,7892,3.483700681
29/04/2016,7893,3.483745434
29/04/2016,7894,3.483790187
29/04/2016,7895,3.48383494
29/04/2016,7896,3.483879692
29/04/2016,7897,3.483924445
29/04/2016,7898,3.483969198
29/04/2016,7899,3.484013951
29/04/2016,7900,3.484058703
29/04/2016,7901,3.484103456
29/04/2016,7902,3.484148209
29/04/2016,7903,3.484192962
29/04/2016,7904,3.484237714
29/04/2016,7905,3.484282467
29/04/2016,7906,3.48432722
29/04/2016,7907,3.484371973
29/04/2016,7908,3.484416725
29/04/2016,7909,3.484461478
29/04/2016,7910,3.484506231
29/04/2016,7911,3.484550984
29/04/2016,7912,3.484595736
29/04/2016,7913,3.484640489
29/04/2016,7914,3.484685242
29/04/2016,7915,3.484729995
29/04/2016,7916,3.484774747
29/04/2016,7917,3.4848195
29/04/2016,7918,3.484864253
29/04/2016,7919,3.484909005
29/04/2016,7920,3.484953758
29/04/2016,7921,3.484998511
29/04/2016,7922,3.485043264
29/04/2016,7923,3.485088016
29/04/2016,7924,3.485132769
29/04/2016,7925,3.485177522
29/04/2016,7926,3.485222275
29/04/2016,7927,3.485267027
29/04/2016,7928,3.48531178
29/04/2016,7929,3.485356533
29/04/2016,7930,3.485401286
29/04/2016,7931,3.485446038
29/04/2016,7932,3.485490791
29/04/2016,7933,3.485535544
29/04/2016,7934,3.485580297
29/04/2016,7935,3.485625049
29/04/2016,7936,3.485669802
29/04/2016,7937,3.485714555
29/04/2016,7938,3.485759308
29/04/2016,7939,3.48580406
29/04/2016,7940,3.485848813
29/04/2016,7941,3.485893566
29/04/2016,7942,3.485938319
29/04/2016,7943,3.485983071
29/04/2016,7944,3.486027824
29/04/2016,7945,3.486072577
29/04/2016,7946,3.48611733
29/04/2016,7947,3.486162082
29/04/2016,7948,3.486206835
29/04/2016,7949,3.486251588
29/04/2016,7950,3.486296341
29/04/2016,7951,3.486341093
29/04/2016,7952,3.486385846
29/04/2016,7953,3.486430599
29/04/2016,7954,3.486475352
29/04/2016,7955,3.486520104
29/04/2016,7956,3.486564857
29/04/2016,7957,3.48660961
29/04/2016,7958,3.486654363
29/04/2016,7959,3.486699115
29/04/2016,7960,3.486743868
29/04/2016,7961,3.486788621
29/04/2016,7962,3.486833374
29/04/2016,7963,3.486878126
29/04/2016,7964,3.486922879
29/04/2016,7965,3.486967632
29/04/2016,7966,3.487012385
29/04/2016,7967,3.487057137
29/04/2016,7968,3.48710189
29/04/2016,7969,3.487146643
29/04/2016,7970,3.487191396
29/04/2016,7971,3.487236148
29/04/2016,7972,3.487280901
29/04/2016,7973,3.487325654
29/04/2016,7974,3.487370407
29/04/2016,7975,3.487415159
29/04/2016,7976,3.487459912
29/04/2016,7977,3.487504665
29/04/2016,7978,3.487549418
29/04/2016,7979,3.48759417
29/04/2016,7980,3.487638923
29/04/2016,7981,3.487683676
29/04/2016,7982,3.487728429
29/04/2016,7983,3.487773181
29/04/2016,7984,3.487817934
29/04/2016,7985,3.487862687
29/04/2016,7986,3.48790744
29/04/2016,7987,3.487952192
29/04/2016,7988,3.487996945
29/04/2016,7989,3.488041698
29/04/2016,7990,3.488086451
29/04/2016,7991,3.488131203
29/04/2016,7992,3.488175956
29/04/2016,7993,3.488220709
29/04/2016,7994,3.488265462
29/04/2016,7995,3.488310214
29/04/2016,7996,3.488354967
29/04/2016,7997,3.48839972
29/04/2016,7998,3.488444473
29/04/2016,7999,3.488489225
29/04/2016,8000,3.488533978
29/04/2016,8001,3.488578731
29/04/2016,8002,3.488623484
29/04/2016,8003,3.488668236
29/04/2016,8004,3.488712989
29/04/2016,8005,3.488757742
29/04/2016,8006,3.488802495
29/04/2016,8007,3.488847247
29/04/2016,8008,3.488892
29/04/2016,8009,3.488992709
29/04/2016,8010,3.489093418
29/04/2016,8011,3.489194126
29/04/2016,8012,3.489294835
29/04/2016,8013,3.489395544
29/04/2016,8014,3.489496253
29/04/2016,8015,3.489596962
29/04/2016,8016,3.48969767
29/04/2016,8017,3.489798379
29/04/2016,8018,3.489899088
29/04/2016,8019,3.489999797
29/04/2016,8020,3.490100505
29/04/2016,8021,3.490201214
29/04/2016,8022,3.490301923
29/04/2016,8023,3.490402632
29/04/2016,8024,3.490503341
29/04/2016,8025,3.490604049
29/04/2016,8026,3.490704758
29/04/2016,8027,3.490805467
29/04/2016,8028,3.490906176
29/04/2016,8029,3.491006885
29/04/2016,8030,3.491107593
29/04/2016,8031,3.491208302
29/04/2016,8032,3.491309011
29/04/2016,8033,3.49140972
29/04/2016,8034,3.491510429
29/04/2016,8035,3.491611137
29/04/2016,8036,3.491711846
29/04/2016,8037,3.491812555
29/04/2016,8038,3.491913264
29/04/2016,8039,3.492013973
29/04/2016,8040,3.492114681
29/04/2016,8041,3.49221539
29/04/2016,8042,3.492316099
29/04/2016,8043,3.492416808
29/04/2016,8044,3.492517516
29/04/2016,8045,3.492618225
29/04/2016,8046,3.492718934
29/04/2016,8047,3.492819643
29/04/2016,8048,3.492920352
29/04/2016,8049,3.49302106
29/04/2016,8050,3.493121769
29/04/2016,8051,3.493222478
29/04/2016,8052,3.493323187
29/04/2016,8053,3.493423896
29/04/2016,8054,3.493524604
29/04/2016,8055,3.493625313
29/04/2016,8056,3.493726022
29/04/2016,8057,3.493826731
29/04/2016,8058,3.49392744
29/04/2016,8059,3.494028148
29/04/2016,8060,3.494128857
29/04/2016,8061,3.494229566
29/04/2016,8062,3.494330275
29/04/2016,8063,3.494430984
29/04/2016,8064,3.494531692
29/04/2016,8065,3.494632401
29/04/2016,8066,3.49473311
29/04/2016,8067,3.494833819
29/04/2016,8068,3.494934527
29/04/2016,8069,3.495035236
29/04/2016,8070,3.495135945
29/04/2016,8071,3.495236654
29/04/2016,8072,3.495337363
29/04/2016,8073,3.495438071
29/04/2016,8074,3.49553878
29/04/2016,8075,3.495639489
29/04/2016,8076,3.495740198
29/04/2016,8077,3.495840907
29/04/2016,8078,3.495941615
29/04/2016,8079,3.496042324
29/04/2016,8080,3.496143033
29/04/2016,8081,3.496243742
29/04/2016,8082,3.496344451
29/04/2016,8083,3.496445159
29/04/2016,8084,3.496545868
29/04/2016,8085,3.496646577
29/04/2016,8086,3.496747286
29/04/2016,8087,3.496847995
29/04/2016,8088,3.496948703
29/04/2016,8089,3.497049412
29/04/2016,8090,3.497150121
29/04/2016,8091,3.49725083
29/04/2016,8092,3.497351538
29/04/2016,8093,3.497452247
29/04/2016,8094,3.497552956
29/04/2016,8095,3.497653665
29/04/2016,8096,3.497754374
29/04/2016,8097,3.497855082
29/04/2016,8098,3.497955791
29/04/2016,8099,3.4980565
29/04/2016,8100,3.498157209
29/04/2016,8101,3.498257918
29/04/2016,8102,3.498358626
29/04/2016,8103,3.498459335
29/04/2016,8104,3.498560044
29/04/2016,8105,3.498660753
29/04/2016,8106,3.498761462
29/04/2016,8107,3.49886217
29/04/2016,8108,3.498962879
29/04/2016,8109,3.499063588
29/04/2016,8110,3.499164297
29/04/2016,8111,3.499265005
29/04/2016,8112,3.499365714
29/04/2016,8113,3.499466423
29/04/2016,8114,3.499567132
29/04/2016,8115,3.499667841
29/04/2016,8116,3.499768549
29/04/2016,8117,3.499869258
29/04/2016,8118,3.499969967
29/04/2016,8119,3.500070676
29/04/2016,8120,3.500171385
29/04/2016,8121,3.500272093
29/04/2016,8122,3.500372802
29/04/2016,8123,3.500473511
29/04/2016,8124,3.50057422
29/04/2016,8125,3.500674929
29/04/2016,8126,3.500775637
29/04/2016,8127,3.500876346
29/04/2016,8128,3.500977055
29/04/2016,8129,3.501077764
29/04/2016,8130,3.501178473
29/04/2016,8131,3.501279181
29/04/2016,8132,3.50137989
29/04/2016,8133,3.501480599
29/04/2016,8134,3.501581308
29/04/2016,8135,3.501682016
29/04/2016,8136,3.501782725
29/04/2016,8137,3.501883434
29/04/2016,8138,3.501984143
29/04/2016,8139,3.502084852
29/04/2016,8140,3.50218556
29/04/2016,8141,3.502286269
29/04/2016,8142,3.502386978
29/04/2016,8143,3.502487687
29/04/2016,8144,3.502588396
29/04/2016,8145,3.502689104
29/04/2016,8146,3.502789813
29/04/2016,8147,3.502890522
29/04/2016,8148,3.502991231
29/04/2016,8149,3.50309194
29/04/2016,8150,3.503192648
29/04/2016,8151,3.503293357
29/04/2016,8152,3.503394066
29/04/2016,8153,3.503494775
29/04/2016,8154,3.503595484
29/04/2016,8155,3.503696192
29/04/2016,8156,3.503796901
29/04/2016,8157,3.50389761
29/04/2016,8158,3.503998319
29/04/2016,8159,3.504099027
29/04/2016,8160,3.504199736
29/04/2016,8161,3.504300445
29/04/2016,8162,3.504401154
29/04/2016,8163,3.504501863
29/04/2016,8164,3.504602571
29/04/2016,8165,3.50470328
29/04/2016,8166,3.504803989
29/04/2016,8167,3.504904698
29/04/2016,8168,3.505005407
29/04/2016,8169,3.505106115
29/04/2016,8170,3.505206824
29/04/2016,8171,3.505307533
29/04/2016,8172,3.505408242
29/04/2016,8173,3.505508951
29/04/2016,8174,3.505609659
29/04/2016,8175,3.505710368
29/04/2016,8176,3.505811077
29/04/2016,8177,3.505911786
29/04/2016,8178,3.506012495
29/04/2016,8179,3.506113203
29/04/2016,8180,3.506213912
29/04/2016,8181,3.506314621
29/04/2016,8182,3.50641533
29/04/2016,8183,3.506516038
29/04/2016,8184,3.506616747
29/04/2016,8185,3.506717456
29/04/2016,8186,3.506818165
29/04/2016,8187,3.506918874
29/04/2016,8188,3.507019582
29/04/2016,8189,3.507120291
29/04/2016,8190,3.507221
29/04/2016,8191,3.507264335
29/04/2016,8192,3.50730767
29/04/2016,8193,3.507351005
29/04/2016,8194,3.507394341
29/04/2016,8195,3.507437676
29/04/2016,8196,3.507481011
29/04/2016,8197,3.507524346
29/04/2016,8198,3.507567681
29/04/2016,8199,3.507611016
29/04/2016,8200,3.507654352
29/04/2016,8201,3.507697687
29/04/2016,8202,3.507741022
29/04/2016,8203,3.507784357
29/04/2016,8204,3.507827692
29/04/2016,8205,3.507871027
29/04/2016,8206,3.507914363
29/04/2016,8207,3.507957698
29/04/2016,8208,3.508001033
29/04/2016,8209,3.508044368
29/04/2016,8210,3.508087703
29/04/2016,8211,3.508131038
29/04/2016,8212,3.508174374
29/04/2016,8213,3.508217709
29/04/2016,8214,3.508261044
29/04/2016,8215,3.508304379
29/04/2016,8216,3.508347714
29/04/2016,8217,3.508391049
29/04/2016,8218,3.508434385
29/04/2016,8219,3.50847772
29/04/2016,8220,3.508521055
29/04/2016,8221,3.50856439
29/04/2016,8222,3.508607725
29/04/2016,8223,3.50865106
29/04/2016,8224,3.508694396
29/04/2016,8225,3.508737731
29/04/2016,8226,3.508781066
29/04/2016,8227,3.508824401
29/04/2016,8228,3.508867736
29/04/2016,8229,3.508911071
29/04/2016,8230,3.508954407
29/04/2016,8231,3.508997742
29/04/2016,8232,3.509041077
29/04/2016,8233,3.509084412
29/04/2016,8234,3.509127747
29/04/2016,8235,3.509171082
29/04/2016,8236,3.509214418
29/04/2016,8237,3.509257753
29/04/2016,8238,3.509301088
29/04/2016,8239,3.509344423
29/04/2016,8240,3.509387758
29/04/2016,8241,3.509431093
29/04/2016,8242,3.509474429
29/04/2016,8243,3.509517764
29/04/2016,8244,3.509561099
29/04/2016,8245,3.509604434
29/04/2016,8246,3.509647769
29/04/2016,8247,3.509691104
29/04/2016,8248,3.50973444
29/04/2016,8249,3.509777775
29/04/2016,8250,3.50982111
29/04/2016,8251,3.509864445
29/04/2016,8252,3.50990778
29/04/2016,8253,3.509951115
29/04/2016,8254,3.509994451
29/04/2016,8255,3.510037786
29/04/2016,8256,3.510081121
29/04/2016,8257,3.510124456
29/04/2016,8258,3.510167791
29/04/2016,8259,3.510211126
29/04/2016,8260,3.510254462
29/04/2016,8261,3.510297797
29/04/2016,8262,3.510341132
29/04/2016,8263,3.510384467
29/04/2016,8264,3.510427802
29/04/2016,8265,3.510471137
29/04/2016,8266,3.510514473
29/04/2016,8267,3.510557808
29/04/2016,8268,3.510601143
29/04/2016,8269,3.510644478
29/04/2016,8270,3.510687813
29/04/2016,8271,3.510731148
29/04/2016,8272,3.510774484
29/04/2016,8273,3.510817819
29/04/2016,8274,3.510861154
29/04/2016,8275,3.510904489
29/04/2016,8276,3.510947824
29/04/2016,8277,3.510991159
29/04/2016,8278,3.511034495
29/04/2016,8279,3.51107783
29/04/2016,8280,3.511121165
29/04/2016,8281,3.5111645
29/04/2016,8282,3.511207835
29/04/2016,8283,3.51125117
29/04/2016,8284,3.511294505
29/04/2016,8285,3.511337841
29/04/2016,8286,3.511381176
29/04/2016,8287,3.511424511
29/04/2016,8288,3.511467846
29/04/2016,8289,3.511511181
29/04/2016,8290,3.511554516
29/04/2016,8291,3.511597852
29/04/2016,8292,3.511641187
29/04/2016,8293,3.511684522
29/04/2016,8294,3.511727857
29/04/2016,8295,3.511771192
29/04/2016,8296,3.511814527
29/04/2016,8297,3.511857863
29/04/2016,8298,3.511901198
29/04/2016,8299,3.511944533
29/04/2016,8300,3.511987868
29/04/2016,8301,3.512031203
29/04/2016,8302,3.512074538
29/04/2016,8303,3.512117874
29/04/2016,8304,3.512161209
29/04/2016,8305,3.512204544
29/04/2016,8306,3.512247879
29/04/2016,8307,3.512291214
29/04/2016,8308,3.512334549
29/04/2016,8309,3.512377885
29/04/2016,8310,3.51242122
29/04/2016,8311,3.512464555
29/04/2016,8312,3.51250789
29/04/2016,8313,3.512551225
29/04/2016,8314,3.51259456
29/04/2016,8315,3.512637896
29/04/2016,8316,3.512681231
29/04/2016,8317,3.512724566
29/04/2016,8318,3.512767901
29/04/2016,8319,3.512811236
29/04/2016,8320,3.512854571
29/04/2016,8321,3.512897907
29/04/2016,8322,3.512941242
29/04/2016,8323,3.512984577
29/04/2016,8324,3.513027912
29/04/2016,8325,3.513071247
29/04/2016,8326,3.513114582
29/04/2016,8327,3.513157918
29/04/2016,8328,3.513201253
29/04/2016,8329,3.513244588
29/04/2016,8330,3.513287923
29/04/2016,8331,3.513331258
29/04/2016,8332,3.513374593
29/04/2016,8333,3.513417929
29/04/2016,8334,3.513461264
29/04/2016,8335,3.513504599
29/04/2016,8336,3.513547934
29/04/2016,8337,3.513591269
29/04/2016,8338,3.513634604
29/04/2016,8339,3.51367794
29/04/2016,8340,3.513721275
29/04/2016,8341,3.51376461
29/04/2016,8342,3.513807945
29/04/2016,8343,3.51385128
29/04/2016,8344,3.513894615
29/04/2016,8345,3.513937951
29/04/2016,8346,3.513981286
29/04/2016,8347,3.514024621
29/04/2016,8348,3.514067956
29/04/2016,8349,3.514111291
29/04/2016,8350,3.514154626
29/04/2016,8351,3.514197962
29/04/2016,8352,3.514241297
29/04/2016,8353,3.514284632
29/04/2016,8354,3.514327967
29/04/2016,8355,3.514371302
29/04/2016,8356,3.514414637
29/04/2016,8357,3.514457973
29/04/2016,8358,3.514501308
29/04/2016,8359,3.514544643
29/04/2016,8360,3.514587978
29/04/2016,8361,3.514631313
29/04/2016,8362,3.514674648
29/04/2016,8363,3.514717984
29/04/2016,8364,3.514761319
29/04/2016,8365,3.514804654
29/04/2016,8366,3.514847989
29/04/2016,8367,3.514891324
29/04/2016,8368,3.514934659
29/04/2016,8369,3.514977995
29/04/2016,8370,3.51502133
29/04/2016,8371,3.515064665
29/04/2016,8372,3.515108
29/04/2016,8373,3.515150714
29/04/2016,8374,3.515193429
29/04/2016,8375,3.515236143
29/04/2016,8376,3.515278857
29/04/2016,8377,3.515321571
29/04/2016,8378,3.515364286
29/04/2016,8379,3.515407
29/04/2016,8380,3.515449714
29/04/2016,8381,3.515492429
29/04/2016,8382,3.515535143
29/04/2016,8383,3.515577857
29/04/2016,8384,3.515620571
29/04/2016,8385,3.515663286
29/04/2016,8386,3.515706
29/04/2016,8387,3.515748714
29/04/2016,8388,3.515791429
29/04/2016,8389,3.515834143
29/04/2016,8390,3.515876857
29/04/2016,8391,3.515919571
29/04/2016,8392,3.515962286
29/04/2016,8393,3.516005
29/04/2016,8394,3.516047714
29/04/2016,8395,3.516090429
29/04/2016,8396,3.516133143
29/04/2016,8397,3.516175857
29/04/2016,8398,3.516218571
29/04/2016,8399,3.516261286
29/04/2016,8400,3.516304
29/04/2016,8401,3.516346714
29/04/2016,8402,3.516389429
29/04/2016,8403,3.516432143
29/04/2016,8404,3.516474857
29/04/2016,8405,3.516517571
29/04/2016,8406,3.516560286
29/04/2016,8407,3.516603
29/04/2016,8408,3.516645714
29/04/2016,8409,3.516688429
29/04/2016,8410,3.516731143
29/04/2016,8411,3.516773857
29/04/2016,8412,3.516816571
29/04/2016,8413,3.516859286
29/04/2016,8414,3.516902
29/04/2016,8415,3.516944714
29/04/2016,8416,3.516987429
29/04/2016,8417,3.517030143
29/04/2016,8418,3.517072857
29/04/2016,8419,3.517115571
29/04/2016,8420,3.517158286
29/04/2016,8421,3.517201
29/04/2016,8422,3.517243714
29/04/2016,8423,3.517286429
29/04/2016,8424,3.517329143
29/04/2016,8425,3.517371857
29/04/2016,8426,3.517414571
29/04/2016,8427,3.517457286
29/04/2016,8428,3.5175
29/04/2016,8429,3.517542714
29/04/2016,8430,3.517585429
29/04/2016,8431,3.517628143
29/04/2016,8432,3.517670857
29/04/2016,8433,3.517713571
29/04/2016,8434,3.517756286
29/04/2016,8435,3.517799
29/04/2016,8436,3.517841714
29/04/2016,8437,3.517884429
29/04/2016,8438,3.517927143
29/04/2016,8439,3.517969857
29/04/2016,8440,3.518012571
29/04/2016,8441,3.518055286
29/04/2016,8442,3.518098
29/04/2016,8443,3.518140714
29/04/2016,8444,3.518183429
29/04/2016,8445,3.518226143
29/04/2016,8446,3.518268857
29/04/2016,8447,3.518311571
29/04/2016,8448,3.518354286
29/04/2016,8449,3.518397
29/04/2016,8450,3.518439714
29/04/2016,8451,3.518482429
29/04/2016,8452,3.518525143
29/04/2016,8453,3.518567857
29/04/2016,8454,3.518610571
29/04/2016,8455,3.518653286
29/04/2016,8456,3.518696
29/04/2016,8457,3.518738714
29/04/2016,8458,3.518781429
29/04/2016,8459,3.518824143
29/04/2016,8460,3.518866857
29/04/2016,8461,3.518909571
29/04/2016,8462,3.518952286
29/04/2016,8463,3.518995
29/04/2016,8464,3.519037714
29/04/2016,8465,3.519080429
29/04/2016,8466,3.519123143
29/04/2016,8467,3.519165857
29/04/2016,8468,3.519208571
29/04/2016,8469,3.519251286
29/04/2016,8470,3.519294
29/04/2016,8471,3.519336714
29/04/2016,8472,3.519379429
29/04/2016,8473,3.519422143
29/04/2016,8474,3.519464857
29/04/2016,8475,3.519507571
29/04/2016,8476,3.519550286
29/04/2016,8477,3.519593
29/04/2016,8478,3.519635714
29/04/2016,8479,3.519678429
29/04/2016,8480,3.519721143
29/04/2016,8481,3.519763857
29/04/2016,8482,3.519806571
29/04/2016,8483,3.519849286
29/04/2016,8484,3.519892
29/04/2016,8485,3.519934714
29/04/2016,8486,3.519977429
29/04/2016,8487,3.520020143
29/04/2016,8488,3.520062857
29/04/2016,8489,3.520105571
29/04/2016,8490,3.520148286
29/04/2016,8491,3.520191
29/04/2016,8492,3.520233714
29/04/2016,8493,3.520276429
29/04/2016,8494,3.520319143
29/04/2016,8495,3.520361857
29/04/2016,8496,3.520404571
29/04/2016,8497,3.520447286
29/04/2016,8498,3.52049
29/04/2016,8499,3.520532714
29/04/2016,8500,3.520575429
29/04/2016,8501,3.520618143
29/04/2016,8502,3.520660857
29/04/2016,8503,3.520703571
29/04/2016,8504,3.520746286
29/04/2016,8505,3.520789
29/04/2016,8506,3.520831714
29/04/2016,8507,3.520874429
29/04/2016,8508,3.520917143
29/04/2016,8509,3.520959857
29/04/2016,8510,3.521002571
29/04/2016,8511,3.521045286
29/04/2016,8512,3.521088
29/04/2016,8513,3.521130714
29/04/2016,8514,3.521173429
29/04/2016,8515,3.521216143
29/04/2016,8516,3.521258857
29/04/2016,8517,3.521301571
29/04/2016,8518,3.521344286
29/04/2016,8519,3.521387
29/04/2016,8520,3.521429714
29/04/2016,8521,3.521472429
29/04/2016,8522,3.521515143
29/04/2016,8523,3.521557857
29/04/2016,8524,3.521600571
29/04/2016,8525,3.521643286
29/04/2016,8526,3.521686
29/04/2016,8527,3.521728714
29/04/2016,8528,3.521771429
29/04/2016,8529,3.521814143
29/04/2016,8530,3.521856857
29/04/2016,8531,3.521899571
29/04/2016,8532,3.521942286
29/04/2016,8533,3.521985
29/04/2016,8534,3.522027714
29/04/2016,8535,3.522070429
29/04/2016,8536,3.522113143
29/04/2016,8537,3.522155857
29/04/2016,8538,3.522198571
29/04/2016,8539,3.522241286
29/04/2016,8540,3.522284
29/04/2016,8541,3.522326714
29/04/2016,8542,3.522369429
29/04/2016,8543,3.522412143
29/04/2016,8544,3.522454857
29/04/2016,8545,3.522497571
29/04/2016,8546,3.522540286
29/04/2016,8547,3.522583
29/04/2016,8548,3.522625714
29/04/2016,8549,3.522668429
29/04/2016,8550,3.522711143
29/04/2016,8551,3.522753857
29/04/2016,8552,3.522796571
29/04/2016,8553,3.522839286
29/04/2016,8554,3.522882
29/04/2016,8555,3.522924104
29/04/2016,8556,3.522966209
29/04/2016,8557,3.523008313
29/04/2016,8558,3.523050418
29/04/2016,8559,3.523092522
29/04/2016,8560,3.523134626
29/04/2016,8561,3.523176731
29/04/2016,8562,3.523218835
29/04/2016,8563,3.52326094
29/04/2016,8564,3.523303044
29/04/2016,8565,3.523345148
29/04/2016,8566,3.523387253
29/04/2016,8567,3.523429357
29/04/2016,8568,3.523471462
29/04/2016,8569,3.523513566
29/04/2016,8570,3.52355567
29/04/2016,8571,3.523597775
29/04/2016,8572,3.523639879
29/04/2016,8573,3.523681984
29/04/2016,8574,3.523724088
29/04/2016,8575,3.523766192
29/04/2016,8576,3.523808297
29/04/2016,8577,3.523850401
29/04/2016,8578,3.523892505
29/04/2016,8579,3.52393461
29/04/2016,8580,3.523976714
29/04/2016,8581,3.524018819
29/04/2016,8582,3.524060923
29/04/2016,8583,3.524103027
29/04/2016,8584,3.524145132
29/04/2016,8585,3.524187236
29/04/2016,8586,3.524229341
29/04/2016,8587,3.524271445
29/04/2016,8588,3.524313549
29/04/2016,8589,3.524355654
29/04/2016,8590,3.524397758
29/04/2016,8591,3.524439863
29/04/2016,8592,3.524481967
29/04/2016,8593,3.524524071
29/04/2016,8594,3.524566176
29/04/2016,8595,3.52460828
29/04/2016,8596,3.524650385
29/04/2016,8597,3.524692489
29/04/2016,8598,3.524734593
29/04/2016,8599,3.524776698
29/04/2016,8600,3.524818802
29/04/2016,8601,3.524860907
29/04/2016,8602,3.524903011
29/04/2016,8603,3.524945115
29/04/2016,8604,3.52498722
29/04/2016,8605,3.525029324
29/04/2016,8606,3.525071429
29/04/2016,8607,3.525113533
29/04/2016,8608,3.525155637
29/04/2016,8609,3.525197742
29/04/2016,8610,3.525239846
29/04/2016,8611,3.525281951
29/04/2016,8612,3.525324055
29/04/2016,8613,3.525366159
29/04/2016,8614,3.525408264
29/04/2016,8615,3.525450368
29/04/2016,8616,3.525492473
29/04/2016,8617,3.525534577
29/04/2016,8618,3.525576681
29/04/2016,8619,3.525618786
29/04/2016,8620,3.52566089
29/04/2016,8621,3.525702995
29/04/2016,8622,3.525745099
29/04/2016,8623,3.525787203
29/04/2016,8624,3.525829308
29/04/2016,8625,3.525871412
29/04/2016,8626,3.525913516
29/04/2016,8627,3.525955621
29/04/2016,8628,3.525997725
29/04/2016,8629,3.52603983
29/04/2016,8630,3.526081934
29/04/2016,8631,3.526124038
29/04/2016,8632,3.526166143
29/04/2016,8633,3.526208247
29/04/2016,8634,3.526250352
29/04/2016,8635,3.526292456
29/04/2016,8636,3.52633456
29/04/2016,8637,3.526376665
29/04/2016,8638,3.526418769
29/04/2016,8639,3.526460874
29/04/2016,8640,3.526502978
29/04/2016,8641,3.526545082
29/04/2016,8642,3.526587187
29/04/2016,8643,3.526629291
29/04/2016,8644,3.526671396
29/04/2016,8645,3.5267135
29/04/2016,8646,3.526755604
29/04/2016,8647,3.526797709
29/04/2016,8648,3.526839813
29/04/2016,8649,3.526881918
29/04/2016,8650,3.526924022
29/04/2016,8651,3.526966126
29/04/2016,8652,3.527008231
29/04/2016,8653,3.527050335
29/04/2016,8654,3.52709244
29/04/2016,8655,3.527134544
29/04/2016,8656,3.527176648
29/04/2016,8657,3.527218753
29/04/2016,8658,3.527260857
29/04/2016,8659,3.527302962
29/04/2016,8660,3.527345066
29/04/2016,8661,3.52738717
29/04/2016,8662,3.527429275
29/04/2016,8663,3.527471379
29/04/2016,8664,3.527513484
29/04/2016,8665,3.527555588
29/04/2016,8666,3.527597692
29/04/2016,8667,3.527639797
29/04/2016,8668,3.527681901
29/04/2016,8669,3.527724005
29/04/2016,8670,3.52776611
29/04/2016,8671,3.527808214
29/04/2016,8672,3.527850319
29/04/2016,8673,3.527892423
29/04/2016,8674,3.527934527
29/04/2016,8675,3.527976632
29/04/2016,8676,3.528018736
29/04/2016,8677,3.528060841
29/04/2016,8678,3.528102945
29/04/2016,8679,3.528145049
29/04/2016,8680,3.528187154
29/04/2016,8681,3.528229258
29/04/2016,8682,3.528271363
29/04/2016,8683,3.528313467
29/04/2016,8684,3.528355571
29/04/2016,8685,3.528397676
29/04/2016,8686,3.52843978
29/04/2016,8687,3.528481885
29/04/2016,8688,3.528523989
29/04/2016,8689,3.528566093
29/04/2016,8690,3.528608198
29/04/2016,8691,3.528650302
29/04/2016,8692,3.528692407
29/04/2016,8693,3.528734511
29/04/2016,8694,3.528776615
29/04/2016,8695,3.52881872
29/04/2016,8696,3.528860824
29/04/2016,8697,3.528902929
29/04/2016,8698,3.528945033
29/04/2016,8699,3.528987137
29/04/2016,8700,3.529029242
29/04/2016,8701,3.529071346
29/04/2016,8702,3.529113451
29/04/2016,8703,3.529155555
29/04/2016,8704,3.529197659
29/04/2016,8705,3.529239764
29/04/2016,8706,3.529281868
29/04/2016,8707,3.529323973
29/04/2016,8708,3.529366077
29/04/2016,8709,3.529408181
29/04/2016,8710,3.529450286
29/04/2016,8711,3.52949239
29/04/2016,8712,3.529534495
29/04/2016,8713,3.529576599
29/04/2016,8714,3.529618703
29/04/2016,8715,3.529660808
29/04/2016,8716,3.529702912
29/04/2016,8717,3.529745016
29/04/2016,8718,3.529787121
29/04/2016,8719,3.529829225
29/04/2016,8720,3.52987133
29/04/2016,8721,3.529913434
29/04/2016,8722,3.529955538
29/04/2016,8723,3.529997643
29/04/2016,8724,3.530039747
29/04/2016,8725,3.530081852
29/04/2016,8726,3.530123956
29/04/2016,8727,3.53016606
29/04/2016,8728,3.530208165
29/04/2016,8729,3.530250269
29/04/2016,8730,3.530292374
29/04/2016,8731,3.530334478
29/04/2016,8732,3.530376582
29/04/2016,8733,3.530418687
29/04/2016,8734,3.530460791
29/04/2016,8735,3.530502896
29/04/2016,8736,3.530545
29/04/2016,8737,3.530586505
29/04/2016,8738,3.530628011
29/04/2016,8739,3.530669516
29/04/2016,8740,3.530711022
29/04/2016,8741,3.530752527
29/04/2016,8742,3.530794033
29/04/2016,8743,3.530835538
29/04/2016,8744,3.530877044
29/04/2016,8745,3.530918549
29/04/2016,8746,3.530960055
29/04/2016,8747,3.53100156
29/04/2016,8748,3.531043066
29/04/2016,8749,3.531084571
29/04/2016,8750,3.531126077
29/04/2016,8751,3.531167582
29/04/2016,8752,3.531209088
29/04/2016,8753,3.531250593
29/04/2016,8754,3.531292099
29/04/2016,8755,3.531333604
29/04/2016,8756,3.53137511
29/04/2016,8757,3.531416615
29/04/2016,8758,3.531458121
29/04/2016,8759,3.531499626
29/04/2016,8760,3.531541132
29/04/2016,8761,3.531582637
29/04/2016,8762,3.531624143
29/04/2016,8763,3.531665648
29/04/2016,8764,3.531707154
29/04/2016,8765,3.531748659
29/04/2016,8766,3.531790165
29/04/2016,8767,3.53183167
29/04/2016,8768,3.531873176
29/04/2016,8769,3.531914681
29/04/2016,8770,3.531956187
29/04/2016,8771,3.531997692
29/04/2016,8772,3.532039198
29/04/2016,8773,3.532080703
29/04/2016,8774,3.532122209
29/04/2016,8775,3.532163714
29/04/2016,8776,3.53220522
29/04/2016,8777,3.532246725
29/04/2016,8778,3.532288231
29/04/2016,8779,3.532329736
29/04/2016,8780,3.532371242
29/04/2016,8781,3.532412747
29/04/2016,8782,3.532454253
29/04/2016,8783,3.532495758
29/04/2016,8784,3.532537264
29/04/2016,8785,3.532578769
29/04/2016,8786,3.532620275
29/04/2016,8787,3.53266178
29/04/2016,8788,3.532703286
29/04/2016,8789,3.532744791
29/04/2016,8790,3.532786297
29/04/2016,8791,3.532827802
29/04/2016,8792,3.532869308
29/04/2016,8793,3.532910813
29/04/2016,8794,3.532952319
29/04/2016,8795,3.532993824
29/04/2016,8796,3.53303533
29/04/2016,8797,3.533076835
29/04/2016,8798,3.533118341
29/04/2016,8799,3.533159846
29/04/2016,8800,3.533201352
29/04/2016,8801,3.533242857
29/04/2016,8802,3.533284363
29/04/2016,8803,3.533325868
29/04/2016,8804,3.533367374
29/04/2016,8805,3.533408879
29/04/2016,8806,3.533450385
29/04/2016,8807,3.53349189
29/04/2016,8808,3.533533396
29/04/2016,8809,3.533574901
29/04/2016,8810,3.533616407
29/04/2016,8811,3.533657912
29/04/2016,8812,3.533699418
29/04/2016,8813,3.533740923
29/04/2016,8814,3.533782429
29/04/2016,8815,3.533823934
29/04/2016,8816,3.53386544
29/04/2016,8817,3.533906945
29/04/2016,8818,3.533948451
29/04/2016,8819,3.533989956
29/04/2016,8820,3.534031462
29/04/2016,8821,3.534072967
29/04/2016,8822,3.534114473
29/04/2016,8823,3.534155978
29/04/2016,8824,3.534197484
29/04/2016,8825,3.534238989
29/04/2016,8826,3.534280495
29/04/2016,8827,3.534322
29/04/2016,8828,3.534363505
29/04/2016,8829,3.534405011
29/04/2016,8830,3.534446516
29/04/2016,8831,3.534488022
29/04/2016,8832,3.534529527
29/04/2016,8833,3.534571033
29/04/2016,8834,3.534612538
29/04/2016,8835,3.534654044
29/04/2016,8836,3.534695549
29/04/2016,8837,3.534737055
29/04/2016,8838,3.53477856
29/04/2016,8839,3.534820066
29/04/2016,8840,3.534861571
29/04/2016,8841,3.534903077
29/04/2016,8842,3.534944582
29/04/2016,8843,3.534986088
29/04/2016,8844,3.535027593
29/04/2016,8845,3.535069099
29/04/2016,8846,3.535110604
29/04/2016,8847,3.53515211
29/04/2016,8848,3.535193615
29/04/2016,8849,3.535235121
29/04/2016,8850,3.535276626
29/04/2016,8851,3.535318132
29/04/2016,8852,3.535359637
29/04/2016,8853,3.535401143
29/04/2016,8854,3.535442648
29/04/2016,8855,3.535484154
29/04/2016,8856,3.535525659
29/04/2016,8857,3.535567165
29/04/2016,8858,3.53560867
29/04/2016,8859,3.535650176
29/04/2016,8860,3.535691681
29/04/2016,8861,3.535733187
29/04/2016,8862,3.535774692
29/04/2016,8863,3.535816198
29/04/2016,8864,3.535857703
29/04/2016,8865,3.535899209
29/04/2016,8866,3.535940714
29/04/2016,8867,3.53598222
29/04/2016,8868,3.536023725
29/04/2016,8869,3.536065231
29/04/2016,8870,3.536106736
29/04/2016,8871,3.536148242
29/04/2016,8872,3.536189747
29/04/2016,8873,3.536231253
29/04/2016,8874,3.536272758
29/04/2016,8875,3.536314264
29/04/2016,8876,3.536355769
29/04/2016,8877,3.536397275
29/04/2016,8878,3.53643878
29/04/2016,8879,3.536480286
29/04/2016,8880,3.536521791
29/04/2016,8881,3.536563297
29/04/2016,8882,3.536604802
29/04/2016,8883,3.536646308
29/04/2016,8884,3.536687813
29/04/2016,8885,3.536729319
29/04/2016,8886,3.536770824
29/04/2016,8887,3.53681233
29/04/2016,8888,3.536853835
29/04/2016,8889,3.536895341
29/04/2016,8890,3.536936846
29/04/2016,8891,3.536978352
29/04/2016,8892,3.537019857
29/04/2016,8893,3.537061363
29/04/2016,8894,3.537102868
29/04/2016,8895,3.537144374
29/04/2016,8896,3.537185879
29/04/2016,8897,3.537227385
29/04/2016,8898,3.53726889
29/04/2016,8899,3.537310396
29/04/2016,8900,3.537351901
29/04/2016,8901,3.537393407
29/04/2016,8902,3.537434912
29/04/2016,8903,3.537476418
29/04/2016,8904,3.537517923
29/04/2016,8905,3.537559429
29/04/2016,8906,3.537600934
29/04/2016,8907,3.53764244
29/04/2016,8908,3.537683945
29/04/2016,8909,3.537725451
29/04/2016,8910,3.537766956
29/04/2016,8911,3.537808462
29/04/2016,8912,3.537849967
29/04/2016,8913,3.537891473
29/04/2016,8914,3.537932978
29/04/2016,8915,3.537974484
29/04/2016,8916,3.538015989
29/04/2016,8917,3.538057495
29/04/2016,8918,3.538099
29/04/2016,8919,3.538136857
29/04/2016,8920,3.538174714
29/04/2016,8921,3.538212571
29/04/2016,8922,3.538250429
29/04/2016,8923,3.538288286
29/04/2016,8924,3.538326143
29/04/2016,8925,3.538364
29/04/2016,8926,3.538401857
29/04/2016,8927,3.538439714
29/04/2016,8928,3.538477571
29/04/2016,8929,3.538515429
29/04/2016,8930,3.538553286
29/04/2016,8931,3.538591143
29/04/2016,8932,3.538629
29/04/2016,8933,3.538666857
29/04/2016,8934,3.538704714
29/04/2016,8935,3.538742571
29/04/2016,8936,3.538780429
29/04/2016,8937,3.538818286
29/04/2016,8938,3.538856143
29/04/2016,8939,3.538894
29/04/2016,8940,3.538931857
29/04/2016,8941,3.538969714
29/04/2016,8942,3.539007571
29/04/2016,8943,3.539045429
29/04/2016,8944,3.539083286
29/04/2016,8945,3.539121143
29/04/2016,8946,3.539159
29/04/2016,8947,3.539196857
29/04/2016,8948,3.539234714
29/04/2016,8949,3.539272571
29/04/2016,8950,3.539310429
29/04/2016,8951,3.539348286
29/04/2016,8952,3.539386143
29/04/2016,8953,3.539424
29/04/2016,8954,3.539461857
29/04/2016,8955,3.539499714
29/04/2016,8956,3.539537571
29/04/2016,8957,3.539575429
29/04/2016,8958,3.539613286
29/04/2016,8959,3.539651143
29/04/2016,8960,3.539689
29/04/2016,8961,3.539726857
29/04/2016,8962,3.539764714
29/04/2016,8963,3.539802571
29/04/2016,8964,3.539840429
29/04/2016,8965,3.539878286
29/04/2016,8966,3.539916143
29/04/2016,8967,3.539954
29/04/2016,8968,3.539991857
29/04/2016,8969,3.540029714
29/04/2016,8970,3.540067571
29/04/2016,8971,3.540105429
29/04/2016,8972,3.540143286
29/04/2016,8973,3.540181143
29/04/2016,8974,3.540219
29/04/2016,8975,3.540256857
29/04/2016,8976,3.540294714
29/04/2016,8977,3.540332571
29/04/2016,8978,3.540370429
29/04/2016,8979,3.540408286
29/04/2016,8980,3.540446143
29/04/2016,8981,3.540484
29/04/2016,8982,3.540521857
29/04/2016,8983,3.540559714
29/04/2016,8984,3.540597571
29/04/2016,8985,3.540635429
29/04/2016,8986,3.540673286
29/04/2016,8987,3.540711143
29/04/2016,8988,3.540749
29/04/2016,8989,3.540786857
29/04/2016,8990,3.540824714
29/04/2016,8991,3.540862571
29/04/2016,8992,3.540900429
29/04/2016,8993,3.540938286
29/04/2016,8994,3.540976143
29/04/2016,8995,3.541014
29/04/2016,8996,3.541051857
29/04/2016,8997,3.541089714
29/04/2016,8998,3.541127571
29/04/2016,8999,3.541165429
29/04/2016,9000,3.541203286
29/04/2016,9001,3.541241143
29/04/2016,9002,3.541279
29/04/2016,9003,3.541316857
29/04/2016,9004,3.541354714
29/04/2016,9005,3.541392571
29/04/2016,9006,3.541430429
29/04/2016,9007,3.541468286
29/04/2016,9008,3.541506143
29/04/2016,9009,3.541544
29/04/2016,9010,3.541581857
29/04/2016,9011,3.541619714
29/04/2016,9012,3.541657571
29/04/2016,9013,3.541695429
29/04/2016,9014,3.541733286
29/04/2016,9015,3.541771143
29/04/2016,9016,3.541809
29/04/2016,9017,3.541846857
29/04/2016,9018,3.541884714
29/04/2016,9019,3.541922571
29/04/2016,9020,3.541960429
29/04/2016,9021,3.541998286
29/04/2016,9022,3.542036143
29/04/2016,9023,3.542074
29/04/2016,9024,3.542111857
29/04/2016,9025,3.542149714
29/04/2016,9026,3.542187571
29/04/2016,9027,3.542225429
29/04/2016,9028,3.542263286
29/04/2016,9029,3.542301143
29/04/2016,9030,3.542339
29/04/2016,9031,3.542376857
29/04/2016,9032,3.542414714
29/04/2016,9033,3.542452571
29/04/2016,9034,3.542490429
29/04/2016,9035,3.542528286
29/04/2016,9036,3.542566143
29/04/2016,9037,3.542604
29/04/2016,9038,3.542641857
29/04/2016,9039,3.542679714
29/04/2016,9040,3.542717571
29/04/2016,9041,3.542755429
29/04/2016,9042,3.542793286
29/04/2016,9043,3.542831143
29/04/2016,9044,3.542869
29/04/2016,9045,3.542906857
29/04/2016,9046,3.542944714
29/04/2016,9047,3.542982571
29/04/2016,9048,3.543020429
29/04/2016,9049,3.543058286
29/04/2016,9050,3.543096143
29/04/2016,9051,3.543134
29/04/2016,9052,3.543171857
29/04/2016,9053,3.543209714
29/04/2016,9054,3.543247571
29/04/2016,9055,3.543285429
29/04/2016,9056,3.543323286
29/04/2016,9057,3.543361143
29/04/2016,9058,3.543399
29/04/2016,9059,3.543436857
29/04/2016,9060,3.543474714
29/04/2016,9061,3.543512571
29/04/2016,9062,3.543550429
29/04/2016,9063,3.543588286
29/04/2016,9064,3.543626143
29/04/2016,9065,3.543664
29/04/2016,9066,3.543701857
29/04/2016,9067,3.543739714
29/04/2016,9068,3.543777571
29/04/2016,9069,3.543815429
29/04/2016,9070,3.543853286
29/04/2016,9071,3.543891143
29/04/2016,9072,3.543929
29/04/2016,9073,3.543966857
29/04/2016,9074,3.544004714
29/04/2016,9075,3.544042571
29/04/2016,9076,3.544080429
29/04/2016,9077,3.544118286
29/04/2016,9078,3.544156143
29/04/2016,9079,3.544194
29/04/2016,9080,3.544231857
29/04/2016,9081,3.544269714
29/04/2016,9082,3.544307571
29/04/2016,9083,3.544345429
29/04/2016,9084,3.544383286
29/04/2016,9085,3.544421143
29/04/2016,9086,3.544459
29/04/2016,9087,3.544496857
29/04/2016,9088,3.544534714
29/04/2016,9089,3.544572571
29/04/2016,9090,3.544610429
29/04/2016,9091,3.544648286
29/04/2016,9092,3.544686143
29/04/2016,9093,3.544724
29/04/2016,9094,3.544761857
29/04/2016,9095,3.544799714
29/04/2016,9096,3.544837571
29/04/2016,9097,3.544875429
29/04/2016,9098,3.544913286
29/04/2016,9099,3.544951143
29/04/2016,9100,3.544989
29/04/2016,9101,3.54502522
29/04/2016,9102,3.54506144
29/04/2016,9103,3.545097659
29/04/2016,9104,3.545133879
29/04/2016,9105,3.545170099
29/04/2016,9106,3.545206319
29/04/2016,9107,3.545242538
29/04/2016,9108,3.545278758
29/04/2016,9109,3.545314978
29/04/2016,9110,3.545351198
29/04/2016,9111,3.545387418
29/04/2016,9112,3.545423637
29/04/2016,9113,3.545459857
29/04/2016,9114,3.545496077
29/04/2016,9115,3.545532297
29/04/2016,9116,3.545568516
29/04/2016,9117,3.545604736
29/04/2016,9118,3.545640956
29/04/2016,9119,3.545677176
29/04/2016,9120,3.545713396
29/04/2016,9121,3.545749615
29/04/2016,9122,3.545785835
29/04/2016,9123,3.545822055
29/04/2016,9124,3.545858275
29/04/2016,9125,3.545894495
29/04/2016,9126,3.545930714
29/04/2016,9127,3.545966934
29/04/2016,9128,3.546003154
29/04/2016,9129,3.546039374
29/04/2016,9130,3.546075593
29/04/2016,9131,3.546111813
29/04/2016,9132,3.546148033
29/04/2016,9133,3.546184253
29/04/2016,9134,3.546220473
29/04/2016,9135,3.546256692
29/04/2016,9136,3.546292912
29/04/2016,9137,3.546329132
29/04/2016,9138,3.546365352
29/04/2016,9139,3.546401571
29/04/2016,9140,3.546437791
29/04/2016,9141,3.546474011
29/04/2016,9142,3.546510231
29/04/2016,9143,3.546546451
29/04/2016,9144,3.54658267
29/04/2016,9145,3.54661889
29/04/2016,9146,3.54665511
29/04/2016,9147,3.54669133
29/04/2016,9148,3.546727549
29/04/2016,9149,3.546763769
29/04/2016,9150,3.546799989
29/04/2016,9151,3.546836209
29/04/2016,9152,3.546872429
29/04/2016,9153,3.546908648
29/04/2016,9154,3.546944868
29/04/2016,9155,3.546981088
29/04/2016,9156,3.547017308
29/04/2016,9157,3.547053527
29/04/2016,9158,3.547089747
29/04/2016,9159,3.547125967
29/04/2016,9160,3.547162187
29/04/2016,9161,3.547198407
29/04/2016,9162,3.547234626
29/04/2016,9163,3.547270846
29/04/2016,9164,3.547307066
29/04/2016,9165,3.547343286
29/04/2016,9166,3.547379505
29/04/2016,9167,3.547415725
29/04/2016,9168,3.547451945
29/04/2016,9169,3.547488165
29/04/2016,9170,3.547524385
29/04/2016,9171,3.547560604
29/04/2016,9172,3.547596824
29/04/2016,9173,3.547633044
29/04/2016,9174,3.547669264
29/04/2016,9175,3.547705484
29/04/2016,9176,3.547741703
29/04/2016,9177,3.547777923
29/04/2016,9178,3.547814143
29/04/2016,9179,3.547850363
29/04/2016,9180,3.547886582
29/04/2016,9181,3.547922802
29/04/2016,9182,3.547959022
29/04/2016,9183,3.547995242
29/04/2016,9184,3.548031462
29/04/2016,9185,3.548067681
29/04/2016,9186,3.548103901
29/04/2016,9187,3.548140121
29/04/2016,9188,3.548176341
29/04/2016,9189,3.54821256
29/04/2016,9190,3.54824878
29/04/2016,9191,3.548285
29/04/2016,9192,3.54832122
29/04/2016,9193,3.54835744
29/04/2016,9194,3.548393659
29/04/2016,9195,3.548429879
29/04/2016,9196,3.548466099
29/04/2016,9197,3.548502319
29/04/2016,9198,3.548538538
29/04/2016,9199,3.548574758
29/04/2016,9200,3.548610978
29/04/2016,9201,3.548647198
29/04/2016,9202,3.548683418
29/04/2016,9203,3.548719637
29/04/2016,9204,3.548755857
29/04/2016,9205,3.548792077
29/04/2016,9206,3.548828297
29/04/2016,9207,3.548864516
29/04/2016,9208,3.548900736
29/04/2016,9209,3.548936956
29/04/2016,9210,3.548973176
29/04/2016,9211,3.549009396
29/04/2016,9212,3.549045615
29/04/2016,9213,3.549081835
29/04/2016,9214,3.549118055
29/04/2016,9215,3.549154275
29/04/2016,9216,3.549190495
29/04/2016,9217,3.549226714
29/04/2016,9218,3.549262934
29/04/2016,9219,3.549299154
29/04/2016,9220,3.549335374
29/04/2016,9221,3.549371593
29/04/2016,9222,3.549407813
29/04/2016,9223,3.549444033
29/04/2016,9224,3.549480253
29/04/2016,9225,3.549516473
29/04/2016,9226,3.549552692
29/04/2016,9227,3.549588912
29/04/2016,9228,3.549625132
29/04/2016,9229,3.549661352
29/04/2016,9230,3.549697571
29/04/2016,9231,3.549733791
29/04/2016,9232,3.549770011
29/04/2016,9233,3.549806231
29/04/2016,9234,3.549842451
29/04/2016,9235,3.54987867
29/04/2016,9236,3.54991489
29/04/2016,9237,3.54995111
29/04/2016,9238,3.54998733
29/04/2016,9239,3.550023549
29/04/2016,9240,3.550059769
29/04/2016,9241,3.550095989
29/04/2016,9242,3.550132209
29/04/2016,9243,3.550168429
29/04/2016,9244,3.550204648
29/04/2016,9245,3.550240868
29/04/2016,9246,3.550277088
29/04/2016,9247,3.550313308
29/04/2016,9248,3.550349527
29/04/2016,9249,3.550385747
29/04/2016,9250,3.550421967
29/04/2016,9251,3.550458187
29/04/2016,9252,3.550494407
29/04/2016,9253,3.550530626
29/04/2016,9254,3.550566846
29/04/2016,9255,3.550603066
29/04/2016,9256,3.550639286
29/04/2016,9257,3.550675505
29/04/2016,9258,3.550711725
29/04/2016,9259,3.550747945
29/04/2016,9260,3.550784165
29/04/2016,9261,3.550820385
29/04/2016,9262,3.550856604
29/04/2016,9263,3.550892824
29/04/2016,9264,3.550929044
29/04/2016,9265,3.550965264
29/04/2016,9266,3.551001484
29/04/2016,9267,3.551037703
29/04/2016,9268,3.551073923
29/04/2016,9269,3.551110143
29/04/2016,9270,3.551146363
29/04/2016,9271,3.551182582
29/04/2016,9272,3.551218802
29/04/2016,9273,3.551255022
29/04/2016,9274,3.551291242
29/04/2016,9275,3.551327462
29/04/2016,9276,3.551363681
29/04/2016,9277,3.551399901
29/04/2016,9278,3.551436121
29/04/2016,9279,3.551472341
29/04/2016,9280,3.55150856
29/04/2016,9281,3.55154478
29/04/2016,9282,3.551581
29/04/2016,9283,3.551616687
29/04/2016,9284,3.551652374
29/04/2016,9285,3.55168806
29/04/2016,9286,3.551723747
29/04/2016,9287,3.551759434
29/04/2016,9288,3.551795121
29/04/2016,9289,3.551830808
29/04/2016,9290,3.551866495
29/04/2016,9291,3.551902181
29/04/2016,9292,3.551937868
29/04/2016,9293,3.551973555
29/04/2016,9294,3.552009242
29/04/2016,9295,3.552044929
29/04/2016,9296,3.552080615
29/04/2016,9297,3.552116302
29/04/2016,9298,3.552151989
29/04/2016,9299,3.552187676
29/04/2016,9300,3.552223363
29/04/2016,9301,3.552259049
29/04/2016,9302,3.552294736
29/04/2016,9303,3.552330423
29/04/2016,9304,3.55236611
29/04/2016,9305,3.552401797
29/04/2016,9306,3.552437484
29/04/2016,9307,3.55247317
29/04/2016,9308,3.552508857
29/04/2016,9309,3.552544544
29/04/2016,9310,3.552580231
29/04/2016,9311,3.552615918
29/04/2016,9312,3.552651604
29/04/2016,9313,3.552687291
29/04/2016,9314,3.552722978
29/04/2016,9315,3.552758665
29/04/2016,9316,3.552794352
29/04/2016,9317,3.552830038
29/04/2016,9318,3.552865725
29/04/2016,9319,3.552901412
29/04/2016,9320,3.552937099
29/04/2016,9321,3.552972786
29/04/2016,9322,3.553008473
29/04/2016,9323,3.553044159
29/04/2016,9324,3.553079846
29/04/2016,9325,3.553115533
29/04/2016,9326,3.55315122
29/04/2016,9327,3.553186907
29/04/2016,9328,3.553222593
29/04/2016,9329,3.55325828
29/04/2016,9330,3.553293967
29/04/2016,9331,3.553329654
29/04/2016,9332,3.553365341
29/04/2016,9333,3.553401027
29/04/2016,9334,3.553436714
29/04/2016,9335,3.553472401
29/04/2016,9336,3.553508088
29/04/2016,9337,3.553543775
29/04/2016,9338,3.553579462
29/04/2016,9339,3.553615148
29/04/2016,9340,3.553650835
29/04/2016,9341,3.553686522
29/04/2016,9342,3.553722209
29/04/2016,9343,3.553757896
29/04/2016,9344,3.553793582
29/04/2016,9345,3.553829269
29/04/2016,9346,3.553864956
29/04/2016,9347,3.553900643
29/04/2016,9348,3.55393633
29/04/2016,9349,3.553972016
29/04/2016,9350,3.554007703
29/04/2016,9351,3.55404339
29/04/2016,9352,3.554079077
29/04/2016,9353,3.554114764
29/04/2016,9354,3.554150451
29/04/2016,9355,3.554186137
29/04/2016,9356,3.554221824
29/04/2016,9357,3.554257511
29/04/2016,9358,3.554293198
29/04/2016,9359,3.554328885
29/04/2016,9360,3.554364571
29/04/2016,9361,3.554400258
29/04/2016,9362,3.554435945
29/04/2016,9363,3.554471632
29/04/2016,9364,3.554507319
29/04/2016,9365,3.554543005
29/04/2016,9366,3.554578692
29/04/2016,9367,3.554614379
29/04/2016,9368,3.554650066
29/04/2016,9369,3.554685753
29/04/2016,9370,3.55472144
29/04/2016,9371,3.554757126
29/04/2016,9372,3.554792813
29/04/2016,9373,3.5548285
29/04/2016,9374,3.554864187
29/04/2016,9375,3.554899874
29/04/2016,9376,3.55493556
29/04/2016,9377,3.554971247
29/04/2016,9378,3.555006934
29/04/2016,9379,3.555042621
29/04/2016,9380,3.555078308
29/04/2016,9381,3.555113995
29/04/2016,9382,3.555149681
29/04/2016,9383,3.555185368
29/04/2016,9384,3.555221055
29/04/2016,9385,3.555256742
29/04/2016,9386,3.555292429
29/04/2016,9387,3.555328115
29/04/2016,9388,3.555363802
29/04/2016,9389,3.555399489
29/04/2016,9390,3.555435176
29/04/2016,9391,3.555470863
29/04/2016,9392,3.555506549
29/04/2016,9393,3.555542236
29/04/2016,9394,3.555577923
29/04/2016,9395,3.55561361
29/04/2016,9396,3.555649297
29/04/2016,9397,3.555684984
29/04/2016,9398,3.55572067
29/04/2016,9399,3.555756357
29/04/2016,9400,3.555792044
29/04/2016,9401,3.555827731
29/04/2016,9402,3.555863418
29/04/2016,9403,3.555899104
29/04/2016,9404,3.555934791
29/04/2016,9405,3.555970478
29/04/2016,9406,3.556006165
29/04/2016,9407,3.556041852
29/04/2016,9408,3.556077538
29/04/2016,9409,3.556113225
29/04/2016,9410,3.556148912
29/04/2016,9411,3.556184599
29/04/2016,9412,3.556220286
29/04/2016,9413,3.556255973
29/04/2016,9414,3.556291659
29/04/2016,9415,3.556327346
29/04/2016,9416,3.556363033
29/04/2016,9417,3.55639872
29/04/2016,9418,3.556434407
29/04/2016,9419,3.556470093
29/04/2016,9420,3.55650578
29/04/2016,9421,3.556541467
29/04/2016,9422,3.556577154
29/04/2016,9423,3.556612841
29/04/2016,9424,3.556648527
29/04/2016,9425,3.556684214
29/04/2016,9426,3.556719901
29/04/2016,9427,3.556755588
29/04/2016,9428,3.556791275
29/04/2016,9429,3.556826962
29/04/2016,9430,3.556862648
29/04/2016,9431,3.556898335
29/04/2016,9432,3.556934022
29/04/2016,9433,3.556969709
29/04/2016,9434,3.557005396
29/04/2016,9435,3.557041082
29/04/2016,9436,3.557076769
29/04/2016,9437,3.557112456
29/04/2016,9438,3.557148143
29/04/2016,9439,3.55718383
29/04/2016,9440,3.557219516
29/04/2016,9441,3.557255203
29/04/2016,9442,3.55729089
29/04/2016,9443,3.557326577
29/04/2016,9444,3.557362264
29/04/2016,9445,3.557397951
29/04/2016,9446,3.557433637
29/04/2016,9447,3.557469324
29/04/2016,9448,3.557505011
29/04/2016,9449,3.557540698
29/04/2016,9450,3.557576385
29/04/2016,9451,3.557612071
29/04/2016,9452,3.557647758
29/04/2016,9453,3.557683445
29/04/2016,9454,3.557719132
29/04/2016,9455,3.557754819
29/04/2016,9456,3.557790505
29/04/2016,9457,3.557826192
29/04/2016,9458,3.557861879
29/04/2016,9459,3.557897566
29/04/2016,9460,3.557933253
29/04/2016,9461,3.55796894
29/04/2016,9462,3.558004626
29/04/2016,9463,3.558040313
29/04/2016,9464,3.558076
29/04/2016,9465,3.558111176
29/04/2016,9466,3.558146352
29/04/2016,9467,3.558181527
29/04/2016,9468,3.558216703
29/04/2016,9469,3.558251879
29/04/2016,9470,3.558287055
29/04/2016,9471,3.558322231
29/04/2016,9472,3.558357407
29/04/2016,9473,3.558392582
29/04/2016,9474,3.558427758
29/04/2016,9475,3.558462934
29/04/2016,9476,3.55849811
29/04/2016,9477,3.558533286
29/04/2016,9478,3.558568462
29/04/2016,9479,3.558603637
29/04/2016,9480,3.558638813
29/04/2016,9481,3.558673989
29/04/2016,9482,3.558709165
29/04/2016,9483,3.558744341
29/04/2016,9484,3.558779516
29/04/2016,9485,3.558814692
29/04/2016,9486,3.558849868
29/04/2016,9487,3.558885044
29/04/2016,9488,3.55892022
29/04/2016,9489,3.558955396
29/04/2016,9490,3.558990571
29/04/2016,9491,3.559025747
29/04/2016,9492,3.559060923
29/04/2016,9493,3.559096099
29/04/2016,9494,3.559131275
29/04/2016,9495,3.559166451
29/04/2016,9496,3.559201626
29/04/2016,9497,3.559236802
29/04/2016,9498,3.559271978
29/04/2016,9499,3.559307154
29/04/2016,9500,3.55934233
29/04/2016,9501,3.559377505
29/04/2016,9502,3.559412681
29/04/2016,9503,3.559447857
29/04/2016,9504,3.559483033
29/04/2016,9505,3.559518209
29/04/2016,9506,3.559553385
29/04/2016,9507,3.55958856
29/04/2016,9508,3.559623736
29/04/2016,9509,3.559658912
29/04/2016,9510,3.559694088
29/04/2016,9511,3.559729264
29/04/2016,9512,3.55976444
29/04/2016,9513,3.559799615
29/04/2016,9514,3.559834791
29/04/2016,9515,3.559869967
29/04/2016,9516,3.559905143
29/04/2016,9517,3.559940319
29/04/2016,9518,3.559975495
29/04/2016,9519,3.56001067
29/04/2016,9520,3.560045846
29/04/2016,9521,3.560081022
29/04/2016,9522,3.560116198
29/04/2016,9523,3.560151374
29/04/2016,9524,3.560186549
29/04/2016,9525,3.560221725
29/04/2016,9526,3.560256901
29/04/2016,9527,3.560292077
29/04/2016,9528,3.560327253
29/04/2016,9529,3.560362429
29/04/2016,9530,3.560397604
29/04/2016,9531,3.56043278
29/04/2016,9532,3.560467956
29/04/2016,9533,3.560503132
29/04/2016,9534,3.560538308
29/04/2016,9535,3.560573484
29/04/2016,9536,3.560608659
29/04/2016,9537,3.560643835
29/04/2016,9538,3.560679011
29/04/2016,9539,3.560714187
29/04/2016,9540,3.560749363
29/04/2016,9541,3.560784538
29/04/2016,9542,3.560819714
29/04/2016,9543,3.56085489
29/04/2016,9544,3.560890066
29/04/2016,9545,3.560925242
29/04/2016,9546,3.560960418
29/04/2016,9547,3.560995593
29/04/2016,9548,3.561030769
29/04/2016,9549,3.561065945
29/04/2016,9550,3.561101121
29/04/2016,9551,3.561136297
29/04/2016,9552,3.561171473
29/04/2016,9553,3.561206648
29/04/2016,9554,3.561241824
29/04/2016,9555,3.561277
29/04/2016,9556,3.561312176
29/04/2016,9557,3.561347352
29/04/2016,9558,3.561382527
29/04/2016,9559,3.561417703
29/04/2016,9560,3.561452879
29/04/2016,9561,3.561488055
29/04/2016,9562,3.561523231
29/04/2016,9563,3.561558407
29/04/2016,9564,3.561593582
29/04/2016,9565,3.561628758
29/04/2016,9566,3.561663934
29/04/2016,9567,3.56169911
29/04/2016,9568,3.561734286
29/04/2016,9569,3.561769462
29/04/2016,9570,3.561804637
29/04/2016,9571,3.561839813
29/04/2016,9572,3.561874989
29/04/2016,9573,3.561910165
29/04/2016,9574,3.561945341
29/04/2016,9575,3.561980516
29/04/2016,9576,3.562015692
29/04/2016,9577,3.562050868
29/04/2016,9578,3.562086044
29/04/2016,9579,3.56212122
29/04/2016,9580,3.562156396
29/04/2016,9581,3.562191571
29/04/2016,9582,3.562226747
29/04/2016,9583,3.562261923
29/04/2016,9584,3.562297099
29/04/2016,9585,3.562332275
29/04/2016,9586,3.562367451
29/04/2016,9587,3.562402626
29/04/2016,9588,3.562437802
29/04/2016,9589,3.562472978
29/04/2016,9590,3.562508154
29/04/2016,9591,3.56254333
29/04/2016,9592,3.562578505
29/04/2016,9593,3.562613681
29/04/2016,9594,3.562648857
29/04/2016,9595,3.562684033
29/04/2016,9596,3.562719209
29/04/2016,9597,3.562754385
29/04/2016,9598,3.56278956
29/04/2016,9599,3.562824736
29/04/2016,9600,3.562859912
29/04/2016,9601,3.562895088
29/04/2016,9602,3.562930264
29/04/2016,9603,3.56296544
29/04/2016,9604,3.563000615
29/04/2016,9605,3.563035791
29/04/2016,9606,3.563070967
29/04/2016,9607,3.563106143
29/04/2016,9608,3.563141319
29/04/2016,9609,3.563176495
29/04/2016,9610,3.56321167
29/04/2016,9611,3.563246846
29/04/2016,9612,3.563282022
29/04/2016,9613,3.563317198
29/04/2016,9614,3.563352374
29/04/2016,9615,3.563387549
29/04/2016,9616,3.563422725
29/04/2016,9617,3.563457901
29/04/2016,9618,3.563493077
29/04/2016,9619,3.563528253
29/04/2016,9620,3.563563429
29/04/2016,9621,3.563598604
29/04/2016,9622,3.56363378
29/04/2016,9623,3.563668956
29/04/2016,9624,3.563704132
29/04/2016,9625,3.563739308
29/04/2016,9626,3.563774484
29/04/2016,9627,3.563809659
29/04/2016,9628,3.563844835
29/04/2016,9629,3.563880011
29/04/2016,9630,3.563915187
29/04/2016,9631,3.563950363
29/04/2016,9632,3.563985538
29/04/2016,9633,3.564020714
29/04/2016,9634,3.56405589
29/04/2016,9635,3.564091066
29/04/2016,9636,3.564126242
29/04/2016,9637,3.564161418
29/04/2016,9638,3.564196593
29/04/2016,9639,3.564231769
29/04/2016,9640,3.564266945
29/04/2016,9641,3.564302121
29/04/2016,9642,3.564337297
29/04/2016,9643,3.564372473
29/04/2016,9644,3.564407648
29/04/2016,9645,3.564442824
29/04/2016,9646,3.564478
29/04/2016,9647,3.564512676
29/04/2016,9648,3.564547352
29/04/2016,9649,3.564582027
29/04/2016,9650,3.564616703
29/04/2016,9651,3.564651379
29/04/2016,9652,3.564686055
29/04/2016,9653,3.564720731
29/04/2016,9654,3.564755407
29/04/2016,9655,3.564790082
29/04/2016,9656,3.564824758
29/04/2016,9657,3.564859434
29/04/2016,9658,3.56489411
29/04/2016,9659,3.564928786
29/04/2016,9660,3.564963462
29/04/2016,9661,3.564998137
29/04/2016,9662,3.565032813
29/04/2016,9663,3.565067489
29/04/2016,9664,3.565102165
29/04/2016,9665,3.565136841
29/04/2016,9666,3.565171516
29/04/2016,9667,3.565206192
29/04/2016,9668,3.565240868
29/04/2016,9669,3.565275544
29/04/2016,9670,3.56531022
29/04/2016,9671,3.565344896
29/04/2016,9672,3.565379571
29/04/2016,9673,3.565414247
29/04/2016,9674,3.565448923
29/04/2016,9675,3.565483599
29/04/2016,9676,3.565518275
29/04/2016,9677,3.565552951
29/04/2016,9678,3.565587626
29/04/2016,9679,3.565622302
29/04/2016,9680,3.565656978
29/04/2016,9681,3.565691654
29/04/2016,9682,3.56572633
29/04/2016,9683,3.565761005
29/04/2016,9684,3.565795681
29/04/2016,9685,3.565830357
29/04/2016,9686,3.565865033
29/04/2016,9687,3.565899709
29/04/2016,9688,3.565934385
29/04/2016,9689,3.56596906
29/04/2016,9690,3.566003736
29/04/2016,9691,3.566038412
29/04/2016,9692,3.566073088
29/04/2016,9693,3.566107764
29/04/2016,9694,3.56614244
29/04/2016,9695,3.566177115
29/04/2016,9696,3.566211791
29/04/2016,9697,3.566246467
29/04/2016,9698,3.566281143
29/04/2016,9699,3.566315819
29/04/2016,9700,3.566350495
29/04/2016,9701,3.56638517
29/04/2016,9702,3.566419846
29/04/2016,9703,3.566454522
29/04/2016,9704,3.566489198
29/04/2016,9705,3.566523874
29/04/2016,9706,3.566558549
29/04/2016,9707,3.566593225
29/04/2016,9708,3.566627901
29/04/2016,9709,3.566662577
29/04/2016,9710,3.566697253
29/04/2016,9711,3.566731929
29/04/2016,9712,3.566766604
29/04/2016,9713,3.56680128
29/04/2016,9714,3.566835956
29/04/2016,9715,3.566870632
29/04/2016,9716,3.566905308
29/04/2016,9717,3.566939984
29/04/2016,9718,3.566974659
29/04/2016,9719,3.567009335
29/04/2016,9720,3.567044011
29/04/2016,9721,3.567078687
29/04/2016,9722,3.567113363
29/04/2016,9723,3.567148038
29/04/2016,9724,3.567182714
29/04/2016,9725,3.56721739
29/04/2016,9726,3.567252066
29/04/2016,9727,3.567286742
29/04/2016,9728,3.567321418
29/04/2016,9729,3.567356093
29/04/2016,9730,3.567390769
29/04/2016,9731,3.567425445
29/04/2016,9732,3.567460121
29/04/2016,9733,3.567494797
29/04/2016,9734,3.567529473
29/04/2016,9735,3.567564148
29/04/2016,9736,3.567598824
29/04/2016,9737,3.5676335
29/04/2016,9738,3.567668176
29/04/2016,9739,3.567702852
29/04/2016,9740,3.567737527
29/04/2016,9741,3.567772203
29/04/2016,9742,3.567806879
29/04/2016,9743,3.567841555
29/04/2016,9744,3.567876231
29/04/2016,9745,3.567910907
29/04/2016,9746,3.567945582
29/04/2016,9747,3.567980258
29/04/2016,9748,3.568014934
29/04/2016,9749,3.56804961
29/04/2016,9750,3.568084286
29/04/2016,9751,3.568118962
29/04/2016,9752,3.568153637
29/04/2016,9753,3.568188313
29/04/2016,9754,3.568222989
29/04/2016,9755,3.568257665
29/04/2016,9756,3.568292341
29/04/2016,9757,3.568327016
29/04/2016,9758,3.568361692
29/04/2016,9759,3.568396368
29/04/2016,9760,3.568431044
29/04/2016,9761,3.56846572
29/04/2016,9762,3.568500396
29/04/2016,9763,3.568535071
29/04/2016,9764,3.568569747
29/04/2016,9765,3.568604423
29/04/2016,9766,3.568639099
29/04/2016,9767,3.568673775
29/04/2016,9768,3.568708451
29/04/2016,9769,3.568743126
29/04/2016,9770,3.568777802
29/04/2016,9771,3.568812478
29/04/2016,9772,3.568847154
29/04/2016,9773,3.56888183
29/04/2016,9774,3.568916505
29/04/2016,9775,3.568951181
29/04/2016,9776,3.568985857
29/04/2016,9777,3.569020533
29/04/2016,9778,3.569055209
29/04/2016,9779,3.569089885
29/04/2016,9780,3.56912456
29/04/2016,9781,3.569159236
29/04/2016,9782,3.569193912
29/04/2016,9783,3.569228588
29/04/2016,9784,3.569263264
29/04/2016,9785,3.56929794
29/04/2016,9786,3.569332615
29/04/2016,9787,3.569367291
29/04/2016,9788,3.569401967
29/04/2016,9789,3.569436643
29/04/2016,9790,3.569471319
29/04/2016,9791,3.569505995
29/04/2016,9792,3.56954067
29/04/2016,9793,3.569575346
29/04/2016,9794,3.569610022
29/04/2016,9795,3.569644698
29/04/2016,9796,3.569679374
29/04/2016,9797,3.569714049
29/04/2016,9798,3.569748725
29/04/2016,9799,3.569783401
29/04/2016,9800,3.569818077
29/04/2016,9801,3.569852753
29/04/2016,9802,3.569887429
29/04/2016,9803,3.569922104
29/04/2016,9804,3.56995678
29/04/2016,9805,3.569991456
29/04/2016,9806,3.570026132
29/04/2016,9807,3.570060808
29/04/2016,9808,3.570095484
29/04/2016,9809,3.570130159
29/04/2016,9810,3.570164835
29/04/2016,9811,3.570199511
29/04/2016,9812,3.570234187
29/04/2016,9813,3.570268863
29/04/2016,9814,3.570303538
29/04/2016,9815,3.570338214
29/04/2016,9816,3.57037289
29/04/2016,9817,3.570407566
29/04/2016,9818,3.570442242
29/04/2016,9819,3.570476918
29/04/2016,9820,3.570511593
29/04/2016,9821,3.570546269
29/04/2016,9822,3.570580945
29/04/2016,9823,3.570615621
29/04/2016,9824,3.570650297
29/04/2016,9825,3.570684973
29/04/2016,9826,3.570719648
29/04/2016,9827,3.570754324
29/04/2016,9828,3.570789
29/04/2016,9829,3.570823181
29/04/2016,9830,3.570857363
29/04/2016,9831,3.570891544
29/04/2016,9832,3.570925725
29/04/2016,9833,3.570959907
29/04/2016,9834,3.570994088
29/04/2016,9835,3.571028269
29/04/2016,9836,3.571062451
29/04/2016,9837,3.571096632
29/04/2016,9838,3.571130813
29/04/2016,9839,3.571164995
29/04/2016,9840,3.571199176
29/04/2016,9841,3.571233357
29/04/2016,9842,3.571267538
29/04/2016,9843,3.57130172
29/04/2016,9844,3.571335901
29/04/2016,9845,3.571370082
29/04/2016,9846,3.571404264
29/04/2016,9847,3.571438445
29/04/2016,9848,3.571472626
29/04/2016,9849,3.571506808
29/04/2016,9850,3.571540989
29/04/2016,9851,3.57157517
29/04/2016,9852,3.571609352
29/04/2016,9853,3.571643533
29/04/2016,9854,3.571677714
29/04/2016,9855,3.571711896
29/04/2016,9856,3.571746077
29/04/2016,9857,3.571780258
29/04/2016,9858,3.57181444
29/04/2016,9859,3.571848621
29/04/2016,9860,3.571882802
29/04/2016,9861,3.571916984
29/04/2016,9862,3.571951165
29/04/2016,9863,3.571985346
29/04/2016,9864,3.572019527
29/04/2016,9865,3.572053709
29/04/2016,9866,3.57208789
29/04/2016,9867,3.572122071
29/04/2016,9868,3.572156253
29/04/2016,9869,3.572190434
29/04/2016,9870,3.572224615
29/04/2016,9871,3.572258797
29/04/2016,9872,3.572292978
29/04/2016,9873,3.572327159
29/04/2016,9874,3.572361341
29/04/2016,9875,3.572395522
29/04/2016,9876,3.572429703
29/04/2016,9877,3.572463885
29/04/2016,9878,3.572498066
29/04/2016,9879,3.572532247
29/04/2016,9880,3.572566429
29/04/2016,9881,3.57260061
29/04/2016,9882,3.572634791
29/04/2016,9883,3.572668973
29/04/2016,9884,3.572703154
29/04/2016,9885,3.572737335
29/04/2016,9886,3.572771516
29/04/2016,9887,3.572805698
29/04/2016,9888,3.572839879
29/04/2016,9889,3.57287406
29/04/2016,9890,3.572908242
29/04/2016,9891,3.572942423
29/04/2016,9892,3.572976604
29/04/2016,9893,3.573010786
29/04/2016,9894,3.573044967
29/04/2016,9895,3.573079148
29/04/2016,9896,3.57311333
29/04/2016,9897,3.573147511
29/04/2016,9898,3.573181692
29/04/2016,9899,3.573215874
29/04/2016,9900,3.573250055
29/04/2016,9901,3.573284236
29/04/2016,9902,3.573318418
29/04/2016,9903,3.573352599
29/04/2016,9904,3.57338678
29/04/2016,9905,3.573420962
29/04/2016,9906,3.573455143
29/04/2016,9907,3.573489324
29/04/2016,9908,3.573523505
29/04/2016,9909,3.573557687
29/04/2016,9910,3.573591868
29/04/2016,9911,3.573626049
29/04/2016,9912,3.573660231
29/04/2016,9913,3.573694412
29/04/2016,9914,3.573728593
29/04/2016,9915,3.573762775
29/04/2016,9916,3.573796956
29/04/2016,9917,3.573831137
29/04/2016,9918,3.573865319
29/04/2016,9919,3.5738995
29/04/2016,9920,3.573933681
29/04/2016,9921,3.573967863
29/04/2016,9922,3.574002044
29/04/2016,9923,3.574036225
29/04/2016,9924,3.574070407
29/04/2016,9925,3.574104588
29/04/2016,9926,3.574138769
29/04/2016,9927,3.574172951
29/04/2016,9928,3.574207132
29/04/2016,9929,3.574241313
29/04/2016,9930,3.574275495
29/04/2016,9931,3.574309676
29/04/2016,9932,3.574343857
29/04/2016,9933,3.574378038
29/04/2016,9934,3.57441222
29/04/2016,9935,3.574446401
29/04/2016,9936,3.574480582
29/04/2016,9937,3.574514764
29/04/2016,9938,3.574548945
29/04/2016,9939,3.574583126
29/04/2016,9940,3.574617308
29/04/2016,9941,3.574651489
29/04/2016,9942,3.57468567
29/04/2016,9943,3.574719852
29/04/2016,9944,3.574754033
29/04/2016,9945,3.574788214
29/04/2016,9946,3.574822396
29/04/2016,9947,3.574856577
29/04/2016,9948,3.574890758
29/04/2016,9949,3.57492494
29/04/2016,9950,3.574959121
29/04/2016,9951,3.574993302
29/04/2016,9952,3.575027484
29/04/2016,9953,3.575061665
29/04/2016,9954,3.575095846
29/04/2016,9955,3.575130027
29/04/2016,9956,3.575164209
29/04/2016,9957,3.57519839
29/04/2016,9958,3.575232571
29/04/2016,9959,3.575266753
29/04/2016,9960,3.575300934
29/04/2016,9961,3.575335115
29/04/2016,9962,3.575369297
29/04/2016,9963,3.575403478
29/04/2016,9964,3.575437659
29/04/2016,9965,3.575471841
29/04/2016,9966,3.575506022
29/04/2016,9967,3.575540203
29/04/2016,9968,3.575574385
29/04/2016,9969,3.575608566
29/04/2016,9970,3.575642747
29/04/2016,9971,3.575676929
29/04/2016,9972,3.57571111
29/04/2016,9973,3.575745291
29/04/2016,9974,3.575779473
29/04/2016,9975,3.575813654
29/04/2016,9976,3.575847835
29/04/2016,9977,3.575882016
29/04/2016,9978,3.575916198
29/04/2016,9979,3.575950379
29/04/2016,9980,3.57598456
29/04/2016,9981,3.576018742
29/04/2016,9982,3.576052923
29/04/2016,9983,3.576087104
29/04/2016,9984,3.576121286
29/04/2016,9985,3.576155467
29/04/2016,9986,3.576189648
29/04/2016,9987,3.57622383
29/04/2016,9988,3.576258011
29/04/2016,9989,3.576292192
29/04/2016,9990,3.576326374
29/04/2016,9991,3.576360555
29/04/2016,9992,3.576394736
29/04/2016,9993,3.576428918
29/04/2016,9994,3.576463099
29/04/2016,9995,3.57649728
29/04/2016,9996,3.576531462
29/04/2016,9997,3.576565643
29/04/2016,9998,3.576599824
29/04/2016,9999,3.576634005
29/04/2016,10000,3.576668187
29/04/2016,10001,3.576702368
29/04/2016,10002,3.576736549
29/04/2016,10003,3.576770731
29/04/2016,10004,3.576804912
29/04/2016,10005,3.576839093
29/04/2016,10006,3.576873275
29/04/2016,10007,3.576907456
29/04/2016,10008,3.576941637
29/04/2016,10009,3.576975819
29/04/2016,10010,3.57701
29/04/2016,10011,3.577043709
29/04/2016,10012,3.577077418
29/04/2016,10013,3.577111126
29/04/2016,10014,3.577144835
29/04/2016,10015,3.577178544
29/04/2016,10016,3.577212253
29/04/2016,10017,3.577245962
29/04/2016,10018,3.57727967
29/04/2016,10019,3.577313379
29/04/2016,10020,3.577347088
29/04/2016,10021,3.577380797
29/04/2016,10022,3.577414505
29/04/2016,10023,3.577448214
29/04/2016,10024,3.577481923
29/04/2016,10025,3.577515632
29/04/2016,10026,3.577549341
29/04/2016,10027,3.577583049
29/04/2016,10028,3.577616758
29/04/2016,10029,3.577650467
29/04/2016,10030,3.577684176
29/04/2016,10031,3.577717885
29/04/2016,10032,3.577751593
29/04/2016,10033,3.577785302
29/04/2016,10034,3.577819011
29/04/2016,10035,3.57785272
29/04/2016,10036,3.577886429
29/04/2016,10037,3.577920137
29/04/2016,10038,3.577953846
29/04/2016,10039,3.577987555
29/04/2016,10040,3.578021264
29/04/2016,10041,3.578054973
29/04/2016,10042,3.578088681
29/04/2016,10043,3.57812239
29/04/2016,10044,3.578156099
29/04/2016,10045,3.578189808
29/04/2016,10046,3.578223516
29/04/2016,10047,3.578257225
29/04/2016,10048,3.578290934
29/04/2016,10049,3.578324643
29/04/2016,10050,3.578358352
29/04/2016,10051,3.57839206
29/04/2016,10052,3.578425769
29/04/2016,10053,3.578459478
29/04/2016,10054,3.578493187
29/04/2016,10055,3.578526896
29/04/2016,10056,3.578560604
29/04/2016,10057,3.578594313
29/04/2016,10058,3.578628022
29/04/2016,10059,3.578661731
29/04/2016,10060,3.57869544
29/04/2016,10061,3.578729148
29/04/2016,10062,3.578762857
29/04/2016,10063,3.578796566
29/04/2016,10064,3.578830275
29/04/2016,10065,3.578863984
29/04/2016,10066,3.578897692
29/04/2016,10067,3.578931401
29/04/2016,10068,3.57896511
29/04/2016,10069,3.578998819
29/04/2016,10070,3.579032527
29/04/2016,10071,3.579066236
29/04/2016,10072,3.579099945
29/04/2016,10073,3.579133654
29/04/2016,10074,3.579167363
29/04/2016,10075,3.579201071
29/04/2016,10076,3.57923478
29/04/2016,10077,3.579268489
29/04/2016,10078,3.579302198
29/04/2016,10079,3.579335907
29/04/2016,10080,3.579369615
29/04/2016,10081,3.579403324
29/04/2016,10082,3.579437033
29/04/2016,10083,3.579470742
29/04/2016,10084,3.579504451
29/04/2016,10085,3.579538159
29/04/2016,10086,3.579571868
29/04/2016,10087,3.579605577
29/04/2016,10088,3.579639286
29/04/2016,10089,3.579672995
29/04/2016,10090,3.579706703
29/04/2016,10091,3.579740412
29/04/2016,10092,3.579774121
29/04/2016,10093,3.57980783
29/04/2016,10094,3.579841538
29/04/2016,10095,3.579875247
29/04/2016,10096,3.579908956
29/04/2016,10097,3.579942665
29/04/2016,10098,3.579976374
29/04/2016,10099,3.580010082
29/04/2016,10100,3.580043791
29/04/2016,10101,3.5800775
29/04/2016,10102,3.580111209
29/04/2016,10103,3.580144918
29/04/2016,10104,3.580178626
29/04/2016,10105,3.580212335
29/04/2016,10106,3.580246044
29/04/2016,10107,3.580279753
29/04/2016,10108,3.580313462
29/04/2016,10109,3.58034717
29/04/2016,10110,3.580380879
29/04/2016,10111,3.580414588
29/04/2016,10112,3.580448297
29/04/2016,10113,3.580482005
29/04/2016,10114,3.580515714
29/04/2016,10115,3.580549423
29/04/2016,10116,3.580583132
29/04/2016,10117,3.580616841
29/04/2016,10118,3.580650549
29/04/2016,10119,3.580684258
29/04/2016,10120,3.580717967
29/04/2016,10121,3.580751676
29/04/2016,10122,3.580785385
29/04/2016,10123,3.580819093
29/04/2016,10124,3.580852802
29/04/2016,10125,3.580886511
29/04/2016,10126,3.58092022
29/04/2016,10127,3.580953929
29/04/2016,10128,3.580987637
29/04/2016,10129,3.581021346
29/04/2016,10130,3.581055055
29/04/2016,10131,3.581088764
29/04/2016,10132,3.581122473
29/04/2016,10133,3.581156181
29/04/2016,10134,3.58118989
29/04/2016,10135,3.581223599
29/04/2016,10136,3.581257308
29/04/2016,10137,3.581291016
29/04/2016,10138,3.581324725
29/04/2016,10139,3.581358434
29/04/2016,10140,3.581392143
29/04/2016,10141,3.581425852
29/04/2016,10142,3.58145956
29/04/2016,10143,3.581493269
29/04/2016,10144,3.581526978
29/04/2016,10145,3.581560687
29/04/2016,10146,3.581594396
29/04/2016,10147,3.581628104
29/04/2016,10148,3.581661813
29/04/2016,10149,3.581695522
29/04/2016,10150,3.581729231
29/04/2016,10151,3.58176294
29/04/2016,10152,3.581796648
29/04/2016,10153,3.581830357
29/04/2016,10154,3.581864066
29/04/2016,10155,3.581897775
29/04/2016,10156,3.581931484
29/04/2016,10157,3.581965192
29/04/2016,10158,3.581998901
29/04/2016,10159,3.58203261
29/04/2016,10160,3.582066319
29/04/2016,10161,3.582100027
29/04/2016,10162,3.582133736
29/04/2016,10163,3.582167445
29/04/2016,10164,3.582201154
29/04/2016,10165,3.582234863
29/04/2016,10166,3.582268571
29/04/2016,10167,3.58230228
29/04/2016,10168,3.582335989
29/04/2016,10169,3.582369698
29/04/2016,10170,3.582403407
29/04/2016,10171,3.582437115
29/04/2016,10172,3.582470824
29/04/2016,10173,3.582504533
29/04/2016,10174,3.582538242
29/04/2016,10175,3.582571951
29/04/2016,10176,3.582605659
29/04/2016,10177,3.582639368
29/04/2016,10178,3.582673077
29/04/2016,10179,3.582706786
29/04/2016,10180,3.582740495
29/04/2016,10181,3.582774203
29/04/2016,10182,3.582807912
29/04/2016,10183,3.582841621
29/04/2016,10184,3.58287533
29/04/2016,10185,3.582909038
29/04/2016,10186,3.582942747
29/04/2016,10187,3.582976456
29/04/2016,10188,3.583010165
29/04/2016,10189,3.583043874
29/04/2016,10190,3.583077582
29/04/2016,10191,3.583111291
29/04/2016,10192,3.583145
29/04/2016,10193,3.583178236
29/04/2016,10194,3.583211473
29/04/2016,10195,3.583244709
29/04/2016,10196,3.583277945
29/04/2016,10197,3.583311181
29/04/2016,10198,3.583344418
29/04/2016,10199,3.583377654
29/04/2016,10200,3.58341089
29/04/2016,10201,3.583444126
29/04/2016,10202,3.583477363
29/04/2016,10203,3.583510599
29/04/2016,10204,3.583543835
29/04/2016,10205,3.583577071
29/04/2016,10206,3.583610308
29/04/2016,10207,3.583643544
29/04/2016,10208,3.58367678
29/04/2016,10209,3.583710016
29/04/2016,10210,3.583743253
29/04/2016,10211,3.583776489
29/04/2016,10212,3.583809725
29/04/2016,10213,3.583842962
29/04/2016,10214,3.583876198
29/04/2016,10215,3.583909434
29/04/2016,10216,3.58394267
29/04/2016,10217,3.583975907
29/04/2016,10218,3.584009143
29/04/2016,10219,3.584042379
29/04/2016,10220,3.584075615
29/04/2016,10221,3.584108852
29/04/2016,10222,3.584142088
29/04/2016,10223,3.584175324
29/04/2016,10224,3.58420856
29/04/2016,10225,3.584241797
29/04/2016,10226,3.584275033
29/04/2016,10227,3.584308269
29/04/2016,10228,3.584341505
29/04/2016,10229,3.584374742
29/04/2016,10230,3.584407978
29/04/2016,10231,3.584441214
29/04/2016,10232,3.584474451
29/04/2016,10233,3.584507687
29/04/2016,10234,3.584540923
29/04/2016,10235,3.584574159
29/04/2016,10236,3.584607396
29/04/2016,10237,3.584640632
29/04/2016,10238,3.584673868
29/04/2016,10239,3.584707104
29/04/2016,10240,3.584740341
29/04/2016,10241,3.584773577
29/04/2016,10242,3.584806813
29/04/2016,10243,3.584840049
29/04/2016,10244,3.584873286
29/04/2016,10245,3.584906522
29/04/2016,10246,3.584939758
29/04/2016,10247,3.584972995
29/04/2016,10248,3.585006231
29/04/2016,10249,3.585039467
29/04/2016,10250,3.585072703
29/04/2016,10251,3.58510594
29/04/2016,10252,3.585139176
29/04/2016,10253,3.585172412
29/04/2016,10254,3.585205648
29/04/2016,10255,3.585238885
29/04/2016,10256,3.585272121
29/04/2016,10257,3.585305357
29/04/2016,10258,3.585338593
29/04/2016,10259,3.58537183
29/04/2016,10260,3.585405066
29/04/2016,10261,3.585438302
29/04/2016,10262,3.585471538
29/04/2016,10263,3.585504775
29/04/2016,10264,3.585538011
29/04/2016,10265,3.585571247
29/04/2016,10266,3.585604484
29/04/2016,10267,3.58563772
29/04/2016,10268,3.585670956
29/04/2016,10269,3.585704192
29/04/2016,10270,3.585737429
29/04/2016,10271,3.585770665
29/04/2016,10272,3.585803901
29/04/2016,10273,3.585837137
29/04/2016,10274,3.585870374
29/04/2016,10275,3.58590361
29/04/2016,10276,3.585936846
29/04/2016,10277,3.585970082
29/04/2016,10278,3.586003319
29/04/2016,10279,3.586036555
29/04/2016,10280,3.586069791
29/04/2016,10281,3.586103027
29/04/2016,10282,3.586136264
29/04/2016,10283,3.5861695
29/04/2016,10284,3.586202736
29/04/2016,10285,3.586235973
29/04/2016,10286,3.586269209
29/04/2016,10287,3.586302445
29/04/2016,10288,3.586335681
29/04/2016,10289,3.586368918
29/04/2016,10290,3.586402154
29/04/2016,10291,3.58643539
29/04/2016,10292,3.586468626
29/04/2016,10293,3.586501863
29/04/2016,10294,3.586535099
29/04/2016,10295,3.586568335
29/04/2016,10296,3.586601571
29/04/2016,10297,3.586634808
29/04/2016,10298,3.586668044
29/04/2016,10299,3.58670128
29/04/2016,10300,3.586734516
29/04/2016,10301,3.586767753
29/04/2016,10302,3.586800989
29/04/2016,10303,3.586834225
29/04/2016,10304,3.586867462
29/04/2016,10305,3.586900698
29/04/2016,10306,3.586933934
29/04/2016,10307,3.58696717
29/04/2016,10308,3.587000407
29/04/2016,10309,3.587033643
29/04/2016,10310,3.587066879
29/04/2016,10311,3.587100115
29/04/2016,10312,3.587133352
29/04/2016,10313,3.587166588
29/04/2016,10314,3.587199824
29/04/2016,10315,3.58723306
29/04/2016,10316,3.587266297
29/04/2016,10317,3.587299533
29/04/2016,10318,3.587332769
29/04/2016,10319,3.587366005
29/04/2016,10320,3.587399242
29/04/2016,10321,3.587432478
29/04/2016,10322,3.587465714
29/04/2016,10323,3.587498951
29/04/2016,10324,3.587532187
29/04/2016,10325,3.587565423
29/04/2016,10326,3.587598659
29/04/2016,10327,3.587631896
29/04/2016,10328,3.587665132
29/04/2016,10329,3.587698368
29/04/2016,10330,3.587731604
29/04/2016,10331,3.587764841
29/04/2016,10332,3.587798077
29/04/2016,10333,3.587831313
29/04/2016,10334,3.587864549
29/04/2016,10335,3.587897786
29/04/2016,10336,3.587931022
29/04/2016,10337,3.587964258
29/04/2016,10338,3.587997495
29/04/2016,10339,3.588030731
29/04/2016,10340,3.588063967
29/04/2016,10341,3.588097203
29/04/2016,10342,3.58813044
29/04/2016,10343,3.588163676
29/04/2016,10344,3.588196912
29/04/2016,10345,3.588230148
29/04/2016,10346,3.588263385
29/04/2016,10347,3.588296621
29/04/2016,10348,3.588329857
29/04/2016,10349,3.588363093
29/04/2016,10350,3.58839633
29/04/2016,10351,3.588429566
29/04/2016,10352,3.588462802
29/04/2016,10353,3.588496038
29/04/2016,10354,3.588529275
29/04/2016,10355,3.588562511
29/04/2016,10356,3.588595747
29/04/2016,10357,3.588628984
29/04/2016,10358,3.58866222
29/04/2016,10359,3.588695456
29/04/2016,10360,3.588728692
29/04/2016,10361,3.588761929
29/04/2016,10362,3.588795165
29/04/2016,10363,3.588828401
29/04/2016,10364,3.588861637
29/04/2016,10365,3.588894874
29/04/2016,10366,3.58892811
29/04/2016,10367,3.588961346
29/04/2016,10368,3.588994582
29/04/2016,10369,3.589027819
29/04/2016,10370,3.589061055
29/04/2016,10371,3.589094291
29/04/2016,10372,3.589127527
29/04/2016,10373,3.589160764
29/04/2016,10374,3.589194
29/04/2016,10375,3.589226775
29/04/2016,10376,3.589259549
29/04/2016,10377,3.589292324
29/04/2016,10378,3.589325099
29/04/2016,10379,3.589357874
29/04/2016,10380,3.589390648
29/04/2016,10381,3.589423423
29/04/2016,10382,3.589456198
29/04/2016,10383,3.589488973
29/04/2016,10384,3.589521747
29/04/2016,10385,3.589554522
29/04/2016,10386,3.589587297
29/04/2016,10387,3.589620071
29/04/2016,10388,3.589652846
29/04/2016,10389,3.589685621
29/04/2016,10390,3.589718396
29/04/2016,10391,3.58975117
29/04/2016,10392,3.589783945
29/04/2016,10393,3.58981672
29/04/2016,10394,3.589849495
29/04/2016,10395,3.589882269
29/04/2016,10396,3.589915044
29/04/2016,10397,3.589947819
29/04/2016,10398,3.589980593
29/04/2016,10399,3.590013368
29/04/2016,10400,3.590046143
29/04/2016,10401,3.590078918
29/04/2016,10402,3.590111692
29/04/2016,10403,3.590144467
29/04/2016,10404,3.590177242
29/04/2016,10405,3.590210016
29/04/2016,10406,3.590242791
29/04/2016,10407,3.590275566
29/04/2016,10408,3.590308341
29/04/2016,10409,3.590341115
29/04/2016,10410,3.59037389
29/04/2016,10411,3.590406665
29/04/2016,10412,3.59043944
29/04/2016,10413,3.590472214
29/04/2016,10414,3.590504989
29/04/2016,10415,3.590537764
29/04/2016,10416,3.590570538
29/04/2016,10417,3.590603313
29/04/2016,10418,3.590636088
29/04/2016,10419,3.590668863
29/04/2016,10420,3.590701637
29/04/2016,10421,3.590734412
29/04/2016,10422,3.590767187
29/04/2016,10423,3.590799962
29/04/2016,10424,3.590832736
29/04/2016,10425,3.590865511
29/04/2016,10426,3.590898286
29/04/2016,10427,3.59093106
29/04/2016,10428,3.590963835
29/04/2016,10429,3.59099661
29/04/2016,10430,3.591029385
29/04/2016,10431,3.591062159
29/04/2016,10432,3.591094934
29/04/2016,10433,3.591127709
29/04/2016,10434,3.591160484
29/04/2016,10435,3.591193258
29/04/2016,10436,3.591226033
29/04/2016,10437,3.591258808
29/04/2016,10438,3.591291582
29/04/2016,10439,3.591324357
29/04/2016,10440,3.591357132
29/04/2016,10441,3.591389907
29/04/2016,10442,3.591422681
29/04/2016,10443,3.591455456
29/04/2016,10444,3.591488231
29/04/2016,10445,3.591521005
29/04/2016,10446,3.59155378
29/04/2016,10447,3.591586555
29/04/2016,10448,3.59161933
29/04/2016,10449,3.591652104
29/04/2016,10450,3.591684879
29/04/2016,10451,3.591717654
29/04/2016,10452,3.591750429
29/04/2016,10453,3.591783203
29/04/2016,10454,3.591815978
29/04/2016,10455,3.591848753
29/04/2016,10456,3.591881527
29/04/2016,10457,3.591914302
29/04/2016,10458,3.591947077
29/04/2016,10459,3.591979852
29/04/2016,10460,3.592012626
29/04/2016,10461,3.592045401
29/04/2016,10462,3.592078176
29/04/2016,10463,3.592110951
29/04/2016,10464,3.592143725
29/04/2016,10465,3.5921765
29/04/2016,10466,3.592209275
29/04/2016,10467,3.592242049
29/04/2016,10468,3.592274824
29/04/2016,10469,3.592307599
29/04/2016,10470,3.592340374
29/04/2016,10471,3.592373148
29/04/2016,10472,3.592405923
29/04/2016,10473,3.592438698
29/04/2016,10474,3.592471473
29/04/2016,10475,3.592504247
29/04/2016,10476,3.592537022
29/04/2016,10477,3.592569797
29/04/2016,10478,3.592602571
29/04/2016,10479,3.592635346
29/04/2016,10480,3.592668121
29/04/2016,10481,3.592700896
29/04/2016,10482,3.59273367
29/04/2016,10483,3.592766445
29/04/2016,10484,3.59279922
29/04/2016,10485,3.592831995
29/04/2016,10486,3.592864769
29/04/2016,10487,3.592897544
29/04/2016,10488,3.592930319
29/04/2016,10489,3.592963093
29/04/2016,10490,3.592995868
29/04/2016,10491,3.593028643
29/04/2016,10492,3.593061418
29/04/2016,10493,3.593094192
29/04/2016,10494,3.593126967
29/04/2016,10495,3.593159742
29/04/2016,10496,3.593192516
29/04/2016,10497,3.593225291
29/04/2016,10498,3.593258066
29/04/2016,10499,3.593290841
29/04/2016,10500,3.593323615
29/04/2016,10501,3.59335639
29/04/2016,10502,3.593389165
29/04/2016,10503,3.59342194
29/04/2016,10504,3.593454714
29/04/2016,10505,3.593487489
29/04/2016,10506,3.593520264
29/04/2016,10507,3.593553038
29/04/2016,10508,3.593585813
29/04/2016,10509,3.593618588
29/04/2016,10510,3.593651363
29/04/2016,10511,3.593684137
29/04/2016,10512,3.593716912
29/04/2016,10513,3.593749687
29/04/2016,10514,3.593782462
29/04/2016,10515,3.593815236
29/04/2016,10516,3.593848011
29/04/2016,10517,3.593880786
29/04/2016,10518,3.59391356
29/04/2016,10519,3.593946335
29/04/2016,10520,3.59397911
29/04/2016,10521,3.594011885
29/04/2016,10522,3.594044659
29/04/2016,10523,3.594077434
29/04/2016,10524,3.594110209
29/04/2016,10525,3.594142984
29/04/2016,10526,3.594175758
29/04/2016,10527,3.594208533
29/04/2016,10528,3.594241308
29/04/2016,10529,3.594274082
29/04/2016,10530,3.594306857
29/04/2016,10531,3.594339632
29/04/2016,10532,3.594372407
29/04/2016,10533,3.594405181
29/04/2016,10534,3.594437956
29/04/2016,10535,3.594470731
29/04/2016,10536,3.594503505
29/04/2016,10537,3.59453628
29/04/2016,10538,3.594569055
29/04/2016,10539,3.59460183
29/04/2016,10540,3.594634604
29/04/2016,10541,3.594667379
29/04/2016,10542,3.594700154
29/04/2016,10543,3.594732929
29/04/2016,10544,3.594765703
29/04/2016,10545,3.594798478
29/04/2016,10546,3.594831253
29/04/2016,10547,3.594864027
29/04/2016,10548,3.594896802
29/04/2016,10549,3.594929577
29/04/2016,10550,3.594962352
29/04/2016,10551,3.594995126
29/04/2016,10552,3.595027901
29/04/2016,10553,3.595060676
29/04/2016,10554,3.595093451
29/04/2016,10555,3.595126225
29/04/2016,10556,3.595159
29/04/2016,10557,3.59519133
29/04/2016,10558,3.595223659
29/04/2016,10559,3.595255989
29/04/2016,10560,3.595288319
29/04/2016,10561,3.595320648
29/04/2016,10562,3.595352978
29/04/2016,10563,3.595385308
29/04/2016,10564,3.595417637
29/04/2016,10565,3.595449967
29/04/2016,10566,3.595482297
29/04/2016,10567,3.595514626
29/04/2016,10568,3.595546956
29/04/2016,10569,3.595579286
29/04/2016,10570,3.595611615
29/04/2016,10571,3.595643945
29/04/2016,10572,3.595676275
29/04/2016,10573,3.595708604
29/04/2016,10574,3.595740934
29/04/2016,10575,3.595773264
29/04/2016,10576,3.595805593
29/04/2016,10577,3.595837923
29/04/2016,10578,3.595870253
29/04/2016,10579,3.595902582
29/04/2016,10580,3.595934912
29/04/2016,10581,3.595967242
29/04/2016,10582,3.595999571
29/04/2016,10583,3.596031901
29/04/2016,10584,3.596064231
29/04/2016,10585,3.59609656
29/04/2016,10586,3.59612889
29/04/2016,10587,3.59616122
29/04/2016,10588,3.596193549
29/04/2016,10589,3.596225879
29/04/2016,10590,3.596258209
29/04/2016,10591,3.596290538
29/04/2016,10592,3.596322868
29/04/2016,10593,3.596355198
29/04/2016,10594,3.596387527
29/04/2016,10595,3.596419857
29/04/2016,10596,3.596452187
29/04/2016,10597,3.596484516
29/04/2016,10598,3.596516846
29/04/2016,10599,3.596549176
29/04/2016,10600,3.596581505
29/04/2016,10601,3.596613835
29/04/2016,10602,3.596646165
29/04/2016,10603,3.596678495
29/04/2016,10604,3.596710824
29/04/2016,10605,3.596743154
29/04/2016,10606,3.596775484
29/04/2016,10607,3.596807813
29/04/2016,10608,3.596840143
29/04/2016,10609,3.596872473
29/04/2016,10610,3.596904802
29/04/2016,10611,3.596937132
29/04/2016,10612,3.596969462
29/04/2016,10613,3.597001791
29/04/2016,10614,3.597034121
29/04/2016,10615,3.597066451
29/04/2016,10616,3.59709878
29/04/2016,10617,3.59713111
29/04/2016,10618,3.59716344
29/04/2016,10619,3.597195769
29/04/2016,10620,3.597228099
29/04/2016,10621,3.597260429
29/04/2016,10622,3.597292758
29/04/2016,10623,3.597325088
29/04/2016,10624,3.597357418
29/04/2016,10625,3.597389747
29/04/2016,10626,3.597422077
29/04/2016,10627,3.597454407
29/04/2016,10628,3.597486736
29/04/2016,10629,3.597519066
29/04/2016,10630,3.597551396
29/04/2016,10631,3.597583725
29/04/2016,10632,3.597616055
29/04/2016,10633,3.597648385
29/04/2016,10634,3.597680714
29/04/2016,10635,3.597713044
29/04/2016,10636,3.597745374
29/04/2016,10637,3.597777703
29/04/2016,10638,3.597810033
29/04/2016,10639,3.597842363
29/04/2016,10640,3.597874692
29/04/2016,10641,3.597907022
29/04/2016,10642,3.597939352
29/04/2016,10643,3.597971681
29/04/2016,10644,3.598004011
29/04/2016,10645,3.598036341
29/04/2016,10646,3.59806867
29/04/2016,10647,3.598101
29/04/2016,10648,3.59813333
29/04/2016,10649,3.598165659
29/04/2016,10650,3.598197989
29/04/2016,10651,3.598230319
29/04/2016,10652,3.598262648
29/04/2016,10653,3.598294978
29/04/2016,10654,3.598327308
29/04/2016,10655,3.598359637
29/04/2016,10656,3.598391967
29/04/2016,10657,3.598424297
29/04/2016,10658,3.598456626
29/04/2016,10659,3.598488956
29/04/2016,10660,3.598521286
29/04/2016,10661,3.598553615
29/04/2016,10662,3.598585945
29/04/2016,10663,3.598618275
29/04/2016,10664,3.598650604
29/04/2016,10665,3.598682934
29/04/2016,10666,3.598715264
29/04/2016,10667,3.598747593
29/04/2016,10668,3.598779923
29/04/2016,10669,3.598812253
29/04/2016,10670,3.598844582
29/04/2016,10671,3.598876912
29/04/2016,10672,3.598909242
29/04/2016,10673,3.598941571
29/04/2016,10674,3.598973901
29/04/2016,10675,3.599006231
29/04/2016,10676,3.59903856
29/04/2016,10677,3.59907089
29/04/2016,10678,3.59910322
29/04/2016,10679,3.599135549
29/04/2016,10680,3.599167879
29/04/2016,10681,3.599200209
29/04/2016,10682,3.599232538
29/04/2016,10683,3.599264868
29/04/2016,10684,3.599297198
29/04/2016,10685,3.599329527
29/04/2016,10686,3.599361857
29/04/2016,10687,3.599394187
29/04/2016,10688,3.599426516
29/04/2016,10689,3.599458846
29/04/2016,10690,3.599491176
29/04/2016,10691,3.599523505
29/04/2016,10692,3.599555835
29/04/2016,10693,3.599588165
29/04/2016,10694,3.599620495
29/04/2016,10695,3.599652824
29/04/2016,10696,3.599685154
29/04/2016,10697,3.599717484
29/04/2016,10698,3.599749813
29/04/2016,10699,3.599782143
29/04/2016,10700,3.599814473
29/04/2016,10701,3.599846802
29/04/2016,10702,3.599879132
29/04/2016,10703,3.599911462
29/04/2016,10704,3.599943791
29/04/2016,10705,3.599976121
29/04/2016,10706,3.600008451
29/04/2016,10707,3.60004078
29/04/2016,10708,3.60007311
29/04/2016,10709,3.60010544
29/04/2016,10710,3.600137769
29/04/2016,10711,3.600170099
29/04/2016,10712,3.600202429
29/04/2016,10713,3.600234758
29/04/2016,10714,3.600267088
29/04/2016,10715,3.600299418
29/04/2016,10716,3.600331747
29/04/2016,10717,3.600364077
29/04/2016,10718,3.600396407
29/04/2016,10719,3.600428736
29/04/2016,10720,3.600461066
29/04/2016,10721,3.600493396
29/04/2016,10722,3.600525725
29/04/2016,10723,3.600558055
29/04/2016,10724,3.600590385
29/04/2016,10725,3.600622714
29/04/2016,10726,3.600655044
29/04/2016,10727,3.600687374
29/04/2016,10728,3.600719703
29/04/2016,10729,3.600752033
29/04/2016,10730,3.600784363
29/04/2016,10731,3.600816692
29/04/2016,10732,3.600849022
29/04/2016,10733,3.600881352
29/04/2016,10734,3.600913681
29/04/2016,10735,3.600946011
29/04/2016,10736,3.600978341
29/04/2016,10737,3.60101067
29/04/2016,10738,3.601043
29/04/2016,10739,3.601074885
29/04/2016,10740,3.601106769
29/04/2016,10741,3.601138654
29/04/2016,10742,3.601170538
29/04/2016,10743,3.601202423
29/04/2016,10744,3.601234308
29/04/2016,10745,3.601266192
29/04/2016,10746,3.601298077
29/04/2016,10747,3.601329962
29/04/2016,10748,3.601361846
29/04/2016,10749,3.601393731
29/04/2016,10750,3.601425615
29/04/2016,10751,3.6014575
29/04/2016,10752,3.601489385
29/04/2016,10753,3.601521269
29/04/2016,10754,3.601553154
29/04/2016,10755,3.601585038
29/04/2016,10756,3.601616923
29/04/2016,10757,3.601648808
29/04/2016,10758,3.601680692
29/04/2016,10759,3.601712577
29/04/2016,10760,3.601744462
29/04/2016,10761,3.601776346
29/04/2016,10762,3.601808231
29/04/2016,10763,3.601840115
29/04/2016,10764,3.601872
29/04/2016,10765,3.601903885
29/04/2016,10766,3.601935769
29/04/2016,10767,3.601967654
29/04/2016,10768,3.601999538
29/04/2016,10769,3.602031423
29/04/2016,10770,3.602063308
29/04/2016,10771,3.602095192
29/04/2016,10772,3.602127077
29/04/2016,10773,3.602158962
29/04/2016,10774,3.602190846
29/04/2016,10775,3.602222731
29/04/2016,10776,3.602254615
29/04/2016,10777,3.6022865
29/04/2016,10778,3.602318385
29/04/2016,10779,3.602350269
29/04/2016,10780,3.602382154
29/04/2016,10781,3.602414038
29/04/2016,10782,3.602445923
29/04/2016,10783,3.602477808
29/04/2016,10784,3.602509692
29/04/2016,10785,3.602541577
29/04/2016,10786,3.602573462
29/04/2016,10787,3.602605346
29/04/2016,10788,3.602637231
29/04/2016,10789,3.602669115
29/04/2016,10790,3.602701
29/04/2016,10791,3.602732885
29/04/2016,10792,3.602764769
29/04/2016,10793,3.602796654
29/04/2016,10794,3.602828538
29/04/2016,10795,3.602860423
29/04/2016,10796,3.602892308
29/04/2016,10797,3.602924192
29/04/2016,10798,3.602956077
29/04/2016,10799,3.602987962
29/04/2016,10800,3.603019846
29/04/2016,10801,3.603051731
29/04/2016,10802,3.603083615
29/04/2016,10803,3.6031155
29/04/2016,10804,3.603147385
29/04/2016,10805,3.603179269
29/04/2016,10806,3.603211154
29/04/2016,10807,3.603243038
29/04/2016,10808,3.603274923
29/04/2016,10809,3.603306808
29/04/2016,10810,3.603338692
29/04/2016,10811,3.603370577
29/04/2016,10812,3.603402462
29/04/2016,10813,3.603434346
29/04/2016,10814,3.603466231
29/04/2016,10815,3.603498115
29/04/2016,10816,3.60353
29/04/2016,10817,3.603561885
29/04/2016,10818,3.603593769
29/04/2016,10819,3.603625654
29/04/2016,10820,3.603657538
29/04/2016,10821,3.603689423
29/04/2016,10822,3.603721308
29/04/2016,10823,3.603753192
29/04/2016,10824,3.603785077
29/04/2016,10825,3.603816962
29/04/2016,10826,3.603848846
29/04/2016,10827,3.603880731
29/04/2016,10828,3.603912615
29/04/2016,10829,3.6039445
29/04/2016,10830,3.603976385
29/04/2016,10831,3.604008269
29/04/2016,10832,3.604040154
29/04/2016,10833,3.604072038
29/04/2016,10834,3.604103923
29/04/2016,10835,3.604135808
29/04/2016,10836,3.604167692
29/04/2016,10837,3.604199577
29/04/2016,10838,3.604231462
29/04/2016,10839,3.604263346
29/04/2016,10840,3.604295231
29/04/2016,10841,3.604327115
29/04/2016,10842,3.604359
29/04/2016,10843,3.604390885
29/04/2016,10844,3.604422769
29/04/2016,10845,3.604454654
29/04/2016,10846,3.604486538
29/04/2016,10847,3.604518423
29/04/2016,10848,3.604550308
29/04/2016,10849,3.604582192
29/04/2016,10850,3.604614077
29/04/2016,10851,3.604645962
29/04/2016,10852,3.604677846
29/04/2016,10853,3.604709731
29/04/2016,10854,3.604741615
29/04/2016,10855,3.6047735
29/04/2016,10856,3.604805385
29/04/2016,10857,3.604837269
29/04/2016,10858,3.604869154
29/04/2016,10859,3.604901038
29/04/2016,10860,3.604932923
29/04/2016,10861,3.604964808
29/04/2016,10862,3.604996692
29/04/2016,10863,3.605028577
29/04/2016,10864,3.605060462
29/04/2016,10865,3.605092346
29/04/2016,10866,3.605124231
29/04/2016,10867,3.605156115
29/04/2016,10868,3.605188
29/04/2016,10869,3.605219885
29/04/2016,10870,3.605251769
29/04/2016,10871,3.605283654
29/04/2016,10872,3.605315538
29/04/2016,10873,3.605347423
29/04/2016,10874,3.605379308
29/04/2016,10875,3.605411192
29/04/2016,10876,3.605443077
29/04/2016,10877,3.605474962
29/04/2016,10878,3.605506846
29/04/2016,10879,3.605538731
29/04/2016,10880,3.605570615
29/04/2016,10881,3.6056025
29/04/2016,10882,3.605634385
29/04/2016,10883,3.605666269
29/04/2016,10884,3.605698154
29/04/2016,10885,3.605730038
29/04/2016,10886,3.605761923
29/04/2016,10887,3.605793808
29/04/2016,10888,3.605825692
29/04/2016,10889,3.605857577
29/04/2016,10890,3.605889462
29/04/2016,10891,3.605921346
29/04/2016,10892,3.605953231
29/04/2016,10893,3.605985115
29/04/2016,10894,3.606017
29/04/2016,10895,3.606048885
29/04/2016,10896,3.606080769
29/04/2016,10897,3.606112654
29/04/2016,10898,3.606144538
29/04/2016,10899,3.606176423
29/04/2016,10900,3.606208308
29/04/2016,10901,3.606240192
29/04/2016,10902,3.606272077
29/04/2016,10903,3.606303962
29/04/2016,10904,3.606335846
29/04/2016,10905,3.606367731
29/04/2016,10906,3.606399615
29/04/2016,10907,3.6064315
29/04/2016,10908,3.606463385
29/04/2016,10909,3.606495269
29/04/2016,10910,3.606527154
29/04/2016,10911,3.606559038
29/04/2016,10912,3.606590923
29/04/2016,10913,3.606622808
29/04/2016,10914,3.606654692
29/04/2016,10915,3.606686577
29/04/2016,10916,3.606718462
29/04/2016,10917,3.606750346
29/04/2016,10918,3.606782231
29/04/2016,10919,3.606814115
29/04/2016,10920,3.606846
29/04/2016,10921,3.606846
29/04/2016,10922,3.606846
29/04/2016,10923,3.606846
29/04/2016,10924,3.606846
29/04/2016,10925,3.606846
29/04/2016,10926,3.606846
29/04/2016,10927,3.606846
29/04/2016,10928,3.606846
29/04/2016,10929,3.606846
29/04/2016,10930,3.606846
29/04/2016,10931,3.606846
29/04/2016,10932,3.606846
29/04/2016,10933,3.606846
29/04/2016,10934,3.606846
29/04/2016,10935,3.606846
29/04/2016,10936,3.606846
29/04/2016,10937,3.606846
29/04/2016,10938,3.606846
29/04/2016,10939,3.606846
29/04/2016,10940,3.606846
29/04/2016,10941,3.606846
29/04/2016,10942,3.606846
29/04/2016,10943,3.606846
29/04/2016,10944,3.606846
29/04/2016,10945,3.606846
29/04/2016,10946,3.606846
29/04/2016,10947,3.606846
29/04/2016,10948,3.606846
29/04/2016,10949,3.606846
29/04/2016,10950,3.606846
29/04/2016,10951,3.606846
29/04/2016,10952,3.606846
29/04/2016,10953,3.606846
29/04/2016,10954,3.606846
29/04/2016,10955,3.606846
29/04/2016,10956,3.606846
29/04/2016,10957,3.606846
29/04/2016,10958,3.606846
29/04/2016,10959,3.606846
29/04/2016,10960,3.606846
29/04/2016,10961,3.606846
29/04/2016,10962,3.606846
29/04/2016,10963,3.606846
29/04/2016,10964,3.606846
29/04/2016,10965,3.606846
29/04/2016,10966,3.606846
29/04/2016,10967,3.606846
29/04/2016,10968,3.606846
29/04/2016,10969,3.606846
29/04/2016,10970,3.606846
29/04/2016,10971,3.606846
29/04/2016,10972,3.606846
29/04/2016,10973,3.606846
29/04/2016,10974,3.606846
29/04/2016,10975,3.606846
29/04/2016,10976,3.606846
29/04/2016,10977,3.606846
29/04/2016,10978,3.606846
29/04/2016,10979,3.606846
29/04/2016,10980,3.606846
29/04/2016,10981,3.606846
29/04/2016,10982,3.606846
29/04/2016,10983,3.606846
29/04/2016,10984,3.606846
29/04/2016,10985,3.606846
29/04/2016,10986,3.606846
29/04/2016,10987,3.606846
29/04/2016,10988,3.606846
29/04/2016,10989,3.606846
29/04/2016,10990,3.606846
29/04/2016,10991,3.606846
29/04/2016,10992,3.606846
29/04/2016,10993,3.606846
29/04/2016,10994,3.606846
29/04/2016,10995,3.606846
29/04/2016,10996,3.606846
29/04/2016,10997,3.606846
29/04/2016,10998,3.606846
29/04/2016,10999,3.606846
29/04/2016,11000,3.606846
29/04/2016,11001,3.606846
29/04/2016,11002,3.606846
29/04/2016,11003,3.606846
29/04/2016,11004,3.606846
29/04/2016,11005,3.606846
29/04/2016,11006,3.606846
29/04/2016,11007,3.606846
29/04/2016,11008,3.606846
29/04/2016,11009,3.606846
29/04/2016,11010,3.606846
29/04/2016,11011,3.606846
29/04/2016,11012,3.606846
29/04/2016,11013,3.606846
29/04/2016,11014,3.606846
29/04/2016,11015,3.606846
29/04/2016,11016,3.606846
29/04/2016,11017,3.606846
29/04/2016,11018,3.606846
29/04/2016,11019,3.606846
29/04/2016,11020,3.606846
29/04/2016,11021,3.606846
29/04/2016,11022,3.606846
29/04/2016,11023,3.606846
29/04/2016,11024,3.606846
29/04/2016,11025,3.606846
29/04/2016,11026,3.606846
29/04/2016,11027,3.606846
29/04/2016,11028,3.606846
29/04/2016,11029,3.606846
29/04/2016,11030,3.606846
29/04/2016,11031,3.606846
29/04/2016,11032,3.606846
29/04/2016,11033,3.606846
29/04/2016,11034,3.606846
29/04/2016,11035,3.606846
29/04/2016,11036,3.606846
29/04/2016,11037,3.606846
29/04/2016,11038,3.606846
29/04/2016,11039,3.606846
29/04/2016,11040,3.606846
29/04/2016,11041,3.606846
29/04/2016,11042,3.606846
29/04/2016,11043,3.606846
29/04/2016,11044,3.606846
29/04/2016,11045,3.606846
29/04/2016,11046,3.606846
29/04/2016,11047,3.606846
29/04/2016,11048,3.606846
29/04/2016,11049,3.606846
29/04/2016,11050,3.606846
29/04/2016,11051,3.606846
29/04/2016,11052,3.606846
29/04/2016,11053,3.606846
29/04/2016,11054,3.606846
29/04/2016,11055,3.606846
29/04/2016,11056,3.606846
29/04/2016,11057,3.606846
29/04/2016,11058,3.606846
29/04/2016,11059,3.606846
29/04/2016,11060,3.606846
29/04/2016,11061,3.606846
29/04/2016,11062,3.606846
29/04/2016,11063,3.606846
29/04/2016,11064,3.606846
29/04/2016,11065,3.606846
29/04/2016,11066,3.606846
29/04/2016,11067,3.606846
29/04/2016,11068,3.606846
29/04/2016,11069,3.606846
29/04/2016,11070,3.606846
29/04/2016,11071,3.606846
29/04/2016,11072,3.606846
29/04/2016,11073,3.606846
29/04/2016,11074,3.606846
29/04/2016,11075,3.606846
29/04/2016,11076,3.606846
29/04/2016,11077,3.606846
29/04/2016,11078,3.606846
29/04/2016,11079,3.606846
29/04/2016,11080,3.606846
29/04/2016,11081,3.606846
29/04/2016,11082,3.606846
29/04/2016,11083,3.606846
29/04/2016,11084,3.606846
29/04/2016,11085,3.606846
29/04/2016,11086,3.606846
29/04/2016,11087,3.606846
29/04/2016,11088,3.606846
29/04/2016,11089,3.606846
29/04/2016,11090,3.606846
29/04/2016,11091,3.606846
29/04/2016,11092,3.606846
29/04/2016,11093,3.606846
29/04/2016,11094,3.606846
29/04/2016,11095,3.606846
29/04/2016,11096,3.606846
29/04/2016,11097,3.606846
29/04/2016,11098,3.606846
29/04/2016,11099,3.606846
29/04/2016,11100,3.606846
29/04/2016,11101,3.606846
29/04/2016,11102,3.606846
29/04/2016,11103,3.606846
29/04/2016,11104,3.606846
29/04/2016,11105,3.606846
29/04/2016,11106,3.606846
29/04/2016,11107,3.606846
29/04/2016,11108,3.606846
29/04/2016,11109,3.606846
29/04/2016,11110,3.606846
29/04/2016,11111,3.606846
29/04/2016,11112,3.606846
29/04/2016,11113,3.606846
29/04/2016,11114,3.606846
29/04/2016,11115,3.606846
29/04/2016,11116,3.606846
29/04/2016,11117,3.606846
29/04/2016,11118,3.606846
29/04/2016,11119,3.606846
29/04/2016,11120,3.606846
29/04/2016,11121,3.606846
29/04/2016,11122,3.606846
29/04/2016,11123,3.606846
29/04/2016,11124,3.606846
29/04/2016,11125,3.606846
29/04/2016,11126,3.606846
29/04/2016,11127,3.606846
29/04/2016,11128,3.606846
29/04/2016,11129,3.606846
29/04/2016,11130,3.606846
29/04/2016,11131,3.606846
29/04/2016,11132,3.606846
29/04/2016,11133,3.606846
29/04/2016,11134,3.606846
29/04/2016,11135,3.606846
29/04/2016,11136,3.606846
29/04/2016,11137,3.606846
29/04/2016,11138,3.606846
29/04/2016,11139,3.606846
29/04/2016,11140,3.606846
29/04/2016,11141,3.606846
29/04/2016,11142,3.606846
29/04/2016,11143,3.606846
29/04/2016,11144,3.606846
29/04/2016,11145,3.606846
29/04/2016,11146,3.606846
29/04/2016,11147,3.606846
29/04/2016,11148,3.606846
29/04/2016,11149,3.606846
29/04/2016,11150,3.606846
29/04/2016,11151,3.606846
29/04/2016,11152,3.606846
29/04/2016,11153,3.606846
29/04/2016,11154,3.606846
29/04/2016,11155,3.606846
29/04/2016,11156,3.606846
29/04/2016,11157,3.606846
29/04/2016,11158,3.606846
29/04/2016,11159,3.606846
29/04/2016,11160,3.606846
29/04/2016,11161,3.606846
29/04/2016,11162,3.606846
29/04/2016,11163,3.606846
29/04/2016,11164,3.606846
29/04/2016,11165,3.606846
29/04/2016,11166,3.606846
29/04/2016,11167,3.606846
29/04/2016,11168,3.606846
29/04/2016,11169,3.606846
29/04/2016,11170,3.606846
29/04/2016,11171,3.606846
29/04/2016,11172,3.606846
29/04/2016,11173,3.606846
29/04/2016,11174,3.606846
29/04/2016,11175,3.606846
29/04/2016,11176,3.606846
29/04/2016,11177,3.606846
29/04/2016,11178,3.606846
29/04/2016,11179,3.606846
29/04/2016,11180,3.606846
29/04/2016,11181,3.606846
29/04/2016,11182,3.606846
29/04/2016,11183,3.606846
29/04/2016,11184,3.606846
29/04/2016,11185,3.606846
29/04/2016,11186,3.606846
29/04/2016,11187,3.606846
29/04/2016,11188,3.606846
29/04/2016,11189,3.606846
29/04/2016,11190,3.606846
29/04/2016,11191,3.606846
29/04/2016,11192,3.606846
29/04/2016,11193,3.606846
29/04/2016,11194,3.606846
29/04/2016,11195,3.606846
29/04/2016,11196,3.606846
29/04/2016,11197,3.606846
29/04/2016,11198,3.606846
29/04/2016,11199,3.606846
29/04/2016,11200,3.606846
29/04/2016,11201,3.606846
29/04/2016,11202,3.606846
29/04/2016,11203,3.606846
29/04/2016,11204,3.606846
29/04/2016,11205,3.606846
29/04/2016,11206,3.606846
29/04/2016,11207,3.606846
29/04/2016,11208,3.606846
29/04/2016,11209,3.606846
29/04/2016,11210,3.606846
29/04/2016,11211,3.606846
29/04/2016,11212,3.606846
29/04/2016,11213,3.606846
29/04/2016,11214,3.606846
29/04/2016,11215,3.606846
29/04/2016,11216,3.606846
29/04/2016,11217,3.606846
29/04/2016,11218,3.606846
29/04/2016,11219,3.606846
29/04/2016,11220,3.606846
29/04/2016,11221,3.606846
29/04/2016,11222,3.606846
29/04/2016,11223,3.606846
29/04/2016,11224,3.606846
29/04/2016,11225,3.606846
29/04/2016,11226,3.606846
29/04/2016,11227,3.606846
29/04/2016,11228,3.606846
29/04/2016,11229,3.606846
29/04/2016,11230,3.606846
29/04/2016,11231,3.606846
29/04/2016,11232,3.606846
29/04/2016,11233,3.606846
29/04/2016,11234,3.606846
29/04/2016,11235,3.606846
29/04/2016,11236,3.606846
29/04/2016,11237,3.606846
29/04/2016,11238,3.606846
29/04/2016,11239,3.606846
29/04/2016,11240,3.606846
29/04/2016,11241,3.606846
29/04/2016,11242,3.606846
29/04/2016,11243,3.606846
29/04/2016,11244,3.606846
29/04/2016,11245,3.606846
29/04/2016,11246,3.606846
29/04/2016,11247,3.606846
29/04/2016,11248,3.606846
29/04/2016,11249,3.606846
29/04/2016,11250,3.606846
29/04/2016,11251,3.606846
29/04/2016,11252,3.606846
29/04/2016,11253,3.606846
29/04/2016,11254,3.606846
29/04/2016,11255,3.606846
29/04/2016,11256,3.606846
29/04/2016,11257,3.606846
29/04/2016,11258,3.606846
29/04/2016,11259,3.606846
29/04/2016,11260,3.606846
29/04/2016,11261,3.606846
29/04/2016,11262,3.606846
29/04/2016,11263,3.606846
29/04/2016,11264,3.606846
29/04/2016,11265,3.606846
29/04/2016,11266,3.606846
29/04/2016,11267,3.606846
29/04/2016,11268,3.606846
29/04/2016,11269,3.606846
29/04/2016,11270,3.606846
29/04/2016,11271,3.606846
29/04/2016,11272,3.606846
29/04/2016,11273,3.606846
29/04/2016,11274,3.606846
29/04/2016,11275,3.606846
29/04/2016,11276,3.606846
29/04/2016,11277,3.606846
29/04/2016,11278,3.606846
29/04/2016,11279,3.606846
29/04/2016,11280,3.606846
29/04/2016,11281,3.606846
29/04/2016,11282,3.606846
29/04/2016,11283,3.606846
29/04/2016,11284,3.606846
29/04/2016,11285,3.606846
29/04/2016,11286,3.606846
29/04/2016,11287,3.606846
29/04/2016,11288,3.606846
29/04/2016,11289,3.606846
29/04/2016,11290,3.606846
29/04/2016,11291,3.606846
29/04/2016,11292,3.606846
29/04/2016,11293,3.606846
29/04/2016,11294,3.606846
29/04/2016,11295,3.606846
29/04/2016,11296,3.606846
29/04/2016,11297,3.606846
29/04/2016,11298,3.606846
29/04/2016,11299,3.606846
29/04/2016,11300,3.606846
29/04/2016,11301,3.606846
29/04/2016,11302,3.606846
29/04/2016,11303,3.606846
29/04/2016,11304,3.606846
29/04/2016,11305,3.606846
29/04/2016,11306,3.606846
29/04/2016,11307,3.606846
29/04/2016,11308,3.606846
29/04/2016,11309,3.606846
29/04/2016,11310,3.606846
29/04/2016,11311,3.606846
29/04/2016,11312,3.606846
29/04/2016,11313,3.606846
29/04/2016,11314,3.606846
29/04/2016,11315,3.606846
29/04/2016,11316,3.606846
29/04/2016,11317,3.606846
29/04/2016,11318,3.606846
29/04/2016,11319,3.606846
29/04/2016,11320,3.606846
29/04/2016,11321,3.606846
29/04/2016,11322,3.606846
29/04/2016,11323,3.606846
29/04/2016,11324,3.606846
29/04/2016,11325,3.606846
29/04/2016,11326,3.606846
29/04/2016,11327,3.606846
29/04/2016,11328,3.606846
29/04/2016,11329,3.606846
29/04/2016,11330,3.606846
29/04/2016,11331,3.606846
29/04/2016,11332,3.606846
29/04/2016,11333,3.606846
29/04/2016,11334,3.606846
29/04/2016,11335,3.606846
29/04/2016,11336,3.606846
29/04/2016,11337,3.606846
29/04/2016,11338,3.606846
29/04/2016,11339,3.606846
29/04/2016,11340,3.606846
29/04/2016,11341,3.606846
29/04/2016,11342,3.606846
29/04/2016,11343,3.606846
29/04/2016,11344,3.606846
29/04/2016,11345,3.606846
29/04/2016,11346,3.606846
29/04/2016,11347,3.606846
29/04/2016,11348,3.606846
29/04/2016,11349,3.606846
29/04/2016,11350,3.606846
29/04/2016,11351,3.606846
29/04/2016,11352,3.606846
29/04/2016,11353,3.606846
29/04/2016,11354,3.606846
29/04/2016,11355,3.606846
29/04/2016,11356,3.606846
29/04/2016,11357,3.606846
29/04/2016,11358,3.606846
29/04/2016,11359,3.606846
29/04/2016,11360,3.606846
29/04/2016,11361,3.606846
29/04/2016,11362,3.606846
29/04/2016,11363,3.606846
29/04/2016,11364,3.606846
29/04/2016,11365,3.606846
29/04/2016,11366,3.606846
29/04/2016,11367,3.606846
29/04/2016,11368,3.606846
29/04/2016,11369,3.606846
29/04/2016,11370,3.606846
29/04/2016,11371,3.606846
29/04/2016,11372,3.606846
29/04/2016,11373,3.606846
29/04/2016,11374,3.606846
29/04/2016,11375,3.606846
29/04/2016,11376,3.606846
29/04/2016,11377,3.606846
29/04/2016,11378,3.606846
29/04/2016,11379,3.606846
29/04/2016,11380,3.606846
29/04/2016,11381,3.606846
29/04/2016,11382,3.606846
29/04/2016,11383,3.606846
29/04/2016,11384,3.606846
29/04/2016,11385,3.606846
29/04/2016,11386,3.606846
29/04/2016,11387,3.606846
29/04/2016,11388,3.606846
29/04/2016,11389,3.606846
29/04/2016,11390,3.606846
29/04/2016,11391,3.606846
29/04/2016,11392,3.606846
29/04/2016,11393,3.606846
29/04/2016,11394,3.606846
29/04/2016,11395,3.606846
29/04/2016,11396,3.606846
29/04/2016,11397,3.606846
29/04/2016,11398,3.606846
29/04/2016,11399,3.606846
29/04/2016,11400,3.606846
29/04/2016,11401,3.606846
29/04/2016,11402,3.606846
29/04/2016,11403,3.606846
29/04/2016,11404,3.606846
29/04/2016,11405,3.606846
29/04/2016,11406,3.606846
29/04/2016,11407,3.606846
29/04/2016,11408,3.606846
29/04/2016,11409,3.606846
29/04/2016,11410,3.606846
29/04/2016,11411,3.606846
29/04/2016,11412,3.606846
29/04/2016,11413,3.606846
29/04/2016,11414,3.606846
29/04/2016,11415,3.606846
29/04/2016,11416,3.606846
29/04/2016,11417,3.606846
29/04/2016,11418,3.606846
29/04/2016,11419,3.606846
29/04/2016,11420,3.606846
29/04/2016,11421,3.606846
29/04/2016,11422,3.606846
29/04/2016,11423,3.606846
29/04/2016,11424,3.606846
29/04/2016,11425,3.606846
29/04/2016,11426,3.606846
29/04/2016,11427,3.606846
29/04/2016,11428,3.606846
29/04/2016,11429,3.606846
29/04/2016,11430,3.606846
29/04/2016,11431,3.606846
29/04/2016,11432,3.606846
29/04/2016,11433,3.606846
29/04/2016,11434,3.606846
29/04/2016,11435,3.606846
29/04/2016,11436,3.606846
29/04/2016,11437,3.606846
29/04/2016,11438,3.606846
29/04/2016,11439,3.606846
29/04/2016,11440,3.606846
29/04/2016,11441,3.606846
29/04/2016,11442,3.606846
29/04/2016,11443,3.606846
29/04/2016,11444,3.606846
29/04/2016,11445,3.606846
29/04/2016,11446,3.606846
29/04/2016,11447,3.606846
29/04/2016,11448,3.606846
29/04/2016,11449,3.606846
29/04/2016,11450,3.606846
29/04/2016,11451,3.606846
29/04/2016,11452,3.606846
29/04/2016,11453,3.606846
29/04/2016,11454,3.606846
29/04/2016,11455,3.606846
29/04/2016,11456,3.606846
29/04/2016,11457,3.606846
29/04/2016,11458,3.606846
29/04/2016,11459,3.606846
29/04/2016,11460,3.606846
29/04/2016,11461,3.606846
29/04/2016,11462,3.606846
29/04/2016,11463,3.606846
29/04/2016,11464,3.606846
29/04/2016,11465,3.606846
29/04/2016,11466,3.606846
29/04/2016,11467,3.606846
29/04/2016,11468,3.606846
29/04/2016,11469,3.606846
29/04/2016,11470,3.606846
29/04/2016,11471,3.606846
29/04/2016,11472,3.606846
29/04/2016,11473,3.606846
29/04/2016,11474,3.606846
29/04/2016,11475,3.606846
29/04/2016,11476,3.606846
29/04/2016,11477,3.606846
29/04/2016,11478,3.606846
29/04/2016,11479,3.606846
29/04/2016,11480,3.606846
29/04/2016,11481,3.606846
29/04/2016,11482,3.606846
29/04/2016,11483,3.606846
29/04/2016,11484,3.606846
29/04/2016,11485,3.606846
29/04/2016,11486,3.606846
29/04/2016,11487,3.606846
29/04/2016,11488,3.606846
29/04/2016,11489,3.606846
29/04/2016,11490,3.606846
29/04/2016,11491,3.606846
29/04/2016,11492,3.606846
29/04/2016,11493,3.606846
29/04/2016,11494,3.606846
29/04/2016,11495,3.606846
29/04/2016,11496,3.606846
29/04/2016,11497,3.606846
29/04/2016,11498,3.606846
29/04/2016,11499,3.606846
29/04/2016,11500,3.606846
29/04/2016,11501,3.606846
29/04/2016,11502,3.606846
29/04/2016,11503,3.606846
29/04/2016,11504,3.606846
29/04/2016,11505,3.606846
29/04/2016,11506,3.606846
29/04/2016,11507,3.606846
29/04/2016,11508,3.606846
29/04/2016,11509,3.606846
29/04/2016,11510,3.606846
29/04/2016,11511,3.606846
29/04/2016,11512,3.606846
29/04/2016,11513,3.606846
29/04/2016,11514,3.606846
29/04/2016,11515,3.606846
29/04/2016,11516,3.606846
29/04/2016,11517,3.606846
29/04/2016,11518,3.606846
29/04/2016,11519,3.606846
29/04/2016,11520,3.606846
29/04/2016,11521,3.606846
29/04/2016,11522,3.606846
29/04/2016,11523,3.606846
29/04/2016,11524,3.606846
29/04/2016,11525,3.606846
29/04/2016,11526,3.606846
29/04/2016,11527,3.606846
29/04/2016,11528,3.606846
29/04/2016,11529,3.606846
29/04/2016,11530,3.606846
29/04/2016,11531,3.606846
29/04/2016,11532,3.606846
29/04/2016,11533,3.606846
29/04/2016,11534,3.606846
29/04/2016,11535,3.606846
29/04/2016,11536,3.606846
29/04/2016,11537,3.606846
29/04/2016,11538,3.606846
29/04/2016,11539,3.606846
29/04/2016,11540,3.606846
29/04/2016,11541,3.606846
29/04/2016,11542,3.606846
29/04/2016,11543,3.606846
29/04/2016,11544,3.606846
29/04/2016,11545,3.606846
29/04/2016,11546,3.606846
29/04/2016,11547,3.606846
29/04/2016,11548,3.606846
29/04/2016,11549,3.606846
29/04/2016,11550,3.606846
29/04/2016,11551,3.606846
29/04/2016,11552,3.606846
29/04/2016,11553,3.606846
29/04/2016,11554,3.606846
29/04/2016,11555,3.606846
29/04/2016,11556,3.606846
29/04/2016,11557,3.606846
29/04/2016,11558,3.606846
29/04/2016,11559,3.606846
29/04/2016,11560,3.606846
29/04/2016,11561,3.606846
29/04/2016,11562,3.606846
29/04/2016,11563,3.606846
29/04/2016,11564,3.606846
29/04/2016,11565,3.606846
29/04/2016,11566,3.606846
29/04/2016,11567,3.606846
29/04/2016,11568,3.606846
29/04/2016,11569,3.606846
29/04/2016,11570,3.606846
29/04/2016,11571,3.606846
29/04/2016,11572,3.606846
29/04/2016,11573,3.606846
29/04/2016,11574,3.606846
29/04/2016,11575,3.606846
29/04/2016,11576,3.606846
29/04/2016,11577,3.606846
29/04/2016,11578,3.606846
29/04/2016,11579,3.606846
29/04/2016,11580,3.606846
29/04/2016,11581,3.606846
29/04/2016,11582,3.606846
29/04/2016,11583,3.606846
29/04/2016,11584,3.606846
29/04/2016,11585,3.606846
29/04/2016,11586,3.606846
29/04/2016,11587,3.606846
29/04/2016,11588,3.606846
29/04/2016,11589,3.606846
29/04/2016,11590,3.606846
29/04/2016,11591,3.606846
29/04/2016,11592,3.606846
29/04/2016,11593,3.606846
29/04/2016,11594,3.606846
29/04/2016,11595,3.606846
29/04/2016,11596,3.606846
29/04/2016,11597,3.606846
29/04/2016,11598,3.606846
29/04/2016,11599,3.606846
29/04/2016,11600,3.606846
29/04/2016,11601,3.606846
29/04/2016,11602,3.606846
29/04/2016,11603,3.606846
29/04/2016,11604,3.606846
29/04/2016,11605,3.606846
29/04/2016,11606,3.606846
29/04/2016,11607,3.606846
29/04/2016,11608,3.606846
29/04/2016,11609,3.606846
29/04/2016,11610,3.606846
29/04/2016,11611,3.606846
29/04/2016,11612,3.606846
29/04/2016,11613,3.606846
29/04/2016,11614,3.606846
29/04/2016,11615,3.606846
29/04/2016,11616,3.606846
29/04/2016,11617,3.606846
29/04/2016,11618,3.606846
29/04/2016,11619,3.606846
29/04/2016,11620,3.606846
29/04/2016,11621,3.606846
29/04/2016,11622,3.606846
29/04/2016,11623,3.606846
29/04/2016,11624,3.606846
29/04/2016,11625,3.606846
29/04/2016,11626,3.606846
29/04/2016,11627,3.606846
29/04/2016,11628,3.606846
29/04/2016,11629,3.606846
29/04/2016,11630,3.606846
29/04/2016,11631,3.606846
29/04/2016,11632,3.606846
29/04/2016,11633,3.606846
29/04/2016,11634,3.606846
29/04/2016,11635,3.606846
29/04/2016,11636,3.606846
29/04/2016,11637,3.606846
29/04/2016,11638,3.606846
29/04/2016,11639,3.606846
29/04/2016,11640,3.606846
29/04/2016,11641,3.606846
29/04/2016,11642,3.606846
29/04/2016,11643,3.606846
29/04/2016,11644,3.606846
29/04/2016,11645,3.606846
29/04/2016,11646,3.606846
29/04/2016,11647,3.606846
29/04/2016,11648,3.606846
29/04/2016,11649,3.606846
29/04/2016,11650,3.606846
29/04/2016,11651,3.606846
29/04/2016,11652,3.606846
29/04/2016,11653,3.606846
29/04/2016,11654,3.606846
29/04/2016,11655,3.606846
29/04/2016,11656,3.606846
29/04/2016,11657,3.606846
29/04/2016,11658,3.606846
29/04/2016,11659,3.606846
29/04/2016,11660,3.606846
29/04/2016,11661,3.606846
29/04/2016,11662,3.606846
29/04/2016,11663,3.606846
29/04/2016,11664,3.606846
29/04/2016,11665,3.606846
29/04/2016,11666,3.606846
29/04/2016,11667,3.606846
29/04/2016,11668,3.606846
29/04/2016,11669,3.606846
29/04/2016,11670,3.606846
29/04/2016,11671,3.606846
29/04/2016,11672,3.606846
29/04/2016,11673,3.606846
29/04/2016,11674,3.606846
29/04/2016,11675,3.606846
29/04/2016,11676,3.606846
29/04/2016,11677,3.606846
29/04/2016,11678,3.606846
29/04/2016,11679,3.606846
29/04/2016,11680,3.606846
29/04/2016,11681,3.606846
29/04/2016,11682,3.606846
29/04/2016,11683,3.606846
29/04/2016,11684,3.606846
29/04/2016,11685,3.606846
29/04/2016,11686,3.606846
29/04/2016,11687,3.606846
29/04/2016,11688,3.606846
29/04/2016,11689,3.606846
29/04/2016,11690,3.606846
29/04/2016,11691,3.606846
29/04/2016,11692,3.606846
29/04/2016,11693,3.606846
29/04/2016,11694,3.606846
29/04/2016,11695,3.606846
29/04/2016,11696,3.606846
29/04/2016,11697,3.606846
29/04/2016,11698,3.606846
29/04/2016,11699,3.606846
29/04/2016,11700,3.606846
29/04/2016,11701,3.606846
29/04/2016,11702,3.606846
29/04/2016,11703,3.606846
29/04/2016,11704,3.606846
29/04/2016,11705,3.606846
29/04/2016,11706,3.606846
29/04/2016,11707,3.606846
29/04/2016,11708,3.606846
29/04/2016,11709,3.606846
29/04/2016,11710,3.606846
29/04/2016,11711,3.606846
29/04/2016,11712,3.606846
29/04/2016,11713,3.606846
29/04/2016,11714,3.606846
29/04/2016,11715,3.606846
29/04/2016,11716,3.606846
29/04/2016,11717,3.606846
29/04/2016,11718,3.606846
29/04/2016,11719,3.606846
29/04/2016,11720,3.606846
29/04/2016,11721,3.606846
29/04/2016,11722,3.606846
29/04/2016,11723,3.606846
29/04/2016,11724,3.606846
29/04/2016,11725,3.606846
29/04/2016,11726,3.606846
29/04/2016,11727,3.606846
29/04/2016,11728,3.606846
29/04/2016,11729,3.606846
29/04/2016,11730,3.606846
29/04/2016,11731,3.606846
29/04/2016,11732,3.606846
29/04/2016,11733,3.606846
29/04/2016,11734,3.606846
29/04/2016,11735,3.606846
29/04/2016,11736,3.606846
29/04/2016,11737,3.606846
29/04/2016,11738,3.606846
29/04/2016,11739,3.606846
29/04/2016,11740,3.606846
29/04/2016,11741,3.606846
29/04/2016,11742,3.606846
29/04/2016,11743,3.606846
29/04/2016,11744,3.606846
29/04/2016,11745,3.606846
29/04/2016,11746,3.606846
29/04/2016,11747,3.606846
29/04/2016,11748,3.606846
29/04/2016,11749,3.606846
29/04/2016,11750,3.606846
29/04/2016,11751,3.606846
29/04/2016,11752,3.606846
29/04/2016,11753,3.606846
29/04/2016,11754,3.606846
29/04/2016,11755,3.606846
29/04/2016,11756,3.606846
29/04/2016,11757,3.606846
29/04/2016,11758,3.606846
29/04/2016,11759,3.606846
29/04/2016,11760,3.606846
29/04/2016,11761,3.606846
29/04/2016,11762,3.606846
29/04/2016,11763,3.606846
29/04/2016,11764,3.606846
29/04/2016,11765,3.606846
29/04/2016,11766,3.606846
29/04/2016,11767,3.606846
29/04/2016,11768,3.606846
29/04/2016,11769,3.606846
29/04/2016,11770,3.606846
29/04/2016,11771,3.606846
29/04/2016,11772,3.606846
29/04/2016,11773,3.606846
29/04/2016,11774,3.606846
29/04/2016,11775,3.606846
29/04/2016,11776,3.606846
29/04/2016,11777,3.606846
29/04/2016,11778,3.606846
29/04/2016,11779,3.606846
29/04/2016,11780,3.606846
29/04/2016,11781,3.606846
29/04/2016,11782,3.606846
29/04/2016,11783,3.606846
29/04/2016,11784,3.606846
29/04/2016,11785,3.606846
29/04/2016,11786,3.606846
29/04/2016,11787,3.606846
29/04/2016,11788,3.606846
29/04/2016,11789,3.606846
29/04/2016,11790,3.606846
29/04/2016,11791,3.606846
29/04/2016,11792,3.606846
29/04/2016,11793,3.606846
29/04/2016,11794,3.606846
29/04/2016,11795,3.606846
29/04/2016,11796,3.606846
29/04/2016,11797,3.606846
29/04/2016,11798,3.606846
29/04/2016,11799,3.606846
29/04/2016,11800,3.606846
29/04/2016,11801,3.606846
29/04/2016,11802,3.606846
29/04/2016,11803,3.606846
29/04/2016,11804,3.606846
29/04/2016,11805,3.606846
29/04/2016,11806,3.606846
29/04/2016,11807,3.606846
29/04/2016,11808,3.606846
29/04/2016,11809,3.606846
29/04/2016,11810,3.606846
29/04/2016,11811,3.606846
29/04/2016,11812,3.606846
29/04/2016,11813,3.606846
29/04/2016,11814,3.606846
29/04/2016,11815,3.606846
29/04/2016,11816,3.606846
29/04/2016,11817,3.606846
29/04/2016,11818,3.606846
29/04/2016,11819,3.606846
29/04/2016,11820,3.606846
29/04/2016,11821,3.606846
29/04/2016,11822,3.606846
29/04/2016,11823,3.606846
29/04/2016,11824,3.606846
29/04/2016,11825,3.606846
29/04/2016,11826,3.606846
29/04/2016,11827,3.606846
29/04/2016,11828,3.606846
29/04/2016,11829,3.606846
29/04/2016,11830,3.606846
29/04/2016,11831,3.606846
29/04/2016,11832,3.606846
29/04/2016,11833,3.606846
29/04/2016,11834,3.606846
29/04/2016,11835,3.606846
29/04/2016,11836,3.606846
29/04/2016,11837,3.606846
29/04/2016,11838,3.606846
29/04/2016,11839,3.606846
29/04/2016,11840,3.606846
