FECHA,PLAZO,VALOR
5/30/2014,1,3.5809
5/30/2014,2,3.565483333
5/30/2014,3,3.550066667
5/30/2014,4,3.53465
5/30/2014,5,3.519233333
5/30/2014,6,3.503816667
5/30/2014,7,3.4884
5/30/2014,8,3.483466667
5/30/2014,9,3.478533333
5/30/2014,10,3.4736
5/30/2014,11,3.468666667
5/30/2014,12,3.463733333
5/30/2014,13,3.4588
5/30/2014,14,3.453866667
5/30/2014,15,3.448933333
5/30/2014,16,3.444
5/30/2014,17,3.439066667
5/30/2014,18,3.434133333
5/30/2014,19,3.4292
5/30/2014,20,3.424266667
5/30/2014,21,3.419333333
5/30/2014,22,3.4144
5/30/2014,23,3.409466667
5/30/2014,24,3.404533333
5/30/2014,25,3.3996
5/30/2014,26,3.394666667
5/30/2014,27,3.389733333
5/30/2014,28,3.3848
5/30/2014,29,3.385226786
5/30/2014,30,3.385653571
5/30/2014,31,3.386080357
5/30/2014,32,3.386507143
5/30/2014,33,3.386933929
5/30/2014,34,3.387360714
5/30/2014,35,3.3877875
5/30/2014,36,3.388214286
5/30/2014,37,3.388641071
5/30/2014,38,3.389067857
5/30/2014,39,3.389494643
5/30/2014,40,3.389921429
5/30/2014,41,3.390348214
5/30/2014,42,3.390775
5/30/2014,43,3.391201786
5/30/2014,44,3.391628571
5/30/2014,45,3.392055357
5/30/2014,46,3.392482143
5/30/2014,47,3.392908929
5/30/2014,48,3.393335714
5/30/2014,49,3.3937625
5/30/2014,50,3.394189286
5/30/2014,51,3.394616071
5/30/2014,52,3.395042857
5/30/2014,53,3.395469643
5/30/2014,54,3.395896429
5/30/2014,55,3.396323214
5/30/2014,56,3.39675
5/30/2014,57,3.397176786
5/30/2014,58,3.397603571
5/30/2014,59,3.398030357
5/30/2014,60,3.398457143
5/30/2014,61,3.398883929
5/30/2014,62,3.399310714
5/30/2014,63,3.3997375
5/30/2014,64,3.400164286
5/30/2014,65,3.400591071
5/30/2014,66,3.401017857
5/30/2014,67,3.401444643
5/30/2014,68,3.401871429
5/30/2014,69,3.402298214
5/30/2014,70,3.402725
5/30/2014,71,3.403151786
5/30/2014,72,3.403578571
5/30/2014,73,3.404005357
5/30/2014,74,3.404432143
5/30/2014,75,3.404858929
5/30/2014,76,3.405285714
5/30/2014,77,3.4057125
5/30/2014,78,3.406139286
5/30/2014,79,3.406566071
5/30/2014,80,3.406992857
5/30/2014,81,3.407419643
5/30/2014,82,3.407846429
5/30/2014,83,3.408273214
5/30/2014,84,3.4087
5/30/2014,85,3.408471429
5/30/2014,86,3.408242857
5/30/2014,87,3.408014286
5/30/2014,88,3.407785714
5/30/2014,89,3.407557143
5/30/2014,90,3.407328571
5/30/2014,91,3.4071
5/30/2014,92,3.408285714
5/30/2014,93,3.409471429
5/30/2014,94,3.410657143
5/30/2014,95,3.411842857
5/30/2014,96,3.413028571
5/30/2014,97,3.414214286
5/30/2014,98,3.4154
5/30/2014,99,3.416585714
5/30/2014,100,3.417771429
5/30/2014,101,3.418957143
5/30/2014,102,3.420142857
5/30/2014,103,3.421328571
5/30/2014,104,3.422514286
5/30/2014,105,3.4237
5/30/2014,106,3.424885714
5/30/2014,107,3.426071429
5/30/2014,108,3.427257143
5/30/2014,109,3.428442857
5/30/2014,110,3.429628571
5/30/2014,111,3.430814286
5/30/2014,112,3.432
5/30/2014,113,3.433185714
5/30/2014,114,3.434371429
5/30/2014,115,3.435557143
5/30/2014,116,3.436742857
5/30/2014,117,3.437928571
5/30/2014,118,3.439114286
5/30/2014,119,3.4403
5/30/2014,120,3.441485714
5/30/2014,121,3.442671429
5/30/2014,122,3.443857143
5/30/2014,123,3.445042857
5/30/2014,124,3.446228571
5/30/2014,125,3.447414286
5/30/2014,126,3.4486
5/30/2014,127,3.449785714
5/30/2014,128,3.450971429
5/30/2014,129,3.452157143
5/30/2014,130,3.453342857
5/30/2014,131,3.454528571
5/30/2014,132,3.455714286
5/30/2014,133,3.4569
5/30/2014,134,3.458085714
5/30/2014,135,3.459271429
5/30/2014,136,3.460457143
5/30/2014,137,3.461642857
5/30/2014,138,3.462828571
5/30/2014,139,3.464014286
5/30/2014,140,3.4652
5/30/2014,141,3.466385714
5/30/2014,142,3.467571429
5/30/2014,143,3.468757143
5/30/2014,144,3.469942857
5/30/2014,145,3.471128571
5/30/2014,146,3.472314286
5/30/2014,147,3.4735
5/30/2014,148,3.474685714
5/30/2014,149,3.475871429
5/30/2014,150,3.477057143
5/30/2014,151,3.478242857
5/30/2014,152,3.479428571
5/30/2014,153,3.480614286
5/30/2014,154,3.4818
5/30/2014,155,3.482985714
5/30/2014,156,3.484171429
5/30/2014,157,3.485357143
5/30/2014,158,3.486542857
5/30/2014,159,3.487728571
5/30/2014,160,3.488914286
5/30/2014,161,3.4901
5/30/2014,162,3.491285714
5/30/2014,163,3.492471429
5/30/2014,164,3.493657143
5/30/2014,165,3.494842857
5/30/2014,166,3.496028571
5/30/2014,167,3.497214286
5/30/2014,168,3.4984
5/30/2014,169,3.499357143
5/30/2014,170,3.500314286
5/30/2014,171,3.501271429
5/30/2014,172,3.502228571
5/30/2014,173,3.503185714
5/30/2014,174,3.504142857
5/30/2014,175,3.5051
5/30/2014,176,3.506057143
5/30/2014,177,3.507014286
5/30/2014,178,3.507971429
5/30/2014,179,3.508928571
5/30/2014,180,3.509885714
5/30/2014,181,3.510842857
5/30/2014,182,3.5118
5/30/2014,183,3.51215
5/30/2014,184,3.5125
5/30/2014,185,3.51285
5/30/2014,186,3.5132
5/30/2014,187,3.51355
5/30/2014,188,3.5139
5/30/2014,189,3.51425
5/30/2014,190,3.5146
5/30/2014,191,3.51495
5/30/2014,192,3.5153
5/30/2014,193,3.51565
5/30/2014,194,3.516
5/30/2014,195,3.51635
5/30/2014,196,3.5167
5/30/2014,197,3.51705
5/30/2014,198,3.5174
5/30/2014,199,3.51775
5/30/2014,200,3.5181
5/30/2014,201,3.51845
5/30/2014,202,3.5188
5/30/2014,203,3.51915
5/30/2014,204,3.5195
5/30/2014,205,3.51985
5/30/2014,206,3.5202
5/30/2014,207,3.52055
5/30/2014,208,3.5209
5/30/2014,209,3.52125
5/30/2014,210,3.5216
5/30/2014,211,3.52195
5/30/2014,212,3.5223
5/30/2014,213,3.52265
5/30/2014,214,3.523
5/30/2014,215,3.52335
5/30/2014,216,3.5237
5/30/2014,217,3.52405
5/30/2014,218,3.5244
5/30/2014,219,3.52475
5/30/2014,220,3.5251
5/30/2014,221,3.52545
5/30/2014,222,3.5258
5/30/2014,223,3.52615
5/30/2014,224,3.5265
5/30/2014,225,3.52685
5/30/2014,226,3.5272
5/30/2014,227,3.52755
5/30/2014,228,3.5279
5/30/2014,229,3.52825
5/30/2014,230,3.5286
5/30/2014,231,3.52895
5/30/2014,232,3.5293
5/30/2014,233,3.52965
5/30/2014,234,3.53
5/30/2014,235,3.53035
5/30/2014,236,3.5307
5/30/2014,237,3.53105
5/30/2014,238,3.5314
5/30/2014,239,3.53175
5/30/2014,240,3.5321
5/30/2014,241,3.53245
5/30/2014,242,3.5328
5/30/2014,243,3.53315
5/30/2014,244,3.5335
5/30/2014,245,3.53385
5/30/2014,246,3.5342
5/30/2014,247,3.53455
5/30/2014,248,3.5349
5/30/2014,249,3.53525
5/30/2014,250,3.5356
5/30/2014,251,3.53595
5/30/2014,252,3.5363
5/30/2014,253,3.53665
5/30/2014,254,3.537
5/30/2014,255,3.53735
5/30/2014,256,3.5377
5/30/2014,257,3.53805
5/30/2014,258,3.5384
5/30/2014,259,3.53875
5/30/2014,260,3.5391
5/30/2014,261,3.53945
5/30/2014,262,3.5398
5/30/2014,263,3.54015
5/30/2014,264,3.5405
5/30/2014,265,3.54085
5/30/2014,266,3.5412
5/30/2014,267,3.54155
5/30/2014,268,3.5419
5/30/2014,269,3.54225
5/30/2014,270,3.5426
5/30/2014,271,3.54295
5/30/2014,272,3.5433
5/30/2014,273,3.54365
5/30/2014,274,3.544
5/30/2014,275,3.54435
5/30/2014,276,3.5447
5/30/2014,277,3.54505
5/30/2014,278,3.5454
5/30/2014,279,3.54575
5/30/2014,280,3.5461
5/30/2014,281,3.54645
5/30/2014,282,3.5468
5/30/2014,283,3.54715
5/30/2014,284,3.5475
5/30/2014,285,3.54785
5/30/2014,286,3.5482
5/30/2014,287,3.54855
5/30/2014,288,3.5489
5/30/2014,289,3.54925
5/30/2014,290,3.5496
5/30/2014,291,3.54995
5/30/2014,292,3.5503
5/30/2014,293,3.55065
5/30/2014,294,3.551
5/30/2014,295,3.55135
5/30/2014,296,3.5517
5/30/2014,297,3.55205
5/30/2014,298,3.5524
5/30/2014,299,3.55275
5/30/2014,300,3.5531
5/30/2014,301,3.55345
5/30/2014,302,3.5538
5/30/2014,303,3.55415
5/30/2014,304,3.5545
5/30/2014,305,3.55485
5/30/2014,306,3.5552
5/30/2014,307,3.55555
5/30/2014,308,3.5559
5/30/2014,309,3.55625
5/30/2014,310,3.5566
5/30/2014,311,3.55695
5/30/2014,312,3.5573
5/30/2014,313,3.55765
5/30/2014,314,3.558
5/30/2014,315,3.55835
5/30/2014,316,3.5587
5/30/2014,317,3.55905
5/30/2014,318,3.5594
5/30/2014,319,3.55975
5/30/2014,320,3.5601
5/30/2014,321,3.56045
5/30/2014,322,3.5608
5/30/2014,323,3.56115
5/30/2014,324,3.5615
5/30/2014,325,3.56185
5/30/2014,326,3.5622
5/30/2014,327,3.56255
5/30/2014,328,3.5629
5/30/2014,329,3.56325
5/30/2014,330,3.5636
5/30/2014,331,3.56395
5/30/2014,332,3.5643
5/30/2014,333,3.56465
5/30/2014,334,3.565
5/30/2014,335,3.56535
5/30/2014,336,3.5657
5/30/2014,337,3.56605
5/30/2014,338,3.5664
5/30/2014,339,3.56675
5/30/2014,340,3.5671
5/30/2014,341,3.56745
5/30/2014,342,3.5678
5/30/2014,343,3.56815
5/30/2014,344,3.5685
5/30/2014,345,3.56885
5/30/2014,346,3.5692
5/30/2014,347,3.56955
5/30/2014,348,3.5699
5/30/2014,349,3.57025
5/30/2014,350,3.5706
5/30/2014,351,3.57095
5/30/2014,352,3.5713
5/30/2014,353,3.57165
5/30/2014,354,3.572
5/30/2014,355,3.57235
5/30/2014,356,3.5727
5/30/2014,357,3.57305
5/30/2014,358,3.5734
5/30/2014,359,3.57375
5/30/2014,360,3.5741
5/30/2014,361,3.57445
5/30/2014,362,3.5748
5/30/2014,363,3.57515
5/30/2014,364,3.5755
5/30/2014,365,3.576508791
5/30/2014,366,3.577517582
5/30/2014,367,3.578526374
5/30/2014,368,3.579535165
5/30/2014,369,3.580543956
5/30/2014,370,3.581552747
5/30/2014,371,3.582561538
5/30/2014,372,3.58357033
5/30/2014,373,3.584579121
5/30/2014,374,3.585587912
5/30/2014,375,3.586596703
5/30/2014,376,3.587605495
5/30/2014,377,3.588614286
5/30/2014,378,3.589623077
5/30/2014,379,3.590631868
5/30/2014,380,3.591640659
5/30/2014,381,3.592649451
5/30/2014,382,3.593658242
5/30/2014,383,3.594667033
5/30/2014,384,3.595675824
5/30/2014,385,3.596684615
5/30/2014,386,3.597693407
5/30/2014,387,3.598702198
5/30/2014,388,3.599710989
5/30/2014,389,3.60071978
5/30/2014,390,3.601728571
5/30/2014,391,3.602737363
5/30/2014,392,3.603746154
5/30/2014,393,3.604754945
5/30/2014,394,3.605763736
5/30/2014,395,3.606772527
5/30/2014,396,3.607781319
5/30/2014,397,3.60879011
5/30/2014,398,3.609798901
5/30/2014,399,3.610807692
5/30/2014,400,3.611816484
5/30/2014,401,3.612825275
5/30/2014,402,3.613834066
5/30/2014,403,3.614842857
5/30/2014,404,3.615851648
5/30/2014,405,3.61686044
5/30/2014,406,3.617869231
5/30/2014,407,3.618878022
5/30/2014,408,3.619886813
5/30/2014,409,3.620895604
5/30/2014,410,3.621904396
5/30/2014,411,3.622913187
5/30/2014,412,3.623921978
5/30/2014,413,3.624930769
5/30/2014,414,3.62593956
5/30/2014,415,3.626948352
5/30/2014,416,3.627957143
5/30/2014,417,3.628965934
5/30/2014,418,3.629974725
5/30/2014,419,3.630983516
5/30/2014,420,3.631992308
5/30/2014,421,3.633001099
5/30/2014,422,3.63400989
5/30/2014,423,3.635018681
5/30/2014,424,3.636027473
5/30/2014,425,3.637036264
5/30/2014,426,3.638045055
5/30/2014,427,3.639053846
5/30/2014,428,3.640062637
5/30/2014,429,3.641071429
5/30/2014,430,3.64208022
5/30/2014,431,3.643089011
5/30/2014,432,3.644097802
5/30/2014,433,3.645106593
5/30/2014,434,3.646115385
5/30/2014,435,3.647124176
5/30/2014,436,3.648132967
5/30/2014,437,3.649141758
5/30/2014,438,3.650150549
5/30/2014,439,3.651159341
5/30/2014,440,3.652168132
5/30/2014,441,3.653176923
5/30/2014,442,3.654185714
5/30/2014,443,3.655194505
5/30/2014,444,3.656203297
5/30/2014,445,3.657212088
5/30/2014,446,3.658220879
5/30/2014,447,3.65922967
5/30/2014,448,3.660238462
5/30/2014,449,3.661247253
5/30/2014,450,3.662256044
5/30/2014,451,3.663264835
5/30/2014,452,3.664273626
5/30/2014,453,3.665282418
5/30/2014,454,3.666291209
5/30/2014,455,3.6673
5/30/2014,456,3.668308791
5/30/2014,457,3.669317582
5/30/2014,458,3.670326374
5/30/2014,459,3.671335165
5/30/2014,460,3.672343956
5/30/2014,461,3.673352747
5/30/2014,462,3.674361538
5/30/2014,463,3.67537033
5/30/2014,464,3.676379121
5/30/2014,465,3.677387912
5/30/2014,466,3.678396703
5/30/2014,467,3.679405495
5/30/2014,468,3.680414286
5/30/2014,469,3.681423077
5/30/2014,470,3.682431868
5/30/2014,471,3.683440659
5/30/2014,472,3.684449451
5/30/2014,473,3.685458242
5/30/2014,474,3.686467033
5/30/2014,475,3.687475824
5/30/2014,476,3.688484615
5/30/2014,477,3.689493407
5/30/2014,478,3.690502198
5/30/2014,479,3.691510989
5/30/2014,480,3.69251978
5/30/2014,481,3.693528571
5/30/2014,482,3.694537363
5/30/2014,483,3.695546154
5/30/2014,484,3.696554945
5/30/2014,485,3.697563736
5/30/2014,486,3.698572527
5/30/2014,487,3.699581319
5/30/2014,488,3.70059011
5/30/2014,489,3.701598901
5/30/2014,490,3.702607692
5/30/2014,491,3.703616484
5/30/2014,492,3.704625275
5/30/2014,493,3.705634066
5/30/2014,494,3.706642857
5/30/2014,495,3.707651648
5/30/2014,496,3.70866044
5/30/2014,497,3.709669231
5/30/2014,498,3.710678022
5/30/2014,499,3.711686813
5/30/2014,500,3.712695604
5/30/2014,501,3.713704396
5/30/2014,502,3.714713187
5/30/2014,503,3.715721978
5/30/2014,504,3.716730769
5/30/2014,505,3.71773956
5/30/2014,506,3.718748352
5/30/2014,507,3.719757143
5/30/2014,508,3.720765934
5/30/2014,509,3.721774725
5/30/2014,510,3.722783516
5/30/2014,511,3.723792308
5/30/2014,512,3.724801099
5/30/2014,513,3.72580989
5/30/2014,514,3.726818681
5/30/2014,515,3.727827473
5/30/2014,516,3.728836264
5/30/2014,517,3.729845055
5/30/2014,518,3.730853846
5/30/2014,519,3.731862637
5/30/2014,520,3.732871429
5/30/2014,521,3.73388022
5/30/2014,522,3.734889011
5/30/2014,523,3.735897802
5/30/2014,524,3.736906593
5/30/2014,525,3.737915385
5/30/2014,526,3.738924176
5/30/2014,527,3.739932967
5/30/2014,528,3.740941758
5/30/2014,529,3.741950549
5/30/2014,530,3.742959341
5/30/2014,531,3.743968132
5/30/2014,532,3.744976923
5/30/2014,533,3.745985714
5/30/2014,534,3.746994505
5/30/2014,535,3.748003297
5/30/2014,536,3.749012088
5/30/2014,537,3.750020879
5/30/2014,538,3.75102967
5/30/2014,539,3.752038462
5/30/2014,540,3.753047253
5/30/2014,541,3.754056044
5/30/2014,542,3.755064835
5/30/2014,543,3.756073626
5/30/2014,544,3.757082418
5/30/2014,545,3.758091209
5/30/2014,546,3.7591
5/30/2014,547,3.759706593
5/30/2014,548,3.760313187
5/30/2014,549,3.76091978
5/30/2014,550,3.761526374
5/30/2014,551,3.762132967
5/30/2014,552,3.76273956
5/30/2014,553,3.763346154
5/30/2014,554,3.763952747
5/30/2014,555,3.764559341
5/30/2014,556,3.765165934
5/30/2014,557,3.765772527
5/30/2014,558,3.766379121
5/30/2014,559,3.766985714
5/30/2014,560,3.767592308
5/30/2014,561,3.768198901
5/30/2014,562,3.768805495
5/30/2014,563,3.769412088
5/30/2014,564,3.770018681
5/30/2014,565,3.770625275
5/30/2014,566,3.771231868
5/30/2014,567,3.771838462
5/30/2014,568,3.772445055
5/30/2014,569,3.773051648
5/30/2014,570,3.773658242
5/30/2014,571,3.774264835
5/30/2014,572,3.774871429
5/30/2014,573,3.775478022
5/30/2014,574,3.776084615
5/30/2014,575,3.776691209
5/30/2014,576,3.777297802
5/30/2014,577,3.777904396
5/30/2014,578,3.778510989
5/30/2014,579,3.779117582
5/30/2014,580,3.779724176
5/30/2014,581,3.780330769
5/30/2014,582,3.780937363
5/30/2014,583,3.781543956
5/30/2014,584,3.782150549
5/30/2014,585,3.782757143
5/30/2014,586,3.783363736
5/30/2014,587,3.78397033
5/30/2014,588,3.784576923
5/30/2014,589,3.785183516
5/30/2014,590,3.78579011
5/30/2014,591,3.786396703
5/30/2014,592,3.787003297
5/30/2014,593,3.78760989
5/30/2014,594,3.788216484
5/30/2014,595,3.788823077
5/30/2014,596,3.78942967
5/30/2014,597,3.790036264
5/30/2014,598,3.790642857
5/30/2014,599,3.791249451
5/30/2014,600,3.791856044
5/30/2014,601,3.792462637
5/30/2014,602,3.793069231
5/30/2014,603,3.793675824
5/30/2014,604,3.794282418
5/30/2014,605,3.794889011
5/30/2014,606,3.795495604
5/30/2014,607,3.796102198
5/30/2014,608,3.796708791
5/30/2014,609,3.797315385
5/30/2014,610,3.797921978
5/30/2014,611,3.798528571
5/30/2014,612,3.799135165
5/30/2014,613,3.799741758
5/30/2014,614,3.800348352
5/30/2014,615,3.800954945
5/30/2014,616,3.801561538
5/30/2014,617,3.802168132
5/30/2014,618,3.802774725
5/30/2014,619,3.803381319
5/30/2014,620,3.803987912
5/30/2014,621,3.804594505
5/30/2014,622,3.805201099
5/30/2014,623,3.805807692
5/30/2014,624,3.806414286
5/30/2014,625,3.807020879
5/30/2014,626,3.807627473
5/30/2014,627,3.808234066
5/30/2014,628,3.808840659
5/30/2014,629,3.809447253
5/30/2014,630,3.810053846
5/30/2014,631,3.81066044
5/30/2014,632,3.811267033
5/30/2014,633,3.811873626
5/30/2014,634,3.81248022
5/30/2014,635,3.813086813
5/30/2014,636,3.813693407
5/30/2014,637,3.8143
5/30/2014,638,3.814906593
5/30/2014,639,3.815513187
5/30/2014,640,3.81611978
5/30/2014,641,3.816726374
5/30/2014,642,3.817332967
5/30/2014,643,3.81793956
5/30/2014,644,3.818546154
5/30/2014,645,3.819152747
5/30/2014,646,3.819759341
5/30/2014,647,3.820365934
5/30/2014,648,3.820972527
5/30/2014,649,3.821579121
5/30/2014,650,3.822185714
5/30/2014,651,3.822792308
5/30/2014,652,3.823398901
5/30/2014,653,3.824005495
5/30/2014,654,3.824612088
5/30/2014,655,3.825218681
5/30/2014,656,3.825825275
5/30/2014,657,3.826431868
5/30/2014,658,3.827038462
5/30/2014,659,3.827645055
5/30/2014,660,3.828251648
5/30/2014,661,3.828858242
5/30/2014,662,3.829464835
5/30/2014,663,3.830071429
5/30/2014,664,3.830678022
5/30/2014,665,3.831284615
5/30/2014,666,3.831891209
5/30/2014,667,3.832497802
5/30/2014,668,3.833104396
5/30/2014,669,3.833710989
5/30/2014,670,3.834317582
5/30/2014,671,3.834924176
5/30/2014,672,3.835530769
5/30/2014,673,3.836137363
5/30/2014,674,3.836743956
5/30/2014,675,3.837350549
5/30/2014,676,3.837957143
5/30/2014,677,3.838563736
5/30/2014,678,3.83917033
5/30/2014,679,3.839776923
5/30/2014,680,3.840383516
5/30/2014,681,3.84099011
5/30/2014,682,3.841596703
5/30/2014,683,3.842203297
5/30/2014,684,3.84280989
5/30/2014,685,3.843416484
5/30/2014,686,3.844023077
5/30/2014,687,3.84462967
5/30/2014,688,3.845236264
5/30/2014,689,3.845842857
5/30/2014,690,3.846449451
5/30/2014,691,3.847056044
5/30/2014,692,3.847662637
5/30/2014,693,3.848269231
5/30/2014,694,3.848875824
5/30/2014,695,3.849482418
5/30/2014,696,3.850089011
5/30/2014,697,3.850695604
5/30/2014,698,3.851302198
5/30/2014,699,3.851908791
5/30/2014,700,3.852515385
5/30/2014,701,3.853121978
5/30/2014,702,3.853728571
5/30/2014,703,3.854335165
5/30/2014,704,3.854941758
5/30/2014,705,3.855548352
5/30/2014,706,3.856154945
5/30/2014,707,3.856761538
5/30/2014,708,3.857368132
5/30/2014,709,3.857974725
5/30/2014,710,3.858581319
5/30/2014,711,3.859187912
5/30/2014,712,3.859794505
5/30/2014,713,3.860401099
5/30/2014,714,3.861007692
5/30/2014,715,3.861614286
5/30/2014,716,3.862220879
5/30/2014,717,3.862827473
5/30/2014,718,3.863434066
5/30/2014,719,3.864040659
5/30/2014,720,3.864647253
5/30/2014,721,3.865253846
5/30/2014,722,3.86586044
5/30/2014,723,3.866467033
5/30/2014,724,3.867073626
5/30/2014,725,3.86768022
5/30/2014,726,3.868286813
5/30/2014,727,3.868893407
5/30/2014,728,3.8695
5/30/2014,729,3.870469231
5/30/2014,730,3.871438462
5/30/2014,731,3.872407692
5/30/2014,732,3.873376923
5/30/2014,733,3.874346154
5/30/2014,734,3.875315385
5/30/2014,735,3.876284615
5/30/2014,736,3.877253846
5/30/2014,737,3.878223077
5/30/2014,738,3.879192308
5/30/2014,739,3.880161538
5/30/2014,740,3.881130769
5/30/2014,741,3.8821
5/30/2014,742,3.883069231
5/30/2014,743,3.884038462
5/30/2014,744,3.885007692
5/30/2014,745,3.885976923
5/30/2014,746,3.886946154
5/30/2014,747,3.887915385
5/30/2014,748,3.888884615
5/30/2014,749,3.889853846
5/30/2014,750,3.890823077
5/30/2014,751,3.891792308
5/30/2014,752,3.892761538
5/30/2014,753,3.893730769
5/30/2014,754,3.8947
5/30/2014,755,3.895669231
5/30/2014,756,3.896638462
5/30/2014,757,3.897607692
5/30/2014,758,3.898576923
5/30/2014,759,3.899546154
5/30/2014,760,3.900515385
5/30/2014,761,3.901484615
5/30/2014,762,3.902453846
5/30/2014,763,3.903423077
5/30/2014,764,3.904392308
5/30/2014,765,3.905361538
5/30/2014,766,3.906330769
5/30/2014,767,3.9073
5/30/2014,768,3.908269231
5/30/2014,769,3.909238462
5/30/2014,770,3.910207692
5/30/2014,771,3.911176923
5/30/2014,772,3.912146154
5/30/2014,773,3.913115385
5/30/2014,774,3.914084615
5/30/2014,775,3.915053846
5/30/2014,776,3.916023077
5/30/2014,777,3.916992308
5/30/2014,778,3.917961538
5/30/2014,779,3.918930769
5/30/2014,780,3.9199
5/30/2014,781,3.920869231
5/30/2014,782,3.921838462
5/30/2014,783,3.922807692
5/30/2014,784,3.923776923
5/30/2014,785,3.924746154
5/30/2014,786,3.925715385
5/30/2014,787,3.926684615
5/30/2014,788,3.927653846
5/30/2014,789,3.928623077
5/30/2014,790,3.929592308
5/30/2014,791,3.930561538
5/30/2014,792,3.931530769
5/30/2014,793,3.9325
5/30/2014,794,3.933469231
5/30/2014,795,3.934438462
5/30/2014,796,3.935407692
5/30/2014,797,3.936376923
5/30/2014,798,3.937346154
5/30/2014,799,3.938315385
5/30/2014,800,3.939284615
5/30/2014,801,3.940253846
5/30/2014,802,3.941223077
5/30/2014,803,3.942192308
5/30/2014,804,3.943161538
5/30/2014,805,3.944130769
5/30/2014,806,3.9451
5/30/2014,807,3.946069231
5/30/2014,808,3.947038462
5/30/2014,809,3.948007692
5/30/2014,810,3.948976923
5/30/2014,811,3.949946154
5/30/2014,812,3.950915385
5/30/2014,813,3.951884615
5/30/2014,814,3.952853846
5/30/2014,815,3.953823077
5/30/2014,816,3.954792308
5/30/2014,817,3.955761538
5/30/2014,818,3.956730769
5/30/2014,819,3.9577
5/30/2014,820,3.958669231
5/30/2014,821,3.959638462
5/30/2014,822,3.960607692
5/30/2014,823,3.961576923
5/30/2014,824,3.962546154
5/30/2014,825,3.963515385
5/30/2014,826,3.964484615
5/30/2014,827,3.965453846
5/30/2014,828,3.966423077
5/30/2014,829,3.967392308
5/30/2014,830,3.968361538
5/30/2014,831,3.969330769
5/30/2014,832,3.9703
5/30/2014,833,3.971269231
5/30/2014,834,3.972238462
5/30/2014,835,3.973207692
5/30/2014,836,3.974176923
5/30/2014,837,3.975146154
5/30/2014,838,3.976115385
5/30/2014,839,3.977084615
5/30/2014,840,3.978053846
5/30/2014,841,3.979023077
5/30/2014,842,3.979992308
5/30/2014,843,3.980961538
5/30/2014,844,3.981930769
5/30/2014,845,3.9829
5/30/2014,846,3.983869231
5/30/2014,847,3.984838462
5/30/2014,848,3.985807692
5/30/2014,849,3.986776923
5/30/2014,850,3.987746154
5/30/2014,851,3.988715385
5/30/2014,852,3.989684615
5/30/2014,853,3.990653846
5/30/2014,854,3.991623077
5/30/2014,855,3.992592308
5/30/2014,856,3.993561538
5/30/2014,857,3.994530769
5/30/2014,858,3.9955
5/30/2014,859,3.996469231
5/30/2014,860,3.997438462
5/30/2014,861,3.998407692
5/30/2014,862,3.999376923
5/30/2014,863,4.000346154
5/30/2014,864,4.001315385
5/30/2014,865,4.002284615
5/30/2014,866,4.003253846
5/30/2014,867,4.004223077
5/30/2014,868,4.005192308
5/30/2014,869,4.006161538
5/30/2014,870,4.007130769
5/30/2014,871,4.0081
5/30/2014,872,4.009069231
5/30/2014,873,4.010038462
5/30/2014,874,4.011007692
5/30/2014,875,4.011976923
5/30/2014,876,4.012946154
5/30/2014,877,4.013915385
5/30/2014,878,4.014884615
5/30/2014,879,4.015853846
5/30/2014,880,4.016823077
5/30/2014,881,4.017792308
5/30/2014,882,4.018761538
5/30/2014,883,4.019730769
5/30/2014,884,4.0207
5/30/2014,885,4.021669231
5/30/2014,886,4.022638462
5/30/2014,887,4.023607692
5/30/2014,888,4.024576923
5/30/2014,889,4.025546154
5/30/2014,890,4.026515385
5/30/2014,891,4.027484615
5/30/2014,892,4.028453846
5/30/2014,893,4.029423077
5/30/2014,894,4.030392308
5/30/2014,895,4.031361538
5/30/2014,896,4.032330769
5/30/2014,897,4.0333
5/30/2014,898,4.034269231
5/30/2014,899,4.035238462
5/30/2014,900,4.036207692
5/30/2014,901,4.037176923
5/30/2014,902,4.038146154
5/30/2014,903,4.039115385
5/30/2014,904,4.040084615
5/30/2014,905,4.041053846
5/30/2014,906,4.042023077
5/30/2014,907,4.042992308
5/30/2014,908,4.043961538
5/30/2014,909,4.044930769
5/30/2014,910,4.0459
5/30/2014,911,4.046854396
5/30/2014,912,4.047808791
5/30/2014,913,4.048763187
5/30/2014,914,4.049717582
5/30/2014,915,4.050671978
5/30/2014,916,4.051626374
5/30/2014,917,4.052580769
5/30/2014,918,4.053535165
5/30/2014,919,4.05448956
5/30/2014,920,4.055443956
5/30/2014,921,4.056398352
5/30/2014,922,4.057352747
5/30/2014,923,4.058307143
5/30/2014,924,4.059261538
5/30/2014,925,4.060215934
5/30/2014,926,4.06117033
5/30/2014,927,4.062124725
5/30/2014,928,4.063079121
5/30/2014,929,4.064033516
5/30/2014,930,4.064987912
5/30/2014,931,4.065942308
5/30/2014,932,4.066896703
5/30/2014,933,4.067851099
5/30/2014,934,4.068805495
5/30/2014,935,4.06975989
5/30/2014,936,4.070714286
5/30/2014,937,4.071668681
5/30/2014,938,4.072623077
5/30/2014,939,4.073577473
5/30/2014,940,4.074531868
5/30/2014,941,4.075486264
5/30/2014,942,4.076440659
5/30/2014,943,4.077395055
5/30/2014,944,4.078349451
5/30/2014,945,4.079303846
5/30/2014,946,4.080258242
5/30/2014,947,4.081212637
5/30/2014,948,4.082167033
5/30/2014,949,4.083121429
5/30/2014,950,4.084075824
5/30/2014,951,4.08503022
5/30/2014,952,4.085984615
5/30/2014,953,4.086939011
5/30/2014,954,4.087893407
5/30/2014,955,4.088847802
5/30/2014,956,4.089802198
5/30/2014,957,4.090756593
5/30/2014,958,4.091710989
5/30/2014,959,4.092665385
5/30/2014,960,4.09361978
5/30/2014,961,4.094574176
5/30/2014,962,4.095528571
5/30/2014,963,4.096482967
5/30/2014,964,4.097437363
5/30/2014,965,4.098391758
5/30/2014,966,4.099346154
5/30/2014,967,4.100300549
5/30/2014,968,4.101254945
5/30/2014,969,4.102209341
5/30/2014,970,4.103163736
5/30/2014,971,4.104118132
5/30/2014,972,4.105072527
5/30/2014,973,4.106026923
5/30/2014,974,4.106981319
5/30/2014,975,4.107935714
5/30/2014,976,4.10889011
5/30/2014,977,4.109844505
5/30/2014,978,4.110798901
5/30/2014,979,4.111753297
5/30/2014,980,4.112707692
5/30/2014,981,4.113662088
5/30/2014,982,4.114616484
5/30/2014,983,4.115570879
5/30/2014,984,4.116525275
5/30/2014,985,4.11747967
5/30/2014,986,4.118434066
5/30/2014,987,4.119388462
5/30/2014,988,4.120342857
5/30/2014,989,4.121297253
5/30/2014,990,4.122251648
5/30/2014,991,4.123206044
5/30/2014,992,4.12416044
5/30/2014,993,4.125114835
5/30/2014,994,4.126069231
5/30/2014,995,4.127023626
5/30/2014,996,4.127978022
5/30/2014,997,4.128932418
5/30/2014,998,4.129886813
5/30/2014,999,4.130841209
5/30/2014,1000,4.131795604
5/30/2014,1001,4.13275
5/30/2014,1002,4.133704396
5/30/2014,1003,4.134658791
5/30/2014,1004,4.135613187
5/30/2014,1005,4.136567582
5/30/2014,1006,4.137521978
5/30/2014,1007,4.138476374
5/30/2014,1008,4.139430769
5/30/2014,1009,4.140385165
5/30/2014,1010,4.14133956
5/30/2014,1011,4.142293956
5/30/2014,1012,4.143248352
5/30/2014,1013,4.144202747
5/30/2014,1014,4.145157143
5/30/2014,1015,4.146111538
5/30/2014,1016,4.147065934
5/30/2014,1017,4.14802033
5/30/2014,1018,4.148974725
5/30/2014,1019,4.149929121
5/30/2014,1020,4.150883516
5/30/2014,1021,4.151837912
5/30/2014,1022,4.152792308
5/30/2014,1023,4.153746703
5/30/2014,1024,4.154701099
5/30/2014,1025,4.155655495
5/30/2014,1026,4.15660989
5/30/2014,1027,4.157564286
5/30/2014,1028,4.158518681
5/30/2014,1029,4.159473077
5/30/2014,1030,4.160427473
5/30/2014,1031,4.161381868
5/30/2014,1032,4.162336264
5/30/2014,1033,4.163290659
5/30/2014,1034,4.164245055
5/30/2014,1035,4.165199451
5/30/2014,1036,4.166153846
5/30/2014,1037,4.167108242
5/30/2014,1038,4.168062637
5/30/2014,1039,4.169017033
5/30/2014,1040,4.169971429
5/30/2014,1041,4.170925824
5/30/2014,1042,4.17188022
5/30/2014,1043,4.172834615
5/30/2014,1044,4.173789011
5/30/2014,1045,4.174743407
5/30/2014,1046,4.175697802
5/30/2014,1047,4.176652198
5/30/2014,1048,4.177606593
5/30/2014,1049,4.178560989
5/30/2014,1050,4.179515385
5/30/2014,1051,4.18046978
5/30/2014,1052,4.181424176
5/30/2014,1053,4.182378571
5/30/2014,1054,4.183332967
5/30/2014,1055,4.184287363
5/30/2014,1056,4.185241758
5/30/2014,1057,4.186196154
5/30/2014,1058,4.187150549
5/30/2014,1059,4.188104945
5/30/2014,1060,4.189059341
5/30/2014,1061,4.190013736
5/30/2014,1062,4.190968132
5/30/2014,1063,4.191922527
5/30/2014,1064,4.192876923
5/30/2014,1065,4.193831319
5/30/2014,1066,4.194785714
5/30/2014,1067,4.19574011
5/30/2014,1068,4.196694505
5/30/2014,1069,4.197648901
5/30/2014,1070,4.198603297
5/30/2014,1071,4.199557692
5/30/2014,1072,4.200512088
5/30/2014,1073,4.201466484
5/30/2014,1074,4.202420879
5/30/2014,1075,4.203375275
5/30/2014,1076,4.20432967
5/30/2014,1077,4.205284066
5/30/2014,1078,4.206238462
5/30/2014,1079,4.207192857
5/30/2014,1080,4.208147253
5/30/2014,1081,4.209101648
5/30/2014,1082,4.210056044
5/30/2014,1083,4.21101044
5/30/2014,1084,4.211964835
5/30/2014,1085,4.212919231
5/30/2014,1086,4.213873626
5/30/2014,1087,4.214828022
5/30/2014,1088,4.215782418
5/30/2014,1089,4.216736813
5/30/2014,1090,4.217691209
5/30/2014,1091,4.218645604
5/30/2014,1092,4.2196
5/30/2014,1093,4.220871978
5/30/2014,1094,4.222143956
5/30/2014,1095,4.223415934
5/30/2014,1096,4.224687912
5/30/2014,1097,4.22595989
5/30/2014,1098,4.227231868
5/30/2014,1099,4.228503846
5/30/2014,1100,4.229775824
5/30/2014,1101,4.231047802
5/30/2014,1102,4.23231978
5/30/2014,1103,4.233591758
5/30/2014,1104,4.234863736
5/30/2014,1105,4.236135714
5/30/2014,1106,4.237407692
5/30/2014,1107,4.23867967
5/30/2014,1108,4.239951648
5/30/2014,1109,4.241223626
5/30/2014,1110,4.242495604
5/30/2014,1111,4.243767582
5/30/2014,1112,4.24503956
5/30/2014,1113,4.246311538
5/30/2014,1114,4.247583516
5/30/2014,1115,4.248855495
5/30/2014,1116,4.250127473
5/30/2014,1117,4.251399451
5/30/2014,1118,4.252671429
5/30/2014,1119,4.253943407
5/30/2014,1120,4.255215385
5/30/2014,1121,4.256487363
5/30/2014,1122,4.257759341
5/30/2014,1123,4.259031319
5/30/2014,1124,4.260303297
5/30/2014,1125,4.261575275
5/30/2014,1126,4.262847253
5/30/2014,1127,4.264119231
5/30/2014,1128,4.265391209
5/30/2014,1129,4.266663187
5/30/2014,1130,4.267935165
5/30/2014,1131,4.269207143
5/30/2014,1132,4.270479121
5/30/2014,1133,4.271751099
5/30/2014,1134,4.273023077
5/30/2014,1135,4.274295055
5/30/2014,1136,4.275567033
5/30/2014,1137,4.276839011
5/30/2014,1138,4.278110989
5/30/2014,1139,4.279382967
5/30/2014,1140,4.280654945
5/30/2014,1141,4.281926923
5/30/2014,1142,4.283198901
5/30/2014,1143,4.284470879
5/30/2014,1144,4.285742857
5/30/2014,1145,4.287014835
5/30/2014,1146,4.288286813
5/30/2014,1147,4.289558791
5/30/2014,1148,4.290830769
5/30/2014,1149,4.292102747
5/30/2014,1150,4.293374725
5/30/2014,1151,4.294646703
5/30/2014,1152,4.295918681
5/30/2014,1153,4.297190659
5/30/2014,1154,4.298462637
5/30/2014,1155,4.299734615
5/30/2014,1156,4.301006593
5/30/2014,1157,4.302278571
5/30/2014,1158,4.303550549
5/30/2014,1159,4.304822527
5/30/2014,1160,4.306094505
5/30/2014,1161,4.307366484
5/30/2014,1162,4.308638462
5/30/2014,1163,4.30991044
5/30/2014,1164,4.311182418
5/30/2014,1165,4.312454396
5/30/2014,1166,4.313726374
5/30/2014,1167,4.314998352
5/30/2014,1168,4.31627033
5/30/2014,1169,4.317542308
5/30/2014,1170,4.318814286
5/30/2014,1171,4.320086264
5/30/2014,1172,4.321358242
5/30/2014,1173,4.32263022
5/30/2014,1174,4.323902198
5/30/2014,1175,4.325174176
5/30/2014,1176,4.326446154
5/30/2014,1177,4.327718132
5/30/2014,1178,4.32899011
5/30/2014,1179,4.330262088
5/30/2014,1180,4.331534066
5/30/2014,1181,4.332806044
5/30/2014,1182,4.334078022
5/30/2014,1183,4.33535
5/30/2014,1184,4.336621978
5/30/2014,1185,4.337893956
5/30/2014,1186,4.339165934
5/30/2014,1187,4.340437912
5/30/2014,1188,4.34170989
5/30/2014,1189,4.342981868
5/30/2014,1190,4.344253846
5/30/2014,1191,4.345525824
5/30/2014,1192,4.346797802
5/30/2014,1193,4.34806978
5/30/2014,1194,4.349341758
5/30/2014,1195,4.350613736
5/30/2014,1196,4.351885714
5/30/2014,1197,4.353157692
5/30/2014,1198,4.35442967
5/30/2014,1199,4.355701648
5/30/2014,1200,4.356973626
5/30/2014,1201,4.358245604
5/30/2014,1202,4.359517582
5/30/2014,1203,4.36078956
5/30/2014,1204,4.362061538
5/30/2014,1205,4.363333516
5/30/2014,1206,4.364605495
5/30/2014,1207,4.365877473
5/30/2014,1208,4.367149451
5/30/2014,1209,4.368421429
5/30/2014,1210,4.369693407
5/30/2014,1211,4.370965385
5/30/2014,1212,4.372237363
5/30/2014,1213,4.373509341
5/30/2014,1214,4.374781319
5/30/2014,1215,4.376053297
5/30/2014,1216,4.377325275
5/30/2014,1217,4.378597253
5/30/2014,1218,4.379869231
5/30/2014,1219,4.381141209
5/30/2014,1220,4.382413187
5/30/2014,1221,4.383685165
5/30/2014,1222,4.384957143
5/30/2014,1223,4.386229121
5/30/2014,1224,4.387501099
5/30/2014,1225,4.388773077
5/30/2014,1226,4.390045055
5/30/2014,1227,4.391317033
5/30/2014,1228,4.392589011
5/30/2014,1229,4.393860989
5/30/2014,1230,4.395132967
5/30/2014,1231,4.396404945
5/30/2014,1232,4.397676923
5/30/2014,1233,4.398948901
5/30/2014,1234,4.400220879
5/30/2014,1235,4.401492857
5/30/2014,1236,4.402764835
5/30/2014,1237,4.404036813
5/30/2014,1238,4.405308791
5/30/2014,1239,4.406580769
5/30/2014,1240,4.407852747
5/30/2014,1241,4.409124725
5/30/2014,1242,4.410396703
5/30/2014,1243,4.411668681
5/30/2014,1244,4.412940659
5/30/2014,1245,4.414212637
5/30/2014,1246,4.415484615
5/30/2014,1247,4.416756593
5/30/2014,1248,4.418028571
5/30/2014,1249,4.419300549
5/30/2014,1250,4.420572527
5/30/2014,1251,4.421844505
5/30/2014,1252,4.423116484
5/30/2014,1253,4.424388462
5/30/2014,1254,4.42566044
5/30/2014,1255,4.426932418
5/30/2014,1256,4.428204396
5/30/2014,1257,4.429476374
5/30/2014,1258,4.430748352
5/30/2014,1259,4.43202033
5/30/2014,1260,4.433292308
5/30/2014,1261,4.434564286
5/30/2014,1262,4.435836264
5/30/2014,1263,4.437108242
5/30/2014,1264,4.43838022
5/30/2014,1265,4.439652198
5/30/2014,1266,4.440924176
5/30/2014,1267,4.442196154
5/30/2014,1268,4.443468132
5/30/2014,1269,4.44474011
5/30/2014,1270,4.446012088
5/30/2014,1271,4.447284066
5/30/2014,1272,4.448556044
5/30/2014,1273,4.449828022
5/30/2014,1274,4.4511
5/30/2014,1275,4.452489011
5/30/2014,1276,4.453878022
5/30/2014,1277,4.455267033
5/30/2014,1278,4.456656044
5/30/2014,1279,4.458045055
5/30/2014,1280,4.459434066
5/30/2014,1281,4.460823077
5/30/2014,1282,4.462212088
5/30/2014,1283,4.463601099
5/30/2014,1284,4.46499011
5/30/2014,1285,4.466379121
5/30/2014,1286,4.467768132
5/30/2014,1287,4.469157143
5/30/2014,1288,4.470546154
5/30/2014,1289,4.471935165
5/30/2014,1290,4.473324176
5/30/2014,1291,4.474713187
5/30/2014,1292,4.476102198
5/30/2014,1293,4.477491209
5/30/2014,1294,4.47888022
5/30/2014,1295,4.480269231
5/30/2014,1296,4.481658242
5/30/2014,1297,4.483047253
5/30/2014,1298,4.484436264
5/30/2014,1299,4.485825275
5/30/2014,1300,4.487214286
5/30/2014,1301,4.488603297
5/30/2014,1302,4.489992308
5/30/2014,1303,4.491381319
5/30/2014,1304,4.49277033
5/30/2014,1305,4.494159341
5/30/2014,1306,4.495548352
5/30/2014,1307,4.496937363
5/30/2014,1308,4.498326374
5/30/2014,1309,4.499715385
5/30/2014,1310,4.501104396
5/30/2014,1311,4.502493407
5/30/2014,1312,4.503882418
5/30/2014,1313,4.505271429
5/30/2014,1314,4.50666044
5/30/2014,1315,4.508049451
5/30/2014,1316,4.509438462
5/30/2014,1317,4.510827473
5/30/2014,1318,4.512216484
5/30/2014,1319,4.513605495
5/30/2014,1320,4.514994505
5/30/2014,1321,4.516383516
5/30/2014,1322,4.517772527
5/30/2014,1323,4.519161538
5/30/2014,1324,4.520550549
5/30/2014,1325,4.52193956
5/30/2014,1326,4.523328571
5/30/2014,1327,4.524717582
5/30/2014,1328,4.526106593
5/30/2014,1329,4.527495604
5/30/2014,1330,4.528884615
5/30/2014,1331,4.530273626
5/30/2014,1332,4.531662637
5/30/2014,1333,4.533051648
5/30/2014,1334,4.534440659
5/30/2014,1335,4.53582967
5/30/2014,1336,4.537218681
5/30/2014,1337,4.538607692
5/30/2014,1338,4.539996703
5/30/2014,1339,4.541385714
5/30/2014,1340,4.542774725
5/30/2014,1341,4.544163736
5/30/2014,1342,4.545552747
5/30/2014,1343,4.546941758
5/30/2014,1344,4.548330769
5/30/2014,1345,4.54971978
5/30/2014,1346,4.551108791
5/30/2014,1347,4.552497802
5/30/2014,1348,4.553886813
5/30/2014,1349,4.555275824
5/30/2014,1350,4.556664835
5/30/2014,1351,4.558053846
5/30/2014,1352,4.559442857
5/30/2014,1353,4.560831868
5/30/2014,1354,4.562220879
5/30/2014,1355,4.56360989
5/30/2014,1356,4.564998901
5/30/2014,1357,4.566387912
5/30/2014,1358,4.567776923
5/30/2014,1359,4.569165934
5/30/2014,1360,4.570554945
5/30/2014,1361,4.571943956
5/30/2014,1362,4.573332967
5/30/2014,1363,4.574721978
5/30/2014,1364,4.576110989
5/30/2014,1365,4.5775
5/30/2014,1366,4.578889011
5/30/2014,1367,4.580278022
5/30/2014,1368,4.581667033
5/30/2014,1369,4.583056044
5/30/2014,1370,4.584445055
5/30/2014,1371,4.585834066
5/30/2014,1372,4.587223077
5/30/2014,1373,4.588612088
5/30/2014,1374,4.590001099
5/30/2014,1375,4.59139011
5/30/2014,1376,4.592779121
5/30/2014,1377,4.594168132
5/30/2014,1378,4.595557143
5/30/2014,1379,4.596946154
5/30/2014,1380,4.598335165
5/30/2014,1381,4.599724176
5/30/2014,1382,4.601113187
5/30/2014,1383,4.602502198
5/30/2014,1384,4.603891209
5/30/2014,1385,4.60528022
5/30/2014,1386,4.606669231
5/30/2014,1387,4.608058242
5/30/2014,1388,4.609447253
5/30/2014,1389,4.610836264
5/30/2014,1390,4.612225275
5/30/2014,1391,4.613614286
5/30/2014,1392,4.615003297
5/30/2014,1393,4.616392308
5/30/2014,1394,4.617781319
5/30/2014,1395,4.61917033
5/30/2014,1396,4.620559341
5/30/2014,1397,4.621948352
5/30/2014,1398,4.623337363
5/30/2014,1399,4.624726374
5/30/2014,1400,4.626115385
5/30/2014,1401,4.627504396
5/30/2014,1402,4.628893407
5/30/2014,1403,4.630282418
5/30/2014,1404,4.631671429
5/30/2014,1405,4.63306044
5/30/2014,1406,4.634449451
5/30/2014,1407,4.635838462
5/30/2014,1408,4.637227473
5/30/2014,1409,4.638616484
5/30/2014,1410,4.640005495
5/30/2014,1411,4.641394505
5/30/2014,1412,4.642783516
5/30/2014,1413,4.644172527
5/30/2014,1414,4.645561538
5/30/2014,1415,4.646950549
5/30/2014,1416,4.64833956
5/30/2014,1417,4.649728571
5/30/2014,1418,4.651117582
5/30/2014,1419,4.652506593
5/30/2014,1420,4.653895604
5/30/2014,1421,4.655284615
5/30/2014,1422,4.656673626
5/30/2014,1423,4.658062637
5/30/2014,1424,4.659451648
5/30/2014,1425,4.660840659
5/30/2014,1426,4.66222967
5/30/2014,1427,4.663618681
5/30/2014,1428,4.665007692
5/30/2014,1429,4.666396703
5/30/2014,1430,4.667785714
5/30/2014,1431,4.669174725
5/30/2014,1432,4.670563736
5/30/2014,1433,4.671952747
5/30/2014,1434,4.673341758
5/30/2014,1435,4.674730769
5/30/2014,1436,4.67611978
5/30/2014,1437,4.677508791
5/30/2014,1438,4.678897802
5/30/2014,1439,4.680286813
5/30/2014,1440,4.681675824
5/30/2014,1441,4.683064835
5/30/2014,1442,4.684453846
5/30/2014,1443,4.685842857
5/30/2014,1444,4.687231868
5/30/2014,1445,4.688620879
5/30/2014,1446,4.69000989
5/30/2014,1447,4.691398901
5/30/2014,1448,4.692787912
5/30/2014,1449,4.694176923
5/30/2014,1450,4.695565934
5/30/2014,1451,4.696954945
5/30/2014,1452,4.698343956
5/30/2014,1453,4.699732967
5/30/2014,1454,4.701121978
5/30/2014,1455,4.702510989
5/30/2014,1456,4.7039
5/30/2014,1457,4.704552747
5/30/2014,1458,4.705205495
5/30/2014,1459,4.705858242
5/30/2014,1460,4.706510989
5/30/2014,1461,4.707163736
5/30/2014,1462,4.707816484
5/30/2014,1463,4.708469231
5/30/2014,1464,4.709121978
5/30/2014,1465,4.709774725
5/30/2014,1466,4.710427473
5/30/2014,1467,4.71108022
5/30/2014,1468,4.711732967
5/30/2014,1469,4.712385714
5/30/2014,1470,4.713038462
5/30/2014,1471,4.713691209
5/30/2014,1472,4.714343956
5/30/2014,1473,4.714996703
5/30/2014,1474,4.715649451
5/30/2014,1475,4.716302198
5/30/2014,1476,4.716954945
5/30/2014,1477,4.717607692
5/30/2014,1478,4.71826044
5/30/2014,1479,4.718913187
5/30/2014,1480,4.719565934
5/30/2014,1481,4.720218681
5/30/2014,1482,4.720871429
5/30/2014,1483,4.721524176
5/30/2014,1484,4.722176923
5/30/2014,1485,4.72282967
5/30/2014,1486,4.723482418
5/30/2014,1487,4.724135165
5/30/2014,1488,4.724787912
5/30/2014,1489,4.725440659
5/30/2014,1490,4.726093407
5/30/2014,1491,4.726746154
5/30/2014,1492,4.727398901
5/30/2014,1493,4.728051648
5/30/2014,1494,4.728704396
5/30/2014,1495,4.729357143
5/30/2014,1496,4.73000989
5/30/2014,1497,4.730662637
5/30/2014,1498,4.731315385
5/30/2014,1499,4.731968132
5/30/2014,1500,4.732620879
5/30/2014,1501,4.733273626
5/30/2014,1502,4.733926374
5/30/2014,1503,4.734579121
5/30/2014,1504,4.735231868
5/30/2014,1505,4.735884615
5/30/2014,1506,4.736537363
5/30/2014,1507,4.73719011
5/30/2014,1508,4.737842857
5/30/2014,1509,4.738495604
5/30/2014,1510,4.739148352
5/30/2014,1511,4.739801099
5/30/2014,1512,4.740453846
5/30/2014,1513,4.741106593
5/30/2014,1514,4.741759341
5/30/2014,1515,4.742412088
5/30/2014,1516,4.743064835
5/30/2014,1517,4.743717582
5/30/2014,1518,4.74437033
5/30/2014,1519,4.745023077
5/30/2014,1520,4.745675824
5/30/2014,1521,4.746328571
5/30/2014,1522,4.746981319
5/30/2014,1523,4.747634066
5/30/2014,1524,4.748286813
5/30/2014,1525,4.74893956
5/30/2014,1526,4.749592308
5/30/2014,1527,4.750245055
5/30/2014,1528,4.750897802
5/30/2014,1529,4.751550549
5/30/2014,1530,4.752203297
5/30/2014,1531,4.752856044
5/30/2014,1532,4.753508791
5/30/2014,1533,4.754161538
5/30/2014,1534,4.754814286
5/30/2014,1535,4.755467033
5/30/2014,1536,4.75611978
5/30/2014,1537,4.756772527
5/30/2014,1538,4.757425275
5/30/2014,1539,4.758078022
5/30/2014,1540,4.758730769
5/30/2014,1541,4.759383516
5/30/2014,1542,4.760036264
5/30/2014,1543,4.760689011
5/30/2014,1544,4.761341758
5/30/2014,1545,4.761994505
5/30/2014,1546,4.762647253
5/30/2014,1547,4.7633
5/30/2014,1548,4.763952747
5/30/2014,1549,4.764605495
5/30/2014,1550,4.765258242
5/30/2014,1551,4.765910989
5/30/2014,1552,4.766563736
5/30/2014,1553,4.767216484
5/30/2014,1554,4.767869231
5/30/2014,1555,4.768521978
5/30/2014,1556,4.769174725
5/30/2014,1557,4.769827473
5/30/2014,1558,4.77048022
5/30/2014,1559,4.771132967
5/30/2014,1560,4.771785714
5/30/2014,1561,4.772438462
5/30/2014,1562,4.773091209
5/30/2014,1563,4.773743956
5/30/2014,1564,4.774396703
5/30/2014,1565,4.775049451
5/30/2014,1566,4.775702198
5/30/2014,1567,4.776354945
5/30/2014,1568,4.777007692
5/30/2014,1569,4.77766044
5/30/2014,1570,4.778313187
5/30/2014,1571,4.778965934
5/30/2014,1572,4.779618681
5/30/2014,1573,4.780271429
5/30/2014,1574,4.780924176
5/30/2014,1575,4.781576923
5/30/2014,1576,4.78222967
5/30/2014,1577,4.782882418
5/30/2014,1578,4.783535165
5/30/2014,1579,4.784187912
5/30/2014,1580,4.784840659
5/30/2014,1581,4.785493407
5/30/2014,1582,4.786146154
5/30/2014,1583,4.786798901
5/30/2014,1584,4.787451648
5/30/2014,1585,4.788104396
5/30/2014,1586,4.788757143
5/30/2014,1587,4.78940989
5/30/2014,1588,4.790062637
5/30/2014,1589,4.790715385
5/30/2014,1590,4.791368132
5/30/2014,1591,4.792020879
5/30/2014,1592,4.792673626
5/30/2014,1593,4.793326374
5/30/2014,1594,4.793979121
5/30/2014,1595,4.794631868
5/30/2014,1596,4.795284615
5/30/2014,1597,4.795937363
5/30/2014,1598,4.79659011
5/30/2014,1599,4.797242857
5/30/2014,1600,4.797895604
5/30/2014,1601,4.798548352
5/30/2014,1602,4.799201099
5/30/2014,1603,4.799853846
5/30/2014,1604,4.800506593
5/30/2014,1605,4.801159341
5/30/2014,1606,4.801812088
5/30/2014,1607,4.802464835
5/30/2014,1608,4.803117582
5/30/2014,1609,4.80377033
5/30/2014,1610,4.804423077
5/30/2014,1611,4.805075824
5/30/2014,1612,4.805728571
5/30/2014,1613,4.806381319
5/30/2014,1614,4.807034066
5/30/2014,1615,4.807686813
5/30/2014,1616,4.80833956
5/30/2014,1617,4.808992308
5/30/2014,1618,4.809645055
5/30/2014,1619,4.810297802
5/30/2014,1620,4.810950549
5/30/2014,1621,4.811603297
5/30/2014,1622,4.812256044
5/30/2014,1623,4.812908791
5/30/2014,1624,4.813561538
5/30/2014,1625,4.814214286
5/30/2014,1626,4.814867033
5/30/2014,1627,4.81551978
5/30/2014,1628,4.816172527
5/30/2014,1629,4.816825275
5/30/2014,1630,4.817478022
5/30/2014,1631,4.818130769
5/30/2014,1632,4.818783516
5/30/2014,1633,4.819436264
5/30/2014,1634,4.820089011
5/30/2014,1635,4.820741758
5/30/2014,1636,4.821394505
5/30/2014,1637,4.822047253
5/30/2014,1638,4.8227
5/30/2014,1639,4.823425824
5/30/2014,1640,4.824151648
5/30/2014,1641,4.824877473
5/30/2014,1642,4.825603297
5/30/2014,1643,4.826329121
5/30/2014,1644,4.827054945
5/30/2014,1645,4.827780769
5/30/2014,1646,4.828506593
5/30/2014,1647,4.829232418
5/30/2014,1648,4.829958242
5/30/2014,1649,4.830684066
5/30/2014,1650,4.83140989
5/30/2014,1651,4.832135714
5/30/2014,1652,4.832861538
5/30/2014,1653,4.833587363
5/30/2014,1654,4.834313187
5/30/2014,1655,4.835039011
5/30/2014,1656,4.835764835
5/30/2014,1657,4.836490659
5/30/2014,1658,4.837216484
5/30/2014,1659,4.837942308
5/30/2014,1660,4.838668132
5/30/2014,1661,4.839393956
5/30/2014,1662,4.84011978
5/30/2014,1663,4.840845604
5/30/2014,1664,4.841571429
5/30/2014,1665,4.842297253
5/30/2014,1666,4.843023077
5/30/2014,1667,4.843748901
5/30/2014,1668,4.844474725
5/30/2014,1669,4.845200549
5/30/2014,1670,4.845926374
5/30/2014,1671,4.846652198
5/30/2014,1672,4.847378022
5/30/2014,1673,4.848103846
5/30/2014,1674,4.84882967
5/30/2014,1675,4.849555495
5/30/2014,1676,4.850281319
5/30/2014,1677,4.851007143
5/30/2014,1678,4.851732967
5/30/2014,1679,4.852458791
5/30/2014,1680,4.853184615
5/30/2014,1681,4.85391044
5/30/2014,1682,4.854636264
5/30/2014,1683,4.855362088
5/30/2014,1684,4.856087912
5/30/2014,1685,4.856813736
5/30/2014,1686,4.85753956
5/30/2014,1687,4.858265385
5/30/2014,1688,4.858991209
5/30/2014,1689,4.859717033
5/30/2014,1690,4.860442857
5/30/2014,1691,4.861168681
5/30/2014,1692,4.861894505
5/30/2014,1693,4.86262033
5/30/2014,1694,4.863346154
5/30/2014,1695,4.864071978
5/30/2014,1696,4.864797802
5/30/2014,1697,4.865523626
5/30/2014,1698,4.866249451
5/30/2014,1699,4.866975275
5/30/2014,1700,4.867701099
5/30/2014,1701,4.868426923
5/30/2014,1702,4.869152747
5/30/2014,1703,4.869878571
5/30/2014,1704,4.870604396
5/30/2014,1705,4.87133022
5/30/2014,1706,4.872056044
5/30/2014,1707,4.872781868
5/30/2014,1708,4.873507692
5/30/2014,1709,4.874233516
5/30/2014,1710,4.874959341
5/30/2014,1711,4.875685165
5/30/2014,1712,4.876410989
5/30/2014,1713,4.877136813
5/30/2014,1714,4.877862637
5/30/2014,1715,4.878588462
5/30/2014,1716,4.879314286
5/30/2014,1717,4.88004011
5/30/2014,1718,4.880765934
5/30/2014,1719,4.881491758
5/30/2014,1720,4.882217582
5/30/2014,1721,4.882943407
5/30/2014,1722,4.883669231
5/30/2014,1723,4.884395055
5/30/2014,1724,4.885120879
5/30/2014,1725,4.885846703
5/30/2014,1726,4.886572527
5/30/2014,1727,4.887298352
5/30/2014,1728,4.888024176
5/30/2014,1729,4.88875
5/30/2014,1730,4.889475824
5/30/2014,1731,4.890201648
5/30/2014,1732,4.890927473
5/30/2014,1733,4.891653297
5/30/2014,1734,4.892379121
5/30/2014,1735,4.893104945
5/30/2014,1736,4.893830769
5/30/2014,1737,4.894556593
5/30/2014,1738,4.895282418
5/30/2014,1739,4.896008242
5/30/2014,1740,4.896734066
5/30/2014,1741,4.89745989
5/30/2014,1742,4.898185714
5/30/2014,1743,4.898911538
5/30/2014,1744,4.899637363
5/30/2014,1745,4.900363187
5/30/2014,1746,4.901089011
5/30/2014,1747,4.901814835
5/30/2014,1748,4.902540659
5/30/2014,1749,4.903266484
5/30/2014,1750,4.903992308
5/30/2014,1751,4.904718132
5/30/2014,1752,4.905443956
5/30/2014,1753,4.90616978
5/30/2014,1754,4.906895604
5/30/2014,1755,4.907621429
5/30/2014,1756,4.908347253
5/30/2014,1757,4.909073077
5/30/2014,1758,4.909798901
5/30/2014,1759,4.910524725
5/30/2014,1760,4.911250549
5/30/2014,1761,4.911976374
5/30/2014,1762,4.912702198
5/30/2014,1763,4.913428022
5/30/2014,1764,4.914153846
5/30/2014,1765,4.91487967
5/30/2014,1766,4.915605495
5/30/2014,1767,4.916331319
5/30/2014,1768,4.917057143
5/30/2014,1769,4.917782967
5/30/2014,1770,4.918508791
5/30/2014,1771,4.919234615
5/30/2014,1772,4.91996044
5/30/2014,1773,4.920686264
5/30/2014,1774,4.921412088
5/30/2014,1775,4.922137912
5/30/2014,1776,4.922863736
5/30/2014,1777,4.92358956
5/30/2014,1778,4.924315385
5/30/2014,1779,4.925041209
5/30/2014,1780,4.925767033
5/30/2014,1781,4.926492857
5/30/2014,1782,4.927218681
5/30/2014,1783,4.927944505
5/30/2014,1784,4.92867033
5/30/2014,1785,4.929396154
5/30/2014,1786,4.930121978
5/30/2014,1787,4.930847802
5/30/2014,1788,4.931573626
5/30/2014,1789,4.932299451
5/30/2014,1790,4.933025275
5/30/2014,1791,4.933751099
5/30/2014,1792,4.934476923
5/30/2014,1793,4.935202747
5/30/2014,1794,4.935928571
5/30/2014,1795,4.936654396
5/30/2014,1796,4.93738022
5/30/2014,1797,4.938106044
5/30/2014,1798,4.938831868
5/30/2014,1799,4.939557692
5/30/2014,1800,4.940283516
5/30/2014,1801,4.941009341
5/30/2014,1802,4.941735165
5/30/2014,1803,4.942460989
5/30/2014,1804,4.943186813
5/30/2014,1805,4.943912637
5/30/2014,1806,4.944638462
5/30/2014,1807,4.945364286
5/30/2014,1808,4.94609011
5/30/2014,1809,4.946815934
5/30/2014,1810,4.947541758
5/30/2014,1811,4.948267582
5/30/2014,1812,4.948993407
5/30/2014,1813,4.949719231
5/30/2014,1814,4.950445055
5/30/2014,1815,4.951170879
5/30/2014,1816,4.951896703
5/30/2014,1817,4.952622527
5/30/2014,1818,4.953348352
5/30/2014,1819,4.954074176
5/30/2014,1820,4.9548
5/30/2014,1821,4.95554011
5/30/2014,1822,4.95628022
5/30/2014,1823,4.95702033
5/30/2014,1824,4.95776044
5/30/2014,1825,4.958500549
5/30/2014,1826,4.959240659
5/30/2014,1827,4.959980769
5/30/2014,1828,4.960720879
5/30/2014,1829,4.961460989
5/30/2014,1830,4.962201099
5/30/2014,1831,4.962941209
5/30/2014,1832,4.963681319
5/30/2014,1833,4.964421429
5/30/2014,1834,4.965161538
5/30/2014,1835,4.965901648
5/30/2014,1836,4.966641758
5/30/2014,1837,4.967381868
5/30/2014,1838,4.968121978
5/30/2014,1839,4.968862088
5/30/2014,1840,4.969602198
5/30/2014,1841,4.970342308
5/30/2014,1842,4.971082418
5/30/2014,1843,4.971822527
5/30/2014,1844,4.972562637
5/30/2014,1845,4.973302747
5/30/2014,1846,4.974042857
5/30/2014,1847,4.974782967
5/30/2014,1848,4.975523077
5/30/2014,1849,4.976263187
5/30/2014,1850,4.977003297
5/30/2014,1851,4.977743407
5/30/2014,1852,4.978483516
5/30/2014,1853,4.979223626
5/30/2014,1854,4.979963736
5/30/2014,1855,4.980703846
5/30/2014,1856,4.981443956
5/30/2014,1857,4.982184066
5/30/2014,1858,4.982924176
5/30/2014,1859,4.983664286
5/30/2014,1860,4.984404396
5/30/2014,1861,4.985144505
5/30/2014,1862,4.985884615
5/30/2014,1863,4.986624725
5/30/2014,1864,4.987364835
5/30/2014,1865,4.988104945
5/30/2014,1866,4.988845055
5/30/2014,1867,4.989585165
5/30/2014,1868,4.990325275
5/30/2014,1869,4.991065385
5/30/2014,1870,4.991805495
5/30/2014,1871,4.992545604
5/30/2014,1872,4.993285714
5/30/2014,1873,4.994025824
5/30/2014,1874,4.994765934
5/30/2014,1875,4.995506044
5/30/2014,1876,4.996246154
5/30/2014,1877,4.996986264
5/30/2014,1878,4.997726374
5/30/2014,1879,4.998466484
5/30/2014,1880,4.999206593
5/30/2014,1881,4.999946703
5/30/2014,1882,5.000686813
5/30/2014,1883,5.001426923
5/30/2014,1884,5.002167033
5/30/2014,1885,5.002907143
5/30/2014,1886,5.003647253
5/30/2014,1887,5.004387363
5/30/2014,1888,5.005127473
5/30/2014,1889,5.005867582
5/30/2014,1890,5.006607692
5/30/2014,1891,5.007347802
5/30/2014,1892,5.008087912
5/30/2014,1893,5.008828022
5/30/2014,1894,5.009568132
5/30/2014,1895,5.010308242
5/30/2014,1896,5.011048352
5/30/2014,1897,5.011788462
5/30/2014,1898,5.012528571
5/30/2014,1899,5.013268681
5/30/2014,1900,5.014008791
5/30/2014,1901,5.014748901
5/30/2014,1902,5.015489011
5/30/2014,1903,5.016229121
5/30/2014,1904,5.016969231
5/30/2014,1905,5.017709341
5/30/2014,1906,5.018449451
5/30/2014,1907,5.01918956
5/30/2014,1908,5.01992967
5/30/2014,1909,5.02066978
5/30/2014,1910,5.02140989
5/30/2014,1911,5.02215
5/30/2014,1912,5.02289011
5/30/2014,1913,5.02363022
5/30/2014,1914,5.02437033
5/30/2014,1915,5.02511044
5/30/2014,1916,5.025850549
5/30/2014,1917,5.026590659
5/30/2014,1918,5.027330769
5/30/2014,1919,5.028070879
5/30/2014,1920,5.028810989
5/30/2014,1921,5.029551099
5/30/2014,1922,5.030291209
5/30/2014,1923,5.031031319
5/30/2014,1924,5.031771429
5/30/2014,1925,5.032511538
5/30/2014,1926,5.033251648
5/30/2014,1927,5.033991758
5/30/2014,1928,5.034731868
5/30/2014,1929,5.035471978
5/30/2014,1930,5.036212088
5/30/2014,1931,5.036952198
5/30/2014,1932,5.037692308
5/30/2014,1933,5.038432418
5/30/2014,1934,5.039172527
5/30/2014,1935,5.039912637
5/30/2014,1936,5.040652747
5/30/2014,1937,5.041392857
5/30/2014,1938,5.042132967
5/30/2014,1939,5.042873077
5/30/2014,1940,5.043613187
5/30/2014,1941,5.044353297
5/30/2014,1942,5.045093407
5/30/2014,1943,5.045833516
5/30/2014,1944,5.046573626
5/30/2014,1945,5.047313736
5/30/2014,1946,5.048053846
5/30/2014,1947,5.048793956
5/30/2014,1948,5.049534066
5/30/2014,1949,5.050274176
5/30/2014,1950,5.051014286
5/30/2014,1951,5.051754396
5/30/2014,1952,5.052494505
5/30/2014,1953,5.053234615
5/30/2014,1954,5.053974725
5/30/2014,1955,5.054714835
5/30/2014,1956,5.055454945
5/30/2014,1957,5.056195055
5/30/2014,1958,5.056935165
5/30/2014,1959,5.057675275
5/30/2014,1960,5.058415385
5/30/2014,1961,5.059155495
5/30/2014,1962,5.059895604
5/30/2014,1963,5.060635714
5/30/2014,1964,5.061375824
5/30/2014,1965,5.062115934
5/30/2014,1966,5.062856044
5/30/2014,1967,5.063596154
5/30/2014,1968,5.064336264
5/30/2014,1969,5.065076374
5/30/2014,1970,5.065816484
5/30/2014,1971,5.066556593
5/30/2014,1972,5.067296703
5/30/2014,1973,5.068036813
5/30/2014,1974,5.068776923
5/30/2014,1975,5.069517033
5/30/2014,1976,5.070257143
5/30/2014,1977,5.070997253
5/30/2014,1978,5.071737363
5/30/2014,1979,5.072477473
5/30/2014,1980,5.073217582
5/30/2014,1981,5.073957692
5/30/2014,1982,5.074697802
5/30/2014,1983,5.075437912
5/30/2014,1984,5.076178022
5/30/2014,1985,5.076918132
5/30/2014,1986,5.077658242
5/30/2014,1987,5.078398352
5/30/2014,1988,5.079138462
5/30/2014,1989,5.079878571
5/30/2014,1990,5.080618681
5/30/2014,1991,5.081358791
5/30/2014,1992,5.082098901
5/30/2014,1993,5.082839011
5/30/2014,1994,5.083579121
5/30/2014,1995,5.084319231
5/30/2014,1996,5.085059341
5/30/2014,1997,5.085799451
5/30/2014,1998,5.08653956
5/30/2014,1999,5.08727967
5/30/2014,2000,5.08801978
5/30/2014,2001,5.08875989
5/30/2014,2002,5.0895
5/30/2014,2003,5.090195055
5/30/2014,2004,5.09089011
5/30/2014,2005,5.091585165
5/30/2014,2006,5.09228022
5/30/2014,2007,5.092975275
5/30/2014,2008,5.09367033
5/30/2014,2009,5.094365385
5/30/2014,2010,5.09506044
5/30/2014,2011,5.095755495
5/30/2014,2012,5.096450549
5/30/2014,2013,5.097145604
5/30/2014,2014,5.097840659
5/30/2014,2015,5.098535714
5/30/2014,2016,5.099230769
5/30/2014,2017,5.099925824
5/30/2014,2018,5.100620879
5/30/2014,2019,5.101315934
5/30/2014,2020,5.102010989
5/30/2014,2021,5.102706044
5/30/2014,2022,5.103401099
5/30/2014,2023,5.104096154
5/30/2014,2024,5.104791209
5/30/2014,2025,5.105486264
5/30/2014,2026,5.106181319
5/30/2014,2027,5.106876374
5/30/2014,2028,5.107571429
5/30/2014,2029,5.108266484
5/30/2014,2030,5.108961538
5/30/2014,2031,5.109656593
5/30/2014,2032,5.110351648
5/30/2014,2033,5.111046703
5/30/2014,2034,5.111741758
5/30/2014,2035,5.112436813
5/30/2014,2036,5.113131868
5/30/2014,2037,5.113826923
5/30/2014,2038,5.114521978
5/30/2014,2039,5.115217033
5/30/2014,2040,5.115912088
5/30/2014,2041,5.116607143
5/30/2014,2042,5.117302198
5/30/2014,2043,5.117997253
5/30/2014,2044,5.118692308
5/30/2014,2045,5.119387363
5/30/2014,2046,5.120082418
5/30/2014,2047,5.120777473
5/30/2014,2048,5.121472527
5/30/2014,2049,5.122167582
5/30/2014,2050,5.122862637
5/30/2014,2051,5.123557692
5/30/2014,2052,5.124252747
5/30/2014,2053,5.124947802
5/30/2014,2054,5.125642857
5/30/2014,2055,5.126337912
5/30/2014,2056,5.127032967
5/30/2014,2057,5.127728022
5/30/2014,2058,5.128423077
5/30/2014,2059,5.129118132
5/30/2014,2060,5.129813187
5/30/2014,2061,5.130508242
5/30/2014,2062,5.131203297
5/30/2014,2063,5.131898352
5/30/2014,2064,5.132593407
5/30/2014,2065,5.133288462
5/30/2014,2066,5.133983516
5/30/2014,2067,5.134678571
5/30/2014,2068,5.135373626
5/30/2014,2069,5.136068681
5/30/2014,2070,5.136763736
5/30/2014,2071,5.137458791
5/30/2014,2072,5.138153846
5/30/2014,2073,5.138848901
5/30/2014,2074,5.139543956
5/30/2014,2075,5.140239011
5/30/2014,2076,5.140934066
5/30/2014,2077,5.141629121
5/30/2014,2078,5.142324176
5/30/2014,2079,5.143019231
5/30/2014,2080,5.143714286
5/30/2014,2081,5.144409341
5/30/2014,2082,5.145104396
5/30/2014,2083,5.145799451
5/30/2014,2084,5.146494505
5/30/2014,2085,5.14718956
5/30/2014,2086,5.147884615
5/30/2014,2087,5.14857967
5/30/2014,2088,5.149274725
5/30/2014,2089,5.14996978
5/30/2014,2090,5.150664835
5/30/2014,2091,5.15135989
5/30/2014,2092,5.152054945
5/30/2014,2093,5.15275
5/30/2014,2094,5.153445055
5/30/2014,2095,5.15414011
5/30/2014,2096,5.154835165
5/30/2014,2097,5.15553022
5/30/2014,2098,5.156225275
5/30/2014,2099,5.15692033
5/30/2014,2100,5.157615385
5/30/2014,2101,5.15831044
5/30/2014,2102,5.159005495
5/30/2014,2103,5.159700549
5/30/2014,2104,5.160395604
5/30/2014,2105,5.161090659
5/30/2014,2106,5.161785714
5/30/2014,2107,5.162480769
5/30/2014,2108,5.163175824
5/30/2014,2109,5.163870879
5/30/2014,2110,5.164565934
5/30/2014,2111,5.165260989
5/30/2014,2112,5.165956044
5/30/2014,2113,5.166651099
5/30/2014,2114,5.167346154
5/30/2014,2115,5.168041209
5/30/2014,2116,5.168736264
5/30/2014,2117,5.169431319
5/30/2014,2118,5.170126374
5/30/2014,2119,5.170821429
5/30/2014,2120,5.171516484
5/30/2014,2121,5.172211538
5/30/2014,2122,5.172906593
5/30/2014,2123,5.173601648
5/30/2014,2124,5.174296703
5/30/2014,2125,5.174991758
5/30/2014,2126,5.175686813
5/30/2014,2127,5.176381868
5/30/2014,2128,5.177076923
5/30/2014,2129,5.177771978
5/30/2014,2130,5.178467033
5/30/2014,2131,5.179162088
5/30/2014,2132,5.179857143
5/30/2014,2133,5.180552198
5/30/2014,2134,5.181247253
5/30/2014,2135,5.181942308
5/30/2014,2136,5.182637363
5/30/2014,2137,5.183332418
5/30/2014,2138,5.184027473
5/30/2014,2139,5.184722527
5/30/2014,2140,5.185417582
5/30/2014,2141,5.186112637
5/30/2014,2142,5.186807692
5/30/2014,2143,5.187502747
5/30/2014,2144,5.188197802
5/30/2014,2145,5.188892857
5/30/2014,2146,5.189587912
5/30/2014,2147,5.190282967
5/30/2014,2148,5.190978022
5/30/2014,2149,5.191673077
5/30/2014,2150,5.192368132
5/30/2014,2151,5.193063187
5/30/2014,2152,5.193758242
5/30/2014,2153,5.194453297
5/30/2014,2154,5.195148352
5/30/2014,2155,5.195843407
5/30/2014,2156,5.196538462
5/30/2014,2157,5.197233516
5/30/2014,2158,5.197928571
5/30/2014,2159,5.198623626
5/30/2014,2160,5.199318681
5/30/2014,2161,5.200013736
5/30/2014,2162,5.200708791
5/30/2014,2163,5.201403846
5/30/2014,2164,5.202098901
5/30/2014,2165,5.202793956
5/30/2014,2166,5.203489011
5/30/2014,2167,5.204184066
5/30/2014,2168,5.204879121
5/30/2014,2169,5.205574176
5/30/2014,2170,5.206269231
5/30/2014,2171,5.206964286
5/30/2014,2172,5.207659341
5/30/2014,2173,5.208354396
5/30/2014,2174,5.209049451
5/30/2014,2175,5.209744505
5/30/2014,2176,5.21043956
5/30/2014,2177,5.211134615
5/30/2014,2178,5.21182967
5/30/2014,2179,5.212524725
5/30/2014,2180,5.21321978
5/30/2014,2181,5.213914835
5/30/2014,2182,5.21460989
5/30/2014,2183,5.215304945
5/30/2014,2184,5.216
5/30/2014,2185,5.216459341
5/30/2014,2186,5.216918681
5/30/2014,2187,5.217378022
5/30/2014,2188,5.217837363
5/30/2014,2189,5.218296703
5/30/2014,2190,5.218756044
5/30/2014,2191,5.219215385
5/30/2014,2192,5.219674725
5/30/2014,2193,5.220134066
5/30/2014,2194,5.220593407
5/30/2014,2195,5.221052747
5/30/2014,2196,5.221512088
5/30/2014,2197,5.221971429
5/30/2014,2198,5.222430769
5/30/2014,2199,5.22289011
5/30/2014,2200,5.223349451
5/30/2014,2201,5.223808791
5/30/2014,2202,5.224268132
5/30/2014,2203,5.224727473
5/30/2014,2204,5.225186813
5/30/2014,2205,5.225646154
5/30/2014,2206,5.226105495
5/30/2014,2207,5.226564835
5/30/2014,2208,5.227024176
5/30/2014,2209,5.227483516
5/30/2014,2210,5.227942857
5/30/2014,2211,5.228402198
5/30/2014,2212,5.228861538
5/30/2014,2213,5.229320879
5/30/2014,2214,5.22978022
5/30/2014,2215,5.23023956
5/30/2014,2216,5.230698901
5/30/2014,2217,5.231158242
5/30/2014,2218,5.231617582
5/30/2014,2219,5.232076923
5/30/2014,2220,5.232536264
5/30/2014,2221,5.232995604
5/30/2014,2222,5.233454945
5/30/2014,2223,5.233914286
5/30/2014,2224,5.234373626
5/30/2014,2225,5.234832967
5/30/2014,2226,5.235292308
5/30/2014,2227,5.235751648
5/30/2014,2228,5.236210989
5/30/2014,2229,5.23667033
5/30/2014,2230,5.23712967
5/30/2014,2231,5.237589011
5/30/2014,2232,5.238048352
5/30/2014,2233,5.238507692
5/30/2014,2234,5.238967033
5/30/2014,2235,5.239426374
5/30/2014,2236,5.239885714
5/30/2014,2237,5.240345055
5/30/2014,2238,5.240804396
5/30/2014,2239,5.241263736
5/30/2014,2240,5.241723077
5/30/2014,2241,5.242182418
5/30/2014,2242,5.242641758
5/30/2014,2243,5.243101099
5/30/2014,2244,5.24356044
5/30/2014,2245,5.24401978
5/30/2014,2246,5.244479121
5/30/2014,2247,5.244938462
5/30/2014,2248,5.245397802
5/30/2014,2249,5.245857143
5/30/2014,2250,5.246316484
5/30/2014,2251,5.246775824
5/30/2014,2252,5.247235165
5/30/2014,2253,5.247694505
5/30/2014,2254,5.248153846
5/30/2014,2255,5.248613187
5/30/2014,2256,5.249072527
5/30/2014,2257,5.249531868
5/30/2014,2258,5.249991209
5/30/2014,2259,5.250450549
5/30/2014,2260,5.25090989
5/30/2014,2261,5.251369231
5/30/2014,2262,5.251828571
5/30/2014,2263,5.252287912
5/30/2014,2264,5.252747253
5/30/2014,2265,5.253206593
5/30/2014,2266,5.253665934
5/30/2014,2267,5.254125275
5/30/2014,2268,5.254584615
5/30/2014,2269,5.255043956
5/30/2014,2270,5.255503297
5/30/2014,2271,5.255962637
5/30/2014,2272,5.256421978
5/30/2014,2273,5.256881319
5/30/2014,2274,5.257340659
5/30/2014,2275,5.2578
5/30/2014,2276,5.258259341
5/30/2014,2277,5.258718681
5/30/2014,2278,5.259178022
5/30/2014,2279,5.259637363
5/30/2014,2280,5.260096703
5/30/2014,2281,5.260556044
5/30/2014,2282,5.261015385
5/30/2014,2283,5.261474725
5/30/2014,2284,5.261934066
5/30/2014,2285,5.262393407
5/30/2014,2286,5.262852747
5/30/2014,2287,5.263312088
5/30/2014,2288,5.263771429
5/30/2014,2289,5.264230769
5/30/2014,2290,5.26469011
5/30/2014,2291,5.265149451
5/30/2014,2292,5.265608791
5/30/2014,2293,5.266068132
5/30/2014,2294,5.266527473
5/30/2014,2295,5.266986813
5/30/2014,2296,5.267446154
5/30/2014,2297,5.267905495
5/30/2014,2298,5.268364835
5/30/2014,2299,5.268824176
5/30/2014,2300,5.269283516
5/30/2014,2301,5.269742857
5/30/2014,2302,5.270202198
5/30/2014,2303,5.270661538
5/30/2014,2304,5.271120879
5/30/2014,2305,5.27158022
5/30/2014,2306,5.27203956
5/30/2014,2307,5.272498901
5/30/2014,2308,5.272958242
5/30/2014,2309,5.273417582
5/30/2014,2310,5.273876923
5/30/2014,2311,5.274336264
5/30/2014,2312,5.274795604
5/30/2014,2313,5.275254945
5/30/2014,2314,5.275714286
5/30/2014,2315,5.276173626
5/30/2014,2316,5.276632967
5/30/2014,2317,5.277092308
5/30/2014,2318,5.277551648
5/30/2014,2319,5.278010989
5/30/2014,2320,5.27847033
5/30/2014,2321,5.27892967
5/30/2014,2322,5.279389011
5/30/2014,2323,5.279848352
5/30/2014,2324,5.280307692
5/30/2014,2325,5.280767033
5/30/2014,2326,5.281226374
5/30/2014,2327,5.281685714
5/30/2014,2328,5.282145055
5/30/2014,2329,5.282604396
5/30/2014,2330,5.283063736
5/30/2014,2331,5.283523077
5/30/2014,2332,5.283982418
5/30/2014,2333,5.284441758
5/30/2014,2334,5.284901099
5/30/2014,2335,5.28536044
5/30/2014,2336,5.28581978
5/30/2014,2337,5.286279121
5/30/2014,2338,5.286738462
5/30/2014,2339,5.287197802
5/30/2014,2340,5.287657143
5/30/2014,2341,5.288116484
5/30/2014,2342,5.288575824
5/30/2014,2343,5.289035165
5/30/2014,2344,5.289494505
5/30/2014,2345,5.289953846
5/30/2014,2346,5.290413187
5/30/2014,2347,5.290872527
5/30/2014,2348,5.291331868
5/30/2014,2349,5.291791209
5/30/2014,2350,5.292250549
5/30/2014,2351,5.29270989
5/30/2014,2352,5.293169231
5/30/2014,2353,5.293628571
5/30/2014,2354,5.294087912
5/30/2014,2355,5.294547253
5/30/2014,2356,5.295006593
5/30/2014,2357,5.295465934
5/30/2014,2358,5.295925275
5/30/2014,2359,5.296384615
5/30/2014,2360,5.296843956
5/30/2014,2361,5.297303297
5/30/2014,2362,5.297762637
5/30/2014,2363,5.298221978
5/30/2014,2364,5.298681319
5/30/2014,2365,5.299140659
5/30/2014,2366,5.2996
5/30/2014,2367,5.300159341
5/30/2014,2368,5.300718681
5/30/2014,2369,5.301278022
5/30/2014,2370,5.301837363
5/30/2014,2371,5.302396703
5/30/2014,2372,5.302956044
5/30/2014,2373,5.303515385
5/30/2014,2374,5.304074725
5/30/2014,2375,5.304634066
5/30/2014,2376,5.305193407
5/30/2014,2377,5.305752747
5/30/2014,2378,5.306312088
5/30/2014,2379,5.306871429
5/30/2014,2380,5.307430769
5/30/2014,2381,5.30799011
5/30/2014,2382,5.308549451
5/30/2014,2383,5.309108791
5/30/2014,2384,5.309668132
5/30/2014,2385,5.310227473
5/30/2014,2386,5.310786813
5/30/2014,2387,5.311346154
5/30/2014,2388,5.311905495
5/30/2014,2389,5.312464835
5/30/2014,2390,5.313024176
5/30/2014,2391,5.313583516
5/30/2014,2392,5.314142857
5/30/2014,2393,5.314702198
5/30/2014,2394,5.315261538
5/30/2014,2395,5.315820879
5/30/2014,2396,5.31638022
5/30/2014,2397,5.31693956
5/30/2014,2398,5.317498901
5/30/2014,2399,5.318058242
5/30/2014,2400,5.318617582
5/30/2014,2401,5.319176923
5/30/2014,2402,5.319736264
5/30/2014,2403,5.320295604
5/30/2014,2404,5.320854945
5/30/2014,2405,5.321414286
5/30/2014,2406,5.321973626
5/30/2014,2407,5.322532967
5/30/2014,2408,5.323092308
5/30/2014,2409,5.323651648
5/30/2014,2410,5.324210989
5/30/2014,2411,5.32477033
5/30/2014,2412,5.32532967
5/30/2014,2413,5.325889011
5/30/2014,2414,5.326448352
5/30/2014,2415,5.327007692
5/30/2014,2416,5.327567033
5/30/2014,2417,5.328126374
5/30/2014,2418,5.328685714
5/30/2014,2419,5.329245055
5/30/2014,2420,5.329804396
5/30/2014,2421,5.330363736
5/30/2014,2422,5.330923077
5/30/2014,2423,5.331482418
5/30/2014,2424,5.332041758
5/30/2014,2425,5.332601099
5/30/2014,2426,5.33316044
5/30/2014,2427,5.33371978
5/30/2014,2428,5.334279121
5/30/2014,2429,5.334838462
5/30/2014,2430,5.335397802
5/30/2014,2431,5.335957143
5/30/2014,2432,5.336516484
5/30/2014,2433,5.337075824
5/30/2014,2434,5.337635165
5/30/2014,2435,5.338194505
5/30/2014,2436,5.338753846
5/30/2014,2437,5.339313187
5/30/2014,2438,5.339872527
5/30/2014,2439,5.340431868
5/30/2014,2440,5.340991209
5/30/2014,2441,5.341550549
5/30/2014,2442,5.34210989
5/30/2014,2443,5.342669231
5/30/2014,2444,5.343228571
5/30/2014,2445,5.343787912
5/30/2014,2446,5.344347253
5/30/2014,2447,5.344906593
5/30/2014,2448,5.345465934
5/30/2014,2449,5.346025275
5/30/2014,2450,5.346584615
5/30/2014,2451,5.347143956
5/30/2014,2452,5.347703297
5/30/2014,2453,5.348262637
5/30/2014,2454,5.348821978
5/30/2014,2455,5.349381319
5/30/2014,2456,5.349940659
5/30/2014,2457,5.3505
5/30/2014,2458,5.351059341
5/30/2014,2459,5.351618681
5/30/2014,2460,5.352178022
5/30/2014,2461,5.352737363
5/30/2014,2462,5.353296703
5/30/2014,2463,5.353856044
5/30/2014,2464,5.354415385
5/30/2014,2465,5.354974725
5/30/2014,2466,5.355534066
5/30/2014,2467,5.356093407
5/30/2014,2468,5.356652747
5/30/2014,2469,5.357212088
5/30/2014,2470,5.357771429
5/30/2014,2471,5.358330769
5/30/2014,2472,5.35889011
5/30/2014,2473,5.359449451
5/30/2014,2474,5.360008791
5/30/2014,2475,5.360568132
5/30/2014,2476,5.361127473
5/30/2014,2477,5.361686813
5/30/2014,2478,5.362246154
5/30/2014,2479,5.362805495
5/30/2014,2480,5.363364835
5/30/2014,2481,5.363924176
5/30/2014,2482,5.364483516
5/30/2014,2483,5.365042857
5/30/2014,2484,5.365602198
5/30/2014,2485,5.366161538
5/30/2014,2486,5.366720879
5/30/2014,2487,5.36728022
5/30/2014,2488,5.36783956
5/30/2014,2489,5.368398901
5/30/2014,2490,5.368958242
5/30/2014,2491,5.369517582
5/30/2014,2492,5.370076923
5/30/2014,2493,5.370636264
5/30/2014,2494,5.371195604
5/30/2014,2495,5.371754945
5/30/2014,2496,5.372314286
5/30/2014,2497,5.372873626
5/30/2014,2498,5.373432967
5/30/2014,2499,5.373992308
5/30/2014,2500,5.374551648
5/30/2014,2501,5.375110989
5/30/2014,2502,5.37567033
5/30/2014,2503,5.37622967
5/30/2014,2504,5.376789011
5/30/2014,2505,5.377348352
5/30/2014,2506,5.377907692
5/30/2014,2507,5.378467033
5/30/2014,2508,5.379026374
5/30/2014,2509,5.379585714
5/30/2014,2510,5.380145055
5/30/2014,2511,5.380704396
5/30/2014,2512,5.381263736
5/30/2014,2513,5.381823077
5/30/2014,2514,5.382382418
5/30/2014,2515,5.382941758
5/30/2014,2516,5.383501099
5/30/2014,2517,5.38406044
5/30/2014,2518,5.38461978
5/30/2014,2519,5.385179121
5/30/2014,2520,5.385738462
5/30/2014,2521,5.386297802
5/30/2014,2522,5.386857143
5/30/2014,2523,5.387416484
5/30/2014,2524,5.387975824
5/30/2014,2525,5.388535165
5/30/2014,2526,5.389094505
5/30/2014,2527,5.389653846
5/30/2014,2528,5.390213187
5/30/2014,2529,5.390772527
5/30/2014,2530,5.391331868
5/30/2014,2531,5.391891209
5/30/2014,2532,5.392450549
5/30/2014,2533,5.39300989
5/30/2014,2534,5.393569231
5/30/2014,2535,5.394128571
5/30/2014,2536,5.394687912
5/30/2014,2537,5.395247253
5/30/2014,2538,5.395806593
5/30/2014,2539,5.396365934
5/30/2014,2540,5.396925275
5/30/2014,2541,5.397484615
5/30/2014,2542,5.398043956
5/30/2014,2543,5.398603297
5/30/2014,2544,5.399162637
5/30/2014,2545,5.399721978
5/30/2014,2546,5.400281319
5/30/2014,2547,5.400840659
5/30/2014,2548,5.4014
5/30/2014,2549,5.402003846
5/30/2014,2550,5.402607692
5/30/2014,2551,5.403211538
5/30/2014,2552,5.403815385
5/30/2014,2553,5.404419231
5/30/2014,2554,5.405023077
5/30/2014,2555,5.405626923
5/30/2014,2556,5.406230769
5/30/2014,2557,5.406834615
5/30/2014,2558,5.407438462
5/30/2014,2559,5.408042308
5/30/2014,2560,5.408646154
5/30/2014,2561,5.40925
5/30/2014,2562,5.409853846
5/30/2014,2563,5.410457692
5/30/2014,2564,5.411061538
5/30/2014,2565,5.411665385
5/30/2014,2566,5.412269231
5/30/2014,2567,5.412873077
5/30/2014,2568,5.413476923
5/30/2014,2569,5.414080769
5/30/2014,2570,5.414684615
5/30/2014,2571,5.415288462
5/30/2014,2572,5.415892308
5/30/2014,2573,5.416496154
5/30/2014,2574,5.4171
5/30/2014,2575,5.417703846
5/30/2014,2576,5.418307692
5/30/2014,2577,5.418911538
5/30/2014,2578,5.419515385
5/30/2014,2579,5.420119231
5/30/2014,2580,5.420723077
5/30/2014,2581,5.421326923
5/30/2014,2582,5.421930769
5/30/2014,2583,5.422534615
5/30/2014,2584,5.423138462
5/30/2014,2585,5.423742308
5/30/2014,2586,5.424346154
5/30/2014,2587,5.42495
5/30/2014,2588,5.425553846
5/30/2014,2589,5.426157692
5/30/2014,2590,5.426761538
5/30/2014,2591,5.427365385
5/30/2014,2592,5.427969231
5/30/2014,2593,5.428573077
5/30/2014,2594,5.429176923
5/30/2014,2595,5.429780769
5/30/2014,2596,5.430384615
5/30/2014,2597,5.430988462
5/30/2014,2598,5.431592308
5/30/2014,2599,5.432196154
5/30/2014,2600,5.4328
5/30/2014,2601,5.433403846
5/30/2014,2602,5.434007692
5/30/2014,2603,5.434611538
5/30/2014,2604,5.435215385
5/30/2014,2605,5.435819231
5/30/2014,2606,5.436423077
5/30/2014,2607,5.437026923
5/30/2014,2608,5.437630769
5/30/2014,2609,5.438234615
5/30/2014,2610,5.438838462
5/30/2014,2611,5.439442308
5/30/2014,2612,5.440046154
5/30/2014,2613,5.44065
5/30/2014,2614,5.441253846
5/30/2014,2615,5.441857692
5/30/2014,2616,5.442461538
5/30/2014,2617,5.443065385
5/30/2014,2618,5.443669231
5/30/2014,2619,5.444273077
5/30/2014,2620,5.444876923
5/30/2014,2621,5.445480769
5/30/2014,2622,5.446084615
5/30/2014,2623,5.446688462
5/30/2014,2624,5.447292308
5/30/2014,2625,5.447896154
5/30/2014,2626,5.4485
5/30/2014,2627,5.449103846
5/30/2014,2628,5.449707692
5/30/2014,2629,5.450311538
5/30/2014,2630,5.450915385
5/30/2014,2631,5.451519231
5/30/2014,2632,5.452123077
5/30/2014,2633,5.452726923
5/30/2014,2634,5.453330769
5/30/2014,2635,5.453934615
5/30/2014,2636,5.454538462
5/30/2014,2637,5.455142308
5/30/2014,2638,5.455746154
5/30/2014,2639,5.45635
5/30/2014,2640,5.456953846
5/30/2014,2641,5.457557692
5/30/2014,2642,5.458161538
5/30/2014,2643,5.458765385
5/30/2014,2644,5.459369231
5/30/2014,2645,5.459973077
5/30/2014,2646,5.460576923
5/30/2014,2647,5.461180769
5/30/2014,2648,5.461784615
5/30/2014,2649,5.462388462
5/30/2014,2650,5.462992308
5/30/2014,2651,5.463596154
5/30/2014,2652,5.4642
5/30/2014,2653,5.464803846
5/30/2014,2654,5.465407692
5/30/2014,2655,5.466011538
5/30/2014,2656,5.466615385
5/30/2014,2657,5.467219231
5/30/2014,2658,5.467823077
5/30/2014,2659,5.468426923
5/30/2014,2660,5.469030769
5/30/2014,2661,5.469634615
5/30/2014,2662,5.470238462
5/30/2014,2663,5.470842308
5/30/2014,2664,5.471446154
5/30/2014,2665,5.47205
5/30/2014,2666,5.472653846
5/30/2014,2667,5.473257692
5/30/2014,2668,5.473861538
5/30/2014,2669,5.474465385
5/30/2014,2670,5.475069231
5/30/2014,2671,5.475673077
5/30/2014,2672,5.476276923
5/30/2014,2673,5.476880769
5/30/2014,2674,5.477484615
5/30/2014,2675,5.478088462
5/30/2014,2676,5.478692308
5/30/2014,2677,5.479296154
5/30/2014,2678,5.4799
5/30/2014,2679,5.480503846
5/30/2014,2680,5.481107692
5/30/2014,2681,5.481711538
5/30/2014,2682,5.482315385
5/30/2014,2683,5.482919231
5/30/2014,2684,5.483523077
5/30/2014,2685,5.484126923
5/30/2014,2686,5.484730769
5/30/2014,2687,5.485334615
5/30/2014,2688,5.485938462
5/30/2014,2689,5.486542308
5/30/2014,2690,5.487146154
5/30/2014,2691,5.48775
5/30/2014,2692,5.488353846
5/30/2014,2693,5.488957692
5/30/2014,2694,5.489561538
5/30/2014,2695,5.490165385
5/30/2014,2696,5.490769231
5/30/2014,2697,5.491373077
5/30/2014,2698,5.491976923
5/30/2014,2699,5.492580769
5/30/2014,2700,5.493184615
5/30/2014,2701,5.493788462
5/30/2014,2702,5.494392308
5/30/2014,2703,5.494996154
5/30/2014,2704,5.4956
5/30/2014,2705,5.496203846
5/30/2014,2706,5.496807692
5/30/2014,2707,5.497411538
5/30/2014,2708,5.498015385
5/30/2014,2709,5.498619231
5/30/2014,2710,5.499223077
5/30/2014,2711,5.499826923
5/30/2014,2712,5.500430769
5/30/2014,2713,5.501034615
5/30/2014,2714,5.501638462
5/30/2014,2715,5.502242308
5/30/2014,2716,5.502846154
5/30/2014,2717,5.50345
5/30/2014,2718,5.504053846
5/30/2014,2719,5.504657692
5/30/2014,2720,5.505261538
5/30/2014,2721,5.505865385
5/30/2014,2722,5.506469231
5/30/2014,2723,5.507073077
5/30/2014,2724,5.507676923
5/30/2014,2725,5.508280769
5/30/2014,2726,5.508884615
5/30/2014,2727,5.509488462
5/30/2014,2728,5.510092308
5/30/2014,2729,5.510696154
5/30/2014,2730,5.5113
5/30/2014,2731,5.511917582
5/30/2014,2732,5.512535165
5/30/2014,2733,5.513152747
5/30/2014,2734,5.51377033
5/30/2014,2735,5.514387912
5/30/2014,2736,5.515005495
5/30/2014,2737,5.515623077
5/30/2014,2738,5.516240659
5/30/2014,2739,5.516858242
5/30/2014,2740,5.517475824
5/30/2014,2741,5.518093407
5/30/2014,2742,5.518710989
5/30/2014,2743,5.519328571
5/30/2014,2744,5.519946154
5/30/2014,2745,5.520563736
5/30/2014,2746,5.521181319
5/30/2014,2747,5.521798901
5/30/2014,2748,5.522416484
5/30/2014,2749,5.523034066
5/30/2014,2750,5.523651648
5/30/2014,2751,5.524269231
5/30/2014,2752,5.524886813
5/30/2014,2753,5.525504396
5/30/2014,2754,5.526121978
5/30/2014,2755,5.52673956
5/30/2014,2756,5.527357143
5/30/2014,2757,5.527974725
5/30/2014,2758,5.528592308
5/30/2014,2759,5.52920989
5/30/2014,2760,5.529827473
5/30/2014,2761,5.530445055
5/30/2014,2762,5.531062637
5/30/2014,2763,5.53168022
5/30/2014,2764,5.532297802
5/30/2014,2765,5.532915385
5/30/2014,2766,5.533532967
5/30/2014,2767,5.534150549
5/30/2014,2768,5.534768132
5/30/2014,2769,5.535385714
5/30/2014,2770,5.536003297
5/30/2014,2771,5.536620879
5/30/2014,2772,5.537238462
5/30/2014,2773,5.537856044
5/30/2014,2774,5.538473626
5/30/2014,2775,5.539091209
5/30/2014,2776,5.539708791
5/30/2014,2777,5.540326374
5/30/2014,2778,5.540943956
5/30/2014,2779,5.541561538
5/30/2014,2780,5.542179121
5/30/2014,2781,5.542796703
5/30/2014,2782,5.543414286
5/30/2014,2783,5.544031868
5/30/2014,2784,5.544649451
5/30/2014,2785,5.545267033
5/30/2014,2786,5.545884615
5/30/2014,2787,5.546502198
5/30/2014,2788,5.54711978
5/30/2014,2789,5.547737363
5/30/2014,2790,5.548354945
5/30/2014,2791,5.548972527
5/30/2014,2792,5.54959011
5/30/2014,2793,5.550207692
5/30/2014,2794,5.550825275
5/30/2014,2795,5.551442857
5/30/2014,2796,5.55206044
5/30/2014,2797,5.552678022
5/30/2014,2798,5.553295604
5/30/2014,2799,5.553913187
5/30/2014,2800,5.554530769
5/30/2014,2801,5.555148352
5/30/2014,2802,5.555765934
5/30/2014,2803,5.556383516
5/30/2014,2804,5.557001099
5/30/2014,2805,5.557618681
5/30/2014,2806,5.558236264
5/30/2014,2807,5.558853846
5/30/2014,2808,5.559471429
5/30/2014,2809,5.560089011
5/30/2014,2810,5.560706593
5/30/2014,2811,5.561324176
5/30/2014,2812,5.561941758
5/30/2014,2813,5.562559341
5/30/2014,2814,5.563176923
5/30/2014,2815,5.563794505
5/30/2014,2816,5.564412088
5/30/2014,2817,5.56502967
5/30/2014,2818,5.565647253
5/30/2014,2819,5.566264835
5/30/2014,2820,5.566882418
5/30/2014,2821,5.5675
5/30/2014,2822,5.568117582
5/30/2014,2823,5.568735165
5/30/2014,2824,5.569352747
5/30/2014,2825,5.56997033
5/30/2014,2826,5.570587912
5/30/2014,2827,5.571205495
5/30/2014,2828,5.571823077
5/30/2014,2829,5.572440659
5/30/2014,2830,5.573058242
5/30/2014,2831,5.573675824
5/30/2014,2832,5.574293407
5/30/2014,2833,5.574910989
5/30/2014,2834,5.575528571
5/30/2014,2835,5.576146154
5/30/2014,2836,5.576763736
5/30/2014,2837,5.577381319
5/30/2014,2838,5.577998901
5/30/2014,2839,5.578616484
5/30/2014,2840,5.579234066
5/30/2014,2841,5.579851648
5/30/2014,2842,5.580469231
5/30/2014,2843,5.581086813
5/30/2014,2844,5.581704396
5/30/2014,2845,5.582321978
5/30/2014,2846,5.58293956
5/30/2014,2847,5.583557143
5/30/2014,2848,5.584174725
5/30/2014,2849,5.584792308
5/30/2014,2850,5.58540989
5/30/2014,2851,5.586027473
5/30/2014,2852,5.586645055
5/30/2014,2853,5.587262637
5/30/2014,2854,5.58788022
5/30/2014,2855,5.588497802
5/30/2014,2856,5.589115385
5/30/2014,2857,5.589732967
5/30/2014,2858,5.590350549
5/30/2014,2859,5.590968132
5/30/2014,2860,5.591585714
5/30/2014,2861,5.592203297
5/30/2014,2862,5.592820879
5/30/2014,2863,5.593438462
5/30/2014,2864,5.594056044
5/30/2014,2865,5.594673626
5/30/2014,2866,5.595291209
5/30/2014,2867,5.595908791
5/30/2014,2868,5.596526374
5/30/2014,2869,5.597143956
5/30/2014,2870,5.597761538
5/30/2014,2871,5.598379121
5/30/2014,2872,5.598996703
5/30/2014,2873,5.599614286
5/30/2014,2874,5.600231868
5/30/2014,2875,5.600849451
5/30/2014,2876,5.601467033
5/30/2014,2877,5.602084615
5/30/2014,2878,5.602702198
5/30/2014,2879,5.60331978
5/30/2014,2880,5.603937363
5/30/2014,2881,5.604554945
5/30/2014,2882,5.605172527
5/30/2014,2883,5.60579011
5/30/2014,2884,5.606407692
5/30/2014,2885,5.607025275
5/30/2014,2886,5.607642857
5/30/2014,2887,5.60826044
5/30/2014,2888,5.608878022
5/30/2014,2889,5.609495604
5/30/2014,2890,5.610113187
5/30/2014,2891,5.610730769
5/30/2014,2892,5.611348352
5/30/2014,2893,5.611965934
5/30/2014,2894,5.612583516
5/30/2014,2895,5.613201099
5/30/2014,2896,5.613818681
5/30/2014,2897,5.614436264
5/30/2014,2898,5.615053846
5/30/2014,2899,5.615671429
5/30/2014,2900,5.616289011
5/30/2014,2901,5.616906593
5/30/2014,2902,5.617524176
5/30/2014,2903,5.618141758
5/30/2014,2904,5.618759341
5/30/2014,2905,5.619376923
5/30/2014,2906,5.619994505
5/30/2014,2907,5.620612088
5/30/2014,2908,5.62122967
5/30/2014,2909,5.621847253
5/30/2014,2910,5.622464835
5/30/2014,2911,5.623082418
5/30/2014,2912,5.6237
5/30/2014,2913,5.624059341
5/30/2014,2914,5.624418681
5/30/2014,2915,5.624778022
5/30/2014,2916,5.625137363
5/30/2014,2917,5.625496703
5/30/2014,2918,5.625856044
5/30/2014,2919,5.626215385
5/30/2014,2920,5.626574725
5/30/2014,2921,5.626934066
5/30/2014,2922,5.627293407
5/30/2014,2923,5.627652747
5/30/2014,2924,5.628012088
5/30/2014,2925,5.628371429
5/30/2014,2926,5.628730769
5/30/2014,2927,5.62909011
5/30/2014,2928,5.629449451
5/30/2014,2929,5.629808791
5/30/2014,2930,5.630168132
5/30/2014,2931,5.630527473
5/30/2014,2932,5.630886813
5/30/2014,2933,5.631246154
5/30/2014,2934,5.631605495
5/30/2014,2935,5.631964835
5/30/2014,2936,5.632324176
5/30/2014,2937,5.632683516
5/30/2014,2938,5.633042857
5/30/2014,2939,5.633402198
5/30/2014,2940,5.633761538
5/30/2014,2941,5.634120879
5/30/2014,2942,5.63448022
5/30/2014,2943,5.63483956
5/30/2014,2944,5.635198901
5/30/2014,2945,5.635558242
5/30/2014,2946,5.635917582
5/30/2014,2947,5.636276923
5/30/2014,2948,5.636636264
5/30/2014,2949,5.636995604
5/30/2014,2950,5.637354945
5/30/2014,2951,5.637714286
5/30/2014,2952,5.638073626
5/30/2014,2953,5.638432967
5/30/2014,2954,5.638792308
5/30/2014,2955,5.639151648
5/30/2014,2956,5.639510989
5/30/2014,2957,5.63987033
5/30/2014,2958,5.64022967
5/30/2014,2959,5.640589011
5/30/2014,2960,5.640948352
5/30/2014,2961,5.641307692
5/30/2014,2962,5.641667033
5/30/2014,2963,5.642026374
5/30/2014,2964,5.642385714
5/30/2014,2965,5.642745055
5/30/2014,2966,5.643104396
5/30/2014,2967,5.643463736
5/30/2014,2968,5.643823077
5/30/2014,2969,5.644182418
5/30/2014,2970,5.644541758
5/30/2014,2971,5.644901099
5/30/2014,2972,5.64526044
5/30/2014,2973,5.64561978
5/30/2014,2974,5.645979121
5/30/2014,2975,5.646338462
5/30/2014,2976,5.646697802
5/30/2014,2977,5.647057143
5/30/2014,2978,5.647416484
5/30/2014,2979,5.647775824
5/30/2014,2980,5.648135165
5/30/2014,2981,5.648494505
5/30/2014,2982,5.648853846
5/30/2014,2983,5.649213187
5/30/2014,2984,5.649572527
5/30/2014,2985,5.649931868
5/30/2014,2986,5.650291209
5/30/2014,2987,5.650650549
5/30/2014,2988,5.65100989
5/30/2014,2989,5.651369231
5/30/2014,2990,5.651728571
5/30/2014,2991,5.652087912
5/30/2014,2992,5.652447253
5/30/2014,2993,5.652806593
5/30/2014,2994,5.653165934
5/30/2014,2995,5.653525275
5/30/2014,2996,5.653884615
5/30/2014,2997,5.654243956
5/30/2014,2998,5.654603297
5/30/2014,2999,5.654962637
5/30/2014,3000,5.655321978
5/30/2014,3001,5.655681319
5/30/2014,3002,5.656040659
5/30/2014,3003,5.6564
5/30/2014,3004,5.656759341
5/30/2014,3005,5.657118681
5/30/2014,3006,5.657478022
5/30/2014,3007,5.657837363
5/30/2014,3008,5.658196703
5/30/2014,3009,5.658556044
5/30/2014,3010,5.658915385
5/30/2014,3011,5.659274725
5/30/2014,3012,5.659634066
5/30/2014,3013,5.659993407
5/30/2014,3014,5.660352747
5/30/2014,3015,5.660712088
5/30/2014,3016,5.661071429
5/30/2014,3017,5.661430769
5/30/2014,3018,5.66179011
5/30/2014,3019,5.662149451
5/30/2014,3020,5.662508791
5/30/2014,3021,5.662868132
5/30/2014,3022,5.663227473
5/30/2014,3023,5.663586813
5/30/2014,3024,5.663946154
5/30/2014,3025,5.664305495
5/30/2014,3026,5.664664835
5/30/2014,3027,5.665024176
5/30/2014,3028,5.665383516
5/30/2014,3029,5.665742857
5/30/2014,3030,5.666102198
5/30/2014,3031,5.666461538
5/30/2014,3032,5.666820879
5/30/2014,3033,5.66718022
5/30/2014,3034,5.66753956
5/30/2014,3035,5.667898901
5/30/2014,3036,5.668258242
5/30/2014,3037,5.668617582
5/30/2014,3038,5.668976923
5/30/2014,3039,5.669336264
5/30/2014,3040,5.669695604
5/30/2014,3041,5.670054945
5/30/2014,3042,5.670414286
5/30/2014,3043,5.670773626
5/30/2014,3044,5.671132967
5/30/2014,3045,5.671492308
5/30/2014,3046,5.671851648
5/30/2014,3047,5.672210989
5/30/2014,3048,5.67257033
5/30/2014,3049,5.67292967
5/30/2014,3050,5.673289011
5/30/2014,3051,5.673648352
5/30/2014,3052,5.674007692
5/30/2014,3053,5.674367033
5/30/2014,3054,5.674726374
5/30/2014,3055,5.675085714
5/30/2014,3056,5.675445055
5/30/2014,3057,5.675804396
5/30/2014,3058,5.676163736
5/30/2014,3059,5.676523077
5/30/2014,3060,5.676882418
5/30/2014,3061,5.677241758
5/30/2014,3062,5.677601099
5/30/2014,3063,5.67796044
5/30/2014,3064,5.67831978
5/30/2014,3065,5.678679121
5/30/2014,3066,5.679038462
5/30/2014,3067,5.679397802
5/30/2014,3068,5.679757143
5/30/2014,3069,5.680116484
5/30/2014,3070,5.680475824
5/30/2014,3071,5.680835165
5/30/2014,3072,5.681194505
5/30/2014,3073,5.681553846
5/30/2014,3074,5.681913187
5/30/2014,3075,5.682272527
5/30/2014,3076,5.682631868
5/30/2014,3077,5.682991209
5/30/2014,3078,5.683350549
5/30/2014,3079,5.68370989
5/30/2014,3080,5.684069231
5/30/2014,3081,5.684428571
5/30/2014,3082,5.684787912
5/30/2014,3083,5.685147253
5/30/2014,3084,5.685506593
5/30/2014,3085,5.685865934
5/30/2014,3086,5.686225275
5/30/2014,3087,5.686584615
5/30/2014,3088,5.686943956
5/30/2014,3089,5.687303297
5/30/2014,3090,5.687662637
5/30/2014,3091,5.688021978
5/30/2014,3092,5.688381319
5/30/2014,3093,5.688740659
5/30/2014,3094,5.6891
5/30/2014,3095,5.689243407
5/30/2014,3096,5.689386813
5/30/2014,3097,5.68953022
5/30/2014,3098,5.689673626
5/30/2014,3099,5.689817033
5/30/2014,3100,5.68996044
5/30/2014,3101,5.690103846
5/30/2014,3102,5.690247253
5/30/2014,3103,5.690390659
5/30/2014,3104,5.690534066
5/30/2014,3105,5.690677473
5/30/2014,3106,5.690820879
5/30/2014,3107,5.690964286
5/30/2014,3108,5.691107692
5/30/2014,3109,5.691251099
5/30/2014,3110,5.691394505
5/30/2014,3111,5.691537912
5/30/2014,3112,5.691681319
5/30/2014,3113,5.691824725
5/30/2014,3114,5.691968132
5/30/2014,3115,5.692111538
5/30/2014,3116,5.692254945
5/30/2014,3117,5.692398352
5/30/2014,3118,5.692541758
5/30/2014,3119,5.692685165
5/30/2014,3120,5.692828571
5/30/2014,3121,5.692971978
5/30/2014,3122,5.693115385
5/30/2014,3123,5.693258791
5/30/2014,3124,5.693402198
5/30/2014,3125,5.693545604
5/30/2014,3126,5.693689011
5/30/2014,3127,5.693832418
5/30/2014,3128,5.693975824
5/30/2014,3129,5.694119231
5/30/2014,3130,5.694262637
5/30/2014,3131,5.694406044
5/30/2014,3132,5.694549451
5/30/2014,3133,5.694692857
5/30/2014,3134,5.694836264
5/30/2014,3135,5.69497967
5/30/2014,3136,5.695123077
5/30/2014,3137,5.695266484
5/30/2014,3138,5.69540989
5/30/2014,3139,5.695553297
5/30/2014,3140,5.695696703
5/30/2014,3141,5.69584011
5/30/2014,3142,5.695983516
5/30/2014,3143,5.696126923
5/30/2014,3144,5.69627033
5/30/2014,3145,5.696413736
5/30/2014,3146,5.696557143
5/30/2014,3147,5.696700549
5/30/2014,3148,5.696843956
5/30/2014,3149,5.696987363
5/30/2014,3150,5.697130769
5/30/2014,3151,5.697274176
5/30/2014,3152,5.697417582
5/30/2014,3153,5.697560989
5/30/2014,3154,5.697704396
5/30/2014,3155,5.697847802
5/30/2014,3156,5.697991209
5/30/2014,3157,5.698134615
5/30/2014,3158,5.698278022
5/30/2014,3159,5.698421429
5/30/2014,3160,5.698564835
5/30/2014,3161,5.698708242
5/30/2014,3162,5.698851648
5/30/2014,3163,5.698995055
5/30/2014,3164,5.699138462
5/30/2014,3165,5.699281868
5/30/2014,3166,5.699425275
5/30/2014,3167,5.699568681
5/30/2014,3168,5.699712088
5/30/2014,3169,5.699855495
5/30/2014,3170,5.699998901
5/30/2014,3171,5.700142308
5/30/2014,3172,5.700285714
5/30/2014,3173,5.700429121
5/30/2014,3174,5.700572527
5/30/2014,3175,5.700715934
5/30/2014,3176,5.700859341
5/30/2014,3177,5.701002747
5/30/2014,3178,5.701146154
5/30/2014,3179,5.70128956
5/30/2014,3180,5.701432967
5/30/2014,3181,5.701576374
5/30/2014,3182,5.70171978
5/30/2014,3183,5.701863187
5/30/2014,3184,5.702006593
5/30/2014,3185,5.70215
5/30/2014,3186,5.702293407
5/30/2014,3187,5.702436813
5/30/2014,3188,5.70258022
5/30/2014,3189,5.702723626
5/30/2014,3190,5.702867033
5/30/2014,3191,5.70301044
5/30/2014,3192,5.703153846
5/30/2014,3193,5.703297253
5/30/2014,3194,5.703440659
5/30/2014,3195,5.703584066
5/30/2014,3196,5.703727473
5/30/2014,3197,5.703870879
5/30/2014,3198,5.704014286
5/30/2014,3199,5.704157692
5/30/2014,3200,5.704301099
5/30/2014,3201,5.704444505
5/30/2014,3202,5.704587912
5/30/2014,3203,5.704731319
5/30/2014,3204,5.704874725
5/30/2014,3205,5.705018132
5/30/2014,3206,5.705161538
5/30/2014,3207,5.705304945
5/30/2014,3208,5.705448352
5/30/2014,3209,5.705591758
5/30/2014,3210,5.705735165
5/30/2014,3211,5.705878571
5/30/2014,3212,5.706021978
5/30/2014,3213,5.706165385
5/30/2014,3214,5.706308791
5/30/2014,3215,5.706452198
5/30/2014,3216,5.706595604
5/30/2014,3217,5.706739011
5/30/2014,3218,5.706882418
5/30/2014,3219,5.707025824
5/30/2014,3220,5.707169231
5/30/2014,3221,5.707312637
5/30/2014,3222,5.707456044
5/30/2014,3223,5.707599451
5/30/2014,3224,5.707742857
5/30/2014,3225,5.707886264
5/30/2014,3226,5.70802967
5/30/2014,3227,5.708173077
5/30/2014,3228,5.708316484
5/30/2014,3229,5.70845989
5/30/2014,3230,5.708603297
5/30/2014,3231,5.708746703
5/30/2014,3232,5.70889011
5/30/2014,3233,5.709033516
5/30/2014,3234,5.709176923
5/30/2014,3235,5.70932033
5/30/2014,3236,5.709463736
5/30/2014,3237,5.709607143
5/30/2014,3238,5.709750549
5/30/2014,3239,5.709893956
5/30/2014,3240,5.710037363
5/30/2014,3241,5.710180769
5/30/2014,3242,5.710324176
5/30/2014,3243,5.710467582
5/30/2014,3244,5.710610989
5/30/2014,3245,5.710754396
5/30/2014,3246,5.710897802
5/30/2014,3247,5.711041209
5/30/2014,3248,5.711184615
5/30/2014,3249,5.711328022
5/30/2014,3250,5.711471429
5/30/2014,3251,5.711614835
5/30/2014,3252,5.711758242
5/30/2014,3253,5.711901648
5/30/2014,3254,5.712045055
5/30/2014,3255,5.712188462
5/30/2014,3256,5.712331868
5/30/2014,3257,5.712475275
5/30/2014,3258,5.712618681
5/30/2014,3259,5.712762088
5/30/2014,3260,5.712905495
5/30/2014,3261,5.713048901
5/30/2014,3262,5.713192308
5/30/2014,3263,5.713335714
5/30/2014,3264,5.713479121
5/30/2014,3265,5.713622527
5/30/2014,3266,5.713765934
5/30/2014,3267,5.713909341
5/30/2014,3268,5.714052747
5/30/2014,3269,5.714196154
5/30/2014,3270,5.71433956
5/30/2014,3271,5.714482967
5/30/2014,3272,5.714626374
5/30/2014,3273,5.71476978
5/30/2014,3274,5.714913187
5/30/2014,3275,5.715056593
5/30/2014,3276,5.7152
5/30/2014,3277,5.71551044
5/30/2014,3278,5.715820879
5/30/2014,3279,5.716131319
5/30/2014,3280,5.716441758
5/30/2014,3281,5.716752198
5/30/2014,3282,5.717062637
5/30/2014,3283,5.717373077
5/30/2014,3284,5.717683516
5/30/2014,3285,5.717993956
5/30/2014,3286,5.718304396
5/30/2014,3287,5.718614835
5/30/2014,3288,5.718925275
5/30/2014,3289,5.719235714
5/30/2014,3290,5.719546154
5/30/2014,3291,5.719856593
5/30/2014,3292,5.720167033
5/30/2014,3293,5.720477473
5/30/2014,3294,5.720787912
5/30/2014,3295,5.721098352
5/30/2014,3296,5.721408791
5/30/2014,3297,5.721719231
5/30/2014,3298,5.72202967
5/30/2014,3299,5.72234011
5/30/2014,3300,5.722650549
5/30/2014,3301,5.722960989
5/30/2014,3302,5.723271429
5/30/2014,3303,5.723581868
5/30/2014,3304,5.723892308
5/30/2014,3305,5.724202747
5/30/2014,3306,5.724513187
5/30/2014,3307,5.724823626
5/30/2014,3308,5.725134066
5/30/2014,3309,5.725444505
5/30/2014,3310,5.725754945
5/30/2014,3311,5.726065385
5/30/2014,3312,5.726375824
5/30/2014,3313,5.726686264
5/30/2014,3314,5.726996703
5/30/2014,3315,5.727307143
5/30/2014,3316,5.727617582
5/30/2014,3317,5.727928022
5/30/2014,3318,5.728238462
5/30/2014,3319,5.728548901
5/30/2014,3320,5.728859341
5/30/2014,3321,5.72916978
5/30/2014,3322,5.72948022
5/30/2014,3323,5.729790659
5/30/2014,3324,5.730101099
5/30/2014,3325,5.730411538
5/30/2014,3326,5.730721978
5/30/2014,3327,5.731032418
5/30/2014,3328,5.731342857
5/30/2014,3329,5.731653297
5/30/2014,3330,5.731963736
5/30/2014,3331,5.732274176
5/30/2014,3332,5.732584615
5/30/2014,3333,5.732895055
5/30/2014,3334,5.733205495
5/30/2014,3335,5.733515934
5/30/2014,3336,5.733826374
5/30/2014,3337,5.734136813
5/30/2014,3338,5.734447253
5/30/2014,3339,5.734757692
5/30/2014,3340,5.735068132
5/30/2014,3341,5.735378571
5/30/2014,3342,5.735689011
5/30/2014,3343,5.735999451
5/30/2014,3344,5.73630989
5/30/2014,3345,5.73662033
5/30/2014,3346,5.736930769
5/30/2014,3347,5.737241209
5/30/2014,3348,5.737551648
5/30/2014,3349,5.737862088
5/30/2014,3350,5.738172527
5/30/2014,3351,5.738482967
5/30/2014,3352,5.738793407
5/30/2014,3353,5.739103846
5/30/2014,3354,5.739414286
5/30/2014,3355,5.739724725
5/30/2014,3356,5.740035165
5/30/2014,3357,5.740345604
5/30/2014,3358,5.740656044
5/30/2014,3359,5.740966484
5/30/2014,3360,5.741276923
5/30/2014,3361,5.741587363
5/30/2014,3362,5.741897802
5/30/2014,3363,5.742208242
5/30/2014,3364,5.742518681
5/30/2014,3365,5.742829121
5/30/2014,3366,5.74313956
5/30/2014,3367,5.74345
5/30/2014,3368,5.74376044
5/30/2014,3369,5.744070879
5/30/2014,3370,5.744381319
5/30/2014,3371,5.744691758
5/30/2014,3372,5.745002198
5/30/2014,3373,5.745312637
5/30/2014,3374,5.745623077
5/30/2014,3375,5.745933516
5/30/2014,3376,5.746243956
5/30/2014,3377,5.746554396
5/30/2014,3378,5.746864835
5/30/2014,3379,5.747175275
5/30/2014,3380,5.747485714
5/30/2014,3381,5.747796154
5/30/2014,3382,5.748106593
5/30/2014,3383,5.748417033
5/30/2014,3384,5.748727473
5/30/2014,3385,5.749037912
5/30/2014,3386,5.749348352
5/30/2014,3387,5.749658791
5/30/2014,3388,5.749969231
5/30/2014,3389,5.75027967
5/30/2014,3390,5.75059011
5/30/2014,3391,5.750900549
5/30/2014,3392,5.751210989
5/30/2014,3393,5.751521429
5/30/2014,3394,5.751831868
5/30/2014,3395,5.752142308
5/30/2014,3396,5.752452747
5/30/2014,3397,5.752763187
5/30/2014,3398,5.753073626
5/30/2014,3399,5.753384066
5/30/2014,3400,5.753694505
5/30/2014,3401,5.754004945
5/30/2014,3402,5.754315385
5/30/2014,3403,5.754625824
5/30/2014,3404,5.754936264
5/30/2014,3405,5.755246703
5/30/2014,3406,5.755557143
5/30/2014,3407,5.755867582
5/30/2014,3408,5.756178022
5/30/2014,3409,5.756488462
5/30/2014,3410,5.756798901
5/30/2014,3411,5.757109341
5/30/2014,3412,5.75741978
5/30/2014,3413,5.75773022
5/30/2014,3414,5.758040659
5/30/2014,3415,5.758351099
5/30/2014,3416,5.758661538
5/30/2014,3417,5.758971978
5/30/2014,3418,5.759282418
5/30/2014,3419,5.759592857
5/30/2014,3420,5.759903297
5/30/2014,3421,5.760213736
5/30/2014,3422,5.760524176
5/30/2014,3423,5.760834615
5/30/2014,3424,5.761145055
5/30/2014,3425,5.761455495
5/30/2014,3426,5.761765934
5/30/2014,3427,5.762076374
5/30/2014,3428,5.762386813
5/30/2014,3429,5.762697253
5/30/2014,3430,5.763007692
5/30/2014,3431,5.763318132
5/30/2014,3432,5.763628571
5/30/2014,3433,5.763939011
5/30/2014,3434,5.764249451
5/30/2014,3435,5.76455989
5/30/2014,3436,5.76487033
5/30/2014,3437,5.765180769
5/30/2014,3438,5.765491209
5/30/2014,3439,5.765801648
5/30/2014,3440,5.766112088
5/30/2014,3441,5.766422527
5/30/2014,3442,5.766732967
5/30/2014,3443,5.767043407
5/30/2014,3444,5.767353846
5/30/2014,3445,5.767664286
5/30/2014,3446,5.767974725
5/30/2014,3447,5.768285165
5/30/2014,3448,5.768595604
5/30/2014,3449,5.768906044
5/30/2014,3450,5.769216484
5/30/2014,3451,5.769526923
5/30/2014,3452,5.769837363
5/30/2014,3453,5.770147802
5/30/2014,3454,5.770458242
5/30/2014,3455,5.770768681
5/30/2014,3456,5.771079121
5/30/2014,3457,5.77138956
5/30/2014,3458,5.7717
5/30/2014,3459,5.771959341
5/30/2014,3460,5.772218681
5/30/2014,3461,5.772478022
5/30/2014,3462,5.772737363
5/30/2014,3463,5.772996703
5/30/2014,3464,5.773256044
5/30/2014,3465,5.773515385
5/30/2014,3466,5.773774725
5/30/2014,3467,5.774034066
5/30/2014,3468,5.774293407
5/30/2014,3469,5.774552747
5/30/2014,3470,5.774812088
5/30/2014,3471,5.775071429
5/30/2014,3472,5.775330769
5/30/2014,3473,5.77559011
5/30/2014,3474,5.775849451
5/30/2014,3475,5.776108791
5/30/2014,3476,5.776368132
5/30/2014,3477,5.776627473
5/30/2014,3478,5.776886813
5/30/2014,3479,5.777146154
5/30/2014,3480,5.777405495
5/30/2014,3481,5.777664835
5/30/2014,3482,5.777924176
5/30/2014,3483,5.778183516
5/30/2014,3484,5.778442857
5/30/2014,3485,5.778702198
5/30/2014,3486,5.778961538
5/30/2014,3487,5.779220879
5/30/2014,3488,5.77948022
5/30/2014,3489,5.77973956
5/30/2014,3490,5.779998901
5/30/2014,3491,5.780258242
5/30/2014,3492,5.780517582
5/30/2014,3493,5.780776923
5/30/2014,3494,5.781036264
5/30/2014,3495,5.781295604
5/30/2014,3496,5.781554945
5/30/2014,3497,5.781814286
5/30/2014,3498,5.782073626
5/30/2014,3499,5.782332967
5/30/2014,3500,5.782592308
5/30/2014,3501,5.782851648
5/30/2014,3502,5.783110989
5/30/2014,3503,5.78337033
5/30/2014,3504,5.78362967
5/30/2014,3505,5.783889011
5/30/2014,3506,5.784148352
5/30/2014,3507,5.784407692
5/30/2014,3508,5.784667033
5/30/2014,3509,5.784926374
5/30/2014,3510,5.785185714
5/30/2014,3511,5.785445055
5/30/2014,3512,5.785704396
5/30/2014,3513,5.785963736
5/30/2014,3514,5.786223077
5/30/2014,3515,5.786482418
5/30/2014,3516,5.786741758
5/30/2014,3517,5.787001099
5/30/2014,3518,5.78726044
5/30/2014,3519,5.78751978
5/30/2014,3520,5.787779121
5/30/2014,3521,5.788038462
5/30/2014,3522,5.788297802
5/30/2014,3523,5.788557143
5/30/2014,3524,5.788816484
5/30/2014,3525,5.789075824
5/30/2014,3526,5.789335165
5/30/2014,3527,5.789594505
5/30/2014,3528,5.789853846
5/30/2014,3529,5.790113187
5/30/2014,3530,5.790372527
5/30/2014,3531,5.790631868
5/30/2014,3532,5.790891209
5/30/2014,3533,5.791150549
5/30/2014,3534,5.79140989
5/30/2014,3535,5.791669231
5/30/2014,3536,5.791928571
5/30/2014,3537,5.792187912
5/30/2014,3538,5.792447253
5/30/2014,3539,5.792706593
5/30/2014,3540,5.792965934
5/30/2014,3541,5.793225275
5/30/2014,3542,5.793484615
5/30/2014,3543,5.793743956
5/30/2014,3544,5.794003297
5/30/2014,3545,5.794262637
5/30/2014,3546,5.794521978
5/30/2014,3547,5.794781319
5/30/2014,3548,5.795040659
5/30/2014,3549,5.7953
5/30/2014,3550,5.795559341
5/30/2014,3551,5.795818681
5/30/2014,3552,5.796078022
5/30/2014,3553,5.796337363
5/30/2014,3554,5.796596703
5/30/2014,3555,5.796856044
5/30/2014,3556,5.797115385
5/30/2014,3557,5.797374725
5/30/2014,3558,5.797634066
5/30/2014,3559,5.797893407
5/30/2014,3560,5.798152747
5/30/2014,3561,5.798412088
5/30/2014,3562,5.798671429
5/30/2014,3563,5.798930769
5/30/2014,3564,5.79919011
5/30/2014,3565,5.799449451
5/30/2014,3566,5.799708791
5/30/2014,3567,5.799968132
5/30/2014,3568,5.800227473
5/30/2014,3569,5.800486813
5/30/2014,3570,5.800746154
5/30/2014,3571,5.801005495
5/30/2014,3572,5.801264835
5/30/2014,3573,5.801524176
5/30/2014,3574,5.801783516
5/30/2014,3575,5.802042857
5/30/2014,3576,5.802302198
5/30/2014,3577,5.802561538
5/30/2014,3578,5.802820879
5/30/2014,3579,5.80308022
5/30/2014,3580,5.80333956
5/30/2014,3581,5.803598901
5/30/2014,3582,5.803858242
5/30/2014,3583,5.804117582
5/30/2014,3584,5.804376923
5/30/2014,3585,5.804636264
5/30/2014,3586,5.804895604
5/30/2014,3587,5.805154945
5/30/2014,3588,5.805414286
5/30/2014,3589,5.805673626
5/30/2014,3590,5.805932967
5/30/2014,3591,5.806192308
5/30/2014,3592,5.806451648
5/30/2014,3593,5.806710989
5/30/2014,3594,5.80697033
5/30/2014,3595,5.80722967
5/30/2014,3596,5.807489011
5/30/2014,3597,5.807748352
5/30/2014,3598,5.808007692
5/30/2014,3599,5.808267033
5/30/2014,3600,5.808526374
5/30/2014,3601,5.808785714
5/30/2014,3602,5.809045055
5/30/2014,3603,5.809304396
5/30/2014,3604,5.809563736
5/30/2014,3605,5.809823077
5/30/2014,3606,5.810082418
5/30/2014,3607,5.810341758
5/30/2014,3608,5.810601099
5/30/2014,3609,5.81086044
5/30/2014,3610,5.81111978
5/30/2014,3611,5.811379121
5/30/2014,3612,5.811638462
5/30/2014,3613,5.811897802
5/30/2014,3614,5.812157143
5/30/2014,3615,5.812416484
5/30/2014,3616,5.812675824
5/30/2014,3617,5.812935165
5/30/2014,3618,5.813194505
5/30/2014,3619,5.813453846
5/30/2014,3620,5.813713187
5/30/2014,3621,5.813972527
5/30/2014,3622,5.814231868
5/30/2014,3623,5.814491209
5/30/2014,3624,5.814750549
5/30/2014,3625,5.81500989
5/30/2014,3626,5.815269231
5/30/2014,3627,5.815528571
5/30/2014,3628,5.815787912
5/30/2014,3629,5.816047253
5/30/2014,3630,5.816306593
5/30/2014,3631,5.816565934
5/30/2014,3632,5.816825275
5/30/2014,3633,5.817084615
5/30/2014,3634,5.817343956
5/30/2014,3635,5.817603297
5/30/2014,3636,5.817862637
5/30/2014,3637,5.818121978
5/30/2014,3638,5.818381319
5/30/2014,3639,5.818640659
5/30/2014,3640,5.8189
5/30/2014,3641,5.818932967
5/30/2014,3642,5.818965934
5/30/2014,3643,5.818998901
5/30/2014,3644,5.819031868
5/30/2014,3645,5.819064835
5/30/2014,3646,5.819097802
5/30/2014,3647,5.819130769
5/30/2014,3648,5.819163736
5/30/2014,3649,5.819196703
5/30/2014,3650,5.81922967
5/30/2014,3651,5.819262637
5/30/2014,3652,5.819295604
5/30/2014,3653,5.819328571
5/30/2014,3654,5.819361538
5/30/2014,3655,5.819394505
5/30/2014,3656,5.819427473
5/30/2014,3657,5.81946044
5/30/2014,3658,5.819493407
5/30/2014,3659,5.819526374
5/30/2014,3660,5.819559341
5/30/2014,3661,5.819592308
5/30/2014,3662,5.819625275
5/30/2014,3663,5.819658242
5/30/2014,3664,5.819691209
5/30/2014,3665,5.819724176
5/30/2014,3666,5.819757143
5/30/2014,3667,5.81979011
5/30/2014,3668,5.819823077
5/30/2014,3669,5.819856044
5/30/2014,3670,5.819889011
5/30/2014,3671,5.819921978
5/30/2014,3672,5.819954945
5/30/2014,3673,5.819987912
5/30/2014,3674,5.820020879
5/30/2014,3675,5.820053846
5/30/2014,3676,5.820086813
5/30/2014,3677,5.82011978
5/30/2014,3678,5.820152747
5/30/2014,3679,5.820185714
5/30/2014,3680,5.820218681
5/30/2014,3681,5.820251648
5/30/2014,3682,5.820284615
5/30/2014,3683,5.820317582
5/30/2014,3684,5.820350549
5/30/2014,3685,5.820383516
5/30/2014,3686,5.820416484
5/30/2014,3687,5.820449451
5/30/2014,3688,5.820482418
5/30/2014,3689,5.820515385
5/30/2014,3690,5.820548352
5/30/2014,3691,5.820581319
5/30/2014,3692,5.820614286
5/30/2014,3693,5.820647253
5/30/2014,3694,5.82068022
5/30/2014,3695,5.820713187
5/30/2014,3696,5.820746154
5/30/2014,3697,5.820779121
5/30/2014,3698,5.820812088
5/30/2014,3699,5.820845055
5/30/2014,3700,5.820878022
5/30/2014,3701,5.820910989
5/30/2014,3702,5.820943956
5/30/2014,3703,5.820976923
5/30/2014,3704,5.82100989
5/30/2014,3705,5.821042857
5/30/2014,3706,5.821075824
5/30/2014,3707,5.821108791
5/30/2014,3708,5.821141758
5/30/2014,3709,5.821174725
5/30/2014,3710,5.821207692
5/30/2014,3711,5.821240659
5/30/2014,3712,5.821273626
5/30/2014,3713,5.821306593
5/30/2014,3714,5.82133956
5/30/2014,3715,5.821372527
5/30/2014,3716,5.821405495
5/30/2014,3717,5.821438462
5/30/2014,3718,5.821471429
5/30/2014,3719,5.821504396
5/30/2014,3720,5.821537363
5/30/2014,3721,5.82157033
5/30/2014,3722,5.821603297
5/30/2014,3723,5.821636264
5/30/2014,3724,5.821669231
5/30/2014,3725,5.821702198
5/30/2014,3726,5.821735165
5/30/2014,3727,5.821768132
5/30/2014,3728,5.821801099
5/30/2014,3729,5.821834066
5/30/2014,3730,5.821867033
5/30/2014,3731,5.8219
5/30/2014,3732,5.821932967
5/30/2014,3733,5.821965934
5/30/2014,3734,5.821998901
5/30/2014,3735,5.822031868
5/30/2014,3736,5.822064835
5/30/2014,3737,5.822097802
5/30/2014,3738,5.822130769
5/30/2014,3739,5.822163736
5/30/2014,3740,5.822196703
5/30/2014,3741,5.82222967
5/30/2014,3742,5.822262637
5/30/2014,3743,5.822295604
5/30/2014,3744,5.822328571
5/30/2014,3745,5.822361538
5/30/2014,3746,5.822394505
5/30/2014,3747,5.822427473
5/30/2014,3748,5.82246044
5/30/2014,3749,5.822493407
5/30/2014,3750,5.822526374
5/30/2014,3751,5.822559341
5/30/2014,3752,5.822592308
5/30/2014,3753,5.822625275
5/30/2014,3754,5.822658242
5/30/2014,3755,5.822691209
5/30/2014,3756,5.822724176
5/30/2014,3757,5.822757143
5/30/2014,3758,5.82279011
5/30/2014,3759,5.822823077
5/30/2014,3760,5.822856044
5/30/2014,3761,5.822889011
5/30/2014,3762,5.822921978
5/30/2014,3763,5.822954945
5/30/2014,3764,5.822987912
5/30/2014,3765,5.823020879
5/30/2014,3766,5.823053846
5/30/2014,3767,5.823086813
5/30/2014,3768,5.82311978
5/30/2014,3769,5.823152747
5/30/2014,3770,5.823185714
5/30/2014,3771,5.823218681
5/30/2014,3772,5.823251648
5/30/2014,3773,5.823284615
5/30/2014,3774,5.823317582
5/30/2014,3775,5.823350549
5/30/2014,3776,5.823383516
5/30/2014,3777,5.823416484
5/30/2014,3778,5.823449451
5/30/2014,3779,5.823482418
5/30/2014,3780,5.823515385
5/30/2014,3781,5.823548352
5/30/2014,3782,5.823581319
5/30/2014,3783,5.823614286
5/30/2014,3784,5.823647253
5/30/2014,3785,5.82368022
5/30/2014,3786,5.823713187
5/30/2014,3787,5.823746154
5/30/2014,3788,5.823779121
5/30/2014,3789,5.823812088
5/30/2014,3790,5.823845055
5/30/2014,3791,5.823878022
5/30/2014,3792,5.823910989
5/30/2014,3793,5.823943956
5/30/2014,3794,5.823976923
5/30/2014,3795,5.82400989
5/30/2014,3796,5.824042857
5/30/2014,3797,5.824075824
5/30/2014,3798,5.824108791
5/30/2014,3799,5.824141758
5/30/2014,3800,5.824174725
5/30/2014,3801,5.824207692
5/30/2014,3802,5.824240659
5/30/2014,3803,5.824273626
5/30/2014,3804,5.824306593
5/30/2014,3805,5.82433956
5/30/2014,3806,5.824372527
5/30/2014,3807,5.824405495
5/30/2014,3808,5.824438462
5/30/2014,3809,5.824471429
5/30/2014,3810,5.824504396
5/30/2014,3811,5.824537363
5/30/2014,3812,5.82457033
5/30/2014,3813,5.824603297
5/30/2014,3814,5.824636264
5/30/2014,3815,5.824669231
5/30/2014,3816,5.824702198
5/30/2014,3817,5.824735165
5/30/2014,3818,5.824768132
5/30/2014,3819,5.824801099
5/30/2014,3820,5.824834066
5/30/2014,3821,5.824867033
5/30/2014,3822,5.8249
5/30/2014,3823,5.825148901
5/30/2014,3824,5.825397802
5/30/2014,3825,5.825646703
5/30/2014,3826,5.825895604
5/30/2014,3827,5.826144505
5/30/2014,3828,5.826393407
5/30/2014,3829,5.826642308
5/30/2014,3830,5.826891209
5/30/2014,3831,5.82714011
5/30/2014,3832,5.827389011
5/30/2014,3833,5.827637912
5/30/2014,3834,5.827886813
5/30/2014,3835,5.828135714
5/30/2014,3836,5.828384615
5/30/2014,3837,5.828633516
5/30/2014,3838,5.828882418
5/30/2014,3839,5.829131319
5/30/2014,3840,5.82938022
5/30/2014,3841,5.829629121
5/30/2014,3842,5.829878022
5/30/2014,3843,5.830126923
5/30/2014,3844,5.830375824
5/30/2014,3845,5.830624725
5/30/2014,3846,5.830873626
5/30/2014,3847,5.831122527
5/30/2014,3848,5.831371429
5/30/2014,3849,5.83162033
5/30/2014,3850,5.831869231
5/30/2014,3851,5.832118132
5/30/2014,3852,5.832367033
5/30/2014,3853,5.832615934
5/30/2014,3854,5.832864835
5/30/2014,3855,5.833113736
5/30/2014,3856,5.833362637
5/30/2014,3857,5.833611538
5/30/2014,3858,5.83386044
5/30/2014,3859,5.834109341
5/30/2014,3860,5.834358242
5/30/2014,3861,5.834607143
5/30/2014,3862,5.834856044
5/30/2014,3863,5.835104945
5/30/2014,3864,5.835353846
5/30/2014,3865,5.835602747
5/30/2014,3866,5.835851648
5/30/2014,3867,5.836100549
5/30/2014,3868,5.836349451
5/30/2014,3869,5.836598352
5/30/2014,3870,5.836847253
5/30/2014,3871,5.837096154
5/30/2014,3872,5.837345055
5/30/2014,3873,5.837593956
5/30/2014,3874,5.837842857
5/30/2014,3875,5.838091758
5/30/2014,3876,5.838340659
5/30/2014,3877,5.83858956
5/30/2014,3878,5.838838462
5/30/2014,3879,5.839087363
5/30/2014,3880,5.839336264
5/30/2014,3881,5.839585165
5/30/2014,3882,5.839834066
5/30/2014,3883,5.840082967
5/30/2014,3884,5.840331868
5/30/2014,3885,5.840580769
5/30/2014,3886,5.84082967
5/30/2014,3887,5.841078571
5/30/2014,3888,5.841327473
5/30/2014,3889,5.841576374
5/30/2014,3890,5.841825275
5/30/2014,3891,5.842074176
5/30/2014,3892,5.842323077
5/30/2014,3893,5.842571978
5/30/2014,3894,5.842820879
5/30/2014,3895,5.84306978
5/30/2014,3896,5.843318681
5/30/2014,3897,5.843567582
5/30/2014,3898,5.843816484
5/30/2014,3899,5.844065385
5/30/2014,3900,5.844314286
5/30/2014,3901,5.844563187
5/30/2014,3902,5.844812088
5/30/2014,3903,5.845060989
5/30/2014,3904,5.84530989
5/30/2014,3905,5.845558791
5/30/2014,3906,5.845807692
5/30/2014,3907,5.846056593
5/30/2014,3908,5.846305495
5/30/2014,3909,5.846554396
5/30/2014,3910,5.846803297
5/30/2014,3911,5.847052198
5/30/2014,3912,5.847301099
5/30/2014,3913,5.84755
5/30/2014,3914,5.847798901
5/30/2014,3915,5.848047802
5/30/2014,3916,5.848296703
5/30/2014,3917,5.848545604
5/30/2014,3918,5.848794505
5/30/2014,3919,5.849043407
5/30/2014,3920,5.849292308
5/30/2014,3921,5.849541209
5/30/2014,3922,5.84979011
5/30/2014,3923,5.850039011
5/30/2014,3924,5.850287912
5/30/2014,3925,5.850536813
5/30/2014,3926,5.850785714
5/30/2014,3927,5.851034615
5/30/2014,3928,5.851283516
5/30/2014,3929,5.851532418
5/30/2014,3930,5.851781319
5/30/2014,3931,5.85203022
5/30/2014,3932,5.852279121
5/30/2014,3933,5.852528022
5/30/2014,3934,5.852776923
5/30/2014,3935,5.853025824
5/30/2014,3936,5.853274725
5/30/2014,3937,5.853523626
5/30/2014,3938,5.853772527
5/30/2014,3939,5.854021429
5/30/2014,3940,5.85427033
5/30/2014,3941,5.854519231
5/30/2014,3942,5.854768132
5/30/2014,3943,5.855017033
5/30/2014,3944,5.855265934
5/30/2014,3945,5.855514835
5/30/2014,3946,5.855763736
5/30/2014,3947,5.856012637
5/30/2014,3948,5.856261538
5/30/2014,3949,5.85651044
5/30/2014,3950,5.856759341
5/30/2014,3951,5.857008242
5/30/2014,3952,5.857257143
5/30/2014,3953,5.857506044
5/30/2014,3954,5.857754945
5/30/2014,3955,5.858003846
5/30/2014,3956,5.858252747
5/30/2014,3957,5.858501648
5/30/2014,3958,5.858750549
5/30/2014,3959,5.858999451
5/30/2014,3960,5.859248352
5/30/2014,3961,5.859497253
5/30/2014,3962,5.859746154
5/30/2014,3963,5.859995055
5/30/2014,3964,5.860243956
5/30/2014,3965,5.860492857
5/30/2014,3966,5.860741758
5/30/2014,3967,5.860990659
5/30/2014,3968,5.86123956
5/30/2014,3969,5.861488462
5/30/2014,3970,5.861737363
5/30/2014,3971,5.861986264
5/30/2014,3972,5.862235165
5/30/2014,3973,5.862484066
5/30/2014,3974,5.862732967
5/30/2014,3975,5.862981868
5/30/2014,3976,5.863230769
5/30/2014,3977,5.86347967
5/30/2014,3978,5.863728571
5/30/2014,3979,5.863977473
5/30/2014,3980,5.864226374
5/30/2014,3981,5.864475275
5/30/2014,3982,5.864724176
5/30/2014,3983,5.864973077
5/30/2014,3984,5.865221978
5/30/2014,3985,5.865470879
5/30/2014,3986,5.86571978
5/30/2014,3987,5.865968681
5/30/2014,3988,5.866217582
5/30/2014,3989,5.866466484
5/30/2014,3990,5.866715385
5/30/2014,3991,5.866964286
5/30/2014,3992,5.867213187
5/30/2014,3993,5.867462088
5/30/2014,3994,5.867710989
5/30/2014,3995,5.86795989
5/30/2014,3996,5.868208791
5/30/2014,3997,5.868457692
5/30/2014,3998,5.868706593
5/30/2014,3999,5.868955495
5/30/2014,4000,5.869204396
5/30/2014,4001,5.869453297
5/30/2014,4002,5.869702198
5/30/2014,4003,5.869951099
5/30/2014,4004,5.8702
5/30/2014,4005,5.870443407
5/30/2014,4006,5.870686813
5/30/2014,4007,5.87093022
5/30/2014,4008,5.871173626
5/30/2014,4009,5.871417033
5/30/2014,4010,5.87166044
5/30/2014,4011,5.871903846
5/30/2014,4012,5.872147253
5/30/2014,4013,5.872390659
5/30/2014,4014,5.872634066
5/30/2014,4015,5.872877473
5/30/2014,4016,5.873120879
5/30/2014,4017,5.873364286
5/30/2014,4018,5.873607692
5/30/2014,4019,5.873851099
5/30/2014,4020,5.874094505
5/30/2014,4021,5.874337912
5/30/2014,4022,5.874581319
5/30/2014,4023,5.874824725
5/30/2014,4024,5.875068132
5/30/2014,4025,5.875311538
5/30/2014,4026,5.875554945
5/30/2014,4027,5.875798352
5/30/2014,4028,5.876041758
5/30/2014,4029,5.876285165
5/30/2014,4030,5.876528571
5/30/2014,4031,5.876771978
5/30/2014,4032,5.877015385
5/30/2014,4033,5.877258791
5/30/2014,4034,5.877502198
5/30/2014,4035,5.877745604
5/30/2014,4036,5.877989011
5/30/2014,4037,5.878232418
5/30/2014,4038,5.878475824
5/30/2014,4039,5.878719231
5/30/2014,4040,5.878962637
5/30/2014,4041,5.879206044
5/30/2014,4042,5.879449451
5/30/2014,4043,5.879692857
5/30/2014,4044,5.879936264
5/30/2014,4045,5.88017967
5/30/2014,4046,5.880423077
5/30/2014,4047,5.880666484
5/30/2014,4048,5.88090989
5/30/2014,4049,5.881153297
5/30/2014,4050,5.881396703
5/30/2014,4051,5.88164011
5/30/2014,4052,5.881883516
5/30/2014,4053,5.882126923
5/30/2014,4054,5.88237033
5/30/2014,4055,5.882613736
5/30/2014,4056,5.882857143
5/30/2014,4057,5.883100549
5/30/2014,4058,5.883343956
5/30/2014,4059,5.883587363
5/30/2014,4060,5.883830769
5/30/2014,4061,5.884074176
5/30/2014,4062,5.884317582
5/30/2014,4063,5.884560989
5/30/2014,4064,5.884804396
5/30/2014,4065,5.885047802
5/30/2014,4066,5.885291209
5/30/2014,4067,5.885534615
5/30/2014,4068,5.885778022
5/30/2014,4069,5.886021429
5/30/2014,4070,5.886264835
5/30/2014,4071,5.886508242
5/30/2014,4072,5.886751648
5/30/2014,4073,5.886995055
5/30/2014,4074,5.887238462
5/30/2014,4075,5.887481868
5/30/2014,4076,5.887725275
5/30/2014,4077,5.887968681
5/30/2014,4078,5.888212088
5/30/2014,4079,5.888455495
5/30/2014,4080,5.888698901
5/30/2014,4081,5.888942308
5/30/2014,4082,5.889185714
5/30/2014,4083,5.889429121
5/30/2014,4084,5.889672527
5/30/2014,4085,5.889915934
5/30/2014,4086,5.890159341
5/30/2014,4087,5.890402747
5/30/2014,4088,5.890646154
5/30/2014,4089,5.89088956
5/30/2014,4090,5.891132967
5/30/2014,4091,5.891376374
5/30/2014,4092,5.89161978
5/30/2014,4093,5.891863187
5/30/2014,4094,5.892106593
5/30/2014,4095,5.89235
5/30/2014,4096,5.892593407
5/30/2014,4097,5.892836813
5/30/2014,4098,5.89308022
5/30/2014,4099,5.893323626
5/30/2014,4100,5.893567033
5/30/2014,4101,5.89381044
5/30/2014,4102,5.894053846
5/30/2014,4103,5.894297253
5/30/2014,4104,5.894540659
5/30/2014,4105,5.894784066
5/30/2014,4106,5.895027473
5/30/2014,4107,5.895270879
5/30/2014,4108,5.895514286
5/30/2014,4109,5.895757692
5/30/2014,4110,5.896001099
5/30/2014,4111,5.896244505
5/30/2014,4112,5.896487912
5/30/2014,4113,5.896731319
5/30/2014,4114,5.896974725
5/30/2014,4115,5.897218132
5/30/2014,4116,5.897461538
5/30/2014,4117,5.897704945
5/30/2014,4118,5.897948352
5/30/2014,4119,5.898191758
5/30/2014,4120,5.898435165
5/30/2014,4121,5.898678571
5/30/2014,4122,5.898921978
5/30/2014,4123,5.899165385
5/30/2014,4124,5.899408791
5/30/2014,4125,5.899652198
5/30/2014,4126,5.899895604
5/30/2014,4127,5.900139011
5/30/2014,4128,5.900382418
5/30/2014,4129,5.900625824
5/30/2014,4130,5.900869231
5/30/2014,4131,5.901112637
5/30/2014,4132,5.901356044
5/30/2014,4133,5.901599451
5/30/2014,4134,5.901842857
5/30/2014,4135,5.902086264
5/30/2014,4136,5.90232967
5/30/2014,4137,5.902573077
5/30/2014,4138,5.902816484
5/30/2014,4139,5.90305989
5/30/2014,4140,5.903303297
5/30/2014,4141,5.903546703
5/30/2014,4142,5.90379011
5/30/2014,4143,5.904033516
5/30/2014,4144,5.904276923
5/30/2014,4145,5.90452033
5/30/2014,4146,5.904763736
5/30/2014,4147,5.905007143
5/30/2014,4148,5.905250549
5/30/2014,4149,5.905493956
5/30/2014,4150,5.905737363
5/30/2014,4151,5.905980769
5/30/2014,4152,5.906224176
5/30/2014,4153,5.906467582
5/30/2014,4154,5.906710989
5/30/2014,4155,5.906954396
5/30/2014,4156,5.907197802
5/30/2014,4157,5.907441209
5/30/2014,4158,5.907684615
5/30/2014,4159,5.907928022
5/30/2014,4160,5.908171429
5/30/2014,4161,5.908414835
5/30/2014,4162,5.908658242
5/30/2014,4163,5.908901648
5/30/2014,4164,5.909145055
5/30/2014,4165,5.909388462
5/30/2014,4166,5.909631868
5/30/2014,4167,5.909875275
5/30/2014,4168,5.910118681
5/30/2014,4169,5.910362088
5/30/2014,4170,5.910605495
5/30/2014,4171,5.910848901
5/30/2014,4172,5.911092308
5/30/2014,4173,5.911335714
5/30/2014,4174,5.911579121
5/30/2014,4175,5.911822527
5/30/2014,4176,5.912065934
5/30/2014,4177,5.912309341
5/30/2014,4178,5.912552747
5/30/2014,4179,5.912796154
5/30/2014,4180,5.91303956
5/30/2014,4181,5.913282967
5/30/2014,4182,5.913526374
5/30/2014,4183,5.91376978
5/30/2014,4184,5.914013187
5/30/2014,4185,5.914256593
5/30/2014,4186,5.9145
5/30/2014,4187,5.915027473
5/30/2014,4188,5.915554945
5/30/2014,4189,5.916082418
5/30/2014,4190,5.91660989
5/30/2014,4191,5.917137363
5/30/2014,4192,5.917664835
5/30/2014,4193,5.918192308
5/30/2014,4194,5.91871978
5/30/2014,4195,5.919247253
5/30/2014,4196,5.919774725
5/30/2014,4197,5.920302198
5/30/2014,4198,5.92082967
5/30/2014,4199,5.921357143
5/30/2014,4200,5.921884615
5/30/2014,4201,5.922412088
5/30/2014,4202,5.92293956
5/30/2014,4203,5.923467033
5/30/2014,4204,5.923994505
5/30/2014,4205,5.924521978
5/30/2014,4206,5.925049451
5/30/2014,4207,5.925576923
5/30/2014,4208,5.926104396
5/30/2014,4209,5.926631868
5/30/2014,4210,5.927159341
5/30/2014,4211,5.927686813
5/30/2014,4212,5.928214286
5/30/2014,4213,5.928741758
5/30/2014,4214,5.929269231
5/30/2014,4215,5.929796703
5/30/2014,4216,5.930324176
5/30/2014,4217,5.930851648
5/30/2014,4218,5.931379121
5/30/2014,4219,5.931906593
5/30/2014,4220,5.932434066
5/30/2014,4221,5.932961538
5/30/2014,4222,5.933489011
5/30/2014,4223,5.934016484
5/30/2014,4224,5.934543956
5/30/2014,4225,5.935071429
5/30/2014,4226,5.935598901
5/30/2014,4227,5.936126374
5/30/2014,4228,5.936653846
5/30/2014,4229,5.937181319
5/30/2014,4230,5.937708791
5/30/2014,4231,5.938236264
5/30/2014,4232,5.938763736
5/30/2014,4233,5.939291209
5/30/2014,4234,5.939818681
5/30/2014,4235,5.940346154
5/30/2014,4236,5.940873626
5/30/2014,4237,5.941401099
5/30/2014,4238,5.941928571
5/30/2014,4239,5.942456044
5/30/2014,4240,5.942983516
5/30/2014,4241,5.943510989
5/30/2014,4242,5.944038462
5/30/2014,4243,5.944565934
5/30/2014,4244,5.945093407
5/30/2014,4245,5.945620879
5/30/2014,4246,5.946148352
5/30/2014,4247,5.946675824
5/30/2014,4248,5.947203297
5/30/2014,4249,5.947730769
5/30/2014,4250,5.948258242
5/30/2014,4251,5.948785714
5/30/2014,4252,5.949313187
5/30/2014,4253,5.949840659
5/30/2014,4254,5.950368132
5/30/2014,4255,5.950895604
5/30/2014,4256,5.951423077
5/30/2014,4257,5.951950549
5/30/2014,4258,5.952478022
5/30/2014,4259,5.953005495
5/30/2014,4260,5.953532967
5/30/2014,4261,5.95406044
5/30/2014,4262,5.954587912
5/30/2014,4263,5.955115385
5/30/2014,4264,5.955642857
5/30/2014,4265,5.95617033
5/30/2014,4266,5.956697802
5/30/2014,4267,5.957225275
5/30/2014,4268,5.957752747
5/30/2014,4269,5.95828022
5/30/2014,4270,5.958807692
5/30/2014,4271,5.959335165
5/30/2014,4272,5.959862637
5/30/2014,4273,5.96039011
5/30/2014,4274,5.960917582
5/30/2014,4275,5.961445055
5/30/2014,4276,5.961972527
5/30/2014,4277,5.9625
5/30/2014,4278,5.963027473
5/30/2014,4279,5.963554945
5/30/2014,4280,5.964082418
5/30/2014,4281,5.96460989
5/30/2014,4282,5.965137363
5/30/2014,4283,5.965664835
5/30/2014,4284,5.966192308
5/30/2014,4285,5.96671978
5/30/2014,4286,5.967247253
5/30/2014,4287,5.967774725
5/30/2014,4288,5.968302198
5/30/2014,4289,5.96882967
5/30/2014,4290,5.969357143
5/30/2014,4291,5.969884615
5/30/2014,4292,5.970412088
5/30/2014,4293,5.97093956
5/30/2014,4294,5.971467033
5/30/2014,4295,5.971994505
5/30/2014,4296,5.972521978
5/30/2014,4297,5.973049451
5/30/2014,4298,5.973576923
5/30/2014,4299,5.974104396
5/30/2014,4300,5.974631868
5/30/2014,4301,5.975159341
5/30/2014,4302,5.975686813
5/30/2014,4303,5.976214286
5/30/2014,4304,5.976741758
5/30/2014,4305,5.977269231
5/30/2014,4306,5.977796703
5/30/2014,4307,5.978324176
5/30/2014,4308,5.978851648
5/30/2014,4309,5.979379121
5/30/2014,4310,5.979906593
5/30/2014,4311,5.980434066
5/30/2014,4312,5.980961538
5/30/2014,4313,5.981489011
5/30/2014,4314,5.982016484
5/30/2014,4315,5.982543956
5/30/2014,4316,5.983071429
5/30/2014,4317,5.983598901
5/30/2014,4318,5.984126374
5/30/2014,4319,5.984653846
5/30/2014,4320,5.985181319
5/30/2014,4321,5.985708791
5/30/2014,4322,5.986236264
5/30/2014,4323,5.986763736
5/30/2014,4324,5.987291209
5/30/2014,4325,5.987818681
5/30/2014,4326,5.988346154
5/30/2014,4327,5.988873626
5/30/2014,4328,5.989401099
5/30/2014,4329,5.989928571
5/30/2014,4330,5.990456044
5/30/2014,4331,5.990983516
5/30/2014,4332,5.991510989
5/30/2014,4333,5.992038462
5/30/2014,4334,5.992565934
5/30/2014,4335,5.993093407
5/30/2014,4336,5.993620879
5/30/2014,4337,5.994148352
5/30/2014,4338,5.994675824
5/30/2014,4339,5.995203297
5/30/2014,4340,5.995730769
5/30/2014,4341,5.996258242
5/30/2014,4342,5.996785714
5/30/2014,4343,5.997313187
5/30/2014,4344,5.997840659
5/30/2014,4345,5.998368132
5/30/2014,4346,5.998895604
5/30/2014,4347,5.999423077
5/30/2014,4348,5.999950549
5/30/2014,4349,6.000478022
5/30/2014,4350,6.001005495
5/30/2014,4351,6.001532967
5/30/2014,4352,6.00206044
5/30/2014,4353,6.002587912
5/30/2014,4354,6.003115385
5/30/2014,4355,6.003642857
5/30/2014,4356,6.00417033
5/30/2014,4357,6.004697802
5/30/2014,4358,6.005225275
5/30/2014,4359,6.005752747
5/30/2014,4360,6.00628022
5/30/2014,4361,6.006807692
5/30/2014,4362,6.007335165
5/30/2014,4363,6.007862637
5/30/2014,4364,6.00839011
5/30/2014,4365,6.008917582
5/30/2014,4366,6.009445055
5/30/2014,4367,6.009972527
5/30/2014,4368,6.0105
5/30/2014,4369,6.010737912
5/30/2014,4370,6.010975824
5/30/2014,4371,6.011213736
5/30/2014,4372,6.011451648
5/30/2014,4373,6.01168956
5/30/2014,4374,6.011927473
5/30/2014,4375,6.012165385
5/30/2014,4376,6.012403297
5/30/2014,4377,6.012641209
5/30/2014,4378,6.012879121
5/30/2014,4379,6.013117033
5/30/2014,4380,6.013354945
5/30/2014,4381,6.013592857
5/30/2014,4382,6.013830769
5/30/2014,4383,6.014068681
5/30/2014,4384,6.014306593
5/30/2014,4385,6.014544505
5/30/2014,4386,6.014782418
5/30/2014,4387,6.01502033
5/30/2014,4388,6.015258242
5/30/2014,4389,6.015496154
5/30/2014,4390,6.015734066
5/30/2014,4391,6.015971978
5/30/2014,4392,6.01620989
5/30/2014,4393,6.016447802
5/30/2014,4394,6.016685714
5/30/2014,4395,6.016923626
5/30/2014,4396,6.017161538
5/30/2014,4397,6.017399451
5/30/2014,4398,6.017637363
5/30/2014,4399,6.017875275
5/30/2014,4400,6.018113187
5/30/2014,4401,6.018351099
5/30/2014,4402,6.018589011
5/30/2014,4403,6.018826923
5/30/2014,4404,6.019064835
5/30/2014,4405,6.019302747
5/30/2014,4406,6.019540659
5/30/2014,4407,6.019778571
5/30/2014,4408,6.020016484
5/30/2014,4409,6.020254396
5/30/2014,4410,6.020492308
5/30/2014,4411,6.02073022
5/30/2014,4412,6.020968132
5/30/2014,4413,6.021206044
5/30/2014,4414,6.021443956
5/30/2014,4415,6.021681868
5/30/2014,4416,6.02191978
5/30/2014,4417,6.022157692
5/30/2014,4418,6.022395604
5/30/2014,4419,6.022633516
5/30/2014,4420,6.022871429
5/30/2014,4421,6.023109341
5/30/2014,4422,6.023347253
5/30/2014,4423,6.023585165
5/30/2014,4424,6.023823077
5/30/2014,4425,6.024060989
5/30/2014,4426,6.024298901
5/30/2014,4427,6.024536813
5/30/2014,4428,6.024774725
5/30/2014,4429,6.025012637
5/30/2014,4430,6.025250549
5/30/2014,4431,6.025488462
5/30/2014,4432,6.025726374
5/30/2014,4433,6.025964286
5/30/2014,4434,6.026202198
5/30/2014,4435,6.02644011
5/30/2014,4436,6.026678022
5/30/2014,4437,6.026915934
5/30/2014,4438,6.027153846
5/30/2014,4439,6.027391758
5/30/2014,4440,6.02762967
5/30/2014,4441,6.027867582
5/30/2014,4442,6.028105495
5/30/2014,4443,6.028343407
5/30/2014,4444,6.028581319
5/30/2014,4445,6.028819231
5/30/2014,4446,6.029057143
5/30/2014,4447,6.029295055
5/30/2014,4448,6.029532967
5/30/2014,4449,6.029770879
5/30/2014,4450,6.030008791
5/30/2014,4451,6.030246703
5/30/2014,4452,6.030484615
5/30/2014,4453,6.030722527
5/30/2014,4454,6.03096044
5/30/2014,4455,6.031198352
5/30/2014,4456,6.031436264
5/30/2014,4457,6.031674176
5/30/2014,4458,6.031912088
5/30/2014,4459,6.03215
5/30/2014,4460,6.032387912
5/30/2014,4461,6.032625824
5/30/2014,4462,6.032863736
5/30/2014,4463,6.033101648
5/30/2014,4464,6.03333956
5/30/2014,4465,6.033577473
5/30/2014,4466,6.033815385
5/30/2014,4467,6.034053297
5/30/2014,4468,6.034291209
5/30/2014,4469,6.034529121
5/30/2014,4470,6.034767033
5/30/2014,4471,6.035004945
5/30/2014,4472,6.035242857
5/30/2014,4473,6.035480769
5/30/2014,4474,6.035718681
5/30/2014,4475,6.035956593
5/30/2014,4476,6.036194505
5/30/2014,4477,6.036432418
5/30/2014,4478,6.03667033
5/30/2014,4479,6.036908242
5/30/2014,4480,6.037146154
5/30/2014,4481,6.037384066
5/30/2014,4482,6.037621978
5/30/2014,4483,6.03785989
5/30/2014,4484,6.038097802
5/30/2014,4485,6.038335714
5/30/2014,4486,6.038573626
5/30/2014,4487,6.038811538
5/30/2014,4488,6.039049451
5/30/2014,4489,6.039287363
5/30/2014,4490,6.039525275
5/30/2014,4491,6.039763187
5/30/2014,4492,6.040001099
5/30/2014,4493,6.040239011
5/30/2014,4494,6.040476923
5/30/2014,4495,6.040714835
5/30/2014,4496,6.040952747
5/30/2014,4497,6.041190659
5/30/2014,4498,6.041428571
5/30/2014,4499,6.041666484
5/30/2014,4500,6.041904396
5/30/2014,4501,6.042142308
5/30/2014,4502,6.04238022
5/30/2014,4503,6.042618132
5/30/2014,4504,6.042856044
5/30/2014,4505,6.043093956
5/30/2014,4506,6.043331868
5/30/2014,4507,6.04356978
5/30/2014,4508,6.043807692
5/30/2014,4509,6.044045604
5/30/2014,4510,6.044283516
5/30/2014,4511,6.044521429
5/30/2014,4512,6.044759341
5/30/2014,4513,6.044997253
5/30/2014,4514,6.045235165
5/30/2014,4515,6.045473077
5/30/2014,4516,6.045710989
5/30/2014,4517,6.045948901
5/30/2014,4518,6.046186813
5/30/2014,4519,6.046424725
5/30/2014,4520,6.046662637
5/30/2014,4521,6.046900549
5/30/2014,4522,6.047138462
5/30/2014,4523,6.047376374
5/30/2014,4524,6.047614286
5/30/2014,4525,6.047852198
5/30/2014,4526,6.04809011
5/30/2014,4527,6.048328022
5/30/2014,4528,6.048565934
5/30/2014,4529,6.048803846
5/30/2014,4530,6.049041758
5/30/2014,4531,6.04927967
5/30/2014,4532,6.049517582
5/30/2014,4533,6.049755495
5/30/2014,4534,6.049993407
5/30/2014,4535,6.050231319
5/30/2014,4536,6.050469231
5/30/2014,4537,6.050707143
5/30/2014,4538,6.050945055
5/30/2014,4539,6.051182967
5/30/2014,4540,6.051420879
5/30/2014,4541,6.051658791
5/30/2014,4542,6.051896703
5/30/2014,4543,6.052134615
5/30/2014,4544,6.052372527
5/30/2014,4545,6.05261044
5/30/2014,4546,6.052848352
5/30/2014,4547,6.053086264
5/30/2014,4548,6.053324176
5/30/2014,4549,6.053562088
5/30/2014,4550,6.0538
5/30/2014,4551,6.054032967
5/30/2014,4552,6.054265934
5/30/2014,4553,6.054498901
5/30/2014,4554,6.054731868
5/30/2014,4555,6.054964835
5/30/2014,4556,6.055197802
5/30/2014,4557,6.055430769
5/30/2014,4558,6.055663736
5/30/2014,4559,6.055896703
5/30/2014,4560,6.05612967
5/30/2014,4561,6.056362637
5/30/2014,4562,6.056595604
5/30/2014,4563,6.056828571
5/30/2014,4564,6.057061538
5/30/2014,4565,6.057294505
5/30/2014,4566,6.057527473
5/30/2014,4567,6.05776044
5/30/2014,4568,6.057993407
5/30/2014,4569,6.058226374
5/30/2014,4570,6.058459341
5/30/2014,4571,6.058692308
5/30/2014,4572,6.058925275
5/30/2014,4573,6.059158242
5/30/2014,4574,6.059391209
5/30/2014,4575,6.059624176
5/30/2014,4576,6.059857143
5/30/2014,4577,6.06009011
5/30/2014,4578,6.060323077
5/30/2014,4579,6.060556044
5/30/2014,4580,6.060789011
5/30/2014,4581,6.061021978
5/30/2014,4582,6.061254945
5/30/2014,4583,6.061487912
5/30/2014,4584,6.061720879
5/30/2014,4585,6.061953846
5/30/2014,4586,6.062186813
5/30/2014,4587,6.06241978
5/30/2014,4588,6.062652747
5/30/2014,4589,6.062885714
5/30/2014,4590,6.063118681
5/30/2014,4591,6.063351648
5/30/2014,4592,6.063584615
5/30/2014,4593,6.063817582
5/30/2014,4594,6.064050549
5/30/2014,4595,6.064283516
5/30/2014,4596,6.064516484
5/30/2014,4597,6.064749451
5/30/2014,4598,6.064982418
5/30/2014,4599,6.065215385
5/30/2014,4600,6.065448352
5/30/2014,4601,6.065681319
5/30/2014,4602,6.065914286
5/30/2014,4603,6.066147253
5/30/2014,4604,6.06638022
5/30/2014,4605,6.066613187
5/30/2014,4606,6.066846154
5/30/2014,4607,6.067079121
5/30/2014,4608,6.067312088
5/30/2014,4609,6.067545055
5/30/2014,4610,6.067778022
5/30/2014,4611,6.068010989
5/30/2014,4612,6.068243956
5/30/2014,4613,6.068476923
5/30/2014,4614,6.06870989
5/30/2014,4615,6.068942857
5/30/2014,4616,6.069175824
5/30/2014,4617,6.069408791
5/30/2014,4618,6.069641758
5/30/2014,4619,6.069874725
5/30/2014,4620,6.070107692
5/30/2014,4621,6.070340659
5/30/2014,4622,6.070573626
5/30/2014,4623,6.070806593
5/30/2014,4624,6.07103956
5/30/2014,4625,6.071272527
5/30/2014,4626,6.071505495
5/30/2014,4627,6.071738462
5/30/2014,4628,6.071971429
5/30/2014,4629,6.072204396
5/30/2014,4630,6.072437363
5/30/2014,4631,6.07267033
5/30/2014,4632,6.072903297
5/30/2014,4633,6.073136264
5/30/2014,4634,6.073369231
5/30/2014,4635,6.073602198
5/30/2014,4636,6.073835165
5/30/2014,4637,6.074068132
5/30/2014,4638,6.074301099
5/30/2014,4639,6.074534066
5/30/2014,4640,6.074767033
5/30/2014,4641,6.075
5/30/2014,4642,6.075232967
5/30/2014,4643,6.075465934
5/30/2014,4644,6.075698901
5/30/2014,4645,6.075931868
5/30/2014,4646,6.076164835
5/30/2014,4647,6.076397802
5/30/2014,4648,6.076630769
5/30/2014,4649,6.076863736
5/30/2014,4650,6.077096703
5/30/2014,4651,6.07732967
5/30/2014,4652,6.077562637
5/30/2014,4653,6.077795604
5/30/2014,4654,6.078028571
5/30/2014,4655,6.078261538
5/30/2014,4656,6.078494505
5/30/2014,4657,6.078727473
5/30/2014,4658,6.07896044
5/30/2014,4659,6.079193407
5/30/2014,4660,6.079426374
5/30/2014,4661,6.079659341
5/30/2014,4662,6.079892308
5/30/2014,4663,6.080125275
5/30/2014,4664,6.080358242
5/30/2014,4665,6.080591209
5/30/2014,4666,6.080824176
5/30/2014,4667,6.081057143
5/30/2014,4668,6.08129011
5/30/2014,4669,6.081523077
5/30/2014,4670,6.081756044
5/30/2014,4671,6.081989011
5/30/2014,4672,6.082221978
5/30/2014,4673,6.082454945
5/30/2014,4674,6.082687912
5/30/2014,4675,6.082920879
5/30/2014,4676,6.083153846
5/30/2014,4677,6.083386813
5/30/2014,4678,6.08361978
5/30/2014,4679,6.083852747
5/30/2014,4680,6.084085714
5/30/2014,4681,6.084318681
5/30/2014,4682,6.084551648
5/30/2014,4683,6.084784615
5/30/2014,4684,6.085017582
5/30/2014,4685,6.085250549
5/30/2014,4686,6.085483516
5/30/2014,4687,6.085716484
5/30/2014,4688,6.085949451
5/30/2014,4689,6.086182418
5/30/2014,4690,6.086415385
5/30/2014,4691,6.086648352
5/30/2014,4692,6.086881319
5/30/2014,4693,6.087114286
5/30/2014,4694,6.087347253
5/30/2014,4695,6.08758022
5/30/2014,4696,6.087813187
5/30/2014,4697,6.088046154
5/30/2014,4698,6.088279121
5/30/2014,4699,6.088512088
5/30/2014,4700,6.088745055
5/30/2014,4701,6.088978022
5/30/2014,4702,6.089210989
5/30/2014,4703,6.089443956
5/30/2014,4704,6.089676923
5/30/2014,4705,6.08990989
5/30/2014,4706,6.090142857
5/30/2014,4707,6.090375824
5/30/2014,4708,6.090608791
5/30/2014,4709,6.090841758
5/30/2014,4710,6.091074725
5/30/2014,4711,6.091307692
5/30/2014,4712,6.091540659
5/30/2014,4713,6.091773626
5/30/2014,4714,6.092006593
5/30/2014,4715,6.09223956
5/30/2014,4716,6.092472527
5/30/2014,4717,6.092705495
5/30/2014,4718,6.092938462
5/30/2014,4719,6.093171429
5/30/2014,4720,6.093404396
5/30/2014,4721,6.093637363
5/30/2014,4722,6.09387033
5/30/2014,4723,6.094103297
5/30/2014,4724,6.094336264
5/30/2014,4725,6.094569231
5/30/2014,4726,6.094802198
5/30/2014,4727,6.095035165
5/30/2014,4728,6.095268132
5/30/2014,4729,6.095501099
5/30/2014,4730,6.095734066
5/30/2014,4731,6.095967033
5/30/2014,4732,6.0962
5/30/2014,4733,6.096518132
5/30/2014,4734,6.096836264
5/30/2014,4735,6.097154396
5/30/2014,4736,6.097472527
5/30/2014,4737,6.097790659
5/30/2014,4738,6.098108791
5/30/2014,4739,6.098426923
5/30/2014,4740,6.098745055
5/30/2014,4741,6.099063187
5/30/2014,4742,6.099381319
5/30/2014,4743,6.099699451
5/30/2014,4744,6.100017582
5/30/2014,4745,6.100335714
5/30/2014,4746,6.100653846
5/30/2014,4747,6.100971978
5/30/2014,4748,6.10129011
5/30/2014,4749,6.101608242
5/30/2014,4750,6.101926374
5/30/2014,4751,6.102244505
5/30/2014,4752,6.102562637
5/30/2014,4753,6.102880769
5/30/2014,4754,6.103198901
5/30/2014,4755,6.103517033
5/30/2014,4756,6.103835165
5/30/2014,4757,6.104153297
5/30/2014,4758,6.104471429
5/30/2014,4759,6.10478956
5/30/2014,4760,6.105107692
5/30/2014,4761,6.105425824
5/30/2014,4762,6.105743956
5/30/2014,4763,6.106062088
5/30/2014,4764,6.10638022
5/30/2014,4765,6.106698352
5/30/2014,4766,6.107016484
5/30/2014,4767,6.107334615
5/30/2014,4768,6.107652747
5/30/2014,4769,6.107970879
5/30/2014,4770,6.108289011
5/30/2014,4771,6.108607143
5/30/2014,4772,6.108925275
5/30/2014,4773,6.109243407
5/30/2014,4774,6.109561538
5/30/2014,4775,6.10987967
5/30/2014,4776,6.110197802
5/30/2014,4777,6.110515934
5/30/2014,4778,6.110834066
5/30/2014,4779,6.111152198
5/30/2014,4780,6.11147033
5/30/2014,4781,6.111788462
5/30/2014,4782,6.112106593
5/30/2014,4783,6.112424725
5/30/2014,4784,6.112742857
5/30/2014,4785,6.113060989
5/30/2014,4786,6.113379121
5/30/2014,4787,6.113697253
5/30/2014,4788,6.114015385
5/30/2014,4789,6.114333516
5/30/2014,4790,6.114651648
5/30/2014,4791,6.11496978
5/30/2014,4792,6.115287912
5/30/2014,4793,6.115606044
5/30/2014,4794,6.115924176
5/30/2014,4795,6.116242308
5/30/2014,4796,6.11656044
5/30/2014,4797,6.116878571
5/30/2014,4798,6.117196703
5/30/2014,4799,6.117514835
5/30/2014,4800,6.117832967
5/30/2014,4801,6.118151099
5/30/2014,4802,6.118469231
5/30/2014,4803,6.118787363
5/30/2014,4804,6.119105495
5/30/2014,4805,6.119423626
5/30/2014,4806,6.119741758
5/30/2014,4807,6.12005989
5/30/2014,4808,6.120378022
5/30/2014,4809,6.120696154
5/30/2014,4810,6.121014286
5/30/2014,4811,6.121332418
5/30/2014,4812,6.121650549
5/30/2014,4813,6.121968681
5/30/2014,4814,6.122286813
5/30/2014,4815,6.122604945
5/30/2014,4816,6.122923077
5/30/2014,4817,6.123241209
5/30/2014,4818,6.123559341
5/30/2014,4819,6.123877473
5/30/2014,4820,6.124195604
5/30/2014,4821,6.124513736
5/30/2014,4822,6.124831868
5/30/2014,4823,6.12515
5/30/2014,4824,6.125468132
5/30/2014,4825,6.125786264
5/30/2014,4826,6.126104396
5/30/2014,4827,6.126422527
5/30/2014,4828,6.126740659
5/30/2014,4829,6.127058791
5/30/2014,4830,6.127376923
5/30/2014,4831,6.127695055
5/30/2014,4832,6.128013187
5/30/2014,4833,6.128331319
5/30/2014,4834,6.128649451
5/30/2014,4835,6.128967582
5/30/2014,4836,6.129285714
5/30/2014,4837,6.129603846
5/30/2014,4838,6.129921978
5/30/2014,4839,6.13024011
5/30/2014,4840,6.130558242
5/30/2014,4841,6.130876374
5/30/2014,4842,6.131194505
5/30/2014,4843,6.131512637
5/30/2014,4844,6.131830769
5/30/2014,4845,6.132148901
5/30/2014,4846,6.132467033
5/30/2014,4847,6.132785165
5/30/2014,4848,6.133103297
5/30/2014,4849,6.133421429
5/30/2014,4850,6.13373956
5/30/2014,4851,6.134057692
5/30/2014,4852,6.134375824
5/30/2014,4853,6.134693956
5/30/2014,4854,6.135012088
5/30/2014,4855,6.13533022
5/30/2014,4856,6.135648352
5/30/2014,4857,6.135966484
5/30/2014,4858,6.136284615
5/30/2014,4859,6.136602747
5/30/2014,4860,6.136920879
5/30/2014,4861,6.137239011
5/30/2014,4862,6.137557143
5/30/2014,4863,6.137875275
5/30/2014,4864,6.138193407
5/30/2014,4865,6.138511538
5/30/2014,4866,6.13882967
5/30/2014,4867,6.139147802
5/30/2014,4868,6.139465934
5/30/2014,4869,6.139784066
5/30/2014,4870,6.140102198
5/30/2014,4871,6.14042033
5/30/2014,4872,6.140738462
5/30/2014,4873,6.141056593
5/30/2014,4874,6.141374725
5/30/2014,4875,6.141692857
5/30/2014,4876,6.142010989
5/30/2014,4877,6.142329121
5/30/2014,4878,6.142647253
5/30/2014,4879,6.142965385
5/30/2014,4880,6.143283516
5/30/2014,4881,6.143601648
5/30/2014,4882,6.14391978
5/30/2014,4883,6.144237912
5/30/2014,4884,6.144556044
5/30/2014,4885,6.144874176
5/30/2014,4886,6.145192308
5/30/2014,4887,6.14551044
5/30/2014,4888,6.145828571
5/30/2014,4889,6.146146703
5/30/2014,4890,6.146464835
5/30/2014,4891,6.146782967
5/30/2014,4892,6.147101099
5/30/2014,4893,6.147419231
5/30/2014,4894,6.147737363
5/30/2014,4895,6.148055495
5/30/2014,4896,6.148373626
5/30/2014,4897,6.148691758
5/30/2014,4898,6.14900989
5/30/2014,4899,6.149328022
5/30/2014,4900,6.149646154
5/30/2014,4901,6.149964286
5/30/2014,4902,6.150282418
5/30/2014,4903,6.150600549
5/30/2014,4904,6.150918681
5/30/2014,4905,6.151236813
5/30/2014,4906,6.151554945
5/30/2014,4907,6.151873077
5/30/2014,4908,6.152191209
5/30/2014,4909,6.152509341
5/30/2014,4910,6.152827473
5/30/2014,4911,6.153145604
5/30/2014,4912,6.153463736
5/30/2014,4913,6.153781868
5/30/2014,4914,6.1541
5/30/2014,4915,6.154421978
5/30/2014,4916,6.154743956
5/30/2014,4917,6.155065934
5/30/2014,4918,6.155387912
5/30/2014,4919,6.15570989
5/30/2014,4920,6.156031868
5/30/2014,4921,6.156353846
5/30/2014,4922,6.156675824
5/30/2014,4923,6.156997802
5/30/2014,4924,6.15731978
5/30/2014,4925,6.157641758
5/30/2014,4926,6.157963736
5/30/2014,4927,6.158285714
5/30/2014,4928,6.158607692
5/30/2014,4929,6.15892967
5/30/2014,4930,6.159251648
5/30/2014,4931,6.159573626
5/30/2014,4932,6.159895604
5/30/2014,4933,6.160217582
5/30/2014,4934,6.16053956
5/30/2014,4935,6.160861538
5/30/2014,4936,6.161183516
5/30/2014,4937,6.161505495
5/30/2014,4938,6.161827473
5/30/2014,4939,6.162149451
5/30/2014,4940,6.162471429
5/30/2014,4941,6.162793407
5/30/2014,4942,6.163115385
5/30/2014,4943,6.163437363
5/30/2014,4944,6.163759341
5/30/2014,4945,6.164081319
5/30/2014,4946,6.164403297
5/30/2014,4947,6.164725275
5/30/2014,4948,6.165047253
5/30/2014,4949,6.165369231
5/30/2014,4950,6.165691209
5/30/2014,4951,6.166013187
5/30/2014,4952,6.166335165
5/30/2014,4953,6.166657143
5/30/2014,4954,6.166979121
5/30/2014,4955,6.167301099
5/30/2014,4956,6.167623077
5/30/2014,4957,6.167945055
5/30/2014,4958,6.168267033
5/30/2014,4959,6.168589011
5/30/2014,4960,6.168910989
5/30/2014,4961,6.169232967
5/30/2014,4962,6.169554945
5/30/2014,4963,6.169876923
5/30/2014,4964,6.170198901
5/30/2014,4965,6.170520879
5/30/2014,4966,6.170842857
5/30/2014,4967,6.171164835
5/30/2014,4968,6.171486813
5/30/2014,4969,6.171808791
5/30/2014,4970,6.172130769
5/30/2014,4971,6.172452747
5/30/2014,4972,6.172774725
5/30/2014,4973,6.173096703
5/30/2014,4974,6.173418681
5/30/2014,4975,6.173740659
5/30/2014,4976,6.174062637
5/30/2014,4977,6.174384615
5/30/2014,4978,6.174706593
5/30/2014,4979,6.175028571
5/30/2014,4980,6.175350549
5/30/2014,4981,6.175672527
5/30/2014,4982,6.175994505
5/30/2014,4983,6.176316484
5/30/2014,4984,6.176638462
5/30/2014,4985,6.17696044
5/30/2014,4986,6.177282418
5/30/2014,4987,6.177604396
5/30/2014,4988,6.177926374
5/30/2014,4989,6.178248352
5/30/2014,4990,6.17857033
5/30/2014,4991,6.178892308
5/30/2014,4992,6.179214286
5/30/2014,4993,6.179536264
5/30/2014,4994,6.179858242
5/30/2014,4995,6.18018022
5/30/2014,4996,6.180502198
5/30/2014,4997,6.180824176
5/30/2014,4998,6.181146154
5/30/2014,4999,6.181468132
5/30/2014,5000,6.18179011
5/30/2014,5001,6.182112088
5/30/2014,5002,6.182434066
5/30/2014,5003,6.182756044
5/30/2014,5004,6.183078022
5/30/2014,5005,6.1834
5/30/2014,5006,6.183721978
5/30/2014,5007,6.184043956
5/30/2014,5008,6.184365934
5/30/2014,5009,6.184687912
5/30/2014,5010,6.18500989
5/30/2014,5011,6.185331868
5/30/2014,5012,6.185653846
5/30/2014,5013,6.185975824
5/30/2014,5014,6.186297802
5/30/2014,5015,6.18661978
5/30/2014,5016,6.186941758
5/30/2014,5017,6.187263736
5/30/2014,5018,6.187585714
5/30/2014,5019,6.187907692
5/30/2014,5020,6.18822967
5/30/2014,5021,6.188551648
5/30/2014,5022,6.188873626
5/30/2014,5023,6.189195604
5/30/2014,5024,6.189517582
5/30/2014,5025,6.18983956
5/30/2014,5026,6.190161538
5/30/2014,5027,6.190483516
5/30/2014,5028,6.190805495
5/30/2014,5029,6.191127473
5/30/2014,5030,6.191449451
5/30/2014,5031,6.191771429
5/30/2014,5032,6.192093407
5/30/2014,5033,6.192415385
5/30/2014,5034,6.192737363
5/30/2014,5035,6.193059341
5/30/2014,5036,6.193381319
5/30/2014,5037,6.193703297
5/30/2014,5038,6.194025275
5/30/2014,5039,6.194347253
5/30/2014,5040,6.194669231
5/30/2014,5041,6.194991209
5/30/2014,5042,6.195313187
5/30/2014,5043,6.195635165
5/30/2014,5044,6.195957143
5/30/2014,5045,6.196279121
5/30/2014,5046,6.196601099
5/30/2014,5047,6.196923077
5/30/2014,5048,6.197245055
5/30/2014,5049,6.197567033
5/30/2014,5050,6.197889011
5/30/2014,5051,6.198210989
5/30/2014,5052,6.198532967
5/30/2014,5053,6.198854945
5/30/2014,5054,6.199176923
5/30/2014,5055,6.199498901
5/30/2014,5056,6.199820879
5/30/2014,5057,6.200142857
5/30/2014,5058,6.200464835
5/30/2014,5059,6.200786813
5/30/2014,5060,6.201108791
5/30/2014,5061,6.201430769
5/30/2014,5062,6.201752747
5/30/2014,5063,6.202074725
5/30/2014,5064,6.202396703
5/30/2014,5065,6.202718681
5/30/2014,5066,6.203040659
5/30/2014,5067,6.203362637
5/30/2014,5068,6.203684615
5/30/2014,5069,6.204006593
5/30/2014,5070,6.204328571
5/30/2014,5071,6.204650549
5/30/2014,5072,6.204972527
5/30/2014,5073,6.205294505
5/30/2014,5074,6.205616484
5/30/2014,5075,6.205938462
5/30/2014,5076,6.20626044
5/30/2014,5077,6.206582418
5/30/2014,5078,6.206904396
5/30/2014,5079,6.207226374
5/30/2014,5080,6.207548352
5/30/2014,5081,6.20787033
5/30/2014,5082,6.208192308
5/30/2014,5083,6.208514286
5/30/2014,5084,6.208836264
5/30/2014,5085,6.209158242
5/30/2014,5086,6.20948022
5/30/2014,5087,6.209802198
5/30/2014,5088,6.210124176
5/30/2014,5089,6.210446154
5/30/2014,5090,6.210768132
5/30/2014,5091,6.21109011
5/30/2014,5092,6.211412088
5/30/2014,5093,6.211734066
5/30/2014,5094,6.212056044
5/30/2014,5095,6.212378022
5/30/2014,5096,6.2127
5/30/2014,5097,6.212861538
5/30/2014,5098,6.213023077
5/30/2014,5099,6.213184615
5/30/2014,5100,6.213346154
5/30/2014,5101,6.213507692
5/30/2014,5102,6.213669231
5/30/2014,5103,6.213830769
5/30/2014,5104,6.213992308
5/30/2014,5105,6.214153846
5/30/2014,5106,6.214315385
5/30/2014,5107,6.214476923
5/30/2014,5108,6.214638462
5/30/2014,5109,6.2148
5/30/2014,5110,6.214961538
5/30/2014,5111,6.215123077
5/30/2014,5112,6.215284615
5/30/2014,5113,6.215446154
5/30/2014,5114,6.215607692
5/30/2014,5115,6.215769231
5/30/2014,5116,6.215930769
5/30/2014,5117,6.216092308
5/30/2014,5118,6.216253846
5/30/2014,5119,6.216415385
5/30/2014,5120,6.216576923
5/30/2014,5121,6.216738462
5/30/2014,5122,6.2169
5/30/2014,5123,6.217061538
5/30/2014,5124,6.217223077
5/30/2014,5125,6.217384615
5/30/2014,5126,6.217546154
5/30/2014,5127,6.217707692
5/30/2014,5128,6.217869231
5/30/2014,5129,6.218030769
5/30/2014,5130,6.218192308
5/30/2014,5131,6.218353846
5/30/2014,5132,6.218515385
5/30/2014,5133,6.218676923
5/30/2014,5134,6.218838462
5/30/2014,5135,6.219
5/30/2014,5136,6.219161538
5/30/2014,5137,6.219323077
5/30/2014,5138,6.219484615
5/30/2014,5139,6.219646154
5/30/2014,5140,6.219807692
5/30/2014,5141,6.219969231
5/30/2014,5142,6.220130769
5/30/2014,5143,6.220292308
5/30/2014,5144,6.220453846
5/30/2014,5145,6.220615385
5/30/2014,5146,6.220776923
5/30/2014,5147,6.220938462
5/30/2014,5148,6.2211
5/30/2014,5149,6.221261538
5/30/2014,5150,6.221423077
5/30/2014,5151,6.221584615
5/30/2014,5152,6.221746154
5/30/2014,5153,6.221907692
5/30/2014,5154,6.222069231
5/30/2014,5155,6.222230769
5/30/2014,5156,6.222392308
5/30/2014,5157,6.222553846
5/30/2014,5158,6.222715385
5/30/2014,5159,6.222876923
5/30/2014,5160,6.223038462
5/30/2014,5161,6.2232
5/30/2014,5162,6.223361538
5/30/2014,5163,6.223523077
5/30/2014,5164,6.223684615
5/30/2014,5165,6.223846154
5/30/2014,5166,6.224007692
5/30/2014,5167,6.224169231
5/30/2014,5168,6.224330769
5/30/2014,5169,6.224492308
5/30/2014,5170,6.224653846
5/30/2014,5171,6.224815385
5/30/2014,5172,6.224976923
5/30/2014,5173,6.225138462
5/30/2014,5174,6.2253
5/30/2014,5175,6.225461538
5/30/2014,5176,6.225623077
5/30/2014,5177,6.225784615
5/30/2014,5178,6.225946154
5/30/2014,5179,6.226107692
5/30/2014,5180,6.226269231
5/30/2014,5181,6.226430769
5/30/2014,5182,6.226592308
5/30/2014,5183,6.226753846
5/30/2014,5184,6.226915385
5/30/2014,5185,6.227076923
5/30/2014,5186,6.227238462
5/30/2014,5187,6.2274
5/30/2014,5188,6.227561538
5/30/2014,5189,6.227723077
5/30/2014,5190,6.227884615
5/30/2014,5191,6.228046154
5/30/2014,5192,6.228207692
5/30/2014,5193,6.228369231
5/30/2014,5194,6.228530769
5/30/2014,5195,6.228692308
5/30/2014,5196,6.228853846
5/30/2014,5197,6.229015385
5/30/2014,5198,6.229176923
5/30/2014,5199,6.229338462
5/30/2014,5200,6.2295
5/30/2014,5201,6.229661538
5/30/2014,5202,6.229823077
5/30/2014,5203,6.229984615
5/30/2014,5204,6.230146154
5/30/2014,5205,6.230307692
5/30/2014,5206,6.230469231
5/30/2014,5207,6.230630769
5/30/2014,5208,6.230792308
5/30/2014,5209,6.230953846
5/30/2014,5210,6.231115385
5/30/2014,5211,6.231276923
5/30/2014,5212,6.231438462
5/30/2014,5213,6.2316
5/30/2014,5214,6.231761538
5/30/2014,5215,6.231923077
5/30/2014,5216,6.232084615
5/30/2014,5217,6.232246154
5/30/2014,5218,6.232407692
5/30/2014,5219,6.232569231
5/30/2014,5220,6.232730769
5/30/2014,5221,6.232892308
5/30/2014,5222,6.233053846
5/30/2014,5223,6.233215385
5/30/2014,5224,6.233376923
5/30/2014,5225,6.233538462
5/30/2014,5226,6.2337
5/30/2014,5227,6.233861538
5/30/2014,5228,6.234023077
5/30/2014,5229,6.234184615
5/30/2014,5230,6.234346154
5/30/2014,5231,6.234507692
5/30/2014,5232,6.234669231
5/30/2014,5233,6.234830769
5/30/2014,5234,6.234992308
5/30/2014,5235,6.235153846
5/30/2014,5236,6.235315385
5/30/2014,5237,6.235476923
5/30/2014,5238,6.235638462
5/30/2014,5239,6.2358
5/30/2014,5240,6.235961538
5/30/2014,5241,6.236123077
5/30/2014,5242,6.236284615
5/30/2014,5243,6.236446154
5/30/2014,5244,6.236607692
5/30/2014,5245,6.236769231
5/30/2014,5246,6.236930769
5/30/2014,5247,6.237092308
5/30/2014,5248,6.237253846
5/30/2014,5249,6.237415385
5/30/2014,5250,6.237576923
5/30/2014,5251,6.237738462
5/30/2014,5252,6.2379
5/30/2014,5253,6.238061538
5/30/2014,5254,6.238223077
5/30/2014,5255,6.238384615
5/30/2014,5256,6.238546154
5/30/2014,5257,6.238707692
5/30/2014,5258,6.238869231
5/30/2014,5259,6.239030769
5/30/2014,5260,6.239192308
5/30/2014,5261,6.239353846
5/30/2014,5262,6.239515385
5/30/2014,5263,6.239676923
5/30/2014,5264,6.239838462
5/30/2014,5265,6.24
5/30/2014,5266,6.240161538
5/30/2014,5267,6.240323077
5/30/2014,5268,6.240484615
5/30/2014,5269,6.240646154
5/30/2014,5270,6.240807692
5/30/2014,5271,6.240969231
5/30/2014,5272,6.241130769
5/30/2014,5273,6.241292308
5/30/2014,5274,6.241453846
5/30/2014,5275,6.241615385
5/30/2014,5276,6.241776923
5/30/2014,5277,6.241938462
5/30/2014,5278,6.2421
5/30/2014,5279,6.242401099
5/30/2014,5280,6.242702198
5/30/2014,5281,6.243003297
5/30/2014,5282,6.243304396
5/30/2014,5283,6.243605495
5/30/2014,5284,6.243906593
5/30/2014,5285,6.244207692
5/30/2014,5286,6.244508791
5/30/2014,5287,6.24480989
5/30/2014,5288,6.245110989
5/30/2014,5289,6.245412088
5/30/2014,5290,6.245713187
5/30/2014,5291,6.246014286
5/30/2014,5292,6.246315385
5/30/2014,5293,6.246616484
5/30/2014,5294,6.246917582
5/30/2014,5295,6.247218681
5/30/2014,5296,6.24751978
5/30/2014,5297,6.247820879
5/30/2014,5298,6.248121978
5/30/2014,5299,6.248423077
5/30/2014,5300,6.248724176
5/30/2014,5301,6.249025275
5/30/2014,5302,6.249326374
5/30/2014,5303,6.249627473
5/30/2014,5304,6.249928571
5/30/2014,5305,6.25022967
5/30/2014,5306,6.250530769
5/30/2014,5307,6.250831868
5/30/2014,5308,6.251132967
5/30/2014,5309,6.251434066
5/30/2014,5310,6.251735165
5/30/2014,5311,6.252036264
5/30/2014,5312,6.252337363
5/30/2014,5313,6.252638462
5/30/2014,5314,6.25293956
5/30/2014,5315,6.253240659
5/30/2014,5316,6.253541758
5/30/2014,5317,6.253842857
5/30/2014,5318,6.254143956
5/30/2014,5319,6.254445055
5/30/2014,5320,6.254746154
5/30/2014,5321,6.255047253
5/30/2014,5322,6.255348352
5/30/2014,5323,6.255649451
5/30/2014,5324,6.255950549
5/30/2014,5325,6.256251648
5/30/2014,5326,6.256552747
5/30/2014,5327,6.256853846
5/30/2014,5328,6.257154945
5/30/2014,5329,6.257456044
5/30/2014,5330,6.257757143
5/30/2014,5331,6.258058242
5/30/2014,5332,6.258359341
5/30/2014,5333,6.25866044
5/30/2014,5334,6.258961538
5/30/2014,5335,6.259262637
5/30/2014,5336,6.259563736
5/30/2014,5337,6.259864835
5/30/2014,5338,6.260165934
5/30/2014,5339,6.260467033
5/30/2014,5340,6.260768132
5/30/2014,5341,6.261069231
5/30/2014,5342,6.26137033
5/30/2014,5343,6.261671429
5/30/2014,5344,6.261972527
5/30/2014,5345,6.262273626
5/30/2014,5346,6.262574725
5/30/2014,5347,6.262875824
5/30/2014,5348,6.263176923
5/30/2014,5349,6.263478022
5/30/2014,5350,6.263779121
5/30/2014,5351,6.26408022
5/30/2014,5352,6.264381319
5/30/2014,5353,6.264682418
5/30/2014,5354,6.264983516
5/30/2014,5355,6.265284615
5/30/2014,5356,6.265585714
5/30/2014,5357,6.265886813
5/30/2014,5358,6.266187912
5/30/2014,5359,6.266489011
5/30/2014,5360,6.26679011
5/30/2014,5361,6.267091209
5/30/2014,5362,6.267392308
5/30/2014,5363,6.267693407
5/30/2014,5364,6.267994505
5/30/2014,5365,6.268295604
5/30/2014,5366,6.268596703
5/30/2014,5367,6.268897802
5/30/2014,5368,6.269198901
5/30/2014,5369,6.2695
5/30/2014,5370,6.269801099
5/30/2014,5371,6.270102198
5/30/2014,5372,6.270403297
5/30/2014,5373,6.270704396
5/30/2014,5374,6.271005495
5/30/2014,5375,6.271306593
5/30/2014,5376,6.271607692
5/30/2014,5377,6.271908791
5/30/2014,5378,6.27220989
5/30/2014,5379,6.272510989
5/30/2014,5380,6.272812088
5/30/2014,5381,6.273113187
5/30/2014,5382,6.273414286
5/30/2014,5383,6.273715385
5/30/2014,5384,6.274016484
5/30/2014,5385,6.274317582
5/30/2014,5386,6.274618681
5/30/2014,5387,6.27491978
5/30/2014,5388,6.275220879
5/30/2014,5389,6.275521978
5/30/2014,5390,6.275823077
5/30/2014,5391,6.276124176
5/30/2014,5392,6.276425275
5/30/2014,5393,6.276726374
5/30/2014,5394,6.277027473
5/30/2014,5395,6.277328571
5/30/2014,5396,6.27762967
5/30/2014,5397,6.277930769
5/30/2014,5398,6.278231868
5/30/2014,5399,6.278532967
5/30/2014,5400,6.278834066
5/30/2014,5401,6.279135165
5/30/2014,5402,6.279436264
5/30/2014,5403,6.279737363
5/30/2014,5404,6.280038462
5/30/2014,5405,6.28033956
5/30/2014,5406,6.280640659
5/30/2014,5407,6.280941758
5/30/2014,5408,6.281242857
5/30/2014,5409,6.281543956
5/30/2014,5410,6.281845055
5/30/2014,5411,6.282146154
5/30/2014,5412,6.282447253
5/30/2014,5413,6.282748352
5/30/2014,5414,6.283049451
5/30/2014,5415,6.283350549
5/30/2014,5416,6.283651648
5/30/2014,5417,6.283952747
5/30/2014,5418,6.284253846
5/30/2014,5419,6.284554945
5/30/2014,5420,6.284856044
5/30/2014,5421,6.285157143
5/30/2014,5422,6.285458242
5/30/2014,5423,6.285759341
5/30/2014,5424,6.28606044
5/30/2014,5425,6.286361538
5/30/2014,5426,6.286662637
5/30/2014,5427,6.286963736
5/30/2014,5428,6.287264835
5/30/2014,5429,6.287565934
5/30/2014,5430,6.287867033
5/30/2014,5431,6.288168132
5/30/2014,5432,6.288469231
5/30/2014,5433,6.28877033
5/30/2014,5434,6.289071429
5/30/2014,5435,6.289372527
5/30/2014,5436,6.289673626
5/30/2014,5437,6.289974725
5/30/2014,5438,6.290275824
5/30/2014,5439,6.290576923
5/30/2014,5440,6.290878022
5/30/2014,5441,6.291179121
5/30/2014,5442,6.29148022
5/30/2014,5443,6.291781319
5/30/2014,5444,6.292082418
5/30/2014,5445,6.292383516
5/30/2014,5446,6.292684615
5/30/2014,5447,6.292985714
5/30/2014,5448,6.293286813
5/30/2014,5449,6.293587912
5/30/2014,5450,6.293889011
5/30/2014,5451,6.29419011
5/30/2014,5452,6.294491209
5/30/2014,5453,6.294792308
5/30/2014,5454,6.295093407
5/30/2014,5455,6.295394505
5/30/2014,5456,6.295695604
5/30/2014,5457,6.295996703
5/30/2014,5458,6.296297802
5/30/2014,5459,6.296598901
5/30/2014,5460,6.2969
5/30/2014,5461,6.297172527
5/30/2014,5462,6.297445055
5/30/2014,5463,6.297717582
5/30/2014,5464,6.29799011
5/30/2014,5465,6.298262637
5/30/2014,5466,6.298535165
5/30/2014,5467,6.298807692
5/30/2014,5468,6.29908022
5/30/2014,5469,6.299352747
5/30/2014,5470,6.299625275
5/30/2014,5471,6.299897802
5/30/2014,5472,6.30017033
5/30/2014,5473,6.300442857
5/30/2014,5474,6.300715385
5/30/2014,5475,6.300987912
5/30/2014,5476,6.30126044
5/30/2014,5477,6.301532967
5/30/2014,5478,6.301805495
5/30/2014,5479,6.302078022
5/30/2014,5480,6.302350549
5/30/2014,5481,6.302623077
5/30/2014,5482,6.302895604
5/30/2014,5483,6.303168132
5/30/2014,5484,6.303440659
5/30/2014,5485,6.303713187
5/30/2014,5486,6.303985714
5/30/2014,5487,6.304258242
5/30/2014,5488,6.304530769
5/30/2014,5489,6.304803297
5/30/2014,5490,6.305075824
5/30/2014,5491,6.305348352
5/30/2014,5492,6.305620879
5/30/2014,5493,6.305893407
5/30/2014,5494,6.306165934
5/30/2014,5495,6.306438462
5/30/2014,5496,6.306710989
5/30/2014,5497,6.306983516
5/30/2014,5498,6.307256044
5/30/2014,5499,6.307528571
5/30/2014,5500,6.307801099
5/30/2014,5501,6.308073626
5/30/2014,5502,6.308346154
5/30/2014,5503,6.308618681
5/30/2014,5504,6.308891209
5/30/2014,5505,6.309163736
5/30/2014,5506,6.309436264
5/30/2014,5507,6.309708791
5/30/2014,5508,6.309981319
5/30/2014,5509,6.310253846
5/30/2014,5510,6.310526374
5/30/2014,5511,6.310798901
5/30/2014,5512,6.311071429
5/30/2014,5513,6.311343956
5/30/2014,5514,6.311616484
5/30/2014,5515,6.311889011
5/30/2014,5516,6.312161538
5/30/2014,5517,6.312434066
5/30/2014,5518,6.312706593
5/30/2014,5519,6.312979121
5/30/2014,5520,6.313251648
5/30/2014,5521,6.313524176
5/30/2014,5522,6.313796703
5/30/2014,5523,6.314069231
5/30/2014,5524,6.314341758
5/30/2014,5525,6.314614286
5/30/2014,5526,6.314886813
5/30/2014,5527,6.315159341
5/30/2014,5528,6.315431868
5/30/2014,5529,6.315704396
5/30/2014,5530,6.315976923
5/30/2014,5531,6.316249451
5/30/2014,5532,6.316521978
5/30/2014,5533,6.316794505
5/30/2014,5534,6.317067033
5/30/2014,5535,6.31733956
5/30/2014,5536,6.317612088
5/30/2014,5537,6.317884615
5/30/2014,5538,6.318157143
5/30/2014,5539,6.31842967
5/30/2014,5540,6.318702198
5/30/2014,5541,6.318974725
5/30/2014,5542,6.319247253
5/30/2014,5543,6.31951978
5/30/2014,5544,6.319792308
5/30/2014,5545,6.320064835
5/30/2014,5546,6.320337363
5/30/2014,5547,6.32060989
5/30/2014,5548,6.320882418
5/30/2014,5549,6.321154945
5/30/2014,5550,6.321427473
5/30/2014,5551,6.3217
5/30/2014,5552,6.321972527
5/30/2014,5553,6.322245055
5/30/2014,5554,6.322517582
5/30/2014,5555,6.32279011
5/30/2014,5556,6.323062637
5/30/2014,5557,6.323335165
5/30/2014,5558,6.323607692
5/30/2014,5559,6.32388022
5/30/2014,5560,6.324152747
5/30/2014,5561,6.324425275
5/30/2014,5562,6.324697802
5/30/2014,5563,6.32497033
5/30/2014,5564,6.325242857
5/30/2014,5565,6.325515385
5/30/2014,5566,6.325787912
5/30/2014,5567,6.32606044
5/30/2014,5568,6.326332967
5/30/2014,5569,6.326605495
5/30/2014,5570,6.326878022
5/30/2014,5571,6.327150549
5/30/2014,5572,6.327423077
5/30/2014,5573,6.327695604
5/30/2014,5574,6.327968132
5/30/2014,5575,6.328240659
5/30/2014,5576,6.328513187
5/30/2014,5577,6.328785714
5/30/2014,5578,6.329058242
5/30/2014,5579,6.329330769
5/30/2014,5580,6.329603297
5/30/2014,5581,6.329875824
5/30/2014,5582,6.330148352
5/30/2014,5583,6.330420879
5/30/2014,5584,6.330693407
5/30/2014,5585,6.330965934
5/30/2014,5586,6.331238462
5/30/2014,5587,6.331510989
5/30/2014,5588,6.331783516
5/30/2014,5589,6.332056044
5/30/2014,5590,6.332328571
5/30/2014,5591,6.332601099
5/30/2014,5592,6.332873626
5/30/2014,5593,6.333146154
5/30/2014,5594,6.333418681
5/30/2014,5595,6.333691209
5/30/2014,5596,6.333963736
5/30/2014,5597,6.334236264
5/30/2014,5598,6.334508791
5/30/2014,5599,6.334781319
5/30/2014,5600,6.335053846
5/30/2014,5601,6.335326374
5/30/2014,5602,6.335598901
5/30/2014,5603,6.335871429
5/30/2014,5604,6.336143956
5/30/2014,5605,6.336416484
5/30/2014,5606,6.336689011
5/30/2014,5607,6.336961538
5/30/2014,5608,6.337234066
5/30/2014,5609,6.337506593
5/30/2014,5610,6.337779121
5/30/2014,5611,6.338051648
5/30/2014,5612,6.338324176
5/30/2014,5613,6.338596703
5/30/2014,5614,6.338869231
5/30/2014,5615,6.339141758
5/30/2014,5616,6.339414286
5/30/2014,5617,6.339686813
5/30/2014,5618,6.339959341
5/30/2014,5619,6.340231868
5/30/2014,5620,6.340504396
5/30/2014,5621,6.340776923
5/30/2014,5622,6.341049451
5/30/2014,5623,6.341321978
5/30/2014,5624,6.341594505
5/30/2014,5625,6.341867033
5/30/2014,5626,6.34213956
5/30/2014,5627,6.342412088
5/30/2014,5628,6.342684615
5/30/2014,5629,6.342957143
5/30/2014,5630,6.34322967
5/30/2014,5631,6.343502198
5/30/2014,5632,6.343774725
5/30/2014,5633,6.344047253
5/30/2014,5634,6.34431978
5/30/2014,5635,6.344592308
5/30/2014,5636,6.344864835
5/30/2014,5637,6.345137363
5/30/2014,5638,6.34540989
5/30/2014,5639,6.345682418
5/30/2014,5640,6.345954945
5/30/2014,5641,6.346227473
5/30/2014,5642,6.3465
5/30/2014,5643,6.346763187
5/30/2014,5644,6.347026374
5/30/2014,5645,6.34728956
5/30/2014,5646,6.347552747
5/30/2014,5647,6.347815934
5/30/2014,5648,6.348079121
5/30/2014,5649,6.348342308
5/30/2014,5650,6.348605495
5/30/2014,5651,6.348868681
5/30/2014,5652,6.349131868
5/30/2014,5653,6.349395055
5/30/2014,5654,6.349658242
5/30/2014,5655,6.349921429
5/30/2014,5656,6.350184615
5/30/2014,5657,6.350447802
5/30/2014,5658,6.350710989
5/30/2014,5659,6.350974176
5/30/2014,5660,6.351237363
5/30/2014,5661,6.351500549
5/30/2014,5662,6.351763736
5/30/2014,5663,6.352026923
5/30/2014,5664,6.35229011
5/30/2014,5665,6.352553297
5/30/2014,5666,6.352816484
5/30/2014,5667,6.35307967
5/30/2014,5668,6.353342857
5/30/2014,5669,6.353606044
5/30/2014,5670,6.353869231
5/30/2014,5671,6.354132418
5/30/2014,5672,6.354395604
5/30/2014,5673,6.354658791
5/30/2014,5674,6.354921978
5/30/2014,5675,6.355185165
5/30/2014,5676,6.355448352
5/30/2014,5677,6.355711538
5/30/2014,5678,6.355974725
5/30/2014,5679,6.356237912
5/30/2014,5680,6.356501099
5/30/2014,5681,6.356764286
5/30/2014,5682,6.357027473
5/30/2014,5683,6.357290659
5/30/2014,5684,6.357553846
5/30/2014,5685,6.357817033
5/30/2014,5686,6.35808022
5/30/2014,5687,6.358343407
5/30/2014,5688,6.358606593
5/30/2014,5689,6.35886978
5/30/2014,5690,6.359132967
5/30/2014,5691,6.359396154
5/30/2014,5692,6.359659341
5/30/2014,5693,6.359922527
5/30/2014,5694,6.360185714
5/30/2014,5695,6.360448901
5/30/2014,5696,6.360712088
5/30/2014,5697,6.360975275
5/30/2014,5698,6.361238462
5/30/2014,5699,6.361501648
5/30/2014,5700,6.361764835
5/30/2014,5701,6.362028022
5/30/2014,5702,6.362291209
5/30/2014,5703,6.362554396
5/30/2014,5704,6.362817582
5/30/2014,5705,6.363080769
5/30/2014,5706,6.363343956
5/30/2014,5707,6.363607143
5/30/2014,5708,6.36387033
5/30/2014,5709,6.364133516
5/30/2014,5710,6.364396703
5/30/2014,5711,6.36465989
5/30/2014,5712,6.364923077
5/30/2014,5713,6.365186264
5/30/2014,5714,6.365449451
5/30/2014,5715,6.365712637
5/30/2014,5716,6.365975824
5/30/2014,5717,6.366239011
5/30/2014,5718,6.366502198
5/30/2014,5719,6.366765385
5/30/2014,5720,6.367028571
5/30/2014,5721,6.367291758
5/30/2014,5722,6.367554945
5/30/2014,5723,6.367818132
5/30/2014,5724,6.368081319
5/30/2014,5725,6.368344505
5/30/2014,5726,6.368607692
5/30/2014,5727,6.368870879
5/30/2014,5728,6.369134066
5/30/2014,5729,6.369397253
5/30/2014,5730,6.36966044
5/30/2014,5731,6.369923626
5/30/2014,5732,6.370186813
5/30/2014,5733,6.37045
5/30/2014,5734,6.370713187
5/30/2014,5735,6.370976374
5/30/2014,5736,6.37123956
5/30/2014,5737,6.371502747
5/30/2014,5738,6.371765934
5/30/2014,5739,6.372029121
5/30/2014,5740,6.372292308
5/30/2014,5741,6.372555495
5/30/2014,5742,6.372818681
5/30/2014,5743,6.373081868
5/30/2014,5744,6.373345055
5/30/2014,5745,6.373608242
5/30/2014,5746,6.373871429
5/30/2014,5747,6.374134615
5/30/2014,5748,6.374397802
5/30/2014,5749,6.374660989
5/30/2014,5750,6.374924176
5/30/2014,5751,6.375187363
5/30/2014,5752,6.375450549
5/30/2014,5753,6.375713736
5/30/2014,5754,6.375976923
5/30/2014,5755,6.37624011
5/30/2014,5756,6.376503297
5/30/2014,5757,6.376766484
5/30/2014,5758,6.37702967
5/30/2014,5759,6.377292857
5/30/2014,5760,6.377556044
5/30/2014,5761,6.377819231
5/30/2014,5762,6.378082418
5/30/2014,5763,6.378345604
5/30/2014,5764,6.378608791
5/30/2014,5765,6.378871978
5/30/2014,5766,6.379135165
5/30/2014,5767,6.379398352
5/30/2014,5768,6.379661538
5/30/2014,5769,6.379924725
5/30/2014,5770,6.380187912
5/30/2014,5771,6.380451099
5/30/2014,5772,6.380714286
5/30/2014,5773,6.380977473
5/30/2014,5774,6.381240659
5/30/2014,5775,6.381503846
5/30/2014,5776,6.381767033
5/30/2014,5777,6.38203022
5/30/2014,5778,6.382293407
5/30/2014,5779,6.382556593
5/30/2014,5780,6.38281978
5/30/2014,5781,6.383082967
5/30/2014,5782,6.383346154
5/30/2014,5783,6.383609341
5/30/2014,5784,6.383872527
5/30/2014,5785,6.384135714
5/30/2014,5786,6.384398901
5/30/2014,5787,6.384662088
5/30/2014,5788,6.384925275
5/30/2014,5789,6.385188462
5/30/2014,5790,6.385451648
5/30/2014,5791,6.385714835
5/30/2014,5792,6.385978022
5/30/2014,5793,6.386241209
5/30/2014,5794,6.386504396
5/30/2014,5795,6.386767582
5/30/2014,5796,6.387030769
5/30/2014,5797,6.387293956
5/30/2014,5798,6.387557143
5/30/2014,5799,6.38782033
5/30/2014,5800,6.388083516
5/30/2014,5801,6.388346703
5/30/2014,5802,6.38860989
5/30/2014,5803,6.388873077
5/30/2014,5804,6.389136264
5/30/2014,5805,6.389399451
5/30/2014,5806,6.389662637
5/30/2014,5807,6.389925824
5/30/2014,5808,6.390189011
5/30/2014,5809,6.390452198
5/30/2014,5810,6.390715385
5/30/2014,5811,6.390978571
5/30/2014,5812,6.391241758
5/30/2014,5813,6.391504945
5/30/2014,5814,6.391768132
5/30/2014,5815,6.392031319
5/30/2014,5816,6.392294505
5/30/2014,5817,6.392557692
5/30/2014,5818,6.392820879
5/30/2014,5819,6.393084066
5/30/2014,5820,6.393347253
5/30/2014,5821,6.39361044
5/30/2014,5822,6.393873626
5/30/2014,5823,6.394136813
5/30/2014,5824,6.3944
5/30/2014,5825,6.394790659
5/30/2014,5826,6.395181319
5/30/2014,5827,6.395571978
5/30/2014,5828,6.395962637
5/30/2014,5829,6.396353297
5/30/2014,5830,6.396743956
5/30/2014,5831,6.397134615
5/30/2014,5832,6.397525275
5/30/2014,5833,6.397915934
5/30/2014,5834,6.398306593
5/30/2014,5835,6.398697253
5/30/2014,5836,6.399087912
5/30/2014,5837,6.399478571
5/30/2014,5838,6.399869231
5/30/2014,5839,6.40025989
5/30/2014,5840,6.400650549
5/30/2014,5841,6.401041209
5/30/2014,5842,6.401431868
5/30/2014,5843,6.401822527
5/30/2014,5844,6.402213187
5/30/2014,5845,6.402603846
5/30/2014,5846,6.402994505
5/30/2014,5847,6.403385165
5/30/2014,5848,6.403775824
5/30/2014,5849,6.404166484
5/30/2014,5850,6.404557143
5/30/2014,5851,6.404947802
5/30/2014,5852,6.405338462
5/30/2014,5853,6.405729121
5/30/2014,5854,6.40611978
5/30/2014,5855,6.40651044
5/30/2014,5856,6.406901099
5/30/2014,5857,6.407291758
5/30/2014,5858,6.407682418
5/30/2014,5859,6.408073077
5/30/2014,5860,6.408463736
5/30/2014,5861,6.408854396
5/30/2014,5862,6.409245055
5/30/2014,5863,6.409635714
5/30/2014,5864,6.410026374
5/30/2014,5865,6.410417033
5/30/2014,5866,6.410807692
5/30/2014,5867,6.411198352
5/30/2014,5868,6.411589011
5/30/2014,5869,6.41197967
5/30/2014,5870,6.41237033
5/30/2014,5871,6.412760989
5/30/2014,5872,6.413151648
5/30/2014,5873,6.413542308
5/30/2014,5874,6.413932967
5/30/2014,5875,6.414323626
5/30/2014,5876,6.414714286
5/30/2014,5877,6.415104945
5/30/2014,5878,6.415495604
5/30/2014,5879,6.415886264
5/30/2014,5880,6.416276923
5/30/2014,5881,6.416667582
5/30/2014,5882,6.417058242
5/30/2014,5883,6.417448901
5/30/2014,5884,6.41783956
5/30/2014,5885,6.41823022
5/30/2014,5886,6.418620879
5/30/2014,5887,6.419011538
5/30/2014,5888,6.419402198
5/30/2014,5889,6.419792857
5/30/2014,5890,6.420183516
5/30/2014,5891,6.420574176
5/30/2014,5892,6.420964835
5/30/2014,5893,6.421355495
5/30/2014,5894,6.421746154
5/30/2014,5895,6.422136813
5/30/2014,5896,6.422527473
5/30/2014,5897,6.422918132
5/30/2014,5898,6.423308791
5/30/2014,5899,6.423699451
5/30/2014,5900,6.42409011
5/30/2014,5901,6.424480769
5/30/2014,5902,6.424871429
5/30/2014,5903,6.425262088
5/30/2014,5904,6.425652747
5/30/2014,5905,6.426043407
5/30/2014,5906,6.426434066
5/30/2014,5907,6.426824725
5/30/2014,5908,6.427215385
5/30/2014,5909,6.427606044
5/30/2014,5910,6.427996703
5/30/2014,5911,6.428387363
5/30/2014,5912,6.428778022
5/30/2014,5913,6.429168681
5/30/2014,5914,6.429559341
5/30/2014,5915,6.42995
5/30/2014,5916,6.430340659
5/30/2014,5917,6.430731319
5/30/2014,5918,6.431121978
5/30/2014,5919,6.431512637
5/30/2014,5920,6.431903297
5/30/2014,5921,6.432293956
5/30/2014,5922,6.432684615
5/30/2014,5923,6.433075275
5/30/2014,5924,6.433465934
5/30/2014,5925,6.433856593
5/30/2014,5926,6.434247253
5/30/2014,5927,6.434637912
5/30/2014,5928,6.435028571
5/30/2014,5929,6.435419231
5/30/2014,5930,6.43580989
5/30/2014,5931,6.436200549
5/30/2014,5932,6.436591209
5/30/2014,5933,6.436981868
5/30/2014,5934,6.437372527
5/30/2014,5935,6.437763187
5/30/2014,5936,6.438153846
5/30/2014,5937,6.438544505
5/30/2014,5938,6.438935165
5/30/2014,5939,6.439325824
5/30/2014,5940,6.439716484
5/30/2014,5941,6.440107143
5/30/2014,5942,6.440497802
5/30/2014,5943,6.440888462
5/30/2014,5944,6.441279121
5/30/2014,5945,6.44166978
5/30/2014,5946,6.44206044
5/30/2014,5947,6.442451099
5/30/2014,5948,6.442841758
5/30/2014,5949,6.443232418
5/30/2014,5950,6.443623077
5/30/2014,5951,6.444013736
5/30/2014,5952,6.444404396
5/30/2014,5953,6.444795055
5/30/2014,5954,6.445185714
5/30/2014,5955,6.445576374
5/30/2014,5956,6.445967033
5/30/2014,5957,6.446357692
5/30/2014,5958,6.446748352
5/30/2014,5959,6.447139011
5/30/2014,5960,6.44752967
5/30/2014,5961,6.44792033
5/30/2014,5962,6.448310989
5/30/2014,5963,6.448701648
5/30/2014,5964,6.449092308
5/30/2014,5965,6.449482967
5/30/2014,5966,6.449873626
5/30/2014,5967,6.450264286
5/30/2014,5968,6.450654945
5/30/2014,5969,6.451045604
5/30/2014,5970,6.451436264
5/30/2014,5971,6.451826923
5/30/2014,5972,6.452217582
5/30/2014,5973,6.452608242
5/30/2014,5974,6.452998901
5/30/2014,5975,6.45338956
5/30/2014,5976,6.45378022
5/30/2014,5977,6.454170879
5/30/2014,5978,6.454561538
5/30/2014,5979,6.454952198
5/30/2014,5980,6.455342857
5/30/2014,5981,6.455733516
5/30/2014,5982,6.456124176
5/30/2014,5983,6.456514835
5/30/2014,5984,6.456905495
5/30/2014,5985,6.457296154
5/30/2014,5986,6.457686813
5/30/2014,5987,6.458077473
5/30/2014,5988,6.458468132
5/30/2014,5989,6.458858791
5/30/2014,5990,6.459249451
5/30/2014,5991,6.45964011
5/30/2014,5992,6.460030769
5/30/2014,5993,6.460421429
5/30/2014,5994,6.460812088
5/30/2014,5995,6.461202747
5/30/2014,5996,6.461593407
5/30/2014,5997,6.461984066
5/30/2014,5998,6.462374725
5/30/2014,5999,6.462765385
5/30/2014,6000,6.463156044
5/30/2014,6001,6.463546703
5/30/2014,6002,6.463937363
5/30/2014,6003,6.464328022
5/30/2014,6004,6.464718681
5/30/2014,6005,6.465109341
5/30/2014,6006,6.4655
5/30/2014,6007,6.465754945
5/30/2014,6008,6.46600989
5/30/2014,6009,6.466264835
5/30/2014,6010,6.46651978
5/30/2014,6011,6.466774725
5/30/2014,6012,6.46702967
5/30/2014,6013,6.467284615
5/30/2014,6014,6.46753956
5/30/2014,6015,6.467794505
5/30/2014,6016,6.468049451
5/30/2014,6017,6.468304396
5/30/2014,6018,6.468559341
5/30/2014,6019,6.468814286
5/30/2014,6020,6.469069231
5/30/2014,6021,6.469324176
5/30/2014,6022,6.469579121
5/30/2014,6023,6.469834066
5/30/2014,6024,6.470089011
5/30/2014,6025,6.470343956
5/30/2014,6026,6.470598901
5/30/2014,6027,6.470853846
5/30/2014,6028,6.471108791
5/30/2014,6029,6.471363736
5/30/2014,6030,6.471618681
5/30/2014,6031,6.471873626
5/30/2014,6032,6.472128571
5/30/2014,6033,6.472383516
5/30/2014,6034,6.472638462
5/30/2014,6035,6.472893407
5/30/2014,6036,6.473148352
5/30/2014,6037,6.473403297
5/30/2014,6038,6.473658242
5/30/2014,6039,6.473913187
5/30/2014,6040,6.474168132
5/30/2014,6041,6.474423077
5/30/2014,6042,6.474678022
5/30/2014,6043,6.474932967
5/30/2014,6044,6.475187912
5/30/2014,6045,6.475442857
5/30/2014,6046,6.475697802
5/30/2014,6047,6.475952747
5/30/2014,6048,6.476207692
5/30/2014,6049,6.476462637
5/30/2014,6050,6.476717582
5/30/2014,6051,6.476972527
5/30/2014,6052,6.477227473
5/30/2014,6053,6.477482418
5/30/2014,6054,6.477737363
5/30/2014,6055,6.477992308
5/30/2014,6056,6.478247253
5/30/2014,6057,6.478502198
5/30/2014,6058,6.478757143
5/30/2014,6059,6.479012088
5/30/2014,6060,6.479267033
5/30/2014,6061,6.479521978
5/30/2014,6062,6.479776923
5/30/2014,6063,6.480031868
5/30/2014,6064,6.480286813
5/30/2014,6065,6.480541758
5/30/2014,6066,6.480796703
5/30/2014,6067,6.481051648
5/30/2014,6068,6.481306593
5/30/2014,6069,6.481561538
5/30/2014,6070,6.481816484
5/30/2014,6071,6.482071429
5/30/2014,6072,6.482326374
5/30/2014,6073,6.482581319
5/30/2014,6074,6.482836264
5/30/2014,6075,6.483091209
5/30/2014,6076,6.483346154
5/30/2014,6077,6.483601099
5/30/2014,6078,6.483856044
5/30/2014,6079,6.484110989
5/30/2014,6080,6.484365934
5/30/2014,6081,6.484620879
5/30/2014,6082,6.484875824
5/30/2014,6083,6.485130769
5/30/2014,6084,6.485385714
5/30/2014,6085,6.485640659
5/30/2014,6086,6.485895604
5/30/2014,6087,6.486150549
5/30/2014,6088,6.486405495
5/30/2014,6089,6.48666044
5/30/2014,6090,6.486915385
5/30/2014,6091,6.48717033
5/30/2014,6092,6.487425275
5/30/2014,6093,6.48768022
5/30/2014,6094,6.487935165
5/30/2014,6095,6.48819011
5/30/2014,6096,6.488445055
5/30/2014,6097,6.4887
5/30/2014,6098,6.488954945
5/30/2014,6099,6.48920989
5/30/2014,6100,6.489464835
5/30/2014,6101,6.48971978
5/30/2014,6102,6.489974725
5/30/2014,6103,6.49022967
5/30/2014,6104,6.490484615
5/30/2014,6105,6.49073956
5/30/2014,6106,6.490994505
5/30/2014,6107,6.491249451
5/30/2014,6108,6.491504396
5/30/2014,6109,6.491759341
5/30/2014,6110,6.492014286
5/30/2014,6111,6.492269231
5/30/2014,6112,6.492524176
5/30/2014,6113,6.492779121
5/30/2014,6114,6.493034066
5/30/2014,6115,6.493289011
5/30/2014,6116,6.493543956
5/30/2014,6117,6.493798901
5/30/2014,6118,6.494053846
5/30/2014,6119,6.494308791
5/30/2014,6120,6.494563736
5/30/2014,6121,6.494818681
5/30/2014,6122,6.495073626
5/30/2014,6123,6.495328571
5/30/2014,6124,6.495583516
5/30/2014,6125,6.495838462
5/30/2014,6126,6.496093407
5/30/2014,6127,6.496348352
5/30/2014,6128,6.496603297
5/30/2014,6129,6.496858242
5/30/2014,6130,6.497113187
5/30/2014,6131,6.497368132
5/30/2014,6132,6.497623077
5/30/2014,6133,6.497878022
5/30/2014,6134,6.498132967
5/30/2014,6135,6.498387912
5/30/2014,6136,6.498642857
5/30/2014,6137,6.498897802
5/30/2014,6138,6.499152747
5/30/2014,6139,6.499407692
5/30/2014,6140,6.499662637
5/30/2014,6141,6.499917582
5/30/2014,6142,6.500172527
5/30/2014,6143,6.500427473
5/30/2014,6144,6.500682418
5/30/2014,6145,6.500937363
5/30/2014,6146,6.501192308
5/30/2014,6147,6.501447253
5/30/2014,6148,6.501702198
5/30/2014,6149,6.501957143
5/30/2014,6150,6.502212088
5/30/2014,6151,6.502467033
5/30/2014,6152,6.502721978
5/30/2014,6153,6.502976923
5/30/2014,6154,6.503231868
5/30/2014,6155,6.503486813
5/30/2014,6156,6.503741758
5/30/2014,6157,6.503996703
5/30/2014,6158,6.504251648
5/30/2014,6159,6.504506593
5/30/2014,6160,6.504761538
5/30/2014,6161,6.505016484
5/30/2014,6162,6.505271429
5/30/2014,6163,6.505526374
5/30/2014,6164,6.505781319
5/30/2014,6165,6.506036264
5/30/2014,6166,6.506291209
5/30/2014,6167,6.506546154
5/30/2014,6168,6.506801099
5/30/2014,6169,6.507056044
5/30/2014,6170,6.507310989
5/30/2014,6171,6.507565934
5/30/2014,6172,6.507820879
5/30/2014,6173,6.508075824
5/30/2014,6174,6.508330769
5/30/2014,6175,6.508585714
5/30/2014,6176,6.508840659
5/30/2014,6177,6.509095604
5/30/2014,6178,6.509350549
5/30/2014,6179,6.509605495
5/30/2014,6180,6.50986044
5/30/2014,6181,6.510115385
5/30/2014,6182,6.51037033
5/30/2014,6183,6.510625275
5/30/2014,6184,6.51088022
5/30/2014,6185,6.511135165
5/30/2014,6186,6.51139011
5/30/2014,6187,6.511645055
5/30/2014,6188,6.5119
5/30/2014,6189,6.512029121
5/30/2014,6190,6.512158242
5/30/2014,6191,6.512287363
5/30/2014,6192,6.512416484
5/30/2014,6193,6.512545604
5/30/2014,6194,6.512674725
5/30/2014,6195,6.512803846
5/30/2014,6196,6.512932967
5/30/2014,6197,6.513062088
5/30/2014,6198,6.513191209
5/30/2014,6199,6.51332033
5/30/2014,6200,6.513449451
5/30/2014,6201,6.513578571
5/30/2014,6202,6.513707692
5/30/2014,6203,6.513836813
5/30/2014,6204,6.513965934
5/30/2014,6205,6.514095055
5/30/2014,6206,6.514224176
5/30/2014,6207,6.514353297
5/30/2014,6208,6.514482418
5/30/2014,6209,6.514611538
5/30/2014,6210,6.514740659
5/30/2014,6211,6.51486978
5/30/2014,6212,6.514998901
5/30/2014,6213,6.515128022
5/30/2014,6214,6.515257143
5/30/2014,6215,6.515386264
5/30/2014,6216,6.515515385
5/30/2014,6217,6.515644505
5/30/2014,6218,6.515773626
5/30/2014,6219,6.515902747
5/30/2014,6220,6.516031868
5/30/2014,6221,6.516160989
5/30/2014,6222,6.51629011
5/30/2014,6223,6.516419231
5/30/2014,6224,6.516548352
5/30/2014,6225,6.516677473
5/30/2014,6226,6.516806593
5/30/2014,6227,6.516935714
5/30/2014,6228,6.517064835
5/30/2014,6229,6.517193956
5/30/2014,6230,6.517323077
5/30/2014,6231,6.517452198
5/30/2014,6232,6.517581319
5/30/2014,6233,6.51771044
5/30/2014,6234,6.51783956
5/30/2014,6235,6.517968681
5/30/2014,6236,6.518097802
5/30/2014,6237,6.518226923
5/30/2014,6238,6.518356044
5/30/2014,6239,6.518485165
5/30/2014,6240,6.518614286
5/30/2014,6241,6.518743407
5/30/2014,6242,6.518872527
5/30/2014,6243,6.519001648
5/30/2014,6244,6.519130769
5/30/2014,6245,6.51925989
5/30/2014,6246,6.519389011
5/30/2014,6247,6.519518132
5/30/2014,6248,6.519647253
5/30/2014,6249,6.519776374
5/30/2014,6250,6.519905495
5/30/2014,6251,6.520034615
5/30/2014,6252,6.520163736
5/30/2014,6253,6.520292857
5/30/2014,6254,6.520421978
5/30/2014,6255,6.520551099
5/30/2014,6256,6.52068022
5/30/2014,6257,6.520809341
5/30/2014,6258,6.520938462
5/30/2014,6259,6.521067582
5/30/2014,6260,6.521196703
5/30/2014,6261,6.521325824
5/30/2014,6262,6.521454945
5/30/2014,6263,6.521584066
5/30/2014,6264,6.521713187
5/30/2014,6265,6.521842308
5/30/2014,6266,6.521971429
5/30/2014,6267,6.522100549
5/30/2014,6268,6.52222967
5/30/2014,6269,6.522358791
5/30/2014,6270,6.522487912
5/30/2014,6271,6.522617033
5/30/2014,6272,6.522746154
5/30/2014,6273,6.522875275
5/30/2014,6274,6.523004396
5/30/2014,6275,6.523133516
5/30/2014,6276,6.523262637
5/30/2014,6277,6.523391758
5/30/2014,6278,6.523520879
5/30/2014,6279,6.52365
5/30/2014,6280,6.523779121
5/30/2014,6281,6.523908242
5/30/2014,6282,6.524037363
5/30/2014,6283,6.524166484
5/30/2014,6284,6.524295604
5/30/2014,6285,6.524424725
5/30/2014,6286,6.524553846
5/30/2014,6287,6.524682967
5/30/2014,6288,6.524812088
5/30/2014,6289,6.524941209
5/30/2014,6290,6.52507033
5/30/2014,6291,6.525199451
5/30/2014,6292,6.525328571
5/30/2014,6293,6.525457692
5/30/2014,6294,6.525586813
5/30/2014,6295,6.525715934
5/30/2014,6296,6.525845055
5/30/2014,6297,6.525974176
5/30/2014,6298,6.526103297
5/30/2014,6299,6.526232418
5/30/2014,6300,6.526361538
5/30/2014,6301,6.526490659
5/30/2014,6302,6.52661978
5/30/2014,6303,6.526748901
5/30/2014,6304,6.526878022
5/30/2014,6305,6.527007143
5/30/2014,6306,6.527136264
5/30/2014,6307,6.527265385
5/30/2014,6308,6.527394505
5/30/2014,6309,6.527523626
5/30/2014,6310,6.527652747
5/30/2014,6311,6.527781868
5/30/2014,6312,6.527910989
5/30/2014,6313,6.52804011
5/30/2014,6314,6.528169231
5/30/2014,6315,6.528298352
5/30/2014,6316,6.528427473
5/30/2014,6317,6.528556593
5/30/2014,6318,6.528685714
5/30/2014,6319,6.528814835
5/30/2014,6320,6.528943956
5/30/2014,6321,6.529073077
5/30/2014,6322,6.529202198
5/30/2014,6323,6.529331319
5/30/2014,6324,6.52946044
5/30/2014,6325,6.52958956
5/30/2014,6326,6.529718681
5/30/2014,6327,6.529847802
5/30/2014,6328,6.529976923
5/30/2014,6329,6.530106044
5/30/2014,6330,6.530235165
5/30/2014,6331,6.530364286
5/30/2014,6332,6.530493407
5/30/2014,6333,6.530622527
5/30/2014,6334,6.530751648
5/30/2014,6335,6.530880769
5/30/2014,6336,6.53100989
5/30/2014,6337,6.531139011
5/30/2014,6338,6.531268132
5/30/2014,6339,6.531397253
5/30/2014,6340,6.531526374
5/30/2014,6341,6.531655495
5/30/2014,6342,6.531784615
5/30/2014,6343,6.531913736
5/30/2014,6344,6.532042857
5/30/2014,6345,6.532171978
5/30/2014,6346,6.532301099
5/30/2014,6347,6.53243022
5/30/2014,6348,6.532559341
5/30/2014,6349,6.532688462
5/30/2014,6350,6.532817582
5/30/2014,6351,6.532946703
5/30/2014,6352,6.533075824
5/30/2014,6353,6.533204945
5/30/2014,6354,6.533334066
5/30/2014,6355,6.533463187
5/30/2014,6356,6.533592308
5/30/2014,6357,6.533721429
5/30/2014,6358,6.533850549
5/30/2014,6359,6.53397967
5/30/2014,6360,6.534108791
5/30/2014,6361,6.534237912
5/30/2014,6362,6.534367033
5/30/2014,6363,6.534496154
5/30/2014,6364,6.534625275
5/30/2014,6365,6.534754396
5/30/2014,6366,6.534883516
5/30/2014,6367,6.535012637
5/30/2014,6368,6.535141758
5/30/2014,6369,6.535270879
5/30/2014,6370,6.5354
5/30/2014,6371,6.53551044
5/30/2014,6372,6.535620879
5/30/2014,6373,6.535731319
5/30/2014,6374,6.535841758
5/30/2014,6375,6.535952198
5/30/2014,6376,6.536062637
5/30/2014,6377,6.536173077
5/30/2014,6378,6.536283516
5/30/2014,6379,6.536393956
5/30/2014,6380,6.536504396
5/30/2014,6381,6.536614835
5/30/2014,6382,6.536725275
5/30/2014,6383,6.536835714
5/30/2014,6384,6.536946154
5/30/2014,6385,6.537056593
5/30/2014,6386,6.537167033
5/30/2014,6387,6.537277473
5/30/2014,6388,6.537387912
5/30/2014,6389,6.537498352
5/30/2014,6390,6.537608791
5/30/2014,6391,6.537719231
5/30/2014,6392,6.53782967
5/30/2014,6393,6.53794011
5/30/2014,6394,6.538050549
5/30/2014,6395,6.538160989
5/30/2014,6396,6.538271429
5/30/2014,6397,6.538381868
5/30/2014,6398,6.538492308
5/30/2014,6399,6.538602747
5/30/2014,6400,6.538713187
5/30/2014,6401,6.538823626
5/30/2014,6402,6.538934066
5/30/2014,6403,6.539044505
5/30/2014,6404,6.539154945
5/30/2014,6405,6.539265385
5/30/2014,6406,6.539375824
5/30/2014,6407,6.539486264
5/30/2014,6408,6.539596703
5/30/2014,6409,6.539707143
5/30/2014,6410,6.539817582
5/30/2014,6411,6.539928022
5/30/2014,6412,6.540038462
5/30/2014,6413,6.540148901
5/30/2014,6414,6.540259341
5/30/2014,6415,6.54036978
5/30/2014,6416,6.54048022
5/30/2014,6417,6.540590659
5/30/2014,6418,6.540701099
5/30/2014,6419,6.540811538
5/30/2014,6420,6.540921978
5/30/2014,6421,6.541032418
5/30/2014,6422,6.541142857
5/30/2014,6423,6.541253297
5/30/2014,6424,6.541363736
5/30/2014,6425,6.541474176
5/30/2014,6426,6.541584615
5/30/2014,6427,6.541695055
5/30/2014,6428,6.541805495
5/30/2014,6429,6.541915934
5/30/2014,6430,6.542026374
5/30/2014,6431,6.542136813
5/30/2014,6432,6.542247253
5/30/2014,6433,6.542357692
5/30/2014,6434,6.542468132
5/30/2014,6435,6.542578571
5/30/2014,6436,6.542689011
5/30/2014,6437,6.542799451
5/30/2014,6438,6.54290989
5/30/2014,6439,6.54302033
5/30/2014,6440,6.543130769
5/30/2014,6441,6.543241209
5/30/2014,6442,6.543351648
5/30/2014,6443,6.543462088
5/30/2014,6444,6.543572527
5/30/2014,6445,6.543682967
5/30/2014,6446,6.543793407
5/30/2014,6447,6.543903846
5/30/2014,6448,6.544014286
5/30/2014,6449,6.544124725
5/30/2014,6450,6.544235165
5/30/2014,6451,6.544345604
5/30/2014,6452,6.544456044
5/30/2014,6453,6.544566484
5/30/2014,6454,6.544676923
5/30/2014,6455,6.544787363
5/30/2014,6456,6.544897802
5/30/2014,6457,6.545008242
5/30/2014,6458,6.545118681
5/30/2014,6459,6.545229121
5/30/2014,6460,6.54533956
5/30/2014,6461,6.54545
5/30/2014,6462,6.54556044
5/30/2014,6463,6.545670879
5/30/2014,6464,6.545781319
5/30/2014,6465,6.545891758
5/30/2014,6466,6.546002198
5/30/2014,6467,6.546112637
5/30/2014,6468,6.546223077
5/30/2014,6469,6.546333516
5/30/2014,6470,6.546443956
5/30/2014,6471,6.546554396
5/30/2014,6472,6.546664835
5/30/2014,6473,6.546775275
5/30/2014,6474,6.546885714
5/30/2014,6475,6.546996154
5/30/2014,6476,6.547106593
5/30/2014,6477,6.547217033
5/30/2014,6478,6.547327473
5/30/2014,6479,6.547437912
5/30/2014,6480,6.547548352
5/30/2014,6481,6.547658791
5/30/2014,6482,6.547769231
5/30/2014,6483,6.54787967
5/30/2014,6484,6.54799011
5/30/2014,6485,6.548100549
5/30/2014,6486,6.548210989
5/30/2014,6487,6.548321429
5/30/2014,6488,6.548431868
5/30/2014,6489,6.548542308
5/30/2014,6490,6.548652747
5/30/2014,6491,6.548763187
5/30/2014,6492,6.548873626
5/30/2014,6493,6.548984066
5/30/2014,6494,6.549094505
5/30/2014,6495,6.549204945
5/30/2014,6496,6.549315385
5/30/2014,6497,6.549425824
5/30/2014,6498,6.549536264
5/30/2014,6499,6.549646703
5/30/2014,6500,6.549757143
5/30/2014,6501,6.549867582
5/30/2014,6502,6.549978022
5/30/2014,6503,6.550088462
5/30/2014,6504,6.550198901
5/30/2014,6505,6.550309341
5/30/2014,6506,6.55041978
5/30/2014,6507,6.55053022
5/30/2014,6508,6.550640659
5/30/2014,6509,6.550751099
5/30/2014,6510,6.550861538
5/30/2014,6511,6.550971978
5/30/2014,6512,6.551082418
5/30/2014,6513,6.551192857
5/30/2014,6514,6.551303297
5/30/2014,6515,6.551413736
5/30/2014,6516,6.551524176
5/30/2014,6517,6.551634615
5/30/2014,6518,6.551745055
5/30/2014,6519,6.551855495
5/30/2014,6520,6.551965934
5/30/2014,6521,6.552076374
5/30/2014,6522,6.552186813
5/30/2014,6523,6.552297253
5/30/2014,6524,6.552407692
5/30/2014,6525,6.552518132
5/30/2014,6526,6.552628571
5/30/2014,6527,6.552739011
5/30/2014,6528,6.552849451
5/30/2014,6529,6.55295989
5/30/2014,6530,6.55307033
5/30/2014,6531,6.553180769
5/30/2014,6532,6.553291209
5/30/2014,6533,6.553401648
5/30/2014,6534,6.553512088
5/30/2014,6535,6.553622527
5/30/2014,6536,6.553732967
5/30/2014,6537,6.553843407
5/30/2014,6538,6.553953846
5/30/2014,6539,6.554064286
5/30/2014,6540,6.554174725
5/30/2014,6541,6.554285165
5/30/2014,6542,6.554395604
5/30/2014,6543,6.554506044
5/30/2014,6544,6.554616484
5/30/2014,6545,6.554726923
5/30/2014,6546,6.554837363
5/30/2014,6547,6.554947802
5/30/2014,6548,6.555058242
5/30/2014,6549,6.555168681
5/30/2014,6550,6.555279121
5/30/2014,6551,6.55538956
5/30/2014,6552,6.5555
5/30/2014,6553,6.555607143
5/30/2014,6554,6.555714286
5/30/2014,6555,6.555821429
5/30/2014,6556,6.555928571
5/30/2014,6557,6.556035714
5/30/2014,6558,6.556142857
5/30/2014,6559,6.55625
5/30/2014,6560,6.556357143
5/30/2014,6561,6.556464286
5/30/2014,6562,6.556571429
5/30/2014,6563,6.556678571
5/30/2014,6564,6.556785714
5/30/2014,6565,6.556892857
5/30/2014,6566,6.557
5/30/2014,6567,6.557107143
5/30/2014,6568,6.557214286
5/30/2014,6569,6.557321429
5/30/2014,6570,6.557428571
5/30/2014,6571,6.557535714
5/30/2014,6572,6.557642857
5/30/2014,6573,6.55775
5/30/2014,6574,6.557857143
5/30/2014,6575,6.557964286
5/30/2014,6576,6.558071429
5/30/2014,6577,6.558178571
5/30/2014,6578,6.558285714
5/30/2014,6579,6.558392857
5/30/2014,6580,6.5585
5/30/2014,6581,6.558607143
5/30/2014,6582,6.558714286
5/30/2014,6583,6.558821429
5/30/2014,6584,6.558928571
5/30/2014,6585,6.559035714
5/30/2014,6586,6.559142857
5/30/2014,6587,6.55925
5/30/2014,6588,6.559357143
5/30/2014,6589,6.559464286
5/30/2014,6590,6.559571429
5/30/2014,6591,6.559678571
5/30/2014,6592,6.559785714
5/30/2014,6593,6.559892857
5/30/2014,6594,6.56
5/30/2014,6595,6.560107143
5/30/2014,6596,6.560214286
5/30/2014,6597,6.560321429
5/30/2014,6598,6.560428571
5/30/2014,6599,6.560535714
5/30/2014,6600,6.560642857
5/30/2014,6601,6.56075
5/30/2014,6602,6.560857143
5/30/2014,6603,6.560964286
5/30/2014,6604,6.561071429
5/30/2014,6605,6.561178571
5/30/2014,6606,6.561285714
5/30/2014,6607,6.561392857
5/30/2014,6608,6.5615
5/30/2014,6609,6.561607143
5/30/2014,6610,6.561714286
5/30/2014,6611,6.561821429
5/30/2014,6612,6.561928571
5/30/2014,6613,6.562035714
5/30/2014,6614,6.562142857
5/30/2014,6615,6.56225
5/30/2014,6616,6.562357143
5/30/2014,6617,6.562464286
5/30/2014,6618,6.562571429
5/30/2014,6619,6.562678571
5/30/2014,6620,6.562785714
5/30/2014,6621,6.562892857
5/30/2014,6622,6.563
5/30/2014,6623,6.563107143
5/30/2014,6624,6.563214286
5/30/2014,6625,6.563321429
5/30/2014,6626,6.563428571
5/30/2014,6627,6.563535714
5/30/2014,6628,6.563642857
5/30/2014,6629,6.56375
5/30/2014,6630,6.563857143
5/30/2014,6631,6.563964286
5/30/2014,6632,6.564071429
5/30/2014,6633,6.564178571
5/30/2014,6634,6.564285714
5/30/2014,6635,6.564392857
5/30/2014,6636,6.5645
5/30/2014,6637,6.564607143
5/30/2014,6638,6.564714286
5/30/2014,6639,6.564821429
5/30/2014,6640,6.564928571
5/30/2014,6641,6.565035714
5/30/2014,6642,6.565142857
5/30/2014,6643,6.56525
5/30/2014,6644,6.565357143
5/30/2014,6645,6.565464286
5/30/2014,6646,6.565571429
5/30/2014,6647,6.565678571
5/30/2014,6648,6.565785714
5/30/2014,6649,6.565892857
5/30/2014,6650,6.566
5/30/2014,6651,6.566107143
5/30/2014,6652,6.566214286
5/30/2014,6653,6.566321429
5/30/2014,6654,6.566428571
5/30/2014,6655,6.566535714
5/30/2014,6656,6.566642857
5/30/2014,6657,6.56675
5/30/2014,6658,6.566857143
5/30/2014,6659,6.566964286
5/30/2014,6660,6.567071429
5/30/2014,6661,6.567178571
5/30/2014,6662,6.567285714
5/30/2014,6663,6.567392857
5/30/2014,6664,6.5675
5/30/2014,6665,6.567607143
5/30/2014,6666,6.567714286
5/30/2014,6667,6.567821429
5/30/2014,6668,6.567928571
5/30/2014,6669,6.568035714
5/30/2014,6670,6.568142857
5/30/2014,6671,6.56825
5/30/2014,6672,6.568357143
5/30/2014,6673,6.568464286
5/30/2014,6674,6.568571429
5/30/2014,6675,6.568678571
5/30/2014,6676,6.568785714
5/30/2014,6677,6.568892857
5/30/2014,6678,6.569
5/30/2014,6679,6.569107143
5/30/2014,6680,6.569214286
5/30/2014,6681,6.569321429
5/30/2014,6682,6.569428571
5/30/2014,6683,6.569535714
5/30/2014,6684,6.569642857
5/30/2014,6685,6.56975
5/30/2014,6686,6.569857143
5/30/2014,6687,6.569964286
5/30/2014,6688,6.570071429
5/30/2014,6689,6.570178571
5/30/2014,6690,6.570285714
5/30/2014,6691,6.570392857
5/30/2014,6692,6.5705
5/30/2014,6693,6.570607143
5/30/2014,6694,6.570714286
5/30/2014,6695,6.570821429
5/30/2014,6696,6.570928571
5/30/2014,6697,6.571035714
5/30/2014,6698,6.571142857
5/30/2014,6699,6.57125
5/30/2014,6700,6.571357143
5/30/2014,6701,6.571464286
5/30/2014,6702,6.571571429
5/30/2014,6703,6.571678571
5/30/2014,6704,6.571785714
5/30/2014,6705,6.571892857
5/30/2014,6706,6.572
5/30/2014,6707,6.572107143
5/30/2014,6708,6.572214286
5/30/2014,6709,6.572321429
5/30/2014,6710,6.572428571
5/30/2014,6711,6.572535714
5/30/2014,6712,6.572642857
5/30/2014,6713,6.57275
5/30/2014,6714,6.572857143
5/30/2014,6715,6.572964286
5/30/2014,6716,6.573071429
5/30/2014,6717,6.573178571
5/30/2014,6718,6.573285714
5/30/2014,6719,6.573392857
5/30/2014,6720,6.5735
5/30/2014,6721,6.573607143
5/30/2014,6722,6.573714286
5/30/2014,6723,6.573821429
5/30/2014,6724,6.573928571
5/30/2014,6725,6.574035714
5/30/2014,6726,6.574142857
5/30/2014,6727,6.57425
5/30/2014,6728,6.574357143
5/30/2014,6729,6.574464286
5/30/2014,6730,6.574571429
5/30/2014,6731,6.574678571
5/30/2014,6732,6.574785714
5/30/2014,6733,6.574892857
5/30/2014,6734,6.575
5/30/2014,6735,6.575103297
5/30/2014,6736,6.575206593
5/30/2014,6737,6.57530989
5/30/2014,6738,6.575413187
5/30/2014,6739,6.575516484
5/30/2014,6740,6.57561978
5/30/2014,6741,6.575723077
5/30/2014,6742,6.575826374
5/30/2014,6743,6.57592967
5/30/2014,6744,6.576032967
5/30/2014,6745,6.576136264
5/30/2014,6746,6.57623956
5/30/2014,6747,6.576342857
5/30/2014,6748,6.576446154
5/30/2014,6749,6.576549451
5/30/2014,6750,6.576652747
5/30/2014,6751,6.576756044
5/30/2014,6752,6.576859341
5/30/2014,6753,6.576962637
5/30/2014,6754,6.577065934
5/30/2014,6755,6.577169231
5/30/2014,6756,6.577272527
5/30/2014,6757,6.577375824
5/30/2014,6758,6.577479121
5/30/2014,6759,6.577582418
5/30/2014,6760,6.577685714
5/30/2014,6761,6.577789011
5/30/2014,6762,6.577892308
5/30/2014,6763,6.577995604
5/30/2014,6764,6.578098901
5/30/2014,6765,6.578202198
5/30/2014,6766,6.578305495
5/30/2014,6767,6.578408791
5/30/2014,6768,6.578512088
5/30/2014,6769,6.578615385
5/30/2014,6770,6.578718681
5/30/2014,6771,6.578821978
5/30/2014,6772,6.578925275
5/30/2014,6773,6.579028571
5/30/2014,6774,6.579131868
5/30/2014,6775,6.579235165
5/30/2014,6776,6.579338462
5/30/2014,6777,6.579441758
5/30/2014,6778,6.579545055
5/30/2014,6779,6.579648352
5/30/2014,6780,6.579751648
5/30/2014,6781,6.579854945
5/30/2014,6782,6.579958242
5/30/2014,6783,6.580061538
5/30/2014,6784,6.580164835
5/30/2014,6785,6.580268132
5/30/2014,6786,6.580371429
5/30/2014,6787,6.580474725
5/30/2014,6788,6.580578022
5/30/2014,6789,6.580681319
5/30/2014,6790,6.580784615
5/30/2014,6791,6.580887912
5/30/2014,6792,6.580991209
5/30/2014,6793,6.581094505
5/30/2014,6794,6.581197802
5/30/2014,6795,6.581301099
5/30/2014,6796,6.581404396
5/30/2014,6797,6.581507692
5/30/2014,6798,6.581610989
5/30/2014,6799,6.581714286
5/30/2014,6800,6.581817582
5/30/2014,6801,6.581920879
5/30/2014,6802,6.582024176
5/30/2014,6803,6.582127473
5/30/2014,6804,6.582230769
5/30/2014,6805,6.582334066
5/30/2014,6806,6.582437363
5/30/2014,6807,6.582540659
5/30/2014,6808,6.582643956
5/30/2014,6809,6.582747253
5/30/2014,6810,6.582850549
5/30/2014,6811,6.582953846
5/30/2014,6812,6.583057143
5/30/2014,6813,6.58316044
5/30/2014,6814,6.583263736
5/30/2014,6815,6.583367033
5/30/2014,6816,6.58347033
5/30/2014,6817,6.583573626
5/30/2014,6818,6.583676923
5/30/2014,6819,6.58378022
5/30/2014,6820,6.583883516
5/30/2014,6821,6.583986813
5/30/2014,6822,6.58409011
5/30/2014,6823,6.584193407
5/30/2014,6824,6.584296703
5/30/2014,6825,6.5844
5/30/2014,6826,6.584503297
5/30/2014,6827,6.584606593
5/30/2014,6828,6.58470989
5/30/2014,6829,6.584813187
5/30/2014,6830,6.584916484
5/30/2014,6831,6.58501978
5/30/2014,6832,6.585123077
5/30/2014,6833,6.585226374
5/30/2014,6834,6.58532967
5/30/2014,6835,6.585432967
5/30/2014,6836,6.585536264
5/30/2014,6837,6.58563956
5/30/2014,6838,6.585742857
5/30/2014,6839,6.585846154
5/30/2014,6840,6.585949451
5/30/2014,6841,6.586052747
5/30/2014,6842,6.586156044
5/30/2014,6843,6.586259341
5/30/2014,6844,6.586362637
5/30/2014,6845,6.586465934
5/30/2014,6846,6.586569231
5/30/2014,6847,6.586672527
5/30/2014,6848,6.586775824
5/30/2014,6849,6.586879121
5/30/2014,6850,6.586982418
5/30/2014,6851,6.587085714
5/30/2014,6852,6.587189011
5/30/2014,6853,6.587292308
5/30/2014,6854,6.587395604
5/30/2014,6855,6.587498901
5/30/2014,6856,6.587602198
5/30/2014,6857,6.587705495
5/30/2014,6858,6.587808791
5/30/2014,6859,6.587912088
5/30/2014,6860,6.588015385
5/30/2014,6861,6.588118681
5/30/2014,6862,6.588221978
5/30/2014,6863,6.588325275
5/30/2014,6864,6.588428571
5/30/2014,6865,6.588531868
5/30/2014,6866,6.588635165
5/30/2014,6867,6.588738462
5/30/2014,6868,6.588841758
5/30/2014,6869,6.588945055
5/30/2014,6870,6.589048352
5/30/2014,6871,6.589151648
5/30/2014,6872,6.589254945
5/30/2014,6873,6.589358242
5/30/2014,6874,6.589461538
5/30/2014,6875,6.589564835
5/30/2014,6876,6.589668132
5/30/2014,6877,6.589771429
5/30/2014,6878,6.589874725
5/30/2014,6879,6.589978022
5/30/2014,6880,6.590081319
5/30/2014,6881,6.590184615
5/30/2014,6882,6.590287912
5/30/2014,6883,6.590391209
5/30/2014,6884,6.590494505
5/30/2014,6885,6.590597802
5/30/2014,6886,6.590701099
5/30/2014,6887,6.590804396
5/30/2014,6888,6.590907692
5/30/2014,6889,6.591010989
5/30/2014,6890,6.591114286
5/30/2014,6891,6.591217582
5/30/2014,6892,6.591320879
5/30/2014,6893,6.591424176
5/30/2014,6894,6.591527473
5/30/2014,6895,6.591630769
5/30/2014,6896,6.591734066
5/30/2014,6897,6.591837363
5/30/2014,6898,6.591940659
5/30/2014,6899,6.592043956
5/30/2014,6900,6.592147253
5/30/2014,6901,6.592250549
5/30/2014,6902,6.592353846
5/30/2014,6903,6.592457143
5/30/2014,6904,6.59256044
5/30/2014,6905,6.592663736
5/30/2014,6906,6.592767033
5/30/2014,6907,6.59287033
5/30/2014,6908,6.592973626
5/30/2014,6909,6.593076923
5/30/2014,6910,6.59318022
5/30/2014,6911,6.593283516
5/30/2014,6912,6.593386813
5/30/2014,6913,6.59349011
5/30/2014,6914,6.593593407
5/30/2014,6915,6.593696703
5/30/2014,6916,6.5938
5/30/2014,6917,6.593900549
5/30/2014,6918,6.594001099
5/30/2014,6919,6.594101648
5/30/2014,6920,6.594202198
5/30/2014,6921,6.594302747
5/30/2014,6922,6.594403297
5/30/2014,6923,6.594503846
5/30/2014,6924,6.594604396
5/30/2014,6925,6.594704945
5/30/2014,6926,6.594805495
5/30/2014,6927,6.594906044
5/30/2014,6928,6.595006593
5/30/2014,6929,6.595107143
5/30/2014,6930,6.595207692
5/30/2014,6931,6.595308242
5/30/2014,6932,6.595408791
5/30/2014,6933,6.595509341
5/30/2014,6934,6.59560989
5/30/2014,6935,6.59571044
5/30/2014,6936,6.595810989
5/30/2014,6937,6.595911538
5/30/2014,6938,6.596012088
5/30/2014,6939,6.596112637
5/30/2014,6940,6.596213187
5/30/2014,6941,6.596313736
5/30/2014,6942,6.596414286
5/30/2014,6943,6.596514835
5/30/2014,6944,6.596615385
5/30/2014,6945,6.596715934
5/30/2014,6946,6.596816484
5/30/2014,6947,6.596917033
5/30/2014,6948,6.597017582
5/30/2014,6949,6.597118132
5/30/2014,6950,6.597218681
5/30/2014,6951,6.597319231
5/30/2014,6952,6.59741978
5/30/2014,6953,6.59752033
5/30/2014,6954,6.597620879
5/30/2014,6955,6.597721429
5/30/2014,6956,6.597821978
5/30/2014,6957,6.597922527
5/30/2014,6958,6.598023077
5/30/2014,6959,6.598123626
5/30/2014,6960,6.598224176
5/30/2014,6961,6.598324725
5/30/2014,6962,6.598425275
5/30/2014,6963,6.598525824
5/30/2014,6964,6.598626374
5/30/2014,6965,6.598726923
5/30/2014,6966,6.598827473
5/30/2014,6967,6.598928022
5/30/2014,6968,6.599028571
5/30/2014,6969,6.599129121
5/30/2014,6970,6.59922967
5/30/2014,6971,6.59933022
5/30/2014,6972,6.599430769
5/30/2014,6973,6.599531319
5/30/2014,6974,6.599631868
5/30/2014,6975,6.599732418
5/30/2014,6976,6.599832967
5/30/2014,6977,6.599933516
5/30/2014,6978,6.600034066
5/30/2014,6979,6.600134615
5/30/2014,6980,6.600235165
5/30/2014,6981,6.600335714
5/30/2014,6982,6.600436264
5/30/2014,6983,6.600536813
5/30/2014,6984,6.600637363
5/30/2014,6985,6.600737912
5/30/2014,6986,6.600838462
5/30/2014,6987,6.600939011
5/30/2014,6988,6.60103956
5/30/2014,6989,6.60114011
5/30/2014,6990,6.601240659
5/30/2014,6991,6.601341209
5/30/2014,6992,6.601441758
5/30/2014,6993,6.601542308
5/30/2014,6994,6.601642857
5/30/2014,6995,6.601743407
5/30/2014,6996,6.601843956
5/30/2014,6997,6.601944505
5/30/2014,6998,6.602045055
5/30/2014,6999,6.602145604
5/30/2014,7000,6.602246154
5/30/2014,7001,6.602346703
5/30/2014,7002,6.602447253
5/30/2014,7003,6.602547802
5/30/2014,7004,6.602648352
5/30/2014,7005,6.602748901
5/30/2014,7006,6.602849451
5/30/2014,7007,6.60295
5/30/2014,7008,6.603050549
5/30/2014,7009,6.603151099
5/30/2014,7010,6.603251648
5/30/2014,7011,6.603352198
5/30/2014,7012,6.603452747
5/30/2014,7013,6.603553297
5/30/2014,7014,6.603653846
5/30/2014,7015,6.603754396
5/30/2014,7016,6.603854945
5/30/2014,7017,6.603955495
5/30/2014,7018,6.604056044
5/30/2014,7019,6.604156593
5/30/2014,7020,6.604257143
5/30/2014,7021,6.604357692
5/30/2014,7022,6.604458242
5/30/2014,7023,6.604558791
5/30/2014,7024,6.604659341
5/30/2014,7025,6.60475989
5/30/2014,7026,6.60486044
5/30/2014,7027,6.604960989
5/30/2014,7028,6.605061538
5/30/2014,7029,6.605162088
5/30/2014,7030,6.605262637
5/30/2014,7031,6.605363187
5/30/2014,7032,6.605463736
5/30/2014,7033,6.605564286
5/30/2014,7034,6.605664835
5/30/2014,7035,6.605765385
5/30/2014,7036,6.605865934
5/30/2014,7037,6.605966484
5/30/2014,7038,6.606067033
5/30/2014,7039,6.606167582
5/30/2014,7040,6.606268132
5/30/2014,7041,6.606368681
5/30/2014,7042,6.606469231
5/30/2014,7043,6.60656978
5/30/2014,7044,6.60667033
5/30/2014,7045,6.606770879
5/30/2014,7046,6.606871429
5/30/2014,7047,6.606971978
5/30/2014,7048,6.607072527
5/30/2014,7049,6.607173077
5/30/2014,7050,6.607273626
5/30/2014,7051,6.607374176
5/30/2014,7052,6.607474725
5/30/2014,7053,6.607575275
5/30/2014,7054,6.607675824
5/30/2014,7055,6.607776374
5/30/2014,7056,6.607876923
5/30/2014,7057,6.607977473
5/30/2014,7058,6.608078022
5/30/2014,7059,6.608178571
5/30/2014,7060,6.608279121
5/30/2014,7061,6.60837967
5/30/2014,7062,6.60848022
5/30/2014,7063,6.608580769
5/30/2014,7064,6.608681319
5/30/2014,7065,6.608781868
5/30/2014,7066,6.608882418
5/30/2014,7067,6.608982967
5/30/2014,7068,6.609083516
5/30/2014,7069,6.609184066
5/30/2014,7070,6.609284615
5/30/2014,7071,6.609385165
5/30/2014,7072,6.609485714
5/30/2014,7073,6.609586264
5/30/2014,7074,6.609686813
5/30/2014,7075,6.609787363
5/30/2014,7076,6.609887912
5/30/2014,7077,6.609988462
5/30/2014,7078,6.610089011
5/30/2014,7079,6.61018956
5/30/2014,7080,6.61029011
5/30/2014,7081,6.610390659
5/30/2014,7082,6.610491209
5/30/2014,7083,6.610591758
5/30/2014,7084,6.610692308
5/30/2014,7085,6.610792857
5/30/2014,7086,6.610893407
5/30/2014,7087,6.610993956
5/30/2014,7088,6.611094505
5/30/2014,7089,6.611195055
5/30/2014,7090,6.611295604
5/30/2014,7091,6.611396154
5/30/2014,7092,6.611496703
5/30/2014,7093,6.611597253
5/30/2014,7094,6.611697802
5/30/2014,7095,6.611798352
5/30/2014,7096,6.611898901
5/30/2014,7097,6.611999451
5/30/2014,7098,6.6121
5/30/2014,7099,6.612197253
5/30/2014,7100,6.612294505
5/30/2014,7101,6.612391758
5/30/2014,7102,6.612489011
5/30/2014,7103,6.612586264
5/30/2014,7104,6.612683516
5/30/2014,7105,6.612780769
5/30/2014,7106,6.612878022
5/30/2014,7107,6.612975275
5/30/2014,7108,6.613072527
5/30/2014,7109,6.61316978
5/30/2014,7110,6.613267033
5/30/2014,7111,6.613364286
5/30/2014,7112,6.613461538
5/30/2014,7113,6.613558791
5/30/2014,7114,6.613656044
5/30/2014,7115,6.613753297
5/30/2014,7116,6.613850549
5/30/2014,7117,6.613947802
5/30/2014,7118,6.614045055
5/30/2014,7119,6.614142308
5/30/2014,7120,6.61423956
5/30/2014,7121,6.614336813
5/30/2014,7122,6.614434066
5/30/2014,7123,6.614531319
5/30/2014,7124,6.614628571
5/30/2014,7125,6.614725824
5/30/2014,7126,6.614823077
5/30/2014,7127,6.61492033
5/30/2014,7128,6.615017582
5/30/2014,7129,6.615114835
5/30/2014,7130,6.615212088
5/30/2014,7131,6.615309341
5/30/2014,7132,6.615406593
5/30/2014,7133,6.615503846
5/30/2014,7134,6.615601099
5/30/2014,7135,6.615698352
5/30/2014,7136,6.615795604
5/30/2014,7137,6.615892857
5/30/2014,7138,6.61599011
5/30/2014,7139,6.616087363
5/30/2014,7140,6.616184615
5/30/2014,7141,6.616281868
5/30/2014,7142,6.616379121
5/30/2014,7143,6.616476374
5/30/2014,7144,6.616573626
5/30/2014,7145,6.616670879
5/30/2014,7146,6.616768132
5/30/2014,7147,6.616865385
5/30/2014,7148,6.616962637
5/30/2014,7149,6.61705989
5/30/2014,7150,6.617157143
5/30/2014,7151,6.617254396
5/30/2014,7152,6.617351648
5/30/2014,7153,6.617448901
5/30/2014,7154,6.617546154
5/30/2014,7155,6.617643407
5/30/2014,7156,6.617740659
5/30/2014,7157,6.617837912
5/30/2014,7158,6.617935165
5/30/2014,7159,6.618032418
5/30/2014,7160,6.61812967
5/30/2014,7161,6.618226923
5/30/2014,7162,6.618324176
5/30/2014,7163,6.618421429
5/30/2014,7164,6.618518681
5/30/2014,7165,6.618615934
5/30/2014,7166,6.618713187
5/30/2014,7167,6.61881044
5/30/2014,7168,6.618907692
5/30/2014,7169,6.619004945
5/30/2014,7170,6.619102198
5/30/2014,7171,6.619199451
5/30/2014,7172,6.619296703
5/30/2014,7173,6.619393956
5/30/2014,7174,6.619491209
5/30/2014,7175,6.619588462
5/30/2014,7176,6.619685714
5/30/2014,7177,6.619782967
5/30/2014,7178,6.61988022
5/30/2014,7179,6.619977473
5/30/2014,7180,6.620074725
5/30/2014,7181,6.620171978
5/30/2014,7182,6.620269231
5/30/2014,7183,6.620366484
5/30/2014,7184,6.620463736
5/30/2014,7185,6.620560989
5/30/2014,7186,6.620658242
5/30/2014,7187,6.620755495
5/30/2014,7188,6.620852747
5/30/2014,7189,6.62095
5/30/2014,7190,6.621047253
5/30/2014,7191,6.621144505
5/30/2014,7192,6.621241758
5/30/2014,7193,6.621339011
5/30/2014,7194,6.621436264
5/30/2014,7195,6.621533516
5/30/2014,7196,6.621630769
5/30/2014,7197,6.621728022
5/30/2014,7198,6.621825275
5/30/2014,7199,6.621922527
5/30/2014,7200,6.62201978
5/30/2014,7201,6.622117033
5/30/2014,7202,6.622214286
5/30/2014,7203,6.622311538
5/30/2014,7204,6.622408791
5/30/2014,7205,6.622506044
5/30/2014,7206,6.622603297
5/30/2014,7207,6.622700549
5/30/2014,7208,6.622797802
5/30/2014,7209,6.622895055
5/30/2014,7210,6.622992308
5/30/2014,7211,6.62308956
5/30/2014,7212,6.623186813
5/30/2014,7213,6.623284066
5/30/2014,7214,6.623381319
5/30/2014,7215,6.623478571
5/30/2014,7216,6.623575824
5/30/2014,7217,6.623673077
5/30/2014,7218,6.62377033
5/30/2014,7219,6.623867582
5/30/2014,7220,6.623964835
5/30/2014,7221,6.624062088
5/30/2014,7222,6.624159341
5/30/2014,7223,6.624256593
5/30/2014,7224,6.624353846
5/30/2014,7225,6.624451099
5/30/2014,7226,6.624548352
5/30/2014,7227,6.624645604
5/30/2014,7228,6.624742857
5/30/2014,7229,6.62484011
5/30/2014,7230,6.624937363
5/30/2014,7231,6.625034615
5/30/2014,7232,6.625131868
5/30/2014,7233,6.625229121
5/30/2014,7234,6.625326374
5/30/2014,7235,6.625423626
5/30/2014,7236,6.625520879
5/30/2014,7237,6.625618132
5/30/2014,7238,6.625715385
5/30/2014,7239,6.625812637
5/30/2014,7240,6.62590989
5/30/2014,7241,6.626007143
5/30/2014,7242,6.626104396
5/30/2014,7243,6.626201648
5/30/2014,7244,6.626298901
5/30/2014,7245,6.626396154
5/30/2014,7246,6.626493407
5/30/2014,7247,6.626590659
5/30/2014,7248,6.626687912
5/30/2014,7249,6.626785165
5/30/2014,7250,6.626882418
5/30/2014,7251,6.62697967
5/30/2014,7252,6.627076923
5/30/2014,7253,6.627174176
5/30/2014,7254,6.627271429
5/30/2014,7255,6.627368681
5/30/2014,7256,6.627465934
5/30/2014,7257,6.627563187
5/30/2014,7258,6.62766044
5/30/2014,7259,6.627757692
5/30/2014,7260,6.627854945
5/30/2014,7261,6.627952198
5/30/2014,7262,6.628049451
5/30/2014,7263,6.628146703
5/30/2014,7264,6.628243956
5/30/2014,7265,6.628341209
5/30/2014,7266,6.628438462
5/30/2014,7267,6.628535714
5/30/2014,7268,6.628632967
5/30/2014,7269,6.62873022
5/30/2014,7270,6.628827473
5/30/2014,7271,6.628924725
5/30/2014,7272,6.629021978
5/30/2014,7273,6.629119231
5/30/2014,7274,6.629216484
5/30/2014,7275,6.629313736
5/30/2014,7276,6.629410989
5/30/2014,7277,6.629508242
5/30/2014,7278,6.629605495
5/30/2014,7279,6.629702747
5/30/2014,7280,6.6298
5/30/2014,7281,6.629894505
5/30/2014,7282,6.629989011
5/30/2014,7283,6.630083516
5/30/2014,7284,6.630178022
5/30/2014,7285,6.630272527
5/30/2014,7286,6.630367033
5/30/2014,7287,6.630461538
5/30/2014,7288,6.630556044
5/30/2014,7289,6.630650549
5/30/2014,7290,6.630745055
5/30/2014,7291,6.63083956
5/30/2014,7292,6.630934066
5/30/2014,7293,6.631028571
5/30/2014,7294,6.631123077
5/30/2014,7295,6.631217582
5/30/2014,7296,6.631312088
5/30/2014,7297,6.631406593
5/30/2014,7298,6.631501099
5/30/2014,7299,6.631595604
5/30/2014,7300,6.63169011
5/30/2014,7301,6.631784615
5/30/2014,7302,6.631879121
5/30/2014,7303,6.631973626
5/30/2014,7304,6.632068132
5/30/2014,7305,6.632162637
5/30/2014,7306,6.632257143
5/30/2014,7307,6.632351648
5/30/2014,7308,6.632446154
5/30/2014,7309,6.632540659
5/30/2014,7310,6.632635165
5/30/2014,7311,6.63272967
5/30/2014,7312,6.632824176
5/30/2014,7313,6.632918681
5/30/2014,7314,6.633013187
5/30/2014,7315,6.633107692
5/30/2014,7316,6.633202198
5/30/2014,7317,6.633296703
5/30/2014,7318,6.633391209
5/30/2014,7319,6.633485714
5/30/2014,7320,6.63358022
5/30/2014,7321,6.633674725
5/30/2014,7322,6.633769231
5/30/2014,7323,6.633863736
5/30/2014,7324,6.633958242
5/30/2014,7325,6.634052747
5/30/2014,7326,6.634147253
5/30/2014,7327,6.634241758
5/30/2014,7328,6.634336264
5/30/2014,7329,6.634430769
5/30/2014,7330,6.634525275
5/30/2014,7331,6.63461978
5/30/2014,7332,6.634714286
5/30/2014,7333,6.634808791
5/30/2014,7334,6.634903297
5/30/2014,7335,6.634997802
5/30/2014,7336,6.635092308
5/30/2014,7337,6.635186813
5/30/2014,7338,6.635281319
5/30/2014,7339,6.635375824
5/30/2014,7340,6.63547033
5/30/2014,7341,6.635564835
5/30/2014,7342,6.635659341
5/30/2014,7343,6.635753846
5/30/2014,7344,6.635848352
5/30/2014,7345,6.635942857
5/30/2014,7346,6.636037363
5/30/2014,7347,6.636131868
5/30/2014,7348,6.636226374
5/30/2014,7349,6.636320879
5/30/2014,7350,6.636415385
5/30/2014,7351,6.63650989
5/30/2014,7352,6.636604396
5/30/2014,7353,6.636698901
5/30/2014,7354,6.636793407
5/30/2014,7355,6.636887912
5/30/2014,7356,6.636982418
5/30/2014,7357,6.637076923
5/30/2014,7358,6.637171429
5/30/2014,7359,6.637265934
5/30/2014,7360,6.63736044
5/30/2014,7361,6.637454945
5/30/2014,7362,6.637549451
5/30/2014,7363,6.637643956
5/30/2014,7364,6.637738462
5/30/2014,7365,6.637832967
5/30/2014,7366,6.637927473
5/30/2014,7367,6.638021978
5/30/2014,7368,6.638116484
5/30/2014,7369,6.638210989
5/30/2014,7370,6.638305495
5/30/2014,7371,6.6384
5/30/2014,7372,6.638494505
5/30/2014,7373,6.638589011
5/30/2014,7374,6.638683516
5/30/2014,7375,6.638778022
5/30/2014,7376,6.638872527
5/30/2014,7377,6.638967033
5/30/2014,7378,6.639061538
5/30/2014,7379,6.639156044
5/30/2014,7380,6.639250549
5/30/2014,7381,6.639345055
5/30/2014,7382,6.63943956
5/30/2014,7383,6.639534066
5/30/2014,7384,6.639628571
5/30/2014,7385,6.639723077
5/30/2014,7386,6.639817582
5/30/2014,7387,6.639912088
5/30/2014,7388,6.640006593
5/30/2014,7389,6.640101099
5/30/2014,7390,6.640195604
5/30/2014,7391,6.64029011
5/30/2014,7392,6.640384615
5/30/2014,7393,6.640479121
5/30/2014,7394,6.640573626
5/30/2014,7395,6.640668132
5/30/2014,7396,6.640762637
5/30/2014,7397,6.640857143
5/30/2014,7398,6.640951648
5/30/2014,7399,6.641046154
5/30/2014,7400,6.641140659
5/30/2014,7401,6.641235165
5/30/2014,7402,6.64132967
5/30/2014,7403,6.641424176
5/30/2014,7404,6.641518681
5/30/2014,7405,6.641613187
5/30/2014,7406,6.641707692
5/30/2014,7407,6.641802198
5/30/2014,7408,6.641896703
5/30/2014,7409,6.641991209
5/30/2014,7410,6.642085714
5/30/2014,7411,6.64218022
5/30/2014,7412,6.642274725
5/30/2014,7413,6.642369231
5/30/2014,7414,6.642463736
5/30/2014,7415,6.642558242
5/30/2014,7416,6.642652747
5/30/2014,7417,6.642747253
5/30/2014,7418,6.642841758
5/30/2014,7419,6.642936264
5/30/2014,7420,6.643030769
5/30/2014,7421,6.643125275
5/30/2014,7422,6.64321978
5/30/2014,7423,6.643314286
5/30/2014,7424,6.643408791
5/30/2014,7425,6.643503297
5/30/2014,7426,6.643597802
5/30/2014,7427,6.643692308
5/30/2014,7428,6.643786813
5/30/2014,7429,6.643881319
5/30/2014,7430,6.643975824
5/30/2014,7431,6.64407033
5/30/2014,7432,6.644164835
5/30/2014,7433,6.644259341
5/30/2014,7434,6.644353846
5/30/2014,7435,6.644448352
5/30/2014,7436,6.644542857
5/30/2014,7437,6.644637363
5/30/2014,7438,6.644731868
5/30/2014,7439,6.644826374
5/30/2014,7440,6.644920879
5/30/2014,7441,6.645015385
5/30/2014,7442,6.64510989
5/30/2014,7443,6.645204396
5/30/2014,7444,6.645298901
5/30/2014,7445,6.645393407
5/30/2014,7446,6.645487912
5/30/2014,7447,6.645582418
5/30/2014,7448,6.645676923
5/30/2014,7449,6.645771429
5/30/2014,7450,6.645865934
5/30/2014,7451,6.64596044
5/30/2014,7452,6.646054945
5/30/2014,7453,6.646149451
5/30/2014,7454,6.646243956
5/30/2014,7455,6.646338462
5/30/2014,7456,6.646432967
5/30/2014,7457,6.646527473
5/30/2014,7458,6.646621978
5/30/2014,7459,6.646716484
5/30/2014,7460,6.646810989
5/30/2014,7461,6.646905495
5/30/2014,7462,6.647
5/30/2014,7463,6.647227473
5/30/2014,7464,6.647454945
5/30/2014,7465,6.647682418
5/30/2014,7466,6.64790989
5/30/2014,7467,6.648137363
5/30/2014,7468,6.648364835
5/30/2014,7469,6.648592308
5/30/2014,7470,6.64881978
5/30/2014,7471,6.649047253
5/30/2014,7472,6.649274725
5/30/2014,7473,6.649502198
5/30/2014,7474,6.64972967
5/30/2014,7475,6.649957143
5/30/2014,7476,6.650184615
5/30/2014,7477,6.650412088
5/30/2014,7478,6.65063956
5/30/2014,7479,6.650867033
5/30/2014,7480,6.651094505
5/30/2014,7481,6.651321978
5/30/2014,7482,6.651549451
5/30/2014,7483,6.651776923
5/30/2014,7484,6.652004396
5/30/2014,7485,6.652231868
5/30/2014,7486,6.652459341
5/30/2014,7487,6.652686813
5/30/2014,7488,6.652914286
5/30/2014,7489,6.653141758
5/30/2014,7490,6.653369231
5/30/2014,7491,6.653596703
5/30/2014,7492,6.653824176
5/30/2014,7493,6.654051648
5/30/2014,7494,6.654279121
5/30/2014,7495,6.654506593
5/30/2014,7496,6.654734066
5/30/2014,7497,6.654961538
5/30/2014,7498,6.655189011
5/30/2014,7499,6.655416484
5/30/2014,7500,6.655643956
5/30/2014,7501,6.655871429
5/30/2014,7502,6.656098901
5/30/2014,7503,6.656326374
5/30/2014,7504,6.656553846
5/30/2014,7505,6.656781319
5/30/2014,7506,6.657008791
5/30/2014,7507,6.657236264
5/30/2014,7508,6.657463736
5/30/2014,7509,6.657691209
5/30/2014,7510,6.657918681
5/30/2014,7511,6.658146154
5/30/2014,7512,6.658373626
5/30/2014,7513,6.658601099
5/30/2014,7514,6.658828571
5/30/2014,7515,6.659056044
5/30/2014,7516,6.659283516
5/30/2014,7517,6.659510989
5/30/2014,7518,6.659738462
5/30/2014,7519,6.659965934
5/30/2014,7520,6.660193407
5/30/2014,7521,6.660420879
5/30/2014,7522,6.660648352
5/30/2014,7523,6.660875824
5/30/2014,7524,6.661103297
5/30/2014,7525,6.661330769
5/30/2014,7526,6.661558242
5/30/2014,7527,6.661785714
5/30/2014,7528,6.662013187
5/30/2014,7529,6.662240659
5/30/2014,7530,6.662468132
5/30/2014,7531,6.662695604
5/30/2014,7532,6.662923077
5/30/2014,7533,6.663150549
5/30/2014,7534,6.663378022
5/30/2014,7535,6.663605495
5/30/2014,7536,6.663832967
5/30/2014,7537,6.66406044
5/30/2014,7538,6.664287912
5/30/2014,7539,6.664515385
5/30/2014,7540,6.664742857
5/30/2014,7541,6.66497033
5/30/2014,7542,6.665197802
5/30/2014,7543,6.665425275
5/30/2014,7544,6.665652747
5/30/2014,7545,6.66588022
5/30/2014,7546,6.666107692
5/30/2014,7547,6.666335165
5/30/2014,7548,6.666562637
5/30/2014,7549,6.66679011
5/30/2014,7550,6.667017582
5/30/2014,7551,6.667245055
5/30/2014,7552,6.667472527
5/30/2014,7553,6.6677
5/30/2014,7554,6.667927473
5/30/2014,7555,6.668154945
5/30/2014,7556,6.668382418
5/30/2014,7557,6.66860989
5/30/2014,7558,6.668837363
5/30/2014,7559,6.669064835
5/30/2014,7560,6.669292308
5/30/2014,7561,6.66951978
5/30/2014,7562,6.669747253
5/30/2014,7563,6.669974725
5/30/2014,7564,6.670202198
5/30/2014,7565,6.67042967
5/30/2014,7566,6.670657143
5/30/2014,7567,6.670884615
5/30/2014,7568,6.671112088
5/30/2014,7569,6.67133956
5/30/2014,7570,6.671567033
5/30/2014,7571,6.671794505
5/30/2014,7572,6.672021978
5/30/2014,7573,6.672249451
5/30/2014,7574,6.672476923
5/30/2014,7575,6.672704396
5/30/2014,7576,6.672931868
5/30/2014,7577,6.673159341
5/30/2014,7578,6.673386813
5/30/2014,7579,6.673614286
5/30/2014,7580,6.673841758
5/30/2014,7581,6.674069231
5/30/2014,7582,6.674296703
5/30/2014,7583,6.674524176
5/30/2014,7584,6.674751648
5/30/2014,7585,6.674979121
5/30/2014,7586,6.675206593
5/30/2014,7587,6.675434066
5/30/2014,7588,6.675661538
5/30/2014,7589,6.675889011
5/30/2014,7590,6.676116484
5/30/2014,7591,6.676343956
5/30/2014,7592,6.676571429
5/30/2014,7593,6.676798901
5/30/2014,7594,6.677026374
5/30/2014,7595,6.677253846
5/30/2014,7596,6.677481319
5/30/2014,7597,6.677708791
5/30/2014,7598,6.677936264
5/30/2014,7599,6.678163736
5/30/2014,7600,6.678391209
5/30/2014,7601,6.678618681
5/30/2014,7602,6.678846154
5/30/2014,7603,6.679073626
5/30/2014,7604,6.679301099
5/30/2014,7605,6.679528571
5/30/2014,7606,6.679756044
5/30/2014,7607,6.679983516
5/30/2014,7608,6.680210989
5/30/2014,7609,6.680438462
5/30/2014,7610,6.680665934
5/30/2014,7611,6.680893407
5/30/2014,7612,6.681120879
5/30/2014,7613,6.681348352
5/30/2014,7614,6.681575824
5/30/2014,7615,6.681803297
5/30/2014,7616,6.682030769
5/30/2014,7617,6.682258242
5/30/2014,7618,6.682485714
5/30/2014,7619,6.682713187
5/30/2014,7620,6.682940659
5/30/2014,7621,6.683168132
5/30/2014,7622,6.683395604
5/30/2014,7623,6.683623077
5/30/2014,7624,6.683850549
5/30/2014,7625,6.684078022
5/30/2014,7626,6.684305495
5/30/2014,7627,6.684532967
5/30/2014,7628,6.68476044
5/30/2014,7629,6.684987912
5/30/2014,7630,6.685215385
5/30/2014,7631,6.685442857
5/30/2014,7632,6.68567033
5/30/2014,7633,6.685897802
5/30/2014,7634,6.686125275
5/30/2014,7635,6.686352747
5/30/2014,7636,6.68658022
5/30/2014,7637,6.686807692
5/30/2014,7638,6.687035165
5/30/2014,7639,6.687262637
5/30/2014,7640,6.68749011
5/30/2014,7641,6.687717582
5/30/2014,7642,6.687945055
5/30/2014,7643,6.688172527
5/30/2014,7644,6.6884
5/30/2014,7645,6.688636813
5/30/2014,7646,6.688873626
5/30/2014,7647,6.68911044
5/30/2014,7648,6.689347253
5/30/2014,7649,6.689584066
5/30/2014,7650,6.689820879
5/30/2014,7651,6.690057692
5/30/2014,7652,6.690294505
5/30/2014,7653,6.690531319
5/30/2014,7654,6.690768132
5/30/2014,7655,6.691004945
5/30/2014,7656,6.691241758
5/30/2014,7657,6.691478571
5/30/2014,7658,6.691715385
5/30/2014,7659,6.691952198
5/30/2014,7660,6.692189011
5/30/2014,7661,6.692425824
5/30/2014,7662,6.692662637
5/30/2014,7663,6.692899451
5/30/2014,7664,6.693136264
5/30/2014,7665,6.693373077
5/30/2014,7666,6.69360989
5/30/2014,7667,6.693846703
5/30/2014,7668,6.694083516
5/30/2014,7669,6.69432033
5/30/2014,7670,6.694557143
5/30/2014,7671,6.694793956
5/30/2014,7672,6.695030769
5/30/2014,7673,6.695267582
5/30/2014,7674,6.695504396
5/30/2014,7675,6.695741209
5/30/2014,7676,6.695978022
5/30/2014,7677,6.696214835
5/30/2014,7678,6.696451648
5/30/2014,7679,6.696688462
5/30/2014,7680,6.696925275
5/30/2014,7681,6.697162088
5/30/2014,7682,6.697398901
5/30/2014,7683,6.697635714
5/30/2014,7684,6.697872527
5/30/2014,7685,6.698109341
5/30/2014,7686,6.698346154
5/30/2014,7687,6.698582967
5/30/2014,7688,6.69881978
5/30/2014,7689,6.699056593
5/30/2014,7690,6.699293407
5/30/2014,7691,6.69953022
5/30/2014,7692,6.699767033
5/30/2014,7693,6.700003846
5/30/2014,7694,6.700240659
5/30/2014,7695,6.700477473
5/30/2014,7696,6.700714286
5/30/2014,7697,6.700951099
5/30/2014,7698,6.701187912
5/30/2014,7699,6.701424725
5/30/2014,7700,6.701661538
5/30/2014,7701,6.701898352
5/30/2014,7702,6.702135165
5/30/2014,7703,6.702371978
5/30/2014,7704,6.702608791
5/30/2014,7705,6.702845604
5/30/2014,7706,6.703082418
5/30/2014,7707,6.703319231
5/30/2014,7708,6.703556044
5/30/2014,7709,6.703792857
5/30/2014,7710,6.70402967
5/30/2014,7711,6.704266484
5/30/2014,7712,6.704503297
5/30/2014,7713,6.70474011
5/30/2014,7714,6.704976923
5/30/2014,7715,6.705213736
5/30/2014,7716,6.705450549
5/30/2014,7717,6.705687363
5/30/2014,7718,6.705924176
5/30/2014,7719,6.706160989
5/30/2014,7720,6.706397802
5/30/2014,7721,6.706634615
5/30/2014,7722,6.706871429
5/30/2014,7723,6.707108242
5/30/2014,7724,6.707345055
5/30/2014,7725,6.707581868
5/30/2014,7726,6.707818681
5/30/2014,7727,6.708055495
5/30/2014,7728,6.708292308
5/30/2014,7729,6.708529121
5/30/2014,7730,6.708765934
5/30/2014,7731,6.709002747
5/30/2014,7732,6.70923956
5/30/2014,7733,6.709476374
5/30/2014,7734,6.709713187
5/30/2014,7735,6.70995
5/30/2014,7736,6.710186813
5/30/2014,7737,6.710423626
5/30/2014,7738,6.71066044
5/30/2014,7739,6.710897253
5/30/2014,7740,6.711134066
5/30/2014,7741,6.711370879
5/30/2014,7742,6.711607692
5/30/2014,7743,6.711844505
5/30/2014,7744,6.712081319
5/30/2014,7745,6.712318132
5/30/2014,7746,6.712554945
5/30/2014,7747,6.712791758
5/30/2014,7748,6.713028571
5/30/2014,7749,6.713265385
5/30/2014,7750,6.713502198
5/30/2014,7751,6.713739011
5/30/2014,7752,6.713975824
5/30/2014,7753,6.714212637
5/30/2014,7754,6.714449451
5/30/2014,7755,6.714686264
5/30/2014,7756,6.714923077
5/30/2014,7757,6.71515989
5/30/2014,7758,6.715396703
5/30/2014,7759,6.715633516
5/30/2014,7760,6.71587033
5/30/2014,7761,6.716107143
5/30/2014,7762,6.716343956
5/30/2014,7763,6.716580769
5/30/2014,7764,6.716817582
5/30/2014,7765,6.717054396
5/30/2014,7766,6.717291209
5/30/2014,7767,6.717528022
5/30/2014,7768,6.717764835
5/30/2014,7769,6.718001648
5/30/2014,7770,6.718238462
5/30/2014,7771,6.718475275
5/30/2014,7772,6.718712088
5/30/2014,7773,6.718948901
5/30/2014,7774,6.719185714
5/30/2014,7775,6.719422527
5/30/2014,7776,6.719659341
5/30/2014,7777,6.719896154
5/30/2014,7778,6.720132967
5/30/2014,7779,6.72036978
5/30/2014,7780,6.720606593
5/30/2014,7781,6.720843407
5/30/2014,7782,6.72108022
5/30/2014,7783,6.721317033
5/30/2014,7784,6.721553846
5/30/2014,7785,6.721790659
5/30/2014,7786,6.722027473
5/30/2014,7787,6.722264286
5/30/2014,7788,6.722501099
5/30/2014,7789,6.722737912
5/30/2014,7790,6.722974725
5/30/2014,7791,6.723211538
5/30/2014,7792,6.723448352
5/30/2014,7793,6.723685165
5/30/2014,7794,6.723921978
5/30/2014,7795,6.724158791
5/30/2014,7796,6.724395604
5/30/2014,7797,6.724632418
5/30/2014,7798,6.724869231
5/30/2014,7799,6.725106044
5/30/2014,7800,6.725342857
5/30/2014,7801,6.72557967
5/30/2014,7802,6.725816484
5/30/2014,7803,6.726053297
5/30/2014,7804,6.72629011
5/30/2014,7805,6.726526923
5/30/2014,7806,6.726763736
5/30/2014,7807,6.727000549
5/30/2014,7808,6.727237363
5/30/2014,7809,6.727474176
5/30/2014,7810,6.727710989
5/30/2014,7811,6.727947802
5/30/2014,7812,6.728184615
5/30/2014,7813,6.728421429
5/30/2014,7814,6.728658242
5/30/2014,7815,6.728895055
5/30/2014,7816,6.729131868
5/30/2014,7817,6.729368681
5/30/2014,7818,6.729605495
5/30/2014,7819,6.729842308
5/30/2014,7820,6.730079121
5/30/2014,7821,6.730315934
5/30/2014,7822,6.730552747
5/30/2014,7823,6.73078956
5/30/2014,7824,6.731026374
5/30/2014,7825,6.731263187
5/30/2014,7826,6.7315
5/30/2014,7827,6.731342857
5/30/2014,7828,6.731185714
5/30/2014,7829,6.731028571
5/30/2014,7830,6.730871429
5/30/2014,7831,6.730714286
5/30/2014,7832,6.730557143
5/30/2014,7833,6.7304
5/30/2014,7834,6.730242857
5/30/2014,7835,6.730085714
5/30/2014,7836,6.729928571
5/30/2014,7837,6.729771429
5/30/2014,7838,6.729614286
5/30/2014,7839,6.729457143
5/30/2014,7840,6.7293
5/30/2014,7841,6.729142857
5/30/2014,7842,6.728985714
5/30/2014,7843,6.728828571
5/30/2014,7844,6.728671429
5/30/2014,7845,6.728514286
5/30/2014,7846,6.728357143
5/30/2014,7847,6.7282
5/30/2014,7848,6.728042857
5/30/2014,7849,6.727885714
5/30/2014,7850,6.727728571
5/30/2014,7851,6.727571429
5/30/2014,7852,6.727414286
5/30/2014,7853,6.727257143
5/30/2014,7854,6.7271
5/30/2014,7855,6.726942857
5/30/2014,7856,6.726785714
5/30/2014,7857,6.726628571
5/30/2014,7858,6.726471429
5/30/2014,7859,6.726314286
5/30/2014,7860,6.726157143
5/30/2014,7861,6.726
5/30/2014,7862,6.725842857
5/30/2014,7863,6.725685714
5/30/2014,7864,6.725528571
5/30/2014,7865,6.725371429
5/30/2014,7866,6.725214286
5/30/2014,7867,6.725057143
5/30/2014,7868,6.7249
5/30/2014,7869,6.724742857
5/30/2014,7870,6.724585714
5/30/2014,7871,6.724428571
5/30/2014,7872,6.724271429
5/30/2014,7873,6.724114286
5/30/2014,7874,6.723957143
5/30/2014,7875,6.7238
5/30/2014,7876,6.723642857
5/30/2014,7877,6.723485714
5/30/2014,7878,6.723328571
5/30/2014,7879,6.723171429
5/30/2014,7880,6.723014286
5/30/2014,7881,6.722857143
5/30/2014,7882,6.7227
5/30/2014,7883,6.722542857
5/30/2014,7884,6.722385714
5/30/2014,7885,6.722228571
5/30/2014,7886,6.722071429
5/30/2014,7887,6.721914286
5/30/2014,7888,6.721757143
5/30/2014,7889,6.7216
5/30/2014,7890,6.721442857
5/30/2014,7891,6.721285714
5/30/2014,7892,6.721128571
5/30/2014,7893,6.720971429
5/30/2014,7894,6.720814286
5/30/2014,7895,6.720657143
5/30/2014,7896,6.7205
5/30/2014,7897,6.720342857
5/30/2014,7898,6.720185714
5/30/2014,7899,6.720028571
5/30/2014,7900,6.719871429
5/30/2014,7901,6.719714286
5/30/2014,7902,6.719557143
5/30/2014,7903,6.7194
5/30/2014,7904,6.719242857
5/30/2014,7905,6.719085714
5/30/2014,7906,6.718928571
5/30/2014,7907,6.718771429
5/30/2014,7908,6.718614286
5/30/2014,7909,6.718457143
5/30/2014,7910,6.7183
5/30/2014,7911,6.718142857
5/30/2014,7912,6.717985714
5/30/2014,7913,6.717828571
5/30/2014,7914,6.717671429
5/30/2014,7915,6.717514286
5/30/2014,7916,6.717357143
5/30/2014,7917,6.7172
5/30/2014,7918,6.717042857
5/30/2014,7919,6.716885714
5/30/2014,7920,6.716728571
5/30/2014,7921,6.716571429
5/30/2014,7922,6.716414286
5/30/2014,7923,6.716257143
5/30/2014,7924,6.7161
5/30/2014,7925,6.715942857
5/30/2014,7926,6.715785714
5/30/2014,7927,6.715628571
5/30/2014,7928,6.715471429
5/30/2014,7929,6.715314286
5/30/2014,7930,6.715157143
5/30/2014,7931,6.715
5/30/2014,7932,6.714842857
5/30/2014,7933,6.714685714
5/30/2014,7934,6.714528571
5/30/2014,7935,6.714371429
5/30/2014,7936,6.714214286
5/30/2014,7937,6.714057143
5/30/2014,7938,6.7139
5/30/2014,7939,6.713742857
5/30/2014,7940,6.713585714
5/30/2014,7941,6.713428571
5/30/2014,7942,6.713271429
5/30/2014,7943,6.713114286
5/30/2014,7944,6.712957143
5/30/2014,7945,6.7128
5/30/2014,7946,6.712642857
5/30/2014,7947,6.712485714
5/30/2014,7948,6.712328571
5/30/2014,7949,6.712171429
5/30/2014,7950,6.712014286
5/30/2014,7951,6.711857143
5/30/2014,7952,6.7117
5/30/2014,7953,6.711542857
5/30/2014,7954,6.711385714
5/30/2014,7955,6.711228571
5/30/2014,7956,6.711071429
5/30/2014,7957,6.710914286
5/30/2014,7958,6.710757143
5/30/2014,7959,6.7106
5/30/2014,7960,6.710442857
5/30/2014,7961,6.710285714
5/30/2014,7962,6.710128571
5/30/2014,7963,6.709971429
5/30/2014,7964,6.709814286
5/30/2014,7965,6.709657143
5/30/2014,7966,6.7095
5/30/2014,7967,6.709342857
5/30/2014,7968,6.709185714
5/30/2014,7969,6.709028571
5/30/2014,7970,6.708871429
5/30/2014,7971,6.708714286
5/30/2014,7972,6.708557143
5/30/2014,7973,6.7084
5/30/2014,7974,6.708242857
5/30/2014,7975,6.708085714
5/30/2014,7976,6.707928571
5/30/2014,7977,6.707771429
5/30/2014,7978,6.707614286
5/30/2014,7979,6.707457143
5/30/2014,7980,6.7073
5/30/2014,7981,6.707142857
5/30/2014,7982,6.706985714
5/30/2014,7983,6.706828571
5/30/2014,7984,6.706671429
5/30/2014,7985,6.706514286
5/30/2014,7986,6.706357143
5/30/2014,7987,6.7062
5/30/2014,7988,6.706042857
5/30/2014,7989,6.705885714
5/30/2014,7990,6.705728571
5/30/2014,7991,6.705571429
5/30/2014,7992,6.705414286
5/30/2014,7993,6.705257143
5/30/2014,7994,6.7051
5/30/2014,7995,6.704942857
5/30/2014,7996,6.704785714
5/30/2014,7997,6.704628571
5/30/2014,7998,6.704471429
5/30/2014,7999,6.704314286
5/30/2014,8000,6.704157143
5/30/2014,8001,6.704
5/30/2014,8002,6.703842857
5/30/2014,8003,6.703685714
5/30/2014,8004,6.703528571
5/30/2014,8005,6.703371429
5/30/2014,8006,6.703214286
5/30/2014,8007,6.703057143
5/30/2014,8008,6.7029
5/30/2014,8009,6.703108242
5/30/2014,8010,6.703316484
5/30/2014,8011,6.703524725
5/30/2014,8012,6.703732967
5/30/2014,8013,6.703941209
5/30/2014,8014,6.704149451
5/30/2014,8015,6.704357692
5/30/2014,8016,6.704565934
5/30/2014,8017,6.704774176
5/30/2014,8018,6.704982418
5/30/2014,8019,6.705190659
5/30/2014,8020,6.705398901
5/30/2014,8021,6.705607143
5/30/2014,8022,6.705815385
5/30/2014,8023,6.706023626
5/30/2014,8024,6.706231868
5/30/2014,8025,6.70644011
5/30/2014,8026,6.706648352
5/30/2014,8027,6.706856593
5/30/2014,8028,6.707064835
5/30/2014,8029,6.707273077
5/30/2014,8030,6.707481319
5/30/2014,8031,6.70768956
5/30/2014,8032,6.707897802
5/30/2014,8033,6.708106044
5/30/2014,8034,6.708314286
5/30/2014,8035,6.708522527
5/30/2014,8036,6.708730769
5/30/2014,8037,6.708939011
5/30/2014,8038,6.709147253
5/30/2014,8039,6.709355495
5/30/2014,8040,6.709563736
5/30/2014,8041,6.709771978
5/30/2014,8042,6.70998022
5/30/2014,8043,6.710188462
5/30/2014,8044,6.710396703
5/30/2014,8045,6.710604945
5/30/2014,8046,6.710813187
5/30/2014,8047,6.711021429
5/30/2014,8048,6.71122967
5/30/2014,8049,6.711437912
5/30/2014,8050,6.711646154
5/30/2014,8051,6.711854396
5/30/2014,8052,6.712062637
5/30/2014,8053,6.712270879
5/30/2014,8054,6.712479121
5/30/2014,8055,6.712687363
5/30/2014,8056,6.712895604
5/30/2014,8057,6.713103846
5/30/2014,8058,6.713312088
5/30/2014,8059,6.71352033
5/30/2014,8060,6.713728571
5/30/2014,8061,6.713936813
5/30/2014,8062,6.714145055
5/30/2014,8063,6.714353297
5/30/2014,8064,6.714561538
5/30/2014,8065,6.71476978
5/30/2014,8066,6.714978022
5/30/2014,8067,6.715186264
5/30/2014,8068,6.715394505
5/30/2014,8069,6.715602747
5/30/2014,8070,6.715810989
5/30/2014,8071,6.716019231
5/30/2014,8072,6.716227473
5/30/2014,8073,6.716435714
5/30/2014,8074,6.716643956
5/30/2014,8075,6.716852198
5/30/2014,8076,6.71706044
5/30/2014,8077,6.717268681
5/30/2014,8078,6.717476923
5/30/2014,8079,6.717685165
5/30/2014,8080,6.717893407
5/30/2014,8081,6.718101648
5/30/2014,8082,6.71830989
5/30/2014,8083,6.718518132
5/30/2014,8084,6.718726374
5/30/2014,8085,6.718934615
5/30/2014,8086,6.719142857
5/30/2014,8087,6.719351099
5/30/2014,8088,6.719559341
5/30/2014,8089,6.719767582
5/30/2014,8090,6.719975824
5/30/2014,8091,6.720184066
5/30/2014,8092,6.720392308
5/30/2014,8093,6.720600549
5/30/2014,8094,6.720808791
5/30/2014,8095,6.721017033
5/30/2014,8096,6.721225275
5/30/2014,8097,6.721433516
5/30/2014,8098,6.721641758
5/30/2014,8099,6.72185
5/30/2014,8100,6.722058242
5/30/2014,8101,6.722266484
5/30/2014,8102,6.722474725
5/30/2014,8103,6.722682967
5/30/2014,8104,6.722891209
5/30/2014,8105,6.723099451
5/30/2014,8106,6.723307692
5/30/2014,8107,6.723515934
5/30/2014,8108,6.723724176
5/30/2014,8109,6.723932418
5/30/2014,8110,6.724140659
5/30/2014,8111,6.724348901
5/30/2014,8112,6.724557143
5/30/2014,8113,6.724765385
5/30/2014,8114,6.724973626
5/30/2014,8115,6.725181868
5/30/2014,8116,6.72539011
5/30/2014,8117,6.725598352
5/30/2014,8118,6.725806593
5/30/2014,8119,6.726014835
5/30/2014,8120,6.726223077
5/30/2014,8121,6.726431319
5/30/2014,8122,6.72663956
5/30/2014,8123,6.726847802
5/30/2014,8124,6.727056044
5/30/2014,8125,6.727264286
5/30/2014,8126,6.727472527
5/30/2014,8127,6.727680769
5/30/2014,8128,6.727889011
5/30/2014,8129,6.728097253
5/30/2014,8130,6.728305495
5/30/2014,8131,6.728513736
5/30/2014,8132,6.728721978
5/30/2014,8133,6.72893022
5/30/2014,8134,6.729138462
5/30/2014,8135,6.729346703
5/30/2014,8136,6.729554945
5/30/2014,8137,6.729763187
5/30/2014,8138,6.729971429
5/30/2014,8139,6.73017967
5/30/2014,8140,6.730387912
5/30/2014,8141,6.730596154
5/30/2014,8142,6.730804396
5/30/2014,8143,6.731012637
5/30/2014,8144,6.731220879
5/30/2014,8145,6.731429121
5/30/2014,8146,6.731637363
5/30/2014,8147,6.731845604
5/30/2014,8148,6.732053846
5/30/2014,8149,6.732262088
5/30/2014,8150,6.73247033
5/30/2014,8151,6.732678571
5/30/2014,8152,6.732886813
5/30/2014,8153,6.733095055
5/30/2014,8154,6.733303297
5/30/2014,8155,6.733511538
5/30/2014,8156,6.73371978
5/30/2014,8157,6.733928022
5/30/2014,8158,6.734136264
5/30/2014,8159,6.734344505
5/30/2014,8160,6.734552747
5/30/2014,8161,6.734760989
5/30/2014,8162,6.734969231
5/30/2014,8163,6.735177473
5/30/2014,8164,6.735385714
5/30/2014,8165,6.735593956
5/30/2014,8166,6.735802198
5/30/2014,8167,6.73601044
5/30/2014,8168,6.736218681
5/30/2014,8169,6.736426923
5/30/2014,8170,6.736635165
5/30/2014,8171,6.736843407
5/30/2014,8172,6.737051648
5/30/2014,8173,6.73725989
5/30/2014,8174,6.737468132
5/30/2014,8175,6.737676374
5/30/2014,8176,6.737884615
5/30/2014,8177,6.738092857
5/30/2014,8178,6.738301099
5/30/2014,8179,6.738509341
5/30/2014,8180,6.738717582
5/30/2014,8181,6.738925824
5/30/2014,8182,6.739134066
5/30/2014,8183,6.739342308
5/30/2014,8184,6.739550549
5/30/2014,8185,6.739758791
5/30/2014,8186,6.739967033
5/30/2014,8187,6.740175275
5/30/2014,8188,6.740383516
5/30/2014,8189,6.740591758
5/30/2014,8190,6.7408
5/30/2014,8191,6.74083956
5/30/2014,8192,6.740879121
5/30/2014,8193,6.740918681
5/30/2014,8194,6.740958242
5/30/2014,8195,6.740997802
5/30/2014,8196,6.741037363
5/30/2014,8197,6.741076923
5/30/2014,8198,6.741116484
5/30/2014,8199,6.741156044
5/30/2014,8200,6.741195604
5/30/2014,8201,6.741235165
5/30/2014,8202,6.741274725
5/30/2014,8203,6.741314286
5/30/2014,8204,6.741353846
5/30/2014,8205,6.741393407
5/30/2014,8206,6.741432967
5/30/2014,8207,6.741472527
5/30/2014,8208,6.741512088
5/30/2014,8209,6.741551648
5/30/2014,8210,6.741591209
5/30/2014,8211,6.741630769
5/30/2014,8212,6.74167033
5/30/2014,8213,6.74170989
5/30/2014,8214,6.741749451
5/30/2014,8215,6.741789011
5/30/2014,8216,6.741828571
5/30/2014,8217,6.741868132
5/30/2014,8218,6.741907692
5/30/2014,8219,6.741947253
5/30/2014,8220,6.741986813
5/30/2014,8221,6.742026374
5/30/2014,8222,6.742065934
5/30/2014,8223,6.742105495
5/30/2014,8224,6.742145055
5/30/2014,8225,6.742184615
5/30/2014,8226,6.742224176
5/30/2014,8227,6.742263736
5/30/2014,8228,6.742303297
5/30/2014,8229,6.742342857
5/30/2014,8230,6.742382418
5/30/2014,8231,6.742421978
5/30/2014,8232,6.742461538
5/30/2014,8233,6.742501099
5/30/2014,8234,6.742540659
5/30/2014,8235,6.74258022
5/30/2014,8236,6.74261978
5/30/2014,8237,6.742659341
5/30/2014,8238,6.742698901
5/30/2014,8239,6.742738462
5/30/2014,8240,6.742778022
5/30/2014,8241,6.742817582
5/30/2014,8242,6.742857143
5/30/2014,8243,6.742896703
5/30/2014,8244,6.742936264
5/30/2014,8245,6.742975824
5/30/2014,8246,6.743015385
5/30/2014,8247,6.743054945
5/30/2014,8248,6.743094505
5/30/2014,8249,6.743134066
5/30/2014,8250,6.743173626
5/30/2014,8251,6.743213187
5/30/2014,8252,6.743252747
5/30/2014,8253,6.743292308
5/30/2014,8254,6.743331868
5/30/2014,8255,6.743371429
5/30/2014,8256,6.743410989
5/30/2014,8257,6.743450549
5/30/2014,8258,6.74349011
5/30/2014,8259,6.74352967
5/30/2014,8260,6.743569231
5/30/2014,8261,6.743608791
5/30/2014,8262,6.743648352
5/30/2014,8263,6.743687912
5/30/2014,8264,6.743727473
5/30/2014,8265,6.743767033
5/30/2014,8266,6.743806593
5/30/2014,8267,6.743846154
5/30/2014,8268,6.743885714
5/30/2014,8269,6.743925275
5/30/2014,8270,6.743964835
5/30/2014,8271,6.744004396
5/30/2014,8272,6.744043956
5/30/2014,8273,6.744083516
5/30/2014,8274,6.744123077
5/30/2014,8275,6.744162637
5/30/2014,8276,6.744202198
5/30/2014,8277,6.744241758
5/30/2014,8278,6.744281319
5/30/2014,8279,6.744320879
5/30/2014,8280,6.74436044
5/30/2014,8281,6.7444
5/30/2014,8282,6.74443956
5/30/2014,8283,6.744479121
5/30/2014,8284,6.744518681
5/30/2014,8285,6.744558242
5/30/2014,8286,6.744597802
5/30/2014,8287,6.744637363
5/30/2014,8288,6.744676923
5/30/2014,8289,6.744716484
5/30/2014,8290,6.744756044
5/30/2014,8291,6.744795604
5/30/2014,8292,6.744835165
5/30/2014,8293,6.744874725
5/30/2014,8294,6.744914286
5/30/2014,8295,6.744953846
5/30/2014,8296,6.744993407
5/30/2014,8297,6.745032967
5/30/2014,8298,6.745072527
5/30/2014,8299,6.745112088
5/30/2014,8300,6.745151648
5/30/2014,8301,6.745191209
5/30/2014,8302,6.745230769
5/30/2014,8303,6.74527033
5/30/2014,8304,6.74530989
5/30/2014,8305,6.745349451
5/30/2014,8306,6.745389011
5/30/2014,8307,6.745428571
5/30/2014,8308,6.745468132
5/30/2014,8309,6.745507692
5/30/2014,8310,6.745547253
5/30/2014,8311,6.745586813
5/30/2014,8312,6.745626374
5/30/2014,8313,6.745665934
5/30/2014,8314,6.745705495
5/30/2014,8315,6.745745055
5/30/2014,8316,6.745784615
5/30/2014,8317,6.745824176
5/30/2014,8318,6.745863736
5/30/2014,8319,6.745903297
5/30/2014,8320,6.745942857
5/30/2014,8321,6.745982418
5/30/2014,8322,6.746021978
5/30/2014,8323,6.746061538
5/30/2014,8324,6.746101099
5/30/2014,8325,6.746140659
5/30/2014,8326,6.74618022
5/30/2014,8327,6.74621978
5/30/2014,8328,6.746259341
5/30/2014,8329,6.746298901
5/30/2014,8330,6.746338462
5/30/2014,8331,6.746378022
5/30/2014,8332,6.746417582
5/30/2014,8333,6.746457143
5/30/2014,8334,6.746496703
5/30/2014,8335,6.746536264
5/30/2014,8336,6.746575824
5/30/2014,8337,6.746615385
5/30/2014,8338,6.746654945
5/30/2014,8339,6.746694505
5/30/2014,8340,6.746734066
5/30/2014,8341,6.746773626
5/30/2014,8342,6.746813187
5/30/2014,8343,6.746852747
5/30/2014,8344,6.746892308
5/30/2014,8345,6.746931868
5/30/2014,8346,6.746971429
5/30/2014,8347,6.747010989
5/30/2014,8348,6.747050549
5/30/2014,8349,6.74709011
5/30/2014,8350,6.74712967
5/30/2014,8351,6.747169231
5/30/2014,8352,6.747208791
5/30/2014,8353,6.747248352
5/30/2014,8354,6.747287912
5/30/2014,8355,6.747327473
5/30/2014,8356,6.747367033
5/30/2014,8357,6.747406593
5/30/2014,8358,6.747446154
5/30/2014,8359,6.747485714
5/30/2014,8360,6.747525275
5/30/2014,8361,6.747564835
5/30/2014,8362,6.747604396
5/30/2014,8363,6.747643956
5/30/2014,8364,6.747683516
5/30/2014,8365,6.747723077
5/30/2014,8366,6.747762637
5/30/2014,8367,6.747802198
5/30/2014,8368,6.747841758
5/30/2014,8369,6.747881319
5/30/2014,8370,6.747920879
5/30/2014,8371,6.74796044
5/30/2014,8372,6.748
5/30/2014,8373,6.748017582
5/30/2014,8374,6.748035165
5/30/2014,8375,6.748052747
5/30/2014,8376,6.74807033
5/30/2014,8377,6.748087912
5/30/2014,8378,6.748105495
5/30/2014,8379,6.748123077
5/30/2014,8380,6.748140659
5/30/2014,8381,6.748158242
5/30/2014,8382,6.748175824
5/30/2014,8383,6.748193407
5/30/2014,8384,6.748210989
5/30/2014,8385,6.748228571
5/30/2014,8386,6.748246154
5/30/2014,8387,6.748263736
5/30/2014,8388,6.748281319
5/30/2014,8389,6.748298901
5/30/2014,8390,6.748316484
5/30/2014,8391,6.748334066
5/30/2014,8392,6.748351648
5/30/2014,8393,6.748369231
5/30/2014,8394,6.748386813
5/30/2014,8395,6.748404396
5/30/2014,8396,6.748421978
5/30/2014,8397,6.74843956
5/30/2014,8398,6.748457143
5/30/2014,8399,6.748474725
5/30/2014,8400,6.748492308
5/30/2014,8401,6.74850989
5/30/2014,8402,6.748527473
5/30/2014,8403,6.748545055
5/30/2014,8404,6.748562637
5/30/2014,8405,6.74858022
5/30/2014,8406,6.748597802
5/30/2014,8407,6.748615385
5/30/2014,8408,6.748632967
5/30/2014,8409,6.748650549
5/30/2014,8410,6.748668132
5/30/2014,8411,6.748685714
5/30/2014,8412,6.748703297
5/30/2014,8413,6.748720879
5/30/2014,8414,6.748738462
5/30/2014,8415,6.748756044
5/30/2014,8416,6.748773626
5/30/2014,8417,6.748791209
5/30/2014,8418,6.748808791
5/30/2014,8419,6.748826374
5/30/2014,8420,6.748843956
5/30/2014,8421,6.748861538
5/30/2014,8422,6.748879121
5/30/2014,8423,6.748896703
5/30/2014,8424,6.748914286
5/30/2014,8425,6.748931868
5/30/2014,8426,6.748949451
5/30/2014,8427,6.748967033
5/30/2014,8428,6.748984615
5/30/2014,8429,6.749002198
5/30/2014,8430,6.74901978
5/30/2014,8431,6.749037363
5/30/2014,8432,6.749054945
5/30/2014,8433,6.749072527
5/30/2014,8434,6.74909011
5/30/2014,8435,6.749107692
5/30/2014,8436,6.749125275
5/30/2014,8437,6.749142857
5/30/2014,8438,6.74916044
5/30/2014,8439,6.749178022
5/30/2014,8440,6.749195604
5/30/2014,8441,6.749213187
5/30/2014,8442,6.749230769
5/30/2014,8443,6.749248352
5/30/2014,8444,6.749265934
5/30/2014,8445,6.749283516
5/30/2014,8446,6.749301099
5/30/2014,8447,6.749318681
5/30/2014,8448,6.749336264
5/30/2014,8449,6.749353846
5/30/2014,8450,6.749371429
5/30/2014,8451,6.749389011
5/30/2014,8452,6.749406593
5/30/2014,8453,6.749424176
5/30/2014,8454,6.749441758
5/30/2014,8455,6.749459341
5/30/2014,8456,6.749476923
5/30/2014,8457,6.749494505
5/30/2014,8458,6.749512088
5/30/2014,8459,6.74952967
5/30/2014,8460,6.749547253
5/30/2014,8461,6.749564835
5/30/2014,8462,6.749582418
5/30/2014,8463,6.7496
5/30/2014,8464,6.749617582
5/30/2014,8465,6.749635165
5/30/2014,8466,6.749652747
5/30/2014,8467,6.74967033
5/30/2014,8468,6.749687912
5/30/2014,8469,6.749705495
5/30/2014,8470,6.749723077
5/30/2014,8471,6.749740659
5/30/2014,8472,6.749758242
5/30/2014,8473,6.749775824
5/30/2014,8474,6.749793407
5/30/2014,8475,6.749810989
5/30/2014,8476,6.749828571
5/30/2014,8477,6.749846154
5/30/2014,8478,6.749863736
5/30/2014,8479,6.749881319
5/30/2014,8480,6.749898901
5/30/2014,8481,6.749916484
5/30/2014,8482,6.749934066
5/30/2014,8483,6.749951648
5/30/2014,8484,6.749969231
5/30/2014,8485,6.749986813
5/30/2014,8486,6.750004396
5/30/2014,8487,6.750021978
5/30/2014,8488,6.75003956
5/30/2014,8489,6.750057143
5/30/2014,8490,6.750074725
5/30/2014,8491,6.750092308
5/30/2014,8492,6.75010989
5/30/2014,8493,6.750127473
5/30/2014,8494,6.750145055
5/30/2014,8495,6.750162637
5/30/2014,8496,6.75018022
5/30/2014,8497,6.750197802
5/30/2014,8498,6.750215385
5/30/2014,8499,6.750232967
5/30/2014,8500,6.750250549
5/30/2014,8501,6.750268132
5/30/2014,8502,6.750285714
5/30/2014,8503,6.750303297
5/30/2014,8504,6.750320879
5/30/2014,8505,6.750338462
5/30/2014,8506,6.750356044
5/30/2014,8507,6.750373626
5/30/2014,8508,6.750391209
5/30/2014,8509,6.750408791
5/30/2014,8510,6.750426374
5/30/2014,8511,6.750443956
5/30/2014,8512,6.750461538
5/30/2014,8513,6.750479121
5/30/2014,8514,6.750496703
5/30/2014,8515,6.750514286
5/30/2014,8516,6.750531868
5/30/2014,8517,6.750549451
5/30/2014,8518,6.750567033
5/30/2014,8519,6.750584615
5/30/2014,8520,6.750602198
5/30/2014,8521,6.75061978
5/30/2014,8522,6.750637363
5/30/2014,8523,6.750654945
5/30/2014,8524,6.750672527
5/30/2014,8525,6.75069011
5/30/2014,8526,6.750707692
5/30/2014,8527,6.750725275
5/30/2014,8528,6.750742857
5/30/2014,8529,6.75076044
5/30/2014,8530,6.750778022
5/30/2014,8531,6.750795604
5/30/2014,8532,6.750813187
5/30/2014,8533,6.750830769
5/30/2014,8534,6.750848352
5/30/2014,8535,6.750865934
5/30/2014,8536,6.750883516
5/30/2014,8537,6.750901099
5/30/2014,8538,6.750918681
5/30/2014,8539,6.750936264
5/30/2014,8540,6.750953846
5/30/2014,8541,6.750971429
5/30/2014,8542,6.750989011
5/30/2014,8543,6.751006593
5/30/2014,8544,6.751024176
5/30/2014,8545,6.751041758
5/30/2014,8546,6.751059341
5/30/2014,8547,6.751076923
5/30/2014,8548,6.751094505
5/30/2014,8549,6.751112088
5/30/2014,8550,6.75112967
5/30/2014,8551,6.751147253
5/30/2014,8552,6.751164835
5/30/2014,8553,6.751182418
5/30/2014,8554,6.7512
5/30/2014,8555,6.751432967
5/30/2014,8556,6.751665934
5/30/2014,8557,6.751898901
5/30/2014,8558,6.752131868
5/30/2014,8559,6.752364835
5/30/2014,8560,6.752597802
5/30/2014,8561,6.752830769
5/30/2014,8562,6.753063736
5/30/2014,8563,6.753296703
5/30/2014,8564,6.75352967
5/30/2014,8565,6.753762637
5/30/2014,8566,6.753995604
5/30/2014,8567,6.754228571
5/30/2014,8568,6.754461538
5/30/2014,8569,6.754694505
5/30/2014,8570,6.754927473
5/30/2014,8571,6.75516044
5/30/2014,8572,6.755393407
5/30/2014,8573,6.755626374
5/30/2014,8574,6.755859341
5/30/2014,8575,6.756092308
5/30/2014,8576,6.756325275
5/30/2014,8577,6.756558242
5/30/2014,8578,6.756791209
5/30/2014,8579,6.757024176
5/30/2014,8580,6.757257143
5/30/2014,8581,6.75749011
5/30/2014,8582,6.757723077
5/30/2014,8583,6.757956044
5/30/2014,8584,6.758189011
5/30/2014,8585,6.758421978
5/30/2014,8586,6.758654945
5/30/2014,8587,6.758887912
5/30/2014,8588,6.759120879
5/30/2014,8589,6.759353846
5/30/2014,8590,6.759586813
5/30/2014,8591,6.75981978
5/30/2014,8592,6.760052747
5/30/2014,8593,6.760285714
5/30/2014,8594,6.760518681
5/30/2014,8595,6.760751648
5/30/2014,8596,6.760984615
5/30/2014,8597,6.761217582
5/30/2014,8598,6.761450549
5/30/2014,8599,6.761683516
5/30/2014,8600,6.761916484
5/30/2014,8601,6.762149451
5/30/2014,8602,6.762382418
5/30/2014,8603,6.762615385
5/30/2014,8604,6.762848352
5/30/2014,8605,6.763081319
5/30/2014,8606,6.763314286
5/30/2014,8607,6.763547253
5/30/2014,8608,6.76378022
5/30/2014,8609,6.764013187
5/30/2014,8610,6.764246154
5/30/2014,8611,6.764479121
5/30/2014,8612,6.764712088
5/30/2014,8613,6.764945055
5/30/2014,8614,6.765178022
5/30/2014,8615,6.765410989
5/30/2014,8616,6.765643956
5/30/2014,8617,6.765876923
5/30/2014,8618,6.76610989
5/30/2014,8619,6.766342857
5/30/2014,8620,6.766575824
5/30/2014,8621,6.766808791
5/30/2014,8622,6.767041758
5/30/2014,8623,6.767274725
5/30/2014,8624,6.767507692
5/30/2014,8625,6.767740659
5/30/2014,8626,6.767973626
5/30/2014,8627,6.768206593
5/30/2014,8628,6.76843956
5/30/2014,8629,6.768672527
5/30/2014,8630,6.768905495
5/30/2014,8631,6.769138462
5/30/2014,8632,6.769371429
5/30/2014,8633,6.769604396
5/30/2014,8634,6.769837363
5/30/2014,8635,6.77007033
5/30/2014,8636,6.770303297
5/30/2014,8637,6.770536264
5/30/2014,8638,6.770769231
5/30/2014,8639,6.771002198
5/30/2014,8640,6.771235165
5/30/2014,8641,6.771468132
5/30/2014,8642,6.771701099
5/30/2014,8643,6.771934066
5/30/2014,8644,6.772167033
5/30/2014,8645,6.7724
5/30/2014,8646,6.772632967
5/30/2014,8647,6.772865934
5/30/2014,8648,6.773098901
5/30/2014,8649,6.773331868
5/30/2014,8650,6.773564835
5/30/2014,8651,6.773797802
5/30/2014,8652,6.774030769
5/30/2014,8653,6.774263736
5/30/2014,8654,6.774496703
5/30/2014,8655,6.77472967
5/30/2014,8656,6.774962637
5/30/2014,8657,6.775195604
5/30/2014,8658,6.775428571
5/30/2014,8659,6.775661538
5/30/2014,8660,6.775894505
5/30/2014,8661,6.776127473
5/30/2014,8662,6.77636044
5/30/2014,8663,6.776593407
5/30/2014,8664,6.776826374
5/30/2014,8665,6.777059341
5/30/2014,8666,6.777292308
5/30/2014,8667,6.777525275
5/30/2014,8668,6.777758242
5/30/2014,8669,6.777991209
5/30/2014,8670,6.778224176
5/30/2014,8671,6.778457143
5/30/2014,8672,6.77869011
5/30/2014,8673,6.778923077
5/30/2014,8674,6.779156044
5/30/2014,8675,6.779389011
5/30/2014,8676,6.779621978
5/30/2014,8677,6.779854945
5/30/2014,8678,6.780087912
5/30/2014,8679,6.780320879
5/30/2014,8680,6.780553846
5/30/2014,8681,6.780786813
5/30/2014,8682,6.78101978
5/30/2014,8683,6.781252747
5/30/2014,8684,6.781485714
5/30/2014,8685,6.781718681
5/30/2014,8686,6.781951648
5/30/2014,8687,6.782184615
5/30/2014,8688,6.782417582
5/30/2014,8689,6.782650549
5/30/2014,8690,6.782883516
5/30/2014,8691,6.783116484
5/30/2014,8692,6.783349451
5/30/2014,8693,6.783582418
5/30/2014,8694,6.783815385
5/30/2014,8695,6.784048352
5/30/2014,8696,6.784281319
5/30/2014,8697,6.784514286
5/30/2014,8698,6.784747253
5/30/2014,8699,6.78498022
5/30/2014,8700,6.785213187
5/30/2014,8701,6.785446154
5/30/2014,8702,6.785679121
5/30/2014,8703,6.785912088
5/30/2014,8704,6.786145055
5/30/2014,8705,6.786378022
5/30/2014,8706,6.786610989
5/30/2014,8707,6.786843956
5/30/2014,8708,6.787076923
5/30/2014,8709,6.78730989
5/30/2014,8710,6.787542857
5/30/2014,8711,6.787775824
5/30/2014,8712,6.788008791
5/30/2014,8713,6.788241758
5/30/2014,8714,6.788474725
5/30/2014,8715,6.788707692
5/30/2014,8716,6.788940659
5/30/2014,8717,6.789173626
5/30/2014,8718,6.789406593
5/30/2014,8719,6.78963956
5/30/2014,8720,6.789872527
5/30/2014,8721,6.790105495
5/30/2014,8722,6.790338462
5/30/2014,8723,6.790571429
5/30/2014,8724,6.790804396
5/30/2014,8725,6.791037363
5/30/2014,8726,6.79127033
5/30/2014,8727,6.791503297
5/30/2014,8728,6.791736264
5/30/2014,8729,6.791969231
5/30/2014,8730,6.792202198
5/30/2014,8731,6.792435165
5/30/2014,8732,6.792668132
5/30/2014,8733,6.792901099
5/30/2014,8734,6.793134066
5/30/2014,8735,6.793367033
5/30/2014,8736,6.7936
5/30/2014,8737,6.793601648
5/30/2014,8738,6.793603297
5/30/2014,8739,6.793604945
5/30/2014,8740,6.793606593
5/30/2014,8741,6.793608242
5/30/2014,8742,6.79360989
5/30/2014,8743,6.793611538
5/30/2014,8744,6.793613187
5/30/2014,8745,6.793614835
5/30/2014,8746,6.793616484
5/30/2014,8747,6.793618132
5/30/2014,8748,6.79361978
5/30/2014,8749,6.793621429
5/30/2014,8750,6.793623077
5/30/2014,8751,6.793624725
5/30/2014,8752,6.793626374
5/30/2014,8753,6.793628022
5/30/2014,8754,6.79362967
5/30/2014,8755,6.793631319
5/30/2014,8756,6.793632967
5/30/2014,8757,6.793634615
5/30/2014,8758,6.793636264
5/30/2014,8759,6.793637912
5/30/2014,8760,6.79363956
5/30/2014,8761,6.793641209
5/30/2014,8762,6.793642857
5/30/2014,8763,6.793644505
5/30/2014,8764,6.793646154
5/30/2014,8765,6.793647802
5/30/2014,8766,6.793649451
5/30/2014,8767,6.793651099
5/30/2014,8768,6.793652747
5/30/2014,8769,6.793654396
5/30/2014,8770,6.793656044
5/30/2014,8771,6.793657692
5/30/2014,8772,6.793659341
5/30/2014,8773,6.793660989
5/30/2014,8774,6.793662637
5/30/2014,8775,6.793664286
5/30/2014,8776,6.793665934
5/30/2014,8777,6.793667582
5/30/2014,8778,6.793669231
5/30/2014,8779,6.793670879
5/30/2014,8780,6.793672527
5/30/2014,8781,6.793674176
5/30/2014,8782,6.793675824
5/30/2014,8783,6.793677473
5/30/2014,8784,6.793679121
5/30/2014,8785,6.793680769
5/30/2014,8786,6.793682418
5/30/2014,8787,6.793684066
5/30/2014,8788,6.793685714
5/30/2014,8789,6.793687363
5/30/2014,8790,6.793689011
5/30/2014,8791,6.793690659
5/30/2014,8792,6.793692308
5/30/2014,8793,6.793693956
5/30/2014,8794,6.793695604
5/30/2014,8795,6.793697253
5/30/2014,8796,6.793698901
5/30/2014,8797,6.793700549
5/30/2014,8798,6.793702198
5/30/2014,8799,6.793703846
5/30/2014,8800,6.793705495
5/30/2014,8801,6.793707143
5/30/2014,8802,6.793708791
5/30/2014,8803,6.79371044
5/30/2014,8804,6.793712088
5/30/2014,8805,6.793713736
5/30/2014,8806,6.793715385
5/30/2014,8807,6.793717033
5/30/2014,8808,6.793718681
5/30/2014,8809,6.79372033
5/30/2014,8810,6.793721978
5/30/2014,8811,6.793723626
5/30/2014,8812,6.793725275
5/30/2014,8813,6.793726923
5/30/2014,8814,6.793728571
5/30/2014,8815,6.79373022
5/30/2014,8816,6.793731868
5/30/2014,8817,6.793733516
5/30/2014,8818,6.793735165
5/30/2014,8819,6.793736813
5/30/2014,8820,6.793738462
5/30/2014,8821,6.79374011
5/30/2014,8822,6.793741758
5/30/2014,8823,6.793743407
5/30/2014,8824,6.793745055
5/30/2014,8825,6.793746703
5/30/2014,8826,6.793748352
5/30/2014,8827,6.79375
5/30/2014,8828,6.793751648
5/30/2014,8829,6.793753297
5/30/2014,8830,6.793754945
5/30/2014,8831,6.793756593
5/30/2014,8832,6.793758242
5/30/2014,8833,6.79375989
5/30/2014,8834,6.793761538
5/30/2014,8835,6.793763187
5/30/2014,8836,6.793764835
5/30/2014,8837,6.793766484
5/30/2014,8838,6.793768132
5/30/2014,8839,6.79376978
5/30/2014,8840,6.793771429
5/30/2014,8841,6.793773077
5/30/2014,8842,6.793774725
5/30/2014,8843,6.793776374
5/30/2014,8844,6.793778022
5/30/2014,8845,6.79377967
5/30/2014,8846,6.793781319
5/30/2014,8847,6.793782967
5/30/2014,8848,6.793784615
5/30/2014,8849,6.793786264
5/30/2014,8850,6.793787912
5/30/2014,8851,6.79378956
5/30/2014,8852,6.793791209
5/30/2014,8853,6.793792857
5/30/2014,8854,6.793794505
5/30/2014,8855,6.793796154
5/30/2014,8856,6.793797802
5/30/2014,8857,6.793799451
5/30/2014,8858,6.793801099
5/30/2014,8859,6.793802747
5/30/2014,8860,6.793804396
5/30/2014,8861,6.793806044
5/30/2014,8862,6.793807692
5/30/2014,8863,6.793809341
5/30/2014,8864,6.793810989
5/30/2014,8865,6.793812637
5/30/2014,8866,6.793814286
5/30/2014,8867,6.793815934
5/30/2014,8868,6.793817582
5/30/2014,8869,6.793819231
5/30/2014,8870,6.793820879
5/30/2014,8871,6.793822527
5/30/2014,8872,6.793824176
5/30/2014,8873,6.793825824
5/30/2014,8874,6.793827473
5/30/2014,8875,6.793829121
5/30/2014,8876,6.793830769
5/30/2014,8877,6.793832418
5/30/2014,8878,6.793834066
5/30/2014,8879,6.793835714
5/30/2014,8880,6.793837363
5/30/2014,8881,6.793839011
5/30/2014,8882,6.793840659
5/30/2014,8883,6.793842308
5/30/2014,8884,6.793843956
5/30/2014,8885,6.793845604
5/30/2014,8886,6.793847253
5/30/2014,8887,6.793848901
5/30/2014,8888,6.793850549
5/30/2014,8889,6.793852198
5/30/2014,8890,6.793853846
5/30/2014,8891,6.793855495
5/30/2014,8892,6.793857143
5/30/2014,8893,6.793858791
5/30/2014,8894,6.79386044
5/30/2014,8895,6.793862088
5/30/2014,8896,6.793863736
5/30/2014,8897,6.793865385
5/30/2014,8898,6.793867033
5/30/2014,8899,6.793868681
5/30/2014,8900,6.79387033
5/30/2014,8901,6.793871978
5/30/2014,8902,6.793873626
5/30/2014,8903,6.793875275
5/30/2014,8904,6.793876923
5/30/2014,8905,6.793878571
5/30/2014,8906,6.79388022
5/30/2014,8907,6.793881868
5/30/2014,8908,6.793883516
5/30/2014,8909,6.793885165
5/30/2014,8910,6.793886813
5/30/2014,8911,6.793888462
5/30/2014,8912,6.79389011
5/30/2014,8913,6.793891758
5/30/2014,8914,6.793893407
5/30/2014,8915,6.793895055
5/30/2014,8916,6.793896703
5/30/2014,8917,6.793898352
5/30/2014,8918,6.7939
5/30/2014,8919,6.793915385
5/30/2014,8920,6.793930769
5/30/2014,8921,6.793946154
5/30/2014,8922,6.793961538
5/30/2014,8923,6.793976923
5/30/2014,8924,6.793992308
5/30/2014,8925,6.794007692
5/30/2014,8926,6.794023077
5/30/2014,8927,6.794038462
5/30/2014,8928,6.794053846
5/30/2014,8929,6.794069231
5/30/2014,8930,6.794084615
5/30/2014,8931,6.7941
5/30/2014,8932,6.794115385
5/30/2014,8933,6.794130769
5/30/2014,8934,6.794146154
5/30/2014,8935,6.794161538
5/30/2014,8936,6.794176923
5/30/2014,8937,6.794192308
5/30/2014,8938,6.794207692
5/30/2014,8939,6.794223077
5/30/2014,8940,6.794238462
5/30/2014,8941,6.794253846
5/30/2014,8942,6.794269231
5/30/2014,8943,6.794284615
5/30/2014,8944,6.7943
5/30/2014,8945,6.794315385
5/30/2014,8946,6.794330769
5/30/2014,8947,6.794346154
5/30/2014,8948,6.794361538
5/30/2014,8949,6.794376923
5/30/2014,8950,6.794392308
5/30/2014,8951,6.794407692
5/30/2014,8952,6.794423077
5/30/2014,8953,6.794438462
5/30/2014,8954,6.794453846
5/30/2014,8955,6.794469231
5/30/2014,8956,6.794484615
5/30/2014,8957,6.7945
5/30/2014,8958,6.794515385
5/30/2014,8959,6.794530769
5/30/2014,8960,6.794546154
5/30/2014,8961,6.794561538
5/30/2014,8962,6.794576923
5/30/2014,8963,6.794592308
5/30/2014,8964,6.794607692
5/30/2014,8965,6.794623077
5/30/2014,8966,6.794638462
5/30/2014,8967,6.794653846
5/30/2014,8968,6.794669231
5/30/2014,8969,6.794684615
5/30/2014,8970,6.7947
5/30/2014,8971,6.794715385
5/30/2014,8972,6.794730769
5/30/2014,8973,6.794746154
5/30/2014,8974,6.794761538
5/30/2014,8975,6.794776923
5/30/2014,8976,6.794792308
5/30/2014,8977,6.794807692
5/30/2014,8978,6.794823077
5/30/2014,8979,6.794838462
5/30/2014,8980,6.794853846
5/30/2014,8981,6.794869231
5/30/2014,8982,6.794884615
5/30/2014,8983,6.7949
5/30/2014,8984,6.794915385
5/30/2014,8985,6.794930769
5/30/2014,8986,6.794946154
5/30/2014,8987,6.794961538
5/30/2014,8988,6.794976923
5/30/2014,8989,6.794992308
5/30/2014,8990,6.795007692
5/30/2014,8991,6.795023077
5/30/2014,8992,6.795038462
5/30/2014,8993,6.795053846
5/30/2014,8994,6.795069231
5/30/2014,8995,6.795084615
5/30/2014,8996,6.7951
5/30/2014,8997,6.795115385
5/30/2014,8998,6.795130769
5/30/2014,8999,6.795146154
5/30/2014,9000,6.795161538
5/30/2014,9001,6.795176923
5/30/2014,9002,6.795192308
5/30/2014,9003,6.795207692
5/30/2014,9004,6.795223077
5/30/2014,9005,6.795238462
5/30/2014,9006,6.795253846
5/30/2014,9007,6.795269231
5/30/2014,9008,6.795284615
5/30/2014,9009,6.7953
5/30/2014,9010,6.795315385
5/30/2014,9011,6.795330769
5/30/2014,9012,6.795346154
5/30/2014,9013,6.795361538
5/30/2014,9014,6.795376923
5/30/2014,9015,6.795392308
5/30/2014,9016,6.795407692
5/30/2014,9017,6.795423077
5/30/2014,9018,6.795438462
5/30/2014,9019,6.795453846
5/30/2014,9020,6.795469231
5/30/2014,9021,6.795484615
5/30/2014,9022,6.7955
5/30/2014,9023,6.795515385
5/30/2014,9024,6.795530769
5/30/2014,9025,6.795546154
5/30/2014,9026,6.795561538
5/30/2014,9027,6.795576923
5/30/2014,9028,6.795592308
5/30/2014,9029,6.795607692
5/30/2014,9030,6.795623077
5/30/2014,9031,6.795638462
5/30/2014,9032,6.795653846
5/30/2014,9033,6.795669231
5/30/2014,9034,6.795684615
5/30/2014,9035,6.7957
5/30/2014,9036,6.795715385
5/30/2014,9037,6.795730769
5/30/2014,9038,6.795746154
5/30/2014,9039,6.795761538
5/30/2014,9040,6.795776923
5/30/2014,9041,6.795792308
5/30/2014,9042,6.795807692
5/30/2014,9043,6.795823077
5/30/2014,9044,6.795838462
5/30/2014,9045,6.795853846
5/30/2014,9046,6.795869231
5/30/2014,9047,6.795884615
5/30/2014,9048,6.7959
5/30/2014,9049,6.795915385
5/30/2014,9050,6.795930769
5/30/2014,9051,6.795946154
5/30/2014,9052,6.795961538
5/30/2014,9053,6.795976923
5/30/2014,9054,6.795992308
5/30/2014,9055,6.796007692
5/30/2014,9056,6.796023077
5/30/2014,9057,6.796038462
5/30/2014,9058,6.796053846
5/30/2014,9059,6.796069231
5/30/2014,9060,6.796084615
5/30/2014,9061,6.7961
5/30/2014,9062,6.796115385
5/30/2014,9063,6.796130769
5/30/2014,9064,6.796146154
5/30/2014,9065,6.796161538
5/30/2014,9066,6.796176923
5/30/2014,9067,6.796192308
5/30/2014,9068,6.796207692
5/30/2014,9069,6.796223077
5/30/2014,9070,6.796238462
5/30/2014,9071,6.796253846
5/30/2014,9072,6.796269231
5/30/2014,9073,6.796284615
5/30/2014,9074,6.7963
5/30/2014,9075,6.796315385
5/30/2014,9076,6.796330769
5/30/2014,9077,6.796346154
5/30/2014,9078,6.796361538
5/30/2014,9079,6.796376923
5/30/2014,9080,6.796392308
5/30/2014,9081,6.796407692
5/30/2014,9082,6.796423077
5/30/2014,9083,6.796438462
5/30/2014,9084,6.796453846
5/30/2014,9085,6.796469231
5/30/2014,9086,6.796484615
5/30/2014,9087,6.7965
5/30/2014,9088,6.796515385
5/30/2014,9089,6.796530769
5/30/2014,9090,6.796546154
5/30/2014,9091,6.796561538
5/30/2014,9092,6.796576923
5/30/2014,9093,6.796592308
5/30/2014,9094,6.796607692
5/30/2014,9095,6.796623077
5/30/2014,9096,6.796638462
5/30/2014,9097,6.796653846
5/30/2014,9098,6.796669231
5/30/2014,9099,6.796684615
5/30/2014,9100,6.7967
5/30/2014,9101,6.796715385
5/30/2014,9102,6.796730769
5/30/2014,9103,6.796746154
5/30/2014,9104,6.796761538
5/30/2014,9105,6.796776923
5/30/2014,9106,6.796792308
5/30/2014,9107,6.796807692
5/30/2014,9108,6.796823077
5/30/2014,9109,6.796838462
5/30/2014,9110,6.796853846
5/30/2014,9111,6.796869231
5/30/2014,9112,6.796884615
5/30/2014,9113,6.7969
5/30/2014,9114,6.796915385
5/30/2014,9115,6.796930769
5/30/2014,9116,6.796946154
5/30/2014,9117,6.796961538
5/30/2014,9118,6.796976923
5/30/2014,9119,6.796992308
5/30/2014,9120,6.797007692
5/30/2014,9121,6.797023077
5/30/2014,9122,6.797038462
5/30/2014,9123,6.797053846
5/30/2014,9124,6.797069231
5/30/2014,9125,6.797084615
5/30/2014,9126,6.7971
5/30/2014,9127,6.797115385
5/30/2014,9128,6.797130769
5/30/2014,9129,6.797146154
5/30/2014,9130,6.797161538
5/30/2014,9131,6.797176923
5/30/2014,9132,6.797192308
5/30/2014,9133,6.797207692
5/30/2014,9134,6.797223077
5/30/2014,9135,6.797238462
5/30/2014,9136,6.797253846
5/30/2014,9137,6.797269231
5/30/2014,9138,6.797284615
5/30/2014,9139,6.7973
5/30/2014,9140,6.797315385
5/30/2014,9141,6.797330769
5/30/2014,9142,6.797346154
5/30/2014,9143,6.797361538
5/30/2014,9144,6.797376923
5/30/2014,9145,6.797392308
5/30/2014,9146,6.797407692
5/30/2014,9147,6.797423077
5/30/2014,9148,6.797438462
5/30/2014,9149,6.797453846
5/30/2014,9150,6.797469231
5/30/2014,9151,6.797484615
5/30/2014,9152,6.7975
5/30/2014,9153,6.797515385
5/30/2014,9154,6.797530769
5/30/2014,9155,6.797546154
5/30/2014,9156,6.797561538
5/30/2014,9157,6.797576923
5/30/2014,9158,6.797592308
5/30/2014,9159,6.797607692
5/30/2014,9160,6.797623077
5/30/2014,9161,6.797638462
5/30/2014,9162,6.797653846
5/30/2014,9163,6.797669231
5/30/2014,9164,6.797684615
5/30/2014,9165,6.7977
5/30/2014,9166,6.797715385
5/30/2014,9167,6.797730769
5/30/2014,9168,6.797746154
5/30/2014,9169,6.797761538
5/30/2014,9170,6.797776923
5/30/2014,9171,6.797792308
5/30/2014,9172,6.797807692
5/30/2014,9173,6.797823077
5/30/2014,9174,6.797838462
5/30/2014,9175,6.797853846
5/30/2014,9176,6.797869231
5/30/2014,9177,6.797884615
5/30/2014,9178,6.7979
5/30/2014,9179,6.797915385
5/30/2014,9180,6.797930769
5/30/2014,9181,6.797946154
5/30/2014,9182,6.797961538
5/30/2014,9183,6.797976923
5/30/2014,9184,6.797992308
5/30/2014,9185,6.798007692
5/30/2014,9186,6.798023077
5/30/2014,9187,6.798038462
5/30/2014,9188,6.798053846
5/30/2014,9189,6.798069231
5/30/2014,9190,6.798084615
5/30/2014,9191,6.7981
5/30/2014,9192,6.798115385
5/30/2014,9193,6.798130769
5/30/2014,9194,6.798146154
5/30/2014,9195,6.798161538
5/30/2014,9196,6.798176923
5/30/2014,9197,6.798192308
5/30/2014,9198,6.798207692
5/30/2014,9199,6.798223077
5/30/2014,9200,6.798238462
5/30/2014,9201,6.798253846
5/30/2014,9202,6.798269231
5/30/2014,9203,6.798284615
5/30/2014,9204,6.7983
5/30/2014,9205,6.798315385
5/30/2014,9206,6.798330769
5/30/2014,9207,6.798346154
5/30/2014,9208,6.798361538
5/30/2014,9209,6.798376923
5/30/2014,9210,6.798392308
5/30/2014,9211,6.798407692
5/30/2014,9212,6.798423077
5/30/2014,9213,6.798438462
5/30/2014,9214,6.798453846
5/30/2014,9215,6.798469231
5/30/2014,9216,6.798484615
5/30/2014,9217,6.7985
5/30/2014,9218,6.798515385
5/30/2014,9219,6.798530769
5/30/2014,9220,6.798546154
5/30/2014,9221,6.798561538
5/30/2014,9222,6.798576923
5/30/2014,9223,6.798592308
5/30/2014,9224,6.798607692
5/30/2014,9225,6.798623077
5/30/2014,9226,6.798638462
5/30/2014,9227,6.798653846
5/30/2014,9228,6.798669231
5/30/2014,9229,6.798684615
5/30/2014,9230,6.7987
5/30/2014,9231,6.798715385
5/30/2014,9232,6.798730769
5/30/2014,9233,6.798746154
5/30/2014,9234,6.798761538
5/30/2014,9235,6.798776923
5/30/2014,9236,6.798792308
5/30/2014,9237,6.798807692
5/30/2014,9238,6.798823077
5/30/2014,9239,6.798838462
5/30/2014,9240,6.798853846
5/30/2014,9241,6.798869231
5/30/2014,9242,6.798884615
5/30/2014,9243,6.7989
5/30/2014,9244,6.798915385
5/30/2014,9245,6.798930769
5/30/2014,9246,6.798946154
5/30/2014,9247,6.798961538
5/30/2014,9248,6.798976923
5/30/2014,9249,6.798992308
5/30/2014,9250,6.799007692
5/30/2014,9251,6.799023077
5/30/2014,9252,6.799038462
5/30/2014,9253,6.799053846
5/30/2014,9254,6.799069231
5/30/2014,9255,6.799084615
5/30/2014,9256,6.7991
5/30/2014,9257,6.799115385
5/30/2014,9258,6.799130769
5/30/2014,9259,6.799146154
5/30/2014,9260,6.799161538
5/30/2014,9261,6.799176923
5/30/2014,9262,6.799192308
5/30/2014,9263,6.799207692
5/30/2014,9264,6.799223077
5/30/2014,9265,6.799238462
5/30/2014,9266,6.799253846
5/30/2014,9267,6.799269231
5/30/2014,9268,6.799284615
5/30/2014,9269,6.7993
5/30/2014,9270,6.799315385
5/30/2014,9271,6.799330769
5/30/2014,9272,6.799346154
5/30/2014,9273,6.799361538
5/30/2014,9274,6.799376923
5/30/2014,9275,6.799392308
5/30/2014,9276,6.799407692
5/30/2014,9277,6.799423077
5/30/2014,9278,6.799438462
5/30/2014,9279,6.799453846
5/30/2014,9280,6.799469231
5/30/2014,9281,6.799484615
5/30/2014,9282,6.7995
5/30/2014,9283,6.799514286
5/30/2014,9284,6.799528571
5/30/2014,9285,6.799542857
5/30/2014,9286,6.799557143
5/30/2014,9287,6.799571429
5/30/2014,9288,6.799585714
5/30/2014,9289,6.7996
5/30/2014,9290,6.799614286
5/30/2014,9291,6.799628571
5/30/2014,9292,6.799642857
5/30/2014,9293,6.799657143
5/30/2014,9294,6.799671429
5/30/2014,9295,6.799685714
5/30/2014,9296,6.7997
5/30/2014,9297,6.799714286
5/30/2014,9298,6.799728571
5/30/2014,9299,6.799742857
5/30/2014,9300,6.799757143
5/30/2014,9301,6.799771429
5/30/2014,9302,6.799785714
5/30/2014,9303,6.7998
5/30/2014,9304,6.799814286
5/30/2014,9305,6.799828571
5/30/2014,9306,6.799842857
5/30/2014,9307,6.799857143
5/30/2014,9308,6.799871429
5/30/2014,9309,6.799885714
5/30/2014,9310,6.7999
5/30/2014,9311,6.799914286
5/30/2014,9312,6.799928571
5/30/2014,9313,6.799942857
5/30/2014,9314,6.799957143
5/30/2014,9315,6.799971429
5/30/2014,9316,6.799985714
5/30/2014,9317,6.8
5/30/2014,9318,6.800014286
5/30/2014,9319,6.800028571
5/30/2014,9320,6.800042857
5/30/2014,9321,6.800057143
5/30/2014,9322,6.800071429
5/30/2014,9323,6.800085714
5/30/2014,9324,6.8001
5/30/2014,9325,6.800114286
5/30/2014,9326,6.800128571
5/30/2014,9327,6.800142857
5/30/2014,9328,6.800157143
5/30/2014,9329,6.800171429
5/30/2014,9330,6.800185714
5/30/2014,9331,6.8002
5/30/2014,9332,6.800214286
5/30/2014,9333,6.800228571
5/30/2014,9334,6.800242857
5/30/2014,9335,6.800257143
5/30/2014,9336,6.800271429
5/30/2014,9337,6.800285714
5/30/2014,9338,6.8003
5/30/2014,9339,6.800314286
5/30/2014,9340,6.800328571
5/30/2014,9341,6.800342857
5/30/2014,9342,6.800357143
5/30/2014,9343,6.800371429
5/30/2014,9344,6.800385714
5/30/2014,9345,6.8004
5/30/2014,9346,6.800414286
5/30/2014,9347,6.800428571
5/30/2014,9348,6.800442857
5/30/2014,9349,6.800457143
5/30/2014,9350,6.800471429
5/30/2014,9351,6.800485714
5/30/2014,9352,6.8005
5/30/2014,9353,6.800514286
5/30/2014,9354,6.800528571
5/30/2014,9355,6.800542857
5/30/2014,9356,6.800557143
5/30/2014,9357,6.800571429
5/30/2014,9358,6.800585714
5/30/2014,9359,6.8006
5/30/2014,9360,6.800614286
5/30/2014,9361,6.800628571
5/30/2014,9362,6.800642857
5/30/2014,9363,6.800657143
5/30/2014,9364,6.800671429
5/30/2014,9365,6.800685714
5/30/2014,9366,6.8007
5/30/2014,9367,6.800714286
5/30/2014,9368,6.800728571
5/30/2014,9369,6.800742857
5/30/2014,9370,6.800757143
5/30/2014,9371,6.800771429
5/30/2014,9372,6.800785714
5/30/2014,9373,6.8008
5/30/2014,9374,6.800814286
5/30/2014,9375,6.800828571
5/30/2014,9376,6.800842857
5/30/2014,9377,6.800857143
5/30/2014,9378,6.800871429
5/30/2014,9379,6.800885714
5/30/2014,9380,6.8009
5/30/2014,9381,6.800914286
5/30/2014,9382,6.800928571
5/30/2014,9383,6.800942857
5/30/2014,9384,6.800957143
5/30/2014,9385,6.800971429
5/30/2014,9386,6.800985714
5/30/2014,9387,6.801
5/30/2014,9388,6.801014286
5/30/2014,9389,6.801028571
5/30/2014,9390,6.801042857
5/30/2014,9391,6.801057143
5/30/2014,9392,6.801071429
5/30/2014,9393,6.801085714
5/30/2014,9394,6.8011
5/30/2014,9395,6.801114286
5/30/2014,9396,6.801128571
5/30/2014,9397,6.801142857
5/30/2014,9398,6.801157143
5/30/2014,9399,6.801171429
5/30/2014,9400,6.801185714
5/30/2014,9401,6.8012
5/30/2014,9402,6.801214286
5/30/2014,9403,6.801228571
5/30/2014,9404,6.801242857
5/30/2014,9405,6.801257143
5/30/2014,9406,6.801271429
5/30/2014,9407,6.801285714
5/30/2014,9408,6.8013
5/30/2014,9409,6.801314286
5/30/2014,9410,6.801328571
5/30/2014,9411,6.801342857
5/30/2014,9412,6.801357143
5/30/2014,9413,6.801371429
5/30/2014,9414,6.801385714
5/30/2014,9415,6.8014
5/30/2014,9416,6.801414286
5/30/2014,9417,6.801428571
5/30/2014,9418,6.801442857
5/30/2014,9419,6.801457143
5/30/2014,9420,6.801471429
5/30/2014,9421,6.801485714
5/30/2014,9422,6.8015
5/30/2014,9423,6.801514286
5/30/2014,9424,6.801528571
5/30/2014,9425,6.801542857
5/30/2014,9426,6.801557143
5/30/2014,9427,6.801571429
5/30/2014,9428,6.801585714
5/30/2014,9429,6.8016
5/30/2014,9430,6.801614286
5/30/2014,9431,6.801628571
5/30/2014,9432,6.801642857
5/30/2014,9433,6.801657143
5/30/2014,9434,6.801671429
5/30/2014,9435,6.801685714
5/30/2014,9436,6.8017
5/30/2014,9437,6.801714286
5/30/2014,9438,6.801728571
5/30/2014,9439,6.801742857
5/30/2014,9440,6.801757143
5/30/2014,9441,6.801771429
5/30/2014,9442,6.801785714
5/30/2014,9443,6.8018
5/30/2014,9444,6.801814286
5/30/2014,9445,6.801828571
5/30/2014,9446,6.801842857
5/30/2014,9447,6.801857143
5/30/2014,9448,6.801871429
5/30/2014,9449,6.801885714
5/30/2014,9450,6.8019
5/30/2014,9451,6.801914286
5/30/2014,9452,6.801928571
5/30/2014,9453,6.801942857
5/30/2014,9454,6.801957143
5/30/2014,9455,6.801971429
5/30/2014,9456,6.801985714
5/30/2014,9457,6.802
5/30/2014,9458,6.802014286
5/30/2014,9459,6.802028571
5/30/2014,9460,6.802042857
5/30/2014,9461,6.802057143
5/30/2014,9462,6.802071429
5/30/2014,9463,6.802085714
5/30/2014,9464,6.8021
5/30/2014,9465,6.802136813
5/30/2014,9466,6.802173626
5/30/2014,9467,6.80221044
5/30/2014,9468,6.802247253
5/30/2014,9469,6.802284066
5/30/2014,9470,6.802320879
5/30/2014,9471,6.802357692
5/30/2014,9472,6.802394505
5/30/2014,9473,6.802431319
5/30/2014,9474,6.802468132
5/30/2014,9475,6.802504945
5/30/2014,9476,6.802541758
5/30/2014,9477,6.802578571
5/30/2014,9478,6.802615385
5/30/2014,9479,6.802652198
5/30/2014,9480,6.802689011
5/30/2014,9481,6.802725824
5/30/2014,9482,6.802762637
5/30/2014,9483,6.802799451
5/30/2014,9484,6.802836264
5/30/2014,9485,6.802873077
5/30/2014,9486,6.80290989
5/30/2014,9487,6.802946703
5/30/2014,9488,6.802983516
5/30/2014,9489,6.80302033
5/30/2014,9490,6.803057143
5/30/2014,9491,6.803093956
5/30/2014,9492,6.803130769
5/30/2014,9493,6.803167582
5/30/2014,9494,6.803204396
5/30/2014,9495,6.803241209
5/30/2014,9496,6.803278022
5/30/2014,9497,6.803314835
5/30/2014,9498,6.803351648
5/30/2014,9499,6.803388462
5/30/2014,9500,6.803425275
5/30/2014,9501,6.803462088
5/30/2014,9502,6.803498901
5/30/2014,9503,6.803535714
5/30/2014,9504,6.803572527
5/30/2014,9505,6.803609341
5/30/2014,9506,6.803646154
5/30/2014,9507,6.803682967
5/30/2014,9508,6.80371978
5/30/2014,9509,6.803756593
5/30/2014,9510,6.803793407
5/30/2014,9511,6.80383022
5/30/2014,9512,6.803867033
5/30/2014,9513,6.803903846
5/30/2014,9514,6.803940659
5/30/2014,9515,6.803977473
5/30/2014,9516,6.804014286
5/30/2014,9517,6.804051099
5/30/2014,9518,6.804087912
5/30/2014,9519,6.804124725
5/30/2014,9520,6.804161538
5/30/2014,9521,6.804198352
5/30/2014,9522,6.804235165
5/30/2014,9523,6.804271978
5/30/2014,9524,6.804308791
5/30/2014,9525,6.804345604
5/30/2014,9526,6.804382418
5/30/2014,9527,6.804419231
5/30/2014,9528,6.804456044
5/30/2014,9529,6.804492857
5/30/2014,9530,6.80452967
5/30/2014,9531,6.804566484
5/30/2014,9532,6.804603297
5/30/2014,9533,6.80464011
5/30/2014,9534,6.804676923
5/30/2014,9535,6.804713736
5/30/2014,9536,6.804750549
5/30/2014,9537,6.804787363
5/30/2014,9538,6.804824176
5/30/2014,9539,6.804860989
5/30/2014,9540,6.804897802
5/30/2014,9541,6.804934615
5/30/2014,9542,6.804971429
5/30/2014,9543,6.805008242
5/30/2014,9544,6.805045055
5/30/2014,9545,6.805081868
5/30/2014,9546,6.805118681
5/30/2014,9547,6.805155495
5/30/2014,9548,6.805192308
5/30/2014,9549,6.805229121
5/30/2014,9550,6.805265934
5/30/2014,9551,6.805302747
5/30/2014,9552,6.80533956
5/30/2014,9553,6.805376374
5/30/2014,9554,6.805413187
5/30/2014,9555,6.80545
5/30/2014,9556,6.805486813
5/30/2014,9557,6.805523626
5/30/2014,9558,6.80556044
5/30/2014,9559,6.805597253
5/30/2014,9560,6.805634066
5/30/2014,9561,6.805670879
5/30/2014,9562,6.805707692
5/30/2014,9563,6.805744505
5/30/2014,9564,6.805781319
5/30/2014,9565,6.805818132
5/30/2014,9566,6.805854945
5/30/2014,9567,6.805891758
5/30/2014,9568,6.805928571
5/30/2014,9569,6.805965385
5/30/2014,9570,6.806002198
5/30/2014,9571,6.806039011
5/30/2014,9572,6.806075824
5/30/2014,9573,6.806112637
5/30/2014,9574,6.806149451
5/30/2014,9575,6.806186264
5/30/2014,9576,6.806223077
5/30/2014,9577,6.80625989
5/30/2014,9578,6.806296703
5/30/2014,9579,6.806333516
5/30/2014,9580,6.80637033
5/30/2014,9581,6.806407143
5/30/2014,9582,6.806443956
5/30/2014,9583,6.806480769
5/30/2014,9584,6.806517582
5/30/2014,9585,6.806554396
5/30/2014,9586,6.806591209
5/30/2014,9587,6.806628022
5/30/2014,9588,6.806664835
5/30/2014,9589,6.806701648
5/30/2014,9590,6.806738462
5/30/2014,9591,6.806775275
5/30/2014,9592,6.806812088
5/30/2014,9593,6.806848901
5/30/2014,9594,6.806885714
5/30/2014,9595,6.806922527
5/30/2014,9596,6.806959341
5/30/2014,9597,6.806996154
5/30/2014,9598,6.807032967
5/30/2014,9599,6.80706978
5/30/2014,9600,6.807106593
5/30/2014,9601,6.807143407
5/30/2014,9602,6.80718022
5/30/2014,9603,6.807217033
5/30/2014,9604,6.807253846
5/30/2014,9605,6.807290659
5/30/2014,9606,6.807327473
5/30/2014,9607,6.807364286
5/30/2014,9608,6.807401099
5/30/2014,9609,6.807437912
5/30/2014,9610,6.807474725
5/30/2014,9611,6.807511538
5/30/2014,9612,6.807548352
5/30/2014,9613,6.807585165
5/30/2014,9614,6.807621978
5/30/2014,9615,6.807658791
5/30/2014,9616,6.807695604
5/30/2014,9617,6.807732418
5/30/2014,9618,6.807769231
5/30/2014,9619,6.807806044
5/30/2014,9620,6.807842857
5/30/2014,9621,6.80787967
5/30/2014,9622,6.807916484
5/30/2014,9623,6.807953297
5/30/2014,9624,6.80799011
5/30/2014,9625,6.808026923
5/30/2014,9626,6.808063736
5/30/2014,9627,6.808100549
5/30/2014,9628,6.808137363
5/30/2014,9629,6.808174176
5/30/2014,9630,6.808210989
5/30/2014,9631,6.808247802
5/30/2014,9632,6.808284615
5/30/2014,9633,6.808321429
5/30/2014,9634,6.808358242
5/30/2014,9635,6.808395055
5/30/2014,9636,6.808431868
5/30/2014,9637,6.808468681
5/30/2014,9638,6.808505495
5/30/2014,9639,6.808542308
5/30/2014,9640,6.808579121
5/30/2014,9641,6.808615934
5/30/2014,9642,6.808652747
5/30/2014,9643,6.80868956
5/30/2014,9644,6.808726374
5/30/2014,9645,6.808763187
5/30/2014,9646,6.8088
5/30/2014,9647,6.808887363
5/30/2014,9648,6.808974725
5/30/2014,9649,6.809062088
5/30/2014,9650,6.809149451
5/30/2014,9651,6.809236813
5/30/2014,9652,6.809324176
5/30/2014,9653,6.809411538
5/30/2014,9654,6.809498901
5/30/2014,9655,6.809586264
5/30/2014,9656,6.809673626
5/30/2014,9657,6.809760989
5/30/2014,9658,6.809848352
5/30/2014,9659,6.809935714
5/30/2014,9660,6.810023077
5/30/2014,9661,6.81011044
5/30/2014,9662,6.810197802
5/30/2014,9663,6.810285165
5/30/2014,9664,6.810372527
5/30/2014,9665,6.81045989
5/30/2014,9666,6.810547253
5/30/2014,9667,6.810634615
5/30/2014,9668,6.810721978
5/30/2014,9669,6.810809341
5/30/2014,9670,6.810896703
5/30/2014,9671,6.810984066
5/30/2014,9672,6.811071429
5/30/2014,9673,6.811158791
5/30/2014,9674,6.811246154
5/30/2014,9675,6.811333516
5/30/2014,9676,6.811420879
5/30/2014,9677,6.811508242
5/30/2014,9678,6.811595604
5/30/2014,9679,6.811682967
5/30/2014,9680,6.81177033
5/30/2014,9681,6.811857692
5/30/2014,9682,6.811945055
5/30/2014,9683,6.812032418
5/30/2014,9684,6.81211978
5/30/2014,9685,6.812207143
5/30/2014,9686,6.812294505
5/30/2014,9687,6.812381868
5/30/2014,9688,6.812469231
5/30/2014,9689,6.812556593
5/30/2014,9690,6.812643956
5/30/2014,9691,6.812731319
5/30/2014,9692,6.812818681
5/30/2014,9693,6.812906044
5/30/2014,9694,6.812993407
5/30/2014,9695,6.813080769
5/30/2014,9696,6.813168132
5/30/2014,9697,6.813255495
5/30/2014,9698,6.813342857
5/30/2014,9699,6.81343022
5/30/2014,9700,6.813517582
5/30/2014,9701,6.813604945
5/30/2014,9702,6.813692308
5/30/2014,9703,6.81377967
5/30/2014,9704,6.813867033
5/30/2014,9705,6.813954396
5/30/2014,9706,6.814041758
5/30/2014,9707,6.814129121
5/30/2014,9708,6.814216484
5/30/2014,9709,6.814303846
5/30/2014,9710,6.814391209
5/30/2014,9711,6.814478571
5/30/2014,9712,6.814565934
5/30/2014,9713,6.814653297
5/30/2014,9714,6.814740659
5/30/2014,9715,6.814828022
5/30/2014,9716,6.814915385
5/30/2014,9717,6.815002747
5/30/2014,9718,6.81509011
5/30/2014,9719,6.815177473
5/30/2014,9720,6.815264835
5/30/2014,9721,6.815352198
5/30/2014,9722,6.81543956
5/30/2014,9723,6.815526923
5/30/2014,9724,6.815614286
5/30/2014,9725,6.815701648
5/30/2014,9726,6.815789011
5/30/2014,9727,6.815876374
5/30/2014,9728,6.815963736
5/30/2014,9729,6.816051099
5/30/2014,9730,6.816138462
5/30/2014,9731,6.816225824
5/30/2014,9732,6.816313187
5/30/2014,9733,6.816400549
5/30/2014,9734,6.816487912
5/30/2014,9735,6.816575275
5/30/2014,9736,6.816662637
5/30/2014,9737,6.81675
5/30/2014,9738,6.816837363
5/30/2014,9739,6.816924725
5/30/2014,9740,6.817012088
5/30/2014,9741,6.817099451
5/30/2014,9742,6.817186813
5/30/2014,9743,6.817274176
5/30/2014,9744,6.817361538
5/30/2014,9745,6.817448901
5/30/2014,9746,6.817536264
5/30/2014,9747,6.817623626
5/30/2014,9748,6.817710989
5/30/2014,9749,6.817798352
5/30/2014,9750,6.817885714
5/30/2014,9751,6.817973077
5/30/2014,9752,6.81806044
5/30/2014,9753,6.818147802
5/30/2014,9754,6.818235165
5/30/2014,9755,6.818322527
5/30/2014,9756,6.81840989
5/30/2014,9757,6.818497253
5/30/2014,9758,6.818584615
5/30/2014,9759,6.818671978
5/30/2014,9760,6.818759341
5/30/2014,9761,6.818846703
5/30/2014,9762,6.818934066
5/30/2014,9763,6.819021429
5/30/2014,9764,6.819108791
5/30/2014,9765,6.819196154
5/30/2014,9766,6.819283516
5/30/2014,9767,6.819370879
5/30/2014,9768,6.819458242
5/30/2014,9769,6.819545604
5/30/2014,9770,6.819632967
5/30/2014,9771,6.81972033
5/30/2014,9772,6.819807692
5/30/2014,9773,6.819895055
5/30/2014,9774,6.819982418
5/30/2014,9775,6.82006978
5/30/2014,9776,6.820157143
5/30/2014,9777,6.820244505
5/30/2014,9778,6.820331868
5/30/2014,9779,6.820419231
5/30/2014,9780,6.820506593
5/30/2014,9781,6.820593956
5/30/2014,9782,6.820681319
5/30/2014,9783,6.820768681
5/30/2014,9784,6.820856044
5/30/2014,9785,6.820943407
5/30/2014,9786,6.821030769
5/30/2014,9787,6.821118132
5/30/2014,9788,6.821205495
5/30/2014,9789,6.821292857
5/30/2014,9790,6.82138022
5/30/2014,9791,6.821467582
5/30/2014,9792,6.821554945
5/30/2014,9793,6.821642308
5/30/2014,9794,6.82172967
5/30/2014,9795,6.821817033
5/30/2014,9796,6.821904396
5/30/2014,9797,6.821991758
5/30/2014,9798,6.822079121
5/30/2014,9799,6.822166484
5/30/2014,9800,6.822253846
5/30/2014,9801,6.822341209
5/30/2014,9802,6.822428571
5/30/2014,9803,6.822515934
5/30/2014,9804,6.822603297
5/30/2014,9805,6.822690659
5/30/2014,9806,6.822778022
5/30/2014,9807,6.822865385
5/30/2014,9808,6.822952747
5/30/2014,9809,6.82304011
5/30/2014,9810,6.823127473
5/30/2014,9811,6.823214835
5/30/2014,9812,6.823302198
5/30/2014,9813,6.82338956
5/30/2014,9814,6.823476923
5/30/2014,9815,6.823564286
5/30/2014,9816,6.823651648
5/30/2014,9817,6.823739011
5/30/2014,9818,6.823826374
5/30/2014,9819,6.823913736
5/30/2014,9820,6.824001099
5/30/2014,9821,6.824088462
5/30/2014,9822,6.824175824
5/30/2014,9823,6.824263187
5/30/2014,9824,6.824350549
5/30/2014,9825,6.824437912
5/30/2014,9826,6.824525275
5/30/2014,9827,6.824612637
5/30/2014,9828,6.8247
5/30/2014,9829,6.824706593
5/30/2014,9830,6.824713187
5/30/2014,9831,6.82471978
5/30/2014,9832,6.824726374
5/30/2014,9833,6.824732967
5/30/2014,9834,6.82473956
5/30/2014,9835,6.824746154
5/30/2014,9836,6.824752747
5/30/2014,9837,6.824759341
5/30/2014,9838,6.824765934
5/30/2014,9839,6.824772527
5/30/2014,9840,6.824779121
5/30/2014,9841,6.824785714
5/30/2014,9842,6.824792308
5/30/2014,9843,6.824798901
5/30/2014,9844,6.824805495
5/30/2014,9845,6.824812088
5/30/2014,9846,6.824818681
5/30/2014,9847,6.824825275
5/30/2014,9848,6.824831868
5/30/2014,9849,6.824838462
5/30/2014,9850,6.824845055
5/30/2014,9851,6.824851648
5/30/2014,9852,6.824858242
5/30/2014,9853,6.824864835
5/30/2014,9854,6.824871429
5/30/2014,9855,6.824878022
5/30/2014,9856,6.824884615
5/30/2014,9857,6.824891209
5/30/2014,9858,6.824897802
5/30/2014,9859,6.824904396
5/30/2014,9860,6.824910989
5/30/2014,9861,6.824917582
5/30/2014,9862,6.824924176
5/30/2014,9863,6.824930769
5/30/2014,9864,6.824937363
5/30/2014,9865,6.824943956
5/30/2014,9866,6.824950549
5/30/2014,9867,6.824957143
5/30/2014,9868,6.824963736
5/30/2014,9869,6.82497033
5/30/2014,9870,6.824976923
5/30/2014,9871,6.824983516
5/30/2014,9872,6.82499011
5/30/2014,9873,6.824996703
5/30/2014,9874,6.825003297
5/30/2014,9875,6.82500989
5/30/2014,9876,6.825016484
5/30/2014,9877,6.825023077
5/30/2014,9878,6.82502967
5/30/2014,9879,6.825036264
5/30/2014,9880,6.825042857
5/30/2014,9881,6.825049451
5/30/2014,9882,6.825056044
5/30/2014,9883,6.825062637
5/30/2014,9884,6.825069231
5/30/2014,9885,6.825075824
5/30/2014,9886,6.825082418
5/30/2014,9887,6.825089011
5/30/2014,9888,6.825095604
5/30/2014,9889,6.825102198
5/30/2014,9890,6.825108791
5/30/2014,9891,6.825115385
5/30/2014,9892,6.825121978
5/30/2014,9893,6.825128571
5/30/2014,9894,6.825135165
5/30/2014,9895,6.825141758
5/30/2014,9896,6.825148352
5/30/2014,9897,6.825154945
5/30/2014,9898,6.825161538
5/30/2014,9899,6.825168132
5/30/2014,9900,6.825174725
5/30/2014,9901,6.825181319
5/30/2014,9902,6.825187912
5/30/2014,9903,6.825194505
5/30/2014,9904,6.825201099
5/30/2014,9905,6.825207692
5/30/2014,9906,6.825214286
5/30/2014,9907,6.825220879
5/30/2014,9908,6.825227473
5/30/2014,9909,6.825234066
5/30/2014,9910,6.825240659
5/30/2014,9911,6.825247253
5/30/2014,9912,6.825253846
5/30/2014,9913,6.82526044
5/30/2014,9914,6.825267033
5/30/2014,9915,6.825273626
5/30/2014,9916,6.82528022
5/30/2014,9917,6.825286813
5/30/2014,9918,6.825293407
5/30/2014,9919,6.8253
5/30/2014,9920,6.825306593
5/30/2014,9921,6.825313187
5/30/2014,9922,6.82531978
5/30/2014,9923,6.825326374
5/30/2014,9924,6.825332967
5/30/2014,9925,6.82533956
5/30/2014,9926,6.825346154
5/30/2014,9927,6.825352747
5/30/2014,9928,6.825359341
5/30/2014,9929,6.825365934
5/30/2014,9930,6.825372527
5/30/2014,9931,6.825379121
5/30/2014,9932,6.825385714
5/30/2014,9933,6.825392308
5/30/2014,9934,6.825398901
5/30/2014,9935,6.825405495
5/30/2014,9936,6.825412088
5/30/2014,9937,6.825418681
5/30/2014,9938,6.825425275
5/30/2014,9939,6.825431868
5/30/2014,9940,6.825438462
5/30/2014,9941,6.825445055
5/30/2014,9942,6.825451648
5/30/2014,9943,6.825458242
5/30/2014,9944,6.825464835
5/30/2014,9945,6.825471429
5/30/2014,9946,6.825478022
5/30/2014,9947,6.825484615
5/30/2014,9948,6.825491209
5/30/2014,9949,6.825497802
5/30/2014,9950,6.825504396
5/30/2014,9951,6.825510989
5/30/2014,9952,6.825517582
5/30/2014,9953,6.825524176
5/30/2014,9954,6.825530769
5/30/2014,9955,6.825537363
5/30/2014,9956,6.825543956
5/30/2014,9957,6.825550549
5/30/2014,9958,6.825557143
5/30/2014,9959,6.825563736
5/30/2014,9960,6.82557033
5/30/2014,9961,6.825576923
5/30/2014,9962,6.825583516
5/30/2014,9963,6.82559011
5/30/2014,9964,6.825596703
5/30/2014,9965,6.825603297
5/30/2014,9966,6.82560989
5/30/2014,9967,6.825616484
5/30/2014,9968,6.825623077
5/30/2014,9969,6.82562967
5/30/2014,9970,6.825636264
5/30/2014,9971,6.825642857
5/30/2014,9972,6.825649451
5/30/2014,9973,6.825656044
5/30/2014,9974,6.825662637
5/30/2014,9975,6.825669231
5/30/2014,9976,6.825675824
5/30/2014,9977,6.825682418
5/30/2014,9978,6.825689011
5/30/2014,9979,6.825695604
5/30/2014,9980,6.825702198
5/30/2014,9981,6.825708791
5/30/2014,9982,6.825715385
5/30/2014,9983,6.825721978
5/30/2014,9984,6.825728571
5/30/2014,9985,6.825735165
5/30/2014,9986,6.825741758
5/30/2014,9987,6.825748352
5/30/2014,9988,6.825754945
5/30/2014,9989,6.825761538
5/30/2014,9990,6.825768132
5/30/2014,9991,6.825774725
5/30/2014,9992,6.825781319
5/30/2014,9993,6.825787912
5/30/2014,9994,6.825794505
5/30/2014,9995,6.825801099
5/30/2014,9996,6.825807692
5/30/2014,9997,6.825814286
5/30/2014,9998,6.825820879
5/30/2014,9999,6.825827473
5/30/2014,10000,6.825834066
5/30/2014,10001,6.825840659
5/30/2014,10002,6.825847253
5/30/2014,10003,6.825853846
5/30/2014,10004,6.82586044
5/30/2014,10005,6.825867033
5/30/2014,10006,6.825873626
5/30/2014,10007,6.82588022
5/30/2014,10008,6.825886813
5/30/2014,10009,6.825893407
5/30/2014,10010,6.8259
5/30/2014,10011,6.825905495
5/30/2014,10012,6.825910989
5/30/2014,10013,6.825916484
5/30/2014,10014,6.825921978
5/30/2014,10015,6.825927473
5/30/2014,10016,6.825932967
5/30/2014,10017,6.825938462
5/30/2014,10018,6.825943956
5/30/2014,10019,6.825949451
5/30/2014,10020,6.825954945
5/30/2014,10021,6.82596044
5/30/2014,10022,6.825965934
5/30/2014,10023,6.825971429
5/30/2014,10024,6.825976923
5/30/2014,10025,6.825982418
5/30/2014,10026,6.825987912
5/30/2014,10027,6.825993407
5/30/2014,10028,6.825998901
5/30/2014,10029,6.826004396
5/30/2014,10030,6.82600989
5/30/2014,10031,6.826015385
5/30/2014,10032,6.826020879
5/30/2014,10033,6.826026374
5/30/2014,10034,6.826031868
5/30/2014,10035,6.826037363
5/30/2014,10036,6.826042857
5/30/2014,10037,6.826048352
5/30/2014,10038,6.826053846
5/30/2014,10039,6.826059341
5/30/2014,10040,6.826064835
5/30/2014,10041,6.82607033
5/30/2014,10042,6.826075824
5/30/2014,10043,6.826081319
5/30/2014,10044,6.826086813
5/30/2014,10045,6.826092308
5/30/2014,10046,6.826097802
5/30/2014,10047,6.826103297
5/30/2014,10048,6.826108791
5/30/2014,10049,6.826114286
5/30/2014,10050,6.82611978
5/30/2014,10051,6.826125275
5/30/2014,10052,6.826130769
5/30/2014,10053,6.826136264
5/30/2014,10054,6.826141758
5/30/2014,10055,6.826147253
5/30/2014,10056,6.826152747
5/30/2014,10057,6.826158242
5/30/2014,10058,6.826163736
5/30/2014,10059,6.826169231
5/30/2014,10060,6.826174725
5/30/2014,10061,6.82618022
5/30/2014,10062,6.826185714
5/30/2014,10063,6.826191209
5/30/2014,10064,6.826196703
5/30/2014,10065,6.826202198
5/30/2014,10066,6.826207692
5/30/2014,10067,6.826213187
5/30/2014,10068,6.826218681
5/30/2014,10069,6.826224176
5/30/2014,10070,6.82622967
5/30/2014,10071,6.826235165
5/30/2014,10072,6.826240659
5/30/2014,10073,6.826246154
5/30/2014,10074,6.826251648
5/30/2014,10075,6.826257143
5/30/2014,10076,6.826262637
5/30/2014,10077,6.826268132
5/30/2014,10078,6.826273626
5/30/2014,10079,6.826279121
5/30/2014,10080,6.826284615
5/30/2014,10081,6.82629011
5/30/2014,10082,6.826295604
5/30/2014,10083,6.826301099
5/30/2014,10084,6.826306593
5/30/2014,10085,6.826312088
5/30/2014,10086,6.826317582
5/30/2014,10087,6.826323077
5/30/2014,10088,6.826328571
5/30/2014,10089,6.826334066
5/30/2014,10090,6.82633956
5/30/2014,10091,6.826345055
5/30/2014,10092,6.826350549
5/30/2014,10093,6.826356044
5/30/2014,10094,6.826361538
5/30/2014,10095,6.826367033
5/30/2014,10096,6.826372527
5/30/2014,10097,6.826378022
5/30/2014,10098,6.826383516
5/30/2014,10099,6.826389011
5/30/2014,10100,6.826394505
5/30/2014,10101,6.8264
5/30/2014,10102,6.826405495
5/30/2014,10103,6.826410989
5/30/2014,10104,6.826416484
5/30/2014,10105,6.826421978
5/30/2014,10106,6.826427473
5/30/2014,10107,6.826432967
5/30/2014,10108,6.826438462
5/30/2014,10109,6.826443956
5/30/2014,10110,6.826449451
5/30/2014,10111,6.826454945
5/30/2014,10112,6.82646044
5/30/2014,10113,6.826465934
5/30/2014,10114,6.826471429
5/30/2014,10115,6.826476923
5/30/2014,10116,6.826482418
5/30/2014,10117,6.826487912
5/30/2014,10118,6.826493407
5/30/2014,10119,6.826498901
5/30/2014,10120,6.826504396
5/30/2014,10121,6.82650989
5/30/2014,10122,6.826515385
5/30/2014,10123,6.826520879
5/30/2014,10124,6.826526374
5/30/2014,10125,6.826531868
5/30/2014,10126,6.826537363
5/30/2014,10127,6.826542857
5/30/2014,10128,6.826548352
5/30/2014,10129,6.826553846
5/30/2014,10130,6.826559341
5/30/2014,10131,6.826564835
5/30/2014,10132,6.82657033
5/30/2014,10133,6.826575824
5/30/2014,10134,6.826581319
5/30/2014,10135,6.826586813
5/30/2014,10136,6.826592308
5/30/2014,10137,6.826597802
5/30/2014,10138,6.826603297
5/30/2014,10139,6.826608791
5/30/2014,10140,6.826614286
5/30/2014,10141,6.82661978
5/30/2014,10142,6.826625275
5/30/2014,10143,6.826630769
5/30/2014,10144,6.826636264
5/30/2014,10145,6.826641758
5/30/2014,10146,6.826647253
5/30/2014,10147,6.826652747
5/30/2014,10148,6.826658242
5/30/2014,10149,6.826663736
5/30/2014,10150,6.826669231
5/30/2014,10151,6.826674725
5/30/2014,10152,6.82668022
5/30/2014,10153,6.826685714
5/30/2014,10154,6.826691209
5/30/2014,10155,6.826696703
5/30/2014,10156,6.826702198
5/30/2014,10157,6.826707692
5/30/2014,10158,6.826713187
5/30/2014,10159,6.826718681
5/30/2014,10160,6.826724176
5/30/2014,10161,6.82672967
5/30/2014,10162,6.826735165
5/30/2014,10163,6.826740659
5/30/2014,10164,6.826746154
5/30/2014,10165,6.826751648
5/30/2014,10166,6.826757143
5/30/2014,10167,6.826762637
5/30/2014,10168,6.826768132
5/30/2014,10169,6.826773626
5/30/2014,10170,6.826779121
5/30/2014,10171,6.826784615
5/30/2014,10172,6.82679011
5/30/2014,10173,6.826795604
5/30/2014,10174,6.826801099
5/30/2014,10175,6.826806593
5/30/2014,10176,6.826812088
5/30/2014,10177,6.826817582
5/30/2014,10178,6.826823077
5/30/2014,10179,6.826828571
5/30/2014,10180,6.826834066
5/30/2014,10181,6.82683956
5/30/2014,10182,6.826845055
5/30/2014,10183,6.826850549
5/30/2014,10184,6.826856044
5/30/2014,10185,6.826861538
5/30/2014,10186,6.826867033
5/30/2014,10187,6.826872527
5/30/2014,10188,6.826878022
5/30/2014,10189,6.826883516
5/30/2014,10190,6.826889011
5/30/2014,10191,6.826894505
5/30/2014,10192,6.8269
5/30/2014,10193,6.826904396
5/30/2014,10194,6.826908791
5/30/2014,10195,6.826913187
5/30/2014,10196,6.826917582
5/30/2014,10197,6.826921978
5/30/2014,10198,6.826926374
5/30/2014,10199,6.826930769
5/30/2014,10200,6.826935165
5/30/2014,10201,6.82693956
5/30/2014,10202,6.826943956
5/30/2014,10203,6.826948352
5/30/2014,10204,6.826952747
5/30/2014,10205,6.826957143
5/30/2014,10206,6.826961538
5/30/2014,10207,6.826965934
5/30/2014,10208,6.82697033
5/30/2014,10209,6.826974725
5/30/2014,10210,6.826979121
5/30/2014,10211,6.826983516
5/30/2014,10212,6.826987912
5/30/2014,10213,6.826992308
5/30/2014,10214,6.826996703
5/30/2014,10215,6.827001099
5/30/2014,10216,6.827005495
5/30/2014,10217,6.82700989
5/30/2014,10218,6.827014286
5/30/2014,10219,6.827018681
5/30/2014,10220,6.827023077
5/30/2014,10221,6.827027473
5/30/2014,10222,6.827031868
5/30/2014,10223,6.827036264
5/30/2014,10224,6.827040659
5/30/2014,10225,6.827045055
5/30/2014,10226,6.827049451
5/30/2014,10227,6.827053846
5/30/2014,10228,6.827058242
5/30/2014,10229,6.827062637
5/30/2014,10230,6.827067033
5/30/2014,10231,6.827071429
5/30/2014,10232,6.827075824
5/30/2014,10233,6.82708022
5/30/2014,10234,6.827084615
5/30/2014,10235,6.827089011
5/30/2014,10236,6.827093407
5/30/2014,10237,6.827097802
5/30/2014,10238,6.827102198
5/30/2014,10239,6.827106593
5/30/2014,10240,6.827110989
5/30/2014,10241,6.827115385
5/30/2014,10242,6.82711978
5/30/2014,10243,6.827124176
5/30/2014,10244,6.827128571
5/30/2014,10245,6.827132967
5/30/2014,10246,6.827137363
5/30/2014,10247,6.827141758
5/30/2014,10248,6.827146154
5/30/2014,10249,6.827150549
5/30/2014,10250,6.827154945
5/30/2014,10251,6.827159341
5/30/2014,10252,6.827163736
5/30/2014,10253,6.827168132
5/30/2014,10254,6.827172527
5/30/2014,10255,6.827176923
5/30/2014,10256,6.827181319
5/30/2014,10257,6.827185714
5/30/2014,10258,6.82719011
5/30/2014,10259,6.827194505
5/30/2014,10260,6.827198901
5/30/2014,10261,6.827203297
5/30/2014,10262,6.827207692
5/30/2014,10263,6.827212088
5/30/2014,10264,6.827216484
5/30/2014,10265,6.827220879
5/30/2014,10266,6.827225275
5/30/2014,10267,6.82722967
5/30/2014,10268,6.827234066
5/30/2014,10269,6.827238462
5/30/2014,10270,6.827242857
5/30/2014,10271,6.827247253
5/30/2014,10272,6.827251648
5/30/2014,10273,6.827256044
5/30/2014,10274,6.82726044
5/30/2014,10275,6.827264835
5/30/2014,10276,6.827269231
5/30/2014,10277,6.827273626
5/30/2014,10278,6.827278022
5/30/2014,10279,6.827282418
5/30/2014,10280,6.827286813
5/30/2014,10281,6.827291209
5/30/2014,10282,6.827295604
5/30/2014,10283,6.8273
5/30/2014,10284,6.827304396
5/30/2014,10285,6.827308791
5/30/2014,10286,6.827313187
5/30/2014,10287,6.827317582
5/30/2014,10288,6.827321978
5/30/2014,10289,6.827326374
5/30/2014,10290,6.827330769
5/30/2014,10291,6.827335165
5/30/2014,10292,6.82733956
5/30/2014,10293,6.827343956
5/30/2014,10294,6.827348352
5/30/2014,10295,6.827352747
5/30/2014,10296,6.827357143
5/30/2014,10297,6.827361538
5/30/2014,10298,6.827365934
5/30/2014,10299,6.82737033
5/30/2014,10300,6.827374725
5/30/2014,10301,6.827379121
5/30/2014,10302,6.827383516
5/30/2014,10303,6.827387912
5/30/2014,10304,6.827392308
5/30/2014,10305,6.827396703
5/30/2014,10306,6.827401099
5/30/2014,10307,6.827405495
5/30/2014,10308,6.82740989
5/30/2014,10309,6.827414286
5/30/2014,10310,6.827418681
5/30/2014,10311,6.827423077
5/30/2014,10312,6.827427473
5/30/2014,10313,6.827431868
5/30/2014,10314,6.827436264
5/30/2014,10315,6.827440659
5/30/2014,10316,6.827445055
5/30/2014,10317,6.827449451
5/30/2014,10318,6.827453846
5/30/2014,10319,6.827458242
5/30/2014,10320,6.827462637
5/30/2014,10321,6.827467033
5/30/2014,10322,6.827471429
5/30/2014,10323,6.827475824
5/30/2014,10324,6.82748022
5/30/2014,10325,6.827484615
5/30/2014,10326,6.827489011
5/30/2014,10327,6.827493407
5/30/2014,10328,6.827497802
5/30/2014,10329,6.827502198
5/30/2014,10330,6.827506593
5/30/2014,10331,6.827510989
5/30/2014,10332,6.827515385
5/30/2014,10333,6.82751978
5/30/2014,10334,6.827524176
5/30/2014,10335,6.827528571
5/30/2014,10336,6.827532967
5/30/2014,10337,6.827537363
5/30/2014,10338,6.827541758
5/30/2014,10339,6.827546154
5/30/2014,10340,6.827550549
5/30/2014,10341,6.827554945
5/30/2014,10342,6.827559341
5/30/2014,10343,6.827563736
5/30/2014,10344,6.827568132
5/30/2014,10345,6.827572527
5/30/2014,10346,6.827576923
5/30/2014,10347,6.827581319
5/30/2014,10348,6.827585714
5/30/2014,10349,6.82759011
5/30/2014,10350,6.827594505
5/30/2014,10351,6.827598901
5/30/2014,10352,6.827603297
5/30/2014,10353,6.827607692
5/30/2014,10354,6.827612088
5/30/2014,10355,6.827616484
5/30/2014,10356,6.827620879
5/30/2014,10357,6.827625275
5/30/2014,10358,6.82762967
5/30/2014,10359,6.827634066
5/30/2014,10360,6.827638462
5/30/2014,10361,6.827642857
5/30/2014,10362,6.827647253
5/30/2014,10363,6.827651648
5/30/2014,10364,6.827656044
5/30/2014,10365,6.82766044
5/30/2014,10366,6.827664835
5/30/2014,10367,6.827669231
5/30/2014,10368,6.827673626
5/30/2014,10369,6.827678022
5/30/2014,10370,6.827682418
5/30/2014,10371,6.827686813
5/30/2014,10372,6.827691209
5/30/2014,10373,6.827695604
5/30/2014,10374,6.8277
5/30/2014,10375,6.827718132
5/30/2014,10376,6.827736264
5/30/2014,10377,6.827754396
5/30/2014,10378,6.827772527
5/30/2014,10379,6.827790659
5/30/2014,10380,6.827808791
5/30/2014,10381,6.827826923
5/30/2014,10382,6.827845055
5/30/2014,10383,6.827863187
5/30/2014,10384,6.827881319
5/30/2014,10385,6.827899451
5/30/2014,10386,6.827917582
5/30/2014,10387,6.827935714
5/30/2014,10388,6.827953846
5/30/2014,10389,6.827971978
5/30/2014,10390,6.82799011
5/30/2014,10391,6.828008242
5/30/2014,10392,6.828026374
5/30/2014,10393,6.828044505
5/30/2014,10394,6.828062637
5/30/2014,10395,6.828080769
5/30/2014,10396,6.828098901
5/30/2014,10397,6.828117033
5/30/2014,10398,6.828135165
5/30/2014,10399,6.828153297
5/30/2014,10400,6.828171429
5/30/2014,10401,6.82818956
5/30/2014,10402,6.828207692
5/30/2014,10403,6.828225824
5/30/2014,10404,6.828243956
5/30/2014,10405,6.828262088
5/30/2014,10406,6.82828022
5/30/2014,10407,6.828298352
5/30/2014,10408,6.828316484
5/30/2014,10409,6.828334615
5/30/2014,10410,6.828352747
5/30/2014,10411,6.828370879
5/30/2014,10412,6.828389011
5/30/2014,10413,6.828407143
5/30/2014,10414,6.828425275
5/30/2014,10415,6.828443407
5/30/2014,10416,6.828461538
5/30/2014,10417,6.82847967
5/30/2014,10418,6.828497802
5/30/2014,10419,6.828515934
5/30/2014,10420,6.828534066
5/30/2014,10421,6.828552198
5/30/2014,10422,6.82857033
5/30/2014,10423,6.828588462
5/30/2014,10424,6.828606593
5/30/2014,10425,6.828624725
5/30/2014,10426,6.828642857
5/30/2014,10427,6.828660989
5/30/2014,10428,6.828679121
5/30/2014,10429,6.828697253
5/30/2014,10430,6.828715385
5/30/2014,10431,6.828733516
5/30/2014,10432,6.828751648
5/30/2014,10433,6.82876978
5/30/2014,10434,6.828787912
5/30/2014,10435,6.828806044
5/30/2014,10436,6.828824176
5/30/2014,10437,6.828842308
5/30/2014,10438,6.82886044
5/30/2014,10439,6.828878571
5/30/2014,10440,6.828896703
5/30/2014,10441,6.828914835
5/30/2014,10442,6.828932967
5/30/2014,10443,6.828951099
5/30/2014,10444,6.828969231
5/30/2014,10445,6.828987363
5/30/2014,10446,6.829005495
5/30/2014,10447,6.829023626
5/30/2014,10448,6.829041758
5/30/2014,10449,6.82905989
5/30/2014,10450,6.829078022
5/30/2014,10451,6.829096154
5/30/2014,10452,6.829114286
5/30/2014,10453,6.829132418
5/30/2014,10454,6.829150549
5/30/2014,10455,6.829168681
5/30/2014,10456,6.829186813
5/30/2014,10457,6.829204945
5/30/2014,10458,6.829223077
5/30/2014,10459,6.829241209
5/30/2014,10460,6.829259341
5/30/2014,10461,6.829277473
5/30/2014,10462,6.829295604
5/30/2014,10463,6.829313736
5/30/2014,10464,6.829331868
5/30/2014,10465,6.82935
5/30/2014,10466,6.829368132
5/30/2014,10467,6.829386264
5/30/2014,10468,6.829404396
5/30/2014,10469,6.829422527
5/30/2014,10470,6.829440659
5/30/2014,10471,6.829458791
5/30/2014,10472,6.829476923
5/30/2014,10473,6.829495055
5/30/2014,10474,6.829513187
5/30/2014,10475,6.829531319
5/30/2014,10476,6.829549451
5/30/2014,10477,6.829567582
5/30/2014,10478,6.829585714
5/30/2014,10479,6.829603846
5/30/2014,10480,6.829621978
5/30/2014,10481,6.82964011
5/30/2014,10482,6.829658242
5/30/2014,10483,6.829676374
5/30/2014,10484,6.829694505
5/30/2014,10485,6.829712637
5/30/2014,10486,6.829730769
5/30/2014,10487,6.829748901
5/30/2014,10488,6.829767033
5/30/2014,10489,6.829785165
5/30/2014,10490,6.829803297
5/30/2014,10491,6.829821429
5/30/2014,10492,6.82983956
5/30/2014,10493,6.829857692
5/30/2014,10494,6.829875824
5/30/2014,10495,6.829893956
5/30/2014,10496,6.829912088
5/30/2014,10497,6.82993022
5/30/2014,10498,6.829948352
5/30/2014,10499,6.829966484
5/30/2014,10500,6.829984615
5/30/2014,10501,6.830002747
5/30/2014,10502,6.830020879
5/30/2014,10503,6.830039011
5/30/2014,10504,6.830057143
5/30/2014,10505,6.830075275
5/30/2014,10506,6.830093407
5/30/2014,10507,6.830111538
5/30/2014,10508,6.83012967
5/30/2014,10509,6.830147802
5/30/2014,10510,6.830165934
5/30/2014,10511,6.830184066
5/30/2014,10512,6.830202198
5/30/2014,10513,6.83022033
5/30/2014,10514,6.830238462
5/30/2014,10515,6.830256593
5/30/2014,10516,6.830274725
5/30/2014,10517,6.830292857
5/30/2014,10518,6.830310989
5/30/2014,10519,6.830329121
5/30/2014,10520,6.830347253
5/30/2014,10521,6.830365385
5/30/2014,10522,6.830383516
5/30/2014,10523,6.830401648
5/30/2014,10524,6.83041978
5/30/2014,10525,6.830437912
5/30/2014,10526,6.830456044
5/30/2014,10527,6.830474176
5/30/2014,10528,6.830492308
5/30/2014,10529,6.83051044
5/30/2014,10530,6.830528571
5/30/2014,10531,6.830546703
5/30/2014,10532,6.830564835
5/30/2014,10533,6.830582967
5/30/2014,10534,6.830601099
5/30/2014,10535,6.830619231
5/30/2014,10536,6.830637363
5/30/2014,10537,6.830655495
5/30/2014,10538,6.830673626
5/30/2014,10539,6.830691758
5/30/2014,10540,6.83070989
5/30/2014,10541,6.830728022
5/30/2014,10542,6.830746154
5/30/2014,10543,6.830764286
5/30/2014,10544,6.830782418
5/30/2014,10545,6.830800549
5/30/2014,10546,6.830818681
5/30/2014,10547,6.830836813
5/30/2014,10548,6.830854945
5/30/2014,10549,6.830873077
5/30/2014,10550,6.830891209
5/30/2014,10551,6.830909341
5/30/2014,10552,6.830927473
5/30/2014,10553,6.830945604
5/30/2014,10554,6.830963736
5/30/2014,10555,6.830981868
5/30/2014,10556,6.831
5/30/2014,10557,6.831019231
5/30/2014,10558,6.831038462
5/30/2014,10559,6.831057692
5/30/2014,10560,6.831076923
5/30/2014,10561,6.831096154
5/30/2014,10562,6.831115385
5/30/2014,10563,6.831134615
5/30/2014,10564,6.831153846
5/30/2014,10565,6.831173077
5/30/2014,10566,6.831192308
5/30/2014,10567,6.831211538
5/30/2014,10568,6.831230769
5/30/2014,10569,6.83125
5/30/2014,10570,6.831269231
5/30/2014,10571,6.831288462
5/30/2014,10572,6.831307692
5/30/2014,10573,6.831326923
5/30/2014,10574,6.831346154
5/30/2014,10575,6.831365385
5/30/2014,10576,6.831384615
5/30/2014,10577,6.831403846
5/30/2014,10578,6.831423077
5/30/2014,10579,6.831442308
5/30/2014,10580,6.831461538
5/30/2014,10581,6.831480769
5/30/2014,10582,6.8315
5/30/2014,10583,6.831519231
5/30/2014,10584,6.831538462
5/30/2014,10585,6.831557692
5/30/2014,10586,6.831576923
5/30/2014,10587,6.831596154
5/30/2014,10588,6.831615385
5/30/2014,10589,6.831634615
5/30/2014,10590,6.831653846
5/30/2014,10591,6.831673077
5/30/2014,10592,6.831692308
5/30/2014,10593,6.831711538
5/30/2014,10594,6.831730769
5/30/2014,10595,6.83175
5/30/2014,10596,6.831769231
5/30/2014,10597,6.831788462
5/30/2014,10598,6.831807692
5/30/2014,10599,6.831826923
5/30/2014,10600,6.831846154
5/30/2014,10601,6.831865385
5/30/2014,10602,6.831884615
5/30/2014,10603,6.831903846
5/30/2014,10604,6.831923077
5/30/2014,10605,6.831942308
5/30/2014,10606,6.831961538
5/30/2014,10607,6.831980769
5/30/2014,10608,6.832
5/30/2014,10609,6.832019231
5/30/2014,10610,6.832038462
5/30/2014,10611,6.832057692
5/30/2014,10612,6.832076923
5/30/2014,10613,6.832096154
5/30/2014,10614,6.832115385
5/30/2014,10615,6.832134615
5/30/2014,10616,6.832153846
5/30/2014,10617,6.832173077
5/30/2014,10618,6.832192308
5/30/2014,10619,6.832211538
5/30/2014,10620,6.832230769
5/30/2014,10621,6.83225
5/30/2014,10622,6.832269231
5/30/2014,10623,6.832288462
5/30/2014,10624,6.832307692
5/30/2014,10625,6.832326923
5/30/2014,10626,6.832346154
5/30/2014,10627,6.832365385
5/30/2014,10628,6.832384615
5/30/2014,10629,6.832403846
5/30/2014,10630,6.832423077
5/30/2014,10631,6.832442308
5/30/2014,10632,6.832461538
5/30/2014,10633,6.832480769
5/30/2014,10634,6.8325
5/30/2014,10635,6.832519231
5/30/2014,10636,6.832538462
5/30/2014,10637,6.832557692
5/30/2014,10638,6.832576923
5/30/2014,10639,6.832596154
5/30/2014,10640,6.832615385
5/30/2014,10641,6.832634615
5/30/2014,10642,6.832653846
5/30/2014,10643,6.832673077
5/30/2014,10644,6.832692308
5/30/2014,10645,6.832711538
5/30/2014,10646,6.832730769
5/30/2014,10647,6.83275
5/30/2014,10648,6.832769231
5/30/2014,10649,6.832788462
5/30/2014,10650,6.832807692
5/30/2014,10651,6.832826923
5/30/2014,10652,6.832846154
5/30/2014,10653,6.832865385
5/30/2014,10654,6.832884615
5/30/2014,10655,6.832903846
5/30/2014,10656,6.832923077
5/30/2014,10657,6.832942308
5/30/2014,10658,6.832961538
5/30/2014,10659,6.832980769
5/30/2014,10660,6.833
5/30/2014,10661,6.833019231
5/30/2014,10662,6.833038462
5/30/2014,10663,6.833057692
5/30/2014,10664,6.833076923
5/30/2014,10665,6.833096154
5/30/2014,10666,6.833115385
5/30/2014,10667,6.833134615
5/30/2014,10668,6.833153846
5/30/2014,10669,6.833173077
5/30/2014,10670,6.833192308
5/30/2014,10671,6.833211538
5/30/2014,10672,6.833230769
5/30/2014,10673,6.83325
5/30/2014,10674,6.833269231
5/30/2014,10675,6.833288462
5/30/2014,10676,6.833307692
5/30/2014,10677,6.833326923
5/30/2014,10678,6.833346154
5/30/2014,10679,6.833365385
5/30/2014,10680,6.833384615
5/30/2014,10681,6.833403846
5/30/2014,10682,6.833423077
5/30/2014,10683,6.833442308
5/30/2014,10684,6.833461538
5/30/2014,10685,6.833480769
5/30/2014,10686,6.8335
5/30/2014,10687,6.833519231
5/30/2014,10688,6.833538462
5/30/2014,10689,6.833557692
5/30/2014,10690,6.833576923
5/30/2014,10691,6.833596154
5/30/2014,10692,6.833615385
5/30/2014,10693,6.833634615
5/30/2014,10694,6.833653846
5/30/2014,10695,6.833673077
5/30/2014,10696,6.833692308
5/30/2014,10697,6.833711538
5/30/2014,10698,6.833730769
5/30/2014,10699,6.83375
5/30/2014,10700,6.833769231
5/30/2014,10701,6.833788462
5/30/2014,10702,6.833807692
5/30/2014,10703,6.833826923
5/30/2014,10704,6.833846154
5/30/2014,10705,6.833865385
5/30/2014,10706,6.833884615
5/30/2014,10707,6.833903846
5/30/2014,10708,6.833923077
5/30/2014,10709,6.833942308
5/30/2014,10710,6.833961538
5/30/2014,10711,6.833980769
5/30/2014,10712,6.834
5/30/2014,10713,6.834019231
5/30/2014,10714,6.834038462
5/30/2014,10715,6.834057692
5/30/2014,10716,6.834076923
5/30/2014,10717,6.834096154
5/30/2014,10718,6.834115385
5/30/2014,10719,6.834134615
5/30/2014,10720,6.834153846
5/30/2014,10721,6.834173077
5/30/2014,10722,6.834192308
5/30/2014,10723,6.834211538
5/30/2014,10724,6.834230769
5/30/2014,10725,6.83425
5/30/2014,10726,6.834269231
5/30/2014,10727,6.834288462
5/30/2014,10728,6.834307692
5/30/2014,10729,6.834326923
5/30/2014,10730,6.834346154
5/30/2014,10731,6.834365385
5/30/2014,10732,6.834384615
5/30/2014,10733,6.834403846
5/30/2014,10734,6.834423077
5/30/2014,10735,6.834442308
5/30/2014,10736,6.834461538
5/30/2014,10737,6.834480769
5/30/2014,10738,6.8345
5/30/2014,10739,6.834518132
5/30/2014,10740,6.834536264
5/30/2014,10741,6.834554396
5/30/2014,10742,6.834572527
5/30/2014,10743,6.834590659
5/30/2014,10744,6.834608791
5/30/2014,10745,6.834626923
5/30/2014,10746,6.834645055
5/30/2014,10747,6.834663187
5/30/2014,10748,6.834681319
5/30/2014,10749,6.834699451
5/30/2014,10750,6.834717582
5/30/2014,10751,6.834735714
5/30/2014,10752,6.834753846
5/30/2014,10753,6.834771978
5/30/2014,10754,6.83479011
5/30/2014,10755,6.834808242
5/30/2014,10756,6.834826374
5/30/2014,10757,6.834844505
5/30/2014,10758,6.834862637
5/30/2014,10759,6.834880769
5/30/2014,10760,6.834898901
5/30/2014,10761,6.834917033
5/30/2014,10762,6.834935165
5/30/2014,10763,6.834953297
5/30/2014,10764,6.834971429
5/30/2014,10765,6.83498956
5/30/2014,10766,6.835007692
5/30/2014,10767,6.835025824
5/30/2014,10768,6.835043956
5/30/2014,10769,6.835062088
5/30/2014,10770,6.83508022
5/30/2014,10771,6.835098352
5/30/2014,10772,6.835116484
5/30/2014,10773,6.835134615
5/30/2014,10774,6.835152747
5/30/2014,10775,6.835170879
5/30/2014,10776,6.835189011
5/30/2014,10777,6.835207143
5/30/2014,10778,6.835225275
5/30/2014,10779,6.835243407
5/30/2014,10780,6.835261538
5/30/2014,10781,6.83527967
5/30/2014,10782,6.835297802
5/30/2014,10783,6.835315934
5/30/2014,10784,6.835334066
5/30/2014,10785,6.835352198
5/30/2014,10786,6.83537033
5/30/2014,10787,6.835388462
5/30/2014,10788,6.835406593
5/30/2014,10789,6.835424725
5/30/2014,10790,6.835442857
5/30/2014,10791,6.835460989
5/30/2014,10792,6.835479121
5/30/2014,10793,6.835497253
5/30/2014,10794,6.835515385
5/30/2014,10795,6.835533516
5/30/2014,10796,6.835551648
5/30/2014,10797,6.83556978
5/30/2014,10798,6.835587912
5/30/2014,10799,6.835606044
5/30/2014,10800,6.835624176
5/30/2014,10801,6.835642308
5/30/2014,10802,6.83566044
5/30/2014,10803,6.835678571
5/30/2014,10804,6.835696703
5/30/2014,10805,6.835714835
5/30/2014,10806,6.835732967
5/30/2014,10807,6.835751099
5/30/2014,10808,6.835769231
5/30/2014,10809,6.835787363
5/30/2014,10810,6.835805495
5/30/2014,10811,6.835823626
5/30/2014,10812,6.835841758
5/30/2014,10813,6.83585989
5/30/2014,10814,6.835878022
5/30/2014,10815,6.835896154
5/30/2014,10816,6.835914286
5/30/2014,10817,6.835932418
5/30/2014,10818,6.835950549
5/30/2014,10819,6.835968681
5/30/2014,10820,6.835986813
5/30/2014,10821,6.836004945
5/30/2014,10822,6.836023077
5/30/2014,10823,6.836041209
5/30/2014,10824,6.836059341
5/30/2014,10825,6.836077473
5/30/2014,10826,6.836095604
5/30/2014,10827,6.836113736
5/30/2014,10828,6.836131868
5/30/2014,10829,6.83615
5/30/2014,10830,6.836168132
5/30/2014,10831,6.836186264
5/30/2014,10832,6.836204396
5/30/2014,10833,6.836222527
5/30/2014,10834,6.836240659
5/30/2014,10835,6.836258791
5/30/2014,10836,6.836276923
5/30/2014,10837,6.836295055
5/30/2014,10838,6.836313187
5/30/2014,10839,6.836331319
5/30/2014,10840,6.836349451
5/30/2014,10841,6.836367582
5/30/2014,10842,6.836385714
5/30/2014,10843,6.836403846
5/30/2014,10844,6.836421978
5/30/2014,10845,6.83644011
5/30/2014,10846,6.836458242
5/30/2014,10847,6.836476374
5/30/2014,10848,6.836494505
5/30/2014,10849,6.836512637
5/30/2014,10850,6.836530769
5/30/2014,10851,6.836548901
5/30/2014,10852,6.836567033
5/30/2014,10853,6.836585165
5/30/2014,10854,6.836603297
5/30/2014,10855,6.836621429
5/30/2014,10856,6.83663956
5/30/2014,10857,6.836657692
5/30/2014,10858,6.836675824
5/30/2014,10859,6.836693956
5/30/2014,10860,6.836712088
5/30/2014,10861,6.83673022
5/30/2014,10862,6.836748352
5/30/2014,10863,6.836766484
5/30/2014,10864,6.836784615
5/30/2014,10865,6.836802747
5/30/2014,10866,6.836820879
5/30/2014,10867,6.836839011
5/30/2014,10868,6.836857143
5/30/2014,10869,6.836875275
5/30/2014,10870,6.836893407
5/30/2014,10871,6.836911538
5/30/2014,10872,6.83692967
5/30/2014,10873,6.836947802
5/30/2014,10874,6.836965934
5/30/2014,10875,6.836984066
5/30/2014,10876,6.837002198
5/30/2014,10877,6.83702033
5/30/2014,10878,6.837038462
5/30/2014,10879,6.837056593
5/30/2014,10880,6.837074725
5/30/2014,10881,6.837092857
5/30/2014,10882,6.837110989
5/30/2014,10883,6.837129121
5/30/2014,10884,6.837147253
5/30/2014,10885,6.837165385
5/30/2014,10886,6.837183516
5/30/2014,10887,6.837201648
5/30/2014,10888,6.83721978
5/30/2014,10889,6.837237912
5/30/2014,10890,6.837256044
5/30/2014,10891,6.837274176
5/30/2014,10892,6.837292308
5/30/2014,10893,6.83731044
5/30/2014,10894,6.837328571
5/30/2014,10895,6.837346703
5/30/2014,10896,6.837364835
5/30/2014,10897,6.837382967
5/30/2014,10898,6.837401099
5/30/2014,10899,6.837419231
5/30/2014,10900,6.837437363
5/30/2014,10901,6.837455495
5/30/2014,10902,6.837473626
5/30/2014,10903,6.837491758
5/30/2014,10904,6.83750989
5/30/2014,10905,6.837528022
5/30/2014,10906,6.837546154
5/30/2014,10907,6.837564286
5/30/2014,10908,6.837582418
5/30/2014,10909,6.837600549
5/30/2014,10910,6.837618681
5/30/2014,10911,6.837636813
5/30/2014,10912,6.837654945
5/30/2014,10913,6.837673077
5/30/2014,10914,6.837691209
5/30/2014,10915,6.837709341
5/30/2014,10916,6.837727473
5/30/2014,10917,6.837745604
5/30/2014,10918,6.837763736
5/30/2014,10919,6.837781868
5/30/2014,10920,6.8378
