FECHA,PLAZO,VALOR
12/30/2016,1,5.834947
12/30/2016,2,5.834915167
12/30/2016,3,5.834883333
12/30/2016,4,5.8348515
12/30/2016,5,5.834819667
12/30/2016,6,5.834787833
12/30/2016,7,5.834756
12/30/2016,8,5.834925905
12/30/2016,9,5.83509581
12/30/2016,10,5.835265714
12/30/2016,11,5.835435619
12/30/2016,12,5.835605524
12/30/2016,13,5.835775429
12/30/2016,14,5.835945333
12/30/2016,15,5.836115238
12/30/2016,16,5.836285143
12/30/2016,17,5.836455048
12/30/2016,18,5.836624952
12/30/2016,19,5.836794857
12/30/2016,20,5.836964762
12/30/2016,21,5.837134667
12/30/2016,22,5.837304571
12/30/2016,23,5.837474476
12/30/2016,24,5.837644381
12/30/2016,25,5.837814286
12/30/2016,26,5.83798419
12/30/2016,27,5.838154095
12/30/2016,28,5.838324
12/30/2016,29,5.841174179
12/30/2016,30,5.844024357
12/30/2016,31,5.846874536
12/30/2016,32,5.849724714
12/30/2016,33,5.852574893
12/30/2016,34,5.855425071
12/30/2016,35,5.85827525
12/30/2016,36,5.861125429
12/30/2016,37,5.863975607
12/30/2016,38,5.866825786
12/30/2016,39,5.869675964
12/30/2016,40,5.872526143
12/30/2016,41,5.875376321
12/30/2016,42,5.8782265
12/30/2016,43,5.881076679
12/30/2016,44,5.883926857
12/30/2016,45,5.886777036
12/30/2016,46,5.889627214
12/30/2016,47,5.892477393
12/30/2016,48,5.895327571
12/30/2016,49,5.89817775
12/30/2016,50,5.901027929
12/30/2016,51,5.903878107
12/30/2016,52,5.906728286
12/30/2016,53,5.909578464
12/30/2016,54,5.912428643
12/30/2016,55,5.915278821
12/30/2016,56,5.918129
12/30/2016,57,5.920979179
12/30/2016,58,5.923829357
12/30/2016,59,5.926679536
12/30/2016,60,5.929529714
12/30/2016,61,5.932379893
12/30/2016,62,5.935230071
12/30/2016,63,5.93808025
12/30/2016,64,5.940930429
12/30/2016,65,5.943780607
12/30/2016,66,5.946630786
12/30/2016,67,5.949480964
12/30/2016,68,5.952331143
12/30/2016,69,5.955181321
12/30/2016,70,5.9580315
12/30/2016,71,5.960881679
12/30/2016,72,5.963731857
12/30/2016,73,5.966582036
12/30/2016,74,5.969432214
12/30/2016,75,5.972282393
12/30/2016,76,5.975132571
12/30/2016,77,5.97798275
12/30/2016,78,5.980832929
12/30/2016,79,5.983683107
12/30/2016,80,5.986533286
12/30/2016,81,5.989383464
12/30/2016,82,5.992233643
12/30/2016,83,5.995083821
12/30/2016,84,5.997934
12/30/2016,85,5.997656143
12/30/2016,86,5.997378286
12/30/2016,87,5.997100429
12/30/2016,88,5.996822571
12/30/2016,89,5.996544714
12/30/2016,90,5.996266857
12/30/2016,91,5.995989
12/30/2016,92,5.999601273
12/30/2016,93,6.003213545
12/30/2016,94,6.006825818
12/30/2016,95,6.010438091
12/30/2016,96,6.014050364
12/30/2016,97,6.017662636
12/30/2016,98,6.021274909
12/30/2016,99,6.024887182
12/30/2016,100,6.028499455
12/30/2016,101,6.032111727
12/30/2016,102,6.035724
12/30/2016,103,6.039336273
12/30/2016,104,6.042948545
12/30/2016,105,6.046560818
12/30/2016,106,6.050173091
12/30/2016,107,6.053785364
12/30/2016,108,6.057397636
12/30/2016,109,6.061009909
12/30/2016,110,6.064622182
12/30/2016,111,6.068234455
12/30/2016,112,6.071846727
12/30/2016,113,6.075459
12/30/2016,114,6.079071273
12/30/2016,115,6.082683545
12/30/2016,116,6.086295818
12/30/2016,117,6.089908091
12/30/2016,118,6.093520364
12/30/2016,119,6.097132636
12/30/2016,120,6.100744909
12/30/2016,121,6.104357182
12/30/2016,122,6.107969455
12/30/2016,123,6.111581727
12/30/2016,124,6.115194
12/30/2016,125,6.118806273
12/30/2016,126,6.122418545
12/30/2016,127,6.126030818
12/30/2016,128,6.129643091
12/30/2016,129,6.133255364
12/30/2016,130,6.136867636
12/30/2016,131,6.140479909
12/30/2016,132,6.144092182
12/30/2016,133,6.147704455
12/30/2016,134,6.151316727
12/30/2016,135,6.154929
12/30/2016,136,6.158541273
12/30/2016,137,6.162153545
12/30/2016,138,6.165765818
12/30/2016,139,6.169378091
12/30/2016,140,6.172990364
12/30/2016,141,6.176602636
12/30/2016,142,6.180214909
12/30/2016,143,6.183827182
12/30/2016,144,6.187439455
12/30/2016,145,6.191051727
12/30/2016,146,6.194664
12/30/2016,147,6.198276273
12/30/2016,148,6.201888545
12/30/2016,149,6.205500818
12/30/2016,150,6.209113091
12/30/2016,151,6.212725364
12/30/2016,152,6.216337636
12/30/2016,153,6.219949909
12/30/2016,154,6.223562182
12/30/2016,155,6.227174455
12/30/2016,156,6.230786727
12/30/2016,157,6.234399
12/30/2016,158,6.238011273
12/30/2016,159,6.241623545
12/30/2016,160,6.245235818
12/30/2016,161,6.248848091
12/30/2016,162,6.252460364
12/30/2016,163,6.256072636
12/30/2016,164,6.259684909
12/30/2016,165,6.263297182
12/30/2016,166,6.266909455
12/30/2016,167,6.270521727
12/30/2016,168,6.274134
12/30/2016,169,6.2736455
12/30/2016,170,6.273157
12/30/2016,171,6.2726685
12/30/2016,172,6.27218
12/30/2016,173,6.2716915
12/30/2016,174,6.271203
12/30/2016,175,6.2707145
12/30/2016,176,6.270226
12/30/2016,177,6.2697375
12/30/2016,178,6.269249
12/30/2016,179,6.2687605
12/30/2016,180,6.268272
12/30/2016,181,6.2677835
12/30/2016,182,6.267295
12/30/2016,183,6.268256967
12/30/2016,184,6.269218934
12/30/2016,185,6.270180901
12/30/2016,186,6.271142868
12/30/2016,187,6.272104835
12/30/2016,188,6.273066802
12/30/2016,189,6.274028769
12/30/2016,190,6.274990736
12/30/2016,191,6.275952703
12/30/2016,192,6.27691467
12/30/2016,193,6.277876637
12/30/2016,194,6.278838604
12/30/2016,195,6.279800571
12/30/2016,196,6.280762538
12/30/2016,197,6.281724505
12/30/2016,198,6.282686473
12/30/2016,199,6.28364844
12/30/2016,200,6.284610407
12/30/2016,201,6.285572374
12/30/2016,202,6.286534341
12/30/2016,203,6.287496308
12/30/2016,204,6.288458275
12/30/2016,205,6.289420242
12/30/2016,206,6.290382209
12/30/2016,207,6.291344176
12/30/2016,208,6.292306143
12/30/2016,209,6.29326811
12/30/2016,210,6.294230077
12/30/2016,211,6.295192044
12/30/2016,212,6.296154011
12/30/2016,213,6.297115978
12/30/2016,214,6.298077945
12/30/2016,215,6.299039912
12/30/2016,216,6.300001879
12/30/2016,217,6.300963846
12/30/2016,218,6.301925813
12/30/2016,219,6.30288778
12/30/2016,220,6.303849747
12/30/2016,221,6.304811714
12/30/2016,222,6.305773681
12/30/2016,223,6.306735648
12/30/2016,224,6.307697615
12/30/2016,225,6.308659582
12/30/2016,226,6.309621549
12/30/2016,227,6.310583516
12/30/2016,228,6.311545484
12/30/2016,229,6.312507451
12/30/2016,230,6.313469418
12/30/2016,231,6.314431385
12/30/2016,232,6.315393352
12/30/2016,233,6.316355319
12/30/2016,234,6.317317286
12/30/2016,235,6.318279253
12/30/2016,236,6.31924122
12/30/2016,237,6.320203187
12/30/2016,238,6.321165154
12/30/2016,239,6.322127121
12/30/2016,240,6.323089088
12/30/2016,241,6.324051055
12/30/2016,242,6.325013022
12/30/2016,243,6.325974989
12/30/2016,244,6.326936956
12/30/2016,245,6.327898923
12/30/2016,246,6.32886089
12/30/2016,247,6.329822857
12/30/2016,248,6.330784824
12/30/2016,249,6.331746791
12/30/2016,250,6.332708758
12/30/2016,251,6.333670725
12/30/2016,252,6.334632692
12/30/2016,253,6.335594659
12/30/2016,254,6.336556626
12/30/2016,255,6.337518593
12/30/2016,256,6.33848056
12/30/2016,257,6.339442527
12/30/2016,258,6.340404495
12/30/2016,259,6.341366462
12/30/2016,260,6.342328429
12/30/2016,261,6.343290396
12/30/2016,262,6.344252363
12/30/2016,263,6.34521433
12/30/2016,264,6.346176297
12/30/2016,265,6.347138264
12/30/2016,266,6.348100231
12/30/2016,267,6.349062198
12/30/2016,268,6.350024165
12/30/2016,269,6.350986132
12/30/2016,270,6.351948099
12/30/2016,271,6.352910066
12/30/2016,272,6.353872033
12/30/2016,273,6.354834
12/30/2016,274,6.355795967
12/30/2016,275,6.356757934
12/30/2016,276,6.357719901
12/30/2016,277,6.358681868
12/30/2016,278,6.359643835
12/30/2016,279,6.360605802
12/30/2016,280,6.361567769
12/30/2016,281,6.362529736
12/30/2016,282,6.363491703
12/30/2016,283,6.36445367
12/30/2016,284,6.365415637
12/30/2016,285,6.366377604
12/30/2016,286,6.367339571
12/30/2016,287,6.368301538
12/30/2016,288,6.369263505
12/30/2016,289,6.370225473
12/30/2016,290,6.37118744
12/30/2016,291,6.372149407
12/30/2016,292,6.373111374
12/30/2016,293,6.374073341
12/30/2016,294,6.375035308
12/30/2016,295,6.375997275
12/30/2016,296,6.376959242
12/30/2016,297,6.377921209
12/30/2016,298,6.378883176
12/30/2016,299,6.379845143
12/30/2016,300,6.38080711
12/30/2016,301,6.381769077
12/30/2016,302,6.382731044
12/30/2016,303,6.383693011
12/30/2016,304,6.384654978
12/30/2016,305,6.385616945
12/30/2016,306,6.386578912
12/30/2016,307,6.387540879
12/30/2016,308,6.388502846
12/30/2016,309,6.389464813
12/30/2016,310,6.39042678
12/30/2016,311,6.391388747
12/30/2016,312,6.392350714
12/30/2016,313,6.393312681
12/30/2016,314,6.394274648
12/30/2016,315,6.395236615
12/30/2016,316,6.396198582
12/30/2016,317,6.397160549
12/30/2016,318,6.398122516
12/30/2016,319,6.399084484
12/30/2016,320,6.400046451
12/30/2016,321,6.401008418
12/30/2016,322,6.401970385
12/30/2016,323,6.402932352
12/30/2016,324,6.403894319
12/30/2016,325,6.404856286
12/30/2016,326,6.405818253
12/30/2016,327,6.40678022
12/30/2016,328,6.407742187
12/30/2016,329,6.408704154
12/30/2016,330,6.409666121
12/30/2016,331,6.410628088
12/30/2016,332,6.411590055
12/30/2016,333,6.412552022
12/30/2016,334,6.413513989
12/30/2016,335,6.414475956
12/30/2016,336,6.415437923
12/30/2016,337,6.41639989
12/30/2016,338,6.417361857
12/30/2016,339,6.418323824
12/30/2016,340,6.419285791
12/30/2016,341,6.420247758
12/30/2016,342,6.421209725
12/30/2016,343,6.422171692
12/30/2016,344,6.423133659
12/30/2016,345,6.424095626
12/30/2016,346,6.425057593
12/30/2016,347,6.42601956
12/30/2016,348,6.426981527
12/30/2016,349,6.427943495
12/30/2016,350,6.428905462
12/30/2016,351,6.429867429
12/30/2016,352,6.430829396
12/30/2016,353,6.431791363
12/30/2016,354,6.43275333
12/30/2016,355,6.433715297
12/30/2016,356,6.434677264
12/30/2016,357,6.435639231
12/30/2016,358,6.436601198
12/30/2016,359,6.437563165
12/30/2016,360,6.438525132
12/30/2016,361,6.439487099
12/30/2016,362,6.440449066
12/30/2016,363,6.441411033
12/30/2016,364,6.442373
12/30/2016,365,6.444343615
12/30/2016,366,6.446314231
12/30/2016,367,6.448284846
12/30/2016,368,6.450255462
12/30/2016,369,6.452226077
12/30/2016,370,6.454196692
12/30/2016,371,6.456167308
12/30/2016,372,6.458137923
12/30/2016,373,6.460108538
12/30/2016,374,6.462079154
12/30/2016,375,6.464049769
12/30/2016,376,6.466020385
12/30/2016,377,6.467991
12/30/2016,378,6.469961615
12/30/2016,379,6.471932231
12/30/2016,380,6.473902846
12/30/2016,381,6.475873462
12/30/2016,382,6.477844077
12/30/2016,383,6.479814692
12/30/2016,384,6.481785308
12/30/2016,385,6.483755923
12/30/2016,386,6.485726538
12/30/2016,387,6.487697154
12/30/2016,388,6.489667769
12/30/2016,389,6.491638385
12/30/2016,390,6.493609
12/30/2016,391,6.495579615
12/30/2016,392,6.497550231
12/30/2016,393,6.499520846
12/30/2016,394,6.501491462
12/30/2016,395,6.503462077
12/30/2016,396,6.505432692
12/30/2016,397,6.507403308
12/30/2016,398,6.509373923
12/30/2016,399,6.511344538
12/30/2016,400,6.513315154
12/30/2016,401,6.515285769
12/30/2016,402,6.517256385
12/30/2016,403,6.519227
12/30/2016,404,6.521197615
12/30/2016,405,6.523168231
12/30/2016,406,6.525138846
12/30/2016,407,6.527109462
12/30/2016,408,6.529080077
12/30/2016,409,6.531050692
12/30/2016,410,6.533021308
12/30/2016,411,6.534991923
12/30/2016,412,6.536962538
12/30/2016,413,6.538933154
12/30/2016,414,6.540903769
12/30/2016,415,6.542874385
12/30/2016,416,6.544845
12/30/2016,417,6.546815615
12/30/2016,418,6.548786231
12/30/2016,419,6.550756846
12/30/2016,420,6.552727462
12/30/2016,421,6.554698077
12/30/2016,422,6.556668692
12/30/2016,423,6.558639308
12/30/2016,424,6.560609923
12/30/2016,425,6.562580538
12/30/2016,426,6.564551154
12/30/2016,427,6.566521769
12/30/2016,428,6.568492385
12/30/2016,429,6.570463
12/30/2016,430,6.572433615
12/30/2016,431,6.574404231
12/30/2016,432,6.576374846
12/30/2016,433,6.578345462
12/30/2016,434,6.580316077
12/30/2016,435,6.582286692
12/30/2016,436,6.584257308
12/30/2016,437,6.586227923
12/30/2016,438,6.588198538
12/30/2016,439,6.590169154
12/30/2016,440,6.592139769
12/30/2016,441,6.594110385
12/30/2016,442,6.596081
12/30/2016,443,6.598051615
12/30/2016,444,6.600022231
12/30/2016,445,6.601992846
12/30/2016,446,6.603963462
12/30/2016,447,6.605934077
12/30/2016,448,6.607904692
12/30/2016,449,6.609875308
12/30/2016,450,6.611845923
12/30/2016,451,6.613816538
12/30/2016,452,6.615787154
12/30/2016,453,6.617757769
12/30/2016,454,6.619728385
12/30/2016,455,6.621699
12/30/2016,456,6.623669615
12/30/2016,457,6.625640231
12/30/2016,458,6.627610846
12/30/2016,459,6.629581462
12/30/2016,460,6.631552077
12/30/2016,461,6.633522692
12/30/2016,462,6.635493308
12/30/2016,463,6.637463923
12/30/2016,464,6.639434538
12/30/2016,465,6.641405154
12/30/2016,466,6.643375769
12/30/2016,467,6.645346385
12/30/2016,468,6.647317
12/30/2016,469,6.649287615
12/30/2016,470,6.651258231
12/30/2016,471,6.653228846
12/30/2016,472,6.655199462
12/30/2016,473,6.657170077
12/30/2016,474,6.659140692
12/30/2016,475,6.661111308
12/30/2016,476,6.663081923
12/30/2016,477,6.665052538
12/30/2016,478,6.667023154
12/30/2016,479,6.668993769
12/30/2016,480,6.670964385
12/30/2016,481,6.672935
12/30/2016,482,6.674905615
12/30/2016,483,6.676876231
12/30/2016,484,6.678846846
12/30/2016,485,6.680817462
12/30/2016,486,6.682788077
12/30/2016,487,6.684758692
12/30/2016,488,6.686729308
12/30/2016,489,6.688699923
12/30/2016,490,6.690670538
12/30/2016,491,6.692641154
12/30/2016,492,6.694611769
12/30/2016,493,6.696582385
12/30/2016,494,6.698553
12/30/2016,495,6.700523615
12/30/2016,496,6.702494231
12/30/2016,497,6.704464846
12/30/2016,498,6.706435462
12/30/2016,499,6.708406077
12/30/2016,500,6.710376692
12/30/2016,501,6.712347308
12/30/2016,502,6.714317923
12/30/2016,503,6.716288538
12/30/2016,504,6.718259154
12/30/2016,505,6.720229769
12/30/2016,506,6.722200385
12/30/2016,507,6.724171
12/30/2016,508,6.726141615
12/30/2016,509,6.728112231
12/30/2016,510,6.730082846
12/30/2016,511,6.732053462
12/30/2016,512,6.734024077
12/30/2016,513,6.735994692
12/30/2016,514,6.737965308
12/30/2016,515,6.739935923
12/30/2016,516,6.741906538
12/30/2016,517,6.743877154
12/30/2016,518,6.745847769
12/30/2016,519,6.747818385
12/30/2016,520,6.749789
12/30/2016,521,6.751759615
12/30/2016,522,6.753730231
12/30/2016,523,6.755700846
12/30/2016,524,6.757671462
12/30/2016,525,6.759642077
12/30/2016,526,6.761612692
12/30/2016,527,6.763583308
12/30/2016,528,6.765553923
12/30/2016,529,6.767524538
12/30/2016,530,6.769495154
12/30/2016,531,6.771465769
12/30/2016,532,6.773436385
12/30/2016,533,6.775407
12/30/2016,534,6.777377615
12/30/2016,535,6.779348231
12/30/2016,536,6.781318846
12/30/2016,537,6.783289462
12/30/2016,538,6.785260077
12/30/2016,539,6.787230692
12/30/2016,540,6.789201308
12/30/2016,541,6.791171923
12/30/2016,542,6.793142538
12/30/2016,543,6.795113154
12/30/2016,544,6.797083769
12/30/2016,545,6.799054385
12/30/2016,546,6.801025
12/30/2016,547,6.801315731
12/30/2016,548,6.801606462
12/30/2016,549,6.801897192
12/30/2016,550,6.802187923
12/30/2016,551,6.802478654
12/30/2016,552,6.802769385
12/30/2016,553,6.803060115
12/30/2016,554,6.803350846
12/30/2016,555,6.803641577
12/30/2016,556,6.803932308
12/30/2016,557,6.804223038
12/30/2016,558,6.804513769
12/30/2016,559,6.8048045
12/30/2016,560,6.805095231
12/30/2016,561,6.805385962
12/30/2016,562,6.805676692
12/30/2016,563,6.805967423
12/30/2016,564,6.806258154
12/30/2016,565,6.806548885
12/30/2016,566,6.806839615
12/30/2016,567,6.807130346
12/30/2016,568,6.807421077
12/30/2016,569,6.807711808
12/30/2016,570,6.808002538
12/30/2016,571,6.808293269
12/30/2016,572,6.808584
12/30/2016,573,6.808874731
12/30/2016,574,6.809165462
12/30/2016,575,6.809456192
12/30/2016,576,6.809746923
12/30/2016,577,6.810037654
12/30/2016,578,6.810328385
12/30/2016,579,6.810619115
12/30/2016,580,6.810909846
12/30/2016,581,6.811200577
12/30/2016,582,6.811491308
12/30/2016,583,6.811782038
12/30/2016,584,6.812072769
12/30/2016,585,6.8123635
12/30/2016,586,6.812654231
12/30/2016,587,6.812944962
12/30/2016,588,6.813235692
12/30/2016,589,6.813526423
12/30/2016,590,6.813817154
12/30/2016,591,6.814107885
12/30/2016,592,6.814398615
12/30/2016,593,6.814689346
12/30/2016,594,6.814980077
12/30/2016,595,6.815270808
12/30/2016,596,6.815561538
12/30/2016,597,6.815852269
12/30/2016,598,6.816143
12/30/2016,599,6.816433731
12/30/2016,600,6.816724462
12/30/2016,601,6.817015192
12/30/2016,602,6.817305923
12/30/2016,603,6.817596654
12/30/2016,604,6.817887385
12/30/2016,605,6.818178115
12/30/2016,606,6.818468846
12/30/2016,607,6.818759577
12/30/2016,608,6.819050308
12/30/2016,609,6.819341038
12/30/2016,610,6.819631769
12/30/2016,611,6.8199225
12/30/2016,612,6.820213231
12/30/2016,613,6.820503962
12/30/2016,614,6.820794692
12/30/2016,615,6.821085423
12/30/2016,616,6.821376154
12/30/2016,617,6.821666885
12/30/2016,618,6.821957615
12/30/2016,619,6.822248346
12/30/2016,620,6.822539077
12/30/2016,621,6.822829808
12/30/2016,622,6.823120538
12/30/2016,623,6.823411269
12/30/2016,624,6.823702
12/30/2016,625,6.823992731
12/30/2016,626,6.824283462
12/30/2016,627,6.824574192
12/30/2016,628,6.824864923
12/30/2016,629,6.825155654
12/30/2016,630,6.825446385
12/30/2016,631,6.825737115
12/30/2016,632,6.826027846
12/30/2016,633,6.826318577
12/30/2016,634,6.826609308
12/30/2016,635,6.826900038
12/30/2016,636,6.827190769
12/30/2016,637,6.8274815
12/30/2016,638,6.827772231
12/30/2016,639,6.828062962
12/30/2016,640,6.828353692
12/30/2016,641,6.828644423
12/30/2016,642,6.828935154
12/30/2016,643,6.829225885
12/30/2016,644,6.829516615
12/30/2016,645,6.829807346
12/30/2016,646,6.830098077
12/30/2016,647,6.830388808
12/30/2016,648,6.830679538
12/30/2016,649,6.830970269
12/30/2016,650,6.831261
12/30/2016,651,6.831551731
12/30/2016,652,6.831842462
12/30/2016,653,6.832133192
12/30/2016,654,6.832423923
12/30/2016,655,6.832714654
12/30/2016,656,6.833005385
12/30/2016,657,6.833296115
12/30/2016,658,6.833586846
12/30/2016,659,6.833877577
12/30/2016,660,6.834168308
12/30/2016,661,6.834459038
12/30/2016,662,6.834749769
12/30/2016,663,6.8350405
12/30/2016,664,6.835331231
12/30/2016,665,6.835621962
12/30/2016,666,6.835912692
12/30/2016,667,6.836203423
12/30/2016,668,6.836494154
12/30/2016,669,6.836784885
12/30/2016,670,6.837075615
12/30/2016,671,6.837366346
12/30/2016,672,6.837657077
12/30/2016,673,6.837947808
12/30/2016,674,6.838238538
12/30/2016,675,6.838529269
12/30/2016,676,6.83882
12/30/2016,677,6.839110731
12/30/2016,678,6.839401462
12/30/2016,679,6.839692192
12/30/2016,680,6.839982923
12/30/2016,681,6.840273654
12/30/2016,682,6.840564385
12/30/2016,683,6.840855115
12/30/2016,684,6.841145846
12/30/2016,685,6.841436577
12/30/2016,686,6.841727308
12/30/2016,687,6.842018038
12/30/2016,688,6.842308769
12/30/2016,689,6.8425995
12/30/2016,690,6.842890231
12/30/2016,691,6.843180962
12/30/2016,692,6.843471692
12/30/2016,693,6.843762423
12/30/2016,694,6.844053154
12/30/2016,695,6.844343885
12/30/2016,696,6.844634615
12/30/2016,697,6.844925346
12/30/2016,698,6.845216077
12/30/2016,699,6.845506808
12/30/2016,700,6.845797538
12/30/2016,701,6.846088269
12/30/2016,702,6.846379
12/30/2016,703,6.846669731
12/30/2016,704,6.846960462
12/30/2016,705,6.847251192
12/30/2016,706,6.847541923
12/30/2016,707,6.847832654
12/30/2016,708,6.848123385
12/30/2016,709,6.848414115
12/30/2016,710,6.848704846
12/30/2016,711,6.848995577
12/30/2016,712,6.849286308
12/30/2016,713,6.849577038
12/30/2016,714,6.849867769
12/30/2016,715,6.8501585
12/30/2016,716,6.850449231
12/30/2016,717,6.850739962
12/30/2016,718,6.851030692
12/30/2016,719,6.851321423
12/30/2016,720,6.851612154
12/30/2016,721,6.851902885
12/30/2016,722,6.852193615
12/30/2016,723,6.852484346
12/30/2016,724,6.852775077
12/30/2016,725,6.853065808
12/30/2016,726,6.853356538
12/30/2016,727,6.853647269
12/30/2016,728,6.853938
12/30/2016,729,6.854239357
12/30/2016,730,6.854540714
12/30/2016,731,6.854842071
12/30/2016,732,6.855143429
12/30/2016,733,6.855444786
12/30/2016,734,6.855746143
12/30/2016,735,6.8560475
12/30/2016,736,6.856348857
12/30/2016,737,6.856650214
12/30/2016,738,6.856951571
12/30/2016,739,6.857252929
12/30/2016,740,6.857554286
12/30/2016,741,6.857855643
12/30/2016,742,6.858157
12/30/2016,743,6.858458357
12/30/2016,744,6.858759714
12/30/2016,745,6.859061071
12/30/2016,746,6.859362429
12/30/2016,747,6.859663786
12/30/2016,748,6.859965143
12/30/2016,749,6.8602665
12/30/2016,750,6.860567857
12/30/2016,751,6.860869214
12/30/2016,752,6.861170571
12/30/2016,753,6.861471929
12/30/2016,754,6.861773286
12/30/2016,755,6.862074643
12/30/2016,756,6.862376
12/30/2016,757,6.862677357
12/30/2016,758,6.862978714
12/30/2016,759,6.863280071
12/30/2016,760,6.863581429
12/30/2016,761,6.863882786
12/30/2016,762,6.864184143
12/30/2016,763,6.8644855
12/30/2016,764,6.864786857
12/30/2016,765,6.865088214
12/30/2016,766,6.865389571
12/30/2016,767,6.865690929
12/30/2016,768,6.865992286
12/30/2016,769,6.866293643
12/30/2016,770,6.866595
12/30/2016,771,6.866896357
12/30/2016,772,6.867197714
12/30/2016,773,6.867499071
12/30/2016,774,6.867800429
12/30/2016,775,6.868101786
12/30/2016,776,6.868403143
12/30/2016,777,6.8687045
12/30/2016,778,6.869005857
12/30/2016,779,6.869307214
12/30/2016,780,6.869608571
12/30/2016,781,6.869909929
12/30/2016,782,6.870211286
12/30/2016,783,6.870512643
12/30/2016,784,6.870814
12/30/2016,785,6.871115357
12/30/2016,786,6.871416714
12/30/2016,787,6.871718071
12/30/2016,788,6.872019429
12/30/2016,789,6.872320786
12/30/2016,790,6.872622143
12/30/2016,791,6.8729235
12/30/2016,792,6.873224857
12/30/2016,793,6.873526214
12/30/2016,794,6.873827571
12/30/2016,795,6.874128929
12/30/2016,796,6.874430286
12/30/2016,797,6.874731643
12/30/2016,798,6.875033
12/30/2016,799,6.875334357
12/30/2016,800,6.875635714
12/30/2016,801,6.875937071
12/30/2016,802,6.876238429
12/30/2016,803,6.876539786
12/30/2016,804,6.876841143
12/30/2016,805,6.8771425
12/30/2016,806,6.877443857
12/30/2016,807,6.877745214
12/30/2016,808,6.878046571
12/30/2016,809,6.878347929
12/30/2016,810,6.878649286
12/30/2016,811,6.878950643
12/30/2016,812,6.879252
12/30/2016,813,6.879553357
12/30/2016,814,6.879854714
12/30/2016,815,6.880156071
12/30/2016,816,6.880457429
12/30/2016,817,6.880758786
12/30/2016,818,6.881060143
12/30/2016,819,6.8813615
12/30/2016,820,6.881662857
12/30/2016,821,6.881964214
12/30/2016,822,6.882265571
12/30/2016,823,6.882566929
12/30/2016,824,6.882868286
12/30/2016,825,6.883169643
12/30/2016,826,6.883471
12/30/2016,827,6.883772357
12/30/2016,828,6.884073714
12/30/2016,829,6.884375071
12/30/2016,830,6.884676429
12/30/2016,831,6.884977786
12/30/2016,832,6.885279143
12/30/2016,833,6.8855805
12/30/2016,834,6.885881857
12/30/2016,835,6.886183214
12/30/2016,836,6.886484571
12/30/2016,837,6.886785929
12/30/2016,838,6.887087286
12/30/2016,839,6.887388643
12/30/2016,840,6.88769
12/30/2016,841,6.887991357
12/30/2016,842,6.888292714
12/30/2016,843,6.888594071
12/30/2016,844,6.888895429
12/30/2016,845,6.889196786
12/30/2016,846,6.889498143
12/30/2016,847,6.8897995
12/30/2016,848,6.890100857
12/30/2016,849,6.890402214
12/30/2016,850,6.890703571
12/30/2016,851,6.891004929
12/30/2016,852,6.891306286
12/30/2016,853,6.891607643
12/30/2016,854,6.891909
12/30/2016,855,6.892210357
12/30/2016,856,6.892511714
12/30/2016,857,6.892813071
12/30/2016,858,6.893114429
12/30/2016,859,6.893415786
12/30/2016,860,6.893717143
12/30/2016,861,6.8940185
12/30/2016,862,6.894319857
12/30/2016,863,6.894621214
12/30/2016,864,6.894922571
12/30/2016,865,6.895223929
12/30/2016,866,6.895525286
12/30/2016,867,6.895826643
12/30/2016,868,6.896128
12/30/2016,869,6.896429357
12/30/2016,870,6.896730714
12/30/2016,871,6.897032071
12/30/2016,872,6.897333429
12/30/2016,873,6.897634786
12/30/2016,874,6.897936143
12/30/2016,875,6.8982375
12/30/2016,876,6.898538857
12/30/2016,877,6.898840214
12/30/2016,878,6.899141571
12/30/2016,879,6.899442929
12/30/2016,880,6.899744286
12/30/2016,881,6.900045643
12/30/2016,882,6.900347
12/30/2016,883,6.900648357
12/30/2016,884,6.900949714
12/30/2016,885,6.901251071
12/30/2016,886,6.901552429
12/30/2016,887,6.901853786
12/30/2016,888,6.902155143
12/30/2016,889,6.9024565
12/30/2016,890,6.902757857
12/30/2016,891,6.903059214
12/30/2016,892,6.903360571
12/30/2016,893,6.903661929
12/30/2016,894,6.903963286
12/30/2016,895,6.904264643
12/30/2016,896,6.904566
12/30/2016,897,6.904867357
12/30/2016,898,6.905168714
12/30/2016,899,6.905470071
12/30/2016,900,6.905771429
12/30/2016,901,6.906072786
12/30/2016,902,6.906374143
12/30/2016,903,6.9066755
12/30/2016,904,6.906976857
12/30/2016,905,6.907278214
12/30/2016,906,6.907579571
12/30/2016,907,6.907880929
12/30/2016,908,6.908182286
12/30/2016,909,6.908483643
12/30/2016,910,6.908785
12/30/2016,911,6.909078747
12/30/2016,912,6.909372495
12/30/2016,913,6.909666242
12/30/2016,914,6.909959989
12/30/2016,915,6.910253736
12/30/2016,916,6.910547484
12/30/2016,917,6.910841231
12/30/2016,918,6.911134978
12/30/2016,919,6.911428725
12/30/2016,920,6.911722473
12/30/2016,921,6.91201622
12/30/2016,922,6.912309967
12/30/2016,923,6.912603714
12/30/2016,924,6.912897462
12/30/2016,925,6.913191209
12/30/2016,926,6.913484956
12/30/2016,927,6.913778703
12/30/2016,928,6.914072451
12/30/2016,929,6.914366198
12/30/2016,930,6.914659945
12/30/2016,931,6.914953692
12/30/2016,932,6.91524744
12/30/2016,933,6.915541187
12/30/2016,934,6.915834934
12/30/2016,935,6.916128681
12/30/2016,936,6.916422429
12/30/2016,937,6.916716176
12/30/2016,938,6.917009923
12/30/2016,939,6.91730367
12/30/2016,940,6.917597418
12/30/2016,941,6.917891165
12/30/2016,942,6.918184912
12/30/2016,943,6.918478659
12/30/2016,944,6.918772407
12/30/2016,945,6.919066154
12/30/2016,946,6.919359901
12/30/2016,947,6.919653648
12/30/2016,948,6.919947396
12/30/2016,949,6.920241143
12/30/2016,950,6.92053489
12/30/2016,951,6.920828637
12/30/2016,952,6.921122385
12/30/2016,953,6.921416132
12/30/2016,954,6.921709879
12/30/2016,955,6.922003626
12/30/2016,956,6.922297374
12/30/2016,957,6.922591121
12/30/2016,958,6.922884868
12/30/2016,959,6.923178615
12/30/2016,960,6.923472363
12/30/2016,961,6.92376611
12/30/2016,962,6.924059857
12/30/2016,963,6.924353604
12/30/2016,964,6.924647352
12/30/2016,965,6.924941099
12/30/2016,966,6.925234846
12/30/2016,967,6.925528593
12/30/2016,968,6.925822341
12/30/2016,969,6.926116088
12/30/2016,970,6.926409835
12/30/2016,971,6.926703582
12/30/2016,972,6.92699733
12/30/2016,973,6.927291077
12/30/2016,974,6.927584824
12/30/2016,975,6.927878571
12/30/2016,976,6.928172319
12/30/2016,977,6.928466066
12/30/2016,978,6.928759813
12/30/2016,979,6.92905356
12/30/2016,980,6.929347308
12/30/2016,981,6.929641055
12/30/2016,982,6.929934802
12/30/2016,983,6.930228549
12/30/2016,984,6.930522297
12/30/2016,985,6.930816044
12/30/2016,986,6.931109791
12/30/2016,987,6.931403538
12/30/2016,988,6.931697286
12/30/2016,989,6.931991033
12/30/2016,990,6.93228478
12/30/2016,991,6.932578527
12/30/2016,992,6.932872275
12/30/2016,993,6.933166022
12/30/2016,994,6.933459769
12/30/2016,995,6.933753516
12/30/2016,996,6.934047264
12/30/2016,997,6.934341011
12/30/2016,998,6.934634758
12/30/2016,999,6.934928505
12/30/2016,1000,6.935222253
12/30/2016,1001,6.935516
12/30/2016,1002,6.935809747
12/30/2016,1003,6.936103495
12/30/2016,1004,6.936397242
12/30/2016,1005,6.936690989
12/30/2016,1006,6.936984736
12/30/2016,1007,6.937278484
12/30/2016,1008,6.937572231
12/30/2016,1009,6.937865978
12/30/2016,1010,6.938159725
12/30/2016,1011,6.938453473
12/30/2016,1012,6.93874722
12/30/2016,1013,6.939040967
12/30/2016,1014,6.939334714
12/30/2016,1015,6.939628462
12/30/2016,1016,6.939922209
12/30/2016,1017,6.940215956
12/30/2016,1018,6.940509703
12/30/2016,1019,6.940803451
12/30/2016,1020,6.941097198
12/30/2016,1021,6.941390945
12/30/2016,1022,6.941684692
12/30/2016,1023,6.94197844
12/30/2016,1024,6.942272187
12/30/2016,1025,6.942565934
12/30/2016,1026,6.942859681
12/30/2016,1027,6.943153429
12/30/2016,1028,6.943447176
12/30/2016,1029,6.943740923
12/30/2016,1030,6.94403467
12/30/2016,1031,6.944328418
12/30/2016,1032,6.944622165
12/30/2016,1033,6.944915912
12/30/2016,1034,6.945209659
12/30/2016,1035,6.945503407
12/30/2016,1036,6.945797154
12/30/2016,1037,6.946090901
12/30/2016,1038,6.946384648
12/30/2016,1039,6.946678396
12/30/2016,1040,6.946972143
12/30/2016,1041,6.94726589
12/30/2016,1042,6.947559637
12/30/2016,1043,6.947853385
12/30/2016,1044,6.948147132
12/30/2016,1045,6.948440879
12/30/2016,1046,6.948734626
12/30/2016,1047,6.949028374
12/30/2016,1048,6.949322121
12/30/2016,1049,6.949615868
12/30/2016,1050,6.949909615
12/30/2016,1051,6.950203363
12/30/2016,1052,6.95049711
12/30/2016,1053,6.950790857
12/30/2016,1054,6.951084604
12/30/2016,1055,6.951378352
12/30/2016,1056,6.951672099
12/30/2016,1057,6.951965846
12/30/2016,1058,6.952259593
12/30/2016,1059,6.952553341
12/30/2016,1060,6.952847088
12/30/2016,1061,6.953140835
12/30/2016,1062,6.953434582
12/30/2016,1063,6.95372833
12/30/2016,1064,6.954022077
12/30/2016,1065,6.954315824
12/30/2016,1066,6.954609571
12/30/2016,1067,6.954903319
12/30/2016,1068,6.955197066
12/30/2016,1069,6.955490813
12/30/2016,1070,6.95578456
12/30/2016,1071,6.956078308
12/30/2016,1072,6.956372055
12/30/2016,1073,6.956665802
12/30/2016,1074,6.956959549
12/30/2016,1075,6.957253297
12/30/2016,1076,6.957547044
12/30/2016,1077,6.957840791
12/30/2016,1078,6.958134538
12/30/2016,1079,6.958428286
12/30/2016,1080,6.958722033
12/30/2016,1081,6.95901578
12/30/2016,1082,6.959309527
12/30/2016,1083,6.959603275
12/30/2016,1084,6.959897022
12/30/2016,1085,6.960190769
12/30/2016,1086,6.960484516
12/30/2016,1087,6.960778264
12/30/2016,1088,6.961072011
12/30/2016,1089,6.961365758
12/30/2016,1090,6.961659505
12/30/2016,1091,6.961953253
12/30/2016,1092,6.962247
12/30/2016,1093,6.962796352
12/30/2016,1094,6.963345703
12/30/2016,1095,6.963895055
12/30/2016,1096,6.964444407
12/30/2016,1097,6.964993758
12/30/2016,1098,6.96554311
12/30/2016,1099,6.966092462
12/30/2016,1100,6.966641813
12/30/2016,1101,6.967191165
12/30/2016,1102,6.967740516
12/30/2016,1103,6.968289868
12/30/2016,1104,6.96883922
12/30/2016,1105,6.969388571
12/30/2016,1106,6.969937923
12/30/2016,1107,6.970487275
12/30/2016,1108,6.971036626
12/30/2016,1109,6.971585978
12/30/2016,1110,6.97213533
12/30/2016,1111,6.972684681
12/30/2016,1112,6.973234033
12/30/2016,1113,6.973783385
12/30/2016,1114,6.974332736
12/30/2016,1115,6.974882088
12/30/2016,1116,6.97543144
12/30/2016,1117,6.975980791
12/30/2016,1118,6.976530143
12/30/2016,1119,6.977079495
12/30/2016,1120,6.977628846
12/30/2016,1121,6.978178198
12/30/2016,1122,6.978727549
12/30/2016,1123,6.979276901
12/30/2016,1124,6.979826253
12/30/2016,1125,6.980375604
12/30/2016,1126,6.980924956
12/30/2016,1127,6.981474308
12/30/2016,1128,6.982023659
12/30/2016,1129,6.982573011
12/30/2016,1130,6.983122363
12/30/2016,1131,6.983671714
12/30/2016,1132,6.984221066
12/30/2016,1133,6.984770418
12/30/2016,1134,6.985319769
12/30/2016,1135,6.985869121
12/30/2016,1136,6.986418473
12/30/2016,1137,6.986967824
12/30/2016,1138,6.987517176
12/30/2016,1139,6.988066527
12/30/2016,1140,6.988615879
12/30/2016,1141,6.989165231
12/30/2016,1142,6.989714582
12/30/2016,1143,6.990263934
12/30/2016,1144,6.990813286
12/30/2016,1145,6.991362637
12/30/2016,1146,6.991911989
12/30/2016,1147,6.992461341
12/30/2016,1148,6.993010692
12/30/2016,1149,6.993560044
12/30/2016,1150,6.994109396
12/30/2016,1151,6.994658747
12/30/2016,1152,6.995208099
12/30/2016,1153,6.995757451
12/30/2016,1154,6.996306802
12/30/2016,1155,6.996856154
12/30/2016,1156,6.997405505
12/30/2016,1157,6.997954857
12/30/2016,1158,6.998504209
12/30/2016,1159,6.99905356
12/30/2016,1160,6.999602912
12/30/2016,1161,7.000152264
12/30/2016,1162,7.000701615
12/30/2016,1163,7.001250967
12/30/2016,1164,7.001800319
12/30/2016,1165,7.00234967
12/30/2016,1166,7.002899022
12/30/2016,1167,7.003448374
12/30/2016,1168,7.003997725
12/30/2016,1169,7.004547077
12/30/2016,1170,7.005096429
12/30/2016,1171,7.00564578
12/30/2016,1172,7.006195132
12/30/2016,1173,7.006744484
12/30/2016,1174,7.007293835
12/30/2016,1175,7.007843187
12/30/2016,1176,7.008392538
12/30/2016,1177,7.00894189
12/30/2016,1178,7.009491242
12/30/2016,1179,7.010040593
12/30/2016,1180,7.010589945
12/30/2016,1181,7.011139297
12/30/2016,1182,7.011688648
12/30/2016,1183,7.012238
12/30/2016,1184,7.012787352
12/30/2016,1185,7.013336703
12/30/2016,1186,7.013886055
12/30/2016,1187,7.014435407
12/30/2016,1188,7.014984758
12/30/2016,1189,7.01553411
12/30/2016,1190,7.016083462
12/30/2016,1191,7.016632813
12/30/2016,1192,7.017182165
12/30/2016,1193,7.017731516
12/30/2016,1194,7.018280868
12/30/2016,1195,7.01883022
12/30/2016,1196,7.019379571
12/30/2016,1197,7.019928923
12/30/2016,1198,7.020478275
12/30/2016,1199,7.021027626
12/30/2016,1200,7.021576978
12/30/2016,1201,7.02212633
12/30/2016,1202,7.022675681
12/30/2016,1203,7.023225033
12/30/2016,1204,7.023774385
12/30/2016,1205,7.024323736
12/30/2016,1206,7.024873088
12/30/2016,1207,7.02542244
12/30/2016,1208,7.025971791
12/30/2016,1209,7.026521143
12/30/2016,1210,7.027070495
12/30/2016,1211,7.027619846
12/30/2016,1212,7.028169198
12/30/2016,1213,7.028718549
12/30/2016,1214,7.029267901
12/30/2016,1215,7.029817253
12/30/2016,1216,7.030366604
12/30/2016,1217,7.030915956
12/30/2016,1218,7.031465308
12/30/2016,1219,7.032014659
12/30/2016,1220,7.032564011
12/30/2016,1221,7.033113363
12/30/2016,1222,7.033662714
12/30/2016,1223,7.034212066
12/30/2016,1224,7.034761418
12/30/2016,1225,7.035310769
12/30/2016,1226,7.035860121
12/30/2016,1227,7.036409473
12/30/2016,1228,7.036958824
12/30/2016,1229,7.037508176
12/30/2016,1230,7.038057527
12/30/2016,1231,7.038606879
12/30/2016,1232,7.039156231
12/30/2016,1233,7.039705582
12/30/2016,1234,7.040254934
12/30/2016,1235,7.040804286
12/30/2016,1236,7.041353637
12/30/2016,1237,7.041902989
12/30/2016,1238,7.042452341
12/30/2016,1239,7.043001692
12/30/2016,1240,7.043551044
12/30/2016,1241,7.044100396
12/30/2016,1242,7.044649747
12/30/2016,1243,7.045199099
12/30/2016,1244,7.045748451
12/30/2016,1245,7.046297802
12/30/2016,1246,7.046847154
12/30/2016,1247,7.047396505
12/30/2016,1248,7.047945857
12/30/2016,1249,7.048495209
12/30/2016,1250,7.04904456
12/30/2016,1251,7.049593912
12/30/2016,1252,7.050143264
12/30/2016,1253,7.050692615
12/30/2016,1254,7.051241967
12/30/2016,1255,7.051791319
12/30/2016,1256,7.05234067
12/30/2016,1257,7.052890022
12/30/2016,1258,7.053439374
12/30/2016,1259,7.053988725
12/30/2016,1260,7.054538077
12/30/2016,1261,7.055087429
12/30/2016,1262,7.05563678
12/30/2016,1263,7.056186132
12/30/2016,1264,7.056735484
12/30/2016,1265,7.057284835
12/30/2016,1266,7.057834187
12/30/2016,1267,7.058383538
12/30/2016,1268,7.05893289
12/30/2016,1269,7.059482242
12/30/2016,1270,7.060031593
12/30/2016,1271,7.060580945
12/30/2016,1272,7.061130297
12/30/2016,1273,7.061679648
12/30/2016,1274,7.062229
12/30/2016,1275,7.062538962
12/30/2016,1276,7.062848923
12/30/2016,1277,7.063158885
12/30/2016,1278,7.063468846
12/30/2016,1279,7.063778808
12/30/2016,1280,7.064088769
12/30/2016,1281,7.064398731
12/30/2016,1282,7.064708692
12/30/2016,1283,7.065018654
12/30/2016,1284,7.065328615
12/30/2016,1285,7.065638577
12/30/2016,1286,7.065948538
12/30/2016,1287,7.0662585
12/30/2016,1288,7.066568462
12/30/2016,1289,7.066878423
12/30/2016,1290,7.067188385
12/30/2016,1291,7.067498346
12/30/2016,1292,7.067808308
12/30/2016,1293,7.068118269
12/30/2016,1294,7.068428231
12/30/2016,1295,7.068738192
12/30/2016,1296,7.069048154
12/30/2016,1297,7.069358115
12/30/2016,1298,7.069668077
12/30/2016,1299,7.069978038
12/30/2016,1300,7.070288
12/30/2016,1301,7.070597962
12/30/2016,1302,7.070907923
12/30/2016,1303,7.071217885
12/30/2016,1304,7.071527846
12/30/2016,1305,7.071837808
12/30/2016,1306,7.072147769
12/30/2016,1307,7.072457731
12/30/2016,1308,7.072767692
12/30/2016,1309,7.073077654
12/30/2016,1310,7.073387615
12/30/2016,1311,7.073697577
12/30/2016,1312,7.074007538
12/30/2016,1313,7.0743175
12/30/2016,1314,7.074627462
12/30/2016,1315,7.074937423
12/30/2016,1316,7.075247385
12/30/2016,1317,7.075557346
12/30/2016,1318,7.075867308
12/30/2016,1319,7.076177269
12/30/2016,1320,7.076487231
12/30/2016,1321,7.076797192
12/30/2016,1322,7.077107154
12/30/2016,1323,7.077417115
12/30/2016,1324,7.077727077
12/30/2016,1325,7.078037038
12/30/2016,1326,7.078347
12/30/2016,1327,7.078656962
12/30/2016,1328,7.078966923
12/30/2016,1329,7.079276885
12/30/2016,1330,7.079586846
12/30/2016,1331,7.079896808
12/30/2016,1332,7.080206769
12/30/2016,1333,7.080516731
12/30/2016,1334,7.080826692
12/30/2016,1335,7.081136654
12/30/2016,1336,7.081446615
12/30/2016,1337,7.081756577
12/30/2016,1338,7.082066538
12/30/2016,1339,7.0823765
12/30/2016,1340,7.082686462
12/30/2016,1341,7.082996423
12/30/2016,1342,7.083306385
12/30/2016,1343,7.083616346
12/30/2016,1344,7.083926308
12/30/2016,1345,7.084236269
12/30/2016,1346,7.084546231
12/30/2016,1347,7.084856192
12/30/2016,1348,7.085166154
12/30/2016,1349,7.085476115
12/30/2016,1350,7.085786077
12/30/2016,1351,7.086096038
12/30/2016,1352,7.086406
12/30/2016,1353,7.086715962
12/30/2016,1354,7.087025923
12/30/2016,1355,7.087335885
12/30/2016,1356,7.087645846
12/30/2016,1357,7.087955808
12/30/2016,1358,7.088265769
12/30/2016,1359,7.088575731
12/30/2016,1360,7.088885692
12/30/2016,1361,7.089195654
12/30/2016,1362,7.089505615
12/30/2016,1363,7.089815577
12/30/2016,1364,7.090125538
12/30/2016,1365,7.0904355
12/30/2016,1366,7.090745462
12/30/2016,1367,7.091055423
12/30/2016,1368,7.091365385
12/30/2016,1369,7.091675346
12/30/2016,1370,7.091985308
12/30/2016,1371,7.092295269
12/30/2016,1372,7.092605231
12/30/2016,1373,7.092915192
12/30/2016,1374,7.093225154
12/30/2016,1375,7.093535115
12/30/2016,1376,7.093845077
12/30/2016,1377,7.094155038
12/30/2016,1378,7.094465
12/30/2016,1379,7.094774962
12/30/2016,1380,7.095084923
12/30/2016,1381,7.095394885
12/30/2016,1382,7.095704846
12/30/2016,1383,7.096014808
12/30/2016,1384,7.096324769
12/30/2016,1385,7.096634731
12/30/2016,1386,7.096944692
12/30/2016,1387,7.097254654
12/30/2016,1388,7.097564615
12/30/2016,1389,7.097874577
12/30/2016,1390,7.098184538
12/30/2016,1391,7.0984945
12/30/2016,1392,7.098804462
12/30/2016,1393,7.099114423
12/30/2016,1394,7.099424385
12/30/2016,1395,7.099734346
12/30/2016,1396,7.100044308
12/30/2016,1397,7.100354269
12/30/2016,1398,7.100664231
12/30/2016,1399,7.100974192
12/30/2016,1400,7.101284154
12/30/2016,1401,7.101594115
12/30/2016,1402,7.101904077
12/30/2016,1403,7.102214038
12/30/2016,1404,7.102524
12/30/2016,1405,7.102833962
12/30/2016,1406,7.103143923
12/30/2016,1407,7.103453885
12/30/2016,1408,7.103763846
12/30/2016,1409,7.104073808
12/30/2016,1410,7.104383769
12/30/2016,1411,7.104693731
12/30/2016,1412,7.105003692
12/30/2016,1413,7.105313654
12/30/2016,1414,7.105623615
12/30/2016,1415,7.105933577
12/30/2016,1416,7.106243538
12/30/2016,1417,7.1065535
12/30/2016,1418,7.106863462
12/30/2016,1419,7.107173423
12/30/2016,1420,7.107483385
12/30/2016,1421,7.107793346
12/30/2016,1422,7.108103308
12/30/2016,1423,7.108413269
12/30/2016,1424,7.108723231
12/30/2016,1425,7.109033192
12/30/2016,1426,7.109343154
12/30/2016,1427,7.109653115
12/30/2016,1428,7.109963077
12/30/2016,1429,7.110273038
12/30/2016,1430,7.110583
12/30/2016,1431,7.110892962
12/30/2016,1432,7.111202923
12/30/2016,1433,7.111512885
12/30/2016,1434,7.111822846
12/30/2016,1435,7.112132808
12/30/2016,1436,7.112442769
12/30/2016,1437,7.112752731
12/30/2016,1438,7.113062692
12/30/2016,1439,7.113372654
12/30/2016,1440,7.113682615
12/30/2016,1441,7.113992577
12/30/2016,1442,7.114302538
12/30/2016,1443,7.1146125
12/30/2016,1444,7.114922462
12/30/2016,1445,7.115232423
12/30/2016,1446,7.115542385
12/30/2016,1447,7.115852346
12/30/2016,1448,7.116162308
12/30/2016,1449,7.116472269
12/30/2016,1450,7.116782231
12/30/2016,1451,7.117092192
12/30/2016,1452,7.117402154
12/30/2016,1453,7.117712115
12/30/2016,1454,7.118022077
12/30/2016,1455,7.118332038
12/30/2016,1456,7.118642
12/30/2016,1457,7.118916291
12/30/2016,1458,7.119190582
12/30/2016,1459,7.119464874
12/30/2016,1460,7.119739165
12/30/2016,1461,7.120013456
12/30/2016,1462,7.120287747
12/30/2016,1463,7.120562038
12/30/2016,1464,7.12083633
12/30/2016,1465,7.121110621
12/30/2016,1466,7.121384912
12/30/2016,1467,7.121659203
12/30/2016,1468,7.121933495
12/30/2016,1469,7.122207786
12/30/2016,1470,7.122482077
12/30/2016,1471,7.122756368
12/30/2016,1472,7.123030659
12/30/2016,1473,7.123304951
12/30/2016,1474,7.123579242
12/30/2016,1475,7.123853533
12/30/2016,1476,7.124127824
12/30/2016,1477,7.124402115
12/30/2016,1478,7.124676407
12/30/2016,1479,7.124950698
12/30/2016,1480,7.125224989
12/30/2016,1481,7.12549928
12/30/2016,1482,7.125773571
12/30/2016,1483,7.126047863
12/30/2016,1484,7.126322154
12/30/2016,1485,7.126596445
12/30/2016,1486,7.126870736
12/30/2016,1487,7.127145027
12/30/2016,1488,7.127419319
12/30/2016,1489,7.12769361
12/30/2016,1490,7.127967901
12/30/2016,1491,7.128242192
12/30/2016,1492,7.128516484
12/30/2016,1493,7.128790775
12/30/2016,1494,7.129065066
12/30/2016,1495,7.129339357
12/30/2016,1496,7.129613648
12/30/2016,1497,7.12988794
12/30/2016,1498,7.130162231
12/30/2016,1499,7.130436522
12/30/2016,1500,7.130710813
12/30/2016,1501,7.130985104
12/30/2016,1502,7.131259396
12/30/2016,1503,7.131533687
12/30/2016,1504,7.131807978
12/30/2016,1505,7.132082269
12/30/2016,1506,7.13235656
12/30/2016,1507,7.132630852
12/30/2016,1508,7.132905143
12/30/2016,1509,7.133179434
12/30/2016,1510,7.133453725
12/30/2016,1511,7.133728016
12/30/2016,1512,7.134002308
12/30/2016,1513,7.134276599
12/30/2016,1514,7.13455089
12/30/2016,1515,7.134825181
12/30/2016,1516,7.135099473
12/30/2016,1517,7.135373764
12/30/2016,1518,7.135648055
12/30/2016,1519,7.135922346
12/30/2016,1520,7.136196637
12/30/2016,1521,7.136470929
12/30/2016,1522,7.13674522
12/30/2016,1523,7.137019511
12/30/2016,1524,7.137293802
12/30/2016,1525,7.137568093
12/30/2016,1526,7.137842385
12/30/2016,1527,7.138116676
12/30/2016,1528,7.138390967
12/30/2016,1529,7.138665258
12/30/2016,1530,7.138939549
12/30/2016,1531,7.139213841
12/30/2016,1532,7.139488132
12/30/2016,1533,7.139762423
12/30/2016,1534,7.140036714
12/30/2016,1535,7.140311005
12/30/2016,1536,7.140585297
12/30/2016,1537,7.140859588
12/30/2016,1538,7.141133879
12/30/2016,1539,7.14140817
12/30/2016,1540,7.141682462
12/30/2016,1541,7.141956753
12/30/2016,1542,7.142231044
12/30/2016,1543,7.142505335
12/30/2016,1544,7.142779626
12/30/2016,1545,7.143053918
12/30/2016,1546,7.143328209
12/30/2016,1547,7.1436025
12/30/2016,1548,7.143876791
12/30/2016,1549,7.144151082
12/30/2016,1550,7.144425374
12/30/2016,1551,7.144699665
12/30/2016,1552,7.144973956
12/30/2016,1553,7.145248247
12/30/2016,1554,7.145522538
12/30/2016,1555,7.14579683
12/30/2016,1556,7.146071121
12/30/2016,1557,7.146345412
12/30/2016,1558,7.146619703
12/30/2016,1559,7.146893995
12/30/2016,1560,7.147168286
12/30/2016,1561,7.147442577
12/30/2016,1562,7.147716868
12/30/2016,1563,7.147991159
12/30/2016,1564,7.148265451
12/30/2016,1565,7.148539742
12/30/2016,1566,7.148814033
12/30/2016,1567,7.149088324
12/30/2016,1568,7.149362615
12/30/2016,1569,7.149636907
12/30/2016,1570,7.149911198
12/30/2016,1571,7.150185489
12/30/2016,1572,7.15045978
12/30/2016,1573,7.150734071
12/30/2016,1574,7.151008363
12/30/2016,1575,7.151282654
12/30/2016,1576,7.151556945
12/30/2016,1577,7.151831236
12/30/2016,1578,7.152105527
12/30/2016,1579,7.152379819
12/30/2016,1580,7.15265411
12/30/2016,1581,7.152928401
12/30/2016,1582,7.153202692
12/30/2016,1583,7.153476984
12/30/2016,1584,7.153751275
12/30/2016,1585,7.154025566
12/30/2016,1586,7.154299857
12/30/2016,1587,7.154574148
12/30/2016,1588,7.15484844
12/30/2016,1589,7.155122731
12/30/2016,1590,7.155397022
12/30/2016,1591,7.155671313
12/30/2016,1592,7.155945604
12/30/2016,1593,7.156219896
12/30/2016,1594,7.156494187
12/30/2016,1595,7.156768478
12/30/2016,1596,7.157042769
12/30/2016,1597,7.15731706
12/30/2016,1598,7.157591352
12/30/2016,1599,7.157865643
12/30/2016,1600,7.158139934
12/30/2016,1601,7.158414225
12/30/2016,1602,7.158688516
12/30/2016,1603,7.158962808
12/30/2016,1604,7.159237099
12/30/2016,1605,7.15951139
12/30/2016,1606,7.159785681
12/30/2016,1607,7.160059973
12/30/2016,1608,7.160334264
12/30/2016,1609,7.160608555
12/30/2016,1610,7.160882846
12/30/2016,1611,7.161157137
12/30/2016,1612,7.161431429
12/30/2016,1613,7.16170572
12/30/2016,1614,7.161980011
12/30/2016,1615,7.162254302
12/30/2016,1616,7.162528593
12/30/2016,1617,7.162802885
12/30/2016,1618,7.163077176
12/30/2016,1619,7.163351467
12/30/2016,1620,7.163625758
12/30/2016,1621,7.163900049
12/30/2016,1622,7.164174341
12/30/2016,1623,7.164448632
12/30/2016,1624,7.164722923
12/30/2016,1625,7.164997214
12/30/2016,1626,7.165271505
12/30/2016,1627,7.165545797
12/30/2016,1628,7.165820088
12/30/2016,1629,7.166094379
12/30/2016,1630,7.16636867
12/30/2016,1631,7.166642962
12/30/2016,1632,7.166917253
12/30/2016,1633,7.167191544
12/30/2016,1634,7.167465835
12/30/2016,1635,7.167740126
12/30/2016,1636,7.168014418
12/30/2016,1637,7.168288709
12/30/2016,1638,7.168563
12/30/2016,1639,7.168798253
12/30/2016,1640,7.169033505
12/30/2016,1641,7.169268758
12/30/2016,1642,7.169504011
12/30/2016,1643,7.169739264
12/30/2016,1644,7.169974516
12/30/2016,1645,7.170209769
12/30/2016,1646,7.170445022
12/30/2016,1647,7.170680275
12/30/2016,1648,7.170915527
12/30/2016,1649,7.17115078
12/30/2016,1650,7.171386033
12/30/2016,1651,7.171621286
12/30/2016,1652,7.171856538
12/30/2016,1653,7.172091791
12/30/2016,1654,7.172327044
12/30/2016,1655,7.172562297
12/30/2016,1656,7.172797549
12/30/2016,1657,7.173032802
12/30/2016,1658,7.173268055
12/30/2016,1659,7.173503308
12/30/2016,1660,7.17373856
12/30/2016,1661,7.173973813
12/30/2016,1662,7.174209066
12/30/2016,1663,7.174444319
12/30/2016,1664,7.174679571
12/30/2016,1665,7.174914824
12/30/2016,1666,7.175150077
12/30/2016,1667,7.17538533
12/30/2016,1668,7.175620582
12/30/2016,1669,7.175855835
12/30/2016,1670,7.176091088
12/30/2016,1671,7.176326341
12/30/2016,1672,7.176561593
12/30/2016,1673,7.176796846
12/30/2016,1674,7.177032099
12/30/2016,1675,7.177267352
12/30/2016,1676,7.177502604
12/30/2016,1677,7.177737857
12/30/2016,1678,7.17797311
12/30/2016,1679,7.178208363
12/30/2016,1680,7.178443615
12/30/2016,1681,7.178678868
12/30/2016,1682,7.178914121
12/30/2016,1683,7.179149374
12/30/2016,1684,7.179384626
12/30/2016,1685,7.179619879
12/30/2016,1686,7.179855132
12/30/2016,1687,7.180090385
12/30/2016,1688,7.180325637
12/30/2016,1689,7.18056089
12/30/2016,1690,7.180796143
12/30/2016,1691,7.181031396
12/30/2016,1692,7.181266648
12/30/2016,1693,7.181501901
12/30/2016,1694,7.181737154
12/30/2016,1695,7.181972407
12/30/2016,1696,7.182207659
12/30/2016,1697,7.182442912
12/30/2016,1698,7.182678165
12/30/2016,1699,7.182913418
12/30/2016,1700,7.18314867
12/30/2016,1701,7.183383923
12/30/2016,1702,7.183619176
12/30/2016,1703,7.183854429
12/30/2016,1704,7.184089681
12/30/2016,1705,7.184324934
12/30/2016,1706,7.184560187
12/30/2016,1707,7.18479544
12/30/2016,1708,7.185030692
12/30/2016,1709,7.185265945
12/30/2016,1710,7.185501198
12/30/2016,1711,7.185736451
12/30/2016,1712,7.185971703
12/30/2016,1713,7.186206956
12/30/2016,1714,7.186442209
12/30/2016,1715,7.186677462
12/30/2016,1716,7.186912714
12/30/2016,1717,7.187147967
12/30/2016,1718,7.18738322
12/30/2016,1719,7.187618473
12/30/2016,1720,7.187853725
12/30/2016,1721,7.188088978
12/30/2016,1722,7.188324231
12/30/2016,1723,7.188559484
12/30/2016,1724,7.188794736
12/30/2016,1725,7.189029989
12/30/2016,1726,7.189265242
12/30/2016,1727,7.189500495
12/30/2016,1728,7.189735747
12/30/2016,1729,7.189971
12/30/2016,1730,7.190206253
12/30/2016,1731,7.190441505
12/30/2016,1732,7.190676758
12/30/2016,1733,7.190912011
12/30/2016,1734,7.191147264
12/30/2016,1735,7.191382516
12/30/2016,1736,7.191617769
12/30/2016,1737,7.191853022
12/30/2016,1738,7.192088275
12/30/2016,1739,7.192323527
12/30/2016,1740,7.19255878
12/30/2016,1741,7.192794033
12/30/2016,1742,7.193029286
12/30/2016,1743,7.193264538
12/30/2016,1744,7.193499791
12/30/2016,1745,7.193735044
12/30/2016,1746,7.193970297
12/30/2016,1747,7.194205549
12/30/2016,1748,7.194440802
12/30/2016,1749,7.194676055
12/30/2016,1750,7.194911308
12/30/2016,1751,7.19514656
12/30/2016,1752,7.195381813
12/30/2016,1753,7.195617066
12/30/2016,1754,7.195852319
12/30/2016,1755,7.196087571
12/30/2016,1756,7.196322824
12/30/2016,1757,7.196558077
12/30/2016,1758,7.19679333
12/30/2016,1759,7.197028582
12/30/2016,1760,7.197263835
12/30/2016,1761,7.197499088
12/30/2016,1762,7.197734341
12/30/2016,1763,7.197969593
12/30/2016,1764,7.198204846
12/30/2016,1765,7.198440099
12/30/2016,1766,7.198675352
12/30/2016,1767,7.198910604
12/30/2016,1768,7.199145857
12/30/2016,1769,7.19938111
12/30/2016,1770,7.199616363
12/30/2016,1771,7.199851615
12/30/2016,1772,7.200086868
12/30/2016,1773,7.200322121
12/30/2016,1774,7.200557374
12/30/2016,1775,7.200792626
12/30/2016,1776,7.201027879
12/30/2016,1777,7.201263132
12/30/2016,1778,7.201498385
12/30/2016,1779,7.201733637
12/30/2016,1780,7.20196889
12/30/2016,1781,7.202204143
12/30/2016,1782,7.202439396
12/30/2016,1783,7.202674648
12/30/2016,1784,7.202909901
12/30/2016,1785,7.203145154
12/30/2016,1786,7.203380407
12/30/2016,1787,7.203615659
12/30/2016,1788,7.203850912
12/30/2016,1789,7.204086165
12/30/2016,1790,7.204321418
12/30/2016,1791,7.20455667
12/30/2016,1792,7.204791923
12/30/2016,1793,7.205027176
12/30/2016,1794,7.205262429
12/30/2016,1795,7.205497681
12/30/2016,1796,7.205732934
12/30/2016,1797,7.205968187
12/30/2016,1798,7.20620344
12/30/2016,1799,7.206438692
12/30/2016,1800,7.206673945
12/30/2016,1801,7.206909198
12/30/2016,1802,7.207144451
12/30/2016,1803,7.207379703
12/30/2016,1804,7.207614956
12/30/2016,1805,7.207850209
12/30/2016,1806,7.208085462
12/30/2016,1807,7.208320714
12/30/2016,1808,7.208555967
12/30/2016,1809,7.20879122
12/30/2016,1810,7.209026473
12/30/2016,1811,7.209261725
12/30/2016,1812,7.209496978
12/30/2016,1813,7.209732231
12/30/2016,1814,7.209967484
12/30/2016,1815,7.210202736
12/30/2016,1816,7.210437989
12/30/2016,1817,7.210673242
12/30/2016,1818,7.210908495
12/30/2016,1819,7.211143747
12/30/2016,1820,7.211379
12/30/2016,1821,7.211601297
12/30/2016,1822,7.211823593
12/30/2016,1823,7.21204589
12/30/2016,1824,7.212268187
12/30/2016,1825,7.212490484
12/30/2016,1826,7.21271278
12/30/2016,1827,7.212935077
12/30/2016,1828,7.213157374
12/30/2016,1829,7.21337967
12/30/2016,1830,7.213601967
12/30/2016,1831,7.213824264
12/30/2016,1832,7.21404656
12/30/2016,1833,7.214268857
12/30/2016,1834,7.214491154
12/30/2016,1835,7.214713451
12/30/2016,1836,7.214935747
12/30/2016,1837,7.215158044
12/30/2016,1838,7.215380341
12/30/2016,1839,7.215602637
12/30/2016,1840,7.215824934
12/30/2016,1841,7.216047231
12/30/2016,1842,7.216269527
12/30/2016,1843,7.216491824
12/30/2016,1844,7.216714121
12/30/2016,1845,7.216936418
12/30/2016,1846,7.217158714
12/30/2016,1847,7.217381011
12/30/2016,1848,7.217603308
12/30/2016,1849,7.217825604
12/30/2016,1850,7.218047901
12/30/2016,1851,7.218270198
12/30/2016,1852,7.218492495
12/30/2016,1853,7.218714791
12/30/2016,1854,7.218937088
12/30/2016,1855,7.219159385
12/30/2016,1856,7.219381681
12/30/2016,1857,7.219603978
12/30/2016,1858,7.219826275
12/30/2016,1859,7.220048571
12/30/2016,1860,7.220270868
12/30/2016,1861,7.220493165
12/30/2016,1862,7.220715462
12/30/2016,1863,7.220937758
12/30/2016,1864,7.221160055
12/30/2016,1865,7.221382352
12/30/2016,1866,7.221604648
12/30/2016,1867,7.221826945
12/30/2016,1868,7.222049242
12/30/2016,1869,7.222271538
12/30/2016,1870,7.222493835
12/30/2016,1871,7.222716132
12/30/2016,1872,7.222938429
12/30/2016,1873,7.223160725
12/30/2016,1874,7.223383022
12/30/2016,1875,7.223605319
12/30/2016,1876,7.223827615
12/30/2016,1877,7.224049912
12/30/2016,1878,7.224272209
12/30/2016,1879,7.224494505
12/30/2016,1880,7.224716802
12/30/2016,1881,7.224939099
12/30/2016,1882,7.225161396
12/30/2016,1883,7.225383692
12/30/2016,1884,7.225605989
12/30/2016,1885,7.225828286
12/30/2016,1886,7.226050582
12/30/2016,1887,7.226272879
12/30/2016,1888,7.226495176
12/30/2016,1889,7.226717473
12/30/2016,1890,7.226939769
12/30/2016,1891,7.227162066
12/30/2016,1892,7.227384363
12/30/2016,1893,7.227606659
12/30/2016,1894,7.227828956
12/30/2016,1895,7.228051253
12/30/2016,1896,7.228273549
12/30/2016,1897,7.228495846
12/30/2016,1898,7.228718143
12/30/2016,1899,7.22894044
12/30/2016,1900,7.229162736
12/30/2016,1901,7.229385033
12/30/2016,1902,7.22960733
12/30/2016,1903,7.229829626
12/30/2016,1904,7.230051923
12/30/2016,1905,7.23027422
12/30/2016,1906,7.230496516
12/30/2016,1907,7.230718813
12/30/2016,1908,7.23094111
12/30/2016,1909,7.231163407
12/30/2016,1910,7.231385703
12/30/2016,1911,7.231608
12/30/2016,1912,7.231830297
12/30/2016,1913,7.232052593
12/30/2016,1914,7.23227489
12/30/2016,1915,7.232497187
12/30/2016,1916,7.232719484
12/30/2016,1917,7.23294178
12/30/2016,1918,7.233164077
12/30/2016,1919,7.233386374
12/30/2016,1920,7.23360867
12/30/2016,1921,7.233830967
12/30/2016,1922,7.234053264
12/30/2016,1923,7.23427556
12/30/2016,1924,7.234497857
12/30/2016,1925,7.234720154
12/30/2016,1926,7.234942451
12/30/2016,1927,7.235164747
12/30/2016,1928,7.235387044
12/30/2016,1929,7.235609341
12/30/2016,1930,7.235831637
12/30/2016,1931,7.236053934
12/30/2016,1932,7.236276231
12/30/2016,1933,7.236498527
12/30/2016,1934,7.236720824
12/30/2016,1935,7.236943121
12/30/2016,1936,7.237165418
12/30/2016,1937,7.237387714
12/30/2016,1938,7.237610011
12/30/2016,1939,7.237832308
12/30/2016,1940,7.238054604
12/30/2016,1941,7.238276901
12/30/2016,1942,7.238499198
12/30/2016,1943,7.238721495
12/30/2016,1944,7.238943791
12/30/2016,1945,7.239166088
12/30/2016,1946,7.239388385
12/30/2016,1947,7.239610681
12/30/2016,1948,7.239832978
12/30/2016,1949,7.240055275
12/30/2016,1950,7.240277571
12/30/2016,1951,7.240499868
12/30/2016,1952,7.240722165
12/30/2016,1953,7.240944462
12/30/2016,1954,7.241166758
12/30/2016,1955,7.241389055
12/30/2016,1956,7.241611352
12/30/2016,1957,7.241833648
12/30/2016,1958,7.242055945
12/30/2016,1959,7.242278242
12/30/2016,1960,7.242500538
12/30/2016,1961,7.242722835
12/30/2016,1962,7.242945132
12/30/2016,1963,7.243167429
12/30/2016,1964,7.243389725
12/30/2016,1965,7.243612022
12/30/2016,1966,7.243834319
12/30/2016,1967,7.244056615
12/30/2016,1968,7.244278912
12/30/2016,1969,7.244501209
12/30/2016,1970,7.244723505
12/30/2016,1971,7.244945802
12/30/2016,1972,7.245168099
12/30/2016,1973,7.245390396
12/30/2016,1974,7.245612692
12/30/2016,1975,7.245834989
12/30/2016,1976,7.246057286
12/30/2016,1977,7.246279582
12/30/2016,1978,7.246501879
12/30/2016,1979,7.246724176
12/30/2016,1980,7.246946473
12/30/2016,1981,7.247168769
12/30/2016,1982,7.247391066
12/30/2016,1983,7.247613363
12/30/2016,1984,7.247835659
12/30/2016,1985,7.248057956
12/30/2016,1986,7.248280253
12/30/2016,1987,7.248502549
12/30/2016,1988,7.248724846
12/30/2016,1989,7.248947143
12/30/2016,1990,7.24916944
12/30/2016,1991,7.249391736
12/30/2016,1992,7.249614033
12/30/2016,1993,7.24983633
12/30/2016,1994,7.250058626
12/30/2016,1995,7.250280923
12/30/2016,1996,7.25050322
12/30/2016,1997,7.250725516
12/30/2016,1998,7.250947813
12/30/2016,1999,7.25117011
12/30/2016,2000,7.251392407
12/30/2016,2001,7.251614703
12/30/2016,2002,7.251837
12/30/2016,2003,7.251958505
12/30/2016,2004,7.252080011
12/30/2016,2005,7.252201516
12/30/2016,2006,7.252323022
12/30/2016,2007,7.252444527
12/30/2016,2008,7.252566033
12/30/2016,2009,7.252687538
12/30/2016,2010,7.252809044
12/30/2016,2011,7.252930549
12/30/2016,2012,7.253052055
12/30/2016,2013,7.25317356
12/30/2016,2014,7.253295066
12/30/2016,2015,7.253416571
12/30/2016,2016,7.253538077
12/30/2016,2017,7.253659582
12/30/2016,2018,7.253781088
12/30/2016,2019,7.253902593
12/30/2016,2020,7.254024099
12/30/2016,2021,7.254145604
12/30/2016,2022,7.25426711
12/30/2016,2023,7.254388615
12/30/2016,2024,7.254510121
12/30/2016,2025,7.254631626
12/30/2016,2026,7.254753132
12/30/2016,2027,7.254874637
12/30/2016,2028,7.254996143
12/30/2016,2029,7.255117648
12/30/2016,2030,7.255239154
12/30/2016,2031,7.255360659
12/30/2016,2032,7.255482165
12/30/2016,2033,7.25560367
12/30/2016,2034,7.255725176
12/30/2016,2035,7.255846681
12/30/2016,2036,7.255968187
12/30/2016,2037,7.256089692
12/30/2016,2038,7.256211198
12/30/2016,2039,7.256332703
12/30/2016,2040,7.256454209
12/30/2016,2041,7.256575714
12/30/2016,2042,7.25669722
12/30/2016,2043,7.256818725
12/30/2016,2044,7.256940231
12/30/2016,2045,7.257061736
12/30/2016,2046,7.257183242
12/30/2016,2047,7.257304747
12/30/2016,2048,7.257426253
12/30/2016,2049,7.257547758
12/30/2016,2050,7.257669264
12/30/2016,2051,7.257790769
12/30/2016,2052,7.257912275
12/30/2016,2053,7.25803378
12/30/2016,2054,7.258155286
12/30/2016,2055,7.258276791
12/30/2016,2056,7.258398297
12/30/2016,2057,7.258519802
12/30/2016,2058,7.258641308
12/30/2016,2059,7.258762813
12/30/2016,2060,7.258884319
12/30/2016,2061,7.259005824
12/30/2016,2062,7.25912733
12/30/2016,2063,7.259248835
12/30/2016,2064,7.259370341
12/30/2016,2065,7.259491846
12/30/2016,2066,7.259613352
12/30/2016,2067,7.259734857
12/30/2016,2068,7.259856363
12/30/2016,2069,7.259977868
12/30/2016,2070,7.260099374
12/30/2016,2071,7.260220879
12/30/2016,2072,7.260342385
12/30/2016,2073,7.26046389
12/30/2016,2074,7.260585396
12/30/2016,2075,7.260706901
12/30/2016,2076,7.260828407
12/30/2016,2077,7.260949912
12/30/2016,2078,7.261071418
12/30/2016,2079,7.261192923
12/30/2016,2080,7.261314429
12/30/2016,2081,7.261435934
12/30/2016,2082,7.26155744
12/30/2016,2083,7.261678945
12/30/2016,2084,7.261800451
12/30/2016,2085,7.261921956
12/30/2016,2086,7.262043462
12/30/2016,2087,7.262164967
12/30/2016,2088,7.262286473
12/30/2016,2089,7.262407978
12/30/2016,2090,7.262529484
12/30/2016,2091,7.262650989
12/30/2016,2092,7.262772495
12/30/2016,2093,7.262894
12/30/2016,2094,7.263015505
12/30/2016,2095,7.263137011
12/30/2016,2096,7.263258516
12/30/2016,2097,7.263380022
12/30/2016,2098,7.263501527
12/30/2016,2099,7.263623033
12/30/2016,2100,7.263744538
12/30/2016,2101,7.263866044
12/30/2016,2102,7.263987549
12/30/2016,2103,7.264109055
12/30/2016,2104,7.26423056
12/30/2016,2105,7.264352066
12/30/2016,2106,7.264473571
12/30/2016,2107,7.264595077
12/30/2016,2108,7.264716582
12/30/2016,2109,7.264838088
12/30/2016,2110,7.264959593
12/30/2016,2111,7.265081099
12/30/2016,2112,7.265202604
12/30/2016,2113,7.26532411
12/30/2016,2114,7.265445615
12/30/2016,2115,7.265567121
12/30/2016,2116,7.265688626
12/30/2016,2117,7.265810132
12/30/2016,2118,7.265931637
12/30/2016,2119,7.266053143
12/30/2016,2120,7.266174648
12/30/2016,2121,7.266296154
12/30/2016,2122,7.266417659
12/30/2016,2123,7.266539165
12/30/2016,2124,7.26666067
12/30/2016,2125,7.266782176
12/30/2016,2126,7.266903681
12/30/2016,2127,7.267025187
12/30/2016,2128,7.267146692
12/30/2016,2129,7.267268198
12/30/2016,2130,7.267389703
12/30/2016,2131,7.267511209
12/30/2016,2132,7.267632714
12/30/2016,2133,7.26775422
12/30/2016,2134,7.267875725
12/30/2016,2135,7.267997231
12/30/2016,2136,7.268118736
12/30/2016,2137,7.268240242
12/30/2016,2138,7.268361747
12/30/2016,2139,7.268483253
12/30/2016,2140,7.268604758
12/30/2016,2141,7.268726264
12/30/2016,2142,7.268847769
12/30/2016,2143,7.268969275
12/30/2016,2144,7.26909078
12/30/2016,2145,7.269212286
12/30/2016,2146,7.269333791
12/30/2016,2147,7.269455297
12/30/2016,2148,7.269576802
12/30/2016,2149,7.269698308
12/30/2016,2150,7.269819813
12/30/2016,2151,7.269941319
12/30/2016,2152,7.270062824
12/30/2016,2153,7.27018433
12/30/2016,2154,7.270305835
12/30/2016,2155,7.270427341
12/30/2016,2156,7.270548846
12/30/2016,2157,7.270670352
12/30/2016,2158,7.270791857
12/30/2016,2159,7.270913363
12/30/2016,2160,7.271034868
12/30/2016,2161,7.271156374
12/30/2016,2162,7.271277879
12/30/2016,2163,7.271399385
12/30/2016,2164,7.27152089
12/30/2016,2165,7.271642396
12/30/2016,2166,7.271763901
12/30/2016,2167,7.271885407
12/30/2016,2168,7.272006912
12/30/2016,2169,7.272128418
12/30/2016,2170,7.272249923
12/30/2016,2171,7.272371429
12/30/2016,2172,7.272492934
12/30/2016,2173,7.27261444
12/30/2016,2174,7.272735945
12/30/2016,2175,7.272857451
12/30/2016,2176,7.272978956
12/30/2016,2177,7.273100462
12/30/2016,2178,7.273221967
12/30/2016,2179,7.273343473
12/30/2016,2180,7.273464978
12/30/2016,2181,7.273586484
12/30/2016,2182,7.273707989
12/30/2016,2183,7.273829495
12/30/2016,2184,7.273951
12/30/2016,2185,7.274027313
12/30/2016,2186,7.274103626
12/30/2016,2187,7.27417994
12/30/2016,2188,7.274256253
12/30/2016,2189,7.274332566
12/30/2016,2190,7.274408879
12/30/2016,2191,7.274485192
12/30/2016,2192,7.274561505
12/30/2016,2193,7.274637819
12/30/2016,2194,7.274714132
12/30/2016,2195,7.274790445
12/30/2016,2196,7.274866758
12/30/2016,2197,7.274943071
12/30/2016,2198,7.275019385
12/30/2016,2199,7.275095698
12/30/2016,2200,7.275172011
12/30/2016,2201,7.275248324
12/30/2016,2202,7.275324637
12/30/2016,2203,7.275400951
12/30/2016,2204,7.275477264
12/30/2016,2205,7.275553577
12/30/2016,2206,7.27562989
12/30/2016,2207,7.275706203
12/30/2016,2208,7.275782516
12/30/2016,2209,7.27585883
12/30/2016,2210,7.275935143
12/30/2016,2211,7.276011456
12/30/2016,2212,7.276087769
12/30/2016,2213,7.276164082
12/30/2016,2214,7.276240396
12/30/2016,2215,7.276316709
12/30/2016,2216,7.276393022
12/30/2016,2217,7.276469335
12/30/2016,2218,7.276545648
12/30/2016,2219,7.276621962
12/30/2016,2220,7.276698275
12/30/2016,2221,7.276774588
12/30/2016,2222,7.276850901
12/30/2016,2223,7.276927214
12/30/2016,2224,7.277003527
12/30/2016,2225,7.277079841
12/30/2016,2226,7.277156154
12/30/2016,2227,7.277232467
12/30/2016,2228,7.27730878
12/30/2016,2229,7.277385093
12/30/2016,2230,7.277461407
12/30/2016,2231,7.27753772
12/30/2016,2232,7.277614033
12/30/2016,2233,7.277690346
12/30/2016,2234,7.277766659
12/30/2016,2235,7.277842973
12/30/2016,2236,7.277919286
12/30/2016,2237,7.277995599
12/30/2016,2238,7.278071912
12/30/2016,2239,7.278148225
12/30/2016,2240,7.278224538
12/30/2016,2241,7.278300852
12/30/2016,2242,7.278377165
12/30/2016,2243,7.278453478
12/30/2016,2244,7.278529791
12/30/2016,2245,7.278606104
12/30/2016,2246,7.278682418
12/30/2016,2247,7.278758731
12/30/2016,2248,7.278835044
12/30/2016,2249,7.278911357
12/30/2016,2250,7.27898767
12/30/2016,2251,7.279063984
12/30/2016,2252,7.279140297
12/30/2016,2253,7.27921661
12/30/2016,2254,7.279292923
12/30/2016,2255,7.279369236
12/30/2016,2256,7.279445549
12/30/2016,2257,7.279521863
12/30/2016,2258,7.279598176
12/30/2016,2259,7.279674489
12/30/2016,2260,7.279750802
12/30/2016,2261,7.279827115
12/30/2016,2262,7.279903429
12/30/2016,2263,7.279979742
12/30/2016,2264,7.280056055
12/30/2016,2265,7.280132368
12/30/2016,2266,7.280208681
12/30/2016,2267,7.280284995
12/30/2016,2268,7.280361308
12/30/2016,2269,7.280437621
12/30/2016,2270,7.280513934
12/30/2016,2271,7.280590247
12/30/2016,2272,7.28066656
12/30/2016,2273,7.280742874
12/30/2016,2274,7.280819187
12/30/2016,2275,7.2808955
12/30/2016,2276,7.280971813
12/30/2016,2277,7.281048126
12/30/2016,2278,7.28112444
12/30/2016,2279,7.281200753
12/30/2016,2280,7.281277066
12/30/2016,2281,7.281353379
12/30/2016,2282,7.281429692
12/30/2016,2283,7.281506005
12/30/2016,2284,7.281582319
12/30/2016,2285,7.281658632
12/30/2016,2286,7.281734945
12/30/2016,2287,7.281811258
12/30/2016,2288,7.281887571
12/30/2016,2289,7.281963885
12/30/2016,2290,7.282040198
12/30/2016,2291,7.282116511
12/30/2016,2292,7.282192824
12/30/2016,2293,7.282269137
12/30/2016,2294,7.282345451
12/30/2016,2295,7.282421764
12/30/2016,2296,7.282498077
12/30/2016,2297,7.28257439
12/30/2016,2298,7.282650703
12/30/2016,2299,7.282727016
12/30/2016,2300,7.28280333
12/30/2016,2301,7.282879643
12/30/2016,2302,7.282955956
12/30/2016,2303,7.283032269
12/30/2016,2304,7.283108582
12/30/2016,2305,7.283184896
12/30/2016,2306,7.283261209
12/30/2016,2307,7.283337522
12/30/2016,2308,7.283413835
12/30/2016,2309,7.283490148
12/30/2016,2310,7.283566462
12/30/2016,2311,7.283642775
12/30/2016,2312,7.283719088
12/30/2016,2313,7.283795401
12/30/2016,2314,7.283871714
12/30/2016,2315,7.283948027
12/30/2016,2316,7.284024341
12/30/2016,2317,7.284100654
12/30/2016,2318,7.284176967
12/30/2016,2319,7.28425328
12/30/2016,2320,7.284329593
12/30/2016,2321,7.284405907
12/30/2016,2322,7.28448222
12/30/2016,2323,7.284558533
12/30/2016,2324,7.284634846
12/30/2016,2325,7.284711159
12/30/2016,2326,7.284787473
12/30/2016,2327,7.284863786
12/30/2016,2328,7.284940099
12/30/2016,2329,7.285016412
12/30/2016,2330,7.285092725
12/30/2016,2331,7.285169038
12/30/2016,2332,7.285245352
12/30/2016,2333,7.285321665
12/30/2016,2334,7.285397978
12/30/2016,2335,7.285474291
12/30/2016,2336,7.285550604
12/30/2016,2337,7.285626918
12/30/2016,2338,7.285703231
12/30/2016,2339,7.285779544
12/30/2016,2340,7.285855857
12/30/2016,2341,7.28593217
12/30/2016,2342,7.286008484
12/30/2016,2343,7.286084797
12/30/2016,2344,7.28616111
12/30/2016,2345,7.286237423
12/30/2016,2346,7.286313736
12/30/2016,2347,7.286390049
12/30/2016,2348,7.286466363
12/30/2016,2349,7.286542676
12/30/2016,2350,7.286618989
12/30/2016,2351,7.286695302
12/30/2016,2352,7.286771615
12/30/2016,2353,7.286847929
12/30/2016,2354,7.286924242
12/30/2016,2355,7.287000555
12/30/2016,2356,7.287076868
12/30/2016,2357,7.287153181
12/30/2016,2358,7.287229495
12/30/2016,2359,7.287305808
12/30/2016,2360,7.287382121
12/30/2016,2361,7.287458434
12/30/2016,2362,7.287534747
12/30/2016,2363,7.28761106
12/30/2016,2364,7.287687374
12/30/2016,2365,7.287763687
12/30/2016,2366,7.28784
12/30/2016,2367,7.287966555
12/30/2016,2368,7.28809311
12/30/2016,2369,7.288219665
12/30/2016,2370,7.28834622
12/30/2016,2371,7.288472775
12/30/2016,2372,7.28859933
12/30/2016,2373,7.288725885
12/30/2016,2374,7.28885244
12/30/2016,2375,7.288978995
12/30/2016,2376,7.289105549
12/30/2016,2377,7.289232104
12/30/2016,2378,7.289358659
12/30/2016,2379,7.289485214
12/30/2016,2380,7.289611769
12/30/2016,2381,7.289738324
12/30/2016,2382,7.289864879
12/30/2016,2383,7.289991434
12/30/2016,2384,7.290117989
12/30/2016,2385,7.290244544
12/30/2016,2386,7.290371099
12/30/2016,2387,7.290497654
12/30/2016,2388,7.290624209
12/30/2016,2389,7.290750764
12/30/2016,2390,7.290877319
12/30/2016,2391,7.291003874
12/30/2016,2392,7.291130429
12/30/2016,2393,7.291256984
12/30/2016,2394,7.291383538
12/30/2016,2395,7.291510093
12/30/2016,2396,7.291636648
12/30/2016,2397,7.291763203
12/30/2016,2398,7.291889758
12/30/2016,2399,7.292016313
12/30/2016,2400,7.292142868
12/30/2016,2401,7.292269423
12/30/2016,2402,7.292395978
12/30/2016,2403,7.292522533
12/30/2016,2404,7.292649088
12/30/2016,2405,7.292775643
12/30/2016,2406,7.292902198
12/30/2016,2407,7.293028753
12/30/2016,2408,7.293155308
12/30/2016,2409,7.293281863
12/30/2016,2410,7.293408418
12/30/2016,2411,7.293534973
12/30/2016,2412,7.293661527
12/30/2016,2413,7.293788082
12/30/2016,2414,7.293914637
12/30/2016,2415,7.294041192
12/30/2016,2416,7.294167747
12/30/2016,2417,7.294294302
12/30/2016,2418,7.294420857
12/30/2016,2419,7.294547412
12/30/2016,2420,7.294673967
12/30/2016,2421,7.294800522
12/30/2016,2422,7.294927077
12/30/2016,2423,7.295053632
12/30/2016,2424,7.295180187
12/30/2016,2425,7.295306742
12/30/2016,2426,7.295433297
12/30/2016,2427,7.295559852
12/30/2016,2428,7.295686407
12/30/2016,2429,7.295812962
12/30/2016,2430,7.295939516
12/30/2016,2431,7.296066071
12/30/2016,2432,7.296192626
12/30/2016,2433,7.296319181
12/30/2016,2434,7.296445736
12/30/2016,2435,7.296572291
12/30/2016,2436,7.296698846
12/30/2016,2437,7.296825401
12/30/2016,2438,7.296951956
12/30/2016,2439,7.297078511
12/30/2016,2440,7.297205066
12/30/2016,2441,7.297331621
12/30/2016,2442,7.297458176
12/30/2016,2443,7.297584731
12/30/2016,2444,7.297711286
12/30/2016,2445,7.297837841
12/30/2016,2446,7.297964396
12/30/2016,2447,7.298090951
12/30/2016,2448,7.298217505
12/30/2016,2449,7.29834406
12/30/2016,2450,7.298470615
12/30/2016,2451,7.29859717
12/30/2016,2452,7.298723725
12/30/2016,2453,7.29885028
12/30/2016,2454,7.298976835
12/30/2016,2455,7.29910339
12/30/2016,2456,7.299229945
12/30/2016,2457,7.2993565
12/30/2016,2458,7.299483055
12/30/2016,2459,7.29960961
12/30/2016,2460,7.299736165
12/30/2016,2461,7.29986272
12/30/2016,2462,7.299989275
12/30/2016,2463,7.30011583
12/30/2016,2464,7.300242385
12/30/2016,2465,7.30036894
12/30/2016,2466,7.300495495
12/30/2016,2467,7.300622049
12/30/2016,2468,7.300748604
12/30/2016,2469,7.300875159
12/30/2016,2470,7.301001714
12/30/2016,2471,7.301128269
12/30/2016,2472,7.301254824
12/30/2016,2473,7.301381379
12/30/2016,2474,7.301507934
12/30/2016,2475,7.301634489
12/30/2016,2476,7.301761044
12/30/2016,2477,7.301887599
12/30/2016,2478,7.302014154
12/30/2016,2479,7.302140709
12/30/2016,2480,7.302267264
12/30/2016,2481,7.302393819
12/30/2016,2482,7.302520374
12/30/2016,2483,7.302646929
12/30/2016,2484,7.302773484
12/30/2016,2485,7.302900038
12/30/2016,2486,7.303026593
12/30/2016,2487,7.303153148
12/30/2016,2488,7.303279703
12/30/2016,2489,7.303406258
12/30/2016,2490,7.303532813
12/30/2016,2491,7.303659368
12/30/2016,2492,7.303785923
12/30/2016,2493,7.303912478
12/30/2016,2494,7.304039033
12/30/2016,2495,7.304165588
12/30/2016,2496,7.304292143
12/30/2016,2497,7.304418698
12/30/2016,2498,7.304545253
12/30/2016,2499,7.304671808
12/30/2016,2500,7.304798363
12/30/2016,2501,7.304924918
12/30/2016,2502,7.305051473
12/30/2016,2503,7.305178027
12/30/2016,2504,7.305304582
12/30/2016,2505,7.305431137
12/30/2016,2506,7.305557692
12/30/2016,2507,7.305684247
12/30/2016,2508,7.305810802
12/30/2016,2509,7.305937357
12/30/2016,2510,7.306063912
12/30/2016,2511,7.306190467
12/30/2016,2512,7.306317022
12/30/2016,2513,7.306443577
12/30/2016,2514,7.306570132
12/30/2016,2515,7.306696687
12/30/2016,2516,7.306823242
12/30/2016,2517,7.306949797
12/30/2016,2518,7.307076352
12/30/2016,2519,7.307202907
12/30/2016,2520,7.307329462
12/30/2016,2521,7.307456016
12/30/2016,2522,7.307582571
12/30/2016,2523,7.307709126
12/30/2016,2524,7.307835681
12/30/2016,2525,7.307962236
12/30/2016,2526,7.308088791
12/30/2016,2527,7.308215346
12/30/2016,2528,7.308341901
12/30/2016,2529,7.308468456
12/30/2016,2530,7.308595011
12/30/2016,2531,7.308721566
12/30/2016,2532,7.308848121
12/30/2016,2533,7.308974676
12/30/2016,2534,7.309101231
12/30/2016,2535,7.309227786
12/30/2016,2536,7.309354341
12/30/2016,2537,7.309480896
12/30/2016,2538,7.309607451
12/30/2016,2539,7.309734005
12/30/2016,2540,7.30986056
12/30/2016,2541,7.309987115
12/30/2016,2542,7.31011367
12/30/2016,2543,7.310240225
12/30/2016,2544,7.31036678
12/30/2016,2545,7.310493335
12/30/2016,2546,7.31061989
12/30/2016,2547,7.310746445
12/30/2016,2548,7.310873
12/30/2016,2549,7.311065044
12/30/2016,2550,7.311257088
12/30/2016,2551,7.311449132
12/30/2016,2552,7.311641176
12/30/2016,2553,7.31183322
12/30/2016,2554,7.312025264
12/30/2016,2555,7.312217308
12/30/2016,2556,7.312409352
12/30/2016,2557,7.312601396
12/30/2016,2558,7.31279344
12/30/2016,2559,7.312985484
12/30/2016,2560,7.313177527
12/30/2016,2561,7.313369571
12/30/2016,2562,7.313561615
12/30/2016,2563,7.313753659
12/30/2016,2564,7.313945703
12/30/2016,2565,7.314137747
12/30/2016,2566,7.314329791
12/30/2016,2567,7.314521835
12/30/2016,2568,7.314713879
12/30/2016,2569,7.314905923
12/30/2016,2570,7.315097967
12/30/2016,2571,7.315290011
12/30/2016,2572,7.315482055
12/30/2016,2573,7.315674099
12/30/2016,2574,7.315866143
12/30/2016,2575,7.316058187
12/30/2016,2576,7.316250231
12/30/2016,2577,7.316442275
12/30/2016,2578,7.316634319
12/30/2016,2579,7.316826363
12/30/2016,2580,7.317018407
12/30/2016,2581,7.317210451
12/30/2016,2582,7.317402495
12/30/2016,2583,7.317594538
12/30/2016,2584,7.317786582
12/30/2016,2585,7.317978626
12/30/2016,2586,7.31817067
12/30/2016,2587,7.318362714
12/30/2016,2588,7.318554758
12/30/2016,2589,7.318746802
12/30/2016,2590,7.318938846
12/30/2016,2591,7.31913089
12/30/2016,2592,7.319322934
12/30/2016,2593,7.319514978
12/30/2016,2594,7.319707022
12/30/2016,2595,7.319899066
12/30/2016,2596,7.32009111
12/30/2016,2597,7.320283154
12/30/2016,2598,7.320475198
12/30/2016,2599,7.320667242
12/30/2016,2600,7.320859286
12/30/2016,2601,7.32105133
12/30/2016,2602,7.321243374
12/30/2016,2603,7.321435418
12/30/2016,2604,7.321627462
12/30/2016,2605,7.321819505
12/30/2016,2606,7.322011549
12/30/2016,2607,7.322203593
12/30/2016,2608,7.322395637
12/30/2016,2609,7.322587681
12/30/2016,2610,7.322779725
12/30/2016,2611,7.322971769
12/30/2016,2612,7.323163813
12/30/2016,2613,7.323355857
12/30/2016,2614,7.323547901
12/30/2016,2615,7.323739945
12/30/2016,2616,7.323931989
12/30/2016,2617,7.324124033
12/30/2016,2618,7.324316077
12/30/2016,2619,7.324508121
12/30/2016,2620,7.324700165
12/30/2016,2621,7.324892209
12/30/2016,2622,7.325084253
12/30/2016,2623,7.325276297
12/30/2016,2624,7.325468341
12/30/2016,2625,7.325660385
12/30/2016,2626,7.325852429
12/30/2016,2627,7.326044473
12/30/2016,2628,7.326236516
12/30/2016,2629,7.32642856
12/30/2016,2630,7.326620604
12/30/2016,2631,7.326812648
12/30/2016,2632,7.327004692
12/30/2016,2633,7.327196736
12/30/2016,2634,7.32738878
12/30/2016,2635,7.327580824
12/30/2016,2636,7.327772868
12/30/2016,2637,7.327964912
12/30/2016,2638,7.328156956
12/30/2016,2639,7.328349
12/30/2016,2640,7.328541044
12/30/2016,2641,7.328733088
12/30/2016,2642,7.328925132
12/30/2016,2643,7.329117176
12/30/2016,2644,7.32930922
12/30/2016,2645,7.329501264
12/30/2016,2646,7.329693308
12/30/2016,2647,7.329885352
12/30/2016,2648,7.330077396
12/30/2016,2649,7.33026944
12/30/2016,2650,7.330461484
12/30/2016,2651,7.330653527
12/30/2016,2652,7.330845571
12/30/2016,2653,7.331037615
12/30/2016,2654,7.331229659
12/30/2016,2655,7.331421703
12/30/2016,2656,7.331613747
12/30/2016,2657,7.331805791
12/30/2016,2658,7.331997835
12/30/2016,2659,7.332189879
12/30/2016,2660,7.332381923
12/30/2016,2661,7.332573967
12/30/2016,2662,7.332766011
12/30/2016,2663,7.332958055
12/30/2016,2664,7.333150099
12/30/2016,2665,7.333342143
12/30/2016,2666,7.333534187
12/30/2016,2667,7.333726231
12/30/2016,2668,7.333918275
12/30/2016,2669,7.334110319
12/30/2016,2670,7.334302363
12/30/2016,2671,7.334494407
12/30/2016,2672,7.334686451
12/30/2016,2673,7.334878495
12/30/2016,2674,7.335070538
12/30/2016,2675,7.335262582
12/30/2016,2676,7.335454626
12/30/2016,2677,7.33564667
12/30/2016,2678,7.335838714
12/30/2016,2679,7.336030758
12/30/2016,2680,7.336222802
12/30/2016,2681,7.336414846
12/30/2016,2682,7.33660689
12/30/2016,2683,7.336798934
12/30/2016,2684,7.336990978
12/30/2016,2685,7.337183022
12/30/2016,2686,7.337375066
12/30/2016,2687,7.33756711
12/30/2016,2688,7.337759154
12/30/2016,2689,7.337951198
12/30/2016,2690,7.338143242
12/30/2016,2691,7.338335286
12/30/2016,2692,7.33852733
12/30/2016,2693,7.338719374
12/30/2016,2694,7.338911418
12/30/2016,2695,7.339103462
12/30/2016,2696,7.339295505
12/30/2016,2697,7.339487549
12/30/2016,2698,7.339679593
12/30/2016,2699,7.339871637
12/30/2016,2700,7.340063681
12/30/2016,2701,7.340255725
12/30/2016,2702,7.340447769
12/30/2016,2703,7.340639813
12/30/2016,2704,7.340831857
12/30/2016,2705,7.341023901
12/30/2016,2706,7.341215945
12/30/2016,2707,7.341407989
12/30/2016,2708,7.341600033
12/30/2016,2709,7.341792077
12/30/2016,2710,7.341984121
12/30/2016,2711,7.342176165
12/30/2016,2712,7.342368209
12/30/2016,2713,7.342560253
12/30/2016,2714,7.342752297
12/30/2016,2715,7.342944341
12/30/2016,2716,7.343136385
12/30/2016,2717,7.343328429
12/30/2016,2718,7.343520473
12/30/2016,2719,7.343712516
12/30/2016,2720,7.34390456
12/30/2016,2721,7.344096604
12/30/2016,2722,7.344288648
12/30/2016,2723,7.344480692
12/30/2016,2724,7.344672736
12/30/2016,2725,7.34486478
12/30/2016,2726,7.345056824
12/30/2016,2727,7.345248868
12/30/2016,2728,7.345440912
12/30/2016,2729,7.345632956
12/30/2016,2730,7.345825
12/30/2016,2731,7.346050967
12/30/2016,2732,7.346276934
12/30/2016,2733,7.346502901
12/30/2016,2734,7.346728868
12/30/2016,2735,7.346954835
12/30/2016,2736,7.347180802
12/30/2016,2737,7.347406769
12/30/2016,2738,7.347632736
12/30/2016,2739,7.347858703
12/30/2016,2740,7.34808467
12/30/2016,2741,7.348310637
12/30/2016,2742,7.348536604
12/30/2016,2743,7.348762571
12/30/2016,2744,7.348988538
12/30/2016,2745,7.349214505
12/30/2016,2746,7.349440473
12/30/2016,2747,7.34966644
12/30/2016,2748,7.349892407
12/30/2016,2749,7.350118374
12/30/2016,2750,7.350344341
12/30/2016,2751,7.350570308
12/30/2016,2752,7.350796275
12/30/2016,2753,7.351022242
12/30/2016,2754,7.351248209
12/30/2016,2755,7.351474176
12/30/2016,2756,7.351700143
12/30/2016,2757,7.35192611
12/30/2016,2758,7.352152077
12/30/2016,2759,7.352378044
12/30/2016,2760,7.352604011
12/30/2016,2761,7.352829978
12/30/2016,2762,7.353055945
12/30/2016,2763,7.353281912
12/30/2016,2764,7.353507879
12/30/2016,2765,7.353733846
12/30/2016,2766,7.353959813
12/30/2016,2767,7.35418578
12/30/2016,2768,7.354411747
12/30/2016,2769,7.354637714
12/30/2016,2770,7.354863681
12/30/2016,2771,7.355089648
12/30/2016,2772,7.355315615
12/30/2016,2773,7.355541582
12/30/2016,2774,7.355767549
12/30/2016,2775,7.355993516
12/30/2016,2776,7.356219484
12/30/2016,2777,7.356445451
12/30/2016,2778,7.356671418
12/30/2016,2779,7.356897385
12/30/2016,2780,7.357123352
12/30/2016,2781,7.357349319
12/30/2016,2782,7.357575286
12/30/2016,2783,7.357801253
12/30/2016,2784,7.35802722
12/30/2016,2785,7.358253187
12/30/2016,2786,7.358479154
12/30/2016,2787,7.358705121
12/30/2016,2788,7.358931088
12/30/2016,2789,7.359157055
12/30/2016,2790,7.359383022
12/30/2016,2791,7.359608989
12/30/2016,2792,7.359834956
12/30/2016,2793,7.360060923
12/30/2016,2794,7.36028689
12/30/2016,2795,7.360512857
12/30/2016,2796,7.360738824
12/30/2016,2797,7.360964791
12/30/2016,2798,7.361190758
12/30/2016,2799,7.361416725
12/30/2016,2800,7.361642692
12/30/2016,2801,7.361868659
12/30/2016,2802,7.362094626
12/30/2016,2803,7.362320593
12/30/2016,2804,7.36254656
12/30/2016,2805,7.362772527
12/30/2016,2806,7.362998495
12/30/2016,2807,7.363224462
12/30/2016,2808,7.363450429
12/30/2016,2809,7.363676396
12/30/2016,2810,7.363902363
12/30/2016,2811,7.36412833
12/30/2016,2812,7.364354297
12/30/2016,2813,7.364580264
12/30/2016,2814,7.364806231
12/30/2016,2815,7.365032198
12/30/2016,2816,7.365258165
12/30/2016,2817,7.365484132
12/30/2016,2818,7.365710099
12/30/2016,2819,7.365936066
12/30/2016,2820,7.366162033
12/30/2016,2821,7.366388
12/30/2016,2822,7.366613967
12/30/2016,2823,7.366839934
12/30/2016,2824,7.367065901
12/30/2016,2825,7.367291868
12/30/2016,2826,7.367517835
12/30/2016,2827,7.367743802
12/30/2016,2828,7.367969769
12/30/2016,2829,7.368195736
12/30/2016,2830,7.368421703
12/30/2016,2831,7.36864767
12/30/2016,2832,7.368873637
12/30/2016,2833,7.369099604
12/30/2016,2834,7.369325571
12/30/2016,2835,7.369551538
12/30/2016,2836,7.369777505
12/30/2016,2837,7.370003473
12/30/2016,2838,7.37022944
12/30/2016,2839,7.370455407
12/30/2016,2840,7.370681374
12/30/2016,2841,7.370907341
12/30/2016,2842,7.371133308
12/30/2016,2843,7.371359275
12/30/2016,2844,7.371585242
12/30/2016,2845,7.371811209
12/30/2016,2846,7.372037176
12/30/2016,2847,7.372263143
12/30/2016,2848,7.37248911
12/30/2016,2849,7.372715077
12/30/2016,2850,7.372941044
12/30/2016,2851,7.373167011
12/30/2016,2852,7.373392978
12/30/2016,2853,7.373618945
12/30/2016,2854,7.373844912
12/30/2016,2855,7.374070879
12/30/2016,2856,7.374296846
12/30/2016,2857,7.374522813
12/30/2016,2858,7.37474878
12/30/2016,2859,7.374974747
12/30/2016,2860,7.375200714
12/30/2016,2861,7.375426681
12/30/2016,2862,7.375652648
12/30/2016,2863,7.375878615
12/30/2016,2864,7.376104582
12/30/2016,2865,7.376330549
12/30/2016,2866,7.376556516
12/30/2016,2867,7.376782484
12/30/2016,2868,7.377008451
12/30/2016,2869,7.377234418
12/30/2016,2870,7.377460385
12/30/2016,2871,7.377686352
12/30/2016,2872,7.377912319
12/30/2016,2873,7.378138286
12/30/2016,2874,7.378364253
12/30/2016,2875,7.37859022
12/30/2016,2876,7.378816187
12/30/2016,2877,7.379042154
12/30/2016,2878,7.379268121
12/30/2016,2879,7.379494088
12/30/2016,2880,7.379720055
12/30/2016,2881,7.379946022
12/30/2016,2882,7.380171989
12/30/2016,2883,7.380397956
12/30/2016,2884,7.380623923
12/30/2016,2885,7.38084989
12/30/2016,2886,7.381075857
12/30/2016,2887,7.381301824
12/30/2016,2888,7.381527791
12/30/2016,2889,7.381753758
12/30/2016,2890,7.381979725
12/30/2016,2891,7.382205692
12/30/2016,2892,7.382431659
12/30/2016,2893,7.382657626
12/30/2016,2894,7.382883593
12/30/2016,2895,7.38310956
12/30/2016,2896,7.383335527
12/30/2016,2897,7.383561495
12/30/2016,2898,7.383787462
12/30/2016,2899,7.384013429
12/30/2016,2900,7.384239396
12/30/2016,2901,7.384465363
12/30/2016,2902,7.38469133
12/30/2016,2903,7.384917297
12/30/2016,2904,7.385143264
12/30/2016,2905,7.385369231
12/30/2016,2906,7.385595198
12/30/2016,2907,7.385821165
12/30/2016,2908,7.386047132
12/30/2016,2909,7.386273099
12/30/2016,2910,7.386499066
12/30/2016,2911,7.386725033
12/30/2016,2912,7.386951
12/30/2016,2913,7.387013522
12/30/2016,2914,7.387076044
12/30/2016,2915,7.387138566
12/30/2016,2916,7.387201088
12/30/2016,2917,7.38726361
12/30/2016,2918,7.387326132
12/30/2016,2919,7.387388654
12/30/2016,2920,7.387451176
12/30/2016,2921,7.387513698
12/30/2016,2922,7.38757622
12/30/2016,2923,7.387638742
12/30/2016,2924,7.387701264
12/30/2016,2925,7.387763786
12/30/2016,2926,7.387826308
12/30/2016,2927,7.38788883
12/30/2016,2928,7.387951352
12/30/2016,2929,7.388013874
12/30/2016,2930,7.388076396
12/30/2016,2931,7.388138918
12/30/2016,2932,7.38820144
12/30/2016,2933,7.388263962
12/30/2016,2934,7.388326484
12/30/2016,2935,7.388389005
12/30/2016,2936,7.388451527
12/30/2016,2937,7.388514049
12/30/2016,2938,7.388576571
12/30/2016,2939,7.388639093
12/30/2016,2940,7.388701615
12/30/2016,2941,7.388764137
12/30/2016,2942,7.388826659
12/30/2016,2943,7.388889181
12/30/2016,2944,7.388951703
12/30/2016,2945,7.389014225
12/30/2016,2946,7.389076747
12/30/2016,2947,7.389139269
12/30/2016,2948,7.389201791
12/30/2016,2949,7.389264313
12/30/2016,2950,7.389326835
12/30/2016,2951,7.389389357
12/30/2016,2952,7.389451879
12/30/2016,2953,7.389514401
12/30/2016,2954,7.389576923
12/30/2016,2955,7.389639445
12/30/2016,2956,7.389701967
12/30/2016,2957,7.389764489
12/30/2016,2958,7.389827011
12/30/2016,2959,7.389889533
12/30/2016,2960,7.389952055
12/30/2016,2961,7.390014577
12/30/2016,2962,7.390077099
12/30/2016,2963,7.390139621
12/30/2016,2964,7.390202143
12/30/2016,2965,7.390264665
12/30/2016,2966,7.390327187
12/30/2016,2967,7.390389709
12/30/2016,2968,7.390452231
12/30/2016,2969,7.390514753
12/30/2016,2970,7.390577275
12/30/2016,2971,7.390639797
12/30/2016,2972,7.390702319
12/30/2016,2973,7.390764841
12/30/2016,2974,7.390827363
12/30/2016,2975,7.390889885
12/30/2016,2976,7.390952407
12/30/2016,2977,7.391014929
12/30/2016,2978,7.391077451
12/30/2016,2979,7.391139973
12/30/2016,2980,7.391202495
12/30/2016,2981,7.391265016
12/30/2016,2982,7.391327538
12/30/2016,2983,7.39139006
12/30/2016,2984,7.391452582
12/30/2016,2985,7.391515104
12/30/2016,2986,7.391577626
12/30/2016,2987,7.391640148
12/30/2016,2988,7.39170267
12/30/2016,2989,7.391765192
12/30/2016,2990,7.391827714
12/30/2016,2991,7.391890236
12/30/2016,2992,7.391952758
12/30/2016,2993,7.39201528
12/30/2016,2994,7.392077802
12/30/2016,2995,7.392140324
12/30/2016,2996,7.392202846
12/30/2016,2997,7.392265368
12/30/2016,2998,7.39232789
12/30/2016,2999,7.392390412
12/30/2016,3000,7.392452934
12/30/2016,3001,7.392515456
12/30/2016,3002,7.392577978
12/30/2016,3003,7.3926405
12/30/2016,3004,7.392703022
12/30/2016,3005,7.392765544
12/30/2016,3006,7.392828066
12/30/2016,3007,7.392890588
12/30/2016,3008,7.39295311
12/30/2016,3009,7.393015632
12/30/2016,3010,7.393078154
12/30/2016,3011,7.393140676
12/30/2016,3012,7.393203198
12/30/2016,3013,7.39326572
12/30/2016,3014,7.393328242
12/30/2016,3015,7.393390764
12/30/2016,3016,7.393453286
12/30/2016,3017,7.393515808
12/30/2016,3018,7.39357833
12/30/2016,3019,7.393640852
12/30/2016,3020,7.393703374
12/30/2016,3021,7.393765896
12/30/2016,3022,7.393828418
12/30/2016,3023,7.39389094
12/30/2016,3024,7.393953462
12/30/2016,3025,7.394015984
12/30/2016,3026,7.394078505
12/30/2016,3027,7.394141027
12/30/2016,3028,7.394203549
12/30/2016,3029,7.394266071
12/30/2016,3030,7.394328593
12/30/2016,3031,7.394391115
12/30/2016,3032,7.394453637
12/30/2016,3033,7.394516159
12/30/2016,3034,7.394578681
12/30/2016,3035,7.394641203
12/30/2016,3036,7.394703725
12/30/2016,3037,7.394766247
12/30/2016,3038,7.394828769
12/30/2016,3039,7.394891291
12/30/2016,3040,7.394953813
12/30/2016,3041,7.395016335
12/30/2016,3042,7.395078857
12/30/2016,3043,7.395141379
12/30/2016,3044,7.395203901
12/30/2016,3045,7.395266423
12/30/2016,3046,7.395328945
12/30/2016,3047,7.395391467
12/30/2016,3048,7.395453989
12/30/2016,3049,7.395516511
12/30/2016,3050,7.395579033
12/30/2016,3051,7.395641555
12/30/2016,3052,7.395704077
12/30/2016,3053,7.395766599
12/30/2016,3054,7.395829121
12/30/2016,3055,7.395891643
12/30/2016,3056,7.395954165
12/30/2016,3057,7.396016687
12/30/2016,3058,7.396079209
12/30/2016,3059,7.396141731
12/30/2016,3060,7.396204253
12/30/2016,3061,7.396266775
12/30/2016,3062,7.396329297
12/30/2016,3063,7.396391819
12/30/2016,3064,7.396454341
12/30/2016,3065,7.396516863
12/30/2016,3066,7.396579385
12/30/2016,3067,7.396641907
12/30/2016,3068,7.396704429
12/30/2016,3069,7.396766951
12/30/2016,3070,7.396829473
12/30/2016,3071,7.396891995
12/30/2016,3072,7.396954516
12/30/2016,3073,7.397017038
12/30/2016,3074,7.39707956
12/30/2016,3075,7.397142082
12/30/2016,3076,7.397204604
12/30/2016,3077,7.397267126
12/30/2016,3078,7.397329648
12/30/2016,3079,7.39739217
12/30/2016,3080,7.397454692
12/30/2016,3081,7.397517214
12/30/2016,3082,7.397579736
12/30/2016,3083,7.397642258
12/30/2016,3084,7.39770478
12/30/2016,3085,7.397767302
12/30/2016,3086,7.397829824
12/30/2016,3087,7.397892346
12/30/2016,3088,7.397954868
12/30/2016,3089,7.39801739
12/30/2016,3090,7.398079912
12/30/2016,3091,7.398142434
12/30/2016,3092,7.398204956
12/30/2016,3093,7.398267478
12/30/2016,3094,7.39833
12/30/2016,3095,7.398545973
12/30/2016,3096,7.398761945
12/30/2016,3097,7.398977918
12/30/2016,3098,7.39919389
12/30/2016,3099,7.399409863
12/30/2016,3100,7.399625835
12/30/2016,3101,7.399841808
12/30/2016,3102,7.40005778
12/30/2016,3103,7.400273753
12/30/2016,3104,7.400489725
12/30/2016,3105,7.400705698
12/30/2016,3106,7.40092167
12/30/2016,3107,7.401137643
12/30/2016,3108,7.401353615
12/30/2016,3109,7.401569588
12/30/2016,3110,7.40178556
12/30/2016,3111,7.402001533
12/30/2016,3112,7.402217505
12/30/2016,3113,7.402433478
12/30/2016,3114,7.402649451
12/30/2016,3115,7.402865423
12/30/2016,3116,7.403081396
12/30/2016,3117,7.403297368
12/30/2016,3118,7.403513341
12/30/2016,3119,7.403729313
12/30/2016,3120,7.403945286
12/30/2016,3121,7.404161258
12/30/2016,3122,7.404377231
12/30/2016,3123,7.404593203
12/30/2016,3124,7.404809176
12/30/2016,3125,7.405025148
12/30/2016,3126,7.405241121
12/30/2016,3127,7.405457093
12/30/2016,3128,7.405673066
12/30/2016,3129,7.405889038
12/30/2016,3130,7.406105011
12/30/2016,3131,7.406320984
12/30/2016,3132,7.406536956
12/30/2016,3133,7.406752929
12/30/2016,3134,7.406968901
12/30/2016,3135,7.407184874
12/30/2016,3136,7.407400846
12/30/2016,3137,7.407616819
12/30/2016,3138,7.407832791
12/30/2016,3139,7.408048764
12/30/2016,3140,7.408264736
12/30/2016,3141,7.408480709
12/30/2016,3142,7.408696681
12/30/2016,3143,7.408912654
12/30/2016,3144,7.409128626
12/30/2016,3145,7.409344599
12/30/2016,3146,7.409560571
12/30/2016,3147,7.409776544
12/30/2016,3148,7.409992516
12/30/2016,3149,7.410208489
12/30/2016,3150,7.410424462
12/30/2016,3151,7.410640434
12/30/2016,3152,7.410856407
12/30/2016,3153,7.411072379
12/30/2016,3154,7.411288352
12/30/2016,3155,7.411504324
12/30/2016,3156,7.411720297
12/30/2016,3157,7.411936269
12/30/2016,3158,7.412152242
12/30/2016,3159,7.412368214
12/30/2016,3160,7.412584187
12/30/2016,3161,7.412800159
12/30/2016,3162,7.413016132
12/30/2016,3163,7.413232104
12/30/2016,3164,7.413448077
12/30/2016,3165,7.413664049
12/30/2016,3166,7.413880022
12/30/2016,3167,7.414095995
12/30/2016,3168,7.414311967
12/30/2016,3169,7.41452794
12/30/2016,3170,7.414743912
12/30/2016,3171,7.414959885
12/30/2016,3172,7.415175857
12/30/2016,3173,7.41539183
12/30/2016,3174,7.415607802
12/30/2016,3175,7.415823775
12/30/2016,3176,7.416039747
12/30/2016,3177,7.41625572
12/30/2016,3178,7.416471692
12/30/2016,3179,7.416687665
12/30/2016,3180,7.416903637
12/30/2016,3181,7.41711961
12/30/2016,3182,7.417335582
12/30/2016,3183,7.417551555
12/30/2016,3184,7.417767527
12/30/2016,3185,7.4179835
12/30/2016,3186,7.418199473
12/30/2016,3187,7.418415445
12/30/2016,3188,7.418631418
12/30/2016,3189,7.41884739
12/30/2016,3190,7.419063363
12/30/2016,3191,7.419279335
12/30/2016,3192,7.419495308
12/30/2016,3193,7.41971128
12/30/2016,3194,7.419927253
12/30/2016,3195,7.420143225
12/30/2016,3196,7.420359198
12/30/2016,3197,7.42057517
12/30/2016,3198,7.420791143
12/30/2016,3199,7.421007115
12/30/2016,3200,7.421223088
12/30/2016,3201,7.42143906
12/30/2016,3202,7.421655033
12/30/2016,3203,7.421871005
12/30/2016,3204,7.422086978
12/30/2016,3205,7.422302951
12/30/2016,3206,7.422518923
12/30/2016,3207,7.422734896
12/30/2016,3208,7.422950868
12/30/2016,3209,7.423166841
12/30/2016,3210,7.423382813
12/30/2016,3211,7.423598786
12/30/2016,3212,7.423814758
12/30/2016,3213,7.424030731
12/30/2016,3214,7.424246703
12/30/2016,3215,7.424462676
12/30/2016,3216,7.424678648
12/30/2016,3217,7.424894621
12/30/2016,3218,7.425110593
12/30/2016,3219,7.425326566
12/30/2016,3220,7.425542538
12/30/2016,3221,7.425758511
12/30/2016,3222,7.425974484
12/30/2016,3223,7.426190456
12/30/2016,3224,7.426406429
12/30/2016,3225,7.426622401
12/30/2016,3226,7.426838374
12/30/2016,3227,7.427054346
12/30/2016,3228,7.427270319
12/30/2016,3229,7.427486291
12/30/2016,3230,7.427702264
12/30/2016,3231,7.427918236
12/30/2016,3232,7.428134209
12/30/2016,3233,7.428350181
12/30/2016,3234,7.428566154
12/30/2016,3235,7.428782126
12/30/2016,3236,7.428998099
12/30/2016,3237,7.429214071
12/30/2016,3238,7.429430044
12/30/2016,3239,7.429646016
12/30/2016,3240,7.429861989
12/30/2016,3241,7.430077962
12/30/2016,3242,7.430293934
12/30/2016,3243,7.430509907
12/30/2016,3244,7.430725879
12/30/2016,3245,7.430941852
12/30/2016,3246,7.431157824
12/30/2016,3247,7.431373797
12/30/2016,3248,7.431589769
12/30/2016,3249,7.431805742
12/30/2016,3250,7.432021714
12/30/2016,3251,7.432237687
12/30/2016,3252,7.432453659
12/30/2016,3253,7.432669632
12/30/2016,3254,7.432885604
12/30/2016,3255,7.433101577
12/30/2016,3256,7.433317549
12/30/2016,3257,7.433533522
12/30/2016,3258,7.433749495
12/30/2016,3259,7.433965467
12/30/2016,3260,7.43418144
12/30/2016,3261,7.434397412
12/30/2016,3262,7.434613385
12/30/2016,3263,7.434829357
12/30/2016,3264,7.43504533
12/30/2016,3265,7.435261302
12/30/2016,3266,7.435477275
12/30/2016,3267,7.435693247
12/30/2016,3268,7.43590922
12/30/2016,3269,7.436125192
12/30/2016,3270,7.436341165
12/30/2016,3271,7.436557137
12/30/2016,3272,7.43677311
12/30/2016,3273,7.436989082
12/30/2016,3274,7.437205055
12/30/2016,3275,7.437421027
12/30/2016,3276,7.437637
12/30/2016,3277,7.437847758
12/30/2016,3278,7.438058516
12/30/2016,3279,7.438269275
12/30/2016,3280,7.438480033
12/30/2016,3281,7.438690791
12/30/2016,3282,7.438901549
12/30/2016,3283,7.439112308
12/30/2016,3284,7.439323066
12/30/2016,3285,7.439533824
12/30/2016,3286,7.439744582
12/30/2016,3287,7.439955341
12/30/2016,3288,7.440166099
12/30/2016,3289,7.440376857
12/30/2016,3290,7.440587615
12/30/2016,3291,7.440798374
12/30/2016,3292,7.441009132
12/30/2016,3293,7.44121989
12/30/2016,3294,7.441430648
12/30/2016,3295,7.441641407
12/30/2016,3296,7.441852165
12/30/2016,3297,7.442062923
12/30/2016,3298,7.442273681
12/30/2016,3299,7.44248444
12/30/2016,3300,7.442695198
12/30/2016,3301,7.442905956
12/30/2016,3302,7.443116714
12/30/2016,3303,7.443327473
12/30/2016,3304,7.443538231
12/30/2016,3305,7.443748989
12/30/2016,3306,7.443959747
12/30/2016,3307,7.444170505
12/30/2016,3308,7.444381264
12/30/2016,3309,7.444592022
12/30/2016,3310,7.44480278
12/30/2016,3311,7.445013538
12/30/2016,3312,7.445224297
12/30/2016,3313,7.445435055
12/30/2016,3314,7.445645813
12/30/2016,3315,7.445856571
12/30/2016,3316,7.44606733
12/30/2016,3317,7.446278088
12/30/2016,3318,7.446488846
12/30/2016,3319,7.446699604
12/30/2016,3320,7.446910363
12/30/2016,3321,7.447121121
12/30/2016,3322,7.447331879
12/30/2016,3323,7.447542637
12/30/2016,3324,7.447753396
12/30/2016,3325,7.447964154
12/30/2016,3326,7.448174912
12/30/2016,3327,7.44838567
12/30/2016,3328,7.448596429
12/30/2016,3329,7.448807187
12/30/2016,3330,7.449017945
12/30/2016,3331,7.449228703
12/30/2016,3332,7.449439462
12/30/2016,3333,7.44965022
12/30/2016,3334,7.449860978
12/30/2016,3335,7.450071736
12/30/2016,3336,7.450282495
12/30/2016,3337,7.450493253
12/30/2016,3338,7.450704011
12/30/2016,3339,7.450914769
12/30/2016,3340,7.451125527
12/30/2016,3341,7.451336286
12/30/2016,3342,7.451547044
12/30/2016,3343,7.451757802
12/30/2016,3344,7.45196856
12/30/2016,3345,7.452179319
12/30/2016,3346,7.452390077
12/30/2016,3347,7.452600835
12/30/2016,3348,7.452811593
12/30/2016,3349,7.453022352
12/30/2016,3350,7.45323311
12/30/2016,3351,7.453443868
12/30/2016,3352,7.453654626
12/30/2016,3353,7.453865385
12/30/2016,3354,7.454076143
12/30/2016,3355,7.454286901
12/30/2016,3356,7.454497659
12/30/2016,3357,7.454708418
12/30/2016,3358,7.454919176
12/30/2016,3359,7.455129934
12/30/2016,3360,7.455340692
12/30/2016,3361,7.455551451
12/30/2016,3362,7.455762209
12/30/2016,3363,7.455972967
12/30/2016,3364,7.456183725
12/30/2016,3365,7.456394484
12/30/2016,3366,7.456605242
12/30/2016,3367,7.456816
12/30/2016,3368,7.457026758
12/30/2016,3369,7.457237516
12/30/2016,3370,7.457448275
12/30/2016,3371,7.457659033
12/30/2016,3372,7.457869791
12/30/2016,3373,7.458080549
12/30/2016,3374,7.458291308
12/30/2016,3375,7.458502066
12/30/2016,3376,7.458712824
12/30/2016,3377,7.458923582
12/30/2016,3378,7.459134341
12/30/2016,3379,7.459345099
12/30/2016,3380,7.459555857
12/30/2016,3381,7.459766615
12/30/2016,3382,7.459977374
12/30/2016,3383,7.460188132
12/30/2016,3384,7.46039889
12/30/2016,3385,7.460609648
12/30/2016,3386,7.460820407
12/30/2016,3387,7.461031165
12/30/2016,3388,7.461241923
12/30/2016,3389,7.461452681
12/30/2016,3390,7.46166344
12/30/2016,3391,7.461874198
12/30/2016,3392,7.462084956
12/30/2016,3393,7.462295714
12/30/2016,3394,7.462506473
12/30/2016,3395,7.462717231
12/30/2016,3396,7.462927989
12/30/2016,3397,7.463138747
12/30/2016,3398,7.463349505
12/30/2016,3399,7.463560264
12/30/2016,3400,7.463771022
12/30/2016,3401,7.46398178
12/30/2016,3402,7.464192538
12/30/2016,3403,7.464403297
12/30/2016,3404,7.464614055
12/30/2016,3405,7.464824813
12/30/2016,3406,7.465035571
12/30/2016,3407,7.46524633
12/30/2016,3408,7.465457088
12/30/2016,3409,7.465667846
12/30/2016,3410,7.465878604
12/30/2016,3411,7.466089363
12/30/2016,3412,7.466300121
12/30/2016,3413,7.466510879
12/30/2016,3414,7.466721637
12/30/2016,3415,7.466932396
12/30/2016,3416,7.467143154
12/30/2016,3417,7.467353912
12/30/2016,3418,7.46756467
12/30/2016,3419,7.467775429
12/30/2016,3420,7.467986187
12/30/2016,3421,7.468196945
12/30/2016,3422,7.468407703
12/30/2016,3423,7.468618462
12/30/2016,3424,7.46882922
12/30/2016,3425,7.469039978
12/30/2016,3426,7.469250736
12/30/2016,3427,7.469461495
12/30/2016,3428,7.469672253
12/30/2016,3429,7.469883011
12/30/2016,3430,7.470093769
12/30/2016,3431,7.470304527
12/30/2016,3432,7.470515286
12/30/2016,3433,7.470726044
12/30/2016,3434,7.470936802
12/30/2016,3435,7.47114756
12/30/2016,3436,7.471358319
12/30/2016,3437,7.471569077
12/30/2016,3438,7.471779835
12/30/2016,3439,7.471990593
12/30/2016,3440,7.472201352
12/30/2016,3441,7.47241211
12/30/2016,3442,7.472622868
12/30/2016,3443,7.472833626
12/30/2016,3444,7.473044385
12/30/2016,3445,7.473255143
12/30/2016,3446,7.473465901
12/30/2016,3447,7.473676659
12/30/2016,3448,7.473887418
12/30/2016,3449,7.474098176
12/30/2016,3450,7.474308934
12/30/2016,3451,7.474519692
12/30/2016,3452,7.474730451
12/30/2016,3453,7.474941209
12/30/2016,3454,7.475151967
12/30/2016,3455,7.475362725
12/30/2016,3456,7.475573484
12/30/2016,3457,7.475784242
12/30/2016,3458,7.475995
12/30/2016,3459,7.476213319
12/30/2016,3460,7.476431637
12/30/2016,3461,7.476649956
12/30/2016,3462,7.476868275
12/30/2016,3463,7.477086593
12/30/2016,3464,7.477304912
12/30/2016,3465,7.477523231
12/30/2016,3466,7.477741549
12/30/2016,3467,7.477959868
12/30/2016,3468,7.478178187
12/30/2016,3469,7.478396505
12/30/2016,3470,7.478614824
12/30/2016,3471,7.478833143
12/30/2016,3472,7.479051462
12/30/2016,3473,7.47926978
12/30/2016,3474,7.479488099
12/30/2016,3475,7.479706418
12/30/2016,3476,7.479924736
12/30/2016,3477,7.480143055
12/30/2016,3478,7.480361374
12/30/2016,3479,7.480579692
12/30/2016,3480,7.480798011
12/30/2016,3481,7.48101633
12/30/2016,3482,7.481234648
12/30/2016,3483,7.481452967
12/30/2016,3484,7.481671286
12/30/2016,3485,7.481889604
12/30/2016,3486,7.482107923
12/30/2016,3487,7.482326242
12/30/2016,3488,7.48254456
12/30/2016,3489,7.482762879
12/30/2016,3490,7.482981198
12/30/2016,3491,7.483199516
12/30/2016,3492,7.483417835
12/30/2016,3493,7.483636154
12/30/2016,3494,7.483854473
12/30/2016,3495,7.484072791
12/30/2016,3496,7.48429111
12/30/2016,3497,7.484509429
12/30/2016,3498,7.484727747
12/30/2016,3499,7.484946066
12/30/2016,3500,7.485164385
12/30/2016,3501,7.485382703
12/30/2016,3502,7.485601022
12/30/2016,3503,7.485819341
12/30/2016,3504,7.486037659
12/30/2016,3505,7.486255978
12/30/2016,3506,7.486474297
12/30/2016,3507,7.486692615
12/30/2016,3508,7.486910934
12/30/2016,3509,7.487129253
12/30/2016,3510,7.487347571
12/30/2016,3511,7.48756589
12/30/2016,3512,7.487784209
12/30/2016,3513,7.488002527
12/30/2016,3514,7.488220846
12/30/2016,3515,7.488439165
12/30/2016,3516,7.488657484
12/30/2016,3517,7.488875802
12/30/2016,3518,7.489094121
12/30/2016,3519,7.48931244
12/30/2016,3520,7.489530758
12/30/2016,3521,7.489749077
12/30/2016,3522,7.489967396
12/30/2016,3523,7.490185714
12/30/2016,3524,7.490404033
12/30/2016,3525,7.490622352
12/30/2016,3526,7.49084067
12/30/2016,3527,7.491058989
12/30/2016,3528,7.491277308
12/30/2016,3529,7.491495626
12/30/2016,3530,7.491713945
12/30/2016,3531,7.491932264
12/30/2016,3532,7.492150582
12/30/2016,3533,7.492368901
12/30/2016,3534,7.49258722
12/30/2016,3535,7.492805538
12/30/2016,3536,7.493023857
12/30/2016,3537,7.493242176
12/30/2016,3538,7.493460495
12/30/2016,3539,7.493678813
12/30/2016,3540,7.493897132
12/30/2016,3541,7.494115451
12/30/2016,3542,7.494333769
12/30/2016,3543,7.494552088
12/30/2016,3544,7.494770407
12/30/2016,3545,7.494988725
12/30/2016,3546,7.495207044
12/30/2016,3547,7.495425363
12/30/2016,3548,7.495643681
12/30/2016,3549,7.495862
12/30/2016,3550,7.496080319
12/30/2016,3551,7.496298637
12/30/2016,3552,7.496516956
12/30/2016,3553,7.496735275
12/30/2016,3554,7.496953593
12/30/2016,3555,7.497171912
12/30/2016,3556,7.497390231
12/30/2016,3557,7.497608549
12/30/2016,3558,7.497826868
12/30/2016,3559,7.498045187
12/30/2016,3560,7.498263505
12/30/2016,3561,7.498481824
12/30/2016,3562,7.498700143
12/30/2016,3563,7.498918462
12/30/2016,3564,7.49913678
12/30/2016,3565,7.499355099
12/30/2016,3566,7.499573418
12/30/2016,3567,7.499791736
12/30/2016,3568,7.500010055
12/30/2016,3569,7.500228374
12/30/2016,3570,7.500446692
12/30/2016,3571,7.500665011
12/30/2016,3572,7.50088333
12/30/2016,3573,7.501101648
12/30/2016,3574,7.501319967
12/30/2016,3575,7.501538286
12/30/2016,3576,7.501756604
12/30/2016,3577,7.501974923
12/30/2016,3578,7.502193242
12/30/2016,3579,7.50241156
12/30/2016,3580,7.502629879
12/30/2016,3581,7.502848198
12/30/2016,3582,7.503066516
12/30/2016,3583,7.503284835
12/30/2016,3584,7.503503154
12/30/2016,3585,7.503721473
12/30/2016,3586,7.503939791
12/30/2016,3587,7.50415811
12/30/2016,3588,7.504376429
12/30/2016,3589,7.504594747
12/30/2016,3590,7.504813066
12/30/2016,3591,7.505031385
12/30/2016,3592,7.505249703
12/30/2016,3593,7.505468022
12/30/2016,3594,7.505686341
12/30/2016,3595,7.505904659
12/30/2016,3596,7.506122978
12/30/2016,3597,7.506341297
12/30/2016,3598,7.506559615
12/30/2016,3599,7.506777934
12/30/2016,3600,7.506996253
12/30/2016,3601,7.507214571
12/30/2016,3602,7.50743289
12/30/2016,3603,7.507651209
12/30/2016,3604,7.507869527
12/30/2016,3605,7.508087846
12/30/2016,3606,7.508306165
12/30/2016,3607,7.508524484
12/30/2016,3608,7.508742802
12/30/2016,3609,7.508961121
12/30/2016,3610,7.50917944
12/30/2016,3611,7.509397758
12/30/2016,3612,7.509616077
12/30/2016,3613,7.509834396
12/30/2016,3614,7.510052714
12/30/2016,3615,7.510271033
12/30/2016,3616,7.510489352
12/30/2016,3617,7.51070767
12/30/2016,3618,7.510925989
12/30/2016,3619,7.511144308
12/30/2016,3620,7.511362626
12/30/2016,3621,7.511580945
12/30/2016,3622,7.511799264
12/30/2016,3623,7.512017582
12/30/2016,3624,7.512235901
12/30/2016,3625,7.51245422
12/30/2016,3626,7.512672538
12/30/2016,3627,7.512890857
12/30/2016,3628,7.513109176
12/30/2016,3629,7.513327495
12/30/2016,3630,7.513545813
12/30/2016,3631,7.513764132
12/30/2016,3632,7.513982451
12/30/2016,3633,7.514200769
12/30/2016,3634,7.514419088
12/30/2016,3635,7.514637407
12/30/2016,3636,7.514855725
12/30/2016,3637,7.515074044
12/30/2016,3638,7.515292363
12/30/2016,3639,7.515510681
12/30/2016,3640,7.515729
12/30/2016,3641,7.516013769
12/30/2016,3642,7.516298538
12/30/2016,3643,7.516583308
12/30/2016,3644,7.516868077
12/30/2016,3645,7.517152846
12/30/2016,3646,7.517437615
12/30/2016,3647,7.517722385
12/30/2016,3648,7.518007154
12/30/2016,3649,7.518291923
12/30/2016,3650,7.518576692
12/30/2016,3651,7.518861462
12/30/2016,3652,7.519146231
12/30/2016,3653,7.519431
12/30/2016,3654,7.519715769
12/30/2016,3655,7.520000538
12/30/2016,3656,7.520285308
12/30/2016,3657,7.520570077
12/30/2016,3658,7.520854846
12/30/2016,3659,7.521139615
12/30/2016,3660,7.521424385
12/30/2016,3661,7.521709154
12/30/2016,3662,7.521993923
12/30/2016,3663,7.522278692
12/30/2016,3664,7.522563462
12/30/2016,3665,7.522848231
12/30/2016,3666,7.523133
12/30/2016,3667,7.523417769
12/30/2016,3668,7.523702538
12/30/2016,3669,7.523987308
12/30/2016,3670,7.524272077
12/30/2016,3671,7.524556846
12/30/2016,3672,7.524841615
12/30/2016,3673,7.525126385
12/30/2016,3674,7.525411154
12/30/2016,3675,7.525695923
12/30/2016,3676,7.525980692
12/30/2016,3677,7.526265462
12/30/2016,3678,7.526550231
12/30/2016,3679,7.526835
12/30/2016,3680,7.527119769
12/30/2016,3681,7.527404538
12/30/2016,3682,7.527689308
12/30/2016,3683,7.527974077
12/30/2016,3684,7.528258846
12/30/2016,3685,7.528543615
12/30/2016,3686,7.528828385
12/30/2016,3687,7.529113154
12/30/2016,3688,7.529397923
12/30/2016,3689,7.529682692
12/30/2016,3690,7.529967462
12/30/2016,3691,7.530252231
12/30/2016,3692,7.530537
12/30/2016,3693,7.530821769
12/30/2016,3694,7.531106538
12/30/2016,3695,7.531391308
12/30/2016,3696,7.531676077
12/30/2016,3697,7.531960846
12/30/2016,3698,7.532245615
12/30/2016,3699,7.532530385
12/30/2016,3700,7.532815154
12/30/2016,3701,7.533099923
12/30/2016,3702,7.533384692
12/30/2016,3703,7.533669462
12/30/2016,3704,7.533954231
12/30/2016,3705,7.534239
12/30/2016,3706,7.534523769
12/30/2016,3707,7.534808538
12/30/2016,3708,7.535093308
12/30/2016,3709,7.535378077
12/30/2016,3710,7.535662846
12/30/2016,3711,7.535947615
12/30/2016,3712,7.536232385
12/30/2016,3713,7.536517154
12/30/2016,3714,7.536801923
12/30/2016,3715,7.537086692
12/30/2016,3716,7.537371462
12/30/2016,3717,7.537656231
12/30/2016,3718,7.537941
12/30/2016,3719,7.538225769
12/30/2016,3720,7.538510538
12/30/2016,3721,7.538795308
12/30/2016,3722,7.539080077
12/30/2016,3723,7.539364846
12/30/2016,3724,7.539649615
12/30/2016,3725,7.539934385
12/30/2016,3726,7.540219154
12/30/2016,3727,7.540503923
12/30/2016,3728,7.540788692
12/30/2016,3729,7.541073462
12/30/2016,3730,7.541358231
12/30/2016,3731,7.541643
12/30/2016,3732,7.541927769
12/30/2016,3733,7.542212538
12/30/2016,3734,7.542497308
12/30/2016,3735,7.542782077
12/30/2016,3736,7.543066846
12/30/2016,3737,7.543351615
12/30/2016,3738,7.543636385
12/30/2016,3739,7.543921154
12/30/2016,3740,7.544205923
12/30/2016,3741,7.544490692
12/30/2016,3742,7.544775462
12/30/2016,3743,7.545060231
12/30/2016,3744,7.545345
12/30/2016,3745,7.545629769
12/30/2016,3746,7.545914538
12/30/2016,3747,7.546199308
12/30/2016,3748,7.546484077
12/30/2016,3749,7.546768846
12/30/2016,3750,7.547053615
12/30/2016,3751,7.547338385
12/30/2016,3752,7.547623154
12/30/2016,3753,7.547907923
12/30/2016,3754,7.548192692
12/30/2016,3755,7.548477462
12/30/2016,3756,7.548762231
12/30/2016,3757,7.549047
12/30/2016,3758,7.549331769
12/30/2016,3759,7.549616538
12/30/2016,3760,7.549901308
12/30/2016,3761,7.550186077
12/30/2016,3762,7.550470846
12/30/2016,3763,7.550755615
12/30/2016,3764,7.551040385
12/30/2016,3765,7.551325154
12/30/2016,3766,7.551609923
12/30/2016,3767,7.551894692
12/30/2016,3768,7.552179462
12/30/2016,3769,7.552464231
12/30/2016,3770,7.552749
12/30/2016,3771,7.553033769
12/30/2016,3772,7.553318538
12/30/2016,3773,7.553603308
12/30/2016,3774,7.553888077
12/30/2016,3775,7.554172846
12/30/2016,3776,7.554457615
12/30/2016,3777,7.554742385
12/30/2016,3778,7.555027154
12/30/2016,3779,7.555311923
12/30/2016,3780,7.555596692
12/30/2016,3781,7.555881462
12/30/2016,3782,7.556166231
12/30/2016,3783,7.556451
12/30/2016,3784,7.556735769
12/30/2016,3785,7.557020538
12/30/2016,3786,7.557305308
12/30/2016,3787,7.557590077
12/30/2016,3788,7.557874846
12/30/2016,3789,7.558159615
12/30/2016,3790,7.558444385
12/30/2016,3791,7.558729154
12/30/2016,3792,7.559013923
12/30/2016,3793,7.559298692
12/30/2016,3794,7.559583462
12/30/2016,3795,7.559868231
12/30/2016,3796,7.560153
12/30/2016,3797,7.560437769
12/30/2016,3798,7.560722538
12/30/2016,3799,7.561007308
12/30/2016,3800,7.561292077
12/30/2016,3801,7.561576846
12/30/2016,3802,7.561861615
12/30/2016,3803,7.562146385
12/30/2016,3804,7.562431154
12/30/2016,3805,7.562715923
12/30/2016,3806,7.563000692
12/30/2016,3807,7.563285462
12/30/2016,3808,7.563570231
12/30/2016,3809,7.563855
12/30/2016,3810,7.564139769
12/30/2016,3811,7.564424538
12/30/2016,3812,7.564709308
12/30/2016,3813,7.564994077
12/30/2016,3814,7.565278846
12/30/2016,3815,7.565563615
12/30/2016,3816,7.565848385
12/30/2016,3817,7.566133154
12/30/2016,3818,7.566417923
12/30/2016,3819,7.566702692
12/30/2016,3820,7.566987462
12/30/2016,3821,7.567272231
12/30/2016,3822,7.567557
12/30/2016,3823,7.567729412
12/30/2016,3824,7.567901824
12/30/2016,3825,7.568074236
12/30/2016,3826,7.568246648
12/30/2016,3827,7.56841906
12/30/2016,3828,7.568591473
12/30/2016,3829,7.568763885
12/30/2016,3830,7.568936297
12/30/2016,3831,7.569108709
12/30/2016,3832,7.569281121
12/30/2016,3833,7.569453533
12/30/2016,3834,7.569625945
12/30/2016,3835,7.569798357
12/30/2016,3836,7.569970769
12/30/2016,3837,7.570143181
12/30/2016,3838,7.570315593
12/30/2016,3839,7.570488005
12/30/2016,3840,7.570660418
12/30/2016,3841,7.57083283
12/30/2016,3842,7.571005242
12/30/2016,3843,7.571177654
12/30/2016,3844,7.571350066
12/30/2016,3845,7.571522478
12/30/2016,3846,7.57169489
12/30/2016,3847,7.571867302
12/30/2016,3848,7.572039714
12/30/2016,3849,7.572212126
12/30/2016,3850,7.572384538
12/30/2016,3851,7.572556951
12/30/2016,3852,7.572729363
12/30/2016,3853,7.572901775
12/30/2016,3854,7.573074187
12/30/2016,3855,7.573246599
12/30/2016,3856,7.573419011
12/30/2016,3857,7.573591423
12/30/2016,3858,7.573763835
12/30/2016,3859,7.573936247
12/30/2016,3860,7.574108659
12/30/2016,3861,7.574281071
12/30/2016,3862,7.574453484
12/30/2016,3863,7.574625896
12/30/2016,3864,7.574798308
12/30/2016,3865,7.57497072
12/30/2016,3866,7.575143132
12/30/2016,3867,7.575315544
12/30/2016,3868,7.575487956
12/30/2016,3869,7.575660368
12/30/2016,3870,7.57583278
12/30/2016,3871,7.576005192
12/30/2016,3872,7.576177604
12/30/2016,3873,7.576350016
12/30/2016,3874,7.576522429
12/30/2016,3875,7.576694841
12/30/2016,3876,7.576867253
12/30/2016,3877,7.577039665
12/30/2016,3878,7.577212077
12/30/2016,3879,7.577384489
12/30/2016,3880,7.577556901
12/30/2016,3881,7.577729313
12/30/2016,3882,7.577901725
12/30/2016,3883,7.578074137
12/30/2016,3884,7.578246549
12/30/2016,3885,7.578418962
12/30/2016,3886,7.578591374
12/30/2016,3887,7.578763786
12/30/2016,3888,7.578936198
12/30/2016,3889,7.57910861
12/30/2016,3890,7.579281022
12/30/2016,3891,7.579453434
12/30/2016,3892,7.579625846
12/30/2016,3893,7.579798258
12/30/2016,3894,7.57997067
12/30/2016,3895,7.580143082
12/30/2016,3896,7.580315495
12/30/2016,3897,7.580487907
12/30/2016,3898,7.580660319
12/30/2016,3899,7.580832731
12/30/2016,3900,7.581005143
12/30/2016,3901,7.581177555
12/30/2016,3902,7.581349967
12/30/2016,3903,7.581522379
12/30/2016,3904,7.581694791
12/30/2016,3905,7.581867203
12/30/2016,3906,7.582039615
12/30/2016,3907,7.582212027
12/30/2016,3908,7.58238444
12/30/2016,3909,7.582556852
12/30/2016,3910,7.582729264
12/30/2016,3911,7.582901676
12/30/2016,3912,7.583074088
12/30/2016,3913,7.5832465
12/30/2016,3914,7.583418912
12/30/2016,3915,7.583591324
12/30/2016,3916,7.583763736
12/30/2016,3917,7.583936148
12/30/2016,3918,7.58410856
12/30/2016,3919,7.584280973
12/30/2016,3920,7.584453385
12/30/2016,3921,7.584625797
12/30/2016,3922,7.584798209
12/30/2016,3923,7.584970621
12/30/2016,3924,7.585143033
12/30/2016,3925,7.585315445
12/30/2016,3926,7.585487857
12/30/2016,3927,7.585660269
12/30/2016,3928,7.585832681
12/30/2016,3929,7.586005093
12/30/2016,3930,7.586177505
12/30/2016,3931,7.586349918
12/30/2016,3932,7.58652233
12/30/2016,3933,7.586694742
12/30/2016,3934,7.586867154
12/30/2016,3935,7.587039566
12/30/2016,3936,7.587211978
12/30/2016,3937,7.58738439
12/30/2016,3938,7.587556802
12/30/2016,3939,7.587729214
12/30/2016,3940,7.587901626
12/30/2016,3941,7.588074038
12/30/2016,3942,7.588246451
12/30/2016,3943,7.588418863
12/30/2016,3944,7.588591275
12/30/2016,3945,7.588763687
12/30/2016,3946,7.588936099
12/30/2016,3947,7.589108511
12/30/2016,3948,7.589280923
12/30/2016,3949,7.589453335
12/30/2016,3950,7.589625747
12/30/2016,3951,7.589798159
12/30/2016,3952,7.589970571
12/30/2016,3953,7.590142984
12/30/2016,3954,7.590315396
12/30/2016,3955,7.590487808
12/30/2016,3956,7.59066022
12/30/2016,3957,7.590832632
12/30/2016,3958,7.591005044
12/30/2016,3959,7.591177456
12/30/2016,3960,7.591349868
12/30/2016,3961,7.59152228
12/30/2016,3962,7.591694692
12/30/2016,3963,7.591867104
12/30/2016,3964,7.592039516
12/30/2016,3965,7.592211929
12/30/2016,3966,7.592384341
12/30/2016,3967,7.592556753
12/30/2016,3968,7.592729165
12/30/2016,3969,7.592901577
12/30/2016,3970,7.593073989
12/30/2016,3971,7.593246401
12/30/2016,3972,7.593418813
12/30/2016,3973,7.593591225
12/30/2016,3974,7.593763637
12/30/2016,3975,7.593936049
12/30/2016,3976,7.594108462
12/30/2016,3977,7.594280874
12/30/2016,3978,7.594453286
12/30/2016,3979,7.594625698
12/30/2016,3980,7.59479811
12/30/2016,3981,7.594970522
12/30/2016,3982,7.595142934
12/30/2016,3983,7.595315346
12/30/2016,3984,7.595487758
12/30/2016,3985,7.59566017
12/30/2016,3986,7.595832582
12/30/2016,3987,7.596004995
12/30/2016,3988,7.596177407
12/30/2016,3989,7.596349819
12/30/2016,3990,7.596522231
12/30/2016,3991,7.596694643
12/30/2016,3992,7.596867055
12/30/2016,3993,7.597039467
12/30/2016,3994,7.597211879
12/30/2016,3995,7.597384291
12/30/2016,3996,7.597556703
12/30/2016,3997,7.597729115
12/30/2016,3998,7.597901527
12/30/2016,3999,7.59807394
12/30/2016,4000,7.598246352
12/30/2016,4001,7.598418764
12/30/2016,4002,7.598591176
12/30/2016,4003,7.598763588
12/30/2016,4004,7.598936
12/30/2016,4005,7.599039813
12/30/2016,4006,7.599143626
12/30/2016,4007,7.59924744
12/30/2016,4008,7.599351253
12/30/2016,4009,7.599455066
12/30/2016,4010,7.599558879
12/30/2016,4011,7.599662692
12/30/2016,4012,7.599766505
12/30/2016,4013,7.599870319
12/30/2016,4014,7.599974132
12/30/2016,4015,7.600077945
12/30/2016,4016,7.600181758
12/30/2016,4017,7.600285571
12/30/2016,4018,7.600389385
12/30/2016,4019,7.600493198
12/30/2016,4020,7.600597011
12/30/2016,4021,7.600700824
12/30/2016,4022,7.600804637
12/30/2016,4023,7.600908451
12/30/2016,4024,7.601012264
12/30/2016,4025,7.601116077
12/30/2016,4026,7.60121989
12/30/2016,4027,7.601323703
12/30/2016,4028,7.601427516
12/30/2016,4029,7.60153133
12/30/2016,4030,7.601635143
12/30/2016,4031,7.601738956
12/30/2016,4032,7.601842769
12/30/2016,4033,7.601946582
12/30/2016,4034,7.602050396
12/30/2016,4035,7.602154209
12/30/2016,4036,7.602258022
12/30/2016,4037,7.602361835
12/30/2016,4038,7.602465648
12/30/2016,4039,7.602569462
12/30/2016,4040,7.602673275
12/30/2016,4041,7.602777088
12/30/2016,4042,7.602880901
12/30/2016,4043,7.602984714
12/30/2016,4044,7.603088527
12/30/2016,4045,7.603192341
12/30/2016,4046,7.603296154
12/30/2016,4047,7.603399967
12/30/2016,4048,7.60350378
12/30/2016,4049,7.603607593
12/30/2016,4050,7.603711407
12/30/2016,4051,7.60381522
12/30/2016,4052,7.603919033
12/30/2016,4053,7.604022846
12/30/2016,4054,7.604126659
12/30/2016,4055,7.604230473
12/30/2016,4056,7.604334286
12/30/2016,4057,7.604438099
12/30/2016,4058,7.604541912
12/30/2016,4059,7.604645725
12/30/2016,4060,7.604749538
12/30/2016,4061,7.604853352
12/30/2016,4062,7.604957165
12/30/2016,4063,7.605060978
12/30/2016,4064,7.605164791
12/30/2016,4065,7.605268604
12/30/2016,4066,7.605372418
12/30/2016,4067,7.605476231
12/30/2016,4068,7.605580044
12/30/2016,4069,7.605683857
12/30/2016,4070,7.60578767
12/30/2016,4071,7.605891484
12/30/2016,4072,7.605995297
12/30/2016,4073,7.60609911
12/30/2016,4074,7.606202923
12/30/2016,4075,7.606306736
12/30/2016,4076,7.606410549
12/30/2016,4077,7.606514363
12/30/2016,4078,7.606618176
12/30/2016,4079,7.606721989
12/30/2016,4080,7.606825802
12/30/2016,4081,7.606929615
12/30/2016,4082,7.607033429
12/30/2016,4083,7.607137242
12/30/2016,4084,7.607241055
12/30/2016,4085,7.607344868
12/30/2016,4086,7.607448681
12/30/2016,4087,7.607552495
12/30/2016,4088,7.607656308
12/30/2016,4089,7.607760121
12/30/2016,4090,7.607863934
12/30/2016,4091,7.607967747
12/30/2016,4092,7.60807156
12/30/2016,4093,7.608175374
12/30/2016,4094,7.608279187
12/30/2016,4095,7.608383
12/30/2016,4096,7.608486813
12/30/2016,4097,7.608590626
12/30/2016,4098,7.60869444
12/30/2016,4099,7.608798253
12/30/2016,4100,7.608902066
12/30/2016,4101,7.609005879
12/30/2016,4102,7.609109692
12/30/2016,4103,7.609213505
12/30/2016,4104,7.609317319
12/30/2016,4105,7.609421132
12/30/2016,4106,7.609524945
12/30/2016,4107,7.609628758
12/30/2016,4108,7.609732571
12/30/2016,4109,7.609836385
12/30/2016,4110,7.609940198
12/30/2016,4111,7.610044011
12/30/2016,4112,7.610147824
12/30/2016,4113,7.610251637
12/30/2016,4114,7.610355451
12/30/2016,4115,7.610459264
12/30/2016,4116,7.610563077
12/30/2016,4117,7.61066689
12/30/2016,4118,7.610770703
12/30/2016,4119,7.610874516
12/30/2016,4120,7.61097833
12/30/2016,4121,7.611082143
12/30/2016,4122,7.611185956
12/30/2016,4123,7.611289769
12/30/2016,4124,7.611393582
12/30/2016,4125,7.611497396
12/30/2016,4126,7.611601209
12/30/2016,4127,7.611705022
12/30/2016,4128,7.611808835
12/30/2016,4129,7.611912648
12/30/2016,4130,7.612016462
12/30/2016,4131,7.612120275
12/30/2016,4132,7.612224088
12/30/2016,4133,7.612327901
12/30/2016,4134,7.612431714
12/30/2016,4135,7.612535527
12/30/2016,4136,7.612639341
12/30/2016,4137,7.612743154
12/30/2016,4138,7.612846967
12/30/2016,4139,7.61295078
12/30/2016,4140,7.613054593
12/30/2016,4141,7.613158407
12/30/2016,4142,7.61326222
12/30/2016,4143,7.613366033
12/30/2016,4144,7.613469846
12/30/2016,4145,7.613573659
12/30/2016,4146,7.613677473
12/30/2016,4147,7.613781286
12/30/2016,4148,7.613885099
12/30/2016,4149,7.613988912
12/30/2016,4150,7.614092725
12/30/2016,4151,7.614196538
12/30/2016,4152,7.614300352
12/30/2016,4153,7.614404165
12/30/2016,4154,7.614507978
12/30/2016,4155,7.614611791
12/30/2016,4156,7.614715604
12/30/2016,4157,7.614819418
12/30/2016,4158,7.614923231
12/30/2016,4159,7.615027044
12/30/2016,4160,7.615130857
12/30/2016,4161,7.61523467
12/30/2016,4162,7.615338484
12/30/2016,4163,7.615442297
12/30/2016,4164,7.61554611
12/30/2016,4165,7.615649923
12/30/2016,4166,7.615753736
12/30/2016,4167,7.615857549
12/30/2016,4168,7.615961363
12/30/2016,4169,7.616065176
12/30/2016,4170,7.616168989
12/30/2016,4171,7.616272802
12/30/2016,4172,7.616376615
12/30/2016,4173,7.616480429
12/30/2016,4174,7.616584242
12/30/2016,4175,7.616688055
12/30/2016,4176,7.616791868
12/30/2016,4177,7.616895681
12/30/2016,4178,7.616999495
12/30/2016,4179,7.617103308
12/30/2016,4180,7.617207121
12/30/2016,4181,7.617310934
12/30/2016,4182,7.617414747
12/30/2016,4183,7.61751856
12/30/2016,4184,7.617622374
12/30/2016,4185,7.617726187
12/30/2016,4186,7.61783
12/30/2016,4187,7.617992104
12/30/2016,4188,7.618154209
12/30/2016,4189,7.618316313
12/30/2016,4190,7.618478418
12/30/2016,4191,7.618640522
12/30/2016,4192,7.618802626
12/30/2016,4193,7.618964731
12/30/2016,4194,7.619126835
12/30/2016,4195,7.61928894
12/30/2016,4196,7.619451044
12/30/2016,4197,7.619613148
12/30/2016,4198,7.619775253
12/30/2016,4199,7.619937357
12/30/2016,4200,7.620099462
12/30/2016,4201,7.620261566
12/30/2016,4202,7.62042367
12/30/2016,4203,7.620585775
12/30/2016,4204,7.620747879
12/30/2016,4205,7.620909984
12/30/2016,4206,7.621072088
12/30/2016,4207,7.621234192
12/30/2016,4208,7.621396297
12/30/2016,4209,7.621558401
12/30/2016,4210,7.621720505
12/30/2016,4211,7.62188261
12/30/2016,4212,7.622044714
12/30/2016,4213,7.622206819
12/30/2016,4214,7.622368923
12/30/2016,4215,7.622531027
12/30/2016,4216,7.622693132
12/30/2016,4217,7.622855236
12/30/2016,4218,7.623017341
12/30/2016,4219,7.623179445
12/30/2016,4220,7.623341549
12/30/2016,4221,7.623503654
12/30/2016,4222,7.623665758
12/30/2016,4223,7.623827863
12/30/2016,4224,7.623989967
12/30/2016,4225,7.624152071
12/30/2016,4226,7.624314176
12/30/2016,4227,7.62447628
12/30/2016,4228,7.624638385
12/30/2016,4229,7.624800489
12/30/2016,4230,7.624962593
12/30/2016,4231,7.625124698
12/30/2016,4232,7.625286802
12/30/2016,4233,7.625448907
12/30/2016,4234,7.625611011
12/30/2016,4235,7.625773115
12/30/2016,4236,7.62593522
12/30/2016,4237,7.626097324
12/30/2016,4238,7.626259429
12/30/2016,4239,7.626421533
12/30/2016,4240,7.626583637
12/30/2016,4241,7.626745742
12/30/2016,4242,7.626907846
12/30/2016,4243,7.627069951
12/30/2016,4244,7.627232055
12/30/2016,4245,7.627394159
12/30/2016,4246,7.627556264
12/30/2016,4247,7.627718368
12/30/2016,4248,7.627880473
12/30/2016,4249,7.628042577
12/30/2016,4250,7.628204681
12/30/2016,4251,7.628366786
12/30/2016,4252,7.62852889
12/30/2016,4253,7.628690995
12/30/2016,4254,7.628853099
12/30/2016,4255,7.629015203
12/30/2016,4256,7.629177308
12/30/2016,4257,7.629339412
12/30/2016,4258,7.629501516
12/30/2016,4259,7.629663621
12/30/2016,4260,7.629825725
12/30/2016,4261,7.62998783
12/30/2016,4262,7.630149934
12/30/2016,4263,7.630312038
12/30/2016,4264,7.630474143
12/30/2016,4265,7.630636247
12/30/2016,4266,7.630798352
12/30/2016,4267,7.630960456
12/30/2016,4268,7.63112256
12/30/2016,4269,7.631284665
12/30/2016,4270,7.631446769
12/30/2016,4271,7.631608874
12/30/2016,4272,7.631770978
12/30/2016,4273,7.631933082
12/30/2016,4274,7.632095187
12/30/2016,4275,7.632257291
12/30/2016,4276,7.632419396
12/30/2016,4277,7.6325815
12/30/2016,4278,7.632743604
12/30/2016,4279,7.632905709
12/30/2016,4280,7.633067813
12/30/2016,4281,7.633229918
12/30/2016,4282,7.633392022
12/30/2016,4283,7.633554126
12/30/2016,4284,7.633716231
12/30/2016,4285,7.633878335
12/30/2016,4286,7.63404044
12/30/2016,4287,7.634202544
12/30/2016,4288,7.634364648
12/30/2016,4289,7.634526753
12/30/2016,4290,7.634688857
12/30/2016,4291,7.634850962
12/30/2016,4292,7.635013066
12/30/2016,4293,7.63517517
12/30/2016,4294,7.635337275
12/30/2016,4295,7.635499379
12/30/2016,4296,7.635661484
12/30/2016,4297,7.635823588
12/30/2016,4298,7.635985692
12/30/2016,4299,7.636147797
12/30/2016,4300,7.636309901
12/30/2016,4301,7.636472005
12/30/2016,4302,7.63663411
12/30/2016,4303,7.636796214
12/30/2016,4304,7.636958319
12/30/2016,4305,7.637120423
12/30/2016,4306,7.637282527
12/30/2016,4307,7.637444632
12/30/2016,4308,7.637606736
12/30/2016,4309,7.637768841
12/30/2016,4310,7.637930945
12/30/2016,4311,7.638093049
12/30/2016,4312,7.638255154
12/30/2016,4313,7.638417258
12/30/2016,4314,7.638579363
12/30/2016,4315,7.638741467
12/30/2016,4316,7.638903571
12/30/2016,4317,7.639065676
12/30/2016,4318,7.63922778
12/30/2016,4319,7.639389885
12/30/2016,4320,7.639551989
12/30/2016,4321,7.639714093
12/30/2016,4322,7.639876198
12/30/2016,4323,7.640038302
12/30/2016,4324,7.640200407
12/30/2016,4325,7.640362511
12/30/2016,4326,7.640524615
12/30/2016,4327,7.64068672
12/30/2016,4328,7.640848824
12/30/2016,4329,7.641010929
12/30/2016,4330,7.641173033
12/30/2016,4331,7.641335137
12/30/2016,4332,7.641497242
12/30/2016,4333,7.641659346
12/30/2016,4334,7.641821451
12/30/2016,4335,7.641983555
12/30/2016,4336,7.642145659
12/30/2016,4337,7.642307764
12/30/2016,4338,7.642469868
12/30/2016,4339,7.642631973
12/30/2016,4340,7.642794077
12/30/2016,4341,7.642956181
12/30/2016,4342,7.643118286
12/30/2016,4343,7.64328039
12/30/2016,4344,7.643442495
12/30/2016,4345,7.643604599
12/30/2016,4346,7.643766703
12/30/2016,4347,7.643928808
12/30/2016,4348,7.644090912
12/30/2016,4349,7.644253016
12/30/2016,4350,7.644415121
12/30/2016,4351,7.644577225
12/30/2016,4352,7.64473933
12/30/2016,4353,7.644901434
12/30/2016,4354,7.645063538
12/30/2016,4355,7.645225643
12/30/2016,4356,7.645387747
12/30/2016,4357,7.645549852
12/30/2016,4358,7.645711956
12/30/2016,4359,7.64587406
12/30/2016,4360,7.646036165
12/30/2016,4361,7.646198269
12/30/2016,4362,7.646360374
12/30/2016,4363,7.646522478
12/30/2016,4364,7.646684582
12/30/2016,4365,7.646846687
12/30/2016,4366,7.647008791
12/30/2016,4367,7.647170896
12/30/2016,4368,7.647333
12/30/2016,4369,7.647485429
12/30/2016,4370,7.647637857
12/30/2016,4371,7.647790286
12/30/2016,4372,7.647942714
12/30/2016,4373,7.648095143
12/30/2016,4374,7.648247571
12/30/2016,4375,7.6484
12/30/2016,4376,7.648552429
12/30/2016,4377,7.648704857
12/30/2016,4378,7.648857286
12/30/2016,4379,7.649009714
12/30/2016,4380,7.649162143
12/30/2016,4381,7.649314571
12/30/2016,4382,7.649467
12/30/2016,4383,7.649619429
12/30/2016,4384,7.649771857
12/30/2016,4385,7.649924286
12/30/2016,4386,7.650076714
12/30/2016,4387,7.650229143
12/30/2016,4388,7.650381571
12/30/2016,4389,7.650534
12/30/2016,4390,7.650686429
12/30/2016,4391,7.650838857
12/30/2016,4392,7.650991286
12/30/2016,4393,7.651143714
12/30/2016,4394,7.651296143
12/30/2016,4395,7.651448571
12/30/2016,4396,7.651601
12/30/2016,4397,7.651753429
12/30/2016,4398,7.651905857
12/30/2016,4399,7.652058286
12/30/2016,4400,7.652210714
12/30/2016,4401,7.652363143
12/30/2016,4402,7.652515571
12/30/2016,4403,7.652668
12/30/2016,4404,7.652820429
12/30/2016,4405,7.652972857
12/30/2016,4406,7.653125286
12/30/2016,4407,7.653277714
12/30/2016,4408,7.653430143
12/30/2016,4409,7.653582571
12/30/2016,4410,7.653735
12/30/2016,4411,7.653887429
12/30/2016,4412,7.654039857
12/30/2016,4413,7.654192286
12/30/2016,4414,7.654344714
12/30/2016,4415,7.654497143
12/30/2016,4416,7.654649571
12/30/2016,4417,7.654802
12/30/2016,4418,7.654954429
12/30/2016,4419,7.655106857
12/30/2016,4420,7.655259286
12/30/2016,4421,7.655411714
12/30/2016,4422,7.655564143
12/30/2016,4423,7.655716571
12/30/2016,4424,7.655869
12/30/2016,4425,7.656021429
12/30/2016,4426,7.656173857
12/30/2016,4427,7.656326286
12/30/2016,4428,7.656478714
12/30/2016,4429,7.656631143
12/30/2016,4430,7.656783571
12/30/2016,4431,7.656936
12/30/2016,4432,7.657088429
12/30/2016,4433,7.657240857
12/30/2016,4434,7.657393286
12/30/2016,4435,7.657545714
12/30/2016,4436,7.657698143
12/30/2016,4437,7.657850571
12/30/2016,4438,7.658003
12/30/2016,4439,7.658155429
12/30/2016,4440,7.658307857
12/30/2016,4441,7.658460286
12/30/2016,4442,7.658612714
12/30/2016,4443,7.658765143
12/30/2016,4444,7.658917571
12/30/2016,4445,7.65907
12/30/2016,4446,7.659222429
12/30/2016,4447,7.659374857
12/30/2016,4448,7.659527286
12/30/2016,4449,7.659679714
12/30/2016,4450,7.659832143
12/30/2016,4451,7.659984571
12/30/2016,4452,7.660137
12/30/2016,4453,7.660289429
12/30/2016,4454,7.660441857
12/30/2016,4455,7.660594286
12/30/2016,4456,7.660746714
12/30/2016,4457,7.660899143
12/30/2016,4458,7.661051571
12/30/2016,4459,7.661204
12/30/2016,4460,7.661356429
12/30/2016,4461,7.661508857
12/30/2016,4462,7.661661286
12/30/2016,4463,7.661813714
12/30/2016,4464,7.661966143
12/30/2016,4465,7.662118571
12/30/2016,4466,7.662271
12/30/2016,4467,7.662423429
12/30/2016,4468,7.662575857
12/30/2016,4469,7.662728286
12/30/2016,4470,7.662880714
12/30/2016,4471,7.663033143
12/30/2016,4472,7.663185571
12/30/2016,4473,7.663338
12/30/2016,4474,7.663490429
12/30/2016,4475,7.663642857
12/30/2016,4476,7.663795286
12/30/2016,4477,7.663947714
12/30/2016,4478,7.664100143
12/30/2016,4479,7.664252571
12/30/2016,4480,7.664405
12/30/2016,4481,7.664557429
12/30/2016,4482,7.664709857
12/30/2016,4483,7.664862286
12/30/2016,4484,7.665014714
12/30/2016,4485,7.665167143
12/30/2016,4486,7.665319571
12/30/2016,4487,7.665472
12/30/2016,4488,7.665624429
12/30/2016,4489,7.665776857
12/30/2016,4490,7.665929286
12/30/2016,4491,7.666081714
12/30/2016,4492,7.666234143
12/30/2016,4493,7.666386571
12/30/2016,4494,7.666539
12/30/2016,4495,7.666691429
12/30/2016,4496,7.666843857
12/30/2016,4497,7.666996286
12/30/2016,4498,7.667148714
12/30/2016,4499,7.667301143
12/30/2016,4500,7.667453571
12/30/2016,4501,7.667606
12/30/2016,4502,7.667758429
12/30/2016,4503,7.667910857
12/30/2016,4504,7.668063286
12/30/2016,4505,7.668215714
12/30/2016,4506,7.668368143
12/30/2016,4507,7.668520571
12/30/2016,4508,7.668673
12/30/2016,4509,7.668825429
12/30/2016,4510,7.668977857
12/30/2016,4511,7.669130286
12/30/2016,4512,7.669282714
12/30/2016,4513,7.669435143
12/30/2016,4514,7.669587571
12/30/2016,4515,7.66974
12/30/2016,4516,7.669892429
12/30/2016,4517,7.670044857
12/30/2016,4518,7.670197286
12/30/2016,4519,7.670349714
12/30/2016,4520,7.670502143
12/30/2016,4521,7.670654571
12/30/2016,4522,7.670807
12/30/2016,4523,7.670959429
12/30/2016,4524,7.671111857
12/30/2016,4525,7.671264286
12/30/2016,4526,7.671416714
12/30/2016,4527,7.671569143
12/30/2016,4528,7.671721571
12/30/2016,4529,7.671874
12/30/2016,4530,7.672026429
12/30/2016,4531,7.672178857
12/30/2016,4532,7.672331286
12/30/2016,4533,7.672483714
12/30/2016,4534,7.672636143
12/30/2016,4535,7.672788571
12/30/2016,4536,7.672941
12/30/2016,4537,7.673093429
12/30/2016,4538,7.673245857
12/30/2016,4539,7.673398286
12/30/2016,4540,7.673550714
12/30/2016,4541,7.673703143
12/30/2016,4542,7.673855571
12/30/2016,4543,7.674008
12/30/2016,4544,7.674160429
12/30/2016,4545,7.674312857
12/30/2016,4546,7.674465286
12/30/2016,4547,7.674617714
12/30/2016,4548,7.674770143
12/30/2016,4549,7.674922571
12/30/2016,4550,7.675075
12/30/2016,4551,7.675155736
12/30/2016,4552,7.675236473
12/30/2016,4553,7.675317209
12/30/2016,4554,7.675397945
12/30/2016,4555,7.675478681
12/30/2016,4556,7.675559418
12/30/2016,4557,7.675640154
12/30/2016,4558,7.67572089
12/30/2016,4559,7.675801626
12/30/2016,4560,7.675882363
12/30/2016,4561,7.675963099
12/30/2016,4562,7.676043835
12/30/2016,4563,7.676124571
12/30/2016,4564,7.676205308
12/30/2016,4565,7.676286044
12/30/2016,4566,7.67636678
12/30/2016,4567,7.676447516
12/30/2016,4568,7.676528253
12/30/2016,4569,7.676608989
12/30/2016,4570,7.676689725
12/30/2016,4571,7.676770462
12/30/2016,4572,7.676851198
12/30/2016,4573,7.676931934
12/30/2016,4574,7.67701267
12/30/2016,4575,7.677093407
12/30/2016,4576,7.677174143
12/30/2016,4577,7.677254879
12/30/2016,4578,7.677335615
12/30/2016,4579,7.677416352
12/30/2016,4580,7.677497088
12/30/2016,4581,7.677577824
12/30/2016,4582,7.67765856
12/30/2016,4583,7.677739297
12/30/2016,4584,7.677820033
12/30/2016,4585,7.677900769
12/30/2016,4586,7.677981505
12/30/2016,4587,7.678062242
12/30/2016,4588,7.678142978
12/30/2016,4589,7.678223714
12/30/2016,4590,7.678304451
12/30/2016,4591,7.678385187
12/30/2016,4592,7.678465923
12/30/2016,4593,7.678546659
12/30/2016,4594,7.678627396
12/30/2016,4595,7.678708132
12/30/2016,4596,7.678788868
12/30/2016,4597,7.678869604
12/30/2016,4598,7.678950341
12/30/2016,4599,7.679031077
12/30/2016,4600,7.679111813
12/30/2016,4601,7.679192549
12/30/2016,4602,7.679273286
12/30/2016,4603,7.679354022
12/30/2016,4604,7.679434758
12/30/2016,4605,7.679515495
12/30/2016,4606,7.679596231
12/30/2016,4607,7.679676967
12/30/2016,4608,7.679757703
12/30/2016,4609,7.67983844
12/30/2016,4610,7.679919176
12/30/2016,4611,7.679999912
12/30/2016,4612,7.680080648
12/30/2016,4613,7.680161385
12/30/2016,4614,7.680242121
12/30/2016,4615,7.680322857
12/30/2016,4616,7.680403593
12/30/2016,4617,7.68048433
12/30/2016,4618,7.680565066
12/30/2016,4619,7.680645802
12/30/2016,4620,7.680726538
12/30/2016,4621,7.680807275
12/30/2016,4622,7.680888011
12/30/2016,4623,7.680968747
12/30/2016,4624,7.681049484
12/30/2016,4625,7.68113022
12/30/2016,4626,7.681210956
12/30/2016,4627,7.681291692
12/30/2016,4628,7.681372429
12/30/2016,4629,7.681453165
12/30/2016,4630,7.681533901
12/30/2016,4631,7.681614637
12/30/2016,4632,7.681695374
12/30/2016,4633,7.68177611
12/30/2016,4634,7.681856846
12/30/2016,4635,7.681937582
12/30/2016,4636,7.682018319
12/30/2016,4637,7.682099055
12/30/2016,4638,7.682179791
12/30/2016,4639,7.682260527
12/30/2016,4640,7.682341264
12/30/2016,4641,7.682422
12/30/2016,4642,7.682502736
12/30/2016,4643,7.682583473
12/30/2016,4644,7.682664209
12/30/2016,4645,7.682744945
12/30/2016,4646,7.682825681
12/30/2016,4647,7.682906418
12/30/2016,4648,7.682987154
12/30/2016,4649,7.68306789
12/30/2016,4650,7.683148626
12/30/2016,4651,7.683229363
12/30/2016,4652,7.683310099
12/30/2016,4653,7.683390835
12/30/2016,4654,7.683471571
12/30/2016,4655,7.683552308
12/30/2016,4656,7.683633044
12/30/2016,4657,7.68371378
12/30/2016,4658,7.683794516
12/30/2016,4659,7.683875253
12/30/2016,4660,7.683955989
12/30/2016,4661,7.684036725
12/30/2016,4662,7.684117462
12/30/2016,4663,7.684198198
12/30/2016,4664,7.684278934
12/30/2016,4665,7.68435967
12/30/2016,4666,7.684440407
12/30/2016,4667,7.684521143
12/30/2016,4668,7.684601879
12/30/2016,4669,7.684682615
12/30/2016,4670,7.684763352
12/30/2016,4671,7.684844088
12/30/2016,4672,7.684924824
12/30/2016,4673,7.68500556
12/30/2016,4674,7.685086297
12/30/2016,4675,7.685167033
12/30/2016,4676,7.685247769
12/30/2016,4677,7.685328505
12/30/2016,4678,7.685409242
12/30/2016,4679,7.685489978
12/30/2016,4680,7.685570714
12/30/2016,4681,7.685651451
12/30/2016,4682,7.685732187
12/30/2016,4683,7.685812923
12/30/2016,4684,7.685893659
12/30/2016,4685,7.685974396
12/30/2016,4686,7.686055132
12/30/2016,4687,7.686135868
12/30/2016,4688,7.686216604
12/30/2016,4689,7.686297341
12/30/2016,4690,7.686378077
12/30/2016,4691,7.686458813
12/30/2016,4692,7.686539549
12/30/2016,4693,7.686620286
12/30/2016,4694,7.686701022
12/30/2016,4695,7.686781758
12/30/2016,4696,7.686862495
12/30/2016,4697,7.686943231
12/30/2016,4698,7.687023967
12/30/2016,4699,7.687104703
12/30/2016,4700,7.68718544
12/30/2016,4701,7.687266176
12/30/2016,4702,7.687346912
12/30/2016,4703,7.687427648
12/30/2016,4704,7.687508385
12/30/2016,4705,7.687589121
12/30/2016,4706,7.687669857
12/30/2016,4707,7.687750593
12/30/2016,4708,7.68783133
12/30/2016,4709,7.687912066
12/30/2016,4710,7.687992802
12/30/2016,4711,7.688073538
12/30/2016,4712,7.688154275
12/30/2016,4713,7.688235011
12/30/2016,4714,7.688315747
12/30/2016,4715,7.688396484
12/30/2016,4716,7.68847722
12/30/2016,4717,7.688557956
12/30/2016,4718,7.688638692
12/30/2016,4719,7.688719429
12/30/2016,4720,7.688800165
12/30/2016,4721,7.688880901
12/30/2016,4722,7.688961637
12/30/2016,4723,7.689042374
12/30/2016,4724,7.68912311
12/30/2016,4725,7.689203846
12/30/2016,4726,7.689284582
12/30/2016,4727,7.689365319
12/30/2016,4728,7.689446055
12/30/2016,4729,7.689526791
12/30/2016,4730,7.689607527
12/30/2016,4731,7.689688264
12/30/2016,4732,7.689769
12/30/2016,4733,7.689900319
12/30/2016,4734,7.690031637
12/30/2016,4735,7.690162956
12/30/2016,4736,7.690294275
12/30/2016,4737,7.690425593
12/30/2016,4738,7.690556912
12/30/2016,4739,7.690688231
12/30/2016,4740,7.690819549
12/30/2016,4741,7.690950868
12/30/2016,4742,7.691082187
12/30/2016,4743,7.691213505
12/30/2016,4744,7.691344824
12/30/2016,4745,7.691476143
12/30/2016,4746,7.691607462
12/30/2016,4747,7.69173878
12/30/2016,4748,7.691870099
12/30/2016,4749,7.692001418
12/30/2016,4750,7.692132736
12/30/2016,4751,7.692264055
12/30/2016,4752,7.692395374
12/30/2016,4753,7.692526692
12/30/2016,4754,7.692658011
12/30/2016,4755,7.69278933
12/30/2016,4756,7.692920648
12/30/2016,4757,7.693051967
12/30/2016,4758,7.693183286
12/30/2016,4759,7.693314604
12/30/2016,4760,7.693445923
12/30/2016,4761,7.693577242
12/30/2016,4762,7.69370856
12/30/2016,4763,7.693839879
12/30/2016,4764,7.693971198
12/30/2016,4765,7.694102516
12/30/2016,4766,7.694233835
12/30/2016,4767,7.694365154
12/30/2016,4768,7.694496473
12/30/2016,4769,7.694627791
12/30/2016,4770,7.69475911
12/30/2016,4771,7.694890429
12/30/2016,4772,7.695021747
12/30/2016,4773,7.695153066
12/30/2016,4774,7.695284385
12/30/2016,4775,7.695415703
12/30/2016,4776,7.695547022
12/30/2016,4777,7.695678341
12/30/2016,4778,7.695809659
12/30/2016,4779,7.695940978
12/30/2016,4780,7.696072297
12/30/2016,4781,7.696203615
12/30/2016,4782,7.696334934
12/30/2016,4783,7.696466253
12/30/2016,4784,7.696597571
12/30/2016,4785,7.69672889
12/30/2016,4786,7.696860209
12/30/2016,4787,7.696991527
12/30/2016,4788,7.697122846
12/30/2016,4789,7.697254165
12/30/2016,4790,7.697385484
12/30/2016,4791,7.697516802
12/30/2016,4792,7.697648121
12/30/2016,4793,7.69777944
12/30/2016,4794,7.697910758
12/30/2016,4795,7.698042077
12/30/2016,4796,7.698173396
12/30/2016,4797,7.698304714
12/30/2016,4798,7.698436033
12/30/2016,4799,7.698567352
12/30/2016,4800,7.69869867
12/30/2016,4801,7.698829989
12/30/2016,4802,7.698961308
12/30/2016,4803,7.699092626
12/30/2016,4804,7.699223945
12/30/2016,4805,7.699355264
12/30/2016,4806,7.699486582
12/30/2016,4807,7.699617901
12/30/2016,4808,7.69974922
12/30/2016,4809,7.699880538
12/30/2016,4810,7.700011857
12/30/2016,4811,7.700143176
12/30/2016,4812,7.700274495
12/30/2016,4813,7.700405813
12/30/2016,4814,7.700537132
12/30/2016,4815,7.700668451
12/30/2016,4816,7.700799769
12/30/2016,4817,7.700931088
12/30/2016,4818,7.701062407
12/30/2016,4819,7.701193725
12/30/2016,4820,7.701325044
12/30/2016,4821,7.701456363
12/30/2016,4822,7.701587681
12/30/2016,4823,7.701719
12/30/2016,4824,7.701850319
12/30/2016,4825,7.701981637
12/30/2016,4826,7.702112956
12/30/2016,4827,7.702244275
12/30/2016,4828,7.702375593
12/30/2016,4829,7.702506912
12/30/2016,4830,7.702638231
12/30/2016,4831,7.702769549
12/30/2016,4832,7.702900868
12/30/2016,4833,7.703032187
12/30/2016,4834,7.703163505
12/30/2016,4835,7.703294824
12/30/2016,4836,7.703426143
12/30/2016,4837,7.703557462
12/30/2016,4838,7.70368878
12/30/2016,4839,7.703820099
12/30/2016,4840,7.703951418
12/30/2016,4841,7.704082736
12/30/2016,4842,7.704214055
12/30/2016,4843,7.704345374
12/30/2016,4844,7.704476692
12/30/2016,4845,7.704608011
12/30/2016,4846,7.70473933
12/30/2016,4847,7.704870648
12/30/2016,4848,7.705001967
12/30/2016,4849,7.705133286
12/30/2016,4850,7.705264604
12/30/2016,4851,7.705395923
12/30/2016,4852,7.705527242
12/30/2016,4853,7.70565856
12/30/2016,4854,7.705789879
12/30/2016,4855,7.705921198
12/30/2016,4856,7.706052516
12/30/2016,4857,7.706183835
12/30/2016,4858,7.706315154
12/30/2016,4859,7.706446473
12/30/2016,4860,7.706577791
12/30/2016,4861,7.70670911
12/30/2016,4862,7.706840429
12/30/2016,4863,7.706971747
12/30/2016,4864,7.707103066
12/30/2016,4865,7.707234385
12/30/2016,4866,7.707365703
12/30/2016,4867,7.707497022
12/30/2016,4868,7.707628341
12/30/2016,4869,7.707759659
12/30/2016,4870,7.707890978
12/30/2016,4871,7.708022297
12/30/2016,4872,7.708153615
12/30/2016,4873,7.708284934
12/30/2016,4874,7.708416253
12/30/2016,4875,7.708547571
12/30/2016,4876,7.70867889
12/30/2016,4877,7.708810209
12/30/2016,4878,7.708941527
12/30/2016,4879,7.709072846
12/30/2016,4880,7.709204165
12/30/2016,4881,7.709335484
12/30/2016,4882,7.709466802
12/30/2016,4883,7.709598121
12/30/2016,4884,7.70972944
12/30/2016,4885,7.709860758
12/30/2016,4886,7.709992077
12/30/2016,4887,7.710123396
12/30/2016,4888,7.710254714
12/30/2016,4889,7.710386033
12/30/2016,4890,7.710517352
12/30/2016,4891,7.71064867
12/30/2016,4892,7.710779989
12/30/2016,4893,7.710911308
12/30/2016,4894,7.711042626
12/30/2016,4895,7.711173945
12/30/2016,4896,7.711305264
12/30/2016,4897,7.711436582
12/30/2016,4898,7.711567901
12/30/2016,4899,7.71169922
12/30/2016,4900,7.711830538
12/30/2016,4901,7.711961857
12/30/2016,4902,7.712093176
12/30/2016,4903,7.712224495
12/30/2016,4904,7.712355813
12/30/2016,4905,7.712487132
12/30/2016,4906,7.712618451
12/30/2016,4907,7.712749769
12/30/2016,4908,7.712881088
12/30/2016,4909,7.713012407
12/30/2016,4910,7.713143725
12/30/2016,4911,7.713275044
12/30/2016,4912,7.713406363
12/30/2016,4913,7.713537681
12/30/2016,4914,7.713669
12/30/2016,4915,7.713744912
12/30/2016,4916,7.713820824
12/30/2016,4917,7.713896736
12/30/2016,4918,7.713972648
12/30/2016,4919,7.71404856
12/30/2016,4920,7.714124473
12/30/2016,4921,7.714200385
12/30/2016,4922,7.714276297
12/30/2016,4923,7.714352209
12/30/2016,4924,7.714428121
12/30/2016,4925,7.714504033
12/30/2016,4926,7.714579945
12/30/2016,4927,7.714655857
12/30/2016,4928,7.714731769
12/30/2016,4929,7.714807681
12/30/2016,4930,7.714883593
12/30/2016,4931,7.714959505
12/30/2016,4932,7.715035418
12/30/2016,4933,7.71511133
12/30/2016,4934,7.715187242
12/30/2016,4935,7.715263154
12/30/2016,4936,7.715339066
12/30/2016,4937,7.715414978
12/30/2016,4938,7.71549089
12/30/2016,4939,7.715566802
12/30/2016,4940,7.715642714
12/30/2016,4941,7.715718626
12/30/2016,4942,7.715794538
12/30/2016,4943,7.715870451
12/30/2016,4944,7.715946363
12/30/2016,4945,7.716022275
12/30/2016,4946,7.716098187
12/30/2016,4947,7.716174099
12/30/2016,4948,7.716250011
12/30/2016,4949,7.716325923
12/30/2016,4950,7.716401835
12/30/2016,4951,7.716477747
12/30/2016,4952,7.716553659
12/30/2016,4953,7.716629571
12/30/2016,4954,7.716705484
12/30/2016,4955,7.716781396
12/30/2016,4956,7.716857308
12/30/2016,4957,7.71693322
12/30/2016,4958,7.717009132
12/30/2016,4959,7.717085044
12/30/2016,4960,7.717160956
12/30/2016,4961,7.717236868
12/30/2016,4962,7.71731278
12/30/2016,4963,7.717388692
12/30/2016,4964,7.717464604
12/30/2016,4965,7.717540516
12/30/2016,4966,7.717616429
12/30/2016,4967,7.717692341
12/30/2016,4968,7.717768253
12/30/2016,4969,7.717844165
12/30/2016,4970,7.717920077
12/30/2016,4971,7.717995989
12/30/2016,4972,7.718071901
12/30/2016,4973,7.718147813
12/30/2016,4974,7.718223725
12/30/2016,4975,7.718299637
12/30/2016,4976,7.718375549
12/30/2016,4977,7.718451462
12/30/2016,4978,7.718527374
12/30/2016,4979,7.718603286
12/30/2016,4980,7.718679198
12/30/2016,4981,7.71875511
12/30/2016,4982,7.718831022
12/30/2016,4983,7.718906934
12/30/2016,4984,7.718982846
12/30/2016,4985,7.719058758
12/30/2016,4986,7.71913467
12/30/2016,4987,7.719210582
12/30/2016,4988,7.719286495
12/30/2016,4989,7.719362407
12/30/2016,4990,7.719438319
12/30/2016,4991,7.719514231
12/30/2016,4992,7.719590143
12/30/2016,4993,7.719666055
12/30/2016,4994,7.719741967
12/30/2016,4995,7.719817879
12/30/2016,4996,7.719893791
12/30/2016,4997,7.719969703
12/30/2016,4998,7.720045615
12/30/2016,4999,7.720121527
12/30/2016,5000,7.72019744
12/30/2016,5001,7.720273352
12/30/2016,5002,7.720349264
12/30/2016,5003,7.720425176
12/30/2016,5004,7.720501088
12/30/2016,5005,7.720577
12/30/2016,5006,7.720652912
12/30/2016,5007,7.720728824
12/30/2016,5008,7.720804736
12/30/2016,5009,7.720880648
12/30/2016,5010,7.72095656
12/30/2016,5011,7.721032473
12/30/2016,5012,7.721108385
12/30/2016,5013,7.721184297
12/30/2016,5014,7.721260209
12/30/2016,5015,7.721336121
12/30/2016,5016,7.721412033
12/30/2016,5017,7.721487945
12/30/2016,5018,7.721563857
12/30/2016,5019,7.721639769
12/30/2016,5020,7.721715681
12/30/2016,5021,7.721791593
12/30/2016,5022,7.721867505
12/30/2016,5023,7.721943418
12/30/2016,5024,7.72201933
12/30/2016,5025,7.722095242
12/30/2016,5026,7.722171154
12/30/2016,5027,7.722247066
12/30/2016,5028,7.722322978
12/30/2016,5029,7.72239889
12/30/2016,5030,7.722474802
12/30/2016,5031,7.722550714
12/30/2016,5032,7.722626626
12/30/2016,5033,7.722702538
12/30/2016,5034,7.722778451
12/30/2016,5035,7.722854363
12/30/2016,5036,7.722930275
12/30/2016,5037,7.723006187
12/30/2016,5038,7.723082099
12/30/2016,5039,7.723158011
12/30/2016,5040,7.723233923
12/30/2016,5041,7.723309835
12/30/2016,5042,7.723385747
12/30/2016,5043,7.723461659
12/30/2016,5044,7.723537571
12/30/2016,5045,7.723613484
12/30/2016,5046,7.723689396
12/30/2016,5047,7.723765308
12/30/2016,5048,7.72384122
12/30/2016,5049,7.723917132
12/30/2016,5050,7.723993044
12/30/2016,5051,7.724068956
12/30/2016,5052,7.724144868
12/30/2016,5053,7.72422078
12/30/2016,5054,7.724296692
12/30/2016,5055,7.724372604
12/30/2016,5056,7.724448516
12/30/2016,5057,7.724524429
12/30/2016,5058,7.724600341
12/30/2016,5059,7.724676253
12/30/2016,5060,7.724752165
12/30/2016,5061,7.724828077
12/30/2016,5062,7.724903989
12/30/2016,5063,7.724979901
12/30/2016,5064,7.725055813
12/30/2016,5065,7.725131725
12/30/2016,5066,7.725207637
12/30/2016,5067,7.725283549
12/30/2016,5068,7.725359462
12/30/2016,5069,7.725435374
12/30/2016,5070,7.725511286
12/30/2016,5071,7.725587198
12/30/2016,5072,7.72566311
12/30/2016,5073,7.725739022
12/30/2016,5074,7.725814934
12/30/2016,5075,7.725890846
12/30/2016,5076,7.725966758
12/30/2016,5077,7.72604267
12/30/2016,5078,7.726118582
12/30/2016,5079,7.726194495
12/30/2016,5080,7.726270407
12/30/2016,5081,7.726346319
12/30/2016,5082,7.726422231
12/30/2016,5083,7.726498143
12/30/2016,5084,7.726574055
12/30/2016,5085,7.726649967
12/30/2016,5086,7.726725879
12/30/2016,5087,7.726801791
12/30/2016,5088,7.726877703
12/30/2016,5089,7.726953615
12/30/2016,5090,7.727029527
12/30/2016,5091,7.72710544
12/30/2016,5092,7.727181352
12/30/2016,5093,7.727257264
12/30/2016,5094,7.727333176
12/30/2016,5095,7.727409088
12/30/2016,5096,7.727485
12/30/2016,5097,7.727559484
12/30/2016,5098,7.727633967
12/30/2016,5099,7.727708451
12/30/2016,5100,7.727782934
12/30/2016,5101,7.727857418
12/30/2016,5102,7.727931901
12/30/2016,5103,7.728006385
12/30/2016,5104,7.728080868
12/30/2016,5105,7.728155352
12/30/2016,5106,7.728229835
12/30/2016,5107,7.728304319
12/30/2016,5108,7.728378802
12/30/2016,5109,7.728453286
12/30/2016,5110,7.728527769
12/30/2016,5111,7.728602253
12/30/2016,5112,7.728676736
12/30/2016,5113,7.72875122
12/30/2016,5114,7.728825703
12/30/2016,5115,7.728900187
12/30/2016,5116,7.72897467
12/30/2016,5117,7.729049154
12/30/2016,5118,7.729123637
12/30/2016,5119,7.729198121
12/30/2016,5120,7.729272604
12/30/2016,5121,7.729347088
12/30/2016,5122,7.729421571
12/30/2016,5123,7.729496055
12/30/2016,5124,7.729570538
12/30/2016,5125,7.729645022
12/30/2016,5126,7.729719505
12/30/2016,5127,7.729793989
12/30/2016,5128,7.729868473
12/30/2016,5129,7.729942956
12/30/2016,5130,7.73001744
12/30/2016,5131,7.730091923
12/30/2016,5132,7.730166407
12/30/2016,5133,7.73024089
12/30/2016,5134,7.730315374
12/30/2016,5135,7.730389857
12/30/2016,5136,7.730464341
12/30/2016,5137,7.730538824
12/30/2016,5138,7.730613308
12/30/2016,5139,7.730687791
12/30/2016,5140,7.730762275
12/30/2016,5141,7.730836758
12/30/2016,5142,7.730911242
12/30/2016,5143,7.730985725
12/30/2016,5144,7.731060209
12/30/2016,5145,7.731134692
12/30/2016,5146,7.731209176
12/30/2016,5147,7.731283659
12/30/2016,5148,7.731358143
12/30/2016,5149,7.731432626
12/30/2016,5150,7.73150711
12/30/2016,5151,7.731581593
12/30/2016,5152,7.731656077
12/30/2016,5153,7.73173056
12/30/2016,5154,7.731805044
12/30/2016,5155,7.731879527
12/30/2016,5156,7.731954011
12/30/2016,5157,7.732028495
12/30/2016,5158,7.732102978
12/30/2016,5159,7.732177462
12/30/2016,5160,7.732251945
12/30/2016,5161,7.732326429
12/30/2016,5162,7.732400912
12/30/2016,5163,7.732475396
12/30/2016,5164,7.732549879
12/30/2016,5165,7.732624363
12/30/2016,5166,7.732698846
12/30/2016,5167,7.73277333
12/30/2016,5168,7.732847813
12/30/2016,5169,7.732922297
12/30/2016,5170,7.73299678
12/30/2016,5171,7.733071264
12/30/2016,5172,7.733145747
12/30/2016,5173,7.733220231
12/30/2016,5174,7.733294714
12/30/2016,5175,7.733369198
12/30/2016,5176,7.733443681
12/30/2016,5177,7.733518165
12/30/2016,5178,7.733592648
12/30/2016,5179,7.733667132
12/30/2016,5180,7.733741615
12/30/2016,5181,7.733816099
12/30/2016,5182,7.733890582
12/30/2016,5183,7.733965066
12/30/2016,5184,7.734039549
12/30/2016,5185,7.734114033
12/30/2016,5186,7.734188516
12/30/2016,5187,7.734263
12/30/2016,5188,7.734337484
12/30/2016,5189,7.734411967
12/30/2016,5190,7.734486451
12/30/2016,5191,7.734560934
12/30/2016,5192,7.734635418
12/30/2016,5193,7.734709901
12/30/2016,5194,7.734784385
12/30/2016,5195,7.734858868
12/30/2016,5196,7.734933352
12/30/2016,5197,7.735007835
12/30/2016,5198,7.735082319
12/30/2016,5199,7.735156802
12/30/2016,5200,7.735231286
12/30/2016,5201,7.735305769
12/30/2016,5202,7.735380253
12/30/2016,5203,7.735454736
12/30/2016,5204,7.73552922
12/30/2016,5205,7.735603703
12/30/2016,5206,7.735678187
12/30/2016,5207,7.73575267
12/30/2016,5208,7.735827154
12/30/2016,5209,7.735901637
12/30/2016,5210,7.735976121
12/30/2016,5211,7.736050604
12/30/2016,5212,7.736125088
12/30/2016,5213,7.736199571
12/30/2016,5214,7.736274055
12/30/2016,5215,7.736348538
12/30/2016,5216,7.736423022
12/30/2016,5217,7.736497505
12/30/2016,5218,7.736571989
12/30/2016,5219,7.736646473
12/30/2016,5220,7.736720956
12/30/2016,5221,7.73679544
12/30/2016,5222,7.736869923
12/30/2016,5223,7.736944407
12/30/2016,5224,7.73701889
12/30/2016,5225,7.737093374
12/30/2016,5226,7.737167857
12/30/2016,5227,7.737242341
12/30/2016,5228,7.737316824
12/30/2016,5229,7.737391308
12/30/2016,5230,7.737465791
12/30/2016,5231,7.737540275
12/30/2016,5232,7.737614758
12/30/2016,5233,7.737689242
12/30/2016,5234,7.737763725
12/30/2016,5235,7.737838209
12/30/2016,5236,7.737912692
12/30/2016,5237,7.737987176
12/30/2016,5238,7.738061659
12/30/2016,5239,7.738136143
12/30/2016,5240,7.738210626
12/30/2016,5241,7.73828511
12/30/2016,5242,7.738359593
12/30/2016,5243,7.738434077
12/30/2016,5244,7.73850856
12/30/2016,5245,7.738583044
12/30/2016,5246,7.738657527
12/30/2016,5247,7.738732011
12/30/2016,5248,7.738806495
12/30/2016,5249,7.738880978
12/30/2016,5250,7.738955462
12/30/2016,5251,7.739029945
12/30/2016,5252,7.739104429
12/30/2016,5253,7.739178912
12/30/2016,5254,7.739253396
12/30/2016,5255,7.739327879
12/30/2016,5256,7.739402363
12/30/2016,5257,7.739476846
12/30/2016,5258,7.73955133
12/30/2016,5259,7.739625813
12/30/2016,5260,7.739700297
12/30/2016,5261,7.73977478
12/30/2016,5262,7.739849264
12/30/2016,5263,7.739923747
12/30/2016,5264,7.739998231
12/30/2016,5265,7.740072714
12/30/2016,5266,7.740147198
12/30/2016,5267,7.740221681
12/30/2016,5268,7.740296165
12/30/2016,5269,7.740370648
12/30/2016,5270,7.740445132
12/30/2016,5271,7.740519615
12/30/2016,5272,7.740594099
12/30/2016,5273,7.740668582
12/30/2016,5274,7.740743066
12/30/2016,5275,7.740817549
12/30/2016,5276,7.740892033
12/30/2016,5277,7.740966516
12/30/2016,5278,7.741041
12/30/2016,5279,7.741119709
12/30/2016,5280,7.741198418
12/30/2016,5281,7.741277126
12/30/2016,5282,7.741355835
12/30/2016,5283,7.741434544
12/30/2016,5284,7.741513253
12/30/2016,5285,7.741591962
12/30/2016,5286,7.74167067
12/30/2016,5287,7.741749379
12/30/2016,5288,7.741828088
12/30/2016,5289,7.741906797
12/30/2016,5290,7.741985505
12/30/2016,5291,7.742064214
12/30/2016,5292,7.742142923
12/30/2016,5293,7.742221632
12/30/2016,5294,7.742300341
12/30/2016,5295,7.742379049
12/30/2016,5296,7.742457758
12/30/2016,5297,7.742536467
12/30/2016,5298,7.742615176
12/30/2016,5299,7.742693885
12/30/2016,5300,7.742772593
12/30/2016,5301,7.742851302
12/30/2016,5302,7.742930011
12/30/2016,5303,7.74300872
12/30/2016,5304,7.743087429
12/30/2016,5305,7.743166137
12/30/2016,5306,7.743244846
12/30/2016,5307,7.743323555
12/30/2016,5308,7.743402264
12/30/2016,5309,7.743480973
12/30/2016,5310,7.743559681
12/30/2016,5311,7.74363839
12/30/2016,5312,7.743717099
12/30/2016,5313,7.743795808
12/30/2016,5314,7.743874516
12/30/2016,5315,7.743953225
12/30/2016,5316,7.744031934
12/30/2016,5317,7.744110643
12/30/2016,5318,7.744189352
12/30/2016,5319,7.74426806
12/30/2016,5320,7.744346769
12/30/2016,5321,7.744425478
12/30/2016,5322,7.744504187
12/30/2016,5323,7.744582896
12/30/2016,5324,7.744661604
12/30/2016,5325,7.744740313
12/30/2016,5326,7.744819022
12/30/2016,5327,7.744897731
12/30/2016,5328,7.74497644
12/30/2016,5329,7.745055148
12/30/2016,5330,7.745133857
12/30/2016,5331,7.745212566
12/30/2016,5332,7.745291275
12/30/2016,5333,7.745369984
12/30/2016,5334,7.745448692
12/30/2016,5335,7.745527401
12/30/2016,5336,7.74560611
12/30/2016,5337,7.745684819
12/30/2016,5338,7.745763527
12/30/2016,5339,7.745842236
12/30/2016,5340,7.745920945
12/30/2016,5341,7.745999654
12/30/2016,5342,7.746078363
12/30/2016,5343,7.746157071
12/30/2016,5344,7.74623578
12/30/2016,5345,7.746314489
12/30/2016,5346,7.746393198
12/30/2016,5347,7.746471907
12/30/2016,5348,7.746550615
12/30/2016,5349,7.746629324
12/30/2016,5350,7.746708033
12/30/2016,5351,7.746786742
12/30/2016,5352,7.746865451
12/30/2016,5353,7.746944159
12/30/2016,5354,7.747022868
12/30/2016,5355,7.747101577
12/30/2016,5356,7.747180286
12/30/2016,5357,7.747258995
12/30/2016,5358,7.747337703
12/30/2016,5359,7.747416412
12/30/2016,5360,7.747495121
12/30/2016,5361,7.74757383
12/30/2016,5362,7.747652538
12/30/2016,5363,7.747731247
12/30/2016,5364,7.747809956
12/30/2016,5365,7.747888665
12/30/2016,5366,7.747967374
12/30/2016,5367,7.748046082
12/30/2016,5368,7.748124791
12/30/2016,5369,7.7482035
12/30/2016,5370,7.748282209
12/30/2016,5371,7.748360918
12/30/2016,5372,7.748439626
12/30/2016,5373,7.748518335
12/30/2016,5374,7.748597044
12/30/2016,5375,7.748675753
12/30/2016,5376,7.748754462
12/30/2016,5377,7.74883317
12/30/2016,5378,7.748911879
12/30/2016,5379,7.748990588
12/30/2016,5380,7.749069297
12/30/2016,5381,7.749148005
12/30/2016,5382,7.749226714
12/30/2016,5383,7.749305423
12/30/2016,5384,7.749384132
12/30/2016,5385,7.749462841
12/30/2016,5386,7.749541549
12/30/2016,5387,7.749620258
12/30/2016,5388,7.749698967
12/30/2016,5389,7.749777676
12/30/2016,5390,7.749856385
12/30/2016,5391,7.749935093
12/30/2016,5392,7.750013802
12/30/2016,5393,7.750092511
12/30/2016,5394,7.75017122
12/30/2016,5395,7.750249929
12/30/2016,5396,7.750328637
12/30/2016,5397,7.750407346
12/30/2016,5398,7.750486055
12/30/2016,5399,7.750564764
12/30/2016,5400,7.750643473
12/30/2016,5401,7.750722181
12/30/2016,5402,7.75080089
12/30/2016,5403,7.750879599
12/30/2016,5404,7.750958308
12/30/2016,5405,7.751037016
12/30/2016,5406,7.751115725
12/30/2016,5407,7.751194434
12/30/2016,5408,7.751273143
12/30/2016,5409,7.751351852
12/30/2016,5410,7.75143056
12/30/2016,5411,7.751509269
12/30/2016,5412,7.751587978
12/30/2016,5413,7.751666687
12/30/2016,5414,7.751745396
12/30/2016,5415,7.751824104
12/30/2016,5416,7.751902813
12/30/2016,5417,7.751981522
12/30/2016,5418,7.752060231
12/30/2016,5419,7.75213894
12/30/2016,5420,7.752217648
12/30/2016,5421,7.752296357
12/30/2016,5422,7.752375066
12/30/2016,5423,7.752453775
12/30/2016,5424,7.752532484
12/30/2016,5425,7.752611192
12/30/2016,5426,7.752689901
12/30/2016,5427,7.75276861
12/30/2016,5428,7.752847319
12/30/2016,5429,7.752926027
12/30/2016,5430,7.753004736
12/30/2016,5431,7.753083445
12/30/2016,5432,7.753162154
12/30/2016,5433,7.753240863
12/30/2016,5434,7.753319571
12/30/2016,5435,7.75339828
12/30/2016,5436,7.753476989
12/30/2016,5437,7.753555698
12/30/2016,5438,7.753634407
12/30/2016,5439,7.753713115
12/30/2016,5440,7.753791824
12/30/2016,5441,7.753870533
12/30/2016,5442,7.753949242
12/30/2016,5443,7.754027951
12/30/2016,5444,7.754106659
12/30/2016,5445,7.754185368
12/30/2016,5446,7.754264077
12/30/2016,5447,7.754342786
12/30/2016,5448,7.754421495
12/30/2016,5449,7.754500203
12/30/2016,5450,7.754578912
12/30/2016,5451,7.754657621
12/30/2016,5452,7.75473633
12/30/2016,5453,7.754815038
12/30/2016,5454,7.754893747
12/30/2016,5455,7.754972456
12/30/2016,5456,7.755051165
12/30/2016,5457,7.755129874
12/30/2016,5458,7.755208582
12/30/2016,5459,7.755287291
12/30/2016,5460,7.755366
12/30/2016,5461,7.755442742
12/30/2016,5462,7.755519484
12/30/2016,5463,7.755596225
12/30/2016,5464,7.755672967
12/30/2016,5465,7.755749709
12/30/2016,5466,7.755826451
12/30/2016,5467,7.755903192
12/30/2016,5468,7.755979934
12/30/2016,5469,7.756056676
12/30/2016,5470,7.756133418
12/30/2016,5471,7.756210159
12/30/2016,5472,7.756286901
12/30/2016,5473,7.756363643
12/30/2016,5474,7.756440385
12/30/2016,5475,7.756517126
12/30/2016,5476,7.756593868
12/30/2016,5477,7.75667061
12/30/2016,5478,7.756747352
12/30/2016,5479,7.756824093
12/30/2016,5480,7.756900835
12/30/2016,5481,7.756977577
12/30/2016,5482,7.757054319
12/30/2016,5483,7.75713106
12/30/2016,5484,7.757207802
12/30/2016,5485,7.757284544
12/30/2016,5486,7.757361286
12/30/2016,5487,7.757438027
12/30/2016,5488,7.757514769
12/30/2016,5489,7.757591511
12/30/2016,5490,7.757668253
12/30/2016,5491,7.757744995
12/30/2016,5492,7.757821736
12/30/2016,5493,7.757898478
12/30/2016,5494,7.75797522
12/30/2016,5495,7.758051962
12/30/2016,5496,7.758128703
12/30/2016,5497,7.758205445
12/30/2016,5498,7.758282187
12/30/2016,5499,7.758358929
12/30/2016,5500,7.75843567
12/30/2016,5501,7.758512412
12/30/2016,5502,7.758589154
12/30/2016,5503,7.758665896
12/30/2016,5504,7.758742637
12/30/2016,5505,7.758819379
12/30/2016,5506,7.758896121
12/30/2016,5507,7.758972863
12/30/2016,5508,7.759049604
12/30/2016,5509,7.759126346
12/30/2016,5510,7.759203088
12/30/2016,5511,7.75927983
12/30/2016,5512,7.759356571
12/30/2016,5513,7.759433313
12/30/2016,5514,7.759510055
12/30/2016,5515,7.759586797
12/30/2016,5516,7.759663538
12/30/2016,5517,7.75974028
12/30/2016,5518,7.759817022
12/30/2016,5519,7.759893764
12/30/2016,5520,7.759970505
12/30/2016,5521,7.760047247
12/30/2016,5522,7.760123989
12/30/2016,5523,7.760200731
12/30/2016,5524,7.760277473
12/30/2016,5525,7.760354214
12/30/2016,5526,7.760430956
12/30/2016,5527,7.760507698
12/30/2016,5528,7.76058444
12/30/2016,5529,7.760661181
12/30/2016,5530,7.760737923
12/30/2016,5531,7.760814665
12/30/2016,5532,7.760891407
12/30/2016,5533,7.760968148
12/30/2016,5534,7.76104489
12/30/2016,5535,7.761121632
12/30/2016,5536,7.761198374
12/30/2016,5537,7.761275115
12/30/2016,5538,7.761351857
12/30/2016,5539,7.761428599
12/30/2016,5540,7.761505341
12/30/2016,5541,7.761582082
12/30/2016,5542,7.761658824
12/30/2016,5543,7.761735566
12/30/2016,5544,7.761812308
12/30/2016,5545,7.761889049
12/30/2016,5546,7.761965791
12/30/2016,5547,7.762042533
12/30/2016,5548,7.762119275
12/30/2016,5549,7.762196016
12/30/2016,5550,7.762272758
12/30/2016,5551,7.7623495
12/30/2016,5552,7.762426242
12/30/2016,5553,7.762502984
12/30/2016,5554,7.762579725
12/30/2016,5555,7.762656467
12/30/2016,5556,7.762733209
12/30/2016,5557,7.762809951
12/30/2016,5558,7.762886692
12/30/2016,5559,7.762963434
12/30/2016,5560,7.763040176
12/30/2016,5561,7.763116918
12/30/2016,5562,7.763193659
12/30/2016,5563,7.763270401
12/30/2016,5564,7.763347143
12/30/2016,5565,7.763423885
12/30/2016,5566,7.763500626
12/30/2016,5567,7.763577368
12/30/2016,5568,7.76365411
12/30/2016,5569,7.763730852
12/30/2016,5570,7.763807593
12/30/2016,5571,7.763884335
12/30/2016,5572,7.763961077
12/30/2016,5573,7.764037819
12/30/2016,5574,7.76411456
12/30/2016,5575,7.764191302
12/30/2016,5576,7.764268044
12/30/2016,5577,7.764344786
12/30/2016,5578,7.764421527
12/30/2016,5579,7.764498269
12/30/2016,5580,7.764575011
12/30/2016,5581,7.764651753
12/30/2016,5582,7.764728495
12/30/2016,5583,7.764805236
12/30/2016,5584,7.764881978
12/30/2016,5585,7.76495872
12/30/2016,5586,7.765035462
12/30/2016,5587,7.765112203
12/30/2016,5588,7.765188945
12/30/2016,5589,7.765265687
12/30/2016,5590,7.765342429
12/30/2016,5591,7.76541917
12/30/2016,5592,7.765495912
12/30/2016,5593,7.765572654
12/30/2016,5594,7.765649396
12/30/2016,5595,7.765726137
12/30/2016,5596,7.765802879
12/30/2016,5597,7.765879621
12/30/2016,5598,7.765956363
12/30/2016,5599,7.766033104
12/30/2016,5600,7.766109846
12/30/2016,5601,7.766186588
12/30/2016,5602,7.76626333
12/30/2016,5603,7.766340071
12/30/2016,5604,7.766416813
12/30/2016,5605,7.766493555
12/30/2016,5606,7.766570297
12/30/2016,5607,7.766647038
12/30/2016,5608,7.76672378
12/30/2016,5609,7.766800522
12/30/2016,5610,7.766877264
12/30/2016,5611,7.766954005
12/30/2016,5612,7.767030747
12/30/2016,5613,7.767107489
12/30/2016,5614,7.767184231
12/30/2016,5615,7.767260973
12/30/2016,5616,7.767337714
12/30/2016,5617,7.767414456
12/30/2016,5618,7.767491198
12/30/2016,5619,7.76756794
12/30/2016,5620,7.767644681
12/30/2016,5621,7.767721423
12/30/2016,5622,7.767798165
12/30/2016,5623,7.767874907
12/30/2016,5624,7.767951648
12/30/2016,5625,7.76802839
12/30/2016,5626,7.768105132
12/30/2016,5627,7.768181874
12/30/2016,5628,7.768258615
12/30/2016,5629,7.768335357
12/30/2016,5630,7.768412099
12/30/2016,5631,7.768488841
12/30/2016,5632,7.768565582
12/30/2016,5633,7.768642324
12/30/2016,5634,7.768719066
12/30/2016,5635,7.768795808
12/30/2016,5636,7.768872549
12/30/2016,5637,7.768949291
12/30/2016,5638,7.769026033
12/30/2016,5639,7.769102775
12/30/2016,5640,7.769179516
12/30/2016,5641,7.769256258
12/30/2016,5642,7.769333
12/30/2016,5643,7.769407676
12/30/2016,5644,7.769482352
12/30/2016,5645,7.769557027
12/30/2016,5646,7.769631703
12/30/2016,5647,7.769706379
12/30/2016,5648,7.769781055
12/30/2016,5649,7.769855731
12/30/2016,5650,7.769930407
12/30/2016,5651,7.770005082
12/30/2016,5652,7.770079758
12/30/2016,5653,7.770154434
12/30/2016,5654,7.77022911
12/30/2016,5655,7.770303786
12/30/2016,5656,7.770378462
12/30/2016,5657,7.770453137
12/30/2016,5658,7.770527813
12/30/2016,5659,7.770602489
12/30/2016,5660,7.770677165
12/30/2016,5661,7.770751841
12/30/2016,5662,7.770826516
12/30/2016,5663,7.770901192
12/30/2016,5664,7.770975868
12/30/2016,5665,7.771050544
12/30/2016,5666,7.77112522
12/30/2016,5667,7.771199896
12/30/2016,5668,7.771274571
12/30/2016,5669,7.771349247
12/30/2016,5670,7.771423923
12/30/2016,5671,7.771498599
12/30/2016,5672,7.771573275
12/30/2016,5673,7.771647951
12/30/2016,5674,7.771722626
12/30/2016,5675,7.771797302
12/30/2016,5676,7.771871978
12/30/2016,5677,7.771946654
12/30/2016,5678,7.77202133
12/30/2016,5679,7.772096005
12/30/2016,5680,7.772170681
12/30/2016,5681,7.772245357
12/30/2016,5682,7.772320033
12/30/2016,5683,7.772394709
12/30/2016,5684,7.772469385
12/30/2016,5685,7.77254406
12/30/2016,5686,7.772618736
12/30/2016,5687,7.772693412
12/30/2016,5688,7.772768088
12/30/2016,5689,7.772842764
12/30/2016,5690,7.77291744
12/30/2016,5691,7.772992115
12/30/2016,5692,7.773066791
12/30/2016,5693,7.773141467
12/30/2016,5694,7.773216143
12/30/2016,5695,7.773290819
12/30/2016,5696,7.773365495
12/30/2016,5697,7.77344017
12/30/2016,5698,7.773514846
12/30/2016,5699,7.773589522
12/30/2016,5700,7.773664198
12/30/2016,5701,7.773738874
12/30/2016,5702,7.773813549
12/30/2016,5703,7.773888225
12/30/2016,5704,7.773962901
12/30/2016,5705,7.774037577
12/30/2016,5706,7.774112253
12/30/2016,5707,7.774186929
12/30/2016,5708,7.774261604
12/30/2016,5709,7.77433628
12/30/2016,5710,7.774410956
12/30/2016,5711,7.774485632
12/30/2016,5712,7.774560308
12/30/2016,5713,7.774634984
12/30/2016,5714,7.774709659
12/30/2016,5715,7.774784335
12/30/2016,5716,7.774859011
12/30/2016,5717,7.774933687
12/30/2016,5718,7.775008363
12/30/2016,5719,7.775083038
12/30/2016,5720,7.775157714
12/30/2016,5721,7.77523239
12/30/2016,5722,7.775307066
12/30/2016,5723,7.775381742
12/30/2016,5724,7.775456418
12/30/2016,5725,7.775531093
12/30/2016,5726,7.775605769
12/30/2016,5727,7.775680445
12/30/2016,5728,7.775755121
12/30/2016,5729,7.775829797
12/30/2016,5730,7.775904473
12/30/2016,5731,7.775979148
12/30/2016,5732,7.776053824
12/30/2016,5733,7.7761285
12/30/2016,5734,7.776203176
12/30/2016,5735,7.776277852
12/30/2016,5736,7.776352527
12/30/2016,5737,7.776427203
12/30/2016,5738,7.776501879
12/30/2016,5739,7.776576555
12/30/2016,5740,7.776651231
12/30/2016,5741,7.776725907
12/30/2016,5742,7.776800582
12/30/2016,5743,7.776875258
12/30/2016,5744,7.776949934
12/30/2016,5745,7.77702461
12/30/2016,5746,7.777099286
12/30/2016,5747,7.777173962
12/30/2016,5748,7.777248637
12/30/2016,5749,7.777323313
12/30/2016,5750,7.777397989
12/30/2016,5751,7.777472665
12/30/2016,5752,7.777547341
12/30/2016,5753,7.777622016
12/30/2016,5754,7.777696692
12/30/2016,5755,7.777771368
12/30/2016,5756,7.777846044
12/30/2016,5757,7.77792072
12/30/2016,5758,7.777995396
12/30/2016,5759,7.778070071
12/30/2016,5760,7.778144747
12/30/2016,5761,7.778219423
12/30/2016,5762,7.778294099
12/30/2016,5763,7.778368775
12/30/2016,5764,7.778443451
12/30/2016,5765,7.778518126
12/30/2016,5766,7.778592802
12/30/2016,5767,7.778667478
12/30/2016,5768,7.778742154
12/30/2016,5769,7.77881683
12/30/2016,5770,7.778891505
12/30/2016,5771,7.778966181
12/30/2016,5772,7.779040857
12/30/2016,5773,7.779115533
12/30/2016,5774,7.779190209
12/30/2016,5775,7.779264885
12/30/2016,5776,7.77933956
12/30/2016,5777,7.779414236
12/30/2016,5778,7.779488912
12/30/2016,5779,7.779563588
12/30/2016,5780,7.779638264
12/30/2016,5781,7.77971294
12/30/2016,5782,7.779787615
12/30/2016,5783,7.779862291
12/30/2016,5784,7.779936967
12/30/2016,5785,7.780011643
12/30/2016,5786,7.780086319
12/30/2016,5787,7.780160995
12/30/2016,5788,7.78023567
12/30/2016,5789,7.780310346
12/30/2016,5790,7.780385022
12/30/2016,5791,7.780459698
12/30/2016,5792,7.780534374
12/30/2016,5793,7.780609049
12/30/2016,5794,7.780683725
12/30/2016,5795,7.780758401
12/30/2016,5796,7.780833077
12/30/2016,5797,7.780907753
12/30/2016,5798,7.780982429
12/30/2016,5799,7.781057104
12/30/2016,5800,7.78113178
12/30/2016,5801,7.781206456
12/30/2016,5802,7.781281132
12/30/2016,5803,7.781355808
12/30/2016,5804,7.781430484
12/30/2016,5805,7.781505159
12/30/2016,5806,7.781579835
12/30/2016,5807,7.781654511
12/30/2016,5808,7.781729187
12/30/2016,5809,7.781803863
12/30/2016,5810,7.781878538
12/30/2016,5811,7.781953214
12/30/2016,5812,7.78202789
12/30/2016,5813,7.782102566
12/30/2016,5814,7.782177242
12/30/2016,5815,7.782251918
12/30/2016,5816,7.782326593
12/30/2016,5817,7.782401269
12/30/2016,5818,7.782475945
12/30/2016,5819,7.782550621
12/30/2016,5820,7.782625297
12/30/2016,5821,7.782699973
12/30/2016,5822,7.782774648
12/30/2016,5823,7.782849324
12/30/2016,5824,7.782924
12/30/2016,5825,7.782996879
12/30/2016,5826,7.783069758
12/30/2016,5827,7.783142637
12/30/2016,5828,7.783215516
12/30/2016,5829,7.783288396
12/30/2016,5830,7.783361275
12/30/2016,5831,7.783434154
12/30/2016,5832,7.783507033
12/30/2016,5833,7.783579912
12/30/2016,5834,7.783652791
12/30/2016,5835,7.78372567
12/30/2016,5836,7.783798549
12/30/2016,5837,7.783871429
12/30/2016,5838,7.783944308
12/30/2016,5839,7.784017187
12/30/2016,5840,7.784090066
12/30/2016,5841,7.784162945
12/30/2016,5842,7.784235824
12/30/2016,5843,7.784308703
12/30/2016,5844,7.784381582
12/30/2016,5845,7.784454462
12/30/2016,5846,7.784527341
12/30/2016,5847,7.78460022
12/30/2016,5848,7.784673099
12/30/2016,5849,7.784745978
12/30/2016,5850,7.784818857
12/30/2016,5851,7.784891736
12/30/2016,5852,7.784964615
12/30/2016,5853,7.785037495
12/30/2016,5854,7.785110374
12/30/2016,5855,7.785183253
12/30/2016,5856,7.785256132
12/30/2016,5857,7.785329011
12/30/2016,5858,7.78540189
12/30/2016,5859,7.785474769
12/30/2016,5860,7.785547648
12/30/2016,5861,7.785620527
12/30/2016,5862,7.785693407
12/30/2016,5863,7.785766286
12/30/2016,5864,7.785839165
12/30/2016,5865,7.785912044
12/30/2016,5866,7.785984923
12/30/2016,5867,7.786057802
12/30/2016,5868,7.786130681
12/30/2016,5869,7.78620356
12/30/2016,5870,7.78627644
12/30/2016,5871,7.786349319
12/30/2016,5872,7.786422198
12/30/2016,5873,7.786495077
12/30/2016,5874,7.786567956
12/30/2016,5875,7.786640835
12/30/2016,5876,7.786713714
12/30/2016,5877,7.786786593
12/30/2016,5878,7.786859473
12/30/2016,5879,7.786932352
12/30/2016,5880,7.787005231
12/30/2016,5881,7.78707811
12/30/2016,5882,7.787150989
12/30/2016,5883,7.787223868
12/30/2016,5884,7.787296747
12/30/2016,5885,7.787369626
12/30/2016,5886,7.787442505
12/30/2016,5887,7.787515385
12/30/2016,5888,7.787588264
12/30/2016,5889,7.787661143
12/30/2016,5890,7.787734022
12/30/2016,5891,7.787806901
12/30/2016,5892,7.78787978
12/30/2016,5893,7.787952659
12/30/2016,5894,7.788025538
12/30/2016,5895,7.788098418
12/30/2016,5896,7.788171297
12/30/2016,5897,7.788244176
12/30/2016,5898,7.788317055
12/30/2016,5899,7.788389934
12/30/2016,5900,7.788462813
12/30/2016,5901,7.788535692
12/30/2016,5902,7.788608571
12/30/2016,5903,7.788681451
12/30/2016,5904,7.78875433
12/30/2016,5905,7.788827209
12/30/2016,5906,7.788900088
12/30/2016,5907,7.788972967
12/30/2016,5908,7.789045846
12/30/2016,5909,7.789118725
12/30/2016,5910,7.789191604
12/30/2016,5911,7.789264484
12/30/2016,5912,7.789337363
12/30/2016,5913,7.789410242
12/30/2016,5914,7.789483121
12/30/2016,5915,7.789556
12/30/2016,5916,7.789628879
12/30/2016,5917,7.789701758
12/30/2016,5918,7.789774637
12/30/2016,5919,7.789847516
12/30/2016,5920,7.789920396
12/30/2016,5921,7.789993275
12/30/2016,5922,7.790066154
12/30/2016,5923,7.790139033
12/30/2016,5924,7.790211912
12/30/2016,5925,7.790284791
12/30/2016,5926,7.79035767
12/30/2016,5927,7.790430549
12/30/2016,5928,7.790503429
12/30/2016,5929,7.790576308
12/30/2016,5930,7.790649187
12/30/2016,5931,7.790722066
12/30/2016,5932,7.790794945
12/30/2016,5933,7.790867824
12/30/2016,5934,7.790940703
12/30/2016,5935,7.791013582
12/30/2016,5936,7.791086462
12/30/2016,5937,7.791159341
12/30/2016,5938,7.79123222
12/30/2016,5939,7.791305099
12/30/2016,5940,7.791377978
12/30/2016,5941,7.791450857
12/30/2016,5942,7.791523736
12/30/2016,5943,7.791596615
12/30/2016,5944,7.791669495
12/30/2016,5945,7.791742374
12/30/2016,5946,7.791815253
12/30/2016,5947,7.791888132
12/30/2016,5948,7.791961011
12/30/2016,5949,7.79203389
12/30/2016,5950,7.792106769
12/30/2016,5951,7.792179648
12/30/2016,5952,7.792252527
12/30/2016,5953,7.792325407
12/30/2016,5954,7.792398286
12/30/2016,5955,7.792471165
12/30/2016,5956,7.792544044
12/30/2016,5957,7.792616923
12/30/2016,5958,7.792689802
12/30/2016,5959,7.792762681
12/30/2016,5960,7.79283556
12/30/2016,5961,7.79290844
12/30/2016,5962,7.792981319
12/30/2016,5963,7.793054198
12/30/2016,5964,7.793127077
12/30/2016,5965,7.793199956
12/30/2016,5966,7.793272835
12/30/2016,5967,7.793345714
12/30/2016,5968,7.793418593
12/30/2016,5969,7.793491473
12/30/2016,5970,7.793564352
12/30/2016,5971,7.793637231
12/30/2016,5972,7.79371011
12/30/2016,5973,7.793782989
12/30/2016,5974,7.793855868
12/30/2016,5975,7.793928747
12/30/2016,5976,7.794001626
12/30/2016,5977,7.794074505
12/30/2016,5978,7.794147385
12/30/2016,5979,7.794220264
12/30/2016,5980,7.794293143
12/30/2016,5981,7.794366022
12/30/2016,5982,7.794438901
12/30/2016,5983,7.79451178
12/30/2016,5984,7.794584659
12/30/2016,5985,7.794657538
12/30/2016,5986,7.794730418
12/30/2016,5987,7.794803297
12/30/2016,5988,7.794876176
12/30/2016,5989,7.794949055
12/30/2016,5990,7.795021934
12/30/2016,5991,7.795094813
12/30/2016,5992,7.795167692
12/30/2016,5993,7.795240571
12/30/2016,5994,7.795313451
12/30/2016,5995,7.79538633
12/30/2016,5996,7.795459209
12/30/2016,5997,7.795532088
12/30/2016,5998,7.795604967
12/30/2016,5999,7.795677846
12/30/2016,6000,7.795750725
12/30/2016,6001,7.795823604
12/30/2016,6002,7.795896484
12/30/2016,6003,7.795969363
12/30/2016,6004,7.796042242
12/30/2016,6005,7.796115121
12/30/2016,6006,7.796188
12/30/2016,6007,7.796259302
12/30/2016,6008,7.796330604
12/30/2016,6009,7.796401907
12/30/2016,6010,7.796473209
12/30/2016,6011,7.796544511
12/30/2016,6012,7.796615813
12/30/2016,6013,7.796687115
12/30/2016,6014,7.796758418
12/30/2016,6015,7.79682972
12/30/2016,6016,7.796901022
12/30/2016,6017,7.796972324
12/30/2016,6018,7.797043626
12/30/2016,6019,7.797114929
12/30/2016,6020,7.797186231
12/30/2016,6021,7.797257533
12/30/2016,6022,7.797328835
12/30/2016,6023,7.797400137
12/30/2016,6024,7.79747144
12/30/2016,6025,7.797542742
12/30/2016,6026,7.797614044
12/30/2016,6027,7.797685346
12/30/2016,6028,7.797756648
12/30/2016,6029,7.797827951
12/30/2016,6030,7.797899253
12/30/2016,6031,7.797970555
12/30/2016,6032,7.798041857
12/30/2016,6033,7.798113159
12/30/2016,6034,7.798184462
12/30/2016,6035,7.798255764
12/30/2016,6036,7.798327066
12/30/2016,6037,7.798398368
12/30/2016,6038,7.79846967
12/30/2016,6039,7.798540973
12/30/2016,6040,7.798612275
12/30/2016,6041,7.798683577
12/30/2016,6042,7.798754879
12/30/2016,6043,7.798826181
12/30/2016,6044,7.798897484
12/30/2016,6045,7.798968786
12/30/2016,6046,7.799040088
12/30/2016,6047,7.79911139
12/30/2016,6048,7.799182692
12/30/2016,6049,7.799253995
12/30/2016,6050,7.799325297
12/30/2016,6051,7.799396599
12/30/2016,6052,7.799467901
12/30/2016,6053,7.799539203
12/30/2016,6054,7.799610505
12/30/2016,6055,7.799681808
12/30/2016,6056,7.79975311
12/30/2016,6057,7.799824412
12/30/2016,6058,7.799895714
12/30/2016,6059,7.799967016
12/30/2016,6060,7.800038319
12/30/2016,6061,7.800109621
12/30/2016,6062,7.800180923
12/30/2016,6063,7.800252225
12/30/2016,6064,7.800323527
12/30/2016,6065,7.80039483
12/30/2016,6066,7.800466132
12/30/2016,6067,7.800537434
12/30/2016,6068,7.800608736
12/30/2016,6069,7.800680038
12/30/2016,6070,7.800751341
12/30/2016,6071,7.800822643
12/30/2016,6072,7.800893945
12/30/2016,6073,7.800965247
12/30/2016,6074,7.801036549
12/30/2016,6075,7.801107852
12/30/2016,6076,7.801179154
12/30/2016,6077,7.801250456
12/30/2016,6078,7.801321758
12/30/2016,6079,7.80139306
12/30/2016,6080,7.801464363
12/30/2016,6081,7.801535665
12/30/2016,6082,7.801606967
12/30/2016,6083,7.801678269
12/30/2016,6084,7.801749571
12/30/2016,6085,7.801820874
12/30/2016,6086,7.801892176
12/30/2016,6087,7.801963478
12/30/2016,6088,7.80203478
12/30/2016,6089,7.802106082
12/30/2016,6090,7.802177385
12/30/2016,6091,7.802248687
12/30/2016,6092,7.802319989
12/30/2016,6093,7.802391291
12/30/2016,6094,7.802462593
12/30/2016,6095,7.802533896
12/30/2016,6096,7.802605198
12/30/2016,6097,7.8026765
12/30/2016,6098,7.802747802
12/30/2016,6099,7.802819104
12/30/2016,6100,7.802890407
12/30/2016,6101,7.802961709
12/30/2016,6102,7.803033011
12/30/2016,6103,7.803104313
12/30/2016,6104,7.803175615
12/30/2016,6105,7.803246918
12/30/2016,6106,7.80331822
12/30/2016,6107,7.803389522
12/30/2016,6108,7.803460824
12/30/2016,6109,7.803532126
12/30/2016,6110,7.803603429
12/30/2016,6111,7.803674731
12/30/2016,6112,7.803746033
12/30/2016,6113,7.803817335
12/30/2016,6114,7.803888637
12/30/2016,6115,7.80395994
12/30/2016,6116,7.804031242
12/30/2016,6117,7.804102544
12/30/2016,6118,7.804173846
12/30/2016,6119,7.804245148
12/30/2016,6120,7.804316451
12/30/2016,6121,7.804387753
12/30/2016,6122,7.804459055
12/30/2016,6123,7.804530357
12/30/2016,6124,7.804601659
12/30/2016,6125,7.804672962
12/30/2016,6126,7.804744264
12/30/2016,6127,7.804815566
12/30/2016,6128,7.804886868
12/30/2016,6129,7.80495817
12/30/2016,6130,7.805029473
12/30/2016,6131,7.805100775
12/30/2016,6132,7.805172077
12/30/2016,6133,7.805243379
12/30/2016,6134,7.805314681
12/30/2016,6135,7.805385984
12/30/2016,6136,7.805457286
12/30/2016,6137,7.805528588
12/30/2016,6138,7.80559989
12/30/2016,6139,7.805671192
12/30/2016,6140,7.805742495
12/30/2016,6141,7.805813797
12/30/2016,6142,7.805885099
12/30/2016,6143,7.805956401
12/30/2016,6144,7.806027703
12/30/2016,6145,7.806099005
12/30/2016,6146,7.806170308
12/30/2016,6147,7.80624161
12/30/2016,6148,7.806312912
12/30/2016,6149,7.806384214
12/30/2016,6150,7.806455516
12/30/2016,6151,7.806526819
12/30/2016,6152,7.806598121
12/30/2016,6153,7.806669423
12/30/2016,6154,7.806740725
12/30/2016,6155,7.806812027
12/30/2016,6156,7.80688333
12/30/2016,6157,7.806954632
12/30/2016,6158,7.807025934
12/30/2016,6159,7.807097236
12/30/2016,6160,7.807168538
12/30/2016,6161,7.807239841
12/30/2016,6162,7.807311143
12/30/2016,6163,7.807382445
12/30/2016,6164,7.807453747
12/30/2016,6165,7.807525049
12/30/2016,6166,7.807596352
12/30/2016,6167,7.807667654
12/30/2016,6168,7.807738956
12/30/2016,6169,7.807810258
12/30/2016,6170,7.80788156
12/30/2016,6171,7.807952863
12/30/2016,6172,7.808024165
12/30/2016,6173,7.808095467
12/30/2016,6174,7.808166769
12/30/2016,6175,7.808238071
12/30/2016,6176,7.808309374
12/30/2016,6177,7.808380676
12/30/2016,6178,7.808451978
12/30/2016,6179,7.80852328
12/30/2016,6180,7.808594582
12/30/2016,6181,7.808665885
12/30/2016,6182,7.808737187
12/30/2016,6183,7.808808489
12/30/2016,6184,7.808879791
12/30/2016,6185,7.808951093
12/30/2016,6186,7.809022396
12/30/2016,6187,7.809093698
12/30/2016,6188,7.809165
12/30/2016,6189,7.809234055
12/30/2016,6190,7.80930311
12/30/2016,6191,7.809372165
12/30/2016,6192,7.80944122
12/30/2016,6193,7.809510275
12/30/2016,6194,7.80957933
12/30/2016,6195,7.809648385
12/30/2016,6196,7.80971744
12/30/2016,6197,7.809786495
12/30/2016,6198,7.809855549
12/30/2016,6199,7.809924604
12/30/2016,6200,7.809993659
12/30/2016,6201,7.810062714
12/30/2016,6202,7.810131769
12/30/2016,6203,7.810200824
12/30/2016,6204,7.810269879
12/30/2016,6205,7.810338934
12/30/2016,6206,7.810407989
12/30/2016,6207,7.810477044
12/30/2016,6208,7.810546099
12/30/2016,6209,7.810615154
12/30/2016,6210,7.810684209
12/30/2016,6211,7.810753264
12/30/2016,6212,7.810822319
12/30/2016,6213,7.810891374
12/30/2016,6214,7.810960429
12/30/2016,6215,7.811029484
12/30/2016,6216,7.811098538
12/30/2016,6217,7.811167593
12/30/2016,6218,7.811236648
12/30/2016,6219,7.811305703
12/30/2016,6220,7.811374758
12/30/2016,6221,7.811443813
12/30/2016,6222,7.811512868
12/30/2016,6223,7.811581923
12/30/2016,6224,7.811650978
12/30/2016,6225,7.811720033
12/30/2016,6226,7.811789088
12/30/2016,6227,7.811858143
12/30/2016,6228,7.811927198
12/30/2016,6229,7.811996253
12/30/2016,6230,7.812065308
12/30/2016,6231,7.812134363
12/30/2016,6232,7.812203418
12/30/2016,6233,7.812272473
12/30/2016,6234,7.812341527
12/30/2016,6235,7.812410582
12/30/2016,6236,7.812479637
12/30/2016,6237,7.812548692
12/30/2016,6238,7.812617747
12/30/2016,6239,7.812686802
12/30/2016,6240,7.812755857
12/30/2016,6241,7.812824912
12/30/2016,6242,7.812893967
12/30/2016,6243,7.812963022
12/30/2016,6244,7.813032077
12/30/2016,6245,7.813101132
12/30/2016,6246,7.813170187
12/30/2016,6247,7.813239242
12/30/2016,6248,7.813308297
12/30/2016,6249,7.813377352
12/30/2016,6250,7.813446407
12/30/2016,6251,7.813515462
12/30/2016,6252,7.813584516
12/30/2016,6253,7.813653571
12/30/2016,6254,7.813722626
12/30/2016,6255,7.813791681
12/30/2016,6256,7.813860736
12/30/2016,6257,7.813929791
12/30/2016,6258,7.813998846
12/30/2016,6259,7.814067901
12/30/2016,6260,7.814136956
12/30/2016,6261,7.814206011
12/30/2016,6262,7.814275066
12/30/2016,6263,7.814344121
12/30/2016,6264,7.814413176
12/30/2016,6265,7.814482231
12/30/2016,6266,7.814551286
12/30/2016,6267,7.814620341
12/30/2016,6268,7.814689396
12/30/2016,6269,7.814758451
12/30/2016,6270,7.814827505
12/30/2016,6271,7.81489656
12/30/2016,6272,7.814965615
12/30/2016,6273,7.81503467
12/30/2016,6274,7.815103725
12/30/2016,6275,7.81517278
12/30/2016,6276,7.815241835
12/30/2016,6277,7.81531089
12/30/2016,6278,7.815379945
12/30/2016,6279,7.815449
12/30/2016,6280,7.815518055
12/30/2016,6281,7.81558711
12/30/2016,6282,7.815656165
12/30/2016,6283,7.81572522
12/30/2016,6284,7.815794275
12/30/2016,6285,7.81586333
12/30/2016,6286,7.815932385
12/30/2016,6287,7.81600144
12/30/2016,6288,7.816070495
12/30/2016,6289,7.816139549
12/30/2016,6290,7.816208604
12/30/2016,6291,7.816277659
12/30/2016,6292,7.816346714
12/30/2016,6293,7.816415769
12/30/2016,6294,7.816484824
12/30/2016,6295,7.816553879
12/30/2016,6296,7.816622934
12/30/2016,6297,7.816691989
12/30/2016,6298,7.816761044
12/30/2016,6299,7.816830099
12/30/2016,6300,7.816899154
12/30/2016,6301,7.816968209
12/30/2016,6302,7.817037264
12/30/2016,6303,7.817106319
12/30/2016,6304,7.817175374
12/30/2016,6305,7.817244429
12/30/2016,6306,7.817313484
12/30/2016,6307,7.817382538
12/30/2016,6308,7.817451593
12/30/2016,6309,7.817520648
12/30/2016,6310,7.817589703
12/30/2016,6311,7.817658758
12/30/2016,6312,7.817727813
12/30/2016,6313,7.817796868
12/30/2016,6314,7.817865923
12/30/2016,6315,7.817934978
12/30/2016,6316,7.818004033
12/30/2016,6317,7.818073088
12/30/2016,6318,7.818142143
12/30/2016,6319,7.818211198
12/30/2016,6320,7.818280253
12/30/2016,6321,7.818349308
12/30/2016,6322,7.818418363
12/30/2016,6323,7.818487418
12/30/2016,6324,7.818556473
12/30/2016,6325,7.818625527
12/30/2016,6326,7.818694582
12/30/2016,6327,7.818763637
12/30/2016,6328,7.818832692
12/30/2016,6329,7.818901747
12/30/2016,6330,7.818970802
12/30/2016,6331,7.819039857
12/30/2016,6332,7.819108912
12/30/2016,6333,7.819177967
12/30/2016,6334,7.819247022
12/30/2016,6335,7.819316077
12/30/2016,6336,7.819385132
12/30/2016,6337,7.819454187
12/30/2016,6338,7.819523242
12/30/2016,6339,7.819592297
12/30/2016,6340,7.819661352
12/30/2016,6341,7.819730407
12/30/2016,6342,7.819799462
12/30/2016,6343,7.819868516
12/30/2016,6344,7.819937571
12/30/2016,6345,7.820006626
12/30/2016,6346,7.820075681
12/30/2016,6347,7.820144736
12/30/2016,6348,7.820213791
12/30/2016,6349,7.820282846
12/30/2016,6350,7.820351901
12/30/2016,6351,7.820420956
12/30/2016,6352,7.820490011
12/30/2016,6353,7.820559066
12/30/2016,6354,7.820628121
12/30/2016,6355,7.820697176
12/30/2016,6356,7.820766231
12/30/2016,6357,7.820835286
12/30/2016,6358,7.820904341
12/30/2016,6359,7.820973396
12/30/2016,6360,7.821042451
12/30/2016,6361,7.821111505
12/30/2016,6362,7.82118056
12/30/2016,6363,7.821249615
12/30/2016,6364,7.82131867
12/30/2016,6365,7.821387725
12/30/2016,6366,7.82145678
12/30/2016,6367,7.821525835
12/30/2016,6368,7.82159489
12/30/2016,6369,7.821663945
12/30/2016,6370,7.821733
12/30/2016,6371,7.821801797
12/30/2016,6372,7.821870593
12/30/2016,6373,7.82193939
12/30/2016,6374,7.822008187
12/30/2016,6375,7.822076984
12/30/2016,6376,7.82214578
12/30/2016,6377,7.822214577
12/30/2016,6378,7.822283374
12/30/2016,6379,7.82235217
12/30/2016,6380,7.822420967
12/30/2016,6381,7.822489764
12/30/2016,6382,7.82255856
12/30/2016,6383,7.822627357
12/30/2016,6384,7.822696154
12/30/2016,6385,7.822764951
12/30/2016,6386,7.822833747
12/30/2016,6387,7.822902544
12/30/2016,6388,7.822971341
12/30/2016,6389,7.823040137
12/30/2016,6390,7.823108934
12/30/2016,6391,7.823177731
12/30/2016,6392,7.823246527
12/30/2016,6393,7.823315324
12/30/2016,6394,7.823384121
12/30/2016,6395,7.823452918
12/30/2016,6396,7.823521714
12/30/2016,6397,7.823590511
12/30/2016,6398,7.823659308
12/30/2016,6399,7.823728104
12/30/2016,6400,7.823796901
12/30/2016,6401,7.823865698
12/30/2016,6402,7.823934495
12/30/2016,6403,7.824003291
12/30/2016,6404,7.824072088
12/30/2016,6405,7.824140885
12/30/2016,6406,7.824209681
12/30/2016,6407,7.824278478
12/30/2016,6408,7.824347275
12/30/2016,6409,7.824416071
12/30/2016,6410,7.824484868
12/30/2016,6411,7.824553665
12/30/2016,6412,7.824622462
12/30/2016,6413,7.824691258
12/30/2016,6414,7.824760055
12/30/2016,6415,7.824828852
12/30/2016,6416,7.824897648
12/30/2016,6417,7.824966445
12/30/2016,6418,7.825035242
12/30/2016,6419,7.825104038
12/30/2016,6420,7.825172835
12/30/2016,6421,7.825241632
12/30/2016,6422,7.825310429
12/30/2016,6423,7.825379225
12/30/2016,6424,7.825448022
12/30/2016,6425,7.825516819
12/30/2016,6426,7.825585615
12/30/2016,6427,7.825654412
12/30/2016,6428,7.825723209
12/30/2016,6429,7.825792005
12/30/2016,6430,7.825860802
12/30/2016,6431,7.825929599
12/30/2016,6432,7.825998396
12/30/2016,6433,7.826067192
12/30/2016,6434,7.826135989
12/30/2016,6435,7.826204786
12/30/2016,6436,7.826273582
12/30/2016,6437,7.826342379
12/30/2016,6438,7.826411176
12/30/2016,6439,7.826479973
12/30/2016,6440,7.826548769
12/30/2016,6441,7.826617566
12/30/2016,6442,7.826686363
12/30/2016,6443,7.826755159
12/30/2016,6444,7.826823956
12/30/2016,6445,7.826892753
12/30/2016,6446,7.826961549
12/30/2016,6447,7.827030346
12/30/2016,6448,7.827099143
12/30/2016,6449,7.82716794
12/30/2016,6450,7.827236736
12/30/2016,6451,7.827305533
12/30/2016,6452,7.82737433
12/30/2016,6453,7.827443126
12/30/2016,6454,7.827511923
12/30/2016,6455,7.82758072
12/30/2016,6456,7.827649516
12/30/2016,6457,7.827718313
12/30/2016,6458,7.82778711
12/30/2016,6459,7.827855907
12/30/2016,6460,7.827924703
12/30/2016,6461,7.8279935
12/30/2016,6462,7.828062297
12/30/2016,6463,7.828131093
12/30/2016,6464,7.82819989
12/30/2016,6465,7.828268687
12/30/2016,6466,7.828337484
12/30/2016,6467,7.82840628
12/30/2016,6468,7.828475077
12/30/2016,6469,7.828543874
12/30/2016,6470,7.82861267
12/30/2016,6471,7.828681467
12/30/2016,6472,7.828750264
12/30/2016,6473,7.82881906
12/30/2016,6474,7.828887857
12/30/2016,6475,7.828956654
12/30/2016,6476,7.829025451
12/30/2016,6477,7.829094247
12/30/2016,6478,7.829163044
12/30/2016,6479,7.829231841
12/30/2016,6480,7.829300637
12/30/2016,6481,7.829369434
12/30/2016,6482,7.829438231
12/30/2016,6483,7.829507027
12/30/2016,6484,7.829575824
12/30/2016,6485,7.829644621
12/30/2016,6486,7.829713418
12/30/2016,6487,7.829782214
12/30/2016,6488,7.829851011
12/30/2016,6489,7.829919808
12/30/2016,6490,7.829988604
12/30/2016,6491,7.830057401
12/30/2016,6492,7.830126198
12/30/2016,6493,7.830194995
12/30/2016,6494,7.830263791
12/30/2016,6495,7.830332588
12/30/2016,6496,7.830401385
12/30/2016,6497,7.830470181
12/30/2016,6498,7.830538978
12/30/2016,6499,7.830607775
12/30/2016,6500,7.830676571
12/30/2016,6501,7.830745368
12/30/2016,6502,7.830814165
12/30/2016,6503,7.830882962
12/30/2016,6504,7.830951758
12/30/2016,6505,7.831020555
12/30/2016,6506,7.831089352
12/30/2016,6507,7.831158148
12/30/2016,6508,7.831226945
12/30/2016,6509,7.831295742
12/30/2016,6510,7.831364538
12/30/2016,6511,7.831433335
12/30/2016,6512,7.831502132
12/30/2016,6513,7.831570929
12/30/2016,6514,7.831639725
12/30/2016,6515,7.831708522
12/30/2016,6516,7.831777319
12/30/2016,6517,7.831846115
12/30/2016,6518,7.831914912
12/30/2016,6519,7.831983709
12/30/2016,6520,7.832052505
12/30/2016,6521,7.832121302
12/30/2016,6522,7.832190099
12/30/2016,6523,7.832258896
12/30/2016,6524,7.832327692
12/30/2016,6525,7.832396489
12/30/2016,6526,7.832465286
12/30/2016,6527,7.832534082
12/30/2016,6528,7.832602879
12/30/2016,6529,7.832671676
12/30/2016,6530,7.832740473
12/30/2016,6531,7.832809269
12/30/2016,6532,7.832878066
12/30/2016,6533,7.832946863
12/30/2016,6534,7.833015659
12/30/2016,6535,7.833084456
12/30/2016,6536,7.833153253
12/30/2016,6537,7.833222049
12/30/2016,6538,7.833290846
12/30/2016,6539,7.833359643
12/30/2016,6540,7.83342844
12/30/2016,6541,7.833497236
12/30/2016,6542,7.833566033
12/30/2016,6543,7.83363483
12/30/2016,6544,7.833703626
12/30/2016,6545,7.833772423
12/30/2016,6546,7.83384122
12/30/2016,6547,7.833910016
12/30/2016,6548,7.833978813
12/30/2016,6549,7.83404761
12/30/2016,6550,7.834116407
12/30/2016,6551,7.834185203
12/30/2016,6552,7.834254
12/30/2016,6553,7.834339077
12/30/2016,6554,7.834424154
12/30/2016,6555,7.834509231
12/30/2016,6556,7.834594308
12/30/2016,6557,7.834679385
12/30/2016,6558,7.834764462
12/30/2016,6559,7.834849538
12/30/2016,6560,7.834934615
12/30/2016,6561,7.835019692
12/30/2016,6562,7.835104769
12/30/2016,6563,7.835189846
12/30/2016,6564,7.835274923
12/30/2016,6565,7.83536
12/30/2016,6566,7.835445077
12/30/2016,6567,7.835530154
12/30/2016,6568,7.835615231
12/30/2016,6569,7.835700308
12/30/2016,6570,7.835785385
12/30/2016,6571,7.835870462
12/30/2016,6572,7.835955538
12/30/2016,6573,7.836040615
12/30/2016,6574,7.836125692
12/30/2016,6575,7.836210769
12/30/2016,6576,7.836295846
12/30/2016,6577,7.836380923
12/30/2016,6578,7.836466
12/30/2016,6579,7.836551077
12/30/2016,6580,7.836636154
12/30/2016,6581,7.836721231
12/30/2016,6582,7.836806308
12/30/2016,6583,7.836891385
12/30/2016,6584,7.836976462
12/30/2016,6585,7.837061538
12/30/2016,6586,7.837146615
12/30/2016,6587,7.837231692
12/30/2016,6588,7.837316769
12/30/2016,6589,7.837401846
12/30/2016,6590,7.837486923
12/30/2016,6591,7.837572
12/30/2016,6592,7.837657077
12/30/2016,6593,7.837742154
12/30/2016,6594,7.837827231
12/30/2016,6595,7.837912308
12/30/2016,6596,7.837997385
12/30/2016,6597,7.838082462
12/30/2016,6598,7.838167538
12/30/2016,6599,7.838252615
12/30/2016,6600,7.838337692
12/30/2016,6601,7.838422769
12/30/2016,6602,7.838507846
12/30/2016,6603,7.838592923
12/30/2016,6604,7.838678
12/30/2016,6605,7.838763077
12/30/2016,6606,7.838848154
12/30/2016,6607,7.838933231
12/30/2016,6608,7.839018308
12/30/2016,6609,7.839103385
12/30/2016,6610,7.839188462
12/30/2016,6611,7.839273538
12/30/2016,6612,7.839358615
12/30/2016,6613,7.839443692
12/30/2016,6614,7.839528769
12/30/2016,6615,7.839613846
12/30/2016,6616,7.839698923
12/30/2016,6617,7.839784
12/30/2016,6618,7.839869077
12/30/2016,6619,7.839954154
12/30/2016,6620,7.840039231
12/30/2016,6621,7.840124308
12/30/2016,6622,7.840209385
12/30/2016,6623,7.840294462
12/30/2016,6624,7.840379538
12/30/2016,6625,7.840464615
12/30/2016,6626,7.840549692
12/30/2016,6627,7.840634769
12/30/2016,6628,7.840719846
12/30/2016,6629,7.840804923
12/30/2016,6630,7.84089
12/30/2016,6631,7.840975077
12/30/2016,6632,7.841060154
12/30/2016,6633,7.841145231
12/30/2016,6634,7.841230308
12/30/2016,6635,7.841315385
12/30/2016,6636,7.841400462
12/30/2016,6637,7.841485538
12/30/2016,6638,7.841570615
12/30/2016,6639,7.841655692
12/30/2016,6640,7.841740769
12/30/2016,6641,7.841825846
12/30/2016,6642,7.841910923
12/30/2016,6643,7.841996
12/30/2016,6644,7.842081077
12/30/2016,6645,7.842166154
12/30/2016,6646,7.842251231
12/30/2016,6647,7.842336308
12/30/2016,6648,7.842421385
12/30/2016,6649,7.842506462
12/30/2016,6650,7.842591538
12/30/2016,6651,7.842676615
12/30/2016,6652,7.842761692
12/30/2016,6653,7.842846769
12/30/2016,6654,7.842931846
12/30/2016,6655,7.843016923
12/30/2016,6656,7.843102
12/30/2016,6657,7.843187077
12/30/2016,6658,7.843272154
12/30/2016,6659,7.843357231
12/30/2016,6660,7.843442308
12/30/2016,6661,7.843527385
12/30/2016,6662,7.843612462
12/30/2016,6663,7.843697538
12/30/2016,6664,7.843782615
12/30/2016,6665,7.843867692
12/30/2016,6666,7.843952769
12/30/2016,6667,7.844037846
12/30/2016,6668,7.844122923
12/30/2016,6669,7.844208
12/30/2016,6670,7.844293077
12/30/2016,6671,7.844378154
12/30/2016,6672,7.844463231
12/30/2016,6673,7.844548308
12/30/2016,6674,7.844633385
12/30/2016,6675,7.844718462
12/30/2016,6676,7.844803538
12/30/2016,6677,7.844888615
12/30/2016,6678,7.844973692
12/30/2016,6679,7.845058769
12/30/2016,6680,7.845143846
12/30/2016,6681,7.845228923
12/30/2016,6682,7.845314
12/30/2016,6683,7.845399077
12/30/2016,6684,7.845484154
12/30/2016,6685,7.845569231
12/30/2016,6686,7.845654308
12/30/2016,6687,7.845739385
12/30/2016,6688,7.845824462
12/30/2016,6689,7.845909538
12/30/2016,6690,7.845994615
12/30/2016,6691,7.846079692
12/30/2016,6692,7.846164769
12/30/2016,6693,7.846249846
12/30/2016,6694,7.846334923
12/30/2016,6695,7.84642
12/30/2016,6696,7.846505077
12/30/2016,6697,7.846590154
12/30/2016,6698,7.846675231
12/30/2016,6699,7.846760308
12/30/2016,6700,7.846845385
12/30/2016,6701,7.846930462
12/30/2016,6702,7.847015538
12/30/2016,6703,7.847100615
12/30/2016,6704,7.847185692
12/30/2016,6705,7.847270769
12/30/2016,6706,7.847355846
12/30/2016,6707,7.847440923
12/30/2016,6708,7.847526
12/30/2016,6709,7.847611077
12/30/2016,6710,7.847696154
12/30/2016,6711,7.847781231
12/30/2016,6712,7.847866308
12/30/2016,6713,7.847951385
12/30/2016,6714,7.848036462
12/30/2016,6715,7.848121538
12/30/2016,6716,7.848206615
12/30/2016,6717,7.848291692
12/30/2016,6718,7.848376769
12/30/2016,6719,7.848461846
12/30/2016,6720,7.848546923
12/30/2016,6721,7.848632
12/30/2016,6722,7.848717077
12/30/2016,6723,7.848802154
12/30/2016,6724,7.848887231
12/30/2016,6725,7.848972308
12/30/2016,6726,7.849057385
12/30/2016,6727,7.849142462
12/30/2016,6728,7.849227538
12/30/2016,6729,7.849312615
12/30/2016,6730,7.849397692
12/30/2016,6731,7.849482769
12/30/2016,6732,7.849567846
12/30/2016,6733,7.849652923
12/30/2016,6734,7.849738
12/30/2016,6735,7.849662643
12/30/2016,6736,7.849587286
12/30/2016,6737,7.849511929
12/30/2016,6738,7.849436571
12/30/2016,6739,7.849361214
12/30/2016,6740,7.849285857
12/30/2016,6741,7.8492105
12/30/2016,6742,7.849135143
12/30/2016,6743,7.849059786
12/30/2016,6744,7.848984429
12/30/2016,6745,7.848909071
12/30/2016,6746,7.848833714
12/30/2016,6747,7.848758357
12/30/2016,6748,7.848683
12/30/2016,6749,7.848607643
12/30/2016,6750,7.848532286
12/30/2016,6751,7.848456929
12/30/2016,6752,7.848381571
12/30/2016,6753,7.848306214
12/30/2016,6754,7.848230857
12/30/2016,6755,7.8481555
12/30/2016,6756,7.848080143
12/30/2016,6757,7.848004786
12/30/2016,6758,7.847929429
12/30/2016,6759,7.847854071
12/30/2016,6760,7.847778714
12/30/2016,6761,7.847703357
12/30/2016,6762,7.847628
12/30/2016,6763,7.847552643
12/30/2016,6764,7.847477286
12/30/2016,6765,7.847401929
12/30/2016,6766,7.847326571
12/30/2016,6767,7.847251214
12/30/2016,6768,7.847175857
12/30/2016,6769,7.8471005
12/30/2016,6770,7.847025143
12/30/2016,6771,7.846949786
12/30/2016,6772,7.846874429
12/30/2016,6773,7.846799071
12/30/2016,6774,7.846723714
12/30/2016,6775,7.846648357
12/30/2016,6776,7.846573
12/30/2016,6777,7.846497643
12/30/2016,6778,7.846422286
12/30/2016,6779,7.846346929
12/30/2016,6780,7.846271571
12/30/2016,6781,7.846196214
12/30/2016,6782,7.846120857
12/30/2016,6783,7.8460455
12/30/2016,6784,7.845970143
12/30/2016,6785,7.845894786
12/30/2016,6786,7.845819429
12/30/2016,6787,7.845744071
12/30/2016,6788,7.845668714
12/30/2016,6789,7.845593357
12/30/2016,6790,7.845518
12/30/2016,6791,7.845442643
12/30/2016,6792,7.845367286
12/30/2016,6793,7.845291929
12/30/2016,6794,7.845216571
12/30/2016,6795,7.845141214
12/30/2016,6796,7.845065857
12/30/2016,6797,7.8449905
12/30/2016,6798,7.844915143
12/30/2016,6799,7.844839786
12/30/2016,6800,7.844764429
12/30/2016,6801,7.844689071
12/30/2016,6802,7.844613714
12/30/2016,6803,7.844538357
12/30/2016,6804,7.844463
12/30/2016,6805,7.844387643
12/30/2016,6806,7.844312286
12/30/2016,6807,7.844236929
12/30/2016,6808,7.844161571
12/30/2016,6809,7.844086214
12/30/2016,6810,7.844010857
12/30/2016,6811,7.8439355
12/30/2016,6812,7.843860143
12/30/2016,6813,7.843784786
12/30/2016,6814,7.843709429
12/30/2016,6815,7.843634071
12/30/2016,6816,7.843558714
12/30/2016,6817,7.843483357
12/30/2016,6818,7.843408
12/30/2016,6819,7.843332643
12/30/2016,6820,7.843257286
12/30/2016,6821,7.843181929
12/30/2016,6822,7.843106571
12/30/2016,6823,7.843031214
12/30/2016,6824,7.842955857
12/30/2016,6825,7.8428805
12/30/2016,6826,7.842805143
12/30/2016,6827,7.842729786
12/30/2016,6828,7.842654429
12/30/2016,6829,7.842579071
12/30/2016,6830,7.842503714
12/30/2016,6831,7.842428357
12/30/2016,6832,7.842353
12/30/2016,6833,7.842277643
12/30/2016,6834,7.842202286
12/30/2016,6835,7.842126929
12/30/2016,6836,7.842051571
12/30/2016,6837,7.841976214
12/30/2016,6838,7.841900857
12/30/2016,6839,7.8418255
12/30/2016,6840,7.841750143
12/30/2016,6841,7.841674786
12/30/2016,6842,7.841599429
12/30/2016,6843,7.841524071
12/30/2016,6844,7.841448714
12/30/2016,6845,7.841373357
12/30/2016,6846,7.841298
12/30/2016,6847,7.841222643
12/30/2016,6848,7.841147286
12/30/2016,6849,7.841071929
12/30/2016,6850,7.840996571
12/30/2016,6851,7.840921214
12/30/2016,6852,7.840845857
12/30/2016,6853,7.8407705
12/30/2016,6854,7.840695143
12/30/2016,6855,7.840619786
12/30/2016,6856,7.840544429
12/30/2016,6857,7.840469071
12/30/2016,6858,7.840393714
12/30/2016,6859,7.840318357
12/30/2016,6860,7.840243
12/30/2016,6861,7.840167643
12/30/2016,6862,7.840092286
12/30/2016,6863,7.840016929
12/30/2016,6864,7.839941571
12/30/2016,6865,7.839866214
12/30/2016,6866,7.839790857
12/30/2016,6867,7.8397155
12/30/2016,6868,7.839640143
12/30/2016,6869,7.839564786
12/30/2016,6870,7.839489429
12/30/2016,6871,7.839414071
12/30/2016,6872,7.839338714
12/30/2016,6873,7.839263357
12/30/2016,6874,7.839188
12/30/2016,6875,7.839112643
12/30/2016,6876,7.839037286
12/30/2016,6877,7.838961929
12/30/2016,6878,7.838886571
12/30/2016,6879,7.838811214
12/30/2016,6880,7.838735857
12/30/2016,6881,7.8386605
12/30/2016,6882,7.838585143
12/30/2016,6883,7.838509786
12/30/2016,6884,7.838434429
12/30/2016,6885,7.838359071
12/30/2016,6886,7.838283714
12/30/2016,6887,7.838208357
12/30/2016,6888,7.838133
12/30/2016,6889,7.838057643
12/30/2016,6890,7.837982286
12/30/2016,6891,7.837906929
12/30/2016,6892,7.837831571
12/30/2016,6893,7.837756214
12/30/2016,6894,7.837680857
12/30/2016,6895,7.8376055
12/30/2016,6896,7.837530143
12/30/2016,6897,7.837454786
12/30/2016,6898,7.837379429
12/30/2016,6899,7.837304071
12/30/2016,6900,7.837228714
12/30/2016,6901,7.837153357
12/30/2016,6902,7.837078
12/30/2016,6903,7.837002643
12/30/2016,6904,7.836927286
12/30/2016,6905,7.836851929
12/30/2016,6906,7.836776571
12/30/2016,6907,7.836701214
12/30/2016,6908,7.836625857
12/30/2016,6909,7.8365505
12/30/2016,6910,7.836475143
12/30/2016,6911,7.836399786
12/30/2016,6912,7.836324429
12/30/2016,6913,7.836249071
12/30/2016,6914,7.836173714
12/30/2016,6915,7.836098357
12/30/2016,6916,7.836023
12/30/2016,6917,7.836100813
12/30/2016,6918,7.836178626
12/30/2016,6919,7.83625644
12/30/2016,6920,7.836334253
12/30/2016,6921,7.836412066
12/30/2016,6922,7.836489879
12/30/2016,6923,7.836567692
12/30/2016,6924,7.836645505
12/30/2016,6925,7.836723319
12/30/2016,6926,7.836801132
12/30/2016,6927,7.836878945
12/30/2016,6928,7.836956758
12/30/2016,6929,7.837034571
12/30/2016,6930,7.837112385
12/30/2016,6931,7.837190198
12/30/2016,6932,7.837268011
12/30/2016,6933,7.837345824
12/30/2016,6934,7.837423637
12/30/2016,6935,7.837501451
12/30/2016,6936,7.837579264
12/30/2016,6937,7.837657077
12/30/2016,6938,7.83773489
12/30/2016,6939,7.837812703
12/30/2016,6940,7.837890516
12/30/2016,6941,7.83796833
12/30/2016,6942,7.838046143
12/30/2016,6943,7.838123956
12/30/2016,6944,7.838201769
12/30/2016,6945,7.838279582
12/30/2016,6946,7.838357396
12/30/2016,6947,7.838435209
12/30/2016,6948,7.838513022
12/30/2016,6949,7.838590835
12/30/2016,6950,7.838668648
12/30/2016,6951,7.838746462
12/30/2016,6952,7.838824275
12/30/2016,6953,7.838902088
12/30/2016,6954,7.838979901
12/30/2016,6955,7.839057714
12/30/2016,6956,7.839135527
12/30/2016,6957,7.839213341
12/30/2016,6958,7.839291154
12/30/2016,6959,7.839368967
12/30/2016,6960,7.83944678
12/30/2016,6961,7.839524593
12/30/2016,6962,7.839602407
12/30/2016,6963,7.83968022
12/30/2016,6964,7.839758033
12/30/2016,6965,7.839835846
12/30/2016,6966,7.839913659
12/30/2016,6967,7.839991473
12/30/2016,6968,7.840069286
12/30/2016,6969,7.840147099
12/30/2016,6970,7.840224912
12/30/2016,6971,7.840302725
12/30/2016,6972,7.840380538
12/30/2016,6973,7.840458352
12/30/2016,6974,7.840536165
12/30/2016,6975,7.840613978
12/30/2016,6976,7.840691791
12/30/2016,6977,7.840769604
12/30/2016,6978,7.840847418
12/30/2016,6979,7.840925231
12/30/2016,6980,7.841003044
12/30/2016,6981,7.841080857
12/30/2016,6982,7.84115867
12/30/2016,6983,7.841236484
12/30/2016,6984,7.841314297
12/30/2016,6985,7.84139211
12/30/2016,6986,7.841469923
12/30/2016,6987,7.841547736
12/30/2016,6988,7.841625549
12/30/2016,6989,7.841703363
12/30/2016,6990,7.841781176
12/30/2016,6991,7.841858989
12/30/2016,6992,7.841936802
12/30/2016,6993,7.842014615
12/30/2016,6994,7.842092429
12/30/2016,6995,7.842170242
12/30/2016,6996,7.842248055
12/30/2016,6997,7.842325868
12/30/2016,6998,7.842403681
12/30/2016,6999,7.842481495
12/30/2016,7000,7.842559308
12/30/2016,7001,7.842637121
12/30/2016,7002,7.842714934
12/30/2016,7003,7.842792747
12/30/2016,7004,7.84287056
12/30/2016,7005,7.842948374
12/30/2016,7006,7.843026187
12/30/2016,7007,7.843104
12/30/2016,7008,7.843181813
12/30/2016,7009,7.843259626
12/30/2016,7010,7.84333744
12/30/2016,7011,7.843415253
12/30/2016,7012,7.843493066
12/30/2016,7013,7.843570879
12/30/2016,7014,7.843648692
12/30/2016,7015,7.843726505
12/30/2016,7016,7.843804319
12/30/2016,7017,7.843882132
12/30/2016,7018,7.843959945
12/30/2016,7019,7.844037758
12/30/2016,7020,7.844115571
12/30/2016,7021,7.844193385
12/30/2016,7022,7.844271198
12/30/2016,7023,7.844349011
12/30/2016,7024,7.844426824
12/30/2016,7025,7.844504637
12/30/2016,7026,7.844582451
12/30/2016,7027,7.844660264
12/30/2016,7028,7.844738077
12/30/2016,7029,7.84481589
12/30/2016,7030,7.844893703
12/30/2016,7031,7.844971516
12/30/2016,7032,7.84504933
12/30/2016,7033,7.845127143
12/30/2016,7034,7.845204956
12/30/2016,7035,7.845282769
12/30/2016,7036,7.845360582
12/30/2016,7037,7.845438396
12/30/2016,7038,7.845516209
12/30/2016,7039,7.845594022
12/30/2016,7040,7.845671835
12/30/2016,7041,7.845749648
12/30/2016,7042,7.845827462
12/30/2016,7043,7.845905275
12/30/2016,7044,7.845983088
12/30/2016,7045,7.846060901
12/30/2016,7046,7.846138714
12/30/2016,7047,7.846216527
12/30/2016,7048,7.846294341
12/30/2016,7049,7.846372154
12/30/2016,7050,7.846449967
12/30/2016,7051,7.84652778
12/30/2016,7052,7.846605593
12/30/2016,7053,7.846683407
12/30/2016,7054,7.84676122
12/30/2016,7055,7.846839033
12/30/2016,7056,7.846916846
12/30/2016,7057,7.846994659
12/30/2016,7058,7.847072473
12/30/2016,7059,7.847150286
12/30/2016,7060,7.847228099
12/30/2016,7061,7.847305912
12/30/2016,7062,7.847383725
12/30/2016,7063,7.847461538
12/30/2016,7064,7.847539352
12/30/2016,7065,7.847617165
12/30/2016,7066,7.847694978
12/30/2016,7067,7.847772791
12/30/2016,7068,7.847850604
12/30/2016,7069,7.847928418
12/30/2016,7070,7.848006231
12/30/2016,7071,7.848084044
12/30/2016,7072,7.848161857
12/30/2016,7073,7.84823967
12/30/2016,7074,7.848317484
12/30/2016,7075,7.848395297
12/30/2016,7076,7.84847311
12/30/2016,7077,7.848550923
12/30/2016,7078,7.848628736
12/30/2016,7079,7.848706549
12/30/2016,7080,7.848784363
12/30/2016,7081,7.848862176
12/30/2016,7082,7.848939989
12/30/2016,7083,7.849017802
12/30/2016,7084,7.849095615
12/30/2016,7085,7.849173429
12/30/2016,7086,7.849251242
12/30/2016,7087,7.849329055
12/30/2016,7088,7.849406868
12/30/2016,7089,7.849484681
12/30/2016,7090,7.849562495
12/30/2016,7091,7.849640308
12/30/2016,7092,7.849718121
12/30/2016,7093,7.849795934
12/30/2016,7094,7.849873747
12/30/2016,7095,7.84995156
12/30/2016,7096,7.850029374
12/30/2016,7097,7.850107187
12/30/2016,7098,7.850185
12/30/2016,7099,7.850258209
12/30/2016,7100,7.850331418
12/30/2016,7101,7.850404626
12/30/2016,7102,7.850477835
12/30/2016,7103,7.850551044
12/30/2016,7104,7.850624253
12/30/2016,7105,7.850697462
12/30/2016,7106,7.85077067
12/30/2016,7107,7.850843879
12/30/2016,7108,7.850917088
12/30/2016,7109,7.850990297
12/30/2016,7110,7.851063505
12/30/2016,7111,7.851136714
12/30/2016,7112,7.851209923
12/30/2016,7113,7.851283132
12/30/2016,7114,7.851356341
12/30/2016,7115,7.851429549
12/30/2016,7116,7.851502758
12/30/2016,7117,7.851575967
12/30/2016,7118,7.851649176
12/30/2016,7119,7.851722385
12/30/2016,7120,7.851795593
12/30/2016,7121,7.851868802
12/30/2016,7122,7.851942011
12/30/2016,7123,7.85201522
12/30/2016,7124,7.852088429
12/30/2016,7125,7.852161637
12/30/2016,7126,7.852234846
12/30/2016,7127,7.852308055
12/30/2016,7128,7.852381264
12/30/2016,7129,7.852454473
12/30/2016,7130,7.852527681
12/30/2016,7131,7.85260089
12/30/2016,7132,7.852674099
12/30/2016,7133,7.852747308
12/30/2016,7134,7.852820516
12/30/2016,7135,7.852893725
12/30/2016,7136,7.852966934
12/30/2016,7137,7.853040143
12/30/2016,7138,7.853113352
12/30/2016,7139,7.85318656
12/30/2016,7140,7.853259769
12/30/2016,7141,7.853332978
12/30/2016,7142,7.853406187
12/30/2016,7143,7.853479396
12/30/2016,7144,7.853552604
12/30/2016,7145,7.853625813
12/30/2016,7146,7.853699022
12/30/2016,7147,7.853772231
12/30/2016,7148,7.85384544
12/30/2016,7149,7.853918648
12/30/2016,7150,7.853991857
12/30/2016,7151,7.854065066
12/30/2016,7152,7.854138275
12/30/2016,7153,7.854211484
12/30/2016,7154,7.854284692
12/30/2016,7155,7.854357901
12/30/2016,7156,7.85443111
12/30/2016,7157,7.854504319
12/30/2016,7158,7.854577527
12/30/2016,7159,7.854650736
12/30/2016,7160,7.854723945
12/30/2016,7161,7.854797154
12/30/2016,7162,7.854870363
12/30/2016,7163,7.854943571
12/30/2016,7164,7.85501678
12/30/2016,7165,7.855089989
12/30/2016,7166,7.855163198
12/30/2016,7167,7.855236407
12/30/2016,7168,7.855309615
12/30/2016,7169,7.855382824
12/30/2016,7170,7.855456033
12/30/2016,7171,7.855529242
12/30/2016,7172,7.855602451
12/30/2016,7173,7.855675659
12/30/2016,7174,7.855748868
12/30/2016,7175,7.855822077
12/30/2016,7176,7.855895286
12/30/2016,7177,7.855968495
12/30/2016,7178,7.856041703
12/30/2016,7179,7.856114912
12/30/2016,7180,7.856188121
12/30/2016,7181,7.85626133
12/30/2016,7182,7.856334538
12/30/2016,7183,7.856407747
12/30/2016,7184,7.856480956
12/30/2016,7185,7.856554165
12/30/2016,7186,7.856627374
12/30/2016,7187,7.856700582
12/30/2016,7188,7.856773791
12/30/2016,7189,7.856847
12/30/2016,7190,7.856920209
12/30/2016,7191,7.856993418
12/30/2016,7192,7.857066626
12/30/2016,7193,7.857139835
12/30/2016,7194,7.857213044
12/30/2016,7195,7.857286253
12/30/2016,7196,7.857359462
12/30/2016,7197,7.85743267
12/30/2016,7198,7.857505879
12/30/2016,7199,7.857579088
12/30/2016,7200,7.857652297
12/30/2016,7201,7.857725505
12/30/2016,7202,7.857798714
12/30/2016,7203,7.857871923
12/30/2016,7204,7.857945132
12/30/2016,7205,7.858018341
12/30/2016,7206,7.858091549
12/30/2016,7207,7.858164758
12/30/2016,7208,7.858237967
12/30/2016,7209,7.858311176
12/30/2016,7210,7.858384385
12/30/2016,7211,7.858457593
12/30/2016,7212,7.858530802
12/30/2016,7213,7.858604011
12/30/2016,7214,7.85867722
12/30/2016,7215,7.858750429
12/30/2016,7216,7.858823637
12/30/2016,7217,7.858896846
12/30/2016,7218,7.858970055
12/30/2016,7219,7.859043264
12/30/2016,7220,7.859116473
12/30/2016,7221,7.859189681
12/30/2016,7222,7.85926289
12/30/2016,7223,7.859336099
12/30/2016,7224,7.859409308
12/30/2016,7225,7.859482516
12/30/2016,7226,7.859555725
12/30/2016,7227,7.859628934
12/30/2016,7228,7.859702143
12/30/2016,7229,7.859775352
12/30/2016,7230,7.85984856
12/30/2016,7231,7.859921769
12/30/2016,7232,7.859994978
12/30/2016,7233,7.860068187
12/30/2016,7234,7.860141396
12/30/2016,7235,7.860214604
12/30/2016,7236,7.860287813
12/30/2016,7237,7.860361022
12/30/2016,7238,7.860434231
12/30/2016,7239,7.86050744
12/30/2016,7240,7.860580648
12/30/2016,7241,7.860653857
12/30/2016,7242,7.860727066
12/30/2016,7243,7.860800275
12/30/2016,7244,7.860873484
12/30/2016,7245,7.860946692
12/30/2016,7246,7.861019901
12/30/2016,7247,7.86109311
12/30/2016,7248,7.861166319
12/30/2016,7249,7.861239527
12/30/2016,7250,7.861312736
12/30/2016,7251,7.861385945
12/30/2016,7252,7.861459154
12/30/2016,7253,7.861532363
12/30/2016,7254,7.861605571
12/30/2016,7255,7.86167878
12/30/2016,7256,7.861751989
12/30/2016,7257,7.861825198
12/30/2016,7258,7.861898407
12/30/2016,7259,7.861971615
12/30/2016,7260,7.862044824
12/30/2016,7261,7.862118033
12/30/2016,7262,7.862191242
12/30/2016,7263,7.862264451
12/30/2016,7264,7.862337659
12/30/2016,7265,7.862410868
12/30/2016,7266,7.862484077
12/30/2016,7267,7.862557286
12/30/2016,7268,7.862630495
12/30/2016,7269,7.862703703
12/30/2016,7270,7.862776912
12/30/2016,7271,7.862850121
12/30/2016,7272,7.86292333
12/30/2016,7273,7.862996538
12/30/2016,7274,7.863069747
12/30/2016,7275,7.863142956
12/30/2016,7276,7.863216165
12/30/2016,7277,7.863289374
12/30/2016,7278,7.863362582
12/30/2016,7279,7.863435791
12/30/2016,7280,7.863509
12/30/2016,7281,7.863551038
12/30/2016,7282,7.863593077
12/30/2016,7283,7.863635115
12/30/2016,7284,7.863677154
12/30/2016,7285,7.863719192
12/30/2016,7286,7.863761231
12/30/2016,7287,7.863803269
12/30/2016,7288,7.863845308
12/30/2016,7289,7.863887346
12/30/2016,7290,7.863929385
12/30/2016,7291,7.863971423
12/30/2016,7292,7.864013462
12/30/2016,7293,7.8640555
12/30/2016,7294,7.864097538
12/30/2016,7295,7.864139577
12/30/2016,7296,7.864181615
12/30/2016,7297,7.864223654
12/30/2016,7298,7.864265692
12/30/2016,7299,7.864307731
12/30/2016,7300,7.864349769
12/30/2016,7301,7.864391808
12/30/2016,7302,7.864433846
12/30/2016,7303,7.864475885
12/30/2016,7304,7.864517923
12/30/2016,7305,7.864559962
12/30/2016,7306,7.864602
12/30/2016,7307,7.864644038
12/30/2016,7308,7.864686077
12/30/2016,7309,7.864728115
12/30/2016,7310,7.864770154
12/30/2016,7311,7.864812192
12/30/2016,7312,7.864854231
12/30/2016,7313,7.864896269
12/30/2016,7314,7.864938308
12/30/2016,7315,7.864980346
12/30/2016,7316,7.865022385
12/30/2016,7317,7.865064423
12/30/2016,7318,7.865106462
12/30/2016,7319,7.8651485
12/30/2016,7320,7.865190538
12/30/2016,7321,7.865232577
12/30/2016,7322,7.865274615
12/30/2016,7323,7.865316654
12/30/2016,7324,7.865358692
12/30/2016,7325,7.865400731
12/30/2016,7326,7.865442769
12/30/2016,7327,7.865484808
12/30/2016,7328,7.865526846
12/30/2016,7329,7.865568885
12/30/2016,7330,7.865610923
12/30/2016,7331,7.865652962
12/30/2016,7332,7.865695
12/30/2016,7333,7.865737038
12/30/2016,7334,7.865779077
12/30/2016,7335,7.865821115
12/30/2016,7336,7.865863154
12/30/2016,7337,7.865905192
12/30/2016,7338,7.865947231
12/30/2016,7339,7.865989269
12/30/2016,7340,7.866031308
12/30/2016,7341,7.866073346
12/30/2016,7342,7.866115385
12/30/2016,7343,7.866157423
12/30/2016,7344,7.866199462
12/30/2016,7345,7.8662415
12/30/2016,7346,7.866283538
12/30/2016,7347,7.866325577
12/30/2016,7348,7.866367615
12/30/2016,7349,7.866409654
12/30/2016,7350,7.866451692
12/30/2016,7351,7.866493731
12/30/2016,7352,7.866535769
12/30/2016,7353,7.866577808
12/30/2016,7354,7.866619846
12/30/2016,7355,7.866661885
12/30/2016,7356,7.866703923
12/30/2016,7357,7.866745962
12/30/2016,7358,7.866788
12/30/2016,7359,7.866830038
12/30/2016,7360,7.866872077
12/30/2016,7361,7.866914115
12/30/2016,7362,7.866956154
12/30/2016,7363,7.866998192
12/30/2016,7364,7.867040231
12/30/2016,7365,7.867082269
12/30/2016,7366,7.867124308
12/30/2016,7367,7.867166346
12/30/2016,7368,7.867208385
12/30/2016,7369,7.867250423
12/30/2016,7370,7.867292462
12/30/2016,7371,7.8673345
12/30/2016,7372,7.867376538
12/30/2016,7373,7.867418577
12/30/2016,7374,7.867460615
12/30/2016,7375,7.867502654
12/30/2016,7376,7.867544692
12/30/2016,7377,7.867586731
12/30/2016,7378,7.867628769
12/30/2016,7379,7.867670808
12/30/2016,7380,7.867712846
12/30/2016,7381,7.867754885
12/30/2016,7382,7.867796923
12/30/2016,7383,7.867838962
12/30/2016,7384,7.867881
12/30/2016,7385,7.867923038
12/30/2016,7386,7.867965077
12/30/2016,7387,7.868007115
12/30/2016,7388,7.868049154
12/30/2016,7389,7.868091192
12/30/2016,7390,7.868133231
12/30/2016,7391,7.868175269
12/30/2016,7392,7.868217308
12/30/2016,7393,7.868259346
12/30/2016,7394,7.868301385
12/30/2016,7395,7.868343423
12/30/2016,7396,7.868385462
12/30/2016,7397,7.8684275
12/30/2016,7398,7.868469538
12/30/2016,7399,7.868511577
12/30/2016,7400,7.868553615
12/30/2016,7401,7.868595654
12/30/2016,7402,7.868637692
12/30/2016,7403,7.868679731
12/30/2016,7404,7.868721769
12/30/2016,7405,7.868763808
12/30/2016,7406,7.868805846
12/30/2016,7407,7.868847885
12/30/2016,7408,7.868889923
12/30/2016,7409,7.868931962
12/30/2016,7410,7.868974
12/30/2016,7411,7.869016038
12/30/2016,7412,7.869058077
12/30/2016,7413,7.869100115
12/30/2016,7414,7.869142154
12/30/2016,7415,7.869184192
12/30/2016,7416,7.869226231
12/30/2016,7417,7.869268269
12/30/2016,7418,7.869310308
12/30/2016,7419,7.869352346
12/30/2016,7420,7.869394385
12/30/2016,7421,7.869436423
12/30/2016,7422,7.869478462
12/30/2016,7423,7.8695205
12/30/2016,7424,7.869562538
12/30/2016,7425,7.869604577
12/30/2016,7426,7.869646615
12/30/2016,7427,7.869688654
12/30/2016,7428,7.869730692
12/30/2016,7429,7.869772731
12/30/2016,7430,7.869814769
12/30/2016,7431,7.869856808
12/30/2016,7432,7.869898846
12/30/2016,7433,7.869940885
12/30/2016,7434,7.869982923
12/30/2016,7435,7.870024962
12/30/2016,7436,7.870067
12/30/2016,7437,7.870109038
12/30/2016,7438,7.870151077
12/30/2016,7439,7.870193115
12/30/2016,7440,7.870235154
12/30/2016,7441,7.870277192
12/30/2016,7442,7.870319231
12/30/2016,7443,7.870361269
12/30/2016,7444,7.870403308
12/30/2016,7445,7.870445346
12/30/2016,7446,7.870487385
12/30/2016,7447,7.870529423
12/30/2016,7448,7.870571462
12/30/2016,7449,7.8706135
12/30/2016,7450,7.870655538
12/30/2016,7451,7.870697577
12/30/2016,7452,7.870739615
12/30/2016,7453,7.870781654
12/30/2016,7454,7.870823692
12/30/2016,7455,7.870865731
12/30/2016,7456,7.870907769
12/30/2016,7457,7.870949808
12/30/2016,7458,7.870991846
12/30/2016,7459,7.871033885
12/30/2016,7460,7.871075923
12/30/2016,7461,7.871117962
12/30/2016,7462,7.87116
12/30/2016,7463,7.871300995
12/30/2016,7464,7.871441989
12/30/2016,7465,7.871582984
12/30/2016,7466,7.871723978
12/30/2016,7467,7.871864973
12/30/2016,7468,7.872005967
12/30/2016,7469,7.872146962
12/30/2016,7470,7.872287956
12/30/2016,7471,7.872428951
12/30/2016,7472,7.872569945
12/30/2016,7473,7.87271094
12/30/2016,7474,7.872851934
12/30/2016,7475,7.872992929
12/30/2016,7476,7.873133923
12/30/2016,7477,7.873274918
12/30/2016,7478,7.873415912
12/30/2016,7479,7.873556907
12/30/2016,7480,7.873697901
12/30/2016,7481,7.873838896
12/30/2016,7482,7.87397989
12/30/2016,7483,7.874120885
12/30/2016,7484,7.874261879
12/30/2016,7485,7.874402874
12/30/2016,7486,7.874543868
12/30/2016,7487,7.874684863
12/30/2016,7488,7.874825857
12/30/2016,7489,7.874966852
12/30/2016,7490,7.875107846
12/30/2016,7491,7.875248841
12/30/2016,7492,7.875389835
12/30/2016,7493,7.87553083
12/30/2016,7494,7.875671824
12/30/2016,7495,7.875812819
12/30/2016,7496,7.875953813
12/30/2016,7497,7.876094808
12/30/2016,7498,7.876235802
12/30/2016,7499,7.876376797
12/30/2016,7500,7.876517791
12/30/2016,7501,7.876658786
12/30/2016,7502,7.87679978
12/30/2016,7503,7.876940775
12/30/2016,7504,7.877081769
12/30/2016,7505,7.877222764
12/30/2016,7506,7.877363758
12/30/2016,7507,7.877504753
12/30/2016,7508,7.877645747
12/30/2016,7509,7.877786742
12/30/2016,7510,7.877927736
12/30/2016,7511,7.878068731
12/30/2016,7512,7.878209725
12/30/2016,7513,7.87835072
12/30/2016,7514,7.878491714
12/30/2016,7515,7.878632709
12/30/2016,7516,7.878773703
12/30/2016,7517,7.878914698
12/30/2016,7518,7.879055692
12/30/2016,7519,7.879196687
12/30/2016,7520,7.879337681
12/30/2016,7521,7.879478676
12/30/2016,7522,7.87961967
12/30/2016,7523,7.879760665
12/30/2016,7524,7.879901659
12/30/2016,7525,7.880042654
12/30/2016,7526,7.880183648
12/30/2016,7527,7.880324643
12/30/2016,7528,7.880465637
12/30/2016,7529,7.880606632
12/30/2016,7530,7.880747626
12/30/2016,7531,7.880888621
12/30/2016,7532,7.881029615
12/30/2016,7533,7.88117061
12/30/2016,7534,7.881311604
12/30/2016,7535,7.881452599
12/30/2016,7536,7.881593593
12/30/2016,7537,7.881734588
12/30/2016,7538,7.881875582
12/30/2016,7539,7.882016577
12/30/2016,7540,7.882157571
12/30/2016,7541,7.882298566
12/30/2016,7542,7.88243956
12/30/2016,7543,7.882580555
12/30/2016,7544,7.882721549
12/30/2016,7545,7.882862544
12/30/2016,7546,7.883003538
12/30/2016,7547,7.883144533
12/30/2016,7548,7.883285527
12/30/2016,7549,7.883426522
12/30/2016,7550,7.883567516
12/30/2016,7551,7.883708511
12/30/2016,7552,7.883849505
12/30/2016,7553,7.8839905
12/30/2016,7554,7.884131495
12/30/2016,7555,7.884272489
12/30/2016,7556,7.884413484
12/30/2016,7557,7.884554478
12/30/2016,7558,7.884695473
12/30/2016,7559,7.884836467
12/30/2016,7560,7.884977462
12/30/2016,7561,7.885118456
12/30/2016,7562,7.885259451
12/30/2016,7563,7.885400445
12/30/2016,7564,7.88554144
12/30/2016,7565,7.885682434
12/30/2016,7566,7.885823429
12/30/2016,7567,7.885964423
12/30/2016,7568,7.886105418
12/30/2016,7569,7.886246412
12/30/2016,7570,7.886387407
12/30/2016,7571,7.886528401
12/30/2016,7572,7.886669396
12/30/2016,7573,7.88681039
12/30/2016,7574,7.886951385
12/30/2016,7575,7.887092379
12/30/2016,7576,7.887233374
12/30/2016,7577,7.887374368
12/30/2016,7578,7.887515363
12/30/2016,7579,7.887656357
12/30/2016,7580,7.887797352
12/30/2016,7581,7.887938346
12/30/2016,7582,7.888079341
12/30/2016,7583,7.888220335
12/30/2016,7584,7.88836133
12/30/2016,7585,7.888502324
12/30/2016,7586,7.888643319
12/30/2016,7587,7.888784313
12/30/2016,7588,7.888925308
12/30/2016,7589,7.889066302
12/30/2016,7590,7.889207297
12/30/2016,7591,7.889348291
12/30/2016,7592,7.889489286
12/30/2016,7593,7.88963028
12/30/2016,7594,7.889771275
12/30/2016,7595,7.889912269
12/30/2016,7596,7.890053264
12/30/2016,7597,7.890194258
12/30/2016,7598,7.890335253
12/30/2016,7599,7.890476247
12/30/2016,7600,7.890617242
12/30/2016,7601,7.890758236
12/30/2016,7602,7.890899231
12/30/2016,7603,7.891040225
12/30/2016,7604,7.89118122
12/30/2016,7605,7.891322214
12/30/2016,7606,7.891463209
12/30/2016,7607,7.891604203
12/30/2016,7608,7.891745198
12/30/2016,7609,7.891886192
12/30/2016,7610,7.892027187
12/30/2016,7611,7.892168181
12/30/2016,7612,7.892309176
12/30/2016,7613,7.89245017
12/30/2016,7614,7.892591165
12/30/2016,7615,7.892732159
12/30/2016,7616,7.892873154
12/30/2016,7617,7.893014148
12/30/2016,7618,7.893155143
12/30/2016,7619,7.893296137
12/30/2016,7620,7.893437132
12/30/2016,7621,7.893578126
12/30/2016,7622,7.893719121
12/30/2016,7623,7.893860115
12/30/2016,7624,7.89400111
12/30/2016,7625,7.894142104
12/30/2016,7626,7.894283099
12/30/2016,7627,7.894424093
12/30/2016,7628,7.894565088
12/30/2016,7629,7.894706082
12/30/2016,7630,7.894847077
12/30/2016,7631,7.894988071
12/30/2016,7632,7.895129066
12/30/2016,7633,7.89527006
12/30/2016,7634,7.895411055
12/30/2016,7635,7.895552049
12/30/2016,7636,7.895693044
12/30/2016,7637,7.895834038
12/30/2016,7638,7.895975033
12/30/2016,7639,7.896116027
12/30/2016,7640,7.896257022
12/30/2016,7641,7.896398016
12/30/2016,7642,7.896539011
12/30/2016,7643,7.896680005
12/30/2016,7644,7.896821
12/30/2016,7645,7.896858857
12/30/2016,7646,7.896896714
12/30/2016,7647,7.896934571
12/30/2016,7648,7.896972429
12/30/2016,7649,7.897010286
12/30/2016,7650,7.897048143
12/30/2016,7651,7.897086
12/30/2016,7652,7.897123857
12/30/2016,7653,7.897161714
12/30/2016,7654,7.897199571
12/30/2016,7655,7.897237429
12/30/2016,7656,7.897275286
12/30/2016,7657,7.897313143
12/30/2016,7658,7.897351
12/30/2016,7659,7.897388857
12/30/2016,7660,7.897426714
12/30/2016,7661,7.897464571
12/30/2016,7662,7.897502429
12/30/2016,7663,7.897540286
12/30/2016,7664,7.897578143
12/30/2016,7665,7.897616
12/30/2016,7666,7.897653857
12/30/2016,7667,7.897691714
12/30/2016,7668,7.897729571
12/30/2016,7669,7.897767429
12/30/2016,7670,7.897805286
12/30/2016,7671,7.897843143
12/30/2016,7672,7.897881
12/30/2016,7673,7.897918857
12/30/2016,7674,7.897956714
12/30/2016,7675,7.897994571
12/30/2016,7676,7.898032429
12/30/2016,7677,7.898070286
12/30/2016,7678,7.898108143
12/30/2016,7679,7.898146
12/30/2016,7680,7.898183857
12/30/2016,7681,7.898221714
12/30/2016,7682,7.898259571
12/30/2016,7683,7.898297429
12/30/2016,7684,7.898335286
12/30/2016,7685,7.898373143
12/30/2016,7686,7.898411
12/30/2016,7687,7.898448857
12/30/2016,7688,7.898486714
12/30/2016,7689,7.898524571
12/30/2016,7690,7.898562429
12/30/2016,7691,7.898600286
12/30/2016,7692,7.898638143
12/30/2016,7693,7.898676
12/30/2016,7694,7.898713857
12/30/2016,7695,7.898751714
12/30/2016,7696,7.898789571
12/30/2016,7697,7.898827429
12/30/2016,7698,7.898865286
12/30/2016,7699,7.898903143
12/30/2016,7700,7.898941
12/30/2016,7701,7.898978857
12/30/2016,7702,7.899016714
12/30/2016,7703,7.899054571
12/30/2016,7704,7.899092429
12/30/2016,7705,7.899130286
12/30/2016,7706,7.899168143
12/30/2016,7707,7.899206
12/30/2016,7708,7.899243857
12/30/2016,7709,7.899281714
12/30/2016,7710,7.899319571
12/30/2016,7711,7.899357429
12/30/2016,7712,7.899395286
12/30/2016,7713,7.899433143
12/30/2016,7714,7.899471
12/30/2016,7715,7.899508857
12/30/2016,7716,7.899546714
12/30/2016,7717,7.899584571
12/30/2016,7718,7.899622429
12/30/2016,7719,7.899660286
12/30/2016,7720,7.899698143
12/30/2016,7721,7.899736
12/30/2016,7722,7.899773857
12/30/2016,7723,7.899811714
12/30/2016,7724,7.899849571
12/30/2016,7725,7.899887429
12/30/2016,7726,7.899925286
12/30/2016,7727,7.899963143
12/30/2016,7728,7.900001
12/30/2016,7729,7.900038857
12/30/2016,7730,7.900076714
12/30/2016,7731,7.900114571
12/30/2016,7732,7.900152429
12/30/2016,7733,7.900190286
12/30/2016,7734,7.900228143
12/30/2016,7735,7.900266
12/30/2016,7736,7.900303857
12/30/2016,7737,7.900341714
12/30/2016,7738,7.900379571
12/30/2016,7739,7.900417429
12/30/2016,7740,7.900455286
12/30/2016,7741,7.900493143
12/30/2016,7742,7.900531
12/30/2016,7743,7.900568857
12/30/2016,7744,7.900606714
12/30/2016,7745,7.900644571
12/30/2016,7746,7.900682429
12/30/2016,7747,7.900720286
12/30/2016,7748,7.900758143
12/30/2016,7749,7.900796
12/30/2016,7750,7.900833857
12/30/2016,7751,7.900871714
12/30/2016,7752,7.900909571
12/30/2016,7753,7.900947429
12/30/2016,7754,7.900985286
12/30/2016,7755,7.901023143
12/30/2016,7756,7.901061
12/30/2016,7757,7.901098857
12/30/2016,7758,7.901136714
12/30/2016,7759,7.901174571
12/30/2016,7760,7.901212429
12/30/2016,7761,7.901250286
12/30/2016,7762,7.901288143
12/30/2016,7763,7.901326
12/30/2016,7764,7.901363857
12/30/2016,7765,7.901401714
12/30/2016,7766,7.901439571
12/30/2016,7767,7.901477429
12/30/2016,7768,7.901515286
12/30/2016,7769,7.901553143
12/30/2016,7770,7.901591
12/30/2016,7771,7.901628857
12/30/2016,7772,7.901666714
12/30/2016,7773,7.901704571
12/30/2016,7774,7.901742429
12/30/2016,7775,7.901780286
12/30/2016,7776,7.901818143
12/30/2016,7777,7.901856
12/30/2016,7778,7.901893857
12/30/2016,7779,7.901931714
12/30/2016,7780,7.901969571
12/30/2016,7781,7.902007429
12/30/2016,7782,7.902045286
12/30/2016,7783,7.902083143
12/30/2016,7784,7.902121
12/30/2016,7785,7.902158857
12/30/2016,7786,7.902196714
12/30/2016,7787,7.902234571
12/30/2016,7788,7.902272429
12/30/2016,7789,7.902310286
12/30/2016,7790,7.902348143
12/30/2016,7791,7.902386
12/30/2016,7792,7.902423857
12/30/2016,7793,7.902461714
12/30/2016,7794,7.902499571
12/30/2016,7795,7.902537429
12/30/2016,7796,7.902575286
12/30/2016,7797,7.902613143
12/30/2016,7798,7.902651
12/30/2016,7799,7.902688857
12/30/2016,7800,7.902726714
12/30/2016,7801,7.902764571
12/30/2016,7802,7.902802429
12/30/2016,7803,7.902840286
12/30/2016,7804,7.902878143
12/30/2016,7805,7.902916
12/30/2016,7806,7.902953857
12/30/2016,7807,7.902991714
12/30/2016,7808,7.903029571
12/30/2016,7809,7.903067429
12/30/2016,7810,7.903105286
12/30/2016,7811,7.903143143
12/30/2016,7812,7.903181
12/30/2016,7813,7.903218857
12/30/2016,7814,7.903256714
12/30/2016,7815,7.903294571
12/30/2016,7816,7.903332429
12/30/2016,7817,7.903370286
12/30/2016,7818,7.903408143
12/30/2016,7819,7.903446
12/30/2016,7820,7.903483857
12/30/2016,7821,7.903521714
12/30/2016,7822,7.903559571
12/30/2016,7823,7.903597429
12/30/2016,7824,7.903635286
12/30/2016,7825,7.903673143
12/30/2016,7826,7.903711
12/30/2016,7827,7.903739368
12/30/2016,7828,7.903767736
12/30/2016,7829,7.903796104
12/30/2016,7830,7.903824473
12/30/2016,7831,7.903852841
12/30/2016,7832,7.903881209
12/30/2016,7833,7.903909577
12/30/2016,7834,7.903937945
12/30/2016,7835,7.903966313
12/30/2016,7836,7.903994681
12/30/2016,7837,7.904023049
12/30/2016,7838,7.904051418
12/30/2016,7839,7.904079786
12/30/2016,7840,7.904108154
12/30/2016,7841,7.904136522
12/30/2016,7842,7.90416489
12/30/2016,7843,7.904193258
12/30/2016,7844,7.904221626
12/30/2016,7845,7.904249995
12/30/2016,7846,7.904278363
12/30/2016,7847,7.904306731
12/30/2016,7848,7.904335099
12/30/2016,7849,7.904363467
12/30/2016,7850,7.904391835
12/30/2016,7851,7.904420203
12/30/2016,7852,7.904448571
12/30/2016,7853,7.90447694
12/30/2016,7854,7.904505308
12/30/2016,7855,7.904533676
12/30/2016,7856,7.904562044
12/30/2016,7857,7.904590412
12/30/2016,7858,7.90461878
12/30/2016,7859,7.904647148
12/30/2016,7860,7.904675516
12/30/2016,7861,7.904703885
12/30/2016,7862,7.904732253
12/30/2016,7863,7.904760621
12/30/2016,7864,7.904788989
12/30/2016,7865,7.904817357
12/30/2016,7866,7.904845725
12/30/2016,7867,7.904874093
12/30/2016,7868,7.904902462
12/30/2016,7869,7.90493083
12/30/2016,7870,7.904959198
12/30/2016,7871,7.904987566
12/30/2016,7872,7.905015934
12/30/2016,7873,7.905044302
12/30/2016,7874,7.90507267
12/30/2016,7875,7.905101038
12/30/2016,7876,7.905129407
12/30/2016,7877,7.905157775
12/30/2016,7878,7.905186143
12/30/2016,7879,7.905214511
12/30/2016,7880,7.905242879
12/30/2016,7881,7.905271247
12/30/2016,7882,7.905299615
12/30/2016,7883,7.905327984
12/30/2016,7884,7.905356352
12/30/2016,7885,7.90538472
12/30/2016,7886,7.905413088
12/30/2016,7887,7.905441456
12/30/2016,7888,7.905469824
12/30/2016,7889,7.905498192
12/30/2016,7890,7.90552656
12/30/2016,7891,7.905554929
12/30/2016,7892,7.905583297
12/30/2016,7893,7.905611665
12/30/2016,7894,7.905640033
12/30/2016,7895,7.905668401
12/30/2016,7896,7.905696769
12/30/2016,7897,7.905725137
12/30/2016,7898,7.905753505
12/30/2016,7899,7.905781874
12/30/2016,7900,7.905810242
12/30/2016,7901,7.90583861
12/30/2016,7902,7.905866978
12/30/2016,7903,7.905895346
12/30/2016,7904,7.905923714
12/30/2016,7905,7.905952082
12/30/2016,7906,7.905980451
12/30/2016,7907,7.906008819
12/30/2016,7908,7.906037187
12/30/2016,7909,7.906065555
12/30/2016,7910,7.906093923
12/30/2016,7911,7.906122291
12/30/2016,7912,7.906150659
12/30/2016,7913,7.906179027
12/30/2016,7914,7.906207396
12/30/2016,7915,7.906235764
12/30/2016,7916,7.906264132
12/30/2016,7917,7.9062925
12/30/2016,7918,7.906320868
12/30/2016,7919,7.906349236
12/30/2016,7920,7.906377604
12/30/2016,7921,7.906405973
12/30/2016,7922,7.906434341
12/30/2016,7923,7.906462709
12/30/2016,7924,7.906491077
12/30/2016,7925,7.906519445
12/30/2016,7926,7.906547813
12/30/2016,7927,7.906576181
12/30/2016,7928,7.906604549
12/30/2016,7929,7.906632918
12/30/2016,7930,7.906661286
12/30/2016,7931,7.906689654
12/30/2016,7932,7.906718022
12/30/2016,7933,7.90674639
12/30/2016,7934,7.906774758
12/30/2016,7935,7.906803126
12/30/2016,7936,7.906831495
12/30/2016,7937,7.906859863
12/30/2016,7938,7.906888231
12/30/2016,7939,7.906916599
12/30/2016,7940,7.906944967
12/30/2016,7941,7.906973335
12/30/2016,7942,7.907001703
12/30/2016,7943,7.907030071
12/30/2016,7944,7.90705844
12/30/2016,7945,7.907086808
12/30/2016,7946,7.907115176
12/30/2016,7947,7.907143544
12/30/2016,7948,7.907171912
12/30/2016,7949,7.90720028
12/30/2016,7950,7.907228648
12/30/2016,7951,7.907257016
12/30/2016,7952,7.907285385
12/30/2016,7953,7.907313753
12/30/2016,7954,7.907342121
12/30/2016,7955,7.907370489
12/30/2016,7956,7.907398857
12/30/2016,7957,7.907427225
12/30/2016,7958,7.907455593
12/30/2016,7959,7.907483962
12/30/2016,7960,7.90751233
12/30/2016,7961,7.907540698
12/30/2016,7962,7.907569066
12/30/2016,7963,7.907597434
12/30/2016,7964,7.907625802
12/30/2016,7965,7.90765417
12/30/2016,7966,7.907682538
12/30/2016,7967,7.907710907
12/30/2016,7968,7.907739275
12/30/2016,7969,7.907767643
12/30/2016,7970,7.907796011
12/30/2016,7971,7.907824379
12/30/2016,7972,7.907852747
12/30/2016,7973,7.907881115
12/30/2016,7974,7.907909484
12/30/2016,7975,7.907937852
12/30/2016,7976,7.90796622
12/30/2016,7977,7.907994588
12/30/2016,7978,7.908022956
12/30/2016,7979,7.908051324
12/30/2016,7980,7.908079692
12/30/2016,7981,7.90810806
12/30/2016,7982,7.908136429
12/30/2016,7983,7.908164797
12/30/2016,7984,7.908193165
12/30/2016,7985,7.908221533
12/30/2016,7986,7.908249901
12/30/2016,7987,7.908278269
12/30/2016,7988,7.908306637
12/30/2016,7989,7.908335005
12/30/2016,7990,7.908363374
12/30/2016,7991,7.908391742
12/30/2016,7992,7.90842011
12/30/2016,7993,7.908448478
12/30/2016,7994,7.908476846
12/30/2016,7995,7.908505214
12/30/2016,7996,7.908533582
12/30/2016,7997,7.908561951
12/30/2016,7998,7.908590319
12/30/2016,7999,7.908618687
12/30/2016,8000,7.908647055
12/30/2016,8001,7.908675423
12/30/2016,8002,7.908703791
12/30/2016,8003,7.908732159
12/30/2016,8004,7.908760527
12/30/2016,8005,7.908788896
12/30/2016,8006,7.908817264
12/30/2016,8007,7.908845632
12/30/2016,8008,7.908874
12/30/2016,8009,7.908809764
12/30/2016,8010,7.908745527
12/30/2016,8011,7.908681291
12/30/2016,8012,7.908617055
12/30/2016,8013,7.908552819
12/30/2016,8014,7.908488582
12/30/2016,8015,7.908424346
12/30/2016,8016,7.90836011
12/30/2016,8017,7.908295874
12/30/2016,8018,7.908231637
12/30/2016,8019,7.908167401
12/30/2016,8020,7.908103165
12/30/2016,8021,7.908038929
12/30/2016,8022,7.907974692
12/30/2016,8023,7.907910456
12/30/2016,8024,7.90784622
12/30/2016,8025,7.907781984
12/30/2016,8026,7.907717747
12/30/2016,8027,7.907653511
12/30/2016,8028,7.907589275
12/30/2016,8029,7.907525038
12/30/2016,8030,7.907460802
12/30/2016,8031,7.907396566
12/30/2016,8032,7.90733233
12/30/2016,8033,7.907268093
12/30/2016,8034,7.907203857
12/30/2016,8035,7.907139621
12/30/2016,8036,7.907075385
12/30/2016,8037,7.907011148
12/30/2016,8038,7.906946912
12/30/2016,8039,7.906882676
12/30/2016,8040,7.90681844
12/30/2016,8041,7.906754203
12/30/2016,8042,7.906689967
12/30/2016,8043,7.906625731
12/30/2016,8044,7.906561495
12/30/2016,8045,7.906497258
12/30/2016,8046,7.906433022
12/30/2016,8047,7.906368786
12/30/2016,8048,7.906304549
12/30/2016,8049,7.906240313
12/30/2016,8050,7.906176077
12/30/2016,8051,7.906111841
12/30/2016,8052,7.906047604
12/30/2016,8053,7.905983368
12/30/2016,8054,7.905919132
12/30/2016,8055,7.905854896
12/30/2016,8056,7.905790659
12/30/2016,8057,7.905726423
12/30/2016,8058,7.905662187
12/30/2016,8059,7.905597951
12/30/2016,8060,7.905533714
12/30/2016,8061,7.905469478
12/30/2016,8062,7.905405242
12/30/2016,8063,7.905341005
12/30/2016,8064,7.905276769
12/30/2016,8065,7.905212533
12/30/2016,8066,7.905148297
12/30/2016,8067,7.90508406
12/30/2016,8068,7.905019824
12/30/2016,8069,7.904955588
12/30/2016,8070,7.904891352
12/30/2016,8071,7.904827115
12/30/2016,8072,7.904762879
12/30/2016,8073,7.904698643
12/30/2016,8074,7.904634407
12/30/2016,8075,7.90457017
12/30/2016,8076,7.904505934
12/30/2016,8077,7.904441698
12/30/2016,8078,7.904377462
12/30/2016,8079,7.904313225
12/30/2016,8080,7.904248989
12/30/2016,8081,7.904184753
12/30/2016,8082,7.904120516
12/30/2016,8083,7.90405628
12/30/2016,8084,7.903992044
12/30/2016,8085,7.903927808
12/30/2016,8086,7.903863571
12/30/2016,8087,7.903799335
12/30/2016,8088,7.903735099
12/30/2016,8089,7.903670863
12/30/2016,8090,7.903606626
12/30/2016,8091,7.90354239
12/30/2016,8092,7.903478154
12/30/2016,8093,7.903413918
12/30/2016,8094,7.903349681
12/30/2016,8095,7.903285445
12/30/2016,8096,7.903221209
12/30/2016,8097,7.903156973
12/30/2016,8098,7.903092736
12/30/2016,8099,7.9030285
12/30/2016,8100,7.902964264
12/30/2016,8101,7.902900027
12/30/2016,8102,7.902835791
12/30/2016,8103,7.902771555
12/30/2016,8104,7.902707319
12/30/2016,8105,7.902643082
12/30/2016,8106,7.902578846
12/30/2016,8107,7.90251461
12/30/2016,8108,7.902450374
12/30/2016,8109,7.902386137
12/30/2016,8110,7.902321901
12/30/2016,8111,7.902257665
12/30/2016,8112,7.902193429
12/30/2016,8113,7.902129192
12/30/2016,8114,7.902064956
12/30/2016,8115,7.90200072
12/30/2016,8116,7.901936484
12/30/2016,8117,7.901872247
12/30/2016,8118,7.901808011
12/30/2016,8119,7.901743775
12/30/2016,8120,7.901679538
12/30/2016,8121,7.901615302
12/30/2016,8122,7.901551066
12/30/2016,8123,7.90148683
12/30/2016,8124,7.901422593
12/30/2016,8125,7.901358357
12/30/2016,8126,7.901294121
12/30/2016,8127,7.901229885
12/30/2016,8128,7.901165648
12/30/2016,8129,7.901101412
12/30/2016,8130,7.901037176
12/30/2016,8131,7.90097294
12/30/2016,8132,7.900908703
12/30/2016,8133,7.900844467
12/30/2016,8134,7.900780231
12/30/2016,8135,7.900715995
12/30/2016,8136,7.900651758
12/30/2016,8137,7.900587522
12/30/2016,8138,7.900523286
12/30/2016,8139,7.900459049
12/30/2016,8140,7.900394813
12/30/2016,8141,7.900330577
12/30/2016,8142,7.900266341
12/30/2016,8143,7.900202104
12/30/2016,8144,7.900137868
12/30/2016,8145,7.900073632
12/30/2016,8146,7.900009396
12/30/2016,8147,7.899945159
12/30/2016,8148,7.899880923
12/30/2016,8149,7.899816687
12/30/2016,8150,7.899752451
12/30/2016,8151,7.899688214
12/30/2016,8152,7.899623978
12/30/2016,8153,7.899559742
12/30/2016,8154,7.899495505
12/30/2016,8155,7.899431269
12/30/2016,8156,7.899367033
12/30/2016,8157,7.899302797
12/30/2016,8158,7.89923856
12/30/2016,8159,7.899174324
12/30/2016,8160,7.899110088
12/30/2016,8161,7.899045852
12/30/2016,8162,7.898981615
12/30/2016,8163,7.898917379
12/30/2016,8164,7.898853143
12/30/2016,8165,7.898788907
12/30/2016,8166,7.89872467
12/30/2016,8167,7.898660434
12/30/2016,8168,7.898596198
12/30/2016,8169,7.898531962
12/30/2016,8170,7.898467725
12/30/2016,8171,7.898403489
12/30/2016,8172,7.898339253
12/30/2016,8173,7.898275016
12/30/2016,8174,7.89821078
12/30/2016,8175,7.898146544
12/30/2016,8176,7.898082308
12/30/2016,8177,7.898018071
12/30/2016,8178,7.897953835
12/30/2016,8179,7.897889599
12/30/2016,8180,7.897825363
12/30/2016,8181,7.897761126
12/30/2016,8182,7.89769689
12/30/2016,8183,7.897632654
12/30/2016,8184,7.897568418
12/30/2016,8185,7.897504181
12/30/2016,8186,7.897439945
12/30/2016,8187,7.897375709
12/30/2016,8188,7.897311473
12/30/2016,8189,7.897247236
12/30/2016,8190,7.897183
12/30/2016,8191,7.897118374
12/30/2016,8192,7.897053747
12/30/2016,8193,7.896989121
12/30/2016,8194,7.896924495
12/30/2016,8195,7.896859868
12/30/2016,8196,7.896795242
12/30/2016,8197,7.896730615
12/30/2016,8198,7.896665989
12/30/2016,8199,7.896601363
12/30/2016,8200,7.896536736
12/30/2016,8201,7.89647211
12/30/2016,8202,7.896407484
12/30/2016,8203,7.896342857
12/30/2016,8204,7.896278231
12/30/2016,8205,7.896213604
12/30/2016,8206,7.896148978
12/30/2016,8207,7.896084352
12/30/2016,8208,7.896019725
12/30/2016,8209,7.895955099
12/30/2016,8210,7.895890473
12/30/2016,8211,7.895825846
12/30/2016,8212,7.89576122
12/30/2016,8213,7.895696593
12/30/2016,8214,7.895631967
12/30/2016,8215,7.895567341
12/30/2016,8216,7.895502714
12/30/2016,8217,7.895438088
12/30/2016,8218,7.895373462
12/30/2016,8219,7.895308835
12/30/2016,8220,7.895244209
12/30/2016,8221,7.895179582
12/30/2016,8222,7.895114956
12/30/2016,8223,7.89505033
12/30/2016,8224,7.894985703
12/30/2016,8225,7.894921077
12/30/2016,8226,7.894856451
12/30/2016,8227,7.894791824
12/30/2016,8228,7.894727198
12/30/2016,8229,7.894662571
12/30/2016,8230,7.894597945
12/30/2016,8231,7.894533319
12/30/2016,8232,7.894468692
12/30/2016,8233,7.894404066
12/30/2016,8234,7.89433944
12/30/2016,8235,7.894274813
12/30/2016,8236,7.894210187
12/30/2016,8237,7.89414556
12/30/2016,8238,7.894080934
12/30/2016,8239,7.894016308
12/30/2016,8240,7.893951681
12/30/2016,8241,7.893887055
12/30/2016,8242,7.893822429
12/30/2016,8243,7.893757802
12/30/2016,8244,7.893693176
12/30/2016,8245,7.893628549
12/30/2016,8246,7.893563923
12/30/2016,8247,7.893499297
12/30/2016,8248,7.89343467
12/30/2016,8249,7.893370044
12/30/2016,8250,7.893305418
12/30/2016,8251,7.893240791
12/30/2016,8252,7.893176165
12/30/2016,8253,7.893111538
12/30/2016,8254,7.893046912
12/30/2016,8255,7.892982286
12/30/2016,8256,7.892917659
12/30/2016,8257,7.892853033
12/30/2016,8258,7.892788407
12/30/2016,8259,7.89272378
12/30/2016,8260,7.892659154
12/30/2016,8261,7.892594527
12/30/2016,8262,7.892529901
12/30/2016,8263,7.892465275
12/30/2016,8264,7.892400648
12/30/2016,8265,7.892336022
12/30/2016,8266,7.892271396
12/30/2016,8267,7.892206769
12/30/2016,8268,7.892142143
12/30/2016,8269,7.892077516
12/30/2016,8270,7.89201289
12/30/2016,8271,7.891948264
12/30/2016,8272,7.891883637
12/30/2016,8273,7.891819011
12/30/2016,8274,7.891754385
12/30/2016,8275,7.891689758
12/30/2016,8276,7.891625132
12/30/2016,8277,7.891560505
12/30/2016,8278,7.891495879
12/30/2016,8279,7.891431253
12/30/2016,8280,7.891366626
12/30/2016,8281,7.891302
12/30/2016,8282,7.891237374
12/30/2016,8283,7.891172747
12/30/2016,8284,7.891108121
12/30/2016,8285,7.891043495
12/30/2016,8286,7.890978868
12/30/2016,8287,7.890914242
12/30/2016,8288,7.890849615
12/30/2016,8289,7.890784989
12/30/2016,8290,7.890720363
12/30/2016,8291,7.890655736
12/30/2016,8292,7.89059111
12/30/2016,8293,7.890526484
12/30/2016,8294,7.890461857
12/30/2016,8295,7.890397231
12/30/2016,8296,7.890332604
12/30/2016,8297,7.890267978
12/30/2016,8298,7.890203352
12/30/2016,8299,7.890138725
12/30/2016,8300,7.890074099
12/30/2016,8301,7.890009473
12/30/2016,8302,7.889944846
12/30/2016,8303,7.88988022
12/30/2016,8304,7.889815593
12/30/2016,8305,7.889750967
12/30/2016,8306,7.889686341
12/30/2016,8307,7.889621714
12/30/2016,8308,7.889557088
12/30/2016,8309,7.889492462
12/30/2016,8310,7.889427835
12/30/2016,8311,7.889363209
12/30/2016,8312,7.889298582
12/30/2016,8313,7.889233956
12/30/2016,8314,7.88916933
12/30/2016,8315,7.889104703
12/30/2016,8316,7.889040077
12/30/2016,8317,7.888975451
12/30/2016,8318,7.888910824
12/30/2016,8319,7.888846198
12/30/2016,8320,7.888781571
12/30/2016,8321,7.888716945
12/30/2016,8322,7.888652319
12/30/2016,8323,7.888587692
12/30/2016,8324,7.888523066
12/30/2016,8325,7.88845844
12/30/2016,8326,7.888393813
12/30/2016,8327,7.888329187
12/30/2016,8328,7.88826456
12/30/2016,8329,7.888199934
12/30/2016,8330,7.888135308
12/30/2016,8331,7.888070681
12/30/2016,8332,7.888006055
12/30/2016,8333,7.887941429
12/30/2016,8334,7.887876802
12/30/2016,8335,7.887812176
12/30/2016,8336,7.887747549
12/30/2016,8337,7.887682923
12/30/2016,8338,7.887618297
12/30/2016,8339,7.88755367
12/30/2016,8340,7.887489044
12/30/2016,8341,7.887424418
12/30/2016,8342,7.887359791
12/30/2016,8343,7.887295165
12/30/2016,8344,7.887230538
12/30/2016,8345,7.887165912
12/30/2016,8346,7.887101286
12/30/2016,8347,7.887036659
12/30/2016,8348,7.886972033
12/30/2016,8349,7.886907407
12/30/2016,8350,7.88684278
12/30/2016,8351,7.886778154
12/30/2016,8352,7.886713527
12/30/2016,8353,7.886648901
12/30/2016,8354,7.886584275
12/30/2016,8355,7.886519648
12/30/2016,8356,7.886455022
12/30/2016,8357,7.886390396
12/30/2016,8358,7.886325769
12/30/2016,8359,7.886261143
12/30/2016,8360,7.886196516
12/30/2016,8361,7.88613189
12/30/2016,8362,7.886067264
12/30/2016,8363,7.886002637
12/30/2016,8364,7.885938011
12/30/2016,8365,7.885873385
12/30/2016,8366,7.885808758
12/30/2016,8367,7.885744132
12/30/2016,8368,7.885679505
12/30/2016,8369,7.885614879
12/30/2016,8370,7.885550253
12/30/2016,8371,7.885485626
12/30/2016,8372,7.885421
12/30/2016,8373,7.885355934
12/30/2016,8374,7.885290868
12/30/2016,8375,7.885225802
12/30/2016,8376,7.885160736
12/30/2016,8377,7.88509567
12/30/2016,8378,7.885030604
12/30/2016,8379,7.884965538
12/30/2016,8380,7.884900473
12/30/2016,8381,7.884835407
12/30/2016,8382,7.884770341
12/30/2016,8383,7.884705275
12/30/2016,8384,7.884640209
12/30/2016,8385,7.884575143
12/30/2016,8386,7.884510077
12/30/2016,8387,7.884445011
12/30/2016,8388,7.884379945
12/30/2016,8389,7.884314879
12/30/2016,8390,7.884249813
12/30/2016,8391,7.884184747
12/30/2016,8392,7.884119681
12/30/2016,8393,7.884054615
12/30/2016,8394,7.883989549
12/30/2016,8395,7.883924484
12/30/2016,8396,7.883859418
12/30/2016,8397,7.883794352
12/30/2016,8398,7.883729286
12/30/2016,8399,7.88366422
12/30/2016,8400,7.883599154
12/30/2016,8401,7.883534088
12/30/2016,8402,7.883469022
12/30/2016,8403,7.883403956
12/30/2016,8404,7.88333889
12/30/2016,8405,7.883273824
12/30/2016,8406,7.883208758
12/30/2016,8407,7.883143692
12/30/2016,8408,7.883078626
12/30/2016,8409,7.88301356
12/30/2016,8410,7.882948495
12/30/2016,8411,7.882883429
12/30/2016,8412,7.882818363
12/30/2016,8413,7.882753297
12/30/2016,8414,7.882688231
12/30/2016,8415,7.882623165
12/30/2016,8416,7.882558099
12/30/2016,8417,7.882493033
12/30/2016,8418,7.882427967
12/30/2016,8419,7.882362901
12/30/2016,8420,7.882297835
12/30/2016,8421,7.882232769
12/30/2016,8422,7.882167703
12/30/2016,8423,7.882102637
12/30/2016,8424,7.882037571
12/30/2016,8425,7.881972505
12/30/2016,8426,7.88190744
12/30/2016,8427,7.881842374
12/30/2016,8428,7.881777308
12/30/2016,8429,7.881712242
12/30/2016,8430,7.881647176
12/30/2016,8431,7.88158211
12/30/2016,8432,7.881517044
12/30/2016,8433,7.881451978
12/30/2016,8434,7.881386912
12/30/2016,8435,7.881321846
12/30/2016,8436,7.88125678
12/30/2016,8437,7.881191714
12/30/2016,8438,7.881126648
12/30/2016,8439,7.881061582
12/30/2016,8440,7.880996516
12/30/2016,8441,7.880931451
12/30/2016,8442,7.880866385
12/30/2016,8443,7.880801319
12/30/2016,8444,7.880736253
12/30/2016,8445,7.880671187
12/30/2016,8446,7.880606121
12/30/2016,8447,7.880541055
12/30/2016,8448,7.880475989
12/30/2016,8449,7.880410923
12/30/2016,8450,7.880345857
12/30/2016,8451,7.880280791
12/30/2016,8452,7.880215725
12/30/2016,8453,7.880150659
12/30/2016,8454,7.880085593
12/30/2016,8455,7.880020527
12/30/2016,8456,7.879955462
12/30/2016,8457,7.879890396
12/30/2016,8458,7.87982533
12/30/2016,8459,7.879760264
12/30/2016,8460,7.879695198
12/30/2016,8461,7.879630132
12/30/2016,8462,7.879565066
12/30/2016,8463,7.8795
12/30/2016,8464,7.879434934
12/30/2016,8465,7.879369868
12/30/2016,8466,7.879304802
12/30/2016,8467,7.879239736
12/30/2016,8468,7.87917467
12/30/2016,8469,7.879109604
12/30/2016,8470,7.879044538
12/30/2016,8471,7.878979473
12/30/2016,8472,7.878914407
12/30/2016,8473,7.878849341
12/30/2016,8474,7.878784275
12/30/2016,8475,7.878719209
12/30/2016,8476,7.878654143
12/30/2016,8477,7.878589077
12/30/2016,8478,7.878524011
12/30/2016,8479,7.878458945
12/30/2016,8480,7.878393879
12/30/2016,8481,7.878328813
12/30/2016,8482,7.878263747
12/30/2016,8483,7.878198681
12/30/2016,8484,7.878133615
12/30/2016,8485,7.878068549
12/30/2016,8486,7.878003484
12/30/2016,8487,7.877938418
12/30/2016,8488,7.877873352
12/30/2016,8489,7.877808286
12/30/2016,8490,7.87774322
12/30/2016,8491,7.877678154
12/30/2016,8492,7.877613088
12/30/2016,8493,7.877548022
12/30/2016,8494,7.877482956
12/30/2016,8495,7.87741789
12/30/2016,8496,7.877352824
12/30/2016,8497,7.877287758
12/30/2016,8498,7.877222692
12/30/2016,8499,7.877157626
12/30/2016,8500,7.87709256
12/30/2016,8501,7.877027495
12/30/2016,8502,7.876962429
12/30/2016,8503,7.876897363
12/30/2016,8504,7.876832297
12/30/2016,8505,7.876767231
12/30/2016,8506,7.876702165
12/30/2016,8507,7.876637099
12/30/2016,8508,7.876572033
12/30/2016,8509,7.876506967
12/30/2016,8510,7.876441901
12/30/2016,8511,7.876376835
12/30/2016,8512,7.876311769
12/30/2016,8513,7.876246703
12/30/2016,8514,7.876181637
12/30/2016,8515,7.876116571
12/30/2016,8516,7.876051505
12/30/2016,8517,7.87598644
12/30/2016,8518,7.875921374
12/30/2016,8519,7.875856308
12/30/2016,8520,7.875791242
12/30/2016,8521,7.875726176
12/30/2016,8522,7.87566111
12/30/2016,8523,7.875596044
12/30/2016,8524,7.875530978
12/30/2016,8525,7.875465912
12/30/2016,8526,7.875400846
12/30/2016,8527,7.87533578
12/30/2016,8528,7.875270714
12/30/2016,8529,7.875205648
12/30/2016,8530,7.875140582
12/30/2016,8531,7.875075516
12/30/2016,8532,7.875010451
12/30/2016,8533,7.874945385
12/30/2016,8534,7.874880319
12/30/2016,8535,7.874815253
12/30/2016,8536,7.874750187
12/30/2016,8537,7.874685121
12/30/2016,8538,7.874620055
12/30/2016,8539,7.874554989
12/30/2016,8540,7.874489923
12/30/2016,8541,7.874424857
12/30/2016,8542,7.874359791
12/30/2016,8543,7.874294725
12/30/2016,8544,7.874229659
12/30/2016,8545,7.874164593
12/30/2016,8546,7.874099527
12/30/2016,8547,7.874034462
12/30/2016,8548,7.873969396
12/30/2016,8549,7.87390433
12/30/2016,8550,7.873839264
12/30/2016,8551,7.873774198
12/30/2016,8552,7.873709132
12/30/2016,8553,7.873644066
12/30/2016,8554,7.873579
12/30/2016,8555,7.873545973
12/30/2016,8556,7.873512945
12/30/2016,8557,7.873479918
12/30/2016,8558,7.87344689
12/30/2016,8559,7.873413863
12/30/2016,8560,7.873380835
12/30/2016,8561,7.873347808
12/30/2016,8562,7.87331478
12/30/2016,8563,7.873281753
12/30/2016,8564,7.873248725
12/30/2016,8565,7.873215698
12/30/2016,8566,7.87318267
12/30/2016,8567,7.873149643
12/30/2016,8568,7.873116615
12/30/2016,8569,7.873083588
12/30/2016,8570,7.87305056
12/30/2016,8571,7.873017533
12/30/2016,8572,7.872984505
12/30/2016,8573,7.872951478
12/30/2016,8574,7.872918451
12/30/2016,8575,7.872885423
12/30/2016,8576,7.872852396
12/30/2016,8577,7.872819368
12/30/2016,8578,7.872786341
12/30/2016,8579,7.872753313
12/30/2016,8580,7.872720286
12/30/2016,8581,7.872687258
12/30/2016,8582,7.872654231
12/30/2016,8583,7.872621203
12/30/2016,8584,7.872588176
12/30/2016,8585,7.872555148
12/30/2016,8586,7.872522121
12/30/2016,8587,7.872489093
12/30/2016,8588,7.872456066
12/30/2016,8589,7.872423038
12/30/2016,8590,7.872390011
12/30/2016,8591,7.872356984
12/30/2016,8592,7.872323956
12/30/2016,8593,7.872290929
12/30/2016,8594,7.872257901
12/30/2016,8595,7.872224874
12/30/2016,8596,7.872191846
12/30/2016,8597,7.872158819
12/30/2016,8598,7.872125791
12/30/2016,8599,7.872092764
12/30/2016,8600,7.872059736
12/30/2016,8601,7.872026709
12/30/2016,8602,7.871993681
12/30/2016,8603,7.871960654
12/30/2016,8604,7.871927626
12/30/2016,8605,7.871894599
12/30/2016,8606,7.871861571
12/30/2016,8607,7.871828544
12/30/2016,8608,7.871795516
12/30/2016,8609,7.871762489
12/30/2016,8610,7.871729462
12/30/2016,8611,7.871696434
12/30/2016,8612,7.871663407
12/30/2016,8613,7.871630379
12/30/2016,8614,7.871597352
12/30/2016,8615,7.871564324
12/30/2016,8616,7.871531297
12/30/2016,8617,7.871498269
12/30/2016,8618,7.871465242
12/30/2016,8619,7.871432214
12/30/2016,8620,7.871399187
12/30/2016,8621,7.871366159
12/30/2016,8622,7.871333132
12/30/2016,8623,7.871300104
12/30/2016,8624,7.871267077
12/30/2016,8625,7.871234049
12/30/2016,8626,7.871201022
12/30/2016,8627,7.871167995
12/30/2016,8628,7.871134967
12/30/2016,8629,7.87110194
12/30/2016,8630,7.871068912
12/30/2016,8631,7.871035885
12/30/2016,8632,7.871002857
12/30/2016,8633,7.87096983
12/30/2016,8634,7.870936802
12/30/2016,8635,7.870903775
12/30/2016,8636,7.870870747
12/30/2016,8637,7.87083772
12/30/2016,8638,7.870804692
12/30/2016,8639,7.870771665
12/30/2016,8640,7.870738637
12/30/2016,8641,7.87070561
12/30/2016,8642,7.870672582
12/30/2016,8643,7.870639555
12/30/2016,8644,7.870606527
12/30/2016,8645,7.8705735
12/30/2016,8646,7.870540473
12/30/2016,8647,7.870507445
12/30/2016,8648,7.870474418
12/30/2016,8649,7.87044139
12/30/2016,8650,7.870408363
12/30/2016,8651,7.870375335
12/30/2016,8652,7.870342308
12/30/2016,8653,7.87030928
12/30/2016,8654,7.870276253
12/30/2016,8655,7.870243225
12/30/2016,8656,7.870210198
12/30/2016,8657,7.87017717
12/30/2016,8658,7.870144143
12/30/2016,8659,7.870111115
12/30/2016,8660,7.870078088
12/30/2016,8661,7.87004506
12/30/2016,8662,7.870012033
12/30/2016,8663,7.869979005
12/30/2016,8664,7.869945978
12/30/2016,8665,7.869912951
12/30/2016,8666,7.869879923
12/30/2016,8667,7.869846896
12/30/2016,8668,7.869813868
12/30/2016,8669,7.869780841
12/30/2016,8670,7.869747813
12/30/2016,8671,7.869714786
12/30/2016,8672,7.869681758
12/30/2016,8673,7.869648731
12/30/2016,8674,7.869615703
12/30/2016,8675,7.869582676
12/30/2016,8676,7.869549648
12/30/2016,8677,7.869516621
12/30/2016,8678,7.869483593
12/30/2016,8679,7.869450566
12/30/2016,8680,7.869417538
12/30/2016,8681,7.869384511
12/30/2016,8682,7.869351484
12/30/2016,8683,7.869318456
12/30/2016,8684,7.869285429
12/30/2016,8685,7.869252401
12/30/2016,8686,7.869219374
12/30/2016,8687,7.869186346
12/30/2016,8688,7.869153319
12/30/2016,8689,7.869120291
12/30/2016,8690,7.869087264
12/30/2016,8691,7.869054236
12/30/2016,8692,7.869021209
12/30/2016,8693,7.868988181
12/30/2016,8694,7.868955154
12/30/2016,8695,7.868922126
12/30/2016,8696,7.868889099
12/30/2016,8697,7.868856071
12/30/2016,8698,7.868823044
12/30/2016,8699,7.868790016
12/30/2016,8700,7.868756989
12/30/2016,8701,7.868723962
12/30/2016,8702,7.868690934
12/30/2016,8703,7.868657907
12/30/2016,8704,7.868624879
12/30/2016,8705,7.868591852
12/30/2016,8706,7.868558824
12/30/2016,8707,7.868525797
12/30/2016,8708,7.868492769
12/30/2016,8709,7.868459742
12/30/2016,8710,7.868426714
12/30/2016,8711,7.868393687
12/30/2016,8712,7.868360659
12/30/2016,8713,7.868327632
12/30/2016,8714,7.868294604
12/30/2016,8715,7.868261577
12/30/2016,8716,7.868228549
12/30/2016,8717,7.868195522
12/30/2016,8718,7.868162495
12/30/2016,8719,7.868129467
12/30/2016,8720,7.86809644
12/30/2016,8721,7.868063412
12/30/2016,8722,7.868030385
12/30/2016,8723,7.867997357
12/30/2016,8724,7.86796433
12/30/2016,8725,7.867931302
12/30/2016,8726,7.867898275
12/30/2016,8727,7.867865247
12/30/2016,8728,7.86783222
12/30/2016,8729,7.867799192
12/30/2016,8730,7.867766165
12/30/2016,8731,7.867733137
12/30/2016,8732,7.86770011
12/30/2016,8733,7.867667082
12/30/2016,8734,7.867634055
12/30/2016,8735,7.867601027
12/30/2016,8736,7.867568
12/30/2016,8737,7.867497165
12/30/2016,8738,7.86742633
12/30/2016,8739,7.867355495
12/30/2016,8740,7.867284659
12/30/2016,8741,7.867213824
12/30/2016,8742,7.867142989
12/30/2016,8743,7.867072154
12/30/2016,8744,7.867001319
12/30/2016,8745,7.866930484
12/30/2016,8746,7.866859648
12/30/2016,8747,7.866788813
12/30/2016,8748,7.866717978
12/30/2016,8749,7.866647143
12/30/2016,8750,7.866576308
12/30/2016,8751,7.866505473
12/30/2016,8752,7.866434637
12/30/2016,8753,7.866363802
12/30/2016,8754,7.866292967
12/30/2016,8755,7.866222132
12/30/2016,8756,7.866151297
12/30/2016,8757,7.866080462
12/30/2016,8758,7.866009626
12/30/2016,8759,7.865938791
12/30/2016,8760,7.865867956
12/30/2016,8761,7.865797121
12/30/2016,8762,7.865726286
12/30/2016,8763,7.865655451
12/30/2016,8764,7.865584615
12/30/2016,8765,7.86551378
12/30/2016,8766,7.865442945
12/30/2016,8767,7.86537211
12/30/2016,8768,7.865301275
12/30/2016,8769,7.86523044
12/30/2016,8770,7.865159604
12/30/2016,8771,7.865088769
12/30/2016,8772,7.865017934
12/30/2016,8773,7.864947099
12/30/2016,8774,7.864876264
12/30/2016,8775,7.864805429
12/30/2016,8776,7.864734593
12/30/2016,8777,7.864663758
12/30/2016,8778,7.864592923
12/30/2016,8779,7.864522088
12/30/2016,8780,7.864451253
12/30/2016,8781,7.864380418
12/30/2016,8782,7.864309582
12/30/2016,8783,7.864238747
12/30/2016,8784,7.864167912
12/30/2016,8785,7.864097077
12/30/2016,8786,7.864026242
12/30/2016,8787,7.863955407
12/30/2016,8788,7.863884571
12/30/2016,8789,7.863813736
12/30/2016,8790,7.863742901
12/30/2016,8791,7.863672066
12/30/2016,8792,7.863601231
12/30/2016,8793,7.863530396
12/30/2016,8794,7.86345956
12/30/2016,8795,7.863388725
12/30/2016,8796,7.86331789
12/30/2016,8797,7.863247055
12/30/2016,8798,7.86317622
12/30/2016,8799,7.863105385
12/30/2016,8800,7.863034549
12/30/2016,8801,7.862963714
12/30/2016,8802,7.862892879
12/30/2016,8803,7.862822044
12/30/2016,8804,7.862751209
12/30/2016,8805,7.862680374
12/30/2016,8806,7.862609538
12/30/2016,8807,7.862538703
12/30/2016,8808,7.862467868
12/30/2016,8809,7.862397033
12/30/2016,8810,7.862326198
12/30/2016,8811,7.862255363
12/30/2016,8812,7.862184527
12/30/2016,8813,7.862113692
12/30/2016,8814,7.862042857
12/30/2016,8815,7.861972022
12/30/2016,8816,7.861901187
12/30/2016,8817,7.861830352
12/30/2016,8818,7.861759516
12/30/2016,8819,7.861688681
12/30/2016,8820,7.861617846
12/30/2016,8821,7.861547011
12/30/2016,8822,7.861476176
12/30/2016,8823,7.861405341
12/30/2016,8824,7.861334505
12/30/2016,8825,7.86126367
12/30/2016,8826,7.861192835
12/30/2016,8827,7.861122
12/30/2016,8828,7.861051165
12/30/2016,8829,7.86098033
12/30/2016,8830,7.860909495
12/30/2016,8831,7.860838659
12/30/2016,8832,7.860767824
12/30/2016,8833,7.860696989
12/30/2016,8834,7.860626154
12/30/2016,8835,7.860555319
12/30/2016,8836,7.860484484
12/30/2016,8837,7.860413648
12/30/2016,8838,7.860342813
12/30/2016,8839,7.860271978
12/30/2016,8840,7.860201143
12/30/2016,8841,7.860130308
12/30/2016,8842,7.860059473
12/30/2016,8843,7.859988637
12/30/2016,8844,7.859917802
12/30/2016,8845,7.859846967
12/30/2016,8846,7.859776132
12/30/2016,8847,7.859705297
12/30/2016,8848,7.859634462
12/30/2016,8849,7.859563626
12/30/2016,8850,7.859492791
12/30/2016,8851,7.859421956
12/30/2016,8852,7.859351121
12/30/2016,8853,7.859280286
12/30/2016,8854,7.859209451
12/30/2016,8855,7.859138615
12/30/2016,8856,7.85906778
12/30/2016,8857,7.858996945
12/30/2016,8858,7.85892611
12/30/2016,8859,7.858855275
12/30/2016,8860,7.85878444
12/30/2016,8861,7.858713604
12/30/2016,8862,7.858642769
12/30/2016,8863,7.858571934
12/30/2016,8864,7.858501099
12/30/2016,8865,7.858430264
12/30/2016,8866,7.858359429
12/30/2016,8867,7.858288593
12/30/2016,8868,7.858217758
12/30/2016,8869,7.858146923
12/30/2016,8870,7.858076088
12/30/2016,8871,7.858005253
12/30/2016,8872,7.857934418
12/30/2016,8873,7.857863582
12/30/2016,8874,7.857792747
12/30/2016,8875,7.857721912
12/30/2016,8876,7.857651077
12/30/2016,8877,7.857580242
12/30/2016,8878,7.857509407
12/30/2016,8879,7.857438571
12/30/2016,8880,7.857367736
12/30/2016,8881,7.857296901
12/30/2016,8882,7.857226066
12/30/2016,8883,7.857155231
12/30/2016,8884,7.857084396
12/30/2016,8885,7.85701356
12/30/2016,8886,7.856942725
12/30/2016,8887,7.85687189
12/30/2016,8888,7.856801055
12/30/2016,8889,7.85673022
12/30/2016,8890,7.856659385
12/30/2016,8891,7.856588549
12/30/2016,8892,7.856517714
12/30/2016,8893,7.856446879
12/30/2016,8894,7.856376044
12/30/2016,8895,7.856305209
12/30/2016,8896,7.856234374
12/30/2016,8897,7.856163538
12/30/2016,8898,7.856092703
12/30/2016,8899,7.856021868
12/30/2016,8900,7.855951033
12/30/2016,8901,7.855880198
12/30/2016,8902,7.855809363
12/30/2016,8903,7.855738527
12/30/2016,8904,7.855667692
12/30/2016,8905,7.855596857
12/30/2016,8906,7.855526022
12/30/2016,8907,7.855455187
12/30/2016,8908,7.855384352
12/30/2016,8909,7.855313516
12/30/2016,8910,7.855242681
12/30/2016,8911,7.855171846
12/30/2016,8912,7.855101011
12/30/2016,8913,7.855030176
12/30/2016,8914,7.854959341
12/30/2016,8915,7.854888505
12/30/2016,8916,7.85481767
12/30/2016,8917,7.854746835
12/30/2016,8918,7.854676
12/30/2016,8919,7.854604841
12/30/2016,8920,7.854533681
12/30/2016,8921,7.854462522
12/30/2016,8922,7.854391363
12/30/2016,8923,7.854320203
12/30/2016,8924,7.854249044
12/30/2016,8925,7.854177885
12/30/2016,8926,7.854106725
12/30/2016,8927,7.854035566
12/30/2016,8928,7.853964407
12/30/2016,8929,7.853893247
12/30/2016,8930,7.853822088
12/30/2016,8931,7.853750929
12/30/2016,8932,7.853679769
12/30/2016,8933,7.85360861
12/30/2016,8934,7.853537451
12/30/2016,8935,7.853466291
12/30/2016,8936,7.853395132
12/30/2016,8937,7.853323973
12/30/2016,8938,7.853252813
12/30/2016,8939,7.853181654
12/30/2016,8940,7.853110495
12/30/2016,8941,7.853039335
12/30/2016,8942,7.852968176
12/30/2016,8943,7.852897016
12/30/2016,8944,7.852825857
12/30/2016,8945,7.852754698
12/30/2016,8946,7.852683538
12/30/2016,8947,7.852612379
12/30/2016,8948,7.85254122
12/30/2016,8949,7.85247006
12/30/2016,8950,7.852398901
12/30/2016,8951,7.852327742
12/30/2016,8952,7.852256582
12/30/2016,8953,7.852185423
12/30/2016,8954,7.852114264
12/30/2016,8955,7.852043104
12/30/2016,8956,7.851971945
12/30/2016,8957,7.851900786
12/30/2016,8958,7.851829626
12/30/2016,8959,7.851758467
12/30/2016,8960,7.851687308
12/30/2016,8961,7.851616148
12/30/2016,8962,7.851544989
12/30/2016,8963,7.85147383
12/30/2016,8964,7.85140267
12/30/2016,8965,7.851331511
12/30/2016,8966,7.851260352
12/30/2016,8967,7.851189192
12/30/2016,8968,7.851118033
12/30/2016,8969,7.851046874
12/30/2016,8970,7.850975714
12/30/2016,8971,7.850904555
12/30/2016,8972,7.850833396
12/30/2016,8973,7.850762236
12/30/2016,8974,7.850691077
12/30/2016,8975,7.850619918
12/30/2016,8976,7.850548758
12/30/2016,8977,7.850477599
12/30/2016,8978,7.85040644
12/30/2016,8979,7.85033528
12/30/2016,8980,7.850264121
12/30/2016,8981,7.850192962
12/30/2016,8982,7.850121802
12/30/2016,8983,7.850050643
12/30/2016,8984,7.849979484
12/30/2016,8985,7.849908324
12/30/2016,8986,7.849837165
12/30/2016,8987,7.849766005
12/30/2016,8988,7.849694846
12/30/2016,8989,7.849623687
12/30/2016,8990,7.849552527
12/30/2016,8991,7.849481368
12/30/2016,8992,7.849410209
12/30/2016,8993,7.849339049
12/30/2016,8994,7.84926789
12/30/2016,8995,7.849196731
12/30/2016,8996,7.849125571
12/30/2016,8997,7.849054412
12/30/2016,8998,7.848983253
12/30/2016,8999,7.848912093
12/30/2016,9000,7.848840934
12/30/2016,9001,7.848769775
12/30/2016,9002,7.848698615
12/30/2016,9003,7.848627456
12/30/2016,9004,7.848556297
12/30/2016,9005,7.848485137
12/30/2016,9006,7.848413978
12/30/2016,9007,7.848342819
12/30/2016,9008,7.848271659
12/30/2016,9009,7.8482005
12/30/2016,9010,7.848129341
12/30/2016,9011,7.848058181
12/30/2016,9012,7.847987022
12/30/2016,9013,7.847915863
12/30/2016,9014,7.847844703
12/30/2016,9015,7.847773544
12/30/2016,9016,7.847702385
12/30/2016,9017,7.847631225
12/30/2016,9018,7.847560066
12/30/2016,9019,7.847488907
12/30/2016,9020,7.847417747
12/30/2016,9021,7.847346588
12/30/2016,9022,7.847275429
12/30/2016,9023,7.847204269
12/30/2016,9024,7.84713311
12/30/2016,9025,7.847061951
12/30/2016,9026,7.846990791
12/30/2016,9027,7.846919632
12/30/2016,9028,7.846848473
12/30/2016,9029,7.846777313
12/30/2016,9030,7.846706154
12/30/2016,9031,7.846634995
12/30/2016,9032,7.846563835
12/30/2016,9033,7.846492676
12/30/2016,9034,7.846421516
12/30/2016,9035,7.846350357
12/30/2016,9036,7.846279198
12/30/2016,9037,7.846208038
12/30/2016,9038,7.846136879
12/30/2016,9039,7.84606572
12/30/2016,9040,7.84599456
12/30/2016,9041,7.845923401
12/30/2016,9042,7.845852242
12/30/2016,9043,7.845781082
12/30/2016,9044,7.845709923
12/30/2016,9045,7.845638764
12/30/2016,9046,7.845567604
12/30/2016,9047,7.845496445
12/30/2016,9048,7.845425286
12/30/2016,9049,7.845354126
12/30/2016,9050,7.845282967
12/30/2016,9051,7.845211808
12/30/2016,9052,7.845140648
12/30/2016,9053,7.845069489
12/30/2016,9054,7.84499833
12/30/2016,9055,7.84492717
12/30/2016,9056,7.844856011
12/30/2016,9057,7.844784852
12/30/2016,9058,7.844713692
12/30/2016,9059,7.844642533
12/30/2016,9060,7.844571374
12/30/2016,9061,7.844500214
12/30/2016,9062,7.844429055
12/30/2016,9063,7.844357896
12/30/2016,9064,7.844286736
12/30/2016,9065,7.844215577
12/30/2016,9066,7.844144418
12/30/2016,9067,7.844073258
12/30/2016,9068,7.844002099
12/30/2016,9069,7.84393094
12/30/2016,9070,7.84385978
12/30/2016,9071,7.843788621
12/30/2016,9072,7.843717462
12/30/2016,9073,7.843646302
12/30/2016,9074,7.843575143
12/30/2016,9075,7.843503984
12/30/2016,9076,7.843432824
12/30/2016,9077,7.843361665
12/30/2016,9078,7.843290505
12/30/2016,9079,7.843219346
12/30/2016,9080,7.843148187
12/30/2016,9081,7.843077027
12/30/2016,9082,7.843005868
12/30/2016,9083,7.842934709
12/30/2016,9084,7.842863549
12/30/2016,9085,7.84279239
12/30/2016,9086,7.842721231
12/30/2016,9087,7.842650071
12/30/2016,9088,7.842578912
12/30/2016,9089,7.842507753
12/30/2016,9090,7.842436593
12/30/2016,9091,7.842365434
12/30/2016,9092,7.842294275
12/30/2016,9093,7.842223115
12/30/2016,9094,7.842151956
12/30/2016,9095,7.842080797
12/30/2016,9096,7.842009637
12/30/2016,9097,7.841938478
12/30/2016,9098,7.841867319
12/30/2016,9099,7.841796159
12/30/2016,9100,7.841725
12/30/2016,9101,7.84165383
12/30/2016,9102,7.841582659
12/30/2016,9103,7.841511489
12/30/2016,9104,7.841440319
12/30/2016,9105,7.841369148
12/30/2016,9106,7.841297978
12/30/2016,9107,7.841226808
12/30/2016,9108,7.841155637
12/30/2016,9109,7.841084467
12/30/2016,9110,7.841013297
12/30/2016,9111,7.840942126
12/30/2016,9112,7.840870956
12/30/2016,9113,7.840799786
12/30/2016,9114,7.840728615
12/30/2016,9115,7.840657445
12/30/2016,9116,7.840586275
12/30/2016,9117,7.840515104
12/30/2016,9118,7.840443934
12/30/2016,9119,7.840372764
12/30/2016,9120,7.840301593
12/30/2016,9121,7.840230423
12/30/2016,9122,7.840159253
12/30/2016,9123,7.840088082
12/30/2016,9124,7.840016912
12/30/2016,9125,7.839945742
12/30/2016,9126,7.839874571
12/30/2016,9127,7.839803401
12/30/2016,9128,7.839732231
12/30/2016,9129,7.83966106
12/30/2016,9130,7.83958989
12/30/2016,9131,7.83951872
12/30/2016,9132,7.839447549
12/30/2016,9133,7.839376379
12/30/2016,9134,7.839305209
12/30/2016,9135,7.839234038
12/30/2016,9136,7.839162868
12/30/2016,9137,7.839091698
12/30/2016,9138,7.839020527
12/30/2016,9139,7.838949357
12/30/2016,9140,7.838878187
12/30/2016,9141,7.838807016
12/30/2016,9142,7.838735846
12/30/2016,9143,7.838664676
12/30/2016,9144,7.838593505
12/30/2016,9145,7.838522335
12/30/2016,9146,7.838451165
12/30/2016,9147,7.838379995
12/30/2016,9148,7.838308824
12/30/2016,9149,7.838237654
12/30/2016,9150,7.838166484
12/30/2016,9151,7.838095313
12/30/2016,9152,7.838024143
12/30/2016,9153,7.837952973
12/30/2016,9154,7.837881802
12/30/2016,9155,7.837810632
12/30/2016,9156,7.837739462
12/30/2016,9157,7.837668291
12/30/2016,9158,7.837597121
12/30/2016,9159,7.837525951
12/30/2016,9160,7.83745478
12/30/2016,9161,7.83738361
12/30/2016,9162,7.83731244
12/30/2016,9163,7.837241269
12/30/2016,9164,7.837170099
12/30/2016,9165,7.837098929
12/30/2016,9166,7.837027758
12/30/2016,9167,7.836956588
12/30/2016,9168,7.836885418
12/30/2016,9169,7.836814247
12/30/2016,9170,7.836743077
12/30/2016,9171,7.836671907
12/30/2016,9172,7.836600736
12/30/2016,9173,7.836529566
12/30/2016,9174,7.836458396
12/30/2016,9175,7.836387225
12/30/2016,9176,7.836316055
12/30/2016,9177,7.836244885
12/30/2016,9178,7.836173714
12/30/2016,9179,7.836102544
12/30/2016,9180,7.836031374
12/30/2016,9181,7.835960203
12/30/2016,9182,7.835889033
12/30/2016,9183,7.835817863
12/30/2016,9184,7.835746692
12/30/2016,9185,7.835675522
12/30/2016,9186,7.835604352
12/30/2016,9187,7.835533181
12/30/2016,9188,7.835462011
12/30/2016,9189,7.835390841
12/30/2016,9190,7.83531967
12/30/2016,9191,7.8352485
12/30/2016,9192,7.83517733
12/30/2016,9193,7.835106159
12/30/2016,9194,7.835034989
12/30/2016,9195,7.834963819
12/30/2016,9196,7.834892648
12/30/2016,9197,7.834821478
12/30/2016,9198,7.834750308
12/30/2016,9199,7.834679137
12/30/2016,9200,7.834607967
12/30/2016,9201,7.834536797
12/30/2016,9202,7.834465626
12/30/2016,9203,7.834394456
12/30/2016,9204,7.834323286
12/30/2016,9205,7.834252115
12/30/2016,9206,7.834180945
12/30/2016,9207,7.834109775
12/30/2016,9208,7.834038604
12/30/2016,9209,7.833967434
12/30/2016,9210,7.833896264
12/30/2016,9211,7.833825093
12/30/2016,9212,7.833753923
12/30/2016,9213,7.833682753
12/30/2016,9214,7.833611582
12/30/2016,9215,7.833540412
12/30/2016,9216,7.833469242
12/30/2016,9217,7.833398071
12/30/2016,9218,7.833326901
12/30/2016,9219,7.833255731
12/30/2016,9220,7.83318456
12/30/2016,9221,7.83311339
12/30/2016,9222,7.83304222
12/30/2016,9223,7.832971049
12/30/2016,9224,7.832899879
12/30/2016,9225,7.832828709
12/30/2016,9226,7.832757538
12/30/2016,9227,7.832686368
12/30/2016,9228,7.832615198
12/30/2016,9229,7.832544027
12/30/2016,9230,7.832472857
12/30/2016,9231,7.832401687
12/30/2016,9232,7.832330516
12/30/2016,9233,7.832259346
12/30/2016,9234,7.832188176
12/30/2016,9235,7.832117005
12/30/2016,9236,7.832045835
12/30/2016,9237,7.831974665
12/30/2016,9238,7.831903495
12/30/2016,9239,7.831832324
12/30/2016,9240,7.831761154
12/30/2016,9241,7.831689984
12/30/2016,9242,7.831618813
12/30/2016,9243,7.831547643
12/30/2016,9244,7.831476473
12/30/2016,9245,7.831405302
12/30/2016,9246,7.831334132
12/30/2016,9247,7.831262962
12/30/2016,9248,7.831191791
12/30/2016,9249,7.831120621
12/30/2016,9250,7.831049451
12/30/2016,9251,7.83097828
12/30/2016,9252,7.83090711
12/30/2016,9253,7.83083594
12/30/2016,9254,7.830764769
12/30/2016,9255,7.830693599
12/30/2016,9256,7.830622429
12/30/2016,9257,7.830551258
12/30/2016,9258,7.830480088
12/30/2016,9259,7.830408918
12/30/2016,9260,7.830337747
12/30/2016,9261,7.830266577
12/30/2016,9262,7.830195407
12/30/2016,9263,7.830124236
12/30/2016,9264,7.830053066
12/30/2016,9265,7.829981896
12/30/2016,9266,7.829910725
12/30/2016,9267,7.829839555
12/30/2016,9268,7.829768385
12/30/2016,9269,7.829697214
12/30/2016,9270,7.829626044
12/30/2016,9271,7.829554874
12/30/2016,9272,7.829483703
12/30/2016,9273,7.829412533
12/30/2016,9274,7.829341363
12/30/2016,9275,7.829270192
12/30/2016,9276,7.829199022
12/30/2016,9277,7.829127852
12/30/2016,9278,7.829056681
12/30/2016,9279,7.828985511
12/30/2016,9280,7.828914341
12/30/2016,9281,7.82884317
12/30/2016,9282,7.828772
12/30/2016,9283,7.828707165
12/30/2016,9284,7.82864233
12/30/2016,9285,7.828577495
12/30/2016,9286,7.828512659
12/30/2016,9287,7.828447824
12/30/2016,9288,7.828382989
12/30/2016,9289,7.828318154
12/30/2016,9290,7.828253319
12/30/2016,9291,7.828188484
12/30/2016,9292,7.828123648
12/30/2016,9293,7.828058813
12/30/2016,9294,7.827993978
12/30/2016,9295,7.827929143
12/30/2016,9296,7.827864308
12/30/2016,9297,7.827799473
12/30/2016,9298,7.827734637
12/30/2016,9299,7.827669802
12/30/2016,9300,7.827604967
12/30/2016,9301,7.827540132
12/30/2016,9302,7.827475297
12/30/2016,9303,7.827410462
12/30/2016,9304,7.827345626
12/30/2016,9305,7.827280791
12/30/2016,9306,7.827215956
12/30/2016,9307,7.827151121
12/30/2016,9308,7.827086286
12/30/2016,9309,7.827021451
12/30/2016,9310,7.826956615
12/30/2016,9311,7.82689178
12/30/2016,9312,7.826826945
12/30/2016,9313,7.82676211
12/30/2016,9314,7.826697275
12/30/2016,9315,7.82663244
12/30/2016,9316,7.826567604
12/30/2016,9317,7.826502769
12/30/2016,9318,7.826437934
12/30/2016,9319,7.826373099
12/30/2016,9320,7.826308264
12/30/2016,9321,7.826243429
12/30/2016,9322,7.826178593
12/30/2016,9323,7.826113758
12/30/2016,9324,7.826048923
12/30/2016,9325,7.825984088
12/30/2016,9326,7.825919253
12/30/2016,9327,7.825854418
12/30/2016,9328,7.825789582
12/30/2016,9329,7.825724747
12/30/2016,9330,7.825659912
12/30/2016,9331,7.825595077
12/30/2016,9332,7.825530242
12/30/2016,9333,7.825465407
12/30/2016,9334,7.825400571
12/30/2016,9335,7.825335736
12/30/2016,9336,7.825270901
12/30/2016,9337,7.825206066
12/30/2016,9338,7.825141231
12/30/2016,9339,7.825076396
12/30/2016,9340,7.82501156
12/30/2016,9341,7.824946725
12/30/2016,9342,7.82488189
12/30/2016,9343,7.824817055
12/30/2016,9344,7.82475222
12/30/2016,9345,7.824687385
12/30/2016,9346,7.824622549
12/30/2016,9347,7.824557714
12/30/2016,9348,7.824492879
12/30/2016,9349,7.824428044
12/30/2016,9350,7.824363209
12/30/2016,9351,7.824298374
12/30/2016,9352,7.824233538
12/30/2016,9353,7.824168703
12/30/2016,9354,7.824103868
12/30/2016,9355,7.824039033
12/30/2016,9356,7.823974198
12/30/2016,9357,7.823909363
12/30/2016,9358,7.823844527
12/30/2016,9359,7.823779692
12/30/2016,9360,7.823714857
12/30/2016,9361,7.823650022
12/30/2016,9362,7.823585187
12/30/2016,9363,7.823520352
12/30/2016,9364,7.823455516
12/30/2016,9365,7.823390681
12/30/2016,9366,7.823325846
12/30/2016,9367,7.823261011
12/30/2016,9368,7.823196176
12/30/2016,9369,7.823131341
12/30/2016,9370,7.823066505
12/30/2016,9371,7.82300167
12/30/2016,9372,7.822936835
12/30/2016,9373,7.822872
12/30/2016,9374,7.822807165
12/30/2016,9375,7.82274233
12/30/2016,9376,7.822677495
12/30/2016,9377,7.822612659
12/30/2016,9378,7.822547824
12/30/2016,9379,7.822482989
12/30/2016,9380,7.822418154
12/30/2016,9381,7.822353319
12/30/2016,9382,7.822288484
12/30/2016,9383,7.822223648
12/30/2016,9384,7.822158813
12/30/2016,9385,7.822093978
12/30/2016,9386,7.822029143
12/30/2016,9387,7.821964308
12/30/2016,9388,7.821899473
12/30/2016,9389,7.821834637
12/30/2016,9390,7.821769802
12/30/2016,9391,7.821704967
12/30/2016,9392,7.821640132
12/30/2016,9393,7.821575297
12/30/2016,9394,7.821510462
12/30/2016,9395,7.821445626
12/30/2016,9396,7.821380791
12/30/2016,9397,7.821315956
12/30/2016,9398,7.821251121
12/30/2016,9399,7.821186286
12/30/2016,9400,7.821121451
12/30/2016,9401,7.821056615
12/30/2016,9402,7.82099178
12/30/2016,9403,7.820926945
12/30/2016,9404,7.82086211
12/30/2016,9405,7.820797275
12/30/2016,9406,7.82073244
12/30/2016,9407,7.820667604
12/30/2016,9408,7.820602769
12/30/2016,9409,7.820537934
12/30/2016,9410,7.820473099
12/30/2016,9411,7.820408264
12/30/2016,9412,7.820343429
12/30/2016,9413,7.820278593
12/30/2016,9414,7.820213758
12/30/2016,9415,7.820148923
12/30/2016,9416,7.820084088
12/30/2016,9417,7.820019253
12/30/2016,9418,7.819954418
12/30/2016,9419,7.819889582
12/30/2016,9420,7.819824747
12/30/2016,9421,7.819759912
12/30/2016,9422,7.819695077
12/30/2016,9423,7.819630242
12/30/2016,9424,7.819565407
12/30/2016,9425,7.819500571
12/30/2016,9426,7.819435736
12/30/2016,9427,7.819370901
12/30/2016,9428,7.819306066
12/30/2016,9429,7.819241231
12/30/2016,9430,7.819176396
12/30/2016,9431,7.81911156
12/30/2016,9432,7.819046725
12/30/2016,9433,7.81898189
12/30/2016,9434,7.818917055
12/30/2016,9435,7.81885222
12/30/2016,9436,7.818787385
12/30/2016,9437,7.818722549
12/30/2016,9438,7.818657714
12/30/2016,9439,7.818592879
12/30/2016,9440,7.818528044
12/30/2016,9441,7.818463209
12/30/2016,9442,7.818398374
12/30/2016,9443,7.818333538
12/30/2016,9444,7.818268703
12/30/2016,9445,7.818203868
12/30/2016,9446,7.818139033
12/30/2016,9447,7.818074198
12/30/2016,9448,7.818009363
12/30/2016,9449,7.817944527
12/30/2016,9450,7.817879692
12/30/2016,9451,7.817814857
12/30/2016,9452,7.817750022
12/30/2016,9453,7.817685187
12/30/2016,9454,7.817620352
12/30/2016,9455,7.817555516
12/30/2016,9456,7.817490681
12/30/2016,9457,7.817425846
12/30/2016,9458,7.817361011
12/30/2016,9459,7.817296176
12/30/2016,9460,7.817231341
12/30/2016,9461,7.817166505
12/30/2016,9462,7.81710167
12/30/2016,9463,7.817036835
12/30/2016,9464,7.816972
12/30/2016,9465,7.816974247
12/30/2016,9466,7.816976495
12/30/2016,9467,7.816978742
12/30/2016,9468,7.816980989
12/30/2016,9469,7.816983236
12/30/2016,9470,7.816985484
12/30/2016,9471,7.816987731
12/30/2016,9472,7.816989978
12/30/2016,9473,7.816992225
12/30/2016,9474,7.816994473
12/30/2016,9475,7.81699672
12/30/2016,9476,7.816998967
12/30/2016,9477,7.817001214
12/30/2016,9478,7.817003462
12/30/2016,9479,7.817005709
12/30/2016,9480,7.817007956
12/30/2016,9481,7.817010203
12/30/2016,9482,7.817012451
12/30/2016,9483,7.817014698
12/30/2016,9484,7.817016945
12/30/2016,9485,7.817019192
12/30/2016,9486,7.81702144
12/30/2016,9487,7.817023687
12/30/2016,9488,7.817025934
12/30/2016,9489,7.817028181
12/30/2016,9490,7.817030429
12/30/2016,9491,7.817032676
12/30/2016,9492,7.817034923
12/30/2016,9493,7.81703717
12/30/2016,9494,7.817039418
12/30/2016,9495,7.817041665
12/30/2016,9496,7.817043912
12/30/2016,9497,7.817046159
12/30/2016,9498,7.817048407
12/30/2016,9499,7.817050654
12/30/2016,9500,7.817052901
12/30/2016,9501,7.817055148
12/30/2016,9502,7.817057396
12/30/2016,9503,7.817059643
12/30/2016,9504,7.81706189
12/30/2016,9505,7.817064137
12/30/2016,9506,7.817066385
12/30/2016,9507,7.817068632
12/30/2016,9508,7.817070879
12/30/2016,9509,7.817073126
12/30/2016,9510,7.817075374
12/30/2016,9511,7.817077621
12/30/2016,9512,7.817079868
12/30/2016,9513,7.817082115
12/30/2016,9514,7.817084363
12/30/2016,9515,7.81708661
12/30/2016,9516,7.817088857
12/30/2016,9517,7.817091104
12/30/2016,9518,7.817093352
12/30/2016,9519,7.817095599
12/30/2016,9520,7.817097846
12/30/2016,9521,7.817100093
12/30/2016,9522,7.817102341
12/30/2016,9523,7.817104588
12/30/2016,9524,7.817106835
12/30/2016,9525,7.817109082
12/30/2016,9526,7.81711133
12/30/2016,9527,7.817113577
12/30/2016,9528,7.817115824
12/30/2016,9529,7.817118071
12/30/2016,9530,7.817120319
12/30/2016,9531,7.817122566
12/30/2016,9532,7.817124813
12/30/2016,9533,7.81712706
12/30/2016,9534,7.817129308
12/30/2016,9535,7.817131555
12/30/2016,9536,7.817133802
12/30/2016,9537,7.817136049
12/30/2016,9538,7.817138297
12/30/2016,9539,7.817140544
12/30/2016,9540,7.817142791
12/30/2016,9541,7.817145038
12/30/2016,9542,7.817147286
12/30/2016,9543,7.817149533
12/30/2016,9544,7.81715178
12/30/2016,9545,7.817154027
12/30/2016,9546,7.817156275
12/30/2016,9547,7.817158522
12/30/2016,9548,7.817160769
12/30/2016,9549,7.817163016
12/30/2016,9550,7.817165264
12/30/2016,9551,7.817167511
12/30/2016,9552,7.817169758
12/30/2016,9553,7.817172005
12/30/2016,9554,7.817174253
12/30/2016,9555,7.8171765
12/30/2016,9556,7.817178747
12/30/2016,9557,7.817180995
12/30/2016,9558,7.817183242
12/30/2016,9559,7.817185489
12/30/2016,9560,7.817187736
12/30/2016,9561,7.817189984
12/30/2016,9562,7.817192231
12/30/2016,9563,7.817194478
12/30/2016,9564,7.817196725
12/30/2016,9565,7.817198973
12/30/2016,9566,7.81720122
12/30/2016,9567,7.817203467
12/30/2016,9568,7.817205714
12/30/2016,9569,7.817207962
12/30/2016,9570,7.817210209
12/30/2016,9571,7.817212456
12/30/2016,9572,7.817214703
12/30/2016,9573,7.817216951
12/30/2016,9574,7.817219198
12/30/2016,9575,7.817221445
12/30/2016,9576,7.817223692
12/30/2016,9577,7.81722594
12/30/2016,9578,7.817228187
12/30/2016,9579,7.817230434
12/30/2016,9580,7.817232681
12/30/2016,9581,7.817234929
12/30/2016,9582,7.817237176
12/30/2016,9583,7.817239423
12/30/2016,9584,7.81724167
12/30/2016,9585,7.817243918
12/30/2016,9586,7.817246165
12/30/2016,9587,7.817248412
12/30/2016,9588,7.817250659
12/30/2016,9589,7.817252907
12/30/2016,9590,7.817255154
12/30/2016,9591,7.817257401
12/30/2016,9592,7.817259648
12/30/2016,9593,7.817261896
12/30/2016,9594,7.817264143
12/30/2016,9595,7.81726639
12/30/2016,9596,7.817268637
12/30/2016,9597,7.817270885
12/30/2016,9598,7.817273132
12/30/2016,9599,7.817275379
12/30/2016,9600,7.817277626
12/30/2016,9601,7.817279874
12/30/2016,9602,7.817282121
12/30/2016,9603,7.817284368
12/30/2016,9604,7.817286615
12/30/2016,9605,7.817288863
12/30/2016,9606,7.81729111
12/30/2016,9607,7.817293357
12/30/2016,9608,7.817295604
12/30/2016,9609,7.817297852
12/30/2016,9610,7.817300099
12/30/2016,9611,7.817302346
12/30/2016,9612,7.817304593
12/30/2016,9613,7.817306841
12/30/2016,9614,7.817309088
12/30/2016,9615,7.817311335
12/30/2016,9616,7.817313582
12/30/2016,9617,7.81731583
12/30/2016,9618,7.817318077
12/30/2016,9619,7.817320324
12/30/2016,9620,7.817322571
12/30/2016,9621,7.817324819
12/30/2016,9622,7.817327066
12/30/2016,9623,7.817329313
12/30/2016,9624,7.81733156
12/30/2016,9625,7.817333808
12/30/2016,9626,7.817336055
12/30/2016,9627,7.817338302
12/30/2016,9628,7.817340549
12/30/2016,9629,7.817342797
12/30/2016,9630,7.817345044
12/30/2016,9631,7.817347291
12/30/2016,9632,7.817349538
12/30/2016,9633,7.817351786
12/30/2016,9634,7.817354033
12/30/2016,9635,7.81735628
12/30/2016,9636,7.817358527
12/30/2016,9637,7.817360775
12/30/2016,9638,7.817363022
12/30/2016,9639,7.817365269
12/30/2016,9640,7.817367516
12/30/2016,9641,7.817369764
12/30/2016,9642,7.817372011
12/30/2016,9643,7.817374258
12/30/2016,9644,7.817376505
12/30/2016,9645,7.817378753
12/30/2016,9646,7.817381
12/30/2016,9647,7.817383165
12/30/2016,9648,7.81738533
12/30/2016,9649,7.817387495
12/30/2016,9650,7.817389659
12/30/2016,9651,7.817391824
12/30/2016,9652,7.817393989
12/30/2016,9653,7.817396154
12/30/2016,9654,7.817398319
12/30/2016,9655,7.817400484
12/30/2016,9656,7.817402648
12/30/2016,9657,7.817404813
12/30/2016,9658,7.817406978
12/30/2016,9659,7.817409143
12/30/2016,9660,7.817411308
12/30/2016,9661,7.817413473
12/30/2016,9662,7.817415637
12/30/2016,9663,7.817417802
12/30/2016,9664,7.817419967
12/30/2016,9665,7.817422132
12/30/2016,9666,7.817424297
12/30/2016,9667,7.817426462
12/30/2016,9668,7.817428626
12/30/2016,9669,7.817430791
12/30/2016,9670,7.817432956
12/30/2016,9671,7.817435121
12/30/2016,9672,7.817437286
12/30/2016,9673,7.817439451
12/30/2016,9674,7.817441615
12/30/2016,9675,7.81744378
12/30/2016,9676,7.817445945
12/30/2016,9677,7.81744811
12/30/2016,9678,7.817450275
12/30/2016,9679,7.81745244
12/30/2016,9680,7.817454604
12/30/2016,9681,7.817456769
12/30/2016,9682,7.817458934
12/30/2016,9683,7.817461099
12/30/2016,9684,7.817463264
12/30/2016,9685,7.817465429
12/30/2016,9686,7.817467593
12/30/2016,9687,7.817469758
12/30/2016,9688,7.817471923
12/30/2016,9689,7.817474088
12/30/2016,9690,7.817476253
12/30/2016,9691,7.817478418
12/30/2016,9692,7.817480582
12/30/2016,9693,7.817482747
12/30/2016,9694,7.817484912
12/30/2016,9695,7.817487077
12/30/2016,9696,7.817489242
12/30/2016,9697,7.817491407
12/30/2016,9698,7.817493571
12/30/2016,9699,7.817495736
12/30/2016,9700,7.817497901
12/30/2016,9701,7.817500066
12/30/2016,9702,7.817502231
12/30/2016,9703,7.817504396
12/30/2016,9704,7.81750656
12/30/2016,9705,7.817508725
12/30/2016,9706,7.81751089
12/30/2016,9707,7.817513055
12/30/2016,9708,7.81751522
12/30/2016,9709,7.817517385
12/30/2016,9710,7.817519549
12/30/2016,9711,7.817521714
12/30/2016,9712,7.817523879
12/30/2016,9713,7.817526044
12/30/2016,9714,7.817528209
12/30/2016,9715,7.817530374
12/30/2016,9716,7.817532538
12/30/2016,9717,7.817534703
12/30/2016,9718,7.817536868
12/30/2016,9719,7.817539033
12/30/2016,9720,7.817541198
12/30/2016,9721,7.817543363
12/30/2016,9722,7.817545527
12/30/2016,9723,7.817547692
12/30/2016,9724,7.817549857
12/30/2016,9725,7.817552022
12/30/2016,9726,7.817554187
12/30/2016,9727,7.817556352
12/30/2016,9728,7.817558516
12/30/2016,9729,7.817560681
12/30/2016,9730,7.817562846
12/30/2016,9731,7.817565011
12/30/2016,9732,7.817567176
12/30/2016,9733,7.817569341
12/30/2016,9734,7.817571505
12/30/2016,9735,7.81757367
12/30/2016,9736,7.817575835
12/30/2016,9737,7.817578
12/30/2016,9738,7.817580165
12/30/2016,9739,7.81758233
12/30/2016,9740,7.817584495
12/30/2016,9741,7.817586659
12/30/2016,9742,7.817588824
12/30/2016,9743,7.817590989
12/30/2016,9744,7.817593154
12/30/2016,9745,7.817595319
12/30/2016,9746,7.817597484
12/30/2016,9747,7.817599648
12/30/2016,9748,7.817601813
12/30/2016,9749,7.817603978
12/30/2016,9750,7.817606143
12/30/2016,9751,7.817608308
12/30/2016,9752,7.817610473
12/30/2016,9753,7.817612637
12/30/2016,9754,7.817614802
12/30/2016,9755,7.817616967
12/30/2016,9756,7.817619132
12/30/2016,9757,7.817621297
12/30/2016,9758,7.817623462
12/30/2016,9759,7.817625626
12/30/2016,9760,7.817627791
12/30/2016,9761,7.817629956
12/30/2016,9762,7.817632121
12/30/2016,9763,7.817634286
12/30/2016,9764,7.817636451
12/30/2016,9765,7.817638615
12/30/2016,9766,7.81764078
12/30/2016,9767,7.817642945
12/30/2016,9768,7.81764511
12/30/2016,9769,7.817647275
12/30/2016,9770,7.81764944
12/30/2016,9771,7.817651604
12/30/2016,9772,7.817653769
12/30/2016,9773,7.817655934
12/30/2016,9774,7.817658099
12/30/2016,9775,7.817660264
12/30/2016,9776,7.817662429
12/30/2016,9777,7.817664593
12/30/2016,9778,7.817666758
12/30/2016,9779,7.817668923
12/30/2016,9780,7.817671088
12/30/2016,9781,7.817673253
12/30/2016,9782,7.817675418
12/30/2016,9783,7.817677582
12/30/2016,9784,7.817679747
12/30/2016,9785,7.817681912
12/30/2016,9786,7.817684077
12/30/2016,9787,7.817686242
12/30/2016,9788,7.817688407
12/30/2016,9789,7.817690571
12/30/2016,9790,7.817692736
12/30/2016,9791,7.817694901
12/30/2016,9792,7.817697066
12/30/2016,9793,7.817699231
12/30/2016,9794,7.817701396
12/30/2016,9795,7.81770356
12/30/2016,9796,7.817705725
12/30/2016,9797,7.81770789
12/30/2016,9798,7.817710055
12/30/2016,9799,7.81771222
12/30/2016,9800,7.817714385
12/30/2016,9801,7.817716549
12/30/2016,9802,7.817718714
12/30/2016,9803,7.817720879
12/30/2016,9804,7.817723044
12/30/2016,9805,7.817725209
12/30/2016,9806,7.817727374
12/30/2016,9807,7.817729538
12/30/2016,9808,7.817731703
12/30/2016,9809,7.817733868
12/30/2016,9810,7.817736033
12/30/2016,9811,7.817738198
12/30/2016,9812,7.817740363
12/30/2016,9813,7.817742527
12/30/2016,9814,7.817744692
12/30/2016,9815,7.817746857
12/30/2016,9816,7.817749022
12/30/2016,9817,7.817751187
12/30/2016,9818,7.817753352
12/30/2016,9819,7.817755516
12/30/2016,9820,7.817757681
12/30/2016,9821,7.817759846
12/30/2016,9822,7.817762011
12/30/2016,9823,7.817764176
12/30/2016,9824,7.817766341
12/30/2016,9825,7.817768505
12/30/2016,9826,7.81777067
12/30/2016,9827,7.817772835
12/30/2016,9828,7.817775
12/30/2016,9829,7.817777033
12/30/2016,9830,7.817779066
12/30/2016,9831,7.817781099
12/30/2016,9832,7.817783132
12/30/2016,9833,7.817785165
12/30/2016,9834,7.817787198
12/30/2016,9835,7.817789231
12/30/2016,9836,7.817791264
12/30/2016,9837,7.817793297
12/30/2016,9838,7.81779533
12/30/2016,9839,7.817797363
12/30/2016,9840,7.817799396
12/30/2016,9841,7.817801429
12/30/2016,9842,7.817803462
12/30/2016,9843,7.817805495
12/30/2016,9844,7.817807527
12/30/2016,9845,7.81780956
12/30/2016,9846,7.817811593
12/30/2016,9847,7.817813626
12/30/2016,9848,7.817815659
12/30/2016,9849,7.817817692
12/30/2016,9850,7.817819725
12/30/2016,9851,7.817821758
12/30/2016,9852,7.817823791
12/30/2016,9853,7.817825824
12/30/2016,9854,7.817827857
12/30/2016,9855,7.81782989
12/30/2016,9856,7.817831923
12/30/2016,9857,7.817833956
12/30/2016,9858,7.817835989
12/30/2016,9859,7.817838022
12/30/2016,9860,7.817840055
12/30/2016,9861,7.817842088
12/30/2016,9862,7.817844121
12/30/2016,9863,7.817846154
12/30/2016,9864,7.817848187
12/30/2016,9865,7.81785022
12/30/2016,9866,7.817852253
12/30/2016,9867,7.817854286
12/30/2016,9868,7.817856319
12/30/2016,9869,7.817858352
12/30/2016,9870,7.817860385
12/30/2016,9871,7.817862418
12/30/2016,9872,7.817864451
12/30/2016,9873,7.817866484
12/30/2016,9874,7.817868516
12/30/2016,9875,7.817870549
12/30/2016,9876,7.817872582
12/30/2016,9877,7.817874615
12/30/2016,9878,7.817876648
12/30/2016,9879,7.817878681
12/30/2016,9880,7.817880714
12/30/2016,9881,7.817882747
12/30/2016,9882,7.81788478
12/30/2016,9883,7.817886813
12/30/2016,9884,7.817888846
12/30/2016,9885,7.817890879
12/30/2016,9886,7.817892912
12/30/2016,9887,7.817894945
12/30/2016,9888,7.817896978
12/30/2016,9889,7.817899011
12/30/2016,9890,7.817901044
12/30/2016,9891,7.817903077
12/30/2016,9892,7.81790511
12/30/2016,9893,7.817907143
12/30/2016,9894,7.817909176
12/30/2016,9895,7.817911209
12/30/2016,9896,7.817913242
12/30/2016,9897,7.817915275
12/30/2016,9898,7.817917308
12/30/2016,9899,7.817919341
12/30/2016,9900,7.817921374
12/30/2016,9901,7.817923407
12/30/2016,9902,7.81792544
12/30/2016,9903,7.817927473
12/30/2016,9904,7.817929505
12/30/2016,9905,7.817931538
12/30/2016,9906,7.817933571
12/30/2016,9907,7.817935604
12/30/2016,9908,7.817937637
12/30/2016,9909,7.81793967
12/30/2016,9910,7.817941703
12/30/2016,9911,7.817943736
12/30/2016,9912,7.817945769
12/30/2016,9913,7.817947802
12/30/2016,9914,7.817949835
12/30/2016,9915,7.817951868
12/30/2016,9916,7.817953901
12/30/2016,9917,7.817955934
12/30/2016,9918,7.817957967
12/30/2016,9919,7.81796
12/30/2016,9920,7.817962033
12/30/2016,9921,7.817964066
12/30/2016,9922,7.817966099
12/30/2016,9923,7.817968132
12/30/2016,9924,7.817970165
12/30/2016,9925,7.817972198
12/30/2016,9926,7.817974231
12/30/2016,9927,7.817976264
12/30/2016,9928,7.817978297
12/30/2016,9929,7.81798033
12/30/2016,9930,7.817982363
12/30/2016,9931,7.817984396
12/30/2016,9932,7.817986429
12/30/2016,9933,7.817988462
12/30/2016,9934,7.817990495
12/30/2016,9935,7.817992527
12/30/2016,9936,7.81799456
12/30/2016,9937,7.817996593
12/30/2016,9938,7.817998626
12/30/2016,9939,7.818000659
12/30/2016,9940,7.818002692
12/30/2016,9941,7.818004725
12/30/2016,9942,7.818006758
12/30/2016,9943,7.818008791
12/30/2016,9944,7.818010824
12/30/2016,9945,7.818012857
12/30/2016,9946,7.81801489
12/30/2016,9947,7.818016923
12/30/2016,9948,7.818018956
12/30/2016,9949,7.818020989
12/30/2016,9950,7.818023022
12/30/2016,9951,7.818025055
12/30/2016,9952,7.818027088
12/30/2016,9953,7.818029121
12/30/2016,9954,7.818031154
12/30/2016,9955,7.818033187
12/30/2016,9956,7.81803522
12/30/2016,9957,7.818037253
12/30/2016,9958,7.818039286
12/30/2016,9959,7.818041319
12/30/2016,9960,7.818043352
12/30/2016,9961,7.818045385
12/30/2016,9962,7.818047418
12/30/2016,9963,7.818049451
12/30/2016,9964,7.818051484
12/30/2016,9965,7.818053516
12/30/2016,9966,7.818055549
12/30/2016,9967,7.818057582
12/30/2016,9968,7.818059615
12/30/2016,9969,7.818061648
12/30/2016,9970,7.818063681
12/30/2016,9971,7.818065714
12/30/2016,9972,7.818067747
12/30/2016,9973,7.81806978
12/30/2016,9974,7.818071813
12/30/2016,9975,7.818073846
12/30/2016,9976,7.818075879
12/30/2016,9977,7.818077912
12/30/2016,9978,7.818079945
12/30/2016,9979,7.818081978
12/30/2016,9980,7.818084011
12/30/2016,9981,7.818086044
12/30/2016,9982,7.818088077
12/30/2016,9983,7.81809011
12/30/2016,9984,7.818092143
12/30/2016,9985,7.818094176
12/30/2016,9986,7.818096209
12/30/2016,9987,7.818098242
12/30/2016,9988,7.818100275
12/30/2016,9989,7.818102308
12/30/2016,9990,7.818104341
12/30/2016,9991,7.818106374
12/30/2016,9992,7.818108407
12/30/2016,9993,7.81811044
12/30/2016,9994,7.818112473
12/30/2016,9995,7.818114505
12/30/2016,9996,7.818116538
12/30/2016,9997,7.818118571
12/30/2016,9998,7.818120604
12/30/2016,9999,7.818122637
12/30/2016,10000,7.81812467
12/30/2016,10001,7.818126703
12/30/2016,10002,7.818128736
12/30/2016,10003,7.818130769
12/30/2016,10004,7.818132802
12/30/2016,10005,7.818134835
12/30/2016,10006,7.818136868
12/30/2016,10007,7.818138901
12/30/2016,10008,7.818140934
12/30/2016,10009,7.818142967
12/30/2016,10010,7.818145
12/30/2016,10011,7.818146967
12/30/2016,10012,7.818148934
12/30/2016,10013,7.818150901
12/30/2016,10014,7.818152868
12/30/2016,10015,7.818154835
12/30/2016,10016,7.818156802
12/30/2016,10017,7.818158769
12/30/2016,10018,7.818160736
12/30/2016,10019,7.818162703
12/30/2016,10020,7.81816467
12/30/2016,10021,7.818166637
12/30/2016,10022,7.818168604
12/30/2016,10023,7.818170571
12/30/2016,10024,7.818172538
12/30/2016,10025,7.818174505
12/30/2016,10026,7.818176473
12/30/2016,10027,7.81817844
12/30/2016,10028,7.818180407
12/30/2016,10029,7.818182374
12/30/2016,10030,7.818184341
12/30/2016,10031,7.818186308
12/30/2016,10032,7.818188275
12/30/2016,10033,7.818190242
12/30/2016,10034,7.818192209
12/30/2016,10035,7.818194176
12/30/2016,10036,7.818196143
12/30/2016,10037,7.81819811
12/30/2016,10038,7.818200077
12/30/2016,10039,7.818202044
12/30/2016,10040,7.818204011
12/30/2016,10041,7.818205978
12/30/2016,10042,7.818207945
12/30/2016,10043,7.818209912
12/30/2016,10044,7.818211879
12/30/2016,10045,7.818213846
12/30/2016,10046,7.818215813
12/30/2016,10047,7.81821778
12/30/2016,10048,7.818219747
12/30/2016,10049,7.818221714
12/30/2016,10050,7.818223681
12/30/2016,10051,7.818225648
12/30/2016,10052,7.818227615
12/30/2016,10053,7.818229582
12/30/2016,10054,7.818231549
12/30/2016,10055,7.818233516
12/30/2016,10056,7.818235484
12/30/2016,10057,7.818237451
12/30/2016,10058,7.818239418
12/30/2016,10059,7.818241385
12/30/2016,10060,7.818243352
12/30/2016,10061,7.818245319
12/30/2016,10062,7.818247286
12/30/2016,10063,7.818249253
12/30/2016,10064,7.81825122
12/30/2016,10065,7.818253187
12/30/2016,10066,7.818255154
12/30/2016,10067,7.818257121
12/30/2016,10068,7.818259088
12/30/2016,10069,7.818261055
12/30/2016,10070,7.818263022
12/30/2016,10071,7.818264989
12/30/2016,10072,7.818266956
12/30/2016,10073,7.818268923
12/30/2016,10074,7.81827089
12/30/2016,10075,7.818272857
12/30/2016,10076,7.818274824
12/30/2016,10077,7.818276791
12/30/2016,10078,7.818278758
12/30/2016,10079,7.818280725
12/30/2016,10080,7.818282692
12/30/2016,10081,7.818284659
12/30/2016,10082,7.818286626
12/30/2016,10083,7.818288593
12/30/2016,10084,7.81829056
12/30/2016,10085,7.818292527
12/30/2016,10086,7.818294495
12/30/2016,10087,7.818296462
12/30/2016,10088,7.818298429
12/30/2016,10089,7.818300396
12/30/2016,10090,7.818302363
12/30/2016,10091,7.81830433
12/30/2016,10092,7.818306297
12/30/2016,10093,7.818308264
12/30/2016,10094,7.818310231
12/30/2016,10095,7.818312198
12/30/2016,10096,7.818314165
12/30/2016,10097,7.818316132
12/30/2016,10098,7.818318099
12/30/2016,10099,7.818320066
12/30/2016,10100,7.818322033
12/30/2016,10101,7.818324
12/30/2016,10102,7.818325967
12/30/2016,10103,7.818327934
12/30/2016,10104,7.818329901
12/30/2016,10105,7.818331868
12/30/2016,10106,7.818333835
12/30/2016,10107,7.818335802
12/30/2016,10108,7.818337769
12/30/2016,10109,7.818339736
12/30/2016,10110,7.818341703
12/30/2016,10111,7.81834367
12/30/2016,10112,7.818345637
12/30/2016,10113,7.818347604
12/30/2016,10114,7.818349571
12/30/2016,10115,7.818351538
12/30/2016,10116,7.818353505
12/30/2016,10117,7.818355473
12/30/2016,10118,7.81835744
12/30/2016,10119,7.818359407
12/30/2016,10120,7.818361374
12/30/2016,10121,7.818363341
12/30/2016,10122,7.818365308
12/30/2016,10123,7.818367275
12/30/2016,10124,7.818369242
12/30/2016,10125,7.818371209
12/30/2016,10126,7.818373176
12/30/2016,10127,7.818375143
12/30/2016,10128,7.81837711
12/30/2016,10129,7.818379077
12/30/2016,10130,7.818381044
12/30/2016,10131,7.818383011
12/30/2016,10132,7.818384978
12/30/2016,10133,7.818386945
12/30/2016,10134,7.818388912
12/30/2016,10135,7.818390879
12/30/2016,10136,7.818392846
12/30/2016,10137,7.818394813
12/30/2016,10138,7.81839678
12/30/2016,10139,7.818398747
12/30/2016,10140,7.818400714
12/30/2016,10141,7.818402681
12/30/2016,10142,7.818404648
12/30/2016,10143,7.818406615
12/30/2016,10144,7.818408582
12/30/2016,10145,7.818410549
12/30/2016,10146,7.818412516
12/30/2016,10147,7.818414484
12/30/2016,10148,7.818416451
12/30/2016,10149,7.818418418
12/30/2016,10150,7.818420385
12/30/2016,10151,7.818422352
12/30/2016,10152,7.818424319
12/30/2016,10153,7.818426286
12/30/2016,10154,7.818428253
12/30/2016,10155,7.81843022
12/30/2016,10156,7.818432187
12/30/2016,10157,7.818434154
12/30/2016,10158,7.818436121
12/30/2016,10159,7.818438088
12/30/2016,10160,7.818440055
12/30/2016,10161,7.818442022
12/30/2016,10162,7.818443989
12/30/2016,10163,7.818445956
12/30/2016,10164,7.818447923
12/30/2016,10165,7.81844989
12/30/2016,10166,7.818451857
12/30/2016,10167,7.818453824
12/30/2016,10168,7.818455791
12/30/2016,10169,7.818457758
12/30/2016,10170,7.818459725
12/30/2016,10171,7.818461692
12/30/2016,10172,7.818463659
12/30/2016,10173,7.818465626
12/30/2016,10174,7.818467593
12/30/2016,10175,7.81846956
12/30/2016,10176,7.818471527
12/30/2016,10177,7.818473495
12/30/2016,10178,7.818475462
12/30/2016,10179,7.818477429
12/30/2016,10180,7.818479396
12/30/2016,10181,7.818481363
12/30/2016,10182,7.81848333
12/30/2016,10183,7.818485297
12/30/2016,10184,7.818487264
12/30/2016,10185,7.818489231
12/30/2016,10186,7.818491198
12/30/2016,10187,7.818493165
12/30/2016,10188,7.818495132
12/30/2016,10189,7.818497099
12/30/2016,10190,7.818499066
12/30/2016,10191,7.818501033
12/30/2016,10192,7.818503
12/30/2016,10193,7.818504951
12/30/2016,10194,7.818506901
12/30/2016,10195,7.818508852
12/30/2016,10196,7.818510802
12/30/2016,10197,7.818512753
12/30/2016,10198,7.818514703
12/30/2016,10199,7.818516654
12/30/2016,10200,7.818518604
12/30/2016,10201,7.818520555
12/30/2016,10202,7.818522505
12/30/2016,10203,7.818524456
12/30/2016,10204,7.818526407
12/30/2016,10205,7.818528357
12/30/2016,10206,7.818530308
12/30/2016,10207,7.818532258
12/30/2016,10208,7.818534209
12/30/2016,10209,7.818536159
12/30/2016,10210,7.81853811
12/30/2016,10211,7.81854006
12/30/2016,10212,7.818542011
12/30/2016,10213,7.818543962
12/30/2016,10214,7.818545912
12/30/2016,10215,7.818547863
12/30/2016,10216,7.818549813
12/30/2016,10217,7.818551764
12/30/2016,10218,7.818553714
12/30/2016,10219,7.818555665
12/30/2016,10220,7.818557615
12/30/2016,10221,7.818559566
12/30/2016,10222,7.818561516
12/30/2016,10223,7.818563467
12/30/2016,10224,7.818565418
12/30/2016,10225,7.818567368
12/30/2016,10226,7.818569319
12/30/2016,10227,7.818571269
12/30/2016,10228,7.81857322
12/30/2016,10229,7.81857517
12/30/2016,10230,7.818577121
12/30/2016,10231,7.818579071
12/30/2016,10232,7.818581022
12/30/2016,10233,7.818582973
12/30/2016,10234,7.818584923
12/30/2016,10235,7.818586874
12/30/2016,10236,7.818588824
12/30/2016,10237,7.818590775
12/30/2016,10238,7.818592725
12/30/2016,10239,7.818594676
12/30/2016,10240,7.818596626
12/30/2016,10241,7.818598577
12/30/2016,10242,7.818600527
12/30/2016,10243,7.818602478
12/30/2016,10244,7.818604429
12/30/2016,10245,7.818606379
12/30/2016,10246,7.81860833
12/30/2016,10247,7.81861028
12/30/2016,10248,7.818612231
12/30/2016,10249,7.818614181
12/30/2016,10250,7.818616132
12/30/2016,10251,7.818618082
12/30/2016,10252,7.818620033
12/30/2016,10253,7.818621984
12/30/2016,10254,7.818623934
12/30/2016,10255,7.818625885
12/30/2016,10256,7.818627835
12/30/2016,10257,7.818629786
12/30/2016,10258,7.818631736
12/30/2016,10259,7.818633687
12/30/2016,10260,7.818635637
12/30/2016,10261,7.818637588
12/30/2016,10262,7.818639538
12/30/2016,10263,7.818641489
12/30/2016,10264,7.81864344
12/30/2016,10265,7.81864539
12/30/2016,10266,7.818647341
12/30/2016,10267,7.818649291
12/30/2016,10268,7.818651242
12/30/2016,10269,7.818653192
12/30/2016,10270,7.818655143
12/30/2016,10271,7.818657093
12/30/2016,10272,7.818659044
12/30/2016,10273,7.818660995
12/30/2016,10274,7.818662945
12/30/2016,10275,7.818664896
12/30/2016,10276,7.818666846
12/30/2016,10277,7.818668797
12/30/2016,10278,7.818670747
12/30/2016,10279,7.818672698
12/30/2016,10280,7.818674648
12/30/2016,10281,7.818676599
12/30/2016,10282,7.818678549
12/30/2016,10283,7.8186805
12/30/2016,10284,7.818682451
12/30/2016,10285,7.818684401
12/30/2016,10286,7.818686352
12/30/2016,10287,7.818688302
12/30/2016,10288,7.818690253
12/30/2016,10289,7.818692203
12/30/2016,10290,7.818694154
12/30/2016,10291,7.818696104
12/30/2016,10292,7.818698055
12/30/2016,10293,7.818700005
12/30/2016,10294,7.818701956
12/30/2016,10295,7.818703907
12/30/2016,10296,7.818705857
12/30/2016,10297,7.818707808
12/30/2016,10298,7.818709758
12/30/2016,10299,7.818711709
12/30/2016,10300,7.818713659
12/30/2016,10301,7.81871561
12/30/2016,10302,7.81871756
12/30/2016,10303,7.818719511
12/30/2016,10304,7.818721462
12/30/2016,10305,7.818723412
12/30/2016,10306,7.818725363
12/30/2016,10307,7.818727313
12/30/2016,10308,7.818729264
12/30/2016,10309,7.818731214
12/30/2016,10310,7.818733165
12/30/2016,10311,7.818735115
12/30/2016,10312,7.818737066
12/30/2016,10313,7.818739016
12/30/2016,10314,7.818740967
12/30/2016,10315,7.818742918
12/30/2016,10316,7.818744868
12/30/2016,10317,7.818746819
12/30/2016,10318,7.818748769
12/30/2016,10319,7.81875072
12/30/2016,10320,7.81875267
12/30/2016,10321,7.818754621
12/30/2016,10322,7.818756571
12/30/2016,10323,7.818758522
12/30/2016,10324,7.818760473
12/30/2016,10325,7.818762423
12/30/2016,10326,7.818764374
12/30/2016,10327,7.818766324
12/30/2016,10328,7.818768275
12/30/2016,10329,7.818770225
12/30/2016,10330,7.818772176
12/30/2016,10331,7.818774126
12/30/2016,10332,7.818776077
12/30/2016,10333,7.818778027
12/30/2016,10334,7.818779978
12/30/2016,10335,7.818781929
12/30/2016,10336,7.818783879
12/30/2016,10337,7.81878583
12/30/2016,10338,7.81878778
12/30/2016,10339,7.818789731
12/30/2016,10340,7.818791681
12/30/2016,10341,7.818793632
12/30/2016,10342,7.818795582
12/30/2016,10343,7.818797533
12/30/2016,10344,7.818799484
12/30/2016,10345,7.818801434
12/30/2016,10346,7.818803385
12/30/2016,10347,7.818805335
12/30/2016,10348,7.818807286
12/30/2016,10349,7.818809236
12/30/2016,10350,7.818811187
12/30/2016,10351,7.818813137
12/30/2016,10352,7.818815088
12/30/2016,10353,7.818817038
12/30/2016,10354,7.818818989
12/30/2016,10355,7.81882094
12/30/2016,10356,7.81882289
12/30/2016,10357,7.818824841
12/30/2016,10358,7.818826791
12/30/2016,10359,7.818828742
12/30/2016,10360,7.818830692
12/30/2016,10361,7.818832643
12/30/2016,10362,7.818834593
12/30/2016,10363,7.818836544
12/30/2016,10364,7.818838495
12/30/2016,10365,7.818840445
12/30/2016,10366,7.818842396
12/30/2016,10367,7.818844346
12/30/2016,10368,7.818846297
12/30/2016,10369,7.818848247
12/30/2016,10370,7.818850198
12/30/2016,10371,7.818852148
12/30/2016,10372,7.818854099
12/30/2016,10373,7.818856049
12/30/2016,10374,7.818858
12/30/2016,10375,7.818859692
12/30/2016,10376,7.818861385
12/30/2016,10377,7.818863077
12/30/2016,10378,7.818864769
12/30/2016,10379,7.818866462
12/30/2016,10380,7.818868154
12/30/2016,10381,7.818869846
12/30/2016,10382,7.818871538
12/30/2016,10383,7.818873231
12/30/2016,10384,7.818874923
12/30/2016,10385,7.818876615
12/30/2016,10386,7.818878308
12/30/2016,10387,7.81888
12/30/2016,10388,7.818881692
12/30/2016,10389,7.818883385
12/30/2016,10390,7.818885077
12/30/2016,10391,7.818886769
12/30/2016,10392,7.818888462
12/30/2016,10393,7.818890154
12/30/2016,10394,7.818891846
12/30/2016,10395,7.818893538
12/30/2016,10396,7.818895231
12/30/2016,10397,7.818896923
12/30/2016,10398,7.818898615
12/30/2016,10399,7.818900308
12/30/2016,10400,7.818902
12/30/2016,10401,7.818903692
12/30/2016,10402,7.818905385
12/30/2016,10403,7.818907077
12/30/2016,10404,7.818908769
12/30/2016,10405,7.818910462
12/30/2016,10406,7.818912154
12/30/2016,10407,7.818913846
12/30/2016,10408,7.818915538
12/30/2016,10409,7.818917231
12/30/2016,10410,7.818918923
12/30/2016,10411,7.818920615
12/30/2016,10412,7.818922308
12/30/2016,10413,7.818924
12/30/2016,10414,7.818925692
12/30/2016,10415,7.818927385
12/30/2016,10416,7.818929077
12/30/2016,10417,7.818930769
12/30/2016,10418,7.818932462
12/30/2016,10419,7.818934154
12/30/2016,10420,7.818935846
12/30/2016,10421,7.818937538
12/30/2016,10422,7.818939231
12/30/2016,10423,7.818940923
12/30/2016,10424,7.818942615
12/30/2016,10425,7.818944308
12/30/2016,10426,7.818946
12/30/2016,10427,7.818947692
12/30/2016,10428,7.818949385
12/30/2016,10429,7.818951077
12/30/2016,10430,7.818952769
12/30/2016,10431,7.818954462
12/30/2016,10432,7.818956154
12/30/2016,10433,7.818957846
12/30/2016,10434,7.818959538
12/30/2016,10435,7.818961231
12/30/2016,10436,7.818962923
12/30/2016,10437,7.818964615
12/30/2016,10438,7.818966308
12/30/2016,10439,7.818968
12/30/2016,10440,7.818969692
12/30/2016,10441,7.818971385
12/30/2016,10442,7.818973077
12/30/2016,10443,7.818974769
12/30/2016,10444,7.818976462
12/30/2016,10445,7.818978154
12/30/2016,10446,7.818979846
12/30/2016,10447,7.818981538
12/30/2016,10448,7.818983231
12/30/2016,10449,7.818984923
12/30/2016,10450,7.818986615
12/30/2016,10451,7.818988308
12/30/2016,10452,7.81899
12/30/2016,10453,7.818991692
12/30/2016,10454,7.818993385
12/30/2016,10455,7.818995077
12/30/2016,10456,7.818996769
12/30/2016,10457,7.818998462
12/30/2016,10458,7.819000154
12/30/2016,10459,7.819001846
12/30/2016,10460,7.819003538
12/30/2016,10461,7.819005231
12/30/2016,10462,7.819006923
12/30/2016,10463,7.819008615
12/30/2016,10464,7.819010308
12/30/2016,10465,7.819012
12/30/2016,10466,7.819013692
12/30/2016,10467,7.819015385
12/30/2016,10468,7.819017077
12/30/2016,10469,7.819018769
12/30/2016,10470,7.819020462
12/30/2016,10471,7.819022154
12/30/2016,10472,7.819023846
12/30/2016,10473,7.819025538
12/30/2016,10474,7.819027231
12/30/2016,10475,7.819028923
12/30/2016,10476,7.819030615
12/30/2016,10477,7.819032308
12/30/2016,10478,7.819034
12/30/2016,10479,7.819035692
12/30/2016,10480,7.819037385
12/30/2016,10481,7.819039077
12/30/2016,10482,7.819040769
12/30/2016,10483,7.819042462
12/30/2016,10484,7.819044154
12/30/2016,10485,7.819045846
12/30/2016,10486,7.819047538
12/30/2016,10487,7.819049231
12/30/2016,10488,7.819050923
12/30/2016,10489,7.819052615
12/30/2016,10490,7.819054308
12/30/2016,10491,7.819056
12/30/2016,10492,7.819057692
12/30/2016,10493,7.819059385
12/30/2016,10494,7.819061077
12/30/2016,10495,7.819062769
12/30/2016,10496,7.819064462
12/30/2016,10497,7.819066154
12/30/2016,10498,7.819067846
12/30/2016,10499,7.819069538
12/30/2016,10500,7.819071231
12/30/2016,10501,7.819072923
12/30/2016,10502,7.819074615
12/30/2016,10503,7.819076308
12/30/2016,10504,7.819078
12/30/2016,10505,7.819079692
12/30/2016,10506,7.819081385
12/30/2016,10507,7.819083077
12/30/2016,10508,7.819084769
12/30/2016,10509,7.819086462
12/30/2016,10510,7.819088154
12/30/2016,10511,7.819089846
12/30/2016,10512,7.819091538
12/30/2016,10513,7.819093231
12/30/2016,10514,7.819094923
12/30/2016,10515,7.819096615
12/30/2016,10516,7.819098308
12/30/2016,10517,7.8191
12/30/2016,10518,7.819101692
12/30/2016,10519,7.819103385
12/30/2016,10520,7.819105077
12/30/2016,10521,7.819106769
12/30/2016,10522,7.819108462
12/30/2016,10523,7.819110154
12/30/2016,10524,7.819111846
12/30/2016,10525,7.819113538
12/30/2016,10526,7.819115231
12/30/2016,10527,7.819116923
12/30/2016,10528,7.819118615
12/30/2016,10529,7.819120308
12/30/2016,10530,7.819122
12/30/2016,10531,7.819123692
12/30/2016,10532,7.819125385
12/30/2016,10533,7.819127077
12/30/2016,10534,7.819128769
12/30/2016,10535,7.819130462
12/30/2016,10536,7.819132154
12/30/2016,10537,7.819133846
12/30/2016,10538,7.819135538
12/30/2016,10539,7.819137231
12/30/2016,10540,7.819138923
12/30/2016,10541,7.819140615
12/30/2016,10542,7.819142308
12/30/2016,10543,7.819144
12/30/2016,10544,7.819145692
12/30/2016,10545,7.819147385
12/30/2016,10546,7.819149077
12/30/2016,10547,7.819150769
12/30/2016,10548,7.819152462
12/30/2016,10549,7.819154154
12/30/2016,10550,7.819155846
12/30/2016,10551,7.819157538
12/30/2016,10552,7.819159231
12/30/2016,10553,7.819160923
12/30/2016,10554,7.819162615
12/30/2016,10555,7.819164308
12/30/2016,10556,7.819166
12/30/2016,10557,7.819167571
12/30/2016,10558,7.819169143
12/30/2016,10559,7.819170714
12/30/2016,10560,7.819172286
12/30/2016,10561,7.819173857
12/30/2016,10562,7.819175429
12/30/2016,10563,7.819177
12/30/2016,10564,7.819178571
12/30/2016,10565,7.819180143
12/30/2016,10566,7.819181714
12/30/2016,10567,7.819183286
12/30/2016,10568,7.819184857
12/30/2016,10569,7.819186429
12/30/2016,10570,7.819188
12/30/2016,10571,7.819189571
12/30/2016,10572,7.819191143
12/30/2016,10573,7.819192714
12/30/2016,10574,7.819194286
12/30/2016,10575,7.819195857
12/30/2016,10576,7.819197429
12/30/2016,10577,7.819199
12/30/2016,10578,7.819200571
12/30/2016,10579,7.819202143
12/30/2016,10580,7.819203714
12/30/2016,10581,7.819205286
12/30/2016,10582,7.819206857
12/30/2016,10583,7.819208429
12/30/2016,10584,7.81921
12/30/2016,10585,7.819211571
12/30/2016,10586,7.819213143
12/30/2016,10587,7.819214714
12/30/2016,10588,7.819216286
12/30/2016,10589,7.819217857
12/30/2016,10590,7.819219429
12/30/2016,10591,7.819221
12/30/2016,10592,7.819222571
12/30/2016,10593,7.819224143
12/30/2016,10594,7.819225714
12/30/2016,10595,7.819227286
12/30/2016,10596,7.819228857
12/30/2016,10597,7.819230429
12/30/2016,10598,7.819232
12/30/2016,10599,7.819233571
12/30/2016,10600,7.819235143
12/30/2016,10601,7.819236714
12/30/2016,10602,7.819238286
12/30/2016,10603,7.819239857
12/30/2016,10604,7.819241429
12/30/2016,10605,7.819243
12/30/2016,10606,7.819244571
12/30/2016,10607,7.819246143
12/30/2016,10608,7.819247714
12/30/2016,10609,7.819249286
12/30/2016,10610,7.819250857
12/30/2016,10611,7.819252429
12/30/2016,10612,7.819254
12/30/2016,10613,7.819255571
12/30/2016,10614,7.819257143
12/30/2016,10615,7.819258714
12/30/2016,10616,7.819260286
12/30/2016,10617,7.819261857
12/30/2016,10618,7.819263429
12/30/2016,10619,7.819265
12/30/2016,10620,7.819266571
12/30/2016,10621,7.819268143
12/30/2016,10622,7.819269714
12/30/2016,10623,7.819271286
12/30/2016,10624,7.819272857
12/30/2016,10625,7.819274429
12/30/2016,10626,7.819276
12/30/2016,10627,7.819277571
12/30/2016,10628,7.819279143
12/30/2016,10629,7.819280714
12/30/2016,10630,7.819282286
12/30/2016,10631,7.819283857
12/30/2016,10632,7.819285429
12/30/2016,10633,7.819287
12/30/2016,10634,7.819288571
12/30/2016,10635,7.819290143
12/30/2016,10636,7.819291714
12/30/2016,10637,7.819293286
12/30/2016,10638,7.819294857
12/30/2016,10639,7.819296429
12/30/2016,10640,7.819298
12/30/2016,10641,7.819299571
12/30/2016,10642,7.819301143
12/30/2016,10643,7.819302714
12/30/2016,10644,7.819304286
12/30/2016,10645,7.819305857
12/30/2016,10646,7.819307429
12/30/2016,10647,7.819309
12/30/2016,10648,7.819310571
12/30/2016,10649,7.819312143
12/30/2016,10650,7.819313714
12/30/2016,10651,7.819315286
12/30/2016,10652,7.819316857
12/30/2016,10653,7.819318429
12/30/2016,10654,7.81932
12/30/2016,10655,7.819321571
12/30/2016,10656,7.819323143
12/30/2016,10657,7.819324714
12/30/2016,10658,7.819326286
12/30/2016,10659,7.819327857
12/30/2016,10660,7.819329429
12/30/2016,10661,7.819331
12/30/2016,10662,7.819332571
12/30/2016,10663,7.819334143
12/30/2016,10664,7.819335714
12/30/2016,10665,7.819337286
12/30/2016,10666,7.819338857
12/30/2016,10667,7.819340429
12/30/2016,10668,7.819342
12/30/2016,10669,7.819343571
12/30/2016,10670,7.819345143
12/30/2016,10671,7.819346714
12/30/2016,10672,7.819348286
12/30/2016,10673,7.819349857
12/30/2016,10674,7.819351429
12/30/2016,10675,7.819353
12/30/2016,10676,7.819354571
12/30/2016,10677,7.819356143
12/30/2016,10678,7.819357714
12/30/2016,10679,7.819359286
12/30/2016,10680,7.819360857
12/30/2016,10681,7.819362429
12/30/2016,10682,7.819364
12/30/2016,10683,7.819365571
12/30/2016,10684,7.819367143
12/30/2016,10685,7.819368714
12/30/2016,10686,7.819370286
12/30/2016,10687,7.819371857
12/30/2016,10688,7.819373429
12/30/2016,10689,7.819375
12/30/2016,10690,7.819376571
12/30/2016,10691,7.819378143
12/30/2016,10692,7.819379714
12/30/2016,10693,7.819381286
12/30/2016,10694,7.819382857
12/30/2016,10695,7.819384429
12/30/2016,10696,7.819386
12/30/2016,10697,7.819387571
12/30/2016,10698,7.819389143
12/30/2016,10699,7.819390714
12/30/2016,10700,7.819392286
12/30/2016,10701,7.819393857
12/30/2016,10702,7.819395429
12/30/2016,10703,7.819397
12/30/2016,10704,7.819398571
12/30/2016,10705,7.819400143
12/30/2016,10706,7.819401714
12/30/2016,10707,7.819403286
12/30/2016,10708,7.819404857
12/30/2016,10709,7.819406429
12/30/2016,10710,7.819408
12/30/2016,10711,7.819409571
12/30/2016,10712,7.819411143
12/30/2016,10713,7.819412714
12/30/2016,10714,7.819414286
12/30/2016,10715,7.819415857
12/30/2016,10716,7.819417429
12/30/2016,10717,7.819419
12/30/2016,10718,7.819420571
12/30/2016,10719,7.819422143
12/30/2016,10720,7.819423714
12/30/2016,10721,7.819425286
12/30/2016,10722,7.819426857
12/30/2016,10723,7.819428429
12/30/2016,10724,7.81943
12/30/2016,10725,7.819431571
12/30/2016,10726,7.819433143
12/30/2016,10727,7.819434714
12/30/2016,10728,7.819436286
12/30/2016,10729,7.819437857
12/30/2016,10730,7.819439429
12/30/2016,10731,7.819441
12/30/2016,10732,7.819442571
12/30/2016,10733,7.819444143
12/30/2016,10734,7.819445714
12/30/2016,10735,7.819447286
12/30/2016,10736,7.819448857
12/30/2016,10737,7.819450429
12/30/2016,10738,7.819452
12/30/2016,10739,7.81945372
12/30/2016,10740,7.81945544
12/30/2016,10741,7.819457159
12/30/2016,10742,7.819458879
12/30/2016,10743,7.819460599
12/30/2016,10744,7.819462319
12/30/2016,10745,7.819464038
12/30/2016,10746,7.819465758
12/30/2016,10747,7.819467478
12/30/2016,10748,7.819469198
12/30/2016,10749,7.819470918
12/30/2016,10750,7.819472637
12/30/2016,10751,7.819474357
12/30/2016,10752,7.819476077
12/30/2016,10753,7.819477797
12/30/2016,10754,7.819479516
12/30/2016,10755,7.819481236
12/30/2016,10756,7.819482956
12/30/2016,10757,7.819484676
12/30/2016,10758,7.819486396
12/30/2016,10759,7.819488115
12/30/2016,10760,7.819489835
12/30/2016,10761,7.819491555
12/30/2016,10762,7.819493275
12/30/2016,10763,7.819494995
12/30/2016,10764,7.819496714
12/30/2016,10765,7.819498434
12/30/2016,10766,7.819500154
12/30/2016,10767,7.819501874
12/30/2016,10768,7.819503593
12/30/2016,10769,7.819505313
12/30/2016,10770,7.819507033
12/30/2016,10771,7.819508753
12/30/2016,10772,7.819510473
12/30/2016,10773,7.819512192
12/30/2016,10774,7.819513912
12/30/2016,10775,7.819515632
12/30/2016,10776,7.819517352
12/30/2016,10777,7.819519071
12/30/2016,10778,7.819520791
12/30/2016,10779,7.819522511
12/30/2016,10780,7.819524231
12/30/2016,10781,7.819525951
12/30/2016,10782,7.81952767
12/30/2016,10783,7.81952939
12/30/2016,10784,7.81953111
12/30/2016,10785,7.81953283
12/30/2016,10786,7.819534549
12/30/2016,10787,7.819536269
12/30/2016,10788,7.819537989
12/30/2016,10789,7.819539709
12/30/2016,10790,7.819541429
12/30/2016,10791,7.819543148
12/30/2016,10792,7.819544868
12/30/2016,10793,7.819546588
12/30/2016,10794,7.819548308
12/30/2016,10795,7.819550027
12/30/2016,10796,7.819551747
12/30/2016,10797,7.819553467
12/30/2016,10798,7.819555187
12/30/2016,10799,7.819556907
12/30/2016,10800,7.819558626
12/30/2016,10801,7.819560346
12/30/2016,10802,7.819562066
12/30/2016,10803,7.819563786
12/30/2016,10804,7.819565505
12/30/2016,10805,7.819567225
12/30/2016,10806,7.819568945
12/30/2016,10807,7.819570665
12/30/2016,10808,7.819572385
12/30/2016,10809,7.819574104
12/30/2016,10810,7.819575824
12/30/2016,10811,7.819577544
12/30/2016,10812,7.819579264
12/30/2016,10813,7.819580984
12/30/2016,10814,7.819582703
12/30/2016,10815,7.819584423
12/30/2016,10816,7.819586143
12/30/2016,10817,7.819587863
12/30/2016,10818,7.819589582
12/30/2016,10819,7.819591302
12/30/2016,10820,7.819593022
12/30/2016,10821,7.819594742
12/30/2016,10822,7.819596462
12/30/2016,10823,7.819598181
12/30/2016,10824,7.819599901
12/30/2016,10825,7.819601621
12/30/2016,10826,7.819603341
12/30/2016,10827,7.81960506
12/30/2016,10828,7.81960678
12/30/2016,10829,7.8196085
12/30/2016,10830,7.81961022
12/30/2016,10831,7.81961194
12/30/2016,10832,7.819613659
12/30/2016,10833,7.819615379
12/30/2016,10834,7.819617099
12/30/2016,10835,7.819618819
12/30/2016,10836,7.819620538
12/30/2016,10837,7.819622258
12/30/2016,10838,7.819623978
12/30/2016,10839,7.819625698
12/30/2016,10840,7.819627418
12/30/2016,10841,7.819629137
12/30/2016,10842,7.819630857
12/30/2016,10843,7.819632577
12/30/2016,10844,7.819634297
12/30/2016,10845,7.819636016
12/30/2016,10846,7.819637736
12/30/2016,10847,7.819639456
12/30/2016,10848,7.819641176
12/30/2016,10849,7.819642896
12/30/2016,10850,7.819644615
12/30/2016,10851,7.819646335
12/30/2016,10852,7.819648055
12/30/2016,10853,7.819649775
12/30/2016,10854,7.819651495
12/30/2016,10855,7.819653214
12/30/2016,10856,7.819654934
12/30/2016,10857,7.819656654
12/30/2016,10858,7.819658374
12/30/2016,10859,7.819660093
12/30/2016,10860,7.819661813
12/30/2016,10861,7.819663533
12/30/2016,10862,7.819665253
12/30/2016,10863,7.819666973
12/30/2016,10864,7.819668692
12/30/2016,10865,7.819670412
12/30/2016,10866,7.819672132
12/30/2016,10867,7.819673852
12/30/2016,10868,7.819675571
12/30/2016,10869,7.819677291
12/30/2016,10870,7.819679011
12/30/2016,10871,7.819680731
12/30/2016,10872,7.819682451
12/30/2016,10873,7.81968417
12/30/2016,10874,7.81968589
12/30/2016,10875,7.81968761
12/30/2016,10876,7.81968933
12/30/2016,10877,7.819691049
12/30/2016,10878,7.819692769
12/30/2016,10879,7.819694489
12/30/2016,10880,7.819696209
12/30/2016,10881,7.819697929
12/30/2016,10882,7.819699648
12/30/2016,10883,7.819701368
12/30/2016,10884,7.819703088
12/30/2016,10885,7.819704808
12/30/2016,10886,7.819706527
12/30/2016,10887,7.819708247
12/30/2016,10888,7.819709967
12/30/2016,10889,7.819711687
12/30/2016,10890,7.819713407
12/30/2016,10891,7.819715126
12/30/2016,10892,7.819716846
12/30/2016,10893,7.819718566
12/30/2016,10894,7.819720286
12/30/2016,10895,7.819722005
12/30/2016,10896,7.819723725
12/30/2016,10897,7.819725445
12/30/2016,10898,7.819727165
12/30/2016,10899,7.819728885
12/30/2016,10900,7.819730604
12/30/2016,10901,7.819732324
12/30/2016,10902,7.819734044
12/30/2016,10903,7.819735764
12/30/2016,10904,7.819737484
12/30/2016,10905,7.819739203
12/30/2016,10906,7.819740923
12/30/2016,10907,7.819742643
12/30/2016,10908,7.819744363
12/30/2016,10909,7.819746082
12/30/2016,10910,7.819747802
12/30/2016,10911,7.819749522
12/30/2016,10912,7.819751242
12/30/2016,10913,7.819752962
12/30/2016,10914,7.819754681
12/30/2016,10915,7.819756401
12/30/2016,10916,7.819758121
12/30/2016,10917,7.819759841
12/30/2016,10918,7.81976156
12/30/2016,10919,7.81976328
12/30/2016,10920,7.819765
