FECHA,PLAZO,VALOR
1/29/2021,1,4.418359
1/29/2021,2,4.416845
1/29/2021,3,4.415331
1/29/2021,4,4.413816
1/29/2021,5,4.412302
1/29/2021,6,4.410788
1/29/2021,7,4.409274
1/29/2021,8,4.40776
1/29/2021,9,4.406246
1/29/2021,10,4.404731
1/29/2021,11,4.403217
1/29/2021,12,4.401703
1/29/2021,13,4.400189
1/29/2021,14,4.398675
1/29/2021,15,4.39716
1/29/2021,16,4.395646
1/29/2021,17,4.394132
1/29/2021,18,4.392618
1/29/2021,19,4.391104
1/29/2021,20,4.389589
1/29/2021,21,4.388075
1/29/2021,22,4.386561
1/29/2021,23,4.385047
1/29/2021,24,4.383533
1/29/2021,25,4.382018
1/29/2021,26,4.380504
1/29/2021,27,4.37899
1/29/2021,28,4.377476
1/29/2021,29,4.375962
1/29/2021,30,4.374448
1/29/2021,31,4.372933
1/29/2021,32,4.371419
1/29/2021,33,4.369905
1/29/2021,34,4.368391
1/29/2021,35,4.366877
1/29/2021,36,4.365362
1/29/2021,37,4.363848
1/29/2021,38,4.362334
1/29/2021,39,4.36082
1/29/2021,40,4.359306
1/29/2021,41,4.357791
1/29/2021,42,4.356277
1/29/2021,43,4.354763
1/29/2021,44,4.353249
1/29/2021,45,4.351735
1/29/2021,46,4.35022
1/29/2021,47,4.348706
1/29/2021,48,4.347192
1/29/2021,49,4.345678
1/29/2021,50,4.344164
1/29/2021,51,4.342649
1/29/2021,52,4.341135
1/29/2021,53,4.339621
1/29/2021,54,4.338107
1/29/2021,55,4.336593
1/29/2021,56,4.335079
1/29/2021,57,4.333564
1/29/2021,58,4.33205
1/29/2021,59,4.330536
1/29/2021,60,4.329022
1/29/2021,61,4.327508
1/29/2021,62,4.325993
1/29/2021,63,4.324479
1/29/2021,64,4.322965
1/29/2021,65,4.321451
1/29/2021,66,4.319937
1/29/2021,67,4.318422
1/29/2021,68,4.316908
1/29/2021,69,4.315394
1/29/2021,70,4.31388
1/29/2021,71,4.312366
1/29/2021,72,4.310851
1/29/2021,73,4.309337
1/29/2021,74,4.307823
1/29/2021,75,4.306309
1/29/2021,76,4.304795
1/29/2021,77,4.303281
1/29/2021,78,4.301766
1/29/2021,79,4.300252
1/29/2021,80,4.298738
1/29/2021,81,4.297224
1/29/2021,82,4.29571
1/29/2021,83,4.294195
1/29/2021,84,4.292681
1/29/2021,85,4.291167
1/29/2021,86,4.289653
1/29/2021,87,4.288139
1/29/2021,88,4.286624
1/29/2021,89,4.28511
1/29/2021,90,4.283596
1/29/2021,91,4.282082
1/29/2021,92,4.280568
1/29/2021,93,4.279053
1/29/2021,94,4.277539
1/29/2021,95,4.276025
1/29/2021,96,4.274511
1/29/2021,97,4.272997
1/29/2021,98,4.271483
1/29/2021,99,4.269968
1/29/2021,100,4.268454
1/29/2021,101,4.26694
1/29/2021,102,4.265426
1/29/2021,103,4.263912
1/29/2021,104,4.262397
1/29/2021,105,4.260883
1/29/2021,106,4.259369
1/29/2021,107,4.257855
1/29/2021,108,4.256341
1/29/2021,109,4.254826
1/29/2021,110,4.253312
1/29/2021,111,4.251798
1/29/2021,112,4.250284
1/29/2021,113,4.24877
1/29/2021,114,4.247255
1/29/2021,115,4.245741
1/29/2021,116,4.244227
1/29/2021,117,4.242713
1/29/2021,118,4.241199
1/29/2021,119,4.239684
1/29/2021,120,4.23817
1/29/2021,121,4.236656
1/29/2021,122,4.235142
1/29/2021,123,4.233628
1/29/2021,124,4.232114
1/29/2021,125,4.230599
1/29/2021,126,4.229085
1/29/2021,127,4.227571
1/29/2021,128,4.226057
1/29/2021,129,4.224543
1/29/2021,130,4.223028
1/29/2021,131,4.221514
1/29/2021,132,4.22
1/29/2021,133,4.219451
1/29/2021,134,4.218901
1/29/2021,135,4.218352
1/29/2021,136,4.217802
1/29/2021,137,4.217253
1/29/2021,138,4.216703
1/29/2021,139,4.216154
1/29/2021,140,4.215604
1/29/2021,141,4.215055
1/29/2021,142,4.214505
1/29/2021,143,4.213956
1/29/2021,144,4.213407
1/29/2021,145,4.212857
1/29/2021,146,4.212308
1/29/2021,147,4.211758
1/29/2021,148,4.211209
1/29/2021,149,4.210659
1/29/2021,150,4.21011
1/29/2021,151,4.20956
1/29/2021,152,4.209011
1/29/2021,153,4.208462
1/29/2021,154,4.207912
1/29/2021,155,4.207363
1/29/2021,156,4.206813
1/29/2021,157,4.206264
1/29/2021,158,4.205714
1/29/2021,159,4.205165
1/29/2021,160,4.204615
1/29/2021,161,4.204066
1/29/2021,162,4.203516
1/29/2021,163,4.202967
1/29/2021,164,4.202418
1/29/2021,165,4.201868
1/29/2021,166,4.201319
1/29/2021,167,4.200769
1/29/2021,168,4.20022
1/29/2021,169,4.19967
1/29/2021,170,4.199121
1/29/2021,171,4.198571
1/29/2021,172,4.198022
1/29/2021,173,4.197473
1/29/2021,174,4.196923
1/29/2021,175,4.196374
1/29/2021,176,4.195824
1/29/2021,177,4.195275
1/29/2021,178,4.194725
1/29/2021,179,4.194176
1/29/2021,180,4.193626
1/29/2021,181,4.193077
1/29/2021,182,4.192527
1/29/2021,183,4.191978
1/29/2021,184,4.191429
1/29/2021,185,4.190879
1/29/2021,186,4.19033
1/29/2021,187,4.18978
1/29/2021,188,4.189231
1/29/2021,189,4.188681
1/29/2021,190,4.188132
1/29/2021,191,4.187582
1/29/2021,192,4.187033
1/29/2021,193,4.186484
1/29/2021,194,4.185934
1/29/2021,195,4.185385
1/29/2021,196,4.184835
1/29/2021,197,4.184286
1/29/2021,198,4.183736
1/29/2021,199,4.183187
1/29/2021,200,4.182637
1/29/2021,201,4.182088
1/29/2021,202,4.181538
1/29/2021,203,4.180989
1/29/2021,204,4.18044
1/29/2021,205,4.17989
1/29/2021,206,4.179341
1/29/2021,207,4.178791
1/29/2021,208,4.178242
1/29/2021,209,4.177692
1/29/2021,210,4.177143
1/29/2021,211,4.176593
1/29/2021,212,4.176044
1/29/2021,213,4.175495
1/29/2021,214,4.174945
1/29/2021,215,4.174396
1/29/2021,216,4.173846
1/29/2021,217,4.173297
1/29/2021,218,4.172747
1/29/2021,219,4.172198
1/29/2021,220,4.171648
1/29/2021,221,4.171099
1/29/2021,222,4.170549
1/29/2021,223,4.17
1/29/2021,224,4.169451
1/29/2021,225,4.168901
1/29/2021,226,4.168352
1/29/2021,227,4.167802
1/29/2021,228,4.167253
1/29/2021,229,4.166703
1/29/2021,230,4.166154
1/29/2021,231,4.165604
1/29/2021,232,4.165055
1/29/2021,233,4.164505
1/29/2021,234,4.163956
1/29/2021,235,4.163407
1/29/2021,236,4.162857
1/29/2021,237,4.162308
1/29/2021,238,4.161758
1/29/2021,239,4.161209
1/29/2021,240,4.160659
1/29/2021,241,4.16011
1/29/2021,242,4.15956
1/29/2021,243,4.159011
1/29/2021,244,4.158462
1/29/2021,245,4.157912
1/29/2021,246,4.157363
1/29/2021,247,4.156813
1/29/2021,248,4.156264
1/29/2021,249,4.155714
1/29/2021,250,4.155165
1/29/2021,251,4.154615
1/29/2021,252,4.154066
1/29/2021,253,4.153516
1/29/2021,254,4.152967
1/29/2021,255,4.152418
1/29/2021,256,4.151868
1/29/2021,257,4.151319
1/29/2021,258,4.150769
1/29/2021,259,4.15022
1/29/2021,260,4.14967
1/29/2021,261,4.149121
1/29/2021,262,4.148571
1/29/2021,263,4.148022
1/29/2021,264,4.147473
1/29/2021,265,4.146923
1/29/2021,266,4.146374
1/29/2021,267,4.145824
1/29/2021,268,4.145275
1/29/2021,269,4.144725
1/29/2021,270,4.144176
1/29/2021,271,4.143626
1/29/2021,272,4.143077
1/29/2021,273,4.142527
1/29/2021,274,4.141978
1/29/2021,275,4.141429
1/29/2021,276,4.140879
1/29/2021,277,4.14033
1/29/2021,278,4.13978
1/29/2021,279,4.139231
1/29/2021,280,4.138681
1/29/2021,281,4.138132
1/29/2021,282,4.137582
1/29/2021,283,4.137033
1/29/2021,284,4.136484
1/29/2021,285,4.135934
1/29/2021,286,4.135385
1/29/2021,287,4.134835
1/29/2021,288,4.134286
1/29/2021,289,4.133736
1/29/2021,290,4.133187
1/29/2021,291,4.132637
1/29/2021,292,4.132088
1/29/2021,293,4.131538
1/29/2021,294,4.130989
1/29/2021,295,4.13044
1/29/2021,296,4.12989
1/29/2021,297,4.129341
1/29/2021,298,4.128791
1/29/2021,299,4.128242
1/29/2021,300,4.127692
1/29/2021,301,4.127143
1/29/2021,302,4.126593
1/29/2021,303,4.126044
1/29/2021,304,4.125495
1/29/2021,305,4.124945
1/29/2021,306,4.124396
1/29/2021,307,4.123846
1/29/2021,308,4.123297
1/29/2021,309,4.122747
1/29/2021,310,4.122198
1/29/2021,311,4.121648
1/29/2021,312,4.121099
1/29/2021,313,4.120549
1/29/2021,314,4.12
1/29/2021,315,4.119945
1/29/2021,316,4.11989
1/29/2021,317,4.119835
1/29/2021,318,4.11978
1/29/2021,319,4.119725
1/29/2021,320,4.11967
1/29/2021,321,4.119615
1/29/2021,322,4.11956
1/29/2021,323,4.119505
1/29/2021,324,4.119451
1/29/2021,325,4.119396
1/29/2021,326,4.119341
1/29/2021,327,4.119286
1/29/2021,328,4.119231
1/29/2021,329,4.119176
1/29/2021,330,4.119121
1/29/2021,331,4.119066
1/29/2021,332,4.119011
1/29/2021,333,4.118956
1/29/2021,334,4.118901
1/29/2021,335,4.118846
1/29/2021,336,4.118791
1/29/2021,337,4.118736
1/29/2021,338,4.118681
1/29/2021,339,4.118626
1/29/2021,340,4.118571
1/29/2021,341,4.118516
1/29/2021,342,4.118462
1/29/2021,343,4.118407
1/29/2021,344,4.118352
1/29/2021,345,4.118297
1/29/2021,346,4.118242
1/29/2021,347,4.118187
1/29/2021,348,4.118132
1/29/2021,349,4.118077
1/29/2021,350,4.118022
1/29/2021,351,4.117967
1/29/2021,352,4.117912
1/29/2021,353,4.117857
1/29/2021,354,4.117802
1/29/2021,355,4.117747
1/29/2021,356,4.117692
1/29/2021,357,4.117637
1/29/2021,358,4.117582
1/29/2021,359,4.117527
1/29/2021,360,4.117473
1/29/2021,361,4.117418
1/29/2021,362,4.117363
1/29/2021,363,4.117308
1/29/2021,364,4.117253
1/29/2021,365,4.117198
1/29/2021,366,4.117143
1/29/2021,367,4.117088
1/29/2021,368,4.117033
1/29/2021,369,4.116978
1/29/2021,370,4.116923
1/29/2021,371,4.116868
1/29/2021,372,4.116813
1/29/2021,373,4.116758
1/29/2021,374,4.116703
1/29/2021,375,4.116648
1/29/2021,376,4.116593
1/29/2021,377,4.116538
1/29/2021,378,4.116484
1/29/2021,379,4.116429
1/29/2021,380,4.116374
1/29/2021,381,4.116319
1/29/2021,382,4.116264
1/29/2021,383,4.116209
1/29/2021,384,4.116154
1/29/2021,385,4.116099
1/29/2021,386,4.116044
1/29/2021,387,4.115989
1/29/2021,388,4.115934
1/29/2021,389,4.115879
1/29/2021,390,4.115824
1/29/2021,391,4.115769
1/29/2021,392,4.115714
1/29/2021,393,4.115659
1/29/2021,394,4.115604
1/29/2021,395,4.115549
1/29/2021,396,4.115495
1/29/2021,397,4.11544
1/29/2021,398,4.115385
1/29/2021,399,4.11533
1/29/2021,400,4.115275
1/29/2021,401,4.11522
1/29/2021,402,4.115165
1/29/2021,403,4.11511
1/29/2021,404,4.115055
1/29/2021,405,4.115
1/29/2021,406,4.114945
1/29/2021,407,4.11489
1/29/2021,408,4.114835
1/29/2021,409,4.11478
1/29/2021,410,4.114725
1/29/2021,411,4.11467
1/29/2021,412,4.114615
1/29/2021,413,4.11456
1/29/2021,414,4.114505
1/29/2021,415,4.114451
1/29/2021,416,4.114396
1/29/2021,417,4.114341
1/29/2021,418,4.114286
1/29/2021,419,4.114231
1/29/2021,420,4.114176
1/29/2021,421,4.114121
1/29/2021,422,4.114066
1/29/2021,423,4.114011
1/29/2021,424,4.113956
1/29/2021,425,4.113901
1/29/2021,426,4.113846
1/29/2021,427,4.113791
1/29/2021,428,4.113736
1/29/2021,429,4.113681
1/29/2021,430,4.113626
1/29/2021,431,4.113571
1/29/2021,432,4.113516
1/29/2021,433,4.113462
1/29/2021,434,4.113407
1/29/2021,435,4.113352
1/29/2021,436,4.113297
1/29/2021,437,4.113242
1/29/2021,438,4.113187
1/29/2021,439,4.113132
1/29/2021,440,4.113077
1/29/2021,441,4.113022
1/29/2021,442,4.112967
1/29/2021,443,4.112912
1/29/2021,444,4.112857
1/29/2021,445,4.112802
1/29/2021,446,4.112747
1/29/2021,447,4.112692
1/29/2021,448,4.112637
1/29/2021,449,4.112582
1/29/2021,450,4.112527
1/29/2021,451,4.112473
1/29/2021,452,4.112418
1/29/2021,453,4.112363
1/29/2021,454,4.112308
1/29/2021,455,4.112253
1/29/2021,456,4.112198
1/29/2021,457,4.112143
1/29/2021,458,4.112088
1/29/2021,459,4.112033
1/29/2021,460,4.111978
1/29/2021,461,4.111923
1/29/2021,462,4.111868
1/29/2021,463,4.111813
1/29/2021,464,4.111758
1/29/2021,465,4.111703
1/29/2021,466,4.111648
1/29/2021,467,4.111593
1/29/2021,468,4.111538
1/29/2021,469,4.111484
1/29/2021,470,4.111429
1/29/2021,471,4.111374
1/29/2021,472,4.111319
1/29/2021,473,4.111264
1/29/2021,474,4.111209
1/29/2021,475,4.111154
1/29/2021,476,4.111099
1/29/2021,477,4.111044
1/29/2021,478,4.110989
1/29/2021,479,4.110934
1/29/2021,480,4.110879
1/29/2021,481,4.110824
1/29/2021,482,4.110769
1/29/2021,483,4.110714
1/29/2021,484,4.110659
1/29/2021,485,4.110604
1/29/2021,486,4.110549
1/29/2021,487,4.110495
1/29/2021,488,4.11044
1/29/2021,489,4.110385
1/29/2021,490,4.11033
1/29/2021,491,4.110275
1/29/2021,492,4.11022
1/29/2021,493,4.110165
1/29/2021,494,4.11011
1/29/2021,495,4.110055
1/29/2021,496,4.11
1/29/2021,497,4.110256
1/29/2021,498,4.110513
1/29/2021,499,4.110769
1/29/2021,500,4.111026
1/29/2021,501,4.111282
1/29/2021,502,4.111538
1/29/2021,503,4.111795
1/29/2021,504,4.112051
1/29/2021,505,4.112308
1/29/2021,506,4.112564
1/29/2021,507,4.112821
1/29/2021,508,4.113077
1/29/2021,509,4.113333
1/29/2021,510,4.11359
1/29/2021,511,4.113846
1/29/2021,512,4.114103
1/29/2021,513,4.114359
1/29/2021,514,4.114615
1/29/2021,515,4.114872
1/29/2021,516,4.115128
1/29/2021,517,4.115385
1/29/2021,518,4.115641
1/29/2021,519,4.115897
1/29/2021,520,4.116154
1/29/2021,521,4.11641
1/29/2021,522,4.116667
1/29/2021,523,4.116923
1/29/2021,524,4.117179
1/29/2021,525,4.117436
1/29/2021,526,4.117692
1/29/2021,527,4.117949
1/29/2021,528,4.118205
1/29/2021,529,4.118462
1/29/2021,530,4.118718
1/29/2021,531,4.118974
1/29/2021,532,4.119231
1/29/2021,533,4.119487
1/29/2021,534,4.119744
1/29/2021,535,4.12
1/29/2021,536,4.120256
1/29/2021,537,4.120513
1/29/2021,538,4.120769
1/29/2021,539,4.121026
1/29/2021,540,4.121282
1/29/2021,541,4.121538
1/29/2021,542,4.121795
1/29/2021,543,4.122051
1/29/2021,544,4.122308
1/29/2021,545,4.122564
1/29/2021,546,4.122821
1/29/2021,547,4.123077
1/29/2021,548,4.123333
1/29/2021,549,4.12359
1/29/2021,550,4.123846
1/29/2021,551,4.124103
1/29/2021,552,4.124359
1/29/2021,553,4.124615
1/29/2021,554,4.124872
1/29/2021,555,4.125128
1/29/2021,556,4.125385
1/29/2021,557,4.125641
1/29/2021,558,4.125897
1/29/2021,559,4.126154
1/29/2021,560,4.12641
1/29/2021,561,4.126667
1/29/2021,562,4.126923
1/29/2021,563,4.127179
1/29/2021,564,4.127436
1/29/2021,565,4.127692
1/29/2021,566,4.127949
1/29/2021,567,4.128205
1/29/2021,568,4.128462
1/29/2021,569,4.128718
1/29/2021,570,4.128974
1/29/2021,571,4.129231
1/29/2021,572,4.129487
1/29/2021,573,4.129744
1/29/2021,574,4.13
1/29/2021,575,4.130256
1/29/2021,576,4.130513
1/29/2021,577,4.130769
1/29/2021,578,4.131026
1/29/2021,579,4.131282
1/29/2021,580,4.131538
1/29/2021,581,4.131795
1/29/2021,582,4.132051
1/29/2021,583,4.132308
1/29/2021,584,4.132564
1/29/2021,585,4.132821
1/29/2021,586,4.133077
1/29/2021,587,4.133333
1/29/2021,588,4.13359
1/29/2021,589,4.133846
1/29/2021,590,4.134103
1/29/2021,591,4.134359
1/29/2021,592,4.134615
1/29/2021,593,4.134872
1/29/2021,594,4.135128
1/29/2021,595,4.135385
1/29/2021,596,4.135641
1/29/2021,597,4.135897
1/29/2021,598,4.136154
1/29/2021,599,4.13641
1/29/2021,600,4.136667
1/29/2021,601,4.136923
1/29/2021,602,4.137179
1/29/2021,603,4.137436
1/29/2021,604,4.137692
1/29/2021,605,4.137949
1/29/2021,606,4.138205
1/29/2021,607,4.138462
1/29/2021,608,4.138718
1/29/2021,609,4.138974
1/29/2021,610,4.139231
1/29/2021,611,4.139487
1/29/2021,612,4.139744
1/29/2021,613,4.14
1/29/2021,614,4.140256
1/29/2021,615,4.140513
1/29/2021,616,4.140769
1/29/2021,617,4.141026
1/29/2021,618,4.141282
1/29/2021,619,4.141538
1/29/2021,620,4.141795
1/29/2021,621,4.142051
1/29/2021,622,4.142308
1/29/2021,623,4.142564
1/29/2021,624,4.142821
1/29/2021,625,4.143077
1/29/2021,626,4.143333
1/29/2021,627,4.14359
1/29/2021,628,4.143846
1/29/2021,629,4.144103
1/29/2021,630,4.144359
1/29/2021,631,4.144615
1/29/2021,632,4.144872
1/29/2021,633,4.145128
1/29/2021,634,4.145385
1/29/2021,635,4.145641
1/29/2021,636,4.145897
1/29/2021,637,4.146154
1/29/2021,638,4.14641
1/29/2021,639,4.146667
1/29/2021,640,4.146923
1/29/2021,641,4.147179
1/29/2021,642,4.147436
1/29/2021,643,4.147692
1/29/2021,644,4.147949
1/29/2021,645,4.148205
1/29/2021,646,4.148462
1/29/2021,647,4.148718
1/29/2021,648,4.148974
1/29/2021,649,4.149231
1/29/2021,650,4.149487
1/29/2021,651,4.149744
1/29/2021,652,4.15
1/29/2021,653,4.150256
1/29/2021,654,4.150513
1/29/2021,655,4.150769
1/29/2021,656,4.151026
1/29/2021,657,4.151282
1/29/2021,658,4.151538
1/29/2021,659,4.151795
1/29/2021,660,4.152051
1/29/2021,661,4.152308
1/29/2021,662,4.152564
1/29/2021,663,4.152821
1/29/2021,664,4.153077
1/29/2021,665,4.153333
1/29/2021,666,4.15359
1/29/2021,667,4.153846
1/29/2021,668,4.154103
1/29/2021,669,4.154359
1/29/2021,670,4.154615
1/29/2021,671,4.154872
1/29/2021,672,4.155128
1/29/2021,673,4.155385
1/29/2021,674,4.155641
1/29/2021,675,4.155897
1/29/2021,676,4.156154
1/29/2021,677,4.15641
1/29/2021,678,4.156667
1/29/2021,679,4.156923
1/29/2021,680,4.157179
1/29/2021,681,4.157436
1/29/2021,682,4.157692
1/29/2021,683,4.157949
1/29/2021,684,4.158205
1/29/2021,685,4.158462
1/29/2021,686,4.158718
1/29/2021,687,4.158974
1/29/2021,688,4.159231
1/29/2021,689,4.159487
1/29/2021,690,4.159744
1/29/2021,691,4.16
1/29/2021,692,4.160256
1/29/2021,693,4.160513
1/29/2021,694,4.160769
1/29/2021,695,4.161026
1/29/2021,696,4.161282
1/29/2021,697,4.161538
1/29/2021,698,4.161795
1/29/2021,699,4.162051
1/29/2021,700,4.162308
1/29/2021,701,4.162564
1/29/2021,702,4.162821
1/29/2021,703,4.163077
1/29/2021,704,4.163333
1/29/2021,705,4.16359
1/29/2021,706,4.163846
1/29/2021,707,4.164103
1/29/2021,708,4.164359
1/29/2021,709,4.164615
1/29/2021,710,4.164872
1/29/2021,711,4.165128
1/29/2021,712,4.165385
1/29/2021,713,4.165641
1/29/2021,714,4.165897
1/29/2021,715,4.166154
1/29/2021,716,4.16641
1/29/2021,717,4.166667
1/29/2021,718,4.166923
1/29/2021,719,4.167179
1/29/2021,720,4.167436
1/29/2021,721,4.167692
1/29/2021,722,4.167949
1/29/2021,723,4.168205
1/29/2021,724,4.168462
1/29/2021,725,4.168718
1/29/2021,726,4.168974
1/29/2021,727,4.169231
1/29/2021,728,4.169487
1/29/2021,729,4.169744
1/29/2021,730,4.17
1/29/2021,731,4.170256
1/29/2021,732,4.170513
1/29/2021,733,4.170769
1/29/2021,734,4.171026
1/29/2021,735,4.171282
1/29/2021,736,4.171538
1/29/2021,737,4.171795
1/29/2021,738,4.172051
1/29/2021,739,4.172308
1/29/2021,740,4.172564
1/29/2021,741,4.172821
1/29/2021,742,4.173077
1/29/2021,743,4.173333
1/29/2021,744,4.17359
1/29/2021,745,4.173846
1/29/2021,746,4.174103
1/29/2021,747,4.174359
1/29/2021,748,4.174615
1/29/2021,749,4.174872
1/29/2021,750,4.175128
1/29/2021,751,4.175385
1/29/2021,752,4.175641
1/29/2021,753,4.175897
1/29/2021,754,4.176154
1/29/2021,755,4.17641
1/29/2021,756,4.176667
1/29/2021,757,4.176923
1/29/2021,758,4.177179
1/29/2021,759,4.177436
1/29/2021,760,4.177692
1/29/2021,761,4.177949
1/29/2021,762,4.178205
1/29/2021,763,4.178462
1/29/2021,764,4.178718
1/29/2021,765,4.178974
1/29/2021,766,4.179231
1/29/2021,767,4.179487
1/29/2021,768,4.179744
1/29/2021,769,4.18
1/29/2021,770,4.180403
1/29/2021,771,4.180806
1/29/2021,772,4.181209
1/29/2021,773,4.181612
1/29/2021,774,4.182015
1/29/2021,775,4.182418
1/29/2021,776,4.182821
1/29/2021,777,4.183223
1/29/2021,778,4.183626
1/29/2021,779,4.184029
1/29/2021,780,4.184432
1/29/2021,781,4.184835
1/29/2021,782,4.185238
1/29/2021,783,4.185641
1/29/2021,784,4.186044
1/29/2021,785,4.186447
1/29/2021,786,4.18685
1/29/2021,787,4.187253
1/29/2021,788,4.187656
1/29/2021,789,4.188059
1/29/2021,790,4.188462
1/29/2021,791,4.188864
1/29/2021,792,4.189267
1/29/2021,793,4.18967
1/29/2021,794,4.190073
1/29/2021,795,4.190476
1/29/2021,796,4.190879
1/29/2021,797,4.191282
1/29/2021,798,4.191685
1/29/2021,799,4.192088
1/29/2021,800,4.192491
1/29/2021,801,4.192894
1/29/2021,802,4.193297
1/29/2021,803,4.1937
1/29/2021,804,4.194103
1/29/2021,805,4.194505
1/29/2021,806,4.194908
1/29/2021,807,4.195311
1/29/2021,808,4.195714
1/29/2021,809,4.196117
1/29/2021,810,4.19652
1/29/2021,811,4.196923
1/29/2021,812,4.197326
1/29/2021,813,4.197729
1/29/2021,814,4.198132
1/29/2021,815,4.198535
1/29/2021,816,4.198938
1/29/2021,817,4.199341
1/29/2021,818,4.199744
1/29/2021,819,4.200147
1/29/2021,820,4.200549
1/29/2021,821,4.200952
1/29/2021,822,4.201355
1/29/2021,823,4.201758
1/29/2021,824,4.202161
1/29/2021,825,4.202564
1/29/2021,826,4.202967
1/29/2021,827,4.20337
1/29/2021,828,4.203773
1/29/2021,829,4.204176
1/29/2021,830,4.204579
1/29/2021,831,4.204982
1/29/2021,832,4.205385
1/29/2021,833,4.205788
1/29/2021,834,4.20619
1/29/2021,835,4.206593
1/29/2021,836,4.206996
1/29/2021,837,4.207399
1/29/2021,838,4.207802
1/29/2021,839,4.208205
1/29/2021,840,4.208608
1/29/2021,841,4.209011
1/29/2021,842,4.209414
1/29/2021,843,4.209817
1/29/2021,844,4.21022
1/29/2021,845,4.210623
1/29/2021,846,4.211026
1/29/2021,847,4.211429
1/29/2021,848,4.211832
1/29/2021,849,4.212234
1/29/2021,850,4.212637
1/29/2021,851,4.21304
1/29/2021,852,4.213443
1/29/2021,853,4.213846
1/29/2021,854,4.214249
1/29/2021,855,4.214652
1/29/2021,856,4.215055
1/29/2021,857,4.215458
1/29/2021,858,4.215861
1/29/2021,859,4.216264
1/29/2021,860,4.216667
1/29/2021,861,4.21707
1/29/2021,862,4.217473
1/29/2021,863,4.217875
1/29/2021,864,4.218278
1/29/2021,865,4.218681
1/29/2021,866,4.219084
1/29/2021,867,4.219487
1/29/2021,868,4.21989
1/29/2021,869,4.220293
1/29/2021,870,4.220696
1/29/2021,871,4.221099
1/29/2021,872,4.221502
1/29/2021,873,4.221905
1/29/2021,874,4.222308
1/29/2021,875,4.222711
1/29/2021,876,4.223114
1/29/2021,877,4.223516
1/29/2021,878,4.223919
1/29/2021,879,4.224322
1/29/2021,880,4.224725
1/29/2021,881,4.225128
1/29/2021,882,4.225531
1/29/2021,883,4.225934
1/29/2021,884,4.226337
1/29/2021,885,4.22674
1/29/2021,886,4.227143
1/29/2021,887,4.227546
1/29/2021,888,4.227949
1/29/2021,889,4.228352
1/29/2021,890,4.228755
1/29/2021,891,4.229158
1/29/2021,892,4.22956
1/29/2021,893,4.229963
1/29/2021,894,4.230366
1/29/2021,895,4.230769
1/29/2021,896,4.231172
1/29/2021,897,4.231575
1/29/2021,898,4.231978
1/29/2021,899,4.232381
1/29/2021,900,4.232784
1/29/2021,901,4.233187
1/29/2021,902,4.23359
1/29/2021,903,4.233993
1/29/2021,904,4.234396
1/29/2021,905,4.234799
1/29/2021,906,4.235201
1/29/2021,907,4.235604
1/29/2021,908,4.236007
1/29/2021,909,4.23641
1/29/2021,910,4.236813
1/29/2021,911,4.237216
1/29/2021,912,4.237619
1/29/2021,913,4.238022
1/29/2021,914,4.238425
1/29/2021,915,4.238828
1/29/2021,916,4.239231
1/29/2021,917,4.239634
1/29/2021,918,4.240037
1/29/2021,919,4.24044
1/29/2021,920,4.240842
1/29/2021,921,4.241245
1/29/2021,922,4.241648
1/29/2021,923,4.242051
1/29/2021,924,4.242454
1/29/2021,925,4.242857
1/29/2021,926,4.24326
1/29/2021,927,4.243663
1/29/2021,928,4.244066
1/29/2021,929,4.244469
1/29/2021,930,4.244872
1/29/2021,931,4.245275
1/29/2021,932,4.245678
1/29/2021,933,4.246081
1/29/2021,934,4.246484
1/29/2021,935,4.246886
1/29/2021,936,4.247289
1/29/2021,937,4.247692
1/29/2021,938,4.248095
1/29/2021,939,4.248498
1/29/2021,940,4.248901
1/29/2021,941,4.249304
1/29/2021,942,4.249707
1/29/2021,943,4.25011
1/29/2021,944,4.250513
1/29/2021,945,4.250916
1/29/2021,946,4.251319
1/29/2021,947,4.251722
1/29/2021,948,4.252125
1/29/2021,949,4.252527
1/29/2021,950,4.25293
1/29/2021,951,4.253333
1/29/2021,952,4.253736
1/29/2021,953,4.254139
1/29/2021,954,4.254542
1/29/2021,955,4.254945
1/29/2021,956,4.255348
1/29/2021,957,4.255751
1/29/2021,958,4.256154
1/29/2021,959,4.256557
1/29/2021,960,4.25696
1/29/2021,961,4.257363
1/29/2021,962,4.257766
1/29/2021,963,4.258168
1/29/2021,964,4.258571
1/29/2021,965,4.258974
1/29/2021,966,4.259377
1/29/2021,967,4.25978
1/29/2021,968,4.260183
1/29/2021,969,4.260586
1/29/2021,970,4.260989
1/29/2021,971,4.261392
1/29/2021,972,4.261795
1/29/2021,973,4.262198
1/29/2021,974,4.262601
1/29/2021,975,4.263004
1/29/2021,976,4.263407
1/29/2021,977,4.26381
1/29/2021,978,4.264212
1/29/2021,979,4.264615
1/29/2021,980,4.265018
1/29/2021,981,4.265421
1/29/2021,982,4.265824
1/29/2021,983,4.266227
1/29/2021,984,4.26663
1/29/2021,985,4.267033
1/29/2021,986,4.267436
1/29/2021,987,4.267839
1/29/2021,988,4.268242
1/29/2021,989,4.268645
1/29/2021,990,4.269048
1/29/2021,991,4.269451
1/29/2021,992,4.269853
1/29/2021,993,4.270256
1/29/2021,994,4.270659
1/29/2021,995,4.271062
1/29/2021,996,4.271465
1/29/2021,997,4.271868
1/29/2021,998,4.272271
1/29/2021,999,4.272674
1/29/2021,1000,4.273077
1/29/2021,1001,4.27348
1/29/2021,1002,4.273883
1/29/2021,1003,4.274286
1/29/2021,1004,4.274689
1/29/2021,1005,4.275092
1/29/2021,1006,4.275495
1/29/2021,1007,4.275897
1/29/2021,1008,4.2763
1/29/2021,1009,4.276703
1/29/2021,1010,4.277106
1/29/2021,1011,4.277509
1/29/2021,1012,4.277912
1/29/2021,1013,4.278315
1/29/2021,1014,4.278718
1/29/2021,1015,4.279121
1/29/2021,1016,4.279524
1/29/2021,1017,4.279927
1/29/2021,1018,4.28033
1/29/2021,1019,4.280733
1/29/2021,1020,4.281136
1/29/2021,1021,4.281538
1/29/2021,1022,4.281941
1/29/2021,1023,4.282344
1/29/2021,1024,4.282747
1/29/2021,1025,4.28315
1/29/2021,1026,4.283553
1/29/2021,1027,4.283956
1/29/2021,1028,4.284359
1/29/2021,1029,4.284762
1/29/2021,1030,4.285165
1/29/2021,1031,4.285568
1/29/2021,1032,4.285971
1/29/2021,1033,4.286374
1/29/2021,1034,4.286777
1/29/2021,1035,4.287179
1/29/2021,1036,4.287582
1/29/2021,1037,4.287985
1/29/2021,1038,4.288388
1/29/2021,1039,4.288791
1/29/2021,1040,4.289194
1/29/2021,1041,4.289597
1/29/2021,1042,4.29
1/29/2021,1043,4.290293
1/29/2021,1044,4.290586
1/29/2021,1045,4.290879
1/29/2021,1046,4.291172
1/29/2021,1047,4.291465
1/29/2021,1048,4.291758
1/29/2021,1049,4.292051
1/29/2021,1050,4.292344
1/29/2021,1051,4.292637
1/29/2021,1052,4.29293
1/29/2021,1053,4.293223
1/29/2021,1054,4.293516
1/29/2021,1055,4.29381
1/29/2021,1056,4.294103
1/29/2021,1057,4.294396
1/29/2021,1058,4.294689
1/29/2021,1059,4.294982
1/29/2021,1060,4.295275
1/29/2021,1061,4.295568
1/29/2021,1062,4.295861
1/29/2021,1063,4.296154
1/29/2021,1064,4.296447
1/29/2021,1065,4.29674
1/29/2021,1066,4.297033
1/29/2021,1067,4.297326
1/29/2021,1068,4.297619
1/29/2021,1069,4.297912
1/29/2021,1070,4.298205
1/29/2021,1071,4.298498
1/29/2021,1072,4.298791
1/29/2021,1073,4.299084
1/29/2021,1074,4.299377
1/29/2021,1075,4.29967
1/29/2021,1076,4.299963
1/29/2021,1077,4.300256
1/29/2021,1078,4.300549
1/29/2021,1079,4.300842
1/29/2021,1080,4.301136
1/29/2021,1081,4.301429
1/29/2021,1082,4.301722
1/29/2021,1083,4.302015
1/29/2021,1084,4.302308
1/29/2021,1085,4.302601
1/29/2021,1086,4.302894
1/29/2021,1087,4.303187
1/29/2021,1088,4.30348
1/29/2021,1089,4.303773
1/29/2021,1090,4.304066
1/29/2021,1091,4.304359
1/29/2021,1092,4.304652
1/29/2021,1093,4.304945
1/29/2021,1094,4.305238
1/29/2021,1095,4.305531
1/29/2021,1096,4.305824
1/29/2021,1097,4.306117
1/29/2021,1098,4.30641
1/29/2021,1099,4.306703
1/29/2021,1100,4.306996
1/29/2021,1101,4.307289
1/29/2021,1102,4.307582
1/29/2021,1103,4.307875
1/29/2021,1104,4.308168
1/29/2021,1105,4.308462
1/29/2021,1106,4.308755
1/29/2021,1107,4.309048
1/29/2021,1108,4.309341
1/29/2021,1109,4.309634
1/29/2021,1110,4.309927
1/29/2021,1111,4.31022
1/29/2021,1112,4.310513
1/29/2021,1113,4.310806
1/29/2021,1114,4.311099
1/29/2021,1115,4.311392
1/29/2021,1116,4.311685
1/29/2021,1117,4.311978
1/29/2021,1118,4.312271
1/29/2021,1119,4.312564
1/29/2021,1120,4.312857
1/29/2021,1121,4.31315
1/29/2021,1122,4.313443
1/29/2021,1123,4.313736
1/29/2021,1124,4.314029
1/29/2021,1125,4.314322
1/29/2021,1126,4.314615
1/29/2021,1127,4.314908
1/29/2021,1128,4.315201
1/29/2021,1129,4.315495
1/29/2021,1130,4.315788
1/29/2021,1131,4.316081
1/29/2021,1132,4.316374
1/29/2021,1133,4.316667
1/29/2021,1134,4.31696
1/29/2021,1135,4.317253
1/29/2021,1136,4.317546
1/29/2021,1137,4.317839
1/29/2021,1138,4.318132
1/29/2021,1139,4.318425
1/29/2021,1140,4.318718
1/29/2021,1141,4.319011
1/29/2021,1142,4.319304
1/29/2021,1143,4.319597
1/29/2021,1144,4.31989
1/29/2021,1145,4.320183
1/29/2021,1146,4.320476
1/29/2021,1147,4.320769
1/29/2021,1148,4.321062
1/29/2021,1149,4.321355
1/29/2021,1150,4.321648
1/29/2021,1151,4.321941
1/29/2021,1152,4.322234
1/29/2021,1153,4.322527
1/29/2021,1154,4.322821
1/29/2021,1155,4.323114
1/29/2021,1156,4.323407
1/29/2021,1157,4.3237
1/29/2021,1158,4.323993
1/29/2021,1159,4.324286
1/29/2021,1160,4.324579
1/29/2021,1161,4.324872
1/29/2021,1162,4.325165
1/29/2021,1163,4.325458
1/29/2021,1164,4.325751
1/29/2021,1165,4.326044
1/29/2021,1166,4.326337
1/29/2021,1167,4.32663
1/29/2021,1168,4.326923
1/29/2021,1169,4.327216
1/29/2021,1170,4.327509
1/29/2021,1171,4.327802
1/29/2021,1172,4.328095
1/29/2021,1173,4.328388
1/29/2021,1174,4.328681
1/29/2021,1175,4.328974
1/29/2021,1176,4.329267
1/29/2021,1177,4.32956
1/29/2021,1178,4.329853
1/29/2021,1179,4.330147
1/29/2021,1180,4.33044
1/29/2021,1181,4.330733
1/29/2021,1182,4.331026
1/29/2021,1183,4.331319
1/29/2021,1184,4.331612
1/29/2021,1185,4.331905
1/29/2021,1186,4.332198
1/29/2021,1187,4.332491
1/29/2021,1188,4.332784
1/29/2021,1189,4.333077
1/29/2021,1190,4.33337
1/29/2021,1191,4.333663
1/29/2021,1192,4.333956
1/29/2021,1193,4.334249
1/29/2021,1194,4.334542
1/29/2021,1195,4.334835
1/29/2021,1196,4.335128
1/29/2021,1197,4.335421
1/29/2021,1198,4.335714
1/29/2021,1199,4.336007
1/29/2021,1200,4.3363
1/29/2021,1201,4.336593
1/29/2021,1202,4.336886
1/29/2021,1203,4.337179
1/29/2021,1204,4.337473
1/29/2021,1205,4.337766
1/29/2021,1206,4.338059
1/29/2021,1207,4.338352
1/29/2021,1208,4.338645
1/29/2021,1209,4.338938
1/29/2021,1210,4.339231
1/29/2021,1211,4.339524
1/29/2021,1212,4.339817
1/29/2021,1213,4.34011
1/29/2021,1214,4.340403
1/29/2021,1215,4.340696
1/29/2021,1216,4.340989
1/29/2021,1217,4.341282
1/29/2021,1218,4.341575
1/29/2021,1219,4.341868
1/29/2021,1220,4.342161
1/29/2021,1221,4.342454
1/29/2021,1222,4.342747
1/29/2021,1223,4.34304
1/29/2021,1224,4.343333
1/29/2021,1225,4.343626
1/29/2021,1226,4.343919
1/29/2021,1227,4.344212
1/29/2021,1228,4.344505
1/29/2021,1229,4.344799
1/29/2021,1230,4.345092
1/29/2021,1231,4.345385
1/29/2021,1232,4.345678
1/29/2021,1233,4.345971
1/29/2021,1234,4.346264
1/29/2021,1235,4.346557
1/29/2021,1236,4.34685
1/29/2021,1237,4.347143
1/29/2021,1238,4.347436
1/29/2021,1239,4.347729
1/29/2021,1240,4.348022
1/29/2021,1241,4.348315
1/29/2021,1242,4.348608
1/29/2021,1243,4.348901
1/29/2021,1244,4.349194
1/29/2021,1245,4.349487
1/29/2021,1246,4.34978
1/29/2021,1247,4.350073
1/29/2021,1248,4.350366
1/29/2021,1249,4.350659
1/29/2021,1250,4.350952
1/29/2021,1251,4.351245
1/29/2021,1252,4.351538
1/29/2021,1253,4.351832
1/29/2021,1254,4.352125
1/29/2021,1255,4.352418
1/29/2021,1256,4.352711
1/29/2021,1257,4.353004
1/29/2021,1258,4.353297
1/29/2021,1259,4.35359
1/29/2021,1260,4.353883
1/29/2021,1261,4.354176
1/29/2021,1262,4.354469
1/29/2021,1263,4.354762
1/29/2021,1264,4.355055
1/29/2021,1265,4.355348
1/29/2021,1266,4.355641
1/29/2021,1267,4.355934
1/29/2021,1268,4.356227
1/29/2021,1269,4.35652
1/29/2021,1270,4.356813
1/29/2021,1271,4.357106
1/29/2021,1272,4.357399
1/29/2021,1273,4.357692
1/29/2021,1274,4.357985
1/29/2021,1275,4.358278
1/29/2021,1276,4.358571
1/29/2021,1277,4.358864
1/29/2021,1278,4.359158
1/29/2021,1279,4.359451
1/29/2021,1280,4.359744
1/29/2021,1281,4.360037
1/29/2021,1282,4.36033
1/29/2021,1283,4.360623
1/29/2021,1284,4.360916
1/29/2021,1285,4.361209
1/29/2021,1286,4.361502
1/29/2021,1287,4.361795
1/29/2021,1288,4.362088
1/29/2021,1289,4.362381
1/29/2021,1290,4.362674
1/29/2021,1291,4.362967
1/29/2021,1292,4.36326
1/29/2021,1293,4.363553
1/29/2021,1294,4.363846
1/29/2021,1295,4.364139
1/29/2021,1296,4.364432
1/29/2021,1297,4.364725
1/29/2021,1298,4.365018
1/29/2021,1299,4.365311
1/29/2021,1300,4.365604
1/29/2021,1301,4.365897
1/29/2021,1302,4.36619
1/29/2021,1303,4.366484
1/29/2021,1304,4.366777
1/29/2021,1305,4.36707
1/29/2021,1306,4.367363
1/29/2021,1307,4.367656
1/29/2021,1308,4.367949
1/29/2021,1309,4.368242
1/29/2021,1310,4.368535
1/29/2021,1311,4.368828
1/29/2021,1312,4.369121
1/29/2021,1313,4.369414
1/29/2021,1314,4.369707
1/29/2021,1315,4.37
1/29/2021,1316,4.37044
1/29/2021,1317,4.370879
1/29/2021,1318,4.371319
1/29/2021,1319,4.371758
1/29/2021,1320,4.372198
1/29/2021,1321,4.372637
1/29/2021,1322,4.373077
1/29/2021,1323,4.373516
1/29/2021,1324,4.373956
1/29/2021,1325,4.374396
1/29/2021,1326,4.374835
1/29/2021,1327,4.375275
1/29/2021,1328,4.375714
1/29/2021,1329,4.376154
1/29/2021,1330,4.376593
1/29/2021,1331,4.377033
1/29/2021,1332,4.377473
1/29/2021,1333,4.377912
1/29/2021,1334,4.378352
1/29/2021,1335,4.378791
1/29/2021,1336,4.379231
1/29/2021,1337,4.37967
1/29/2021,1338,4.38011
1/29/2021,1339,4.380549
1/29/2021,1340,4.380989
1/29/2021,1341,4.381429
1/29/2021,1342,4.381868
1/29/2021,1343,4.382308
1/29/2021,1344,4.382747
1/29/2021,1345,4.383187
1/29/2021,1346,4.383626
1/29/2021,1347,4.384066
1/29/2021,1348,4.384505
1/29/2021,1349,4.384945
1/29/2021,1350,4.385385
1/29/2021,1351,4.385824
1/29/2021,1352,4.386264
1/29/2021,1353,4.386703
1/29/2021,1354,4.387143
1/29/2021,1355,4.387582
1/29/2021,1356,4.388022
1/29/2021,1357,4.388462
1/29/2021,1358,4.388901
1/29/2021,1359,4.389341
1/29/2021,1360,4.38978
1/29/2021,1361,4.39022
1/29/2021,1362,4.390659
1/29/2021,1363,4.391099
1/29/2021,1364,4.391538
1/29/2021,1365,4.391978
1/29/2021,1366,4.392418
1/29/2021,1367,4.392857
1/29/2021,1368,4.393297
1/29/2021,1369,4.393736
1/29/2021,1370,4.394176
1/29/2021,1371,4.394615
1/29/2021,1372,4.395055
1/29/2021,1373,4.395495
1/29/2021,1374,4.395934
1/29/2021,1375,4.396374
1/29/2021,1376,4.396813
1/29/2021,1377,4.397253
1/29/2021,1378,4.397692
1/29/2021,1379,4.398132
1/29/2021,1380,4.398571
1/29/2021,1381,4.399011
1/29/2021,1382,4.399451
1/29/2021,1383,4.39989
1/29/2021,1384,4.40033
1/29/2021,1385,4.400769
1/29/2021,1386,4.401209
1/29/2021,1387,4.401648
1/29/2021,1388,4.402088
1/29/2021,1389,4.402527
1/29/2021,1390,4.402967
1/29/2021,1391,4.403407
1/29/2021,1392,4.403846
1/29/2021,1393,4.404286
1/29/2021,1394,4.404725
1/29/2021,1395,4.405165
1/29/2021,1396,4.405604
1/29/2021,1397,4.406044
1/29/2021,1398,4.406484
1/29/2021,1399,4.406923
1/29/2021,1400,4.407363
1/29/2021,1401,4.407802
1/29/2021,1402,4.408242
1/29/2021,1403,4.408681
1/29/2021,1404,4.409121
1/29/2021,1405,4.40956
1/29/2021,1406,4.41
1/29/2021,1407,4.410527
1/29/2021,1408,4.411055
1/29/2021,1409,4.411582
1/29/2021,1410,4.41211
1/29/2021,1411,4.412637
1/29/2021,1412,4.413165
1/29/2021,1413,4.413692
1/29/2021,1414,4.41422
1/29/2021,1415,4.414747
1/29/2021,1416,4.415275
1/29/2021,1417,4.415802
1/29/2021,1418,4.41633
1/29/2021,1419,4.416857
1/29/2021,1420,4.417385
1/29/2021,1421,4.417912
1/29/2021,1422,4.41844
1/29/2021,1423,4.418967
1/29/2021,1424,4.419495
1/29/2021,1425,4.420022
1/29/2021,1426,4.420549
1/29/2021,1427,4.421077
1/29/2021,1428,4.421604
1/29/2021,1429,4.422132
1/29/2021,1430,4.422659
1/29/2021,1431,4.423187
1/29/2021,1432,4.423714
1/29/2021,1433,4.424242
1/29/2021,1434,4.424769
1/29/2021,1435,4.425297
1/29/2021,1436,4.425824
1/29/2021,1437,4.426352
1/29/2021,1438,4.426879
1/29/2021,1439,4.427407
1/29/2021,1440,4.427934
1/29/2021,1441,4.428462
1/29/2021,1442,4.428989
1/29/2021,1443,4.429516
1/29/2021,1444,4.430044
1/29/2021,1445,4.430571
1/29/2021,1446,4.431099
1/29/2021,1447,4.431626
1/29/2021,1448,4.432154
1/29/2021,1449,4.432681
1/29/2021,1450,4.433209
1/29/2021,1451,4.433736
1/29/2021,1452,4.434264
1/29/2021,1453,4.434791
1/29/2021,1454,4.435319
1/29/2021,1455,4.435846
1/29/2021,1456,4.436374
1/29/2021,1457,4.436901
1/29/2021,1458,4.437429
1/29/2021,1459,4.437956
1/29/2021,1460,4.438484
1/29/2021,1461,4.439011
1/29/2021,1462,4.439538
1/29/2021,1463,4.440066
1/29/2021,1464,4.440593
1/29/2021,1465,4.441121
1/29/2021,1466,4.441648
1/29/2021,1467,4.442176
1/29/2021,1468,4.442703
1/29/2021,1469,4.443231
1/29/2021,1470,4.443758
1/29/2021,1471,4.444286
1/29/2021,1472,4.444813
1/29/2021,1473,4.445341
1/29/2021,1474,4.445868
1/29/2021,1475,4.446396
1/29/2021,1476,4.446923
1/29/2021,1477,4.447451
1/29/2021,1478,4.447978
1/29/2021,1479,4.448505
1/29/2021,1480,4.449033
1/29/2021,1481,4.44956
1/29/2021,1482,4.450088
1/29/2021,1483,4.450615
1/29/2021,1484,4.451143
1/29/2021,1485,4.45167
1/29/2021,1486,4.452198
1/29/2021,1487,4.452725
1/29/2021,1488,4.453253
1/29/2021,1489,4.45378
1/29/2021,1490,4.454308
1/29/2021,1491,4.454835
1/29/2021,1492,4.455363
1/29/2021,1493,4.45589
1/29/2021,1494,4.456418
1/29/2021,1495,4.456945
1/29/2021,1496,4.457473
1/29/2021,1497,4.458
1/29/2021,1498,4.458527
1/29/2021,1499,4.459055
1/29/2021,1500,4.459582
1/29/2021,1501,4.46011
1/29/2021,1502,4.460637
1/29/2021,1503,4.461165
1/29/2021,1504,4.461692
1/29/2021,1505,4.46222
1/29/2021,1506,4.462747
1/29/2021,1507,4.463275
1/29/2021,1508,4.463802
1/29/2021,1509,4.46433
1/29/2021,1510,4.464857
1/29/2021,1511,4.465385
1/29/2021,1512,4.465912
1/29/2021,1513,4.46644
1/29/2021,1514,4.466967
1/29/2021,1515,4.467495
1/29/2021,1516,4.468022
1/29/2021,1517,4.468549
1/29/2021,1518,4.469077
1/29/2021,1519,4.469604
1/29/2021,1520,4.470132
1/29/2021,1521,4.470659
1/29/2021,1522,4.471187
1/29/2021,1523,4.471714
1/29/2021,1524,4.472242
1/29/2021,1525,4.472769
1/29/2021,1526,4.473297
1/29/2021,1527,4.473824
1/29/2021,1528,4.474352
1/29/2021,1529,4.474879
1/29/2021,1530,4.475407
1/29/2021,1531,4.475934
1/29/2021,1532,4.476462
1/29/2021,1533,4.476989
1/29/2021,1534,4.477516
1/29/2021,1535,4.478044
1/29/2021,1536,4.478571
1/29/2021,1537,4.479099
1/29/2021,1538,4.479626
1/29/2021,1539,4.480154
1/29/2021,1540,4.480681
1/29/2021,1541,4.481209
1/29/2021,1542,4.481736
1/29/2021,1543,4.482264
1/29/2021,1544,4.482791
1/29/2021,1545,4.483319
1/29/2021,1546,4.483846
1/29/2021,1547,4.484374
1/29/2021,1548,4.484901
1/29/2021,1549,4.485429
1/29/2021,1550,4.485956
1/29/2021,1551,4.486484
1/29/2021,1552,4.487011
1/29/2021,1553,4.487538
1/29/2021,1554,4.488066
1/29/2021,1555,4.488593
1/29/2021,1556,4.489121
1/29/2021,1557,4.489648
1/29/2021,1558,4.490176
1/29/2021,1559,4.490703
1/29/2021,1560,4.491231
1/29/2021,1561,4.491758
1/29/2021,1562,4.492286
1/29/2021,1563,4.492813
1/29/2021,1564,4.493341
1/29/2021,1565,4.493868
1/29/2021,1566,4.494396
1/29/2021,1567,4.494923
1/29/2021,1568,4.495451
1/29/2021,1569,4.495978
1/29/2021,1570,4.496505
1/29/2021,1571,4.497033
1/29/2021,1572,4.49756
1/29/2021,1573,4.498088
1/29/2021,1574,4.498615
1/29/2021,1575,4.499143
1/29/2021,1576,4.49967
1/29/2021,1577,4.500198
1/29/2021,1578,4.500725
1/29/2021,1579,4.501253
1/29/2021,1580,4.50178
1/29/2021,1581,4.502308
1/29/2021,1582,4.502835
1/29/2021,1583,4.503363
1/29/2021,1584,4.50389
1/29/2021,1585,4.504418
1/29/2021,1586,4.504945
1/29/2021,1587,4.505473
1/29/2021,1588,4.506
1/29/2021,1589,4.506527
1/29/2021,1590,4.507055
1/29/2021,1591,4.507582
1/29/2021,1592,4.50811
1/29/2021,1593,4.508637
1/29/2021,1594,4.509165
1/29/2021,1595,4.509692
1/29/2021,1596,4.51022
1/29/2021,1597,4.510747
1/29/2021,1598,4.511275
1/29/2021,1599,4.511802
1/29/2021,1600,4.51233
1/29/2021,1601,4.512857
1/29/2021,1602,4.513385
1/29/2021,1603,4.513912
1/29/2021,1604,4.51444
1/29/2021,1605,4.514967
1/29/2021,1606,4.515495
1/29/2021,1607,4.516022
1/29/2021,1608,4.516549
1/29/2021,1609,4.517077
1/29/2021,1610,4.517604
1/29/2021,1611,4.518132
1/29/2021,1612,4.518659
1/29/2021,1613,4.519187
1/29/2021,1614,4.519714
1/29/2021,1615,4.520242
1/29/2021,1616,4.520769
1/29/2021,1617,4.521297
1/29/2021,1618,4.521824
1/29/2021,1619,4.522352
1/29/2021,1620,4.522879
1/29/2021,1621,4.523407
1/29/2021,1622,4.523934
1/29/2021,1623,4.524462
1/29/2021,1624,4.524989
1/29/2021,1625,4.525516
1/29/2021,1626,4.526044
1/29/2021,1627,4.526571
1/29/2021,1628,4.527099
1/29/2021,1629,4.527626
1/29/2021,1630,4.528154
1/29/2021,1631,4.528681
1/29/2021,1632,4.529209
1/29/2021,1633,4.529736
1/29/2021,1634,4.530264
1/29/2021,1635,4.530791
1/29/2021,1636,4.531319
1/29/2021,1637,4.531846
1/29/2021,1638,4.532374
1/29/2021,1639,4.532901
1/29/2021,1640,4.533429
1/29/2021,1641,4.533956
1/29/2021,1642,4.534484
1/29/2021,1643,4.535011
1/29/2021,1644,4.535538
1/29/2021,1645,4.536066
1/29/2021,1646,4.536593
1/29/2021,1647,4.537121
1/29/2021,1648,4.537648
1/29/2021,1649,4.538176
1/29/2021,1650,4.538703
1/29/2021,1651,4.539231
1/29/2021,1652,4.539758
1/29/2021,1653,4.540286
1/29/2021,1654,4.540813
1/29/2021,1655,4.541341
1/29/2021,1656,4.541868
1/29/2021,1657,4.542396
1/29/2021,1658,4.542923
1/29/2021,1659,4.543451
1/29/2021,1660,4.543978
1/29/2021,1661,4.544505
1/29/2021,1662,4.545033
1/29/2021,1663,4.54556
1/29/2021,1664,4.546088
1/29/2021,1665,4.546615
1/29/2021,1666,4.547143
1/29/2021,1667,4.54767
1/29/2021,1668,4.548198
1/29/2021,1669,4.548725
1/29/2021,1670,4.549253
1/29/2021,1671,4.54978
1/29/2021,1672,4.550308
1/29/2021,1673,4.550835
1/29/2021,1674,4.551363
1/29/2021,1675,4.55189
1/29/2021,1676,4.552418
1/29/2021,1677,4.552945
1/29/2021,1678,4.553473
1/29/2021,1679,4.554
1/29/2021,1680,4.554527
1/29/2021,1681,4.555055
1/29/2021,1682,4.555582
1/29/2021,1683,4.55611
1/29/2021,1684,4.556637
1/29/2021,1685,4.557165
1/29/2021,1686,4.557692
1/29/2021,1687,4.55822
1/29/2021,1688,4.558747
1/29/2021,1689,4.559275
1/29/2021,1690,4.559802
1/29/2021,1691,4.56033
1/29/2021,1692,4.560857
1/29/2021,1693,4.561385
1/29/2021,1694,4.561912
1/29/2021,1695,4.56244
1/29/2021,1696,4.562967
1/29/2021,1697,4.563495
1/29/2021,1698,4.564022
1/29/2021,1699,4.564549
1/29/2021,1700,4.565077
1/29/2021,1701,4.565604
1/29/2021,1702,4.566132
1/29/2021,1703,4.566659
1/29/2021,1704,4.567187
1/29/2021,1705,4.567714
1/29/2021,1706,4.568242
1/29/2021,1707,4.568769
1/29/2021,1708,4.569297
1/29/2021,1709,4.569824
1/29/2021,1710,4.570352
1/29/2021,1711,4.570879
1/29/2021,1712,4.571407
1/29/2021,1713,4.571934
1/29/2021,1714,4.572462
1/29/2021,1715,4.572989
1/29/2021,1716,4.573516
1/29/2021,1717,4.574044
1/29/2021,1718,4.574571
1/29/2021,1719,4.575099
1/29/2021,1720,4.575626
1/29/2021,1721,4.576154
1/29/2021,1722,4.576681
1/29/2021,1723,4.577209
1/29/2021,1724,4.577736
1/29/2021,1725,4.578264
1/29/2021,1726,4.578791
1/29/2021,1727,4.579319
1/29/2021,1728,4.579846
1/29/2021,1729,4.580374
1/29/2021,1730,4.580901
1/29/2021,1731,4.581429
1/29/2021,1732,4.581956
1/29/2021,1733,4.582484
1/29/2021,1734,4.583011
1/29/2021,1735,4.583538
1/29/2021,1736,4.584066
1/29/2021,1737,4.584593
1/29/2021,1738,4.585121
1/29/2021,1739,4.585648
1/29/2021,1740,4.586176
1/29/2021,1741,4.586703
1/29/2021,1742,4.587231
1/29/2021,1743,4.587758
1/29/2021,1744,4.588286
1/29/2021,1745,4.588813
1/29/2021,1746,4.589341
1/29/2021,1747,4.589868
1/29/2021,1748,4.590396
1/29/2021,1749,4.590923
1/29/2021,1750,4.591451
1/29/2021,1751,4.591978
1/29/2021,1752,4.592505
1/29/2021,1753,4.593033
1/29/2021,1754,4.59356
1/29/2021,1755,4.594088
1/29/2021,1756,4.594615
1/29/2021,1757,4.595143
1/29/2021,1758,4.59567
1/29/2021,1759,4.596198
1/29/2021,1760,4.596725
1/29/2021,1761,4.597253
1/29/2021,1762,4.59778
1/29/2021,1763,4.598308
1/29/2021,1764,4.598835
1/29/2021,1765,4.599363
1/29/2021,1766,4.59989
1/29/2021,1767,4.600418
1/29/2021,1768,4.600945
1/29/2021,1769,4.601473
1/29/2021,1770,4.602
1/29/2021,1771,4.602527
1/29/2021,1772,4.603055
1/29/2021,1773,4.603582
1/29/2021,1774,4.60411
1/29/2021,1775,4.604637
1/29/2021,1776,4.605165
1/29/2021,1777,4.605692
1/29/2021,1778,4.60622
1/29/2021,1779,4.606747
1/29/2021,1780,4.607275
1/29/2021,1781,4.607802
1/29/2021,1782,4.60833
1/29/2021,1783,4.608857
1/29/2021,1784,4.609385
1/29/2021,1785,4.609912
1/29/2021,1786,4.61044
1/29/2021,1787,4.610967
1/29/2021,1788,4.611495
1/29/2021,1789,4.612022
1/29/2021,1790,4.612549
1/29/2021,1791,4.613077
1/29/2021,1792,4.613604
1/29/2021,1793,4.614132
1/29/2021,1794,4.614659
1/29/2021,1795,4.615187
1/29/2021,1796,4.615714
1/29/2021,1797,4.616242
1/29/2021,1798,4.616769
1/29/2021,1799,4.617297
1/29/2021,1800,4.617824
1/29/2021,1801,4.618352
1/29/2021,1802,4.618879
1/29/2021,1803,4.619407
1/29/2021,1804,4.619934
1/29/2021,1805,4.620462
1/29/2021,1806,4.620989
1/29/2021,1807,4.621516
1/29/2021,1808,4.622044
1/29/2021,1809,4.622571
1/29/2021,1810,4.623099
1/29/2021,1811,4.623626
1/29/2021,1812,4.624154
1/29/2021,1813,4.624681
1/29/2021,1814,4.625209
1/29/2021,1815,4.625736
1/29/2021,1816,4.626264
1/29/2021,1817,4.626791
1/29/2021,1818,4.627319
1/29/2021,1819,4.627846
1/29/2021,1820,4.628374
1/29/2021,1821,4.628901
1/29/2021,1822,4.629429
1/29/2021,1823,4.629956
1/29/2021,1824,4.630484
1/29/2021,1825,4.631011
1/29/2021,1826,4.631538
1/29/2021,1827,4.632066
1/29/2021,1828,4.632593
1/29/2021,1829,4.633121
1/29/2021,1830,4.633648
1/29/2021,1831,4.634176
1/29/2021,1832,4.634703
1/29/2021,1833,4.635231
1/29/2021,1834,4.635758
1/29/2021,1835,4.636286
1/29/2021,1836,4.636813
1/29/2021,1837,4.637341
1/29/2021,1838,4.637868
1/29/2021,1839,4.638396
1/29/2021,1840,4.638923
1/29/2021,1841,4.639451
1/29/2021,1842,4.639978
1/29/2021,1843,4.640505
1/29/2021,1844,4.641033
1/29/2021,1845,4.64156
1/29/2021,1846,4.642088
1/29/2021,1847,4.642615
1/29/2021,1848,4.643143
1/29/2021,1849,4.64367
1/29/2021,1850,4.644198
1/29/2021,1851,4.644725
1/29/2021,1852,4.645253
1/29/2021,1853,4.64578
1/29/2021,1854,4.646308
1/29/2021,1855,4.646835
1/29/2021,1856,4.647363
1/29/2021,1857,4.64789
1/29/2021,1858,4.648418
1/29/2021,1859,4.648945
1/29/2021,1860,4.649473
1/29/2021,1861,4.65
1/29/2021,1862,4.650527
1/29/2021,1863,4.651055
1/29/2021,1864,4.651582
1/29/2021,1865,4.65211
1/29/2021,1866,4.652637
1/29/2021,1867,4.653165
1/29/2021,1868,4.653692
1/29/2021,1869,4.65422
1/29/2021,1870,4.654747
1/29/2021,1871,4.655275
1/29/2021,1872,4.655802
1/29/2021,1873,4.65633
1/29/2021,1874,4.656857
1/29/2021,1875,4.657385
1/29/2021,1876,4.657912
1/29/2021,1877,4.65844
1/29/2021,1878,4.658967
1/29/2021,1879,4.659495
1/29/2021,1880,4.660022
1/29/2021,1881,4.660549
1/29/2021,1882,4.661077
1/29/2021,1883,4.661604
1/29/2021,1884,4.662132
1/29/2021,1885,4.662659
1/29/2021,1886,4.663187
1/29/2021,1887,4.663714
1/29/2021,1888,4.664242
1/29/2021,1889,4.664769
1/29/2021,1890,4.665297
1/29/2021,1891,4.665824
1/29/2021,1892,4.666352
1/29/2021,1893,4.666879
1/29/2021,1894,4.667407
1/29/2021,1895,4.667934
1/29/2021,1896,4.668462
1/29/2021,1897,4.668989
1/29/2021,1898,4.669516
1/29/2021,1899,4.670044
1/29/2021,1900,4.670571
1/29/2021,1901,4.671099
1/29/2021,1902,4.671626
1/29/2021,1903,4.672154
1/29/2021,1904,4.672681
1/29/2021,1905,4.673209
1/29/2021,1906,4.673736
1/29/2021,1907,4.674264
1/29/2021,1908,4.674791
1/29/2021,1909,4.675319
1/29/2021,1910,4.675846
1/29/2021,1911,4.676374
1/29/2021,1912,4.676901
1/29/2021,1913,4.677429
1/29/2021,1914,4.677956
1/29/2021,1915,4.678484
1/29/2021,1916,4.679011
1/29/2021,1917,4.679538
1/29/2021,1918,4.680066
1/29/2021,1919,4.680593
1/29/2021,1920,4.681121
1/29/2021,1921,4.681648
1/29/2021,1922,4.682176
1/29/2021,1923,4.682703
1/29/2021,1924,4.683231
1/29/2021,1925,4.683758
1/29/2021,1926,4.684286
1/29/2021,1927,4.684813
1/29/2021,1928,4.685341
1/29/2021,1929,4.685868
1/29/2021,1930,4.686396
1/29/2021,1931,4.686923
1/29/2021,1932,4.687451
1/29/2021,1933,4.687978
1/29/2021,1934,4.688505
1/29/2021,1935,4.689033
1/29/2021,1936,4.68956
1/29/2021,1937,4.690088
1/29/2021,1938,4.690615
1/29/2021,1939,4.691143
1/29/2021,1940,4.69167
1/29/2021,1941,4.692198
1/29/2021,1942,4.692725
1/29/2021,1943,4.693253
1/29/2021,1944,4.69378
1/29/2021,1945,4.694308
1/29/2021,1946,4.694835
1/29/2021,1947,4.695363
1/29/2021,1948,4.69589
1/29/2021,1949,4.696418
1/29/2021,1950,4.696945
1/29/2021,1951,4.697473
1/29/2021,1952,4.698
1/29/2021,1953,4.698527
1/29/2021,1954,4.699055
1/29/2021,1955,4.699582
1/29/2021,1956,4.70011
1/29/2021,1957,4.700637
1/29/2021,1958,4.701165
1/29/2021,1959,4.701692
1/29/2021,1960,4.70222
1/29/2021,1961,4.702747
1/29/2021,1962,4.703275
1/29/2021,1963,4.703802
1/29/2021,1964,4.70433
1/29/2021,1965,4.704857
1/29/2021,1966,4.705385
1/29/2021,1967,4.705912
1/29/2021,1968,4.70644
1/29/2021,1969,4.706967
1/29/2021,1970,4.707495
1/29/2021,1971,4.708022
1/29/2021,1972,4.708549
1/29/2021,1973,4.709077
1/29/2021,1974,4.709604
1/29/2021,1975,4.710132
1/29/2021,1976,4.710659
1/29/2021,1977,4.711187
1/29/2021,1978,4.711714
1/29/2021,1979,4.712242
1/29/2021,1980,4.712769
1/29/2021,1981,4.713297
1/29/2021,1982,4.713824
1/29/2021,1983,4.714352
1/29/2021,1984,4.714879
1/29/2021,1985,4.715407
1/29/2021,1986,4.715934
1/29/2021,1987,4.716462
1/29/2021,1988,4.716989
1/29/2021,1989,4.717516
1/29/2021,1990,4.718044
1/29/2021,1991,4.718571
1/29/2021,1992,4.719099
1/29/2021,1993,4.719626
1/29/2021,1994,4.720154
1/29/2021,1995,4.720681
1/29/2021,1996,4.721209
1/29/2021,1997,4.721736
1/29/2021,1998,4.722264
1/29/2021,1999,4.722791
1/29/2021,2000,4.723319
1/29/2021,2001,4.723846
1/29/2021,2002,4.724374
1/29/2021,2003,4.724901
1/29/2021,2004,4.725429
1/29/2021,2005,4.725956
1/29/2021,2006,4.726484
1/29/2021,2007,4.727011
1/29/2021,2008,4.727538
1/29/2021,2009,4.728066
1/29/2021,2010,4.728593
1/29/2021,2011,4.729121
1/29/2021,2012,4.729648
1/29/2021,2013,4.730176
1/29/2021,2014,4.730703
1/29/2021,2015,4.731231
1/29/2021,2016,4.731758
1/29/2021,2017,4.732286
1/29/2021,2018,4.732813
1/29/2021,2019,4.733341
1/29/2021,2020,4.733868
1/29/2021,2021,4.734396
1/29/2021,2022,4.734923
1/29/2021,2023,4.735451
1/29/2021,2024,4.735978
1/29/2021,2025,4.736505
1/29/2021,2026,4.737033
1/29/2021,2027,4.73756
1/29/2021,2028,4.738088
1/29/2021,2029,4.738615
1/29/2021,2030,4.739143
1/29/2021,2031,4.73967
1/29/2021,2032,4.740198
1/29/2021,2033,4.740725
1/29/2021,2034,4.741253
1/29/2021,2035,4.74178
1/29/2021,2036,4.742308
1/29/2021,2037,4.742835
1/29/2021,2038,4.743363
1/29/2021,2039,4.74389
1/29/2021,2040,4.744418
1/29/2021,2041,4.744945
1/29/2021,2042,4.745473
1/29/2021,2043,4.746
1/29/2021,2044,4.746527
1/29/2021,2045,4.747055
1/29/2021,2046,4.747582
1/29/2021,2047,4.74811
1/29/2021,2048,4.748637
1/29/2021,2049,4.749165
1/29/2021,2050,4.749692
1/29/2021,2051,4.75022
1/29/2021,2052,4.750747
1/29/2021,2053,4.751275
1/29/2021,2054,4.751802
1/29/2021,2055,4.75233
1/29/2021,2056,4.752857
1/29/2021,2057,4.753385
1/29/2021,2058,4.753912
1/29/2021,2059,4.75444
1/29/2021,2060,4.754967
1/29/2021,2061,4.755495
1/29/2021,2062,4.756022
1/29/2021,2063,4.756549
1/29/2021,2064,4.757077
1/29/2021,2065,4.757604
1/29/2021,2066,4.758132
1/29/2021,2067,4.758659
1/29/2021,2068,4.759187
1/29/2021,2069,4.759714
1/29/2021,2070,4.760242
1/29/2021,2071,4.760769
1/29/2021,2072,4.761297
1/29/2021,2073,4.761824
1/29/2021,2074,4.762352
1/29/2021,2075,4.762879
1/29/2021,2076,4.763407
1/29/2021,2077,4.763934
1/29/2021,2078,4.764462
1/29/2021,2079,4.764989
1/29/2021,2080,4.765516
1/29/2021,2081,4.766044
1/29/2021,2082,4.766571
1/29/2021,2083,4.767099
1/29/2021,2084,4.767626
1/29/2021,2085,4.768154
1/29/2021,2086,4.768681
1/29/2021,2087,4.769209
1/29/2021,2088,4.769736
1/29/2021,2089,4.770264
1/29/2021,2090,4.770791
1/29/2021,2091,4.771319
1/29/2021,2092,4.771846
1/29/2021,2093,4.772374
1/29/2021,2094,4.772901
1/29/2021,2095,4.773429
1/29/2021,2096,4.773956
1/29/2021,2097,4.774484
1/29/2021,2098,4.775011
1/29/2021,2099,4.775538
1/29/2021,2100,4.776066
1/29/2021,2101,4.776593
1/29/2021,2102,4.777121
1/29/2021,2103,4.777648
1/29/2021,2104,4.778176
1/29/2021,2105,4.778703
1/29/2021,2106,4.779231
1/29/2021,2107,4.779758
1/29/2021,2108,4.780286
1/29/2021,2109,4.780813
1/29/2021,2110,4.781341
1/29/2021,2111,4.781868
1/29/2021,2112,4.782396
1/29/2021,2113,4.782923
1/29/2021,2114,4.783451
1/29/2021,2115,4.783978
1/29/2021,2116,4.784505
1/29/2021,2117,4.785033
1/29/2021,2118,4.78556
1/29/2021,2119,4.786088
1/29/2021,2120,4.786615
1/29/2021,2121,4.787143
1/29/2021,2122,4.78767
1/29/2021,2123,4.788198
1/29/2021,2124,4.788725
1/29/2021,2125,4.789253
1/29/2021,2126,4.78978
1/29/2021,2127,4.790308
1/29/2021,2128,4.790835
1/29/2021,2129,4.791363
1/29/2021,2130,4.79189
1/29/2021,2131,4.792418
1/29/2021,2132,4.792945
1/29/2021,2133,4.793473
1/29/2021,2134,4.794
1/29/2021,2135,4.794527
1/29/2021,2136,4.795055
1/29/2021,2137,4.795582
1/29/2021,2138,4.79611
1/29/2021,2139,4.796637
1/29/2021,2140,4.797165
1/29/2021,2141,4.797692
1/29/2021,2142,4.79822
1/29/2021,2143,4.798747
1/29/2021,2144,4.799275
1/29/2021,2145,4.799802
1/29/2021,2146,4.80033
1/29/2021,2147,4.800857
1/29/2021,2148,4.801385
1/29/2021,2149,4.801912
1/29/2021,2150,4.80244
1/29/2021,2151,4.802967
1/29/2021,2152,4.803495
1/29/2021,2153,4.804022
1/29/2021,2154,4.804549
1/29/2021,2155,4.805077
1/29/2021,2156,4.805604
1/29/2021,2157,4.806132
1/29/2021,2158,4.806659
1/29/2021,2159,4.807187
1/29/2021,2160,4.807714
1/29/2021,2161,4.808242
1/29/2021,2162,4.808769
1/29/2021,2163,4.809297
1/29/2021,2164,4.809824
1/29/2021,2165,4.810352
1/29/2021,2166,4.810879
1/29/2021,2167,4.811407
1/29/2021,2168,4.811934
1/29/2021,2169,4.812462
1/29/2021,2170,4.812989
1/29/2021,2171,4.813516
1/29/2021,2172,4.814044
1/29/2021,2173,4.814571
1/29/2021,2174,4.815099
1/29/2021,2175,4.815626
1/29/2021,2176,4.816154
1/29/2021,2177,4.816681
1/29/2021,2178,4.817209
1/29/2021,2179,4.817736
1/29/2021,2180,4.818264
1/29/2021,2181,4.818791
1/29/2021,2182,4.819319
1/29/2021,2183,4.819846
1/29/2021,2184,4.820374
1/29/2021,2185,4.820901
1/29/2021,2186,4.821429
1/29/2021,2187,4.821956
1/29/2021,2188,4.822484
1/29/2021,2189,4.823011
1/29/2021,2190,4.823538
1/29/2021,2191,4.824066
1/29/2021,2192,4.824593
1/29/2021,2193,4.825121
1/29/2021,2194,4.825648
1/29/2021,2195,4.826176
1/29/2021,2196,4.826703
1/29/2021,2197,4.827231
1/29/2021,2198,4.827758
1/29/2021,2199,4.828286
1/29/2021,2200,4.828813
1/29/2021,2201,4.829341
1/29/2021,2202,4.829868
1/29/2021,2203,4.830396
1/29/2021,2204,4.830923
1/29/2021,2205,4.831451
1/29/2021,2206,4.831978
1/29/2021,2207,4.832505
1/29/2021,2208,4.833033
1/29/2021,2209,4.83356
1/29/2021,2210,4.834088
1/29/2021,2211,4.834615
1/29/2021,2212,4.835143
1/29/2021,2213,4.83567
1/29/2021,2214,4.836198
1/29/2021,2215,4.836725
1/29/2021,2216,4.837253
1/29/2021,2217,4.83778
1/29/2021,2218,4.838308
1/29/2021,2219,4.838835
1/29/2021,2220,4.839363
1/29/2021,2221,4.83989
1/29/2021,2222,4.840418
1/29/2021,2223,4.840945
1/29/2021,2224,4.841473
1/29/2021,2225,4.842
1/29/2021,2226,4.842527
1/29/2021,2227,4.843055
1/29/2021,2228,4.843582
1/29/2021,2229,4.84411
1/29/2021,2230,4.844637
1/29/2021,2231,4.845165
1/29/2021,2232,4.845692
1/29/2021,2233,4.84622
1/29/2021,2234,4.846747
1/29/2021,2235,4.847275
1/29/2021,2236,4.847802
1/29/2021,2237,4.84833
1/29/2021,2238,4.848857
1/29/2021,2239,4.849385
1/29/2021,2240,4.849912
1/29/2021,2241,4.85044
1/29/2021,2242,4.850967
1/29/2021,2243,4.851495
1/29/2021,2244,4.852022
1/29/2021,2245,4.852549
1/29/2021,2246,4.853077
1/29/2021,2247,4.853604
1/29/2021,2248,4.854132
1/29/2021,2249,4.854659
1/29/2021,2250,4.855187
1/29/2021,2251,4.855714
1/29/2021,2252,4.856242
1/29/2021,2253,4.856769
1/29/2021,2254,4.857297
1/29/2021,2255,4.857824
1/29/2021,2256,4.858352
1/29/2021,2257,4.858879
1/29/2021,2258,4.859407
1/29/2021,2259,4.859934
1/29/2021,2260,4.860462
1/29/2021,2261,4.860989
1/29/2021,2262,4.861516
1/29/2021,2263,4.862044
1/29/2021,2264,4.862571
1/29/2021,2265,4.863099
1/29/2021,2266,4.863626
1/29/2021,2267,4.864154
1/29/2021,2268,4.864681
1/29/2021,2269,4.865209
1/29/2021,2270,4.865736
1/29/2021,2271,4.866264
1/29/2021,2272,4.866791
1/29/2021,2273,4.867319
1/29/2021,2274,4.867846
1/29/2021,2275,4.868374
1/29/2021,2276,4.868901
1/29/2021,2277,4.869429
1/29/2021,2278,4.869956
1/29/2021,2279,4.870484
1/29/2021,2280,4.871011
1/29/2021,2281,4.871538
1/29/2021,2282,4.872066
1/29/2021,2283,4.872593
1/29/2021,2284,4.873121
1/29/2021,2285,4.873648
1/29/2021,2286,4.874176
1/29/2021,2287,4.874703
1/29/2021,2288,4.875231
1/29/2021,2289,4.875758
1/29/2021,2290,4.876286
1/29/2021,2291,4.876813
1/29/2021,2292,4.877341
1/29/2021,2293,4.877868
1/29/2021,2294,4.878396
1/29/2021,2295,4.878923
1/29/2021,2296,4.879451
1/29/2021,2297,4.879978
1/29/2021,2298,4.880505
1/29/2021,2299,4.881033
1/29/2021,2300,4.88156
1/29/2021,2301,4.882088
1/29/2021,2302,4.882615
1/29/2021,2303,4.883143
1/29/2021,2304,4.88367
1/29/2021,2305,4.884198
1/29/2021,2306,4.884725
1/29/2021,2307,4.885253
1/29/2021,2308,4.88578
1/29/2021,2309,4.886308
1/29/2021,2310,4.886835
1/29/2021,2311,4.887363
1/29/2021,2312,4.88789
1/29/2021,2313,4.888418
1/29/2021,2314,4.888945
1/29/2021,2315,4.889473
1/29/2021,2316,4.89
1/29/2021,2317,4.890481
1/29/2021,2318,4.890962
1/29/2021,2319,4.891442
1/29/2021,2320,4.891923
1/29/2021,2321,4.892404
1/29/2021,2322,4.892885
1/29/2021,2323,4.893365
1/29/2021,2324,4.893846
1/29/2021,2325,4.894327
1/29/2021,2326,4.894808
1/29/2021,2327,4.895288
1/29/2021,2328,4.895769
1/29/2021,2329,4.89625
1/29/2021,2330,4.896731
1/29/2021,2331,4.897212
1/29/2021,2332,4.897692
1/29/2021,2333,4.898173
1/29/2021,2334,4.898654
1/29/2021,2335,4.899135
1/29/2021,2336,4.899615
1/29/2021,2337,4.900096
1/29/2021,2338,4.900577
1/29/2021,2339,4.901058
1/29/2021,2340,4.901538
1/29/2021,2341,4.902019
1/29/2021,2342,4.9025
1/29/2021,2343,4.902981
1/29/2021,2344,4.903462
1/29/2021,2345,4.903942
1/29/2021,2346,4.904423
1/29/2021,2347,4.904904
1/29/2021,2348,4.905385
1/29/2021,2349,4.905865
1/29/2021,2350,4.906346
1/29/2021,2351,4.906827
1/29/2021,2352,4.907308
1/29/2021,2353,4.907788
1/29/2021,2354,4.908269
1/29/2021,2355,4.90875
1/29/2021,2356,4.909231
1/29/2021,2357,4.909712
1/29/2021,2358,4.910192
1/29/2021,2359,4.910673
1/29/2021,2360,4.911154
1/29/2021,2361,4.911635
1/29/2021,2362,4.912115
1/29/2021,2363,4.912596
1/29/2021,2364,4.913077
1/29/2021,2365,4.913558
1/29/2021,2366,4.914038
1/29/2021,2367,4.914519
1/29/2021,2368,4.915
1/29/2021,2369,4.915481
1/29/2021,2370,4.915962
1/29/2021,2371,4.916442
1/29/2021,2372,4.916923
1/29/2021,2373,4.917404
1/29/2021,2374,4.917885
1/29/2021,2375,4.918365
1/29/2021,2376,4.918846
1/29/2021,2377,4.919327
1/29/2021,2378,4.919808
1/29/2021,2379,4.920288
1/29/2021,2380,4.920769
1/29/2021,2381,4.92125
1/29/2021,2382,4.921731
1/29/2021,2383,4.922212
1/29/2021,2384,4.922692
1/29/2021,2385,4.923173
1/29/2021,2386,4.923654
1/29/2021,2387,4.924135
1/29/2021,2388,4.924615
1/29/2021,2389,4.925096
1/29/2021,2390,4.925577
1/29/2021,2391,4.926058
1/29/2021,2392,4.926538
1/29/2021,2393,4.927019
1/29/2021,2394,4.9275
1/29/2021,2395,4.927981
1/29/2021,2396,4.928462
1/29/2021,2397,4.928942
1/29/2021,2398,4.929423
1/29/2021,2399,4.929904
1/29/2021,2400,4.930385
1/29/2021,2401,4.930865
1/29/2021,2402,4.931346
1/29/2021,2403,4.931827
1/29/2021,2404,4.932308
1/29/2021,2405,4.932788
1/29/2021,2406,4.933269
1/29/2021,2407,4.93375
1/29/2021,2408,4.934231
1/29/2021,2409,4.934712
1/29/2021,2410,4.935192
1/29/2021,2411,4.935673
1/29/2021,2412,4.936154
1/29/2021,2413,4.936635
1/29/2021,2414,4.937115
1/29/2021,2415,4.937596
1/29/2021,2416,4.938077
1/29/2021,2417,4.938558
1/29/2021,2418,4.939038
1/29/2021,2419,4.939519
1/29/2021,2420,4.94
1/29/2021,2421,4.940481
1/29/2021,2422,4.940962
1/29/2021,2423,4.941442
1/29/2021,2424,4.941923
1/29/2021,2425,4.942404
1/29/2021,2426,4.942885
1/29/2021,2427,4.943365
1/29/2021,2428,4.943846
1/29/2021,2429,4.944327
1/29/2021,2430,4.944808
1/29/2021,2431,4.945288
1/29/2021,2432,4.945769
1/29/2021,2433,4.94625
1/29/2021,2434,4.946731
1/29/2021,2435,4.947212
1/29/2021,2436,4.947692
1/29/2021,2437,4.948173
1/29/2021,2438,4.948654
1/29/2021,2439,4.949135
1/29/2021,2440,4.949615
1/29/2021,2441,4.950096
1/29/2021,2442,4.950577
1/29/2021,2443,4.951058
1/29/2021,2444,4.951538
1/29/2021,2445,4.952019
1/29/2021,2446,4.9525
1/29/2021,2447,4.952981
1/29/2021,2448,4.953462
1/29/2021,2449,4.953942
1/29/2021,2450,4.954423
1/29/2021,2451,4.954904
1/29/2021,2452,4.955385
1/29/2021,2453,4.955865
1/29/2021,2454,4.956346
1/29/2021,2455,4.956827
1/29/2021,2456,4.957308
1/29/2021,2457,4.957788
1/29/2021,2458,4.958269
1/29/2021,2459,4.95875
1/29/2021,2460,4.959231
1/29/2021,2461,4.959712
1/29/2021,2462,4.960192
1/29/2021,2463,4.960673
1/29/2021,2464,4.961154
1/29/2021,2465,4.961635
1/29/2021,2466,4.962115
1/29/2021,2467,4.962596
1/29/2021,2468,4.963077
1/29/2021,2469,4.963558
1/29/2021,2470,4.964038
1/29/2021,2471,4.964519
1/29/2021,2472,4.965
1/29/2021,2473,4.965481
1/29/2021,2474,4.965962
1/29/2021,2475,4.966442
1/29/2021,2476,4.966923
1/29/2021,2477,4.967404
1/29/2021,2478,4.967885
1/29/2021,2479,4.968365
1/29/2021,2480,4.968846
1/29/2021,2481,4.969327
1/29/2021,2482,4.969808
1/29/2021,2483,4.970288
1/29/2021,2484,4.970769
1/29/2021,2485,4.97125
1/29/2021,2486,4.971731
1/29/2021,2487,4.972212
1/29/2021,2488,4.972692
1/29/2021,2489,4.973173
1/29/2021,2490,4.973654
1/29/2021,2491,4.974135
1/29/2021,2492,4.974615
1/29/2021,2493,4.975096
1/29/2021,2494,4.975577
1/29/2021,2495,4.976058
1/29/2021,2496,4.976538
1/29/2021,2497,4.977019
1/29/2021,2498,4.9775
1/29/2021,2499,4.977981
1/29/2021,2500,4.978462
1/29/2021,2501,4.978942
1/29/2021,2502,4.979423
1/29/2021,2503,4.979904
1/29/2021,2504,4.980385
1/29/2021,2505,4.980865
1/29/2021,2506,4.981346
1/29/2021,2507,4.981827
1/29/2021,2508,4.982308
1/29/2021,2509,4.982788
1/29/2021,2510,4.983269
1/29/2021,2511,4.98375
1/29/2021,2512,4.984231
1/29/2021,2513,4.984712
1/29/2021,2514,4.985192
1/29/2021,2515,4.985673
1/29/2021,2516,4.986154
1/29/2021,2517,4.986635
1/29/2021,2518,4.987115
1/29/2021,2519,4.987596
1/29/2021,2520,4.988077
1/29/2021,2521,4.988558
1/29/2021,2522,4.989038
1/29/2021,2523,4.989519
1/29/2021,2524,4.99
1/29/2021,2525,4.990481
1/29/2021,2526,4.990962
1/29/2021,2527,4.991442
1/29/2021,2528,4.991923
1/29/2021,2529,4.992404
1/29/2021,2530,4.992885
1/29/2021,2531,4.993365
1/29/2021,2532,4.993846
1/29/2021,2533,4.994327
1/29/2021,2534,4.994808
1/29/2021,2535,4.995288
1/29/2021,2536,4.995769
1/29/2021,2537,4.99625
1/29/2021,2538,4.996731
1/29/2021,2539,4.997212
1/29/2021,2540,4.997692
1/29/2021,2541,4.998173
1/29/2021,2542,4.998654
1/29/2021,2543,4.999135
1/29/2021,2544,4.999615
1/29/2021,2545,5.000096
1/29/2021,2546,5.000577
1/29/2021,2547,5.001058
1/29/2021,2548,5.001538
1/29/2021,2549,5.002019
1/29/2021,2550,5.0025
1/29/2021,2551,5.002981
1/29/2021,2552,5.003462
1/29/2021,2553,5.003942
1/29/2021,2554,5.004423
1/29/2021,2555,5.004904
1/29/2021,2556,5.005385
1/29/2021,2557,5.005865
1/29/2021,2558,5.006346
1/29/2021,2559,5.006827
1/29/2021,2560,5.007308
1/29/2021,2561,5.007788
1/29/2021,2562,5.008269
1/29/2021,2563,5.00875
1/29/2021,2564,5.009231
1/29/2021,2565,5.009712
1/29/2021,2566,5.010192
1/29/2021,2567,5.010673
1/29/2021,2568,5.011154
1/29/2021,2569,5.011635
1/29/2021,2570,5.012115
1/29/2021,2571,5.012596
1/29/2021,2572,5.013077
1/29/2021,2573,5.013558
1/29/2021,2574,5.014038
1/29/2021,2575,5.014519
1/29/2021,2576,5.015
1/29/2021,2577,5.015481
1/29/2021,2578,5.015962
1/29/2021,2579,5.016442
1/29/2021,2580,5.016923
1/29/2021,2581,5.017404
1/29/2021,2582,5.017885
1/29/2021,2583,5.018365
1/29/2021,2584,5.018846
1/29/2021,2585,5.019327
1/29/2021,2586,5.019808
1/29/2021,2587,5.020288
1/29/2021,2588,5.020769
1/29/2021,2589,5.02125
1/29/2021,2590,5.021731
1/29/2021,2591,5.022212
1/29/2021,2592,5.022692
1/29/2021,2593,5.023173
1/29/2021,2594,5.023654
1/29/2021,2595,5.024135
1/29/2021,2596,5.024615
1/29/2021,2597,5.025096
1/29/2021,2598,5.025577
1/29/2021,2599,5.026058
1/29/2021,2600,5.026538
1/29/2021,2601,5.027019
1/29/2021,2602,5.0275
1/29/2021,2603,5.027981
1/29/2021,2604,5.028462
1/29/2021,2605,5.028942
1/29/2021,2606,5.029423
1/29/2021,2607,5.029904
1/29/2021,2608,5.030385
1/29/2021,2609,5.030865
1/29/2021,2610,5.031346
1/29/2021,2611,5.031827
1/29/2021,2612,5.032308
1/29/2021,2613,5.032788
1/29/2021,2614,5.033269
1/29/2021,2615,5.03375
1/29/2021,2616,5.034231
1/29/2021,2617,5.034712
1/29/2021,2618,5.035192
1/29/2021,2619,5.035673
1/29/2021,2620,5.036154
1/29/2021,2621,5.036635
1/29/2021,2622,5.037115
1/29/2021,2623,5.037596
1/29/2021,2624,5.038077
1/29/2021,2625,5.038558
1/29/2021,2626,5.039038
1/29/2021,2627,5.039519
1/29/2021,2628,5.04
1/29/2021,2629,5.040481
1/29/2021,2630,5.040962
1/29/2021,2631,5.041442
1/29/2021,2632,5.041923
1/29/2021,2633,5.042404
1/29/2021,2634,5.042885
1/29/2021,2635,5.043365
1/29/2021,2636,5.043846
1/29/2021,2637,5.044327
1/29/2021,2638,5.044808
1/29/2021,2639,5.045288
1/29/2021,2640,5.045769
1/29/2021,2641,5.04625
1/29/2021,2642,5.046731
1/29/2021,2643,5.047212
1/29/2021,2644,5.047692
1/29/2021,2645,5.048173
1/29/2021,2646,5.048654
1/29/2021,2647,5.049135
1/29/2021,2648,5.049615
1/29/2021,2649,5.050096
1/29/2021,2650,5.050577
1/29/2021,2651,5.051058
1/29/2021,2652,5.051538
1/29/2021,2653,5.052019
1/29/2021,2654,5.0525
1/29/2021,2655,5.052981
1/29/2021,2656,5.053462
1/29/2021,2657,5.053942
1/29/2021,2658,5.054423
1/29/2021,2659,5.054904
1/29/2021,2660,5.055385
1/29/2021,2661,5.055865
1/29/2021,2662,5.056346
1/29/2021,2663,5.056827
1/29/2021,2664,5.057308
1/29/2021,2665,5.057788
1/29/2021,2666,5.058269
1/29/2021,2667,5.05875
1/29/2021,2668,5.059231
1/29/2021,2669,5.059712
1/29/2021,2670,5.060192
1/29/2021,2671,5.060673
1/29/2021,2672,5.061154
1/29/2021,2673,5.061635
1/29/2021,2674,5.062115
1/29/2021,2675,5.062596
1/29/2021,2676,5.063077
1/29/2021,2677,5.063558
1/29/2021,2678,5.064038
1/29/2021,2679,5.064519
1/29/2021,2680,5.065
1/29/2021,2681,5.065481
1/29/2021,2682,5.065962
1/29/2021,2683,5.066442
1/29/2021,2684,5.066923
1/29/2021,2685,5.067404
1/29/2021,2686,5.067885
1/29/2021,2687,5.068365
1/29/2021,2688,5.068846
1/29/2021,2689,5.069327
1/29/2021,2690,5.069808
1/29/2021,2691,5.070288
1/29/2021,2692,5.070769
1/29/2021,2693,5.07125
1/29/2021,2694,5.071731
1/29/2021,2695,5.072212
1/29/2021,2696,5.072692
1/29/2021,2697,5.073173
1/29/2021,2698,5.073654
1/29/2021,2699,5.074135
1/29/2021,2700,5.074615
1/29/2021,2701,5.075096
1/29/2021,2702,5.075577
1/29/2021,2703,5.076058
1/29/2021,2704,5.076538
1/29/2021,2705,5.077019
1/29/2021,2706,5.0775
1/29/2021,2707,5.077981
1/29/2021,2708,5.078462
1/29/2021,2709,5.078942
1/29/2021,2710,5.079423
1/29/2021,2711,5.079904
1/29/2021,2712,5.080385
1/29/2021,2713,5.080865
1/29/2021,2714,5.081346
1/29/2021,2715,5.081827
1/29/2021,2716,5.082308
1/29/2021,2717,5.082788
1/29/2021,2718,5.083269
1/29/2021,2719,5.08375
1/29/2021,2720,5.084231
1/29/2021,2721,5.084712
1/29/2021,2722,5.085192
1/29/2021,2723,5.085673
1/29/2021,2724,5.086154
1/29/2021,2725,5.086635
1/29/2021,2726,5.087115
1/29/2021,2727,5.087596
1/29/2021,2728,5.088077
1/29/2021,2729,5.088558
1/29/2021,2730,5.089038
1/29/2021,2731,5.089519
1/29/2021,2732,5.09
1/29/2021,2733,5.090481
1/29/2021,2734,5.090962
1/29/2021,2735,5.091442
1/29/2021,2736,5.091923
1/29/2021,2737,5.092404
1/29/2021,2738,5.092885
1/29/2021,2739,5.093365
1/29/2021,2740,5.093846
1/29/2021,2741,5.094327
1/29/2021,2742,5.094808
1/29/2021,2743,5.095288
1/29/2021,2744,5.095769
1/29/2021,2745,5.09625
1/29/2021,2746,5.096731
1/29/2021,2747,5.097212
1/29/2021,2748,5.097692
1/29/2021,2749,5.098173
1/29/2021,2750,5.098654
1/29/2021,2751,5.099135
1/29/2021,2752,5.099615
1/29/2021,2753,5.100096
1/29/2021,2754,5.100577
1/29/2021,2755,5.101058
1/29/2021,2756,5.101538
1/29/2021,2757,5.102019
1/29/2021,2758,5.1025
1/29/2021,2759,5.102981
1/29/2021,2760,5.103462
1/29/2021,2761,5.103942
1/29/2021,2762,5.104423
1/29/2021,2763,5.104904
1/29/2021,2764,5.105385
1/29/2021,2765,5.105865
1/29/2021,2766,5.106346
1/29/2021,2767,5.106827
1/29/2021,2768,5.107308
1/29/2021,2769,5.107788
1/29/2021,2770,5.108269
1/29/2021,2771,5.10875
1/29/2021,2772,5.109231
1/29/2021,2773,5.109712
1/29/2021,2774,5.110192
1/29/2021,2775,5.110673
1/29/2021,2776,5.111154
1/29/2021,2777,5.111635
1/29/2021,2778,5.112115
1/29/2021,2779,5.112596
1/29/2021,2780,5.113077
1/29/2021,2781,5.113558
1/29/2021,2782,5.114038
1/29/2021,2783,5.114519
1/29/2021,2784,5.115
1/29/2021,2785,5.115481
1/29/2021,2786,5.115962
1/29/2021,2787,5.116442
1/29/2021,2788,5.116923
1/29/2021,2789,5.117404
1/29/2021,2790,5.117885
1/29/2021,2791,5.118365
1/29/2021,2792,5.118846
1/29/2021,2793,5.119327
1/29/2021,2794,5.119808
1/29/2021,2795,5.120288
1/29/2021,2796,5.120769
1/29/2021,2797,5.12125
1/29/2021,2798,5.121731
1/29/2021,2799,5.122212
1/29/2021,2800,5.122692
1/29/2021,2801,5.123173
1/29/2021,2802,5.123654
1/29/2021,2803,5.124135
1/29/2021,2804,5.124615
1/29/2021,2805,5.125096
1/29/2021,2806,5.125577
1/29/2021,2807,5.126058
1/29/2021,2808,5.126538
1/29/2021,2809,5.127019
1/29/2021,2810,5.1275
1/29/2021,2811,5.127981
1/29/2021,2812,5.128462
1/29/2021,2813,5.128942
1/29/2021,2814,5.129423
1/29/2021,2815,5.129904
1/29/2021,2816,5.130385
1/29/2021,2817,5.130865
1/29/2021,2818,5.131346
1/29/2021,2819,5.131827
1/29/2021,2820,5.132308
1/29/2021,2821,5.132788
1/29/2021,2822,5.133269
1/29/2021,2823,5.13375
1/29/2021,2824,5.134231
1/29/2021,2825,5.134712
1/29/2021,2826,5.135192
1/29/2021,2827,5.135673
1/29/2021,2828,5.136154
1/29/2021,2829,5.136635
1/29/2021,2830,5.137115
1/29/2021,2831,5.137596
1/29/2021,2832,5.138077
1/29/2021,2833,5.138558
1/29/2021,2834,5.139038
1/29/2021,2835,5.139519
1/29/2021,2836,5.14
1/29/2021,2837,5.140481
1/29/2021,2838,5.140962
1/29/2021,2839,5.141442
1/29/2021,2840,5.141923
1/29/2021,2841,5.142404
1/29/2021,2842,5.142885
1/29/2021,2843,5.143365
1/29/2021,2844,5.143846
1/29/2021,2845,5.144327
1/29/2021,2846,5.144808
1/29/2021,2847,5.145288
1/29/2021,2848,5.145769
1/29/2021,2849,5.14625
1/29/2021,2850,5.146731
1/29/2021,2851,5.147212
1/29/2021,2852,5.147692
1/29/2021,2853,5.148173
1/29/2021,2854,5.148654
1/29/2021,2855,5.149135
1/29/2021,2856,5.149615
1/29/2021,2857,5.150096
1/29/2021,2858,5.150577
1/29/2021,2859,5.151058
1/29/2021,2860,5.151538
1/29/2021,2861,5.152019
1/29/2021,2862,5.1525
1/29/2021,2863,5.152981
1/29/2021,2864,5.153462
1/29/2021,2865,5.153942
1/29/2021,2866,5.154423
1/29/2021,2867,5.154904
1/29/2021,2868,5.155385
1/29/2021,2869,5.155865
1/29/2021,2870,5.156346
1/29/2021,2871,5.156827
1/29/2021,2872,5.157308
1/29/2021,2873,5.157788
1/29/2021,2874,5.158269
1/29/2021,2875,5.15875
1/29/2021,2876,5.159231
1/29/2021,2877,5.159712
1/29/2021,2878,5.160192
1/29/2021,2879,5.160673
1/29/2021,2880,5.161154
1/29/2021,2881,5.161635
1/29/2021,2882,5.162115
1/29/2021,2883,5.162596
1/29/2021,2884,5.163077
1/29/2021,2885,5.163558
1/29/2021,2886,5.164038
1/29/2021,2887,5.164519
1/29/2021,2888,5.165
1/29/2021,2889,5.165481
1/29/2021,2890,5.165962
1/29/2021,2891,5.166442
1/29/2021,2892,5.166923
1/29/2021,2893,5.167404
1/29/2021,2894,5.167885
1/29/2021,2895,5.168365
1/29/2021,2896,5.168846
1/29/2021,2897,5.169327
1/29/2021,2898,5.169808
1/29/2021,2899,5.170288
1/29/2021,2900,5.170769
1/29/2021,2901,5.17125
1/29/2021,2902,5.171731
1/29/2021,2903,5.172212
1/29/2021,2904,5.172692
1/29/2021,2905,5.173173
1/29/2021,2906,5.173654
1/29/2021,2907,5.174135
1/29/2021,2908,5.174615
1/29/2021,2909,5.175096
1/29/2021,2910,5.175577
1/29/2021,2911,5.176058
1/29/2021,2912,5.176538
1/29/2021,2913,5.177019
1/29/2021,2914,5.1775
1/29/2021,2915,5.177981
1/29/2021,2916,5.178462
1/29/2021,2917,5.178942
1/29/2021,2918,5.179423
1/29/2021,2919,5.179904
1/29/2021,2920,5.180385
1/29/2021,2921,5.180865
1/29/2021,2922,5.181346
1/29/2021,2923,5.181827
1/29/2021,2924,5.182308
1/29/2021,2925,5.182788
1/29/2021,2926,5.183269
1/29/2021,2927,5.18375
1/29/2021,2928,5.184231
1/29/2021,2929,5.184712
1/29/2021,2930,5.185192
1/29/2021,2931,5.185673
1/29/2021,2932,5.186154
1/29/2021,2933,5.186635
1/29/2021,2934,5.187115
1/29/2021,2935,5.187596
1/29/2021,2936,5.188077
1/29/2021,2937,5.188558
1/29/2021,2938,5.189038
1/29/2021,2939,5.189519
1/29/2021,2940,5.19
1/29/2021,2941,5.190481
1/29/2021,2942,5.190962
1/29/2021,2943,5.191442
1/29/2021,2944,5.191923
1/29/2021,2945,5.192404
1/29/2021,2946,5.192885
1/29/2021,2947,5.193365
1/29/2021,2948,5.193846
1/29/2021,2949,5.194327
1/29/2021,2950,5.194808
1/29/2021,2951,5.195288
1/29/2021,2952,5.195769
1/29/2021,2953,5.19625
1/29/2021,2954,5.196731
1/29/2021,2955,5.197212
1/29/2021,2956,5.197692
1/29/2021,2957,5.198173
1/29/2021,2958,5.198654
1/29/2021,2959,5.199135
1/29/2021,2960,5.199615
1/29/2021,2961,5.200096
1/29/2021,2962,5.200577
1/29/2021,2963,5.201058
1/29/2021,2964,5.201538
1/29/2021,2965,5.202019
1/29/2021,2966,5.2025
1/29/2021,2967,5.202981
1/29/2021,2968,5.203462
1/29/2021,2969,5.203942
1/29/2021,2970,5.204423
1/29/2021,2971,5.204904
1/29/2021,2972,5.205385
1/29/2021,2973,5.205865
1/29/2021,2974,5.206346
1/29/2021,2975,5.206827
1/29/2021,2976,5.207308
1/29/2021,2977,5.207788
1/29/2021,2978,5.208269
1/29/2021,2979,5.20875
1/29/2021,2980,5.209231
1/29/2021,2981,5.209712
1/29/2021,2982,5.210192
1/29/2021,2983,5.210673
1/29/2021,2984,5.211154
1/29/2021,2985,5.211635
1/29/2021,2986,5.212115
1/29/2021,2987,5.212596
1/29/2021,2988,5.213077
1/29/2021,2989,5.213558
1/29/2021,2990,5.214038
1/29/2021,2991,5.214519
1/29/2021,2992,5.215
1/29/2021,2993,5.215481
1/29/2021,2994,5.215962
1/29/2021,2995,5.216442
1/29/2021,2996,5.216923
1/29/2021,2997,5.217404
1/29/2021,2998,5.217885
1/29/2021,2999,5.218365
1/29/2021,3000,5.218846
1/29/2021,3001,5.219327
1/29/2021,3002,5.219808
1/29/2021,3003,5.220288
1/29/2021,3004,5.220769
1/29/2021,3005,5.22125
1/29/2021,3006,5.221731
1/29/2021,3007,5.222212
1/29/2021,3008,5.222692
1/29/2021,3009,5.223173
1/29/2021,3010,5.223654
1/29/2021,3011,5.224135
1/29/2021,3012,5.224615
1/29/2021,3013,5.225096
1/29/2021,3014,5.225577
1/29/2021,3015,5.226058
1/29/2021,3016,5.226538
1/29/2021,3017,5.227019
1/29/2021,3018,5.2275
1/29/2021,3019,5.227981
1/29/2021,3020,5.228462
1/29/2021,3021,5.228942
1/29/2021,3022,5.229423
1/29/2021,3023,5.229904
1/29/2021,3024,5.230385
1/29/2021,3025,5.230865
1/29/2021,3026,5.231346
1/29/2021,3027,5.231827
1/29/2021,3028,5.232308
1/29/2021,3029,5.232788
1/29/2021,3030,5.233269
1/29/2021,3031,5.23375
1/29/2021,3032,5.234231
1/29/2021,3033,5.234712
1/29/2021,3034,5.235192
1/29/2021,3035,5.235673
1/29/2021,3036,5.236154
1/29/2021,3037,5.236635
1/29/2021,3038,5.237115
1/29/2021,3039,5.237596
1/29/2021,3040,5.238077
1/29/2021,3041,5.238558
1/29/2021,3042,5.239038
1/29/2021,3043,5.239519
1/29/2021,3044,5.24
1/29/2021,3045,5.240495
1/29/2021,3046,5.240989
1/29/2021,3047,5.241484
1/29/2021,3048,5.241978
1/29/2021,3049,5.242473
1/29/2021,3050,5.242967
1/29/2021,3051,5.243462
1/29/2021,3052,5.243956
1/29/2021,3053,5.244451
1/29/2021,3054,5.244945
1/29/2021,3055,5.24544
1/29/2021,3056,5.245934
1/29/2021,3057,5.246429
1/29/2021,3058,5.246923
1/29/2021,3059,5.247418
1/29/2021,3060,5.247912
1/29/2021,3061,5.248407
1/29/2021,3062,5.248901
1/29/2021,3063,5.249396
1/29/2021,3064,5.24989
1/29/2021,3065,5.250385
1/29/2021,3066,5.250879
1/29/2021,3067,5.251374
1/29/2021,3068,5.251868
1/29/2021,3069,5.252363
1/29/2021,3070,5.252857
1/29/2021,3071,5.253352
1/29/2021,3072,5.253846
1/29/2021,3073,5.254341
1/29/2021,3074,5.254835
1/29/2021,3075,5.25533
1/29/2021,3076,5.255824
1/29/2021,3077,5.256319
1/29/2021,3078,5.256813
1/29/2021,3079,5.257308
1/29/2021,3080,5.257802
1/29/2021,3081,5.258297
1/29/2021,3082,5.258791
1/29/2021,3083,5.259286
1/29/2021,3084,5.25978
1/29/2021,3085,5.260275
1/29/2021,3086,5.260769
1/29/2021,3087,5.261264
1/29/2021,3088,5.261758
1/29/2021,3089,5.262253
1/29/2021,3090,5.262747
1/29/2021,3091,5.263242
1/29/2021,3092,5.263736
1/29/2021,3093,5.264231
1/29/2021,3094,5.264725
1/29/2021,3095,5.26522
1/29/2021,3096,5.265714
1/29/2021,3097,5.266209
1/29/2021,3098,5.266703
1/29/2021,3099,5.267198
1/29/2021,3100,5.267692
1/29/2021,3101,5.268187
1/29/2021,3102,5.268681
1/29/2021,3103,5.269176
1/29/2021,3104,5.26967
1/29/2021,3105,5.270165
1/29/2021,3106,5.270659
1/29/2021,3107,5.271154
1/29/2021,3108,5.271648
1/29/2021,3109,5.272143
1/29/2021,3110,5.272637
1/29/2021,3111,5.273132
1/29/2021,3112,5.273626
1/29/2021,3113,5.274121
1/29/2021,3114,5.274615
1/29/2021,3115,5.27511
1/29/2021,3116,5.275604
1/29/2021,3117,5.276099
1/29/2021,3118,5.276593
1/29/2021,3119,5.277088
1/29/2021,3120,5.277582
1/29/2021,3121,5.278077
1/29/2021,3122,5.278571
1/29/2021,3123,5.279066
1/29/2021,3124,5.27956
1/29/2021,3125,5.280055
1/29/2021,3126,5.280549
1/29/2021,3127,5.281044
1/29/2021,3128,5.281538
1/29/2021,3129,5.282033
1/29/2021,3130,5.282527
1/29/2021,3131,5.283022
1/29/2021,3132,5.283516
1/29/2021,3133,5.284011
1/29/2021,3134,5.284505
1/29/2021,3135,5.285
1/29/2021,3136,5.285495
1/29/2021,3137,5.285989
1/29/2021,3138,5.286484
1/29/2021,3139,5.286978
1/29/2021,3140,5.287473
1/29/2021,3141,5.287967
1/29/2021,3142,5.288462
1/29/2021,3143,5.288956
1/29/2021,3144,5.289451
1/29/2021,3145,5.289945
1/29/2021,3146,5.29044
1/29/2021,3147,5.290934
1/29/2021,3148,5.291429
1/29/2021,3149,5.291923
1/29/2021,3150,5.292418
1/29/2021,3151,5.292912
1/29/2021,3152,5.293407
1/29/2021,3153,5.293901
1/29/2021,3154,5.294396
1/29/2021,3155,5.29489
1/29/2021,3156,5.295385
1/29/2021,3157,5.295879
1/29/2021,3158,5.296374
1/29/2021,3159,5.296868
1/29/2021,3160,5.297363
1/29/2021,3161,5.297857
1/29/2021,3162,5.298352
1/29/2021,3163,5.298846
1/29/2021,3164,5.299341
1/29/2021,3165,5.299835
1/29/2021,3166,5.30033
1/29/2021,3167,5.300824
1/29/2021,3168,5.301319
1/29/2021,3169,5.301813
1/29/2021,3170,5.302308
1/29/2021,3171,5.302802
1/29/2021,3172,5.303297
1/29/2021,3173,5.303791
1/29/2021,3174,5.304286
1/29/2021,3175,5.30478
1/29/2021,3176,5.305275
1/29/2021,3177,5.305769
1/29/2021,3178,5.306264
1/29/2021,3179,5.306758
1/29/2021,3180,5.307253
1/29/2021,3181,5.307747
1/29/2021,3182,5.308242
1/29/2021,3183,5.308736
1/29/2021,3184,5.309231
1/29/2021,3185,5.309725
1/29/2021,3186,5.31022
1/29/2021,3187,5.310714
1/29/2021,3188,5.311209
1/29/2021,3189,5.311703
1/29/2021,3190,5.312198
1/29/2021,3191,5.312692
1/29/2021,3192,5.313187
1/29/2021,3193,5.313681
1/29/2021,3194,5.314176
1/29/2021,3195,5.31467
1/29/2021,3196,5.315165
1/29/2021,3197,5.315659
1/29/2021,3198,5.316154
1/29/2021,3199,5.316648
1/29/2021,3200,5.317143
1/29/2021,3201,5.317637
1/29/2021,3202,5.318132
1/29/2021,3203,5.318626
1/29/2021,3204,5.319121
1/29/2021,3205,5.319615
1/29/2021,3206,5.32011
1/29/2021,3207,5.320604
1/29/2021,3208,5.321099
1/29/2021,3209,5.321593
1/29/2021,3210,5.322088
1/29/2021,3211,5.322582
1/29/2021,3212,5.323077
1/29/2021,3213,5.323571
1/29/2021,3214,5.324066
1/29/2021,3215,5.32456
1/29/2021,3216,5.325055
1/29/2021,3217,5.325549
1/29/2021,3218,5.326044
1/29/2021,3219,5.326538
1/29/2021,3220,5.327033
1/29/2021,3221,5.327527
1/29/2021,3222,5.328022
1/29/2021,3223,5.328516
1/29/2021,3224,5.329011
1/29/2021,3225,5.329505
1/29/2021,3226,5.33
1/29/2021,3227,5.330495
1/29/2021,3228,5.330989
1/29/2021,3229,5.331484
1/29/2021,3230,5.331978
1/29/2021,3231,5.332473
1/29/2021,3232,5.332967
1/29/2021,3233,5.333462
1/29/2021,3234,5.333956
1/29/2021,3235,5.334451
1/29/2021,3236,5.334945
1/29/2021,3237,5.33544
1/29/2021,3238,5.335934
1/29/2021,3239,5.336429
1/29/2021,3240,5.336923
1/29/2021,3241,5.337418
1/29/2021,3242,5.337912
1/29/2021,3243,5.338407
1/29/2021,3244,5.338901
1/29/2021,3245,5.339396
1/29/2021,3246,5.33989
1/29/2021,3247,5.340385
1/29/2021,3248,5.340879
1/29/2021,3249,5.341374
1/29/2021,3250,5.341868
1/29/2021,3251,5.342363
1/29/2021,3252,5.342857
1/29/2021,3253,5.343352
1/29/2021,3254,5.343846
1/29/2021,3255,5.344341
1/29/2021,3256,5.344835
1/29/2021,3257,5.34533
1/29/2021,3258,5.345824
1/29/2021,3259,5.346319
1/29/2021,3260,5.346813
1/29/2021,3261,5.347308
1/29/2021,3262,5.347802
1/29/2021,3263,5.348297
1/29/2021,3264,5.348791
1/29/2021,3265,5.349286
1/29/2021,3266,5.34978
1/29/2021,3267,5.350275
1/29/2021,3268,5.350769
1/29/2021,3269,5.351264
1/29/2021,3270,5.351758
1/29/2021,3271,5.352253
1/29/2021,3272,5.352747
1/29/2021,3273,5.353242
1/29/2021,3274,5.353736
1/29/2021,3275,5.354231
1/29/2021,3276,5.354725
1/29/2021,3277,5.35522
1/29/2021,3278,5.355714
1/29/2021,3279,5.356209
1/29/2021,3280,5.356703
1/29/2021,3281,5.357198
1/29/2021,3282,5.357692
1/29/2021,3283,5.358187
1/29/2021,3284,5.358681
1/29/2021,3285,5.359176
1/29/2021,3286,5.35967
1/29/2021,3287,5.360165
1/29/2021,3288,5.360659
1/29/2021,3289,5.361154
1/29/2021,3290,5.361648
1/29/2021,3291,5.362143
1/29/2021,3292,5.362637
1/29/2021,3293,5.363132
1/29/2021,3294,5.363626
1/29/2021,3295,5.364121
1/29/2021,3296,5.364615
1/29/2021,3297,5.36511
1/29/2021,3298,5.365604
1/29/2021,3299,5.366099
1/29/2021,3300,5.366593
1/29/2021,3301,5.367088
1/29/2021,3302,5.367582
1/29/2021,3303,5.368077
1/29/2021,3304,5.368571
1/29/2021,3305,5.369066
1/29/2021,3306,5.36956
1/29/2021,3307,5.370055
1/29/2021,3308,5.370549
1/29/2021,3309,5.371044
1/29/2021,3310,5.371538
1/29/2021,3311,5.372033
1/29/2021,3312,5.372527
1/29/2021,3313,5.373022
1/29/2021,3314,5.373516
1/29/2021,3315,5.374011
1/29/2021,3316,5.374505
1/29/2021,3317,5.375
1/29/2021,3318,5.375495
1/29/2021,3319,5.375989
1/29/2021,3320,5.376484
1/29/2021,3321,5.376978
1/29/2021,3322,5.377473
1/29/2021,3323,5.377967
1/29/2021,3324,5.378462
1/29/2021,3325,5.378956
1/29/2021,3326,5.379451
1/29/2021,3327,5.379945
1/29/2021,3328,5.38044
1/29/2021,3329,5.380934
1/29/2021,3330,5.381429
1/29/2021,3331,5.381923
1/29/2021,3332,5.382418
1/29/2021,3333,5.382912
1/29/2021,3334,5.383407
1/29/2021,3335,5.383901
1/29/2021,3336,5.384396
1/29/2021,3337,5.38489
1/29/2021,3338,5.385385
1/29/2021,3339,5.385879
1/29/2021,3340,5.386374
1/29/2021,3341,5.386868
1/29/2021,3342,5.387363
1/29/2021,3343,5.387857
1/29/2021,3344,5.388352
1/29/2021,3345,5.388846
1/29/2021,3346,5.389341
1/29/2021,3347,5.389835
1/29/2021,3348,5.39033
1/29/2021,3349,5.390824
1/29/2021,3350,5.391319
1/29/2021,3351,5.391813
1/29/2021,3352,5.392308
1/29/2021,3353,5.392802
1/29/2021,3354,5.393297
1/29/2021,3355,5.393791
1/29/2021,3356,5.394286
1/29/2021,3357,5.39478
1/29/2021,3358,5.395275
1/29/2021,3359,5.395769
1/29/2021,3360,5.396264
1/29/2021,3361,5.396758
1/29/2021,3362,5.397253
1/29/2021,3363,5.397747
1/29/2021,3364,5.398242
1/29/2021,3365,5.398736
1/29/2021,3366,5.399231
1/29/2021,3367,5.399725
1/29/2021,3368,5.40022
1/29/2021,3369,5.400714
1/29/2021,3370,5.401209
1/29/2021,3371,5.401703
1/29/2021,3372,5.402198
1/29/2021,3373,5.402692
1/29/2021,3374,5.403187
1/29/2021,3375,5.403681
1/29/2021,3376,5.404176
1/29/2021,3377,5.40467
1/29/2021,3378,5.405165
1/29/2021,3379,5.405659
1/29/2021,3380,5.406154
1/29/2021,3381,5.406648
1/29/2021,3382,5.407143
1/29/2021,3383,5.407637
1/29/2021,3384,5.408132
1/29/2021,3385,5.408626
1/29/2021,3386,5.409121
1/29/2021,3387,5.409615
1/29/2021,3388,5.41011
1/29/2021,3389,5.410604
1/29/2021,3390,5.411099
1/29/2021,3391,5.411593
1/29/2021,3392,5.412088
1/29/2021,3393,5.412582
1/29/2021,3394,5.413077
1/29/2021,3395,5.413571
1/29/2021,3396,5.414066
1/29/2021,3397,5.41456
1/29/2021,3398,5.415055
1/29/2021,3399,5.415549
1/29/2021,3400,5.416044
1/29/2021,3401,5.416538
1/29/2021,3402,5.417033
1/29/2021,3403,5.417527
1/29/2021,3404,5.418022
1/29/2021,3405,5.418516
1/29/2021,3406,5.419011
1/29/2021,3407,5.419505
1/29/2021,3408,5.42
1/29/2021,3409,5.420495
1/29/2021,3410,5.420989
1/29/2021,3411,5.421484
1/29/2021,3412,5.421978
1/29/2021,3413,5.422473
1/29/2021,3414,5.422967
1/29/2021,3415,5.423462
1/29/2021,3416,5.423956
1/29/2021,3417,5.424451
1/29/2021,3418,5.424945
1/29/2021,3419,5.42544
1/29/2021,3420,5.425934
1/29/2021,3421,5.426429
1/29/2021,3422,5.426923
1/29/2021,3423,5.427418
1/29/2021,3424,5.427912
1/29/2021,3425,5.428407
1/29/2021,3426,5.428901
1/29/2021,3427,5.429396
1/29/2021,3428,5.42989
1/29/2021,3429,5.430385
1/29/2021,3430,5.430879
1/29/2021,3431,5.431374
1/29/2021,3432,5.431868
1/29/2021,3433,5.432363
1/29/2021,3434,5.432857
1/29/2021,3435,5.433352
1/29/2021,3436,5.433846
1/29/2021,3437,5.434341
1/29/2021,3438,5.434835
1/29/2021,3439,5.43533
1/29/2021,3440,5.435824
1/29/2021,3441,5.436319
1/29/2021,3442,5.436813
1/29/2021,3443,5.437308
1/29/2021,3444,5.437802
1/29/2021,3445,5.438297
1/29/2021,3446,5.438791
1/29/2021,3447,5.439286
1/29/2021,3448,5.43978
1/29/2021,3449,5.440275
1/29/2021,3450,5.440769
1/29/2021,3451,5.441264
1/29/2021,3452,5.441758
1/29/2021,3453,5.442253
1/29/2021,3454,5.442747
1/29/2021,3455,5.443242
1/29/2021,3456,5.443736
1/29/2021,3457,5.444231
1/29/2021,3458,5.444725
1/29/2021,3459,5.44522
1/29/2021,3460,5.445714
1/29/2021,3461,5.446209
1/29/2021,3462,5.446703
1/29/2021,3463,5.447198
1/29/2021,3464,5.447692
1/29/2021,3465,5.448187
1/29/2021,3466,5.448681
1/29/2021,3467,5.449176
1/29/2021,3468,5.44967
1/29/2021,3469,5.450165
1/29/2021,3470,5.450659
1/29/2021,3471,5.451154
1/29/2021,3472,5.451648
1/29/2021,3473,5.452143
1/29/2021,3474,5.452637
1/29/2021,3475,5.453132
1/29/2021,3476,5.453626
1/29/2021,3477,5.454121
1/29/2021,3478,5.454615
1/29/2021,3479,5.45511
1/29/2021,3480,5.455604
1/29/2021,3481,5.456099
1/29/2021,3482,5.456593
1/29/2021,3483,5.457088
1/29/2021,3484,5.457582
1/29/2021,3485,5.458077
1/29/2021,3486,5.458571
1/29/2021,3487,5.459066
1/29/2021,3488,5.45956
1/29/2021,3489,5.460055
1/29/2021,3490,5.460549
1/29/2021,3491,5.461044
1/29/2021,3492,5.461538
1/29/2021,3493,5.462033
1/29/2021,3494,5.462527
1/29/2021,3495,5.463022
1/29/2021,3496,5.463516
1/29/2021,3497,5.464011
1/29/2021,3498,5.464505
1/29/2021,3499,5.465
1/29/2021,3500,5.465495
1/29/2021,3501,5.465989
1/29/2021,3502,5.466484
1/29/2021,3503,5.466978
1/29/2021,3504,5.467473
1/29/2021,3505,5.467967
1/29/2021,3506,5.468462
1/29/2021,3507,5.468956
1/29/2021,3508,5.469451
1/29/2021,3509,5.469945
1/29/2021,3510,5.47044
1/29/2021,3511,5.470934
1/29/2021,3512,5.471429
1/29/2021,3513,5.471923
1/29/2021,3514,5.472418
1/29/2021,3515,5.472912
1/29/2021,3516,5.473407
1/29/2021,3517,5.473901
1/29/2021,3518,5.474396
1/29/2021,3519,5.47489
1/29/2021,3520,5.475385
1/29/2021,3521,5.475879
1/29/2021,3522,5.476374
1/29/2021,3523,5.476868
1/29/2021,3524,5.477363
1/29/2021,3525,5.477857
1/29/2021,3526,5.478352
1/29/2021,3527,5.478846
1/29/2021,3528,5.479341
1/29/2021,3529,5.479835
1/29/2021,3530,5.48033
1/29/2021,3531,5.480824
1/29/2021,3532,5.481319
1/29/2021,3533,5.481813
1/29/2021,3534,5.482308
1/29/2021,3535,5.482802
1/29/2021,3536,5.483297
1/29/2021,3537,5.483791
1/29/2021,3538,5.484286
1/29/2021,3539,5.48478
1/29/2021,3540,5.485275
1/29/2021,3541,5.485769
1/29/2021,3542,5.486264
1/29/2021,3543,5.486758
1/29/2021,3544,5.487253
1/29/2021,3545,5.487747
1/29/2021,3546,5.488242
1/29/2021,3547,5.488736
1/29/2021,3548,5.489231
1/29/2021,3549,5.489725
1/29/2021,3550,5.49022
1/29/2021,3551,5.490714
1/29/2021,3552,5.491209
1/29/2021,3553,5.491703
1/29/2021,3554,5.492198
1/29/2021,3555,5.492692
1/29/2021,3556,5.493187
1/29/2021,3557,5.493681
1/29/2021,3558,5.494176
1/29/2021,3559,5.49467
1/29/2021,3560,5.495165
1/29/2021,3561,5.495659
1/29/2021,3562,5.496154
1/29/2021,3563,5.496648
1/29/2021,3564,5.497143
1/29/2021,3565,5.497637
1/29/2021,3566,5.498132
1/29/2021,3567,5.498626
1/29/2021,3568,5.499121
1/29/2021,3569,5.499615
1/29/2021,3570,5.50011
1/29/2021,3571,5.500604
1/29/2021,3572,5.501099
1/29/2021,3573,5.501593
1/29/2021,3574,5.502088
1/29/2021,3575,5.502582
1/29/2021,3576,5.503077
1/29/2021,3577,5.503571
1/29/2021,3578,5.504066
1/29/2021,3579,5.50456
1/29/2021,3580,5.505055
1/29/2021,3581,5.505549
1/29/2021,3582,5.506044
1/29/2021,3583,5.506538
1/29/2021,3584,5.507033
1/29/2021,3585,5.507527
1/29/2021,3586,5.508022
1/29/2021,3587,5.508516
1/29/2021,3588,5.509011
1/29/2021,3589,5.509505
1/29/2021,3590,5.51
1/29/2021,3591,5.510495
1/29/2021,3592,5.510989
1/29/2021,3593,5.511484
1/29/2021,3594,5.511978
1/29/2021,3595,5.512473
1/29/2021,3596,5.512967
1/29/2021,3597,5.513462
1/29/2021,3598,5.513956
1/29/2021,3599,5.514451
1/29/2021,3600,5.514945
1/29/2021,3601,5.51544
1/29/2021,3602,5.515934
1/29/2021,3603,5.516429
1/29/2021,3604,5.516923
1/29/2021,3605,5.517418
1/29/2021,3606,5.517912
1/29/2021,3607,5.518407
1/29/2021,3608,5.518901
1/29/2021,3609,5.519396
1/29/2021,3610,5.51989
1/29/2021,3611,5.520385
1/29/2021,3612,5.520879
1/29/2021,3613,5.521374
1/29/2021,3614,5.521868
1/29/2021,3615,5.522363
1/29/2021,3616,5.522857
1/29/2021,3617,5.523352
1/29/2021,3618,5.523846
1/29/2021,3619,5.524341
1/29/2021,3620,5.524835
1/29/2021,3621,5.52533
1/29/2021,3622,5.525824
1/29/2021,3623,5.526319
1/29/2021,3624,5.526813
1/29/2021,3625,5.527308
1/29/2021,3626,5.527802
1/29/2021,3627,5.528297
1/29/2021,3628,5.528791
1/29/2021,3629,5.529286
1/29/2021,3630,5.52978
1/29/2021,3631,5.530275
1/29/2021,3632,5.530769
1/29/2021,3633,5.531264
1/29/2021,3634,5.531758
1/29/2021,3635,5.532253
1/29/2021,3636,5.532747
1/29/2021,3637,5.533242
1/29/2021,3638,5.533736
1/29/2021,3639,5.534231
1/29/2021,3640,5.534725
1/29/2021,3641,5.53522
1/29/2021,3642,5.535714
1/29/2021,3643,5.536209
1/29/2021,3644,5.536703
1/29/2021,3645,5.537198
1/29/2021,3646,5.537692
1/29/2021,3647,5.538187
1/29/2021,3648,5.538681
1/29/2021,3649,5.539176
1/29/2021,3650,5.53967
1/29/2021,3651,5.540165
1/29/2021,3652,5.540659
1/29/2021,3653,5.541154
1/29/2021,3654,5.541648
1/29/2021,3655,5.542143
1/29/2021,3656,5.542637
1/29/2021,3657,5.543132
1/29/2021,3658,5.543626
1/29/2021,3659,5.544121
1/29/2021,3660,5.544615
1/29/2021,3661,5.54511
1/29/2021,3662,5.545604
1/29/2021,3663,5.546099
1/29/2021,3664,5.546593
1/29/2021,3665,5.547088
1/29/2021,3666,5.547582
1/29/2021,3667,5.548077
1/29/2021,3668,5.548571
1/29/2021,3669,5.549066
1/29/2021,3670,5.54956
1/29/2021,3671,5.550055
1/29/2021,3672,5.550549
1/29/2021,3673,5.551044
1/29/2021,3674,5.551538
1/29/2021,3675,5.552033
1/29/2021,3676,5.552527
1/29/2021,3677,5.553022
1/29/2021,3678,5.553516
1/29/2021,3679,5.554011
1/29/2021,3680,5.554505
1/29/2021,3681,5.555
1/29/2021,3682,5.555495
1/29/2021,3683,5.555989
1/29/2021,3684,5.556484
1/29/2021,3685,5.556978
1/29/2021,3686,5.557473
1/29/2021,3687,5.557967
1/29/2021,3688,5.558462
1/29/2021,3689,5.558956
1/29/2021,3690,5.559451
1/29/2021,3691,5.559945
1/29/2021,3692,5.56044
1/29/2021,3693,5.560934
1/29/2021,3694,5.561429
1/29/2021,3695,5.561923
1/29/2021,3696,5.562418
1/29/2021,3697,5.562912
1/29/2021,3698,5.563407
1/29/2021,3699,5.563901
1/29/2021,3700,5.564396
1/29/2021,3701,5.56489
1/29/2021,3702,5.565385
1/29/2021,3703,5.565879
1/29/2021,3704,5.566374
1/29/2021,3705,5.566868
1/29/2021,3706,5.567363
1/29/2021,3707,5.567857
1/29/2021,3708,5.568352
1/29/2021,3709,5.568846
1/29/2021,3710,5.569341
1/29/2021,3711,5.569835
1/29/2021,3712,5.57033
1/29/2021,3713,5.570824
1/29/2021,3714,5.571319
1/29/2021,3715,5.571813
1/29/2021,3716,5.572308
1/29/2021,3717,5.572802
1/29/2021,3718,5.573297
1/29/2021,3719,5.573791
1/29/2021,3720,5.574286
1/29/2021,3721,5.57478
1/29/2021,3722,5.575275
1/29/2021,3723,5.575769
1/29/2021,3724,5.576264
1/29/2021,3725,5.576758
1/29/2021,3726,5.577253
1/29/2021,3727,5.577747
1/29/2021,3728,5.578242
1/29/2021,3729,5.578736
1/29/2021,3730,5.579231
1/29/2021,3731,5.579725
1/29/2021,3732,5.58022
1/29/2021,3733,5.580714
1/29/2021,3734,5.581209
1/29/2021,3735,5.581703
1/29/2021,3736,5.582198
1/29/2021,3737,5.582692
1/29/2021,3738,5.583187
1/29/2021,3739,5.583681
1/29/2021,3740,5.584176
1/29/2021,3741,5.58467
1/29/2021,3742,5.585165
1/29/2021,3743,5.585659
1/29/2021,3744,5.586154
1/29/2021,3745,5.586648
1/29/2021,3746,5.587143
1/29/2021,3747,5.587637
1/29/2021,3748,5.588132
1/29/2021,3749,5.588626
1/29/2021,3750,5.589121
1/29/2021,3751,5.589615
1/29/2021,3752,5.59011
1/29/2021,3753,5.590604
1/29/2021,3754,5.591099
1/29/2021,3755,5.591593
1/29/2021,3756,5.592088
1/29/2021,3757,5.592582
1/29/2021,3758,5.593077
1/29/2021,3759,5.593571
1/29/2021,3760,5.594066
1/29/2021,3761,5.59456
1/29/2021,3762,5.595055
1/29/2021,3763,5.595549
1/29/2021,3764,5.596044
1/29/2021,3765,5.596538
1/29/2021,3766,5.597033
1/29/2021,3767,5.597527
1/29/2021,3768,5.598022
1/29/2021,3769,5.598516
1/29/2021,3770,5.599011
1/29/2021,3771,5.599505
1/29/2021,3772,5.6
1/29/2021,3773,5.60029
1/29/2021,3774,5.600581
1/29/2021,3775,5.600871
1/29/2021,3776,5.601162
1/29/2021,3777,5.601452
1/29/2021,3778,5.601743
1/29/2021,3779,5.602033
1/29/2021,3780,5.602323
1/29/2021,3781,5.602614
1/29/2021,3782,5.602904
1/29/2021,3783,5.603195
1/29/2021,3784,5.603485
1/29/2021,3785,5.603776
1/29/2021,3786,5.604066
1/29/2021,3787,5.604356
1/29/2021,3788,5.604647
1/29/2021,3789,5.604937
1/29/2021,3790,5.605228
1/29/2021,3791,5.605518
1/29/2021,3792,5.605808
1/29/2021,3793,5.606099
1/29/2021,3794,5.606389
1/29/2021,3795,5.60668
1/29/2021,3796,5.60697
1/29/2021,3797,5.607261
1/29/2021,3798,5.607551
1/29/2021,3799,5.607841
1/29/2021,3800,5.608132
1/29/2021,3801,5.608422
1/29/2021,3802,5.608713
1/29/2021,3803,5.609003
1/29/2021,3804,5.609294
1/29/2021,3805,5.609584
1/29/2021,3806,5.609874
1/29/2021,3807,5.610165
1/29/2021,3808,5.610455
1/29/2021,3809,5.610746
1/29/2021,3810,5.611036
1/29/2021,3811,5.611327
1/29/2021,3812,5.611617
1/29/2021,3813,5.611907
1/29/2021,3814,5.612198
1/29/2021,3815,5.612488
1/29/2021,3816,5.612779
1/29/2021,3817,5.613069
1/29/2021,3818,5.613359
1/29/2021,3819,5.61365
1/29/2021,3820,5.61394
1/29/2021,3821,5.614231
1/29/2021,3822,5.614521
1/29/2021,3823,5.614812
1/29/2021,3824,5.615102
1/29/2021,3825,5.615392
1/29/2021,3826,5.615683
1/29/2021,3827,5.615973
1/29/2021,3828,5.616264
1/29/2021,3829,5.616554
1/29/2021,3830,5.616845
1/29/2021,3831,5.617135
1/29/2021,3832,5.617425
1/29/2021,3833,5.617716
1/29/2021,3834,5.618006
1/29/2021,3835,5.618297
1/29/2021,3836,5.618587
1/29/2021,3837,5.618878
1/29/2021,3838,5.619168
1/29/2021,3839,5.619458
1/29/2021,3840,5.619749
1/29/2021,3841,5.620039
1/29/2021,3842,5.62033
1/29/2021,3843,5.62062
1/29/2021,3844,5.620911
1/29/2021,3845,5.621201
1/29/2021,3846,5.621491
1/29/2021,3847,5.621782
1/29/2021,3848,5.622072
1/29/2021,3849,5.622363
1/29/2021,3850,5.622653
1/29/2021,3851,5.622943
1/29/2021,3852,5.623234
1/29/2021,3853,5.623524
1/29/2021,3854,5.623815
1/29/2021,3855,5.624105
1/29/2021,3856,5.624396
1/29/2021,3857,5.624686
1/29/2021,3858,5.624976
1/29/2021,3859,5.625267
1/29/2021,3860,5.625557
1/29/2021,3861,5.625848
1/29/2021,3862,5.626138
1/29/2021,3863,5.626429
1/29/2021,3864,5.626719
1/29/2021,3865,5.627009
1/29/2021,3866,5.6273
1/29/2021,3867,5.62759
1/29/2021,3868,5.627881
1/29/2021,3869,5.628171
1/29/2021,3870,5.628462
1/29/2021,3871,5.628752
1/29/2021,3872,5.629042
1/29/2021,3873,5.629333
1/29/2021,3874,5.629623
1/29/2021,3875,5.629914
1/29/2021,3876,5.630204
1/29/2021,3877,5.630495
1/29/2021,3878,5.630785
1/29/2021,3879,5.631075
1/29/2021,3880,5.631366
1/29/2021,3881,5.631656
1/29/2021,3882,5.631947
1/29/2021,3883,5.632237
1/29/2021,3884,5.632527
1/29/2021,3885,5.632818
1/29/2021,3886,5.633108
1/29/2021,3887,5.633399
1/29/2021,3888,5.633689
1/29/2021,3889,5.63398
1/29/2021,3890,5.63427
1/29/2021,3891,5.63456
1/29/2021,3892,5.634851
1/29/2021,3893,5.635141
1/29/2021,3894,5.635432
1/29/2021,3895,5.635722
1/29/2021,3896,5.636013
1/29/2021,3897,5.636303
1/29/2021,3898,5.636593
1/29/2021,3899,5.636884
1/29/2021,3900,5.637174
1/29/2021,3901,5.637465
1/29/2021,3902,5.637755
1/29/2021,3903,5.638046
1/29/2021,3904,5.638336
1/29/2021,3905,5.638626
1/29/2021,3906,5.638917
1/29/2021,3907,5.639207
1/29/2021,3908,5.639498
1/29/2021,3909,5.639788
1/29/2021,3910,5.640078
1/29/2021,3911,5.640369
1/29/2021,3912,5.640659
1/29/2021,3913,5.64095
1/29/2021,3914,5.64124
1/29/2021,3915,5.641531
1/29/2021,3916,5.641821
1/29/2021,3917,5.642111
1/29/2021,3918,5.642402
1/29/2021,3919,5.642692
1/29/2021,3920,5.642983
1/29/2021,3921,5.643273
1/29/2021,3922,5.643564
1/29/2021,3923,5.643854
1/29/2021,3924,5.644144
1/29/2021,3925,5.644435
1/29/2021,3926,5.644725
1/29/2021,3927,5.645016
1/29/2021,3928,5.645306
1/29/2021,3929,5.645597
1/29/2021,3930,5.645887
1/29/2021,3931,5.646177
1/29/2021,3932,5.646468
1/29/2021,3933,5.646758
1/29/2021,3934,5.647049
1/29/2021,3935,5.647339
1/29/2021,3936,5.64763
1/29/2021,3937,5.64792
1/29/2021,3938,5.64821
1/29/2021,3939,5.648501
1/29/2021,3940,5.648791
1/29/2021,3941,5.649082
1/29/2021,3942,5.649372
1/29/2021,3943,5.649662
1/29/2021,3944,5.649953
1/29/2021,3945,5.650243
1/29/2021,3946,5.650534
1/29/2021,3947,5.650824
1/29/2021,3948,5.651115
1/29/2021,3949,5.651405
1/29/2021,3950,5.651695
1/29/2021,3951,5.651986
1/29/2021,3952,5.652276
1/29/2021,3953,5.652567
1/29/2021,3954,5.652857
1/29/2021,3955,5.653148
1/29/2021,3956,5.653438
1/29/2021,3957,5.653728
1/29/2021,3958,5.654019
1/29/2021,3959,5.654309
1/29/2021,3960,5.6546
1/29/2021,3961,5.65489
1/29/2021,3962,5.655181
1/29/2021,3963,5.655471
1/29/2021,3964,5.655761
1/29/2021,3965,5.656052
1/29/2021,3966,5.656342
1/29/2021,3967,5.656633
1/29/2021,3968,5.656923
1/29/2021,3969,5.657214
1/29/2021,3970,5.657504
1/29/2021,3971,5.657794
1/29/2021,3972,5.658085
1/29/2021,3973,5.658375
1/29/2021,3974,5.658666
1/29/2021,3975,5.658956
1/29/2021,3976,5.659246
1/29/2021,3977,5.659537
1/29/2021,3978,5.659827
1/29/2021,3979,5.660118
1/29/2021,3980,5.660408
1/29/2021,3981,5.660699
1/29/2021,3982,5.660989
1/29/2021,3983,5.661279
1/29/2021,3984,5.66157
1/29/2021,3985,5.66186
1/29/2021,3986,5.662151
1/29/2021,3987,5.662441
1/29/2021,3988,5.662732
1/29/2021,3989,5.663022
1/29/2021,3990,5.663312
1/29/2021,3991,5.663603
1/29/2021,3992,5.663893
1/29/2021,3993,5.664184
1/29/2021,3994,5.664474
1/29/2021,3995,5.664765
1/29/2021,3996,5.665055
1/29/2021,3997,5.665345
1/29/2021,3998,5.665636
1/29/2021,3999,5.665926
1/29/2021,4000,5.666217
1/29/2021,4001,5.666507
1/29/2021,4002,5.666797
1/29/2021,4003,5.667088
1/29/2021,4004,5.667378
1/29/2021,4005,5.667669
1/29/2021,4006,5.667959
1/29/2021,4007,5.66825
1/29/2021,4008,5.66854
1/29/2021,4009,5.66883
1/29/2021,4010,5.669121
1/29/2021,4011,5.669411
1/29/2021,4012,5.669702
1/29/2021,4013,5.669992
1/29/2021,4014,5.670283
1/29/2021,4015,5.670573
1/29/2021,4016,5.670863
1/29/2021,4017,5.671154
1/29/2021,4018,5.671444
1/29/2021,4019,5.671735
1/29/2021,4020,5.672025
1/29/2021,4021,5.672316
1/29/2021,4022,5.672606
1/29/2021,4023,5.672896
1/29/2021,4024,5.673187
1/29/2021,4025,5.673477
1/29/2021,4026,5.673768
1/29/2021,4027,5.674058
1/29/2021,4028,5.674349
1/29/2021,4029,5.674639
1/29/2021,4030,5.674929
1/29/2021,4031,5.67522
1/29/2021,4032,5.67551
1/29/2021,4033,5.675801
1/29/2021,4034,5.676091
1/29/2021,4035,5.676381
1/29/2021,4036,5.676672
1/29/2021,4037,5.676962
1/29/2021,4038,5.677253
1/29/2021,4039,5.677543
1/29/2021,4040,5.677834
1/29/2021,4041,5.678124
1/29/2021,4042,5.678414
1/29/2021,4043,5.678705
1/29/2021,4044,5.678995
1/29/2021,4045,5.679286
1/29/2021,4046,5.679576
1/29/2021,4047,5.679867
1/29/2021,4048,5.680157
1/29/2021,4049,5.680447
1/29/2021,4050,5.680738
1/29/2021,4051,5.681028
1/29/2021,4052,5.681319
1/29/2021,4053,5.681609
1/29/2021,4054,5.6819
1/29/2021,4055,5.68219
1/29/2021,4056,5.68248
1/29/2021,4057,5.682771
1/29/2021,4058,5.683061
1/29/2021,4059,5.683352
1/29/2021,4060,5.683642
1/29/2021,4061,5.683932
1/29/2021,4062,5.684223
1/29/2021,4063,5.684513
1/29/2021,4064,5.684804
1/29/2021,4065,5.685094
1/29/2021,4066,5.685385
1/29/2021,4067,5.685675
1/29/2021,4068,5.685965
1/29/2021,4069,5.686256
1/29/2021,4070,5.686546
1/29/2021,4071,5.686837
1/29/2021,4072,5.687127
1/29/2021,4073,5.687418
1/29/2021,4074,5.687708
1/29/2021,4075,5.687998
1/29/2021,4076,5.688289
1/29/2021,4077,5.688579
1/29/2021,4078,5.68887
1/29/2021,4079,5.68916
1/29/2021,4080,5.689451
1/29/2021,4081,5.689741
1/29/2021,4082,5.690031
1/29/2021,4083,5.690322
1/29/2021,4084,5.690612
1/29/2021,4085,5.690903
1/29/2021,4086,5.691193
1/29/2021,4087,5.691484
1/29/2021,4088,5.691774
1/29/2021,4089,5.692064
1/29/2021,4090,5.692355
1/29/2021,4091,5.692645
1/29/2021,4092,5.692936
1/29/2021,4093,5.693226
1/29/2021,4094,5.693516
1/29/2021,4095,5.693807
1/29/2021,4096,5.694097
1/29/2021,4097,5.694388
1/29/2021,4098,5.694678
1/29/2021,4099,5.694969
1/29/2021,4100,5.695259
1/29/2021,4101,5.695549
1/29/2021,4102,5.69584
1/29/2021,4103,5.69613
1/29/2021,4104,5.696421
1/29/2021,4105,5.696711
1/29/2021,4106,5.697002
1/29/2021,4107,5.697292
1/29/2021,4108,5.697582
1/29/2021,4109,5.697873
1/29/2021,4110,5.698163
1/29/2021,4111,5.698454
1/29/2021,4112,5.698744
1/29/2021,4113,5.699035
1/29/2021,4114,5.699325
1/29/2021,4115,5.699615
1/29/2021,4116,5.699906
1/29/2021,4117,5.700196
1/29/2021,4118,5.700487
1/29/2021,4119,5.700777
1/29/2021,4120,5.701068
1/29/2021,4121,5.701358
1/29/2021,4122,5.701648
1/29/2021,4123,5.701939
1/29/2021,4124,5.702229
1/29/2021,4125,5.70252
1/29/2021,4126,5.70281
1/29/2021,4127,5.7031
1/29/2021,4128,5.703391
1/29/2021,4129,5.703681
1/29/2021,4130,5.703972
1/29/2021,4131,5.704262
1/29/2021,4132,5.704553
1/29/2021,4133,5.704843
1/29/2021,4134,5.705133
1/29/2021,4135,5.705424
1/29/2021,4136,5.705714
1/29/2021,4137,5.706005
1/29/2021,4138,5.706295
1/29/2021,4139,5.706586
1/29/2021,4140,5.706876
1/29/2021,4141,5.707166
1/29/2021,4142,5.707457
1/29/2021,4143,5.707747
1/29/2021,4144,5.708038
1/29/2021,4145,5.708328
1/29/2021,4146,5.708619
1/29/2021,4147,5.708909
1/29/2021,4148,5.709199
1/29/2021,4149,5.70949
1/29/2021,4150,5.70978
1/29/2021,4151,5.710071
1/29/2021,4152,5.710361
1/29/2021,4153,5.710651
1/29/2021,4154,5.710942
1/29/2021,4155,5.711232
1/29/2021,4156,5.711523
1/29/2021,4157,5.711813
1/29/2021,4158,5.712104
1/29/2021,4159,5.712394
1/29/2021,4160,5.712684
1/29/2021,4161,5.712975
1/29/2021,4162,5.713265
1/29/2021,4163,5.713556
1/29/2021,4164,5.713846
1/29/2021,4165,5.714137
1/29/2021,4166,5.714427
1/29/2021,4167,5.714717
1/29/2021,4168,5.715008
1/29/2021,4169,5.715298
1/29/2021,4170,5.715589
1/29/2021,4171,5.715879
1/29/2021,4172,5.71617
1/29/2021,4173,5.71646
1/29/2021,4174,5.71675
1/29/2021,4175,5.717041
1/29/2021,4176,5.717331
1/29/2021,4177,5.717622
1/29/2021,4178,5.717912
1/29/2021,4179,5.718203
1/29/2021,4180,5.718493
1/29/2021,4181,5.718783
1/29/2021,4182,5.719074
1/29/2021,4183,5.719364
1/29/2021,4184,5.719655
1/29/2021,4185,5.719945
1/29/2021,4186,5.720235
1/29/2021,4187,5.720526
1/29/2021,4188,5.720816
1/29/2021,4189,5.721107
1/29/2021,4190,5.721397
1/29/2021,4191,5.721688
1/29/2021,4192,5.721978
1/29/2021,4193,5.722268
1/29/2021,4194,5.722559
1/29/2021,4195,5.722849
1/29/2021,4196,5.72314
1/29/2021,4197,5.72343
1/29/2021,4198,5.723721
1/29/2021,4199,5.724011
1/29/2021,4200,5.724301
1/29/2021,4201,5.724592
1/29/2021,4202,5.724882
1/29/2021,4203,5.725173
1/29/2021,4204,5.725463
1/29/2021,4205,5.725754
1/29/2021,4206,5.726044
1/29/2021,4207,5.726334
1/29/2021,4208,5.726625
1/29/2021,4209,5.726915
1/29/2021,4210,5.727206
1/29/2021,4211,5.727496
1/29/2021,4212,5.727786
1/29/2021,4213,5.728077
1/29/2021,4214,5.728367
1/29/2021,4215,5.728658
1/29/2021,4216,5.728948
1/29/2021,4217,5.729239
1/29/2021,4218,5.729529
1/29/2021,4219,5.729819
1/29/2021,4220,5.73011
1/29/2021,4221,5.7304
1/29/2021,4222,5.730691
1/29/2021,4223,5.730981
1/29/2021,4224,5.731272
1/29/2021,4225,5.731562
1/29/2021,4226,5.731852
1/29/2021,4227,5.732143
1/29/2021,4228,5.732433
1/29/2021,4229,5.732724
1/29/2021,4230,5.733014
1/29/2021,4231,5.733305
1/29/2021,4232,5.733595
1/29/2021,4233,5.733885
1/29/2021,4234,5.734176
1/29/2021,4235,5.734466
1/29/2021,4236,5.734757
1/29/2021,4237,5.735047
1/29/2021,4238,5.735338
1/29/2021,4239,5.735628
1/29/2021,4240,5.735918
1/29/2021,4241,5.736209
1/29/2021,4242,5.736499
1/29/2021,4243,5.73679
1/29/2021,4244,5.73708
1/29/2021,4245,5.73737
1/29/2021,4246,5.737661
1/29/2021,4247,5.737951
1/29/2021,4248,5.738242
1/29/2021,4249,5.738532
1/29/2021,4250,5.738823
1/29/2021,4251,5.739113
1/29/2021,4252,5.739403
1/29/2021,4253,5.739694
1/29/2021,4254,5.739984
1/29/2021,4255,5.740275
1/29/2021,4256,5.740565
1/29/2021,4257,5.740856
1/29/2021,4258,5.741146
1/29/2021,4259,5.741436
1/29/2021,4260,5.741727
1/29/2021,4261,5.742017
1/29/2021,4262,5.742308
1/29/2021,4263,5.742598
1/29/2021,4264,5.742889
1/29/2021,4265,5.743179
1/29/2021,4266,5.743469
1/29/2021,4267,5.74376
1/29/2021,4268,5.74405
1/29/2021,4269,5.744341
1/29/2021,4270,5.744631
1/29/2021,4271,5.744922
1/29/2021,4272,5.745212
1/29/2021,4273,5.745502
1/29/2021,4274,5.745793
1/29/2021,4275,5.746083
1/29/2021,4276,5.746374
1/29/2021,4277,5.746664
1/29/2021,4278,5.746954
1/29/2021,4279,5.747245
1/29/2021,4280,5.747535
1/29/2021,4281,5.747826
1/29/2021,4282,5.748116
1/29/2021,4283,5.748407
1/29/2021,4284,5.748697
1/29/2021,4285,5.748987
1/29/2021,4286,5.749278
1/29/2021,4287,5.749568
1/29/2021,4288,5.749859
1/29/2021,4289,5.750149
1/29/2021,4290,5.75044
1/29/2021,4291,5.75073
1/29/2021,4292,5.75102
1/29/2021,4293,5.751311
1/29/2021,4294,5.751601
1/29/2021,4295,5.751892
1/29/2021,4296,5.752182
1/29/2021,4297,5.752473
1/29/2021,4298,5.752763
1/29/2021,4299,5.753053
1/29/2021,4300,5.753344
1/29/2021,4301,5.753634
1/29/2021,4302,5.753925
1/29/2021,4303,5.754215
1/29/2021,4304,5.754505
1/29/2021,4305,5.754796
1/29/2021,4306,5.755086
1/29/2021,4307,5.755377
1/29/2021,4308,5.755667
1/29/2021,4309,5.755958
1/29/2021,4310,5.756248
1/29/2021,4311,5.756538
1/29/2021,4312,5.756829
1/29/2021,4313,5.757119
1/29/2021,4314,5.75741
1/29/2021,4315,5.7577
1/29/2021,4316,5.757991
1/29/2021,4317,5.758281
1/29/2021,4318,5.758571
1/29/2021,4319,5.758862
1/29/2021,4320,5.759152
1/29/2021,4321,5.759443
1/29/2021,4322,5.759733
1/29/2021,4323,5.760024
1/29/2021,4324,5.760314
1/29/2021,4325,5.760604
1/29/2021,4326,5.760895
1/29/2021,4327,5.761185
1/29/2021,4328,5.761476
1/29/2021,4329,5.761766
1/29/2021,4330,5.762057
1/29/2021,4331,5.762347
1/29/2021,4332,5.762637
1/29/2021,4333,5.762928
1/29/2021,4334,5.763218
1/29/2021,4335,5.763509
1/29/2021,4336,5.763799
1/29/2021,4337,5.764089
1/29/2021,4338,5.76438
1/29/2021,4339,5.76467
1/29/2021,4340,5.764961
1/29/2021,4341,5.765251
1/29/2021,4342,5.765542
1/29/2021,4343,5.765832
1/29/2021,4344,5.766122
1/29/2021,4345,5.766413
1/29/2021,4346,5.766703
1/29/2021,4347,5.766994
1/29/2021,4348,5.767284
1/29/2021,4349,5.767575
1/29/2021,4350,5.767865
1/29/2021,4351,5.768155
1/29/2021,4352,5.768446
1/29/2021,4353,5.768736
1/29/2021,4354,5.769027
1/29/2021,4355,5.769317
1/29/2021,4356,5.769608
1/29/2021,4357,5.769898
1/29/2021,4358,5.770188
1/29/2021,4359,5.770479
1/29/2021,4360,5.770769
1/29/2021,4361,5.77106
1/29/2021,4362,5.77135
1/29/2021,4363,5.771641
1/29/2021,4364,5.771931
1/29/2021,4365,5.772221
1/29/2021,4366,5.772512
1/29/2021,4367,5.772802
1/29/2021,4368,5.773093
1/29/2021,4369,5.773383
1/29/2021,4370,5.773673
1/29/2021,4371,5.773964
1/29/2021,4372,5.774254
1/29/2021,4373,5.774545
1/29/2021,4374,5.774835
1/29/2021,4375,5.775126
1/29/2021,4376,5.775416
1/29/2021,4377,5.775706
1/29/2021,4378,5.775997
1/29/2021,4379,5.776287
1/29/2021,4380,5.776578
1/29/2021,4381,5.776868
1/29/2021,4382,5.777159
1/29/2021,4383,5.777449
1/29/2021,4384,5.777739
1/29/2021,4385,5.77803
1/29/2021,4386,5.77832
1/29/2021,4387,5.778611
1/29/2021,4388,5.778901
1/29/2021,4389,5.779192
1/29/2021,4390,5.779482
1/29/2021,4391,5.779772
1/29/2021,4392,5.780063
1/29/2021,4393,5.780353
1/29/2021,4394,5.780644
1/29/2021,4395,5.780934
1/29/2021,4396,5.781224
1/29/2021,4397,5.781515
1/29/2021,4398,5.781805
1/29/2021,4399,5.782096
1/29/2021,4400,5.782386
1/29/2021,4401,5.782677
1/29/2021,4402,5.782967
1/29/2021,4403,5.783257
1/29/2021,4404,5.783548
1/29/2021,4405,5.783838
1/29/2021,4406,5.784129
1/29/2021,4407,5.784419
1/29/2021,4408,5.78471
1/29/2021,4409,5.785
1/29/2021,4410,5.78529
1/29/2021,4411,5.785581
1/29/2021,4412,5.785871
1/29/2021,4413,5.786162
1/29/2021,4414,5.786452
1/29/2021,4415,5.786743
1/29/2021,4416,5.787033
1/29/2021,4417,5.787323
1/29/2021,4418,5.787614
1/29/2021,4419,5.787904
1/29/2021,4420,5.788195
1/29/2021,4421,5.788485
1/29/2021,4422,5.788776
1/29/2021,4423,5.789066
1/29/2021,4424,5.789356
1/29/2021,4425,5.789647
1/29/2021,4426,5.789937
1/29/2021,4427,5.790228
1/29/2021,4428,5.790518
1/29/2021,4429,5.790808
1/29/2021,4430,5.791099
1/29/2021,4431,5.791389
1/29/2021,4432,5.79168
1/29/2021,4433,5.79197
1/29/2021,4434,5.792261
1/29/2021,4435,5.792551
1/29/2021,4436,5.792841
1/29/2021,4437,5.793132
1/29/2021,4438,5.793422
1/29/2021,4439,5.793713
1/29/2021,4440,5.794003
1/29/2021,4441,5.794294
1/29/2021,4442,5.794584
1/29/2021,4443,5.794874
1/29/2021,4444,5.795165
1/29/2021,4445,5.795455
1/29/2021,4446,5.795746
1/29/2021,4447,5.796036
1/29/2021,4448,5.796327
1/29/2021,4449,5.796617
1/29/2021,4450,5.796907
1/29/2021,4451,5.797198
1/29/2021,4452,5.797488
1/29/2021,4453,5.797779
1/29/2021,4454,5.798069
1/29/2021,4455,5.798359
1/29/2021,4456,5.79865
1/29/2021,4457,5.79894
1/29/2021,4458,5.799231
1/29/2021,4459,5.799521
1/29/2021,4460,5.799812
1/29/2021,4461,5.800102
1/29/2021,4462,5.800392
1/29/2021,4463,5.800683
1/29/2021,4464,5.800973
1/29/2021,4465,5.801264
1/29/2021,4466,5.801554
1/29/2021,4467,5.801845
1/29/2021,4468,5.802135
1/29/2021,4469,5.802425
1/29/2021,4470,5.802716
1/29/2021,4471,5.803006
1/29/2021,4472,5.803297
1/29/2021,4473,5.803587
1/29/2021,4474,5.803878
1/29/2021,4475,5.804168
1/29/2021,4476,5.804458
1/29/2021,4477,5.804749
1/29/2021,4478,5.805039
1/29/2021,4479,5.80533
1/29/2021,4480,5.80562
1/29/2021,4481,5.805911
1/29/2021,4482,5.806201
1/29/2021,4483,5.806491
1/29/2021,4484,5.806782
1/29/2021,4485,5.807072
1/29/2021,4486,5.807363
1/29/2021,4487,5.807653
1/29/2021,4488,5.807943
1/29/2021,4489,5.808234
1/29/2021,4490,5.808524
1/29/2021,4491,5.808815
1/29/2021,4492,5.809105
1/29/2021,4493,5.809396
1/29/2021,4494,5.809686
1/29/2021,4495,5.809976
1/29/2021,4496,5.810267
1/29/2021,4497,5.810557
1/29/2021,4498,5.810848
1/29/2021,4499,5.811138
1/29/2021,4500,5.811429
1/29/2021,4501,5.811719
1/29/2021,4502,5.812009
1/29/2021,4503,5.8123
1/29/2021,4504,5.81259
1/29/2021,4505,5.812881
1/29/2021,4506,5.813171
1/29/2021,4507,5.813462
1/29/2021,4508,5.813752
1/29/2021,4509,5.814042
1/29/2021,4510,5.814333
1/29/2021,4511,5.814623
1/29/2021,4512,5.814914
1/29/2021,4513,5.815204
1/29/2021,4514,5.815495
1/29/2021,4515,5.815785
1/29/2021,4516,5.816075
1/29/2021,4517,5.816366
1/29/2021,4518,5.816656
1/29/2021,4519,5.816947
1/29/2021,4520,5.817237
1/29/2021,4521,5.817527
1/29/2021,4522,5.817818
1/29/2021,4523,5.818108
1/29/2021,4524,5.818399
1/29/2021,4525,5.818689
1/29/2021,4526,5.81898
1/29/2021,4527,5.81927
1/29/2021,4528,5.81956
1/29/2021,4529,5.819851
1/29/2021,4530,5.820141
1/29/2021,4531,5.820432
1/29/2021,4532,5.820722
1/29/2021,4533,5.821013
1/29/2021,4534,5.821303
1/29/2021,4535,5.821593
1/29/2021,4536,5.821884
1/29/2021,4537,5.822174
1/29/2021,4538,5.822465
1/29/2021,4539,5.822755
1/29/2021,4540,5.823046
1/29/2021,4541,5.823336
1/29/2021,4542,5.823626
1/29/2021,4543,5.823917
1/29/2021,4544,5.824207
1/29/2021,4545,5.824498
1/29/2021,4546,5.824788
1/29/2021,4547,5.825078
1/29/2021,4548,5.825369
1/29/2021,4549,5.825659
1/29/2021,4550,5.82595
1/29/2021,4551,5.82624
1/29/2021,4552,5.826531
1/29/2021,4553,5.826821
1/29/2021,4554,5.827111
1/29/2021,4555,5.827402
1/29/2021,4556,5.827692
1/29/2021,4557,5.827983
1/29/2021,4558,5.828273
1/29/2021,4559,5.828564
1/29/2021,4560,5.828854
1/29/2021,4561,5.829144
1/29/2021,4562,5.829435
1/29/2021,4563,5.829725
1/29/2021,4564,5.830016
1/29/2021,4565,5.830306
1/29/2021,4566,5.830597
1/29/2021,4567,5.830887
1/29/2021,4568,5.831177
1/29/2021,4569,5.831468
1/29/2021,4570,5.831758
1/29/2021,4571,5.832049
1/29/2021,4572,5.832339
1/29/2021,4573,5.83263
1/29/2021,4574,5.83292
1/29/2021,4575,5.83321
1/29/2021,4576,5.833501
1/29/2021,4577,5.833791
1/29/2021,4578,5.834082
1/29/2021,4579,5.834372
1/29/2021,4580,5.834662
1/29/2021,4581,5.834953
1/29/2021,4582,5.835243
1/29/2021,4583,5.835534
1/29/2021,4584,5.835824
1/29/2021,4585,5.836115
1/29/2021,4586,5.836405
1/29/2021,4587,5.836695
1/29/2021,4588,5.836986
1/29/2021,4589,5.837276
1/29/2021,4590,5.837567
1/29/2021,4591,5.837857
1/29/2021,4592,5.838148
1/29/2021,4593,5.838438
1/29/2021,4594,5.838728
1/29/2021,4595,5.839019
1/29/2021,4596,5.839309
1/29/2021,4597,5.8396
1/29/2021,4598,5.83989
1/29/2021,4599,5.840181
1/29/2021,4600,5.840471
1/29/2021,4601,5.840761
1/29/2021,4602,5.841052
1/29/2021,4603,5.841342
1/29/2021,4604,5.841633
1/29/2021,4605,5.841923
1/29/2021,4606,5.842214
1/29/2021,4607,5.842504
1/29/2021,4608,5.842794
1/29/2021,4609,5.843085
1/29/2021,4610,5.843375
1/29/2021,4611,5.843666
1/29/2021,4612,5.843956
1/29/2021,4613,5.844246
1/29/2021,4614,5.844537
1/29/2021,4615,5.844827
1/29/2021,4616,5.845118
1/29/2021,4617,5.845408
1/29/2021,4618,5.845699
1/29/2021,4619,5.845989
1/29/2021,4620,5.846279
1/29/2021,4621,5.84657
1/29/2021,4622,5.84686
1/29/2021,4623,5.847151
1/29/2021,4624,5.847441
1/29/2021,4625,5.847732
1/29/2021,4626,5.848022
1/29/2021,4627,5.848312
1/29/2021,4628,5.848603
1/29/2021,4629,5.848893
1/29/2021,4630,5.849184
1/29/2021,4631,5.849474
1/29/2021,4632,5.849765
1/29/2021,4633,5.850055
1/29/2021,4634,5.850345
1/29/2021,4635,5.850636
1/29/2021,4636,5.850926
1/29/2021,4637,5.851217
1/29/2021,4638,5.851507
1/29/2021,4639,5.851797
1/29/2021,4640,5.852088
1/29/2021,4641,5.852378
1/29/2021,4642,5.852669
1/29/2021,4643,5.852959
1/29/2021,4644,5.85325
1/29/2021,4645,5.85354
1/29/2021,4646,5.85383
1/29/2021,4647,5.854121
1/29/2021,4648,5.854411
1/29/2021,4649,5.854702
1/29/2021,4650,5.854992
1/29/2021,4651,5.855283
1/29/2021,4652,5.855573
1/29/2021,4653,5.855863
1/29/2021,4654,5.856154
1/29/2021,4655,5.856444
1/29/2021,4656,5.856735
1/29/2021,4657,5.857025
1/29/2021,4658,5.857316
1/29/2021,4659,5.857606
1/29/2021,4660,5.857896
1/29/2021,4661,5.858187
1/29/2021,4662,5.858477
1/29/2021,4663,5.858768
1/29/2021,4664,5.859058
1/29/2021,4665,5.859349
1/29/2021,4666,5.859639
1/29/2021,4667,5.859929
1/29/2021,4668,5.86022
1/29/2021,4669,5.86051
1/29/2021,4670,5.860801
1/29/2021,4671,5.861091
1/29/2021,4672,5.861381
1/29/2021,4673,5.861672
1/29/2021,4674,5.861962
1/29/2021,4675,5.862253
1/29/2021,4676,5.862543
1/29/2021,4677,5.862834
1/29/2021,4678,5.863124
1/29/2021,4679,5.863414
1/29/2021,4680,5.863705
1/29/2021,4681,5.863995
1/29/2021,4682,5.864286
1/29/2021,4683,5.864576
1/29/2021,4684,5.864867
1/29/2021,4685,5.865157
1/29/2021,4686,5.865447
1/29/2021,4687,5.865738
1/29/2021,4688,5.866028
1/29/2021,4689,5.866319
1/29/2021,4690,5.866609
1/29/2021,4691,5.8669
1/29/2021,4692,5.86719
1/29/2021,4693,5.86748
1/29/2021,4694,5.867771
1/29/2021,4695,5.868061
1/29/2021,4696,5.868352
1/29/2021,4697,5.868642
1/29/2021,4698,5.868932
1/29/2021,4699,5.869223
1/29/2021,4700,5.869513
1/29/2021,4701,5.869804
1/29/2021,4702,5.870094
1/29/2021,4703,5.870385
1/29/2021,4704,5.870675
1/29/2021,4705,5.870965
1/29/2021,4706,5.871256
1/29/2021,4707,5.871546
1/29/2021,4708,5.871837
1/29/2021,4709,5.872127
1/29/2021,4710,5.872418
1/29/2021,4711,5.872708
1/29/2021,4712,5.872998
1/29/2021,4713,5.873289
1/29/2021,4714,5.873579
1/29/2021,4715,5.87387
1/29/2021,4716,5.87416
1/29/2021,4717,5.874451
1/29/2021,4718,5.874741
1/29/2021,4719,5.875031
1/29/2021,4720,5.875322
1/29/2021,4721,5.875612
1/29/2021,4722,5.875903
1/29/2021,4723,5.876193
1/29/2021,4724,5.876484
1/29/2021,4725,5.876774
1/29/2021,4726,5.877064
1/29/2021,4727,5.877355
1/29/2021,4728,5.877645
1/29/2021,4729,5.877936
1/29/2021,4730,5.878226
1/29/2021,4731,5.878516
1/29/2021,4732,5.878807
1/29/2021,4733,5.879097
1/29/2021,4734,5.879388
1/29/2021,4735,5.879678
1/29/2021,4736,5.879969
1/29/2021,4737,5.880259
1/29/2021,4738,5.880549
1/29/2021,4739,5.88084
1/29/2021,4740,5.88113
1/29/2021,4741,5.881421
1/29/2021,4742,5.881711
1/29/2021,4743,5.882002
1/29/2021,4744,5.882292
1/29/2021,4745,5.882582
1/29/2021,4746,5.882873
1/29/2021,4747,5.883163
1/29/2021,4748,5.883454
1/29/2021,4749,5.883744
1/29/2021,4750,5.884035
1/29/2021,4751,5.884325
1/29/2021,4752,5.884615
1/29/2021,4753,5.884906
1/29/2021,4754,5.885196
1/29/2021,4755,5.885487
1/29/2021,4756,5.885777
1/29/2021,4757,5.886068
1/29/2021,4758,5.886358
1/29/2021,4759,5.886648
1/29/2021,4760,5.886939
1/29/2021,4761,5.887229
1/29/2021,4762,5.88752
1/29/2021,4763,5.88781
1/29/2021,4764,5.8881
1/29/2021,4765,5.888391
1/29/2021,4766,5.888681
1/29/2021,4767,5.888972
1/29/2021,4768,5.889262
1/29/2021,4769,5.889553
1/29/2021,4770,5.889843
1/29/2021,4771,5.890133
1/29/2021,4772,5.890424
1/29/2021,4773,5.890714
1/29/2021,4774,5.891005
1/29/2021,4775,5.891295
1/29/2021,4776,5.891586
1/29/2021,4777,5.891876
1/29/2021,4778,5.892166
1/29/2021,4779,5.892457
1/29/2021,4780,5.892747
1/29/2021,4781,5.893038
1/29/2021,4782,5.893328
1/29/2021,4783,5.893619
1/29/2021,4784,5.893909
1/29/2021,4785,5.894199
1/29/2021,4786,5.89449
1/29/2021,4787,5.89478
1/29/2021,4788,5.895071
1/29/2021,4789,5.895361
1/29/2021,4790,5.895651
1/29/2021,4791,5.895942
1/29/2021,4792,5.896232
1/29/2021,4793,5.896523
1/29/2021,4794,5.896813
1/29/2021,4795,5.897104
1/29/2021,4796,5.897394
1/29/2021,4797,5.897684
1/29/2021,4798,5.897975
1/29/2021,4799,5.898265
1/29/2021,4800,5.898556
1/29/2021,4801,5.898846
1/29/2021,4802,5.899137
1/29/2021,4803,5.899427
1/29/2021,4804,5.899717
1/29/2021,4805,5.900008
1/29/2021,4806,5.900298
1/29/2021,4807,5.900589
1/29/2021,4808,5.900879
1/29/2021,4809,5.90117
1/29/2021,4810,5.90146
1/29/2021,4811,5.90175
1/29/2021,4812,5.902041
1/29/2021,4813,5.902331
1/29/2021,4814,5.902622
1/29/2021,4815,5.902912
1/29/2021,4816,5.903203
1/29/2021,4817,5.903493
1/29/2021,4818,5.903783
1/29/2021,4819,5.904074
1/29/2021,4820,5.904364
1/29/2021,4821,5.904655
1/29/2021,4822,5.904945
1/29/2021,4823,5.905235
1/29/2021,4824,5.905526
1/29/2021,4825,5.905816
1/29/2021,4826,5.906107
1/29/2021,4827,5.906397
1/29/2021,4828,5.906688
1/29/2021,4829,5.906978
1/29/2021,4830,5.907268
1/29/2021,4831,5.907559
1/29/2021,4832,5.907849
1/29/2021,4833,5.90814
1/29/2021,4834,5.90843
1/29/2021,4835,5.908721
1/29/2021,4836,5.909011
1/29/2021,4837,5.909301
1/29/2021,4838,5.909592
1/29/2021,4839,5.909882
1/29/2021,4840,5.910173
1/29/2021,4841,5.910463
1/29/2021,4842,5.910754
1/29/2021,4843,5.911044
1/29/2021,4844,5.911334
1/29/2021,4845,5.911625
1/29/2021,4846,5.911915
1/29/2021,4847,5.912206
1/29/2021,4848,5.912496
1/29/2021,4849,5.912786
1/29/2021,4850,5.913077
1/29/2021,4851,5.913367
1/29/2021,4852,5.913658
1/29/2021,4853,5.913948
1/29/2021,4854,5.914239
1/29/2021,4855,5.914529
1/29/2021,4856,5.914819
1/29/2021,4857,5.91511
1/29/2021,4858,5.9154
1/29/2021,4859,5.915691
1/29/2021,4860,5.915981
1/29/2021,4861,5.916272
1/29/2021,4862,5.916562
1/29/2021,4863,5.916852
1/29/2021,4864,5.917143
1/29/2021,4865,5.917433
1/29/2021,4866,5.917724
1/29/2021,4867,5.918014
1/29/2021,4868,5.918305
1/29/2021,4869,5.918595
1/29/2021,4870,5.918885
1/29/2021,4871,5.919176
1/29/2021,4872,5.919466
1/29/2021,4873,5.919757
1/29/2021,4874,5.920047
1/29/2021,4875,5.920338
1/29/2021,4876,5.920628
1/29/2021,4877,5.920918
1/29/2021,4878,5.921209
1/29/2021,4879,5.921499
1/29/2021,4880,5.92179
1/29/2021,4881,5.92208
1/29/2021,4882,5.92237
1/29/2021,4883,5.922661
1/29/2021,4884,5.922951
1/29/2021,4885,5.923242
1/29/2021,4886,5.923532
1/29/2021,4887,5.923823
1/29/2021,4888,5.924113
1/29/2021,4889,5.924403
1/29/2021,4890,5.924694
1/29/2021,4891,5.924984
1/29/2021,4892,5.925275
1/29/2021,4893,5.925565
1/29/2021,4894,5.925856
1/29/2021,4895,5.926146
1/29/2021,4896,5.926436
1/29/2021,4897,5.926727
1/29/2021,4898,5.927017
1/29/2021,4899,5.927308
1/29/2021,4900,5.927598
1/29/2021,4901,5.927889
1/29/2021,4902,5.928179
1/29/2021,4903,5.928469
1/29/2021,4904,5.92876
1/29/2021,4905,5.92905
1/29/2021,4906,5.929341
1/29/2021,4907,5.929631
1/29/2021,4908,5.929922
1/29/2021,4909,5.930212
1/29/2021,4910,5.930502
1/29/2021,4911,5.930793
1/29/2021,4912,5.931083
1/29/2021,4913,5.931374
1/29/2021,4914,5.931664
1/29/2021,4915,5.931954
1/29/2021,4916,5.932245
1/29/2021,4917,5.932535
1/29/2021,4918,5.932826
1/29/2021,4919,5.933116
1/29/2021,4920,5.933407
1/29/2021,4921,5.933697
1/29/2021,4922,5.933987
1/29/2021,4923,5.934278
1/29/2021,4924,5.934568
1/29/2021,4925,5.934859
1/29/2021,4926,5.935149
1/29/2021,4927,5.93544
1/29/2021,4928,5.93573
1/29/2021,4929,5.93602
1/29/2021,4930,5.936311
1/29/2021,4931,5.936601
1/29/2021,4932,5.936892
1/29/2021,4933,5.937182
1/29/2021,4934,5.937473
1/29/2021,4935,5.937763
1/29/2021,4936,5.938053
1/29/2021,4937,5.938344
1/29/2021,4938,5.938634
1/29/2021,4939,5.938925
1/29/2021,4940,5.939215
1/29/2021,4941,5.939505
1/29/2021,4942,5.939796
1/29/2021,4943,5.940086
1/29/2021,4944,5.940377
1/29/2021,4945,5.940667
1/29/2021,4946,5.940958
1/29/2021,4947,5.941248
1/29/2021,4948,5.941538
1/29/2021,4949,5.941829
1/29/2021,4950,5.942119
1/29/2021,4951,5.94241
1/29/2021,4952,5.9427
1/29/2021,4953,5.942991
1/29/2021,4954,5.943281
1/29/2021,4955,5.943571
1/29/2021,4956,5.943862
1/29/2021,4957,5.944152
1/29/2021,4958,5.944443
1/29/2021,4959,5.944733
1/29/2021,4960,5.945024
1/29/2021,4961,5.945314
1/29/2021,4962,5.945604
1/29/2021,4963,5.945895
1/29/2021,4964,5.946185
1/29/2021,4965,5.946476
1/29/2021,4966,5.946766
1/29/2021,4967,5.947057
1/29/2021,4968,5.947347
1/29/2021,4969,5.947637
1/29/2021,4970,5.947928
1/29/2021,4971,5.948218
1/29/2021,4972,5.948509
1/29/2021,4973,5.948799
1/29/2021,4974,5.949089
1/29/2021,4975,5.94938
1/29/2021,4976,5.94967
1/29/2021,4977,5.949961
1/29/2021,4978,5.950251
1/29/2021,4979,5.950542
1/29/2021,4980,5.950832
1/29/2021,4981,5.951122
1/29/2021,4982,5.951413
1/29/2021,4983,5.951703
1/29/2021,4984,5.951994
1/29/2021,4985,5.952284
1/29/2021,4986,5.952575
1/29/2021,4987,5.952865
1/29/2021,4988,5.953155
1/29/2021,4989,5.953446
1/29/2021,4990,5.953736
1/29/2021,4991,5.954027
1/29/2021,4992,5.954317
1/29/2021,4993,5.954608
1/29/2021,4994,5.954898
1/29/2021,4995,5.955188
1/29/2021,4996,5.955479
1/29/2021,4997,5.955769
1/29/2021,4998,5.95606
1/29/2021,4999,5.95635
1/29/2021,5000,5.956641
1/29/2021,5001,5.956931
1/29/2021,5002,5.957221
1/29/2021,5003,5.957512
1/29/2021,5004,5.957802
1/29/2021,5005,5.958093
1/29/2021,5006,5.958383
1/29/2021,5007,5.958673
1/29/2021,5008,5.958964
1/29/2021,5009,5.959254
1/29/2021,5010,5.959545
1/29/2021,5011,5.959835
1/29/2021,5012,5.960126
1/29/2021,5013,5.960416
1/29/2021,5014,5.960706
1/29/2021,5015,5.960997
1/29/2021,5016,5.961287
1/29/2021,5017,5.961578
1/29/2021,5018,5.961868
1/29/2021,5019,5.962159
1/29/2021,5020,5.962449
1/29/2021,5021,5.962739
1/29/2021,5022,5.96303
1/29/2021,5023,5.96332
1/29/2021,5024,5.963611
1/29/2021,5025,5.963901
1/29/2021,5026,5.964192
1/29/2021,5027,5.964482
1/29/2021,5028,5.964772
1/29/2021,5029,5.965063
1/29/2021,5030,5.965353
1/29/2021,5031,5.965644
1/29/2021,5032,5.965934
1/29/2021,5033,5.966224
1/29/2021,5034,5.966515
1/29/2021,5035,5.966805
1/29/2021,5036,5.967096
1/29/2021,5037,5.967386
1/29/2021,5038,5.967677
1/29/2021,5039,5.967967
1/29/2021,5040,5.968257
1/29/2021,5041,5.968548
1/29/2021,5042,5.968838
1/29/2021,5043,5.969129
1/29/2021,5044,5.969419
1/29/2021,5045,5.96971
1/29/2021,5046,5.97
1/29/2021,5047,5.970343
1/29/2021,5048,5.970687
1/29/2021,5049,5.97103
1/29/2021,5050,5.971374
1/29/2021,5051,5.971717
1/29/2021,5052,5.97206
1/29/2021,5053,5.972404
1/29/2021,5054,5.972747
1/29/2021,5055,5.973091
1/29/2021,5056,5.973434
1/29/2021,5057,5.973777
1/29/2021,5058,5.974121
1/29/2021,5059,5.974464
1/29/2021,5060,5.974808
1/29/2021,5061,5.975151
1/29/2021,5062,5.975495
1/29/2021,5063,5.975838
1/29/2021,5064,5.976181
1/29/2021,5065,5.976525
1/29/2021,5066,5.976868
1/29/2021,5067,5.977212
1/29/2021,5068,5.977555
1/29/2021,5069,5.977898
1/29/2021,5070,5.978242
1/29/2021,5071,5.978585
1/29/2021,5072,5.978929
1/29/2021,5073,5.979272
1/29/2021,5074,5.979615
1/29/2021,5075,5.979959
1/29/2021,5076,5.980302
1/29/2021,5077,5.980646
1/29/2021,5078,5.980989
1/29/2021,5079,5.981332
1/29/2021,5080,5.981676
1/29/2021,5081,5.982019
1/29/2021,5082,5.982363
1/29/2021,5083,5.982706
1/29/2021,5084,5.983049
1/29/2021,5085,5.983393
1/29/2021,5086,5.983736
1/29/2021,5087,5.98408
1/29/2021,5088,5.984423
1/29/2021,5089,5.984766
1/29/2021,5090,5.98511
1/29/2021,5091,5.985453
1/29/2021,5092,5.985797
1/29/2021,5093,5.98614
1/29/2021,5094,5.986484
1/29/2021,5095,5.986827
1/29/2021,5096,5.98717
1/29/2021,5097,5.987514
1/29/2021,5098,5.987857
1/29/2021,5099,5.988201
1/29/2021,5100,5.988544
1/29/2021,5101,5.988887
1/29/2021,5102,5.989231
1/29/2021,5103,5.989574
1/29/2021,5104,5.989918
1/29/2021,5105,5.990261
1/29/2021,5106,5.990604
1/29/2021,5107,5.990948
1/29/2021,5108,5.991291
1/29/2021,5109,5.991635
1/29/2021,5110,5.991978
1/29/2021,5111,5.992321
1/29/2021,5112,5.992665
1/29/2021,5113,5.993008
1/29/2021,5114,5.993352
1/29/2021,5115,5.993695
1/29/2021,5116,5.994038
1/29/2021,5117,5.994382
1/29/2021,5118,5.994725
1/29/2021,5119,5.995069
1/29/2021,5120,5.995412
1/29/2021,5121,5.995755
1/29/2021,5122,5.996099
1/29/2021,5123,5.996442
1/29/2021,5124,5.996786
1/29/2021,5125,5.997129
1/29/2021,5126,5.997473
1/29/2021,5127,5.997816
1/29/2021,5128,5.998159
1/29/2021,5129,5.998503
1/29/2021,5130,5.998846
1/29/2021,5131,5.99919
1/29/2021,5132,5.999533
1/29/2021,5133,5.999876
1/29/2021,5134,6.00022
1/29/2021,5135,6.000563
1/29/2021,5136,6.000907
1/29/2021,5137,6.00125
1/29/2021,5138,6.001593
1/29/2021,5139,6.001937
1/29/2021,5140,6.00228
1/29/2021,5141,6.002624
1/29/2021,5142,6.002967
1/29/2021,5143,6.00331
1/29/2021,5144,6.003654
1/29/2021,5145,6.003997
1/29/2021,5146,6.004341
1/29/2021,5147,6.004684
1/29/2021,5148,6.005027
1/29/2021,5149,6.005371
1/29/2021,5150,6.005714
1/29/2021,5151,6.006058
1/29/2021,5152,6.006401
1/29/2021,5153,6.006745
1/29/2021,5154,6.007088
1/29/2021,5155,6.007431
1/29/2021,5156,6.007775
1/29/2021,5157,6.008118
1/29/2021,5158,6.008462
1/29/2021,5159,6.008805
1/29/2021,5160,6.009148
1/29/2021,5161,6.009492
1/29/2021,5162,6.009835
1/29/2021,5163,6.010179
1/29/2021,5164,6.010522
1/29/2021,5165,6.010865
1/29/2021,5166,6.011209
1/29/2021,5167,6.011552
1/29/2021,5168,6.011896
1/29/2021,5169,6.012239
1/29/2021,5170,6.012582
1/29/2021,5171,6.012926
1/29/2021,5172,6.013269
1/29/2021,5173,6.013613
1/29/2021,5174,6.013956
1/29/2021,5175,6.014299
1/29/2021,5176,6.014643
1/29/2021,5177,6.014986
1/29/2021,5178,6.01533
1/29/2021,5179,6.015673
1/29/2021,5180,6.016016
1/29/2021,5181,6.01636
1/29/2021,5182,6.016703
1/29/2021,5183,6.017047
1/29/2021,5184,6.01739
1/29/2021,5185,6.017734
1/29/2021,5186,6.018077
1/29/2021,5187,6.01842
1/29/2021,5188,6.018764
1/29/2021,5189,6.019107
1/29/2021,5190,6.019451
1/29/2021,5191,6.019794
1/29/2021,5192,6.020137
1/29/2021,5193,6.020481
1/29/2021,5194,6.020824
1/29/2021,5195,6.021168
1/29/2021,5196,6.021511
1/29/2021,5197,6.021854
1/29/2021,5198,6.022198
1/29/2021,5199,6.022541
1/29/2021,5200,6.022885
1/29/2021,5201,6.023228
1/29/2021,5202,6.023571
1/29/2021,5203,6.023915
1/29/2021,5204,6.024258
1/29/2021,5205,6.024602
1/29/2021,5206,6.024945
1/29/2021,5207,6.025288
1/29/2021,5208,6.025632
1/29/2021,5209,6.025975
1/29/2021,5210,6.026319
1/29/2021,5211,6.026662
1/29/2021,5212,6.027005
1/29/2021,5213,6.027349
1/29/2021,5214,6.027692
1/29/2021,5215,6.028036
1/29/2021,5216,6.028379
1/29/2021,5217,6.028723
1/29/2021,5218,6.029066
1/29/2021,5219,6.029409
1/29/2021,5220,6.029753
1/29/2021,5221,6.030096
1/29/2021,5222,6.03044
1/29/2021,5223,6.030783
1/29/2021,5224,6.031126
1/29/2021,5225,6.03147
1/29/2021,5226,6.031813
1/29/2021,5227,6.032157
1/29/2021,5228,6.0325
1/29/2021,5229,6.032843
1/29/2021,5230,6.033187
1/29/2021,5231,6.03353
1/29/2021,5232,6.033874
1/29/2021,5233,6.034217
1/29/2021,5234,6.03456
1/29/2021,5235,6.034904
1/29/2021,5236,6.035247
1/29/2021,5237,6.035591
1/29/2021,5238,6.035934
1/29/2021,5239,6.036277
1/29/2021,5240,6.036621
1/29/2021,5241,6.036964
1/29/2021,5242,6.037308
1/29/2021,5243,6.037651
1/29/2021,5244,6.037995
1/29/2021,5245,6.038338
1/29/2021,5246,6.038681
1/29/2021,5247,6.039025
1/29/2021,5248,6.039368
1/29/2021,5249,6.039712
1/29/2021,5250,6.040055
1/29/2021,5251,6.040398
1/29/2021,5252,6.040742
1/29/2021,5253,6.041085
1/29/2021,5254,6.041429
1/29/2021,5255,6.041772
1/29/2021,5256,6.042115
1/29/2021,5257,6.042459
1/29/2021,5258,6.042802
1/29/2021,5259,6.043146
1/29/2021,5260,6.043489
1/29/2021,5261,6.043832
1/29/2021,5262,6.044176
1/29/2021,5263,6.044519
1/29/2021,5264,6.044863
1/29/2021,5265,6.045206
1/29/2021,5266,6.045549
1/29/2021,5267,6.045893
1/29/2021,5268,6.046236
1/29/2021,5269,6.04658
1/29/2021,5270,6.046923
1/29/2021,5271,6.047266
1/29/2021,5272,6.04761
1/29/2021,5273,6.047953
1/29/2021,5274,6.048297
1/29/2021,5275,6.04864
1/29/2021,5276,6.048984
1/29/2021,5277,6.049327
1/29/2021,5278,6.04967
1/29/2021,5279,6.050014
1/29/2021,5280,6.050357
1/29/2021,5281,6.050701
1/29/2021,5282,6.051044
1/29/2021,5283,6.051387
1/29/2021,5284,6.051731
1/29/2021,5285,6.052074
1/29/2021,5286,6.052418
1/29/2021,5287,6.052761
1/29/2021,5288,6.053104
1/29/2021,5289,6.053448
1/29/2021,5290,6.053791
1/29/2021,5291,6.054135
1/29/2021,5292,6.054478
1/29/2021,5293,6.054821
1/29/2021,5294,6.055165
1/29/2021,5295,6.055508
1/29/2021,5296,6.055852
1/29/2021,5297,6.056195
1/29/2021,5298,6.056538
1/29/2021,5299,6.056882
1/29/2021,5300,6.057225
1/29/2021,5301,6.057569
1/29/2021,5302,6.057912
1/29/2021,5303,6.058255
1/29/2021,5304,6.058599
1/29/2021,5305,6.058942
1/29/2021,5306,6.059286
1/29/2021,5307,6.059629
1/29/2021,5308,6.059973
1/29/2021,5309,6.060316
1/29/2021,5310,6.060659
1/29/2021,5311,6.061003
1/29/2021,5312,6.061346
1/29/2021,5313,6.06169
1/29/2021,5314,6.062033
1/29/2021,5315,6.062376
1/29/2021,5316,6.06272
1/29/2021,5317,6.063063
1/29/2021,5318,6.063407
1/29/2021,5319,6.06375
1/29/2021,5320,6.064093
1/29/2021,5321,6.064437
1/29/2021,5322,6.06478
1/29/2021,5323,6.065124
1/29/2021,5324,6.065467
1/29/2021,5325,6.06581
1/29/2021,5326,6.066154
1/29/2021,5327,6.066497
1/29/2021,5328,6.066841
1/29/2021,5329,6.067184
1/29/2021,5330,6.067527
1/29/2021,5331,6.067871
1/29/2021,5332,6.068214
1/29/2021,5333,6.068558
1/29/2021,5334,6.068901
1/29/2021,5335,6.069245
1/29/2021,5336,6.069588
1/29/2021,5337,6.069931
1/29/2021,5338,6.070275
1/29/2021,5339,6.070618
1/29/2021,5340,6.070962
1/29/2021,5341,6.071305
1/29/2021,5342,6.071648
1/29/2021,5343,6.071992
1/29/2021,5344,6.072335
1/29/2021,5345,6.072679
1/29/2021,5346,6.073022
1/29/2021,5347,6.073365
1/29/2021,5348,6.073709
1/29/2021,5349,6.074052
1/29/2021,5350,6.074396
1/29/2021,5351,6.074739
1/29/2021,5352,6.075082
1/29/2021,5353,6.075426
1/29/2021,5354,6.075769
1/29/2021,5355,6.076113
1/29/2021,5356,6.076456
1/29/2021,5357,6.076799
1/29/2021,5358,6.077143
1/29/2021,5359,6.077486
1/29/2021,5360,6.07783
1/29/2021,5361,6.078173
1/29/2021,5362,6.078516
1/29/2021,5363,6.07886
1/29/2021,5364,6.079203
1/29/2021,5365,6.079547
1/29/2021,5366,6.07989
1/29/2021,5367,6.080234
1/29/2021,5368,6.080577
1/29/2021,5369,6.08092
1/29/2021,5370,6.081264
1/29/2021,5371,6.081607
1/29/2021,5372,6.081951
1/29/2021,5373,6.082294
1/29/2021,5374,6.082637
1/29/2021,5375,6.082981
1/29/2021,5376,6.083324
1/29/2021,5377,6.083668
1/29/2021,5378,6.084011
1/29/2021,5379,6.084354
1/29/2021,5380,6.084698
1/29/2021,5381,6.085041
1/29/2021,5382,6.085385
1/29/2021,5383,6.085728
1/29/2021,5384,6.086071
1/29/2021,5385,6.086415
1/29/2021,5386,6.086758
1/29/2021,5387,6.087102
1/29/2021,5388,6.087445
1/29/2021,5389,6.087788
1/29/2021,5390,6.088132
1/29/2021,5391,6.088475
1/29/2021,5392,6.088819
1/29/2021,5393,6.089162
1/29/2021,5394,6.089505
1/29/2021,5395,6.089849
1/29/2021,5396,6.090192
1/29/2021,5397,6.090536
1/29/2021,5398,6.090879
1/29/2021,5399,6.091223
1/29/2021,5400,6.091566
1/29/2021,5401,6.091909
1/29/2021,5402,6.092253
1/29/2021,5403,6.092596
1/29/2021,5404,6.09294
1/29/2021,5405,6.093283
1/29/2021,5406,6.093626
1/29/2021,5407,6.09397
1/29/2021,5408,6.094313
1/29/2021,5409,6.094657
1/29/2021,5410,6.095
1/29/2021,5411,6.095343
1/29/2021,5412,6.095687
1/29/2021,5413,6.09603
1/29/2021,5414,6.096374
1/29/2021,5415,6.096717
1/29/2021,5416,6.09706
1/29/2021,5417,6.097404
1/29/2021,5418,6.097747
1/29/2021,5419,6.098091
1/29/2021,5420,6.098434
1/29/2021,5421,6.098777
1/29/2021,5422,6.099121
1/29/2021,5423,6.099464
1/29/2021,5424,6.099808
1/29/2021,5425,6.100151
1/29/2021,5426,6.100495
1/29/2021,5427,6.100838
1/29/2021,5428,6.101181
1/29/2021,5429,6.101525
1/29/2021,5430,6.101868
1/29/2021,5431,6.102212
1/29/2021,5432,6.102555
1/29/2021,5433,6.102898
1/29/2021,5434,6.103242
1/29/2021,5435,6.103585
1/29/2021,5436,6.103929
1/29/2021,5437,6.104272
1/29/2021,5438,6.104615
1/29/2021,5439,6.104959
1/29/2021,5440,6.105302
1/29/2021,5441,6.105646
1/29/2021,5442,6.105989
1/29/2021,5443,6.106332
1/29/2021,5444,6.106676
1/29/2021,5445,6.107019
1/29/2021,5446,6.107363
1/29/2021,5447,6.107706
1/29/2021,5448,6.108049
1/29/2021,5449,6.108393
1/29/2021,5450,6.108736
1/29/2021,5451,6.10908
1/29/2021,5452,6.109423
1/29/2021,5453,6.109766
1/29/2021,5454,6.11011
1/29/2021,5455,6.110453
1/29/2021,5456,6.110797
1/29/2021,5457,6.11114
1/29/2021,5458,6.111484
1/29/2021,5459,6.111827
1/29/2021,5460,6.11217
1/29/2021,5461,6.112514
1/29/2021,5462,6.112857
1/29/2021,5463,6.113201
1/29/2021,5464,6.113544
1/29/2021,5465,6.113887
1/29/2021,5466,6.114231
1/29/2021,5467,6.114574
1/29/2021,5468,6.114918
1/29/2021,5469,6.115261
1/29/2021,5470,6.115604
1/29/2021,5471,6.115948
1/29/2021,5472,6.116291
1/29/2021,5473,6.116635
1/29/2021,5474,6.116978
1/29/2021,5475,6.117321
1/29/2021,5476,6.117665
1/29/2021,5477,6.118008
1/29/2021,5478,6.118352
1/29/2021,5479,6.118695
1/29/2021,5480,6.119038
1/29/2021,5481,6.119382
1/29/2021,5482,6.119725
1/29/2021,5483,6.120069
1/29/2021,5484,6.120412
1/29/2021,5485,6.120755
1/29/2021,5486,6.121099
1/29/2021,5487,6.121442
1/29/2021,5488,6.121786
1/29/2021,5489,6.122129
1/29/2021,5490,6.122473
1/29/2021,5491,6.122816
1/29/2021,5492,6.123159
1/29/2021,5493,6.123503
1/29/2021,5494,6.123846
1/29/2021,5495,6.12419
1/29/2021,5496,6.124533
1/29/2021,5497,6.124876
1/29/2021,5498,6.12522
1/29/2021,5499,6.125563
1/29/2021,5500,6.125907
1/29/2021,5501,6.12625
1/29/2021,5502,6.126593
1/29/2021,5503,6.126937
1/29/2021,5504,6.12728
1/29/2021,5505,6.127624
1/29/2021,5506,6.127967
1/29/2021,5507,6.12831
1/29/2021,5508,6.128654
1/29/2021,5509,6.128997
1/29/2021,5510,6.129341
1/29/2021,5511,6.129684
1/29/2021,5512,6.130027
1/29/2021,5513,6.130371
1/29/2021,5514,6.130714
1/29/2021,5515,6.131058
1/29/2021,5516,6.131401
1/29/2021,5517,6.131745
1/29/2021,5518,6.132088
1/29/2021,5519,6.132431
1/29/2021,5520,6.132775
1/29/2021,5521,6.133118
1/29/2021,5522,6.133462
1/29/2021,5523,6.133805
1/29/2021,5524,6.134148
1/29/2021,5525,6.134492
1/29/2021,5526,6.134835
1/29/2021,5527,6.135179
1/29/2021,5528,6.135522
1/29/2021,5529,6.135865
1/29/2021,5530,6.136209
1/29/2021,5531,6.136552
1/29/2021,5532,6.136896
1/29/2021,5533,6.137239
1/29/2021,5534,6.137582
1/29/2021,5535,6.137926
1/29/2021,5536,6.138269
1/29/2021,5537,6.138613
1/29/2021,5538,6.138956
1/29/2021,5539,6.139299
1/29/2021,5540,6.139643
1/29/2021,5541,6.139986
1/29/2021,5542,6.14033
1/29/2021,5543,6.140673
1/29/2021,5544,6.141016
1/29/2021,5545,6.14136
1/29/2021,5546,6.141703
1/29/2021,5547,6.142047
1/29/2021,5548,6.14239
1/29/2021,5549,6.142734
1/29/2021,5550,6.143077
1/29/2021,5551,6.14342
1/29/2021,5552,6.143764
1/29/2021,5553,6.144107
1/29/2021,5554,6.144451
1/29/2021,5555,6.144794
1/29/2021,5556,6.145137
1/29/2021,5557,6.145481
1/29/2021,5558,6.145824
1/29/2021,5559,6.146168
1/29/2021,5560,6.146511
1/29/2021,5561,6.146854
1/29/2021,5562,6.147198
1/29/2021,5563,6.147541
1/29/2021,5564,6.147885
1/29/2021,5565,6.148228
1/29/2021,5566,6.148571
1/29/2021,5567,6.148915
1/29/2021,5568,6.149258
1/29/2021,5569,6.149602
1/29/2021,5570,6.149945
1/29/2021,5571,6.150288
1/29/2021,5572,6.150632
1/29/2021,5573,6.150975
1/29/2021,5574,6.151319
1/29/2021,5575,6.151662
1/29/2021,5576,6.152005
1/29/2021,5577,6.152349
1/29/2021,5578,6.152692
1/29/2021,5579,6.153036
1/29/2021,5580,6.153379
1/29/2021,5581,6.153723
1/29/2021,5582,6.154066
1/29/2021,5583,6.154409
1/29/2021,5584,6.154753
1/29/2021,5585,6.155096
1/29/2021,5586,6.15544
1/29/2021,5587,6.155783
1/29/2021,5588,6.156126
1/29/2021,5589,6.15647
1/29/2021,5590,6.156813
1/29/2021,5591,6.157157
1/29/2021,5592,6.1575
1/29/2021,5593,6.157843
1/29/2021,5594,6.158187
1/29/2021,5595,6.15853
1/29/2021,5596,6.158874
1/29/2021,5597,6.159217
1/29/2021,5598,6.15956
1/29/2021,5599,6.159904
1/29/2021,5600,6.160247
1/29/2021,5601,6.160591
1/29/2021,5602,6.160934
1/29/2021,5603,6.161277
1/29/2021,5604,6.161621
1/29/2021,5605,6.161964
1/29/2021,5606,6.162308
1/29/2021,5607,6.162651
1/29/2021,5608,6.162995
1/29/2021,5609,6.163338
1/29/2021,5610,6.163681
1/29/2021,5611,6.164025
1/29/2021,5612,6.164368
1/29/2021,5613,6.164712
1/29/2021,5614,6.165055
1/29/2021,5615,6.165398
1/29/2021,5616,6.165742
1/29/2021,5617,6.166085
1/29/2021,5618,6.166429
1/29/2021,5619,6.166772
1/29/2021,5620,6.167115
1/29/2021,5621,6.167459
1/29/2021,5622,6.167802
1/29/2021,5623,6.168146
1/29/2021,5624,6.168489
1/29/2021,5625,6.168832
1/29/2021,5626,6.169176
1/29/2021,5627,6.169519
1/29/2021,5628,6.169863
1/29/2021,5629,6.170206
1/29/2021,5630,6.170549
1/29/2021,5631,6.170893
1/29/2021,5632,6.171236
1/29/2021,5633,6.17158
1/29/2021,5634,6.171923
1/29/2021,5635,6.172266
1/29/2021,5636,6.17261
1/29/2021,5637,6.172953
1/29/2021,5638,6.173297
1/29/2021,5639,6.17364
1/29/2021,5640,6.173984
1/29/2021,5641,6.174327
1/29/2021,5642,6.17467
1/29/2021,5643,6.175014
1/29/2021,5644,6.175357
1/29/2021,5645,6.175701
1/29/2021,5646,6.176044
1/29/2021,5647,6.176387
1/29/2021,5648,6.176731
1/29/2021,5649,6.177074
1/29/2021,5650,6.177418
1/29/2021,5651,6.177761
1/29/2021,5652,6.178104
1/29/2021,5653,6.178448
1/29/2021,5654,6.178791
1/29/2021,5655,6.179135
1/29/2021,5656,6.179478
1/29/2021,5657,6.179821
1/29/2021,5658,6.180165
1/29/2021,5659,6.180508
1/29/2021,5660,6.180852
1/29/2021,5661,6.181195
1/29/2021,5662,6.181538
1/29/2021,5663,6.181882
1/29/2021,5664,6.182225
1/29/2021,5665,6.182569
1/29/2021,5666,6.182912
1/29/2021,5667,6.183255
1/29/2021,5668,6.183599
1/29/2021,5669,6.183942
1/29/2021,5670,6.184286
1/29/2021,5671,6.184629
1/29/2021,5672,6.184973
1/29/2021,5673,6.185316
1/29/2021,5674,6.185659
1/29/2021,5675,6.186003
1/29/2021,5676,6.186346
1/29/2021,5677,6.18669
1/29/2021,5678,6.187033
1/29/2021,5679,6.187376
1/29/2021,5680,6.18772
1/29/2021,5681,6.188063
1/29/2021,5682,6.188407
1/29/2021,5683,6.18875
1/29/2021,5684,6.189093
1/29/2021,5685,6.189437
1/29/2021,5686,6.18978
1/29/2021,5687,6.190124
1/29/2021,5688,6.190467
1/29/2021,5689,6.19081
1/29/2021,5690,6.191154
1/29/2021,5691,6.191497
1/29/2021,5692,6.191841
1/29/2021,5693,6.192184
1/29/2021,5694,6.192527
1/29/2021,5695,6.192871
1/29/2021,5696,6.193214
1/29/2021,5697,6.193558
1/29/2021,5698,6.193901
1/29/2021,5699,6.194245
1/29/2021,5700,6.194588
1/29/2021,5701,6.194931
1/29/2021,5702,6.195275
1/29/2021,5703,6.195618
1/29/2021,5704,6.195962
1/29/2021,5705,6.196305
1/29/2021,5706,6.196648
1/29/2021,5707,6.196992
1/29/2021,5708,6.197335
1/29/2021,5709,6.197679
1/29/2021,5710,6.198022
1/29/2021,5711,6.198365
1/29/2021,5712,6.198709
1/29/2021,5713,6.199052
1/29/2021,5714,6.199396
1/29/2021,5715,6.199739
1/29/2021,5716,6.200082
1/29/2021,5717,6.200426
1/29/2021,5718,6.200769
1/29/2021,5719,6.201113
1/29/2021,5720,6.201456
1/29/2021,5721,6.201799
1/29/2021,5722,6.202143
1/29/2021,5723,6.202486
1/29/2021,5724,6.20283
1/29/2021,5725,6.203173
1/29/2021,5726,6.203516
1/29/2021,5727,6.20386
1/29/2021,5728,6.204203
1/29/2021,5729,6.204547
1/29/2021,5730,6.20489
1/29/2021,5731,6.205234
1/29/2021,5732,6.205577
1/29/2021,5733,6.20592
1/29/2021,5734,6.206264
1/29/2021,5735,6.206607
1/29/2021,5736,6.206951
1/29/2021,5737,6.207294
1/29/2021,5738,6.207637
1/29/2021,5739,6.207981
1/29/2021,5740,6.208324
1/29/2021,5741,6.208668
1/29/2021,5742,6.209011
1/29/2021,5743,6.209354
1/29/2021,5744,6.209698
1/29/2021,5745,6.210041
1/29/2021,5746,6.210385
1/29/2021,5747,6.210728
1/29/2021,5748,6.211071
1/29/2021,5749,6.211415
1/29/2021,5750,6.211758
1/29/2021,5751,6.212102
1/29/2021,5752,6.212445
1/29/2021,5753,6.212788
1/29/2021,5754,6.213132
1/29/2021,5755,6.213475
1/29/2021,5756,6.213819
1/29/2021,5757,6.214162
1/29/2021,5758,6.214505
1/29/2021,5759,6.214849
1/29/2021,5760,6.215192
1/29/2021,5761,6.215536
1/29/2021,5762,6.215879
1/29/2021,5763,6.216223
1/29/2021,5764,6.216566
1/29/2021,5765,6.216909
1/29/2021,5766,6.217253
1/29/2021,5767,6.217596
1/29/2021,5768,6.21794
1/29/2021,5769,6.218283
1/29/2021,5770,6.218626
1/29/2021,5771,6.21897
1/29/2021,5772,6.219313
1/29/2021,5773,6.219657
1/29/2021,5774,6.22
1/29/2021,5775,6.220302
1/29/2021,5776,6.220604
1/29/2021,5777,6.220907
1/29/2021,5778,6.221209
1/29/2021,5779,6.221511
1/29/2021,5780,6.221813
1/29/2021,5781,6.222115
1/29/2021,5782,6.222418
1/29/2021,5783,6.22272
1/29/2021,5784,6.223022
1/29/2021,5785,6.223324
1/29/2021,5786,6.223626
1/29/2021,5787,6.223929
1/29/2021,5788,6.224231
1/29/2021,5789,6.224533
1/29/2021,5790,6.224835
1/29/2021,5791,6.225137
1/29/2021,5792,6.22544
1/29/2021,5793,6.225742
1/29/2021,5794,6.226044
1/29/2021,5795,6.226346
1/29/2021,5796,6.226648
1/29/2021,5797,6.226951
1/29/2021,5798,6.227253
1/29/2021,5799,6.227555
1/29/2021,5800,6.227857
1/29/2021,5801,6.228159
1/29/2021,5802,6.228462
1/29/2021,5803,6.228764
1/29/2021,5804,6.229066
1/29/2021,5805,6.229368
1/29/2021,5806,6.22967
1/29/2021,5807,6.229973
1/29/2021,5808,6.230275
1/29/2021,5809,6.230577
1/29/2021,5810,6.230879
1/29/2021,5811,6.231181
1/29/2021,5812,6.231484
1/29/2021,5813,6.231786
1/29/2021,5814,6.232088
1/29/2021,5815,6.23239
1/29/2021,5816,6.232692
1/29/2021,5817,6.232995
1/29/2021,5818,6.233297
1/29/2021,5819,6.233599
1/29/2021,5820,6.233901
1/29/2021,5821,6.234203
1/29/2021,5822,6.234505
1/29/2021,5823,6.234808
1/29/2021,5824,6.23511
1/29/2021,5825,6.235412
1/29/2021,5826,6.235714
1/29/2021,5827,6.236016
1/29/2021,5828,6.236319
1/29/2021,5829,6.236621
1/29/2021,5830,6.236923
1/29/2021,5831,6.237225
1/29/2021,5832,6.237527
1/29/2021,5833,6.23783
1/29/2021,5834,6.238132
1/29/2021,5835,6.238434
1/29/2021,5836,6.238736
1/29/2021,5837,6.239038
1/29/2021,5838,6.239341
1/29/2021,5839,6.239643
1/29/2021,5840,6.239945
1/29/2021,5841,6.240247
1/29/2021,5842,6.240549
1/29/2021,5843,6.240852
1/29/2021,5844,6.241154
1/29/2021,5845,6.241456
1/29/2021,5846,6.241758
1/29/2021,5847,6.24206
1/29/2021,5848,6.242363
1/29/2021,5849,6.242665
1/29/2021,5850,6.242967
1/29/2021,5851,6.243269
1/29/2021,5852,6.243571
1/29/2021,5853,6.243874
1/29/2021,5854,6.244176
1/29/2021,5855,6.244478
1/29/2021,5856,6.24478
1/29/2021,5857,6.245082
1/29/2021,5858,6.245385
1/29/2021,5859,6.245687
1/29/2021,5860,6.245989
1/29/2021,5861,6.246291
1/29/2021,5862,6.246593
1/29/2021,5863,6.246896
1/29/2021,5864,6.247198
1/29/2021,5865,6.2475
1/29/2021,5866,6.247802
1/29/2021,5867,6.248104
1/29/2021,5868,6.248407
1/29/2021,5869,6.248709
1/29/2021,5870,6.249011
1/29/2021,5871,6.249313
1/29/2021,5872,6.249615
1/29/2021,5873,6.249918
1/29/2021,5874,6.25022
1/29/2021,5875,6.250522
1/29/2021,5876,6.250824
1/29/2021,5877,6.251126
1/29/2021,5878,6.251429
1/29/2021,5879,6.251731
1/29/2021,5880,6.252033
1/29/2021,5881,6.252335
1/29/2021,5882,6.252637
1/29/2021,5883,6.25294
1/29/2021,5884,6.253242
1/29/2021,5885,6.253544
1/29/2021,5886,6.253846
1/29/2021,5887,6.254148
1/29/2021,5888,6.254451
1/29/2021,5889,6.254753
1/29/2021,5890,6.255055
1/29/2021,5891,6.255357
1/29/2021,5892,6.255659
1/29/2021,5893,6.255962
1/29/2021,5894,6.256264
1/29/2021,5895,6.256566
1/29/2021,5896,6.256868
1/29/2021,5897,6.25717
1/29/2021,5898,6.257473
1/29/2021,5899,6.257775
1/29/2021,5900,6.258077
1/29/2021,5901,6.258379
1/29/2021,5902,6.258681
1/29/2021,5903,6.258984
1/29/2021,5904,6.259286
1/29/2021,5905,6.259588
1/29/2021,5906,6.25989
1/29/2021,5907,6.260192
1/29/2021,5908,6.260495
1/29/2021,5909,6.260797
1/29/2021,5910,6.261099
1/29/2021,5911,6.261401
1/29/2021,5912,6.261703
1/29/2021,5913,6.262005
1/29/2021,5914,6.262308
1/29/2021,5915,6.26261
1/29/2021,5916,6.262912
1/29/2021,5917,6.263214
1/29/2021,5918,6.263516
1/29/2021,5919,6.263819
1/29/2021,5920,6.264121
1/29/2021,5921,6.264423
1/29/2021,5922,6.264725
1/29/2021,5923,6.265027
1/29/2021,5924,6.26533
1/29/2021,5925,6.265632
1/29/2021,5926,6.265934
1/29/2021,5927,6.266236
1/29/2021,5928,6.266538
1/29/2021,5929,6.266841
1/29/2021,5930,6.267143
1/29/2021,5931,6.267445
1/29/2021,5932,6.267747
1/29/2021,5933,6.268049
1/29/2021,5934,6.268352
1/29/2021,5935,6.268654
1/29/2021,5936,6.268956
1/29/2021,5937,6.269258
1/29/2021,5938,6.26956
1/29/2021,5939,6.269863
1/29/2021,5940,6.270165
1/29/2021,5941,6.270467
1/29/2021,5942,6.270769
1/29/2021,5943,6.271071
1/29/2021,5944,6.271374
1/29/2021,5945,6.271676
1/29/2021,5946,6.271978
1/29/2021,5947,6.27228
1/29/2021,5948,6.272582
1/29/2021,5949,6.272885
1/29/2021,5950,6.273187
1/29/2021,5951,6.273489
1/29/2021,5952,6.273791
1/29/2021,5953,6.274093
1/29/2021,5954,6.274396
1/29/2021,5955,6.274698
1/29/2021,5956,6.275
1/29/2021,5957,6.275302
1/29/2021,5958,6.275604
1/29/2021,5959,6.275907
1/29/2021,5960,6.276209
1/29/2021,5961,6.276511
1/29/2021,5962,6.276813
1/29/2021,5963,6.277115
1/29/2021,5964,6.277418
1/29/2021,5965,6.27772
1/29/2021,5966,6.278022
1/29/2021,5967,6.278324
1/29/2021,5968,6.278626
1/29/2021,5969,6.278929
1/29/2021,5970,6.279231
1/29/2021,5971,6.279533
1/29/2021,5972,6.279835
1/29/2021,5973,6.280137
1/29/2021,5974,6.28044
1/29/2021,5975,6.280742
1/29/2021,5976,6.281044
1/29/2021,5977,6.281346
1/29/2021,5978,6.281648
1/29/2021,5979,6.281951
1/29/2021,5980,6.282253
1/29/2021,5981,6.282555
1/29/2021,5982,6.282857
1/29/2021,5983,6.283159
1/29/2021,5984,6.283462
1/29/2021,5985,6.283764
1/29/2021,5986,6.284066
1/29/2021,5987,6.284368
1/29/2021,5988,6.28467
1/29/2021,5989,6.284973
1/29/2021,5990,6.285275
1/29/2021,5991,6.285577
1/29/2021,5992,6.285879
1/29/2021,5993,6.286181
1/29/2021,5994,6.286484
1/29/2021,5995,6.286786
1/29/2021,5996,6.287088
1/29/2021,5997,6.28739
1/29/2021,5998,6.287692
1/29/2021,5999,6.287995
1/29/2021,6000,6.288297
1/29/2021,6001,6.288599
1/29/2021,6002,6.288901
1/29/2021,6003,6.289203
1/29/2021,6004,6.289505
1/29/2021,6005,6.289808
1/29/2021,6006,6.29011
1/29/2021,6007,6.290412
1/29/2021,6008,6.290714
1/29/2021,6009,6.291016
1/29/2021,6010,6.291319
1/29/2021,6011,6.291621
1/29/2021,6012,6.291923
1/29/2021,6013,6.292225
1/29/2021,6014,6.292527
1/29/2021,6015,6.29283
1/29/2021,6016,6.293132
1/29/2021,6017,6.293434
1/29/2021,6018,6.293736
1/29/2021,6019,6.294038
1/29/2021,6020,6.294341
1/29/2021,6021,6.294643
1/29/2021,6022,6.294945
1/29/2021,6023,6.295247
1/29/2021,6024,6.295549
1/29/2021,6025,6.295852
1/29/2021,6026,6.296154
1/29/2021,6027,6.296456
1/29/2021,6028,6.296758
1/29/2021,6029,6.29706
1/29/2021,6030,6.297363
1/29/2021,6031,6.297665
1/29/2021,6032,6.297967
1/29/2021,6033,6.298269
1/29/2021,6034,6.298571
1/29/2021,6035,6.298874
1/29/2021,6036,6.299176
1/29/2021,6037,6.299478
1/29/2021,6038,6.29978
1/29/2021,6039,6.300082
1/29/2021,6040,6.300385
1/29/2021,6041,6.300687
1/29/2021,6042,6.300989
1/29/2021,6043,6.301291
1/29/2021,6044,6.301593
1/29/2021,6045,6.301896
1/29/2021,6046,6.302198
1/29/2021,6047,6.3025
1/29/2021,6048,6.302802
1/29/2021,6049,6.303104
1/29/2021,6050,6.303407
1/29/2021,6051,6.303709
1/29/2021,6052,6.304011
1/29/2021,6053,6.304313
1/29/2021,6054,6.304615
1/29/2021,6055,6.304918
1/29/2021,6056,6.30522
1/29/2021,6057,6.305522
1/29/2021,6058,6.305824
1/29/2021,6059,6.306126
1/29/2021,6060,6.306429
1/29/2021,6061,6.306731
1/29/2021,6062,6.307033
1/29/2021,6063,6.307335
1/29/2021,6064,6.307637
1/29/2021,6065,6.30794
1/29/2021,6066,6.308242
1/29/2021,6067,6.308544
1/29/2021,6068,6.308846
1/29/2021,6069,6.309148
1/29/2021,6070,6.309451
1/29/2021,6071,6.309753
1/29/2021,6072,6.310055
1/29/2021,6073,6.310357
1/29/2021,6074,6.310659
1/29/2021,6075,6.310962
1/29/2021,6076,6.311264
1/29/2021,6077,6.311566
1/29/2021,6078,6.311868
1/29/2021,6079,6.31217
1/29/2021,6080,6.312473
1/29/2021,6081,6.312775
1/29/2021,6082,6.313077
1/29/2021,6083,6.313379
1/29/2021,6084,6.313681
1/29/2021,6085,6.313984
1/29/2021,6086,6.314286
1/29/2021,6087,6.314588
1/29/2021,6088,6.31489
1/29/2021,6089,6.315192
1/29/2021,6090,6.315495
1/29/2021,6091,6.315797
1/29/2021,6092,6.316099
1/29/2021,6093,6.316401
1/29/2021,6094,6.316703
1/29/2021,6095,6.317005
1/29/2021,6096,6.317308
1/29/2021,6097,6.31761
1/29/2021,6098,6.317912
1/29/2021,6099,6.318214
1/29/2021,6100,6.318516
1/29/2021,6101,6.318819
1/29/2021,6102,6.319121
1/29/2021,6103,6.319423
1/29/2021,6104,6.319725
1/29/2021,6105,6.320027
1/29/2021,6106,6.32033
1/29/2021,6107,6.320632
1/29/2021,6108,6.320934
1/29/2021,6109,6.321236
1/29/2021,6110,6.321538
1/29/2021,6111,6.321841
1/29/2021,6112,6.322143
1/29/2021,6113,6.322445
1/29/2021,6114,6.322747
1/29/2021,6115,6.323049
1/29/2021,6116,6.323352
1/29/2021,6117,6.323654
1/29/2021,6118,6.323956
1/29/2021,6119,6.324258
1/29/2021,6120,6.32456
1/29/2021,6121,6.324863
1/29/2021,6122,6.325165
1/29/2021,6123,6.325467
1/29/2021,6124,6.325769
1/29/2021,6125,6.326071
1/29/2021,6126,6.326374
1/29/2021,6127,6.326676
1/29/2021,6128,6.326978
1/29/2021,6129,6.32728
1/29/2021,6130,6.327582
1/29/2021,6131,6.327885
1/29/2021,6132,6.328187
1/29/2021,6133,6.328489
1/29/2021,6134,6.328791
1/29/2021,6135,6.329093
1/29/2021,6136,6.329396
1/29/2021,6137,6.329698
1/29/2021,6138,6.33
1/29/2021,6139,6.330302
1/29/2021,6140,6.330604
1/29/2021,6141,6.330907
1/29/2021,6142,6.331209
1/29/2021,6143,6.331511
1/29/2021,6144,6.331813
1/29/2021,6145,6.332115
1/29/2021,6146,6.332418
1/29/2021,6147,6.33272
1/29/2021,6148,6.333022
1/29/2021,6149,6.333324
1/29/2021,6150,6.333626
1/29/2021,6151,6.333929
1/29/2021,6152,6.334231
1/29/2021,6153,6.334533
1/29/2021,6154,6.334835
1/29/2021,6155,6.335137
1/29/2021,6156,6.33544
1/29/2021,6157,6.335742
1/29/2021,6158,6.336044
1/29/2021,6159,6.336346
1/29/2021,6160,6.336648
1/29/2021,6161,6.336951
1/29/2021,6162,6.337253
1/29/2021,6163,6.337555
1/29/2021,6164,6.337857
1/29/2021,6165,6.338159
1/29/2021,6166,6.338462
1/29/2021,6167,6.338764
1/29/2021,6168,6.339066
1/29/2021,6169,6.339368
1/29/2021,6170,6.33967
1/29/2021,6171,6.339973
1/29/2021,6172,6.340275
1/29/2021,6173,6.340577
1/29/2021,6174,6.340879
1/29/2021,6175,6.341181
1/29/2021,6176,6.341484
1/29/2021,6177,6.341786
1/29/2021,6178,6.342088
1/29/2021,6179,6.34239
1/29/2021,6180,6.342692
1/29/2021,6181,6.342995
1/29/2021,6182,6.343297
1/29/2021,6183,6.343599
1/29/2021,6184,6.343901
1/29/2021,6185,6.344203
1/29/2021,6186,6.344505
1/29/2021,6187,6.344808
1/29/2021,6188,6.34511
1/29/2021,6189,6.345412
1/29/2021,6190,6.345714
1/29/2021,6191,6.346016
1/29/2021,6192,6.346319
1/29/2021,6193,6.346621
1/29/2021,6194,6.346923
1/29/2021,6195,6.347225
1/29/2021,6196,6.347527
1/29/2021,6197,6.34783
1/29/2021,6198,6.348132
1/29/2021,6199,6.348434
1/29/2021,6200,6.348736
1/29/2021,6201,6.349038
1/29/2021,6202,6.349341
1/29/2021,6203,6.349643
1/29/2021,6204,6.349945
1/29/2021,6205,6.350247
1/29/2021,6206,6.350549
1/29/2021,6207,6.350852
1/29/2021,6208,6.351154
1/29/2021,6209,6.351456
1/29/2021,6210,6.351758
1/29/2021,6211,6.35206
1/29/2021,6212,6.352363
1/29/2021,6213,6.352665
1/29/2021,6214,6.352967
1/29/2021,6215,6.353269
1/29/2021,6216,6.353571
1/29/2021,6217,6.353874
1/29/2021,6218,6.354176
1/29/2021,6219,6.354478
1/29/2021,6220,6.35478
1/29/2021,6221,6.355082
1/29/2021,6222,6.355385
1/29/2021,6223,6.355687
1/29/2021,6224,6.355989
1/29/2021,6225,6.356291
1/29/2021,6226,6.356593
1/29/2021,6227,6.356896
1/29/2021,6228,6.357198
1/29/2021,6229,6.3575
1/29/2021,6230,6.357802
1/29/2021,6231,6.358104
1/29/2021,6232,6.358407
1/29/2021,6233,6.358709
1/29/2021,6234,6.359011
1/29/2021,6235,6.359313
1/29/2021,6236,6.359615
1/29/2021,6237,6.359918
1/29/2021,6238,6.36022
1/29/2021,6239,6.360522
1/29/2021,6240,6.360824
1/29/2021,6241,6.361126
1/29/2021,6242,6.361429
1/29/2021,6243,6.361731
1/29/2021,6244,6.362033
1/29/2021,6245,6.362335
1/29/2021,6246,6.362637
1/29/2021,6247,6.36294
1/29/2021,6248,6.363242
1/29/2021,6249,6.363544
1/29/2021,6250,6.363846
1/29/2021,6251,6.364148
1/29/2021,6252,6.364451
1/29/2021,6253,6.364753
1/29/2021,6254,6.365055
1/29/2021,6255,6.365357
1/29/2021,6256,6.365659
1/29/2021,6257,6.365962
1/29/2021,6258,6.366264
1/29/2021,6259,6.366566
1/29/2021,6260,6.366868
1/29/2021,6261,6.36717
1/29/2021,6262,6.367473
1/29/2021,6263,6.367775
1/29/2021,6264,6.368077
1/29/2021,6265,6.368379
1/29/2021,6266,6.368681
1/29/2021,6267,6.368984
1/29/2021,6268,6.369286
1/29/2021,6269,6.369588
1/29/2021,6270,6.36989
1/29/2021,6271,6.370192
1/29/2021,6272,6.370495
1/29/2021,6273,6.370797
1/29/2021,6274,6.371099
1/29/2021,6275,6.371401
1/29/2021,6276,6.371703
1/29/2021,6277,6.372005
1/29/2021,6278,6.372308
1/29/2021,6279,6.37261
1/29/2021,6280,6.372912
1/29/2021,6281,6.373214
1/29/2021,6282,6.373516
1/29/2021,6283,6.373819
1/29/2021,6284,6.374121
1/29/2021,6285,6.374423
1/29/2021,6286,6.374725
1/29/2021,6287,6.375027
1/29/2021,6288,6.37533
1/29/2021,6289,6.375632
1/29/2021,6290,6.375934
1/29/2021,6291,6.376236
1/29/2021,6292,6.376538
1/29/2021,6293,6.376841
1/29/2021,6294,6.377143
1/29/2021,6295,6.377445
1/29/2021,6296,6.377747
1/29/2021,6297,6.378049
1/29/2021,6298,6.378352
1/29/2021,6299,6.378654
1/29/2021,6300,6.378956
1/29/2021,6301,6.379258
1/29/2021,6302,6.37956
1/29/2021,6303,6.379863
1/29/2021,6304,6.380165
1/29/2021,6305,6.380467
1/29/2021,6306,6.380769
1/29/2021,6307,6.381071
1/29/2021,6308,6.381374
1/29/2021,6309,6.381676
1/29/2021,6310,6.381978
1/29/2021,6311,6.38228
1/29/2021,6312,6.382582
1/29/2021,6313,6.382885
1/29/2021,6314,6.383187
1/29/2021,6315,6.383489
1/29/2021,6316,6.383791
1/29/2021,6317,6.384093
1/29/2021,6318,6.384396
1/29/2021,6319,6.384698
1/29/2021,6320,6.385
1/29/2021,6321,6.385302
1/29/2021,6322,6.385604
1/29/2021,6323,6.385907
1/29/2021,6324,6.386209
1/29/2021,6325,6.386511
1/29/2021,6326,6.386813
1/29/2021,6327,6.387115
1/29/2021,6328,6.387418
1/29/2021,6329,6.38772
1/29/2021,6330,6.388022
1/29/2021,6331,6.388324
1/29/2021,6332,6.388626
1/29/2021,6333,6.388929
1/29/2021,6334,6.389231
1/29/2021,6335,6.389533
1/29/2021,6336,6.389835
1/29/2021,6337,6.390137
1/29/2021,6338,6.39044
1/29/2021,6339,6.390742
1/29/2021,6340,6.391044
1/29/2021,6341,6.391346
1/29/2021,6342,6.391648
1/29/2021,6343,6.391951
1/29/2021,6344,6.392253
1/29/2021,6345,6.392555
1/29/2021,6346,6.392857
1/29/2021,6347,6.393159
1/29/2021,6348,6.393462
1/29/2021,6349,6.393764
1/29/2021,6350,6.394066
1/29/2021,6351,6.394368
1/29/2021,6352,6.39467
1/29/2021,6353,6.394973
1/29/2021,6354,6.395275
1/29/2021,6355,6.395577
1/29/2021,6356,6.395879
1/29/2021,6357,6.396181
1/29/2021,6358,6.396484
1/29/2021,6359,6.396786
1/29/2021,6360,6.397088
1/29/2021,6361,6.39739
1/29/2021,6362,6.397692
1/29/2021,6363,6.397995
1/29/2021,6364,6.398297
1/29/2021,6365,6.398599
1/29/2021,6366,6.398901
1/29/2021,6367,6.399203
1/29/2021,6368,6.399505
1/29/2021,6369,6.399808
1/29/2021,6370,6.40011
1/29/2021,6371,6.400412
1/29/2021,6372,6.400714
1/29/2021,6373,6.401016
1/29/2021,6374,6.401319
1/29/2021,6375,6.401621
1/29/2021,6376,6.401923
1/29/2021,6377,6.402225
1/29/2021,6378,6.402527
1/29/2021,6379,6.40283
1/29/2021,6380,6.403132
1/29/2021,6381,6.403434
1/29/2021,6382,6.403736
1/29/2021,6383,6.404038
1/29/2021,6384,6.404341
1/29/2021,6385,6.404643
1/29/2021,6386,6.404945
1/29/2021,6387,6.405247
1/29/2021,6388,6.405549
1/29/2021,6389,6.405852
1/29/2021,6390,6.406154
1/29/2021,6391,6.406456
1/29/2021,6392,6.406758
1/29/2021,6393,6.40706
1/29/2021,6394,6.407363
1/29/2021,6395,6.407665
1/29/2021,6396,6.407967
1/29/2021,6397,6.408269
1/29/2021,6398,6.408571
1/29/2021,6399,6.408874
1/29/2021,6400,6.409176
1/29/2021,6401,6.409478
1/29/2021,6402,6.40978
1/29/2021,6403,6.410082
1/29/2021,6404,6.410385
1/29/2021,6405,6.410687
1/29/2021,6406,6.410989
1/29/2021,6407,6.411291
1/29/2021,6408,6.411593
1/29/2021,6409,6.411896
1/29/2021,6410,6.412198
1/29/2021,6411,6.4125
1/29/2021,6412,6.412802
1/29/2021,6413,6.413104
1/29/2021,6414,6.413407
1/29/2021,6415,6.413709
1/29/2021,6416,6.414011
1/29/2021,6417,6.414313
1/29/2021,6418,6.414615
1/29/2021,6419,6.414918
1/29/2021,6420,6.41522
1/29/2021,6421,6.415522
1/29/2021,6422,6.415824
1/29/2021,6423,6.416126
1/29/2021,6424,6.416429
1/29/2021,6425,6.416731
1/29/2021,6426,6.417033
1/29/2021,6427,6.417335
1/29/2021,6428,6.417637
1/29/2021,6429,6.41794
1/29/2021,6430,6.418242
1/29/2021,6431,6.418544
1/29/2021,6432,6.418846
1/29/2021,6433,6.419148
1/29/2021,6434,6.419451
1/29/2021,6435,6.419753
1/29/2021,6436,6.420055
1/29/2021,6437,6.420357
1/29/2021,6438,6.420659
1/29/2021,6439,6.420962
1/29/2021,6440,6.421264
1/29/2021,6441,6.421566
1/29/2021,6442,6.421868
1/29/2021,6443,6.42217
1/29/2021,6444,6.422473
1/29/2021,6445,6.422775
1/29/2021,6446,6.423077
1/29/2021,6447,6.423379
1/29/2021,6448,6.423681
1/29/2021,6449,6.423984
1/29/2021,6450,6.424286
1/29/2021,6451,6.424588
1/29/2021,6452,6.42489
1/29/2021,6453,6.425192
1/29/2021,6454,6.425495
1/29/2021,6455,6.425797
1/29/2021,6456,6.426099
1/29/2021,6457,6.426401
1/29/2021,6458,6.426703
1/29/2021,6459,6.427005
1/29/2021,6460,6.427308
1/29/2021,6461,6.42761
1/29/2021,6462,6.427912
1/29/2021,6463,6.428214
1/29/2021,6464,6.428516
1/29/2021,6465,6.428819
1/29/2021,6466,6.429121
1/29/2021,6467,6.429423
1/29/2021,6468,6.429725
1/29/2021,6469,6.430027
1/29/2021,6470,6.43033
1/29/2021,6471,6.430632
1/29/2021,6472,6.430934
1/29/2021,6473,6.431236
1/29/2021,6474,6.431538
1/29/2021,6475,6.431841
1/29/2021,6476,6.432143
1/29/2021,6477,6.432445
1/29/2021,6478,6.432747
1/29/2021,6479,6.433049
1/29/2021,6480,6.433352
1/29/2021,6481,6.433654
1/29/2021,6482,6.433956
1/29/2021,6483,6.434258
1/29/2021,6484,6.43456
1/29/2021,6485,6.434863
1/29/2021,6486,6.435165
1/29/2021,6487,6.435467
1/29/2021,6488,6.435769
1/29/2021,6489,6.436071
1/29/2021,6490,6.436374
1/29/2021,6491,6.436676
1/29/2021,6492,6.436978
1/29/2021,6493,6.43728
1/29/2021,6494,6.437582
1/29/2021,6495,6.437885
1/29/2021,6496,6.438187
1/29/2021,6497,6.438489
1/29/2021,6498,6.438791
1/29/2021,6499,6.439093
1/29/2021,6500,6.439396
1/29/2021,6501,6.439698
1/29/2021,6502,6.44
1/29/2021,6503,6.440144
1/29/2021,6504,6.440288
1/29/2021,6505,6.440433
1/29/2021,6506,6.440577
1/29/2021,6507,6.440721
1/29/2021,6508,6.440865
1/29/2021,6509,6.44101
1/29/2021,6510,6.441154
1/29/2021,6511,6.441298
1/29/2021,6512,6.441442
1/29/2021,6513,6.441587
1/29/2021,6514,6.441731
1/29/2021,6515,6.441875
1/29/2021,6516,6.442019
1/29/2021,6517,6.442163
1/29/2021,6518,6.442308
1/29/2021,6519,6.442452
1/29/2021,6520,6.442596
1/29/2021,6521,6.44274
1/29/2021,6522,6.442885
1/29/2021,6523,6.443029
1/29/2021,6524,6.443173
1/29/2021,6525,6.443317
1/29/2021,6526,6.443462
1/29/2021,6527,6.443606
1/29/2021,6528,6.44375
1/29/2021,6529,6.443894
1/29/2021,6530,6.444038
1/29/2021,6531,6.444183
1/29/2021,6532,6.444327
1/29/2021,6533,6.444471
1/29/2021,6534,6.444615
1/29/2021,6535,6.44476
1/29/2021,6536,6.444904
1/29/2021,6537,6.445048
1/29/2021,6538,6.445192
1/29/2021,6539,6.445337
1/29/2021,6540,6.445481
1/29/2021,6541,6.445625
1/29/2021,6542,6.445769
1/29/2021,6543,6.445913
1/29/2021,6544,6.446058
1/29/2021,6545,6.446202
1/29/2021,6546,6.446346
1/29/2021,6547,6.44649
1/29/2021,6548,6.446635
1/29/2021,6549,6.446779
1/29/2021,6550,6.446923
1/29/2021,6551,6.447067
1/29/2021,6552,6.447212
1/29/2021,6553,6.447356
1/29/2021,6554,6.4475
1/29/2021,6555,6.447644
1/29/2021,6556,6.447788
1/29/2021,6557,6.447933
1/29/2021,6558,6.448077
1/29/2021,6559,6.448221
1/29/2021,6560,6.448365
1/29/2021,6561,6.44851
1/29/2021,6562,6.448654
1/29/2021,6563,6.448798
1/29/2021,6564,6.448942
1/29/2021,6565,6.449087
1/29/2021,6566,6.449231
1/29/2021,6567,6.449375
1/29/2021,6568,6.449519
1/29/2021,6569,6.449663
1/29/2021,6570,6.449808
1/29/2021,6571,6.449952
1/29/2021,6572,6.450096
1/29/2021,6573,6.45024
1/29/2021,6574,6.450385
1/29/2021,6575,6.450529
1/29/2021,6576,6.450673
1/29/2021,6577,6.450817
1/29/2021,6578,6.450962
1/29/2021,6579,6.451106
1/29/2021,6580,6.45125
1/29/2021,6581,6.451394
1/29/2021,6582,6.451538
1/29/2021,6583,6.451683
1/29/2021,6584,6.451827
1/29/2021,6585,6.451971
1/29/2021,6586,6.452115
1/29/2021,6587,6.45226
1/29/2021,6588,6.452404
1/29/2021,6589,6.452548
1/29/2021,6590,6.452692
1/29/2021,6591,6.452837
1/29/2021,6592,6.452981
1/29/2021,6593,6.453125
1/29/2021,6594,6.453269
1/29/2021,6595,6.453413
1/29/2021,6596,6.453558
1/29/2021,6597,6.453702
1/29/2021,6598,6.453846
1/29/2021,6599,6.45399
1/29/2021,6600,6.454135
1/29/2021,6601,6.454279
1/29/2021,6602,6.454423
1/29/2021,6603,6.454567
1/29/2021,6604,6.454712
1/29/2021,6605,6.454856
1/29/2021,6606,6.455
1/29/2021,6607,6.455144
1/29/2021,6608,6.455288
1/29/2021,6609,6.455433
1/29/2021,6610,6.455577
1/29/2021,6611,6.455721
1/29/2021,6612,6.455865
1/29/2021,6613,6.45601
1/29/2021,6614,6.456154
1/29/2021,6615,6.456298
1/29/2021,6616,6.456442
1/29/2021,6617,6.456587
1/29/2021,6618,6.456731
1/29/2021,6619,6.456875
1/29/2021,6620,6.457019
1/29/2021,6621,6.457163
1/29/2021,6622,6.457308
1/29/2021,6623,6.457452
1/29/2021,6624,6.457596
1/29/2021,6625,6.45774
1/29/2021,6626,6.457885
1/29/2021,6627,6.458029
1/29/2021,6628,6.458173
1/29/2021,6629,6.458317
1/29/2021,6630,6.458462
1/29/2021,6631,6.458606
1/29/2021,6632,6.45875
1/29/2021,6633,6.458894
1/29/2021,6634,6.459038
1/29/2021,6635,6.459183
1/29/2021,6636,6.459327
1/29/2021,6637,6.459471
1/29/2021,6638,6.459615
1/29/2021,6639,6.45976
1/29/2021,6640,6.459904
1/29/2021,6641,6.460048
1/29/2021,6642,6.460192
1/29/2021,6643,6.460337
1/29/2021,6644,6.460481
1/29/2021,6645,6.460625
1/29/2021,6646,6.460769
1/29/2021,6647,6.460913
1/29/2021,6648,6.461058
1/29/2021,6649,6.461202
1/29/2021,6650,6.461346
1/29/2021,6651,6.46149
1/29/2021,6652,6.461635
1/29/2021,6653,6.461779
1/29/2021,6654,6.461923
1/29/2021,6655,6.462067
1/29/2021,6656,6.462212
1/29/2021,6657,6.462356
1/29/2021,6658,6.4625
1/29/2021,6659,6.462644
1/29/2021,6660,6.462788
1/29/2021,6661,6.462933
1/29/2021,6662,6.463077
1/29/2021,6663,6.463221
1/29/2021,6664,6.463365
1/29/2021,6665,6.46351
1/29/2021,6666,6.463654
1/29/2021,6667,6.463798
1/29/2021,6668,6.463942
1/29/2021,6669,6.464087
1/29/2021,6670,6.464231
1/29/2021,6671,6.464375
1/29/2021,6672,6.464519
1/29/2021,6673,6.464663
1/29/2021,6674,6.464808
1/29/2021,6675,6.464952
1/29/2021,6676,6.465096
1/29/2021,6677,6.46524
1/29/2021,6678,6.465385
1/29/2021,6679,6.465529
1/29/2021,6680,6.465673
1/29/2021,6681,6.465817
1/29/2021,6682,6.465962
1/29/2021,6683,6.466106
1/29/2021,6684,6.46625
1/29/2021,6685,6.466394
1/29/2021,6686,6.466538
1/29/2021,6687,6.466683
1/29/2021,6688,6.466827
1/29/2021,6689,6.466971
1/29/2021,6690,6.467115
1/29/2021,6691,6.46726
1/29/2021,6692,6.467404
1/29/2021,6693,6.467548
1/29/2021,6694,6.467692
1/29/2021,6695,6.467837
1/29/2021,6696,6.467981
1/29/2021,6697,6.468125
1/29/2021,6698,6.468269
1/29/2021,6699,6.468413
1/29/2021,6700,6.468558
1/29/2021,6701,6.468702
1/29/2021,6702,6.468846
1/29/2021,6703,6.46899
1/29/2021,6704,6.469135
1/29/2021,6705,6.469279
1/29/2021,6706,6.469423
1/29/2021,6707,6.469567
1/29/2021,6708,6.469712
1/29/2021,6709,6.469856
1/29/2021,6710,6.47
1/29/2021,6711,6.470144
1/29/2021,6712,6.470288
1/29/2021,6713,6.470433
1/29/2021,6714,6.470577
1/29/2021,6715,6.470721
1/29/2021,6716,6.470865
1/29/2021,6717,6.47101
1/29/2021,6718,6.471154
1/29/2021,6719,6.471298
1/29/2021,6720,6.471442
1/29/2021,6721,6.471587
1/29/2021,6722,6.471731
1/29/2021,6723,6.471875
1/29/2021,6724,6.472019
1/29/2021,6725,6.472163
1/29/2021,6726,6.472308
1/29/2021,6727,6.472452
1/29/2021,6728,6.472596
1/29/2021,6729,6.47274
1/29/2021,6730,6.472885
1/29/2021,6731,6.473029
1/29/2021,6732,6.473173
1/29/2021,6733,6.473317
1/29/2021,6734,6.473462
1/29/2021,6735,6.473606
1/29/2021,6736,6.47375
1/29/2021,6737,6.473894
1/29/2021,6738,6.474038
1/29/2021,6739,6.474183
1/29/2021,6740,6.474327
1/29/2021,6741,6.474471
1/29/2021,6742,6.474615
1/29/2021,6743,6.47476
1/29/2021,6744,6.474904
1/29/2021,6745,6.475048
1/29/2021,6746,6.475192
1/29/2021,6747,6.475337
1/29/2021,6748,6.475481
1/29/2021,6749,6.475625
1/29/2021,6750,6.475769
1/29/2021,6751,6.475913
1/29/2021,6752,6.476058
1/29/2021,6753,6.476202
1/29/2021,6754,6.476346
1/29/2021,6755,6.47649
1/29/2021,6756,6.476635
1/29/2021,6757,6.476779
1/29/2021,6758,6.476923
1/29/2021,6759,6.477067
1/29/2021,6760,6.477212
1/29/2021,6761,6.477356
1/29/2021,6762,6.4775
1/29/2021,6763,6.477644
1/29/2021,6764,6.477788
1/29/2021,6765,6.477933
1/29/2021,6766,6.478077
1/29/2021,6767,6.478221
1/29/2021,6768,6.478365
1/29/2021,6769,6.47851
1/29/2021,6770,6.478654
1/29/2021,6771,6.478798
1/29/2021,6772,6.478942
1/29/2021,6773,6.479087
1/29/2021,6774,6.479231
1/29/2021,6775,6.479375
1/29/2021,6776,6.479519
1/29/2021,6777,6.479663
1/29/2021,6778,6.479808
1/29/2021,6779,6.479952
1/29/2021,6780,6.480096
1/29/2021,6781,6.48024
1/29/2021,6782,6.480385
1/29/2021,6783,6.480529
1/29/2021,6784,6.480673
1/29/2021,6785,6.480817
1/29/2021,6786,6.480962
1/29/2021,6787,6.481106
1/29/2021,6788,6.48125
1/29/2021,6789,6.481394
1/29/2021,6790,6.481538
1/29/2021,6791,6.481683
1/29/2021,6792,6.481827
1/29/2021,6793,6.481971
1/29/2021,6794,6.482115
1/29/2021,6795,6.48226
1/29/2021,6796,6.482404
1/29/2021,6797,6.482548
1/29/2021,6798,6.482692
1/29/2021,6799,6.482837
1/29/2021,6800,6.482981
1/29/2021,6801,6.483125
1/29/2021,6802,6.483269
1/29/2021,6803,6.483413
1/29/2021,6804,6.483558
1/29/2021,6805,6.483702
1/29/2021,6806,6.483846
1/29/2021,6807,6.48399
1/29/2021,6808,6.484135
1/29/2021,6809,6.484279
1/29/2021,6810,6.484423
1/29/2021,6811,6.484567
1/29/2021,6812,6.484712
1/29/2021,6813,6.484856
1/29/2021,6814,6.485
1/29/2021,6815,6.485144
1/29/2021,6816,6.485288
1/29/2021,6817,6.485433
1/29/2021,6818,6.485577
1/29/2021,6819,6.485721
1/29/2021,6820,6.485865
1/29/2021,6821,6.48601
1/29/2021,6822,6.486154
1/29/2021,6823,6.486298
1/29/2021,6824,6.486442
1/29/2021,6825,6.486587
1/29/2021,6826,6.486731
1/29/2021,6827,6.486875
1/29/2021,6828,6.487019
1/29/2021,6829,6.487163
1/29/2021,6830,6.487308
1/29/2021,6831,6.487452
1/29/2021,6832,6.487596
1/29/2021,6833,6.48774
1/29/2021,6834,6.487885
1/29/2021,6835,6.488029
1/29/2021,6836,6.488173
1/29/2021,6837,6.488317
1/29/2021,6838,6.488462
1/29/2021,6839,6.488606
1/29/2021,6840,6.48875
1/29/2021,6841,6.488894
1/29/2021,6842,6.489038
1/29/2021,6843,6.489183
1/29/2021,6844,6.489327
1/29/2021,6845,6.489471
1/29/2021,6846,6.489615
1/29/2021,6847,6.48976
1/29/2021,6848,6.489904
1/29/2021,6849,6.490048
1/29/2021,6850,6.490192
1/29/2021,6851,6.490337
1/29/2021,6852,6.490481
1/29/2021,6853,6.490625
1/29/2021,6854,6.490769
1/29/2021,6855,6.490913
1/29/2021,6856,6.491058
1/29/2021,6857,6.491202
1/29/2021,6858,6.491346
1/29/2021,6859,6.49149
1/29/2021,6860,6.491635
1/29/2021,6861,6.491779
1/29/2021,6862,6.491923
1/29/2021,6863,6.492067
1/29/2021,6864,6.492212
1/29/2021,6865,6.492356
1/29/2021,6866,6.4925
1/29/2021,6867,6.492644
1/29/2021,6868,6.492788
1/29/2021,6869,6.492933
1/29/2021,6870,6.493077
1/29/2021,6871,6.493221
1/29/2021,6872,6.493365
1/29/2021,6873,6.49351
1/29/2021,6874,6.493654
1/29/2021,6875,6.493798
1/29/2021,6876,6.493942
1/29/2021,6877,6.494087
1/29/2021,6878,6.494231
1/29/2021,6879,6.494375
1/29/2021,6880,6.494519
1/29/2021,6881,6.494663
1/29/2021,6882,6.494808
1/29/2021,6883,6.494952
1/29/2021,6884,6.495096
1/29/2021,6885,6.49524
1/29/2021,6886,6.495385
1/29/2021,6887,6.495529
1/29/2021,6888,6.495673
1/29/2021,6889,6.495817
1/29/2021,6890,6.495962
1/29/2021,6891,6.496106
1/29/2021,6892,6.49625
1/29/2021,6893,6.496394
1/29/2021,6894,6.496538
1/29/2021,6895,6.496683
1/29/2021,6896,6.496827
1/29/2021,6897,6.496971
1/29/2021,6898,6.497115
1/29/2021,6899,6.49726
1/29/2021,6900,6.497404
1/29/2021,6901,6.497548
1/29/2021,6902,6.497692
1/29/2021,6903,6.497837
1/29/2021,6904,6.497981
1/29/2021,6905,6.498125
1/29/2021,6906,6.498269
1/29/2021,6907,6.498413
1/29/2021,6908,6.498558
1/29/2021,6909,6.498702
1/29/2021,6910,6.498846
1/29/2021,6911,6.49899
1/29/2021,6912,6.499135
1/29/2021,6913,6.499279
1/29/2021,6914,6.499423
1/29/2021,6915,6.499567
1/29/2021,6916,6.499712
1/29/2021,6917,6.499856
1/29/2021,6918,6.5
1/29/2021,6919,6.500144
1/29/2021,6920,6.500288
1/29/2021,6921,6.500433
1/29/2021,6922,6.500577
1/29/2021,6923,6.500721
1/29/2021,6924,6.500865
1/29/2021,6925,6.50101
1/29/2021,6926,6.501154
1/29/2021,6927,6.501298
1/29/2021,6928,6.501442
1/29/2021,6929,6.501587
1/29/2021,6930,6.501731
1/29/2021,6931,6.501875
1/29/2021,6932,6.502019
1/29/2021,6933,6.502163
1/29/2021,6934,6.502308
1/29/2021,6935,6.502452
1/29/2021,6936,6.502596
1/29/2021,6937,6.50274
1/29/2021,6938,6.502885
1/29/2021,6939,6.503029
1/29/2021,6940,6.503173
1/29/2021,6941,6.503317
1/29/2021,6942,6.503462
1/29/2021,6943,6.503606
1/29/2021,6944,6.50375
1/29/2021,6945,6.503894
1/29/2021,6946,6.504038
1/29/2021,6947,6.504183
1/29/2021,6948,6.504327
1/29/2021,6949,6.504471
1/29/2021,6950,6.504615
1/29/2021,6951,6.50476
1/29/2021,6952,6.504904
1/29/2021,6953,6.505048
1/29/2021,6954,6.505192
1/29/2021,6955,6.505337
1/29/2021,6956,6.505481
1/29/2021,6957,6.505625
1/29/2021,6958,6.505769
1/29/2021,6959,6.505913
1/29/2021,6960,6.506058
1/29/2021,6961,6.506202
1/29/2021,6962,6.506346
1/29/2021,6963,6.50649
1/29/2021,6964,6.506635
1/29/2021,6965,6.506779
1/29/2021,6966,6.506923
1/29/2021,6967,6.507067
1/29/2021,6968,6.507212
1/29/2021,6969,6.507356
1/29/2021,6970,6.5075
1/29/2021,6971,6.507644
1/29/2021,6972,6.507788
1/29/2021,6973,6.507933
1/29/2021,6974,6.508077
1/29/2021,6975,6.508221
1/29/2021,6976,6.508365
1/29/2021,6977,6.50851
1/29/2021,6978,6.508654
1/29/2021,6979,6.508798
1/29/2021,6980,6.508942
1/29/2021,6981,6.509087
1/29/2021,6982,6.509231
1/29/2021,6983,6.509375
1/29/2021,6984,6.509519
1/29/2021,6985,6.509663
1/29/2021,6986,6.509808
1/29/2021,6987,6.509952
1/29/2021,6988,6.510096
1/29/2021,6989,6.51024
1/29/2021,6990,6.510385
1/29/2021,6991,6.510529
1/29/2021,6992,6.510673
1/29/2021,6993,6.510817
1/29/2021,6994,6.510962
1/29/2021,6995,6.511106
1/29/2021,6996,6.51125
1/29/2021,6997,6.511394
1/29/2021,6998,6.511538
1/29/2021,6999,6.511683
1/29/2021,7000,6.511827
1/29/2021,7001,6.511971
1/29/2021,7002,6.512115
1/29/2021,7003,6.51226
1/29/2021,7004,6.512404
1/29/2021,7005,6.512548
1/29/2021,7006,6.512692
1/29/2021,7007,6.512837
1/29/2021,7008,6.512981
1/29/2021,7009,6.513125
1/29/2021,7010,6.513269
1/29/2021,7011,6.513413
1/29/2021,7012,6.513558
1/29/2021,7013,6.513702
1/29/2021,7014,6.513846
1/29/2021,7015,6.51399
1/29/2021,7016,6.514135
1/29/2021,7017,6.514279
1/29/2021,7018,6.514423
1/29/2021,7019,6.514567
1/29/2021,7020,6.514712
1/29/2021,7021,6.514856
1/29/2021,7022,6.515
1/29/2021,7023,6.515144
1/29/2021,7024,6.515288
1/29/2021,7025,6.515433
1/29/2021,7026,6.515577
1/29/2021,7027,6.515721
1/29/2021,7028,6.515865
1/29/2021,7029,6.51601
1/29/2021,7030,6.516154
1/29/2021,7031,6.516298
1/29/2021,7032,6.516442
1/29/2021,7033,6.516587
1/29/2021,7034,6.516731
1/29/2021,7035,6.516875
1/29/2021,7036,6.517019
1/29/2021,7037,6.517163
1/29/2021,7038,6.517308
1/29/2021,7039,6.517452
1/29/2021,7040,6.517596
1/29/2021,7041,6.51774
1/29/2021,7042,6.517885
1/29/2021,7043,6.518029
1/29/2021,7044,6.518173
1/29/2021,7045,6.518317
1/29/2021,7046,6.518462
1/29/2021,7047,6.518606
1/29/2021,7048,6.51875
1/29/2021,7049,6.518894
1/29/2021,7050,6.519038
1/29/2021,7051,6.519183
1/29/2021,7052,6.519327
1/29/2021,7053,6.519471
1/29/2021,7054,6.519615
1/29/2021,7055,6.51976
1/29/2021,7056,6.519904
1/29/2021,7057,6.520048
1/29/2021,7058,6.520192
1/29/2021,7059,6.520337
1/29/2021,7060,6.520481
1/29/2021,7061,6.520625
1/29/2021,7062,6.520769
1/29/2021,7063,6.520913
1/29/2021,7064,6.521058
1/29/2021,7065,6.521202
1/29/2021,7066,6.521346
1/29/2021,7067,6.52149
1/29/2021,7068,6.521635
1/29/2021,7069,6.521779
1/29/2021,7070,6.521923
1/29/2021,7071,6.522067
1/29/2021,7072,6.522212
1/29/2021,7073,6.522356
1/29/2021,7074,6.5225
1/29/2021,7075,6.522644
1/29/2021,7076,6.522788
1/29/2021,7077,6.522933
1/29/2021,7078,6.523077
1/29/2021,7079,6.523221
1/29/2021,7080,6.523365
1/29/2021,7081,6.52351
1/29/2021,7082,6.523654
1/29/2021,7083,6.523798
1/29/2021,7084,6.523942
1/29/2021,7085,6.524087
1/29/2021,7086,6.524231
1/29/2021,7087,6.524375
1/29/2021,7088,6.524519
1/29/2021,7089,6.524663
1/29/2021,7090,6.524808
1/29/2021,7091,6.524952
1/29/2021,7092,6.525096
1/29/2021,7093,6.52524
1/29/2021,7094,6.525385
1/29/2021,7095,6.525529
1/29/2021,7096,6.525673
1/29/2021,7097,6.525817
1/29/2021,7098,6.525962
1/29/2021,7099,6.526106
1/29/2021,7100,6.52625
1/29/2021,7101,6.526394
1/29/2021,7102,6.526538
1/29/2021,7103,6.526683
1/29/2021,7104,6.526827
1/29/2021,7105,6.526971
1/29/2021,7106,6.527115
1/29/2021,7107,6.52726
1/29/2021,7108,6.527404
1/29/2021,7109,6.527548
1/29/2021,7110,6.527692
1/29/2021,7111,6.527837
1/29/2021,7112,6.527981
1/29/2021,7113,6.528125
1/29/2021,7114,6.528269
1/29/2021,7115,6.528413
1/29/2021,7116,6.528558
1/29/2021,7117,6.528702
1/29/2021,7118,6.528846
1/29/2021,7119,6.52899
1/29/2021,7120,6.529135
1/29/2021,7121,6.529279
1/29/2021,7122,6.529423
1/29/2021,7123,6.529567
1/29/2021,7124,6.529712
1/29/2021,7125,6.529856
1/29/2021,7126,6.53
1/29/2021,7127,6.530144
1/29/2021,7128,6.530288
1/29/2021,7129,6.530433
1/29/2021,7130,6.530577
1/29/2021,7131,6.530721
1/29/2021,7132,6.530865
1/29/2021,7133,6.53101
1/29/2021,7134,6.531154
1/29/2021,7135,6.531298
1/29/2021,7136,6.531442
1/29/2021,7137,6.531587
1/29/2021,7138,6.531731
1/29/2021,7139,6.531875
1/29/2021,7140,6.532019
1/29/2021,7141,6.532163
1/29/2021,7142,6.532308
1/29/2021,7143,6.532452
1/29/2021,7144,6.532596
1/29/2021,7145,6.53274
1/29/2021,7146,6.532885
1/29/2021,7147,6.533029
1/29/2021,7148,6.533173
1/29/2021,7149,6.533317
1/29/2021,7150,6.533462
1/29/2021,7151,6.533606
1/29/2021,7152,6.53375
1/29/2021,7153,6.533894
1/29/2021,7154,6.534038
1/29/2021,7155,6.534183
1/29/2021,7156,6.534327
1/29/2021,7157,6.534471
1/29/2021,7158,6.534615
1/29/2021,7159,6.53476
1/29/2021,7160,6.534904
1/29/2021,7161,6.535048
1/29/2021,7162,6.535192
1/29/2021,7163,6.535337
1/29/2021,7164,6.535481
1/29/2021,7165,6.535625
1/29/2021,7166,6.535769
1/29/2021,7167,6.535913
1/29/2021,7168,6.536058
1/29/2021,7169,6.536202
1/29/2021,7170,6.536346
1/29/2021,7171,6.53649
1/29/2021,7172,6.536635
1/29/2021,7173,6.536779
1/29/2021,7174,6.536923
1/29/2021,7175,6.537067
1/29/2021,7176,6.537212
1/29/2021,7177,6.537356
1/29/2021,7178,6.5375
1/29/2021,7179,6.537644
1/29/2021,7180,6.537788
1/29/2021,7181,6.537933
1/29/2021,7182,6.538077
1/29/2021,7183,6.538221
1/29/2021,7184,6.538365
1/29/2021,7185,6.53851
1/29/2021,7186,6.538654
1/29/2021,7187,6.538798
1/29/2021,7188,6.538942
1/29/2021,7189,6.539087
1/29/2021,7190,6.539231
1/29/2021,7191,6.539375
1/29/2021,7192,6.539519
1/29/2021,7193,6.539663
1/29/2021,7194,6.539808
1/29/2021,7195,6.539952
1/29/2021,7196,6.540096
1/29/2021,7197,6.54024
1/29/2021,7198,6.540385
1/29/2021,7199,6.540529
1/29/2021,7200,6.540673
1/29/2021,7201,6.540817
1/29/2021,7202,6.540962
1/29/2021,7203,6.541106
1/29/2021,7204,6.54125
1/29/2021,7205,6.541394
1/29/2021,7206,6.541538
1/29/2021,7207,6.541683
1/29/2021,7208,6.541827
1/29/2021,7209,6.541971
1/29/2021,7210,6.542115
1/29/2021,7211,6.54226
1/29/2021,7212,6.542404
1/29/2021,7213,6.542548
1/29/2021,7214,6.542692
1/29/2021,7215,6.542837
1/29/2021,7216,6.542981
1/29/2021,7217,6.543125
1/29/2021,7218,6.543269
1/29/2021,7219,6.543413
1/29/2021,7220,6.543558
1/29/2021,7221,6.543702
1/29/2021,7222,6.543846
1/29/2021,7223,6.54399
1/29/2021,7224,6.544135
1/29/2021,7225,6.544279
1/29/2021,7226,6.544423
1/29/2021,7227,6.544567
1/29/2021,7228,6.544712
1/29/2021,7229,6.544856
1/29/2021,7230,6.545
1/29/2021,7231,6.545144
1/29/2021,7232,6.545288
1/29/2021,7233,6.545433
1/29/2021,7234,6.545577
1/29/2021,7235,6.545721
1/29/2021,7236,6.545865
1/29/2021,7237,6.54601
1/29/2021,7238,6.546154
1/29/2021,7239,6.546298
1/29/2021,7240,6.546442
1/29/2021,7241,6.546587
1/29/2021,7242,6.546731
1/29/2021,7243,6.546875
1/29/2021,7244,6.547019
1/29/2021,7245,6.547163
1/29/2021,7246,6.547308
1/29/2021,7247,6.547452
1/29/2021,7248,6.547596
1/29/2021,7249,6.54774
1/29/2021,7250,6.547885
1/29/2021,7251,6.548029
1/29/2021,7252,6.548173
1/29/2021,7253,6.548317
1/29/2021,7254,6.548462
1/29/2021,7255,6.548606
1/29/2021,7256,6.54875
1/29/2021,7257,6.548894
1/29/2021,7258,6.549038
1/29/2021,7259,6.549183
1/29/2021,7260,6.549327
1/29/2021,7261,6.549471
1/29/2021,7262,6.549615
1/29/2021,7263,6.54976
1/29/2021,7264,6.549904
1/29/2021,7265,6.550048
1/29/2021,7266,6.550192
1/29/2021,7267,6.550337
1/29/2021,7268,6.550481
1/29/2021,7269,6.550625
1/29/2021,7270,6.550769
1/29/2021,7271,6.550913
1/29/2021,7272,6.551058
1/29/2021,7273,6.551202
1/29/2021,7274,6.551346
1/29/2021,7275,6.55149
1/29/2021,7276,6.551635
1/29/2021,7277,6.551779
1/29/2021,7278,6.551923
1/29/2021,7279,6.552067
1/29/2021,7280,6.552212
1/29/2021,7281,6.552356
1/29/2021,7282,6.5525
1/29/2021,7283,6.552644
1/29/2021,7284,6.552788
1/29/2021,7285,6.552933
1/29/2021,7286,6.553077
1/29/2021,7287,6.553221
1/29/2021,7288,6.553365
1/29/2021,7289,6.55351
1/29/2021,7290,6.553654
1/29/2021,7291,6.553798
1/29/2021,7292,6.553942
1/29/2021,7293,6.554087
1/29/2021,7294,6.554231
1/29/2021,7295,6.554375
1/29/2021,7296,6.554519
1/29/2021,7297,6.554663
1/29/2021,7298,6.554808
1/29/2021,7299,6.554952
1/29/2021,7300,6.555096
1/29/2021,7301,6.55524
1/29/2021,7302,6.555385
1/29/2021,7303,6.555529
1/29/2021,7304,6.555673
1/29/2021,7305,6.555817
1/29/2021,7306,6.555962
1/29/2021,7307,6.556106
1/29/2021,7308,6.55625
1/29/2021,7309,6.556394
1/29/2021,7310,6.556538
1/29/2021,7311,6.556683
1/29/2021,7312,6.556827
1/29/2021,7313,6.556971
1/29/2021,7314,6.557115
1/29/2021,7315,6.55726
1/29/2021,7316,6.557404
1/29/2021,7317,6.557548
1/29/2021,7318,6.557692
1/29/2021,7319,6.557837
1/29/2021,7320,6.557981
1/29/2021,7321,6.558125
1/29/2021,7322,6.558269
1/29/2021,7323,6.558413
1/29/2021,7324,6.558558
1/29/2021,7325,6.558702
1/29/2021,7326,6.558846
1/29/2021,7327,6.55899
1/29/2021,7328,6.559135
1/29/2021,7329,6.559279
1/29/2021,7330,6.559423
1/29/2021,7331,6.559567
1/29/2021,7332,6.559712
1/29/2021,7333,6.559856
1/29/2021,7334,6.56
1/29/2021,7335,6.560144
1/29/2021,7336,6.560288
1/29/2021,7337,6.560433
1/29/2021,7338,6.560577
1/29/2021,7339,6.560721
1/29/2021,7340,6.560865
1/29/2021,7341,6.56101
1/29/2021,7342,6.561154
1/29/2021,7343,6.561298
1/29/2021,7344,6.561442
1/29/2021,7345,6.561587
1/29/2021,7346,6.561731
1/29/2021,7347,6.561875
1/29/2021,7348,6.562019
1/29/2021,7349,6.562163
1/29/2021,7350,6.562308
1/29/2021,7351,6.562452
1/29/2021,7352,6.562596
1/29/2021,7353,6.56274
1/29/2021,7354,6.562885
1/29/2021,7355,6.563029
1/29/2021,7356,6.563173
1/29/2021,7357,6.563317
1/29/2021,7358,6.563462
1/29/2021,7359,6.563606
1/29/2021,7360,6.56375
1/29/2021,7361,6.563894
1/29/2021,7362,6.564038
1/29/2021,7363,6.564183
1/29/2021,7364,6.564327
1/29/2021,7365,6.564471
1/29/2021,7366,6.564615
1/29/2021,7367,6.56476
1/29/2021,7368,6.564904
1/29/2021,7369,6.565048
1/29/2021,7370,6.565192
1/29/2021,7371,6.565337
1/29/2021,7372,6.565481
1/29/2021,7373,6.565625
1/29/2021,7374,6.565769
1/29/2021,7375,6.565913
1/29/2021,7376,6.566058
1/29/2021,7377,6.566202
1/29/2021,7378,6.566346
1/29/2021,7379,6.56649
1/29/2021,7380,6.566635
1/29/2021,7381,6.566779
1/29/2021,7382,6.566923
1/29/2021,7383,6.567067
1/29/2021,7384,6.567212
1/29/2021,7385,6.567356
1/29/2021,7386,6.5675
1/29/2021,7387,6.567644
1/29/2021,7388,6.567788
1/29/2021,7389,6.567933
1/29/2021,7390,6.568077
1/29/2021,7391,6.568221
1/29/2021,7392,6.568365
1/29/2021,7393,6.56851
1/29/2021,7394,6.568654
1/29/2021,7395,6.568798
1/29/2021,7396,6.568942
1/29/2021,7397,6.569087
1/29/2021,7398,6.569231
1/29/2021,7399,6.569375
1/29/2021,7400,6.569519
1/29/2021,7401,6.569663
1/29/2021,7402,6.569808
1/29/2021,7403,6.569952
1/29/2021,7404,6.570096
1/29/2021,7405,6.57024
1/29/2021,7406,6.570385
1/29/2021,7407,6.570529
1/29/2021,7408,6.570673
1/29/2021,7409,6.570817
1/29/2021,7410,6.570962
1/29/2021,7411,6.571106
1/29/2021,7412,6.57125
1/29/2021,7413,6.571394
1/29/2021,7414,6.571538
1/29/2021,7415,6.571683
1/29/2021,7416,6.571827
1/29/2021,7417,6.571971
1/29/2021,7418,6.572115
1/29/2021,7419,6.57226
1/29/2021,7420,6.572404
1/29/2021,7421,6.572548
1/29/2021,7422,6.572692
1/29/2021,7423,6.572837
1/29/2021,7424,6.572981
1/29/2021,7425,6.573125
1/29/2021,7426,6.573269
1/29/2021,7427,6.573413
1/29/2021,7428,6.573558
1/29/2021,7429,6.573702
1/29/2021,7430,6.573846
1/29/2021,7431,6.57399
1/29/2021,7432,6.574135
1/29/2021,7433,6.574279
1/29/2021,7434,6.574423
1/29/2021,7435,6.574567
1/29/2021,7436,6.574712
1/29/2021,7437,6.574856
1/29/2021,7438,6.575
1/29/2021,7439,6.575144
1/29/2021,7440,6.575288
1/29/2021,7441,6.575433
1/29/2021,7442,6.575577
1/29/2021,7443,6.575721
1/29/2021,7444,6.575865
1/29/2021,7445,6.57601
1/29/2021,7446,6.576154
1/29/2021,7447,6.576298
1/29/2021,7448,6.576442
1/29/2021,7449,6.576587
1/29/2021,7450,6.576731
1/29/2021,7451,6.576875
1/29/2021,7452,6.577019
1/29/2021,7453,6.577163
1/29/2021,7454,6.577308
1/29/2021,7455,6.577452
1/29/2021,7456,6.577596
1/29/2021,7457,6.57774
1/29/2021,7458,6.577885
1/29/2021,7459,6.578029
1/29/2021,7460,6.578173
1/29/2021,7461,6.578317
1/29/2021,7462,6.578462
1/29/2021,7463,6.578606
1/29/2021,7464,6.57875
1/29/2021,7465,6.578894
1/29/2021,7466,6.579038
1/29/2021,7467,6.579183
1/29/2021,7468,6.579327
1/29/2021,7469,6.579471
1/29/2021,7470,6.579615
1/29/2021,7471,6.57976
1/29/2021,7472,6.579904
1/29/2021,7473,6.580048
1/29/2021,7474,6.580192
1/29/2021,7475,6.580337
1/29/2021,7476,6.580481
1/29/2021,7477,6.580625
1/29/2021,7478,6.580769
1/29/2021,7479,6.580913
1/29/2021,7480,6.581058
1/29/2021,7481,6.581202
1/29/2021,7482,6.581346
1/29/2021,7483,6.58149
1/29/2021,7484,6.581635
1/29/2021,7485,6.581779
1/29/2021,7486,6.581923
1/29/2021,7487,6.582067
1/29/2021,7488,6.582212
1/29/2021,7489,6.582356
1/29/2021,7490,6.5825
1/29/2021,7491,6.582644
1/29/2021,7492,6.582788
1/29/2021,7493,6.582933
1/29/2021,7494,6.583077
1/29/2021,7495,6.583221
1/29/2021,7496,6.583365
1/29/2021,7497,6.58351
1/29/2021,7498,6.583654
1/29/2021,7499,6.583798
1/29/2021,7500,6.583942
1/29/2021,7501,6.584087
1/29/2021,7502,6.584231
1/29/2021,7503,6.584375
1/29/2021,7504,6.584519
1/29/2021,7505,6.584663
1/29/2021,7506,6.584808
1/29/2021,7507,6.584952
1/29/2021,7508,6.585096
1/29/2021,7509,6.58524
1/29/2021,7510,6.585385
1/29/2021,7511,6.585529
1/29/2021,7512,6.585673
1/29/2021,7513,6.585817
1/29/2021,7514,6.585962
1/29/2021,7515,6.586106
1/29/2021,7516,6.58625
1/29/2021,7517,6.586394
1/29/2021,7518,6.586538
1/29/2021,7519,6.586683
1/29/2021,7520,6.586827
1/29/2021,7521,6.586971
1/29/2021,7522,6.587115
1/29/2021,7523,6.58726
1/29/2021,7524,6.587404
1/29/2021,7525,6.587548
1/29/2021,7526,6.587692
1/29/2021,7527,6.587837
1/29/2021,7528,6.587981
1/29/2021,7529,6.588125
1/29/2021,7530,6.588269
1/29/2021,7531,6.588413
1/29/2021,7532,6.588558
1/29/2021,7533,6.588702
1/29/2021,7534,6.588846
1/29/2021,7535,6.58899
1/29/2021,7536,6.589135
1/29/2021,7537,6.589279
1/29/2021,7538,6.589423
1/29/2021,7539,6.589567
1/29/2021,7540,6.589712
1/29/2021,7541,6.589856
1/29/2021,7542,6.59
1/29/2021,7543,6.590144
1/29/2021,7544,6.590288
1/29/2021,7545,6.590433
1/29/2021,7546,6.590577
1/29/2021,7547,6.590721
1/29/2021,7548,6.590865
1/29/2021,7549,6.59101
1/29/2021,7550,6.591154
1/29/2021,7551,6.591298
1/29/2021,7552,6.591442
1/29/2021,7553,6.591587
1/29/2021,7554,6.591731
1/29/2021,7555,6.591875
1/29/2021,7556,6.592019
1/29/2021,7557,6.592163
1/29/2021,7558,6.592308
1/29/2021,7559,6.592452
1/29/2021,7560,6.592596
1/29/2021,7561,6.59274
1/29/2021,7562,6.592885
1/29/2021,7563,6.593029
1/29/2021,7564,6.593173
1/29/2021,7565,6.593317
1/29/2021,7566,6.593462
1/29/2021,7567,6.593606
1/29/2021,7568,6.59375
1/29/2021,7569,6.593894
1/29/2021,7570,6.594038
1/29/2021,7571,6.594183
1/29/2021,7572,6.594327
1/29/2021,7573,6.594471
1/29/2021,7574,6.594615
1/29/2021,7575,6.59476
1/29/2021,7576,6.594904
1/29/2021,7577,6.595048
1/29/2021,7578,6.595192
1/29/2021,7579,6.595337
1/29/2021,7580,6.595481
1/29/2021,7581,6.595625
1/29/2021,7582,6.595769
1/29/2021,7583,6.595913
1/29/2021,7584,6.596058
1/29/2021,7585,6.596202
1/29/2021,7586,6.596346
1/29/2021,7587,6.59649
1/29/2021,7588,6.596635
1/29/2021,7589,6.596779
1/29/2021,7590,6.596923
1/29/2021,7591,6.597067
1/29/2021,7592,6.597212
1/29/2021,7593,6.597356
1/29/2021,7594,6.5975
1/29/2021,7595,6.597644
1/29/2021,7596,6.597788
1/29/2021,7597,6.597933
1/29/2021,7598,6.598077
1/29/2021,7599,6.598221
1/29/2021,7600,6.598365
1/29/2021,7601,6.59851
1/29/2021,7602,6.598654
1/29/2021,7603,6.598798
1/29/2021,7604,6.598942
1/29/2021,7605,6.599087
1/29/2021,7606,6.599231
1/29/2021,7607,6.599375
1/29/2021,7608,6.599519
1/29/2021,7609,6.599663
1/29/2021,7610,6.599808
1/29/2021,7611,6.599952
1/29/2021,7612,6.600096
1/29/2021,7613,6.60024
1/29/2021,7614,6.600385
1/29/2021,7615,6.600529
1/29/2021,7616,6.600673
1/29/2021,7617,6.600817
1/29/2021,7618,6.600962
1/29/2021,7619,6.601106
1/29/2021,7620,6.60125
1/29/2021,7621,6.601394
1/29/2021,7622,6.601538
1/29/2021,7623,6.601683
1/29/2021,7624,6.601827
1/29/2021,7625,6.601971
1/29/2021,7626,6.602115
1/29/2021,7627,6.60226
1/29/2021,7628,6.602404
1/29/2021,7629,6.602548
1/29/2021,7630,6.602692
1/29/2021,7631,6.602837
1/29/2021,7632,6.602981
1/29/2021,7633,6.603125
1/29/2021,7634,6.603269
1/29/2021,7635,6.603413
1/29/2021,7636,6.603558
1/29/2021,7637,6.603702
1/29/2021,7638,6.603846
1/29/2021,7639,6.60399
1/29/2021,7640,6.604135
1/29/2021,7641,6.604279
1/29/2021,7642,6.604423
1/29/2021,7643,6.604567
1/29/2021,7644,6.604712
1/29/2021,7645,6.604856
1/29/2021,7646,6.605
1/29/2021,7647,6.605144
1/29/2021,7648,6.605288
1/29/2021,7649,6.605433
1/29/2021,7650,6.605577
1/29/2021,7651,6.605721
1/29/2021,7652,6.605865
1/29/2021,7653,6.60601
1/29/2021,7654,6.606154
1/29/2021,7655,6.606298
1/29/2021,7656,6.606442
1/29/2021,7657,6.606587
1/29/2021,7658,6.606731
1/29/2021,7659,6.606875
1/29/2021,7660,6.607019
1/29/2021,7661,6.607163
1/29/2021,7662,6.607308
1/29/2021,7663,6.607452
1/29/2021,7664,6.607596
1/29/2021,7665,6.60774
1/29/2021,7666,6.607885
1/29/2021,7667,6.608029
1/29/2021,7668,6.608173
1/29/2021,7669,6.608317
1/29/2021,7670,6.608462
1/29/2021,7671,6.608606
1/29/2021,7672,6.60875
1/29/2021,7673,6.608894
1/29/2021,7674,6.609038
1/29/2021,7675,6.609183
1/29/2021,7676,6.609327
1/29/2021,7677,6.609471
1/29/2021,7678,6.609615
1/29/2021,7679,6.60976
1/29/2021,7680,6.609904
1/29/2021,7681,6.610048
1/29/2021,7682,6.610192
1/29/2021,7683,6.610337
1/29/2021,7684,6.610481
1/29/2021,7685,6.610625
1/29/2021,7686,6.610769
1/29/2021,7687,6.610913
1/29/2021,7688,6.611058
1/29/2021,7689,6.611202
1/29/2021,7690,6.611346
1/29/2021,7691,6.61149
1/29/2021,7692,6.611635
1/29/2021,7693,6.611779
1/29/2021,7694,6.611923
1/29/2021,7695,6.612067
1/29/2021,7696,6.612212
1/29/2021,7697,6.612356
1/29/2021,7698,6.6125
1/29/2021,7699,6.612644
1/29/2021,7700,6.612788
1/29/2021,7701,6.612933
1/29/2021,7702,6.613077
1/29/2021,7703,6.613221
1/29/2021,7704,6.613365
1/29/2021,7705,6.61351
1/29/2021,7706,6.613654
1/29/2021,7707,6.613798
1/29/2021,7708,6.613942
1/29/2021,7709,6.614087
1/29/2021,7710,6.614231
1/29/2021,7711,6.614375
1/29/2021,7712,6.614519
1/29/2021,7713,6.614663
1/29/2021,7714,6.614808
1/29/2021,7715,6.614952
1/29/2021,7716,6.615096
1/29/2021,7717,6.61524
1/29/2021,7718,6.615385
1/29/2021,7719,6.615529
1/29/2021,7720,6.615673
1/29/2021,7721,6.615817
1/29/2021,7722,6.615962
1/29/2021,7723,6.616106
1/29/2021,7724,6.61625
1/29/2021,7725,6.616394
1/29/2021,7726,6.616538
1/29/2021,7727,6.616683
1/29/2021,7728,6.616827
1/29/2021,7729,6.616971
1/29/2021,7730,6.617115
1/29/2021,7731,6.61726
1/29/2021,7732,6.617404
1/29/2021,7733,6.617548
1/29/2021,7734,6.617692
1/29/2021,7735,6.617837
1/29/2021,7736,6.617981
1/29/2021,7737,6.618125
1/29/2021,7738,6.618269
1/29/2021,7739,6.618413
1/29/2021,7740,6.618558
1/29/2021,7741,6.618702
1/29/2021,7742,6.618846
1/29/2021,7743,6.61899
1/29/2021,7744,6.619135
1/29/2021,7745,6.619279
1/29/2021,7746,6.619423
1/29/2021,7747,6.619567
1/29/2021,7748,6.619712
1/29/2021,7749,6.619856
1/29/2021,7750,6.62
1/29/2021,7751,6.620144
1/29/2021,7752,6.620288
1/29/2021,7753,6.620433
1/29/2021,7754,6.620577
1/29/2021,7755,6.620721
1/29/2021,7756,6.620865
1/29/2021,7757,6.62101
1/29/2021,7758,6.621154
1/29/2021,7759,6.621298
1/29/2021,7760,6.621442
1/29/2021,7761,6.621587
1/29/2021,7762,6.621731
1/29/2021,7763,6.621875
1/29/2021,7764,6.622019
1/29/2021,7765,6.622163
1/29/2021,7766,6.622308
1/29/2021,7767,6.622452
1/29/2021,7768,6.622596
1/29/2021,7769,6.62274
1/29/2021,7770,6.622885
1/29/2021,7771,6.623029
1/29/2021,7772,6.623173
1/29/2021,7773,6.623317
1/29/2021,7774,6.623462
1/29/2021,7775,6.623606
1/29/2021,7776,6.62375
1/29/2021,7777,6.623894
1/29/2021,7778,6.624038
1/29/2021,7779,6.624183
1/29/2021,7780,6.624327
1/29/2021,7781,6.624471
1/29/2021,7782,6.624615
1/29/2021,7783,6.62476
1/29/2021,7784,6.624904
1/29/2021,7785,6.625048
1/29/2021,7786,6.625192
1/29/2021,7787,6.625337
1/29/2021,7788,6.625481
1/29/2021,7789,6.625625
1/29/2021,7790,6.625769
1/29/2021,7791,6.625913
1/29/2021,7792,6.626058
1/29/2021,7793,6.626202
1/29/2021,7794,6.626346
1/29/2021,7795,6.62649
1/29/2021,7796,6.626635
1/29/2021,7797,6.626779
1/29/2021,7798,6.626923
1/29/2021,7799,6.627067
1/29/2021,7800,6.627212
1/29/2021,7801,6.627356
1/29/2021,7802,6.6275
1/29/2021,7803,6.627644
1/29/2021,7804,6.627788
1/29/2021,7805,6.627933
1/29/2021,7806,6.628077
1/29/2021,7807,6.628221
1/29/2021,7808,6.628365
1/29/2021,7809,6.62851
1/29/2021,7810,6.628654
1/29/2021,7811,6.628798
1/29/2021,7812,6.628942
1/29/2021,7813,6.629087
1/29/2021,7814,6.629231
1/29/2021,7815,6.629375
1/29/2021,7816,6.629519
1/29/2021,7817,6.629663
1/29/2021,7818,6.629808
1/29/2021,7819,6.629952
1/29/2021,7820,6.630096
1/29/2021,7821,6.63024
1/29/2021,7822,6.630385
1/29/2021,7823,6.630529
1/29/2021,7824,6.630673
1/29/2021,7825,6.630817
1/29/2021,7826,6.630962
1/29/2021,7827,6.631106
1/29/2021,7828,6.63125
1/29/2021,7829,6.631394
1/29/2021,7830,6.631538
1/29/2021,7831,6.631683
1/29/2021,7832,6.631827
1/29/2021,7833,6.631971
1/29/2021,7834,6.632115
1/29/2021,7835,6.63226
1/29/2021,7836,6.632404
1/29/2021,7837,6.632548
1/29/2021,7838,6.632692
1/29/2021,7839,6.632837
1/29/2021,7840,6.632981
1/29/2021,7841,6.633125
1/29/2021,7842,6.633269
1/29/2021,7843,6.633413
1/29/2021,7844,6.633558
1/29/2021,7845,6.633702
1/29/2021,7846,6.633846
1/29/2021,7847,6.63399
1/29/2021,7848,6.634135
1/29/2021,7849,6.634279
1/29/2021,7850,6.634423
1/29/2021,7851,6.634567
1/29/2021,7852,6.634712
1/29/2021,7853,6.634856
1/29/2021,7854,6.635
1/29/2021,7855,6.635144
1/29/2021,7856,6.635288
1/29/2021,7857,6.635433
1/29/2021,7858,6.635577
1/29/2021,7859,6.635721
1/29/2021,7860,6.635865
1/29/2021,7861,6.63601
1/29/2021,7862,6.636154
1/29/2021,7863,6.636298
1/29/2021,7864,6.636442
1/29/2021,7865,6.636587
1/29/2021,7866,6.636731
1/29/2021,7867,6.636875
1/29/2021,7868,6.637019
1/29/2021,7869,6.637163
1/29/2021,7870,6.637308
1/29/2021,7871,6.637452
1/29/2021,7872,6.637596
1/29/2021,7873,6.63774
1/29/2021,7874,6.637885
1/29/2021,7875,6.638029
1/29/2021,7876,6.638173
1/29/2021,7877,6.638317
1/29/2021,7878,6.638462
1/29/2021,7879,6.638606
1/29/2021,7880,6.63875
1/29/2021,7881,6.638894
1/29/2021,7882,6.639038
1/29/2021,7883,6.639183
1/29/2021,7884,6.639327
1/29/2021,7885,6.639471
1/29/2021,7886,6.639615
1/29/2021,7887,6.63976
1/29/2021,7888,6.639904
1/29/2021,7889,6.640048
1/29/2021,7890,6.640192
1/29/2021,7891,6.640337
1/29/2021,7892,6.640481
1/29/2021,7893,6.640625
1/29/2021,7894,6.640769
1/29/2021,7895,6.640913
1/29/2021,7896,6.641058
1/29/2021,7897,6.641202
1/29/2021,7898,6.641346
1/29/2021,7899,6.64149
1/29/2021,7900,6.641635
1/29/2021,7901,6.641779
1/29/2021,7902,6.641923
1/29/2021,7903,6.642067
1/29/2021,7904,6.642212
1/29/2021,7905,6.642356
1/29/2021,7906,6.6425
1/29/2021,7907,6.642644
1/29/2021,7908,6.642788
1/29/2021,7909,6.642933
1/29/2021,7910,6.643077
1/29/2021,7911,6.643221
1/29/2021,7912,6.643365
1/29/2021,7913,6.64351
1/29/2021,7914,6.643654
1/29/2021,7915,6.643798
1/29/2021,7916,6.643942
1/29/2021,7917,6.644087
1/29/2021,7918,6.644231
1/29/2021,7919,6.644375
1/29/2021,7920,6.644519
1/29/2021,7921,6.644663
1/29/2021,7922,6.644808
1/29/2021,7923,6.644952
1/29/2021,7924,6.645096
1/29/2021,7925,6.64524
1/29/2021,7926,6.645385
1/29/2021,7927,6.645529
1/29/2021,7928,6.645673
1/29/2021,7929,6.645817
1/29/2021,7930,6.645962
1/29/2021,7931,6.646106
1/29/2021,7932,6.64625
1/29/2021,7933,6.646394
1/29/2021,7934,6.646538
1/29/2021,7935,6.646683
1/29/2021,7936,6.646827
1/29/2021,7937,6.646971
1/29/2021,7938,6.647115
1/29/2021,7939,6.64726
1/29/2021,7940,6.647404
1/29/2021,7941,6.647548
1/29/2021,7942,6.647692
1/29/2021,7943,6.647837
1/29/2021,7944,6.647981
1/29/2021,7945,6.648125
1/29/2021,7946,6.648269
1/29/2021,7947,6.648413
1/29/2021,7948,6.648558
1/29/2021,7949,6.648702
1/29/2021,7950,6.648846
1/29/2021,7951,6.64899
1/29/2021,7952,6.649135
1/29/2021,7953,6.649279
1/29/2021,7954,6.649423
1/29/2021,7955,6.649567
1/29/2021,7956,6.649712
1/29/2021,7957,6.649856
1/29/2021,7958,6.65
1/29/2021,7959,6.65006
1/29/2021,7960,6.650121
1/29/2021,7961,6.650181
1/29/2021,7962,6.650242
1/29/2021,7963,6.650302
1/29/2021,7964,6.650363
1/29/2021,7965,6.650423
1/29/2021,7966,6.650484
1/29/2021,7967,6.650544
1/29/2021,7968,6.650604
1/29/2021,7969,6.650665
1/29/2021,7970,6.650725
1/29/2021,7971,6.650786
1/29/2021,7972,6.650846
1/29/2021,7973,6.650907
1/29/2021,7974,6.650967
1/29/2021,7975,6.651027
1/29/2021,7976,6.651088
1/29/2021,7977,6.651148
1/29/2021,7978,6.651209
1/29/2021,7979,6.651269
1/29/2021,7980,6.65133
1/29/2021,7981,6.65139
1/29/2021,7982,6.651451
1/29/2021,7983,6.651511
1/29/2021,7984,6.651571
1/29/2021,7985,6.651632
1/29/2021,7986,6.651692
1/29/2021,7987,6.651753
1/29/2021,7988,6.651813
1/29/2021,7989,6.651874
1/29/2021,7990,6.651934
1/29/2021,7991,6.651995
1/29/2021,7992,6.652055
1/29/2021,7993,6.652115
1/29/2021,7994,6.652176
1/29/2021,7995,6.652236
1/29/2021,7996,6.652297
1/29/2021,7997,6.652357
1/29/2021,7998,6.652418
1/29/2021,7999,6.652478
1/29/2021,8000,6.652538
1/29/2021,8001,6.652599
1/29/2021,8002,6.652659
1/29/2021,8003,6.65272
1/29/2021,8004,6.65278
1/29/2021,8005,6.652841
1/29/2021,8006,6.652901
1/29/2021,8007,6.652962
1/29/2021,8008,6.653022
1/29/2021,8009,6.653082
1/29/2021,8010,6.653143
1/29/2021,8011,6.653203
1/29/2021,8012,6.653264
1/29/2021,8013,6.653324
1/29/2021,8014,6.653385
1/29/2021,8015,6.653445
1/29/2021,8016,6.653505
1/29/2021,8017,6.653566
1/29/2021,8018,6.653626
1/29/2021,8019,6.653687
1/29/2021,8020,6.653747
1/29/2021,8021,6.653808
1/29/2021,8022,6.653868
1/29/2021,8023,6.653929
1/29/2021,8024,6.653989
1/29/2021,8025,6.654049
1/29/2021,8026,6.65411
1/29/2021,8027,6.65417
1/29/2021,8028,6.654231
1/29/2021,8029,6.654291
1/29/2021,8030,6.654352
1/29/2021,8031,6.654412
1/29/2021,8032,6.654473
1/29/2021,8033,6.654533
1/29/2021,8034,6.654593
1/29/2021,8035,6.654654
1/29/2021,8036,6.654714
1/29/2021,8037,6.654775
1/29/2021,8038,6.654835
1/29/2021,8039,6.654896
1/29/2021,8040,6.654956
1/29/2021,8041,6.655016
1/29/2021,8042,6.655077
1/29/2021,8043,6.655137
1/29/2021,8044,6.655198
1/29/2021,8045,6.655258
1/29/2021,8046,6.655319
1/29/2021,8047,6.655379
1/29/2021,8048,6.65544
1/29/2021,8049,6.6555
1/29/2021,8050,6.65556
1/29/2021,8051,6.655621
1/29/2021,8052,6.655681
1/29/2021,8053,6.655742
1/29/2021,8054,6.655802
1/29/2021,8055,6.655863
1/29/2021,8056,6.655923
1/29/2021,8057,6.655984
1/29/2021,8058,6.656044
1/29/2021,8059,6.656104
1/29/2021,8060,6.656165
1/29/2021,8061,6.656225
1/29/2021,8062,6.656286
1/29/2021,8063,6.656346
1/29/2021,8064,6.656407
1/29/2021,8065,6.656467
1/29/2021,8066,6.656527
1/29/2021,8067,6.656588
1/29/2021,8068,6.656648
1/29/2021,8069,6.656709
1/29/2021,8070,6.656769
1/29/2021,8071,6.65683
1/29/2021,8072,6.65689
1/29/2021,8073,6.656951
1/29/2021,8074,6.657011
1/29/2021,8075,6.657071
1/29/2021,8076,6.657132
1/29/2021,8077,6.657192
1/29/2021,8078,6.657253
1/29/2021,8079,6.657313
1/29/2021,8080,6.657374
1/29/2021,8081,6.657434
1/29/2021,8082,6.657495
1/29/2021,8083,6.657555
1/29/2021,8084,6.657615
1/29/2021,8085,6.657676
1/29/2021,8086,6.657736
1/29/2021,8087,6.657797
1/29/2021,8088,6.657857
1/29/2021,8089,6.657918
1/29/2021,8090,6.657978
1/29/2021,8091,6.658038
1/29/2021,8092,6.658099
1/29/2021,8093,6.658159
1/29/2021,8094,6.65822
1/29/2021,8095,6.65828
1/29/2021,8096,6.658341
1/29/2021,8097,6.658401
1/29/2021,8098,6.658462
1/29/2021,8099,6.658522
1/29/2021,8100,6.658582
1/29/2021,8101,6.658643
1/29/2021,8102,6.658703
1/29/2021,8103,6.658764
1/29/2021,8104,6.658824
1/29/2021,8105,6.658885
1/29/2021,8106,6.658945
1/29/2021,8107,6.659005
1/29/2021,8108,6.659066
1/29/2021,8109,6.659126
1/29/2021,8110,6.659187
1/29/2021,8111,6.659247
1/29/2021,8112,6.659308
1/29/2021,8113,6.659368
1/29/2021,8114,6.659429
1/29/2021,8115,6.659489
1/29/2021,8116,6.659549
1/29/2021,8117,6.65961
1/29/2021,8118,6.65967
1/29/2021,8119,6.659731
1/29/2021,8120,6.659791
1/29/2021,8121,6.659852
1/29/2021,8122,6.659912
1/29/2021,8123,6.659973
1/29/2021,8124,6.660033
1/29/2021,8125,6.660093
1/29/2021,8126,6.660154
1/29/2021,8127,6.660214
1/29/2021,8128,6.660275
1/29/2021,8129,6.660335
1/29/2021,8130,6.660396
1/29/2021,8131,6.660456
1/29/2021,8132,6.660516
1/29/2021,8133,6.660577
1/29/2021,8134,6.660637
1/29/2021,8135,6.660698
1/29/2021,8136,6.660758
1/29/2021,8137,6.660819
1/29/2021,8138,6.660879
1/29/2021,8139,6.66094
1/29/2021,8140,6.661
1/29/2021,8141,6.66106
1/29/2021,8142,6.661121
1/29/2021,8143,6.661181
1/29/2021,8144,6.661242
1/29/2021,8145,6.661302
1/29/2021,8146,6.661363
1/29/2021,8147,6.661423
1/29/2021,8148,6.661484
1/29/2021,8149,6.661544
1/29/2021,8150,6.661604
1/29/2021,8151,6.661665
1/29/2021,8152,6.661725
1/29/2021,8153,6.661786
1/29/2021,8154,6.661846
1/29/2021,8155,6.661907
1/29/2021,8156,6.661967
1/29/2021,8157,6.662027
1/29/2021,8158,6.662088
1/29/2021,8159,6.662148
1/29/2021,8160,6.662209
1/29/2021,8161,6.662269
1/29/2021,8162,6.66233
1/29/2021,8163,6.66239
1/29/2021,8164,6.662451
1/29/2021,8165,6.662511
1/29/2021,8166,6.662571
1/29/2021,8167,6.662632
1/29/2021,8168,6.662692
1/29/2021,8169,6.662753
1/29/2021,8170,6.662813
1/29/2021,8171,6.662874
1/29/2021,8172,6.662934
1/29/2021,8173,6.662995
1/29/2021,8174,6.663055
1/29/2021,8175,6.663115
1/29/2021,8176,6.663176
1/29/2021,8177,6.663236
1/29/2021,8178,6.663297
1/29/2021,8179,6.663357
1/29/2021,8180,6.663418
1/29/2021,8181,6.663478
1/29/2021,8182,6.663538
1/29/2021,8183,6.663599
1/29/2021,8184,6.663659
1/29/2021,8185,6.66372
1/29/2021,8186,6.66378
1/29/2021,8187,6.663841
1/29/2021,8188,6.663901
1/29/2021,8189,6.663962
1/29/2021,8190,6.664022
1/29/2021,8191,6.664082
1/29/2021,8192,6.664143
1/29/2021,8193,6.664203
1/29/2021,8194,6.664264
1/29/2021,8195,6.664324
1/29/2021,8196,6.664385
1/29/2021,8197,6.664445
1/29/2021,8198,6.664505
1/29/2021,8199,6.664566
1/29/2021,8200,6.664626
1/29/2021,8201,6.664687
1/29/2021,8202,6.664747
1/29/2021,8203,6.664808
1/29/2021,8204,6.664868
1/29/2021,8205,6.664929
1/29/2021,8206,6.664989
1/29/2021,8207,6.665049
1/29/2021,8208,6.66511
1/29/2021,8209,6.66517
1/29/2021,8210,6.665231
1/29/2021,8211,6.665291
1/29/2021,8212,6.665352
1/29/2021,8213,6.665412
1/29/2021,8214,6.665473
1/29/2021,8215,6.665533
1/29/2021,8216,6.665593
1/29/2021,8217,6.665654
1/29/2021,8218,6.665714
1/29/2021,8219,6.665775
1/29/2021,8220,6.665835
1/29/2021,8221,6.665896
1/29/2021,8222,6.665956
1/29/2021,8223,6.666016
1/29/2021,8224,6.666077
1/29/2021,8225,6.666137
1/29/2021,8226,6.666198
1/29/2021,8227,6.666258
1/29/2021,8228,6.666319
1/29/2021,8229,6.666379
1/29/2021,8230,6.66644
1/29/2021,8231,6.6665
1/29/2021,8232,6.66656
1/29/2021,8233,6.666621
1/29/2021,8234,6.666681
1/29/2021,8235,6.666742
1/29/2021,8236,6.666802
1/29/2021,8237,6.666863
1/29/2021,8238,6.666923
1/29/2021,8239,6.666984
1/29/2021,8240,6.667044
1/29/2021,8241,6.667104
1/29/2021,8242,6.667165
1/29/2021,8243,6.667225
1/29/2021,8244,6.667286
1/29/2021,8245,6.667346
1/29/2021,8246,6.667407
1/29/2021,8247,6.667467
1/29/2021,8248,6.667527
1/29/2021,8249,6.667588
1/29/2021,8250,6.667648
1/29/2021,8251,6.667709
1/29/2021,8252,6.667769
1/29/2021,8253,6.66783
1/29/2021,8254,6.66789
1/29/2021,8255,6.667951
1/29/2021,8256,6.668011
1/29/2021,8257,6.668071
1/29/2021,8258,6.668132
1/29/2021,8259,6.668192
1/29/2021,8260,6.668253
1/29/2021,8261,6.668313
1/29/2021,8262,6.668374
1/29/2021,8263,6.668434
1/29/2021,8264,6.668495
1/29/2021,8265,6.668555
1/29/2021,8266,6.668615
1/29/2021,8267,6.668676
1/29/2021,8268,6.668736
1/29/2021,8269,6.668797
1/29/2021,8270,6.668857
1/29/2021,8271,6.668918
1/29/2021,8272,6.668978
1/29/2021,8273,6.669038
1/29/2021,8274,6.669099
1/29/2021,8275,6.669159
1/29/2021,8276,6.66922
1/29/2021,8277,6.66928
1/29/2021,8278,6.669341
1/29/2021,8279,6.669401
1/29/2021,8280,6.669462
1/29/2021,8281,6.669522
1/29/2021,8282,6.669582
1/29/2021,8283,6.669643
1/29/2021,8284,6.669703
1/29/2021,8285,6.669764
1/29/2021,8286,6.669824
1/29/2021,8287,6.669885
1/29/2021,8288,6.669945
1/29/2021,8289,6.670005
1/29/2021,8290,6.670066
1/29/2021,8291,6.670126
1/29/2021,8292,6.670187
1/29/2021,8293,6.670247
1/29/2021,8294,6.670308
1/29/2021,8295,6.670368
1/29/2021,8296,6.670429
1/29/2021,8297,6.670489
1/29/2021,8298,6.670549
1/29/2021,8299,6.67061
1/29/2021,8300,6.67067
1/29/2021,8301,6.670731
1/29/2021,8302,6.670791
1/29/2021,8303,6.670852
1/29/2021,8304,6.670912
1/29/2021,8305,6.670973
1/29/2021,8306,6.671033
1/29/2021,8307,6.671093
1/29/2021,8308,6.671154
1/29/2021,8309,6.671214
1/29/2021,8310,6.671275
1/29/2021,8311,6.671335
1/29/2021,8312,6.671396
1/29/2021,8313,6.671456
1/29/2021,8314,6.671516
1/29/2021,8315,6.671577
1/29/2021,8316,6.671637
1/29/2021,8317,6.671698
1/29/2021,8318,6.671758
1/29/2021,8319,6.671819
1/29/2021,8320,6.671879
1/29/2021,8321,6.67194
1/29/2021,8322,6.672
1/29/2021,8323,6.67206
1/29/2021,8324,6.672121
1/29/2021,8325,6.672181
1/29/2021,8326,6.672242
1/29/2021,8327,6.672302
1/29/2021,8328,6.672363
1/29/2021,8329,6.672423
1/29/2021,8330,6.672484
1/29/2021,8331,6.672544
1/29/2021,8332,6.672604
1/29/2021,8333,6.672665
1/29/2021,8334,6.672725
1/29/2021,8335,6.672786
1/29/2021,8336,6.672846
1/29/2021,8337,6.672907
1/29/2021,8338,6.672967
1/29/2021,8339,6.673027
1/29/2021,8340,6.673088
1/29/2021,8341,6.673148
1/29/2021,8342,6.673209
1/29/2021,8343,6.673269
1/29/2021,8344,6.67333
1/29/2021,8345,6.67339
1/29/2021,8346,6.673451
1/29/2021,8347,6.673511
1/29/2021,8348,6.673571
1/29/2021,8349,6.673632
1/29/2021,8350,6.673692
1/29/2021,8351,6.673753
1/29/2021,8352,6.673813
1/29/2021,8353,6.673874
1/29/2021,8354,6.673934
1/29/2021,8355,6.673995
1/29/2021,8356,6.674055
1/29/2021,8357,6.674115
1/29/2021,8358,6.674176
1/29/2021,8359,6.674236
1/29/2021,8360,6.674297
1/29/2021,8361,6.674357
1/29/2021,8362,6.674418
1/29/2021,8363,6.674478
1/29/2021,8364,6.674538
1/29/2021,8365,6.674599
1/29/2021,8366,6.674659
1/29/2021,8367,6.67472
1/29/2021,8368,6.67478
1/29/2021,8369,6.674841
1/29/2021,8370,6.674901
1/29/2021,8371,6.674962
1/29/2021,8372,6.675022
1/29/2021,8373,6.675082
1/29/2021,8374,6.675143
1/29/2021,8375,6.675203
1/29/2021,8376,6.675264
1/29/2021,8377,6.675324
1/29/2021,8378,6.675385
1/29/2021,8379,6.675445
1/29/2021,8380,6.675505
1/29/2021,8381,6.675566
1/29/2021,8382,6.675626
1/29/2021,8383,6.675687
1/29/2021,8384,6.675747
1/29/2021,8385,6.675808
1/29/2021,8386,6.675868
1/29/2021,8387,6.675929
1/29/2021,8388,6.675989
1/29/2021,8389,6.676049
1/29/2021,8390,6.67611
1/29/2021,8391,6.67617
1/29/2021,8392,6.676231
1/29/2021,8393,6.676291
1/29/2021,8394,6.676352
1/29/2021,8395,6.676412
1/29/2021,8396,6.676473
1/29/2021,8397,6.676533
1/29/2021,8398,6.676593
1/29/2021,8399,6.676654
1/29/2021,8400,6.676714
1/29/2021,8401,6.676775
1/29/2021,8402,6.676835
1/29/2021,8403,6.676896
1/29/2021,8404,6.676956
1/29/2021,8405,6.677016
1/29/2021,8406,6.677077
1/29/2021,8407,6.677137
1/29/2021,8408,6.677198
1/29/2021,8409,6.677258
1/29/2021,8410,6.677319
1/29/2021,8411,6.677379
1/29/2021,8412,6.67744
1/29/2021,8413,6.6775
1/29/2021,8414,6.67756
1/29/2021,8415,6.677621
1/29/2021,8416,6.677681
1/29/2021,8417,6.677742
1/29/2021,8418,6.677802
1/29/2021,8419,6.677863
1/29/2021,8420,6.677923
1/29/2021,8421,6.677984
1/29/2021,8422,6.678044
1/29/2021,8423,6.678104
1/29/2021,8424,6.678165
1/29/2021,8425,6.678225
1/29/2021,8426,6.678286
1/29/2021,8427,6.678346
1/29/2021,8428,6.678407
1/29/2021,8429,6.678467
1/29/2021,8430,6.678527
1/29/2021,8431,6.678588
1/29/2021,8432,6.678648
1/29/2021,8433,6.678709
1/29/2021,8434,6.678769
1/29/2021,8435,6.67883
1/29/2021,8436,6.67889
1/29/2021,8437,6.678951
1/29/2021,8438,6.679011
1/29/2021,8439,6.679071
1/29/2021,8440,6.679132
1/29/2021,8441,6.679192
1/29/2021,8442,6.679253
1/29/2021,8443,6.679313
1/29/2021,8444,6.679374
1/29/2021,8445,6.679434
1/29/2021,8446,6.679495
1/29/2021,8447,6.679555
1/29/2021,8448,6.679615
1/29/2021,8449,6.679676
1/29/2021,8450,6.679736
1/29/2021,8451,6.679797
1/29/2021,8452,6.679857
1/29/2021,8453,6.679918
1/29/2021,8454,6.679978
1/29/2021,8455,6.680038
1/29/2021,8456,6.680099
1/29/2021,8457,6.680159
1/29/2021,8458,6.68022
1/29/2021,8459,6.68028
1/29/2021,8460,6.680341
1/29/2021,8461,6.680401
1/29/2021,8462,6.680462
1/29/2021,8463,6.680522
1/29/2021,8464,6.680582
1/29/2021,8465,6.680643
1/29/2021,8466,6.680703
1/29/2021,8467,6.680764
1/29/2021,8468,6.680824
1/29/2021,8469,6.680885
1/29/2021,8470,6.680945
1/29/2021,8471,6.681005
1/29/2021,8472,6.681066
1/29/2021,8473,6.681126
1/29/2021,8474,6.681187
1/29/2021,8475,6.681247
1/29/2021,8476,6.681308
1/29/2021,8477,6.681368
1/29/2021,8478,6.681429
1/29/2021,8479,6.681489
1/29/2021,8480,6.681549
1/29/2021,8481,6.68161
1/29/2021,8482,6.68167
1/29/2021,8483,6.681731
1/29/2021,8484,6.681791
1/29/2021,8485,6.681852
1/29/2021,8486,6.681912
1/29/2021,8487,6.681973
1/29/2021,8488,6.682033
1/29/2021,8489,6.682093
1/29/2021,8490,6.682154
1/29/2021,8491,6.682214
1/29/2021,8492,6.682275
1/29/2021,8493,6.682335
1/29/2021,8494,6.682396
1/29/2021,8495,6.682456
1/29/2021,8496,6.682516
1/29/2021,8497,6.682577
1/29/2021,8498,6.682637
1/29/2021,8499,6.682698
1/29/2021,8500,6.682758
1/29/2021,8501,6.682819
1/29/2021,8502,6.682879
1/29/2021,8503,6.68294
1/29/2021,8504,6.683
1/29/2021,8505,6.68306
1/29/2021,8506,6.683121
1/29/2021,8507,6.683181
1/29/2021,8508,6.683242
1/29/2021,8509,6.683302
1/29/2021,8510,6.683363
1/29/2021,8511,6.683423
1/29/2021,8512,6.683484
1/29/2021,8513,6.683544
1/29/2021,8514,6.683604
1/29/2021,8515,6.683665
1/29/2021,8516,6.683725
1/29/2021,8517,6.683786
1/29/2021,8518,6.683846
1/29/2021,8519,6.683907
1/29/2021,8520,6.683967
1/29/2021,8521,6.684027
1/29/2021,8522,6.684088
1/29/2021,8523,6.684148
1/29/2021,8524,6.684209
1/29/2021,8525,6.684269
1/29/2021,8526,6.68433
1/29/2021,8527,6.68439
1/29/2021,8528,6.684451
1/29/2021,8529,6.684511
1/29/2021,8530,6.684571
1/29/2021,8531,6.684632
1/29/2021,8532,6.684692
1/29/2021,8533,6.684753
1/29/2021,8534,6.684813
1/29/2021,8535,6.684874
1/29/2021,8536,6.684934
1/29/2021,8537,6.684995
1/29/2021,8538,6.685055
1/29/2021,8539,6.685115
1/29/2021,8540,6.685176
1/29/2021,8541,6.685236
1/29/2021,8542,6.685297
1/29/2021,8543,6.685357
1/29/2021,8544,6.685418
1/29/2021,8545,6.685478
1/29/2021,8546,6.685538
1/29/2021,8547,6.685599
1/29/2021,8548,6.685659
1/29/2021,8549,6.68572
1/29/2021,8550,6.68578
1/29/2021,8551,6.685841
1/29/2021,8552,6.685901
1/29/2021,8553,6.685962
1/29/2021,8554,6.686022
1/29/2021,8555,6.686082
1/29/2021,8556,6.686143
1/29/2021,8557,6.686203
1/29/2021,8558,6.686264
1/29/2021,8559,6.686324
1/29/2021,8560,6.686385
1/29/2021,8561,6.686445
1/29/2021,8562,6.686505
1/29/2021,8563,6.686566
1/29/2021,8564,6.686626
1/29/2021,8565,6.686687
1/29/2021,8566,6.686747
1/29/2021,8567,6.686808
1/29/2021,8568,6.686868
1/29/2021,8569,6.686929
1/29/2021,8570,6.686989
1/29/2021,8571,6.687049
1/29/2021,8572,6.68711
1/29/2021,8573,6.68717
1/29/2021,8574,6.687231
1/29/2021,8575,6.687291
1/29/2021,8576,6.687352
1/29/2021,8577,6.687412
1/29/2021,8578,6.687473
1/29/2021,8579,6.687533
1/29/2021,8580,6.687593
1/29/2021,8581,6.687654
1/29/2021,8582,6.687714
1/29/2021,8583,6.687775
1/29/2021,8584,6.687835
1/29/2021,8585,6.687896
1/29/2021,8586,6.687956
1/29/2021,8587,6.688016
1/29/2021,8588,6.688077
1/29/2021,8589,6.688137
1/29/2021,8590,6.688198
1/29/2021,8591,6.688258
1/29/2021,8592,6.688319
1/29/2021,8593,6.688379
1/29/2021,8594,6.68844
1/29/2021,8595,6.6885
1/29/2021,8596,6.68856
1/29/2021,8597,6.688621
1/29/2021,8598,6.688681
1/29/2021,8599,6.688742
1/29/2021,8600,6.688802
1/29/2021,8601,6.688863
1/29/2021,8602,6.688923
1/29/2021,8603,6.688984
1/29/2021,8604,6.689044
1/29/2021,8605,6.689104
1/29/2021,8606,6.689165
1/29/2021,8607,6.689225
1/29/2021,8608,6.689286
1/29/2021,8609,6.689346
1/29/2021,8610,6.689407
1/29/2021,8611,6.689467
1/29/2021,8612,6.689527
1/29/2021,8613,6.689588
1/29/2021,8614,6.689648
1/29/2021,8615,6.689709
1/29/2021,8616,6.689769
1/29/2021,8617,6.68983
1/29/2021,8618,6.68989
1/29/2021,8619,6.689951
1/29/2021,8620,6.690011
1/29/2021,8621,6.690071
1/29/2021,8622,6.690132
1/29/2021,8623,6.690192
1/29/2021,8624,6.690253
1/29/2021,8625,6.690313
1/29/2021,8626,6.690374
1/29/2021,8627,6.690434
1/29/2021,8628,6.690495
1/29/2021,8629,6.690555
1/29/2021,8630,6.690615
1/29/2021,8631,6.690676
1/29/2021,8632,6.690736
1/29/2021,8633,6.690797
1/29/2021,8634,6.690857
1/29/2021,8635,6.690918
1/29/2021,8636,6.690978
1/29/2021,8637,6.691038
1/29/2021,8638,6.691099
1/29/2021,8639,6.691159
1/29/2021,8640,6.69122
1/29/2021,8641,6.69128
1/29/2021,8642,6.691341
1/29/2021,8643,6.691401
1/29/2021,8644,6.691462
1/29/2021,8645,6.691522
1/29/2021,8646,6.691582
1/29/2021,8647,6.691643
1/29/2021,8648,6.691703
1/29/2021,8649,6.691764
1/29/2021,8650,6.691824
1/29/2021,8651,6.691885
1/29/2021,8652,6.691945
1/29/2021,8653,6.692005
1/29/2021,8654,6.692066
1/29/2021,8655,6.692126
1/29/2021,8656,6.692187
1/29/2021,8657,6.692247
1/29/2021,8658,6.692308
1/29/2021,8659,6.692368
1/29/2021,8660,6.692429
1/29/2021,8661,6.692489
1/29/2021,8662,6.692549
1/29/2021,8663,6.69261
1/29/2021,8664,6.69267
1/29/2021,8665,6.692731
1/29/2021,8666,6.692791
1/29/2021,8667,6.692852
1/29/2021,8668,6.692912
1/29/2021,8669,6.692973
1/29/2021,8670,6.693033
1/29/2021,8671,6.693093
1/29/2021,8672,6.693154
1/29/2021,8673,6.693214
1/29/2021,8674,6.693275
1/29/2021,8675,6.693335
1/29/2021,8676,6.693396
1/29/2021,8677,6.693456
1/29/2021,8678,6.693516
1/29/2021,8679,6.693577
1/29/2021,8680,6.693637
1/29/2021,8681,6.693698
1/29/2021,8682,6.693758
1/29/2021,8683,6.693819
1/29/2021,8684,6.693879
1/29/2021,8685,6.69394
1/29/2021,8686,6.694
1/29/2021,8687,6.69406
1/29/2021,8688,6.694121
1/29/2021,8689,6.694181
1/29/2021,8690,6.694242
1/29/2021,8691,6.694302
1/29/2021,8692,6.694363
1/29/2021,8693,6.694423
1/29/2021,8694,6.694484
1/29/2021,8695,6.694544
1/29/2021,8696,6.694604
1/29/2021,8697,6.694665
1/29/2021,8698,6.694725
1/29/2021,8699,6.694786
1/29/2021,8700,6.694846
1/29/2021,8701,6.694907
1/29/2021,8702,6.694967
1/29/2021,8703,6.695027
1/29/2021,8704,6.695088
1/29/2021,8705,6.695148
1/29/2021,8706,6.695209
1/29/2021,8707,6.695269
1/29/2021,8708,6.69533
1/29/2021,8709,6.69539
1/29/2021,8710,6.695451
1/29/2021,8711,6.695511
1/29/2021,8712,6.695571
1/29/2021,8713,6.695632
1/29/2021,8714,6.695692
1/29/2021,8715,6.695753
1/29/2021,8716,6.695813
1/29/2021,8717,6.695874
1/29/2021,8718,6.695934
1/29/2021,8719,6.695995
1/29/2021,8720,6.696055
1/29/2021,8721,6.696115
1/29/2021,8722,6.696176
1/29/2021,8723,6.696236
1/29/2021,8724,6.696297
1/29/2021,8725,6.696357
1/29/2021,8726,6.696418
1/29/2021,8727,6.696478
1/29/2021,8728,6.696538
1/29/2021,8729,6.696599
1/29/2021,8730,6.696659
1/29/2021,8731,6.69672
1/29/2021,8732,6.69678
1/29/2021,8733,6.696841
1/29/2021,8734,6.696901
1/29/2021,8735,6.696962
1/29/2021,8736,6.697022
1/29/2021,8737,6.697082
1/29/2021,8738,6.697143
1/29/2021,8739,6.697203
1/29/2021,8740,6.697264
1/29/2021,8741,6.697324
1/29/2021,8742,6.697385
1/29/2021,8743,6.697445
1/29/2021,8744,6.697505
1/29/2021,8745,6.697566
1/29/2021,8746,6.697626
1/29/2021,8747,6.697687
1/29/2021,8748,6.697747
1/29/2021,8749,6.697808
1/29/2021,8750,6.697868
1/29/2021,8751,6.697929
1/29/2021,8752,6.697989
1/29/2021,8753,6.698049
1/29/2021,8754,6.69811
1/29/2021,8755,6.69817
1/29/2021,8756,6.698231
1/29/2021,8757,6.698291
1/29/2021,8758,6.698352
1/29/2021,8759,6.698412
1/29/2021,8760,6.698473
1/29/2021,8761,6.698533
1/29/2021,8762,6.698593
1/29/2021,8763,6.698654
1/29/2021,8764,6.698714
1/29/2021,8765,6.698775
1/29/2021,8766,6.698835
1/29/2021,8767,6.698896
1/29/2021,8768,6.698956
1/29/2021,8769,6.699016
1/29/2021,8770,6.699077
1/29/2021,8771,6.699137
1/29/2021,8772,6.699198
1/29/2021,8773,6.699258
1/29/2021,8774,6.699319
1/29/2021,8775,6.699379
1/29/2021,8776,6.69944
1/29/2021,8777,6.6995
1/29/2021,8778,6.69956
1/29/2021,8779,6.699621
1/29/2021,8780,6.699681
1/29/2021,8781,6.699742
1/29/2021,8782,6.699802
1/29/2021,8783,6.699863
1/29/2021,8784,6.699923
1/29/2021,8785,6.699984
1/29/2021,8786,6.700044
1/29/2021,8787,6.700104
1/29/2021,8788,6.700165
1/29/2021,8789,6.700225
1/29/2021,8790,6.700286
1/29/2021,8791,6.700346
1/29/2021,8792,6.700407
1/29/2021,8793,6.700467
1/29/2021,8794,6.700527
1/29/2021,8795,6.700588
1/29/2021,8796,6.700648
1/29/2021,8797,6.700709
1/29/2021,8798,6.700769
1/29/2021,8799,6.70083
1/29/2021,8800,6.70089
1/29/2021,8801,6.700951
1/29/2021,8802,6.701011
1/29/2021,8803,6.701071
1/29/2021,8804,6.701132
1/29/2021,8805,6.701192
1/29/2021,8806,6.701253
1/29/2021,8807,6.701313
1/29/2021,8808,6.701374
1/29/2021,8809,6.701434
1/29/2021,8810,6.701495
1/29/2021,8811,6.701555
1/29/2021,8812,6.701615
1/29/2021,8813,6.701676
1/29/2021,8814,6.701736
1/29/2021,8815,6.701797
1/29/2021,8816,6.701857
1/29/2021,8817,6.701918
1/29/2021,8818,6.701978
1/29/2021,8819,6.702038
1/29/2021,8820,6.702099
1/29/2021,8821,6.702159
1/29/2021,8822,6.70222
1/29/2021,8823,6.70228
1/29/2021,8824,6.702341
1/29/2021,8825,6.702401
1/29/2021,8826,6.702462
1/29/2021,8827,6.702522
1/29/2021,8828,6.702582
1/29/2021,8829,6.702643
1/29/2021,8830,6.702703
1/29/2021,8831,6.702764
1/29/2021,8832,6.702824
1/29/2021,8833,6.702885
1/29/2021,8834,6.702945
1/29/2021,8835,6.703005
1/29/2021,8836,6.703066
1/29/2021,8837,6.703126
1/29/2021,8838,6.703187
1/29/2021,8839,6.703247
1/29/2021,8840,6.703308
1/29/2021,8841,6.703368
1/29/2021,8842,6.703429
1/29/2021,8843,6.703489
1/29/2021,8844,6.703549
1/29/2021,8845,6.70361
1/29/2021,8846,6.70367
1/29/2021,8847,6.703731
1/29/2021,8848,6.703791
1/29/2021,8849,6.703852
1/29/2021,8850,6.703912
1/29/2021,8851,6.703973
1/29/2021,8852,6.704033
1/29/2021,8853,6.704093
1/29/2021,8854,6.704154
1/29/2021,8855,6.704214
1/29/2021,8856,6.704275
1/29/2021,8857,6.704335
1/29/2021,8858,6.704396
1/29/2021,8859,6.704456
1/29/2021,8860,6.704516
1/29/2021,8861,6.704577
1/29/2021,8862,6.704637
1/29/2021,8863,6.704698
1/29/2021,8864,6.704758
1/29/2021,8865,6.704819
1/29/2021,8866,6.704879
1/29/2021,8867,6.70494
1/29/2021,8868,6.705
1/29/2021,8869,6.70506
1/29/2021,8870,6.705121
1/29/2021,8871,6.705181
1/29/2021,8872,6.705242
1/29/2021,8873,6.705302
1/29/2021,8874,6.705363
1/29/2021,8875,6.705423
1/29/2021,8876,6.705484
1/29/2021,8877,6.705544
1/29/2021,8878,6.705604
1/29/2021,8879,6.705665
1/29/2021,8880,6.705725
1/29/2021,8881,6.705786
1/29/2021,8882,6.705846
1/29/2021,8883,6.705907
1/29/2021,8884,6.705967
1/29/2021,8885,6.706027
1/29/2021,8886,6.706088
1/29/2021,8887,6.706148
1/29/2021,8888,6.706209
1/29/2021,8889,6.706269
1/29/2021,8890,6.70633
1/29/2021,8891,6.70639
1/29/2021,8892,6.706451
1/29/2021,8893,6.706511
1/29/2021,8894,6.706571
1/29/2021,8895,6.706632
1/29/2021,8896,6.706692
1/29/2021,8897,6.706753
1/29/2021,8898,6.706813
1/29/2021,8899,6.706874
1/29/2021,8900,6.706934
1/29/2021,8901,6.706995
1/29/2021,8902,6.707055
1/29/2021,8903,6.707115
1/29/2021,8904,6.707176
1/29/2021,8905,6.707236
1/29/2021,8906,6.707297
1/29/2021,8907,6.707357
1/29/2021,8908,6.707418
1/29/2021,8909,6.707478
1/29/2021,8910,6.707538
1/29/2021,8911,6.707599
1/29/2021,8912,6.707659
1/29/2021,8913,6.70772
1/29/2021,8914,6.70778
1/29/2021,8915,6.707841
1/29/2021,8916,6.707901
1/29/2021,8917,6.707962
1/29/2021,8918,6.708022
1/29/2021,8919,6.708082
1/29/2021,8920,6.708143
1/29/2021,8921,6.708203
1/29/2021,8922,6.708264
1/29/2021,8923,6.708324
1/29/2021,8924,6.708385
1/29/2021,8925,6.708445
1/29/2021,8926,6.708505
1/29/2021,8927,6.708566
1/29/2021,8928,6.708626
1/29/2021,8929,6.708687
1/29/2021,8930,6.708747
1/29/2021,8931,6.708808
1/29/2021,8932,6.708868
1/29/2021,8933,6.708929
1/29/2021,8934,6.708989
1/29/2021,8935,6.709049
1/29/2021,8936,6.70911
1/29/2021,8937,6.70917
1/29/2021,8938,6.709231
1/29/2021,8939,6.709291
1/29/2021,8940,6.709352
1/29/2021,8941,6.709412
1/29/2021,8942,6.709473
1/29/2021,8943,6.709533
1/29/2021,8944,6.709593
1/29/2021,8945,6.709654
1/29/2021,8946,6.709714
1/29/2021,8947,6.709775
1/29/2021,8948,6.709835
1/29/2021,8949,6.709896
1/29/2021,8950,6.709956
1/29/2021,8951,6.710016
1/29/2021,8952,6.710077
1/29/2021,8953,6.710137
1/29/2021,8954,6.710198
1/29/2021,8955,6.710258
1/29/2021,8956,6.710319
1/29/2021,8957,6.710379
1/29/2021,8958,6.71044
1/29/2021,8959,6.7105
1/29/2021,8960,6.71056
1/29/2021,8961,6.710621
1/29/2021,8962,6.710681
1/29/2021,8963,6.710742
1/29/2021,8964,6.710802
1/29/2021,8965,6.710863
1/29/2021,8966,6.710923
1/29/2021,8967,6.710984
1/29/2021,8968,6.711044
1/29/2021,8969,6.711104
1/29/2021,8970,6.711165
1/29/2021,8971,6.711225
1/29/2021,8972,6.711286
1/29/2021,8973,6.711346
1/29/2021,8974,6.711407
1/29/2021,8975,6.711467
1/29/2021,8976,6.711527
1/29/2021,8977,6.711588
1/29/2021,8978,6.711648
1/29/2021,8979,6.711709
1/29/2021,8980,6.711769
1/29/2021,8981,6.71183
1/29/2021,8982,6.71189
1/29/2021,8983,6.711951
1/29/2021,8984,6.712011
1/29/2021,8985,6.712071
1/29/2021,8986,6.712132
1/29/2021,8987,6.712192
1/29/2021,8988,6.712253
1/29/2021,8989,6.712313
1/29/2021,8990,6.712374
1/29/2021,8991,6.712434
1/29/2021,8992,6.712495
1/29/2021,8993,6.712555
1/29/2021,8994,6.712615
1/29/2021,8995,6.712676
1/29/2021,8996,6.712736
1/29/2021,8997,6.712797
1/29/2021,8998,6.712857
1/29/2021,8999,6.712918
1/29/2021,9000,6.712978
1/29/2021,9001,6.713038
1/29/2021,9002,6.713099
1/29/2021,9003,6.713159
1/29/2021,9004,6.71322
1/29/2021,9005,6.71328
1/29/2021,9006,6.713341
1/29/2021,9007,6.713401
1/29/2021,9008,6.713462
1/29/2021,9009,6.713522
1/29/2021,9010,6.713582
1/29/2021,9011,6.713643
1/29/2021,9012,6.713703
1/29/2021,9013,6.713764
1/29/2021,9014,6.713824
1/29/2021,9015,6.713885
1/29/2021,9016,6.713945
1/29/2021,9017,6.714005
1/29/2021,9018,6.714066
1/29/2021,9019,6.714126
1/29/2021,9020,6.714187
1/29/2021,9021,6.714247
1/29/2021,9022,6.714308
1/29/2021,9023,6.714368
1/29/2021,9024,6.714429
1/29/2021,9025,6.714489
1/29/2021,9026,6.714549
1/29/2021,9027,6.71461
1/29/2021,9028,6.71467
1/29/2021,9029,6.714731
1/29/2021,9030,6.714791
1/29/2021,9031,6.714852
1/29/2021,9032,6.714912
1/29/2021,9033,6.714973
1/29/2021,9034,6.715033
1/29/2021,9035,6.715093
1/29/2021,9036,6.715154
1/29/2021,9037,6.715214
1/29/2021,9038,6.715275
1/29/2021,9039,6.715335
1/29/2021,9040,6.715396
1/29/2021,9041,6.715456
1/29/2021,9042,6.715516
1/29/2021,9043,6.715577
1/29/2021,9044,6.715637
1/29/2021,9045,6.715698
1/29/2021,9046,6.715758
1/29/2021,9047,6.715819
1/29/2021,9048,6.715879
1/29/2021,9049,6.71594
1/29/2021,9050,6.716
1/29/2021,9051,6.71606
1/29/2021,9052,6.716121
1/29/2021,9053,6.716181
1/29/2021,9054,6.716242
1/29/2021,9055,6.716302
1/29/2021,9056,6.716363
1/29/2021,9057,6.716423
1/29/2021,9058,6.716484
1/29/2021,9059,6.716544
1/29/2021,9060,6.716604
1/29/2021,9061,6.716665
1/29/2021,9062,6.716725
1/29/2021,9063,6.716786
1/29/2021,9064,6.716846
1/29/2021,9065,6.716907
1/29/2021,9066,6.716967
1/29/2021,9067,6.717027
1/29/2021,9068,6.717088
1/29/2021,9069,6.717148
1/29/2021,9070,6.717209
1/29/2021,9071,6.717269
1/29/2021,9072,6.71733
1/29/2021,9073,6.71739
1/29/2021,9074,6.717451
1/29/2021,9075,6.717511
1/29/2021,9076,6.717571
1/29/2021,9077,6.717632
1/29/2021,9078,6.717692
1/29/2021,9079,6.717753
1/29/2021,9080,6.717813
1/29/2021,9081,6.717874
1/29/2021,9082,6.717934
1/29/2021,9083,6.717995
1/29/2021,9084,6.718055
1/29/2021,9085,6.718115
1/29/2021,9086,6.718176
1/29/2021,9087,6.718236
1/29/2021,9088,6.718297
1/29/2021,9089,6.718357
1/29/2021,9090,6.718418
1/29/2021,9091,6.718478
1/29/2021,9092,6.718538
1/29/2021,9093,6.718599
1/29/2021,9094,6.718659
1/29/2021,9095,6.71872
1/29/2021,9096,6.71878
1/29/2021,9097,6.718841
1/29/2021,9098,6.718901
1/29/2021,9099,6.718962
1/29/2021,9100,6.719022
1/29/2021,9101,6.719082
1/29/2021,9102,6.719143
1/29/2021,9103,6.719203
1/29/2021,9104,6.719264
1/29/2021,9105,6.719324
1/29/2021,9106,6.719385
1/29/2021,9107,6.719445
1/29/2021,9108,6.719505
1/29/2021,9109,6.719566
1/29/2021,9110,6.719626
1/29/2021,9111,6.719687
1/29/2021,9112,6.719747
1/29/2021,9113,6.719808
1/29/2021,9114,6.719868
1/29/2021,9115,6.719929
1/29/2021,9116,6.719989
1/29/2021,9117,6.720049
1/29/2021,9118,6.72011
1/29/2021,9119,6.72017
1/29/2021,9120,6.720231
1/29/2021,9121,6.720291
1/29/2021,9122,6.720352
1/29/2021,9123,6.720412
1/29/2021,9124,6.720473
1/29/2021,9125,6.720533
1/29/2021,9126,6.720593
1/29/2021,9127,6.720654
1/29/2021,9128,6.720714
1/29/2021,9129,6.720775
1/29/2021,9130,6.720835
1/29/2021,9131,6.720896
1/29/2021,9132,6.720956
1/29/2021,9133,6.721016
1/29/2021,9134,6.721077
1/29/2021,9135,6.721137
1/29/2021,9136,6.721198
1/29/2021,9137,6.721258
1/29/2021,9138,6.721319
1/29/2021,9139,6.721379
1/29/2021,9140,6.72144
1/29/2021,9141,6.7215
1/29/2021,9142,6.72156
1/29/2021,9143,6.721621
1/29/2021,9144,6.721681
1/29/2021,9145,6.721742
1/29/2021,9146,6.721802
1/29/2021,9147,6.721863
1/29/2021,9148,6.721923
1/29/2021,9149,6.721984
1/29/2021,9150,6.722044
1/29/2021,9151,6.722104
1/29/2021,9152,6.722165
1/29/2021,9153,6.722225
1/29/2021,9154,6.722286
1/29/2021,9155,6.722346
1/29/2021,9156,6.722407
1/29/2021,9157,6.722467
1/29/2021,9158,6.722527
1/29/2021,9159,6.722588
1/29/2021,9160,6.722648
1/29/2021,9161,6.722709
1/29/2021,9162,6.722769
1/29/2021,9163,6.72283
1/29/2021,9164,6.72289
1/29/2021,9165,6.722951
1/29/2021,9166,6.723011
1/29/2021,9167,6.723071
1/29/2021,9168,6.723132
1/29/2021,9169,6.723192
1/29/2021,9170,6.723253
1/29/2021,9171,6.723313
1/29/2021,9172,6.723374
1/29/2021,9173,6.723434
1/29/2021,9174,6.723495
1/29/2021,9175,6.723555
1/29/2021,9176,6.723615
1/29/2021,9177,6.723676
1/29/2021,9178,6.723736
1/29/2021,9179,6.723797
1/29/2021,9180,6.723857
1/29/2021,9181,6.723918
1/29/2021,9182,6.723978
1/29/2021,9183,6.724038
1/29/2021,9184,6.724099
1/29/2021,9185,6.724159
1/29/2021,9186,6.72422
1/29/2021,9187,6.72428
1/29/2021,9188,6.724341
1/29/2021,9189,6.724401
1/29/2021,9190,6.724462
1/29/2021,9191,6.724522
1/29/2021,9192,6.724582
1/29/2021,9193,6.724643
1/29/2021,9194,6.724703
1/29/2021,9195,6.724764
1/29/2021,9196,6.724824
1/29/2021,9197,6.724885
1/29/2021,9198,6.724945
1/29/2021,9199,6.725005
1/29/2021,9200,6.725066
1/29/2021,9201,6.725126
1/29/2021,9202,6.725187
1/29/2021,9203,6.725247
1/29/2021,9204,6.725308
1/29/2021,9205,6.725368
1/29/2021,9206,6.725429
1/29/2021,9207,6.725489
1/29/2021,9208,6.725549
1/29/2021,9209,6.72561
1/29/2021,9210,6.72567
1/29/2021,9211,6.725731
1/29/2021,9212,6.725791
1/29/2021,9213,6.725852
1/29/2021,9214,6.725912
1/29/2021,9215,6.725973
1/29/2021,9216,6.726033
1/29/2021,9217,6.726093
1/29/2021,9218,6.726154
1/29/2021,9219,6.726214
1/29/2021,9220,6.726275
1/29/2021,9221,6.726335
1/29/2021,9222,6.726396
1/29/2021,9223,6.726456
1/29/2021,9224,6.726516
1/29/2021,9225,6.726577
1/29/2021,9226,6.726637
1/29/2021,9227,6.726698
1/29/2021,9228,6.726758
1/29/2021,9229,6.726819
1/29/2021,9230,6.726879
1/29/2021,9231,6.72694
1/29/2021,9232,6.727
1/29/2021,9233,6.72706
1/29/2021,9234,6.727121
1/29/2021,9235,6.727181
1/29/2021,9236,6.727242
1/29/2021,9237,6.727302
1/29/2021,9238,6.727363
1/29/2021,9239,6.727423
1/29/2021,9240,6.727484
1/29/2021,9241,6.727544
1/29/2021,9242,6.727604
1/29/2021,9243,6.727665
1/29/2021,9244,6.727725
1/29/2021,9245,6.727786
1/29/2021,9246,6.727846
1/29/2021,9247,6.727907
1/29/2021,9248,6.727967
1/29/2021,9249,6.728027
1/29/2021,9250,6.728088
1/29/2021,9251,6.728148
1/29/2021,9252,6.728209
1/29/2021,9253,6.728269
1/29/2021,9254,6.72833
1/29/2021,9255,6.72839
1/29/2021,9256,6.728451
1/29/2021,9257,6.728511
1/29/2021,9258,6.728571
1/29/2021,9259,6.728632
1/29/2021,9260,6.728692
1/29/2021,9261,6.728753
1/29/2021,9262,6.728813
1/29/2021,9263,6.728874
1/29/2021,9264,6.728934
1/29/2021,9265,6.728995
1/29/2021,9266,6.729055
1/29/2021,9267,6.729115
1/29/2021,9268,6.729176
1/29/2021,9269,6.729236
1/29/2021,9270,6.729297
1/29/2021,9271,6.729357
1/29/2021,9272,6.729418
1/29/2021,9273,6.729478
1/29/2021,9274,6.729538
1/29/2021,9275,6.729599
1/29/2021,9276,6.729659
1/29/2021,9277,6.72972
1/29/2021,9278,6.72978
1/29/2021,9279,6.729841
1/29/2021,9280,6.729901
1/29/2021,9281,6.729962
1/29/2021,9282,6.730022
1/29/2021,9283,6.730082
1/29/2021,9284,6.730143
1/29/2021,9285,6.730203
1/29/2021,9286,6.730264
1/29/2021,9287,6.730324
1/29/2021,9288,6.730385
1/29/2021,9289,6.730445
1/29/2021,9290,6.730505
1/29/2021,9291,6.730566
1/29/2021,9292,6.730626
1/29/2021,9293,6.730687
1/29/2021,9294,6.730747
1/29/2021,9295,6.730808
1/29/2021,9296,6.730868
1/29/2021,9297,6.730929
1/29/2021,9298,6.730989
1/29/2021,9299,6.731049
1/29/2021,9300,6.73111
1/29/2021,9301,6.73117
1/29/2021,9302,6.731231
1/29/2021,9303,6.731291
1/29/2021,9304,6.731352
1/29/2021,9305,6.731412
1/29/2021,9306,6.731473
1/29/2021,9307,6.731533
1/29/2021,9308,6.731593
1/29/2021,9309,6.731654
1/29/2021,9310,6.731714
1/29/2021,9311,6.731775
1/29/2021,9312,6.731835
1/29/2021,9313,6.731896
1/29/2021,9314,6.731956
1/29/2021,9315,6.732016
1/29/2021,9316,6.732077
1/29/2021,9317,6.732137
1/29/2021,9318,6.732198
1/29/2021,9319,6.732258
1/29/2021,9320,6.732319
1/29/2021,9321,6.732379
1/29/2021,9322,6.73244
1/29/2021,9323,6.7325
1/29/2021,9324,6.73256
1/29/2021,9325,6.732621
1/29/2021,9326,6.732681
1/29/2021,9327,6.732742
1/29/2021,9328,6.732802
1/29/2021,9329,6.732863
1/29/2021,9330,6.732923
1/29/2021,9331,6.732984
1/29/2021,9332,6.733044
1/29/2021,9333,6.733104
1/29/2021,9334,6.733165
1/29/2021,9335,6.733225
1/29/2021,9336,6.733286
1/29/2021,9337,6.733346
1/29/2021,9338,6.733407
1/29/2021,9339,6.733467
1/29/2021,9340,6.733527
1/29/2021,9341,6.733588
1/29/2021,9342,6.733648
1/29/2021,9343,6.733709
1/29/2021,9344,6.733769
1/29/2021,9345,6.73383
1/29/2021,9346,6.73389
1/29/2021,9347,6.733951
1/29/2021,9348,6.734011
1/29/2021,9349,6.734071
1/29/2021,9350,6.734132
1/29/2021,9351,6.734192
1/29/2021,9352,6.734253
1/29/2021,9353,6.734313
1/29/2021,9354,6.734374
1/29/2021,9355,6.734434
1/29/2021,9356,6.734495
1/29/2021,9357,6.734555
1/29/2021,9358,6.734615
1/29/2021,9359,6.734676
1/29/2021,9360,6.734736
1/29/2021,9361,6.734797
1/29/2021,9362,6.734857
1/29/2021,9363,6.734918
1/29/2021,9364,6.734978
1/29/2021,9365,6.735038
1/29/2021,9366,6.735099
1/29/2021,9367,6.735159
1/29/2021,9368,6.73522
1/29/2021,9369,6.73528
1/29/2021,9370,6.735341
1/29/2021,9371,6.735401
1/29/2021,9372,6.735462
1/29/2021,9373,6.735522
1/29/2021,9374,6.735582
1/29/2021,9375,6.735643
1/29/2021,9376,6.735703
1/29/2021,9377,6.735764
1/29/2021,9378,6.735824
1/29/2021,9379,6.735885
1/29/2021,9380,6.735945
1/29/2021,9381,6.736005
1/29/2021,9382,6.736066
1/29/2021,9383,6.736126
1/29/2021,9384,6.736187
1/29/2021,9385,6.736247
1/29/2021,9386,6.736308
1/29/2021,9387,6.736368
1/29/2021,9388,6.736429
1/29/2021,9389,6.736489
1/29/2021,9390,6.736549
1/29/2021,9391,6.73661
1/29/2021,9392,6.73667
1/29/2021,9393,6.736731
1/29/2021,9394,6.736791
1/29/2021,9395,6.736852
1/29/2021,9396,6.736912
1/29/2021,9397,6.736973
1/29/2021,9398,6.737033
1/29/2021,9399,6.737093
1/29/2021,9400,6.737154
1/29/2021,9401,6.737214
1/29/2021,9402,6.737275
1/29/2021,9403,6.737335
1/29/2021,9404,6.737396
1/29/2021,9405,6.737456
1/29/2021,9406,6.737516
1/29/2021,9407,6.737577
1/29/2021,9408,6.737637
1/29/2021,9409,6.737698
1/29/2021,9410,6.737758
1/29/2021,9411,6.737819
1/29/2021,9412,6.737879
1/29/2021,9413,6.73794
1/29/2021,9414,6.738
1/29/2021,9415,6.73806
1/29/2021,9416,6.738121
1/29/2021,9417,6.738181
1/29/2021,9418,6.738242
1/29/2021,9419,6.738302
1/29/2021,9420,6.738363
1/29/2021,9421,6.738423
1/29/2021,9422,6.738484
1/29/2021,9423,6.738544
1/29/2021,9424,6.738604
1/29/2021,9425,6.738665
1/29/2021,9426,6.738725
1/29/2021,9427,6.738786
1/29/2021,9428,6.738846
1/29/2021,9429,6.738907
1/29/2021,9430,6.738967
1/29/2021,9431,6.739027
1/29/2021,9432,6.739088
1/29/2021,9433,6.739148
1/29/2021,9434,6.739209
1/29/2021,9435,6.739269
1/29/2021,9436,6.73933
1/29/2021,9437,6.73939
1/29/2021,9438,6.739451
1/29/2021,9439,6.739511
1/29/2021,9440,6.739571
1/29/2021,9441,6.739632
1/29/2021,9442,6.739692
1/29/2021,9443,6.739753
1/29/2021,9444,6.739813
1/29/2021,9445,6.739874
1/29/2021,9446,6.739934
1/29/2021,9447,6.739995
1/29/2021,9448,6.740055
1/29/2021,9449,6.740115
1/29/2021,9450,6.740176
1/29/2021,9451,6.740236
1/29/2021,9452,6.740297
1/29/2021,9453,6.740357
1/29/2021,9454,6.740418
1/29/2021,9455,6.740478
1/29/2021,9456,6.740538
1/29/2021,9457,6.740599
1/29/2021,9458,6.740659
1/29/2021,9459,6.74072
1/29/2021,9460,6.74078
1/29/2021,9461,6.740841
1/29/2021,9462,6.740901
1/29/2021,9463,6.740962
1/29/2021,9464,6.741022
1/29/2021,9465,6.741082
1/29/2021,9466,6.741143
1/29/2021,9467,6.741203
1/29/2021,9468,6.741264
1/29/2021,9469,6.741324
1/29/2021,9470,6.741385
1/29/2021,9471,6.741445
1/29/2021,9472,6.741505
1/29/2021,9473,6.741566
1/29/2021,9474,6.741626
1/29/2021,9475,6.741687
1/29/2021,9476,6.741747
1/29/2021,9477,6.741808
1/29/2021,9478,6.741868
1/29/2021,9479,6.741929
1/29/2021,9480,6.741989
1/29/2021,9481,6.742049
1/29/2021,9482,6.74211
1/29/2021,9483,6.74217
1/29/2021,9484,6.742231
1/29/2021,9485,6.742291
1/29/2021,9486,6.742352
1/29/2021,9487,6.742412
1/29/2021,9488,6.742473
1/29/2021,9489,6.742533
1/29/2021,9490,6.742593
1/29/2021,9491,6.742654
1/29/2021,9492,6.742714
1/29/2021,9493,6.742775
1/29/2021,9494,6.742835
1/29/2021,9495,6.742896
1/29/2021,9496,6.742956
1/29/2021,9497,6.743016
1/29/2021,9498,6.743077
1/29/2021,9499,6.743137
1/29/2021,9500,6.743198
1/29/2021,9501,6.743258
1/29/2021,9502,6.743319
1/29/2021,9503,6.743379
1/29/2021,9504,6.74344
1/29/2021,9505,6.7435
1/29/2021,9506,6.74356
1/29/2021,9507,6.743621
1/29/2021,9508,6.743681
1/29/2021,9509,6.743742
1/29/2021,9510,6.743802
1/29/2021,9511,6.743863
1/29/2021,9512,6.743923
1/29/2021,9513,6.743984
1/29/2021,9514,6.744044
1/29/2021,9515,6.744104
1/29/2021,9516,6.744165
1/29/2021,9517,6.744225
1/29/2021,9518,6.744286
1/29/2021,9519,6.744346
1/29/2021,9520,6.744407
1/29/2021,9521,6.744467
1/29/2021,9522,6.744527
1/29/2021,9523,6.744588
1/29/2021,9524,6.744648
1/29/2021,9525,6.744709
1/29/2021,9526,6.744769
1/29/2021,9527,6.74483
1/29/2021,9528,6.74489
1/29/2021,9529,6.744951
1/29/2021,9530,6.745011
1/29/2021,9531,6.745071
1/29/2021,9532,6.745132
1/29/2021,9533,6.745192
1/29/2021,9534,6.745253
1/29/2021,9535,6.745313
1/29/2021,9536,6.745374
1/29/2021,9537,6.745434
1/29/2021,9538,6.745495
1/29/2021,9539,6.745555
1/29/2021,9540,6.745615
1/29/2021,9541,6.745676
1/29/2021,9542,6.745736
1/29/2021,9543,6.745797
1/29/2021,9544,6.745857
1/29/2021,9545,6.745918
1/29/2021,9546,6.745978
1/29/2021,9547,6.746038
1/29/2021,9548,6.746099
1/29/2021,9549,6.746159
1/29/2021,9550,6.74622
1/29/2021,9551,6.74628
1/29/2021,9552,6.746341
1/29/2021,9553,6.746401
1/29/2021,9554,6.746462
1/29/2021,9555,6.746522
1/29/2021,9556,6.746582
1/29/2021,9557,6.746643
1/29/2021,9558,6.746703
1/29/2021,9559,6.746764
1/29/2021,9560,6.746824
1/29/2021,9561,6.746885
1/29/2021,9562,6.746945
1/29/2021,9563,6.747005
1/29/2021,9564,6.747066
1/29/2021,9565,6.747126
1/29/2021,9566,6.747187
1/29/2021,9567,6.747247
1/29/2021,9568,6.747308
1/29/2021,9569,6.747368
1/29/2021,9570,6.747429
1/29/2021,9571,6.747489
1/29/2021,9572,6.747549
1/29/2021,9573,6.74761
1/29/2021,9574,6.74767
1/29/2021,9575,6.747731
1/29/2021,9576,6.747791
1/29/2021,9577,6.747852
1/29/2021,9578,6.747912
1/29/2021,9579,6.747973
1/29/2021,9580,6.748033
1/29/2021,9581,6.748093
1/29/2021,9582,6.748154
1/29/2021,9583,6.748214
1/29/2021,9584,6.748275
1/29/2021,9585,6.748335
1/29/2021,9586,6.748396
1/29/2021,9587,6.748456
1/29/2021,9588,6.748516
1/29/2021,9589,6.748577
1/29/2021,9590,6.748637
1/29/2021,9591,6.748698
1/29/2021,9592,6.748758
1/29/2021,9593,6.748819
1/29/2021,9594,6.748879
1/29/2021,9595,6.74894
1/29/2021,9596,6.749
1/29/2021,9597,6.74906
1/29/2021,9598,6.749121
1/29/2021,9599,6.749181
1/29/2021,9600,6.749242
1/29/2021,9601,6.749302
1/29/2021,9602,6.749363
1/29/2021,9603,6.749423
1/29/2021,9604,6.749484
1/29/2021,9605,6.749544
1/29/2021,9606,6.749604
1/29/2021,9607,6.749665
1/29/2021,9608,6.749725
1/29/2021,9609,6.749786
1/29/2021,9610,6.749846
1/29/2021,9611,6.749907
1/29/2021,9612,6.749967
1/29/2021,9613,6.750027
1/29/2021,9614,6.750088
1/29/2021,9615,6.750148
1/29/2021,9616,6.750209
1/29/2021,9617,6.750269
1/29/2021,9618,6.75033
1/29/2021,9619,6.75039
1/29/2021,9620,6.750451
1/29/2021,9621,6.750511
1/29/2021,9622,6.750571
1/29/2021,9623,6.750632
1/29/2021,9624,6.750692
1/29/2021,9625,6.750753
1/29/2021,9626,6.750813
1/29/2021,9627,6.750874
1/29/2021,9628,6.750934
1/29/2021,9629,6.750995
1/29/2021,9630,6.751055
1/29/2021,9631,6.751115
1/29/2021,9632,6.751176
1/29/2021,9633,6.751236
1/29/2021,9634,6.751297
1/29/2021,9635,6.751357
1/29/2021,9636,6.751418
1/29/2021,9637,6.751478
1/29/2021,9638,6.751538
1/29/2021,9639,6.751599
1/29/2021,9640,6.751659
1/29/2021,9641,6.75172
1/29/2021,9642,6.75178
1/29/2021,9643,6.751841
1/29/2021,9644,6.751901
1/29/2021,9645,6.751962
1/29/2021,9646,6.752022
1/29/2021,9647,6.752082
1/29/2021,9648,6.752143
1/29/2021,9649,6.752203
1/29/2021,9650,6.752264
1/29/2021,9651,6.752324
1/29/2021,9652,6.752385
1/29/2021,9653,6.752445
1/29/2021,9654,6.752505
1/29/2021,9655,6.752566
1/29/2021,9656,6.752626
1/29/2021,9657,6.752687
1/29/2021,9658,6.752747
1/29/2021,9659,6.752808
1/29/2021,9660,6.752868
1/29/2021,9661,6.752929
1/29/2021,9662,6.752989
1/29/2021,9663,6.753049
1/29/2021,9664,6.75311
1/29/2021,9665,6.75317
1/29/2021,9666,6.753231
1/29/2021,9667,6.753291
1/29/2021,9668,6.753352
1/29/2021,9669,6.753412
1/29/2021,9670,6.753473
1/29/2021,9671,6.753533
1/29/2021,9672,6.753593
1/29/2021,9673,6.753654
1/29/2021,9674,6.753714
1/29/2021,9675,6.753775
1/29/2021,9676,6.753835
1/29/2021,9677,6.753896
1/29/2021,9678,6.753956
1/29/2021,9679,6.754016
1/29/2021,9680,6.754077
1/29/2021,9681,6.754137
1/29/2021,9682,6.754198
1/29/2021,9683,6.754258
1/29/2021,9684,6.754319
1/29/2021,9685,6.754379
1/29/2021,9686,6.75444
1/29/2021,9687,6.7545
1/29/2021,9688,6.75456
1/29/2021,9689,6.754621
1/29/2021,9690,6.754681
1/29/2021,9691,6.754742
1/29/2021,9692,6.754802
1/29/2021,9693,6.754863
1/29/2021,9694,6.754923
1/29/2021,9695,6.754984
1/29/2021,9696,6.755044
1/29/2021,9697,6.755104
1/29/2021,9698,6.755165
1/29/2021,9699,6.755225
1/29/2021,9700,6.755286
1/29/2021,9701,6.755346
1/29/2021,9702,6.755407
1/29/2021,9703,6.755467
1/29/2021,9704,6.755527
1/29/2021,9705,6.755588
1/29/2021,9706,6.755648
1/29/2021,9707,6.755709
1/29/2021,9708,6.755769
1/29/2021,9709,6.75583
1/29/2021,9710,6.75589
1/29/2021,9711,6.755951
1/29/2021,9712,6.756011
1/29/2021,9713,6.756071
1/29/2021,9714,6.756132
1/29/2021,9715,6.756192
1/29/2021,9716,6.756253
1/29/2021,9717,6.756313
1/29/2021,9718,6.756374
1/29/2021,9719,6.756434
1/29/2021,9720,6.756495
1/29/2021,9721,6.756555
1/29/2021,9722,6.756615
1/29/2021,9723,6.756676
1/29/2021,9724,6.756736
1/29/2021,9725,6.756797
1/29/2021,9726,6.756857
1/29/2021,9727,6.756918
1/29/2021,9728,6.756978
1/29/2021,9729,6.757038
1/29/2021,9730,6.757099
1/29/2021,9731,6.757159
1/29/2021,9732,6.75722
1/29/2021,9733,6.75728
1/29/2021,9734,6.757341
1/29/2021,9735,6.757401
1/29/2021,9736,6.757462
1/29/2021,9737,6.757522
1/29/2021,9738,6.757582
1/29/2021,9739,6.757643
1/29/2021,9740,6.757703
1/29/2021,9741,6.757764
1/29/2021,9742,6.757824
1/29/2021,9743,6.757885
1/29/2021,9744,6.757945
1/29/2021,9745,6.758005
1/29/2021,9746,6.758066
1/29/2021,9747,6.758126
1/29/2021,9748,6.758187
1/29/2021,9749,6.758247
1/29/2021,9750,6.758308
1/29/2021,9751,6.758368
1/29/2021,9752,6.758429
1/29/2021,9753,6.758489
1/29/2021,9754,6.758549
1/29/2021,9755,6.75861
1/29/2021,9756,6.75867
1/29/2021,9757,6.758731
1/29/2021,9758,6.758791
1/29/2021,9759,6.758852
1/29/2021,9760,6.758912
1/29/2021,9761,6.758973
1/29/2021,9762,6.759033
1/29/2021,9763,6.759093
1/29/2021,9764,6.759154
1/29/2021,9765,6.759214
1/29/2021,9766,6.759275
1/29/2021,9767,6.759335
1/29/2021,9768,6.759396
1/29/2021,9769,6.759456
1/29/2021,9770,6.759516
1/29/2021,9771,6.759577
1/29/2021,9772,6.759637
1/29/2021,9773,6.759698
1/29/2021,9774,6.759758
1/29/2021,9775,6.759819
1/29/2021,9776,6.759879
1/29/2021,9777,6.75994
1/29/2021,9778,6.76
1/29/2021,9779,6.759996
1/29/2021,9780,6.759991
1/29/2021,9781,6.759987
1/29/2021,9782,6.759982
1/29/2021,9783,6.759978
1/29/2021,9784,6.759973
1/29/2021,9785,6.759969
1/29/2021,9786,6.759964
1/29/2021,9787,6.75996
1/29/2021,9788,6.759955
1/29/2021,9789,6.759951
1/29/2021,9790,6.759946
1/29/2021,9791,6.759942
1/29/2021,9792,6.759937
1/29/2021,9793,6.759933
1/29/2021,9794,6.759928
1/29/2021,9795,6.759924
1/29/2021,9796,6.759919
1/29/2021,9797,6.759915
1/29/2021,9798,6.759911
1/29/2021,9799,6.759906
1/29/2021,9800,6.759902
1/29/2021,9801,6.759897
1/29/2021,9802,6.759893
1/29/2021,9803,6.759888
1/29/2021,9804,6.759884
1/29/2021,9805,6.759879
1/29/2021,9806,6.759875
1/29/2021,9807,6.75987
1/29/2021,9808,6.759866
1/29/2021,9809,6.759861
1/29/2021,9810,6.759857
1/29/2021,9811,6.759852
1/29/2021,9812,6.759848
1/29/2021,9813,6.759843
1/29/2021,9814,6.759839
1/29/2021,9815,6.759834
1/29/2021,9816,6.75983
1/29/2021,9817,6.759826
1/29/2021,9818,6.759821
1/29/2021,9819,6.759817
1/29/2021,9820,6.759812
1/29/2021,9821,6.759808
1/29/2021,9822,6.759803
1/29/2021,9823,6.759799
1/29/2021,9824,6.759794
1/29/2021,9825,6.75979
1/29/2021,9826,6.759785
1/29/2021,9827,6.759781
1/29/2021,9828,6.759776
1/29/2021,9829,6.759772
1/29/2021,9830,6.759767
1/29/2021,9831,6.759763
1/29/2021,9832,6.759758
1/29/2021,9833,6.759754
1/29/2021,9834,6.759749
1/29/2021,9835,6.759745
1/29/2021,9836,6.759741
1/29/2021,9837,6.759736
1/29/2021,9838,6.759732
1/29/2021,9839,6.759727
1/29/2021,9840,6.759723
1/29/2021,9841,6.759718
1/29/2021,9842,6.759714
1/29/2021,9843,6.759709
1/29/2021,9844,6.759705
1/29/2021,9845,6.7597
1/29/2021,9846,6.759696
1/29/2021,9847,6.759691
1/29/2021,9848,6.759687
1/29/2021,9849,6.759682
1/29/2021,9850,6.759678
1/29/2021,9851,6.759673
1/29/2021,9852,6.759669
1/29/2021,9853,6.759664
1/29/2021,9854,6.75966
1/29/2021,9855,6.759656
1/29/2021,9856,6.759651
1/29/2021,9857,6.759647
1/29/2021,9858,6.759642
1/29/2021,9859,6.759638
1/29/2021,9860,6.759633
1/29/2021,9861,6.759629
1/29/2021,9862,6.759624
1/29/2021,9863,6.75962
1/29/2021,9864,6.759615
1/29/2021,9865,6.759611
1/29/2021,9866,6.759606
1/29/2021,9867,6.759602
1/29/2021,9868,6.759597
1/29/2021,9869,6.759593
1/29/2021,9870,6.759588
1/29/2021,9871,6.759584
1/29/2021,9872,6.759579
1/29/2021,9873,6.759575
1/29/2021,9874,6.75957
1/29/2021,9875,6.759566
1/29/2021,9876,6.759562
1/29/2021,9877,6.759557
1/29/2021,9878,6.759553
1/29/2021,9879,6.759548
1/29/2021,9880,6.759544
1/29/2021,9881,6.759539
1/29/2021,9882,6.759535
1/29/2021,9883,6.75953
1/29/2021,9884,6.759526
1/29/2021,9885,6.759521
1/29/2021,9886,6.759517
1/29/2021,9887,6.759512
1/29/2021,9888,6.759508
1/29/2021,9889,6.759503
1/29/2021,9890,6.759499
1/29/2021,9891,6.759494
1/29/2021,9892,6.75949
1/29/2021,9893,6.759485
1/29/2021,9894,6.759481
1/29/2021,9895,6.759477
1/29/2021,9896,6.759472
1/29/2021,9897,6.759468
1/29/2021,9898,6.759463
1/29/2021,9899,6.759459
1/29/2021,9900,6.759454
1/29/2021,9901,6.75945
1/29/2021,9902,6.759445
1/29/2021,9903,6.759441
1/29/2021,9904,6.759436
1/29/2021,9905,6.759432
1/29/2021,9906,6.759427
1/29/2021,9907,6.759423
1/29/2021,9908,6.759418
1/29/2021,9909,6.759414
1/29/2021,9910,6.759409
1/29/2021,9911,6.759405
1/29/2021,9912,6.7594
1/29/2021,9913,6.759396
1/29/2021,9914,6.759392
1/29/2021,9915,6.759387
1/29/2021,9916,6.759383
1/29/2021,9917,6.759378
1/29/2021,9918,6.759374
1/29/2021,9919,6.759369
1/29/2021,9920,6.759365
1/29/2021,9921,6.75936
1/29/2021,9922,6.759356
1/29/2021,9923,6.759351
1/29/2021,9924,6.759347
1/29/2021,9925,6.759342
1/29/2021,9926,6.759338
1/29/2021,9927,6.759333
1/29/2021,9928,6.759329
1/29/2021,9929,6.759324
1/29/2021,9930,6.75932
1/29/2021,9931,6.759315
1/29/2021,9932,6.759311
1/29/2021,9933,6.759307
1/29/2021,9934,6.759302
1/29/2021,9935,6.759298
1/29/2021,9936,6.759293
1/29/2021,9937,6.759289
1/29/2021,9938,6.759284
1/29/2021,9939,6.75928
1/29/2021,9940,6.759275
1/29/2021,9941,6.759271
1/29/2021,9942,6.759266
1/29/2021,9943,6.759262
1/29/2021,9944,6.759257
1/29/2021,9945,6.759253
1/29/2021,9946,6.759248
1/29/2021,9947,6.759244
1/29/2021,9948,6.759239
1/29/2021,9949,6.759235
1/29/2021,9950,6.75923
1/29/2021,9951,6.759226
1/29/2021,9952,6.759222
1/29/2021,9953,6.759217
1/29/2021,9954,6.759213
1/29/2021,9955,6.759208
1/29/2021,9956,6.759204
1/29/2021,9957,6.759199
1/29/2021,9958,6.759195
1/29/2021,9959,6.75919
1/29/2021,9960,6.759186
1/29/2021,9961,6.759181
1/29/2021,9962,6.759177
1/29/2021,9963,6.759172
1/29/2021,9964,6.759168
1/29/2021,9965,6.759163
1/29/2021,9966,6.759159
1/29/2021,9967,6.759154
1/29/2021,9968,6.75915
1/29/2021,9969,6.759145
1/29/2021,9970,6.759141
1/29/2021,9971,6.759137
1/29/2021,9972,6.759132
1/29/2021,9973,6.759128
1/29/2021,9974,6.759123
1/29/2021,9975,6.759119
1/29/2021,9976,6.759114
1/29/2021,9977,6.75911
1/29/2021,9978,6.759105
1/29/2021,9979,6.759101
1/29/2021,9980,6.759096
1/29/2021,9981,6.759092
1/29/2021,9982,6.759087
1/29/2021,9983,6.759083
1/29/2021,9984,6.759078
1/29/2021,9985,6.759074
1/29/2021,9986,6.759069
1/29/2021,9987,6.759065
1/29/2021,9988,6.75906
1/29/2021,9989,6.759056
1/29/2021,9990,6.759052
1/29/2021,9991,6.759047
1/29/2021,9992,6.759043
1/29/2021,9993,6.759038
1/29/2021,9994,6.759034
1/29/2021,9995,6.759029
1/29/2021,9996,6.759025
1/29/2021,9997,6.75902
1/29/2021,9998,6.759016
1/29/2021,9999,6.759011
1/29/2021,10000,6.759007
1/29/2021,10001,6.759002
1/29/2021,10002,6.758998
1/29/2021,10003,6.758993
1/29/2021,10004,6.758989
1/29/2021,10005,6.758984
1/29/2021,10006,6.75898
1/29/2021,10007,6.758975
1/29/2021,10008,6.758971
1/29/2021,10009,6.758967
1/29/2021,10010,6.758962
1/29/2021,10011,6.758958
1/29/2021,10012,6.758953
1/29/2021,10013,6.758949
1/29/2021,10014,6.758944
1/29/2021,10015,6.75894
1/29/2021,10016,6.758935
1/29/2021,10017,6.758931
1/29/2021,10018,6.758926
1/29/2021,10019,6.758922
1/29/2021,10020,6.758917
1/29/2021,10021,6.758913
1/29/2021,10022,6.758908
1/29/2021,10023,6.758904
1/29/2021,10024,6.758899
1/29/2021,10025,6.758895
1/29/2021,10026,6.75889
1/29/2021,10027,6.758886
1/29/2021,10028,6.758882
1/29/2021,10029,6.758877
1/29/2021,10030,6.758873
1/29/2021,10031,6.758868
1/29/2021,10032,6.758864
1/29/2021,10033,6.758859
1/29/2021,10034,6.758855
1/29/2021,10035,6.75885
1/29/2021,10036,6.758846
1/29/2021,10037,6.758841
1/29/2021,10038,6.758837
1/29/2021,10039,6.758832
1/29/2021,10040,6.758828
1/29/2021,10041,6.758823
1/29/2021,10042,6.758819
1/29/2021,10043,6.758814
1/29/2021,10044,6.75881
1/29/2021,10045,6.758805
1/29/2021,10046,6.758801
1/29/2021,10047,6.758797
1/29/2021,10048,6.758792
1/29/2021,10049,6.758788
1/29/2021,10050,6.758783
1/29/2021,10051,6.758779
1/29/2021,10052,6.758774
1/29/2021,10053,6.75877
1/29/2021,10054,6.758765
1/29/2021,10055,6.758761
1/29/2021,10056,6.758756
1/29/2021,10057,6.758752
1/29/2021,10058,6.758747
1/29/2021,10059,6.758743
1/29/2021,10060,6.758738
1/29/2021,10061,6.758734
1/29/2021,10062,6.758729
1/29/2021,10063,6.758725
1/29/2021,10064,6.75872
1/29/2021,10065,6.758716
1/29/2021,10066,6.758711
1/29/2021,10067,6.758707
1/29/2021,10068,6.758703
1/29/2021,10069,6.758698
1/29/2021,10070,6.758694
1/29/2021,10071,6.758689
1/29/2021,10072,6.758685
1/29/2021,10073,6.75868
1/29/2021,10074,6.758676
1/29/2021,10075,6.758671
1/29/2021,10076,6.758667
1/29/2021,10077,6.758662
1/29/2021,10078,6.758658
1/29/2021,10079,6.758653
1/29/2021,10080,6.758649
1/29/2021,10081,6.758644
1/29/2021,10082,6.75864
1/29/2021,10083,6.758635
1/29/2021,10084,6.758631
1/29/2021,10085,6.758626
1/29/2021,10086,6.758622
1/29/2021,10087,6.758618
1/29/2021,10088,6.758613
1/29/2021,10089,6.758609
1/29/2021,10090,6.758604
1/29/2021,10091,6.7586
1/29/2021,10092,6.758595
1/29/2021,10093,6.758591
1/29/2021,10094,6.758586
1/29/2021,10095,6.758582
1/29/2021,10096,6.758577
1/29/2021,10097,6.758573
1/29/2021,10098,6.758568
1/29/2021,10099,6.758564
1/29/2021,10100,6.758559
1/29/2021,10101,6.758555
1/29/2021,10102,6.75855
1/29/2021,10103,6.758546
1/29/2021,10104,6.758541
1/29/2021,10105,6.758537
1/29/2021,10106,6.758533
1/29/2021,10107,6.758528
1/29/2021,10108,6.758524
1/29/2021,10109,6.758519
1/29/2021,10110,6.758515
1/29/2021,10111,6.75851
1/29/2021,10112,6.758506
1/29/2021,10113,6.758501
1/29/2021,10114,6.758497
1/29/2021,10115,6.758492
1/29/2021,10116,6.758488
1/29/2021,10117,6.758483
1/29/2021,10118,6.758479
1/29/2021,10119,6.758474
1/29/2021,10120,6.75847
1/29/2021,10121,6.758465
1/29/2021,10122,6.758461
1/29/2021,10123,6.758456
1/29/2021,10124,6.758452
1/29/2021,10125,6.758448
1/29/2021,10126,6.758443
1/29/2021,10127,6.758439
1/29/2021,10128,6.758434
1/29/2021,10129,6.75843
1/29/2021,10130,6.758425
1/29/2021,10131,6.758421
1/29/2021,10132,6.758416
1/29/2021,10133,6.758412
1/29/2021,10134,6.758407
1/29/2021,10135,6.758403
1/29/2021,10136,6.758398
1/29/2021,10137,6.758394
1/29/2021,10138,6.758389
1/29/2021,10139,6.758385
1/29/2021,10140,6.75838
1/29/2021,10141,6.758376
1/29/2021,10142,6.758371
1/29/2021,10143,6.758367
1/29/2021,10144,6.758363
1/29/2021,10145,6.758358
1/29/2021,10146,6.758354
1/29/2021,10147,6.758349
1/29/2021,10148,6.758345
1/29/2021,10149,6.75834
1/29/2021,10150,6.758336
1/29/2021,10151,6.758331
1/29/2021,10152,6.758327
1/29/2021,10153,6.758322
1/29/2021,10154,6.758318
1/29/2021,10155,6.758313
1/29/2021,10156,6.758309
1/29/2021,10157,6.758304
1/29/2021,10158,6.7583
1/29/2021,10159,6.758295
1/29/2021,10160,6.758291
1/29/2021,10161,6.758286
1/29/2021,10162,6.758282
1/29/2021,10163,6.758278
1/29/2021,10164,6.758273
1/29/2021,10165,6.758269
1/29/2021,10166,6.758264
1/29/2021,10167,6.75826
1/29/2021,10168,6.758255
1/29/2021,10169,6.758251
1/29/2021,10170,6.758246
1/29/2021,10171,6.758242
1/29/2021,10172,6.758237
1/29/2021,10173,6.758233
1/29/2021,10174,6.758228
1/29/2021,10175,6.758224
1/29/2021,10176,6.758219
1/29/2021,10177,6.758215
1/29/2021,10178,6.75821
1/29/2021,10179,6.758206
1/29/2021,10180,6.758201
1/29/2021,10181,6.758197
1/29/2021,10182,6.758193
1/29/2021,10183,6.758188
1/29/2021,10184,6.758184
1/29/2021,10185,6.758179
1/29/2021,10186,6.758175
1/29/2021,10187,6.75817
1/29/2021,10188,6.758166
1/29/2021,10189,6.758161
1/29/2021,10190,6.758157
1/29/2021,10191,6.758152
1/29/2021,10192,6.758148
1/29/2021,10193,6.758143
1/29/2021,10194,6.758139
1/29/2021,10195,6.758134
1/29/2021,10196,6.75813
1/29/2021,10197,6.758125
1/29/2021,10198,6.758121
1/29/2021,10199,6.758116
1/29/2021,10200,6.758112
1/29/2021,10201,6.758108
1/29/2021,10202,6.758103
1/29/2021,10203,6.758099
1/29/2021,10204,6.758094
1/29/2021,10205,6.75809
1/29/2021,10206,6.758085
1/29/2021,10207,6.758081
1/29/2021,10208,6.758076
1/29/2021,10209,6.758072
1/29/2021,10210,6.758067
1/29/2021,10211,6.758063
1/29/2021,10212,6.758058
1/29/2021,10213,6.758054
1/29/2021,10214,6.758049
1/29/2021,10215,6.758045
1/29/2021,10216,6.75804
1/29/2021,10217,6.758036
1/29/2021,10218,6.758031
1/29/2021,10219,6.758027
1/29/2021,10220,6.758023
1/29/2021,10221,6.758018
1/29/2021,10222,6.758014
1/29/2021,10223,6.758009
1/29/2021,10224,6.758005
1/29/2021,10225,6.758
1/29/2021,10226,6.757996
1/29/2021,10227,6.757991
1/29/2021,10228,6.757987
1/29/2021,10229,6.757982
1/29/2021,10230,6.757978
1/29/2021,10231,6.757973
1/29/2021,10232,6.757969
1/29/2021,10233,6.757964
1/29/2021,10234,6.75796
1/29/2021,10235,6.757955
1/29/2021,10236,6.757951
1/29/2021,10237,6.757946
1/29/2021,10238,6.757942
1/29/2021,10239,6.757937
1/29/2021,10240,6.757933
1/29/2021,10241,6.757929
1/29/2021,10242,6.757924
1/29/2021,10243,6.75792
1/29/2021,10244,6.757915
1/29/2021,10245,6.757911
1/29/2021,10246,6.757906
1/29/2021,10247,6.757902
1/29/2021,10248,6.757897
1/29/2021,10249,6.757893
1/29/2021,10250,6.757888
1/29/2021,10251,6.757884
1/29/2021,10252,6.757879
1/29/2021,10253,6.757875
1/29/2021,10254,6.75787
1/29/2021,10255,6.757866
1/29/2021,10256,6.757861
1/29/2021,10257,6.757857
1/29/2021,10258,6.757852
1/29/2021,10259,6.757848
1/29/2021,10260,6.757844
1/29/2021,10261,6.757839
1/29/2021,10262,6.757835
1/29/2021,10263,6.75783
1/29/2021,10264,6.757826
1/29/2021,10265,6.757821
1/29/2021,10266,6.757817
1/29/2021,10267,6.757812
1/29/2021,10268,6.757808
1/29/2021,10269,6.757803
1/29/2021,10270,6.757799
1/29/2021,10271,6.757794
1/29/2021,10272,6.75779
1/29/2021,10273,6.757785
1/29/2021,10274,6.757781
1/29/2021,10275,6.757776
1/29/2021,10276,6.757772
1/29/2021,10277,6.757767
1/29/2021,10278,6.757763
1/29/2021,10279,6.757759
1/29/2021,10280,6.757754
1/29/2021,10281,6.75775
1/29/2021,10282,6.757745
1/29/2021,10283,6.757741
1/29/2021,10284,6.757736
1/29/2021,10285,6.757732
1/29/2021,10286,6.757727
1/29/2021,10287,6.757723
1/29/2021,10288,6.757718
1/29/2021,10289,6.757714
1/29/2021,10290,6.757709
1/29/2021,10291,6.757705
1/29/2021,10292,6.7577
1/29/2021,10293,6.757696
1/29/2021,10294,6.757691
1/29/2021,10295,6.757687
1/29/2021,10296,6.757682
1/29/2021,10297,6.757678
1/29/2021,10298,6.757674
1/29/2021,10299,6.757669
1/29/2021,10300,6.757665
1/29/2021,10301,6.75766
1/29/2021,10302,6.757656
1/29/2021,10303,6.757651
1/29/2021,10304,6.757647
1/29/2021,10305,6.757642
1/29/2021,10306,6.757638
1/29/2021,10307,6.757633
1/29/2021,10308,6.757629
1/29/2021,10309,6.757624
1/29/2021,10310,6.75762
1/29/2021,10311,6.757615
1/29/2021,10312,6.757611
1/29/2021,10313,6.757606
1/29/2021,10314,6.757602
1/29/2021,10315,6.757597
1/29/2021,10316,6.757593
1/29/2021,10317,6.757589
1/29/2021,10318,6.757584
1/29/2021,10319,6.75758
1/29/2021,10320,6.757575
1/29/2021,10321,6.757571
1/29/2021,10322,6.757566
1/29/2021,10323,6.757562
1/29/2021,10324,6.757557
1/29/2021,10325,6.757553
1/29/2021,10326,6.757548
1/29/2021,10327,6.757544
1/29/2021,10328,6.757539
1/29/2021,10329,6.757535
1/29/2021,10330,6.75753
1/29/2021,10331,6.757526
1/29/2021,10332,6.757521
1/29/2021,10333,6.757517
1/29/2021,10334,6.757512
1/29/2021,10335,6.757508
1/29/2021,10336,6.757504
1/29/2021,10337,6.757499
1/29/2021,10338,6.757495
1/29/2021,10339,6.75749
1/29/2021,10340,6.757486
1/29/2021,10341,6.757481
1/29/2021,10342,6.757477
1/29/2021,10343,6.757472
1/29/2021,10344,6.757468
1/29/2021,10345,6.757463
1/29/2021,10346,6.757459
1/29/2021,10347,6.757454
1/29/2021,10348,6.75745
1/29/2021,10349,6.757445
1/29/2021,10350,6.757441
1/29/2021,10351,6.757436
1/29/2021,10352,6.757432
1/29/2021,10353,6.757427
1/29/2021,10354,6.757423
1/29/2021,10355,6.757419
1/29/2021,10356,6.757414
1/29/2021,10357,6.75741
1/29/2021,10358,6.757405
1/29/2021,10359,6.757401
1/29/2021,10360,6.757396
1/29/2021,10361,6.757392
1/29/2021,10362,6.757387
1/29/2021,10363,6.757383
1/29/2021,10364,6.757378
1/29/2021,10365,6.757374
1/29/2021,10366,6.757369
1/29/2021,10367,6.757365
1/29/2021,10368,6.75736
1/29/2021,10369,6.757356
1/29/2021,10370,6.757351
1/29/2021,10371,6.757347
1/29/2021,10372,6.757342
1/29/2021,10373,6.757338
1/29/2021,10374,6.757334
1/29/2021,10375,6.757329
1/29/2021,10376,6.757325
1/29/2021,10377,6.75732
1/29/2021,10378,6.757316
1/29/2021,10379,6.757311
1/29/2021,10380,6.757307
1/29/2021,10381,6.757302
1/29/2021,10382,6.757298
1/29/2021,10383,6.757293
1/29/2021,10384,6.757289
1/29/2021,10385,6.757284
1/29/2021,10386,6.75728
1/29/2021,10387,6.757275
1/29/2021,10388,6.757271
1/29/2021,10389,6.757266
1/29/2021,10390,6.757262
1/29/2021,10391,6.757257
1/29/2021,10392,6.757253
1/29/2021,10393,6.757249
1/29/2021,10394,6.757244
1/29/2021,10395,6.75724
1/29/2021,10396,6.757235
1/29/2021,10397,6.757231
1/29/2021,10398,6.757226
1/29/2021,10399,6.757222
1/29/2021,10400,6.757217
1/29/2021,10401,6.757213
1/29/2021,10402,6.757208
1/29/2021,10403,6.757204
1/29/2021,10404,6.757199
1/29/2021,10405,6.757195
1/29/2021,10406,6.75719
1/29/2021,10407,6.757186
1/29/2021,10408,6.757181
1/29/2021,10409,6.757177
1/29/2021,10410,6.757172
1/29/2021,10411,6.757168
1/29/2021,10412,6.757163
1/29/2021,10413,6.757159
1/29/2021,10414,6.757155
1/29/2021,10415,6.75715
1/29/2021,10416,6.757146
1/29/2021,10417,6.757141
1/29/2021,10418,6.757137
1/29/2021,10419,6.757132
1/29/2021,10420,6.757128
1/29/2021,10421,6.757123
1/29/2021,10422,6.757119
1/29/2021,10423,6.757114
1/29/2021,10424,6.75711
1/29/2021,10425,6.757105
1/29/2021,10426,6.757101
1/29/2021,10427,6.757096
1/29/2021,10428,6.757092
1/29/2021,10429,6.757087
1/29/2021,10430,6.757083
1/29/2021,10431,6.757078
1/29/2021,10432,6.757074
1/29/2021,10433,6.75707
1/29/2021,10434,6.757065
1/29/2021,10435,6.757061
1/29/2021,10436,6.757056
1/29/2021,10437,6.757052
1/29/2021,10438,6.757047
1/29/2021,10439,6.757043
1/29/2021,10440,6.757038
1/29/2021,10441,6.757034
1/29/2021,10442,6.757029
1/29/2021,10443,6.757025
1/29/2021,10444,6.75702
1/29/2021,10445,6.757016
1/29/2021,10446,6.757011
1/29/2021,10447,6.757007
1/29/2021,10448,6.757002
1/29/2021,10449,6.756998
1/29/2021,10450,6.756993
1/29/2021,10451,6.756989
1/29/2021,10452,6.756985
1/29/2021,10453,6.75698
1/29/2021,10454,6.756976
1/29/2021,10455,6.756971
1/29/2021,10456,6.756967
1/29/2021,10457,6.756962
1/29/2021,10458,6.756958
1/29/2021,10459,6.756953
1/29/2021,10460,6.756949
1/29/2021,10461,6.756944
1/29/2021,10462,6.75694
1/29/2021,10463,6.756935
1/29/2021,10464,6.756931
1/29/2021,10465,6.756926
1/29/2021,10466,6.756922
1/29/2021,10467,6.756917
1/29/2021,10468,6.756913
1/29/2021,10469,6.756908
1/29/2021,10470,6.756904
1/29/2021,10471,6.7569
1/29/2021,10472,6.756895
1/29/2021,10473,6.756891
1/29/2021,10474,6.756886
1/29/2021,10475,6.756882
1/29/2021,10476,6.756877
1/29/2021,10477,6.756873
1/29/2021,10478,6.756868
1/29/2021,10479,6.756864
1/29/2021,10480,6.756859
1/29/2021,10481,6.756855
1/29/2021,10482,6.75685
1/29/2021,10483,6.756846
1/29/2021,10484,6.756841
1/29/2021,10485,6.756837
1/29/2021,10486,6.756832
1/29/2021,10487,6.756828
1/29/2021,10488,6.756823
1/29/2021,10489,6.756819
1/29/2021,10490,6.756815
1/29/2021,10491,6.75681
1/29/2021,10492,6.756806
1/29/2021,10493,6.756801
1/29/2021,10494,6.756797
1/29/2021,10495,6.756792
1/29/2021,10496,6.756788
1/29/2021,10497,6.756783
1/29/2021,10498,6.756779
1/29/2021,10499,6.756774
1/29/2021,10500,6.75677
1/29/2021,10501,6.756765
1/29/2021,10502,6.756761
1/29/2021,10503,6.756756
1/29/2021,10504,6.756752
1/29/2021,10505,6.756747
1/29/2021,10506,6.756743
1/29/2021,10507,6.756738
1/29/2021,10508,6.756734
1/29/2021,10509,6.75673
1/29/2021,10510,6.756725
1/29/2021,10511,6.756721
1/29/2021,10512,6.756716
1/29/2021,10513,6.756712
1/29/2021,10514,6.756707
1/29/2021,10515,6.756703
1/29/2021,10516,6.756698
1/29/2021,10517,6.756694
1/29/2021,10518,6.756689
1/29/2021,10519,6.756685
1/29/2021,10520,6.75668
1/29/2021,10521,6.756676
1/29/2021,10522,6.756671
1/29/2021,10523,6.756667
1/29/2021,10524,6.756662
1/29/2021,10525,6.756658
1/29/2021,10526,6.756653
1/29/2021,10527,6.756649
1/29/2021,10528,6.756645
1/29/2021,10529,6.75664
1/29/2021,10530,6.756636
1/29/2021,10531,6.756631
1/29/2021,10532,6.756627
1/29/2021,10533,6.756622
1/29/2021,10534,6.756618
1/29/2021,10535,6.756613
1/29/2021,10536,6.756609
1/29/2021,10537,6.756604
1/29/2021,10538,6.7566
1/29/2021,10539,6.756595
1/29/2021,10540,6.756591
1/29/2021,10541,6.756586
1/29/2021,10542,6.756582
1/29/2021,10543,6.756577
1/29/2021,10544,6.756573
1/29/2021,10545,6.756568
1/29/2021,10546,6.756564
1/29/2021,10547,6.75656
1/29/2021,10548,6.756555
1/29/2021,10549,6.756551
1/29/2021,10550,6.756546
1/29/2021,10551,6.756542
1/29/2021,10552,6.756537
1/29/2021,10553,6.756533
1/29/2021,10554,6.756528
1/29/2021,10555,6.756524
1/29/2021,10556,6.756519
1/29/2021,10557,6.756515
1/29/2021,10558,6.75651
1/29/2021,10559,6.756506
1/29/2021,10560,6.756501
1/29/2021,10561,6.756497
1/29/2021,10562,6.756492
1/29/2021,10563,6.756488
1/29/2021,10564,6.756483
1/29/2021,10565,6.756479
1/29/2021,10566,6.756475
1/29/2021,10567,6.75647
1/29/2021,10568,6.756466
1/29/2021,10569,6.756461
1/29/2021,10570,6.756457
1/29/2021,10571,6.756452
1/29/2021,10572,6.756448
1/29/2021,10573,6.756443
1/29/2021,10574,6.756439
1/29/2021,10575,6.756434
1/29/2021,10576,6.75643
1/29/2021,10577,6.756425
1/29/2021,10578,6.756421
1/29/2021,10579,6.756416
1/29/2021,10580,6.756412
1/29/2021,10581,6.756407
1/29/2021,10582,6.756403
1/29/2021,10583,6.756398
1/29/2021,10584,6.756394
1/29/2021,10585,6.75639
1/29/2021,10586,6.756385
1/29/2021,10587,6.756381
1/29/2021,10588,6.756376
1/29/2021,10589,6.756372
1/29/2021,10590,6.756367
1/29/2021,10591,6.756363
1/29/2021,10592,6.756358
1/29/2021,10593,6.756354
1/29/2021,10594,6.756349
1/29/2021,10595,6.756345
1/29/2021,10596,6.75634
1/29/2021,10597,6.756336
1/29/2021,10598,6.756331
1/29/2021,10599,6.756327
1/29/2021,10600,6.756322
1/29/2021,10601,6.756318
1/29/2021,10602,6.756313
1/29/2021,10603,6.756309
1/29/2021,10604,6.756304
1/29/2021,10605,6.7563
1/29/2021,10606,6.756296
1/29/2021,10607,6.756291
1/29/2021,10608,6.756287
1/29/2021,10609,6.756282
1/29/2021,10610,6.756278
1/29/2021,10611,6.756273
1/29/2021,10612,6.756269
1/29/2021,10613,6.756264
1/29/2021,10614,6.75626
1/29/2021,10615,6.756255
1/29/2021,10616,6.756251
1/29/2021,10617,6.756246
1/29/2021,10618,6.756242
1/29/2021,10619,6.756237
1/29/2021,10620,6.756233
1/29/2021,10621,6.756228
1/29/2021,10622,6.756224
1/29/2021,10623,6.756219
1/29/2021,10624,6.756215
1/29/2021,10625,6.756211
1/29/2021,10626,6.756206
1/29/2021,10627,6.756202
1/29/2021,10628,6.756197
1/29/2021,10629,6.756193
1/29/2021,10630,6.756188
1/29/2021,10631,6.756184
1/29/2021,10632,6.756179
1/29/2021,10633,6.756175
1/29/2021,10634,6.75617
1/29/2021,10635,6.756166
1/29/2021,10636,6.756161
1/29/2021,10637,6.756157
1/29/2021,10638,6.756152
1/29/2021,10639,6.756148
1/29/2021,10640,6.756143
1/29/2021,10641,6.756139
1/29/2021,10642,6.756134
1/29/2021,10643,6.75613
1/29/2021,10644,6.756126
1/29/2021,10645,6.756121
1/29/2021,10646,6.756117
1/29/2021,10647,6.756112
1/29/2021,10648,6.756108
1/29/2021,10649,6.756103
1/29/2021,10650,6.756099
1/29/2021,10651,6.756094
1/29/2021,10652,6.75609
1/29/2021,10653,6.756085
1/29/2021,10654,6.756081
1/29/2021,10655,6.756076
1/29/2021,10656,6.756072
1/29/2021,10657,6.756067
1/29/2021,10658,6.756063
1/29/2021,10659,6.756058
1/29/2021,10660,6.756054
1/29/2021,10661,6.756049
1/29/2021,10662,6.756045
1/29/2021,10663,6.756041
1/29/2021,10664,6.756036
1/29/2021,10665,6.756032
1/29/2021,10666,6.756027
1/29/2021,10667,6.756023
1/29/2021,10668,6.756018
1/29/2021,10669,6.756014
1/29/2021,10670,6.756009
1/29/2021,10671,6.756005
1/29/2021,10672,6.756
1/29/2021,10673,6.755996
1/29/2021,10674,6.755991
1/29/2021,10675,6.755987
1/29/2021,10676,6.755982
1/29/2021,10677,6.755978
1/29/2021,10678,6.755973
1/29/2021,10679,6.755969
1/29/2021,10680,6.755964
1/29/2021,10681,6.75596
1/29/2021,10682,6.755956
1/29/2021,10683,6.755951
1/29/2021,10684,6.755947
1/29/2021,10685,6.755942
1/29/2021,10686,6.755938
1/29/2021,10687,6.755933
1/29/2021,10688,6.755929
1/29/2021,10689,6.755924
1/29/2021,10690,6.75592
1/29/2021,10691,6.755915
1/29/2021,10692,6.755911
1/29/2021,10693,6.755906
1/29/2021,10694,6.755902
1/29/2021,10695,6.755897
1/29/2021,10696,6.755893
1/29/2021,10697,6.755888
1/29/2021,10698,6.755884
1/29/2021,10699,6.755879
1/29/2021,10700,6.755875
1/29/2021,10701,6.755871
1/29/2021,10702,6.755866
1/29/2021,10703,6.755862
1/29/2021,10704,6.755857
1/29/2021,10705,6.755853
1/29/2021,10706,6.755848
1/29/2021,10707,6.755844
1/29/2021,10708,6.755839
1/29/2021,10709,6.755835
1/29/2021,10710,6.75583
1/29/2021,10711,6.755826
1/29/2021,10712,6.755821
1/29/2021,10713,6.755817
1/29/2021,10714,6.755812
1/29/2021,10715,6.755808
1/29/2021,10716,6.755803
1/29/2021,10717,6.755799
1/29/2021,10718,6.755794
1/29/2021,10719,6.75579
1/29/2021,10720,6.755786
1/29/2021,10721,6.755781
1/29/2021,10722,6.755777
1/29/2021,10723,6.755772
1/29/2021,10724,6.755768
1/29/2021,10725,6.755763
1/29/2021,10726,6.755759
1/29/2021,10727,6.755754
1/29/2021,10728,6.75575
1/29/2021,10729,6.755745
1/29/2021,10730,6.755741
1/29/2021,10731,6.755736
1/29/2021,10732,6.755732
1/29/2021,10733,6.755727
1/29/2021,10734,6.755723
1/29/2021,10735,6.755718
1/29/2021,10736,6.755714
1/29/2021,10737,6.755709
1/29/2021,10738,6.755705
1/29/2021,10739,6.755701
1/29/2021,10740,6.755696
1/29/2021,10741,6.755692
1/29/2021,10742,6.755687
1/29/2021,10743,6.755683
1/29/2021,10744,6.755678
1/29/2021,10745,6.755674
1/29/2021,10746,6.755669
1/29/2021,10747,6.755665
1/29/2021,10748,6.75566
1/29/2021,10749,6.755656
1/29/2021,10750,6.755651
1/29/2021,10751,6.755647
1/29/2021,10752,6.755642
1/29/2021,10753,6.755638
1/29/2021,10754,6.755633
1/29/2021,10755,6.755629
1/29/2021,10756,6.755624
1/29/2021,10757,6.75562
1/29/2021,10758,6.755616
1/29/2021,10759,6.755611
1/29/2021,10760,6.755607
1/29/2021,10761,6.755602
1/29/2021,10762,6.755598
1/29/2021,10763,6.755593
1/29/2021,10764,6.755589
1/29/2021,10765,6.755584
1/29/2021,10766,6.75558
1/29/2021,10767,6.755575
1/29/2021,10768,6.755571
1/29/2021,10769,6.755566
1/29/2021,10770,6.755562
1/29/2021,10771,6.755557
1/29/2021,10772,6.755553
1/29/2021,10773,6.755548
1/29/2021,10774,6.755544
1/29/2021,10775,6.755539
1/29/2021,10776,6.755535
1/29/2021,10777,6.75553
1/29/2021,10778,6.755526
1/29/2021,10779,6.755522
1/29/2021,10780,6.755517
1/29/2021,10781,6.755513
1/29/2021,10782,6.755508
1/29/2021,10783,6.755504
1/29/2021,10784,6.755499
1/29/2021,10785,6.755495
1/29/2021,10786,6.75549
1/29/2021,10787,6.755486
1/29/2021,10788,6.755481
1/29/2021,10789,6.755477
1/29/2021,10790,6.755472
1/29/2021,10791,6.755468
1/29/2021,10792,6.755463
1/29/2021,10793,6.755459
1/29/2021,10794,6.755454
1/29/2021,10795,6.75545
1/29/2021,10796,6.755445
1/29/2021,10797,6.755441
1/29/2021,10798,6.755437
1/29/2021,10799,6.755432
1/29/2021,10800,6.755428
1/29/2021,10801,6.755423
1/29/2021,10802,6.755419
1/29/2021,10803,6.755414
1/29/2021,10804,6.75541
1/29/2021,10805,6.755405
1/29/2021,10806,6.755401
1/29/2021,10807,6.755396
1/29/2021,10808,6.755392
1/29/2021,10809,6.755387
1/29/2021,10810,6.755383
1/29/2021,10811,6.755378
1/29/2021,10812,6.755374
1/29/2021,10813,6.755369
1/29/2021,10814,6.755365
1/29/2021,10815,6.75536
1/29/2021,10816,6.755356
1/29/2021,10817,6.755352
1/29/2021,10818,6.755347
1/29/2021,10819,6.755343
1/29/2021,10820,6.755338
1/29/2021,10821,6.755334
1/29/2021,10822,6.755329
1/29/2021,10823,6.755325
1/29/2021,10824,6.75532
1/29/2021,10825,6.755316
1/29/2021,10826,6.755311
1/29/2021,10827,6.755307
1/29/2021,10828,6.755302
1/29/2021,10829,6.755298
1/29/2021,10830,6.755293
1/29/2021,10831,6.755289
1/29/2021,10832,6.755284
1/29/2021,10833,6.75528
1/29/2021,10834,6.755275
1/29/2021,10835,6.755271
1/29/2021,10836,6.755267
1/29/2021,10837,6.755262
1/29/2021,10838,6.755258
1/29/2021,10839,6.755253
1/29/2021,10840,6.755249
1/29/2021,10841,6.755244
1/29/2021,10842,6.75524
1/29/2021,10843,6.755235
1/29/2021,10844,6.755231
1/29/2021,10845,6.755226
1/29/2021,10846,6.755222
1/29/2021,10847,6.755217
1/29/2021,10848,6.755213
1/29/2021,10849,6.755208
1/29/2021,10850,6.755204
1/29/2021,10851,6.755199
1/29/2021,10852,6.755195
1/29/2021,10853,6.75519
1/29/2021,10854,6.755186
1/29/2021,10855,6.755182
1/29/2021,10856,6.755177
1/29/2021,10857,6.755173
1/29/2021,10858,6.755168
1/29/2021,10859,6.755164
1/29/2021,10860,6.755159
1/29/2021,10861,6.755155
1/29/2021,10862,6.75515
1/29/2021,10863,6.755146
1/29/2021,10864,6.755141
1/29/2021,10865,6.755137
1/29/2021,10866,6.755132
1/29/2021,10867,6.755128
1/29/2021,10868,6.755123
1/29/2021,10869,6.755119
1/29/2021,10870,6.755114
1/29/2021,10871,6.75511
1/29/2021,10872,6.755105
1/29/2021,10873,6.755101
1/29/2021,10874,6.755097
1/29/2021,10875,6.755092
1/29/2021,10876,6.755088
1/29/2021,10877,6.755083
1/29/2021,10878,6.755079
1/29/2021,10879,6.755074
1/29/2021,10880,6.75507
1/29/2021,10881,6.755065
1/29/2021,10882,6.755061
1/29/2021,10883,6.755056
1/29/2021,10884,6.755052
1/29/2021,10885,6.755047
1/29/2021,10886,6.755043
1/29/2021,10887,6.755038
1/29/2021,10888,6.755034
1/29/2021,10889,6.755029
1/29/2021,10890,6.755025
1/29/2021,10891,6.75502
1/29/2021,10892,6.755016
1/29/2021,10893,6.755012
1/29/2021,10894,6.755007
1/29/2021,10895,6.755003
1/29/2021,10896,6.754998
1/29/2021,10897,6.754994
1/29/2021,10898,6.754989
1/29/2021,10899,6.754985
1/29/2021,10900,6.75498
1/29/2021,10901,6.754976
1/29/2021,10902,6.754971
1/29/2021,10903,6.754967
1/29/2021,10904,6.754962
1/29/2021,10905,6.754958
1/29/2021,10906,6.754953
1/29/2021,10907,6.754949
1/29/2021,10908,6.754944
1/29/2021,10909,6.75494
1/29/2021,10910,6.754935
1/29/2021,10911,6.754931
1/29/2021,10912,6.754927
1/29/2021,10913,6.754922
1/29/2021,10914,6.754918
1/29/2021,10915,6.754913
1/29/2021,10916,6.754909
1/29/2021,10917,6.754904
1/29/2021,10918,6.7549
1/29/2021,10919,6.754895
1/29/2021,10920,6.754891
1/29/2021,10921,6.754886
1/29/2021,10922,6.754882
1/29/2021,10923,6.754877
1/29/2021,10924,6.754873
1/29/2021,10925,6.754868
1/29/2021,10926,6.754864
1/29/2021,10927,6.754859
1/29/2021,10928,6.754855
1/29/2021,10929,6.75485
1/29/2021,10930,6.754846
1/29/2021,10931,6.754842
1/29/2021,10932,6.754837
1/29/2021,10933,6.754833
1/29/2021,10934,6.754828
1/29/2021,10935,6.754824
1/29/2021,10936,6.754819
1/29/2021,10937,6.754815
1/29/2021,10938,6.75481
1/29/2021,10939,6.754806
1/29/2021,10940,6.754801
1/29/2021,10941,6.754797
1/29/2021,10942,6.754792
1/29/2021,10943,6.754788
1/29/2021,10944,6.754783
1/29/2021,10945,6.754779
1/29/2021,10946,6.754774
1/29/2021,10947,6.75477
1/29/2021,10948,6.754765
1/29/2021,10949,6.754761
1/29/2021,10950,6.754756
1/29/2021,10951,6.754752
1/29/2021,10952,6.754748
1/29/2021,10953,6.754743
1/29/2021,10954,6.754739
1/29/2021,10955,6.754734
1/29/2021,10956,6.75473
1/29/2021,10957,6.754725
1/29/2021,10958,6.754721
1/29/2021,10959,6.754716
1/29/2021,10960,6.754712
1/29/2021,10961,6.754707
1/29/2021,10962,6.754703
1/29/2021,10963,6.754698
1/29/2021,10964,6.754694
1/29/2021,10965,6.754689
1/29/2021,10966,6.754685
1/29/2021,10967,6.75468
1/29/2021,10968,6.754676
1/29/2021,10969,6.754671
1/29/2021,10970,6.754667
1/29/2021,10971,6.754663
1/29/2021,10972,6.754658
1/29/2021,10973,6.754654
1/29/2021,10974,6.754649
1/29/2021,10975,6.754645
1/29/2021,10976,6.75464
1/29/2021,10977,6.754636
1/29/2021,10978,6.754631
1/29/2021,10979,6.754627
1/29/2021,10980,6.754622
1/29/2021,10981,6.754618
1/29/2021,10982,6.754613
1/29/2021,10983,6.754609
1/29/2021,10984,6.754604
1/29/2021,10985,6.7546
1/29/2021,10986,6.754595
1/29/2021,10987,6.754591
1/29/2021,10988,6.754586
1/29/2021,10989,6.754582
1/29/2021,10990,6.754578
1/29/2021,10991,6.754573
1/29/2021,10992,6.754569
1/29/2021,10993,6.754564
1/29/2021,10994,6.75456
1/29/2021,10995,6.754555
1/29/2021,10996,6.754551
1/29/2021,10997,6.754546
1/29/2021,10998,6.754542
1/29/2021,10999,6.754537
1/29/2021,11000,6.754533
1/29/2021,11001,6.754528
1/29/2021,11002,6.754524
1/29/2021,11003,6.754519
1/29/2021,11004,6.754515
1/29/2021,11005,6.75451
1/29/2021,11006,6.754506
1/29/2021,11007,6.754501
1/29/2021,11008,6.754497
1/29/2021,11009,6.754493
1/29/2021,11010,6.754488
1/29/2021,11011,6.754484
1/29/2021,11012,6.754479
1/29/2021,11013,6.754475
1/29/2021,11014,6.75447
1/29/2021,11015,6.754466
1/29/2021,11016,6.754461
1/29/2021,11017,6.754457
1/29/2021,11018,6.754452
1/29/2021,11019,6.754448
1/29/2021,11020,6.754443
1/29/2021,11021,6.754439
1/29/2021,11022,6.754434
1/29/2021,11023,6.75443
1/29/2021,11024,6.754425
1/29/2021,11025,6.754421
1/29/2021,11026,6.754416
1/29/2021,11027,6.754412
1/29/2021,11028,6.754408
1/29/2021,11029,6.754403
1/29/2021,11030,6.754399
1/29/2021,11031,6.754394
1/29/2021,11032,6.75439
1/29/2021,11033,6.754385
1/29/2021,11034,6.754381
1/29/2021,11035,6.754376
1/29/2021,11036,6.754372
1/29/2021,11037,6.754367
1/29/2021,11038,6.754363
1/29/2021,11039,6.754358
1/29/2021,11040,6.754354
1/29/2021,11041,6.754349
1/29/2021,11042,6.754345
1/29/2021,11043,6.75434
1/29/2021,11044,6.754336
1/29/2021,11045,6.754331
1/29/2021,11046,6.754327
1/29/2021,11047,6.754323
1/29/2021,11048,6.754318
1/29/2021,11049,6.754314
1/29/2021,11050,6.754309
1/29/2021,11051,6.754305
1/29/2021,11052,6.7543
1/29/2021,11053,6.754296
1/29/2021,11054,6.754291
1/29/2021,11055,6.754287
1/29/2021,11056,6.754282
1/29/2021,11057,6.754278
1/29/2021,11058,6.754273
1/29/2021,11059,6.754269
1/29/2021,11060,6.754264
1/29/2021,11061,6.75426
1/29/2021,11062,6.754255
1/29/2021,11063,6.754251
1/29/2021,11064,6.754246
1/29/2021,11065,6.754242
1/29/2021,11066,6.754238
1/29/2021,11067,6.754233
1/29/2021,11068,6.754229
1/29/2021,11069,6.754224
1/29/2021,11070,6.75422
1/29/2021,11071,6.754215
1/29/2021,11072,6.754211
1/29/2021,11073,6.754206
1/29/2021,11074,6.754202
1/29/2021,11075,6.754197
1/29/2021,11076,6.754193
1/29/2021,11077,6.754188
1/29/2021,11078,6.754184
1/29/2021,11079,6.754179
1/29/2021,11080,6.754175
1/29/2021,11081,6.75417
1/29/2021,11082,6.754166
1/29/2021,11083,6.754161
1/29/2021,11084,6.754157
1/29/2021,11085,6.754153
1/29/2021,11086,6.754148
1/29/2021,11087,6.754144
1/29/2021,11088,6.754139
1/29/2021,11089,6.754135
1/29/2021,11090,6.75413
1/29/2021,11091,6.754126
1/29/2021,11092,6.754121
1/29/2021,11093,6.754117
1/29/2021,11094,6.754112
1/29/2021,11095,6.754108
1/29/2021,11096,6.754103
1/29/2021,11097,6.754099
1/29/2021,11098,6.754094
1/29/2021,11099,6.75409
1/29/2021,11100,6.754085
1/29/2021,11101,6.754081
1/29/2021,11102,6.754076
1/29/2021,11103,6.754072
1/29/2021,11104,6.754068
1/29/2021,11105,6.754063
1/29/2021,11106,6.754059
1/29/2021,11107,6.754054
1/29/2021,11108,6.75405
1/29/2021,11109,6.754045
1/29/2021,11110,6.754041
1/29/2021,11111,6.754036
1/29/2021,11112,6.754032
1/29/2021,11113,6.754027
1/29/2021,11114,6.754023
1/29/2021,11115,6.754018
1/29/2021,11116,6.754014
1/29/2021,11117,6.754009
1/29/2021,11118,6.754005
1/29/2021,11119,6.754
1/29/2021,11120,6.753996
1/29/2021,11121,6.753991
1/29/2021,11122,6.753987
1/29/2021,11123,6.753983
1/29/2021,11124,6.753978
1/29/2021,11125,6.753974
1/29/2021,11126,6.753969
1/29/2021,11127,6.753965
1/29/2021,11128,6.75396
1/29/2021,11129,6.753956
1/29/2021,11130,6.753951
1/29/2021,11131,6.753947
1/29/2021,11132,6.753942
1/29/2021,11133,6.753938
1/29/2021,11134,6.753933
1/29/2021,11135,6.753929
1/29/2021,11136,6.753924
1/29/2021,11137,6.75392
1/29/2021,11138,6.753915
1/29/2021,11139,6.753911
1/29/2021,11140,6.753906
1/29/2021,11141,6.753902
1/29/2021,11142,6.753897
1/29/2021,11143,6.753893
1/29/2021,11144,6.753889
1/29/2021,11145,6.753884
1/29/2021,11146,6.75388
1/29/2021,11147,6.753875
1/29/2021,11148,6.753871
1/29/2021,11149,6.753866
1/29/2021,11150,6.753862
1/29/2021,11151,6.753857
1/29/2021,11152,6.753853
1/29/2021,11153,6.753848
1/29/2021,11154,6.753844
1/29/2021,11155,6.753839
1/29/2021,11156,6.753835
1/29/2021,11157,6.75383
1/29/2021,11158,6.753826
1/29/2021,11159,6.753821
1/29/2021,11160,6.753817
1/29/2021,11161,6.753812
1/29/2021,11162,6.753808
1/29/2021,11163,6.753804
1/29/2021,11164,6.753799
1/29/2021,11165,6.753795
1/29/2021,11166,6.75379
1/29/2021,11167,6.753786
1/29/2021,11168,6.753781
1/29/2021,11169,6.753777
1/29/2021,11170,6.753772
1/29/2021,11171,6.753768
1/29/2021,11172,6.753763
1/29/2021,11173,6.753759
1/29/2021,11174,6.753754
1/29/2021,11175,6.75375
1/29/2021,11176,6.753745
1/29/2021,11177,6.753741
1/29/2021,11178,6.753736
1/29/2021,11179,6.753732
1/29/2021,11180,6.753727
1/29/2021,11181,6.753723
1/29/2021,11182,6.753719
1/29/2021,11183,6.753714
1/29/2021,11184,6.75371
1/29/2021,11185,6.753705
1/29/2021,11186,6.753701
1/29/2021,11187,6.753696
1/29/2021,11188,6.753692
1/29/2021,11189,6.753687
1/29/2021,11190,6.753683
1/29/2021,11191,6.753678
1/29/2021,11192,6.753674
1/29/2021,11193,6.753669
1/29/2021,11194,6.753665
1/29/2021,11195,6.75366
1/29/2021,11196,6.753656
1/29/2021,11197,6.753651
1/29/2021,11198,6.753647
1/29/2021,11199,6.753642
1/29/2021,11200,6.753638
1/29/2021,11201,6.753634
1/29/2021,11202,6.753629
1/29/2021,11203,6.753625
1/29/2021,11204,6.75362
1/29/2021,11205,6.753616
1/29/2021,11206,6.753611
1/29/2021,11207,6.753607
1/29/2021,11208,6.753602
1/29/2021,11209,6.753598
1/29/2021,11210,6.753593
1/29/2021,11211,6.753589
1/29/2021,11212,6.753584
1/29/2021,11213,6.75358
1/29/2021,11214,6.753575
1/29/2021,11215,6.753571
1/29/2021,11216,6.753566
1/29/2021,11217,6.753562
1/29/2021,11218,6.753557
1/29/2021,11219,6.753553
1/29/2021,11220,6.753549
1/29/2021,11221,6.753544
1/29/2021,11222,6.75354
1/29/2021,11223,6.753535
1/29/2021,11224,6.753531
1/29/2021,11225,6.753526
1/29/2021,11226,6.753522
1/29/2021,11227,6.753517
1/29/2021,11228,6.753513
1/29/2021,11229,6.753508
1/29/2021,11230,6.753504
1/29/2021,11231,6.753499
1/29/2021,11232,6.753495
1/29/2021,11233,6.75349
1/29/2021,11234,6.753486
1/29/2021,11235,6.753481
1/29/2021,11236,6.753477
1/29/2021,11237,6.753472
1/29/2021,11238,6.753468
1/29/2021,11239,6.753464
1/29/2021,11240,6.753459
1/29/2021,11241,6.753455
1/29/2021,11242,6.75345
1/29/2021,11243,6.753446
1/29/2021,11244,6.753441
1/29/2021,11245,6.753437
1/29/2021,11246,6.753432
1/29/2021,11247,6.753428
1/29/2021,11248,6.753423
1/29/2021,11249,6.753419
1/29/2021,11250,6.753414
1/29/2021,11251,6.75341
1/29/2021,11252,6.753405
1/29/2021,11253,6.753401
1/29/2021,11254,6.753396
1/29/2021,11255,6.753392
1/29/2021,11256,6.753387
1/29/2021,11257,6.753383
1/29/2021,11258,6.753379
1/29/2021,11259,6.753374
1/29/2021,11260,6.75337
1/29/2021,11261,6.753365
1/29/2021,11262,6.753361
1/29/2021,11263,6.753356
1/29/2021,11264,6.753352
1/29/2021,11265,6.753347
1/29/2021,11266,6.753343
1/29/2021,11267,6.753338
1/29/2021,11268,6.753334
1/29/2021,11269,6.753329
1/29/2021,11270,6.753325
1/29/2021,11271,6.75332
1/29/2021,11272,6.753316
1/29/2021,11273,6.753311
1/29/2021,11274,6.753307
1/29/2021,11275,6.753302
1/29/2021,11276,6.753298
1/29/2021,11277,6.753294
1/29/2021,11278,6.753289
1/29/2021,11279,6.753285
1/29/2021,11280,6.75328
1/29/2021,11281,6.753276
1/29/2021,11282,6.753271
1/29/2021,11283,6.753267
1/29/2021,11284,6.753262
1/29/2021,11285,6.753258
1/29/2021,11286,6.753253
1/29/2021,11287,6.753249
1/29/2021,11288,6.753244
1/29/2021,11289,6.75324
1/29/2021,11290,6.753235
1/29/2021,11291,6.753231
1/29/2021,11292,6.753226
1/29/2021,11293,6.753222
1/29/2021,11294,6.753217
1/29/2021,11295,6.753213
1/29/2021,11296,6.753209
1/29/2021,11297,6.753204
1/29/2021,11298,6.7532
1/29/2021,11299,6.753195
1/29/2021,11300,6.753191
1/29/2021,11301,6.753186
1/29/2021,11302,6.753182
1/29/2021,11303,6.753177
1/29/2021,11304,6.753173
1/29/2021,11305,6.753168
1/29/2021,11306,6.753164
1/29/2021,11307,6.753159
1/29/2021,11308,6.753155
1/29/2021,11309,6.75315
1/29/2021,11310,6.753146
1/29/2021,11311,6.753141
1/29/2021,11312,6.753137
1/29/2021,11313,6.753132
1/29/2021,11314,6.753128
1/29/2021,11315,6.753123
1/29/2021,11316,6.753119
1/29/2021,11317,6.753115
1/29/2021,11318,6.75311
1/29/2021,11319,6.753106
1/29/2021,11320,6.753101
1/29/2021,11321,6.753097
1/29/2021,11322,6.753092
1/29/2021,11323,6.753088
1/29/2021,11324,6.753083
1/29/2021,11325,6.753079
1/29/2021,11326,6.753074
1/29/2021,11327,6.75307
1/29/2021,11328,6.753065
1/29/2021,11329,6.753061
1/29/2021,11330,6.753056
1/29/2021,11331,6.753052
1/29/2021,11332,6.753047
1/29/2021,11333,6.753043
1/29/2021,11334,6.753038
1/29/2021,11335,6.753034
1/29/2021,11336,6.75303
1/29/2021,11337,6.753025
1/29/2021,11338,6.753021
1/29/2021,11339,6.753016
1/29/2021,11340,6.753012
1/29/2021,11341,6.753007
1/29/2021,11342,6.753003
1/29/2021,11343,6.752998
1/29/2021,11344,6.752994
1/29/2021,11345,6.752989
1/29/2021,11346,6.752985
1/29/2021,11347,6.75298
1/29/2021,11348,6.752976
1/29/2021,11349,6.752971
1/29/2021,11350,6.752967
1/29/2021,11351,6.752962
1/29/2021,11352,6.752958
1/29/2021,11353,6.752953
1/29/2021,11354,6.752949
1/29/2021,11355,6.752945
1/29/2021,11356,6.75294
1/29/2021,11357,6.752936
1/29/2021,11358,6.752931
1/29/2021,11359,6.752927
1/29/2021,11360,6.752922
1/29/2021,11361,6.752918
1/29/2021,11362,6.752913
1/29/2021,11363,6.752909
1/29/2021,11364,6.752904
1/29/2021,11365,6.7529
1/29/2021,11366,6.752895
1/29/2021,11367,6.752891
1/29/2021,11368,6.752886
1/29/2021,11369,6.752882
1/29/2021,11370,6.752877
1/29/2021,11371,6.752873
1/29/2021,11372,6.752868
1/29/2021,11373,6.752864
1/29/2021,11374,6.75286
1/29/2021,11375,6.752855
1/29/2021,11376,6.752851
1/29/2021,11377,6.752846
1/29/2021,11378,6.752842
1/29/2021,11379,6.752837
1/29/2021,11380,6.752833
1/29/2021,11381,6.752828
1/29/2021,11382,6.752824
1/29/2021,11383,6.752819
1/29/2021,11384,6.752815
1/29/2021,11385,6.75281
1/29/2021,11386,6.752806
1/29/2021,11387,6.752801
1/29/2021,11388,6.752797
1/29/2021,11389,6.752792
1/29/2021,11390,6.752788
1/29/2021,11391,6.752783
1/29/2021,11392,6.752779
1/29/2021,11393,6.752775
1/29/2021,11394,6.75277
1/29/2021,11395,6.752766
1/29/2021,11396,6.752761
1/29/2021,11397,6.752757
1/29/2021,11398,6.752752
1/29/2021,11399,6.752748
1/29/2021,11400,6.752743
1/29/2021,11401,6.752739
1/29/2021,11402,6.752734
1/29/2021,11403,6.75273
1/29/2021,11404,6.752725
1/29/2021,11405,6.752721
1/29/2021,11406,6.752716
1/29/2021,11407,6.752712
1/29/2021,11408,6.752707
1/29/2021,11409,6.752703
1/29/2021,11410,6.752698
1/29/2021,11411,6.752694
1/29/2021,11412,6.75269
1/29/2021,11413,6.752685
1/29/2021,11414,6.752681
1/29/2021,11415,6.752676
1/29/2021,11416,6.752672
1/29/2021,11417,6.752667
1/29/2021,11418,6.752663
1/29/2021,11419,6.752658
1/29/2021,11420,6.752654
1/29/2021,11421,6.752649
1/29/2021,11422,6.752645
1/29/2021,11423,6.75264
1/29/2021,11424,6.752636
1/29/2021,11425,6.752631
1/29/2021,11426,6.752627
1/29/2021,11427,6.752622
1/29/2021,11428,6.752618
1/29/2021,11429,6.752613
1/29/2021,11430,6.752609
1/29/2021,11431,6.752605
1/29/2021,11432,6.7526
1/29/2021,11433,6.752596
1/29/2021,11434,6.752591
1/29/2021,11435,6.752587
1/29/2021,11436,6.752582
1/29/2021,11437,6.752578
1/29/2021,11438,6.752573
1/29/2021,11439,6.752569
1/29/2021,11440,6.752564
1/29/2021,11441,6.75256
1/29/2021,11442,6.752555
1/29/2021,11443,6.752551
1/29/2021,11444,6.752546
1/29/2021,11445,6.752542
1/29/2021,11446,6.752537
1/29/2021,11447,6.752533
1/29/2021,11448,6.752528
1/29/2021,11449,6.752524
1/29/2021,11450,6.75252
1/29/2021,11451,6.752515
1/29/2021,11452,6.752511
1/29/2021,11453,6.752506
1/29/2021,11454,6.752502
1/29/2021,11455,6.752497
1/29/2021,11456,6.752493
1/29/2021,11457,6.752488
1/29/2021,11458,6.752484
1/29/2021,11459,6.752479
1/29/2021,11460,6.752475
1/29/2021,11461,6.75247
1/29/2021,11462,6.752466
1/29/2021,11463,6.752461
1/29/2021,11464,6.752457
1/29/2021,11465,6.752452
1/29/2021,11466,6.752448
1/29/2021,11467,6.752443
1/29/2021,11468,6.752439
1/29/2021,11469,6.752435
1/29/2021,11470,6.75243
1/29/2021,11471,6.752426
1/29/2021,11472,6.752421
1/29/2021,11473,6.752417
1/29/2021,11474,6.752412
1/29/2021,11475,6.752408
1/29/2021,11476,6.752403
1/29/2021,11477,6.752399
1/29/2021,11478,6.752394
1/29/2021,11479,6.75239
1/29/2021,11480,6.752385
1/29/2021,11481,6.752381
1/29/2021,11482,6.752376
1/29/2021,11483,6.752372
1/29/2021,11484,6.752367
1/29/2021,11485,6.752363
1/29/2021,11486,6.752358
1/29/2021,11487,6.752354
1/29/2021,11488,6.752349
1/29/2021,11489,6.752345
1/29/2021,11490,6.752341
1/29/2021,11491,6.752336
1/29/2021,11492,6.752332
1/29/2021,11493,6.752327
1/29/2021,11494,6.752323
1/29/2021,11495,6.752318
1/29/2021,11496,6.752314
1/29/2021,11497,6.752309
1/29/2021,11498,6.752305
1/29/2021,11499,6.7523
1/29/2021,11500,6.752296
1/29/2021,11501,6.752291
1/29/2021,11502,6.752287
1/29/2021,11503,6.752282
1/29/2021,11504,6.752278
1/29/2021,11505,6.752273
1/29/2021,11506,6.752269
1/29/2021,11507,6.752264
1/29/2021,11508,6.75226
1/29/2021,11509,6.752256
1/29/2021,11510,6.752251
1/29/2021,11511,6.752247
1/29/2021,11512,6.752242
1/29/2021,11513,6.752238
1/29/2021,11514,6.752233
1/29/2021,11515,6.752229
1/29/2021,11516,6.752224
1/29/2021,11517,6.75222
1/29/2021,11518,6.752215
1/29/2021,11519,6.752211
1/29/2021,11520,6.752206
1/29/2021,11521,6.752202
1/29/2021,11522,6.752197
1/29/2021,11523,6.752193
1/29/2021,11524,6.752188
1/29/2021,11525,6.752184
1/29/2021,11526,6.752179
1/29/2021,11527,6.752175
1/29/2021,11528,6.752171
1/29/2021,11529,6.752166
1/29/2021,11530,6.752162
1/29/2021,11531,6.752157
1/29/2021,11532,6.752153
1/29/2021,11533,6.752148
1/29/2021,11534,6.752144
1/29/2021,11535,6.752139
1/29/2021,11536,6.752135
1/29/2021,11537,6.75213
1/29/2021,11538,6.752126
1/29/2021,11539,6.752121
1/29/2021,11540,6.752117
1/29/2021,11541,6.752112
1/29/2021,11542,6.752108
1/29/2021,11543,6.752103
1/29/2021,11544,6.752099
1/29/2021,11545,6.752094
1/29/2021,11546,6.75209
1/29/2021,11547,6.752086
1/29/2021,11548,6.752081
1/29/2021,11549,6.752077
1/29/2021,11550,6.752072
1/29/2021,11551,6.752068
1/29/2021,11552,6.752063
1/29/2021,11553,6.752059
1/29/2021,11554,6.752054
1/29/2021,11555,6.75205
1/29/2021,11556,6.752045
1/29/2021,11557,6.752041
1/29/2021,11558,6.752036
1/29/2021,11559,6.752032
1/29/2021,11560,6.752027
1/29/2021,11561,6.752023
1/29/2021,11562,6.752018
1/29/2021,11563,6.752014
1/29/2021,11564,6.752009
1/29/2021,11565,6.752005
1/29/2021,11566,6.752001
1/29/2021,11567,6.751996
1/29/2021,11568,6.751992
1/29/2021,11569,6.751987
1/29/2021,11570,6.751983
1/29/2021,11571,6.751978
1/29/2021,11572,6.751974
1/29/2021,11573,6.751969
1/29/2021,11574,6.751965
1/29/2021,11575,6.75196
1/29/2021,11576,6.751956
1/29/2021,11577,6.751951
1/29/2021,11578,6.751947
1/29/2021,11579,6.751942
1/29/2021,11580,6.751938
1/29/2021,11581,6.751933
1/29/2021,11582,6.751929
1/29/2021,11583,6.751924
1/29/2021,11584,6.75192
1/29/2021,11585,6.751916
1/29/2021,11586,6.751911
1/29/2021,11587,6.751907
1/29/2021,11588,6.751902
1/29/2021,11589,6.751898
1/29/2021,11590,6.751893
1/29/2021,11591,6.751889
1/29/2021,11592,6.751884
1/29/2021,11593,6.75188
1/29/2021,11594,6.751875
1/29/2021,11595,6.751871
1/29/2021,11596,6.751866
1/29/2021,11597,6.751862
1/29/2021,11598,6.751857
1/29/2021,11599,6.751853
1/29/2021,11600,6.751848
1/29/2021,11601,6.751844
1/29/2021,11602,6.751839
1/29/2021,11603,6.751835
1/29/2021,11604,6.751831
1/29/2021,11605,6.751826
1/29/2021,11606,6.751822
1/29/2021,11607,6.751817
1/29/2021,11608,6.751813
1/29/2021,11609,6.751808
1/29/2021,11610,6.751804
1/29/2021,11611,6.751799
1/29/2021,11612,6.751795
1/29/2021,11613,6.75179
1/29/2021,11614,6.751786
1/29/2021,11615,6.751781
1/29/2021,11616,6.751777
1/29/2021,11617,6.751772
1/29/2021,11618,6.751768
1/29/2021,11619,6.751763
1/29/2021,11620,6.751759
1/29/2021,11621,6.751754
1/29/2021,11622,6.75175
1/29/2021,11623,6.751746
1/29/2021,11624,6.751741
1/29/2021,11625,6.751737
1/29/2021,11626,6.751732
1/29/2021,11627,6.751728
1/29/2021,11628,6.751723
1/29/2021,11629,6.751719
1/29/2021,11630,6.751714
1/29/2021,11631,6.75171
1/29/2021,11632,6.751705
1/29/2021,11633,6.751701
1/29/2021,11634,6.751696
1/29/2021,11635,6.751692
1/29/2021,11636,6.751687
1/29/2021,11637,6.751683
1/29/2021,11638,6.751678
1/29/2021,11639,6.751674
1/29/2021,11640,6.751669
1/29/2021,11641,6.751665
1/29/2021,11642,6.751661
1/29/2021,11643,6.751656
1/29/2021,11644,6.751652
1/29/2021,11645,6.751647
1/29/2021,11646,6.751643
1/29/2021,11647,6.751638
1/29/2021,11648,6.751634
1/29/2021,11649,6.751629
1/29/2021,11650,6.751625
1/29/2021,11651,6.75162
1/29/2021,11652,6.751616
1/29/2021,11653,6.751611
1/29/2021,11654,6.751607
1/29/2021,11655,6.751602
1/29/2021,11656,6.751598
1/29/2021,11657,6.751593
1/29/2021,11658,6.751589
1/29/2021,11659,6.751584
1/29/2021,11660,6.75158
1/29/2021,11661,6.751576
1/29/2021,11662,6.751571
1/29/2021,11663,6.751567
1/29/2021,11664,6.751562
1/29/2021,11665,6.751558
1/29/2021,11666,6.751553
1/29/2021,11667,6.751549
1/29/2021,11668,6.751544
1/29/2021,11669,6.75154
1/29/2021,11670,6.751535
1/29/2021,11671,6.751531
1/29/2021,11672,6.751526
1/29/2021,11673,6.751522
1/29/2021,11674,6.751517
1/29/2021,11675,6.751513
1/29/2021,11676,6.751508
1/29/2021,11677,6.751504
1/29/2021,11678,6.751499
1/29/2021,11679,6.751495
1/29/2021,11680,6.75149
1/29/2021,11681,6.751486
1/29/2021,11682,6.751482
1/29/2021,11683,6.751477
1/29/2021,11684,6.751473
1/29/2021,11685,6.751468
1/29/2021,11686,6.751464
1/29/2021,11687,6.751459
1/29/2021,11688,6.751455
1/29/2021,11689,6.75145
1/29/2021,11690,6.751446
1/29/2021,11691,6.751441
1/29/2021,11692,6.751437
1/29/2021,11693,6.751432
1/29/2021,11694,6.751428
1/29/2021,11695,6.751423
1/29/2021,11696,6.751419
1/29/2021,11697,6.751414
1/29/2021,11698,6.75141
1/29/2021,11699,6.751405
1/29/2021,11700,6.751401
1/29/2021,11701,6.751397
1/29/2021,11702,6.751392
1/29/2021,11703,6.751388
1/29/2021,11704,6.751383
1/29/2021,11705,6.751379
1/29/2021,11706,6.751374
1/29/2021,11707,6.75137
1/29/2021,11708,6.751365
1/29/2021,11709,6.751361
1/29/2021,11710,6.751356
1/29/2021,11711,6.751352
1/29/2021,11712,6.751347
1/29/2021,11713,6.751343
1/29/2021,11714,6.751338
1/29/2021,11715,6.751334
1/29/2021,11716,6.751329
1/29/2021,11717,6.751325
1/29/2021,11718,6.75132
1/29/2021,11719,6.751316
1/29/2021,11720,6.751312
1/29/2021,11721,6.751307
1/29/2021,11722,6.751303
1/29/2021,11723,6.751298
1/29/2021,11724,6.751294
1/29/2021,11725,6.751289
1/29/2021,11726,6.751285
1/29/2021,11727,6.75128
1/29/2021,11728,6.751276
1/29/2021,11729,6.751271
1/29/2021,11730,6.751267
1/29/2021,11731,6.751262
1/29/2021,11732,6.751258
1/29/2021,11733,6.751253
1/29/2021,11734,6.751249
1/29/2021,11735,6.751244
1/29/2021,11736,6.75124
1/29/2021,11737,6.751235
1/29/2021,11738,6.751231
1/29/2021,11739,6.751227
1/29/2021,11740,6.751222
1/29/2021,11741,6.751218
1/29/2021,11742,6.751213
1/29/2021,11743,6.751209
1/29/2021,11744,6.751204
1/29/2021,11745,6.7512
1/29/2021,11746,6.751195
1/29/2021,11747,6.751191
1/29/2021,11748,6.751186
1/29/2021,11749,6.751182
1/29/2021,11750,6.751177
1/29/2021,11751,6.751173
1/29/2021,11752,6.751168
1/29/2021,11753,6.751164
1/29/2021,11754,6.751159
1/29/2021,11755,6.751155
1/29/2021,11756,6.75115
1/29/2021,11757,6.751146
1/29/2021,11758,6.751142
1/29/2021,11759,6.751137
1/29/2021,11760,6.751133
1/29/2021,11761,6.751128
1/29/2021,11762,6.751124
1/29/2021,11763,6.751119
1/29/2021,11764,6.751115
1/29/2021,11765,6.75111
1/29/2021,11766,6.751106
1/29/2021,11767,6.751101
1/29/2021,11768,6.751097
1/29/2021,11769,6.751092
1/29/2021,11770,6.751088
1/29/2021,11771,6.751083
1/29/2021,11772,6.751079
1/29/2021,11773,6.751074
1/29/2021,11774,6.75107
1/29/2021,11775,6.751065
1/29/2021,11776,6.751061
1/29/2021,11777,6.751057
1/29/2021,11778,6.751052
1/29/2021,11779,6.751048
1/29/2021,11780,6.751043
1/29/2021,11781,6.751039
1/29/2021,11782,6.751034
1/29/2021,11783,6.75103
1/29/2021,11784,6.751025
1/29/2021,11785,6.751021
1/29/2021,11786,6.751016
1/29/2021,11787,6.751012
1/29/2021,11788,6.751007
1/29/2021,11789,6.751003
1/29/2021,11790,6.750998
1/29/2021,11791,6.750994
1/29/2021,11792,6.750989
1/29/2021,11793,6.750985
1/29/2021,11794,6.75098
1/29/2021,11795,6.750976
1/29/2021,11796,6.750972
1/29/2021,11797,6.750967
1/29/2021,11798,6.750963
1/29/2021,11799,6.750958
1/29/2021,11800,6.750954
1/29/2021,11801,6.750949
1/29/2021,11802,6.750945
1/29/2021,11803,6.75094
1/29/2021,11804,6.750936
1/29/2021,11805,6.750931
1/29/2021,11806,6.750927
1/29/2021,11807,6.750922
1/29/2021,11808,6.750918
1/29/2021,11809,6.750913
1/29/2021,11810,6.750909
1/29/2021,11811,6.750904
1/29/2021,11812,6.7509
1/29/2021,11813,6.750895
1/29/2021,11814,6.750891
1/29/2021,11815,6.750887
1/29/2021,11816,6.750882
1/29/2021,11817,6.750878
1/29/2021,11818,6.750873
1/29/2021,11819,6.750869
1/29/2021,11820,6.750864
1/29/2021,11821,6.75086
1/29/2021,11822,6.750855
1/29/2021,11823,6.750851
1/29/2021,11824,6.750846
1/29/2021,11825,6.750842
1/29/2021,11826,6.750837
1/29/2021,11827,6.750833
1/29/2021,11828,6.750828
1/29/2021,11829,6.750824
1/29/2021,11830,6.750819
1/29/2021,11831,6.750815
1/29/2021,11832,6.75081
1/29/2021,11833,6.750806
1/29/2021,11834,6.750802
1/29/2021,11835,6.750797
1/29/2021,11836,6.750793
1/29/2021,11837,6.750788
1/29/2021,11838,6.750784
1/29/2021,11839,6.750779
1/29/2021,11840,6.750775
