FECHA,PLAZO,VALOR
29/09/2022,1,4.1
29/09/2022,2,4.1
29/09/2022,3,4.100278
29/09/2022,4,4.100556
29/09/2022,5,4.100833
29/09/2022,6,4.101111
29/09/2022,7,4.101389
29/09/2022,8,4.101667
29/09/2022,9,4.101944
29/09/2022,10,4.102222
29/09/2022,11,4.1025
29/09/2022,12,4.102778
29/09/2022,13,4.103056
29/09/2022,14,4.103333
29/09/2022,15,4.103611
29/09/2022,16,4.103889
29/09/2022,17,4.104167
29/09/2022,18,4.104444
29/09/2022,19,4.104722
29/09/2022,20,4.105
29/09/2022,21,4.105278
29/09/2022,22,4.105556
29/09/2022,23,4.105833
29/09/2022,24,4.106111
29/09/2022,25,4.106389
29/09/2022,26,4.106667
29/09/2022,27,4.106944
29/09/2022,28,4.107222
29/09/2022,29,4.1075
29/09/2022,30,4.107778
29/09/2022,31,4.108056
29/09/2022,32,4.108333
29/09/2022,33,4.108611
29/09/2022,34,4.108889
29/09/2022,35,4.109167
29/09/2022,36,4.109444
29/09/2022,37,4.109722
29/09/2022,38,4.11
29/09/2022,39,4.110278
29/09/2022,40,4.110556
29/09/2022,41,4.110833
29/09/2022,42,4.111111
29/09/2022,43,4.111389
29/09/2022,44,4.111667
29/09/2022,45,4.111944
29/09/2022,46,4.112222
29/09/2022,47,4.1125
29/09/2022,48,4.112778
29/09/2022,49,4.113056
29/09/2022,50,4.113333
29/09/2022,51,4.113611
29/09/2022,52,4.113889
29/09/2022,53,4.114167
29/09/2022,54,4.114444
29/09/2022,55,4.114722
29/09/2022,56,4.115
29/09/2022,57,4.115278
29/09/2022,58,4.115556
29/09/2022,59,4.115833
29/09/2022,60,4.116111
29/09/2022,61,4.116389
29/09/2022,62,4.116667
29/09/2022,63,4.116944
29/09/2022,64,4.117222
29/09/2022,65,4.1175
29/09/2022,66,4.117778
29/09/2022,67,4.118056
29/09/2022,68,4.118333
29/09/2022,69,4.118611
29/09/2022,70,4.118889
29/09/2022,71,4.119167
29/09/2022,72,4.119444
29/09/2022,73,4.119722
29/09/2022,74,4.12
29/09/2022,75,4.120278
29/09/2022,76,4.120556
29/09/2022,77,4.120833
29/09/2022,78,4.121111
29/09/2022,79,4.121389
29/09/2022,80,4.121667
29/09/2022,81,4.121944
29/09/2022,82,4.122222
29/09/2022,83,4.1225
29/09/2022,84,4.122778
29/09/2022,85,4.123056
29/09/2022,86,4.123333
29/09/2022,87,4.123611
29/09/2022,88,4.123889
29/09/2022,89,4.124167
29/09/2022,90,4.124444
29/09/2022,91,4.124722
29/09/2022,92,4.125
29/09/2022,93,4.125278
29/09/2022,94,4.125556
29/09/2022,95,4.125833
29/09/2022,96,4.126111
29/09/2022,97,4.126389
29/09/2022,98,4.126667
29/09/2022,99,4.126944
29/09/2022,100,4.127222
29/09/2022,101,4.1275
29/09/2022,102,4.127778
29/09/2022,103,4.128056
29/09/2022,104,4.128333
29/09/2022,105,4.128611
29/09/2022,106,4.128889
29/09/2022,107,4.129167
29/09/2022,108,4.129444
29/09/2022,109,4.129722
29/09/2022,110,4.13
29/09/2022,111,4.130278
29/09/2022,112,4.130556
29/09/2022,113,4.130833
29/09/2022,114,4.131111
29/09/2022,115,4.131389
29/09/2022,116,4.131667
29/09/2022,117,4.131944
29/09/2022,118,4.132222
29/09/2022,119,4.1325
29/09/2022,120,4.132778
29/09/2022,121,4.133056
29/09/2022,122,4.133333
29/09/2022,123,4.133611
29/09/2022,124,4.133889
29/09/2022,125,4.134167
29/09/2022,126,4.134444
29/09/2022,127,4.134722
29/09/2022,128,4.135
29/09/2022,129,4.135278
29/09/2022,130,4.135556
29/09/2022,131,4.135833
29/09/2022,132,4.136111
29/09/2022,133,4.136389
29/09/2022,134,4.136667
29/09/2022,135,4.136944
29/09/2022,136,4.137222
29/09/2022,137,4.1375
29/09/2022,138,4.137778
29/09/2022,139,4.138056
29/09/2022,140,4.138333
29/09/2022,141,4.138611
29/09/2022,142,4.138889
29/09/2022,143,4.139167
29/09/2022,144,4.139444
29/09/2022,145,4.139722
29/09/2022,146,4.14
29/09/2022,147,4.140278
29/09/2022,148,4.140556
29/09/2022,149,4.140833
29/09/2022,150,4.141111
29/09/2022,151,4.141389
29/09/2022,152,4.141667
29/09/2022,153,4.141944
29/09/2022,154,4.142222
29/09/2022,155,4.1425
29/09/2022,156,4.142778
29/09/2022,157,4.143056
29/09/2022,158,4.143333
29/09/2022,159,4.143611
29/09/2022,160,4.143889
29/09/2022,161,4.144167
29/09/2022,162,4.144444
29/09/2022,163,4.144722
29/09/2022,164,4.145
29/09/2022,165,4.145278
29/09/2022,166,4.145556
29/09/2022,167,4.145833
29/09/2022,168,4.146111
29/09/2022,169,4.146389
29/09/2022,170,4.146667
29/09/2022,171,4.146944
29/09/2022,172,4.147222
29/09/2022,173,4.1475
29/09/2022,174,4.147778
29/09/2022,175,4.148056
29/09/2022,176,4.148333
29/09/2022,177,4.148611
29/09/2022,178,4.148889
29/09/2022,179,4.149167
29/09/2022,180,4.149444
29/09/2022,181,4.149722
29/09/2022,182,4.15
29/09/2022,183,4.15011
29/09/2022,184,4.15022
29/09/2022,185,4.15033
29/09/2022,186,4.15044
29/09/2022,187,4.150549
29/09/2022,188,4.150659
29/09/2022,189,4.150769
29/09/2022,190,4.150879
29/09/2022,191,4.150989
29/09/2022,192,4.151099
29/09/2022,193,4.151209
29/09/2022,194,4.151319
29/09/2022,195,4.151429
29/09/2022,196,4.151538
29/09/2022,197,4.151648
29/09/2022,198,4.151758
29/09/2022,199,4.151868
29/09/2022,200,4.151978
29/09/2022,201,4.152088
29/09/2022,202,4.152198
29/09/2022,203,4.152308
29/09/2022,204,4.152418
29/09/2022,205,4.152527
29/09/2022,206,4.152637
29/09/2022,207,4.152747
29/09/2022,208,4.152857
29/09/2022,209,4.152967
29/09/2022,210,4.153077
29/09/2022,211,4.153187
29/09/2022,212,4.153297
29/09/2022,213,4.153407
29/09/2022,214,4.153516
29/09/2022,215,4.153626
29/09/2022,216,4.153736
29/09/2022,217,4.153846
29/09/2022,218,4.153956
29/09/2022,219,4.154066
29/09/2022,220,4.154176
29/09/2022,221,4.154286
29/09/2022,222,4.154396
29/09/2022,223,4.154505
29/09/2022,224,4.154615
29/09/2022,225,4.154725
29/09/2022,226,4.154835
29/09/2022,227,4.154945
29/09/2022,228,4.155055
29/09/2022,229,4.155165
29/09/2022,230,4.155275
29/09/2022,231,4.155385
29/09/2022,232,4.155495
29/09/2022,233,4.155604
29/09/2022,234,4.155714
29/09/2022,235,4.155824
29/09/2022,236,4.155934
29/09/2022,237,4.156044
29/09/2022,238,4.156154
29/09/2022,239,4.156264
29/09/2022,240,4.156374
29/09/2022,241,4.156484
29/09/2022,242,4.156593
29/09/2022,243,4.156703
29/09/2022,244,4.156813
29/09/2022,245,4.156923
29/09/2022,246,4.157033
29/09/2022,247,4.157143
29/09/2022,248,4.157253
29/09/2022,249,4.157363
29/09/2022,250,4.157473
29/09/2022,251,4.157582
29/09/2022,252,4.157692
29/09/2022,253,4.157802
29/09/2022,254,4.157912
29/09/2022,255,4.158022
29/09/2022,256,4.158132
29/09/2022,257,4.158242
29/09/2022,258,4.158352
29/09/2022,259,4.158462
29/09/2022,260,4.158571
29/09/2022,261,4.158681
29/09/2022,262,4.158791
29/09/2022,263,4.158901
29/09/2022,264,4.159011
29/09/2022,265,4.159121
29/09/2022,266,4.159231
29/09/2022,267,4.159341
29/09/2022,268,4.159451
29/09/2022,269,4.15956
29/09/2022,270,4.15967
29/09/2022,271,4.15978
29/09/2022,272,4.15989
29/09/2022,273,4.16
29/09/2022,274,4.16011
29/09/2022,275,4.16022
29/09/2022,276,4.16033
29/09/2022,277,4.16044
29/09/2022,278,4.160549
29/09/2022,279,4.160659
29/09/2022,280,4.160769
29/09/2022,281,4.160879
29/09/2022,282,4.160989
29/09/2022,283,4.161099
29/09/2022,284,4.161209
29/09/2022,285,4.161319
29/09/2022,286,4.161429
29/09/2022,287,4.161538
29/09/2022,288,4.161648
29/09/2022,289,4.161758
29/09/2022,290,4.161868
29/09/2022,291,4.161978
29/09/2022,292,4.162088
29/09/2022,293,4.162198
29/09/2022,294,4.162308
29/09/2022,295,4.162418
29/09/2022,296,4.162527
29/09/2022,297,4.162637
29/09/2022,298,4.162747
29/09/2022,299,4.162857
29/09/2022,300,4.162967
29/09/2022,301,4.163077
29/09/2022,302,4.163187
29/09/2022,303,4.163297
29/09/2022,304,4.163407
29/09/2022,305,4.163516
29/09/2022,306,4.163626
29/09/2022,307,4.163736
29/09/2022,308,4.163846
29/09/2022,309,4.163956
29/09/2022,310,4.164066
29/09/2022,311,4.164176
29/09/2022,312,4.164286
29/09/2022,313,4.164396
29/09/2022,314,4.164505
29/09/2022,315,4.164615
29/09/2022,316,4.164725
29/09/2022,317,4.164835
29/09/2022,318,4.164945
29/09/2022,319,4.165055
29/09/2022,320,4.165165
29/09/2022,321,4.165275
29/09/2022,322,4.165385
29/09/2022,323,4.165495
29/09/2022,324,4.165604
29/09/2022,325,4.165714
29/09/2022,326,4.165824
29/09/2022,327,4.165934
29/09/2022,328,4.166044
29/09/2022,329,4.166154
29/09/2022,330,4.166264
29/09/2022,331,4.166374
29/09/2022,332,4.166484
29/09/2022,333,4.166593
29/09/2022,334,4.166703
29/09/2022,335,4.166813
29/09/2022,336,4.166923
29/09/2022,337,4.167033
29/09/2022,338,4.167143
29/09/2022,339,4.167253
29/09/2022,340,4.167363
29/09/2022,341,4.167473
29/09/2022,342,4.167582
29/09/2022,343,4.167692
29/09/2022,344,4.167802
29/09/2022,345,4.167912
29/09/2022,346,4.168022
29/09/2022,347,4.168132
29/09/2022,348,4.168242
29/09/2022,349,4.168352
29/09/2022,350,4.168462
29/09/2022,351,4.168571
29/09/2022,352,4.168681
29/09/2022,353,4.168791
29/09/2022,354,4.168901
29/09/2022,355,4.169011
29/09/2022,356,4.169121
29/09/2022,357,4.169231
29/09/2022,358,4.169341
29/09/2022,359,4.169451
29/09/2022,360,4.16956
29/09/2022,361,4.16967
29/09/2022,362,4.16978
29/09/2022,363,4.16989
29/09/2022,364,4.17
29/09/2022,365,4.170612
29/09/2022,366,4.171224
29/09/2022,367,4.171837
29/09/2022,368,4.172449
29/09/2022,369,4.173061
29/09/2022,370,4.173673
29/09/2022,371,4.174286
29/09/2022,372,4.174898
29/09/2022,373,4.17551
29/09/2022,374,4.176122
29/09/2022,375,4.176735
29/09/2022,376,4.177347
29/09/2022,377,4.177959
29/09/2022,378,4.178571
29/09/2022,379,4.179184
29/09/2022,380,4.179796
29/09/2022,381,4.180408
29/09/2022,382,4.18102
29/09/2022,383,4.181633
29/09/2022,384,4.182245
29/09/2022,385,4.182857
29/09/2022,386,4.183469
29/09/2022,387,4.184082
29/09/2022,388,4.184694
29/09/2022,389,4.185306
29/09/2022,390,4.185918
29/09/2022,391,4.186531
29/09/2022,392,4.187143
29/09/2022,393,4.187755
29/09/2022,394,4.188367
29/09/2022,395,4.18898
29/09/2022,396,4.189592
29/09/2022,397,4.190204
29/09/2022,398,4.190816
29/09/2022,399,4.191429
29/09/2022,400,4.192041
29/09/2022,401,4.192653
29/09/2022,402,4.193265
29/09/2022,403,4.193878
29/09/2022,404,4.19449
29/09/2022,405,4.195102
29/09/2022,406,4.195714
29/09/2022,407,4.196327
29/09/2022,408,4.196939
29/09/2022,409,4.197551
29/09/2022,410,4.198163
29/09/2022,411,4.198776
29/09/2022,412,4.199388
29/09/2022,413,4.2
29/09/2022,414,4.200708
29/09/2022,415,4.201415
29/09/2022,416,4.202123
29/09/2022,417,4.20283
29/09/2022,418,4.203538
29/09/2022,419,4.204246
29/09/2022,420,4.204953
29/09/2022,421,4.205661
29/09/2022,422,4.206368
29/09/2022,423,4.207076
29/09/2022,424,4.207784
29/09/2022,425,4.208491
29/09/2022,426,4.209199
29/09/2022,427,4.209907
29/09/2022,428,4.210614
29/09/2022,429,4.211322
29/09/2022,430,4.212029
29/09/2022,431,4.212737
29/09/2022,432,4.213445
29/09/2022,433,4.214152
29/09/2022,434,4.21486
29/09/2022,435,4.215567
29/09/2022,436,4.216275
29/09/2022,437,4.216983
29/09/2022,438,4.21769
29/09/2022,439,4.218398
29/09/2022,440,4.219105
29/09/2022,441,4.219813
29/09/2022,442,4.220521
29/09/2022,443,4.221228
29/09/2022,444,4.221936
29/09/2022,445,4.222644
29/09/2022,446,4.223351
29/09/2022,447,4.224059
29/09/2022,448,4.224766
29/09/2022,449,4.225474
29/09/2022,450,4.226182
29/09/2022,451,4.226889
29/09/2022,452,4.227597
29/09/2022,453,4.228304
29/09/2022,454,4.229012
29/09/2022,455,4.22972
29/09/2022,456,4.230427
29/09/2022,457,4.231135
29/09/2022,458,4.231842
29/09/2022,459,4.23255
29/09/2022,460,4.233258
29/09/2022,461,4.233965
29/09/2022,462,4.234673
29/09/2022,463,4.235381
29/09/2022,464,4.236088
29/09/2022,465,4.236796
29/09/2022,466,4.237503
29/09/2022,467,4.238211
29/09/2022,468,4.238919
29/09/2022,469,4.239626
29/09/2022,470,4.240334
29/09/2022,471,4.241041
29/09/2022,472,4.241749
29/09/2022,473,4.242457
29/09/2022,474,4.243164
29/09/2022,475,4.243872
29/09/2022,476,4.244579
29/09/2022,477,4.245287
29/09/2022,478,4.245995
29/09/2022,479,4.246702
29/09/2022,480,4.24741
29/09/2022,481,4.248117
29/09/2022,482,4.248825
29/09/2022,483,4.249533
29/09/2022,484,4.25024
29/09/2022,485,4.250948
29/09/2022,486,4.251656
29/09/2022,487,4.252363
29/09/2022,488,4.253071
29/09/2022,489,4.253778
29/09/2022,490,4.254486
29/09/2022,491,4.255194
29/09/2022,492,4.255901
29/09/2022,493,4.256609
29/09/2022,494,4.257316
29/09/2022,495,4.258024
29/09/2022,496,4.258732
29/09/2022,497,4.259439
29/09/2022,498,4.260147
29/09/2022,499,4.260854
29/09/2022,500,4.261562
29/09/2022,501,4.26227
29/09/2022,502,4.262977
29/09/2022,503,4.263685
29/09/2022,504,4.264393
29/09/2022,505,4.2651
29/09/2022,506,4.265808
29/09/2022,507,4.266515
29/09/2022,508,4.267223
29/09/2022,509,4.267931
29/09/2022,510,4.268638
29/09/2022,511,4.269346
29/09/2022,512,4.270053
29/09/2022,513,4.270761
29/09/2022,514,4.271469
29/09/2022,515,4.272176
29/09/2022,516,4.272884
29/09/2022,517,4.273591
29/09/2022,518,4.274299
29/09/2022,519,4.275007
29/09/2022,520,4.275714
29/09/2022,521,4.276422
29/09/2022,522,4.27713
29/09/2022,523,4.277837
29/09/2022,524,4.278545
29/09/2022,525,4.279252
29/09/2022,526,4.27996
29/09/2022,527,4.280668
29/09/2022,528,4.281375
29/09/2022,529,4.282083
29/09/2022,530,4.28279
29/09/2022,531,4.283498
29/09/2022,532,4.284206
29/09/2022,533,4.284913
29/09/2022,534,4.285621
29/09/2022,535,4.286328
29/09/2022,536,4.287036
29/09/2022,537,4.287744
29/09/2022,538,4.288451
29/09/2022,539,4.289159
29/09/2022,540,4.289866
29/09/2022,541,4.290574
29/09/2022,542,4.291282
29/09/2022,543,4.291989
29/09/2022,544,4.292697
29/09/2022,545,4.293405
29/09/2022,546,4.294112
29/09/2022,547,4.29482
29/09/2022,548,4.295527
29/09/2022,549,4.296235
29/09/2022,550,4.296943
29/09/2022,551,4.29765
29/09/2022,552,4.298358
29/09/2022,553,4.299065
29/09/2022,554,4.299773
29/09/2022,555,4.300481
29/09/2022,556,4.301188
29/09/2022,557,4.301896
29/09/2022,558,4.302603
29/09/2022,559,4.303311
29/09/2022,560,4.304019
29/09/2022,561,4.304726
29/09/2022,562,4.305434
29/09/2022,563,4.306142
29/09/2022,564,4.306849
29/09/2022,565,4.307557
29/09/2022,566,4.308264
29/09/2022,567,4.308972
29/09/2022,568,4.30968
29/09/2022,569,4.310387
29/09/2022,570,4.311095
29/09/2022,571,4.311802
29/09/2022,572,4.31251
29/09/2022,573,4.313218
29/09/2022,574,4.313925
29/09/2022,575,4.314633
29/09/2022,576,4.31534
29/09/2022,577,4.316048
29/09/2022,578,4.316756
29/09/2022,579,4.317463
29/09/2022,580,4.318171
29/09/2022,581,4.318879
29/09/2022,582,4.319586
29/09/2022,583,4.320294
29/09/2022,584,4.321001
29/09/2022,585,4.321709
29/09/2022,586,4.322417
29/09/2022,587,4.323124
29/09/2022,588,4.323832
29/09/2022,589,4.324539
29/09/2022,590,4.325247
29/09/2022,591,4.325955
29/09/2022,592,4.326662
29/09/2022,593,4.32737
29/09/2022,594,4.328077
29/09/2022,595,4.328785
29/09/2022,596,4.329493
29/09/2022,597,4.3302
29/09/2022,598,4.330908
29/09/2022,599,4.331615
29/09/2022,600,4.332323
29/09/2022,601,4.333031
29/09/2022,602,4.333738
29/09/2022,603,4.334446
29/09/2022,604,4.335154
29/09/2022,605,4.335861
29/09/2022,606,4.336569
29/09/2022,607,4.337276
29/09/2022,608,4.337984
29/09/2022,609,4.338692
29/09/2022,610,4.339399
29/09/2022,611,4.340107
29/09/2022,612,4.340814
29/09/2022,613,4.341522
29/09/2022,614,4.34223
29/09/2022,615,4.342937
29/09/2022,616,4.343645
29/09/2022,617,4.344352
29/09/2022,618,4.34506
29/09/2022,619,4.345768
29/09/2022,620,4.346475
29/09/2022,621,4.347183
29/09/2022,622,4.347891
29/09/2022,623,4.348598
29/09/2022,624,4.349306
29/09/2022,625,4.350013
29/09/2022,626,4.350721
29/09/2022,627,4.351429
29/09/2022,628,4.352136
29/09/2022,629,4.352844
29/09/2022,630,4.353551
29/09/2022,631,4.354259
29/09/2022,632,4.354967
29/09/2022,633,4.355674
29/09/2022,634,4.356382
29/09/2022,635,4.357089
29/09/2022,636,4.357797
29/09/2022,637,4.358505
29/09/2022,638,4.359212
29/09/2022,639,4.35992
29/09/2022,640,4.360628
29/09/2022,641,4.361335
29/09/2022,642,4.362043
29/09/2022,643,4.36275
29/09/2022,644,4.363458
29/09/2022,645,4.364166
29/09/2022,646,4.364873
29/09/2022,647,4.365581
29/09/2022,648,4.366288
29/09/2022,649,4.366996
29/09/2022,650,4.367704
29/09/2022,651,4.368411
29/09/2022,652,4.369119
29/09/2022,653,4.369826
29/09/2022,654,4.370534
29/09/2022,655,4.371242
29/09/2022,656,4.371949
29/09/2022,657,4.372657
29/09/2022,658,4.373364
29/09/2022,659,4.374072
29/09/2022,660,4.37478
29/09/2022,661,4.375487
29/09/2022,662,4.376195
29/09/2022,663,4.376903
29/09/2022,664,4.37761
29/09/2022,665,4.378318
29/09/2022,666,4.379025
29/09/2022,667,4.379733
29/09/2022,668,4.380441
29/09/2022,669,4.381148
29/09/2022,670,4.381856
29/09/2022,671,4.382563
29/09/2022,672,4.383271
29/09/2022,673,4.383979
29/09/2022,674,4.384686
29/09/2022,675,4.385394
29/09/2022,676,4.386101
29/09/2022,677,4.386809
29/09/2022,678,4.387517
29/09/2022,679,4.388224
29/09/2022,680,4.388932
29/09/2022,681,4.38964
29/09/2022,682,4.390347
29/09/2022,683,4.391055
29/09/2022,684,4.391762
29/09/2022,685,4.39247
29/09/2022,686,4.393178
29/09/2022,687,4.393885
29/09/2022,688,4.394593
29/09/2022,689,4.3953
29/09/2022,690,4.396008
29/09/2022,691,4.396716
29/09/2022,692,4.397423
29/09/2022,693,4.398131
29/09/2022,694,4.398838
29/09/2022,695,4.399546
29/09/2022,696,4.400254
29/09/2022,697,4.400961
29/09/2022,698,4.401669
29/09/2022,699,4.402377
29/09/2022,700,4.403084
29/09/2022,701,4.403792
29/09/2022,702,4.404499
29/09/2022,703,4.405207
29/09/2022,704,4.405915
29/09/2022,705,4.406622
29/09/2022,706,4.40733
29/09/2022,707,4.408037
29/09/2022,708,4.408745
29/09/2022,709,4.409453
29/09/2022,710,4.41016
29/09/2022,711,4.410868
29/09/2022,712,4.411575
29/09/2022,713,4.412283
29/09/2022,714,4.412991
29/09/2022,715,4.413698
29/09/2022,716,4.414406
29/09/2022,717,4.415113
29/09/2022,718,4.415821
29/09/2022,719,4.416529
29/09/2022,720,4.417236
29/09/2022,721,4.417944
29/09/2022,722,4.418652
29/09/2022,723,4.419359
29/09/2022,724,4.420067
29/09/2022,725,4.420774
29/09/2022,726,4.421482
29/09/2022,727,4.42219
29/09/2022,728,4.422897
29/09/2022,729,4.423605
29/09/2022,730,4.424312
29/09/2022,731,4.42502
29/09/2022,732,4.425728
29/09/2022,733,4.426435
29/09/2022,734,4.427143
29/09/2022,735,4.42785
29/09/2022,736,4.428558
29/09/2022,737,4.429266
29/09/2022,738,4.429973
29/09/2022,739,4.430681
29/09/2022,740,4.431389
29/09/2022,741,4.432096
29/09/2022,742,4.432804
29/09/2022,743,4.433511
29/09/2022,744,4.434219
29/09/2022,745,4.434927
29/09/2022,746,4.435634
29/09/2022,747,4.436342
29/09/2022,748,4.437049
29/09/2022,749,4.437757
29/09/2022,750,4.438465
29/09/2022,751,4.439172
29/09/2022,752,4.43988
29/09/2022,753,4.440587
29/09/2022,754,4.441295
29/09/2022,755,4.442003
29/09/2022,756,4.44271
29/09/2022,757,4.443418
29/09/2022,758,4.444126
29/09/2022,759,4.444833
29/09/2022,760,4.445541
29/09/2022,761,4.446248
29/09/2022,762,4.446956
29/09/2022,763,4.447664
29/09/2022,764,4.448371
29/09/2022,765,4.449079
29/09/2022,766,4.449786
29/09/2022,767,4.450494
29/09/2022,768,4.451202
29/09/2022,769,4.451909
29/09/2022,770,4.452617
29/09/2022,771,4.453324
29/09/2022,772,4.454032
29/09/2022,773,4.45474
29/09/2022,774,4.455447
29/09/2022,775,4.456155
29/09/2022,776,4.456862
29/09/2022,777,4.45757
29/09/2022,778,4.458278
29/09/2022,779,4.458985
29/09/2022,780,4.459693
29/09/2022,781,4.460401
29/09/2022,782,4.461108
29/09/2022,783,4.461816
29/09/2022,784,4.462523
29/09/2022,785,4.463231
29/09/2022,786,4.463939
29/09/2022,787,4.464646
29/09/2022,788,4.465354
29/09/2022,789,4.466061
29/09/2022,790,4.466769
29/09/2022,791,4.467477
29/09/2022,792,4.468184
29/09/2022,793,4.468892
29/09/2022,794,4.469599
29/09/2022,795,4.470307
29/09/2022,796,4.471015
29/09/2022,797,4.471722
29/09/2022,798,4.47243
29/09/2022,799,4.473138
29/09/2022,800,4.473845
29/09/2022,801,4.474553
29/09/2022,802,4.47526
29/09/2022,803,4.475968
29/09/2022,804,4.476676
29/09/2022,805,4.477383
29/09/2022,806,4.478091
29/09/2022,807,4.478798
29/09/2022,808,4.479506
29/09/2022,809,4.480214
29/09/2022,810,4.480921
29/09/2022,811,4.481629
29/09/2022,812,4.482336
29/09/2022,813,4.483044
29/09/2022,814,4.483752
29/09/2022,815,4.484459
29/09/2022,816,4.485167
29/09/2022,817,4.485874
29/09/2022,818,4.486582
29/09/2022,819,4.48729
29/09/2022,820,4.487997
29/09/2022,821,4.488705
29/09/2022,822,4.489413
29/09/2022,823,4.49012
29/09/2022,824,4.490828
29/09/2022,825,4.491535
29/09/2022,826,4.492243
29/09/2022,827,4.492951
29/09/2022,828,4.493658
29/09/2022,829,4.494366
29/09/2022,830,4.495073
29/09/2022,831,4.495781
29/09/2022,832,4.496489
29/09/2022,833,4.497196
29/09/2022,834,4.497904
29/09/2022,835,4.498611
29/09/2022,836,4.499319
29/09/2022,837,4.500027
29/09/2022,838,4.500734
29/09/2022,839,4.501442
29/09/2022,840,4.50215
29/09/2022,841,4.502857
29/09/2022,842,4.503565
29/09/2022,843,4.504272
29/09/2022,844,4.50498
29/09/2022,845,4.505688
29/09/2022,846,4.506395
29/09/2022,847,4.507103
29/09/2022,848,4.50781
29/09/2022,849,4.508518
29/09/2022,850,4.509226
29/09/2022,851,4.509933
29/09/2022,852,4.510641
29/09/2022,853,4.511348
29/09/2022,854,4.512056
29/09/2022,855,4.512764
29/09/2022,856,4.513471
29/09/2022,857,4.514179
29/09/2022,858,4.514887
29/09/2022,859,4.515594
29/09/2022,860,4.516302
29/09/2022,861,4.517009
29/09/2022,862,4.517717
29/09/2022,863,4.518425
29/09/2022,864,4.519132
29/09/2022,865,4.51984
29/09/2022,866,4.520547
29/09/2022,867,4.521255
29/09/2022,868,4.521963
29/09/2022,869,4.52267
29/09/2022,870,4.523378
29/09/2022,871,4.524085
29/09/2022,872,4.524793
29/09/2022,873,4.525501
29/09/2022,874,4.526208
29/09/2022,875,4.526916
29/09/2022,876,4.527623
29/09/2022,877,4.528331
29/09/2022,878,4.529039
29/09/2022,879,4.529746
29/09/2022,880,4.530454
29/09/2022,881,4.531162
29/09/2022,882,4.531869
29/09/2022,883,4.532577
29/09/2022,884,4.533284
29/09/2022,885,4.533992
29/09/2022,886,4.5347
29/09/2022,887,4.535407
29/09/2022,888,4.536115
29/09/2022,889,4.536822
29/09/2022,890,4.53753
29/09/2022,891,4.538238
29/09/2022,892,4.538945
29/09/2022,893,4.539653
29/09/2022,894,4.54036
29/09/2022,895,4.541068
29/09/2022,896,4.541776
29/09/2022,897,4.542483
29/09/2022,898,4.543191
29/09/2022,899,4.543899
29/09/2022,900,4.544606
29/09/2022,901,4.545314
29/09/2022,902,4.546021
29/09/2022,903,4.546729
29/09/2022,904,4.547437
29/09/2022,905,4.548144
29/09/2022,906,4.548852
29/09/2022,907,4.549559
29/09/2022,908,4.550267
29/09/2022,909,4.550975
29/09/2022,910,4.551682
29/09/2022,911,4.55239
29/09/2022,912,4.553097
29/09/2022,913,4.553805
29/09/2022,914,4.554513
29/09/2022,915,4.55522
29/09/2022,916,4.555928
29/09/2022,917,4.556636
29/09/2022,918,4.557343
29/09/2022,919,4.558051
29/09/2022,920,4.558758
29/09/2022,921,4.559466
29/09/2022,922,4.560174
29/09/2022,923,4.560881
29/09/2022,924,4.561589
29/09/2022,925,4.562296
29/09/2022,926,4.563004
29/09/2022,927,4.563712
29/09/2022,928,4.564419
29/09/2022,929,4.565127
29/09/2022,930,4.565834
29/09/2022,931,4.566542
29/09/2022,932,4.56725
29/09/2022,933,4.567957
29/09/2022,934,4.568665
29/09/2022,935,4.569372
29/09/2022,936,4.57008
29/09/2022,937,4.570788
29/09/2022,938,4.571495
29/09/2022,939,4.572203
29/09/2022,940,4.572911
29/09/2022,941,4.573618
29/09/2022,942,4.574326
29/09/2022,943,4.575033
29/09/2022,944,4.575741
29/09/2022,945,4.576449
29/09/2022,946,4.577156
29/09/2022,947,4.577864
29/09/2022,948,4.578571
29/09/2022,949,4.579279
29/09/2022,950,4.579987
29/09/2022,951,4.580694
29/09/2022,952,4.581402
29/09/2022,953,4.582109
29/09/2022,954,4.582817
29/09/2022,955,4.583525
29/09/2022,956,4.584232
29/09/2022,957,4.58494
29/09/2022,958,4.585648
29/09/2022,959,4.586355
29/09/2022,960,4.587063
29/09/2022,961,4.58777
29/09/2022,962,4.588478
29/09/2022,963,4.589186
29/09/2022,964,4.589893
29/09/2022,965,4.590601
29/09/2022,966,4.591308
29/09/2022,967,4.592016
29/09/2022,968,4.592724
29/09/2022,969,4.593431
29/09/2022,970,4.594139
29/09/2022,971,4.594846
29/09/2022,972,4.595554
29/09/2022,973,4.596262
29/09/2022,974,4.596969
29/09/2022,975,4.597677
29/09/2022,976,4.598385
29/09/2022,977,4.599092
29/09/2022,978,4.5998
29/09/2022,979,4.600507
29/09/2022,980,4.601215
29/09/2022,981,4.601923
29/09/2022,982,4.60263
29/09/2022,983,4.603338
29/09/2022,984,4.604045
29/09/2022,985,4.604753
29/09/2022,986,4.605461
29/09/2022,987,4.606168
29/09/2022,988,4.606876
29/09/2022,989,4.607583
29/09/2022,990,4.608291
29/09/2022,991,4.608999
29/09/2022,992,4.609706
29/09/2022,993,4.610414
29/09/2022,994,4.611121
29/09/2022,995,4.611829
29/09/2022,996,4.612537
29/09/2022,997,4.613244
29/09/2022,998,4.613952
29/09/2022,999,4.61466
29/09/2022,1000,4.615367
29/09/2022,1001,4.616075
29/09/2022,1002,4.616782
29/09/2022,1003,4.61749
29/09/2022,1004,4.618198
29/09/2022,1005,4.618905
29/09/2022,1006,4.619613
29/09/2022,1007,4.62032
29/09/2022,1008,4.621028
29/09/2022,1009,4.621736
29/09/2022,1010,4.622443
29/09/2022,1011,4.623151
29/09/2022,1012,4.623858
29/09/2022,1013,4.624566
29/09/2022,1014,4.625274
29/09/2022,1015,4.625981
29/09/2022,1016,4.626689
29/09/2022,1017,4.627397
29/09/2022,1018,4.628104
29/09/2022,1019,4.628812
29/09/2022,1020,4.629519
29/09/2022,1021,4.630227
29/09/2022,1022,4.630935
29/09/2022,1023,4.631642
29/09/2022,1024,4.63235
29/09/2022,1025,4.633057
29/09/2022,1026,4.633765
29/09/2022,1027,4.634473
29/09/2022,1028,4.63518
29/09/2022,1029,4.635888
29/09/2022,1030,4.636595
29/09/2022,1031,4.637303
29/09/2022,1032,4.638011
29/09/2022,1033,4.638718
29/09/2022,1034,4.639426
29/09/2022,1035,4.640134
29/09/2022,1036,4.640841
29/09/2022,1037,4.641549
29/09/2022,1038,4.642256
29/09/2022,1039,4.642964
29/09/2022,1040,4.643672
29/09/2022,1041,4.644379
29/09/2022,1042,4.645087
29/09/2022,1043,4.645794
29/09/2022,1044,4.646502
29/09/2022,1045,4.64721
29/09/2022,1046,4.647917
29/09/2022,1047,4.648625
29/09/2022,1048,4.649332
29/09/2022,1049,4.65004
29/09/2022,1050,4.650748
29/09/2022,1051,4.651455
29/09/2022,1052,4.652163
29/09/2022,1053,4.65287
29/09/2022,1054,4.653578
29/09/2022,1055,4.654286
29/09/2022,1056,4.654993
29/09/2022,1057,4.655701
29/09/2022,1058,4.656409
29/09/2022,1059,4.657116
29/09/2022,1060,4.657824
29/09/2022,1061,4.658531
29/09/2022,1062,4.659239
29/09/2022,1063,4.659947
29/09/2022,1064,4.660654
29/09/2022,1065,4.661362
29/09/2022,1066,4.662069
29/09/2022,1067,4.662777
29/09/2022,1068,4.663485
29/09/2022,1069,4.664192
29/09/2022,1070,4.6649
29/09/2022,1071,4.665607
29/09/2022,1072,4.666315
29/09/2022,1073,4.667023
29/09/2022,1074,4.66773
29/09/2022,1075,4.668438
29/09/2022,1076,4.669146
29/09/2022,1077,4.669853
29/09/2022,1078,4.670561
29/09/2022,1079,4.671268
29/09/2022,1080,4.671976
29/09/2022,1081,4.672684
29/09/2022,1082,4.673391
29/09/2022,1083,4.674099
29/09/2022,1084,4.674806
29/09/2022,1085,4.675514
29/09/2022,1086,4.676222
29/09/2022,1087,4.676929
29/09/2022,1088,4.677637
29/09/2022,1089,4.678344
29/09/2022,1090,4.679052
29/09/2022,1091,4.67976
29/09/2022,1092,4.680467
29/09/2022,1093,4.681175
29/09/2022,1094,4.681883
29/09/2022,1095,4.68259
29/09/2022,1096,4.683298
29/09/2022,1097,4.684005
29/09/2022,1098,4.684713
29/09/2022,1099,4.685421
29/09/2022,1100,4.686128
29/09/2022,1101,4.686836
29/09/2022,1102,4.687543
29/09/2022,1103,4.688251
29/09/2022,1104,4.688959
29/09/2022,1105,4.689666
29/09/2022,1106,4.690374
29/09/2022,1107,4.691081
29/09/2022,1108,4.691789
29/09/2022,1109,4.692497
29/09/2022,1110,4.693204
29/09/2022,1111,4.693912
29/09/2022,1112,4.694619
29/09/2022,1113,4.695327
29/09/2022,1114,4.696035
29/09/2022,1115,4.696742
29/09/2022,1116,4.69745
29/09/2022,1117,4.698158
29/09/2022,1118,4.698865
29/09/2022,1119,4.699573
29/09/2022,1120,4.70028
29/09/2022,1121,4.700988
29/09/2022,1122,4.701696
29/09/2022,1123,4.702403
29/09/2022,1124,4.703111
29/09/2022,1125,4.703818
29/09/2022,1126,4.704526
29/09/2022,1127,4.705234
29/09/2022,1128,4.705941
29/09/2022,1129,4.706649
29/09/2022,1130,4.707356
29/09/2022,1131,4.708064
29/09/2022,1132,4.708772
29/09/2022,1133,4.709479
29/09/2022,1134,4.710187
29/09/2022,1135,4.710895
29/09/2022,1136,4.711602
29/09/2022,1137,4.71231
29/09/2022,1138,4.713017
29/09/2022,1139,4.713725
29/09/2022,1140,4.714433
29/09/2022,1141,4.71514
29/09/2022,1142,4.715848
29/09/2022,1143,4.716555
29/09/2022,1144,4.717263
29/09/2022,1145,4.717971
29/09/2022,1146,4.718678
29/09/2022,1147,4.719386
29/09/2022,1148,4.720093
29/09/2022,1149,4.720801
29/09/2022,1150,4.721509
29/09/2022,1151,4.722216
29/09/2022,1152,4.722924
29/09/2022,1153,4.723632
29/09/2022,1154,4.724339
29/09/2022,1155,4.725047
29/09/2022,1156,4.725754
29/09/2022,1157,4.726462
29/09/2022,1158,4.72717
29/09/2022,1159,4.727877
29/09/2022,1160,4.728585
29/09/2022,1161,4.729292
29/09/2022,1162,4.73
29/09/2022,1163,4.729945
29/09/2022,1164,4.72989
29/09/2022,1165,4.729835
29/09/2022,1166,4.72978
29/09/2022,1167,4.729725
29/09/2022,1168,4.72967
29/09/2022,1169,4.729615
29/09/2022,1170,4.72956
29/09/2022,1171,4.729505
29/09/2022,1172,4.729451
29/09/2022,1173,4.729396
29/09/2022,1174,4.729341
29/09/2022,1175,4.729286
29/09/2022,1176,4.729231
29/09/2022,1177,4.729176
29/09/2022,1178,4.729121
29/09/2022,1179,4.729066
29/09/2022,1180,4.729011
29/09/2022,1181,4.728956
29/09/2022,1182,4.728901
29/09/2022,1183,4.728846
29/09/2022,1184,4.728791
29/09/2022,1185,4.728736
29/09/2022,1186,4.728681
29/09/2022,1187,4.728626
29/09/2022,1188,4.728571
29/09/2022,1189,4.728516
29/09/2022,1190,4.728462
29/09/2022,1191,4.728407
29/09/2022,1192,4.728352
29/09/2022,1193,4.728297
29/09/2022,1194,4.728242
29/09/2022,1195,4.728187
29/09/2022,1196,4.728132
29/09/2022,1197,4.728077
29/09/2022,1198,4.728022
29/09/2022,1199,4.727967
29/09/2022,1200,4.727912
29/09/2022,1201,4.727857
29/09/2022,1202,4.727802
29/09/2022,1203,4.727747
29/09/2022,1204,4.727692
29/09/2022,1205,4.727637
29/09/2022,1206,4.727582
29/09/2022,1207,4.727527
29/09/2022,1208,4.727473
29/09/2022,1209,4.727418
29/09/2022,1210,4.727363
29/09/2022,1211,4.727308
29/09/2022,1212,4.727253
29/09/2022,1213,4.727198
29/09/2022,1214,4.727143
29/09/2022,1215,4.727088
29/09/2022,1216,4.727033
29/09/2022,1217,4.726978
29/09/2022,1218,4.726923
29/09/2022,1219,4.726868
29/09/2022,1220,4.726813
29/09/2022,1221,4.726758
29/09/2022,1222,4.726703
29/09/2022,1223,4.726648
29/09/2022,1224,4.726593
29/09/2022,1225,4.726538
29/09/2022,1226,4.726484
29/09/2022,1227,4.726429
29/09/2022,1228,4.726374
29/09/2022,1229,4.726319
29/09/2022,1230,4.726264
29/09/2022,1231,4.726209
29/09/2022,1232,4.726154
29/09/2022,1233,4.726099
29/09/2022,1234,4.726044
29/09/2022,1235,4.725989
29/09/2022,1236,4.725934
29/09/2022,1237,4.725879
29/09/2022,1238,4.725824
29/09/2022,1239,4.725769
29/09/2022,1240,4.725714
29/09/2022,1241,4.725659
29/09/2022,1242,4.725604
29/09/2022,1243,4.725549
29/09/2022,1244,4.725495
29/09/2022,1245,4.72544
29/09/2022,1246,4.725385
29/09/2022,1247,4.72533
29/09/2022,1248,4.725275
29/09/2022,1249,4.72522
29/09/2022,1250,4.725165
29/09/2022,1251,4.72511
29/09/2022,1252,4.725055
29/09/2022,1253,4.725
29/09/2022,1254,4.724945
29/09/2022,1255,4.72489
29/09/2022,1256,4.724835
29/09/2022,1257,4.72478
29/09/2022,1258,4.724725
29/09/2022,1259,4.72467
29/09/2022,1260,4.724615
29/09/2022,1261,4.72456
29/09/2022,1262,4.724505
29/09/2022,1263,4.724451
29/09/2022,1264,4.724396
29/09/2022,1265,4.724341
29/09/2022,1266,4.724286
29/09/2022,1267,4.724231
29/09/2022,1268,4.724176
29/09/2022,1269,4.724121
29/09/2022,1270,4.724066
29/09/2022,1271,4.724011
29/09/2022,1272,4.723956
29/09/2022,1273,4.723901
29/09/2022,1274,4.723846
29/09/2022,1275,4.723791
29/09/2022,1276,4.723736
29/09/2022,1277,4.723681
29/09/2022,1278,4.723626
29/09/2022,1279,4.723571
29/09/2022,1280,4.723516
29/09/2022,1281,4.723462
29/09/2022,1282,4.723407
29/09/2022,1283,4.723352
29/09/2022,1284,4.723297
29/09/2022,1285,4.723242
29/09/2022,1286,4.723187
29/09/2022,1287,4.723132
29/09/2022,1288,4.723077
29/09/2022,1289,4.723022
29/09/2022,1290,4.722967
29/09/2022,1291,4.722912
29/09/2022,1292,4.722857
29/09/2022,1293,4.722802
29/09/2022,1294,4.722747
29/09/2022,1295,4.722692
29/09/2022,1296,4.722637
29/09/2022,1297,4.722582
29/09/2022,1298,4.722527
29/09/2022,1299,4.722473
29/09/2022,1300,4.722418
29/09/2022,1301,4.722363
29/09/2022,1302,4.722308
29/09/2022,1303,4.722253
29/09/2022,1304,4.722198
29/09/2022,1305,4.722143
29/09/2022,1306,4.722088
29/09/2022,1307,4.722033
29/09/2022,1308,4.721978
29/09/2022,1309,4.721923
29/09/2022,1310,4.721868
29/09/2022,1311,4.721813
29/09/2022,1312,4.721758
29/09/2022,1313,4.721703
29/09/2022,1314,4.721648
29/09/2022,1315,4.721593
29/09/2022,1316,4.721538
29/09/2022,1317,4.721484
29/09/2022,1318,4.721429
29/09/2022,1319,4.721374
29/09/2022,1320,4.721319
29/09/2022,1321,4.721264
29/09/2022,1322,4.721209
29/09/2022,1323,4.721154
29/09/2022,1324,4.721099
29/09/2022,1325,4.721044
29/09/2022,1326,4.720989
29/09/2022,1327,4.720934
29/09/2022,1328,4.720879
29/09/2022,1329,4.720824
29/09/2022,1330,4.720769
29/09/2022,1331,4.720714
29/09/2022,1332,4.720659
29/09/2022,1333,4.720604
29/09/2022,1334,4.720549
29/09/2022,1335,4.720495
29/09/2022,1336,4.72044
29/09/2022,1337,4.720385
29/09/2022,1338,4.72033
29/09/2022,1339,4.720275
29/09/2022,1340,4.72022
29/09/2022,1341,4.720165
29/09/2022,1342,4.72011
29/09/2022,1343,4.720055
29/09/2022,1344,4.72
29/09/2022,1345,4.719945
29/09/2022,1346,4.71989
29/09/2022,1347,4.719835
29/09/2022,1348,4.71978
29/09/2022,1349,4.719725
29/09/2022,1350,4.71967
29/09/2022,1351,4.719615
29/09/2022,1352,4.71956
29/09/2022,1353,4.719505
29/09/2022,1354,4.719451
29/09/2022,1355,4.719396
29/09/2022,1356,4.719341
29/09/2022,1357,4.719286
29/09/2022,1358,4.719231
29/09/2022,1359,4.719176
29/09/2022,1360,4.719121
29/09/2022,1361,4.719066
29/09/2022,1362,4.719011
29/09/2022,1363,4.718956
29/09/2022,1364,4.718901
29/09/2022,1365,4.718846
29/09/2022,1366,4.718791
29/09/2022,1367,4.718736
29/09/2022,1368,4.718681
29/09/2022,1369,4.718626
29/09/2022,1370,4.718571
29/09/2022,1371,4.718516
29/09/2022,1372,4.718462
29/09/2022,1373,4.718407
29/09/2022,1374,4.718352
29/09/2022,1375,4.718297
29/09/2022,1376,4.718242
29/09/2022,1377,4.718187
29/09/2022,1378,4.718132
29/09/2022,1379,4.718077
29/09/2022,1380,4.718022
29/09/2022,1381,4.717967
29/09/2022,1382,4.717912
29/09/2022,1383,4.717857
29/09/2022,1384,4.717802
29/09/2022,1385,4.717747
29/09/2022,1386,4.717692
29/09/2022,1387,4.717637
29/09/2022,1388,4.717582
29/09/2022,1389,4.717527
29/09/2022,1390,4.717473
29/09/2022,1391,4.717418
29/09/2022,1392,4.717363
29/09/2022,1393,4.717308
29/09/2022,1394,4.717253
29/09/2022,1395,4.717198
29/09/2022,1396,4.717143
29/09/2022,1397,4.717088
29/09/2022,1398,4.717033
29/09/2022,1399,4.716978
29/09/2022,1400,4.716923
29/09/2022,1401,4.716868
29/09/2022,1402,4.716813
29/09/2022,1403,4.716758
29/09/2022,1404,4.716703
29/09/2022,1405,4.716648
29/09/2022,1406,4.716593
29/09/2022,1407,4.716538
29/09/2022,1408,4.716484
29/09/2022,1409,4.716429
29/09/2022,1410,4.716374
29/09/2022,1411,4.716319
29/09/2022,1412,4.716264
29/09/2022,1413,4.716209
29/09/2022,1414,4.716154
29/09/2022,1415,4.716099
29/09/2022,1416,4.716044
29/09/2022,1417,4.715989
29/09/2022,1418,4.715934
29/09/2022,1419,4.715879
29/09/2022,1420,4.715824
29/09/2022,1421,4.715769
29/09/2022,1422,4.715714
29/09/2022,1423,4.715659
29/09/2022,1424,4.715604
29/09/2022,1425,4.715549
29/09/2022,1426,4.715495
29/09/2022,1427,4.71544
29/09/2022,1428,4.715385
29/09/2022,1429,4.71533
29/09/2022,1430,4.715275
29/09/2022,1431,4.71522
29/09/2022,1432,4.715165
29/09/2022,1433,4.71511
29/09/2022,1434,4.715055
29/09/2022,1435,4.715
29/09/2022,1436,4.714945
29/09/2022,1437,4.71489
29/09/2022,1438,4.714835
29/09/2022,1439,4.71478
29/09/2022,1440,4.714725
29/09/2022,1441,4.71467
29/09/2022,1442,4.714615
29/09/2022,1443,4.71456
29/09/2022,1444,4.714505
29/09/2022,1445,4.714451
29/09/2022,1446,4.714396
29/09/2022,1447,4.714341
29/09/2022,1448,4.714286
29/09/2022,1449,4.714231
29/09/2022,1450,4.714176
29/09/2022,1451,4.714121
29/09/2022,1452,4.714066
29/09/2022,1453,4.714011
29/09/2022,1454,4.713956
29/09/2022,1455,4.713901
29/09/2022,1456,4.713846
29/09/2022,1457,4.713791
29/09/2022,1458,4.713736
29/09/2022,1459,4.713681
29/09/2022,1460,4.713626
29/09/2022,1461,4.713571
29/09/2022,1462,4.713516
29/09/2022,1463,4.713462
29/09/2022,1464,4.713407
29/09/2022,1465,4.713352
29/09/2022,1466,4.713297
29/09/2022,1467,4.713242
29/09/2022,1468,4.713187
29/09/2022,1469,4.713132
29/09/2022,1470,4.713077
29/09/2022,1471,4.713022
29/09/2022,1472,4.712967
29/09/2022,1473,4.712912
29/09/2022,1474,4.712857
29/09/2022,1475,4.712802
29/09/2022,1476,4.712747
29/09/2022,1477,4.712692
29/09/2022,1478,4.712637
29/09/2022,1479,4.712582
29/09/2022,1480,4.712527
29/09/2022,1481,4.712473
29/09/2022,1482,4.712418
29/09/2022,1483,4.712363
29/09/2022,1484,4.712308
29/09/2022,1485,4.712253
29/09/2022,1486,4.712198
29/09/2022,1487,4.712143
29/09/2022,1488,4.712088
29/09/2022,1489,4.712033
29/09/2022,1490,4.711978
29/09/2022,1491,4.711923
29/09/2022,1492,4.711868
29/09/2022,1493,4.711813
29/09/2022,1494,4.711758
29/09/2022,1495,4.711703
29/09/2022,1496,4.711648
29/09/2022,1497,4.711593
29/09/2022,1498,4.711538
29/09/2022,1499,4.711484
29/09/2022,1500,4.711429
29/09/2022,1501,4.711374
29/09/2022,1502,4.711319
29/09/2022,1503,4.711264
29/09/2022,1504,4.711209
29/09/2022,1505,4.711154
29/09/2022,1506,4.711099
29/09/2022,1507,4.711044
29/09/2022,1508,4.710989
29/09/2022,1509,4.710934
29/09/2022,1510,4.710879
29/09/2022,1511,4.710824
29/09/2022,1512,4.710769
29/09/2022,1513,4.710714
29/09/2022,1514,4.710659
29/09/2022,1515,4.710604
29/09/2022,1516,4.710549
29/09/2022,1517,4.710495
29/09/2022,1518,4.71044
29/09/2022,1519,4.710385
29/09/2022,1520,4.71033
29/09/2022,1521,4.710275
29/09/2022,1522,4.71022
29/09/2022,1523,4.710165
29/09/2022,1524,4.71011
29/09/2022,1525,4.710055
29/09/2022,1526,4.71
29/09/2022,1527,4.709821
29/09/2022,1528,4.709643
29/09/2022,1529,4.709464
29/09/2022,1530,4.709286
29/09/2022,1531,4.709107
29/09/2022,1532,4.708929
29/09/2022,1533,4.70875
29/09/2022,1534,4.708571
29/09/2022,1535,4.708393
29/09/2022,1536,4.708214
29/09/2022,1537,4.708036
29/09/2022,1538,4.707857
29/09/2022,1539,4.707679
29/09/2022,1540,4.7075
29/09/2022,1541,4.707321
29/09/2022,1542,4.707143
29/09/2022,1543,4.706964
29/09/2022,1544,4.706786
29/09/2022,1545,4.706607
29/09/2022,1546,4.706429
29/09/2022,1547,4.70625
29/09/2022,1548,4.706071
29/09/2022,1549,4.705893
29/09/2022,1550,4.705714
29/09/2022,1551,4.705536
29/09/2022,1552,4.705357
29/09/2022,1553,4.705179
29/09/2022,1554,4.705
29/09/2022,1555,4.704821
29/09/2022,1556,4.704643
29/09/2022,1557,4.704464
29/09/2022,1558,4.704286
29/09/2022,1559,4.704107
29/09/2022,1560,4.703929
29/09/2022,1561,4.70375
29/09/2022,1562,4.703571
29/09/2022,1563,4.703393
29/09/2022,1564,4.703214
29/09/2022,1565,4.703036
29/09/2022,1566,4.702857
29/09/2022,1567,4.702679
29/09/2022,1568,4.7025
29/09/2022,1569,4.702321
29/09/2022,1570,4.702143
29/09/2022,1571,4.701964
29/09/2022,1572,4.701786
29/09/2022,1573,4.701607
29/09/2022,1574,4.701429
29/09/2022,1575,4.70125
29/09/2022,1576,4.701071
29/09/2022,1577,4.700893
29/09/2022,1578,4.700714
29/09/2022,1579,4.700536
29/09/2022,1580,4.700357
29/09/2022,1581,4.700179
29/09/2022,1582,4.7
29/09/2022,1583,4.699821
29/09/2022,1584,4.699643
29/09/2022,1585,4.699464
29/09/2022,1586,4.699286
29/09/2022,1587,4.699107
29/09/2022,1588,4.698929
29/09/2022,1589,4.69875
29/09/2022,1590,4.698571
29/09/2022,1591,4.698393
29/09/2022,1592,4.698214
29/09/2022,1593,4.698036
29/09/2022,1594,4.697857
29/09/2022,1595,4.697679
29/09/2022,1596,4.6975
29/09/2022,1597,4.697321
29/09/2022,1598,4.697143
29/09/2022,1599,4.696964
29/09/2022,1600,4.696786
29/09/2022,1601,4.696607
29/09/2022,1602,4.696429
29/09/2022,1603,4.69625
29/09/2022,1604,4.696071
29/09/2022,1605,4.695893
29/09/2022,1606,4.695714
29/09/2022,1607,4.695536
29/09/2022,1608,4.695357
29/09/2022,1609,4.695179
29/09/2022,1610,4.695
29/09/2022,1611,4.694821
29/09/2022,1612,4.694643
29/09/2022,1613,4.694464
29/09/2022,1614,4.694286
29/09/2022,1615,4.694107
29/09/2022,1616,4.693929
29/09/2022,1617,4.69375
29/09/2022,1618,4.693571
29/09/2022,1619,4.693393
29/09/2022,1620,4.693214
29/09/2022,1621,4.693036
29/09/2022,1622,4.692857
29/09/2022,1623,4.692679
29/09/2022,1624,4.6925
29/09/2022,1625,4.692321
29/09/2022,1626,4.692143
29/09/2022,1627,4.691964
29/09/2022,1628,4.691786
29/09/2022,1629,4.691607
29/09/2022,1630,4.691429
29/09/2022,1631,4.69125
29/09/2022,1632,4.691071
29/09/2022,1633,4.690893
29/09/2022,1634,4.690714
29/09/2022,1635,4.690536
29/09/2022,1636,4.690357
29/09/2022,1637,4.690179
29/09/2022,1638,4.69
29/09/2022,1639,4.689821
29/09/2022,1640,4.689643
29/09/2022,1641,4.689464
29/09/2022,1642,4.689286
29/09/2022,1643,4.689107
29/09/2022,1644,4.688929
29/09/2022,1645,4.68875
29/09/2022,1646,4.688571
29/09/2022,1647,4.688393
29/09/2022,1648,4.688214
29/09/2022,1649,4.688036
29/09/2022,1650,4.687857
29/09/2022,1651,4.687679
29/09/2022,1652,4.6875
29/09/2022,1653,4.687321
29/09/2022,1654,4.687143
29/09/2022,1655,4.686964
29/09/2022,1656,4.686786
29/09/2022,1657,4.686607
29/09/2022,1658,4.686429
29/09/2022,1659,4.68625
29/09/2022,1660,4.686071
29/09/2022,1661,4.685893
29/09/2022,1662,4.685714
29/09/2022,1663,4.685536
29/09/2022,1664,4.685357
29/09/2022,1665,4.685179
29/09/2022,1666,4.685
29/09/2022,1667,4.684821
29/09/2022,1668,4.684643
29/09/2022,1669,4.684464
29/09/2022,1670,4.684286
29/09/2022,1671,4.684107
29/09/2022,1672,4.683929
29/09/2022,1673,4.68375
29/09/2022,1674,4.683571
29/09/2022,1675,4.683393
29/09/2022,1676,4.683214
29/09/2022,1677,4.683036
29/09/2022,1678,4.682857
29/09/2022,1679,4.682679
29/09/2022,1680,4.6825
29/09/2022,1681,4.682321
29/09/2022,1682,4.682143
29/09/2022,1683,4.681964
29/09/2022,1684,4.681786
29/09/2022,1685,4.681607
29/09/2022,1686,4.681429
29/09/2022,1687,4.68125
29/09/2022,1688,4.681071
29/09/2022,1689,4.680893
29/09/2022,1690,4.680714
29/09/2022,1691,4.680536
29/09/2022,1692,4.680357
29/09/2022,1693,4.680179
29/09/2022,1694,4.68
29/09/2022,1695,4.679821
29/09/2022,1696,4.679643
29/09/2022,1697,4.679464
29/09/2022,1698,4.679286
29/09/2022,1699,4.679107
29/09/2022,1700,4.678929
29/09/2022,1701,4.67875
29/09/2022,1702,4.678571
29/09/2022,1703,4.678393
29/09/2022,1704,4.678214
29/09/2022,1705,4.678036
29/09/2022,1706,4.677857
29/09/2022,1707,4.677679
29/09/2022,1708,4.6775
29/09/2022,1709,4.677321
29/09/2022,1710,4.677143
29/09/2022,1711,4.676964
29/09/2022,1712,4.676786
29/09/2022,1713,4.676607
29/09/2022,1714,4.676429
29/09/2022,1715,4.67625
29/09/2022,1716,4.676071
29/09/2022,1717,4.675893
29/09/2022,1718,4.675714
29/09/2022,1719,4.675536
29/09/2022,1720,4.675357
29/09/2022,1721,4.675179
29/09/2022,1722,4.675
29/09/2022,1723,4.674821
29/09/2022,1724,4.674643
29/09/2022,1725,4.674464
29/09/2022,1726,4.674286
29/09/2022,1727,4.674107
29/09/2022,1728,4.673929
29/09/2022,1729,4.67375
29/09/2022,1730,4.673571
29/09/2022,1731,4.673393
29/09/2022,1732,4.673214
29/09/2022,1733,4.673036
29/09/2022,1734,4.672857
29/09/2022,1735,4.672679
29/09/2022,1736,4.6725
29/09/2022,1737,4.672321
29/09/2022,1738,4.672143
29/09/2022,1739,4.671964
29/09/2022,1740,4.671786
29/09/2022,1741,4.671607
29/09/2022,1742,4.671429
29/09/2022,1743,4.67125
29/09/2022,1744,4.671071
29/09/2022,1745,4.670893
29/09/2022,1746,4.670714
29/09/2022,1747,4.670536
29/09/2022,1748,4.670357
29/09/2022,1749,4.670179
29/09/2022,1750,4.67
29/09/2022,1751,4.669821
29/09/2022,1752,4.669643
29/09/2022,1753,4.669464
29/09/2022,1754,4.669286
29/09/2022,1755,4.669107
29/09/2022,1756,4.668929
29/09/2022,1757,4.66875
29/09/2022,1758,4.668571
29/09/2022,1759,4.668393
29/09/2022,1760,4.668214
29/09/2022,1761,4.668036
29/09/2022,1762,4.667857
29/09/2022,1763,4.667679
29/09/2022,1764,4.6675
29/09/2022,1765,4.667321
29/09/2022,1766,4.667143
29/09/2022,1767,4.666964
29/09/2022,1768,4.666786
29/09/2022,1769,4.666607
29/09/2022,1770,4.666429
29/09/2022,1771,4.66625
29/09/2022,1772,4.666071
29/09/2022,1773,4.665893
29/09/2022,1774,4.665714
29/09/2022,1775,4.665536
29/09/2022,1776,4.665357
29/09/2022,1777,4.665179
29/09/2022,1778,4.665
29/09/2022,1779,4.664821
29/09/2022,1780,4.664643
29/09/2022,1781,4.664464
29/09/2022,1782,4.664286
29/09/2022,1783,4.664107
29/09/2022,1784,4.663929
29/09/2022,1785,4.66375
29/09/2022,1786,4.663571
29/09/2022,1787,4.663393
29/09/2022,1788,4.663214
29/09/2022,1789,4.663036
29/09/2022,1790,4.662857
29/09/2022,1791,4.662679
29/09/2022,1792,4.6625
29/09/2022,1793,4.662321
29/09/2022,1794,4.662143
29/09/2022,1795,4.661964
29/09/2022,1796,4.661786
29/09/2022,1797,4.661607
29/09/2022,1798,4.661429
29/09/2022,1799,4.66125
29/09/2022,1800,4.661071
29/09/2022,1801,4.660893
29/09/2022,1802,4.660714
29/09/2022,1803,4.660536
29/09/2022,1804,4.660357
29/09/2022,1805,4.660179
29/09/2022,1806,4.66
29/09/2022,1807,4.659821
29/09/2022,1808,4.659643
29/09/2022,1809,4.659464
29/09/2022,1810,4.659286
29/09/2022,1811,4.659107
29/09/2022,1812,4.658929
29/09/2022,1813,4.65875
29/09/2022,1814,4.658571
29/09/2022,1815,4.658393
29/09/2022,1816,4.658214
29/09/2022,1817,4.658036
29/09/2022,1818,4.657857
29/09/2022,1819,4.657679
29/09/2022,1820,4.6575
29/09/2022,1821,4.657321
29/09/2022,1822,4.657143
29/09/2022,1823,4.656964
29/09/2022,1824,4.656786
29/09/2022,1825,4.656607
29/09/2022,1826,4.656429
29/09/2022,1827,4.65625
29/09/2022,1828,4.656071
29/09/2022,1829,4.655893
29/09/2022,1830,4.655714
29/09/2022,1831,4.655536
29/09/2022,1832,4.655357
29/09/2022,1833,4.655179
29/09/2022,1834,4.655
29/09/2022,1835,4.654821
29/09/2022,1836,4.654643
29/09/2022,1837,4.654464
29/09/2022,1838,4.654286
29/09/2022,1839,4.654107
29/09/2022,1840,4.653929
29/09/2022,1841,4.65375
29/09/2022,1842,4.653571
29/09/2022,1843,4.653393
29/09/2022,1844,4.653214
29/09/2022,1845,4.653036
29/09/2022,1846,4.652857
29/09/2022,1847,4.652679
29/09/2022,1848,4.6525
29/09/2022,1849,4.652321
29/09/2022,1850,4.652143
29/09/2022,1851,4.651964
29/09/2022,1852,4.651786
29/09/2022,1853,4.651607
29/09/2022,1854,4.651429
29/09/2022,1855,4.65125
29/09/2022,1856,4.651071
29/09/2022,1857,4.650893
29/09/2022,1858,4.650714
29/09/2022,1859,4.650536
29/09/2022,1860,4.650357
29/09/2022,1861,4.650179
29/09/2022,1862,4.65
29/09/2022,1863,4.649821
29/09/2022,1864,4.649643
29/09/2022,1865,4.649464
29/09/2022,1866,4.649286
29/09/2022,1867,4.649107
29/09/2022,1868,4.648929
29/09/2022,1869,4.64875
29/09/2022,1870,4.648571
29/09/2022,1871,4.648393
29/09/2022,1872,4.648214
29/09/2022,1873,4.648036
29/09/2022,1874,4.647857
29/09/2022,1875,4.647679
29/09/2022,1876,4.6475
29/09/2022,1877,4.647321
29/09/2022,1878,4.647143
29/09/2022,1879,4.646964
29/09/2022,1880,4.646786
29/09/2022,1881,4.646607
29/09/2022,1882,4.646429
29/09/2022,1883,4.64625
29/09/2022,1884,4.646071
29/09/2022,1885,4.645893
29/09/2022,1886,4.645714
29/09/2022,1887,4.645536
29/09/2022,1888,4.645357
29/09/2022,1889,4.645179
29/09/2022,1890,4.645
29/09/2022,1891,4.644821
29/09/2022,1892,4.644643
29/09/2022,1893,4.644464
29/09/2022,1894,4.644286
29/09/2022,1895,4.644107
29/09/2022,1896,4.643929
29/09/2022,1897,4.64375
29/09/2022,1898,4.643571
29/09/2022,1899,4.643393
29/09/2022,1900,4.643214
29/09/2022,1901,4.643036
29/09/2022,1902,4.642857
29/09/2022,1903,4.642679
29/09/2022,1904,4.6425
29/09/2022,1905,4.642321
29/09/2022,1906,4.642143
29/09/2022,1907,4.641964
29/09/2022,1908,4.641786
29/09/2022,1909,4.641607
29/09/2022,1910,4.641429
29/09/2022,1911,4.64125
29/09/2022,1912,4.641071
29/09/2022,1913,4.640893
29/09/2022,1914,4.640714
29/09/2022,1915,4.640536
29/09/2022,1916,4.640357
29/09/2022,1917,4.640179
29/09/2022,1918,4.64
29/09/2022,1919,4.639821
29/09/2022,1920,4.639643
29/09/2022,1921,4.639464
29/09/2022,1922,4.639286
29/09/2022,1923,4.639107
29/09/2022,1924,4.638929
29/09/2022,1925,4.63875
29/09/2022,1926,4.638571
29/09/2022,1927,4.638393
29/09/2022,1928,4.638214
29/09/2022,1929,4.638036
29/09/2022,1930,4.637857
29/09/2022,1931,4.637679
29/09/2022,1932,4.6375
29/09/2022,1933,4.637321
29/09/2022,1934,4.637143
29/09/2022,1935,4.636964
29/09/2022,1936,4.636786
29/09/2022,1937,4.636607
29/09/2022,1938,4.636429
29/09/2022,1939,4.63625
29/09/2022,1940,4.636071
29/09/2022,1941,4.635893
29/09/2022,1942,4.635714
29/09/2022,1943,4.635536
29/09/2022,1944,4.635357
29/09/2022,1945,4.635179
29/09/2022,1946,4.635
29/09/2022,1947,4.634821
29/09/2022,1948,4.634643
29/09/2022,1949,4.634464
29/09/2022,1950,4.634286
29/09/2022,1951,4.634107
29/09/2022,1952,4.633929
29/09/2022,1953,4.63375
29/09/2022,1954,4.633571
29/09/2022,1955,4.633393
29/09/2022,1956,4.633214
29/09/2022,1957,4.633036
29/09/2022,1958,4.632857
29/09/2022,1959,4.632679
29/09/2022,1960,4.6325
29/09/2022,1961,4.632321
29/09/2022,1962,4.632143
29/09/2022,1963,4.631964
29/09/2022,1964,4.631786
29/09/2022,1965,4.631607
29/09/2022,1966,4.631429
29/09/2022,1967,4.63125
29/09/2022,1968,4.631071
29/09/2022,1969,4.630893
29/09/2022,1970,4.630714
29/09/2022,1971,4.630536
29/09/2022,1972,4.630357
29/09/2022,1973,4.630179
29/09/2022,1974,4.63
29/09/2022,1975,4.629821
29/09/2022,1976,4.629643
29/09/2022,1977,4.629464
29/09/2022,1978,4.629286
29/09/2022,1979,4.629107
29/09/2022,1980,4.628929
29/09/2022,1981,4.62875
29/09/2022,1982,4.628571
29/09/2022,1983,4.628393
29/09/2022,1984,4.628214
29/09/2022,1985,4.628036
29/09/2022,1986,4.627857
29/09/2022,1987,4.627679
29/09/2022,1988,4.6275
29/09/2022,1989,4.627321
29/09/2022,1990,4.627143
29/09/2022,1991,4.626964
29/09/2022,1992,4.626786
29/09/2022,1993,4.626607
29/09/2022,1994,4.626429
29/09/2022,1995,4.62625
29/09/2022,1996,4.626071
29/09/2022,1997,4.625893
29/09/2022,1998,4.625714
29/09/2022,1999,4.625536
29/09/2022,2000,4.625357
29/09/2022,2001,4.625179
29/09/2022,2002,4.625
29/09/2022,2003,4.624821
29/09/2022,2004,4.624643
29/09/2022,2005,4.624464
29/09/2022,2006,4.624286
29/09/2022,2007,4.624107
29/09/2022,2008,4.623929
29/09/2022,2009,4.62375
29/09/2022,2010,4.623571
29/09/2022,2011,4.623393
29/09/2022,2012,4.623214
29/09/2022,2013,4.623036
29/09/2022,2014,4.622857
29/09/2022,2015,4.622679
29/09/2022,2016,4.6225
29/09/2022,2017,4.622321
29/09/2022,2018,4.622143
29/09/2022,2019,4.621964
29/09/2022,2020,4.621786
29/09/2022,2021,4.621607
29/09/2022,2022,4.621429
29/09/2022,2023,4.62125
29/09/2022,2024,4.621071
29/09/2022,2025,4.620893
29/09/2022,2026,4.620714
29/09/2022,2027,4.620536
29/09/2022,2028,4.620357
29/09/2022,2029,4.620179
29/09/2022,2030,4.62
29/09/2022,2031,4.619821
29/09/2022,2032,4.619643
29/09/2022,2033,4.619464
29/09/2022,2034,4.619286
29/09/2022,2035,4.619107
29/09/2022,2036,4.618929
29/09/2022,2037,4.61875
29/09/2022,2038,4.618571
29/09/2022,2039,4.618393
29/09/2022,2040,4.618214
29/09/2022,2041,4.618036
29/09/2022,2042,4.617857
29/09/2022,2043,4.617679
29/09/2022,2044,4.6175
29/09/2022,2045,4.617321
29/09/2022,2046,4.617143
29/09/2022,2047,4.616964
29/09/2022,2048,4.616786
29/09/2022,2049,4.616607
29/09/2022,2050,4.616429
29/09/2022,2051,4.61625
29/09/2022,2052,4.616071
29/09/2022,2053,4.615893
29/09/2022,2054,4.615714
29/09/2022,2055,4.615536
29/09/2022,2056,4.615357
29/09/2022,2057,4.615179
29/09/2022,2058,4.615
29/09/2022,2059,4.614821
29/09/2022,2060,4.614643
29/09/2022,2061,4.614464
29/09/2022,2062,4.614286
29/09/2022,2063,4.614107
29/09/2022,2064,4.613929
29/09/2022,2065,4.61375
29/09/2022,2066,4.613571
29/09/2022,2067,4.613393
29/09/2022,2068,4.613214
29/09/2022,2069,4.613036
29/09/2022,2070,4.612857
29/09/2022,2071,4.612679
29/09/2022,2072,4.6125
29/09/2022,2073,4.612321
29/09/2022,2074,4.612143
29/09/2022,2075,4.611964
29/09/2022,2076,4.611786
29/09/2022,2077,4.611607
29/09/2022,2078,4.611429
29/09/2022,2079,4.61125
29/09/2022,2080,4.611071
29/09/2022,2081,4.610893
29/09/2022,2082,4.610714
29/09/2022,2083,4.610536
29/09/2022,2084,4.610357
29/09/2022,2085,4.610179
29/09/2022,2086,4.61
29/09/2022,2087,4.609821
29/09/2022,2088,4.609643
29/09/2022,2089,4.609464
29/09/2022,2090,4.609286
29/09/2022,2091,4.609107
29/09/2022,2092,4.608929
29/09/2022,2093,4.60875
29/09/2022,2094,4.608571
29/09/2022,2095,4.608393
29/09/2022,2096,4.608214
29/09/2022,2097,4.608036
29/09/2022,2098,4.607857
29/09/2022,2099,4.607679
29/09/2022,2100,4.6075
29/09/2022,2101,4.607321
29/09/2022,2102,4.607143
29/09/2022,2103,4.606964
29/09/2022,2104,4.606786
29/09/2022,2105,4.606607
29/09/2022,2106,4.606429
29/09/2022,2107,4.60625
29/09/2022,2108,4.606071
29/09/2022,2109,4.605893
29/09/2022,2110,4.605714
29/09/2022,2111,4.605536
29/09/2022,2112,4.605357
29/09/2022,2113,4.605179
29/09/2022,2114,4.605
29/09/2022,2115,4.604821
29/09/2022,2116,4.604643
29/09/2022,2117,4.604464
29/09/2022,2118,4.604286
29/09/2022,2119,4.604107
29/09/2022,2120,4.603929
29/09/2022,2121,4.60375
29/09/2022,2122,4.603571
29/09/2022,2123,4.603393
29/09/2022,2124,4.603214
29/09/2022,2125,4.603036
29/09/2022,2126,4.602857
29/09/2022,2127,4.602679
29/09/2022,2128,4.6025
29/09/2022,2129,4.602321
29/09/2022,2130,4.602143
29/09/2022,2131,4.601964
29/09/2022,2132,4.601786
29/09/2022,2133,4.601607
29/09/2022,2134,4.601429
29/09/2022,2135,4.60125
29/09/2022,2136,4.601071
29/09/2022,2137,4.600893
29/09/2022,2138,4.600714
29/09/2022,2139,4.600536
29/09/2022,2140,4.600357
29/09/2022,2141,4.600179
29/09/2022,2142,4.6
29/09/2022,2143,4.599821
29/09/2022,2144,4.599643
29/09/2022,2145,4.599464
29/09/2022,2146,4.599286
29/09/2022,2147,4.599107
29/09/2022,2148,4.598929
29/09/2022,2149,4.59875
29/09/2022,2150,4.598571
29/09/2022,2151,4.598393
29/09/2022,2152,4.598214
29/09/2022,2153,4.598036
29/09/2022,2154,4.597857
29/09/2022,2155,4.597679
29/09/2022,2156,4.5975
29/09/2022,2157,4.597321
29/09/2022,2158,4.597143
29/09/2022,2159,4.596964
29/09/2022,2160,4.596786
29/09/2022,2161,4.596607
29/09/2022,2162,4.596429
29/09/2022,2163,4.59625
29/09/2022,2164,4.596071
29/09/2022,2165,4.595893
29/09/2022,2166,4.595714
29/09/2022,2167,4.595536
29/09/2022,2168,4.595357
29/09/2022,2169,4.595179
29/09/2022,2170,4.595
29/09/2022,2171,4.594821
29/09/2022,2172,4.594643
29/09/2022,2173,4.594464
29/09/2022,2174,4.594286
29/09/2022,2175,4.594107
29/09/2022,2176,4.593929
29/09/2022,2177,4.59375
29/09/2022,2178,4.593571
29/09/2022,2179,4.593393
29/09/2022,2180,4.593214
29/09/2022,2181,4.593036
29/09/2022,2182,4.592857
29/09/2022,2183,4.592679
29/09/2022,2184,4.5925
29/09/2022,2185,4.592321
29/09/2022,2186,4.592143
29/09/2022,2187,4.591964
29/09/2022,2188,4.591786
29/09/2022,2189,4.591607
29/09/2022,2190,4.591429
29/09/2022,2191,4.59125
29/09/2022,2192,4.591071
29/09/2022,2193,4.590893
29/09/2022,2194,4.590714
29/09/2022,2195,4.590536
29/09/2022,2196,4.590357
29/09/2022,2197,4.590179
29/09/2022,2198,4.59
29/09/2022,2199,4.589821
29/09/2022,2200,4.589643
29/09/2022,2201,4.589464
29/09/2022,2202,4.589286
29/09/2022,2203,4.589107
29/09/2022,2204,4.588929
29/09/2022,2205,4.58875
29/09/2022,2206,4.588571
29/09/2022,2207,4.588393
29/09/2022,2208,4.588214
29/09/2022,2209,4.588036
29/09/2022,2210,4.587857
29/09/2022,2211,4.587679
29/09/2022,2212,4.5875
29/09/2022,2213,4.587321
29/09/2022,2214,4.587143
29/09/2022,2215,4.586964
29/09/2022,2216,4.586786
29/09/2022,2217,4.586607
29/09/2022,2218,4.586429
29/09/2022,2219,4.58625
29/09/2022,2220,4.586071
29/09/2022,2221,4.585893
29/09/2022,2222,4.585714
29/09/2022,2223,4.585536
29/09/2022,2224,4.585357
29/09/2022,2225,4.585179
29/09/2022,2226,4.585
29/09/2022,2227,4.584821
29/09/2022,2228,4.584643
29/09/2022,2229,4.584464
29/09/2022,2230,4.584286
29/09/2022,2231,4.584107
29/09/2022,2232,4.583929
29/09/2022,2233,4.58375
29/09/2022,2234,4.583571
29/09/2022,2235,4.583393
29/09/2022,2236,4.583214
29/09/2022,2237,4.583036
29/09/2022,2238,4.582857
29/09/2022,2239,4.582679
29/09/2022,2240,4.5825
29/09/2022,2241,4.582321
29/09/2022,2242,4.582143
29/09/2022,2243,4.581964
29/09/2022,2244,4.581786
29/09/2022,2245,4.581607
29/09/2022,2246,4.581429
29/09/2022,2247,4.58125
29/09/2022,2248,4.581071
29/09/2022,2249,4.580893
29/09/2022,2250,4.580714
29/09/2022,2251,4.580536
29/09/2022,2252,4.580357
29/09/2022,2253,4.580179
29/09/2022,2254,4.58
29/09/2022,2255,4.579991
29/09/2022,2256,4.579982
29/09/2022,2257,4.579973
29/09/2022,2258,4.579963
29/09/2022,2259,4.579954
29/09/2022,2260,4.579945
29/09/2022,2261,4.579936
29/09/2022,2262,4.579927
29/09/2022,2263,4.579918
29/09/2022,2264,4.579908
29/09/2022,2265,4.579899
29/09/2022,2266,4.57989
29/09/2022,2267,4.579881
29/09/2022,2268,4.579872
29/09/2022,2269,4.579863
29/09/2022,2270,4.579853
29/09/2022,2271,4.579844
29/09/2022,2272,4.579835
29/09/2022,2273,4.579826
29/09/2022,2274,4.579817
29/09/2022,2275,4.579808
29/09/2022,2276,4.579799
29/09/2022,2277,4.579789
29/09/2022,2278,4.57978
29/09/2022,2279,4.579771
29/09/2022,2280,4.579762
29/09/2022,2281,4.579753
29/09/2022,2282,4.579744
29/09/2022,2283,4.579734
29/09/2022,2284,4.579725
29/09/2022,2285,4.579716
29/09/2022,2286,4.579707
29/09/2022,2287,4.579698
29/09/2022,2288,4.579689
29/09/2022,2289,4.579679
29/09/2022,2290,4.57967
29/09/2022,2291,4.579661
29/09/2022,2292,4.579652
29/09/2022,2293,4.579643
29/09/2022,2294,4.579634
29/09/2022,2295,4.579625
29/09/2022,2296,4.579615
29/09/2022,2297,4.579606
29/09/2022,2298,4.579597
29/09/2022,2299,4.579588
29/09/2022,2300,4.579579
29/09/2022,2301,4.57957
29/09/2022,2302,4.57956
29/09/2022,2303,4.579551
29/09/2022,2304,4.579542
29/09/2022,2305,4.579533
29/09/2022,2306,4.579524
29/09/2022,2307,4.579515
29/09/2022,2308,4.579505
29/09/2022,2309,4.579496
29/09/2022,2310,4.579487
29/09/2022,2311,4.579478
29/09/2022,2312,4.579469
29/09/2022,2313,4.57946
29/09/2022,2314,4.579451
29/09/2022,2315,4.579441
29/09/2022,2316,4.579432
29/09/2022,2317,4.579423
29/09/2022,2318,4.579414
29/09/2022,2319,4.579405
29/09/2022,2320,4.579396
29/09/2022,2321,4.579386
29/09/2022,2322,4.579377
29/09/2022,2323,4.579368
29/09/2022,2324,4.579359
29/09/2022,2325,4.57935
29/09/2022,2326,4.579341
29/09/2022,2327,4.579332
29/09/2022,2328,4.579322
29/09/2022,2329,4.579313
29/09/2022,2330,4.579304
29/09/2022,2331,4.579295
29/09/2022,2332,4.579286
29/09/2022,2333,4.579277
29/09/2022,2334,4.579267
29/09/2022,2335,4.579258
29/09/2022,2336,4.579249
29/09/2022,2337,4.57924
29/09/2022,2338,4.579231
29/09/2022,2339,4.579222
29/09/2022,2340,4.579212
29/09/2022,2341,4.579203
29/09/2022,2342,4.579194
29/09/2022,2343,4.579185
29/09/2022,2344,4.579176
29/09/2022,2345,4.579167
29/09/2022,2346,4.579158
29/09/2022,2347,4.579148
29/09/2022,2348,4.579139
29/09/2022,2349,4.57913
29/09/2022,2350,4.579121
29/09/2022,2351,4.579112
29/09/2022,2352,4.579103
29/09/2022,2353,4.579093
29/09/2022,2354,4.579084
29/09/2022,2355,4.579075
29/09/2022,2356,4.579066
29/09/2022,2357,4.579057
29/09/2022,2358,4.579048
29/09/2022,2359,4.579038
29/09/2022,2360,4.579029
29/09/2022,2361,4.57902
29/09/2022,2362,4.579011
29/09/2022,2363,4.579002
29/09/2022,2364,4.578993
29/09/2022,2365,4.578984
29/09/2022,2366,4.578974
29/09/2022,2367,4.578965
29/09/2022,2368,4.578956
29/09/2022,2369,4.578947
29/09/2022,2370,4.578938
29/09/2022,2371,4.578929
29/09/2022,2372,4.578919
29/09/2022,2373,4.57891
29/09/2022,2374,4.578901
29/09/2022,2375,4.578892
29/09/2022,2376,4.578883
29/09/2022,2377,4.578874
29/09/2022,2378,4.578864
29/09/2022,2379,4.578855
29/09/2022,2380,4.578846
29/09/2022,2381,4.578837
29/09/2022,2382,4.578828
29/09/2022,2383,4.578819
29/09/2022,2384,4.57881
29/09/2022,2385,4.5788
29/09/2022,2386,4.578791
29/09/2022,2387,4.578782
29/09/2022,2388,4.578773
29/09/2022,2389,4.578764
29/09/2022,2390,4.578755
29/09/2022,2391,4.578745
29/09/2022,2392,4.578736
29/09/2022,2393,4.578727
29/09/2022,2394,4.578718
29/09/2022,2395,4.578709
29/09/2022,2396,4.5787
29/09/2022,2397,4.57869
29/09/2022,2398,4.578681
29/09/2022,2399,4.578672
29/09/2022,2400,4.578663
29/09/2022,2401,4.578654
29/09/2022,2402,4.578645
29/09/2022,2403,4.578636
29/09/2022,2404,4.578626
29/09/2022,2405,4.578617
29/09/2022,2406,4.578608
29/09/2022,2407,4.578599
29/09/2022,2408,4.57859
29/09/2022,2409,4.578581
29/09/2022,2410,4.578571
29/09/2022,2411,4.578562
29/09/2022,2412,4.578553
29/09/2022,2413,4.578544
29/09/2022,2414,4.578535
29/09/2022,2415,4.578526
29/09/2022,2416,4.578516
29/09/2022,2417,4.578507
29/09/2022,2418,4.578498
29/09/2022,2419,4.578489
29/09/2022,2420,4.57848
29/09/2022,2421,4.578471
29/09/2022,2422,4.578462
29/09/2022,2423,4.578452
29/09/2022,2424,4.578443
29/09/2022,2425,4.578434
29/09/2022,2426,4.578425
29/09/2022,2427,4.578416
29/09/2022,2428,4.578407
29/09/2022,2429,4.578397
29/09/2022,2430,4.578388
29/09/2022,2431,4.578379
29/09/2022,2432,4.57837
29/09/2022,2433,4.578361
29/09/2022,2434,4.578352
29/09/2022,2435,4.578342
29/09/2022,2436,4.578333
29/09/2022,2437,4.578324
29/09/2022,2438,4.578315
29/09/2022,2439,4.578306
29/09/2022,2440,4.578297
29/09/2022,2441,4.578288
29/09/2022,2442,4.578278
29/09/2022,2443,4.578269
29/09/2022,2444,4.57826
29/09/2022,2445,4.578251
29/09/2022,2446,4.578242
29/09/2022,2447,4.578233
29/09/2022,2448,4.578223
29/09/2022,2449,4.578214
29/09/2022,2450,4.578205
29/09/2022,2451,4.578196
29/09/2022,2452,4.578187
29/09/2022,2453,4.578178
29/09/2022,2454,4.578168
29/09/2022,2455,4.578159
29/09/2022,2456,4.57815
29/09/2022,2457,4.578141
29/09/2022,2458,4.578132
29/09/2022,2459,4.578123
29/09/2022,2460,4.578114
29/09/2022,2461,4.578104
29/09/2022,2462,4.578095
29/09/2022,2463,4.578086
29/09/2022,2464,4.578077
29/09/2022,2465,4.578068
29/09/2022,2466,4.578059
29/09/2022,2467,4.578049
29/09/2022,2468,4.57804
29/09/2022,2469,4.578031
29/09/2022,2470,4.578022
29/09/2022,2471,4.578013
29/09/2022,2472,4.578004
29/09/2022,2473,4.577995
29/09/2022,2474,4.577985
29/09/2022,2475,4.577976
29/09/2022,2476,4.577967
29/09/2022,2477,4.577958
29/09/2022,2478,4.577949
29/09/2022,2479,4.57794
29/09/2022,2480,4.57793
29/09/2022,2481,4.577921
29/09/2022,2482,4.577912
29/09/2022,2483,4.577903
29/09/2022,2484,4.577894
29/09/2022,2485,4.577885
29/09/2022,2486,4.577875
29/09/2022,2487,4.577866
29/09/2022,2488,4.577857
29/09/2022,2489,4.577848
29/09/2022,2490,4.577839
29/09/2022,2491,4.57783
29/09/2022,2492,4.577821
29/09/2022,2493,4.577811
29/09/2022,2494,4.577802
29/09/2022,2495,4.577793
29/09/2022,2496,4.577784
29/09/2022,2497,4.577775
29/09/2022,2498,4.577766
29/09/2022,2499,4.577756
29/09/2022,2500,4.577747
29/09/2022,2501,4.577738
29/09/2022,2502,4.577729
29/09/2022,2503,4.57772
29/09/2022,2504,4.577711
29/09/2022,2505,4.577701
29/09/2022,2506,4.577692
29/09/2022,2507,4.577683
29/09/2022,2508,4.577674
29/09/2022,2509,4.577665
29/09/2022,2510,4.577656
29/09/2022,2511,4.577647
29/09/2022,2512,4.577637
29/09/2022,2513,4.577628
29/09/2022,2514,4.577619
29/09/2022,2515,4.57761
29/09/2022,2516,4.577601
29/09/2022,2517,4.577592
29/09/2022,2518,4.577582
29/09/2022,2519,4.577573
29/09/2022,2520,4.577564
29/09/2022,2521,4.577555
29/09/2022,2522,4.577546
29/09/2022,2523,4.577537
29/09/2022,2524,4.577527
29/09/2022,2525,4.577518
29/09/2022,2526,4.577509
29/09/2022,2527,4.5775
29/09/2022,2528,4.577491
29/09/2022,2529,4.577482
29/09/2022,2530,4.577473
29/09/2022,2531,4.577463
29/09/2022,2532,4.577454
29/09/2022,2533,4.577445
29/09/2022,2534,4.577436
29/09/2022,2535,4.577427
29/09/2022,2536,4.577418
29/09/2022,2537,4.577408
29/09/2022,2538,4.577399
29/09/2022,2539,4.57739
29/09/2022,2540,4.577381
29/09/2022,2541,4.577372
29/09/2022,2542,4.577363
29/09/2022,2543,4.577353
29/09/2022,2544,4.577344
29/09/2022,2545,4.577335
29/09/2022,2546,4.577326
29/09/2022,2547,4.577317
29/09/2022,2548,4.577308
29/09/2022,2549,4.577299
29/09/2022,2550,4.577289
29/09/2022,2551,4.57728
29/09/2022,2552,4.577271
29/09/2022,2553,4.577262
29/09/2022,2554,4.577253
29/09/2022,2555,4.577244
29/09/2022,2556,4.577234
29/09/2022,2557,4.577225
29/09/2022,2558,4.577216
29/09/2022,2559,4.577207
29/09/2022,2560,4.577198
29/09/2022,2561,4.577189
29/09/2022,2562,4.577179
29/09/2022,2563,4.57717
29/09/2022,2564,4.577161
29/09/2022,2565,4.577152
29/09/2022,2566,4.577143
29/09/2022,2567,4.577134
29/09/2022,2568,4.577125
29/09/2022,2569,4.577115
29/09/2022,2570,4.577106
29/09/2022,2571,4.577097
29/09/2022,2572,4.577088
29/09/2022,2573,4.577079
29/09/2022,2574,4.57707
29/09/2022,2575,4.57706
29/09/2022,2576,4.577051
29/09/2022,2577,4.577042
29/09/2022,2578,4.577033
29/09/2022,2579,4.577024
29/09/2022,2580,4.577015
29/09/2022,2581,4.577005
29/09/2022,2582,4.576996
29/09/2022,2583,4.576987
29/09/2022,2584,4.576978
29/09/2022,2585,4.576969
29/09/2022,2586,4.57696
29/09/2022,2587,4.576951
29/09/2022,2588,4.576941
29/09/2022,2589,4.576932
29/09/2022,2590,4.576923
29/09/2022,2591,4.576914
29/09/2022,2592,4.576905
29/09/2022,2593,4.576896
29/09/2022,2594,4.576886
29/09/2022,2595,4.576877
29/09/2022,2596,4.576868
29/09/2022,2597,4.576859
29/09/2022,2598,4.57685
29/09/2022,2599,4.576841
29/09/2022,2600,4.576832
29/09/2022,2601,4.576822
29/09/2022,2602,4.576813
29/09/2022,2603,4.576804
29/09/2022,2604,4.576795
29/09/2022,2605,4.576786
29/09/2022,2606,4.576777
29/09/2022,2607,4.576767
29/09/2022,2608,4.576758
29/09/2022,2609,4.576749
29/09/2022,2610,4.57674
29/09/2022,2611,4.576731
29/09/2022,2612,4.576722
29/09/2022,2613,4.576712
29/09/2022,2614,4.576703
29/09/2022,2615,4.576694
29/09/2022,2616,4.576685
29/09/2022,2617,4.576676
29/09/2022,2618,4.576667
29/09/2022,2619,4.576658
29/09/2022,2620,4.576648
29/09/2022,2621,4.576639
29/09/2022,2622,4.57663
29/09/2022,2623,4.576621
29/09/2022,2624,4.576612
29/09/2022,2625,4.576603
29/09/2022,2626,4.576593
29/09/2022,2627,4.576584
29/09/2022,2628,4.576575
29/09/2022,2629,4.576566
29/09/2022,2630,4.576557
29/09/2022,2631,4.576548
29/09/2022,2632,4.576538
29/09/2022,2633,4.576529
29/09/2022,2634,4.57652
29/09/2022,2635,4.576511
29/09/2022,2636,4.576502
29/09/2022,2637,4.576493
29/09/2022,2638,4.576484
29/09/2022,2639,4.576474
29/09/2022,2640,4.576465
29/09/2022,2641,4.576456
29/09/2022,2642,4.576447
29/09/2022,2643,4.576438
29/09/2022,2644,4.576429
29/09/2022,2645,4.576419
29/09/2022,2646,4.57641
29/09/2022,2647,4.576401
29/09/2022,2648,4.576392
29/09/2022,2649,4.576383
29/09/2022,2650,4.576374
29/09/2022,2651,4.576364
29/09/2022,2652,4.576355
29/09/2022,2653,4.576346
29/09/2022,2654,4.576337
29/09/2022,2655,4.576328
29/09/2022,2656,4.576319
29/09/2022,2657,4.57631
29/09/2022,2658,4.5763
29/09/2022,2659,4.576291
29/09/2022,2660,4.576282
29/09/2022,2661,4.576273
29/09/2022,2662,4.576264
29/09/2022,2663,4.576255
29/09/2022,2664,4.576245
29/09/2022,2665,4.576236
29/09/2022,2666,4.576227
29/09/2022,2667,4.576218
29/09/2022,2668,4.576209
29/09/2022,2669,4.5762
29/09/2022,2670,4.57619
29/09/2022,2671,4.576181
29/09/2022,2672,4.576172
29/09/2022,2673,4.576163
29/09/2022,2674,4.576154
29/09/2022,2675,4.576145
29/09/2022,2676,4.576136
29/09/2022,2677,4.576126
29/09/2022,2678,4.576117
29/09/2022,2679,4.576108
29/09/2022,2680,4.576099
29/09/2022,2681,4.57609
29/09/2022,2682,4.576081
29/09/2022,2683,4.576071
29/09/2022,2684,4.576062
29/09/2022,2685,4.576053
29/09/2022,2686,4.576044
29/09/2022,2687,4.576035
29/09/2022,2688,4.576026
29/09/2022,2689,4.576016
29/09/2022,2690,4.576007
29/09/2022,2691,4.575998
29/09/2022,2692,4.575989
29/09/2022,2693,4.57598
29/09/2022,2694,4.575971
29/09/2022,2695,4.575962
29/09/2022,2696,4.575952
29/09/2022,2697,4.575943
29/09/2022,2698,4.575934
29/09/2022,2699,4.575925
29/09/2022,2700,4.575916
29/09/2022,2701,4.575907
29/09/2022,2702,4.575897
29/09/2022,2703,4.575888
29/09/2022,2704,4.575879
29/09/2022,2705,4.57587
29/09/2022,2706,4.575861
29/09/2022,2707,4.575852
29/09/2022,2708,4.575842
29/09/2022,2709,4.575833
29/09/2022,2710,4.575824
29/09/2022,2711,4.575815
29/09/2022,2712,4.575806
29/09/2022,2713,4.575797
29/09/2022,2714,4.575788
29/09/2022,2715,4.575778
29/09/2022,2716,4.575769
29/09/2022,2717,4.57576
29/09/2022,2718,4.575751
29/09/2022,2719,4.575742
29/09/2022,2720,4.575733
29/09/2022,2721,4.575723
29/09/2022,2722,4.575714
29/09/2022,2723,4.575705
29/09/2022,2724,4.575696
29/09/2022,2725,4.575687
29/09/2022,2726,4.575678
29/09/2022,2727,4.575668
29/09/2022,2728,4.575659
29/09/2022,2729,4.57565
29/09/2022,2730,4.575641
29/09/2022,2731,4.575632
29/09/2022,2732,4.575623
29/09/2022,2733,4.575614
29/09/2022,2734,4.575604
29/09/2022,2735,4.575595
29/09/2022,2736,4.575586
29/09/2022,2737,4.575577
29/09/2022,2738,4.575568
29/09/2022,2739,4.575559
29/09/2022,2740,4.575549
29/09/2022,2741,4.57554
29/09/2022,2742,4.575531
29/09/2022,2743,4.575522
29/09/2022,2744,4.575513
29/09/2022,2745,4.575504
29/09/2022,2746,4.575495
29/09/2022,2747,4.575485
29/09/2022,2748,4.575476
29/09/2022,2749,4.575467
29/09/2022,2750,4.575458
29/09/2022,2751,4.575449
29/09/2022,2752,4.57544
29/09/2022,2753,4.57543
29/09/2022,2754,4.575421
29/09/2022,2755,4.575412
29/09/2022,2756,4.575403
29/09/2022,2757,4.575394
29/09/2022,2758,4.575385
29/09/2022,2759,4.575375
29/09/2022,2760,4.575366
29/09/2022,2761,4.575357
29/09/2022,2762,4.575348
29/09/2022,2763,4.575339
29/09/2022,2764,4.57533
29/09/2022,2765,4.575321
29/09/2022,2766,4.575311
29/09/2022,2767,4.575302
29/09/2022,2768,4.575293
29/09/2022,2769,4.575284
29/09/2022,2770,4.575275
29/09/2022,2771,4.575266
29/09/2022,2772,4.575256
29/09/2022,2773,4.575247
29/09/2022,2774,4.575238
29/09/2022,2775,4.575229
29/09/2022,2776,4.57522
29/09/2022,2777,4.575211
29/09/2022,2778,4.575201
29/09/2022,2779,4.575192
29/09/2022,2780,4.575183
29/09/2022,2781,4.575174
29/09/2022,2782,4.575165
29/09/2022,2783,4.575156
29/09/2022,2784,4.575147
29/09/2022,2785,4.575137
29/09/2022,2786,4.575128
29/09/2022,2787,4.575119
29/09/2022,2788,4.57511
29/09/2022,2789,4.575101
29/09/2022,2790,4.575092
29/09/2022,2791,4.575082
29/09/2022,2792,4.575073
29/09/2022,2793,4.575064
29/09/2022,2794,4.575055
29/09/2022,2795,4.575046
29/09/2022,2796,4.575037
29/09/2022,2797,4.575027
29/09/2022,2798,4.575018
29/09/2022,2799,4.575009
29/09/2022,2800,4.575
29/09/2022,2801,4.574991
29/09/2022,2802,4.574982
29/09/2022,2803,4.574973
29/09/2022,2804,4.574963
29/09/2022,2805,4.574954
29/09/2022,2806,4.574945
29/09/2022,2807,4.574936
29/09/2022,2808,4.574927
29/09/2022,2809,4.574918
29/09/2022,2810,4.574908
29/09/2022,2811,4.574899
29/09/2022,2812,4.57489
29/09/2022,2813,4.574881
29/09/2022,2814,4.574872
29/09/2022,2815,4.574863
29/09/2022,2816,4.574853
29/09/2022,2817,4.574844
29/09/2022,2818,4.574835
29/09/2022,2819,4.574826
29/09/2022,2820,4.574817
29/09/2022,2821,4.574808
29/09/2022,2822,4.574799
29/09/2022,2823,4.574789
29/09/2022,2824,4.57478
29/09/2022,2825,4.574771
29/09/2022,2826,4.574762
29/09/2022,2827,4.574753
29/09/2022,2828,4.574744
29/09/2022,2829,4.574734
29/09/2022,2830,4.574725
29/09/2022,2831,4.574716
29/09/2022,2832,4.574707
29/09/2022,2833,4.574698
29/09/2022,2834,4.574689
29/09/2022,2835,4.574679
29/09/2022,2836,4.57467
29/09/2022,2837,4.574661
29/09/2022,2838,4.574652
29/09/2022,2839,4.574643
29/09/2022,2840,4.574634
29/09/2022,2841,4.574625
29/09/2022,2842,4.574615
29/09/2022,2843,4.574606
29/09/2022,2844,4.574597
29/09/2022,2845,4.574588
29/09/2022,2846,4.574579
29/09/2022,2847,4.57457
29/09/2022,2848,4.57456
29/09/2022,2849,4.574551
29/09/2022,2850,4.574542
29/09/2022,2851,4.574533
29/09/2022,2852,4.574524
29/09/2022,2853,4.574515
29/09/2022,2854,4.574505
29/09/2022,2855,4.574496
29/09/2022,2856,4.574487
29/09/2022,2857,4.574478
29/09/2022,2858,4.574469
29/09/2022,2859,4.57446
29/09/2022,2860,4.574451
29/09/2022,2861,4.574441
29/09/2022,2862,4.574432
29/09/2022,2863,4.574423
29/09/2022,2864,4.574414
29/09/2022,2865,4.574405
29/09/2022,2866,4.574396
29/09/2022,2867,4.574386
29/09/2022,2868,4.574377
29/09/2022,2869,4.574368
29/09/2022,2870,4.574359
29/09/2022,2871,4.57435
29/09/2022,2872,4.574341
29/09/2022,2873,4.574332
29/09/2022,2874,4.574322
29/09/2022,2875,4.574313
29/09/2022,2876,4.574304
29/09/2022,2877,4.574295
29/09/2022,2878,4.574286
29/09/2022,2879,4.574277
29/09/2022,2880,4.574267
29/09/2022,2881,4.574258
29/09/2022,2882,4.574249
29/09/2022,2883,4.57424
29/09/2022,2884,4.574231
29/09/2022,2885,4.574222
29/09/2022,2886,4.574212
29/09/2022,2887,4.574203
29/09/2022,2888,4.574194
29/09/2022,2889,4.574185
29/09/2022,2890,4.574176
29/09/2022,2891,4.574167
29/09/2022,2892,4.574158
29/09/2022,2893,4.574148
29/09/2022,2894,4.574139
29/09/2022,2895,4.57413
29/09/2022,2896,4.574121
29/09/2022,2897,4.574112
29/09/2022,2898,4.574103
29/09/2022,2899,4.574093
29/09/2022,2900,4.574084
29/09/2022,2901,4.574075
29/09/2022,2902,4.574066
29/09/2022,2903,4.574057
29/09/2022,2904,4.574048
29/09/2022,2905,4.574038
29/09/2022,2906,4.574029
29/09/2022,2907,4.57402
29/09/2022,2908,4.574011
29/09/2022,2909,4.574002
29/09/2022,2910,4.573993
29/09/2022,2911,4.573984
29/09/2022,2912,4.573974
29/09/2022,2913,4.573965
29/09/2022,2914,4.573956
29/09/2022,2915,4.573947
29/09/2022,2916,4.573938
29/09/2022,2917,4.573929
29/09/2022,2918,4.573919
29/09/2022,2919,4.57391
29/09/2022,2920,4.573901
29/09/2022,2921,4.573892
29/09/2022,2922,4.573883
29/09/2022,2923,4.573874
29/09/2022,2924,4.573864
29/09/2022,2925,4.573855
29/09/2022,2926,4.573846
29/09/2022,2927,4.573837
29/09/2022,2928,4.573828
29/09/2022,2929,4.573819
29/09/2022,2930,4.57381
29/09/2022,2931,4.5738
29/09/2022,2932,4.573791
29/09/2022,2933,4.573782
29/09/2022,2934,4.573773
29/09/2022,2935,4.573764
29/09/2022,2936,4.573755
29/09/2022,2937,4.573745
29/09/2022,2938,4.573736
29/09/2022,2939,4.573727
29/09/2022,2940,4.573718
29/09/2022,2941,4.573709
29/09/2022,2942,4.5737
29/09/2022,2943,4.57369
29/09/2022,2944,4.573681
29/09/2022,2945,4.573672
29/09/2022,2946,4.573663
29/09/2022,2947,4.573654
29/09/2022,2948,4.573645
29/09/2022,2949,4.573636
29/09/2022,2950,4.573626
29/09/2022,2951,4.573617
29/09/2022,2952,4.573608
29/09/2022,2953,4.573599
29/09/2022,2954,4.57359
29/09/2022,2955,4.573581
29/09/2022,2956,4.573571
29/09/2022,2957,4.573562
29/09/2022,2958,4.573553
29/09/2022,2959,4.573544
29/09/2022,2960,4.573535
29/09/2022,2961,4.573526
29/09/2022,2962,4.573516
29/09/2022,2963,4.573507
29/09/2022,2964,4.573498
29/09/2022,2965,4.573489
29/09/2022,2966,4.57348
29/09/2022,2967,4.573471
29/09/2022,2968,4.573462
29/09/2022,2969,4.573452
29/09/2022,2970,4.573443
29/09/2022,2971,4.573434
29/09/2022,2972,4.573425
29/09/2022,2973,4.573416
29/09/2022,2974,4.573407
29/09/2022,2975,4.573397
29/09/2022,2976,4.573388
29/09/2022,2977,4.573379
29/09/2022,2978,4.57337
29/09/2022,2979,4.573361
29/09/2022,2980,4.573352
29/09/2022,2981,4.573342
29/09/2022,2982,4.573333
29/09/2022,2983,4.573324
29/09/2022,2984,4.573315
29/09/2022,2985,4.573306
29/09/2022,2986,4.573297
29/09/2022,2987,4.573288
29/09/2022,2988,4.573278
29/09/2022,2989,4.573269
29/09/2022,2990,4.57326
29/09/2022,2991,4.573251
29/09/2022,2992,4.573242
29/09/2022,2993,4.573233
29/09/2022,2994,4.573223
29/09/2022,2995,4.573214
29/09/2022,2996,4.573205
29/09/2022,2997,4.573196
29/09/2022,2998,4.573187
29/09/2022,2999,4.573178
29/09/2022,3000,4.573168
29/09/2022,3001,4.573159
29/09/2022,3002,4.57315
29/09/2022,3003,4.573141
29/09/2022,3004,4.573132
29/09/2022,3005,4.573123
29/09/2022,3006,4.573114
29/09/2022,3007,4.573104
29/09/2022,3008,4.573095
29/09/2022,3009,4.573086
29/09/2022,3010,4.573077
29/09/2022,3011,4.573068
29/09/2022,3012,4.573059
29/09/2022,3013,4.573049
29/09/2022,3014,4.57304
29/09/2022,3015,4.573031
29/09/2022,3016,4.573022
29/09/2022,3017,4.573013
29/09/2022,3018,4.573004
29/09/2022,3019,4.572995
29/09/2022,3020,4.572985
29/09/2022,3021,4.572976
29/09/2022,3022,4.572967
29/09/2022,3023,4.572958
29/09/2022,3024,4.572949
29/09/2022,3025,4.57294
29/09/2022,3026,4.57293
29/09/2022,3027,4.572921
29/09/2022,3028,4.572912
29/09/2022,3029,4.572903
29/09/2022,3030,4.572894
29/09/2022,3031,4.572885
29/09/2022,3032,4.572875
29/09/2022,3033,4.572866
29/09/2022,3034,4.572857
29/09/2022,3035,4.572848
29/09/2022,3036,4.572839
29/09/2022,3037,4.57283
29/09/2022,3038,4.572821
29/09/2022,3039,4.572811
29/09/2022,3040,4.572802
29/09/2022,3041,4.572793
29/09/2022,3042,4.572784
29/09/2022,3043,4.572775
29/09/2022,3044,4.572766
29/09/2022,3045,4.572756
29/09/2022,3046,4.572747
29/09/2022,3047,4.572738
29/09/2022,3048,4.572729
29/09/2022,3049,4.57272
29/09/2022,3050,4.572711
29/09/2022,3051,4.572701
29/09/2022,3052,4.572692
29/09/2022,3053,4.572683
29/09/2022,3054,4.572674
29/09/2022,3055,4.572665
29/09/2022,3056,4.572656
29/09/2022,3057,4.572647
29/09/2022,3058,4.572637
29/09/2022,3059,4.572628
29/09/2022,3060,4.572619
29/09/2022,3061,4.57261
29/09/2022,3062,4.572601
29/09/2022,3063,4.572592
29/09/2022,3064,4.572582
29/09/2022,3065,4.572573
29/09/2022,3066,4.572564
29/09/2022,3067,4.572555
29/09/2022,3068,4.572546
29/09/2022,3069,4.572537
29/09/2022,3070,4.572527
29/09/2022,3071,4.572518
29/09/2022,3072,4.572509
29/09/2022,3073,4.5725
29/09/2022,3074,4.572491
29/09/2022,3075,4.572482
29/09/2022,3076,4.572473
29/09/2022,3077,4.572463
29/09/2022,3078,4.572454
29/09/2022,3079,4.572445
29/09/2022,3080,4.572436
29/09/2022,3081,4.572427
29/09/2022,3082,4.572418
29/09/2022,3083,4.572408
29/09/2022,3084,4.572399
29/09/2022,3085,4.57239
29/09/2022,3086,4.572381
29/09/2022,3087,4.572372
29/09/2022,3088,4.572363
29/09/2022,3089,4.572353
29/09/2022,3090,4.572344
29/09/2022,3091,4.572335
29/09/2022,3092,4.572326
29/09/2022,3093,4.572317
29/09/2022,3094,4.572308
29/09/2022,3095,4.572299
29/09/2022,3096,4.572289
29/09/2022,3097,4.57228
29/09/2022,3098,4.572271
29/09/2022,3099,4.572262
29/09/2022,3100,4.572253
29/09/2022,3101,4.572244
29/09/2022,3102,4.572234
29/09/2022,3103,4.572225
29/09/2022,3104,4.572216
29/09/2022,3105,4.572207
29/09/2022,3106,4.572198
29/09/2022,3107,4.572189
29/09/2022,3108,4.572179
29/09/2022,3109,4.57217
29/09/2022,3110,4.572161
29/09/2022,3111,4.572152
29/09/2022,3112,4.572143
29/09/2022,3113,4.572134
29/09/2022,3114,4.572125
29/09/2022,3115,4.572115
29/09/2022,3116,4.572106
29/09/2022,3117,4.572097
29/09/2022,3118,4.572088
29/09/2022,3119,4.572079
29/09/2022,3120,4.57207
29/09/2022,3121,4.57206
29/09/2022,3122,4.572051
29/09/2022,3123,4.572042
29/09/2022,3124,4.572033
29/09/2022,3125,4.572024
29/09/2022,3126,4.572015
29/09/2022,3127,4.572005
29/09/2022,3128,4.571996
29/09/2022,3129,4.571987
29/09/2022,3130,4.571978
29/09/2022,3131,4.571969
29/09/2022,3132,4.57196
29/09/2022,3133,4.571951
29/09/2022,3134,4.571941
29/09/2022,3135,4.571932
29/09/2022,3136,4.571923
29/09/2022,3137,4.571914
29/09/2022,3138,4.571905
29/09/2022,3139,4.571896
29/09/2022,3140,4.571886
29/09/2022,3141,4.571877
29/09/2022,3142,4.571868
29/09/2022,3143,4.571859
29/09/2022,3144,4.57185
29/09/2022,3145,4.571841
29/09/2022,3146,4.571832
29/09/2022,3147,4.571822
29/09/2022,3148,4.571813
29/09/2022,3149,4.571804
29/09/2022,3150,4.571795
29/09/2022,3151,4.571786
29/09/2022,3152,4.571777
29/09/2022,3153,4.571767
29/09/2022,3154,4.571758
29/09/2022,3155,4.571749
29/09/2022,3156,4.57174
29/09/2022,3157,4.571731
29/09/2022,3158,4.571722
29/09/2022,3159,4.571712
29/09/2022,3160,4.571703
29/09/2022,3161,4.571694
29/09/2022,3162,4.571685
29/09/2022,3163,4.571676
29/09/2022,3164,4.571667
29/09/2022,3165,4.571658
29/09/2022,3166,4.571648
29/09/2022,3167,4.571639
29/09/2022,3168,4.57163
29/09/2022,3169,4.571621
29/09/2022,3170,4.571612
29/09/2022,3171,4.571603
29/09/2022,3172,4.571593
29/09/2022,3173,4.571584
29/09/2022,3174,4.571575
29/09/2022,3175,4.571566
29/09/2022,3176,4.571557
29/09/2022,3177,4.571548
29/09/2022,3178,4.571538
29/09/2022,3179,4.571529
29/09/2022,3180,4.57152
29/09/2022,3181,4.571511
29/09/2022,3182,4.571502
29/09/2022,3183,4.571493
29/09/2022,3184,4.571484
29/09/2022,3185,4.571474
29/09/2022,3186,4.571465
29/09/2022,3187,4.571456
29/09/2022,3188,4.571447
29/09/2022,3189,4.571438
29/09/2022,3190,4.571429
29/09/2022,3191,4.571419
29/09/2022,3192,4.57141
29/09/2022,3193,4.571401
29/09/2022,3194,4.571392
29/09/2022,3195,4.571383
29/09/2022,3196,4.571374
29/09/2022,3197,4.571364
29/09/2022,3198,4.571355
29/09/2022,3199,4.571346
29/09/2022,3200,4.571337
29/09/2022,3201,4.571328
29/09/2022,3202,4.571319
29/09/2022,3203,4.57131
29/09/2022,3204,4.5713
29/09/2022,3205,4.571291
29/09/2022,3206,4.571282
29/09/2022,3207,4.571273
29/09/2022,3208,4.571264
29/09/2022,3209,4.571255
29/09/2022,3210,4.571245
29/09/2022,3211,4.571236
29/09/2022,3212,4.571227
29/09/2022,3213,4.571218
29/09/2022,3214,4.571209
29/09/2022,3215,4.5712
29/09/2022,3216,4.57119
29/09/2022,3217,4.571181
29/09/2022,3218,4.571172
29/09/2022,3219,4.571163
29/09/2022,3220,4.571154
29/09/2022,3221,4.571145
29/09/2022,3222,4.571136
29/09/2022,3223,4.571126
29/09/2022,3224,4.571117
29/09/2022,3225,4.571108
29/09/2022,3226,4.571099
29/09/2022,3227,4.57109
29/09/2022,3228,4.571081
29/09/2022,3229,4.571071
29/09/2022,3230,4.571062
29/09/2022,3231,4.571053
29/09/2022,3232,4.571044
29/09/2022,3233,4.571035
29/09/2022,3234,4.571026
29/09/2022,3235,4.571016
29/09/2022,3236,4.571007
29/09/2022,3237,4.570998
29/09/2022,3238,4.570989
29/09/2022,3239,4.57098
29/09/2022,3240,4.570971
29/09/2022,3241,4.570962
29/09/2022,3242,4.570952
29/09/2022,3243,4.570943
29/09/2022,3244,4.570934
29/09/2022,3245,4.570925
29/09/2022,3246,4.570916
29/09/2022,3247,4.570907
29/09/2022,3248,4.570897
29/09/2022,3249,4.570888
29/09/2022,3250,4.570879
29/09/2022,3251,4.57087
29/09/2022,3252,4.570861
29/09/2022,3253,4.570852
29/09/2022,3254,4.570842
29/09/2022,3255,4.570833
29/09/2022,3256,4.570824
29/09/2022,3257,4.570815
29/09/2022,3258,4.570806
29/09/2022,3259,4.570797
29/09/2022,3260,4.570788
29/09/2022,3261,4.570778
29/09/2022,3262,4.570769
29/09/2022,3263,4.57076
29/09/2022,3264,4.570751
29/09/2022,3265,4.570742
29/09/2022,3266,4.570733
29/09/2022,3267,4.570723
29/09/2022,3268,4.570714
29/09/2022,3269,4.570705
29/09/2022,3270,4.570696
29/09/2022,3271,4.570687
29/09/2022,3272,4.570678
29/09/2022,3273,4.570668
29/09/2022,3274,4.570659
29/09/2022,3275,4.57065
29/09/2022,3276,4.570641
29/09/2022,3277,4.570632
29/09/2022,3278,4.570623
29/09/2022,3279,4.570614
29/09/2022,3280,4.570604
29/09/2022,3281,4.570595
29/09/2022,3282,4.570586
29/09/2022,3283,4.570577
29/09/2022,3284,4.570568
29/09/2022,3285,4.570559
29/09/2022,3286,4.570549
29/09/2022,3287,4.57054
29/09/2022,3288,4.570531
29/09/2022,3289,4.570522
29/09/2022,3290,4.570513
29/09/2022,3291,4.570504
29/09/2022,3292,4.570495
29/09/2022,3293,4.570485
29/09/2022,3294,4.570476
29/09/2022,3295,4.570467
29/09/2022,3296,4.570458
29/09/2022,3297,4.570449
29/09/2022,3298,4.57044
29/09/2022,3299,4.57043
29/09/2022,3300,4.570421
29/09/2022,3301,4.570412
29/09/2022,3302,4.570403
29/09/2022,3303,4.570394
29/09/2022,3304,4.570385
29/09/2022,3305,4.570375
29/09/2022,3306,4.570366
29/09/2022,3307,4.570357
29/09/2022,3308,4.570348
29/09/2022,3309,4.570339
29/09/2022,3310,4.57033
29/09/2022,3311,4.570321
29/09/2022,3312,4.570311
29/09/2022,3313,4.570302
29/09/2022,3314,4.570293
29/09/2022,3315,4.570284
29/09/2022,3316,4.570275
29/09/2022,3317,4.570266
29/09/2022,3318,4.570256
29/09/2022,3319,4.570247
29/09/2022,3320,4.570238
29/09/2022,3321,4.570229
29/09/2022,3322,4.57022
29/09/2022,3323,4.570211
29/09/2022,3324,4.570201
29/09/2022,3325,4.570192
29/09/2022,3326,4.570183
29/09/2022,3327,4.570174
29/09/2022,3328,4.570165
29/09/2022,3329,4.570156
29/09/2022,3330,4.570147
29/09/2022,3331,4.570137
29/09/2022,3332,4.570128
29/09/2022,3333,4.570119
29/09/2022,3334,4.57011
29/09/2022,3335,4.570101
29/09/2022,3336,4.570092
29/09/2022,3337,4.570082
29/09/2022,3338,4.570073
29/09/2022,3339,4.570064
29/09/2022,3340,4.570055
29/09/2022,3341,4.570046
29/09/2022,3342,4.570037
29/09/2022,3343,4.570027
29/09/2022,3344,4.570018
29/09/2022,3345,4.570009
29/09/2022,3346,4.57
29/09/2022,3347,4.570041
29/09/2022,3348,4.570082
29/09/2022,3349,4.570124
29/09/2022,3350,4.570165
29/09/2022,3351,4.570206
29/09/2022,3352,4.570247
29/09/2022,3353,4.570288
29/09/2022,3354,4.57033
29/09/2022,3355,4.570371
29/09/2022,3356,4.570412
29/09/2022,3357,4.570453
29/09/2022,3358,4.570495
29/09/2022,3359,4.570536
29/09/2022,3360,4.570577
29/09/2022,3361,4.570618
29/09/2022,3362,4.570659
29/09/2022,3363,4.570701
29/09/2022,3364,4.570742
29/09/2022,3365,4.570783
29/09/2022,3366,4.570824
29/09/2022,3367,4.570865
29/09/2022,3368,4.570907
29/09/2022,3369,4.570948
29/09/2022,3370,4.570989
29/09/2022,3371,4.57103
29/09/2022,3372,4.571071
29/09/2022,3373,4.571113
29/09/2022,3374,4.571154
29/09/2022,3375,4.571195
29/09/2022,3376,4.571236
29/09/2022,3377,4.571277
29/09/2022,3378,4.571319
29/09/2022,3379,4.57136
29/09/2022,3380,4.571401
29/09/2022,3381,4.571442
29/09/2022,3382,4.571484
29/09/2022,3383,4.571525
29/09/2022,3384,4.571566
29/09/2022,3385,4.571607
29/09/2022,3386,4.571648
29/09/2022,3387,4.57169
29/09/2022,3388,4.571731
29/09/2022,3389,4.571772
29/09/2022,3390,4.571813
29/09/2022,3391,4.571854
29/09/2022,3392,4.571896
29/09/2022,3393,4.571937
29/09/2022,3394,4.571978
29/09/2022,3395,4.572019
29/09/2022,3396,4.57206
29/09/2022,3397,4.572102
29/09/2022,3398,4.572143
29/09/2022,3399,4.572184
29/09/2022,3400,4.572225
29/09/2022,3401,4.572266
29/09/2022,3402,4.572308
29/09/2022,3403,4.572349
29/09/2022,3404,4.57239
29/09/2022,3405,4.572431
29/09/2022,3406,4.572473
29/09/2022,3407,4.572514
29/09/2022,3408,4.572555
29/09/2022,3409,4.572596
29/09/2022,3410,4.572637
29/09/2022,3411,4.572679
29/09/2022,3412,4.57272
29/09/2022,3413,4.572761
29/09/2022,3414,4.572802
29/09/2022,3415,4.572843
29/09/2022,3416,4.572885
29/09/2022,3417,4.572926
29/09/2022,3418,4.572967
29/09/2022,3419,4.573008
29/09/2022,3420,4.573049
29/09/2022,3421,4.573091
29/09/2022,3422,4.573132
29/09/2022,3423,4.573173
29/09/2022,3424,4.573214
29/09/2022,3425,4.573255
29/09/2022,3426,4.573297
29/09/2022,3427,4.573338
29/09/2022,3428,4.573379
29/09/2022,3429,4.57342
29/09/2022,3430,4.573462
29/09/2022,3431,4.573503
29/09/2022,3432,4.573544
29/09/2022,3433,4.573585
29/09/2022,3434,4.573626
29/09/2022,3435,4.573668
29/09/2022,3436,4.573709
29/09/2022,3437,4.57375
29/09/2022,3438,4.573791
29/09/2022,3439,4.573832
29/09/2022,3440,4.573874
29/09/2022,3441,4.573915
29/09/2022,3442,4.573956
29/09/2022,3443,4.573997
29/09/2022,3444,4.574038
29/09/2022,3445,4.57408
29/09/2022,3446,4.574121
29/09/2022,3447,4.574162
29/09/2022,3448,4.574203
29/09/2022,3449,4.574245
29/09/2022,3450,4.574286
29/09/2022,3451,4.574327
29/09/2022,3452,4.574368
29/09/2022,3453,4.574409
29/09/2022,3454,4.574451
29/09/2022,3455,4.574492
29/09/2022,3456,4.574533
29/09/2022,3457,4.574574
29/09/2022,3458,4.574615
29/09/2022,3459,4.574657
29/09/2022,3460,4.574698
29/09/2022,3461,4.574739
29/09/2022,3462,4.57478
29/09/2022,3463,4.574821
29/09/2022,3464,4.574863
29/09/2022,3465,4.574904
29/09/2022,3466,4.574945
29/09/2022,3467,4.574986
29/09/2022,3468,4.575027
29/09/2022,3469,4.575069
29/09/2022,3470,4.57511
29/09/2022,3471,4.575151
29/09/2022,3472,4.575192
29/09/2022,3473,4.575234
29/09/2022,3474,4.575275
29/09/2022,3475,4.575316
29/09/2022,3476,4.575357
29/09/2022,3477,4.575398
29/09/2022,3478,4.57544
29/09/2022,3479,4.575481
29/09/2022,3480,4.575522
29/09/2022,3481,4.575563
29/09/2022,3482,4.575604
29/09/2022,3483,4.575646
29/09/2022,3484,4.575687
29/09/2022,3485,4.575728
29/09/2022,3486,4.575769
29/09/2022,3487,4.57581
29/09/2022,3488,4.575852
29/09/2022,3489,4.575893
29/09/2022,3490,4.575934
29/09/2022,3491,4.575975
29/09/2022,3492,4.576016
29/09/2022,3493,4.576058
29/09/2022,3494,4.576099
29/09/2022,3495,4.57614
29/09/2022,3496,4.576181
29/09/2022,3497,4.576223
29/09/2022,3498,4.576264
29/09/2022,3499,4.576305
29/09/2022,3500,4.576346
29/09/2022,3501,4.576387
29/09/2022,3502,4.576429
29/09/2022,3503,4.57647
29/09/2022,3504,4.576511
29/09/2022,3505,4.576552
29/09/2022,3506,4.576593
29/09/2022,3507,4.576635
29/09/2022,3508,4.576676
29/09/2022,3509,4.576717
29/09/2022,3510,4.576758
29/09/2022,3511,4.576799
29/09/2022,3512,4.576841
29/09/2022,3513,4.576882
29/09/2022,3514,4.576923
29/09/2022,3515,4.576964
29/09/2022,3516,4.577005
29/09/2022,3517,4.577047
29/09/2022,3518,4.577088
29/09/2022,3519,4.577129
29/09/2022,3520,4.57717
29/09/2022,3521,4.577212
29/09/2022,3522,4.577253
29/09/2022,3523,4.577294
29/09/2022,3524,4.577335
29/09/2022,3525,4.577376
29/09/2022,3526,4.577418
29/09/2022,3527,4.577459
29/09/2022,3528,4.5775
29/09/2022,3529,4.577541
29/09/2022,3530,4.577582
29/09/2022,3531,4.577624
29/09/2022,3532,4.577665
29/09/2022,3533,4.577706
29/09/2022,3534,4.577747
29/09/2022,3535,4.577788
29/09/2022,3536,4.57783
29/09/2022,3537,4.577871
29/09/2022,3538,4.577912
29/09/2022,3539,4.577953
29/09/2022,3540,4.577995
29/09/2022,3541,4.578036
29/09/2022,3542,4.578077
29/09/2022,3543,4.578118
29/09/2022,3544,4.578159
29/09/2022,3545,4.578201
29/09/2022,3546,4.578242
29/09/2022,3547,4.578283
29/09/2022,3548,4.578324
29/09/2022,3549,4.578365
29/09/2022,3550,4.578407
29/09/2022,3551,4.578448
29/09/2022,3552,4.578489
29/09/2022,3553,4.57853
29/09/2022,3554,4.578571
29/09/2022,3555,4.578613
29/09/2022,3556,4.578654
29/09/2022,3557,4.578695
29/09/2022,3558,4.578736
29/09/2022,3559,4.578777
29/09/2022,3560,4.578819
29/09/2022,3561,4.57886
29/09/2022,3562,4.578901
29/09/2022,3563,4.578942
29/09/2022,3564,4.578984
29/09/2022,3565,4.579025
29/09/2022,3566,4.579066
29/09/2022,3567,4.579107
29/09/2022,3568,4.579148
29/09/2022,3569,4.57919
29/09/2022,3570,4.579231
29/09/2022,3571,4.579272
29/09/2022,3572,4.579313
29/09/2022,3573,4.579354
29/09/2022,3574,4.579396
29/09/2022,3575,4.579437
29/09/2022,3576,4.579478
29/09/2022,3577,4.579519
29/09/2022,3578,4.57956
29/09/2022,3579,4.579602
29/09/2022,3580,4.579643
29/09/2022,3581,4.579684
29/09/2022,3582,4.579725
29/09/2022,3583,4.579766
29/09/2022,3584,4.579808
29/09/2022,3585,4.579849
29/09/2022,3586,4.57989
29/09/2022,3587,4.579931
29/09/2022,3588,4.579973
29/09/2022,3589,4.580014
29/09/2022,3590,4.580055
29/09/2022,3591,4.580096
29/09/2022,3592,4.580137
29/09/2022,3593,4.580179
29/09/2022,3594,4.58022
29/09/2022,3595,4.580261
29/09/2022,3596,4.580302
29/09/2022,3597,4.580343
29/09/2022,3598,4.580385
29/09/2022,3599,4.580426
29/09/2022,3600,4.580467
29/09/2022,3601,4.580508
29/09/2022,3602,4.580549
29/09/2022,3603,4.580591
29/09/2022,3604,4.580632
29/09/2022,3605,4.580673
29/09/2022,3606,4.580714
29/09/2022,3607,4.580755
29/09/2022,3608,4.580797
29/09/2022,3609,4.580838
29/09/2022,3610,4.580879
29/09/2022,3611,4.58092
29/09/2022,3612,4.580962
29/09/2022,3613,4.581003
29/09/2022,3614,4.581044
29/09/2022,3615,4.581085
29/09/2022,3616,4.581126
29/09/2022,3617,4.581168
29/09/2022,3618,4.581209
29/09/2022,3619,4.58125
29/09/2022,3620,4.581291
29/09/2022,3621,4.581332
29/09/2022,3622,4.581374
29/09/2022,3623,4.581415
29/09/2022,3624,4.581456
29/09/2022,3625,4.581497
29/09/2022,3626,4.581538
29/09/2022,3627,4.58158
29/09/2022,3628,4.581621
29/09/2022,3629,4.581662
29/09/2022,3630,4.581703
29/09/2022,3631,4.581745
29/09/2022,3632,4.581786
29/09/2022,3633,4.581827
29/09/2022,3634,4.581868
29/09/2022,3635,4.581909
29/09/2022,3636,4.581951
29/09/2022,3637,4.581992
29/09/2022,3638,4.582033
29/09/2022,3639,4.582074
29/09/2022,3640,4.582115
29/09/2022,3641,4.582157
29/09/2022,3642,4.582198
29/09/2022,3643,4.582239
29/09/2022,3644,4.58228
29/09/2022,3645,4.582321
29/09/2022,3646,4.582363
29/09/2022,3647,4.582404
29/09/2022,3648,4.582445
29/09/2022,3649,4.582486
29/09/2022,3650,4.582527
29/09/2022,3651,4.582569
29/09/2022,3652,4.58261
29/09/2022,3653,4.582651
29/09/2022,3654,4.582692
29/09/2022,3655,4.582734
29/09/2022,3656,4.582775
29/09/2022,3657,4.582816
29/09/2022,3658,4.582857
29/09/2022,3659,4.582898
29/09/2022,3660,4.58294
29/09/2022,3661,4.582981
29/09/2022,3662,4.583022
29/09/2022,3663,4.583063
29/09/2022,3664,4.583104
29/09/2022,3665,4.583146
29/09/2022,3666,4.583187
29/09/2022,3667,4.583228
29/09/2022,3668,4.583269
29/09/2022,3669,4.58331
29/09/2022,3670,4.583352
29/09/2022,3671,4.583393
29/09/2022,3672,4.583434
29/09/2022,3673,4.583475
29/09/2022,3674,4.583516
29/09/2022,3675,4.583558
29/09/2022,3676,4.583599
29/09/2022,3677,4.58364
29/09/2022,3678,4.583681
29/09/2022,3679,4.583723
29/09/2022,3680,4.583764
29/09/2022,3681,4.583805
29/09/2022,3682,4.583846
29/09/2022,3683,4.583887
29/09/2022,3684,4.583929
29/09/2022,3685,4.58397
29/09/2022,3686,4.584011
29/09/2022,3687,4.584052
29/09/2022,3688,4.584093
29/09/2022,3689,4.584135
29/09/2022,3690,4.584176
29/09/2022,3691,4.584217
29/09/2022,3692,4.584258
29/09/2022,3693,4.584299
29/09/2022,3694,4.584341
29/09/2022,3695,4.584382
29/09/2022,3696,4.584423
29/09/2022,3697,4.584464
29/09/2022,3698,4.584505
29/09/2022,3699,4.584547
29/09/2022,3700,4.584588
29/09/2022,3701,4.584629
29/09/2022,3702,4.58467
29/09/2022,3703,4.584712
29/09/2022,3704,4.584753
29/09/2022,3705,4.584794
29/09/2022,3706,4.584835
29/09/2022,3707,4.584876
29/09/2022,3708,4.584918
29/09/2022,3709,4.584959
29/09/2022,3710,4.585
29/09/2022,3711,4.585041
29/09/2022,3712,4.585082
29/09/2022,3713,4.585124
29/09/2022,3714,4.585165
29/09/2022,3715,4.585206
29/09/2022,3716,4.585247
29/09/2022,3717,4.585288
29/09/2022,3718,4.58533
29/09/2022,3719,4.585371
29/09/2022,3720,4.585412
29/09/2022,3721,4.585453
29/09/2022,3722,4.585495
29/09/2022,3723,4.585536
29/09/2022,3724,4.585577
29/09/2022,3725,4.585618
29/09/2022,3726,4.585659
29/09/2022,3727,4.585701
29/09/2022,3728,4.585742
29/09/2022,3729,4.585783
29/09/2022,3730,4.585824
29/09/2022,3731,4.585865
29/09/2022,3732,4.585907
29/09/2022,3733,4.585948
29/09/2022,3734,4.585989
29/09/2022,3735,4.58603
29/09/2022,3736,4.586071
29/09/2022,3737,4.586113
29/09/2022,3738,4.586154
29/09/2022,3739,4.586195
29/09/2022,3740,4.586236
29/09/2022,3741,4.586277
29/09/2022,3742,4.586319
29/09/2022,3743,4.58636
29/09/2022,3744,4.586401
29/09/2022,3745,4.586442
29/09/2022,3746,4.586484
29/09/2022,3747,4.586525
29/09/2022,3748,4.586566
29/09/2022,3749,4.586607
29/09/2022,3750,4.586648
29/09/2022,3751,4.58669
29/09/2022,3752,4.586731
29/09/2022,3753,4.586772
29/09/2022,3754,4.586813
29/09/2022,3755,4.586854
29/09/2022,3756,4.586896
29/09/2022,3757,4.586937
29/09/2022,3758,4.586978
29/09/2022,3759,4.587019
29/09/2022,3760,4.58706
29/09/2022,3761,4.587102
29/09/2022,3762,4.587143
29/09/2022,3763,4.587184
29/09/2022,3764,4.587225
29/09/2022,3765,4.587266
29/09/2022,3766,4.587308
29/09/2022,3767,4.587349
29/09/2022,3768,4.58739
29/09/2022,3769,4.587431
29/09/2022,3770,4.587473
29/09/2022,3771,4.587514
29/09/2022,3772,4.587555
29/09/2022,3773,4.587596
29/09/2022,3774,4.587637
29/09/2022,3775,4.587679
29/09/2022,3776,4.58772
29/09/2022,3777,4.587761
29/09/2022,3778,4.587802
29/09/2022,3779,4.587843
29/09/2022,3780,4.587885
29/09/2022,3781,4.587926
29/09/2022,3782,4.587967
29/09/2022,3783,4.588008
29/09/2022,3784,4.588049
29/09/2022,3785,4.588091
29/09/2022,3786,4.588132
29/09/2022,3787,4.588173
29/09/2022,3788,4.588214
29/09/2022,3789,4.588255
29/09/2022,3790,4.588297
29/09/2022,3791,4.588338
29/09/2022,3792,4.588379
29/09/2022,3793,4.58842
29/09/2022,3794,4.588462
29/09/2022,3795,4.588503
29/09/2022,3796,4.588544
29/09/2022,3797,4.588585
29/09/2022,3798,4.588626
29/09/2022,3799,4.588668
29/09/2022,3800,4.588709
29/09/2022,3801,4.58875
29/09/2022,3802,4.588791
29/09/2022,3803,4.588832
29/09/2022,3804,4.588874
29/09/2022,3805,4.588915
29/09/2022,3806,4.588956
29/09/2022,3807,4.588997
29/09/2022,3808,4.589038
29/09/2022,3809,4.58908
29/09/2022,3810,4.589121
29/09/2022,3811,4.589162
29/09/2022,3812,4.589203
29/09/2022,3813,4.589245
29/09/2022,3814,4.589286
29/09/2022,3815,4.589327
29/09/2022,3816,4.589368
29/09/2022,3817,4.589409
29/09/2022,3818,4.589451
29/09/2022,3819,4.589492
29/09/2022,3820,4.589533
29/09/2022,3821,4.589574
29/09/2022,3822,4.589615
29/09/2022,3823,4.589657
29/09/2022,3824,4.589698
29/09/2022,3825,4.589739
29/09/2022,3826,4.58978
29/09/2022,3827,4.589821
29/09/2022,3828,4.589863
29/09/2022,3829,4.589904
29/09/2022,3830,4.589945
29/09/2022,3831,4.589986
29/09/2022,3832,4.590027
29/09/2022,3833,4.590069
29/09/2022,3834,4.59011
29/09/2022,3835,4.590151
29/09/2022,3836,4.590192
29/09/2022,3837,4.590234
29/09/2022,3838,4.590275
29/09/2022,3839,4.590316
29/09/2022,3840,4.590357
29/09/2022,3841,4.590398
29/09/2022,3842,4.59044
29/09/2022,3843,4.590481
29/09/2022,3844,4.590522
29/09/2022,3845,4.590563
29/09/2022,3846,4.590604
29/09/2022,3847,4.590646
29/09/2022,3848,4.590687
29/09/2022,3849,4.590728
29/09/2022,3850,4.590769
29/09/2022,3851,4.59081
29/09/2022,3852,4.590852
29/09/2022,3853,4.590893
29/09/2022,3854,4.590934
29/09/2022,3855,4.590975
29/09/2022,3856,4.591016
29/09/2022,3857,4.591058
29/09/2022,3858,4.591099
29/09/2022,3859,4.59114
29/09/2022,3860,4.591181
29/09/2022,3861,4.591223
29/09/2022,3862,4.591264
29/09/2022,3863,4.591305
29/09/2022,3864,4.591346
29/09/2022,3865,4.591387
29/09/2022,3866,4.591429
29/09/2022,3867,4.59147
29/09/2022,3868,4.591511
29/09/2022,3869,4.591552
29/09/2022,3870,4.591593
29/09/2022,3871,4.591635
29/09/2022,3872,4.591676
29/09/2022,3873,4.591717
29/09/2022,3874,4.591758
29/09/2022,3875,4.591799
29/09/2022,3876,4.591841
29/09/2022,3877,4.591882
29/09/2022,3878,4.591923
29/09/2022,3879,4.591964
29/09/2022,3880,4.592005
29/09/2022,3881,4.592047
29/09/2022,3882,4.592088
29/09/2022,3883,4.592129
29/09/2022,3884,4.59217
29/09/2022,3885,4.592212
29/09/2022,3886,4.592253
29/09/2022,3887,4.592294
29/09/2022,3888,4.592335
29/09/2022,3889,4.592376
29/09/2022,3890,4.592418
29/09/2022,3891,4.592459
29/09/2022,3892,4.5925
29/09/2022,3893,4.592541
29/09/2022,3894,4.592582
29/09/2022,3895,4.592624
29/09/2022,3896,4.592665
29/09/2022,3897,4.592706
29/09/2022,3898,4.592747
29/09/2022,3899,4.592788
29/09/2022,3900,4.59283
29/09/2022,3901,4.592871
29/09/2022,3902,4.592912
29/09/2022,3903,4.592953
29/09/2022,3904,4.592995
29/09/2022,3905,4.593036
29/09/2022,3906,4.593077
29/09/2022,3907,4.593118
29/09/2022,3908,4.593159
29/09/2022,3909,4.593201
29/09/2022,3910,4.593242
29/09/2022,3911,4.593283
29/09/2022,3912,4.593324
29/09/2022,3913,4.593365
29/09/2022,3914,4.593407
29/09/2022,3915,4.593448
29/09/2022,3916,4.593489
29/09/2022,3917,4.59353
29/09/2022,3918,4.593571
29/09/2022,3919,4.593613
29/09/2022,3920,4.593654
29/09/2022,3921,4.593695
29/09/2022,3922,4.593736
29/09/2022,3923,4.593777
29/09/2022,3924,4.593819
29/09/2022,3925,4.59386
29/09/2022,3926,4.593901
29/09/2022,3927,4.593942
29/09/2022,3928,4.593984
29/09/2022,3929,4.594025
29/09/2022,3930,4.594066
29/09/2022,3931,4.594107
29/09/2022,3932,4.594148
29/09/2022,3933,4.59419
29/09/2022,3934,4.594231
29/09/2022,3935,4.594272
29/09/2022,3936,4.594313
29/09/2022,3937,4.594354
29/09/2022,3938,4.594396
29/09/2022,3939,4.594437
29/09/2022,3940,4.594478
29/09/2022,3941,4.594519
29/09/2022,3942,4.59456
29/09/2022,3943,4.594602
29/09/2022,3944,4.594643
29/09/2022,3945,4.594684
29/09/2022,3946,4.594725
29/09/2022,3947,4.594766
29/09/2022,3948,4.594808
29/09/2022,3949,4.594849
29/09/2022,3950,4.59489
29/09/2022,3951,4.594931
29/09/2022,3952,4.594973
29/09/2022,3953,4.595014
29/09/2022,3954,4.595055
29/09/2022,3955,4.595096
29/09/2022,3956,4.595137
29/09/2022,3957,4.595179
29/09/2022,3958,4.59522
29/09/2022,3959,4.595261
29/09/2022,3960,4.595302
29/09/2022,3961,4.595343
29/09/2022,3962,4.595385
29/09/2022,3963,4.595426
29/09/2022,3964,4.595467
29/09/2022,3965,4.595508
29/09/2022,3966,4.595549
29/09/2022,3967,4.595591
29/09/2022,3968,4.595632
29/09/2022,3969,4.595673
29/09/2022,3970,4.595714
29/09/2022,3971,4.595755
29/09/2022,3972,4.595797
29/09/2022,3973,4.595838
29/09/2022,3974,4.595879
29/09/2022,3975,4.59592
29/09/2022,3976,4.595962
29/09/2022,3977,4.596003
29/09/2022,3978,4.596044
29/09/2022,3979,4.596085
29/09/2022,3980,4.596126
29/09/2022,3981,4.596168
29/09/2022,3982,4.596209
29/09/2022,3983,4.59625
29/09/2022,3984,4.596291
29/09/2022,3985,4.596332
29/09/2022,3986,4.596374
29/09/2022,3987,4.596415
29/09/2022,3988,4.596456
29/09/2022,3989,4.596497
29/09/2022,3990,4.596538
29/09/2022,3991,4.59658
29/09/2022,3992,4.596621
29/09/2022,3993,4.596662
29/09/2022,3994,4.596703
29/09/2022,3995,4.596745
29/09/2022,3996,4.596786
29/09/2022,3997,4.596827
29/09/2022,3998,4.596868
29/09/2022,3999,4.596909
29/09/2022,4000,4.596951
29/09/2022,4001,4.596992
29/09/2022,4002,4.597033
29/09/2022,4003,4.597074
29/09/2022,4004,4.597115
29/09/2022,4005,4.597157
29/09/2022,4006,4.597198
29/09/2022,4007,4.597239
29/09/2022,4008,4.59728
29/09/2022,4009,4.597321
29/09/2022,4010,4.597363
29/09/2022,4011,4.597404
29/09/2022,4012,4.597445
29/09/2022,4013,4.597486
29/09/2022,4014,4.597527
29/09/2022,4015,4.597569
29/09/2022,4016,4.59761
29/09/2022,4017,4.597651
29/09/2022,4018,4.597692
29/09/2022,4019,4.597734
29/09/2022,4020,4.597775
29/09/2022,4021,4.597816
29/09/2022,4022,4.597857
29/09/2022,4023,4.597898
29/09/2022,4024,4.59794
29/09/2022,4025,4.597981
29/09/2022,4026,4.598022
29/09/2022,4027,4.598063
29/09/2022,4028,4.598104
29/09/2022,4029,4.598146
29/09/2022,4030,4.598187
29/09/2022,4031,4.598228
29/09/2022,4032,4.598269
29/09/2022,4033,4.59831
29/09/2022,4034,4.598352
29/09/2022,4035,4.598393
29/09/2022,4036,4.598434
29/09/2022,4037,4.598475
29/09/2022,4038,4.598516
29/09/2022,4039,4.598558
29/09/2022,4040,4.598599
29/09/2022,4041,4.59864
29/09/2022,4042,4.598681
29/09/2022,4043,4.598723
29/09/2022,4044,4.598764
29/09/2022,4045,4.598805
29/09/2022,4046,4.598846
29/09/2022,4047,4.598887
29/09/2022,4048,4.598929
29/09/2022,4049,4.59897
29/09/2022,4050,4.599011
29/09/2022,4051,4.599052
29/09/2022,4052,4.599093
29/09/2022,4053,4.599135
29/09/2022,4054,4.599176
29/09/2022,4055,4.599217
29/09/2022,4056,4.599258
29/09/2022,4057,4.599299
29/09/2022,4058,4.599341
29/09/2022,4059,4.599382
29/09/2022,4060,4.599423
29/09/2022,4061,4.599464
29/09/2022,4062,4.599505
29/09/2022,4063,4.599547
29/09/2022,4064,4.599588
29/09/2022,4065,4.599629
29/09/2022,4066,4.59967
29/09/2022,4067,4.599712
29/09/2022,4068,4.599753
29/09/2022,4069,4.599794
29/09/2022,4070,4.599835
29/09/2022,4071,4.599876
29/09/2022,4072,4.599918
29/09/2022,4073,4.599959
29/09/2022,4074,4.6
29/09/2022,4075,4.600041
29/09/2022,4076,4.600082
29/09/2022,4077,4.600124
29/09/2022,4078,4.600165
29/09/2022,4079,4.600206
29/09/2022,4080,4.600247
29/09/2022,4081,4.600288
29/09/2022,4082,4.60033
29/09/2022,4083,4.600371
29/09/2022,4084,4.600412
29/09/2022,4085,4.600453
29/09/2022,4086,4.600495
29/09/2022,4087,4.600536
29/09/2022,4088,4.600577
29/09/2022,4089,4.600618
29/09/2022,4090,4.600659
29/09/2022,4091,4.600701
29/09/2022,4092,4.600742
29/09/2022,4093,4.600783
29/09/2022,4094,4.600824
29/09/2022,4095,4.600865
29/09/2022,4096,4.600907
29/09/2022,4097,4.600948
29/09/2022,4098,4.600989
29/09/2022,4099,4.60103
29/09/2022,4100,4.601071
29/09/2022,4101,4.601113
29/09/2022,4102,4.601154
29/09/2022,4103,4.601195
29/09/2022,4104,4.601236
29/09/2022,4105,4.601277
29/09/2022,4106,4.601319
29/09/2022,4107,4.60136
29/09/2022,4108,4.601401
29/09/2022,4109,4.601442
29/09/2022,4110,4.601484
29/09/2022,4111,4.601525
29/09/2022,4112,4.601566
29/09/2022,4113,4.601607
29/09/2022,4114,4.601648
29/09/2022,4115,4.60169
29/09/2022,4116,4.601731
29/09/2022,4117,4.601772
29/09/2022,4118,4.601813
29/09/2022,4119,4.601854
29/09/2022,4120,4.601896
29/09/2022,4121,4.601937
29/09/2022,4122,4.601978
29/09/2022,4123,4.602019
29/09/2022,4124,4.60206
29/09/2022,4125,4.602102
29/09/2022,4126,4.602143
29/09/2022,4127,4.602184
29/09/2022,4128,4.602225
29/09/2022,4129,4.602266
29/09/2022,4130,4.602308
29/09/2022,4131,4.602349
29/09/2022,4132,4.60239
29/09/2022,4133,4.602431
29/09/2022,4134,4.602473
29/09/2022,4135,4.602514
29/09/2022,4136,4.602555
29/09/2022,4137,4.602596
29/09/2022,4138,4.602637
29/09/2022,4139,4.602679
29/09/2022,4140,4.60272
29/09/2022,4141,4.602761
29/09/2022,4142,4.602802
29/09/2022,4143,4.602843
29/09/2022,4144,4.602885
29/09/2022,4145,4.602926
29/09/2022,4146,4.602967
29/09/2022,4147,4.603008
29/09/2022,4148,4.603049
29/09/2022,4149,4.603091
29/09/2022,4150,4.603132
29/09/2022,4151,4.603173
29/09/2022,4152,4.603214
29/09/2022,4153,4.603255
29/09/2022,4154,4.603297
29/09/2022,4155,4.603338
29/09/2022,4156,4.603379
29/09/2022,4157,4.60342
29/09/2022,4158,4.603462
29/09/2022,4159,4.603503
29/09/2022,4160,4.603544
29/09/2022,4161,4.603585
29/09/2022,4162,4.603626
29/09/2022,4163,4.603668
29/09/2022,4164,4.603709
29/09/2022,4165,4.60375
29/09/2022,4166,4.603791
29/09/2022,4167,4.603832
29/09/2022,4168,4.603874
29/09/2022,4169,4.603915
29/09/2022,4170,4.603956
29/09/2022,4171,4.603997
29/09/2022,4172,4.604038
29/09/2022,4173,4.60408
29/09/2022,4174,4.604121
29/09/2022,4175,4.604162
29/09/2022,4176,4.604203
29/09/2022,4177,4.604245
29/09/2022,4178,4.604286
29/09/2022,4179,4.604327
29/09/2022,4180,4.604368
29/09/2022,4181,4.604409
29/09/2022,4182,4.604451
29/09/2022,4183,4.604492
29/09/2022,4184,4.604533
29/09/2022,4185,4.604574
29/09/2022,4186,4.604615
29/09/2022,4187,4.604657
29/09/2022,4188,4.604698
29/09/2022,4189,4.604739
29/09/2022,4190,4.60478
29/09/2022,4191,4.604821
29/09/2022,4192,4.604863
29/09/2022,4193,4.604904
29/09/2022,4194,4.604945
29/09/2022,4195,4.604986
29/09/2022,4196,4.605027
29/09/2022,4197,4.605069
29/09/2022,4198,4.60511
29/09/2022,4199,4.605151
29/09/2022,4200,4.605192
29/09/2022,4201,4.605234
29/09/2022,4202,4.605275
29/09/2022,4203,4.605316
29/09/2022,4204,4.605357
29/09/2022,4205,4.605398
29/09/2022,4206,4.60544
29/09/2022,4207,4.605481
29/09/2022,4208,4.605522
29/09/2022,4209,4.605563
29/09/2022,4210,4.605604
29/09/2022,4211,4.605646
29/09/2022,4212,4.605687
29/09/2022,4213,4.605728
29/09/2022,4214,4.605769
29/09/2022,4215,4.60581
29/09/2022,4216,4.605852
29/09/2022,4217,4.605893
29/09/2022,4218,4.605934
29/09/2022,4219,4.605975
29/09/2022,4220,4.606016
29/09/2022,4221,4.606058
29/09/2022,4222,4.606099
29/09/2022,4223,4.60614
29/09/2022,4224,4.606181
29/09/2022,4225,4.606223
29/09/2022,4226,4.606264
29/09/2022,4227,4.606305
29/09/2022,4228,4.606346
29/09/2022,4229,4.606387
29/09/2022,4230,4.606429
29/09/2022,4231,4.60647
29/09/2022,4232,4.606511
29/09/2022,4233,4.606552
29/09/2022,4234,4.606593
29/09/2022,4235,4.606635
29/09/2022,4236,4.606676
29/09/2022,4237,4.606717
29/09/2022,4238,4.606758
29/09/2022,4239,4.606799
29/09/2022,4240,4.606841
29/09/2022,4241,4.606882
29/09/2022,4242,4.606923
29/09/2022,4243,4.606964
29/09/2022,4244,4.607005
29/09/2022,4245,4.607047
29/09/2022,4246,4.607088
29/09/2022,4247,4.607129
29/09/2022,4248,4.60717
29/09/2022,4249,4.607212
29/09/2022,4250,4.607253
29/09/2022,4251,4.607294
29/09/2022,4252,4.607335
29/09/2022,4253,4.607376
29/09/2022,4254,4.607418
29/09/2022,4255,4.607459
29/09/2022,4256,4.6075
29/09/2022,4257,4.607541
29/09/2022,4258,4.607582
29/09/2022,4259,4.607624
29/09/2022,4260,4.607665
29/09/2022,4261,4.607706
29/09/2022,4262,4.607747
29/09/2022,4263,4.607788
29/09/2022,4264,4.60783
29/09/2022,4265,4.607871
29/09/2022,4266,4.607912
29/09/2022,4267,4.607953
29/09/2022,4268,4.607995
29/09/2022,4269,4.608036
29/09/2022,4270,4.608077
29/09/2022,4271,4.608118
29/09/2022,4272,4.608159
29/09/2022,4273,4.608201
29/09/2022,4274,4.608242
29/09/2022,4275,4.608283
29/09/2022,4276,4.608324
29/09/2022,4277,4.608365
29/09/2022,4278,4.608407
29/09/2022,4279,4.608448
29/09/2022,4280,4.608489
29/09/2022,4281,4.60853
29/09/2022,4282,4.608571
29/09/2022,4283,4.608613
29/09/2022,4284,4.608654
29/09/2022,4285,4.608695
29/09/2022,4286,4.608736
29/09/2022,4287,4.608777
29/09/2022,4288,4.608819
29/09/2022,4289,4.60886
29/09/2022,4290,4.608901
29/09/2022,4291,4.608942
29/09/2022,4292,4.608984
29/09/2022,4293,4.609025
29/09/2022,4294,4.609066
29/09/2022,4295,4.609107
29/09/2022,4296,4.609148
29/09/2022,4297,4.60919
29/09/2022,4298,4.609231
29/09/2022,4299,4.609272
29/09/2022,4300,4.609313
29/09/2022,4301,4.609354
29/09/2022,4302,4.609396
29/09/2022,4303,4.609437
29/09/2022,4304,4.609478
29/09/2022,4305,4.609519
29/09/2022,4306,4.60956
29/09/2022,4307,4.609602
29/09/2022,4308,4.609643
29/09/2022,4309,4.609684
29/09/2022,4310,4.609725
29/09/2022,4311,4.609766
29/09/2022,4312,4.609808
29/09/2022,4313,4.609849
29/09/2022,4314,4.60989
29/09/2022,4315,4.609931
29/09/2022,4316,4.609973
29/09/2022,4317,4.610014
29/09/2022,4318,4.610055
29/09/2022,4319,4.610096
29/09/2022,4320,4.610137
29/09/2022,4321,4.610179
29/09/2022,4322,4.61022
29/09/2022,4323,4.610261
29/09/2022,4324,4.610302
29/09/2022,4325,4.610343
29/09/2022,4326,4.610385
29/09/2022,4327,4.610426
29/09/2022,4328,4.610467
29/09/2022,4329,4.610508
29/09/2022,4330,4.610549
29/09/2022,4331,4.610591
29/09/2022,4332,4.610632
29/09/2022,4333,4.610673
29/09/2022,4334,4.610714
29/09/2022,4335,4.610755
29/09/2022,4336,4.610797
29/09/2022,4337,4.610838
29/09/2022,4338,4.610879
29/09/2022,4339,4.61092
29/09/2022,4340,4.610962
29/09/2022,4341,4.611003
29/09/2022,4342,4.611044
29/09/2022,4343,4.611085
29/09/2022,4344,4.611126
29/09/2022,4345,4.611168
29/09/2022,4346,4.611209
29/09/2022,4347,4.61125
29/09/2022,4348,4.611291
29/09/2022,4349,4.611332
29/09/2022,4350,4.611374
29/09/2022,4351,4.611415
29/09/2022,4352,4.611456
29/09/2022,4353,4.611497
29/09/2022,4354,4.611538
29/09/2022,4355,4.61158
29/09/2022,4356,4.611621
29/09/2022,4357,4.611662
29/09/2022,4358,4.611703
29/09/2022,4359,4.611745
29/09/2022,4360,4.611786
29/09/2022,4361,4.611827
29/09/2022,4362,4.611868
29/09/2022,4363,4.611909
29/09/2022,4364,4.611951
29/09/2022,4365,4.611992
29/09/2022,4366,4.612033
29/09/2022,4367,4.612074
29/09/2022,4368,4.612115
29/09/2022,4369,4.612157
29/09/2022,4370,4.612198
29/09/2022,4371,4.612239
29/09/2022,4372,4.61228
29/09/2022,4373,4.612321
29/09/2022,4374,4.612363
29/09/2022,4375,4.612404
29/09/2022,4376,4.612445
29/09/2022,4377,4.612486
29/09/2022,4378,4.612527
29/09/2022,4379,4.612569
29/09/2022,4380,4.61261
29/09/2022,4381,4.612651
29/09/2022,4382,4.612692
29/09/2022,4383,4.612734
29/09/2022,4384,4.612775
29/09/2022,4385,4.612816
29/09/2022,4386,4.612857
29/09/2022,4387,4.612898
29/09/2022,4388,4.61294
29/09/2022,4389,4.612981
29/09/2022,4390,4.613022
29/09/2022,4391,4.613063
29/09/2022,4392,4.613104
29/09/2022,4393,4.613146
29/09/2022,4394,4.613187
29/09/2022,4395,4.613228
29/09/2022,4396,4.613269
29/09/2022,4397,4.61331
29/09/2022,4398,4.613352
29/09/2022,4399,4.613393
29/09/2022,4400,4.613434
29/09/2022,4401,4.613475
29/09/2022,4402,4.613516
29/09/2022,4403,4.613558
29/09/2022,4404,4.613599
29/09/2022,4405,4.61364
29/09/2022,4406,4.613681
29/09/2022,4407,4.613723
29/09/2022,4408,4.613764
29/09/2022,4409,4.613805
29/09/2022,4410,4.613846
29/09/2022,4411,4.613887
29/09/2022,4412,4.613929
29/09/2022,4413,4.61397
29/09/2022,4414,4.614011
29/09/2022,4415,4.614052
29/09/2022,4416,4.614093
29/09/2022,4417,4.614135
29/09/2022,4418,4.614176
29/09/2022,4419,4.614217
29/09/2022,4420,4.614258
29/09/2022,4421,4.614299
29/09/2022,4422,4.614341
29/09/2022,4423,4.614382
29/09/2022,4424,4.614423
29/09/2022,4425,4.614464
29/09/2022,4426,4.614505
29/09/2022,4427,4.614547
29/09/2022,4428,4.614588
29/09/2022,4429,4.614629
29/09/2022,4430,4.61467
29/09/2022,4431,4.614712
29/09/2022,4432,4.614753
29/09/2022,4433,4.614794
29/09/2022,4434,4.614835
29/09/2022,4435,4.614876
29/09/2022,4436,4.614918
29/09/2022,4437,4.614959
29/09/2022,4438,4.615
29/09/2022,4439,4.615041
29/09/2022,4440,4.615082
29/09/2022,4441,4.615124
29/09/2022,4442,4.615165
29/09/2022,4443,4.615206
29/09/2022,4444,4.615247
29/09/2022,4445,4.615288
29/09/2022,4446,4.61533
29/09/2022,4447,4.615371
29/09/2022,4448,4.615412
29/09/2022,4449,4.615453
29/09/2022,4450,4.615495
29/09/2022,4451,4.615536
29/09/2022,4452,4.615577
29/09/2022,4453,4.615618
29/09/2022,4454,4.615659
29/09/2022,4455,4.615701
29/09/2022,4456,4.615742
29/09/2022,4457,4.615783
29/09/2022,4458,4.615824
29/09/2022,4459,4.615865
29/09/2022,4460,4.615907
29/09/2022,4461,4.615948
29/09/2022,4462,4.615989
29/09/2022,4463,4.61603
29/09/2022,4464,4.616071
29/09/2022,4465,4.616113
29/09/2022,4466,4.616154
29/09/2022,4467,4.616195
29/09/2022,4468,4.616236
29/09/2022,4469,4.616277
29/09/2022,4470,4.616319
29/09/2022,4471,4.61636
29/09/2022,4472,4.616401
29/09/2022,4473,4.616442
29/09/2022,4474,4.616484
29/09/2022,4475,4.616525
29/09/2022,4476,4.616566
29/09/2022,4477,4.616607
29/09/2022,4478,4.616648
29/09/2022,4479,4.61669
29/09/2022,4480,4.616731
29/09/2022,4481,4.616772
29/09/2022,4482,4.616813
29/09/2022,4483,4.616854
29/09/2022,4484,4.616896
29/09/2022,4485,4.616937
29/09/2022,4486,4.616978
29/09/2022,4487,4.617019
29/09/2022,4488,4.61706
29/09/2022,4489,4.617102
29/09/2022,4490,4.617143
29/09/2022,4491,4.617184
29/09/2022,4492,4.617225
29/09/2022,4493,4.617266
29/09/2022,4494,4.617308
29/09/2022,4495,4.617349
29/09/2022,4496,4.61739
29/09/2022,4497,4.617431
29/09/2022,4498,4.617473
29/09/2022,4499,4.617514
29/09/2022,4500,4.617555
29/09/2022,4501,4.617596
29/09/2022,4502,4.617637
29/09/2022,4503,4.617679
29/09/2022,4504,4.61772
29/09/2022,4505,4.617761
29/09/2022,4506,4.617802
29/09/2022,4507,4.617843
29/09/2022,4508,4.617885
29/09/2022,4509,4.617926
29/09/2022,4510,4.617967
29/09/2022,4511,4.618008
29/09/2022,4512,4.618049
29/09/2022,4513,4.618091
29/09/2022,4514,4.618132
29/09/2022,4515,4.618173
29/09/2022,4516,4.618214
29/09/2022,4517,4.618255
29/09/2022,4518,4.618297
29/09/2022,4519,4.618338
29/09/2022,4520,4.618379
29/09/2022,4521,4.61842
29/09/2022,4522,4.618462
29/09/2022,4523,4.618503
29/09/2022,4524,4.618544
29/09/2022,4525,4.618585
29/09/2022,4526,4.618626
29/09/2022,4527,4.618668
29/09/2022,4528,4.618709
29/09/2022,4529,4.61875
29/09/2022,4530,4.618791
29/09/2022,4531,4.618832
29/09/2022,4532,4.618874
29/09/2022,4533,4.618915
29/09/2022,4534,4.618956
29/09/2022,4535,4.618997
29/09/2022,4536,4.619038
29/09/2022,4537,4.61908
29/09/2022,4538,4.619121
29/09/2022,4539,4.619162
29/09/2022,4540,4.619203
29/09/2022,4541,4.619245
29/09/2022,4542,4.619286
29/09/2022,4543,4.619327
29/09/2022,4544,4.619368
29/09/2022,4545,4.619409
29/09/2022,4546,4.619451
29/09/2022,4547,4.619492
29/09/2022,4548,4.619533
29/09/2022,4549,4.619574
29/09/2022,4550,4.619615
29/09/2022,4551,4.619657
29/09/2022,4552,4.619698
29/09/2022,4553,4.619739
29/09/2022,4554,4.61978
29/09/2022,4555,4.619821
29/09/2022,4556,4.619863
29/09/2022,4557,4.619904
29/09/2022,4558,4.619945
29/09/2022,4559,4.619986
29/09/2022,4560,4.620027
29/09/2022,4561,4.620069
29/09/2022,4562,4.62011
29/09/2022,4563,4.620151
29/09/2022,4564,4.620192
29/09/2022,4565,4.620234
29/09/2022,4566,4.620275
29/09/2022,4567,4.620316
29/09/2022,4568,4.620357
29/09/2022,4569,4.620398
29/09/2022,4570,4.62044
29/09/2022,4571,4.620481
29/09/2022,4572,4.620522
29/09/2022,4573,4.620563
29/09/2022,4574,4.620604
29/09/2022,4575,4.620646
29/09/2022,4576,4.620687
29/09/2022,4577,4.620728
29/09/2022,4578,4.620769
29/09/2022,4579,4.62081
29/09/2022,4580,4.620852
29/09/2022,4581,4.620893
29/09/2022,4582,4.620934
29/09/2022,4583,4.620975
29/09/2022,4584,4.621016
29/09/2022,4585,4.621058
29/09/2022,4586,4.621099
29/09/2022,4587,4.62114
29/09/2022,4588,4.621181
29/09/2022,4589,4.621223
29/09/2022,4590,4.621264
29/09/2022,4591,4.621305
29/09/2022,4592,4.621346
29/09/2022,4593,4.621387
29/09/2022,4594,4.621429
29/09/2022,4595,4.62147
29/09/2022,4596,4.621511
29/09/2022,4597,4.621552
29/09/2022,4598,4.621593
29/09/2022,4599,4.621635
29/09/2022,4600,4.621676
29/09/2022,4601,4.621717
29/09/2022,4602,4.621758
29/09/2022,4603,4.621799
29/09/2022,4604,4.621841
29/09/2022,4605,4.621882
29/09/2022,4606,4.621923
29/09/2022,4607,4.621964
29/09/2022,4608,4.622005
29/09/2022,4609,4.622047
29/09/2022,4610,4.622088
29/09/2022,4611,4.622129
29/09/2022,4612,4.62217
29/09/2022,4613,4.622212
29/09/2022,4614,4.622253
29/09/2022,4615,4.622294
29/09/2022,4616,4.622335
29/09/2022,4617,4.622376
29/09/2022,4618,4.622418
29/09/2022,4619,4.622459
29/09/2022,4620,4.6225
29/09/2022,4621,4.622541
29/09/2022,4622,4.622582
29/09/2022,4623,4.622624
29/09/2022,4624,4.622665
29/09/2022,4625,4.622706
29/09/2022,4626,4.622747
29/09/2022,4627,4.622788
29/09/2022,4628,4.62283
29/09/2022,4629,4.622871
29/09/2022,4630,4.622912
29/09/2022,4631,4.622953
29/09/2022,4632,4.622995
29/09/2022,4633,4.623036
29/09/2022,4634,4.623077
29/09/2022,4635,4.623118
29/09/2022,4636,4.623159
29/09/2022,4637,4.623201
29/09/2022,4638,4.623242
29/09/2022,4639,4.623283
29/09/2022,4640,4.623324
29/09/2022,4641,4.623365
29/09/2022,4642,4.623407
29/09/2022,4643,4.623448
29/09/2022,4644,4.623489
29/09/2022,4645,4.62353
29/09/2022,4646,4.623571
29/09/2022,4647,4.623613
29/09/2022,4648,4.623654
29/09/2022,4649,4.623695
29/09/2022,4650,4.623736
29/09/2022,4651,4.623777
29/09/2022,4652,4.623819
29/09/2022,4653,4.62386
29/09/2022,4654,4.623901
29/09/2022,4655,4.623942
29/09/2022,4656,4.623984
29/09/2022,4657,4.624025
29/09/2022,4658,4.624066
29/09/2022,4659,4.624107
29/09/2022,4660,4.624148
29/09/2022,4661,4.62419
29/09/2022,4662,4.624231
29/09/2022,4663,4.624272
29/09/2022,4664,4.624313
29/09/2022,4665,4.624354
29/09/2022,4666,4.624396
29/09/2022,4667,4.624437
29/09/2022,4668,4.624478
29/09/2022,4669,4.624519
29/09/2022,4670,4.62456
29/09/2022,4671,4.624602
29/09/2022,4672,4.624643
29/09/2022,4673,4.624684
29/09/2022,4674,4.624725
29/09/2022,4675,4.624766
29/09/2022,4676,4.624808
29/09/2022,4677,4.624849
29/09/2022,4678,4.62489
29/09/2022,4679,4.624931
29/09/2022,4680,4.624973
29/09/2022,4681,4.625014
29/09/2022,4682,4.625055
29/09/2022,4683,4.625096
29/09/2022,4684,4.625137
29/09/2022,4685,4.625179
29/09/2022,4686,4.62522
29/09/2022,4687,4.625261
29/09/2022,4688,4.625302
29/09/2022,4689,4.625343
29/09/2022,4690,4.625385
29/09/2022,4691,4.625426
29/09/2022,4692,4.625467
29/09/2022,4693,4.625508
29/09/2022,4694,4.625549
29/09/2022,4695,4.625591
29/09/2022,4696,4.625632
29/09/2022,4697,4.625673
29/09/2022,4698,4.625714
29/09/2022,4699,4.625755
29/09/2022,4700,4.625797
29/09/2022,4701,4.625838
29/09/2022,4702,4.625879
29/09/2022,4703,4.62592
29/09/2022,4704,4.625962
29/09/2022,4705,4.626003
29/09/2022,4706,4.626044
29/09/2022,4707,4.626085
29/09/2022,4708,4.626126
29/09/2022,4709,4.626168
29/09/2022,4710,4.626209
29/09/2022,4711,4.62625
29/09/2022,4712,4.626291
29/09/2022,4713,4.626332
29/09/2022,4714,4.626374
29/09/2022,4715,4.626415
29/09/2022,4716,4.626456
29/09/2022,4717,4.626497
29/09/2022,4718,4.626538
29/09/2022,4719,4.62658
29/09/2022,4720,4.626621
29/09/2022,4721,4.626662
29/09/2022,4722,4.626703
29/09/2022,4723,4.626745
29/09/2022,4724,4.626786
29/09/2022,4725,4.626827
29/09/2022,4726,4.626868
29/09/2022,4727,4.626909
29/09/2022,4728,4.626951
29/09/2022,4729,4.626992
29/09/2022,4730,4.627033
29/09/2022,4731,4.627074
29/09/2022,4732,4.627115
29/09/2022,4733,4.627157
29/09/2022,4734,4.627198
29/09/2022,4735,4.627239
29/09/2022,4736,4.62728
29/09/2022,4737,4.627321
29/09/2022,4738,4.627363
29/09/2022,4739,4.627404
29/09/2022,4740,4.627445
29/09/2022,4741,4.627486
29/09/2022,4742,4.627527
29/09/2022,4743,4.627569
29/09/2022,4744,4.62761
29/09/2022,4745,4.627651
29/09/2022,4746,4.627692
29/09/2022,4747,4.627734
29/09/2022,4748,4.627775
29/09/2022,4749,4.627816
29/09/2022,4750,4.627857
29/09/2022,4751,4.627898
29/09/2022,4752,4.62794
29/09/2022,4753,4.627981
29/09/2022,4754,4.628022
29/09/2022,4755,4.628063
29/09/2022,4756,4.628104
29/09/2022,4757,4.628146
29/09/2022,4758,4.628187
29/09/2022,4759,4.628228
29/09/2022,4760,4.628269
29/09/2022,4761,4.62831
29/09/2022,4762,4.628352
29/09/2022,4763,4.628393
29/09/2022,4764,4.628434
29/09/2022,4765,4.628475
29/09/2022,4766,4.628516
29/09/2022,4767,4.628558
29/09/2022,4768,4.628599
29/09/2022,4769,4.62864
29/09/2022,4770,4.628681
29/09/2022,4771,4.628723
29/09/2022,4772,4.628764
29/09/2022,4773,4.628805
29/09/2022,4774,4.628846
29/09/2022,4775,4.628887
29/09/2022,4776,4.628929
29/09/2022,4777,4.62897
29/09/2022,4778,4.629011
29/09/2022,4779,4.629052
29/09/2022,4780,4.629093
29/09/2022,4781,4.629135
29/09/2022,4782,4.629176
29/09/2022,4783,4.629217
29/09/2022,4784,4.629258
29/09/2022,4785,4.629299
29/09/2022,4786,4.629341
29/09/2022,4787,4.629382
29/09/2022,4788,4.629423
29/09/2022,4789,4.629464
29/09/2022,4790,4.629505
29/09/2022,4791,4.629547
29/09/2022,4792,4.629588
29/09/2022,4793,4.629629
29/09/2022,4794,4.62967
29/09/2022,4795,4.629712
29/09/2022,4796,4.629753
29/09/2022,4797,4.629794
29/09/2022,4798,4.629835
29/09/2022,4799,4.629876
29/09/2022,4800,4.629918
29/09/2022,4801,4.629959
29/09/2022,4802,4.63
29/09/2022,4803,4.629995
29/09/2022,4804,4.629989
29/09/2022,4805,4.629984
29/09/2022,4806,4.629978
29/09/2022,4807,4.629973
29/09/2022,4808,4.629967
29/09/2022,4809,4.629962
29/09/2022,4810,4.629956
29/09/2022,4811,4.629951
29/09/2022,4812,4.629945
29/09/2022,4813,4.62994
29/09/2022,4814,4.629934
29/09/2022,4815,4.629929
29/09/2022,4816,4.629923
29/09/2022,4817,4.629918
29/09/2022,4818,4.629912
29/09/2022,4819,4.629907
29/09/2022,4820,4.629901
29/09/2022,4821,4.629896
29/09/2022,4822,4.62989
29/09/2022,4823,4.629885
29/09/2022,4824,4.629879
29/09/2022,4825,4.629874
29/09/2022,4826,4.629868
29/09/2022,4827,4.629863
29/09/2022,4828,4.629857
29/09/2022,4829,4.629852
29/09/2022,4830,4.629846
29/09/2022,4831,4.629841
29/09/2022,4832,4.629835
29/09/2022,4833,4.62983
29/09/2022,4834,4.629824
29/09/2022,4835,4.629819
29/09/2022,4836,4.629813
29/09/2022,4837,4.629808
29/09/2022,4838,4.629802
29/09/2022,4839,4.629797
29/09/2022,4840,4.629791
29/09/2022,4841,4.629786
29/09/2022,4842,4.62978
29/09/2022,4843,4.629775
29/09/2022,4844,4.629769
29/09/2022,4845,4.629764
29/09/2022,4846,4.629758
29/09/2022,4847,4.629753
29/09/2022,4848,4.629747
29/09/2022,4849,4.629742
29/09/2022,4850,4.629736
29/09/2022,4851,4.629731
29/09/2022,4852,4.629725
29/09/2022,4853,4.62972
29/09/2022,4854,4.629714
29/09/2022,4855,4.629709
29/09/2022,4856,4.629703
29/09/2022,4857,4.629698
29/09/2022,4858,4.629692
29/09/2022,4859,4.629687
29/09/2022,4860,4.629681
29/09/2022,4861,4.629676
29/09/2022,4862,4.62967
29/09/2022,4863,4.629665
29/09/2022,4864,4.629659
29/09/2022,4865,4.629654
29/09/2022,4866,4.629648
29/09/2022,4867,4.629643
29/09/2022,4868,4.629637
29/09/2022,4869,4.629632
29/09/2022,4870,4.629626
29/09/2022,4871,4.629621
29/09/2022,4872,4.629615
29/09/2022,4873,4.62961
29/09/2022,4874,4.629604
29/09/2022,4875,4.629599
29/09/2022,4876,4.629593
29/09/2022,4877,4.629588
29/09/2022,4878,4.629582
29/09/2022,4879,4.629577
29/09/2022,4880,4.629571
29/09/2022,4881,4.629566
29/09/2022,4882,4.62956
29/09/2022,4883,4.629555
29/09/2022,4884,4.629549
29/09/2022,4885,4.629544
29/09/2022,4886,4.629538
29/09/2022,4887,4.629533
29/09/2022,4888,4.629527
29/09/2022,4889,4.629522
29/09/2022,4890,4.629516
29/09/2022,4891,4.629511
29/09/2022,4892,4.629505
29/09/2022,4893,4.6295
29/09/2022,4894,4.629495
29/09/2022,4895,4.629489
29/09/2022,4896,4.629484
29/09/2022,4897,4.629478
29/09/2022,4898,4.629473
29/09/2022,4899,4.629467
29/09/2022,4900,4.629462
29/09/2022,4901,4.629456
29/09/2022,4902,4.629451
29/09/2022,4903,4.629445
29/09/2022,4904,4.62944
29/09/2022,4905,4.629434
29/09/2022,4906,4.629429
29/09/2022,4907,4.629423
29/09/2022,4908,4.629418
29/09/2022,4909,4.629412
29/09/2022,4910,4.629407
29/09/2022,4911,4.629401
29/09/2022,4912,4.629396
29/09/2022,4913,4.62939
29/09/2022,4914,4.629385
29/09/2022,4915,4.629379
29/09/2022,4916,4.629374
29/09/2022,4917,4.629368
29/09/2022,4918,4.629363
29/09/2022,4919,4.629357
29/09/2022,4920,4.629352
29/09/2022,4921,4.629346
29/09/2022,4922,4.629341
29/09/2022,4923,4.629335
29/09/2022,4924,4.62933
29/09/2022,4925,4.629324
29/09/2022,4926,4.629319
29/09/2022,4927,4.629313
29/09/2022,4928,4.629308
29/09/2022,4929,4.629302
29/09/2022,4930,4.629297
29/09/2022,4931,4.629291
29/09/2022,4932,4.629286
29/09/2022,4933,4.62928
29/09/2022,4934,4.629275
29/09/2022,4935,4.629269
29/09/2022,4936,4.629264
29/09/2022,4937,4.629258
29/09/2022,4938,4.629253
29/09/2022,4939,4.629247
29/09/2022,4940,4.629242
29/09/2022,4941,4.629236
29/09/2022,4942,4.629231
29/09/2022,4943,4.629225
29/09/2022,4944,4.62922
29/09/2022,4945,4.629214
29/09/2022,4946,4.629209
29/09/2022,4947,4.629203
29/09/2022,4948,4.629198
29/09/2022,4949,4.629192
29/09/2022,4950,4.629187
29/09/2022,4951,4.629181
29/09/2022,4952,4.629176
29/09/2022,4953,4.62917
29/09/2022,4954,4.629165
29/09/2022,4955,4.629159
29/09/2022,4956,4.629154
29/09/2022,4957,4.629148
29/09/2022,4958,4.629143
29/09/2022,4959,4.629137
29/09/2022,4960,4.629132
29/09/2022,4961,4.629126
29/09/2022,4962,4.629121
29/09/2022,4963,4.629115
29/09/2022,4964,4.62911
29/09/2022,4965,4.629104
29/09/2022,4966,4.629099
29/09/2022,4967,4.629093
29/09/2022,4968,4.629088
29/09/2022,4969,4.629082
29/09/2022,4970,4.629077
29/09/2022,4971,4.629071
29/09/2022,4972,4.629066
29/09/2022,4973,4.62906
29/09/2022,4974,4.629055
29/09/2022,4975,4.629049
29/09/2022,4976,4.629044
29/09/2022,4977,4.629038
29/09/2022,4978,4.629033
29/09/2022,4979,4.629027
29/09/2022,4980,4.629022
29/09/2022,4981,4.629016
29/09/2022,4982,4.629011
29/09/2022,4983,4.629005
29/09/2022,4984,4.629
29/09/2022,4985,4.628995
29/09/2022,4986,4.628989
29/09/2022,4987,4.628984
29/09/2022,4988,4.628978
29/09/2022,4989,4.628973
29/09/2022,4990,4.628967
29/09/2022,4991,4.628962
29/09/2022,4992,4.628956
29/09/2022,4993,4.628951
29/09/2022,4994,4.628945
29/09/2022,4995,4.62894
29/09/2022,4996,4.628934
29/09/2022,4997,4.628929
29/09/2022,4998,4.628923
29/09/2022,4999,4.628918
29/09/2022,5000,4.628912
29/09/2022,5001,4.628907
29/09/2022,5002,4.628901
29/09/2022,5003,4.628896
29/09/2022,5004,4.62889
29/09/2022,5005,4.628885
29/09/2022,5006,4.628879
29/09/2022,5007,4.628874
29/09/2022,5008,4.628868
29/09/2022,5009,4.628863
29/09/2022,5010,4.628857
29/09/2022,5011,4.628852
29/09/2022,5012,4.628846
29/09/2022,5013,4.628841
29/09/2022,5014,4.628835
29/09/2022,5015,4.62883
29/09/2022,5016,4.628824
29/09/2022,5017,4.628819
29/09/2022,5018,4.628813
29/09/2022,5019,4.628808
29/09/2022,5020,4.628802
29/09/2022,5021,4.628797
29/09/2022,5022,4.628791
29/09/2022,5023,4.628786
29/09/2022,5024,4.62878
29/09/2022,5025,4.628775
29/09/2022,5026,4.628769
29/09/2022,5027,4.628764
29/09/2022,5028,4.628758
29/09/2022,5029,4.628753
29/09/2022,5030,4.628747
29/09/2022,5031,4.628742
29/09/2022,5032,4.628736
29/09/2022,5033,4.628731
29/09/2022,5034,4.628725
29/09/2022,5035,4.62872
29/09/2022,5036,4.628714
29/09/2022,5037,4.628709
29/09/2022,5038,4.628703
29/09/2022,5039,4.628698
29/09/2022,5040,4.628692
29/09/2022,5041,4.628687
29/09/2022,5042,4.628681
29/09/2022,5043,4.628676
29/09/2022,5044,4.62867
29/09/2022,5045,4.628665
29/09/2022,5046,4.628659
29/09/2022,5047,4.628654
29/09/2022,5048,4.628648
29/09/2022,5049,4.628643
29/09/2022,5050,4.628637
29/09/2022,5051,4.628632
29/09/2022,5052,4.628626
29/09/2022,5053,4.628621
29/09/2022,5054,4.628615
29/09/2022,5055,4.62861
29/09/2022,5056,4.628604
29/09/2022,5057,4.628599
29/09/2022,5058,4.628593
29/09/2022,5059,4.628588
29/09/2022,5060,4.628582
29/09/2022,5061,4.628577
29/09/2022,5062,4.628571
29/09/2022,5063,4.628566
29/09/2022,5064,4.62856
29/09/2022,5065,4.628555
29/09/2022,5066,4.628549
29/09/2022,5067,4.628544
29/09/2022,5068,4.628538
29/09/2022,5069,4.628533
29/09/2022,5070,4.628527
29/09/2022,5071,4.628522
29/09/2022,5072,4.628516
29/09/2022,5073,4.628511
29/09/2022,5074,4.628505
29/09/2022,5075,4.6285
29/09/2022,5076,4.628495
29/09/2022,5077,4.628489
29/09/2022,5078,4.628484
29/09/2022,5079,4.628478
29/09/2022,5080,4.628473
29/09/2022,5081,4.628467
29/09/2022,5082,4.628462
29/09/2022,5083,4.628456
29/09/2022,5084,4.628451
29/09/2022,5085,4.628445
29/09/2022,5086,4.62844
29/09/2022,5087,4.628434
29/09/2022,5088,4.628429
29/09/2022,5089,4.628423
29/09/2022,5090,4.628418
29/09/2022,5091,4.628412
29/09/2022,5092,4.628407
29/09/2022,5093,4.628401
29/09/2022,5094,4.628396
29/09/2022,5095,4.62839
29/09/2022,5096,4.628385
29/09/2022,5097,4.628379
29/09/2022,5098,4.628374
29/09/2022,5099,4.628368
29/09/2022,5100,4.628363
29/09/2022,5101,4.628357
29/09/2022,5102,4.628352
29/09/2022,5103,4.628346
29/09/2022,5104,4.628341
29/09/2022,5105,4.628335
29/09/2022,5106,4.62833
29/09/2022,5107,4.628324
29/09/2022,5108,4.628319
29/09/2022,5109,4.628313
29/09/2022,5110,4.628308
29/09/2022,5111,4.628302
29/09/2022,5112,4.628297
29/09/2022,5113,4.628291
29/09/2022,5114,4.628286
29/09/2022,5115,4.62828
29/09/2022,5116,4.628275
29/09/2022,5117,4.628269
29/09/2022,5118,4.628264
29/09/2022,5119,4.628258
29/09/2022,5120,4.628253
29/09/2022,5121,4.628247
29/09/2022,5122,4.628242
29/09/2022,5123,4.628236
29/09/2022,5124,4.628231
29/09/2022,5125,4.628225
29/09/2022,5126,4.62822
29/09/2022,5127,4.628214
29/09/2022,5128,4.628209
29/09/2022,5129,4.628203
29/09/2022,5130,4.628198
29/09/2022,5131,4.628192
29/09/2022,5132,4.628187
29/09/2022,5133,4.628181
29/09/2022,5134,4.628176
29/09/2022,5135,4.62817
29/09/2022,5136,4.628165
29/09/2022,5137,4.628159
29/09/2022,5138,4.628154
29/09/2022,5139,4.628148
29/09/2022,5140,4.628143
29/09/2022,5141,4.628137
29/09/2022,5142,4.628132
29/09/2022,5143,4.628126
29/09/2022,5144,4.628121
29/09/2022,5145,4.628115
29/09/2022,5146,4.62811
29/09/2022,5147,4.628104
29/09/2022,5148,4.628099
29/09/2022,5149,4.628093
29/09/2022,5150,4.628088
29/09/2022,5151,4.628082
29/09/2022,5152,4.628077
29/09/2022,5153,4.628071
29/09/2022,5154,4.628066
29/09/2022,5155,4.62806
29/09/2022,5156,4.628055
29/09/2022,5157,4.628049
29/09/2022,5158,4.628044
29/09/2022,5159,4.628038
29/09/2022,5160,4.628033
29/09/2022,5161,4.628027
29/09/2022,5162,4.628022
29/09/2022,5163,4.628016
29/09/2022,5164,4.628011
29/09/2022,5165,4.628005
29/09/2022,5166,4.628
29/09/2022,5167,4.627995
29/09/2022,5168,4.627989
29/09/2022,5169,4.627984
29/09/2022,5170,4.627978
29/09/2022,5171,4.627973
29/09/2022,5172,4.627967
29/09/2022,5173,4.627962
29/09/2022,5174,4.627956
29/09/2022,5175,4.627951
29/09/2022,5176,4.627945
29/09/2022,5177,4.62794
29/09/2022,5178,4.627934
29/09/2022,5179,4.627929
29/09/2022,5180,4.627923
29/09/2022,5181,4.627918
29/09/2022,5182,4.627912
29/09/2022,5183,4.627907
29/09/2022,5184,4.627901
29/09/2022,5185,4.627896
29/09/2022,5186,4.62789
29/09/2022,5187,4.627885
29/09/2022,5188,4.627879
29/09/2022,5189,4.627874
29/09/2022,5190,4.627868
29/09/2022,5191,4.627863
29/09/2022,5192,4.627857
29/09/2022,5193,4.627852
29/09/2022,5194,4.627846
29/09/2022,5195,4.627841
29/09/2022,5196,4.627835
29/09/2022,5197,4.62783
29/09/2022,5198,4.627824
29/09/2022,5199,4.627819
29/09/2022,5200,4.627813
29/09/2022,5201,4.627808
29/09/2022,5202,4.627802
29/09/2022,5203,4.627797
29/09/2022,5204,4.627791
29/09/2022,5205,4.627786
29/09/2022,5206,4.62778
29/09/2022,5207,4.627775
29/09/2022,5208,4.627769
29/09/2022,5209,4.627764
29/09/2022,5210,4.627758
29/09/2022,5211,4.627753
29/09/2022,5212,4.627747
29/09/2022,5213,4.627742
29/09/2022,5214,4.627736
29/09/2022,5215,4.627731
29/09/2022,5216,4.627725
29/09/2022,5217,4.62772
29/09/2022,5218,4.627714
29/09/2022,5219,4.627709
29/09/2022,5220,4.627703
29/09/2022,5221,4.627698
29/09/2022,5222,4.627692
29/09/2022,5223,4.627687
29/09/2022,5224,4.627681
29/09/2022,5225,4.627676
29/09/2022,5226,4.62767
29/09/2022,5227,4.627665
29/09/2022,5228,4.627659
29/09/2022,5229,4.627654
29/09/2022,5230,4.627648
29/09/2022,5231,4.627643
29/09/2022,5232,4.627637
29/09/2022,5233,4.627632
29/09/2022,5234,4.627626
29/09/2022,5235,4.627621
29/09/2022,5236,4.627615
29/09/2022,5237,4.62761
29/09/2022,5238,4.627604
29/09/2022,5239,4.627599
29/09/2022,5240,4.627593
29/09/2022,5241,4.627588
29/09/2022,5242,4.627582
29/09/2022,5243,4.627577
29/09/2022,5244,4.627571
29/09/2022,5245,4.627566
29/09/2022,5246,4.62756
29/09/2022,5247,4.627555
29/09/2022,5248,4.627549
29/09/2022,5249,4.627544
29/09/2022,5250,4.627538
29/09/2022,5251,4.627533
29/09/2022,5252,4.627527
29/09/2022,5253,4.627522
29/09/2022,5254,4.627516
29/09/2022,5255,4.627511
29/09/2022,5256,4.627505
29/09/2022,5257,4.6275
29/09/2022,5258,4.627495
29/09/2022,5259,4.627489
29/09/2022,5260,4.627484
29/09/2022,5261,4.627478
29/09/2022,5262,4.627473
29/09/2022,5263,4.627467
29/09/2022,5264,4.627462
29/09/2022,5265,4.627456
29/09/2022,5266,4.627451
29/09/2022,5267,4.627445
29/09/2022,5268,4.62744
29/09/2022,5269,4.627434
29/09/2022,5270,4.627429
29/09/2022,5271,4.627423
29/09/2022,5272,4.627418
29/09/2022,5273,4.627412
29/09/2022,5274,4.627407
29/09/2022,5275,4.627401
29/09/2022,5276,4.627396
29/09/2022,5277,4.62739
29/09/2022,5278,4.627385
29/09/2022,5279,4.627379
29/09/2022,5280,4.627374
29/09/2022,5281,4.627368
29/09/2022,5282,4.627363
29/09/2022,5283,4.627357
29/09/2022,5284,4.627352
29/09/2022,5285,4.627346
29/09/2022,5286,4.627341
29/09/2022,5287,4.627335
29/09/2022,5288,4.62733
29/09/2022,5289,4.627324
29/09/2022,5290,4.627319
29/09/2022,5291,4.627313
29/09/2022,5292,4.627308
29/09/2022,5293,4.627302
29/09/2022,5294,4.627297
29/09/2022,5295,4.627291
29/09/2022,5296,4.627286
29/09/2022,5297,4.62728
29/09/2022,5298,4.627275
29/09/2022,5299,4.627269
29/09/2022,5300,4.627264
29/09/2022,5301,4.627258
29/09/2022,5302,4.627253
29/09/2022,5303,4.627247
29/09/2022,5304,4.627242
29/09/2022,5305,4.627236
29/09/2022,5306,4.627231
29/09/2022,5307,4.627225
29/09/2022,5308,4.62722
29/09/2022,5309,4.627214
29/09/2022,5310,4.627209
29/09/2022,5311,4.627203
29/09/2022,5312,4.627198
29/09/2022,5313,4.627192
29/09/2022,5314,4.627187
29/09/2022,5315,4.627181
29/09/2022,5316,4.627176
29/09/2022,5317,4.62717
29/09/2022,5318,4.627165
29/09/2022,5319,4.627159
29/09/2022,5320,4.627154
29/09/2022,5321,4.627148
29/09/2022,5322,4.627143
29/09/2022,5323,4.627137
29/09/2022,5324,4.627132
29/09/2022,5325,4.627126
29/09/2022,5326,4.627121
29/09/2022,5327,4.627115
29/09/2022,5328,4.62711
29/09/2022,5329,4.627104
29/09/2022,5330,4.627099
29/09/2022,5331,4.627093
29/09/2022,5332,4.627088
29/09/2022,5333,4.627082
29/09/2022,5334,4.627077
29/09/2022,5335,4.627071
29/09/2022,5336,4.627066
29/09/2022,5337,4.62706
29/09/2022,5338,4.627055
29/09/2022,5339,4.627049
29/09/2022,5340,4.627044
29/09/2022,5341,4.627038
29/09/2022,5342,4.627033
29/09/2022,5343,4.627027
29/09/2022,5344,4.627022
29/09/2022,5345,4.627016
29/09/2022,5346,4.627011
29/09/2022,5347,4.627005
29/09/2022,5348,4.627
29/09/2022,5349,4.626995
29/09/2022,5350,4.626989
29/09/2022,5351,4.626984
29/09/2022,5352,4.626978
29/09/2022,5353,4.626973
29/09/2022,5354,4.626967
29/09/2022,5355,4.626962
29/09/2022,5356,4.626956
29/09/2022,5357,4.626951
29/09/2022,5358,4.626945
29/09/2022,5359,4.62694
29/09/2022,5360,4.626934
29/09/2022,5361,4.626929
29/09/2022,5362,4.626923
29/09/2022,5363,4.626918
29/09/2022,5364,4.626912
29/09/2022,5365,4.626907
29/09/2022,5366,4.626901
29/09/2022,5367,4.626896
29/09/2022,5368,4.62689
29/09/2022,5369,4.626885
29/09/2022,5370,4.626879
29/09/2022,5371,4.626874
29/09/2022,5372,4.626868
29/09/2022,5373,4.626863
29/09/2022,5374,4.626857
29/09/2022,5375,4.626852
29/09/2022,5376,4.626846
29/09/2022,5377,4.626841
29/09/2022,5378,4.626835
29/09/2022,5379,4.62683
29/09/2022,5380,4.626824
29/09/2022,5381,4.626819
29/09/2022,5382,4.626813
29/09/2022,5383,4.626808
29/09/2022,5384,4.626802
29/09/2022,5385,4.626797
29/09/2022,5386,4.626791
29/09/2022,5387,4.626786
29/09/2022,5388,4.62678
29/09/2022,5389,4.626775
29/09/2022,5390,4.626769
29/09/2022,5391,4.626764
29/09/2022,5392,4.626758
29/09/2022,5393,4.626753
29/09/2022,5394,4.626747
29/09/2022,5395,4.626742
29/09/2022,5396,4.626736
29/09/2022,5397,4.626731
29/09/2022,5398,4.626725
29/09/2022,5399,4.62672
29/09/2022,5400,4.626714
29/09/2022,5401,4.626709
29/09/2022,5402,4.626703
29/09/2022,5403,4.626698
29/09/2022,5404,4.626692
29/09/2022,5405,4.626687
29/09/2022,5406,4.626681
29/09/2022,5407,4.626676
29/09/2022,5408,4.62667
29/09/2022,5409,4.626665
29/09/2022,5410,4.626659
29/09/2022,5411,4.626654
29/09/2022,5412,4.626648
29/09/2022,5413,4.626643
29/09/2022,5414,4.626637
29/09/2022,5415,4.626632
29/09/2022,5416,4.626626
29/09/2022,5417,4.626621
29/09/2022,5418,4.626615
29/09/2022,5419,4.62661
29/09/2022,5420,4.626604
29/09/2022,5421,4.626599
29/09/2022,5422,4.626593
29/09/2022,5423,4.626588
29/09/2022,5424,4.626582
29/09/2022,5425,4.626577
29/09/2022,5426,4.626571
29/09/2022,5427,4.626566
29/09/2022,5428,4.62656
29/09/2022,5429,4.626555
29/09/2022,5430,4.626549
29/09/2022,5431,4.626544
29/09/2022,5432,4.626538
29/09/2022,5433,4.626533
29/09/2022,5434,4.626527
29/09/2022,5435,4.626522
29/09/2022,5436,4.626516
29/09/2022,5437,4.626511
29/09/2022,5438,4.626505
29/09/2022,5439,4.6265
29/09/2022,5440,4.626495
29/09/2022,5441,4.626489
29/09/2022,5442,4.626484
29/09/2022,5443,4.626478
29/09/2022,5444,4.626473
29/09/2022,5445,4.626467
29/09/2022,5446,4.626462
29/09/2022,5447,4.626456
29/09/2022,5448,4.626451
29/09/2022,5449,4.626445
29/09/2022,5450,4.62644
29/09/2022,5451,4.626434
29/09/2022,5452,4.626429
29/09/2022,5453,4.626423
29/09/2022,5454,4.626418
29/09/2022,5455,4.626412
29/09/2022,5456,4.626407
29/09/2022,5457,4.626401
29/09/2022,5458,4.626396
29/09/2022,5459,4.62639
29/09/2022,5460,4.626385
29/09/2022,5461,4.626379
29/09/2022,5462,4.626374
29/09/2022,5463,4.626368
29/09/2022,5464,4.626363
29/09/2022,5465,4.626357
29/09/2022,5466,4.626352
29/09/2022,5467,4.626346
29/09/2022,5468,4.626341
29/09/2022,5469,4.626335
29/09/2022,5470,4.62633
29/09/2022,5471,4.626324
29/09/2022,5472,4.626319
29/09/2022,5473,4.626313
29/09/2022,5474,4.626308
29/09/2022,5475,4.626302
29/09/2022,5476,4.626297
29/09/2022,5477,4.626291
29/09/2022,5478,4.626286
29/09/2022,5479,4.62628
29/09/2022,5480,4.626275
29/09/2022,5481,4.626269
29/09/2022,5482,4.626264
29/09/2022,5483,4.626258
29/09/2022,5484,4.626253
29/09/2022,5485,4.626247
29/09/2022,5486,4.626242
29/09/2022,5487,4.626236
29/09/2022,5488,4.626231
29/09/2022,5489,4.626225
29/09/2022,5490,4.62622
29/09/2022,5491,4.626214
29/09/2022,5492,4.626209
29/09/2022,5493,4.626203
29/09/2022,5494,4.626198
29/09/2022,5495,4.626192
29/09/2022,5496,4.626187
29/09/2022,5497,4.626181
29/09/2022,5498,4.626176
29/09/2022,5499,4.62617
29/09/2022,5500,4.626165
29/09/2022,5501,4.626159
29/09/2022,5502,4.626154
29/09/2022,5503,4.626148
29/09/2022,5504,4.626143
29/09/2022,5505,4.626137
29/09/2022,5506,4.626132
29/09/2022,5507,4.626126
29/09/2022,5508,4.626121
29/09/2022,5509,4.626115
29/09/2022,5510,4.62611
29/09/2022,5511,4.626104
29/09/2022,5512,4.626099
29/09/2022,5513,4.626093
29/09/2022,5514,4.626088
29/09/2022,5515,4.626082
29/09/2022,5516,4.626077
29/09/2022,5517,4.626071
29/09/2022,5518,4.626066
29/09/2022,5519,4.62606
29/09/2022,5520,4.626055
29/09/2022,5521,4.626049
29/09/2022,5522,4.626044
29/09/2022,5523,4.626038
29/09/2022,5524,4.626033
29/09/2022,5525,4.626027
29/09/2022,5526,4.626022
29/09/2022,5527,4.626016
29/09/2022,5528,4.626011
29/09/2022,5529,4.626005
29/09/2022,5530,4.626
29/09/2022,5531,4.625995
29/09/2022,5532,4.625989
29/09/2022,5533,4.625984
29/09/2022,5534,4.625978
29/09/2022,5535,4.625973
29/09/2022,5536,4.625967
29/09/2022,5537,4.625962
29/09/2022,5538,4.625956
29/09/2022,5539,4.625951
29/09/2022,5540,4.625945
29/09/2022,5541,4.62594
29/09/2022,5542,4.625934
29/09/2022,5543,4.625929
29/09/2022,5544,4.625923
29/09/2022,5545,4.625918
29/09/2022,5546,4.625912
29/09/2022,5547,4.625907
29/09/2022,5548,4.625901
29/09/2022,5549,4.625896
29/09/2022,5550,4.62589
29/09/2022,5551,4.625885
29/09/2022,5552,4.625879
29/09/2022,5553,4.625874
29/09/2022,5554,4.625868
29/09/2022,5555,4.625863
29/09/2022,5556,4.625857
29/09/2022,5557,4.625852
29/09/2022,5558,4.625846
29/09/2022,5559,4.625841
29/09/2022,5560,4.625835
29/09/2022,5561,4.62583
29/09/2022,5562,4.625824
29/09/2022,5563,4.625819
29/09/2022,5564,4.625813
29/09/2022,5565,4.625808
29/09/2022,5566,4.625802
29/09/2022,5567,4.625797
29/09/2022,5568,4.625791
29/09/2022,5569,4.625786
29/09/2022,5570,4.62578
29/09/2022,5571,4.625775
29/09/2022,5572,4.625769
29/09/2022,5573,4.625764
29/09/2022,5574,4.625758
29/09/2022,5575,4.625753
29/09/2022,5576,4.625747
29/09/2022,5577,4.625742
29/09/2022,5578,4.625736
29/09/2022,5579,4.625731
29/09/2022,5580,4.625725
29/09/2022,5581,4.62572
29/09/2022,5582,4.625714
29/09/2022,5583,4.625709
29/09/2022,5584,4.625703
29/09/2022,5585,4.625698
29/09/2022,5586,4.625692
29/09/2022,5587,4.625687
29/09/2022,5588,4.625681
29/09/2022,5589,4.625676
29/09/2022,5590,4.62567
29/09/2022,5591,4.625665
29/09/2022,5592,4.625659
29/09/2022,5593,4.625654
29/09/2022,5594,4.625648
29/09/2022,5595,4.625643
29/09/2022,5596,4.625637
29/09/2022,5597,4.625632
29/09/2022,5598,4.625626
29/09/2022,5599,4.625621
29/09/2022,5600,4.625615
29/09/2022,5601,4.62561
29/09/2022,5602,4.625604
29/09/2022,5603,4.625599
29/09/2022,5604,4.625593
29/09/2022,5605,4.625588
29/09/2022,5606,4.625582
29/09/2022,5607,4.625577
29/09/2022,5608,4.625571
29/09/2022,5609,4.625566
29/09/2022,5610,4.62556
29/09/2022,5611,4.625555
29/09/2022,5612,4.625549
29/09/2022,5613,4.625544
29/09/2022,5614,4.625538
29/09/2022,5615,4.625533
29/09/2022,5616,4.625527
29/09/2022,5617,4.625522
29/09/2022,5618,4.625516
29/09/2022,5619,4.625511
29/09/2022,5620,4.625505
29/09/2022,5621,4.6255
29/09/2022,5622,4.625495
29/09/2022,5623,4.625489
29/09/2022,5624,4.625484
29/09/2022,5625,4.625478
29/09/2022,5626,4.625473
29/09/2022,5627,4.625467
29/09/2022,5628,4.625462
29/09/2022,5629,4.625456
29/09/2022,5630,4.625451
29/09/2022,5631,4.625445
29/09/2022,5632,4.62544
29/09/2022,5633,4.625434
29/09/2022,5634,4.625429
29/09/2022,5635,4.625423
29/09/2022,5636,4.625418
29/09/2022,5637,4.625412
29/09/2022,5638,4.625407
29/09/2022,5639,4.625401
29/09/2022,5640,4.625396
29/09/2022,5641,4.62539
29/09/2022,5642,4.625385
29/09/2022,5643,4.625379
29/09/2022,5644,4.625374
29/09/2022,5645,4.625368
29/09/2022,5646,4.625363
29/09/2022,5647,4.625357
29/09/2022,5648,4.625352
29/09/2022,5649,4.625346
29/09/2022,5650,4.625341
29/09/2022,5651,4.625335
29/09/2022,5652,4.62533
29/09/2022,5653,4.625324
29/09/2022,5654,4.625319
29/09/2022,5655,4.625313
29/09/2022,5656,4.625308
29/09/2022,5657,4.625302
29/09/2022,5658,4.625297
29/09/2022,5659,4.625291
29/09/2022,5660,4.625286
29/09/2022,5661,4.62528
29/09/2022,5662,4.625275
29/09/2022,5663,4.625269
29/09/2022,5664,4.625264
29/09/2022,5665,4.625258
29/09/2022,5666,4.625253
29/09/2022,5667,4.625247
29/09/2022,5668,4.625242
29/09/2022,5669,4.625236
29/09/2022,5670,4.625231
29/09/2022,5671,4.625225
29/09/2022,5672,4.62522
29/09/2022,5673,4.625214
29/09/2022,5674,4.625209
29/09/2022,5675,4.625203
29/09/2022,5676,4.625198
29/09/2022,5677,4.625192
29/09/2022,5678,4.625187
29/09/2022,5679,4.625181
29/09/2022,5680,4.625176
29/09/2022,5681,4.62517
29/09/2022,5682,4.625165
29/09/2022,5683,4.625159
29/09/2022,5684,4.625154
29/09/2022,5685,4.625148
29/09/2022,5686,4.625143
29/09/2022,5687,4.625137
29/09/2022,5688,4.625132
29/09/2022,5689,4.625126
29/09/2022,5690,4.625121
29/09/2022,5691,4.625115
29/09/2022,5692,4.62511
29/09/2022,5693,4.625104
29/09/2022,5694,4.625099
29/09/2022,5695,4.625093
29/09/2022,5696,4.625088
29/09/2022,5697,4.625082
29/09/2022,5698,4.625077
29/09/2022,5699,4.625071
29/09/2022,5700,4.625066
29/09/2022,5701,4.62506
29/09/2022,5702,4.625055
29/09/2022,5703,4.625049
29/09/2022,5704,4.625044
29/09/2022,5705,4.625038
29/09/2022,5706,4.625033
29/09/2022,5707,4.625027
29/09/2022,5708,4.625022
29/09/2022,5709,4.625016
29/09/2022,5710,4.625011
29/09/2022,5711,4.625005
29/09/2022,5712,4.625
29/09/2022,5713,4.624995
29/09/2022,5714,4.624989
29/09/2022,5715,4.624984
29/09/2022,5716,4.624978
29/09/2022,5717,4.624973
29/09/2022,5718,4.624967
29/09/2022,5719,4.624962
29/09/2022,5720,4.624956
29/09/2022,5721,4.624951
29/09/2022,5722,4.624945
29/09/2022,5723,4.62494
29/09/2022,5724,4.624934
29/09/2022,5725,4.624929
29/09/2022,5726,4.624923
29/09/2022,5727,4.624918
29/09/2022,5728,4.624912
29/09/2022,5729,4.624907
29/09/2022,5730,4.624901
29/09/2022,5731,4.624896
29/09/2022,5732,4.62489
29/09/2022,5733,4.624885
29/09/2022,5734,4.624879
29/09/2022,5735,4.624874
29/09/2022,5736,4.624868
29/09/2022,5737,4.624863
29/09/2022,5738,4.624857
29/09/2022,5739,4.624852
29/09/2022,5740,4.624846
29/09/2022,5741,4.624841
29/09/2022,5742,4.624835
29/09/2022,5743,4.62483
29/09/2022,5744,4.624824
29/09/2022,5745,4.624819
29/09/2022,5746,4.624813
29/09/2022,5747,4.624808
29/09/2022,5748,4.624802
29/09/2022,5749,4.624797
29/09/2022,5750,4.624791
29/09/2022,5751,4.624786
29/09/2022,5752,4.62478
29/09/2022,5753,4.624775
29/09/2022,5754,4.624769
29/09/2022,5755,4.624764
29/09/2022,5756,4.624758
29/09/2022,5757,4.624753
29/09/2022,5758,4.624747
29/09/2022,5759,4.624742
29/09/2022,5760,4.624736
29/09/2022,5761,4.624731
29/09/2022,5762,4.624725
29/09/2022,5763,4.62472
29/09/2022,5764,4.624714
29/09/2022,5765,4.624709
29/09/2022,5766,4.624703
29/09/2022,5767,4.624698
29/09/2022,5768,4.624692
29/09/2022,5769,4.624687
29/09/2022,5770,4.624681
29/09/2022,5771,4.624676
29/09/2022,5772,4.62467
29/09/2022,5773,4.624665
29/09/2022,5774,4.624659
29/09/2022,5775,4.624654
29/09/2022,5776,4.624648
29/09/2022,5777,4.624643
29/09/2022,5778,4.624637
29/09/2022,5779,4.624632
29/09/2022,5780,4.624626
29/09/2022,5781,4.624621
29/09/2022,5782,4.624615
29/09/2022,5783,4.62461
29/09/2022,5784,4.624604
29/09/2022,5785,4.624599
29/09/2022,5786,4.624593
29/09/2022,5787,4.624588
29/09/2022,5788,4.624582
29/09/2022,5789,4.624577
29/09/2022,5790,4.624571
29/09/2022,5791,4.624566
29/09/2022,5792,4.62456
29/09/2022,5793,4.624555
29/09/2022,5794,4.624549
29/09/2022,5795,4.624544
29/09/2022,5796,4.624538
29/09/2022,5797,4.624533
29/09/2022,5798,4.624527
29/09/2022,5799,4.624522
29/09/2022,5800,4.624516
29/09/2022,5801,4.624511
29/09/2022,5802,4.624505
29/09/2022,5803,4.6245
29/09/2022,5804,4.624495
29/09/2022,5805,4.624489
29/09/2022,5806,4.624484
29/09/2022,5807,4.624478
29/09/2022,5808,4.624473
29/09/2022,5809,4.624467
29/09/2022,5810,4.624462
29/09/2022,5811,4.624456
29/09/2022,5812,4.624451
29/09/2022,5813,4.624445
29/09/2022,5814,4.62444
29/09/2022,5815,4.624434
29/09/2022,5816,4.624429
29/09/2022,5817,4.624423
29/09/2022,5818,4.624418
29/09/2022,5819,4.624412
29/09/2022,5820,4.624407
29/09/2022,5821,4.624401
29/09/2022,5822,4.624396
29/09/2022,5823,4.62439
29/09/2022,5824,4.624385
29/09/2022,5825,4.624379
29/09/2022,5826,4.624374
29/09/2022,5827,4.624368
29/09/2022,5828,4.624363
29/09/2022,5829,4.624357
29/09/2022,5830,4.624352
29/09/2022,5831,4.624346
29/09/2022,5832,4.624341
29/09/2022,5833,4.624335
29/09/2022,5834,4.62433
29/09/2022,5835,4.624324
29/09/2022,5836,4.624319
29/09/2022,5837,4.624313
29/09/2022,5838,4.624308
29/09/2022,5839,4.624302
29/09/2022,5840,4.624297
29/09/2022,5841,4.624291
29/09/2022,5842,4.624286
29/09/2022,5843,4.62428
29/09/2022,5844,4.624275
29/09/2022,5845,4.624269
29/09/2022,5846,4.624264
29/09/2022,5847,4.624258
29/09/2022,5848,4.624253
29/09/2022,5849,4.624247
29/09/2022,5850,4.624242
29/09/2022,5851,4.624236
29/09/2022,5852,4.624231
29/09/2022,5853,4.624225
29/09/2022,5854,4.62422
29/09/2022,5855,4.624214
29/09/2022,5856,4.624209
29/09/2022,5857,4.624203
29/09/2022,5858,4.624198
29/09/2022,5859,4.624192
29/09/2022,5860,4.624187
29/09/2022,5861,4.624181
29/09/2022,5862,4.624176
29/09/2022,5863,4.62417
29/09/2022,5864,4.624165
29/09/2022,5865,4.624159
29/09/2022,5866,4.624154
29/09/2022,5867,4.624148
29/09/2022,5868,4.624143
29/09/2022,5869,4.624137
29/09/2022,5870,4.624132
29/09/2022,5871,4.624126
29/09/2022,5872,4.624121
29/09/2022,5873,4.624115
29/09/2022,5874,4.62411
29/09/2022,5875,4.624104
29/09/2022,5876,4.624099
29/09/2022,5877,4.624093
29/09/2022,5878,4.624088
29/09/2022,5879,4.624082
29/09/2022,5880,4.624077
29/09/2022,5881,4.624071
29/09/2022,5882,4.624066
29/09/2022,5883,4.62406
29/09/2022,5884,4.624055
29/09/2022,5885,4.624049
29/09/2022,5886,4.624044
29/09/2022,5887,4.624038
29/09/2022,5888,4.624033
29/09/2022,5889,4.624027
29/09/2022,5890,4.624022
29/09/2022,5891,4.624016
29/09/2022,5892,4.624011
29/09/2022,5893,4.624005
29/09/2022,5894,4.624
29/09/2022,5895,4.623995
29/09/2022,5896,4.623989
29/09/2022,5897,4.623984
29/09/2022,5898,4.623978
29/09/2022,5899,4.623973
29/09/2022,5900,4.623967
29/09/2022,5901,4.623962
29/09/2022,5902,4.623956
29/09/2022,5903,4.623951
29/09/2022,5904,4.623945
29/09/2022,5905,4.62394
29/09/2022,5906,4.623934
29/09/2022,5907,4.623929
29/09/2022,5908,4.623923
29/09/2022,5909,4.623918
29/09/2022,5910,4.623912
29/09/2022,5911,4.623907
29/09/2022,5912,4.623901
29/09/2022,5913,4.623896
29/09/2022,5914,4.62389
29/09/2022,5915,4.623885
29/09/2022,5916,4.623879
29/09/2022,5917,4.623874
29/09/2022,5918,4.623868
29/09/2022,5919,4.623863
29/09/2022,5920,4.623857
29/09/2022,5921,4.623852
29/09/2022,5922,4.623846
29/09/2022,5923,4.623841
29/09/2022,5924,4.623835
29/09/2022,5925,4.62383
29/09/2022,5926,4.623824
29/09/2022,5927,4.623819
29/09/2022,5928,4.623813
29/09/2022,5929,4.623808
29/09/2022,5930,4.623802
29/09/2022,5931,4.623797
29/09/2022,5932,4.623791
29/09/2022,5933,4.623786
29/09/2022,5934,4.62378
29/09/2022,5935,4.623775
29/09/2022,5936,4.623769
29/09/2022,5937,4.623764
29/09/2022,5938,4.623758
29/09/2022,5939,4.623753
29/09/2022,5940,4.623747
29/09/2022,5941,4.623742
29/09/2022,5942,4.623736
29/09/2022,5943,4.623731
29/09/2022,5944,4.623725
29/09/2022,5945,4.62372
29/09/2022,5946,4.623714
29/09/2022,5947,4.623709
29/09/2022,5948,4.623703
29/09/2022,5949,4.623698
29/09/2022,5950,4.623692
29/09/2022,5951,4.623687
29/09/2022,5952,4.623681
29/09/2022,5953,4.623676
29/09/2022,5954,4.62367
29/09/2022,5955,4.623665
29/09/2022,5956,4.623659
29/09/2022,5957,4.623654
29/09/2022,5958,4.623648
29/09/2022,5959,4.623643
29/09/2022,5960,4.623637
29/09/2022,5961,4.623632
29/09/2022,5962,4.623626
29/09/2022,5963,4.623621
29/09/2022,5964,4.623615
29/09/2022,5965,4.62361
29/09/2022,5966,4.623604
29/09/2022,5967,4.623599
29/09/2022,5968,4.623593
29/09/2022,5969,4.623588
29/09/2022,5970,4.623582
29/09/2022,5971,4.623577
29/09/2022,5972,4.623571
29/09/2022,5973,4.623566
29/09/2022,5974,4.62356
29/09/2022,5975,4.623555
29/09/2022,5976,4.623549
29/09/2022,5977,4.623544
29/09/2022,5978,4.623538
29/09/2022,5979,4.623533
29/09/2022,5980,4.623527
29/09/2022,5981,4.623522
29/09/2022,5982,4.623516
29/09/2022,5983,4.623511
29/09/2022,5984,4.623505
29/09/2022,5985,4.6235
29/09/2022,5986,4.623495
29/09/2022,5987,4.623489
29/09/2022,5988,4.623484
29/09/2022,5989,4.623478
29/09/2022,5990,4.623473
29/09/2022,5991,4.623467
29/09/2022,5992,4.623462
29/09/2022,5993,4.623456
29/09/2022,5994,4.623451
29/09/2022,5995,4.623445
29/09/2022,5996,4.62344
29/09/2022,5997,4.623434
29/09/2022,5998,4.623429
29/09/2022,5999,4.623423
29/09/2022,6000,4.623418
29/09/2022,6001,4.623412
29/09/2022,6002,4.623407
29/09/2022,6003,4.623401
29/09/2022,6004,4.623396
29/09/2022,6005,4.62339
29/09/2022,6006,4.623385
29/09/2022,6007,4.623379
29/09/2022,6008,4.623374
29/09/2022,6009,4.623368
29/09/2022,6010,4.623363
29/09/2022,6011,4.623357
29/09/2022,6012,4.623352
29/09/2022,6013,4.623346
29/09/2022,6014,4.623341
29/09/2022,6015,4.623335
29/09/2022,6016,4.62333
29/09/2022,6017,4.623324
29/09/2022,6018,4.623319
29/09/2022,6019,4.623313
29/09/2022,6020,4.623308
29/09/2022,6021,4.623302
29/09/2022,6022,4.623297
29/09/2022,6023,4.623291
29/09/2022,6024,4.623286
29/09/2022,6025,4.62328
29/09/2022,6026,4.623275
29/09/2022,6027,4.623269
29/09/2022,6028,4.623264
29/09/2022,6029,4.623258
29/09/2022,6030,4.623253
29/09/2022,6031,4.623247
29/09/2022,6032,4.623242
29/09/2022,6033,4.623236
29/09/2022,6034,4.623231
29/09/2022,6035,4.623225
29/09/2022,6036,4.62322
29/09/2022,6037,4.623214
29/09/2022,6038,4.623209
29/09/2022,6039,4.623203
29/09/2022,6040,4.623198
29/09/2022,6041,4.623192
29/09/2022,6042,4.623187
29/09/2022,6043,4.623181
29/09/2022,6044,4.623176
29/09/2022,6045,4.62317
29/09/2022,6046,4.623165
29/09/2022,6047,4.623159
29/09/2022,6048,4.623154
29/09/2022,6049,4.623148
29/09/2022,6050,4.623143
29/09/2022,6051,4.623137
29/09/2022,6052,4.623132
29/09/2022,6053,4.623126
29/09/2022,6054,4.623121
29/09/2022,6055,4.623115
29/09/2022,6056,4.62311
29/09/2022,6057,4.623104
29/09/2022,6058,4.623099
29/09/2022,6059,4.623093
29/09/2022,6060,4.623088
29/09/2022,6061,4.623082
29/09/2022,6062,4.623077
29/09/2022,6063,4.623071
29/09/2022,6064,4.623066
29/09/2022,6065,4.62306
29/09/2022,6066,4.623055
29/09/2022,6067,4.623049
29/09/2022,6068,4.623044
29/09/2022,6069,4.623038
29/09/2022,6070,4.623033
29/09/2022,6071,4.623027
29/09/2022,6072,4.623022
29/09/2022,6073,4.623016
29/09/2022,6074,4.623011
29/09/2022,6075,4.623005
29/09/2022,6076,4.623
29/09/2022,6077,4.622995
29/09/2022,6078,4.622989
29/09/2022,6079,4.622984
29/09/2022,6080,4.622978
29/09/2022,6081,4.622973
29/09/2022,6082,4.622967
29/09/2022,6083,4.622962
29/09/2022,6084,4.622956
29/09/2022,6085,4.622951
29/09/2022,6086,4.622945
29/09/2022,6087,4.62294
29/09/2022,6088,4.622934
29/09/2022,6089,4.622929
29/09/2022,6090,4.622923
29/09/2022,6091,4.622918
29/09/2022,6092,4.622912
29/09/2022,6093,4.622907
29/09/2022,6094,4.622901
29/09/2022,6095,4.622896
29/09/2022,6096,4.62289
29/09/2022,6097,4.622885
29/09/2022,6098,4.622879
29/09/2022,6099,4.622874
29/09/2022,6100,4.622868
29/09/2022,6101,4.622863
29/09/2022,6102,4.622857
29/09/2022,6103,4.622852
29/09/2022,6104,4.622846
29/09/2022,6105,4.622841
29/09/2022,6106,4.622835
29/09/2022,6107,4.62283
29/09/2022,6108,4.622824
29/09/2022,6109,4.622819
29/09/2022,6110,4.622813
29/09/2022,6111,4.622808
29/09/2022,6112,4.622802
29/09/2022,6113,4.622797
29/09/2022,6114,4.622791
29/09/2022,6115,4.622786
29/09/2022,6116,4.62278
29/09/2022,6117,4.622775
29/09/2022,6118,4.622769
29/09/2022,6119,4.622764
29/09/2022,6120,4.622758
29/09/2022,6121,4.622753
29/09/2022,6122,4.622747
29/09/2022,6123,4.622742
29/09/2022,6124,4.622736
29/09/2022,6125,4.622731
29/09/2022,6126,4.622725
29/09/2022,6127,4.62272
29/09/2022,6128,4.622714
29/09/2022,6129,4.622709
29/09/2022,6130,4.622703
29/09/2022,6131,4.622698
29/09/2022,6132,4.622692
29/09/2022,6133,4.622687
29/09/2022,6134,4.622681
29/09/2022,6135,4.622676
29/09/2022,6136,4.62267
29/09/2022,6137,4.622665
29/09/2022,6138,4.622659
29/09/2022,6139,4.622654
29/09/2022,6140,4.622648
29/09/2022,6141,4.622643
29/09/2022,6142,4.622637
29/09/2022,6143,4.622632
29/09/2022,6144,4.622626
29/09/2022,6145,4.622621
29/09/2022,6146,4.622615
29/09/2022,6147,4.62261
29/09/2022,6148,4.622604
29/09/2022,6149,4.622599
29/09/2022,6150,4.622593
29/09/2022,6151,4.622588
29/09/2022,6152,4.622582
29/09/2022,6153,4.622577
29/09/2022,6154,4.622571
29/09/2022,6155,4.622566
29/09/2022,6156,4.62256
29/09/2022,6157,4.622555
29/09/2022,6158,4.622549
29/09/2022,6159,4.622544
29/09/2022,6160,4.622538
29/09/2022,6161,4.622533
29/09/2022,6162,4.622527
29/09/2022,6163,4.622522
29/09/2022,6164,4.622516
29/09/2022,6165,4.622511
29/09/2022,6166,4.622505
29/09/2022,6167,4.6225
29/09/2022,6168,4.622495
29/09/2022,6169,4.622489
29/09/2022,6170,4.622484
29/09/2022,6171,4.622478
29/09/2022,6172,4.622473
29/09/2022,6173,4.622467
29/09/2022,6174,4.622462
29/09/2022,6175,4.622456
29/09/2022,6176,4.622451
29/09/2022,6177,4.622445
29/09/2022,6178,4.62244
29/09/2022,6179,4.622434
29/09/2022,6180,4.622429
29/09/2022,6181,4.622423
29/09/2022,6182,4.622418
29/09/2022,6183,4.622412
29/09/2022,6184,4.622407
29/09/2022,6185,4.622401
29/09/2022,6186,4.622396
29/09/2022,6187,4.62239
29/09/2022,6188,4.622385
29/09/2022,6189,4.622379
29/09/2022,6190,4.622374
29/09/2022,6191,4.622368
29/09/2022,6192,4.622363
29/09/2022,6193,4.622357
29/09/2022,6194,4.622352
29/09/2022,6195,4.622346
29/09/2022,6196,4.622341
29/09/2022,6197,4.622335
29/09/2022,6198,4.62233
29/09/2022,6199,4.622324
29/09/2022,6200,4.622319
29/09/2022,6201,4.622313
29/09/2022,6202,4.622308
29/09/2022,6203,4.622302
29/09/2022,6204,4.622297
29/09/2022,6205,4.622291
29/09/2022,6206,4.622286
29/09/2022,6207,4.62228
29/09/2022,6208,4.622275
29/09/2022,6209,4.622269
29/09/2022,6210,4.622264
29/09/2022,6211,4.622258
29/09/2022,6212,4.622253
29/09/2022,6213,4.622247
29/09/2022,6214,4.622242
29/09/2022,6215,4.622236
29/09/2022,6216,4.622231
29/09/2022,6217,4.622225
29/09/2022,6218,4.62222
29/09/2022,6219,4.622214
29/09/2022,6220,4.622209
29/09/2022,6221,4.622203
29/09/2022,6222,4.622198
29/09/2022,6223,4.622192
29/09/2022,6224,4.622187
29/09/2022,6225,4.622181
29/09/2022,6226,4.622176
29/09/2022,6227,4.62217
29/09/2022,6228,4.622165
29/09/2022,6229,4.622159
29/09/2022,6230,4.622154
29/09/2022,6231,4.622148
29/09/2022,6232,4.622143
29/09/2022,6233,4.622137
29/09/2022,6234,4.622132
29/09/2022,6235,4.622126
29/09/2022,6236,4.622121
29/09/2022,6237,4.622115
29/09/2022,6238,4.62211
29/09/2022,6239,4.622104
29/09/2022,6240,4.622099
29/09/2022,6241,4.622093
29/09/2022,6242,4.622088
29/09/2022,6243,4.622082
29/09/2022,6244,4.622077
29/09/2022,6245,4.622071
29/09/2022,6246,4.622066
29/09/2022,6247,4.62206
29/09/2022,6248,4.622055
29/09/2022,6249,4.622049
29/09/2022,6250,4.622044
29/09/2022,6251,4.622038
29/09/2022,6252,4.622033
29/09/2022,6253,4.622027
29/09/2022,6254,4.622022
29/09/2022,6255,4.622016
29/09/2022,6256,4.622011
29/09/2022,6257,4.622005
29/09/2022,6258,4.622
29/09/2022,6259,4.621995
29/09/2022,6260,4.621989
29/09/2022,6261,4.621984
29/09/2022,6262,4.621978
29/09/2022,6263,4.621973
29/09/2022,6264,4.621967
29/09/2022,6265,4.621962
29/09/2022,6266,4.621956
29/09/2022,6267,4.621951
29/09/2022,6268,4.621945
29/09/2022,6269,4.62194
29/09/2022,6270,4.621934
29/09/2022,6271,4.621929
29/09/2022,6272,4.621923
29/09/2022,6273,4.621918
29/09/2022,6274,4.621912
29/09/2022,6275,4.621907
29/09/2022,6276,4.621901
29/09/2022,6277,4.621896
29/09/2022,6278,4.62189
29/09/2022,6279,4.621885
29/09/2022,6280,4.621879
29/09/2022,6281,4.621874
29/09/2022,6282,4.621868
29/09/2022,6283,4.621863
29/09/2022,6284,4.621857
29/09/2022,6285,4.621852
29/09/2022,6286,4.621846
29/09/2022,6287,4.621841
29/09/2022,6288,4.621835
29/09/2022,6289,4.62183
29/09/2022,6290,4.621824
29/09/2022,6291,4.621819
29/09/2022,6292,4.621813
29/09/2022,6293,4.621808
29/09/2022,6294,4.621802
29/09/2022,6295,4.621797
29/09/2022,6296,4.621791
29/09/2022,6297,4.621786
29/09/2022,6298,4.62178
29/09/2022,6299,4.621775
29/09/2022,6300,4.621769
29/09/2022,6301,4.621764
29/09/2022,6302,4.621758
29/09/2022,6303,4.621753
29/09/2022,6304,4.621747
29/09/2022,6305,4.621742
29/09/2022,6306,4.621736
29/09/2022,6307,4.621731
29/09/2022,6308,4.621725
29/09/2022,6309,4.62172
29/09/2022,6310,4.621714
29/09/2022,6311,4.621709
29/09/2022,6312,4.621703
29/09/2022,6313,4.621698
29/09/2022,6314,4.621692
29/09/2022,6315,4.621687
29/09/2022,6316,4.621681
29/09/2022,6317,4.621676
29/09/2022,6318,4.62167
29/09/2022,6319,4.621665
29/09/2022,6320,4.621659
29/09/2022,6321,4.621654
29/09/2022,6322,4.621648
29/09/2022,6323,4.621643
29/09/2022,6324,4.621637
29/09/2022,6325,4.621632
29/09/2022,6326,4.621626
29/09/2022,6327,4.621621
29/09/2022,6328,4.621615
29/09/2022,6329,4.62161
29/09/2022,6330,4.621604
29/09/2022,6331,4.621599
29/09/2022,6332,4.621593
29/09/2022,6333,4.621588
29/09/2022,6334,4.621582
29/09/2022,6335,4.621577
29/09/2022,6336,4.621571
29/09/2022,6337,4.621566
29/09/2022,6338,4.62156
29/09/2022,6339,4.621555
29/09/2022,6340,4.621549
29/09/2022,6341,4.621544
29/09/2022,6342,4.621538
29/09/2022,6343,4.621533
29/09/2022,6344,4.621527
29/09/2022,6345,4.621522
29/09/2022,6346,4.621516
29/09/2022,6347,4.621511
29/09/2022,6348,4.621505
29/09/2022,6349,4.6215
29/09/2022,6350,4.621495
29/09/2022,6351,4.621489
29/09/2022,6352,4.621484
29/09/2022,6353,4.621478
29/09/2022,6354,4.621473
29/09/2022,6355,4.621467
29/09/2022,6356,4.621462
29/09/2022,6357,4.621456
29/09/2022,6358,4.621451
29/09/2022,6359,4.621445
29/09/2022,6360,4.62144
29/09/2022,6361,4.621434
29/09/2022,6362,4.621429
29/09/2022,6363,4.621423
29/09/2022,6364,4.621418
29/09/2022,6365,4.621412
29/09/2022,6366,4.621407
29/09/2022,6367,4.621401
29/09/2022,6368,4.621396
29/09/2022,6369,4.62139
29/09/2022,6370,4.621385
29/09/2022,6371,4.621379
29/09/2022,6372,4.621374
29/09/2022,6373,4.621368
29/09/2022,6374,4.621363
29/09/2022,6375,4.621357
29/09/2022,6376,4.621352
29/09/2022,6377,4.621346
29/09/2022,6378,4.621341
29/09/2022,6379,4.621335
29/09/2022,6380,4.62133
29/09/2022,6381,4.621324
29/09/2022,6382,4.621319
29/09/2022,6383,4.621313
29/09/2022,6384,4.621308
29/09/2022,6385,4.621302
29/09/2022,6386,4.621297
29/09/2022,6387,4.621291
29/09/2022,6388,4.621286
29/09/2022,6389,4.62128
29/09/2022,6390,4.621275
29/09/2022,6391,4.621269
29/09/2022,6392,4.621264
29/09/2022,6393,4.621258
29/09/2022,6394,4.621253
29/09/2022,6395,4.621247
29/09/2022,6396,4.621242
29/09/2022,6397,4.621236
29/09/2022,6398,4.621231
29/09/2022,6399,4.621225
29/09/2022,6400,4.62122
29/09/2022,6401,4.621214
29/09/2022,6402,4.621209
29/09/2022,6403,4.621203
29/09/2022,6404,4.621198
29/09/2022,6405,4.621192
29/09/2022,6406,4.621187
29/09/2022,6407,4.621181
29/09/2022,6408,4.621176
29/09/2022,6409,4.62117
29/09/2022,6410,4.621165
29/09/2022,6411,4.621159
29/09/2022,6412,4.621154
29/09/2022,6413,4.621148
29/09/2022,6414,4.621143
29/09/2022,6415,4.621137
29/09/2022,6416,4.621132
29/09/2022,6417,4.621126
29/09/2022,6418,4.621121
29/09/2022,6419,4.621115
29/09/2022,6420,4.62111
29/09/2022,6421,4.621104
29/09/2022,6422,4.621099
29/09/2022,6423,4.621093
29/09/2022,6424,4.621088
29/09/2022,6425,4.621082
29/09/2022,6426,4.621077
29/09/2022,6427,4.621071
29/09/2022,6428,4.621066
29/09/2022,6429,4.62106
29/09/2022,6430,4.621055
29/09/2022,6431,4.621049
29/09/2022,6432,4.621044
29/09/2022,6433,4.621038
29/09/2022,6434,4.621033
29/09/2022,6435,4.621027
29/09/2022,6436,4.621022
29/09/2022,6437,4.621016
29/09/2022,6438,4.621011
29/09/2022,6439,4.621005
29/09/2022,6440,4.621
29/09/2022,6441,4.620995
29/09/2022,6442,4.620989
29/09/2022,6443,4.620984
29/09/2022,6444,4.620978
29/09/2022,6445,4.620973
29/09/2022,6446,4.620967
29/09/2022,6447,4.620962
29/09/2022,6448,4.620956
29/09/2022,6449,4.620951
29/09/2022,6450,4.620945
29/09/2022,6451,4.62094
29/09/2022,6452,4.620934
29/09/2022,6453,4.620929
29/09/2022,6454,4.620923
29/09/2022,6455,4.620918
29/09/2022,6456,4.620912
29/09/2022,6457,4.620907
29/09/2022,6458,4.620901
29/09/2022,6459,4.620896
29/09/2022,6460,4.62089
29/09/2022,6461,4.620885
29/09/2022,6462,4.620879
29/09/2022,6463,4.620874
29/09/2022,6464,4.620868
29/09/2022,6465,4.620863
29/09/2022,6466,4.620857
29/09/2022,6467,4.620852
29/09/2022,6468,4.620846
29/09/2022,6469,4.620841
29/09/2022,6470,4.620835
29/09/2022,6471,4.62083
29/09/2022,6472,4.620824
29/09/2022,6473,4.620819
29/09/2022,6474,4.620813
29/09/2022,6475,4.620808
29/09/2022,6476,4.620802
29/09/2022,6477,4.620797
29/09/2022,6478,4.620791
29/09/2022,6479,4.620786
29/09/2022,6480,4.62078
29/09/2022,6481,4.620775
29/09/2022,6482,4.620769
29/09/2022,6483,4.620764
29/09/2022,6484,4.620758
29/09/2022,6485,4.620753
29/09/2022,6486,4.620747
29/09/2022,6487,4.620742
29/09/2022,6488,4.620736
29/09/2022,6489,4.620731
29/09/2022,6490,4.620725
29/09/2022,6491,4.62072
29/09/2022,6492,4.620714
29/09/2022,6493,4.620709
29/09/2022,6494,4.620703
29/09/2022,6495,4.620698
29/09/2022,6496,4.620692
29/09/2022,6497,4.620687
29/09/2022,6498,4.620681
29/09/2022,6499,4.620676
29/09/2022,6500,4.62067
29/09/2022,6501,4.620665
29/09/2022,6502,4.620659
29/09/2022,6503,4.620654
29/09/2022,6504,4.620648
29/09/2022,6505,4.620643
29/09/2022,6506,4.620637
29/09/2022,6507,4.620632
29/09/2022,6508,4.620626
29/09/2022,6509,4.620621
29/09/2022,6510,4.620615
29/09/2022,6511,4.62061
29/09/2022,6512,4.620604
29/09/2022,6513,4.620599
29/09/2022,6514,4.620593
29/09/2022,6515,4.620588
29/09/2022,6516,4.620582
29/09/2022,6517,4.620577
29/09/2022,6518,4.620571
29/09/2022,6519,4.620566
29/09/2022,6520,4.62056
29/09/2022,6521,4.620555
29/09/2022,6522,4.620549
29/09/2022,6523,4.620544
29/09/2022,6524,4.620538
29/09/2022,6525,4.620533
29/09/2022,6526,4.620527
29/09/2022,6527,4.620522
29/09/2022,6528,4.620516
29/09/2022,6529,4.620511
29/09/2022,6530,4.620505
29/09/2022,6531,4.6205
29/09/2022,6532,4.620495
29/09/2022,6533,4.620489
29/09/2022,6534,4.620484
29/09/2022,6535,4.620478
29/09/2022,6536,4.620473
29/09/2022,6537,4.620467
29/09/2022,6538,4.620462
29/09/2022,6539,4.620456
29/09/2022,6540,4.620451
29/09/2022,6541,4.620445
29/09/2022,6542,4.62044
29/09/2022,6543,4.620434
29/09/2022,6544,4.620429
29/09/2022,6545,4.620423
29/09/2022,6546,4.620418
29/09/2022,6547,4.620412
29/09/2022,6548,4.620407
29/09/2022,6549,4.620401
29/09/2022,6550,4.620396
29/09/2022,6551,4.62039
29/09/2022,6552,4.620385
29/09/2022,6553,4.620379
29/09/2022,6554,4.620374
29/09/2022,6555,4.620368
29/09/2022,6556,4.620363
29/09/2022,6557,4.620357
29/09/2022,6558,4.620352
29/09/2022,6559,4.620346
29/09/2022,6560,4.620341
29/09/2022,6561,4.620335
29/09/2022,6562,4.62033
29/09/2022,6563,4.620324
29/09/2022,6564,4.620319
29/09/2022,6565,4.620313
29/09/2022,6566,4.620308
29/09/2022,6567,4.620302
29/09/2022,6568,4.620297
29/09/2022,6569,4.620291
29/09/2022,6570,4.620286
29/09/2022,6571,4.62028
29/09/2022,6572,4.620275
29/09/2022,6573,4.620269
29/09/2022,6574,4.620264
29/09/2022,6575,4.620258
29/09/2022,6576,4.620253
29/09/2022,6577,4.620247
29/09/2022,6578,4.620242
29/09/2022,6579,4.620236
29/09/2022,6580,4.620231
29/09/2022,6581,4.620225
29/09/2022,6582,4.62022
29/09/2022,6583,4.620214
29/09/2022,6584,4.620209
29/09/2022,6585,4.620203
29/09/2022,6586,4.620198
29/09/2022,6587,4.620192
29/09/2022,6588,4.620187
29/09/2022,6589,4.620181
29/09/2022,6590,4.620176
29/09/2022,6591,4.62017
29/09/2022,6592,4.620165
29/09/2022,6593,4.620159
29/09/2022,6594,4.620154
29/09/2022,6595,4.620148
29/09/2022,6596,4.620143
29/09/2022,6597,4.620137
29/09/2022,6598,4.620132
29/09/2022,6599,4.620126
29/09/2022,6600,4.620121
29/09/2022,6601,4.620115
29/09/2022,6602,4.62011
29/09/2022,6603,4.620104
29/09/2022,6604,4.620099
29/09/2022,6605,4.620093
29/09/2022,6606,4.620088
29/09/2022,6607,4.620082
29/09/2022,6608,4.620077
29/09/2022,6609,4.620071
29/09/2022,6610,4.620066
29/09/2022,6611,4.62006
29/09/2022,6612,4.620055
29/09/2022,6613,4.620049
29/09/2022,6614,4.620044
29/09/2022,6615,4.620038
29/09/2022,6616,4.620033
29/09/2022,6617,4.620027
29/09/2022,6618,4.620022
29/09/2022,6619,4.620016
29/09/2022,6620,4.620011
29/09/2022,6621,4.620005
29/09/2022,6622,4.62
29/09/2022,6623,4.619954
29/09/2022,6624,4.619908
29/09/2022,6625,4.619863
29/09/2022,6626,4.619817
29/09/2022,6627,4.619771
29/09/2022,6628,4.619725
29/09/2022,6629,4.619679
29/09/2022,6630,4.619634
29/09/2022,6631,4.619588
29/09/2022,6632,4.619542
29/09/2022,6633,4.619496
29/09/2022,6634,4.619451
29/09/2022,6635,4.619405
29/09/2022,6636,4.619359
29/09/2022,6637,4.619313
29/09/2022,6638,4.619267
29/09/2022,6639,4.619222
29/09/2022,6640,4.619176
29/09/2022,6641,4.61913
29/09/2022,6642,4.619084
29/09/2022,6643,4.619038
29/09/2022,6644,4.618993
29/09/2022,6645,4.618947
29/09/2022,6646,4.618901
29/09/2022,6647,4.618855
29/09/2022,6648,4.61881
29/09/2022,6649,4.618764
29/09/2022,6650,4.618718
29/09/2022,6651,4.618672
29/09/2022,6652,4.618626
29/09/2022,6653,4.618581
29/09/2022,6654,4.618535
29/09/2022,6655,4.618489
29/09/2022,6656,4.618443
29/09/2022,6657,4.618397
29/09/2022,6658,4.618352
29/09/2022,6659,4.618306
29/09/2022,6660,4.61826
29/09/2022,6661,4.618214
29/09/2022,6662,4.618168
29/09/2022,6663,4.618123
29/09/2022,6664,4.618077
29/09/2022,6665,4.618031
29/09/2022,6666,4.617985
29/09/2022,6667,4.61794
29/09/2022,6668,4.617894
29/09/2022,6669,4.617848
29/09/2022,6670,4.617802
29/09/2022,6671,4.617756
29/09/2022,6672,4.617711
29/09/2022,6673,4.617665
29/09/2022,6674,4.617619
29/09/2022,6675,4.617573
29/09/2022,6676,4.617527
29/09/2022,6677,4.617482
29/09/2022,6678,4.617436
29/09/2022,6679,4.61739
29/09/2022,6680,4.617344
29/09/2022,6681,4.617299
29/09/2022,6682,4.617253
29/09/2022,6683,4.617207
29/09/2022,6684,4.617161
29/09/2022,6685,4.617115
29/09/2022,6686,4.61707
29/09/2022,6687,4.617024
29/09/2022,6688,4.616978
29/09/2022,6689,4.616932
29/09/2022,6690,4.616886
29/09/2022,6691,4.616841
29/09/2022,6692,4.616795
29/09/2022,6693,4.616749
29/09/2022,6694,4.616703
29/09/2022,6695,4.616658
29/09/2022,6696,4.616612
29/09/2022,6697,4.616566
29/09/2022,6698,4.61652
29/09/2022,6699,4.616474
29/09/2022,6700,4.616429
29/09/2022,6701,4.616383
29/09/2022,6702,4.616337
29/09/2022,6703,4.616291
29/09/2022,6704,4.616245
29/09/2022,6705,4.6162
29/09/2022,6706,4.616154
29/09/2022,6707,4.616108
29/09/2022,6708,4.616062
29/09/2022,6709,4.616016
29/09/2022,6710,4.615971
29/09/2022,6711,4.615925
29/09/2022,6712,4.615879
29/09/2022,6713,4.615833
29/09/2022,6714,4.615788
29/09/2022,6715,4.615742
29/09/2022,6716,4.615696
29/09/2022,6717,4.61565
29/09/2022,6718,4.615604
29/09/2022,6719,4.615559
29/09/2022,6720,4.615513
29/09/2022,6721,4.615467
29/09/2022,6722,4.615421
29/09/2022,6723,4.615375
29/09/2022,6724,4.61533
29/09/2022,6725,4.615284
29/09/2022,6726,4.615238
29/09/2022,6727,4.615192
29/09/2022,6728,4.615147
29/09/2022,6729,4.615101
29/09/2022,6730,4.615055
29/09/2022,6731,4.615009
29/09/2022,6732,4.614963
29/09/2022,6733,4.614918
29/09/2022,6734,4.614872
29/09/2022,6735,4.614826
29/09/2022,6736,4.61478
29/09/2022,6737,4.614734
29/09/2022,6738,4.614689
29/09/2022,6739,4.614643
29/09/2022,6740,4.614597
29/09/2022,6741,4.614551
29/09/2022,6742,4.614505
29/09/2022,6743,4.61446
29/09/2022,6744,4.614414
29/09/2022,6745,4.614368
29/09/2022,6746,4.614322
29/09/2022,6747,4.614277
29/09/2022,6748,4.614231
29/09/2022,6749,4.614185
29/09/2022,6750,4.614139
29/09/2022,6751,4.614093
29/09/2022,6752,4.614048
29/09/2022,6753,4.614002
29/09/2022,6754,4.613956
29/09/2022,6755,4.61391
29/09/2022,6756,4.613864
29/09/2022,6757,4.613819
29/09/2022,6758,4.613773
29/09/2022,6759,4.613727
29/09/2022,6760,4.613681
29/09/2022,6761,4.613636
29/09/2022,6762,4.61359
29/09/2022,6763,4.613544
29/09/2022,6764,4.613498
29/09/2022,6765,4.613452
29/09/2022,6766,4.613407
29/09/2022,6767,4.613361
29/09/2022,6768,4.613315
29/09/2022,6769,4.613269
29/09/2022,6770,4.613223
29/09/2022,6771,4.613178
29/09/2022,6772,4.613132
29/09/2022,6773,4.613086
29/09/2022,6774,4.61304
29/09/2022,6775,4.612995
29/09/2022,6776,4.612949
29/09/2022,6777,4.612903
29/09/2022,6778,4.612857
29/09/2022,6779,4.612811
29/09/2022,6780,4.612766
29/09/2022,6781,4.61272
29/09/2022,6782,4.612674
29/09/2022,6783,4.612628
29/09/2022,6784,4.612582
29/09/2022,6785,4.612537
29/09/2022,6786,4.612491
29/09/2022,6787,4.612445
29/09/2022,6788,4.612399
29/09/2022,6789,4.612353
29/09/2022,6790,4.612308
29/09/2022,6791,4.612262
29/09/2022,6792,4.612216
29/09/2022,6793,4.61217
29/09/2022,6794,4.612125
29/09/2022,6795,4.612079
29/09/2022,6796,4.612033
29/09/2022,6797,4.611987
29/09/2022,6798,4.611941
29/09/2022,6799,4.611896
29/09/2022,6800,4.61185
29/09/2022,6801,4.611804
29/09/2022,6802,4.611758
29/09/2022,6803,4.611712
29/09/2022,6804,4.611667
29/09/2022,6805,4.611621
29/09/2022,6806,4.611575
29/09/2022,6807,4.611529
29/09/2022,6808,4.611484
29/09/2022,6809,4.611438
29/09/2022,6810,4.611392
29/09/2022,6811,4.611346
29/09/2022,6812,4.6113
29/09/2022,6813,4.611255
29/09/2022,6814,4.611209
29/09/2022,6815,4.611163
29/09/2022,6816,4.611117
29/09/2022,6817,4.611071
29/09/2022,6818,4.611026
29/09/2022,6819,4.61098
29/09/2022,6820,4.610934
29/09/2022,6821,4.610888
29/09/2022,6822,4.610842
29/09/2022,6823,4.610797
29/09/2022,6824,4.610751
29/09/2022,6825,4.610705
29/09/2022,6826,4.610659
29/09/2022,6827,4.610614
29/09/2022,6828,4.610568
29/09/2022,6829,4.610522
29/09/2022,6830,4.610476
29/09/2022,6831,4.61043
29/09/2022,6832,4.610385
29/09/2022,6833,4.610339
29/09/2022,6834,4.610293
29/09/2022,6835,4.610247
29/09/2022,6836,4.610201
29/09/2022,6837,4.610156
29/09/2022,6838,4.61011
29/09/2022,6839,4.610064
29/09/2022,6840,4.610018
29/09/2022,6841,4.609973
29/09/2022,6842,4.609927
29/09/2022,6843,4.609881
29/09/2022,6844,4.609835
29/09/2022,6845,4.609789
29/09/2022,6846,4.609744
29/09/2022,6847,4.609698
29/09/2022,6848,4.609652
29/09/2022,6849,4.609606
29/09/2022,6850,4.60956
29/09/2022,6851,4.609515
29/09/2022,6852,4.609469
29/09/2022,6853,4.609423
29/09/2022,6854,4.609377
29/09/2022,6855,4.609332
29/09/2022,6856,4.609286
29/09/2022,6857,4.60924
29/09/2022,6858,4.609194
29/09/2022,6859,4.609148
29/09/2022,6860,4.609103
29/09/2022,6861,4.609057
29/09/2022,6862,4.609011
29/09/2022,6863,4.608965
29/09/2022,6864,4.608919
29/09/2022,6865,4.608874
29/09/2022,6866,4.608828
29/09/2022,6867,4.608782
29/09/2022,6868,4.608736
29/09/2022,6869,4.60869
29/09/2022,6870,4.608645
29/09/2022,6871,4.608599
29/09/2022,6872,4.608553
29/09/2022,6873,4.608507
29/09/2022,6874,4.608462
29/09/2022,6875,4.608416
29/09/2022,6876,4.60837
29/09/2022,6877,4.608324
29/09/2022,6878,4.608278
29/09/2022,6879,4.608233
29/09/2022,6880,4.608187
29/09/2022,6881,4.608141
29/09/2022,6882,4.608095
29/09/2022,6883,4.608049
29/09/2022,6884,4.608004
29/09/2022,6885,4.607958
29/09/2022,6886,4.607912
29/09/2022,6887,4.607866
29/09/2022,6888,4.607821
29/09/2022,6889,4.607775
29/09/2022,6890,4.607729
29/09/2022,6891,4.607683
29/09/2022,6892,4.607637
29/09/2022,6893,4.607592
29/09/2022,6894,4.607546
29/09/2022,6895,4.6075
29/09/2022,6896,4.607454
29/09/2022,6897,4.607408
29/09/2022,6898,4.607363
29/09/2022,6899,4.607317
29/09/2022,6900,4.607271
29/09/2022,6901,4.607225
29/09/2022,6902,4.607179
29/09/2022,6903,4.607134
29/09/2022,6904,4.607088
29/09/2022,6905,4.607042
29/09/2022,6906,4.606996
29/09/2022,6907,4.606951
29/09/2022,6908,4.606905
29/09/2022,6909,4.606859
29/09/2022,6910,4.606813
29/09/2022,6911,4.606767
29/09/2022,6912,4.606722
29/09/2022,6913,4.606676
29/09/2022,6914,4.60663
29/09/2022,6915,4.606584
29/09/2022,6916,4.606538
29/09/2022,6917,4.606493
29/09/2022,6918,4.606447
29/09/2022,6919,4.606401
29/09/2022,6920,4.606355
29/09/2022,6921,4.60631
29/09/2022,6922,4.606264
29/09/2022,6923,4.606218
29/09/2022,6924,4.606172
29/09/2022,6925,4.606126
29/09/2022,6926,4.606081
29/09/2022,6927,4.606035
29/09/2022,6928,4.605989
29/09/2022,6929,4.605943
29/09/2022,6930,4.605897
29/09/2022,6931,4.605852
29/09/2022,6932,4.605806
29/09/2022,6933,4.60576
29/09/2022,6934,4.605714
29/09/2022,6935,4.605668
29/09/2022,6936,4.605623
29/09/2022,6937,4.605577
29/09/2022,6938,4.605531
29/09/2022,6939,4.605485
29/09/2022,6940,4.60544
29/09/2022,6941,4.605394
29/09/2022,6942,4.605348
29/09/2022,6943,4.605302
29/09/2022,6944,4.605256
29/09/2022,6945,4.605211
29/09/2022,6946,4.605165
29/09/2022,6947,4.605119
29/09/2022,6948,4.605073
29/09/2022,6949,4.605027
29/09/2022,6950,4.604982
29/09/2022,6951,4.604936
29/09/2022,6952,4.60489
29/09/2022,6953,4.604844
29/09/2022,6954,4.604799
29/09/2022,6955,4.604753
29/09/2022,6956,4.604707
29/09/2022,6957,4.604661
29/09/2022,6958,4.604615
29/09/2022,6959,4.60457
29/09/2022,6960,4.604524
29/09/2022,6961,4.604478
29/09/2022,6962,4.604432
29/09/2022,6963,4.604386
29/09/2022,6964,4.604341
29/09/2022,6965,4.604295
29/09/2022,6966,4.604249
29/09/2022,6967,4.604203
29/09/2022,6968,4.604158
29/09/2022,6969,4.604112
29/09/2022,6970,4.604066
29/09/2022,6971,4.60402
29/09/2022,6972,4.603974
29/09/2022,6973,4.603929
29/09/2022,6974,4.603883
29/09/2022,6975,4.603837
29/09/2022,6976,4.603791
29/09/2022,6977,4.603745
29/09/2022,6978,4.6037
29/09/2022,6979,4.603654
29/09/2022,6980,4.603608
29/09/2022,6981,4.603562
29/09/2022,6982,4.603516
29/09/2022,6983,4.603471
29/09/2022,6984,4.603425
29/09/2022,6985,4.603379
29/09/2022,6986,4.603333
29/09/2022,6987,4.603288
29/09/2022,6988,4.603242
29/09/2022,6989,4.603196
29/09/2022,6990,4.60315
29/09/2022,6991,4.603104
29/09/2022,6992,4.603059
29/09/2022,6993,4.603013
29/09/2022,6994,4.602967
29/09/2022,6995,4.602921
29/09/2022,6996,4.602875
29/09/2022,6997,4.60283
29/09/2022,6998,4.602784
29/09/2022,6999,4.602738
29/09/2022,7000,4.602692
29/09/2022,7001,4.602647
29/09/2022,7002,4.602601
29/09/2022,7003,4.602555
29/09/2022,7004,4.602509
29/09/2022,7005,4.602463
29/09/2022,7006,4.602418
29/09/2022,7007,4.602372
29/09/2022,7008,4.602326
29/09/2022,7009,4.60228
29/09/2022,7010,4.602234
29/09/2022,7011,4.602189
29/09/2022,7012,4.602143
29/09/2022,7013,4.602097
29/09/2022,7014,4.602051
29/09/2022,7015,4.602005
29/09/2022,7016,4.60196
29/09/2022,7017,4.601914
29/09/2022,7018,4.601868
29/09/2022,7019,4.601822
29/09/2022,7020,4.601777
29/09/2022,7021,4.601731
29/09/2022,7022,4.601685
29/09/2022,7023,4.601639
29/09/2022,7024,4.601593
29/09/2022,7025,4.601548
29/09/2022,7026,4.601502
29/09/2022,7027,4.601456
29/09/2022,7028,4.60141
29/09/2022,7029,4.601364
29/09/2022,7030,4.601319
29/09/2022,7031,4.601273
29/09/2022,7032,4.601227
29/09/2022,7033,4.601181
29/09/2022,7034,4.601136
29/09/2022,7035,4.60109
29/09/2022,7036,4.601044
29/09/2022,7037,4.600998
29/09/2022,7038,4.600952
29/09/2022,7039,4.600907
29/09/2022,7040,4.600861
29/09/2022,7041,4.600815
29/09/2022,7042,4.600769
29/09/2022,7043,4.600723
29/09/2022,7044,4.600678
29/09/2022,7045,4.600632
29/09/2022,7046,4.600586
29/09/2022,7047,4.60054
29/09/2022,7048,4.600495
29/09/2022,7049,4.600449
29/09/2022,7050,4.600403
29/09/2022,7051,4.600357
29/09/2022,7052,4.600311
29/09/2022,7053,4.600266
29/09/2022,7054,4.60022
29/09/2022,7055,4.600174
29/09/2022,7056,4.600128
29/09/2022,7057,4.600082
29/09/2022,7058,4.600037
29/09/2022,7059,4.599991
29/09/2022,7060,4.599945
29/09/2022,7061,4.599899
29/09/2022,7062,4.599853
29/09/2022,7063,4.599808
29/09/2022,7064,4.599762
29/09/2022,7065,4.599716
29/09/2022,7066,4.59967
29/09/2022,7067,4.599625
29/09/2022,7068,4.599579
29/09/2022,7069,4.599533
29/09/2022,7070,4.599487
29/09/2022,7071,4.599441
29/09/2022,7072,4.599396
29/09/2022,7073,4.59935
29/09/2022,7074,4.599304
29/09/2022,7075,4.599258
29/09/2022,7076,4.599212
29/09/2022,7077,4.599167
29/09/2022,7078,4.599121
29/09/2022,7079,4.599075
29/09/2022,7080,4.599029
29/09/2022,7081,4.598984
29/09/2022,7082,4.598938
29/09/2022,7083,4.598892
29/09/2022,7084,4.598846
29/09/2022,7085,4.5988
29/09/2022,7086,4.598755
29/09/2022,7087,4.598709
29/09/2022,7088,4.598663
29/09/2022,7089,4.598617
29/09/2022,7090,4.598571
29/09/2022,7091,4.598526
29/09/2022,7092,4.59848
29/09/2022,7093,4.598434
29/09/2022,7094,4.598388
29/09/2022,7095,4.598342
29/09/2022,7096,4.598297
29/09/2022,7097,4.598251
29/09/2022,7098,4.598205
29/09/2022,7099,4.598159
29/09/2022,7100,4.598114
29/09/2022,7101,4.598068
29/09/2022,7102,4.598022
29/09/2022,7103,4.597976
29/09/2022,7104,4.59793
29/09/2022,7105,4.597885
29/09/2022,7106,4.597839
29/09/2022,7107,4.597793
29/09/2022,7108,4.597747
29/09/2022,7109,4.597701
29/09/2022,7110,4.597656
29/09/2022,7111,4.59761
29/09/2022,7112,4.597564
29/09/2022,7113,4.597518
29/09/2022,7114,4.597473
29/09/2022,7115,4.597427
29/09/2022,7116,4.597381
29/09/2022,7117,4.597335
29/09/2022,7118,4.597289
29/09/2022,7119,4.597244
29/09/2022,7120,4.597198
29/09/2022,7121,4.597152
29/09/2022,7122,4.597106
29/09/2022,7123,4.59706
29/09/2022,7124,4.597015
29/09/2022,7125,4.596969
29/09/2022,7126,4.596923
29/09/2022,7127,4.596877
29/09/2022,7128,4.596832
29/09/2022,7129,4.596786
29/09/2022,7130,4.59674
29/09/2022,7131,4.596694
29/09/2022,7132,4.596648
29/09/2022,7133,4.596603
29/09/2022,7134,4.596557
29/09/2022,7135,4.596511
29/09/2022,7136,4.596465
29/09/2022,7137,4.596419
29/09/2022,7138,4.596374
29/09/2022,7139,4.596328
29/09/2022,7140,4.596282
29/09/2022,7141,4.596236
29/09/2022,7142,4.59619
29/09/2022,7143,4.596145
29/09/2022,7144,4.596099
29/09/2022,7145,4.596053
29/09/2022,7146,4.596007
29/09/2022,7147,4.595962
29/09/2022,7148,4.595916
29/09/2022,7149,4.59587
29/09/2022,7150,4.595824
29/09/2022,7151,4.595778
29/09/2022,7152,4.595733
29/09/2022,7153,4.595687
29/09/2022,7154,4.595641
29/09/2022,7155,4.595595
29/09/2022,7156,4.595549
29/09/2022,7157,4.595504
29/09/2022,7158,4.595458
29/09/2022,7159,4.595412
29/09/2022,7160,4.595366
29/09/2022,7161,4.595321
29/09/2022,7162,4.595275
29/09/2022,7163,4.595229
29/09/2022,7164,4.595183
29/09/2022,7165,4.595137
29/09/2022,7166,4.595092
29/09/2022,7167,4.595046
29/09/2022,7168,4.595
29/09/2022,7169,4.594954
29/09/2022,7170,4.594908
29/09/2022,7171,4.594863
29/09/2022,7172,4.594817
29/09/2022,7173,4.594771
29/09/2022,7174,4.594725
29/09/2022,7175,4.594679
29/09/2022,7176,4.594634
29/09/2022,7177,4.594588
29/09/2022,7178,4.594542
29/09/2022,7179,4.594496
29/09/2022,7180,4.594451
29/09/2022,7181,4.594405
29/09/2022,7182,4.594359
29/09/2022,7183,4.594313
29/09/2022,7184,4.594267
29/09/2022,7185,4.594222
29/09/2022,7186,4.594176
29/09/2022,7187,4.59413
29/09/2022,7188,4.594084
29/09/2022,7189,4.594038
29/09/2022,7190,4.593993
29/09/2022,7191,4.593947
29/09/2022,7192,4.593901
29/09/2022,7193,4.593855
29/09/2022,7194,4.59381
29/09/2022,7195,4.593764
29/09/2022,7196,4.593718
29/09/2022,7197,4.593672
29/09/2022,7198,4.593626
29/09/2022,7199,4.593581
29/09/2022,7200,4.593535
29/09/2022,7201,4.593489
29/09/2022,7202,4.593443
29/09/2022,7203,4.593397
29/09/2022,7204,4.593352
29/09/2022,7205,4.593306
29/09/2022,7206,4.59326
29/09/2022,7207,4.593214
29/09/2022,7208,4.593168
29/09/2022,7209,4.593123
29/09/2022,7210,4.593077
29/09/2022,7211,4.593031
29/09/2022,7212,4.592985
29/09/2022,7213,4.59294
29/09/2022,7214,4.592894
29/09/2022,7215,4.592848
29/09/2022,7216,4.592802
29/09/2022,7217,4.592756
29/09/2022,7218,4.592711
29/09/2022,7219,4.592665
29/09/2022,7220,4.592619
29/09/2022,7221,4.592573
29/09/2022,7222,4.592527
29/09/2022,7223,4.592482
29/09/2022,7224,4.592436
29/09/2022,7225,4.59239
29/09/2022,7226,4.592344
29/09/2022,7227,4.592299
29/09/2022,7228,4.592253
29/09/2022,7229,4.592207
29/09/2022,7230,4.592161
29/09/2022,7231,4.592115
29/09/2022,7232,4.59207
29/09/2022,7233,4.592024
29/09/2022,7234,4.591978
29/09/2022,7235,4.591932
29/09/2022,7236,4.591886
29/09/2022,7237,4.591841
29/09/2022,7238,4.591795
29/09/2022,7239,4.591749
29/09/2022,7240,4.591703
29/09/2022,7241,4.591658
29/09/2022,7242,4.591612
29/09/2022,7243,4.591566
29/09/2022,7244,4.59152
29/09/2022,7245,4.591474
29/09/2022,7246,4.591429
29/09/2022,7247,4.591383
29/09/2022,7248,4.591337
29/09/2022,7249,4.591291
29/09/2022,7250,4.591245
29/09/2022,7251,4.5912
29/09/2022,7252,4.591154
29/09/2022,7253,4.591108
29/09/2022,7254,4.591062
29/09/2022,7255,4.591016
29/09/2022,7256,4.590971
29/09/2022,7257,4.590925
29/09/2022,7258,4.590879
29/09/2022,7259,4.590833
29/09/2022,7260,4.590788
29/09/2022,7261,4.590742
29/09/2022,7262,4.590696
29/09/2022,7263,4.59065
29/09/2022,7264,4.590604
29/09/2022,7265,4.590559
29/09/2022,7266,4.590513
29/09/2022,7267,4.590467
29/09/2022,7268,4.590421
29/09/2022,7269,4.590375
29/09/2022,7270,4.59033
29/09/2022,7271,4.590284
29/09/2022,7272,4.590238
29/09/2022,7273,4.590192
29/09/2022,7274,4.590147
29/09/2022,7275,4.590101
29/09/2022,7276,4.590055
29/09/2022,7277,4.590009
29/09/2022,7278,4.589963
29/09/2022,7279,4.589918
29/09/2022,7280,4.589872
29/09/2022,7281,4.589826
29/09/2022,7282,4.58978
29/09/2022,7283,4.589734
29/09/2022,7284,4.589689
29/09/2022,7285,4.589643
29/09/2022,7286,4.589597
29/09/2022,7287,4.589551
29/09/2022,7288,4.589505
29/09/2022,7289,4.58946
29/09/2022,7290,4.589414
29/09/2022,7291,4.589368
29/09/2022,7292,4.589322
29/09/2022,7293,4.589277
29/09/2022,7294,4.589231
29/09/2022,7295,4.589185
29/09/2022,7296,4.589139
29/09/2022,7297,4.589093
29/09/2022,7298,4.589048
29/09/2022,7299,4.589002
29/09/2022,7300,4.588956
29/09/2022,7301,4.58891
29/09/2022,7302,4.588864
29/09/2022,7303,4.588819
29/09/2022,7304,4.588773
29/09/2022,7305,4.588727
29/09/2022,7306,4.588681
29/09/2022,7307,4.588636
29/09/2022,7308,4.58859
29/09/2022,7309,4.588544
29/09/2022,7310,4.588498
29/09/2022,7311,4.588452
29/09/2022,7312,4.588407
29/09/2022,7313,4.588361
29/09/2022,7314,4.588315
29/09/2022,7315,4.588269
29/09/2022,7316,4.588223
29/09/2022,7317,4.588178
29/09/2022,7318,4.588132
29/09/2022,7319,4.588086
29/09/2022,7320,4.58804
29/09/2022,7321,4.587995
29/09/2022,7322,4.587949
29/09/2022,7323,4.587903
29/09/2022,7324,4.587857
29/09/2022,7325,4.587811
29/09/2022,7326,4.587766
29/09/2022,7327,4.58772
29/09/2022,7328,4.587674
29/09/2022,7329,4.587628
29/09/2022,7330,4.587582
29/09/2022,7331,4.587537
29/09/2022,7332,4.587491
29/09/2022,7333,4.587445
29/09/2022,7334,4.587399
29/09/2022,7335,4.587353
29/09/2022,7336,4.587308
29/09/2022,7337,4.587262
29/09/2022,7338,4.587216
29/09/2022,7339,4.58717
29/09/2022,7340,4.587125
29/09/2022,7341,4.587079
29/09/2022,7342,4.587033
29/09/2022,7343,4.586987
29/09/2022,7344,4.586941
29/09/2022,7345,4.586896
29/09/2022,7346,4.58685
29/09/2022,7347,4.586804
29/09/2022,7348,4.586758
29/09/2022,7349,4.586712
29/09/2022,7350,4.586667
29/09/2022,7351,4.586621
29/09/2022,7352,4.586575
29/09/2022,7353,4.586529
29/09/2022,7354,4.586484
29/09/2022,7355,4.586438
29/09/2022,7356,4.586392
29/09/2022,7357,4.586346
29/09/2022,7358,4.5863
29/09/2022,7359,4.586255
29/09/2022,7360,4.586209
29/09/2022,7361,4.586163
29/09/2022,7362,4.586117
29/09/2022,7363,4.586071
29/09/2022,7364,4.586026
29/09/2022,7365,4.58598
29/09/2022,7366,4.585934
29/09/2022,7367,4.585888
29/09/2022,7368,4.585842
29/09/2022,7369,4.585797
29/09/2022,7370,4.585751
29/09/2022,7371,4.585705
29/09/2022,7372,4.585659
29/09/2022,7373,4.585614
29/09/2022,7374,4.585568
29/09/2022,7375,4.585522
29/09/2022,7376,4.585476
29/09/2022,7377,4.58543
29/09/2022,7378,4.585385
29/09/2022,7379,4.585339
29/09/2022,7380,4.585293
29/09/2022,7381,4.585247
29/09/2022,7382,4.585201
29/09/2022,7383,4.585156
29/09/2022,7384,4.58511
29/09/2022,7385,4.585064
29/09/2022,7386,4.585018
29/09/2022,7387,4.584973
29/09/2022,7388,4.584927
29/09/2022,7389,4.584881
29/09/2022,7390,4.584835
29/09/2022,7391,4.584789
29/09/2022,7392,4.584744
29/09/2022,7393,4.584698
29/09/2022,7394,4.584652
29/09/2022,7395,4.584606
29/09/2022,7396,4.58456
29/09/2022,7397,4.584515
29/09/2022,7398,4.584469
29/09/2022,7399,4.584423
29/09/2022,7400,4.584377
29/09/2022,7401,4.584332
29/09/2022,7402,4.584286
29/09/2022,7403,4.58424
29/09/2022,7404,4.584194
29/09/2022,7405,4.584148
29/09/2022,7406,4.584103
29/09/2022,7407,4.584057
29/09/2022,7408,4.584011
29/09/2022,7409,4.583965
29/09/2022,7410,4.583919
29/09/2022,7411,4.583874
29/09/2022,7412,4.583828
29/09/2022,7413,4.583782
29/09/2022,7414,4.583736
29/09/2022,7415,4.58369
29/09/2022,7416,4.583645
29/09/2022,7417,4.583599
29/09/2022,7418,4.583553
29/09/2022,7419,4.583507
29/09/2022,7420,4.583462
29/09/2022,7421,4.583416
29/09/2022,7422,4.58337
29/09/2022,7423,4.583324
29/09/2022,7424,4.583278
29/09/2022,7425,4.583233
29/09/2022,7426,4.583187
29/09/2022,7427,4.583141
29/09/2022,7428,4.583095
29/09/2022,7429,4.583049
29/09/2022,7430,4.583004
29/09/2022,7431,4.582958
29/09/2022,7432,4.582912
29/09/2022,7433,4.582866
29/09/2022,7434,4.582821
29/09/2022,7435,4.582775
29/09/2022,7436,4.582729
29/09/2022,7437,4.582683
29/09/2022,7438,4.582637
29/09/2022,7439,4.582592
29/09/2022,7440,4.582546
29/09/2022,7441,4.5825
29/09/2022,7442,4.582454
29/09/2022,7443,4.582408
29/09/2022,7444,4.582363
29/09/2022,7445,4.582317
29/09/2022,7446,4.582271
29/09/2022,7447,4.582225
29/09/2022,7448,4.582179
29/09/2022,7449,4.582134
29/09/2022,7450,4.582088
29/09/2022,7451,4.582042
29/09/2022,7452,4.581996
29/09/2022,7453,4.581951
29/09/2022,7454,4.581905
29/09/2022,7455,4.581859
29/09/2022,7456,4.581813
29/09/2022,7457,4.581767
29/09/2022,7458,4.581722
29/09/2022,7459,4.581676
29/09/2022,7460,4.58163
29/09/2022,7461,4.581584
29/09/2022,7462,4.581538
29/09/2022,7463,4.581493
29/09/2022,7464,4.581447
29/09/2022,7465,4.581401
29/09/2022,7466,4.581355
29/09/2022,7467,4.58131
29/09/2022,7468,4.581264
29/09/2022,7469,4.581218
29/09/2022,7470,4.581172
29/09/2022,7471,4.581126
29/09/2022,7472,4.581081
29/09/2022,7473,4.581035
29/09/2022,7474,4.580989
29/09/2022,7475,4.580943
29/09/2022,7476,4.580897
29/09/2022,7477,4.580852
29/09/2022,7478,4.580806
29/09/2022,7479,4.58076
29/09/2022,7480,4.580714
29/09/2022,7481,4.580668
29/09/2022,7482,4.580623
29/09/2022,7483,4.580577
29/09/2022,7484,4.580531
29/09/2022,7485,4.580485
29/09/2022,7486,4.58044
29/09/2022,7487,4.580394
29/09/2022,7488,4.580348
29/09/2022,7489,4.580302
29/09/2022,7490,4.580256
29/09/2022,7491,4.580211
29/09/2022,7492,4.580165
29/09/2022,7493,4.580119
29/09/2022,7494,4.580073
29/09/2022,7495,4.580027
29/09/2022,7496,4.579982
29/09/2022,7497,4.579936
29/09/2022,7498,4.57989
29/09/2022,7499,4.579844
29/09/2022,7500,4.579799
29/09/2022,7501,4.579753
29/09/2022,7502,4.579707
29/09/2022,7503,4.579661
29/09/2022,7504,4.579615
29/09/2022,7505,4.57957
29/09/2022,7506,4.579524
29/09/2022,7507,4.579478
29/09/2022,7508,4.579432
29/09/2022,7509,4.579386
29/09/2022,7510,4.579341
29/09/2022,7511,4.579295
29/09/2022,7512,4.579249
29/09/2022,7513,4.579203
29/09/2022,7514,4.579158
29/09/2022,7515,4.579112
29/09/2022,7516,4.579066
29/09/2022,7517,4.57902
29/09/2022,7518,4.578974
29/09/2022,7519,4.578929
29/09/2022,7520,4.578883
29/09/2022,7521,4.578837
29/09/2022,7522,4.578791
29/09/2022,7523,4.578745
29/09/2022,7524,4.5787
29/09/2022,7525,4.578654
29/09/2022,7526,4.578608
29/09/2022,7527,4.578562
29/09/2022,7528,4.578516
29/09/2022,7529,4.578471
29/09/2022,7530,4.578425
29/09/2022,7531,4.578379
29/09/2022,7532,4.578333
29/09/2022,7533,4.578288
29/09/2022,7534,4.578242
29/09/2022,7535,4.578196
29/09/2022,7536,4.57815
29/09/2022,7537,4.578104
29/09/2022,7538,4.578059
29/09/2022,7539,4.578013
29/09/2022,7540,4.577967
29/09/2022,7541,4.577921
29/09/2022,7542,4.577875
29/09/2022,7543,4.57783
29/09/2022,7544,4.577784
29/09/2022,7545,4.577738
29/09/2022,7546,4.577692
29/09/2022,7547,4.577647
29/09/2022,7548,4.577601
29/09/2022,7549,4.577555
29/09/2022,7550,4.577509
29/09/2022,7551,4.577463
29/09/2022,7552,4.577418
29/09/2022,7553,4.577372
29/09/2022,7554,4.577326
29/09/2022,7555,4.57728
29/09/2022,7556,4.577234
29/09/2022,7557,4.577189
29/09/2022,7558,4.577143
29/09/2022,7559,4.577097
29/09/2022,7560,4.577051
29/09/2022,7561,4.577005
29/09/2022,7562,4.57696
29/09/2022,7563,4.576914
29/09/2022,7564,4.576868
29/09/2022,7565,4.576822
29/09/2022,7566,4.576777
29/09/2022,7567,4.576731
29/09/2022,7568,4.576685
29/09/2022,7569,4.576639
29/09/2022,7570,4.576593
29/09/2022,7571,4.576548
29/09/2022,7572,4.576502
29/09/2022,7573,4.576456
29/09/2022,7574,4.57641
29/09/2022,7575,4.576364
29/09/2022,7576,4.576319
29/09/2022,7577,4.576273
29/09/2022,7578,4.576227
29/09/2022,7579,4.576181
29/09/2022,7580,4.576136
29/09/2022,7581,4.57609
29/09/2022,7582,4.576044
29/09/2022,7583,4.575998
29/09/2022,7584,4.575952
29/09/2022,7585,4.575907
29/09/2022,7586,4.575861
29/09/2022,7587,4.575815
29/09/2022,7588,4.575769
29/09/2022,7589,4.575723
29/09/2022,7590,4.575678
29/09/2022,7591,4.575632
29/09/2022,7592,4.575586
29/09/2022,7593,4.57554
29/09/2022,7594,4.575495
29/09/2022,7595,4.575449
29/09/2022,7596,4.575403
29/09/2022,7597,4.575357
29/09/2022,7598,4.575311
29/09/2022,7599,4.575266
29/09/2022,7600,4.57522
29/09/2022,7601,4.575174
29/09/2022,7602,4.575128
29/09/2022,7603,4.575082
29/09/2022,7604,4.575037
29/09/2022,7605,4.574991
29/09/2022,7606,4.574945
29/09/2022,7607,4.574899
29/09/2022,7608,4.574853
29/09/2022,7609,4.574808
29/09/2022,7610,4.574762
29/09/2022,7611,4.574716
29/09/2022,7612,4.57467
29/09/2022,7613,4.574625
29/09/2022,7614,4.574579
29/09/2022,7615,4.574533
29/09/2022,7616,4.574487
29/09/2022,7617,4.574441
29/09/2022,7618,4.574396
29/09/2022,7619,4.57435
29/09/2022,7620,4.574304
29/09/2022,7621,4.574258
29/09/2022,7622,4.574212
29/09/2022,7623,4.574167
29/09/2022,7624,4.574121
29/09/2022,7625,4.574075
29/09/2022,7626,4.574029
29/09/2022,7627,4.573984
29/09/2022,7628,4.573938
29/09/2022,7629,4.573892
29/09/2022,7630,4.573846
29/09/2022,7631,4.5738
29/09/2022,7632,4.573755
29/09/2022,7633,4.573709
29/09/2022,7634,4.573663
29/09/2022,7635,4.573617
29/09/2022,7636,4.573571
29/09/2022,7637,4.573526
29/09/2022,7638,4.57348
29/09/2022,7639,4.573434
29/09/2022,7640,4.573388
29/09/2022,7641,4.573342
29/09/2022,7642,4.573297
29/09/2022,7643,4.573251
29/09/2022,7644,4.573205
29/09/2022,7645,4.573159
29/09/2022,7646,4.573114
29/09/2022,7647,4.573068
29/09/2022,7648,4.573022
29/09/2022,7649,4.572976
29/09/2022,7650,4.57293
29/09/2022,7651,4.572885
29/09/2022,7652,4.572839
29/09/2022,7653,4.572793
29/09/2022,7654,4.572747
29/09/2022,7655,4.572701
29/09/2022,7656,4.572656
29/09/2022,7657,4.57261
29/09/2022,7658,4.572564
29/09/2022,7659,4.572518
29/09/2022,7660,4.572473
29/09/2022,7661,4.572427
29/09/2022,7662,4.572381
29/09/2022,7663,4.572335
29/09/2022,7664,4.572289
29/09/2022,7665,4.572244
29/09/2022,7666,4.572198
29/09/2022,7667,4.572152
29/09/2022,7668,4.572106
29/09/2022,7669,4.57206
29/09/2022,7670,4.572015
29/09/2022,7671,4.571969
29/09/2022,7672,4.571923
29/09/2022,7673,4.571877
29/09/2022,7674,4.571832
29/09/2022,7675,4.571786
29/09/2022,7676,4.57174
29/09/2022,7677,4.571694
29/09/2022,7678,4.571648
29/09/2022,7679,4.571603
29/09/2022,7680,4.571557
29/09/2022,7681,4.571511
29/09/2022,7682,4.571465
29/09/2022,7683,4.571419
29/09/2022,7684,4.571374
29/09/2022,7685,4.571328
29/09/2022,7686,4.571282
29/09/2022,7687,4.571236
29/09/2022,7688,4.57119
29/09/2022,7689,4.571145
29/09/2022,7690,4.571099
29/09/2022,7691,4.571053
29/09/2022,7692,4.571007
29/09/2022,7693,4.570962
29/09/2022,7694,4.570916
29/09/2022,7695,4.57087
29/09/2022,7696,4.570824
29/09/2022,7697,4.570778
29/09/2022,7698,4.570733
29/09/2022,7699,4.570687
29/09/2022,7700,4.570641
29/09/2022,7701,4.570595
29/09/2022,7702,4.570549
29/09/2022,7703,4.570504
29/09/2022,7704,4.570458
29/09/2022,7705,4.570412
29/09/2022,7706,4.570366
29/09/2022,7707,4.570321
29/09/2022,7708,4.570275
29/09/2022,7709,4.570229
29/09/2022,7710,4.570183
29/09/2022,7711,4.570137
29/09/2022,7712,4.570092
29/09/2022,7713,4.570046
29/09/2022,7714,4.57
29/09/2022,7715,4.569954
29/09/2022,7716,4.569908
29/09/2022,7717,4.569863
29/09/2022,7718,4.569817
29/09/2022,7719,4.569771
29/09/2022,7720,4.569725
29/09/2022,7721,4.569679
29/09/2022,7722,4.569634
29/09/2022,7723,4.569588
29/09/2022,7724,4.569542
29/09/2022,7725,4.569496
29/09/2022,7726,4.569451
29/09/2022,7727,4.569405
29/09/2022,7728,4.569359
29/09/2022,7729,4.569313
29/09/2022,7730,4.569267
29/09/2022,7731,4.569222
29/09/2022,7732,4.569176
29/09/2022,7733,4.56913
29/09/2022,7734,4.569084
29/09/2022,7735,4.569038
29/09/2022,7736,4.568993
29/09/2022,7737,4.568947
29/09/2022,7738,4.568901
29/09/2022,7739,4.568855
29/09/2022,7740,4.56881
29/09/2022,7741,4.568764
29/09/2022,7742,4.568718
29/09/2022,7743,4.568672
29/09/2022,7744,4.568626
29/09/2022,7745,4.568581
29/09/2022,7746,4.568535
29/09/2022,7747,4.568489
29/09/2022,7748,4.568443
29/09/2022,7749,4.568397
29/09/2022,7750,4.568352
29/09/2022,7751,4.568306
29/09/2022,7752,4.56826
29/09/2022,7753,4.568214
29/09/2022,7754,4.568168
29/09/2022,7755,4.568123
29/09/2022,7756,4.568077
29/09/2022,7757,4.568031
29/09/2022,7758,4.567985
29/09/2022,7759,4.56794
29/09/2022,7760,4.567894
29/09/2022,7761,4.567848
29/09/2022,7762,4.567802
29/09/2022,7763,4.567756
29/09/2022,7764,4.567711
29/09/2022,7765,4.567665
29/09/2022,7766,4.567619
29/09/2022,7767,4.567573
29/09/2022,7768,4.567527
29/09/2022,7769,4.567482
29/09/2022,7770,4.567436
29/09/2022,7771,4.56739
29/09/2022,7772,4.567344
29/09/2022,7773,4.567299
29/09/2022,7774,4.567253
29/09/2022,7775,4.567207
29/09/2022,7776,4.567161
29/09/2022,7777,4.567115
29/09/2022,7778,4.56707
29/09/2022,7779,4.567024
29/09/2022,7780,4.566978
29/09/2022,7781,4.566932
29/09/2022,7782,4.566886
29/09/2022,7783,4.566841
29/09/2022,7784,4.566795
29/09/2022,7785,4.566749
29/09/2022,7786,4.566703
29/09/2022,7787,4.566658
29/09/2022,7788,4.566612
29/09/2022,7789,4.566566
29/09/2022,7790,4.56652
29/09/2022,7791,4.566474
29/09/2022,7792,4.566429
29/09/2022,7793,4.566383
29/09/2022,7794,4.566337
29/09/2022,7795,4.566291
29/09/2022,7796,4.566245
29/09/2022,7797,4.5662
29/09/2022,7798,4.566154
29/09/2022,7799,4.566108
29/09/2022,7800,4.566062
29/09/2022,7801,4.566016
29/09/2022,7802,4.565971
29/09/2022,7803,4.565925
29/09/2022,7804,4.565879
29/09/2022,7805,4.565833
29/09/2022,7806,4.565788
29/09/2022,7807,4.565742
29/09/2022,7808,4.565696
29/09/2022,7809,4.56565
29/09/2022,7810,4.565604
29/09/2022,7811,4.565559
29/09/2022,7812,4.565513
29/09/2022,7813,4.565467
29/09/2022,7814,4.565421
29/09/2022,7815,4.565375
29/09/2022,7816,4.56533
29/09/2022,7817,4.565284
29/09/2022,7818,4.565238
29/09/2022,7819,4.565192
29/09/2022,7820,4.565147
29/09/2022,7821,4.565101
29/09/2022,7822,4.565055
29/09/2022,7823,4.565009
29/09/2022,7824,4.564963
29/09/2022,7825,4.564918
29/09/2022,7826,4.564872
29/09/2022,7827,4.564826
29/09/2022,7828,4.56478
29/09/2022,7829,4.564734
29/09/2022,7830,4.564689
29/09/2022,7831,4.564643
29/09/2022,7832,4.564597
29/09/2022,7833,4.564551
29/09/2022,7834,4.564505
29/09/2022,7835,4.56446
29/09/2022,7836,4.564414
29/09/2022,7837,4.564368
29/09/2022,7838,4.564322
29/09/2022,7839,4.564277
29/09/2022,7840,4.564231
29/09/2022,7841,4.564185
29/09/2022,7842,4.564139
29/09/2022,7843,4.564093
29/09/2022,7844,4.564048
29/09/2022,7845,4.564002
29/09/2022,7846,4.563956
29/09/2022,7847,4.56391
29/09/2022,7848,4.563864
29/09/2022,7849,4.563819
29/09/2022,7850,4.563773
29/09/2022,7851,4.563727
29/09/2022,7852,4.563681
29/09/2022,7853,4.563636
29/09/2022,7854,4.56359
29/09/2022,7855,4.563544
29/09/2022,7856,4.563498
29/09/2022,7857,4.563452
29/09/2022,7858,4.563407
29/09/2022,7859,4.563361
29/09/2022,7860,4.563315
29/09/2022,7861,4.563269
29/09/2022,7862,4.563223
29/09/2022,7863,4.563178
29/09/2022,7864,4.563132
29/09/2022,7865,4.563086
29/09/2022,7866,4.56304
29/09/2022,7867,4.562995
29/09/2022,7868,4.562949
29/09/2022,7869,4.562903
29/09/2022,7870,4.562857
29/09/2022,7871,4.562811
29/09/2022,7872,4.562766
29/09/2022,7873,4.56272
29/09/2022,7874,4.562674
29/09/2022,7875,4.562628
29/09/2022,7876,4.562582
29/09/2022,7877,4.562537
29/09/2022,7878,4.562491
29/09/2022,7879,4.562445
29/09/2022,7880,4.562399
29/09/2022,7881,4.562353
29/09/2022,7882,4.562308
29/09/2022,7883,4.562262
29/09/2022,7884,4.562216
29/09/2022,7885,4.56217
29/09/2022,7886,4.562125
29/09/2022,7887,4.562079
29/09/2022,7888,4.562033
29/09/2022,7889,4.561987
29/09/2022,7890,4.561941
29/09/2022,7891,4.561896
29/09/2022,7892,4.56185
29/09/2022,7893,4.561804
29/09/2022,7894,4.561758
29/09/2022,7895,4.561712
29/09/2022,7896,4.561667
29/09/2022,7897,4.561621
29/09/2022,7898,4.561575
29/09/2022,7899,4.561529
29/09/2022,7900,4.561484
29/09/2022,7901,4.561438
29/09/2022,7902,4.561392
29/09/2022,7903,4.561346
29/09/2022,7904,4.5613
29/09/2022,7905,4.561255
29/09/2022,7906,4.561209
29/09/2022,7907,4.561163
29/09/2022,7908,4.561117
29/09/2022,7909,4.561071
29/09/2022,7910,4.561026
29/09/2022,7911,4.56098
29/09/2022,7912,4.560934
29/09/2022,7913,4.560888
29/09/2022,7914,4.560842
29/09/2022,7915,4.560797
29/09/2022,7916,4.560751
29/09/2022,7917,4.560705
29/09/2022,7918,4.560659
29/09/2022,7919,4.560614
29/09/2022,7920,4.560568
29/09/2022,7921,4.560522
29/09/2022,7922,4.560476
29/09/2022,7923,4.56043
29/09/2022,7924,4.560385
29/09/2022,7925,4.560339
29/09/2022,7926,4.560293
29/09/2022,7927,4.560247
29/09/2022,7928,4.560201
29/09/2022,7929,4.560156
29/09/2022,7930,4.56011
29/09/2022,7931,4.560064
29/09/2022,7932,4.560018
29/09/2022,7933,4.559973
29/09/2022,7934,4.559927
29/09/2022,7935,4.559881
29/09/2022,7936,4.559835
29/09/2022,7937,4.559789
29/09/2022,7938,4.559744
29/09/2022,7939,4.559698
29/09/2022,7940,4.559652
29/09/2022,7941,4.559606
29/09/2022,7942,4.55956
29/09/2022,7943,4.559515
29/09/2022,7944,4.559469
29/09/2022,7945,4.559423
29/09/2022,7946,4.559377
29/09/2022,7947,4.559332
29/09/2022,7948,4.559286
29/09/2022,7949,4.55924
29/09/2022,7950,4.559194
29/09/2022,7951,4.559148
29/09/2022,7952,4.559103
29/09/2022,7953,4.559057
29/09/2022,7954,4.559011
29/09/2022,7955,4.558965
29/09/2022,7956,4.558919
29/09/2022,7957,4.558874
29/09/2022,7958,4.558828
29/09/2022,7959,4.558782
29/09/2022,7960,4.558736
29/09/2022,7961,4.55869
29/09/2022,7962,4.558645
29/09/2022,7963,4.558599
29/09/2022,7964,4.558553
29/09/2022,7965,4.558507
29/09/2022,7966,4.558462
29/09/2022,7967,4.558416
29/09/2022,7968,4.55837
29/09/2022,7969,4.558324
29/09/2022,7970,4.558278
29/09/2022,7971,4.558233
29/09/2022,7972,4.558187
29/09/2022,7973,4.558141
29/09/2022,7974,4.558095
29/09/2022,7975,4.558049
29/09/2022,7976,4.558004
29/09/2022,7977,4.557958
29/09/2022,7978,4.557912
29/09/2022,7979,4.557866
29/09/2022,7980,4.557821
29/09/2022,7981,4.557775
29/09/2022,7982,4.557729
29/09/2022,7983,4.557683
29/09/2022,7984,4.557637
29/09/2022,7985,4.557592
29/09/2022,7986,4.557546
29/09/2022,7987,4.5575
29/09/2022,7988,4.557454
29/09/2022,7989,4.557408
29/09/2022,7990,4.557363
29/09/2022,7991,4.557317
29/09/2022,7992,4.557271
29/09/2022,7993,4.557225
29/09/2022,7994,4.557179
29/09/2022,7995,4.557134
29/09/2022,7996,4.557088
29/09/2022,7997,4.557042
29/09/2022,7998,4.556996
29/09/2022,7999,4.556951
29/09/2022,8000,4.556905
29/09/2022,8001,4.556859
29/09/2022,8002,4.556813
29/09/2022,8003,4.556767
29/09/2022,8004,4.556722
29/09/2022,8005,4.556676
29/09/2022,8006,4.55663
29/09/2022,8007,4.556584
29/09/2022,8008,4.556538
29/09/2022,8009,4.556493
29/09/2022,8010,4.556447
29/09/2022,8011,4.556401
29/09/2022,8012,4.556355
29/09/2022,8013,4.55631
29/09/2022,8014,4.556264
29/09/2022,8015,4.556218
29/09/2022,8016,4.556172
29/09/2022,8017,4.556126
29/09/2022,8018,4.556081
29/09/2022,8019,4.556035
29/09/2022,8020,4.555989
29/09/2022,8021,4.555943
29/09/2022,8022,4.555897
29/09/2022,8023,4.555852
29/09/2022,8024,4.555806
29/09/2022,8025,4.55576
29/09/2022,8026,4.555714
29/09/2022,8027,4.555668
29/09/2022,8028,4.555623
29/09/2022,8029,4.555577
29/09/2022,8030,4.555531
29/09/2022,8031,4.555485
29/09/2022,8032,4.55544
29/09/2022,8033,4.555394
29/09/2022,8034,4.555348
29/09/2022,8035,4.555302
29/09/2022,8036,4.555256
29/09/2022,8037,4.555211
29/09/2022,8038,4.555165
29/09/2022,8039,4.555119
29/09/2022,8040,4.555073
29/09/2022,8041,4.555027
29/09/2022,8042,4.554982
29/09/2022,8043,4.554936
29/09/2022,8044,4.55489
29/09/2022,8045,4.554844
29/09/2022,8046,4.554799
29/09/2022,8047,4.554753
29/09/2022,8048,4.554707
29/09/2022,8049,4.554661
29/09/2022,8050,4.554615
29/09/2022,8051,4.55457
29/09/2022,8052,4.554524
29/09/2022,8053,4.554478
29/09/2022,8054,4.554432
29/09/2022,8055,4.554386
29/09/2022,8056,4.554341
29/09/2022,8057,4.554295
29/09/2022,8058,4.554249
29/09/2022,8059,4.554203
29/09/2022,8060,4.554158
29/09/2022,8061,4.554112
29/09/2022,8062,4.554066
29/09/2022,8063,4.55402
29/09/2022,8064,4.553974
29/09/2022,8065,4.553929
29/09/2022,8066,4.553883
29/09/2022,8067,4.553837
29/09/2022,8068,4.553791
29/09/2022,8069,4.553745
29/09/2022,8070,4.5537
29/09/2022,8071,4.553654
29/09/2022,8072,4.553608
29/09/2022,8073,4.553562
29/09/2022,8074,4.553516
29/09/2022,8075,4.553471
29/09/2022,8076,4.553425
29/09/2022,8077,4.553379
29/09/2022,8078,4.553333
29/09/2022,8079,4.553288
29/09/2022,8080,4.553242
29/09/2022,8081,4.553196
29/09/2022,8082,4.55315
29/09/2022,8083,4.553104
29/09/2022,8084,4.553059
29/09/2022,8085,4.553013
29/09/2022,8086,4.552967
29/09/2022,8087,4.552921
29/09/2022,8088,4.552875
29/09/2022,8089,4.55283
29/09/2022,8090,4.552784
29/09/2022,8091,4.552738
29/09/2022,8092,4.552692
29/09/2022,8093,4.552647
29/09/2022,8094,4.552601
29/09/2022,8095,4.552555
29/09/2022,8096,4.552509
29/09/2022,8097,4.552463
29/09/2022,8098,4.552418
29/09/2022,8099,4.552372
29/09/2022,8100,4.552326
29/09/2022,8101,4.55228
29/09/2022,8102,4.552234
29/09/2022,8103,4.552189
29/09/2022,8104,4.552143
29/09/2022,8105,4.552097
29/09/2022,8106,4.552051
29/09/2022,8107,4.552005
29/09/2022,8108,4.55196
29/09/2022,8109,4.551914
29/09/2022,8110,4.551868
29/09/2022,8111,4.551822
29/09/2022,8112,4.551777
29/09/2022,8113,4.551731
29/09/2022,8114,4.551685
29/09/2022,8115,4.551639
29/09/2022,8116,4.551593
29/09/2022,8117,4.551548
29/09/2022,8118,4.551502
29/09/2022,8119,4.551456
29/09/2022,8120,4.55141
29/09/2022,8121,4.551364
29/09/2022,8122,4.551319
29/09/2022,8123,4.551273
29/09/2022,8124,4.551227
29/09/2022,8125,4.551181
29/09/2022,8126,4.551136
29/09/2022,8127,4.55109
29/09/2022,8128,4.551044
29/09/2022,8129,4.550998
29/09/2022,8130,4.550952
29/09/2022,8131,4.550907
29/09/2022,8132,4.550861
29/09/2022,8133,4.550815
29/09/2022,8134,4.550769
29/09/2022,8135,4.550723
29/09/2022,8136,4.550678
29/09/2022,8137,4.550632
29/09/2022,8138,4.550586
29/09/2022,8139,4.55054
29/09/2022,8140,4.550495
29/09/2022,8141,4.550449
29/09/2022,8142,4.550403
29/09/2022,8143,4.550357
29/09/2022,8144,4.550311
29/09/2022,8145,4.550266
29/09/2022,8146,4.55022
29/09/2022,8147,4.550174
29/09/2022,8148,4.550128
29/09/2022,8149,4.550082
29/09/2022,8150,4.550037
29/09/2022,8151,4.549991
29/09/2022,8152,4.549945
29/09/2022,8153,4.549899
29/09/2022,8154,4.549853
29/09/2022,8155,4.549808
29/09/2022,8156,4.549762
29/09/2022,8157,4.549716
29/09/2022,8158,4.54967
29/09/2022,8159,4.549625
29/09/2022,8160,4.549579
29/09/2022,8161,4.549533
29/09/2022,8162,4.549487
29/09/2022,8163,4.549441
29/09/2022,8164,4.549396
29/09/2022,8165,4.54935
29/09/2022,8166,4.549304
29/09/2022,8167,4.549258
29/09/2022,8168,4.549212
29/09/2022,8169,4.549167
29/09/2022,8170,4.549121
29/09/2022,8171,4.549075
29/09/2022,8172,4.549029
29/09/2022,8173,4.548984
29/09/2022,8174,4.548938
29/09/2022,8175,4.548892
29/09/2022,8176,4.548846
29/09/2022,8177,4.5488
29/09/2022,8178,4.548755
29/09/2022,8179,4.548709
29/09/2022,8180,4.548663
29/09/2022,8181,4.548617
29/09/2022,8182,4.548571
29/09/2022,8183,4.548526
29/09/2022,8184,4.54848
29/09/2022,8185,4.548434
29/09/2022,8186,4.548388
29/09/2022,8187,4.548342
29/09/2022,8188,4.548297
29/09/2022,8189,4.548251
29/09/2022,8190,4.548205
29/09/2022,8191,4.548159
29/09/2022,8192,4.548114
29/09/2022,8193,4.548068
29/09/2022,8194,4.548022
29/09/2022,8195,4.547976
29/09/2022,8196,4.54793
29/09/2022,8197,4.547885
29/09/2022,8198,4.547839
29/09/2022,8199,4.547793
29/09/2022,8200,4.547747
29/09/2022,8201,4.547701
29/09/2022,8202,4.547656
29/09/2022,8203,4.54761
29/09/2022,8204,4.547564
29/09/2022,8205,4.547518
29/09/2022,8206,4.547473
29/09/2022,8207,4.547427
29/09/2022,8208,4.547381
29/09/2022,8209,4.547335
29/09/2022,8210,4.547289
29/09/2022,8211,4.547244
29/09/2022,8212,4.547198
29/09/2022,8213,4.547152
29/09/2022,8214,4.547106
29/09/2022,8215,4.54706
29/09/2022,8216,4.547015
29/09/2022,8217,4.546969
29/09/2022,8218,4.546923
29/09/2022,8219,4.546877
29/09/2022,8220,4.546832
29/09/2022,8221,4.546786
29/09/2022,8222,4.54674
29/09/2022,8223,4.546694
29/09/2022,8224,4.546648
29/09/2022,8225,4.546603
29/09/2022,8226,4.546557
29/09/2022,8227,4.546511
29/09/2022,8228,4.546465
29/09/2022,8229,4.546419
29/09/2022,8230,4.546374
29/09/2022,8231,4.546328
29/09/2022,8232,4.546282
29/09/2022,8233,4.546236
29/09/2022,8234,4.54619
29/09/2022,8235,4.546145
29/09/2022,8236,4.546099
29/09/2022,8237,4.546053
29/09/2022,8238,4.546007
29/09/2022,8239,4.545962
29/09/2022,8240,4.545916
29/09/2022,8241,4.54587
29/09/2022,8242,4.545824
29/09/2022,8243,4.545778
29/09/2022,8244,4.545733
29/09/2022,8245,4.545687
29/09/2022,8246,4.545641
29/09/2022,8247,4.545595
29/09/2022,8248,4.545549
29/09/2022,8249,4.545504
29/09/2022,8250,4.545458
29/09/2022,8251,4.545412
29/09/2022,8252,4.545366
29/09/2022,8253,4.545321
29/09/2022,8254,4.545275
29/09/2022,8255,4.545229
29/09/2022,8256,4.545183
29/09/2022,8257,4.545137
29/09/2022,8258,4.545092
29/09/2022,8259,4.545046
29/09/2022,8260,4.545
29/09/2022,8261,4.544954
29/09/2022,8262,4.544908
29/09/2022,8263,4.544863
29/09/2022,8264,4.544817
29/09/2022,8265,4.544771
29/09/2022,8266,4.544725
29/09/2022,8267,4.544679
29/09/2022,8268,4.544634
29/09/2022,8269,4.544588
29/09/2022,8270,4.544542
29/09/2022,8271,4.544496
29/09/2022,8272,4.544451
29/09/2022,8273,4.544405
29/09/2022,8274,4.544359
29/09/2022,8275,4.544313
29/09/2022,8276,4.544267
29/09/2022,8277,4.544222
29/09/2022,8278,4.544176
29/09/2022,8279,4.54413
29/09/2022,8280,4.544084
29/09/2022,8281,4.544038
29/09/2022,8282,4.543993
29/09/2022,8283,4.543947
29/09/2022,8284,4.543901
29/09/2022,8285,4.543855
29/09/2022,8286,4.54381
29/09/2022,8287,4.543764
29/09/2022,8288,4.543718
29/09/2022,8289,4.543672
29/09/2022,8290,4.543626
29/09/2022,8291,4.543581
29/09/2022,8292,4.543535
29/09/2022,8293,4.543489
29/09/2022,8294,4.543443
29/09/2022,8295,4.543397
29/09/2022,8296,4.543352
29/09/2022,8297,4.543306
29/09/2022,8298,4.54326
29/09/2022,8299,4.543214
29/09/2022,8300,4.543168
29/09/2022,8301,4.543123
29/09/2022,8302,4.543077
29/09/2022,8303,4.543031
29/09/2022,8304,4.542985
29/09/2022,8305,4.54294
29/09/2022,8306,4.542894
29/09/2022,8307,4.542848
29/09/2022,8308,4.542802
29/09/2022,8309,4.542756
29/09/2022,8310,4.542711
29/09/2022,8311,4.542665
29/09/2022,8312,4.542619
29/09/2022,8313,4.542573
29/09/2022,8314,4.542527
29/09/2022,8315,4.542482
29/09/2022,8316,4.542436
29/09/2022,8317,4.54239
29/09/2022,8318,4.542344
29/09/2022,8319,4.542299
29/09/2022,8320,4.542253
29/09/2022,8321,4.542207
29/09/2022,8322,4.542161
29/09/2022,8323,4.542115
29/09/2022,8324,4.54207
29/09/2022,8325,4.542024
29/09/2022,8326,4.541978
29/09/2022,8327,4.541932
29/09/2022,8328,4.541886
29/09/2022,8329,4.541841
29/09/2022,8330,4.541795
29/09/2022,8331,4.541749
29/09/2022,8332,4.541703
29/09/2022,8333,4.541658
29/09/2022,8334,4.541612
29/09/2022,8335,4.541566
29/09/2022,8336,4.54152
29/09/2022,8337,4.541474
29/09/2022,8338,4.541429
29/09/2022,8339,4.541383
29/09/2022,8340,4.541337
29/09/2022,8341,4.541291
29/09/2022,8342,4.541245
29/09/2022,8343,4.5412
29/09/2022,8344,4.541154
29/09/2022,8345,4.541108
29/09/2022,8346,4.541062
29/09/2022,8347,4.541016
29/09/2022,8348,4.540971
29/09/2022,8349,4.540925
29/09/2022,8350,4.540879
29/09/2022,8351,4.540833
29/09/2022,8352,4.540788
29/09/2022,8353,4.540742
29/09/2022,8354,4.540696
29/09/2022,8355,4.54065
29/09/2022,8356,4.540604
29/09/2022,8357,4.540559
29/09/2022,8358,4.540513
29/09/2022,8359,4.540467
29/09/2022,8360,4.540421
29/09/2022,8361,4.540375
29/09/2022,8362,4.54033
29/09/2022,8363,4.540284
29/09/2022,8364,4.540238
29/09/2022,8365,4.540192
29/09/2022,8366,4.540147
29/09/2022,8367,4.540101
29/09/2022,8368,4.540055
29/09/2022,8369,4.540009
29/09/2022,8370,4.539963
29/09/2022,8371,4.539918
29/09/2022,8372,4.539872
29/09/2022,8373,4.539826
29/09/2022,8374,4.53978
29/09/2022,8375,4.539734
29/09/2022,8376,4.539689
29/09/2022,8377,4.539643
29/09/2022,8378,4.539597
29/09/2022,8379,4.539551
29/09/2022,8380,4.539505
29/09/2022,8381,4.53946
29/09/2022,8382,4.539414
29/09/2022,8383,4.539368
29/09/2022,8384,4.539322
29/09/2022,8385,4.539277
29/09/2022,8386,4.539231
29/09/2022,8387,4.539185
29/09/2022,8388,4.539139
29/09/2022,8389,4.539093
29/09/2022,8390,4.539048
29/09/2022,8391,4.539002
29/09/2022,8392,4.538956
29/09/2022,8393,4.53891
29/09/2022,8394,4.538864
29/09/2022,8395,4.538819
29/09/2022,8396,4.538773
29/09/2022,8397,4.538727
29/09/2022,8398,4.538681
29/09/2022,8399,4.538636
29/09/2022,8400,4.53859
29/09/2022,8401,4.538544
29/09/2022,8402,4.538498
29/09/2022,8403,4.538452
29/09/2022,8404,4.538407
29/09/2022,8405,4.538361
29/09/2022,8406,4.538315
29/09/2022,8407,4.538269
29/09/2022,8408,4.538223
29/09/2022,8409,4.538178
29/09/2022,8410,4.538132
29/09/2022,8411,4.538086
29/09/2022,8412,4.53804
29/09/2022,8413,4.537995
29/09/2022,8414,4.537949
29/09/2022,8415,4.537903
29/09/2022,8416,4.537857
29/09/2022,8417,4.537811
29/09/2022,8418,4.537766
29/09/2022,8419,4.53772
29/09/2022,8420,4.537674
29/09/2022,8421,4.537628
29/09/2022,8422,4.537582
29/09/2022,8423,4.537537
29/09/2022,8424,4.537491
29/09/2022,8425,4.537445
29/09/2022,8426,4.537399
29/09/2022,8427,4.537353
29/09/2022,8428,4.537308
29/09/2022,8429,4.537262
29/09/2022,8430,4.537216
29/09/2022,8431,4.53717
29/09/2022,8432,4.537125
29/09/2022,8433,4.537079
29/09/2022,8434,4.537033
29/09/2022,8435,4.536987
29/09/2022,8436,4.536941
29/09/2022,8437,4.536896
29/09/2022,8438,4.53685
29/09/2022,8439,4.536804
29/09/2022,8440,4.536758
29/09/2022,8441,4.536712
29/09/2022,8442,4.536667
29/09/2022,8443,4.536621
29/09/2022,8444,4.536575
29/09/2022,8445,4.536529
29/09/2022,8446,4.536484
29/09/2022,8447,4.536438
29/09/2022,8448,4.536392
29/09/2022,8449,4.536346
29/09/2022,8450,4.5363
29/09/2022,8451,4.536255
29/09/2022,8452,4.536209
29/09/2022,8453,4.536163
29/09/2022,8454,4.536117
29/09/2022,8455,4.536071
29/09/2022,8456,4.536026
29/09/2022,8457,4.53598
29/09/2022,8458,4.535934
29/09/2022,8459,4.535888
29/09/2022,8460,4.535842
29/09/2022,8461,4.535797
29/09/2022,8462,4.535751
29/09/2022,8463,4.535705
29/09/2022,8464,4.535659
29/09/2022,8465,4.535614
29/09/2022,8466,4.535568
29/09/2022,8467,4.535522
29/09/2022,8468,4.535476
29/09/2022,8469,4.53543
29/09/2022,8470,4.535385
29/09/2022,8471,4.535339
29/09/2022,8472,4.535293
29/09/2022,8473,4.535247
29/09/2022,8474,4.535201
29/09/2022,8475,4.535156
29/09/2022,8476,4.53511
29/09/2022,8477,4.535064
29/09/2022,8478,4.535018
29/09/2022,8479,4.534973
29/09/2022,8480,4.534927
29/09/2022,8481,4.534881
29/09/2022,8482,4.534835
29/09/2022,8483,4.534789
29/09/2022,8484,4.534744
29/09/2022,8485,4.534698
29/09/2022,8486,4.534652
29/09/2022,8487,4.534606
29/09/2022,8488,4.53456
29/09/2022,8489,4.534515
29/09/2022,8490,4.534469
29/09/2022,8491,4.534423
29/09/2022,8492,4.534377
29/09/2022,8493,4.534332
29/09/2022,8494,4.534286
29/09/2022,8495,4.53424
29/09/2022,8496,4.534194
29/09/2022,8497,4.534148
29/09/2022,8498,4.534103
29/09/2022,8499,4.534057
29/09/2022,8500,4.534011
29/09/2022,8501,4.533965
29/09/2022,8502,4.533919
29/09/2022,8503,4.533874
29/09/2022,8504,4.533828
29/09/2022,8505,4.533782
29/09/2022,8506,4.533736
29/09/2022,8507,4.53369
29/09/2022,8508,4.533645
29/09/2022,8509,4.533599
29/09/2022,8510,4.533553
29/09/2022,8511,4.533507
29/09/2022,8512,4.533462
29/09/2022,8513,4.533416
29/09/2022,8514,4.53337
29/09/2022,8515,4.533324
29/09/2022,8516,4.533278
29/09/2022,8517,4.533233
29/09/2022,8518,4.533187
29/09/2022,8519,4.533141
29/09/2022,8520,4.533095
29/09/2022,8521,4.533049
29/09/2022,8522,4.533004
29/09/2022,8523,4.532958
29/09/2022,8524,4.532912
29/09/2022,8525,4.532866
29/09/2022,8526,4.532821
29/09/2022,8527,4.532775
29/09/2022,8528,4.532729
29/09/2022,8529,4.532683
29/09/2022,8530,4.532637
29/09/2022,8531,4.532592
29/09/2022,8532,4.532546
29/09/2022,8533,4.5325
29/09/2022,8534,4.532454
29/09/2022,8535,4.532408
29/09/2022,8536,4.532363
29/09/2022,8537,4.532317
29/09/2022,8538,4.532271
29/09/2022,8539,4.532225
29/09/2022,8540,4.532179
29/09/2022,8541,4.532134
29/09/2022,8542,4.532088
29/09/2022,8543,4.532042
29/09/2022,8544,4.531996
29/09/2022,8545,4.531951
29/09/2022,8546,4.531905
29/09/2022,8547,4.531859
29/09/2022,8548,4.531813
29/09/2022,8549,4.531767
29/09/2022,8550,4.531722
29/09/2022,8551,4.531676
29/09/2022,8552,4.53163
29/09/2022,8553,4.531584
29/09/2022,8554,4.531538
29/09/2022,8555,4.531493
29/09/2022,8556,4.531447
29/09/2022,8557,4.531401
29/09/2022,8558,4.531355
29/09/2022,8559,4.53131
29/09/2022,8560,4.531264
29/09/2022,8561,4.531218
29/09/2022,8562,4.531172
29/09/2022,8563,4.531126
29/09/2022,8564,4.531081
29/09/2022,8565,4.531035
29/09/2022,8566,4.530989
29/09/2022,8567,4.530943
29/09/2022,8568,4.530897
29/09/2022,8569,4.530852
29/09/2022,8570,4.530806
29/09/2022,8571,4.53076
29/09/2022,8572,4.530714
29/09/2022,8573,4.530668
29/09/2022,8574,4.530623
29/09/2022,8575,4.530577
29/09/2022,8576,4.530531
29/09/2022,8577,4.530485
29/09/2022,8578,4.53044
29/09/2022,8579,4.530394
29/09/2022,8580,4.530348
29/09/2022,8581,4.530302
29/09/2022,8582,4.530256
29/09/2022,8583,4.530211
29/09/2022,8584,4.530165
29/09/2022,8585,4.530119
29/09/2022,8586,4.530073
29/09/2022,8587,4.530027
29/09/2022,8588,4.529982
29/09/2022,8589,4.529936
29/09/2022,8590,4.52989
29/09/2022,8591,4.529844
29/09/2022,8592,4.529799
29/09/2022,8593,4.529753
29/09/2022,8594,4.529707
29/09/2022,8595,4.529661
29/09/2022,8596,4.529615
29/09/2022,8597,4.52957
29/09/2022,8598,4.529524
29/09/2022,8599,4.529478
29/09/2022,8600,4.529432
29/09/2022,8601,4.529386
29/09/2022,8602,4.529341
29/09/2022,8603,4.529295
29/09/2022,8604,4.529249
29/09/2022,8605,4.529203
29/09/2022,8606,4.529158
29/09/2022,8607,4.529112
29/09/2022,8608,4.529066
29/09/2022,8609,4.52902
29/09/2022,8610,4.528974
29/09/2022,8611,4.528929
29/09/2022,8612,4.528883
29/09/2022,8613,4.528837
29/09/2022,8614,4.528791
29/09/2022,8615,4.528745
29/09/2022,8616,4.5287
29/09/2022,8617,4.528654
29/09/2022,8618,4.528608
29/09/2022,8619,4.528562
29/09/2022,8620,4.528516
29/09/2022,8621,4.528471
29/09/2022,8622,4.528425
29/09/2022,8623,4.528379
29/09/2022,8624,4.528333
29/09/2022,8625,4.528288
29/09/2022,8626,4.528242
29/09/2022,8627,4.528196
29/09/2022,8628,4.52815
29/09/2022,8629,4.528104
29/09/2022,8630,4.528059
29/09/2022,8631,4.528013
29/09/2022,8632,4.527967
29/09/2022,8633,4.527921
29/09/2022,8634,4.527875
29/09/2022,8635,4.52783
29/09/2022,8636,4.527784
29/09/2022,8637,4.527738
29/09/2022,8638,4.527692
29/09/2022,8639,4.527647
29/09/2022,8640,4.527601
29/09/2022,8641,4.527555
29/09/2022,8642,4.527509
29/09/2022,8643,4.527463
29/09/2022,8644,4.527418
29/09/2022,8645,4.527372
29/09/2022,8646,4.527326
29/09/2022,8647,4.52728
29/09/2022,8648,4.527234
29/09/2022,8649,4.527189
29/09/2022,8650,4.527143
29/09/2022,8651,4.527097
29/09/2022,8652,4.527051
29/09/2022,8653,4.527005
29/09/2022,8654,4.52696
29/09/2022,8655,4.526914
29/09/2022,8656,4.526868
29/09/2022,8657,4.526822
29/09/2022,8658,4.526777
29/09/2022,8659,4.526731
29/09/2022,8660,4.526685
29/09/2022,8661,4.526639
29/09/2022,8662,4.526593
29/09/2022,8663,4.526548
29/09/2022,8664,4.526502
29/09/2022,8665,4.526456
29/09/2022,8666,4.52641
29/09/2022,8667,4.526364
29/09/2022,8668,4.526319
29/09/2022,8669,4.526273
29/09/2022,8670,4.526227
29/09/2022,8671,4.526181
29/09/2022,8672,4.526136
29/09/2022,8673,4.52609
29/09/2022,8674,4.526044
29/09/2022,8675,4.525998
29/09/2022,8676,4.525952
29/09/2022,8677,4.525907
29/09/2022,8678,4.525861
29/09/2022,8679,4.525815
29/09/2022,8680,4.525769
29/09/2022,8681,4.525723
29/09/2022,8682,4.525678
29/09/2022,8683,4.525632
29/09/2022,8684,4.525586
29/09/2022,8685,4.52554
29/09/2022,8686,4.525495
29/09/2022,8687,4.525449
29/09/2022,8688,4.525403
29/09/2022,8689,4.525357
29/09/2022,8690,4.525311
29/09/2022,8691,4.525266
29/09/2022,8692,4.52522
29/09/2022,8693,4.525174
29/09/2022,8694,4.525128
29/09/2022,8695,4.525082
29/09/2022,8696,4.525037
29/09/2022,8697,4.524991
29/09/2022,8698,4.524945
29/09/2022,8699,4.524899
29/09/2022,8700,4.524853
29/09/2022,8701,4.524808
29/09/2022,8702,4.524762
29/09/2022,8703,4.524716
29/09/2022,8704,4.52467
29/09/2022,8705,4.524625
29/09/2022,8706,4.524579
29/09/2022,8707,4.524533
29/09/2022,8708,4.524487
29/09/2022,8709,4.524441
29/09/2022,8710,4.524396
29/09/2022,8711,4.52435
29/09/2022,8712,4.524304
29/09/2022,8713,4.524258
29/09/2022,8714,4.524212
29/09/2022,8715,4.524167
29/09/2022,8716,4.524121
29/09/2022,8717,4.524075
29/09/2022,8718,4.524029
29/09/2022,8719,4.523984
29/09/2022,8720,4.523938
29/09/2022,8721,4.523892
29/09/2022,8722,4.523846
29/09/2022,8723,4.5238
29/09/2022,8724,4.523755
29/09/2022,8725,4.523709
29/09/2022,8726,4.523663
29/09/2022,8727,4.523617
29/09/2022,8728,4.523571
29/09/2022,8729,4.523526
29/09/2022,8730,4.52348
29/09/2022,8731,4.523434
29/09/2022,8732,4.523388
29/09/2022,8733,4.523342
29/09/2022,8734,4.523297
29/09/2022,8735,4.523251
29/09/2022,8736,4.523205
29/09/2022,8737,4.523159
29/09/2022,8738,4.523114
29/09/2022,8739,4.523068
29/09/2022,8740,4.523022
29/09/2022,8741,4.522976
29/09/2022,8742,4.52293
29/09/2022,8743,4.522885
29/09/2022,8744,4.522839
29/09/2022,8745,4.522793
29/09/2022,8746,4.522747
29/09/2022,8747,4.522701
29/09/2022,8748,4.522656
29/09/2022,8749,4.52261
29/09/2022,8750,4.522564
29/09/2022,8751,4.522518
29/09/2022,8752,4.522473
29/09/2022,8753,4.522427
29/09/2022,8754,4.522381
29/09/2022,8755,4.522335
29/09/2022,8756,4.522289
29/09/2022,8757,4.522244
29/09/2022,8758,4.522198
29/09/2022,8759,4.522152
29/09/2022,8760,4.522106
29/09/2022,8761,4.52206
29/09/2022,8762,4.522015
29/09/2022,8763,4.521969
29/09/2022,8764,4.521923
29/09/2022,8765,4.521877
29/09/2022,8766,4.521832
29/09/2022,8767,4.521786
29/09/2022,8768,4.52174
29/09/2022,8769,4.521694
29/09/2022,8770,4.521648
29/09/2022,8771,4.521603
29/09/2022,8772,4.521557
29/09/2022,8773,4.521511
29/09/2022,8774,4.521465
29/09/2022,8775,4.521419
29/09/2022,8776,4.521374
29/09/2022,8777,4.521328
29/09/2022,8778,4.521282
29/09/2022,8779,4.521236
29/09/2022,8780,4.52119
29/09/2022,8781,4.521145
29/09/2022,8782,4.521099
29/09/2022,8783,4.521053
29/09/2022,8784,4.521007
29/09/2022,8785,4.520962
29/09/2022,8786,4.520916
29/09/2022,8787,4.52087
29/09/2022,8788,4.520824
29/09/2022,8789,4.520778
29/09/2022,8790,4.520733
29/09/2022,8791,4.520687
29/09/2022,8792,4.520641
29/09/2022,8793,4.520595
29/09/2022,8794,4.520549
29/09/2022,8795,4.520504
29/09/2022,8796,4.520458
29/09/2022,8797,4.520412
29/09/2022,8798,4.520366
29/09/2022,8799,4.520321
29/09/2022,8800,4.520275
29/09/2022,8801,4.520229
29/09/2022,8802,4.520183
29/09/2022,8803,4.520137
29/09/2022,8804,4.520092
29/09/2022,8805,4.520046
29/09/2022,8806,4.52
29/09/2022,8807,4.520021
29/09/2022,8808,4.520041
29/09/2022,8809,4.520062
29/09/2022,8810,4.520082
29/09/2022,8811,4.520103
29/09/2022,8812,4.520124
29/09/2022,8813,4.520144
29/09/2022,8814,4.520165
29/09/2022,8815,4.520185
29/09/2022,8816,4.520206
29/09/2022,8817,4.520227
29/09/2022,8818,4.520247
29/09/2022,8819,4.520268
29/09/2022,8820,4.520288
29/09/2022,8821,4.520309
29/09/2022,8822,4.52033
29/09/2022,8823,4.52035
29/09/2022,8824,4.520371
29/09/2022,8825,4.520391
29/09/2022,8826,4.520412
29/09/2022,8827,4.520433
29/09/2022,8828,4.520453
29/09/2022,8829,4.520474
29/09/2022,8830,4.520495
29/09/2022,8831,4.520515
29/09/2022,8832,4.520536
29/09/2022,8833,4.520556
29/09/2022,8834,4.520577
29/09/2022,8835,4.520598
29/09/2022,8836,4.520618
29/09/2022,8837,4.520639
29/09/2022,8838,4.520659
29/09/2022,8839,4.52068
29/09/2022,8840,4.520701
29/09/2022,8841,4.520721
29/09/2022,8842,4.520742
29/09/2022,8843,4.520762
29/09/2022,8844,4.520783
29/09/2022,8845,4.520804
29/09/2022,8846,4.520824
29/09/2022,8847,4.520845
29/09/2022,8848,4.520865
29/09/2022,8849,4.520886
29/09/2022,8850,4.520907
29/09/2022,8851,4.520927
29/09/2022,8852,4.520948
29/09/2022,8853,4.520968
29/09/2022,8854,4.520989
29/09/2022,8855,4.52101
29/09/2022,8856,4.52103
29/09/2022,8857,4.521051
29/09/2022,8858,4.521071
29/09/2022,8859,4.521092
29/09/2022,8860,4.521113
29/09/2022,8861,4.521133
29/09/2022,8862,4.521154
29/09/2022,8863,4.521174
29/09/2022,8864,4.521195
29/09/2022,8865,4.521216
29/09/2022,8866,4.521236
29/09/2022,8867,4.521257
29/09/2022,8868,4.521277
29/09/2022,8869,4.521298
29/09/2022,8870,4.521319
29/09/2022,8871,4.521339
29/09/2022,8872,4.52136
29/09/2022,8873,4.52138
29/09/2022,8874,4.521401
29/09/2022,8875,4.521422
29/09/2022,8876,4.521442
29/09/2022,8877,4.521463
29/09/2022,8878,4.521484
29/09/2022,8879,4.521504
29/09/2022,8880,4.521525
29/09/2022,8881,4.521545
29/09/2022,8882,4.521566
29/09/2022,8883,4.521587
29/09/2022,8884,4.521607
29/09/2022,8885,4.521628
29/09/2022,8886,4.521648
29/09/2022,8887,4.521669
29/09/2022,8888,4.52169
29/09/2022,8889,4.52171
29/09/2022,8890,4.521731
29/09/2022,8891,4.521751
29/09/2022,8892,4.521772
29/09/2022,8893,4.521793
29/09/2022,8894,4.521813
29/09/2022,8895,4.521834
29/09/2022,8896,4.521854
29/09/2022,8897,4.521875
29/09/2022,8898,4.521896
29/09/2022,8899,4.521916
29/09/2022,8900,4.521937
29/09/2022,8901,4.521957
29/09/2022,8902,4.521978
29/09/2022,8903,4.521999
29/09/2022,8904,4.522019
29/09/2022,8905,4.52204
29/09/2022,8906,4.52206
29/09/2022,8907,4.522081
29/09/2022,8908,4.522102
29/09/2022,8909,4.522122
29/09/2022,8910,4.522143
29/09/2022,8911,4.522163
29/09/2022,8912,4.522184
29/09/2022,8913,4.522205
29/09/2022,8914,4.522225
29/09/2022,8915,4.522246
29/09/2022,8916,4.522266
29/09/2022,8917,4.522287
29/09/2022,8918,4.522308
29/09/2022,8919,4.522328
29/09/2022,8920,4.522349
29/09/2022,8921,4.52237
29/09/2022,8922,4.52239
29/09/2022,8923,4.522411
29/09/2022,8924,4.522431
29/09/2022,8925,4.522452
29/09/2022,8926,4.522473
29/09/2022,8927,4.522493
29/09/2022,8928,4.522514
29/09/2022,8929,4.522534
29/09/2022,8930,4.522555
29/09/2022,8931,4.522576
29/09/2022,8932,4.522596
29/09/2022,8933,4.522617
29/09/2022,8934,4.522637
29/09/2022,8935,4.522658
29/09/2022,8936,4.522679
29/09/2022,8937,4.522699
29/09/2022,8938,4.52272
29/09/2022,8939,4.52274
29/09/2022,8940,4.522761
29/09/2022,8941,4.522782
29/09/2022,8942,4.522802
29/09/2022,8943,4.522823
29/09/2022,8944,4.522843
29/09/2022,8945,4.522864
29/09/2022,8946,4.522885
29/09/2022,8947,4.522905
29/09/2022,8948,4.522926
29/09/2022,8949,4.522946
29/09/2022,8950,4.522967
29/09/2022,8951,4.522988
29/09/2022,8952,4.523008
29/09/2022,8953,4.523029
29/09/2022,8954,4.523049
29/09/2022,8955,4.52307
29/09/2022,8956,4.523091
29/09/2022,8957,4.523111
29/09/2022,8958,4.523132
29/09/2022,8959,4.523152
29/09/2022,8960,4.523173
29/09/2022,8961,4.523194
29/09/2022,8962,4.523214
29/09/2022,8963,4.523235
29/09/2022,8964,4.523255
29/09/2022,8965,4.523276
29/09/2022,8966,4.523297
29/09/2022,8967,4.523317
29/09/2022,8968,4.523338
29/09/2022,8969,4.523359
29/09/2022,8970,4.523379
29/09/2022,8971,4.5234
29/09/2022,8972,4.52342
29/09/2022,8973,4.523441
29/09/2022,8974,4.523462
29/09/2022,8975,4.523482
29/09/2022,8976,4.523503
29/09/2022,8977,4.523523
29/09/2022,8978,4.523544
29/09/2022,8979,4.523565
29/09/2022,8980,4.523585
29/09/2022,8981,4.523606
29/09/2022,8982,4.523626
29/09/2022,8983,4.523647
29/09/2022,8984,4.523668
29/09/2022,8985,4.523688
29/09/2022,8986,4.523709
29/09/2022,8987,4.523729
29/09/2022,8988,4.52375
29/09/2022,8989,4.523771
29/09/2022,8990,4.523791
29/09/2022,8991,4.523812
29/09/2022,8992,4.523832
29/09/2022,8993,4.523853
29/09/2022,8994,4.523874
29/09/2022,8995,4.523894
29/09/2022,8996,4.523915
29/09/2022,8997,4.523935
29/09/2022,8998,4.523956
29/09/2022,8999,4.523977
29/09/2022,9000,4.523997
29/09/2022,9001,4.524018
29/09/2022,9002,4.524038
29/09/2022,9003,4.524059
29/09/2022,9004,4.52408
29/09/2022,9005,4.5241
29/09/2022,9006,4.524121
29/09/2022,9007,4.524141
29/09/2022,9008,4.524162
29/09/2022,9009,4.524183
29/09/2022,9010,4.524203
29/09/2022,9011,4.524224
29/09/2022,9012,4.524245
29/09/2022,9013,4.524265
29/09/2022,9014,4.524286
29/09/2022,9015,4.524306
29/09/2022,9016,4.524327
29/09/2022,9017,4.524348
29/09/2022,9018,4.524368
29/09/2022,9019,4.524389
29/09/2022,9020,4.524409
29/09/2022,9021,4.52443
29/09/2022,9022,4.524451
29/09/2022,9023,4.524471
29/09/2022,9024,4.524492
29/09/2022,9025,4.524512
29/09/2022,9026,4.524533
29/09/2022,9027,4.524554
29/09/2022,9028,4.524574
29/09/2022,9029,4.524595
29/09/2022,9030,4.524615
29/09/2022,9031,4.524636
29/09/2022,9032,4.524657
29/09/2022,9033,4.524677
29/09/2022,9034,4.524698
29/09/2022,9035,4.524718
29/09/2022,9036,4.524739
29/09/2022,9037,4.52476
29/09/2022,9038,4.52478
29/09/2022,9039,4.524801
29/09/2022,9040,4.524821
29/09/2022,9041,4.524842
29/09/2022,9042,4.524863
29/09/2022,9043,4.524883
29/09/2022,9044,4.524904
29/09/2022,9045,4.524924
29/09/2022,9046,4.524945
29/09/2022,9047,4.524966
29/09/2022,9048,4.524986
29/09/2022,9049,4.525007
29/09/2022,9050,4.525027
29/09/2022,9051,4.525048
29/09/2022,9052,4.525069
29/09/2022,9053,4.525089
29/09/2022,9054,4.52511
29/09/2022,9055,4.52513
29/09/2022,9056,4.525151
29/09/2022,9057,4.525172
29/09/2022,9058,4.525192
29/09/2022,9059,4.525213
29/09/2022,9060,4.525234
29/09/2022,9061,4.525254
29/09/2022,9062,4.525275
29/09/2022,9063,4.525295
29/09/2022,9064,4.525316
29/09/2022,9065,4.525337
29/09/2022,9066,4.525357
29/09/2022,9067,4.525378
29/09/2022,9068,4.525398
29/09/2022,9069,4.525419
29/09/2022,9070,4.52544
29/09/2022,9071,4.52546
29/09/2022,9072,4.525481
29/09/2022,9073,4.525501
29/09/2022,9074,4.525522
29/09/2022,9075,4.525543
29/09/2022,9076,4.525563
29/09/2022,9077,4.525584
29/09/2022,9078,4.525604
29/09/2022,9079,4.525625
29/09/2022,9080,4.525646
29/09/2022,9081,4.525666
29/09/2022,9082,4.525687
29/09/2022,9083,4.525707
29/09/2022,9084,4.525728
29/09/2022,9085,4.525749
29/09/2022,9086,4.525769
29/09/2022,9087,4.52579
29/09/2022,9088,4.52581
29/09/2022,9089,4.525831
29/09/2022,9090,4.525852
29/09/2022,9091,4.525872
29/09/2022,9092,4.525893
29/09/2022,9093,4.525913
29/09/2022,9094,4.525934
29/09/2022,9095,4.525955
29/09/2022,9096,4.525975
29/09/2022,9097,4.525996
29/09/2022,9098,4.526016
29/09/2022,9099,4.526037
29/09/2022,9100,4.526058
29/09/2022,9101,4.526078
29/09/2022,9102,4.526099
29/09/2022,9103,4.52612
29/09/2022,9104,4.52614
29/09/2022,9105,4.526161
29/09/2022,9106,4.526181
29/09/2022,9107,4.526202
29/09/2022,9108,4.526223
29/09/2022,9109,4.526243
29/09/2022,9110,4.526264
29/09/2022,9111,4.526284
29/09/2022,9112,4.526305
29/09/2022,9113,4.526326
29/09/2022,9114,4.526346
29/09/2022,9115,4.526367
29/09/2022,9116,4.526387
29/09/2022,9117,4.526408
29/09/2022,9118,4.526429
29/09/2022,9119,4.526449
29/09/2022,9120,4.52647
29/09/2022,9121,4.52649
29/09/2022,9122,4.526511
29/09/2022,9123,4.526532
29/09/2022,9124,4.526552
29/09/2022,9125,4.526573
29/09/2022,9126,4.526593
29/09/2022,9127,4.526614
29/09/2022,9128,4.526635
29/09/2022,9129,4.526655
29/09/2022,9130,4.526676
29/09/2022,9131,4.526696
29/09/2022,9132,4.526717
29/09/2022,9133,4.526738
29/09/2022,9134,4.526758
29/09/2022,9135,4.526779
29/09/2022,9136,4.526799
29/09/2022,9137,4.52682
29/09/2022,9138,4.526841
29/09/2022,9139,4.526861
29/09/2022,9140,4.526882
29/09/2022,9141,4.526902
29/09/2022,9142,4.526923
29/09/2022,9143,4.526944
29/09/2022,9144,4.526964
29/09/2022,9145,4.526985
29/09/2022,9146,4.527005
29/09/2022,9147,4.527026
29/09/2022,9148,4.527047
29/09/2022,9149,4.527067
29/09/2022,9150,4.527088
29/09/2022,9151,4.527109
29/09/2022,9152,4.527129
29/09/2022,9153,4.52715
29/09/2022,9154,4.52717
29/09/2022,9155,4.527191
29/09/2022,9156,4.527212
29/09/2022,9157,4.527232
29/09/2022,9158,4.527253
29/09/2022,9159,4.527273
29/09/2022,9160,4.527294
29/09/2022,9161,4.527315
29/09/2022,9162,4.527335
29/09/2022,9163,4.527356
29/09/2022,9164,4.527376
29/09/2022,9165,4.527397
29/09/2022,9166,4.527418
29/09/2022,9167,4.527438
29/09/2022,9168,4.527459
29/09/2022,9169,4.527479
29/09/2022,9170,4.5275
29/09/2022,9171,4.527521
29/09/2022,9172,4.527541
29/09/2022,9173,4.527562
29/09/2022,9174,4.527582
29/09/2022,9175,4.527603
29/09/2022,9176,4.527624
29/09/2022,9177,4.527644
29/09/2022,9178,4.527665
29/09/2022,9179,4.527685
29/09/2022,9180,4.527706
29/09/2022,9181,4.527727
29/09/2022,9182,4.527747
29/09/2022,9183,4.527768
29/09/2022,9184,4.527788
29/09/2022,9185,4.527809
29/09/2022,9186,4.52783
29/09/2022,9187,4.52785
29/09/2022,9188,4.527871
29/09/2022,9189,4.527891
29/09/2022,9190,4.527912
29/09/2022,9191,4.527933
29/09/2022,9192,4.527953
29/09/2022,9193,4.527974
29/09/2022,9194,4.527995
29/09/2022,9195,4.528015
29/09/2022,9196,4.528036
29/09/2022,9197,4.528056
29/09/2022,9198,4.528077
29/09/2022,9199,4.528098
29/09/2022,9200,4.528118
29/09/2022,9201,4.528139
29/09/2022,9202,4.528159
29/09/2022,9203,4.52818
29/09/2022,9204,4.528201
29/09/2022,9205,4.528221
29/09/2022,9206,4.528242
29/09/2022,9207,4.528262
29/09/2022,9208,4.528283
29/09/2022,9209,4.528304
29/09/2022,9210,4.528324
29/09/2022,9211,4.528345
29/09/2022,9212,4.528365
29/09/2022,9213,4.528386
29/09/2022,9214,4.528407
29/09/2022,9215,4.528427
29/09/2022,9216,4.528448
29/09/2022,9217,4.528468
29/09/2022,9218,4.528489
29/09/2022,9219,4.52851
29/09/2022,9220,4.52853
29/09/2022,9221,4.528551
29/09/2022,9222,4.528571
29/09/2022,9223,4.528592
29/09/2022,9224,4.528613
29/09/2022,9225,4.528633
29/09/2022,9226,4.528654
29/09/2022,9227,4.528674
29/09/2022,9228,4.528695
29/09/2022,9229,4.528716
29/09/2022,9230,4.528736
29/09/2022,9231,4.528757
29/09/2022,9232,4.528777
29/09/2022,9233,4.528798
29/09/2022,9234,4.528819
29/09/2022,9235,4.528839
29/09/2022,9236,4.52886
29/09/2022,9237,4.52888
29/09/2022,9238,4.528901
29/09/2022,9239,4.528922
29/09/2022,9240,4.528942
29/09/2022,9241,4.528963
29/09/2022,9242,4.528984
29/09/2022,9243,4.529004
29/09/2022,9244,4.529025
29/09/2022,9245,4.529045
29/09/2022,9246,4.529066
29/09/2022,9247,4.529087
29/09/2022,9248,4.529107
29/09/2022,9249,4.529128
29/09/2022,9250,4.529148
29/09/2022,9251,4.529169
29/09/2022,9252,4.52919
29/09/2022,9253,4.52921
29/09/2022,9254,4.529231
29/09/2022,9255,4.529251
29/09/2022,9256,4.529272
29/09/2022,9257,4.529293
29/09/2022,9258,4.529313
29/09/2022,9259,4.529334
29/09/2022,9260,4.529354
29/09/2022,9261,4.529375
29/09/2022,9262,4.529396
29/09/2022,9263,4.529416
29/09/2022,9264,4.529437
29/09/2022,9265,4.529457
29/09/2022,9266,4.529478
29/09/2022,9267,4.529499
29/09/2022,9268,4.529519
29/09/2022,9269,4.52954
29/09/2022,9270,4.52956
29/09/2022,9271,4.529581
29/09/2022,9272,4.529602
29/09/2022,9273,4.529622
29/09/2022,9274,4.529643
29/09/2022,9275,4.529663
29/09/2022,9276,4.529684
29/09/2022,9277,4.529705
29/09/2022,9278,4.529725
29/09/2022,9279,4.529746
29/09/2022,9280,4.529766
29/09/2022,9281,4.529787
29/09/2022,9282,4.529808
29/09/2022,9283,4.529828
29/09/2022,9284,4.529849
29/09/2022,9285,4.52987
29/09/2022,9286,4.52989
29/09/2022,9287,4.529911
29/09/2022,9288,4.529931
29/09/2022,9289,4.529952
29/09/2022,9290,4.529973
29/09/2022,9291,4.529993
29/09/2022,9292,4.530014
29/09/2022,9293,4.530034
29/09/2022,9294,4.530055
29/09/2022,9295,4.530076
29/09/2022,9296,4.530096
29/09/2022,9297,4.530117
29/09/2022,9298,4.530137
29/09/2022,9299,4.530158
29/09/2022,9300,4.530179
29/09/2022,9301,4.530199
29/09/2022,9302,4.53022
29/09/2022,9303,4.53024
29/09/2022,9304,4.530261
29/09/2022,9305,4.530282
29/09/2022,9306,4.530302
29/09/2022,9307,4.530323
29/09/2022,9308,4.530343
29/09/2022,9309,4.530364
29/09/2022,9310,4.530385
29/09/2022,9311,4.530405
29/09/2022,9312,4.530426
29/09/2022,9313,4.530446
29/09/2022,9314,4.530467
29/09/2022,9315,4.530488
29/09/2022,9316,4.530508
29/09/2022,9317,4.530529
29/09/2022,9318,4.530549
29/09/2022,9319,4.53057
29/09/2022,9320,4.530591
29/09/2022,9321,4.530611
29/09/2022,9322,4.530632
29/09/2022,9323,4.530652
29/09/2022,9324,4.530673
29/09/2022,9325,4.530694
29/09/2022,9326,4.530714
29/09/2022,9327,4.530735
29/09/2022,9328,4.530755
29/09/2022,9329,4.530776
29/09/2022,9330,4.530797
29/09/2022,9331,4.530817
29/09/2022,9332,4.530838
29/09/2022,9333,4.530859
29/09/2022,9334,4.530879
29/09/2022,9335,4.5309
29/09/2022,9336,4.53092
29/09/2022,9337,4.530941
29/09/2022,9338,4.530962
29/09/2022,9339,4.530982
29/09/2022,9340,4.531003
29/09/2022,9341,4.531023
29/09/2022,9342,4.531044
29/09/2022,9343,4.531065
29/09/2022,9344,4.531085
29/09/2022,9345,4.531106
29/09/2022,9346,4.531126
29/09/2022,9347,4.531147
29/09/2022,9348,4.531168
29/09/2022,9349,4.531188
29/09/2022,9350,4.531209
29/09/2022,9351,4.531229
29/09/2022,9352,4.53125
29/09/2022,9353,4.531271
29/09/2022,9354,4.531291
29/09/2022,9355,4.531312
29/09/2022,9356,4.531332
29/09/2022,9357,4.531353
29/09/2022,9358,4.531374
29/09/2022,9359,4.531394
29/09/2022,9360,4.531415
29/09/2022,9361,4.531435
29/09/2022,9362,4.531456
29/09/2022,9363,4.531477
29/09/2022,9364,4.531497
29/09/2022,9365,4.531518
29/09/2022,9366,4.531538
29/09/2022,9367,4.531559
29/09/2022,9368,4.53158
29/09/2022,9369,4.5316
29/09/2022,9370,4.531621
29/09/2022,9371,4.531641
29/09/2022,9372,4.531662
29/09/2022,9373,4.531683
29/09/2022,9374,4.531703
29/09/2022,9375,4.531724
29/09/2022,9376,4.531745
29/09/2022,9377,4.531765
29/09/2022,9378,4.531786
29/09/2022,9379,4.531806
29/09/2022,9380,4.531827
29/09/2022,9381,4.531848
29/09/2022,9382,4.531868
29/09/2022,9383,4.531889
29/09/2022,9384,4.531909
29/09/2022,9385,4.53193
29/09/2022,9386,4.531951
29/09/2022,9387,4.531971
29/09/2022,9388,4.531992
29/09/2022,9389,4.532012
29/09/2022,9390,4.532033
29/09/2022,9391,4.532054
29/09/2022,9392,4.532074
29/09/2022,9393,4.532095
29/09/2022,9394,4.532115
29/09/2022,9395,4.532136
29/09/2022,9396,4.532157
29/09/2022,9397,4.532177
29/09/2022,9398,4.532198
29/09/2022,9399,4.532218
29/09/2022,9400,4.532239
29/09/2022,9401,4.53226
29/09/2022,9402,4.53228
29/09/2022,9403,4.532301
29/09/2022,9404,4.532321
29/09/2022,9405,4.532342
29/09/2022,9406,4.532363
29/09/2022,9407,4.532383
29/09/2022,9408,4.532404
29/09/2022,9409,4.532424
29/09/2022,9410,4.532445
29/09/2022,9411,4.532466
29/09/2022,9412,4.532486
29/09/2022,9413,4.532507
29/09/2022,9414,4.532527
29/09/2022,9415,4.532548
29/09/2022,9416,4.532569
29/09/2022,9417,4.532589
29/09/2022,9418,4.53261
29/09/2022,9419,4.53263
29/09/2022,9420,4.532651
29/09/2022,9421,4.532672
29/09/2022,9422,4.532692
29/09/2022,9423,4.532713
29/09/2022,9424,4.532734
29/09/2022,9425,4.532754
29/09/2022,9426,4.532775
29/09/2022,9427,4.532795
29/09/2022,9428,4.532816
29/09/2022,9429,4.532837
29/09/2022,9430,4.532857
29/09/2022,9431,4.532878
29/09/2022,9432,4.532898
29/09/2022,9433,4.532919
29/09/2022,9434,4.53294
29/09/2022,9435,4.53296
29/09/2022,9436,4.532981
29/09/2022,9437,4.533001
29/09/2022,9438,4.533022
29/09/2022,9439,4.533043
29/09/2022,9440,4.533063
29/09/2022,9441,4.533084
29/09/2022,9442,4.533104
29/09/2022,9443,4.533125
29/09/2022,9444,4.533146
29/09/2022,9445,4.533166
29/09/2022,9446,4.533187
29/09/2022,9447,4.533207
29/09/2022,9448,4.533228
29/09/2022,9449,4.533249
29/09/2022,9450,4.533269
29/09/2022,9451,4.53329
29/09/2022,9452,4.53331
29/09/2022,9453,4.533331
29/09/2022,9454,4.533352
29/09/2022,9455,4.533372
29/09/2022,9456,4.533393
29/09/2022,9457,4.533413
29/09/2022,9458,4.533434
29/09/2022,9459,4.533455
29/09/2022,9460,4.533475
29/09/2022,9461,4.533496
29/09/2022,9462,4.533516
29/09/2022,9463,4.533537
29/09/2022,9464,4.533558
29/09/2022,9465,4.533578
29/09/2022,9466,4.533599
29/09/2022,9467,4.53362
29/09/2022,9468,4.53364
29/09/2022,9469,4.533661
29/09/2022,9470,4.533681
29/09/2022,9471,4.533702
29/09/2022,9472,4.533723
29/09/2022,9473,4.533743
29/09/2022,9474,4.533764
29/09/2022,9475,4.533784
29/09/2022,9476,4.533805
29/09/2022,9477,4.533826
29/09/2022,9478,4.533846
29/09/2022,9479,4.533867
29/09/2022,9480,4.533887
29/09/2022,9481,4.533908
29/09/2022,9482,4.533929
29/09/2022,9483,4.533949
29/09/2022,9484,4.53397
29/09/2022,9485,4.53399
29/09/2022,9486,4.534011
29/09/2022,9487,4.534032
29/09/2022,9488,4.534052
29/09/2022,9489,4.534073
29/09/2022,9490,4.534093
29/09/2022,9491,4.534114
29/09/2022,9492,4.534135
29/09/2022,9493,4.534155
29/09/2022,9494,4.534176
29/09/2022,9495,4.534196
29/09/2022,9496,4.534217
29/09/2022,9497,4.534238
29/09/2022,9498,4.534258
29/09/2022,9499,4.534279
29/09/2022,9500,4.534299
29/09/2022,9501,4.53432
29/09/2022,9502,4.534341
29/09/2022,9503,4.534361
29/09/2022,9504,4.534382
29/09/2022,9505,4.534402
29/09/2022,9506,4.534423
29/09/2022,9507,4.534444
29/09/2022,9508,4.534464
29/09/2022,9509,4.534485
29/09/2022,9510,4.534505
29/09/2022,9511,4.534526
29/09/2022,9512,4.534547
29/09/2022,9513,4.534567
29/09/2022,9514,4.534588
29/09/2022,9515,4.534609
29/09/2022,9516,4.534629
29/09/2022,9517,4.53465
29/09/2022,9518,4.53467
29/09/2022,9519,4.534691
29/09/2022,9520,4.534712
29/09/2022,9521,4.534732
29/09/2022,9522,4.534753
29/09/2022,9523,4.534773
29/09/2022,9524,4.534794
29/09/2022,9525,4.534815
29/09/2022,9526,4.534835
29/09/2022,9527,4.534856
29/09/2022,9528,4.534876
29/09/2022,9529,4.534897
29/09/2022,9530,4.534918
29/09/2022,9531,4.534938
29/09/2022,9532,4.534959
29/09/2022,9533,4.534979
29/09/2022,9534,4.535
29/09/2022,9535,4.535021
29/09/2022,9536,4.535041
29/09/2022,9537,4.535062
29/09/2022,9538,4.535082
29/09/2022,9539,4.535103
29/09/2022,9540,4.535124
29/09/2022,9541,4.535144
29/09/2022,9542,4.535165
29/09/2022,9543,4.535185
29/09/2022,9544,4.535206
29/09/2022,9545,4.535227
29/09/2022,9546,4.535247
29/09/2022,9547,4.535268
29/09/2022,9548,4.535288
29/09/2022,9549,4.535309
29/09/2022,9550,4.53533
29/09/2022,9551,4.53535
29/09/2022,9552,4.535371
29/09/2022,9553,4.535391
29/09/2022,9554,4.535412
29/09/2022,9555,4.535433
29/09/2022,9556,4.535453
29/09/2022,9557,4.535474
29/09/2022,9558,4.535495
29/09/2022,9559,4.535515
29/09/2022,9560,4.535536
29/09/2022,9561,4.535556
29/09/2022,9562,4.535577
29/09/2022,9563,4.535598
29/09/2022,9564,4.535618
29/09/2022,9565,4.535639
29/09/2022,9566,4.535659
29/09/2022,9567,4.53568
29/09/2022,9568,4.535701
29/09/2022,9569,4.535721
29/09/2022,9570,4.535742
29/09/2022,9571,4.535762
29/09/2022,9572,4.535783
29/09/2022,9573,4.535804
29/09/2022,9574,4.535824
29/09/2022,9575,4.535845
29/09/2022,9576,4.535865
29/09/2022,9577,4.535886
29/09/2022,9578,4.535907
29/09/2022,9579,4.535927
29/09/2022,9580,4.535948
29/09/2022,9581,4.535968
29/09/2022,9582,4.535989
29/09/2022,9583,4.53601
29/09/2022,9584,4.53603
29/09/2022,9585,4.536051
29/09/2022,9586,4.536071
29/09/2022,9587,4.536092
29/09/2022,9588,4.536113
29/09/2022,9589,4.536133
29/09/2022,9590,4.536154
29/09/2022,9591,4.536174
29/09/2022,9592,4.536195
29/09/2022,9593,4.536216
29/09/2022,9594,4.536236
29/09/2022,9595,4.536257
29/09/2022,9596,4.536277
29/09/2022,9597,4.536298
29/09/2022,9598,4.536319
29/09/2022,9599,4.536339
29/09/2022,9600,4.53636
29/09/2022,9601,4.53638
29/09/2022,9602,4.536401
29/09/2022,9603,4.536422
29/09/2022,9604,4.536442
29/09/2022,9605,4.536463
29/09/2022,9606,4.536484
29/09/2022,9607,4.536504
29/09/2022,9608,4.536525
29/09/2022,9609,4.536545
29/09/2022,9610,4.536566
29/09/2022,9611,4.536587
29/09/2022,9612,4.536607
29/09/2022,9613,4.536628
29/09/2022,9614,4.536648
29/09/2022,9615,4.536669
29/09/2022,9616,4.53669
29/09/2022,9617,4.53671
29/09/2022,9618,4.536731
29/09/2022,9619,4.536751
29/09/2022,9620,4.536772
29/09/2022,9621,4.536793
29/09/2022,9622,4.536813
29/09/2022,9623,4.536834
29/09/2022,9624,4.536854
29/09/2022,9625,4.536875
29/09/2022,9626,4.536896
29/09/2022,9627,4.536916
29/09/2022,9628,4.536937
29/09/2022,9629,4.536957
29/09/2022,9630,4.536978
29/09/2022,9631,4.536999
29/09/2022,9632,4.537019
29/09/2022,9633,4.53704
29/09/2022,9634,4.53706
29/09/2022,9635,4.537081
29/09/2022,9636,4.537102
29/09/2022,9637,4.537122
29/09/2022,9638,4.537143
29/09/2022,9639,4.537163
29/09/2022,9640,4.537184
29/09/2022,9641,4.537205
29/09/2022,9642,4.537225
29/09/2022,9643,4.537246
29/09/2022,9644,4.537266
29/09/2022,9645,4.537287
29/09/2022,9646,4.537308
29/09/2022,9647,4.537328
29/09/2022,9648,4.537349
29/09/2022,9649,4.53737
29/09/2022,9650,4.53739
29/09/2022,9651,4.537411
29/09/2022,9652,4.537431
29/09/2022,9653,4.537452
29/09/2022,9654,4.537473
29/09/2022,9655,4.537493
29/09/2022,9656,4.537514
29/09/2022,9657,4.537534
29/09/2022,9658,4.537555
29/09/2022,9659,4.537576
29/09/2022,9660,4.537596
29/09/2022,9661,4.537617
29/09/2022,9662,4.537637
29/09/2022,9663,4.537658
29/09/2022,9664,4.537679
29/09/2022,9665,4.537699
29/09/2022,9666,4.53772
29/09/2022,9667,4.53774
29/09/2022,9668,4.537761
29/09/2022,9669,4.537782
29/09/2022,9670,4.537802
29/09/2022,9671,4.537823
29/09/2022,9672,4.537843
29/09/2022,9673,4.537864
29/09/2022,9674,4.537885
29/09/2022,9675,4.537905
29/09/2022,9676,4.537926
29/09/2022,9677,4.537946
29/09/2022,9678,4.537967
29/09/2022,9679,4.537988
29/09/2022,9680,4.538008
29/09/2022,9681,4.538029
29/09/2022,9682,4.538049
29/09/2022,9683,4.53807
29/09/2022,9684,4.538091
29/09/2022,9685,4.538111
29/09/2022,9686,4.538132
29/09/2022,9687,4.538152
29/09/2022,9688,4.538173
29/09/2022,9689,4.538194
29/09/2022,9690,4.538214
29/09/2022,9691,4.538235
29/09/2022,9692,4.538255
29/09/2022,9693,4.538276
29/09/2022,9694,4.538297
29/09/2022,9695,4.538317
29/09/2022,9696,4.538338
29/09/2022,9697,4.538359
29/09/2022,9698,4.538379
29/09/2022,9699,4.5384
29/09/2022,9700,4.53842
29/09/2022,9701,4.538441
29/09/2022,9702,4.538462
29/09/2022,9703,4.538482
29/09/2022,9704,4.538503
29/09/2022,9705,4.538523
29/09/2022,9706,4.538544
29/09/2022,9707,4.538565
29/09/2022,9708,4.538585
29/09/2022,9709,4.538606
29/09/2022,9710,4.538626
29/09/2022,9711,4.538647
29/09/2022,9712,4.538668
29/09/2022,9713,4.538688
29/09/2022,9714,4.538709
29/09/2022,9715,4.538729
29/09/2022,9716,4.53875
29/09/2022,9717,4.538771
29/09/2022,9718,4.538791
29/09/2022,9719,4.538812
29/09/2022,9720,4.538832
29/09/2022,9721,4.538853
29/09/2022,9722,4.538874
29/09/2022,9723,4.538894
29/09/2022,9724,4.538915
29/09/2022,9725,4.538935
29/09/2022,9726,4.538956
29/09/2022,9727,4.538977
29/09/2022,9728,4.538997
29/09/2022,9729,4.539018
29/09/2022,9730,4.539038
29/09/2022,9731,4.539059
29/09/2022,9732,4.53908
29/09/2022,9733,4.5391
29/09/2022,9734,4.539121
29/09/2022,9735,4.539141
29/09/2022,9736,4.539162
29/09/2022,9737,4.539183
29/09/2022,9738,4.539203
29/09/2022,9739,4.539224
29/09/2022,9740,4.539245
29/09/2022,9741,4.539265
29/09/2022,9742,4.539286
29/09/2022,9743,4.539306
29/09/2022,9744,4.539327
29/09/2022,9745,4.539348
29/09/2022,9746,4.539368
29/09/2022,9747,4.539389
29/09/2022,9748,4.539409
29/09/2022,9749,4.53943
29/09/2022,9750,4.539451
29/09/2022,9751,4.539471
29/09/2022,9752,4.539492
29/09/2022,9753,4.539512
29/09/2022,9754,4.539533
29/09/2022,9755,4.539554
29/09/2022,9756,4.539574
29/09/2022,9757,4.539595
29/09/2022,9758,4.539615
29/09/2022,9759,4.539636
29/09/2022,9760,4.539657
29/09/2022,9761,4.539677
29/09/2022,9762,4.539698
29/09/2022,9763,4.539718
29/09/2022,9764,4.539739
29/09/2022,9765,4.53976
29/09/2022,9766,4.53978
29/09/2022,9767,4.539801
29/09/2022,9768,4.539821
29/09/2022,9769,4.539842
29/09/2022,9770,4.539863
29/09/2022,9771,4.539883
29/09/2022,9772,4.539904
29/09/2022,9773,4.539924
29/09/2022,9774,4.539945
29/09/2022,9775,4.539966
29/09/2022,9776,4.539986
29/09/2022,9777,4.540007
29/09/2022,9778,4.540027
29/09/2022,9779,4.540048
29/09/2022,9780,4.540069
29/09/2022,9781,4.540089
29/09/2022,9782,4.54011
29/09/2022,9783,4.54013
29/09/2022,9784,4.540151
29/09/2022,9785,4.540172
29/09/2022,9786,4.540192
29/09/2022,9787,4.540213
29/09/2022,9788,4.540234
29/09/2022,9789,4.540254
29/09/2022,9790,4.540275
29/09/2022,9791,4.540295
29/09/2022,9792,4.540316
29/09/2022,9793,4.540337
29/09/2022,9794,4.540357
29/09/2022,9795,4.540378
29/09/2022,9796,4.540398
29/09/2022,9797,4.540419
29/09/2022,9798,4.54044
29/09/2022,9799,4.54046
29/09/2022,9800,4.540481
29/09/2022,9801,4.540501
29/09/2022,9802,4.540522
29/09/2022,9803,4.540543
29/09/2022,9804,4.540563
29/09/2022,9805,4.540584
29/09/2022,9806,4.540604
29/09/2022,9807,4.540625
29/09/2022,9808,4.540646
29/09/2022,9809,4.540666
29/09/2022,9810,4.540687
29/09/2022,9811,4.540707
29/09/2022,9812,4.540728
29/09/2022,9813,4.540749
29/09/2022,9814,4.540769
29/09/2022,9815,4.54079
29/09/2022,9816,4.54081
29/09/2022,9817,4.540831
29/09/2022,9818,4.540852
29/09/2022,9819,4.540872
29/09/2022,9820,4.540893
29/09/2022,9821,4.540913
29/09/2022,9822,4.540934
29/09/2022,9823,4.540955
29/09/2022,9824,4.540975
29/09/2022,9825,4.540996
29/09/2022,9826,4.541016
29/09/2022,9827,4.541037
29/09/2022,9828,4.541058
29/09/2022,9829,4.541078
29/09/2022,9830,4.541099
29/09/2022,9831,4.54112
29/09/2022,9832,4.54114
29/09/2022,9833,4.541161
29/09/2022,9834,4.541181
29/09/2022,9835,4.541202
29/09/2022,9836,4.541223
29/09/2022,9837,4.541243
29/09/2022,9838,4.541264
29/09/2022,9839,4.541284
29/09/2022,9840,4.541305
29/09/2022,9841,4.541326
29/09/2022,9842,4.541346
29/09/2022,9843,4.541367
29/09/2022,9844,4.541387
29/09/2022,9845,4.541408
29/09/2022,9846,4.541429
29/09/2022,9847,4.541449
29/09/2022,9848,4.54147
29/09/2022,9849,4.54149
29/09/2022,9850,4.541511
29/09/2022,9851,4.541532
29/09/2022,9852,4.541552
29/09/2022,9853,4.541573
29/09/2022,9854,4.541593
29/09/2022,9855,4.541614
29/09/2022,9856,4.541635
29/09/2022,9857,4.541655
29/09/2022,9858,4.541676
29/09/2022,9859,4.541696
29/09/2022,9860,4.541717
29/09/2022,9861,4.541738
29/09/2022,9862,4.541758
29/09/2022,9863,4.541779
29/09/2022,9864,4.541799
29/09/2022,9865,4.54182
29/09/2022,9866,4.541841
29/09/2022,9867,4.541861
29/09/2022,9868,4.541882
29/09/2022,9869,4.541902
29/09/2022,9870,4.541923
29/09/2022,9871,4.541944
29/09/2022,9872,4.541964
29/09/2022,9873,4.541985
29/09/2022,9874,4.542005
29/09/2022,9875,4.542026
29/09/2022,9876,4.542047
29/09/2022,9877,4.542067
29/09/2022,9878,4.542088
29/09/2022,9879,4.542109
29/09/2022,9880,4.542129
29/09/2022,9881,4.54215
29/09/2022,9882,4.54217
29/09/2022,9883,4.542191
29/09/2022,9884,4.542212
29/09/2022,9885,4.542232
29/09/2022,9886,4.542253
29/09/2022,9887,4.542273
29/09/2022,9888,4.542294
29/09/2022,9889,4.542315
29/09/2022,9890,4.542335
29/09/2022,9891,4.542356
29/09/2022,9892,4.542376
29/09/2022,9893,4.542397
29/09/2022,9894,4.542418
29/09/2022,9895,4.542438
29/09/2022,9896,4.542459
29/09/2022,9897,4.542479
29/09/2022,9898,4.5425
29/09/2022,9899,4.542521
29/09/2022,9900,4.542541
29/09/2022,9901,4.542562
29/09/2022,9902,4.542582
29/09/2022,9903,4.542603
29/09/2022,9904,4.542624
29/09/2022,9905,4.542644
29/09/2022,9906,4.542665
29/09/2022,9907,4.542685
29/09/2022,9908,4.542706
29/09/2022,9909,4.542727
29/09/2022,9910,4.542747
29/09/2022,9911,4.542768
29/09/2022,9912,4.542788
29/09/2022,9913,4.542809
29/09/2022,9914,4.54283
29/09/2022,9915,4.54285
29/09/2022,9916,4.542871
29/09/2022,9917,4.542891
29/09/2022,9918,4.542912
29/09/2022,9919,4.542933
29/09/2022,9920,4.542953
29/09/2022,9921,4.542974
29/09/2022,9922,4.542995
29/09/2022,9923,4.543015
29/09/2022,9924,4.543036
29/09/2022,9925,4.543056
29/09/2022,9926,4.543077
29/09/2022,9927,4.543098
29/09/2022,9928,4.543118
29/09/2022,9929,4.543139
29/09/2022,9930,4.543159
29/09/2022,9931,4.54318
29/09/2022,9932,4.543201
29/09/2022,9933,4.543221
29/09/2022,9934,4.543242
29/09/2022,9935,4.543262
29/09/2022,9936,4.543283
29/09/2022,9937,4.543304
29/09/2022,9938,4.543324
29/09/2022,9939,4.543345
29/09/2022,9940,4.543365
29/09/2022,9941,4.543386
29/09/2022,9942,4.543407
29/09/2022,9943,4.543427
29/09/2022,9944,4.543448
29/09/2022,9945,4.543468
29/09/2022,9946,4.543489
29/09/2022,9947,4.54351
29/09/2022,9948,4.54353
29/09/2022,9949,4.543551
29/09/2022,9950,4.543571
29/09/2022,9951,4.543592
29/09/2022,9952,4.543613
29/09/2022,9953,4.543633
29/09/2022,9954,4.543654
29/09/2022,9955,4.543674
29/09/2022,9956,4.543695
29/09/2022,9957,4.543716
29/09/2022,9958,4.543736
29/09/2022,9959,4.543757
29/09/2022,9960,4.543777
29/09/2022,9961,4.543798
29/09/2022,9962,4.543819
29/09/2022,9963,4.543839
29/09/2022,9964,4.54386
29/09/2022,9965,4.54388
29/09/2022,9966,4.543901
29/09/2022,9967,4.543922
29/09/2022,9968,4.543942
29/09/2022,9969,4.543963
29/09/2022,9970,4.543984
29/09/2022,9971,4.544004
29/09/2022,9972,4.544025
29/09/2022,9973,4.544045
29/09/2022,9974,4.544066
29/09/2022,9975,4.544087
29/09/2022,9976,4.544107
29/09/2022,9977,4.544128
29/09/2022,9978,4.544148
29/09/2022,9979,4.544169
29/09/2022,9980,4.54419
29/09/2022,9981,4.54421
29/09/2022,9982,4.544231
29/09/2022,9983,4.544251
29/09/2022,9984,4.544272
29/09/2022,9985,4.544293
29/09/2022,9986,4.544313
29/09/2022,9987,4.544334
29/09/2022,9988,4.544354
29/09/2022,9989,4.544375
29/09/2022,9990,4.544396
29/09/2022,9991,4.544416
29/09/2022,9992,4.544437
29/09/2022,9993,4.544457
29/09/2022,9994,4.544478
29/09/2022,9995,4.544499
29/09/2022,9996,4.544519
29/09/2022,9997,4.54454
29/09/2022,9998,4.54456
29/09/2022,9999,4.544581
29/09/2022,10000,4.544602
29/09/2022,10001,4.544622
29/09/2022,10002,4.544643
29/09/2022,10003,4.544663
29/09/2022,10004,4.544684
29/09/2022,10005,4.544705
29/09/2022,10006,4.544725
29/09/2022,10007,4.544746
29/09/2022,10008,4.544766
29/09/2022,10009,4.544787
29/09/2022,10010,4.544808
29/09/2022,10011,4.544828
29/09/2022,10012,4.544849
29/09/2022,10013,4.54487
29/09/2022,10014,4.54489
29/09/2022,10015,4.544911
29/09/2022,10016,4.544931
29/09/2022,10017,4.544952
29/09/2022,10018,4.544973
29/09/2022,10019,4.544993
29/09/2022,10020,4.545014
29/09/2022,10021,4.545034
29/09/2022,10022,4.545055
29/09/2022,10023,4.545076
29/09/2022,10024,4.545096
29/09/2022,10025,4.545117
29/09/2022,10026,4.545137
29/09/2022,10027,4.545158
29/09/2022,10028,4.545179
29/09/2022,10029,4.545199
29/09/2022,10030,4.54522
29/09/2022,10031,4.54524
29/09/2022,10032,4.545261
29/09/2022,10033,4.545282
29/09/2022,10034,4.545302
29/09/2022,10035,4.545323
29/09/2022,10036,4.545343
29/09/2022,10037,4.545364
29/09/2022,10038,4.545385
29/09/2022,10039,4.545405
29/09/2022,10040,4.545426
29/09/2022,10041,4.545446
29/09/2022,10042,4.545467
29/09/2022,10043,4.545488
29/09/2022,10044,4.545508
29/09/2022,10045,4.545529
29/09/2022,10046,4.545549
29/09/2022,10047,4.54557
29/09/2022,10048,4.545591
29/09/2022,10049,4.545611
29/09/2022,10050,4.545632
29/09/2022,10051,4.545652
29/09/2022,10052,4.545673
29/09/2022,10053,4.545694
29/09/2022,10054,4.545714
29/09/2022,10055,4.545735
29/09/2022,10056,4.545755
29/09/2022,10057,4.545776
29/09/2022,10058,4.545797
29/09/2022,10059,4.545817
29/09/2022,10060,4.545838
29/09/2022,10061,4.545859
29/09/2022,10062,4.545879
29/09/2022,10063,4.5459
29/09/2022,10064,4.54592
29/09/2022,10065,4.545941
29/09/2022,10066,4.545962
29/09/2022,10067,4.545982
29/09/2022,10068,4.546003
29/09/2022,10069,4.546023
29/09/2022,10070,4.546044
29/09/2022,10071,4.546065
29/09/2022,10072,4.546085
29/09/2022,10073,4.546106
29/09/2022,10074,4.546126
29/09/2022,10075,4.546147
29/09/2022,10076,4.546168
29/09/2022,10077,4.546188
29/09/2022,10078,4.546209
29/09/2022,10079,4.546229
29/09/2022,10080,4.54625
29/09/2022,10081,4.546271
29/09/2022,10082,4.546291
29/09/2022,10083,4.546312
29/09/2022,10084,4.546332
29/09/2022,10085,4.546353
29/09/2022,10086,4.546374
29/09/2022,10087,4.546394
29/09/2022,10088,4.546415
29/09/2022,10089,4.546435
29/09/2022,10090,4.546456
29/09/2022,10091,4.546477
29/09/2022,10092,4.546497
29/09/2022,10093,4.546518
29/09/2022,10094,4.546538
29/09/2022,10095,4.546559
29/09/2022,10096,4.54658
29/09/2022,10097,4.5466
29/09/2022,10098,4.546621
29/09/2022,10099,4.546641
29/09/2022,10100,4.546662
29/09/2022,10101,4.546683
29/09/2022,10102,4.546703
29/09/2022,10103,4.546724
29/09/2022,10104,4.546745
29/09/2022,10105,4.546765
29/09/2022,10106,4.546786
29/09/2022,10107,4.546806
29/09/2022,10108,4.546827
29/09/2022,10109,4.546848
29/09/2022,10110,4.546868
29/09/2022,10111,4.546889
29/09/2022,10112,4.546909
29/09/2022,10113,4.54693
29/09/2022,10114,4.546951
29/09/2022,10115,4.546971
29/09/2022,10116,4.546992
29/09/2022,10117,4.547012
29/09/2022,10118,4.547033
29/09/2022,10119,4.547054
29/09/2022,10120,4.547074
29/09/2022,10121,4.547095
29/09/2022,10122,4.547115
29/09/2022,10123,4.547136
29/09/2022,10124,4.547157
29/09/2022,10125,4.547177
29/09/2022,10126,4.547198
29/09/2022,10127,4.547218
29/09/2022,10128,4.547239
29/09/2022,10129,4.54726
29/09/2022,10130,4.54728
29/09/2022,10131,4.547301
29/09/2022,10132,4.547321
29/09/2022,10133,4.547342
29/09/2022,10134,4.547363
29/09/2022,10135,4.547383
29/09/2022,10136,4.547404
29/09/2022,10137,4.547424
29/09/2022,10138,4.547445
29/09/2022,10139,4.547466
29/09/2022,10140,4.547486
29/09/2022,10141,4.547507
29/09/2022,10142,4.547527
29/09/2022,10143,4.547548
29/09/2022,10144,4.547569
29/09/2022,10145,4.547589
29/09/2022,10146,4.54761
29/09/2022,10147,4.54763
29/09/2022,10148,4.547651
29/09/2022,10149,4.547672
29/09/2022,10150,4.547692
29/09/2022,10151,4.547713
29/09/2022,10152,4.547734
29/09/2022,10153,4.547754
29/09/2022,10154,4.547775
29/09/2022,10155,4.547795
29/09/2022,10156,4.547816
29/09/2022,10157,4.547837
29/09/2022,10158,4.547857
29/09/2022,10159,4.547878
29/09/2022,10160,4.547898
29/09/2022,10161,4.547919
29/09/2022,10162,4.54794
29/09/2022,10163,4.54796
29/09/2022,10164,4.547981
29/09/2022,10165,4.548001
29/09/2022,10166,4.548022
29/09/2022,10167,4.548043
29/09/2022,10168,4.548063
29/09/2022,10169,4.548084
29/09/2022,10170,4.548104
29/09/2022,10171,4.548125
29/09/2022,10172,4.548146
29/09/2022,10173,4.548166
29/09/2022,10174,4.548187
29/09/2022,10175,4.548207
29/09/2022,10176,4.548228
29/09/2022,10177,4.548249
29/09/2022,10178,4.548269
29/09/2022,10179,4.54829
29/09/2022,10180,4.54831
29/09/2022,10181,4.548331
29/09/2022,10182,4.548352
29/09/2022,10183,4.548372
29/09/2022,10184,4.548393
29/09/2022,10185,4.548413
29/09/2022,10186,4.548434
29/09/2022,10187,4.548455
29/09/2022,10188,4.548475
29/09/2022,10189,4.548496
29/09/2022,10190,4.548516
29/09/2022,10191,4.548537
29/09/2022,10192,4.548558
29/09/2022,10193,4.548578
29/09/2022,10194,4.548599
29/09/2022,10195,4.54862
29/09/2022,10196,4.54864
29/09/2022,10197,4.548661
29/09/2022,10198,4.548681
29/09/2022,10199,4.548702
29/09/2022,10200,4.548723
29/09/2022,10201,4.548743
29/09/2022,10202,4.548764
29/09/2022,10203,4.548784
29/09/2022,10204,4.548805
29/09/2022,10205,4.548826
29/09/2022,10206,4.548846
29/09/2022,10207,4.548867
29/09/2022,10208,4.548887
29/09/2022,10209,4.548908
29/09/2022,10210,4.548929
29/09/2022,10211,4.548949
29/09/2022,10212,4.54897
29/09/2022,10213,4.54899
29/09/2022,10214,4.549011
29/09/2022,10215,4.549032
29/09/2022,10216,4.549052
29/09/2022,10217,4.549073
29/09/2022,10218,4.549093
29/09/2022,10219,4.549114
29/09/2022,10220,4.549135
29/09/2022,10221,4.549155
29/09/2022,10222,4.549176
29/09/2022,10223,4.549196
29/09/2022,10224,4.549217
29/09/2022,10225,4.549238
29/09/2022,10226,4.549258
29/09/2022,10227,4.549279
29/09/2022,10228,4.549299
29/09/2022,10229,4.54932
29/09/2022,10230,4.549341
29/09/2022,10231,4.549361
29/09/2022,10232,4.549382
29/09/2022,10233,4.549402
29/09/2022,10234,4.549423
29/09/2022,10235,4.549444
29/09/2022,10236,4.549464
29/09/2022,10237,4.549485
29/09/2022,10238,4.549505
29/09/2022,10239,4.549526
29/09/2022,10240,4.549547
29/09/2022,10241,4.549567
29/09/2022,10242,4.549588
29/09/2022,10243,4.549609
29/09/2022,10244,4.549629
29/09/2022,10245,4.54965
29/09/2022,10246,4.54967
29/09/2022,10247,4.549691
29/09/2022,10248,4.549712
29/09/2022,10249,4.549732
29/09/2022,10250,4.549753
29/09/2022,10251,4.549773
29/09/2022,10252,4.549794
29/09/2022,10253,4.549815
29/09/2022,10254,4.549835
29/09/2022,10255,4.549856
29/09/2022,10256,4.549876
29/09/2022,10257,4.549897
29/09/2022,10258,4.549918
29/09/2022,10259,4.549938
29/09/2022,10260,4.549959
29/09/2022,10261,4.549979
29/09/2022,10262,4.55
29/09/2022,10263,4.550009
29/09/2022,10264,4.550019
29/09/2022,10265,4.550028
29/09/2022,10266,4.550037
29/09/2022,10267,4.550046
29/09/2022,10268,4.550056
29/09/2022,10269,4.550065
29/09/2022,10270,4.550074
29/09/2022,10271,4.550083
29/09/2022,10272,4.550093
29/09/2022,10273,4.550102
29/09/2022,10274,4.550111
29/09/2022,10275,4.55012
29/09/2022,10276,4.55013
29/09/2022,10277,4.550139
29/09/2022,10278,4.550148
29/09/2022,10279,4.550158
29/09/2022,10280,4.550167
29/09/2022,10281,4.550176
29/09/2022,10282,4.550185
29/09/2022,10283,4.550195
29/09/2022,10284,4.550204
29/09/2022,10285,4.550213
29/09/2022,10286,4.550222
29/09/2022,10287,4.550232
29/09/2022,10288,4.550241
29/09/2022,10289,4.55025
29/09/2022,10290,4.550259
29/09/2022,10291,4.550269
29/09/2022,10292,4.550278
29/09/2022,10293,4.550287
29/09/2022,10294,4.550297
29/09/2022,10295,4.550306
29/09/2022,10296,4.550315
29/09/2022,10297,4.550324
29/09/2022,10298,4.550334
29/09/2022,10299,4.550343
29/09/2022,10300,4.550352
29/09/2022,10301,4.550361
29/09/2022,10302,4.550371
29/09/2022,10303,4.55038
29/09/2022,10304,4.550389
29/09/2022,10305,4.550399
29/09/2022,10306,4.550408
29/09/2022,10307,4.550417
29/09/2022,10308,4.550426
29/09/2022,10309,4.550436
29/09/2022,10310,4.550445
29/09/2022,10311,4.550454
29/09/2022,10312,4.550463
29/09/2022,10313,4.550473
29/09/2022,10314,4.550482
29/09/2022,10315,4.550491
29/09/2022,10316,4.5505
29/09/2022,10317,4.55051
29/09/2022,10318,4.550519
29/09/2022,10319,4.550528
29/09/2022,10320,4.550538
29/09/2022,10321,4.550547
29/09/2022,10322,4.550556
29/09/2022,10323,4.550565
29/09/2022,10324,4.550575
29/09/2022,10325,4.550584
29/09/2022,10326,4.550593
29/09/2022,10327,4.550602
29/09/2022,10328,4.550612
29/09/2022,10329,4.550621
29/09/2022,10330,4.55063
29/09/2022,10331,4.550639
29/09/2022,10332,4.550649
29/09/2022,10333,4.550658
29/09/2022,10334,4.550667
29/09/2022,10335,4.550677
29/09/2022,10336,4.550686
29/09/2022,10337,4.550695
29/09/2022,10338,4.550704
29/09/2022,10339,4.550714
29/09/2022,10340,4.550723
29/09/2022,10341,4.550732
29/09/2022,10342,4.550741
29/09/2022,10343,4.550751
29/09/2022,10344,4.55076
29/09/2022,10345,4.550769
29/09/2022,10346,4.550778
29/09/2022,10347,4.550788
29/09/2022,10348,4.550797
29/09/2022,10349,4.550806
29/09/2022,10350,4.550816
29/09/2022,10351,4.550825
29/09/2022,10352,4.550834
29/09/2022,10353,4.550843
29/09/2022,10354,4.550853
29/09/2022,10355,4.550862
29/09/2022,10356,4.550871
29/09/2022,10357,4.55088
29/09/2022,10358,4.55089
29/09/2022,10359,4.550899
29/09/2022,10360,4.550908
29/09/2022,10361,4.550917
29/09/2022,10362,4.550927
29/09/2022,10363,4.550936
29/09/2022,10364,4.550945
29/09/2022,10365,4.550955
29/09/2022,10366,4.550964
29/09/2022,10367,4.550973
29/09/2022,10368,4.550982
29/09/2022,10369,4.550992
29/09/2022,10370,4.551001
29/09/2022,10371,4.55101
29/09/2022,10372,4.551019
29/09/2022,10373,4.551029
29/09/2022,10374,4.551038
29/09/2022,10375,4.551047
29/09/2022,10376,4.551056
29/09/2022,10377,4.551066
29/09/2022,10378,4.551075
29/09/2022,10379,4.551084
29/09/2022,10380,4.551094
29/09/2022,10381,4.551103
29/09/2022,10382,4.551112
29/09/2022,10383,4.551121
29/09/2022,10384,4.551131
29/09/2022,10385,4.55114
29/09/2022,10386,4.551149
29/09/2022,10387,4.551158
29/09/2022,10388,4.551168
29/09/2022,10389,4.551177
29/09/2022,10390,4.551186
29/09/2022,10391,4.551196
29/09/2022,10392,4.551205
29/09/2022,10393,4.551214
29/09/2022,10394,4.551223
29/09/2022,10395,4.551233
29/09/2022,10396,4.551242
29/09/2022,10397,4.551251
29/09/2022,10398,4.55126
29/09/2022,10399,4.55127
29/09/2022,10400,4.551279
29/09/2022,10401,4.551288
29/09/2022,10402,4.551297
29/09/2022,10403,4.551307
29/09/2022,10404,4.551316
29/09/2022,10405,4.551325
29/09/2022,10406,4.551335
29/09/2022,10407,4.551344
29/09/2022,10408,4.551353
29/09/2022,10409,4.551362
29/09/2022,10410,4.551372
29/09/2022,10411,4.551381
29/09/2022,10412,4.55139
29/09/2022,10413,4.551399
29/09/2022,10414,4.551409
29/09/2022,10415,4.551418
29/09/2022,10416,4.551427
29/09/2022,10417,4.551436
29/09/2022,10418,4.551446
29/09/2022,10419,4.551455
29/09/2022,10420,4.551464
29/09/2022,10421,4.551474
29/09/2022,10422,4.551483
29/09/2022,10423,4.551492
29/09/2022,10424,4.551501
29/09/2022,10425,4.551511
29/09/2022,10426,4.55152
29/09/2022,10427,4.551529
29/09/2022,10428,4.551538
29/09/2022,10429,4.551548
29/09/2022,10430,4.551557
29/09/2022,10431,4.551566
29/09/2022,10432,4.551575
29/09/2022,10433,4.551585
29/09/2022,10434,4.551594
29/09/2022,10435,4.551603
29/09/2022,10436,4.551613
29/09/2022,10437,4.551622
29/09/2022,10438,4.551631
29/09/2022,10439,4.55164
29/09/2022,10440,4.55165
29/09/2022,10441,4.551659
29/09/2022,10442,4.551668
29/09/2022,10443,4.551677
29/09/2022,10444,4.551687
29/09/2022,10445,4.551696
29/09/2022,10446,4.551705
29/09/2022,10447,4.551714
29/09/2022,10448,4.551724
29/09/2022,10449,4.551733
29/09/2022,10450,4.551742
29/09/2022,10451,4.551752
29/09/2022,10452,4.551761
29/09/2022,10453,4.55177
29/09/2022,10454,4.551779
29/09/2022,10455,4.551789
29/09/2022,10456,4.551798
29/09/2022,10457,4.551807
29/09/2022,10458,4.551816
29/09/2022,10459,4.551826
29/09/2022,10460,4.551835
29/09/2022,10461,4.551844
29/09/2022,10462,4.551853
29/09/2022,10463,4.551863
29/09/2022,10464,4.551872
29/09/2022,10465,4.551881
29/09/2022,10466,4.551891
29/09/2022,10467,4.5519
29/09/2022,10468,4.551909
29/09/2022,10469,4.551918
29/09/2022,10470,4.551928
29/09/2022,10471,4.551937
29/09/2022,10472,4.551946
29/09/2022,10473,4.551955
29/09/2022,10474,4.551965
29/09/2022,10475,4.551974
29/09/2022,10476,4.551983
29/09/2022,10477,4.551993
29/09/2022,10478,4.552002
29/09/2022,10479,4.552011
29/09/2022,10480,4.55202
29/09/2022,10481,4.55203
29/09/2022,10482,4.552039
29/09/2022,10483,4.552048
29/09/2022,10484,4.552057
29/09/2022,10485,4.552067
29/09/2022,10486,4.552076
29/09/2022,10487,4.552085
29/09/2022,10488,4.552094
29/09/2022,10489,4.552104
29/09/2022,10490,4.552113
29/09/2022,10491,4.552122
29/09/2022,10492,4.552132
29/09/2022,10493,4.552141
29/09/2022,10494,4.55215
29/09/2022,10495,4.552159
29/09/2022,10496,4.552169
29/09/2022,10497,4.552178
29/09/2022,10498,4.552187
29/09/2022,10499,4.552196
29/09/2022,10500,4.552206
29/09/2022,10501,4.552215
29/09/2022,10502,4.552224
29/09/2022,10503,4.552233
29/09/2022,10504,4.552243
29/09/2022,10505,4.552252
29/09/2022,10506,4.552261
29/09/2022,10507,4.552271
29/09/2022,10508,4.55228
29/09/2022,10509,4.552289
29/09/2022,10510,4.552298
29/09/2022,10511,4.552308
29/09/2022,10512,4.552317
29/09/2022,10513,4.552326
29/09/2022,10514,4.552335
29/09/2022,10515,4.552345
29/09/2022,10516,4.552354
29/09/2022,10517,4.552363
29/09/2022,10518,4.552372
29/09/2022,10519,4.552382
29/09/2022,10520,4.552391
29/09/2022,10521,4.5524
29/09/2022,10522,4.55241
29/09/2022,10523,4.552419
29/09/2022,10524,4.552428
29/09/2022,10525,4.552437
29/09/2022,10526,4.552447
29/09/2022,10527,4.552456
29/09/2022,10528,4.552465
29/09/2022,10529,4.552474
29/09/2022,10530,4.552484
29/09/2022,10531,4.552493
29/09/2022,10532,4.552502
29/09/2022,10533,4.552511
29/09/2022,10534,4.552521
29/09/2022,10535,4.55253
29/09/2022,10536,4.552539
29/09/2022,10537,4.552549
29/09/2022,10538,4.552558
29/09/2022,10539,4.552567
29/09/2022,10540,4.552576
29/09/2022,10541,4.552586
29/09/2022,10542,4.552595
29/09/2022,10543,4.552604
29/09/2022,10544,4.552613
29/09/2022,10545,4.552623
29/09/2022,10546,4.552632
29/09/2022,10547,4.552641
29/09/2022,10548,4.55265
29/09/2022,10549,4.55266
29/09/2022,10550,4.552669
29/09/2022,10551,4.552678
29/09/2022,10552,4.552688
29/09/2022,10553,4.552697
29/09/2022,10554,4.552706
29/09/2022,10555,4.552715
29/09/2022,10556,4.552725
29/09/2022,10557,4.552734
29/09/2022,10558,4.552743
29/09/2022,10559,4.552752
29/09/2022,10560,4.552762
29/09/2022,10561,4.552771
29/09/2022,10562,4.55278
29/09/2022,10563,4.55279
29/09/2022,10564,4.552799
29/09/2022,10565,4.552808
29/09/2022,10566,4.552817
29/09/2022,10567,4.552827
29/09/2022,10568,4.552836
29/09/2022,10569,4.552845
29/09/2022,10570,4.552854
29/09/2022,10571,4.552864
29/09/2022,10572,4.552873
29/09/2022,10573,4.552882
29/09/2022,10574,4.552891
29/09/2022,10575,4.552901
29/09/2022,10576,4.55291
29/09/2022,10577,4.552919
29/09/2022,10578,4.552929
29/09/2022,10579,4.552938
29/09/2022,10580,4.552947
29/09/2022,10581,4.552956
29/09/2022,10582,4.552966
29/09/2022,10583,4.552975
29/09/2022,10584,4.552984
29/09/2022,10585,4.552993
29/09/2022,10586,4.553003
29/09/2022,10587,4.553012
29/09/2022,10588,4.553021
29/09/2022,10589,4.55303
29/09/2022,10590,4.55304
29/09/2022,10591,4.553049
29/09/2022,10592,4.553058
29/09/2022,10593,4.553068
29/09/2022,10594,4.553077
29/09/2022,10595,4.553086
29/09/2022,10596,4.553095
29/09/2022,10597,4.553105
29/09/2022,10598,4.553114
29/09/2022,10599,4.553123
29/09/2022,10600,4.553132
29/09/2022,10601,4.553142
29/09/2022,10602,4.553151
29/09/2022,10603,4.55316
29/09/2022,10604,4.553169
29/09/2022,10605,4.553179
29/09/2022,10606,4.553188
29/09/2022,10607,4.553197
29/09/2022,10608,4.553207
29/09/2022,10609,4.553216
29/09/2022,10610,4.553225
29/09/2022,10611,4.553234
29/09/2022,10612,4.553244
29/09/2022,10613,4.553253
29/09/2022,10614,4.553262
29/09/2022,10615,4.553271
29/09/2022,10616,4.553281
29/09/2022,10617,4.55329
29/09/2022,10618,4.553299
29/09/2022,10619,4.553308
29/09/2022,10620,4.553318
29/09/2022,10621,4.553327
29/09/2022,10622,4.553336
29/09/2022,10623,4.553346
29/09/2022,10624,4.553355
29/09/2022,10625,4.553364
29/09/2022,10626,4.553373
29/09/2022,10627,4.553383
29/09/2022,10628,4.553392
29/09/2022,10629,4.553401
29/09/2022,10630,4.55341
29/09/2022,10631,4.55342
29/09/2022,10632,4.553429
29/09/2022,10633,4.553438
29/09/2022,10634,4.553448
29/09/2022,10635,4.553457
29/09/2022,10636,4.553466
29/09/2022,10637,4.553475
29/09/2022,10638,4.553485
29/09/2022,10639,4.553494
29/09/2022,10640,4.553503
29/09/2022,10641,4.553512
29/09/2022,10642,4.553522
29/09/2022,10643,4.553531
29/09/2022,10644,4.55354
29/09/2022,10645,4.553549
29/09/2022,10646,4.553559
29/09/2022,10647,4.553568
29/09/2022,10648,4.553577
29/09/2022,10649,4.553587
29/09/2022,10650,4.553596
29/09/2022,10651,4.553605
29/09/2022,10652,4.553614
29/09/2022,10653,4.553624
29/09/2022,10654,4.553633
29/09/2022,10655,4.553642
29/09/2022,10656,4.553651
29/09/2022,10657,4.553661
29/09/2022,10658,4.55367
29/09/2022,10659,4.553679
29/09/2022,10660,4.553688
29/09/2022,10661,4.553698
29/09/2022,10662,4.553707
29/09/2022,10663,4.553716
29/09/2022,10664,4.553726
29/09/2022,10665,4.553735
29/09/2022,10666,4.553744
29/09/2022,10667,4.553753
29/09/2022,10668,4.553763
29/09/2022,10669,4.553772
29/09/2022,10670,4.553781
29/09/2022,10671,4.55379
29/09/2022,10672,4.5538
29/09/2022,10673,4.553809
29/09/2022,10674,4.553818
29/09/2022,10675,4.553827
29/09/2022,10676,4.553837
29/09/2022,10677,4.553846
29/09/2022,10678,4.553855
29/09/2022,10679,4.553865
29/09/2022,10680,4.553874
29/09/2022,10681,4.553883
29/09/2022,10682,4.553892
29/09/2022,10683,4.553902
29/09/2022,10684,4.553911
29/09/2022,10685,4.55392
29/09/2022,10686,4.553929
29/09/2022,10687,4.553939
29/09/2022,10688,4.553948
29/09/2022,10689,4.553957
29/09/2022,10690,4.553966
29/09/2022,10691,4.553976
29/09/2022,10692,4.553985
29/09/2022,10693,4.553994
29/09/2022,10694,4.554004
29/09/2022,10695,4.554013
29/09/2022,10696,4.554022
29/09/2022,10697,4.554031
29/09/2022,10698,4.554041
29/09/2022,10699,4.55405
29/09/2022,10700,4.554059
29/09/2022,10701,4.554068
29/09/2022,10702,4.554078
29/09/2022,10703,4.554087
29/09/2022,10704,4.554096
29/09/2022,10705,4.554105
29/09/2022,10706,4.554115
29/09/2022,10707,4.554124
29/09/2022,10708,4.554133
29/09/2022,10709,4.554143
29/09/2022,10710,4.554152
29/09/2022,10711,4.554161
29/09/2022,10712,4.55417
29/09/2022,10713,4.55418
29/09/2022,10714,4.554189
29/09/2022,10715,4.554198
29/09/2022,10716,4.554207
29/09/2022,10717,4.554217
29/09/2022,10718,4.554226
29/09/2022,10719,4.554235
29/09/2022,10720,4.554245
29/09/2022,10721,4.554254
29/09/2022,10722,4.554263
29/09/2022,10723,4.554272
29/09/2022,10724,4.554282
29/09/2022,10725,4.554291
29/09/2022,10726,4.5543
29/09/2022,10727,4.554309
29/09/2022,10728,4.554319
29/09/2022,10729,4.554328
29/09/2022,10730,4.554337
29/09/2022,10731,4.554346
29/09/2022,10732,4.554356
29/09/2022,10733,4.554365
29/09/2022,10734,4.554374
29/09/2022,10735,4.554384
29/09/2022,10736,4.554393
29/09/2022,10737,4.554402
29/09/2022,10738,4.554411
29/09/2022,10739,4.554421
29/09/2022,10740,4.55443
29/09/2022,10741,4.554439
29/09/2022,10742,4.554448
29/09/2022,10743,4.554458
29/09/2022,10744,4.554467
29/09/2022,10745,4.554476
29/09/2022,10746,4.554485
29/09/2022,10747,4.554495
29/09/2022,10748,4.554504
29/09/2022,10749,4.554513
29/09/2022,10750,4.554523
29/09/2022,10751,4.554532
29/09/2022,10752,4.554541
29/09/2022,10753,4.55455
29/09/2022,10754,4.55456
29/09/2022,10755,4.554569
29/09/2022,10756,4.554578
29/09/2022,10757,4.554587
29/09/2022,10758,4.554597
29/09/2022,10759,4.554606
29/09/2022,10760,4.554615
29/09/2022,10761,4.554624
29/09/2022,10762,4.554634
29/09/2022,10763,4.554643
29/09/2022,10764,4.554652
29/09/2022,10765,4.554662
29/09/2022,10766,4.554671
29/09/2022,10767,4.55468
29/09/2022,10768,4.554689
29/09/2022,10769,4.554699
29/09/2022,10770,4.554708
29/09/2022,10771,4.554717
29/09/2022,10772,4.554726
29/09/2022,10773,4.554736
29/09/2022,10774,4.554745
29/09/2022,10775,4.554754
29/09/2022,10776,4.554763
29/09/2022,10777,4.554773
29/09/2022,10778,4.554782
29/09/2022,10779,4.554791
29/09/2022,10780,4.554801
29/09/2022,10781,4.55481
29/09/2022,10782,4.554819
29/09/2022,10783,4.554828
29/09/2022,10784,4.554838
29/09/2022,10785,4.554847
29/09/2022,10786,4.554856
29/09/2022,10787,4.554865
29/09/2022,10788,4.554875
29/09/2022,10789,4.554884
29/09/2022,10790,4.554893
29/09/2022,10791,4.554902
29/09/2022,10792,4.554912
29/09/2022,10793,4.554921
29/09/2022,10794,4.55493
29/09/2022,10795,4.55494
29/09/2022,10796,4.554949
29/09/2022,10797,4.554958
29/09/2022,10798,4.554967
29/09/2022,10799,4.554977
29/09/2022,10800,4.554986
29/09/2022,10801,4.554995
29/09/2022,10802,4.555004
29/09/2022,10803,4.555014
29/09/2022,10804,4.555023
29/09/2022,10805,4.555032
29/09/2022,10806,4.555042
29/09/2022,10807,4.555051
29/09/2022,10808,4.55506
29/09/2022,10809,4.555069
29/09/2022,10810,4.555079
29/09/2022,10811,4.555088
29/09/2022,10812,4.555097
29/09/2022,10813,4.555106
29/09/2022,10814,4.555116
29/09/2022,10815,4.555125
29/09/2022,10816,4.555134
29/09/2022,10817,4.555143
29/09/2022,10818,4.555153
29/09/2022,10819,4.555162
29/09/2022,10820,4.555171
29/09/2022,10821,4.555181
29/09/2022,10822,4.55519
29/09/2022,10823,4.555199
29/09/2022,10824,4.555208
29/09/2022,10825,4.555218
29/09/2022,10826,4.555227
29/09/2022,10827,4.555236
29/09/2022,10828,4.555245
29/09/2022,10829,4.555255
29/09/2022,10830,4.555264
29/09/2022,10831,4.555273
29/09/2022,10832,4.555282
29/09/2022,10833,4.555292
29/09/2022,10834,4.555301
29/09/2022,10835,4.55531
29/09/2022,10836,4.55532
29/09/2022,10837,4.555329
29/09/2022,10838,4.555338
29/09/2022,10839,4.555347
29/09/2022,10840,4.555357
29/09/2022,10841,4.555366
29/09/2022,10842,4.555375
29/09/2022,10843,4.555384
29/09/2022,10844,4.555394
29/09/2022,10845,4.555403
29/09/2022,10846,4.555412
29/09/2022,10847,4.555421
29/09/2022,10848,4.555431
29/09/2022,10849,4.55544
29/09/2022,10850,4.555449
29/09/2022,10851,4.555459
29/09/2022,10852,4.555468
29/09/2022,10853,4.555477
29/09/2022,10854,4.555486
29/09/2022,10855,4.555496
29/09/2022,10856,4.555505
29/09/2022,10857,4.555514
29/09/2022,10858,4.555523
29/09/2022,10859,4.555533
29/09/2022,10860,4.555542
29/09/2022,10861,4.555551
29/09/2022,10862,4.55556
29/09/2022,10863,4.55557
29/09/2022,10864,4.555579
29/09/2022,10865,4.555588
29/09/2022,10866,4.555598
29/09/2022,10867,4.555607
29/09/2022,10868,4.555616
29/09/2022,10869,4.555625
29/09/2022,10870,4.555635
29/09/2022,10871,4.555644
29/09/2022,10872,4.555653
29/09/2022,10873,4.555662
29/09/2022,10874,4.555672
29/09/2022,10875,4.555681
29/09/2022,10876,4.55569
29/09/2022,10877,4.555699
29/09/2022,10878,4.555709
29/09/2022,10879,4.555718
29/09/2022,10880,4.555727
29/09/2022,10881,4.555737
29/09/2022,10882,4.555746
29/09/2022,10883,4.555755
29/09/2022,10884,4.555764
29/09/2022,10885,4.555774
29/09/2022,10886,4.555783
29/09/2022,10887,4.555792
29/09/2022,10888,4.555801
29/09/2022,10889,4.555811
29/09/2022,10890,4.55582
29/09/2022,10891,4.555829
29/09/2022,10892,4.555839
29/09/2022,10893,4.555848
29/09/2022,10894,4.555857
29/09/2022,10895,4.555866
29/09/2022,10896,4.555876
29/09/2022,10897,4.555885
29/09/2022,10898,4.555894
29/09/2022,10899,4.555903
29/09/2022,10900,4.555913
29/09/2022,10901,4.555922
29/09/2022,10902,4.555931
29/09/2022,10903,4.55594
29/09/2022,10904,4.55595
29/09/2022,10905,4.555959
29/09/2022,10906,4.555968
29/09/2022,10907,4.555978
29/09/2022,10908,4.555987
29/09/2022,10909,4.555996
29/09/2022,10910,4.556005
29/09/2022,10911,4.556015
29/09/2022,10912,4.556024
29/09/2022,10913,4.556033
29/09/2022,10914,4.556042
29/09/2022,10915,4.556052
29/09/2022,10916,4.556061
29/09/2022,10917,4.55607
29/09/2022,10918,4.556079
29/09/2022,10919,4.556089
29/09/2022,10920,4.556098
29/09/2022,10921,4.556107
29/09/2022,10922,4.556117
29/09/2022,10923,4.556126
29/09/2022,10924,4.556135
29/09/2022,10925,4.556144
29/09/2022,10926,4.556154
29/09/2022,10927,4.556163
29/09/2022,10928,4.556172
29/09/2022,10929,4.556181
29/09/2022,10930,4.556191
29/09/2022,10931,4.5562
29/09/2022,10932,4.556209
29/09/2022,10933,4.556218
29/09/2022,10934,4.556228
29/09/2022,10935,4.556237
29/09/2022,10936,4.556246
29/09/2022,10937,4.556256
29/09/2022,10938,4.556265
29/09/2022,10939,4.556274
29/09/2022,10940,4.556283
29/09/2022,10941,4.556293
29/09/2022,10942,4.556302
29/09/2022,10943,4.556311
29/09/2022,10944,4.55632
29/09/2022,10945,4.55633
29/09/2022,10946,4.556339
29/09/2022,10947,4.556348
29/09/2022,10948,4.556357
29/09/2022,10949,4.556367
29/09/2022,10950,4.556376
29/09/2022,10951,4.556385
29/09/2022,10952,4.556395
29/09/2022,10953,4.556404
29/09/2022,10954,4.556413
29/09/2022,10955,4.556422
29/09/2022,10956,4.556432
29/09/2022,10957,4.556441
29/09/2022,10958,4.55645
29/09/2022,10959,4.556459
29/09/2022,10960,4.556469
29/09/2022,10961,4.556478
29/09/2022,10962,4.556487
29/09/2022,10963,4.556496
29/09/2022,10964,4.556506
29/09/2022,10965,4.556515
29/09/2022,10966,4.556524
29/09/2022,10967,4.556534
29/09/2022,10968,4.556543
29/09/2022,10969,4.556552
29/09/2022,10970,4.556561
29/09/2022,10971,4.556571
29/09/2022,10972,4.55658
29/09/2022,10973,4.556589
29/09/2022,10974,4.556598
29/09/2022,10975,4.556608
29/09/2022,10976,4.556617
29/09/2022,10977,4.556626
29/09/2022,10978,4.556636
29/09/2022,10979,4.556645
29/09/2022,10980,4.556654
29/09/2022,10981,4.556663
29/09/2022,10982,4.556673
29/09/2022,10983,4.556682
29/09/2022,10984,4.556691
29/09/2022,10985,4.5567
29/09/2022,10986,4.55671
29/09/2022,10987,4.556719
29/09/2022,10988,4.556728
29/09/2022,10989,4.556737
29/09/2022,10990,4.556747
29/09/2022,10991,4.556756
29/09/2022,10992,4.556765
29/09/2022,10993,4.556775
29/09/2022,10994,4.556784
29/09/2022,10995,4.556793
29/09/2022,10996,4.556802
29/09/2022,10997,4.556812
29/09/2022,10998,4.556821
29/09/2022,10999,4.55683
29/09/2022,11000,4.556839
29/09/2022,11001,4.556849
29/09/2022,11002,4.556858
29/09/2022,11003,4.556867
29/09/2022,11004,4.556876
29/09/2022,11005,4.556886
29/09/2022,11006,4.556895
29/09/2022,11007,4.556904
29/09/2022,11008,4.556914
29/09/2022,11009,4.556923
29/09/2022,11010,4.556932
29/09/2022,11011,4.556941
29/09/2022,11012,4.556951
29/09/2022,11013,4.55696
29/09/2022,11014,4.556969
29/09/2022,11015,4.556978
29/09/2022,11016,4.556988
29/09/2022,11017,4.556997
29/09/2022,11018,4.557006
29/09/2022,11019,4.557015
29/09/2022,11020,4.557025
29/09/2022,11021,4.557034
29/09/2022,11022,4.557043
29/09/2022,11023,4.557053
29/09/2022,11024,4.557062
29/09/2022,11025,4.557071
29/09/2022,11026,4.55708
29/09/2022,11027,4.55709
29/09/2022,11028,4.557099
29/09/2022,11029,4.557108
29/09/2022,11030,4.557117
29/09/2022,11031,4.557127
29/09/2022,11032,4.557136
29/09/2022,11033,4.557145
29/09/2022,11034,4.557154
29/09/2022,11035,4.557164
29/09/2022,11036,4.557173
29/09/2022,11037,4.557182
29/09/2022,11038,4.557192
29/09/2022,11039,4.557201
29/09/2022,11040,4.55721
29/09/2022,11041,4.557219
29/09/2022,11042,4.557229
29/09/2022,11043,4.557238
29/09/2022,11044,4.557247
29/09/2022,11045,4.557256
29/09/2022,11046,4.557266
29/09/2022,11047,4.557275
29/09/2022,11048,4.557284
29/09/2022,11049,4.557294
29/09/2022,11050,4.557303
29/09/2022,11051,4.557312
29/09/2022,11052,4.557321
29/09/2022,11053,4.557331
29/09/2022,11054,4.55734
29/09/2022,11055,4.557349
29/09/2022,11056,4.557358
29/09/2022,11057,4.557368
29/09/2022,11058,4.557377
29/09/2022,11059,4.557386
29/09/2022,11060,4.557395
29/09/2022,11061,4.557405
29/09/2022,11062,4.557414
29/09/2022,11063,4.557423
29/09/2022,11064,4.557433
29/09/2022,11065,4.557442
29/09/2022,11066,4.557451
29/09/2022,11067,4.55746
29/09/2022,11068,4.55747
29/09/2022,11069,4.557479
29/09/2022,11070,4.557488
29/09/2022,11071,4.557497
29/09/2022,11072,4.557507
29/09/2022,11073,4.557516
29/09/2022,11074,4.557525
29/09/2022,11075,4.557534
29/09/2022,11076,4.557544
29/09/2022,11077,4.557553
29/09/2022,11078,4.557562
29/09/2022,11079,4.557572
29/09/2022,11080,4.557581
29/09/2022,11081,4.55759
29/09/2022,11082,4.557599
29/09/2022,11083,4.557609
29/09/2022,11084,4.557618
29/09/2022,11085,4.557627
29/09/2022,11086,4.557636
29/09/2022,11087,4.557646
29/09/2022,11088,4.557655
29/09/2022,11089,4.557664
29/09/2022,11090,4.557673
29/09/2022,11091,4.557683
29/09/2022,11092,4.557692
29/09/2022,11093,4.557701
29/09/2022,11094,4.557711
29/09/2022,11095,4.55772
29/09/2022,11096,4.557729
29/09/2022,11097,4.557738
29/09/2022,11098,4.557748
29/09/2022,11099,4.557757
29/09/2022,11100,4.557766
29/09/2022,11101,4.557775
29/09/2022,11102,4.557785
29/09/2022,11103,4.557794
29/09/2022,11104,4.557803
29/09/2022,11105,4.557812
29/09/2022,11106,4.557822
29/09/2022,11107,4.557831
29/09/2022,11108,4.55784
29/09/2022,11109,4.55785
29/09/2022,11110,4.557859
29/09/2022,11111,4.557868
29/09/2022,11112,4.557877
29/09/2022,11113,4.557887
29/09/2022,11114,4.557896
29/09/2022,11115,4.557905
29/09/2022,11116,4.557914
29/09/2022,11117,4.557924
29/09/2022,11118,4.557933
29/09/2022,11119,4.557942
29/09/2022,11120,4.557951
29/09/2022,11121,4.557961
29/09/2022,11122,4.55797
29/09/2022,11123,4.557979
29/09/2022,11124,4.557989
29/09/2022,11125,4.557998
29/09/2022,11126,4.558007
29/09/2022,11127,4.558016
29/09/2022,11128,4.558026
29/09/2022,11129,4.558035
29/09/2022,11130,4.558044
29/09/2022,11131,4.558053
29/09/2022,11132,4.558063
29/09/2022,11133,4.558072
29/09/2022,11134,4.558081
29/09/2022,11135,4.558091
29/09/2022,11136,4.5581
29/09/2022,11137,4.558109
29/09/2022,11138,4.558118
29/09/2022,11139,4.558128
29/09/2022,11140,4.558137
29/09/2022,11141,4.558146
29/09/2022,11142,4.558155
29/09/2022,11143,4.558165
29/09/2022,11144,4.558174
29/09/2022,11145,4.558183
29/09/2022,11146,4.558192
29/09/2022,11147,4.558202
29/09/2022,11148,4.558211
29/09/2022,11149,4.55822
29/09/2022,11150,4.55823
29/09/2022,11151,4.558239
29/09/2022,11152,4.558248
29/09/2022,11153,4.558257
29/09/2022,11154,4.558267
29/09/2022,11155,4.558276
29/09/2022,11156,4.558285
29/09/2022,11157,4.558294
29/09/2022,11158,4.558304
29/09/2022,11159,4.558313
29/09/2022,11160,4.558322
29/09/2022,11161,4.558331
29/09/2022,11162,4.558341
29/09/2022,11163,4.55835
29/09/2022,11164,4.558359
29/09/2022,11165,4.558369
29/09/2022,11166,4.558378
29/09/2022,11167,4.558387
29/09/2022,11168,4.558396
29/09/2022,11169,4.558406
29/09/2022,11170,4.558415
29/09/2022,11171,4.558424
29/09/2022,11172,4.558433
29/09/2022,11173,4.558443
29/09/2022,11174,4.558452
29/09/2022,11175,4.558461
29/09/2022,11176,4.55847
29/09/2022,11177,4.55848
29/09/2022,11178,4.558489
29/09/2022,11179,4.558498
29/09/2022,11180,4.558508
29/09/2022,11181,4.558517
29/09/2022,11182,4.558526
29/09/2022,11183,4.558535
29/09/2022,11184,4.558545
29/09/2022,11185,4.558554
29/09/2022,11186,4.558563
29/09/2022,11187,4.558572
29/09/2022,11188,4.558582
29/09/2022,11189,4.558591
29/09/2022,11190,4.5586
29/09/2022,11191,4.558609
29/09/2022,11192,4.558619
29/09/2022,11193,4.558628
29/09/2022,11194,4.558637
29/09/2022,11195,4.558647
29/09/2022,11196,4.558656
29/09/2022,11197,4.558665
29/09/2022,11198,4.558674
29/09/2022,11199,4.558684
29/09/2022,11200,4.558693
29/09/2022,11201,4.558702
29/09/2022,11202,4.558711
29/09/2022,11203,4.558721
29/09/2022,11204,4.55873
29/09/2022,11205,4.558739
29/09/2022,11206,4.558748
29/09/2022,11207,4.558758
29/09/2022,11208,4.558767
29/09/2022,11209,4.558776
29/09/2022,11210,4.558786
29/09/2022,11211,4.558795
29/09/2022,11212,4.558804
29/09/2022,11213,4.558813
29/09/2022,11214,4.558823
29/09/2022,11215,4.558832
29/09/2022,11216,4.558841
29/09/2022,11217,4.55885
29/09/2022,11218,4.55886
29/09/2022,11219,4.558869
29/09/2022,11220,4.558878
29/09/2022,11221,4.558888
29/09/2022,11222,4.558897
29/09/2022,11223,4.558906
29/09/2022,11224,4.558915
29/09/2022,11225,4.558925
29/09/2022,11226,4.558934
29/09/2022,11227,4.558943
29/09/2022,11228,4.558952
29/09/2022,11229,4.558962
29/09/2022,11230,4.558971
29/09/2022,11231,4.55898
29/09/2022,11232,4.558989
29/09/2022,11233,4.558999
29/09/2022,11234,4.559008
29/09/2022,11235,4.559017
29/09/2022,11236,4.559027
29/09/2022,11237,4.559036
29/09/2022,11238,4.559045
29/09/2022,11239,4.559054
29/09/2022,11240,4.559064
29/09/2022,11241,4.559073
29/09/2022,11242,4.559082
29/09/2022,11243,4.559091
29/09/2022,11244,4.559101
29/09/2022,11245,4.55911
29/09/2022,11246,4.559119
29/09/2022,11247,4.559128
29/09/2022,11248,4.559138
29/09/2022,11249,4.559147
29/09/2022,11250,4.559156
29/09/2022,11251,4.559166
29/09/2022,11252,4.559175
29/09/2022,11253,4.559184
29/09/2022,11254,4.559193
29/09/2022,11255,4.559203
29/09/2022,11256,4.559212
29/09/2022,11257,4.559221
29/09/2022,11258,4.55923
29/09/2022,11259,4.55924
29/09/2022,11260,4.559249
29/09/2022,11261,4.559258
29/09/2022,11262,4.559267
29/09/2022,11263,4.559277
29/09/2022,11264,4.559286
29/09/2022,11265,4.559295
29/09/2022,11266,4.559305
29/09/2022,11267,4.559314
29/09/2022,11268,4.559323
29/09/2022,11269,4.559332
29/09/2022,11270,4.559342
29/09/2022,11271,4.559351
29/09/2022,11272,4.55936
29/09/2022,11273,4.559369
29/09/2022,11274,4.559379
29/09/2022,11275,4.559388
29/09/2022,11276,4.559397
29/09/2022,11277,4.559406
29/09/2022,11278,4.559416
29/09/2022,11279,4.559425
29/09/2022,11280,4.559434
29/09/2022,11281,4.559444
29/09/2022,11282,4.559453
29/09/2022,11283,4.559462
29/09/2022,11284,4.559471
29/09/2022,11285,4.559481
29/09/2022,11286,4.55949
29/09/2022,11287,4.559499
29/09/2022,11288,4.559508
29/09/2022,11289,4.559518
29/09/2022,11290,4.559527
29/09/2022,11291,4.559536
29/09/2022,11292,4.559545
29/09/2022,11293,4.559555
29/09/2022,11294,4.559564
29/09/2022,11295,4.559573
29/09/2022,11296,4.559583
29/09/2022,11297,4.559592
29/09/2022,11298,4.559601
29/09/2022,11299,4.55961
29/09/2022,11300,4.55962
29/09/2022,11301,4.559629
29/09/2022,11302,4.559638
29/09/2022,11303,4.559647
29/09/2022,11304,4.559657
29/09/2022,11305,4.559666
29/09/2022,11306,4.559675
29/09/2022,11307,4.559685
29/09/2022,11308,4.559694
29/09/2022,11309,4.559703
29/09/2022,11310,4.559712
29/09/2022,11311,4.559722
29/09/2022,11312,4.559731
29/09/2022,11313,4.55974
29/09/2022,11314,4.559749
29/09/2022,11315,4.559759
29/09/2022,11316,4.559768
29/09/2022,11317,4.559777
29/09/2022,11318,4.559786
29/09/2022,11319,4.559796
29/09/2022,11320,4.559805
29/09/2022,11321,4.559814
29/09/2022,11322,4.559824
29/09/2022,11323,4.559833
29/09/2022,11324,4.559842
29/09/2022,11325,4.559851
29/09/2022,11326,4.559861
29/09/2022,11327,4.55987
29/09/2022,11328,4.559879
29/09/2022,11329,4.559888
29/09/2022,11330,4.559898
29/09/2022,11331,4.559907
29/09/2022,11332,4.559916
29/09/2022,11333,4.559925
29/09/2022,11334,4.559935
29/09/2022,11335,4.559944
29/09/2022,11336,4.559953
29/09/2022,11337,4.559963
29/09/2022,11338,4.559972
29/09/2022,11339,4.559981
29/09/2022,11340,4.55999
29/09/2022,11341,4.56
29/09/2022,11342,4.560009
29/09/2022,11343,4.560018
29/09/2022,11344,4.560027
29/09/2022,11345,4.560037
29/09/2022,11346,4.560046
29/09/2022,11347,4.560055
29/09/2022,11348,4.560064
29/09/2022,11349,4.560074
29/09/2022,11350,4.560083
29/09/2022,11351,4.560092
29/09/2022,11352,4.560102
29/09/2022,11353,4.560111
29/09/2022,11354,4.56012
29/09/2022,11355,4.560129
29/09/2022,11356,4.560139
29/09/2022,11357,4.560148
29/09/2022,11358,4.560157
29/09/2022,11359,4.560166
29/09/2022,11360,4.560176
29/09/2022,11361,4.560185
29/09/2022,11362,4.560194
29/09/2022,11363,4.560203
29/09/2022,11364,4.560213
29/09/2022,11365,4.560222
29/09/2022,11366,4.560231
29/09/2022,11367,4.560241
29/09/2022,11368,4.56025
29/09/2022,11369,4.560259
29/09/2022,11370,4.560268
29/09/2022,11371,4.560278
29/09/2022,11372,4.560287
29/09/2022,11373,4.560296
29/09/2022,11374,4.560305
29/09/2022,11375,4.560315
29/09/2022,11376,4.560324
29/09/2022,11377,4.560333
29/09/2022,11378,4.560343
29/09/2022,11379,4.560352
29/09/2022,11380,4.560361
29/09/2022,11381,4.56037
29/09/2022,11382,4.56038
29/09/2022,11383,4.560389
29/09/2022,11384,4.560398
29/09/2022,11385,4.560407
29/09/2022,11386,4.560417
29/09/2022,11387,4.560426
29/09/2022,11388,4.560435
29/09/2022,11389,4.560444
29/09/2022,11390,4.560454
29/09/2022,11391,4.560463
29/09/2022,11392,4.560472
29/09/2022,11393,4.560482
29/09/2022,11394,4.560491
29/09/2022,11395,4.5605
29/09/2022,11396,4.560509
29/09/2022,11397,4.560519
29/09/2022,11398,4.560528
29/09/2022,11399,4.560537
29/09/2022,11400,4.560546
29/09/2022,11401,4.560556
29/09/2022,11402,4.560565
29/09/2022,11403,4.560574
29/09/2022,11404,4.560583
29/09/2022,11405,4.560593
29/09/2022,11406,4.560602
29/09/2022,11407,4.560611
29/09/2022,11408,4.560621
29/09/2022,11409,4.56063
29/09/2022,11410,4.560639
29/09/2022,11411,4.560648
29/09/2022,11412,4.560658
29/09/2022,11413,4.560667
29/09/2022,11414,4.560676
29/09/2022,11415,4.560685
29/09/2022,11416,4.560695
29/09/2022,11417,4.560704
29/09/2022,11418,4.560713
29/09/2022,11419,4.560722
29/09/2022,11420,4.560732
29/09/2022,11421,4.560741
29/09/2022,11422,4.56075
29/09/2022,11423,4.56076
29/09/2022,11424,4.560769
29/09/2022,11425,4.560778
29/09/2022,11426,4.560787
29/09/2022,11427,4.560797
29/09/2022,11428,4.560806
29/09/2022,11429,4.560815
29/09/2022,11430,4.560824
29/09/2022,11431,4.560834
29/09/2022,11432,4.560843
29/09/2022,11433,4.560852
29/09/2022,11434,4.560861
29/09/2022,11435,4.560871
29/09/2022,11436,4.56088
29/09/2022,11437,4.560889
29/09/2022,11438,4.560899
29/09/2022,11439,4.560908
29/09/2022,11440,4.560917
29/09/2022,11441,4.560926
29/09/2022,11442,4.560936
29/09/2022,11443,4.560945
29/09/2022,11444,4.560954
29/09/2022,11445,4.560963
29/09/2022,11446,4.560973
29/09/2022,11447,4.560982
29/09/2022,11448,4.560991
29/09/2022,11449,4.561
29/09/2022,11450,4.56101
29/09/2022,11451,4.561019
29/09/2022,11452,4.561028
29/09/2022,11453,4.561038
29/09/2022,11454,4.561047
29/09/2022,11455,4.561056
29/09/2022,11456,4.561065
29/09/2022,11457,4.561075
29/09/2022,11458,4.561084
29/09/2022,11459,4.561093
29/09/2022,11460,4.561102
29/09/2022,11461,4.561112
29/09/2022,11462,4.561121
29/09/2022,11463,4.56113
29/09/2022,11464,4.56114
29/09/2022,11465,4.561149
29/09/2022,11466,4.561158
29/09/2022,11467,4.561167
29/09/2022,11468,4.561177
29/09/2022,11469,4.561186
29/09/2022,11470,4.561195
29/09/2022,11471,4.561204
29/09/2022,11472,4.561214
29/09/2022,11473,4.561223
29/09/2022,11474,4.561232
29/09/2022,11475,4.561241
29/09/2022,11476,4.561251
29/09/2022,11477,4.56126
29/09/2022,11478,4.561269
29/09/2022,11479,4.561279
29/09/2022,11480,4.561288
29/09/2022,11481,4.561297
29/09/2022,11482,4.561306
29/09/2022,11483,4.561316
29/09/2022,11484,4.561325
29/09/2022,11485,4.561334
29/09/2022,11486,4.561343
29/09/2022,11487,4.561353
29/09/2022,11488,4.561362
29/09/2022,11489,4.561371
29/09/2022,11490,4.56138
29/09/2022,11491,4.56139
29/09/2022,11492,4.561399
29/09/2022,11493,4.561408
29/09/2022,11494,4.561418
29/09/2022,11495,4.561427
29/09/2022,11496,4.561436
29/09/2022,11497,4.561445
29/09/2022,11498,4.561455
29/09/2022,11499,4.561464
29/09/2022,11500,4.561473
29/09/2022,11501,4.561482
29/09/2022,11502,4.561492
29/09/2022,11503,4.561501
29/09/2022,11504,4.56151
29/09/2022,11505,4.561519
29/09/2022,11506,4.561529
29/09/2022,11507,4.561538
29/09/2022,11508,4.561547
29/09/2022,11509,4.561557
29/09/2022,11510,4.561566
29/09/2022,11511,4.561575
29/09/2022,11512,4.561584
29/09/2022,11513,4.561594
29/09/2022,11514,4.561603
29/09/2022,11515,4.561612
29/09/2022,11516,4.561621
29/09/2022,11517,4.561631
29/09/2022,11518,4.56164
29/09/2022,11519,4.561649
29/09/2022,11520,4.561658
29/09/2022,11521,4.561668
29/09/2022,11522,4.561677
29/09/2022,11523,4.561686
29/09/2022,11524,4.561696
29/09/2022,11525,4.561705
29/09/2022,11526,4.561714
29/09/2022,11527,4.561723
29/09/2022,11528,4.561733
29/09/2022,11529,4.561742
29/09/2022,11530,4.561751
29/09/2022,11531,4.56176
29/09/2022,11532,4.56177
29/09/2022,11533,4.561779
29/09/2022,11534,4.561788
29/09/2022,11535,4.561797
29/09/2022,11536,4.561807
29/09/2022,11537,4.561816
29/09/2022,11538,4.561825
29/09/2022,11539,4.561835
29/09/2022,11540,4.561844
29/09/2022,11541,4.561853
29/09/2022,11542,4.561862
29/09/2022,11543,4.561872
29/09/2022,11544,4.561881
29/09/2022,11545,4.56189
29/09/2022,11546,4.561899
29/09/2022,11547,4.561909
29/09/2022,11548,4.561918
29/09/2022,11549,4.561927
29/09/2022,11550,4.561937
29/09/2022,11551,4.561946
29/09/2022,11552,4.561955
29/09/2022,11553,4.561964
29/09/2022,11554,4.561974
29/09/2022,11555,4.561983
29/09/2022,11556,4.561992
29/09/2022,11557,4.562001
29/09/2022,11558,4.562011
29/09/2022,11559,4.56202
29/09/2022,11560,4.562029
29/09/2022,11561,4.562038
29/09/2022,11562,4.562048
29/09/2022,11563,4.562057
29/09/2022,11564,4.562066
29/09/2022,11565,4.562076
29/09/2022,11566,4.562085
29/09/2022,11567,4.562094
29/09/2022,11568,4.562103
29/09/2022,11569,4.562113
29/09/2022,11570,4.562122
29/09/2022,11571,4.562131
29/09/2022,11572,4.56214
29/09/2022,11573,4.56215
29/09/2022,11574,4.562159
29/09/2022,11575,4.562168
29/09/2022,11576,4.562177
29/09/2022,11577,4.562187
29/09/2022,11578,4.562196
29/09/2022,11579,4.562205
29/09/2022,11580,4.562215
29/09/2022,11581,4.562224
29/09/2022,11582,4.562233
29/09/2022,11583,4.562242
29/09/2022,11584,4.562252
29/09/2022,11585,4.562261
29/09/2022,11586,4.56227
29/09/2022,11587,4.562279
29/09/2022,11588,4.562289
29/09/2022,11589,4.562298
29/09/2022,11590,4.562307
29/09/2022,11591,4.562316
29/09/2022,11592,4.562326
29/09/2022,11593,4.562335
29/09/2022,11594,4.562344
29/09/2022,11595,4.562354
29/09/2022,11596,4.562363
29/09/2022,11597,4.562372
29/09/2022,11598,4.562381
29/09/2022,11599,4.562391
29/09/2022,11600,4.5624
29/09/2022,11601,4.562409
29/09/2022,11602,4.562418
29/09/2022,11603,4.562428
29/09/2022,11604,4.562437
29/09/2022,11605,4.562446
29/09/2022,11606,4.562455
29/09/2022,11607,4.562465
29/09/2022,11608,4.562474
29/09/2022,11609,4.562483
29/09/2022,11610,4.562493
29/09/2022,11611,4.562502
29/09/2022,11612,4.562511
29/09/2022,11613,4.56252
29/09/2022,11614,4.56253
29/09/2022,11615,4.562539
29/09/2022,11616,4.562548
29/09/2022,11617,4.562557
29/09/2022,11618,4.562567
29/09/2022,11619,4.562576
29/09/2022,11620,4.562585
29/09/2022,11621,4.562594
29/09/2022,11622,4.562604
29/09/2022,11623,4.562613
29/09/2022,11624,4.562622
29/09/2022,11625,4.562632
29/09/2022,11626,4.562641
29/09/2022,11627,4.56265
29/09/2022,11628,4.562659
29/09/2022,11629,4.562669
29/09/2022,11630,4.562678
29/09/2022,11631,4.562687
29/09/2022,11632,4.562696
29/09/2022,11633,4.562706
29/09/2022,11634,4.562715
29/09/2022,11635,4.562724
29/09/2022,11636,4.562734
29/09/2022,11637,4.562743
29/09/2022,11638,4.562752
29/09/2022,11639,4.562761
29/09/2022,11640,4.562771
29/09/2022,11641,4.56278
29/09/2022,11642,4.562789
29/09/2022,11643,4.562798
29/09/2022,11644,4.562808
29/09/2022,11645,4.562817
29/09/2022,11646,4.562826
29/09/2022,11647,4.562835
29/09/2022,11648,4.562845
29/09/2022,11649,4.562854
29/09/2022,11650,4.562863
29/09/2022,11651,4.562873
29/09/2022,11652,4.562882
29/09/2022,11653,4.562891
29/09/2022,11654,4.5629
29/09/2022,11655,4.56291
29/09/2022,11656,4.562919
29/09/2022,11657,4.562928
29/09/2022,11658,4.562937
29/09/2022,11659,4.562947
29/09/2022,11660,4.562956
29/09/2022,11661,4.562965
29/09/2022,11662,4.562974
29/09/2022,11663,4.562984
29/09/2022,11664,4.562993
29/09/2022,11665,4.563002
29/09/2022,11666,4.563012
29/09/2022,11667,4.563021
29/09/2022,11668,4.56303
29/09/2022,11669,4.563039
29/09/2022,11670,4.563049
29/09/2022,11671,4.563058
29/09/2022,11672,4.563067
29/09/2022,11673,4.563076
29/09/2022,11674,4.563086
29/09/2022,11675,4.563095
29/09/2022,11676,4.563104
29/09/2022,11677,4.563113
29/09/2022,11678,4.563123
29/09/2022,11679,4.563132
29/09/2022,11680,4.563141
29/09/2022,11681,4.563151
29/09/2022,11682,4.56316
29/09/2022,11683,4.563169
29/09/2022,11684,4.563178
29/09/2022,11685,4.563188
29/09/2022,11686,4.563197
29/09/2022,11687,4.563206
29/09/2022,11688,4.563215
29/09/2022,11689,4.563225
29/09/2022,11690,4.563234
29/09/2022,11691,4.563243
29/09/2022,11692,4.563252
29/09/2022,11693,4.563262
29/09/2022,11694,4.563271
29/09/2022,11695,4.56328
29/09/2022,11696,4.56329
29/09/2022,11697,4.563299
29/09/2022,11698,4.563308
29/09/2022,11699,4.563317
29/09/2022,11700,4.563327
29/09/2022,11701,4.563336
29/09/2022,11702,4.563345
29/09/2022,11703,4.563354
29/09/2022,11704,4.563364
29/09/2022,11705,4.563373
29/09/2022,11706,4.563382
29/09/2022,11707,4.563392
29/09/2022,11708,4.563401
29/09/2022,11709,4.56341
29/09/2022,11710,4.563419
29/09/2022,11711,4.563429
29/09/2022,11712,4.563438
29/09/2022,11713,4.563447
29/09/2022,11714,4.563456
29/09/2022,11715,4.563466
29/09/2022,11716,4.563475
29/09/2022,11717,4.563484
29/09/2022,11718,4.563493
29/09/2022,11719,4.563503
29/09/2022,11720,4.563512
29/09/2022,11721,4.563521
29/09/2022,11722,4.563531
29/09/2022,11723,4.56354
29/09/2022,11724,4.563549
29/09/2022,11725,4.563558
29/09/2022,11726,4.563568
29/09/2022,11727,4.563577
29/09/2022,11728,4.563586
29/09/2022,11729,4.563595
29/09/2022,11730,4.563605
29/09/2022,11731,4.563614
29/09/2022,11732,4.563623
29/09/2022,11733,4.563632
29/09/2022,11734,4.563642
29/09/2022,11735,4.563651
29/09/2022,11736,4.56366
29/09/2022,11737,4.56367
29/09/2022,11738,4.563679
29/09/2022,11739,4.563688
29/09/2022,11740,4.563697
29/09/2022,11741,4.563707
29/09/2022,11742,4.563716
29/09/2022,11743,4.563725
29/09/2022,11744,4.563734
29/09/2022,11745,4.563744
29/09/2022,11746,4.563753
29/09/2022,11747,4.563762
29/09/2022,11748,4.563771
29/09/2022,11749,4.563781
29/09/2022,11750,4.56379
29/09/2022,11751,4.563799
29/09/2022,11752,4.563809
29/09/2022,11753,4.563818
29/09/2022,11754,4.563827
29/09/2022,11755,4.563836
29/09/2022,11756,4.563846
29/09/2022,11757,4.563855
29/09/2022,11758,4.563864
29/09/2022,11759,4.563873
29/09/2022,11760,4.563883
29/09/2022,11761,4.563892
29/09/2022,11762,4.563901
29/09/2022,11763,4.56391
29/09/2022,11764,4.56392
29/09/2022,11765,4.563929
29/09/2022,11766,4.563938
29/09/2022,11767,4.563948
29/09/2022,11768,4.563957
29/09/2022,11769,4.563966
29/09/2022,11770,4.563975
29/09/2022,11771,4.563985
29/09/2022,11772,4.563994
29/09/2022,11773,4.564003
29/09/2022,11774,4.564012
29/09/2022,11775,4.564022
29/09/2022,11776,4.564031
29/09/2022,11777,4.56404
29/09/2022,11778,4.564049
29/09/2022,11779,4.564059
29/09/2022,11780,4.564068
29/09/2022,11781,4.564077
29/09/2022,11782,4.564087
29/09/2022,11783,4.564096
29/09/2022,11784,4.564105
29/09/2022,11785,4.564114
29/09/2022,11786,4.564124
29/09/2022,11787,4.564133
29/09/2022,11788,4.564142
29/09/2022,11789,4.564151
29/09/2022,11790,4.564161
29/09/2022,11791,4.56417
29/09/2022,11792,4.564179
29/09/2022,11793,4.564189
29/09/2022,11794,4.564198
29/09/2022,11795,4.564207
29/09/2022,11796,4.564216
29/09/2022,11797,4.564226
29/09/2022,11798,4.564235
29/09/2022,11799,4.564244
29/09/2022,11800,4.564253
29/09/2022,11801,4.564263
29/09/2022,11802,4.564272
29/09/2022,11803,4.564281
29/09/2022,11804,4.56429
29/09/2022,11805,4.5643
29/09/2022,11806,4.564309
29/09/2022,11807,4.564318
29/09/2022,11808,4.564328
29/09/2022,11809,4.564337
29/09/2022,11810,4.564346
29/09/2022,11811,4.564355
29/09/2022,11812,4.564365
29/09/2022,11813,4.564374
29/09/2022,11814,4.564383
29/09/2022,11815,4.564392
29/09/2022,11816,4.564402
29/09/2022,11817,4.564411
29/09/2022,11818,4.56442
29/09/2022,11819,4.564429
29/09/2022,11820,4.564439
29/09/2022,11821,4.564448
29/09/2022,11822,4.564457
29/09/2022,11823,4.564467
29/09/2022,11824,4.564476
29/09/2022,11825,4.564485
29/09/2022,11826,4.564494
29/09/2022,11827,4.564504
29/09/2022,11828,4.564513
29/09/2022,11829,4.564522
29/09/2022,11830,4.564531
29/09/2022,11831,4.564544
29/09/2022,11832,4.564557
29/09/2022,11833,4.56457
29/09/2022,11834,4.564582
29/09/2022,11835,4.564595
29/09/2022,11836,4.564608
29/09/2022,11837,4.564621
29/09/2022,11838,4.564633
29/09/2022,11839,4.564646
29/09/2022,11840,4.564659
