FECHA,PLAZO,VALOR
31/01/2022,1,3.13
31/01/2022,2,3.13
31/01/2022,3,3.130157
31/01/2022,4,3.130315
31/01/2022,5,3.130472
31/01/2022,6,3.13063
31/01/2022,7,3.130787
31/01/2022,8,3.130945
31/01/2022,9,3.131102
31/01/2022,10,3.13126
31/01/2022,11,3.131417
31/01/2022,12,3.131575
31/01/2022,13,3.131732
31/01/2022,14,3.13189
31/01/2022,15,3.132047
31/01/2022,16,3.132205
31/01/2022,17,3.132362
31/01/2022,18,3.13252
31/01/2022,19,3.132677
31/01/2022,20,3.132835
31/01/2022,21,3.132992
31/01/2022,22,3.13315
31/01/2022,23,3.133307
31/01/2022,24,3.133465
31/01/2022,25,3.133622
31/01/2022,26,3.13378
31/01/2022,27,3.133937
31/01/2022,28,3.134094
31/01/2022,29,3.134252
31/01/2022,30,3.134409
31/01/2022,31,3.134567
31/01/2022,32,3.134724
31/01/2022,33,3.134882
31/01/2022,34,3.135039
31/01/2022,35,3.135197
31/01/2022,36,3.135354
31/01/2022,37,3.135512
31/01/2022,38,3.135669
31/01/2022,39,3.135827
31/01/2022,40,3.135984
31/01/2022,41,3.136142
31/01/2022,42,3.136299
31/01/2022,43,3.136457
31/01/2022,44,3.136614
31/01/2022,45,3.136772
31/01/2022,46,3.136929
31/01/2022,47,3.137087
31/01/2022,48,3.137244
31/01/2022,49,3.137402
31/01/2022,50,3.137559
31/01/2022,51,3.137717
31/01/2022,52,3.137874
31/01/2022,53,3.138031
31/01/2022,54,3.138189
31/01/2022,55,3.138346
31/01/2022,56,3.138504
31/01/2022,57,3.138661
31/01/2022,58,3.138819
31/01/2022,59,3.138976
31/01/2022,60,3.139134
31/01/2022,61,3.139291
31/01/2022,62,3.139449
31/01/2022,63,3.139606
31/01/2022,64,3.139764
31/01/2022,65,3.139921
31/01/2022,66,3.140079
31/01/2022,67,3.140236
31/01/2022,68,3.140394
31/01/2022,69,3.140551
31/01/2022,70,3.140709
31/01/2022,71,3.140866
31/01/2022,72,3.141024
31/01/2022,73,3.141181
31/01/2022,74,3.141339
31/01/2022,75,3.141496
31/01/2022,76,3.141654
31/01/2022,77,3.141811
31/01/2022,78,3.141969
31/01/2022,79,3.142126
31/01/2022,80,3.142283
31/01/2022,81,3.142441
31/01/2022,82,3.142598
31/01/2022,83,3.142756
31/01/2022,84,3.142913
31/01/2022,85,3.143071
31/01/2022,86,3.143228
31/01/2022,87,3.143386
31/01/2022,88,3.143543
31/01/2022,89,3.143701
31/01/2022,90,3.143858
31/01/2022,91,3.144016
31/01/2022,92,3.144173
31/01/2022,93,3.144331
31/01/2022,94,3.144488
31/01/2022,95,3.144646
31/01/2022,96,3.144803
31/01/2022,97,3.144961
31/01/2022,98,3.145118
31/01/2022,99,3.145276
31/01/2022,100,3.145433
31/01/2022,101,3.145591
31/01/2022,102,3.145748
31/01/2022,103,3.145906
31/01/2022,104,3.146063
31/01/2022,105,3.14622
31/01/2022,106,3.146378
31/01/2022,107,3.146535
31/01/2022,108,3.146693
31/01/2022,109,3.14685
31/01/2022,110,3.147008
31/01/2022,111,3.147165
31/01/2022,112,3.147323
31/01/2022,113,3.14748
31/01/2022,114,3.147638
31/01/2022,115,3.147795
31/01/2022,116,3.147953
31/01/2022,117,3.14811
31/01/2022,118,3.148268
31/01/2022,119,3.148425
31/01/2022,120,3.148583
31/01/2022,121,3.14874
31/01/2022,122,3.148898
31/01/2022,123,3.149055
31/01/2022,124,3.149213
31/01/2022,125,3.14937
31/01/2022,126,3.149528
31/01/2022,127,3.149685
31/01/2022,128,3.149843
31/01/2022,129,3.15
31/01/2022,130,3.150377
31/01/2022,131,3.150755
31/01/2022,132,3.151132
31/01/2022,133,3.151509
31/01/2022,134,3.151887
31/01/2022,135,3.152264
31/01/2022,136,3.152642
31/01/2022,137,3.153019
31/01/2022,138,3.153396
31/01/2022,139,3.153774
31/01/2022,140,3.154151
31/01/2022,141,3.154528
31/01/2022,142,3.154906
31/01/2022,143,3.155283
31/01/2022,144,3.15566
31/01/2022,145,3.156038
31/01/2022,146,3.156415
31/01/2022,147,3.156792
31/01/2022,148,3.15717
31/01/2022,149,3.157547
31/01/2022,150,3.157925
31/01/2022,151,3.158302
31/01/2022,152,3.158679
31/01/2022,153,3.159057
31/01/2022,154,3.159434
31/01/2022,155,3.159811
31/01/2022,156,3.160189
31/01/2022,157,3.160566
31/01/2022,158,3.160943
31/01/2022,159,3.161321
31/01/2022,160,3.161698
31/01/2022,161,3.162075
31/01/2022,162,3.162453
31/01/2022,163,3.16283
31/01/2022,164,3.163208
31/01/2022,165,3.163585
31/01/2022,166,3.163962
31/01/2022,167,3.16434
31/01/2022,168,3.164717
31/01/2022,169,3.165094
31/01/2022,170,3.165472
31/01/2022,171,3.165849
31/01/2022,172,3.166226
31/01/2022,173,3.166604
31/01/2022,174,3.166981
31/01/2022,175,3.167358
31/01/2022,176,3.167736
31/01/2022,177,3.168113
31/01/2022,178,3.168491
31/01/2022,179,3.168868
31/01/2022,180,3.169245
31/01/2022,181,3.169623
31/01/2022,182,3.17
31/01/2022,183,3.17033
31/01/2022,184,3.170659
31/01/2022,185,3.170989
31/01/2022,186,3.171319
31/01/2022,187,3.171648
31/01/2022,188,3.171978
31/01/2022,189,3.172308
31/01/2022,190,3.172637
31/01/2022,191,3.172967
31/01/2022,192,3.173297
31/01/2022,193,3.173626
31/01/2022,194,3.173956
31/01/2022,195,3.174286
31/01/2022,196,3.174615
31/01/2022,197,3.174945
31/01/2022,198,3.175275
31/01/2022,199,3.175604
31/01/2022,200,3.175934
31/01/2022,201,3.176264
31/01/2022,202,3.176593
31/01/2022,203,3.176923
31/01/2022,204,3.177253
31/01/2022,205,3.177582
31/01/2022,206,3.177912
31/01/2022,207,3.178242
31/01/2022,208,3.178571
31/01/2022,209,3.178901
31/01/2022,210,3.179231
31/01/2022,211,3.17956
31/01/2022,212,3.17989
31/01/2022,213,3.18022
31/01/2022,214,3.180549
31/01/2022,215,3.180879
31/01/2022,216,3.181209
31/01/2022,217,3.181538
31/01/2022,218,3.181868
31/01/2022,219,3.182198
31/01/2022,220,3.182527
31/01/2022,221,3.182857
31/01/2022,222,3.183187
31/01/2022,223,3.183516
31/01/2022,224,3.183846
31/01/2022,225,3.184176
31/01/2022,226,3.184505
31/01/2022,227,3.184835
31/01/2022,228,3.185165
31/01/2022,229,3.185495
31/01/2022,230,3.185824
31/01/2022,231,3.186154
31/01/2022,232,3.186484
31/01/2022,233,3.186813
31/01/2022,234,3.187143
31/01/2022,235,3.187473
31/01/2022,236,3.187802
31/01/2022,237,3.188132
31/01/2022,238,3.188462
31/01/2022,239,3.188791
31/01/2022,240,3.189121
31/01/2022,241,3.189451
31/01/2022,242,3.18978
31/01/2022,243,3.19011
31/01/2022,244,3.19044
31/01/2022,245,3.190769
31/01/2022,246,3.191099
31/01/2022,247,3.191429
31/01/2022,248,3.191758
31/01/2022,249,3.192088
31/01/2022,250,3.192418
31/01/2022,251,3.192747
31/01/2022,252,3.193077
31/01/2022,253,3.193407
31/01/2022,254,3.193736
31/01/2022,255,3.194066
31/01/2022,256,3.194396
31/01/2022,257,3.194725
31/01/2022,258,3.195055
31/01/2022,259,3.195385
31/01/2022,260,3.195714
31/01/2022,261,3.196044
31/01/2022,262,3.196374
31/01/2022,263,3.196703
31/01/2022,264,3.197033
31/01/2022,265,3.197363
31/01/2022,266,3.197692
31/01/2022,267,3.198022
31/01/2022,268,3.198352
31/01/2022,269,3.198681
31/01/2022,270,3.199011
31/01/2022,271,3.199341
31/01/2022,272,3.19967
31/01/2022,273,3.2
31/01/2022,274,3.20033
31/01/2022,275,3.200659
31/01/2022,276,3.200989
31/01/2022,277,3.201319
31/01/2022,278,3.201648
31/01/2022,279,3.201978
31/01/2022,280,3.202308
31/01/2022,281,3.202637
31/01/2022,282,3.202967
31/01/2022,283,3.203297
31/01/2022,284,3.203626
31/01/2022,285,3.203956
31/01/2022,286,3.204286
31/01/2022,287,3.204615
31/01/2022,288,3.204945
31/01/2022,289,3.205275
31/01/2022,290,3.205604
31/01/2022,291,3.205934
31/01/2022,292,3.206264
31/01/2022,293,3.206593
31/01/2022,294,3.206923
31/01/2022,295,3.207253
31/01/2022,296,3.207582
31/01/2022,297,3.207912
31/01/2022,298,3.208242
31/01/2022,299,3.208571
31/01/2022,300,3.208901
31/01/2022,301,3.209231
31/01/2022,302,3.20956
31/01/2022,303,3.20989
31/01/2022,304,3.21022
31/01/2022,305,3.210549
31/01/2022,306,3.210879
31/01/2022,307,3.211209
31/01/2022,308,3.211538
31/01/2022,309,3.211868
31/01/2022,310,3.212198
31/01/2022,311,3.212527
31/01/2022,312,3.212857
31/01/2022,313,3.213187
31/01/2022,314,3.213516
31/01/2022,315,3.213846
31/01/2022,316,3.214176
31/01/2022,317,3.214505
31/01/2022,318,3.214835
31/01/2022,319,3.215165
31/01/2022,320,3.215495
31/01/2022,321,3.215824
31/01/2022,322,3.216154
31/01/2022,323,3.216484
31/01/2022,324,3.216813
31/01/2022,325,3.217143
31/01/2022,326,3.217473
31/01/2022,327,3.217802
31/01/2022,328,3.218132
31/01/2022,329,3.218462
31/01/2022,330,3.218791
31/01/2022,331,3.219121
31/01/2022,332,3.219451
31/01/2022,333,3.21978
31/01/2022,334,3.22011
31/01/2022,335,3.22044
31/01/2022,336,3.220769
31/01/2022,337,3.221099
31/01/2022,338,3.221429
31/01/2022,339,3.221758
31/01/2022,340,3.222088
31/01/2022,341,3.222418
31/01/2022,342,3.222747
31/01/2022,343,3.223077
31/01/2022,344,3.223407
31/01/2022,345,3.223736
31/01/2022,346,3.224066
31/01/2022,347,3.224396
31/01/2022,348,3.224725
31/01/2022,349,3.225055
31/01/2022,350,3.225385
31/01/2022,351,3.225714
31/01/2022,352,3.226044
31/01/2022,353,3.226374
31/01/2022,354,3.226703
31/01/2022,355,3.227033
31/01/2022,356,3.227363
31/01/2022,357,3.227692
31/01/2022,358,3.228022
31/01/2022,359,3.228352
31/01/2022,360,3.228681
31/01/2022,361,3.229011
31/01/2022,362,3.229341
31/01/2022,363,3.22967
31/01/2022,364,3.23
31/01/2022,365,3.230345
31/01/2022,366,3.23069
31/01/2022,367,3.231034
31/01/2022,368,3.231379
31/01/2022,369,3.231724
31/01/2022,370,3.232069
31/01/2022,371,3.232414
31/01/2022,372,3.232759
31/01/2022,373,3.233103
31/01/2022,374,3.233448
31/01/2022,375,3.233793
31/01/2022,376,3.234138
31/01/2022,377,3.234483
31/01/2022,378,3.234828
31/01/2022,379,3.235172
31/01/2022,380,3.235517
31/01/2022,381,3.235862
31/01/2022,382,3.236207
31/01/2022,383,3.236552
31/01/2022,384,3.236897
31/01/2022,385,3.237241
31/01/2022,386,3.237586
31/01/2022,387,3.237931
31/01/2022,388,3.238276
31/01/2022,389,3.238621
31/01/2022,390,3.238966
31/01/2022,391,3.23931
31/01/2022,392,3.239655
31/01/2022,393,3.24
31/01/2022,394,3.240345
31/01/2022,395,3.24069
31/01/2022,396,3.241034
31/01/2022,397,3.241379
31/01/2022,398,3.241724
31/01/2022,399,3.242069
31/01/2022,400,3.242414
31/01/2022,401,3.242759
31/01/2022,402,3.243103
31/01/2022,403,3.243448
31/01/2022,404,3.243793
31/01/2022,405,3.244138
31/01/2022,406,3.244483
31/01/2022,407,3.244828
31/01/2022,408,3.245172
31/01/2022,409,3.245517
31/01/2022,410,3.245862
31/01/2022,411,3.246207
31/01/2022,412,3.246552
31/01/2022,413,3.246897
31/01/2022,414,3.247241
31/01/2022,415,3.247586
31/01/2022,416,3.247931
31/01/2022,417,3.248276
31/01/2022,418,3.248621
31/01/2022,419,3.248966
31/01/2022,420,3.24931
31/01/2022,421,3.249655
31/01/2022,422,3.25
31/01/2022,423,3.250345
31/01/2022,424,3.25069
31/01/2022,425,3.251034
31/01/2022,426,3.251379
31/01/2022,427,3.251724
31/01/2022,428,3.252069
31/01/2022,429,3.252414
31/01/2022,430,3.252759
31/01/2022,431,3.253103
31/01/2022,432,3.253448
31/01/2022,433,3.253793
31/01/2022,434,3.254138
31/01/2022,435,3.254483
31/01/2022,436,3.254828
31/01/2022,437,3.255172
31/01/2022,438,3.255517
31/01/2022,439,3.255862
31/01/2022,440,3.256207
31/01/2022,441,3.256552
31/01/2022,442,3.256897
31/01/2022,443,3.257241
31/01/2022,444,3.257586
31/01/2022,445,3.257931
31/01/2022,446,3.258276
31/01/2022,447,3.258621
31/01/2022,448,3.258966
31/01/2022,449,3.25931
31/01/2022,450,3.259655
31/01/2022,451,3.26
31/01/2022,452,3.260345
31/01/2022,453,3.26069
31/01/2022,454,3.261034
31/01/2022,455,3.261379
31/01/2022,456,3.261724
31/01/2022,457,3.262069
31/01/2022,458,3.262414
31/01/2022,459,3.262759
31/01/2022,460,3.263103
31/01/2022,461,3.263448
31/01/2022,462,3.263793
31/01/2022,463,3.264138
31/01/2022,464,3.264483
31/01/2022,465,3.264828
31/01/2022,466,3.265172
31/01/2022,467,3.265517
31/01/2022,468,3.265862
31/01/2022,469,3.266207
31/01/2022,470,3.266552
31/01/2022,471,3.266897
31/01/2022,472,3.267241
31/01/2022,473,3.267586
31/01/2022,474,3.267931
31/01/2022,475,3.268276
31/01/2022,476,3.268621
31/01/2022,477,3.268966
31/01/2022,478,3.26931
31/01/2022,479,3.269655
31/01/2022,480,3.27
31/01/2022,481,3.270345
31/01/2022,482,3.27069
31/01/2022,483,3.271034
31/01/2022,484,3.271379
31/01/2022,485,3.271724
31/01/2022,486,3.272069
31/01/2022,487,3.272414
31/01/2022,488,3.272759
31/01/2022,489,3.273103
31/01/2022,490,3.273448
31/01/2022,491,3.273793
31/01/2022,492,3.274138
31/01/2022,493,3.274483
31/01/2022,494,3.274828
31/01/2022,495,3.275172
31/01/2022,496,3.275517
31/01/2022,497,3.275862
31/01/2022,498,3.276207
31/01/2022,499,3.276552
31/01/2022,500,3.276897
31/01/2022,501,3.277241
31/01/2022,502,3.277586
31/01/2022,503,3.277931
31/01/2022,504,3.278276
31/01/2022,505,3.278621
31/01/2022,506,3.278966
31/01/2022,507,3.27931
31/01/2022,508,3.279655
31/01/2022,509,3.28
31/01/2022,510,3.280345
31/01/2022,511,3.28069
31/01/2022,512,3.281034
31/01/2022,513,3.281379
31/01/2022,514,3.281724
31/01/2022,515,3.282069
31/01/2022,516,3.282414
31/01/2022,517,3.282759
31/01/2022,518,3.283103
31/01/2022,519,3.283448
31/01/2022,520,3.283793
31/01/2022,521,3.284138
31/01/2022,522,3.284483
31/01/2022,523,3.284828
31/01/2022,524,3.285172
31/01/2022,525,3.285517
31/01/2022,526,3.285862
31/01/2022,527,3.286207
31/01/2022,528,3.286552
31/01/2022,529,3.286897
31/01/2022,530,3.287241
31/01/2022,531,3.287586
31/01/2022,532,3.287931
31/01/2022,533,3.288276
31/01/2022,534,3.288621
31/01/2022,535,3.288966
31/01/2022,536,3.28931
31/01/2022,537,3.289655
31/01/2022,538,3.29
31/01/2022,539,3.290345
31/01/2022,540,3.29069
31/01/2022,541,3.291034
31/01/2022,542,3.291379
31/01/2022,543,3.291724
31/01/2022,544,3.292069
31/01/2022,545,3.292414
31/01/2022,546,3.292759
31/01/2022,547,3.293103
31/01/2022,548,3.293448
31/01/2022,549,3.293793
31/01/2022,550,3.294138
31/01/2022,551,3.294483
31/01/2022,552,3.294828
31/01/2022,553,3.295172
31/01/2022,554,3.295517
31/01/2022,555,3.295862
31/01/2022,556,3.296207
31/01/2022,557,3.296552
31/01/2022,558,3.296897
31/01/2022,559,3.297241
31/01/2022,560,3.297586
31/01/2022,561,3.297931
31/01/2022,562,3.298276
31/01/2022,563,3.298621
31/01/2022,564,3.298966
31/01/2022,565,3.29931
31/01/2022,566,3.299655
31/01/2022,567,3.3
31/01/2022,568,3.300345
31/01/2022,569,3.30069
31/01/2022,570,3.301034
31/01/2022,571,3.301379
31/01/2022,572,3.301724
31/01/2022,573,3.302069
31/01/2022,574,3.302414
31/01/2022,575,3.302759
31/01/2022,576,3.303103
31/01/2022,577,3.303448
31/01/2022,578,3.303793
31/01/2022,579,3.304138
31/01/2022,580,3.304483
31/01/2022,581,3.304828
31/01/2022,582,3.305172
31/01/2022,583,3.305517
31/01/2022,584,3.305862
31/01/2022,585,3.306207
31/01/2022,586,3.306552
31/01/2022,587,3.306897
31/01/2022,588,3.307241
31/01/2022,589,3.307586
31/01/2022,590,3.307931
31/01/2022,591,3.308276
31/01/2022,592,3.308621
31/01/2022,593,3.308966
31/01/2022,594,3.30931
31/01/2022,595,3.309655
31/01/2022,596,3.31
31/01/2022,597,3.310345
31/01/2022,598,3.31069
31/01/2022,599,3.311034
31/01/2022,600,3.311379
31/01/2022,601,3.311724
31/01/2022,602,3.312069
31/01/2022,603,3.312414
31/01/2022,604,3.312759
31/01/2022,605,3.313103
31/01/2022,606,3.313448
31/01/2022,607,3.313793
31/01/2022,608,3.314138
31/01/2022,609,3.314483
31/01/2022,610,3.314828
31/01/2022,611,3.315172
31/01/2022,612,3.315517
31/01/2022,613,3.315862
31/01/2022,614,3.316207
31/01/2022,615,3.316552
31/01/2022,616,3.316897
31/01/2022,617,3.317241
31/01/2022,618,3.317586
31/01/2022,619,3.317931
31/01/2022,620,3.318276
31/01/2022,621,3.318621
31/01/2022,622,3.318966
31/01/2022,623,3.31931
31/01/2022,624,3.319655
31/01/2022,625,3.32
31/01/2022,626,3.320345
31/01/2022,627,3.32069
31/01/2022,628,3.321034
31/01/2022,629,3.321379
31/01/2022,630,3.321724
31/01/2022,631,3.322069
31/01/2022,632,3.322414
31/01/2022,633,3.322759
31/01/2022,634,3.323103
31/01/2022,635,3.323448
31/01/2022,636,3.323793
31/01/2022,637,3.324138
31/01/2022,638,3.324483
31/01/2022,639,3.324828
31/01/2022,640,3.325172
31/01/2022,641,3.325517
31/01/2022,642,3.325862
31/01/2022,643,3.326207
31/01/2022,644,3.326552
31/01/2022,645,3.326897
31/01/2022,646,3.327241
31/01/2022,647,3.327586
31/01/2022,648,3.327931
31/01/2022,649,3.328276
31/01/2022,650,3.328621
31/01/2022,651,3.328966
31/01/2022,652,3.32931
31/01/2022,653,3.329655
31/01/2022,654,3.33
31/01/2022,655,3.329746
31/01/2022,656,3.329493
31/01/2022,657,3.329239
31/01/2022,658,3.328985
31/01/2022,659,3.328732
31/01/2022,660,3.328478
31/01/2022,661,3.328224
31/01/2022,662,3.327971
31/01/2022,663,3.327717
31/01/2022,664,3.327463
31/01/2022,665,3.32721
31/01/2022,666,3.326956
31/01/2022,667,3.326702
31/01/2022,668,3.326449
31/01/2022,669,3.326195
31/01/2022,670,3.325941
31/01/2022,671,3.325688
31/01/2022,672,3.325434
31/01/2022,673,3.32518
31/01/2022,674,3.324927
31/01/2022,675,3.324673
31/01/2022,676,3.324419
31/01/2022,677,3.324166
31/01/2022,678,3.323912
31/01/2022,679,3.323658
31/01/2022,680,3.323405
31/01/2022,681,3.323151
31/01/2022,682,3.322897
31/01/2022,683,3.322644
31/01/2022,684,3.32239
31/01/2022,685,3.322136
31/01/2022,686,3.321883
31/01/2022,687,3.321629
31/01/2022,688,3.321375
31/01/2022,689,3.321121
31/01/2022,690,3.320868
31/01/2022,691,3.320614
31/01/2022,692,3.32036
31/01/2022,693,3.320107
31/01/2022,694,3.319853
31/01/2022,695,3.319599
31/01/2022,696,3.319346
31/01/2022,697,3.319092
31/01/2022,698,3.318838
31/01/2022,699,3.318585
31/01/2022,700,3.318331
31/01/2022,701,3.318077
31/01/2022,702,3.317824
31/01/2022,703,3.31757
31/01/2022,704,3.317316
31/01/2022,705,3.317063
31/01/2022,706,3.316809
31/01/2022,707,3.316555
31/01/2022,708,3.316302
31/01/2022,709,3.316048
31/01/2022,710,3.315794
31/01/2022,711,3.315541
31/01/2022,712,3.315287
31/01/2022,713,3.315033
31/01/2022,714,3.31478
31/01/2022,715,3.314526
31/01/2022,716,3.314272
31/01/2022,717,3.314019
31/01/2022,718,3.313765
31/01/2022,719,3.313511
31/01/2022,720,3.313258
31/01/2022,721,3.313004
31/01/2022,722,3.31275
31/01/2022,723,3.312497
31/01/2022,724,3.312243
31/01/2022,725,3.311989
31/01/2022,726,3.311736
31/01/2022,727,3.311482
31/01/2022,728,3.311228
31/01/2022,729,3.310975
31/01/2022,730,3.310721
31/01/2022,731,3.310467
31/01/2022,732,3.310214
31/01/2022,733,3.30996
31/01/2022,734,3.309706
31/01/2022,735,3.309453
31/01/2022,736,3.309199
31/01/2022,737,3.308945
31/01/2022,738,3.308692
31/01/2022,739,3.308438
31/01/2022,740,3.308184
31/01/2022,741,3.307931
31/01/2022,742,3.307677
31/01/2022,743,3.307423
31/01/2022,744,3.30717
31/01/2022,745,3.306916
31/01/2022,746,3.306662
31/01/2022,747,3.306409
31/01/2022,748,3.306155
31/01/2022,749,3.305901
31/01/2022,750,3.305648
31/01/2022,751,3.305394
31/01/2022,752,3.30514
31/01/2022,753,3.304887
31/01/2022,754,3.304633
31/01/2022,755,3.304379
31/01/2022,756,3.304126
31/01/2022,757,3.303872
31/01/2022,758,3.303618
31/01/2022,759,3.303364
31/01/2022,760,3.303111
31/01/2022,761,3.302857
31/01/2022,762,3.302603
31/01/2022,763,3.30235
31/01/2022,764,3.302096
31/01/2022,765,3.301842
31/01/2022,766,3.301589
31/01/2022,767,3.301335
31/01/2022,768,3.301081
31/01/2022,769,3.300828
31/01/2022,770,3.300574
31/01/2022,771,3.30032
31/01/2022,772,3.300067
31/01/2022,773,3.299813
31/01/2022,774,3.299559
31/01/2022,775,3.299306
31/01/2022,776,3.299052
31/01/2022,777,3.298798
31/01/2022,778,3.298545
31/01/2022,779,3.298291
31/01/2022,780,3.298037
31/01/2022,781,3.297784
31/01/2022,782,3.29753
31/01/2022,783,3.297276
31/01/2022,784,3.297023
31/01/2022,785,3.296769
31/01/2022,786,3.296515
31/01/2022,787,3.296262
31/01/2022,788,3.296008
31/01/2022,789,3.295754
31/01/2022,790,3.295501
31/01/2022,791,3.295247
31/01/2022,792,3.294993
31/01/2022,793,3.29474
31/01/2022,794,3.294486
31/01/2022,795,3.294232
31/01/2022,796,3.293979
31/01/2022,797,3.293725
31/01/2022,798,3.293471
31/01/2022,799,3.293218
31/01/2022,800,3.292964
31/01/2022,801,3.29271
31/01/2022,802,3.292457
31/01/2022,803,3.292203
31/01/2022,804,3.291949
31/01/2022,805,3.291696
31/01/2022,806,3.291442
31/01/2022,807,3.291188
31/01/2022,808,3.290935
31/01/2022,809,3.290681
31/01/2022,810,3.290427
31/01/2022,811,3.290174
31/01/2022,812,3.28992
31/01/2022,813,3.289666
31/01/2022,814,3.289413
31/01/2022,815,3.289159
31/01/2022,816,3.288905
31/01/2022,817,3.288652
31/01/2022,818,3.288398
31/01/2022,819,3.288144
31/01/2022,820,3.287891
31/01/2022,821,3.287637
31/01/2022,822,3.287383
31/01/2022,823,3.28713
31/01/2022,824,3.286876
31/01/2022,825,3.286622
31/01/2022,826,3.286368
31/01/2022,827,3.286115
31/01/2022,828,3.285861
31/01/2022,829,3.285607
31/01/2022,830,3.285354
31/01/2022,831,3.2851
31/01/2022,832,3.284846
31/01/2022,833,3.284593
31/01/2022,834,3.284339
31/01/2022,835,3.284085
31/01/2022,836,3.283832
31/01/2022,837,3.283578
31/01/2022,838,3.283324
31/01/2022,839,3.283071
31/01/2022,840,3.282817
31/01/2022,841,3.282563
31/01/2022,842,3.28231
31/01/2022,843,3.282056
31/01/2022,844,3.281802
31/01/2022,845,3.281549
31/01/2022,846,3.281295
31/01/2022,847,3.281041
31/01/2022,848,3.280788
31/01/2022,849,3.280534
31/01/2022,850,3.28028
31/01/2022,851,3.280027
31/01/2022,852,3.279773
31/01/2022,853,3.279519
31/01/2022,854,3.279266
31/01/2022,855,3.279012
31/01/2022,856,3.278758
31/01/2022,857,3.278505
31/01/2022,858,3.278251
31/01/2022,859,3.277997
31/01/2022,860,3.277744
31/01/2022,861,3.27749
31/01/2022,862,3.277236
31/01/2022,863,3.276983
31/01/2022,864,3.276729
31/01/2022,865,3.276475
31/01/2022,866,3.276222
31/01/2022,867,3.275968
31/01/2022,868,3.275714
31/01/2022,869,3.275461
31/01/2022,870,3.275207
31/01/2022,871,3.274953
31/01/2022,872,3.2747
31/01/2022,873,3.274446
31/01/2022,874,3.274192
31/01/2022,875,3.273939
31/01/2022,876,3.273685
31/01/2022,877,3.273431
31/01/2022,878,3.273178
31/01/2022,879,3.272924
31/01/2022,880,3.27267
31/01/2022,881,3.272417
31/01/2022,882,3.272163
31/01/2022,883,3.271909
31/01/2022,884,3.271656
31/01/2022,885,3.271402
31/01/2022,886,3.271148
31/01/2022,887,3.270895
31/01/2022,888,3.270641
31/01/2022,889,3.270387
31/01/2022,890,3.270134
31/01/2022,891,3.26988
31/01/2022,892,3.269626
31/01/2022,893,3.269372
31/01/2022,894,3.269119
31/01/2022,895,3.268865
31/01/2022,896,3.268611
31/01/2022,897,3.268358
31/01/2022,898,3.268104
31/01/2022,899,3.26785
31/01/2022,900,3.267597
31/01/2022,901,3.267343
31/01/2022,902,3.267089
31/01/2022,903,3.266836
31/01/2022,904,3.266582
31/01/2022,905,3.266328
31/01/2022,906,3.266075
31/01/2022,907,3.265821
31/01/2022,908,3.265567
31/01/2022,909,3.265314
31/01/2022,910,3.26506
31/01/2022,911,3.264806
31/01/2022,912,3.264553
31/01/2022,913,3.264299
31/01/2022,914,3.264045
31/01/2022,915,3.263792
31/01/2022,916,3.263538
31/01/2022,917,3.263284
31/01/2022,918,3.263031
31/01/2022,919,3.262777
31/01/2022,920,3.262523
31/01/2022,921,3.26227
31/01/2022,922,3.262016
31/01/2022,923,3.261762
31/01/2022,924,3.261509
31/01/2022,925,3.261255
31/01/2022,926,3.261001
31/01/2022,927,3.260748
31/01/2022,928,3.260494
31/01/2022,929,3.26024
31/01/2022,930,3.259987
31/01/2022,931,3.259733
31/01/2022,932,3.259479
31/01/2022,933,3.259226
31/01/2022,934,3.258972
31/01/2022,935,3.258718
31/01/2022,936,3.258465
31/01/2022,937,3.258211
31/01/2022,938,3.257957
31/01/2022,939,3.257704
31/01/2022,940,3.25745
31/01/2022,941,3.257196
31/01/2022,942,3.256943
31/01/2022,943,3.256689
31/01/2022,944,3.256435
31/01/2022,945,3.256182
31/01/2022,946,3.255928
31/01/2022,947,3.255674
31/01/2022,948,3.255421
31/01/2022,949,3.255167
31/01/2022,950,3.254913
31/01/2022,951,3.25466
31/01/2022,952,3.254406
31/01/2022,953,3.254152
31/01/2022,954,3.253899
31/01/2022,955,3.253645
31/01/2022,956,3.253391
31/01/2022,957,3.253138
31/01/2022,958,3.252884
31/01/2022,959,3.25263
31/01/2022,960,3.252377
31/01/2022,961,3.252123
31/01/2022,962,3.251869
31/01/2022,963,3.251615
31/01/2022,964,3.251362
31/01/2022,965,3.251108
31/01/2022,966,3.250854
31/01/2022,967,3.250601
31/01/2022,968,3.250347
31/01/2022,969,3.250093
31/01/2022,970,3.24984
31/01/2022,971,3.249586
31/01/2022,972,3.249332
31/01/2022,973,3.249079
31/01/2022,974,3.248825
31/01/2022,975,3.248571
31/01/2022,976,3.248318
31/01/2022,977,3.248064
31/01/2022,978,3.24781
31/01/2022,979,3.247557
31/01/2022,980,3.247303
31/01/2022,981,3.247049
31/01/2022,982,3.246796
31/01/2022,983,3.246542
31/01/2022,984,3.246288
31/01/2022,985,3.246035
31/01/2022,986,3.245781
31/01/2022,987,3.245527
31/01/2022,988,3.245274
31/01/2022,989,3.24502
31/01/2022,990,3.244766
31/01/2022,991,3.244513
31/01/2022,992,3.244259
31/01/2022,993,3.244005
31/01/2022,994,3.243752
31/01/2022,995,3.243498
31/01/2022,996,3.243244
31/01/2022,997,3.242991
31/01/2022,998,3.242737
31/01/2022,999,3.242483
31/01/2022,1000,3.24223
31/01/2022,1001,3.241976
31/01/2022,1002,3.241722
31/01/2022,1003,3.241469
31/01/2022,1004,3.241215
31/01/2022,1005,3.240961
31/01/2022,1006,3.240708
31/01/2022,1007,3.240454
31/01/2022,1008,3.2402
31/01/2022,1009,3.239947
31/01/2022,1010,3.239693
31/01/2022,1011,3.239439
31/01/2022,1012,3.239186
31/01/2022,1013,3.238932
31/01/2022,1014,3.238678
31/01/2022,1015,3.238425
31/01/2022,1016,3.238171
31/01/2022,1017,3.237917
31/01/2022,1018,3.237664
31/01/2022,1019,3.23741
31/01/2022,1020,3.237156
31/01/2022,1021,3.236903
31/01/2022,1022,3.236649
31/01/2022,1023,3.236395
31/01/2022,1024,3.236142
31/01/2022,1025,3.235888
31/01/2022,1026,3.235634
31/01/2022,1027,3.235381
31/01/2022,1028,3.235127
31/01/2022,1029,3.234873
31/01/2022,1030,3.234619
31/01/2022,1031,3.234366
31/01/2022,1032,3.234112
31/01/2022,1033,3.233858
31/01/2022,1034,3.233605
31/01/2022,1035,3.233351
31/01/2022,1036,3.233097
31/01/2022,1037,3.232844
31/01/2022,1038,3.23259
31/01/2022,1039,3.232336
31/01/2022,1040,3.232083
31/01/2022,1041,3.231829
31/01/2022,1042,3.231575
31/01/2022,1043,3.231322
31/01/2022,1044,3.231068
31/01/2022,1045,3.230814
31/01/2022,1046,3.230561
31/01/2022,1047,3.230307
31/01/2022,1048,3.230053
31/01/2022,1049,3.2298
31/01/2022,1050,3.229546
31/01/2022,1051,3.229292
31/01/2022,1052,3.229039
31/01/2022,1053,3.228785
31/01/2022,1054,3.228531
31/01/2022,1055,3.228278
31/01/2022,1056,3.228024
31/01/2022,1057,3.22777
31/01/2022,1058,3.227517
31/01/2022,1059,3.227263
31/01/2022,1060,3.227009
31/01/2022,1061,3.226756
31/01/2022,1062,3.226502
31/01/2022,1063,3.226248
31/01/2022,1064,3.225995
31/01/2022,1065,3.225741
31/01/2022,1066,3.225487
31/01/2022,1067,3.225234
31/01/2022,1068,3.22498
31/01/2022,1069,3.224726
31/01/2022,1070,3.224473
31/01/2022,1071,3.224219
31/01/2022,1072,3.223965
31/01/2022,1073,3.223712
31/01/2022,1074,3.223458
31/01/2022,1075,3.223204
31/01/2022,1076,3.222951
31/01/2022,1077,3.222697
31/01/2022,1078,3.222443
31/01/2022,1079,3.22219
31/01/2022,1080,3.221936
31/01/2022,1081,3.221682
31/01/2022,1082,3.221429
31/01/2022,1083,3.221175
31/01/2022,1084,3.220921
31/01/2022,1085,3.220668
31/01/2022,1086,3.220414
31/01/2022,1087,3.22016
31/01/2022,1088,3.219907
31/01/2022,1089,3.219653
31/01/2022,1090,3.219399
31/01/2022,1091,3.219146
31/01/2022,1092,3.218892
31/01/2022,1093,3.218638
31/01/2022,1094,3.218385
31/01/2022,1095,3.218131
31/01/2022,1096,3.217877
31/01/2022,1097,3.217623
31/01/2022,1098,3.21737
31/01/2022,1099,3.217116
31/01/2022,1100,3.216862
31/01/2022,1101,3.216609
31/01/2022,1102,3.216355
31/01/2022,1103,3.216101
31/01/2022,1104,3.215848
31/01/2022,1105,3.215594
31/01/2022,1106,3.21534
31/01/2022,1107,3.215087
31/01/2022,1108,3.214833
31/01/2022,1109,3.214579
31/01/2022,1110,3.214326
31/01/2022,1111,3.214072
31/01/2022,1112,3.213818
31/01/2022,1113,3.213565
31/01/2022,1114,3.213311
31/01/2022,1115,3.213057
31/01/2022,1116,3.212804
31/01/2022,1117,3.21255
31/01/2022,1118,3.212296
31/01/2022,1119,3.212043
31/01/2022,1120,3.211789
31/01/2022,1121,3.211535
31/01/2022,1122,3.211282
31/01/2022,1123,3.211028
31/01/2022,1124,3.210774
31/01/2022,1125,3.210521
31/01/2022,1126,3.210267
31/01/2022,1127,3.210013
31/01/2022,1128,3.20976
31/01/2022,1129,3.209506
31/01/2022,1130,3.209252
31/01/2022,1131,3.208999
31/01/2022,1132,3.208745
31/01/2022,1133,3.208491
31/01/2022,1134,3.208238
31/01/2022,1135,3.207984
31/01/2022,1136,3.20773
31/01/2022,1137,3.207477
31/01/2022,1138,3.207223
31/01/2022,1139,3.206969
31/01/2022,1140,3.206716
31/01/2022,1141,3.206462
31/01/2022,1142,3.206208
31/01/2022,1143,3.205955
31/01/2022,1144,3.205701
31/01/2022,1145,3.205447
31/01/2022,1146,3.205194
31/01/2022,1147,3.20494
31/01/2022,1148,3.204686
31/01/2022,1149,3.204433
31/01/2022,1150,3.204179
31/01/2022,1151,3.203925
31/01/2022,1152,3.203672
31/01/2022,1153,3.203418
31/01/2022,1154,3.203164
31/01/2022,1155,3.202911
31/01/2022,1156,3.202657
31/01/2022,1157,3.202403
31/01/2022,1158,3.20215
31/01/2022,1159,3.201896
31/01/2022,1160,3.201642
31/01/2022,1161,3.201389
31/01/2022,1162,3.201135
31/01/2022,1163,3.200881
31/01/2022,1164,3.200628
31/01/2022,1165,3.200374
31/01/2022,1166,3.20012
31/01/2022,1167,3.199866
31/01/2022,1168,3.199613
31/01/2022,1169,3.199359
31/01/2022,1170,3.199105
31/01/2022,1171,3.198852
31/01/2022,1172,3.198598
31/01/2022,1173,3.198344
31/01/2022,1174,3.198091
31/01/2022,1175,3.197837
31/01/2022,1176,3.197583
31/01/2022,1177,3.19733
31/01/2022,1178,3.197076
31/01/2022,1179,3.196822
31/01/2022,1180,3.196569
31/01/2022,1181,3.196315
31/01/2022,1182,3.196061
31/01/2022,1183,3.195808
31/01/2022,1184,3.195554
31/01/2022,1185,3.1953
31/01/2022,1186,3.195047
31/01/2022,1187,3.194793
31/01/2022,1188,3.194539
31/01/2022,1189,3.194286
31/01/2022,1190,3.194032
31/01/2022,1191,3.193778
31/01/2022,1192,3.193525
31/01/2022,1193,3.193271
31/01/2022,1194,3.193017
31/01/2022,1195,3.192764
31/01/2022,1196,3.19251
31/01/2022,1197,3.192256
31/01/2022,1198,3.192003
31/01/2022,1199,3.191749
31/01/2022,1200,3.191495
31/01/2022,1201,3.191242
31/01/2022,1202,3.190988
31/01/2022,1203,3.190734
31/01/2022,1204,3.190481
31/01/2022,1205,3.190227
31/01/2022,1206,3.189973
31/01/2022,1207,3.18972
31/01/2022,1208,3.189466
31/01/2022,1209,3.189212
31/01/2022,1210,3.188959
31/01/2022,1211,3.188705
31/01/2022,1212,3.188451
31/01/2022,1213,3.188198
31/01/2022,1214,3.187944
31/01/2022,1215,3.18769
31/01/2022,1216,3.187437
31/01/2022,1217,3.187183
31/01/2022,1218,3.186929
31/01/2022,1219,3.186676
31/01/2022,1220,3.186422
31/01/2022,1221,3.186168
31/01/2022,1222,3.185915
31/01/2022,1223,3.185661
31/01/2022,1224,3.185407
31/01/2022,1225,3.185154
31/01/2022,1226,3.1849
31/01/2022,1227,3.184646
31/01/2022,1228,3.184393
31/01/2022,1229,3.184139
31/01/2022,1230,3.183885
31/01/2022,1231,3.183632
31/01/2022,1232,3.183378
31/01/2022,1233,3.183124
31/01/2022,1234,3.18287
31/01/2022,1235,3.182617
31/01/2022,1236,3.182363
31/01/2022,1237,3.182109
31/01/2022,1238,3.181856
31/01/2022,1239,3.181602
31/01/2022,1240,3.181348
31/01/2022,1241,3.181095
31/01/2022,1242,3.180841
31/01/2022,1243,3.180587
31/01/2022,1244,3.180334
31/01/2022,1245,3.18008
31/01/2022,1246,3.179826
31/01/2022,1247,3.179573
31/01/2022,1248,3.179319
31/01/2022,1249,3.179065
31/01/2022,1250,3.178812
31/01/2022,1251,3.178558
31/01/2022,1252,3.178304
31/01/2022,1253,3.178051
31/01/2022,1254,3.177797
31/01/2022,1255,3.177543
31/01/2022,1256,3.17729
31/01/2022,1257,3.177036
31/01/2022,1258,3.176782
31/01/2022,1259,3.176529
31/01/2022,1260,3.176275
31/01/2022,1261,3.176021
31/01/2022,1262,3.175768
31/01/2022,1263,3.175514
31/01/2022,1264,3.17526
31/01/2022,1265,3.175007
31/01/2022,1266,3.174753
31/01/2022,1267,3.174499
31/01/2022,1268,3.174246
31/01/2022,1269,3.173992
31/01/2022,1270,3.173738
31/01/2022,1271,3.173485
31/01/2022,1272,3.173231
31/01/2022,1273,3.172977
31/01/2022,1274,3.172724
31/01/2022,1275,3.17247
31/01/2022,1276,3.172216
31/01/2022,1277,3.171963
31/01/2022,1278,3.171709
31/01/2022,1279,3.171455
31/01/2022,1280,3.171202
31/01/2022,1281,3.170948
31/01/2022,1282,3.170694
31/01/2022,1283,3.170441
31/01/2022,1284,3.170187
31/01/2022,1285,3.169933
31/01/2022,1286,3.16968
31/01/2022,1287,3.169426
31/01/2022,1288,3.169172
31/01/2022,1289,3.168919
31/01/2022,1290,3.168665
31/01/2022,1291,3.168411
31/01/2022,1292,3.168158
31/01/2022,1293,3.167904
31/01/2022,1294,3.16765
31/01/2022,1295,3.167397
31/01/2022,1296,3.167143
31/01/2022,1297,3.166889
31/01/2022,1298,3.166636
31/01/2022,1299,3.166382
31/01/2022,1300,3.166128
31/01/2022,1301,3.165874
31/01/2022,1302,3.165621
31/01/2022,1303,3.165367
31/01/2022,1304,3.165113
31/01/2022,1305,3.16486
31/01/2022,1306,3.164606
31/01/2022,1307,3.164352
31/01/2022,1308,3.164099
31/01/2022,1309,3.163845
31/01/2022,1310,3.163591
31/01/2022,1311,3.163338
31/01/2022,1312,3.163084
31/01/2022,1313,3.16283
31/01/2022,1314,3.162577
31/01/2022,1315,3.162323
31/01/2022,1316,3.162069
31/01/2022,1317,3.161816
31/01/2022,1318,3.161562
31/01/2022,1319,3.161308
31/01/2022,1320,3.161055
31/01/2022,1321,3.160801
31/01/2022,1322,3.160547
31/01/2022,1323,3.160294
31/01/2022,1324,3.16004
31/01/2022,1325,3.159786
31/01/2022,1326,3.159533
31/01/2022,1327,3.159279
31/01/2022,1328,3.159025
31/01/2022,1329,3.158772
31/01/2022,1330,3.158518
31/01/2022,1331,3.158264
31/01/2022,1332,3.158011
31/01/2022,1333,3.157757
31/01/2022,1334,3.157503
31/01/2022,1335,3.15725
31/01/2022,1336,3.156996
31/01/2022,1337,3.156742
31/01/2022,1338,3.156489
31/01/2022,1339,3.156235
31/01/2022,1340,3.155981
31/01/2022,1341,3.155728
31/01/2022,1342,3.155474
31/01/2022,1343,3.15522
31/01/2022,1344,3.154967
31/01/2022,1345,3.154713
31/01/2022,1346,3.154459
31/01/2022,1347,3.154206
31/01/2022,1348,3.153952
31/01/2022,1349,3.153698
31/01/2022,1350,3.153445
31/01/2022,1351,3.153191
31/01/2022,1352,3.152937
31/01/2022,1353,3.152684
31/01/2022,1354,3.15243
31/01/2022,1355,3.152176
31/01/2022,1356,3.151923
31/01/2022,1357,3.151669
31/01/2022,1358,3.151415
31/01/2022,1359,3.151162
31/01/2022,1360,3.150908
31/01/2022,1361,3.150654
31/01/2022,1362,3.150401
31/01/2022,1363,3.150147
31/01/2022,1364,3.149893
31/01/2022,1365,3.14964
31/01/2022,1366,3.149386
31/01/2022,1367,3.149132
31/01/2022,1368,3.148879
31/01/2022,1369,3.148625
31/01/2022,1370,3.148371
31/01/2022,1371,3.148117
31/01/2022,1372,3.147864
31/01/2022,1373,3.14761
31/01/2022,1374,3.147356
31/01/2022,1375,3.147103
31/01/2022,1376,3.146849
31/01/2022,1377,3.146595
31/01/2022,1378,3.146342
31/01/2022,1379,3.146088
31/01/2022,1380,3.145834
31/01/2022,1381,3.145581
31/01/2022,1382,3.145327
31/01/2022,1383,3.145073
31/01/2022,1384,3.14482
31/01/2022,1385,3.144566
31/01/2022,1386,3.144312
31/01/2022,1387,3.144059
31/01/2022,1388,3.143805
31/01/2022,1389,3.143551
31/01/2022,1390,3.143298
31/01/2022,1391,3.143044
31/01/2022,1392,3.14279
31/01/2022,1393,3.142537
31/01/2022,1394,3.142283
31/01/2022,1395,3.142029
31/01/2022,1396,3.141776
31/01/2022,1397,3.141522
31/01/2022,1398,3.141268
31/01/2022,1399,3.141015
31/01/2022,1400,3.140761
31/01/2022,1401,3.140507
31/01/2022,1402,3.140254
31/01/2022,1403,3.14
31/01/2022,1404,3.140137
31/01/2022,1405,3.140275
31/01/2022,1406,3.140412
31/01/2022,1407,3.140549
31/01/2022,1408,3.140687
31/01/2022,1409,3.140824
31/01/2022,1410,3.140962
31/01/2022,1411,3.141099
31/01/2022,1412,3.141236
31/01/2022,1413,3.141374
31/01/2022,1414,3.141511
31/01/2022,1415,3.141648
31/01/2022,1416,3.141786
31/01/2022,1417,3.141923
31/01/2022,1418,3.14206
31/01/2022,1419,3.142198
31/01/2022,1420,3.142335
31/01/2022,1421,3.142473
31/01/2022,1422,3.14261
31/01/2022,1423,3.142747
31/01/2022,1424,3.142885
31/01/2022,1425,3.143022
31/01/2022,1426,3.143159
31/01/2022,1427,3.143297
31/01/2022,1428,3.143434
31/01/2022,1429,3.143571
31/01/2022,1430,3.143709
31/01/2022,1431,3.143846
31/01/2022,1432,3.143984
31/01/2022,1433,3.144121
31/01/2022,1434,3.144258
31/01/2022,1435,3.144396
31/01/2022,1436,3.144533
31/01/2022,1437,3.14467
31/01/2022,1438,3.144808
31/01/2022,1439,3.144945
31/01/2022,1440,3.145082
31/01/2022,1441,3.14522
31/01/2022,1442,3.145357
31/01/2022,1443,3.145495
31/01/2022,1444,3.145632
31/01/2022,1445,3.145769
31/01/2022,1446,3.145907
31/01/2022,1447,3.146044
31/01/2022,1448,3.146181
31/01/2022,1449,3.146319
31/01/2022,1450,3.146456
31/01/2022,1451,3.146593
31/01/2022,1452,3.146731
31/01/2022,1453,3.146868
31/01/2022,1454,3.147005
31/01/2022,1455,3.147143
31/01/2022,1456,3.14728
31/01/2022,1457,3.147418
31/01/2022,1458,3.147555
31/01/2022,1459,3.147692
31/01/2022,1460,3.14783
31/01/2022,1461,3.147967
31/01/2022,1462,3.148104
31/01/2022,1463,3.148242
31/01/2022,1464,3.148379
31/01/2022,1465,3.148516
31/01/2022,1466,3.148654
31/01/2022,1467,3.148791
31/01/2022,1468,3.148929
31/01/2022,1469,3.149066
31/01/2022,1470,3.149203
31/01/2022,1471,3.149341
31/01/2022,1472,3.149478
31/01/2022,1473,3.149615
31/01/2022,1474,3.149753
31/01/2022,1475,3.14989
31/01/2022,1476,3.150027
31/01/2022,1477,3.150165
31/01/2022,1478,3.150302
31/01/2022,1479,3.15044
31/01/2022,1480,3.150577
31/01/2022,1481,3.150714
31/01/2022,1482,3.150852
31/01/2022,1483,3.150989
31/01/2022,1484,3.151126
31/01/2022,1485,3.151264
31/01/2022,1486,3.151401
31/01/2022,1487,3.151538
31/01/2022,1488,3.151676
31/01/2022,1489,3.151813
31/01/2022,1490,3.151951
31/01/2022,1491,3.152088
31/01/2022,1492,3.152225
31/01/2022,1493,3.152363
31/01/2022,1494,3.1525
31/01/2022,1495,3.152637
31/01/2022,1496,3.152775
31/01/2022,1497,3.152912
31/01/2022,1498,3.153049
31/01/2022,1499,3.153187
31/01/2022,1500,3.153324
31/01/2022,1501,3.153462
31/01/2022,1502,3.153599
31/01/2022,1503,3.153736
31/01/2022,1504,3.153874
31/01/2022,1505,3.154011
31/01/2022,1506,3.154148
31/01/2022,1507,3.154286
31/01/2022,1508,3.154423
31/01/2022,1509,3.15456
31/01/2022,1510,3.154698
31/01/2022,1511,3.154835
31/01/2022,1512,3.154973
31/01/2022,1513,3.15511
31/01/2022,1514,3.155247
31/01/2022,1515,3.155385
31/01/2022,1516,3.155522
31/01/2022,1517,3.155659
31/01/2022,1518,3.155797
31/01/2022,1519,3.155934
31/01/2022,1520,3.156071
31/01/2022,1521,3.156209
31/01/2022,1522,3.156346
31/01/2022,1523,3.156484
31/01/2022,1524,3.156621
31/01/2022,1525,3.156758
31/01/2022,1526,3.156896
31/01/2022,1527,3.157033
31/01/2022,1528,3.15717
31/01/2022,1529,3.157308
31/01/2022,1530,3.157445
31/01/2022,1531,3.157582
31/01/2022,1532,3.15772
31/01/2022,1533,3.157857
31/01/2022,1534,3.157995
31/01/2022,1535,3.158132
31/01/2022,1536,3.158269
31/01/2022,1537,3.158407
31/01/2022,1538,3.158544
31/01/2022,1539,3.158681
31/01/2022,1540,3.158819
31/01/2022,1541,3.158956
31/01/2022,1542,3.159093
31/01/2022,1543,3.159231
31/01/2022,1544,3.159368
31/01/2022,1545,3.159505
31/01/2022,1546,3.159643
31/01/2022,1547,3.15978
31/01/2022,1548,3.159918
31/01/2022,1549,3.160055
31/01/2022,1550,3.160192
31/01/2022,1551,3.16033
31/01/2022,1552,3.160467
31/01/2022,1553,3.160604
31/01/2022,1554,3.160742
31/01/2022,1555,3.160879
31/01/2022,1556,3.161016
31/01/2022,1557,3.161154
31/01/2022,1558,3.161291
31/01/2022,1559,3.161429
31/01/2022,1560,3.161566
31/01/2022,1561,3.161703
31/01/2022,1562,3.161841
31/01/2022,1563,3.161978
31/01/2022,1564,3.162115
31/01/2022,1565,3.162253
31/01/2022,1566,3.16239
31/01/2022,1567,3.162527
31/01/2022,1568,3.162665
31/01/2022,1569,3.162802
31/01/2022,1570,3.16294
31/01/2022,1571,3.163077
31/01/2022,1572,3.163214
31/01/2022,1573,3.163352
31/01/2022,1574,3.163489
31/01/2022,1575,3.163626
31/01/2022,1576,3.163764
31/01/2022,1577,3.163901
31/01/2022,1578,3.164038
31/01/2022,1579,3.164176
31/01/2022,1580,3.164313
31/01/2022,1581,3.164451
31/01/2022,1582,3.164588
31/01/2022,1583,3.164725
31/01/2022,1584,3.164863
31/01/2022,1585,3.165
31/01/2022,1586,3.165137
31/01/2022,1587,3.165275
31/01/2022,1588,3.165412
31/01/2022,1589,3.165549
31/01/2022,1590,3.165687
31/01/2022,1591,3.165824
31/01/2022,1592,3.165962
31/01/2022,1593,3.166099
31/01/2022,1594,3.166236
31/01/2022,1595,3.166374
31/01/2022,1596,3.166511
31/01/2022,1597,3.166648
31/01/2022,1598,3.166786
31/01/2022,1599,3.166923
31/01/2022,1600,3.16706
31/01/2022,1601,3.167198
31/01/2022,1602,3.167335
31/01/2022,1603,3.167473
31/01/2022,1604,3.16761
31/01/2022,1605,3.167747
31/01/2022,1606,3.167885
31/01/2022,1607,3.168022
31/01/2022,1608,3.168159
31/01/2022,1609,3.168297
31/01/2022,1610,3.168434
31/01/2022,1611,3.168571
31/01/2022,1612,3.168709
31/01/2022,1613,3.168846
31/01/2022,1614,3.168984
31/01/2022,1615,3.169121
31/01/2022,1616,3.169258
31/01/2022,1617,3.169396
31/01/2022,1618,3.169533
31/01/2022,1619,3.16967
31/01/2022,1620,3.169808
31/01/2022,1621,3.169945
31/01/2022,1622,3.170082
31/01/2022,1623,3.17022
31/01/2022,1624,3.170357
31/01/2022,1625,3.170495
31/01/2022,1626,3.170632
31/01/2022,1627,3.170769
31/01/2022,1628,3.170907
31/01/2022,1629,3.171044
31/01/2022,1630,3.171181
31/01/2022,1631,3.171319
31/01/2022,1632,3.171456
31/01/2022,1633,3.171593
31/01/2022,1634,3.171731
31/01/2022,1635,3.171868
31/01/2022,1636,3.172005
31/01/2022,1637,3.172143
31/01/2022,1638,3.17228
31/01/2022,1639,3.172418
31/01/2022,1640,3.172555
31/01/2022,1641,3.172692
31/01/2022,1642,3.17283
31/01/2022,1643,3.172967
31/01/2022,1644,3.173104
31/01/2022,1645,3.173242
31/01/2022,1646,3.173379
31/01/2022,1647,3.173516
31/01/2022,1648,3.173654
31/01/2022,1649,3.173791
31/01/2022,1650,3.173929
31/01/2022,1651,3.174066
31/01/2022,1652,3.174203
31/01/2022,1653,3.174341
31/01/2022,1654,3.174478
31/01/2022,1655,3.174615
31/01/2022,1656,3.174753
31/01/2022,1657,3.17489
31/01/2022,1658,3.175027
31/01/2022,1659,3.175165
31/01/2022,1660,3.175302
31/01/2022,1661,3.17544
31/01/2022,1662,3.175577
31/01/2022,1663,3.175714
31/01/2022,1664,3.175852
31/01/2022,1665,3.175989
31/01/2022,1666,3.176126
31/01/2022,1667,3.176264
31/01/2022,1668,3.176401
31/01/2022,1669,3.176538
31/01/2022,1670,3.176676
31/01/2022,1671,3.176813
31/01/2022,1672,3.176951
31/01/2022,1673,3.177088
31/01/2022,1674,3.177225
31/01/2022,1675,3.177363
31/01/2022,1676,3.1775
31/01/2022,1677,3.177637
31/01/2022,1678,3.177775
31/01/2022,1679,3.177912
31/01/2022,1680,3.178049
31/01/2022,1681,3.178187
31/01/2022,1682,3.178324
31/01/2022,1683,3.178462
31/01/2022,1684,3.178599
31/01/2022,1685,3.178736
31/01/2022,1686,3.178874
31/01/2022,1687,3.179011
31/01/2022,1688,3.179148
31/01/2022,1689,3.179286
31/01/2022,1690,3.179423
31/01/2022,1691,3.17956
31/01/2022,1692,3.179698
31/01/2022,1693,3.179835
31/01/2022,1694,3.179973
31/01/2022,1695,3.18011
31/01/2022,1696,3.180247
31/01/2022,1697,3.180385
31/01/2022,1698,3.180522
31/01/2022,1699,3.180659
31/01/2022,1700,3.180797
31/01/2022,1701,3.180934
31/01/2022,1702,3.181071
31/01/2022,1703,3.181209
31/01/2022,1704,3.181346
31/01/2022,1705,3.181484
31/01/2022,1706,3.181621
31/01/2022,1707,3.181758
31/01/2022,1708,3.181896
31/01/2022,1709,3.182033
31/01/2022,1710,3.18217
31/01/2022,1711,3.182308
31/01/2022,1712,3.182445
31/01/2022,1713,3.182582
31/01/2022,1714,3.18272
31/01/2022,1715,3.182857
31/01/2022,1716,3.182995
31/01/2022,1717,3.183132
31/01/2022,1718,3.183269
31/01/2022,1719,3.183407
31/01/2022,1720,3.183544
31/01/2022,1721,3.183681
31/01/2022,1722,3.183819
31/01/2022,1723,3.183956
31/01/2022,1724,3.184093
31/01/2022,1725,3.184231
31/01/2022,1726,3.184368
31/01/2022,1727,3.184505
31/01/2022,1728,3.184643
31/01/2022,1729,3.18478
31/01/2022,1730,3.184918
31/01/2022,1731,3.185055
31/01/2022,1732,3.185192
31/01/2022,1733,3.18533
31/01/2022,1734,3.185467
31/01/2022,1735,3.185604
31/01/2022,1736,3.185742
31/01/2022,1737,3.185879
31/01/2022,1738,3.186016
31/01/2022,1739,3.186154
31/01/2022,1740,3.186291
31/01/2022,1741,3.186429
31/01/2022,1742,3.186566
31/01/2022,1743,3.186703
31/01/2022,1744,3.186841
31/01/2022,1745,3.186978
31/01/2022,1746,3.187115
31/01/2022,1747,3.187253
31/01/2022,1748,3.18739
31/01/2022,1749,3.187527
31/01/2022,1750,3.187665
31/01/2022,1751,3.187802
31/01/2022,1752,3.18794
31/01/2022,1753,3.188077
31/01/2022,1754,3.188214
31/01/2022,1755,3.188352
31/01/2022,1756,3.188489
31/01/2022,1757,3.188626
31/01/2022,1758,3.188764
31/01/2022,1759,3.188901
31/01/2022,1760,3.189038
31/01/2022,1761,3.189176
31/01/2022,1762,3.189313
31/01/2022,1763,3.189451
31/01/2022,1764,3.189588
31/01/2022,1765,3.189725
31/01/2022,1766,3.189863
31/01/2022,1767,3.19
31/01/2022,1768,3.190137
31/01/2022,1769,3.190275
31/01/2022,1770,3.190412
31/01/2022,1771,3.190549
31/01/2022,1772,3.190687
31/01/2022,1773,3.190824
31/01/2022,1774,3.190962
31/01/2022,1775,3.191099
31/01/2022,1776,3.191236
31/01/2022,1777,3.191374
31/01/2022,1778,3.191511
31/01/2022,1779,3.191648
31/01/2022,1780,3.191786
31/01/2022,1781,3.191923
31/01/2022,1782,3.19206
31/01/2022,1783,3.192198
31/01/2022,1784,3.192335
31/01/2022,1785,3.192473
31/01/2022,1786,3.19261
31/01/2022,1787,3.192747
31/01/2022,1788,3.192885
31/01/2022,1789,3.193022
31/01/2022,1790,3.193159
31/01/2022,1791,3.193297
31/01/2022,1792,3.193434
31/01/2022,1793,3.193571
31/01/2022,1794,3.193709
31/01/2022,1795,3.193846
31/01/2022,1796,3.193984
31/01/2022,1797,3.194121
31/01/2022,1798,3.194258
31/01/2022,1799,3.194396
31/01/2022,1800,3.194533
31/01/2022,1801,3.19467
31/01/2022,1802,3.194808
31/01/2022,1803,3.194945
31/01/2022,1804,3.195082
31/01/2022,1805,3.19522
31/01/2022,1806,3.195357
31/01/2022,1807,3.195495
31/01/2022,1808,3.195632
31/01/2022,1809,3.195769
31/01/2022,1810,3.195907
31/01/2022,1811,3.196044
31/01/2022,1812,3.196181
31/01/2022,1813,3.196319
31/01/2022,1814,3.196456
31/01/2022,1815,3.196593
31/01/2022,1816,3.196731
31/01/2022,1817,3.196868
31/01/2022,1818,3.197005
31/01/2022,1819,3.197143
31/01/2022,1820,3.19728
31/01/2022,1821,3.197418
31/01/2022,1822,3.197555
31/01/2022,1823,3.197692
31/01/2022,1824,3.19783
31/01/2022,1825,3.197967
31/01/2022,1826,3.198104
31/01/2022,1827,3.198242
31/01/2022,1828,3.198379
31/01/2022,1829,3.198516
31/01/2022,1830,3.198654
31/01/2022,1831,3.198791
31/01/2022,1832,3.198929
31/01/2022,1833,3.199066
31/01/2022,1834,3.199203
31/01/2022,1835,3.199341
31/01/2022,1836,3.199478
31/01/2022,1837,3.199615
31/01/2022,1838,3.199753
31/01/2022,1839,3.19989
31/01/2022,1840,3.200027
31/01/2022,1841,3.200165
31/01/2022,1842,3.200302
31/01/2022,1843,3.20044
31/01/2022,1844,3.200577
31/01/2022,1845,3.200714
31/01/2022,1846,3.200852
31/01/2022,1847,3.200989
31/01/2022,1848,3.201126
31/01/2022,1849,3.201264
31/01/2022,1850,3.201401
31/01/2022,1851,3.201538
31/01/2022,1852,3.201676
31/01/2022,1853,3.201813
31/01/2022,1854,3.201951
31/01/2022,1855,3.202088
31/01/2022,1856,3.202225
31/01/2022,1857,3.202363
31/01/2022,1858,3.2025
31/01/2022,1859,3.202637
31/01/2022,1860,3.202775
31/01/2022,1861,3.202912
31/01/2022,1862,3.203049
31/01/2022,1863,3.203187
31/01/2022,1864,3.203324
31/01/2022,1865,3.203462
31/01/2022,1866,3.203599
31/01/2022,1867,3.203736
31/01/2022,1868,3.203874
31/01/2022,1869,3.204011
31/01/2022,1870,3.204148
31/01/2022,1871,3.204286
31/01/2022,1872,3.204423
31/01/2022,1873,3.20456
31/01/2022,1874,3.204698
31/01/2022,1875,3.204835
31/01/2022,1876,3.204973
31/01/2022,1877,3.20511
31/01/2022,1878,3.205247
31/01/2022,1879,3.205385
31/01/2022,1880,3.205522
31/01/2022,1881,3.205659
31/01/2022,1882,3.205797
31/01/2022,1883,3.205934
31/01/2022,1884,3.206071
31/01/2022,1885,3.206209
31/01/2022,1886,3.206346
31/01/2022,1887,3.206484
31/01/2022,1888,3.206621
31/01/2022,1889,3.206758
31/01/2022,1890,3.206896
31/01/2022,1891,3.207033
31/01/2022,1892,3.20717
31/01/2022,1893,3.207308
31/01/2022,1894,3.207445
31/01/2022,1895,3.207582
31/01/2022,1896,3.20772
31/01/2022,1897,3.207857
31/01/2022,1898,3.207995
31/01/2022,1899,3.208132
31/01/2022,1900,3.208269
31/01/2022,1901,3.208407
31/01/2022,1902,3.208544
31/01/2022,1903,3.208681
31/01/2022,1904,3.208819
31/01/2022,1905,3.208956
31/01/2022,1906,3.209093
31/01/2022,1907,3.209231
31/01/2022,1908,3.209368
31/01/2022,1909,3.209505
31/01/2022,1910,3.209643
31/01/2022,1911,3.20978
31/01/2022,1912,3.209918
31/01/2022,1913,3.210055
31/01/2022,1914,3.210192
31/01/2022,1915,3.21033
31/01/2022,1916,3.210467
31/01/2022,1917,3.210604
31/01/2022,1918,3.210742
31/01/2022,1919,3.210879
31/01/2022,1920,3.211016
31/01/2022,1921,3.211154
31/01/2022,1922,3.211291
31/01/2022,1923,3.211429
31/01/2022,1924,3.211566
31/01/2022,1925,3.211703
31/01/2022,1926,3.211841
31/01/2022,1927,3.211978
31/01/2022,1928,3.212115
31/01/2022,1929,3.212253
31/01/2022,1930,3.21239
31/01/2022,1931,3.212527
31/01/2022,1932,3.212665
31/01/2022,1933,3.212802
31/01/2022,1934,3.21294
31/01/2022,1935,3.213077
31/01/2022,1936,3.213214
31/01/2022,1937,3.213352
31/01/2022,1938,3.213489
31/01/2022,1939,3.213626
31/01/2022,1940,3.213764
31/01/2022,1941,3.213901
31/01/2022,1942,3.214038
31/01/2022,1943,3.214176
31/01/2022,1944,3.214313
31/01/2022,1945,3.214451
31/01/2022,1946,3.214588
31/01/2022,1947,3.214725
31/01/2022,1948,3.214863
31/01/2022,1949,3.215
31/01/2022,1950,3.215137
31/01/2022,1951,3.215275
31/01/2022,1952,3.215412
31/01/2022,1953,3.215549
31/01/2022,1954,3.215687
31/01/2022,1955,3.215824
31/01/2022,1956,3.215962
31/01/2022,1957,3.216099
31/01/2022,1958,3.216236
31/01/2022,1959,3.216374
31/01/2022,1960,3.216511
31/01/2022,1961,3.216648
31/01/2022,1962,3.216786
31/01/2022,1963,3.216923
31/01/2022,1964,3.21706
31/01/2022,1965,3.217198
31/01/2022,1966,3.217335
31/01/2022,1967,3.217473
31/01/2022,1968,3.21761
31/01/2022,1969,3.217747
31/01/2022,1970,3.217885
31/01/2022,1971,3.218022
31/01/2022,1972,3.218159
31/01/2022,1973,3.218297
31/01/2022,1974,3.218434
31/01/2022,1975,3.218571
31/01/2022,1976,3.218709
31/01/2022,1977,3.218846
31/01/2022,1978,3.218984
31/01/2022,1979,3.219121
31/01/2022,1980,3.219258
31/01/2022,1981,3.219396
31/01/2022,1982,3.219533
31/01/2022,1983,3.21967
31/01/2022,1984,3.219808
31/01/2022,1985,3.219945
31/01/2022,1986,3.220082
31/01/2022,1987,3.22022
31/01/2022,1988,3.220357
31/01/2022,1989,3.220495
31/01/2022,1990,3.220632
31/01/2022,1991,3.220769
31/01/2022,1992,3.220907
31/01/2022,1993,3.221044
31/01/2022,1994,3.221181
31/01/2022,1995,3.221319
31/01/2022,1996,3.221456
31/01/2022,1997,3.221593
31/01/2022,1998,3.221731
31/01/2022,1999,3.221868
31/01/2022,2000,3.222005
31/01/2022,2001,3.222143
31/01/2022,2002,3.22228
31/01/2022,2003,3.222418
31/01/2022,2004,3.222555
31/01/2022,2005,3.222692
31/01/2022,2006,3.22283
31/01/2022,2007,3.222967
31/01/2022,2008,3.223104
31/01/2022,2009,3.223242
31/01/2022,2010,3.223379
31/01/2022,2011,3.223516
31/01/2022,2012,3.223654
31/01/2022,2013,3.223791
31/01/2022,2014,3.223929
31/01/2022,2015,3.224066
31/01/2022,2016,3.224203
31/01/2022,2017,3.224341
31/01/2022,2018,3.224478
31/01/2022,2019,3.224615
31/01/2022,2020,3.224753
31/01/2022,2021,3.22489
31/01/2022,2022,3.225027
31/01/2022,2023,3.225165
31/01/2022,2024,3.225302
31/01/2022,2025,3.22544
31/01/2022,2026,3.225577
31/01/2022,2027,3.225714
31/01/2022,2028,3.225852
31/01/2022,2029,3.225989
31/01/2022,2030,3.226126
31/01/2022,2031,3.226264
31/01/2022,2032,3.226401
31/01/2022,2033,3.226538
31/01/2022,2034,3.226676
31/01/2022,2035,3.226813
31/01/2022,2036,3.226951
31/01/2022,2037,3.227088
31/01/2022,2038,3.227225
31/01/2022,2039,3.227363
31/01/2022,2040,3.2275
31/01/2022,2041,3.227637
31/01/2022,2042,3.227775
31/01/2022,2043,3.227912
31/01/2022,2044,3.228049
31/01/2022,2045,3.228187
31/01/2022,2046,3.228324
31/01/2022,2047,3.228462
31/01/2022,2048,3.228599
31/01/2022,2049,3.228736
31/01/2022,2050,3.228874
31/01/2022,2051,3.229011
31/01/2022,2052,3.229148
31/01/2022,2053,3.229286
31/01/2022,2054,3.229423
31/01/2022,2055,3.22956
31/01/2022,2056,3.229698
31/01/2022,2057,3.229835
31/01/2022,2058,3.229973
31/01/2022,2059,3.23011
31/01/2022,2060,3.230247
31/01/2022,2061,3.230385
31/01/2022,2062,3.230522
31/01/2022,2063,3.230659
31/01/2022,2064,3.230797
31/01/2022,2065,3.230934
31/01/2022,2066,3.231071
31/01/2022,2067,3.231209
31/01/2022,2068,3.231346
31/01/2022,2069,3.231484
31/01/2022,2070,3.231621
31/01/2022,2071,3.231758
31/01/2022,2072,3.231896
31/01/2022,2073,3.232033
31/01/2022,2074,3.23217
31/01/2022,2075,3.232308
31/01/2022,2076,3.232445
31/01/2022,2077,3.232582
31/01/2022,2078,3.23272
31/01/2022,2079,3.232857
31/01/2022,2080,3.232995
31/01/2022,2081,3.233132
31/01/2022,2082,3.233269
31/01/2022,2083,3.233407
31/01/2022,2084,3.233544
31/01/2022,2085,3.233681
31/01/2022,2086,3.233819
31/01/2022,2087,3.233956
31/01/2022,2088,3.234093
31/01/2022,2089,3.234231
31/01/2022,2090,3.234368
31/01/2022,2091,3.234505
31/01/2022,2092,3.234643
31/01/2022,2093,3.23478
31/01/2022,2094,3.234918
31/01/2022,2095,3.235055
31/01/2022,2096,3.235192
31/01/2022,2097,3.23533
31/01/2022,2098,3.235467
31/01/2022,2099,3.235604
31/01/2022,2100,3.235742
31/01/2022,2101,3.235879
31/01/2022,2102,3.236016
31/01/2022,2103,3.236154
31/01/2022,2104,3.236291
31/01/2022,2105,3.236429
31/01/2022,2106,3.236566
31/01/2022,2107,3.236703
31/01/2022,2108,3.236841
31/01/2022,2109,3.236978
31/01/2022,2110,3.237115
31/01/2022,2111,3.237253
31/01/2022,2112,3.23739
31/01/2022,2113,3.237527
31/01/2022,2114,3.237665
31/01/2022,2115,3.237802
31/01/2022,2116,3.23794
31/01/2022,2117,3.238077
31/01/2022,2118,3.238214
31/01/2022,2119,3.238352
31/01/2022,2120,3.238489
31/01/2022,2121,3.238626
31/01/2022,2122,3.238764
31/01/2022,2123,3.238901
31/01/2022,2124,3.239038
31/01/2022,2125,3.239176
31/01/2022,2126,3.239313
31/01/2022,2127,3.239451
31/01/2022,2128,3.239588
31/01/2022,2129,3.239725
31/01/2022,2130,3.239863
31/01/2022,2131,3.24
31/01/2022,2132,3.240137
31/01/2022,2133,3.240275
31/01/2022,2134,3.240412
31/01/2022,2135,3.240549
31/01/2022,2136,3.240687
31/01/2022,2137,3.240824
31/01/2022,2138,3.240962
31/01/2022,2139,3.241099
31/01/2022,2140,3.241236
31/01/2022,2141,3.241374
31/01/2022,2142,3.241511
31/01/2022,2143,3.241648
31/01/2022,2144,3.241786
31/01/2022,2145,3.241923
31/01/2022,2146,3.24206
31/01/2022,2147,3.242198
31/01/2022,2148,3.242335
31/01/2022,2149,3.242473
31/01/2022,2150,3.24261
31/01/2022,2151,3.242747
31/01/2022,2152,3.242885
31/01/2022,2153,3.243022
31/01/2022,2154,3.243159
31/01/2022,2155,3.243297
31/01/2022,2156,3.243434
31/01/2022,2157,3.243571
31/01/2022,2158,3.243709
31/01/2022,2159,3.243846
31/01/2022,2160,3.243984
31/01/2022,2161,3.244121
31/01/2022,2162,3.244258
31/01/2022,2163,3.244396
31/01/2022,2164,3.244533
31/01/2022,2165,3.24467
31/01/2022,2166,3.244808
31/01/2022,2167,3.244945
31/01/2022,2168,3.245082
31/01/2022,2169,3.24522
31/01/2022,2170,3.245357
31/01/2022,2171,3.245495
31/01/2022,2172,3.245632
31/01/2022,2173,3.245769
31/01/2022,2174,3.245907
31/01/2022,2175,3.246044
31/01/2022,2176,3.246181
31/01/2022,2177,3.246319
31/01/2022,2178,3.246456
31/01/2022,2179,3.246593
31/01/2022,2180,3.246731
31/01/2022,2181,3.246868
31/01/2022,2182,3.247005
31/01/2022,2183,3.247143
31/01/2022,2184,3.24728
31/01/2022,2185,3.247418
31/01/2022,2186,3.247555
31/01/2022,2187,3.247692
31/01/2022,2188,3.24783
31/01/2022,2189,3.247967
31/01/2022,2190,3.248104
31/01/2022,2191,3.248242
31/01/2022,2192,3.248379
31/01/2022,2193,3.248516
31/01/2022,2194,3.248654
31/01/2022,2195,3.248791
31/01/2022,2196,3.248929
31/01/2022,2197,3.249066
31/01/2022,2198,3.249203
31/01/2022,2199,3.249341
31/01/2022,2200,3.249478
31/01/2022,2201,3.249615
31/01/2022,2202,3.249753
31/01/2022,2203,3.24989
31/01/2022,2204,3.250027
31/01/2022,2205,3.250165
31/01/2022,2206,3.250302
31/01/2022,2207,3.25044
31/01/2022,2208,3.250577
31/01/2022,2209,3.250714
31/01/2022,2210,3.250852
31/01/2022,2211,3.250989
31/01/2022,2212,3.251126
31/01/2022,2213,3.251264
31/01/2022,2214,3.251401
31/01/2022,2215,3.251538
31/01/2022,2216,3.251676
31/01/2022,2217,3.251813
31/01/2022,2218,3.251951
31/01/2022,2219,3.252088
31/01/2022,2220,3.252225
31/01/2022,2221,3.252363
31/01/2022,2222,3.2525
31/01/2022,2223,3.252637
31/01/2022,2224,3.252775
31/01/2022,2225,3.252912
31/01/2022,2226,3.253049
31/01/2022,2227,3.253187
31/01/2022,2228,3.253324
31/01/2022,2229,3.253462
31/01/2022,2230,3.253599
31/01/2022,2231,3.253736
31/01/2022,2232,3.253874
31/01/2022,2233,3.254011
31/01/2022,2234,3.254148
31/01/2022,2235,3.254286
31/01/2022,2236,3.254423
31/01/2022,2237,3.25456
31/01/2022,2238,3.254698
31/01/2022,2239,3.254835
31/01/2022,2240,3.254973
31/01/2022,2241,3.25511
31/01/2022,2242,3.255247
31/01/2022,2243,3.255385
31/01/2022,2244,3.255522
31/01/2022,2245,3.255659
31/01/2022,2246,3.255797
31/01/2022,2247,3.255934
31/01/2022,2248,3.256071
31/01/2022,2249,3.256209
31/01/2022,2250,3.256346
31/01/2022,2251,3.256484
31/01/2022,2252,3.256621
31/01/2022,2253,3.256758
31/01/2022,2254,3.256896
31/01/2022,2255,3.257033
31/01/2022,2256,3.25717
31/01/2022,2257,3.257308
31/01/2022,2258,3.257445
31/01/2022,2259,3.257582
31/01/2022,2260,3.25772
31/01/2022,2261,3.257857
31/01/2022,2262,3.257995
31/01/2022,2263,3.258132
31/01/2022,2264,3.258269
31/01/2022,2265,3.258407
31/01/2022,2266,3.258544
31/01/2022,2267,3.258681
31/01/2022,2268,3.258819
31/01/2022,2269,3.258956
31/01/2022,2270,3.259093
31/01/2022,2271,3.259231
31/01/2022,2272,3.259368
31/01/2022,2273,3.259505
31/01/2022,2274,3.259643
31/01/2022,2275,3.25978
31/01/2022,2276,3.259918
31/01/2022,2277,3.260055
31/01/2022,2278,3.260192
31/01/2022,2279,3.26033
31/01/2022,2280,3.260467
31/01/2022,2281,3.260604
31/01/2022,2282,3.260742
31/01/2022,2283,3.260879
31/01/2022,2284,3.261016
31/01/2022,2285,3.261154
31/01/2022,2286,3.261291
31/01/2022,2287,3.261429
31/01/2022,2288,3.261566
31/01/2022,2289,3.261703
31/01/2022,2290,3.261841
31/01/2022,2291,3.261978
31/01/2022,2292,3.262115
31/01/2022,2293,3.262253
31/01/2022,2294,3.26239
31/01/2022,2295,3.262527
31/01/2022,2296,3.262665
31/01/2022,2297,3.262802
31/01/2022,2298,3.26294
31/01/2022,2299,3.263077
31/01/2022,2300,3.263214
31/01/2022,2301,3.263352
31/01/2022,2302,3.263489
31/01/2022,2303,3.263626
31/01/2022,2304,3.263764
31/01/2022,2305,3.263901
31/01/2022,2306,3.264038
31/01/2022,2307,3.264176
31/01/2022,2308,3.264313
31/01/2022,2309,3.264451
31/01/2022,2310,3.264588
31/01/2022,2311,3.264725
31/01/2022,2312,3.264863
31/01/2022,2313,3.265
31/01/2022,2314,3.265137
31/01/2022,2315,3.265275
31/01/2022,2316,3.265412
31/01/2022,2317,3.265549
31/01/2022,2318,3.265687
31/01/2022,2319,3.265824
31/01/2022,2320,3.265962
31/01/2022,2321,3.266099
31/01/2022,2322,3.266236
31/01/2022,2323,3.266374
31/01/2022,2324,3.266511
31/01/2022,2325,3.266648
31/01/2022,2326,3.266786
31/01/2022,2327,3.266923
31/01/2022,2328,3.26706
31/01/2022,2329,3.267198
31/01/2022,2330,3.267335
31/01/2022,2331,3.267473
31/01/2022,2332,3.26761
31/01/2022,2333,3.267747
31/01/2022,2334,3.267885
31/01/2022,2335,3.268022
31/01/2022,2336,3.268159
31/01/2022,2337,3.268297
31/01/2022,2338,3.268434
31/01/2022,2339,3.268571
31/01/2022,2340,3.268709
31/01/2022,2341,3.268846
31/01/2022,2342,3.268984
31/01/2022,2343,3.269121
31/01/2022,2344,3.269258
31/01/2022,2345,3.269396
31/01/2022,2346,3.269533
31/01/2022,2347,3.26967
31/01/2022,2348,3.269808
31/01/2022,2349,3.269945
31/01/2022,2350,3.270082
31/01/2022,2351,3.27022
31/01/2022,2352,3.270357
31/01/2022,2353,3.270495
31/01/2022,2354,3.270632
31/01/2022,2355,3.270769
31/01/2022,2356,3.270907
31/01/2022,2357,3.271044
31/01/2022,2358,3.271181
31/01/2022,2359,3.271319
31/01/2022,2360,3.271456
31/01/2022,2361,3.271593
31/01/2022,2362,3.271731
31/01/2022,2363,3.271868
31/01/2022,2364,3.272005
31/01/2022,2365,3.272143
31/01/2022,2366,3.27228
31/01/2022,2367,3.272418
31/01/2022,2368,3.272555
31/01/2022,2369,3.272692
31/01/2022,2370,3.27283
31/01/2022,2371,3.272967
31/01/2022,2372,3.273104
31/01/2022,2373,3.273242
31/01/2022,2374,3.273379
31/01/2022,2375,3.273516
31/01/2022,2376,3.273654
31/01/2022,2377,3.273791
31/01/2022,2378,3.273929
31/01/2022,2379,3.274066
31/01/2022,2380,3.274203
31/01/2022,2381,3.274341
31/01/2022,2382,3.274478
31/01/2022,2383,3.274615
31/01/2022,2384,3.274753
31/01/2022,2385,3.27489
31/01/2022,2386,3.275027
31/01/2022,2387,3.275165
31/01/2022,2388,3.275302
31/01/2022,2389,3.27544
31/01/2022,2390,3.275577
31/01/2022,2391,3.275714
31/01/2022,2392,3.275852
31/01/2022,2393,3.275989
31/01/2022,2394,3.276126
31/01/2022,2395,3.276264
31/01/2022,2396,3.276401
31/01/2022,2397,3.276538
31/01/2022,2398,3.276676
31/01/2022,2399,3.276813
31/01/2022,2400,3.276951
31/01/2022,2401,3.277088
31/01/2022,2402,3.277225
31/01/2022,2403,3.277363
31/01/2022,2404,3.2775
31/01/2022,2405,3.277637
31/01/2022,2406,3.277775
31/01/2022,2407,3.277912
31/01/2022,2408,3.278049
31/01/2022,2409,3.278187
31/01/2022,2410,3.278324
31/01/2022,2411,3.278462
31/01/2022,2412,3.278599
31/01/2022,2413,3.278736
31/01/2022,2414,3.278874
31/01/2022,2415,3.279011
31/01/2022,2416,3.279148
31/01/2022,2417,3.279286
31/01/2022,2418,3.279423
31/01/2022,2419,3.27956
31/01/2022,2420,3.279698
31/01/2022,2421,3.279835
31/01/2022,2422,3.279973
31/01/2022,2423,3.28011
31/01/2022,2424,3.280247
31/01/2022,2425,3.280385
31/01/2022,2426,3.280522
31/01/2022,2427,3.280659
31/01/2022,2428,3.280797
31/01/2022,2429,3.280934
31/01/2022,2430,3.281071
31/01/2022,2431,3.281209
31/01/2022,2432,3.281346
31/01/2022,2433,3.281484
31/01/2022,2434,3.281621
31/01/2022,2435,3.281758
31/01/2022,2436,3.281896
31/01/2022,2437,3.282033
31/01/2022,2438,3.28217
31/01/2022,2439,3.282308
31/01/2022,2440,3.282445
31/01/2022,2441,3.282582
31/01/2022,2442,3.28272
31/01/2022,2443,3.282857
31/01/2022,2444,3.282995
31/01/2022,2445,3.283132
31/01/2022,2446,3.283269
31/01/2022,2447,3.283407
31/01/2022,2448,3.283544
31/01/2022,2449,3.283681
31/01/2022,2450,3.283819
31/01/2022,2451,3.283956
31/01/2022,2452,3.284093
31/01/2022,2453,3.284231
31/01/2022,2454,3.284368
31/01/2022,2455,3.284505
31/01/2022,2456,3.284643
31/01/2022,2457,3.28478
31/01/2022,2458,3.284918
31/01/2022,2459,3.285055
31/01/2022,2460,3.285192
31/01/2022,2461,3.28533
31/01/2022,2462,3.285467
31/01/2022,2463,3.285604
31/01/2022,2464,3.285742
31/01/2022,2465,3.285879
31/01/2022,2466,3.286016
31/01/2022,2467,3.286154
31/01/2022,2468,3.286291
31/01/2022,2469,3.286429
31/01/2022,2470,3.286566
31/01/2022,2471,3.286703
31/01/2022,2472,3.286841
31/01/2022,2473,3.286978
31/01/2022,2474,3.287115
31/01/2022,2475,3.287253
31/01/2022,2476,3.28739
31/01/2022,2477,3.287527
31/01/2022,2478,3.287665
31/01/2022,2479,3.287802
31/01/2022,2480,3.28794
31/01/2022,2481,3.288077
31/01/2022,2482,3.288214
31/01/2022,2483,3.288352
31/01/2022,2484,3.288489
31/01/2022,2485,3.288626
31/01/2022,2486,3.288764
31/01/2022,2487,3.288901
31/01/2022,2488,3.289038
31/01/2022,2489,3.289176
31/01/2022,2490,3.289313
31/01/2022,2491,3.289451
31/01/2022,2492,3.289588
31/01/2022,2493,3.289725
31/01/2022,2494,3.289863
31/01/2022,2495,3.29
31/01/2022,2496,3.290128
31/01/2022,2497,3.290256
31/01/2022,2498,3.290385
31/01/2022,2499,3.290513
31/01/2022,2500,3.290641
31/01/2022,2501,3.290769
31/01/2022,2502,3.290897
31/01/2022,2503,3.291026
31/01/2022,2504,3.291154
31/01/2022,2505,3.291282
31/01/2022,2506,3.29141
31/01/2022,2507,3.291538
31/01/2022,2508,3.291667
31/01/2022,2509,3.291795
31/01/2022,2510,3.291923
31/01/2022,2511,3.292051
31/01/2022,2512,3.292179
31/01/2022,2513,3.292308
31/01/2022,2514,3.292436
31/01/2022,2515,3.292564
31/01/2022,2516,3.292692
31/01/2022,2517,3.292821
31/01/2022,2518,3.292949
31/01/2022,2519,3.293077
31/01/2022,2520,3.293205
31/01/2022,2521,3.293333
31/01/2022,2522,3.293462
31/01/2022,2523,3.29359
31/01/2022,2524,3.293718
31/01/2022,2525,3.293846
31/01/2022,2526,3.293974
31/01/2022,2527,3.294103
31/01/2022,2528,3.294231
31/01/2022,2529,3.294359
31/01/2022,2530,3.294487
31/01/2022,2531,3.294615
31/01/2022,2532,3.294744
31/01/2022,2533,3.294872
31/01/2022,2534,3.295
31/01/2022,2535,3.295128
31/01/2022,2536,3.295256
31/01/2022,2537,3.295385
31/01/2022,2538,3.295513
31/01/2022,2539,3.295641
31/01/2022,2540,3.295769
31/01/2022,2541,3.295897
31/01/2022,2542,3.296026
31/01/2022,2543,3.296154
31/01/2022,2544,3.296282
31/01/2022,2545,3.29641
31/01/2022,2546,3.296538
31/01/2022,2547,3.296667
31/01/2022,2548,3.296795
31/01/2022,2549,3.296923
31/01/2022,2550,3.297051
31/01/2022,2551,3.297179
31/01/2022,2552,3.297308
31/01/2022,2553,3.297436
31/01/2022,2554,3.297564
31/01/2022,2555,3.297692
31/01/2022,2556,3.297821
31/01/2022,2557,3.297949
31/01/2022,2558,3.298077
31/01/2022,2559,3.298205
31/01/2022,2560,3.298333
31/01/2022,2561,3.298462
31/01/2022,2562,3.29859
31/01/2022,2563,3.298718
31/01/2022,2564,3.298846
31/01/2022,2565,3.298974
31/01/2022,2566,3.299103
31/01/2022,2567,3.299231
31/01/2022,2568,3.299359
31/01/2022,2569,3.299487
31/01/2022,2570,3.299615
31/01/2022,2571,3.299744
31/01/2022,2572,3.299872
31/01/2022,2573,3.3
31/01/2022,2574,3.300128
31/01/2022,2575,3.300256
31/01/2022,2576,3.300385
31/01/2022,2577,3.300513
31/01/2022,2578,3.300641
31/01/2022,2579,3.300769
31/01/2022,2580,3.300897
31/01/2022,2581,3.301026
31/01/2022,2582,3.301154
31/01/2022,2583,3.301282
31/01/2022,2584,3.30141
31/01/2022,2585,3.301538
31/01/2022,2586,3.301667
31/01/2022,2587,3.301795
31/01/2022,2588,3.301923
31/01/2022,2589,3.302051
31/01/2022,2590,3.302179
31/01/2022,2591,3.302308
31/01/2022,2592,3.302436
31/01/2022,2593,3.302564
31/01/2022,2594,3.302692
31/01/2022,2595,3.302821
31/01/2022,2596,3.302949
31/01/2022,2597,3.303077
31/01/2022,2598,3.303205
31/01/2022,2599,3.303333
31/01/2022,2600,3.303462
31/01/2022,2601,3.30359
31/01/2022,2602,3.303718
31/01/2022,2603,3.303846
31/01/2022,2604,3.303974
31/01/2022,2605,3.304103
31/01/2022,2606,3.304231
31/01/2022,2607,3.304359
31/01/2022,2608,3.304487
31/01/2022,2609,3.304615
31/01/2022,2610,3.304744
31/01/2022,2611,3.304872
31/01/2022,2612,3.305
31/01/2022,2613,3.305128
31/01/2022,2614,3.305256
31/01/2022,2615,3.305385
31/01/2022,2616,3.305513
31/01/2022,2617,3.305641
31/01/2022,2618,3.305769
31/01/2022,2619,3.305897
31/01/2022,2620,3.306026
31/01/2022,2621,3.306154
31/01/2022,2622,3.306282
31/01/2022,2623,3.30641
31/01/2022,2624,3.306538
31/01/2022,2625,3.306667
31/01/2022,2626,3.306795
31/01/2022,2627,3.306923
31/01/2022,2628,3.307051
31/01/2022,2629,3.307179
31/01/2022,2630,3.307308
31/01/2022,2631,3.307436
31/01/2022,2632,3.307564
31/01/2022,2633,3.307692
31/01/2022,2634,3.307821
31/01/2022,2635,3.307949
31/01/2022,2636,3.308077
31/01/2022,2637,3.308205
31/01/2022,2638,3.308333
31/01/2022,2639,3.308462
31/01/2022,2640,3.30859
31/01/2022,2641,3.308718
31/01/2022,2642,3.308846
31/01/2022,2643,3.308974
31/01/2022,2644,3.309103
31/01/2022,2645,3.309231
31/01/2022,2646,3.309359
31/01/2022,2647,3.309487
31/01/2022,2648,3.309615
31/01/2022,2649,3.309744
31/01/2022,2650,3.309872
31/01/2022,2651,3.31
31/01/2022,2652,3.310128
31/01/2022,2653,3.310256
31/01/2022,2654,3.310385
31/01/2022,2655,3.310513
31/01/2022,2656,3.310641
31/01/2022,2657,3.310769
31/01/2022,2658,3.310897
31/01/2022,2659,3.311026
31/01/2022,2660,3.311154
31/01/2022,2661,3.311282
31/01/2022,2662,3.31141
31/01/2022,2663,3.311538
31/01/2022,2664,3.311667
31/01/2022,2665,3.311795
31/01/2022,2666,3.311923
31/01/2022,2667,3.312051
31/01/2022,2668,3.312179
31/01/2022,2669,3.312308
31/01/2022,2670,3.312436
31/01/2022,2671,3.312564
31/01/2022,2672,3.312692
31/01/2022,2673,3.312821
31/01/2022,2674,3.312949
31/01/2022,2675,3.313077
31/01/2022,2676,3.313205
31/01/2022,2677,3.313333
31/01/2022,2678,3.313462
31/01/2022,2679,3.31359
31/01/2022,2680,3.313718
31/01/2022,2681,3.313846
31/01/2022,2682,3.313974
31/01/2022,2683,3.314103
31/01/2022,2684,3.314231
31/01/2022,2685,3.314359
31/01/2022,2686,3.314487
31/01/2022,2687,3.314615
31/01/2022,2688,3.314744
31/01/2022,2689,3.314872
31/01/2022,2690,3.315
31/01/2022,2691,3.315128
31/01/2022,2692,3.315256
31/01/2022,2693,3.315385
31/01/2022,2694,3.315513
31/01/2022,2695,3.315641
31/01/2022,2696,3.315769
31/01/2022,2697,3.315897
31/01/2022,2698,3.316026
31/01/2022,2699,3.316154
31/01/2022,2700,3.316282
31/01/2022,2701,3.31641
31/01/2022,2702,3.316538
31/01/2022,2703,3.316667
31/01/2022,2704,3.316795
31/01/2022,2705,3.316923
31/01/2022,2706,3.317051
31/01/2022,2707,3.317179
31/01/2022,2708,3.317308
31/01/2022,2709,3.317436
31/01/2022,2710,3.317564
31/01/2022,2711,3.317692
31/01/2022,2712,3.317821
31/01/2022,2713,3.317949
31/01/2022,2714,3.318077
31/01/2022,2715,3.318205
31/01/2022,2716,3.318333
31/01/2022,2717,3.318462
31/01/2022,2718,3.31859
31/01/2022,2719,3.318718
31/01/2022,2720,3.318846
31/01/2022,2721,3.318974
31/01/2022,2722,3.319103
31/01/2022,2723,3.319231
31/01/2022,2724,3.319359
31/01/2022,2725,3.319487
31/01/2022,2726,3.319615
31/01/2022,2727,3.319744
31/01/2022,2728,3.319872
31/01/2022,2729,3.32
31/01/2022,2730,3.320128
31/01/2022,2731,3.320256
31/01/2022,2732,3.320385
31/01/2022,2733,3.320513
31/01/2022,2734,3.320641
31/01/2022,2735,3.320769
31/01/2022,2736,3.320897
31/01/2022,2737,3.321026
31/01/2022,2738,3.321154
31/01/2022,2739,3.321282
31/01/2022,2740,3.32141
31/01/2022,2741,3.321538
31/01/2022,2742,3.321667
31/01/2022,2743,3.321795
31/01/2022,2744,3.321923
31/01/2022,2745,3.322051
31/01/2022,2746,3.322179
31/01/2022,2747,3.322308
31/01/2022,2748,3.322436
31/01/2022,2749,3.322564
31/01/2022,2750,3.322692
31/01/2022,2751,3.322821
31/01/2022,2752,3.322949
31/01/2022,2753,3.323077
31/01/2022,2754,3.323205
31/01/2022,2755,3.323333
31/01/2022,2756,3.323462
31/01/2022,2757,3.32359
31/01/2022,2758,3.323718
31/01/2022,2759,3.323846
31/01/2022,2760,3.323974
31/01/2022,2761,3.324103
31/01/2022,2762,3.324231
31/01/2022,2763,3.324359
31/01/2022,2764,3.324487
31/01/2022,2765,3.324615
31/01/2022,2766,3.324744
31/01/2022,2767,3.324872
31/01/2022,2768,3.325
31/01/2022,2769,3.325128
31/01/2022,2770,3.325256
31/01/2022,2771,3.325385
31/01/2022,2772,3.325513
31/01/2022,2773,3.325641
31/01/2022,2774,3.325769
31/01/2022,2775,3.325897
31/01/2022,2776,3.326026
31/01/2022,2777,3.326154
31/01/2022,2778,3.326282
31/01/2022,2779,3.32641
31/01/2022,2780,3.326538
31/01/2022,2781,3.326667
31/01/2022,2782,3.326795
31/01/2022,2783,3.326923
31/01/2022,2784,3.327051
31/01/2022,2785,3.327179
31/01/2022,2786,3.327308
31/01/2022,2787,3.327436
31/01/2022,2788,3.327564
31/01/2022,2789,3.327692
31/01/2022,2790,3.327821
31/01/2022,2791,3.327949
31/01/2022,2792,3.328077
31/01/2022,2793,3.328205
31/01/2022,2794,3.328333
31/01/2022,2795,3.328462
31/01/2022,2796,3.32859
31/01/2022,2797,3.328718
31/01/2022,2798,3.328846
31/01/2022,2799,3.328974
31/01/2022,2800,3.329103
31/01/2022,2801,3.329231
31/01/2022,2802,3.329359
31/01/2022,2803,3.329487
31/01/2022,2804,3.329615
31/01/2022,2805,3.329744
31/01/2022,2806,3.329872
31/01/2022,2807,3.33
31/01/2022,2808,3.330128
31/01/2022,2809,3.330256
31/01/2022,2810,3.330385
31/01/2022,2811,3.330513
31/01/2022,2812,3.330641
31/01/2022,2813,3.330769
31/01/2022,2814,3.330897
31/01/2022,2815,3.331026
31/01/2022,2816,3.331154
31/01/2022,2817,3.331282
31/01/2022,2818,3.33141
31/01/2022,2819,3.331538
31/01/2022,2820,3.331667
31/01/2022,2821,3.331795
31/01/2022,2822,3.331923
31/01/2022,2823,3.332051
31/01/2022,2824,3.332179
31/01/2022,2825,3.332308
31/01/2022,2826,3.332436
31/01/2022,2827,3.332564
31/01/2022,2828,3.332692
31/01/2022,2829,3.332821
31/01/2022,2830,3.332949
31/01/2022,2831,3.333077
31/01/2022,2832,3.333205
31/01/2022,2833,3.333333
31/01/2022,2834,3.333462
31/01/2022,2835,3.33359
31/01/2022,2836,3.333718
31/01/2022,2837,3.333846
31/01/2022,2838,3.333974
31/01/2022,2839,3.334103
31/01/2022,2840,3.334231
31/01/2022,2841,3.334359
31/01/2022,2842,3.334487
31/01/2022,2843,3.334615
31/01/2022,2844,3.334744
31/01/2022,2845,3.334872
31/01/2022,2846,3.335
31/01/2022,2847,3.335128
31/01/2022,2848,3.335256
31/01/2022,2849,3.335385
31/01/2022,2850,3.335513
31/01/2022,2851,3.335641
31/01/2022,2852,3.335769
31/01/2022,2853,3.335897
31/01/2022,2854,3.336026
31/01/2022,2855,3.336154
31/01/2022,2856,3.336282
31/01/2022,2857,3.33641
31/01/2022,2858,3.336538
31/01/2022,2859,3.336667
31/01/2022,2860,3.336795
31/01/2022,2861,3.336923
31/01/2022,2862,3.337051
31/01/2022,2863,3.337179
31/01/2022,2864,3.337308
31/01/2022,2865,3.337436
31/01/2022,2866,3.337564
31/01/2022,2867,3.337692
31/01/2022,2868,3.337821
31/01/2022,2869,3.337949
31/01/2022,2870,3.338077
31/01/2022,2871,3.338205
31/01/2022,2872,3.338333
31/01/2022,2873,3.338462
31/01/2022,2874,3.33859
31/01/2022,2875,3.338718
31/01/2022,2876,3.338846
31/01/2022,2877,3.338974
31/01/2022,2878,3.339103
31/01/2022,2879,3.339231
31/01/2022,2880,3.339359
31/01/2022,2881,3.339487
31/01/2022,2882,3.339615
31/01/2022,2883,3.339744
31/01/2022,2884,3.339872
31/01/2022,2885,3.34
31/01/2022,2886,3.340128
31/01/2022,2887,3.340256
31/01/2022,2888,3.340385
31/01/2022,2889,3.340513
31/01/2022,2890,3.340641
31/01/2022,2891,3.340769
31/01/2022,2892,3.340897
31/01/2022,2893,3.341026
31/01/2022,2894,3.341154
31/01/2022,2895,3.341282
31/01/2022,2896,3.34141
31/01/2022,2897,3.341538
31/01/2022,2898,3.341667
31/01/2022,2899,3.341795
31/01/2022,2900,3.341923
31/01/2022,2901,3.342051
31/01/2022,2902,3.342179
31/01/2022,2903,3.342308
31/01/2022,2904,3.342436
31/01/2022,2905,3.342564
31/01/2022,2906,3.342692
31/01/2022,2907,3.342821
31/01/2022,2908,3.342949
31/01/2022,2909,3.343077
31/01/2022,2910,3.343205
31/01/2022,2911,3.343333
31/01/2022,2912,3.343462
31/01/2022,2913,3.34359
31/01/2022,2914,3.343718
31/01/2022,2915,3.343846
31/01/2022,2916,3.343974
31/01/2022,2917,3.344103
31/01/2022,2918,3.344231
31/01/2022,2919,3.344359
31/01/2022,2920,3.344487
31/01/2022,2921,3.344615
31/01/2022,2922,3.344744
31/01/2022,2923,3.344872
31/01/2022,2924,3.345
31/01/2022,2925,3.345128
31/01/2022,2926,3.345256
31/01/2022,2927,3.345385
31/01/2022,2928,3.345513
31/01/2022,2929,3.345641
31/01/2022,2930,3.345769
31/01/2022,2931,3.345897
31/01/2022,2932,3.346026
31/01/2022,2933,3.346154
31/01/2022,2934,3.346282
31/01/2022,2935,3.34641
31/01/2022,2936,3.346538
31/01/2022,2937,3.346667
31/01/2022,2938,3.346795
31/01/2022,2939,3.346923
31/01/2022,2940,3.347051
31/01/2022,2941,3.347179
31/01/2022,2942,3.347308
31/01/2022,2943,3.347436
31/01/2022,2944,3.347564
31/01/2022,2945,3.347692
31/01/2022,2946,3.347821
31/01/2022,2947,3.347949
31/01/2022,2948,3.348077
31/01/2022,2949,3.348205
31/01/2022,2950,3.348333
31/01/2022,2951,3.348462
31/01/2022,2952,3.34859
31/01/2022,2953,3.348718
31/01/2022,2954,3.348846
31/01/2022,2955,3.348974
31/01/2022,2956,3.349103
31/01/2022,2957,3.349231
31/01/2022,2958,3.349359
31/01/2022,2959,3.349487
31/01/2022,2960,3.349615
31/01/2022,2961,3.349744
31/01/2022,2962,3.349872
31/01/2022,2963,3.35
31/01/2022,2964,3.350128
31/01/2022,2965,3.350256
31/01/2022,2966,3.350385
31/01/2022,2967,3.350513
31/01/2022,2968,3.350641
31/01/2022,2969,3.350769
31/01/2022,2970,3.350897
31/01/2022,2971,3.351026
31/01/2022,2972,3.351154
31/01/2022,2973,3.351282
31/01/2022,2974,3.35141
31/01/2022,2975,3.351538
31/01/2022,2976,3.351667
31/01/2022,2977,3.351795
31/01/2022,2978,3.351923
31/01/2022,2979,3.352051
31/01/2022,2980,3.352179
31/01/2022,2981,3.352308
31/01/2022,2982,3.352436
31/01/2022,2983,3.352564
31/01/2022,2984,3.352692
31/01/2022,2985,3.352821
31/01/2022,2986,3.352949
31/01/2022,2987,3.353077
31/01/2022,2988,3.353205
31/01/2022,2989,3.353333
31/01/2022,2990,3.353462
31/01/2022,2991,3.35359
31/01/2022,2992,3.353718
31/01/2022,2993,3.353846
31/01/2022,2994,3.353974
31/01/2022,2995,3.354103
31/01/2022,2996,3.354231
31/01/2022,2997,3.354359
31/01/2022,2998,3.354487
31/01/2022,2999,3.354615
31/01/2022,3000,3.354744
31/01/2022,3001,3.354872
31/01/2022,3002,3.355
31/01/2022,3003,3.355128
31/01/2022,3004,3.355256
31/01/2022,3005,3.355385
31/01/2022,3006,3.355513
31/01/2022,3007,3.355641
31/01/2022,3008,3.355769
31/01/2022,3009,3.355897
31/01/2022,3010,3.356026
31/01/2022,3011,3.356154
31/01/2022,3012,3.356282
31/01/2022,3013,3.35641
31/01/2022,3014,3.356538
31/01/2022,3015,3.356667
31/01/2022,3016,3.356795
31/01/2022,3017,3.356923
31/01/2022,3018,3.357051
31/01/2022,3019,3.357179
31/01/2022,3020,3.357308
31/01/2022,3021,3.357436
31/01/2022,3022,3.357564
31/01/2022,3023,3.357692
31/01/2022,3024,3.357821
31/01/2022,3025,3.357949
31/01/2022,3026,3.358077
31/01/2022,3027,3.358205
31/01/2022,3028,3.358333
31/01/2022,3029,3.358462
31/01/2022,3030,3.35859
31/01/2022,3031,3.358718
31/01/2022,3032,3.358846
31/01/2022,3033,3.358974
31/01/2022,3034,3.359103
31/01/2022,3035,3.359231
31/01/2022,3036,3.359359
31/01/2022,3037,3.359487
31/01/2022,3038,3.359615
31/01/2022,3039,3.359744
31/01/2022,3040,3.359872
31/01/2022,3041,3.36
31/01/2022,3042,3.360128
31/01/2022,3043,3.360256
31/01/2022,3044,3.360385
31/01/2022,3045,3.360513
31/01/2022,3046,3.360641
31/01/2022,3047,3.360769
31/01/2022,3048,3.360897
31/01/2022,3049,3.361026
31/01/2022,3050,3.361154
31/01/2022,3051,3.361282
31/01/2022,3052,3.36141
31/01/2022,3053,3.361538
31/01/2022,3054,3.361667
31/01/2022,3055,3.361795
31/01/2022,3056,3.361923
31/01/2022,3057,3.362051
31/01/2022,3058,3.362179
31/01/2022,3059,3.362308
31/01/2022,3060,3.362436
31/01/2022,3061,3.362564
31/01/2022,3062,3.362692
31/01/2022,3063,3.362821
31/01/2022,3064,3.362949
31/01/2022,3065,3.363077
31/01/2022,3066,3.363205
31/01/2022,3067,3.363333
31/01/2022,3068,3.363462
31/01/2022,3069,3.36359
31/01/2022,3070,3.363718
31/01/2022,3071,3.363846
31/01/2022,3072,3.363974
31/01/2022,3073,3.364103
31/01/2022,3074,3.364231
31/01/2022,3075,3.364359
31/01/2022,3076,3.364487
31/01/2022,3077,3.364615
31/01/2022,3078,3.364744
31/01/2022,3079,3.364872
31/01/2022,3080,3.365
31/01/2022,3081,3.365128
31/01/2022,3082,3.365256
31/01/2022,3083,3.365385
31/01/2022,3084,3.365513
31/01/2022,3085,3.365641
31/01/2022,3086,3.365769
31/01/2022,3087,3.365897
31/01/2022,3088,3.366026
31/01/2022,3089,3.366154
31/01/2022,3090,3.366282
31/01/2022,3091,3.36641
31/01/2022,3092,3.366538
31/01/2022,3093,3.366667
31/01/2022,3094,3.366795
31/01/2022,3095,3.366923
31/01/2022,3096,3.367051
31/01/2022,3097,3.367179
31/01/2022,3098,3.367308
31/01/2022,3099,3.367436
31/01/2022,3100,3.367564
31/01/2022,3101,3.367692
31/01/2022,3102,3.367821
31/01/2022,3103,3.367949
31/01/2022,3104,3.368077
31/01/2022,3105,3.368205
31/01/2022,3106,3.368333
31/01/2022,3107,3.368462
31/01/2022,3108,3.36859
31/01/2022,3109,3.368718
31/01/2022,3110,3.368846
31/01/2022,3111,3.368974
31/01/2022,3112,3.369103
31/01/2022,3113,3.369231
31/01/2022,3114,3.369359
31/01/2022,3115,3.369487
31/01/2022,3116,3.369615
31/01/2022,3117,3.369744
31/01/2022,3118,3.369872
31/01/2022,3119,3.37
31/01/2022,3120,3.370128
31/01/2022,3121,3.370256
31/01/2022,3122,3.370385
31/01/2022,3123,3.370513
31/01/2022,3124,3.370641
31/01/2022,3125,3.370769
31/01/2022,3126,3.370897
31/01/2022,3127,3.371026
31/01/2022,3128,3.371154
31/01/2022,3129,3.371282
31/01/2022,3130,3.37141
31/01/2022,3131,3.371538
31/01/2022,3132,3.371667
31/01/2022,3133,3.371795
31/01/2022,3134,3.371923
31/01/2022,3135,3.372051
31/01/2022,3136,3.372179
31/01/2022,3137,3.372308
31/01/2022,3138,3.372436
31/01/2022,3139,3.372564
31/01/2022,3140,3.372692
31/01/2022,3141,3.372821
31/01/2022,3142,3.372949
31/01/2022,3143,3.373077
31/01/2022,3144,3.373205
31/01/2022,3145,3.373333
31/01/2022,3146,3.373462
31/01/2022,3147,3.37359
31/01/2022,3148,3.373718
31/01/2022,3149,3.373846
31/01/2022,3150,3.373974
31/01/2022,3151,3.374103
31/01/2022,3152,3.374231
31/01/2022,3153,3.374359
31/01/2022,3154,3.374487
31/01/2022,3155,3.374615
31/01/2022,3156,3.374744
31/01/2022,3157,3.374872
31/01/2022,3158,3.375
31/01/2022,3159,3.375128
31/01/2022,3160,3.375256
31/01/2022,3161,3.375385
31/01/2022,3162,3.375513
31/01/2022,3163,3.375641
31/01/2022,3164,3.375769
31/01/2022,3165,3.375897
31/01/2022,3166,3.376026
31/01/2022,3167,3.376154
31/01/2022,3168,3.376282
31/01/2022,3169,3.37641
31/01/2022,3170,3.376538
31/01/2022,3171,3.376667
31/01/2022,3172,3.376795
31/01/2022,3173,3.376923
31/01/2022,3174,3.377051
31/01/2022,3175,3.377179
31/01/2022,3176,3.377308
31/01/2022,3177,3.377436
31/01/2022,3178,3.377564
31/01/2022,3179,3.377692
31/01/2022,3180,3.377821
31/01/2022,3181,3.377949
31/01/2022,3182,3.378077
31/01/2022,3183,3.378205
31/01/2022,3184,3.378333
31/01/2022,3185,3.378462
31/01/2022,3186,3.37859
31/01/2022,3187,3.378718
31/01/2022,3188,3.378846
31/01/2022,3189,3.378974
31/01/2022,3190,3.379103
31/01/2022,3191,3.379231
31/01/2022,3192,3.379359
31/01/2022,3193,3.379487
31/01/2022,3194,3.379615
31/01/2022,3195,3.379744
31/01/2022,3196,3.379872
31/01/2022,3197,3.38
31/01/2022,3198,3.380128
31/01/2022,3199,3.380256
31/01/2022,3200,3.380385
31/01/2022,3201,3.380513
31/01/2022,3202,3.380641
31/01/2022,3203,3.380769
31/01/2022,3204,3.380897
31/01/2022,3205,3.381026
31/01/2022,3206,3.381154
31/01/2022,3207,3.381282
31/01/2022,3208,3.38141
31/01/2022,3209,3.381538
31/01/2022,3210,3.381667
31/01/2022,3211,3.381795
31/01/2022,3212,3.381923
31/01/2022,3213,3.382051
31/01/2022,3214,3.382179
31/01/2022,3215,3.382308
31/01/2022,3216,3.382436
31/01/2022,3217,3.382564
31/01/2022,3218,3.382692
31/01/2022,3219,3.382821
31/01/2022,3220,3.382949
31/01/2022,3221,3.383077
31/01/2022,3222,3.383205
31/01/2022,3223,3.383333
31/01/2022,3224,3.383462
31/01/2022,3225,3.38359
31/01/2022,3226,3.383718
31/01/2022,3227,3.383846
31/01/2022,3228,3.383974
31/01/2022,3229,3.384103
31/01/2022,3230,3.384231
31/01/2022,3231,3.384359
31/01/2022,3232,3.384487
31/01/2022,3233,3.384615
31/01/2022,3234,3.384744
31/01/2022,3235,3.384872
31/01/2022,3236,3.385
31/01/2022,3237,3.385128
31/01/2022,3238,3.385256
31/01/2022,3239,3.385385
31/01/2022,3240,3.385513
31/01/2022,3241,3.385641
31/01/2022,3242,3.385769
31/01/2022,3243,3.385897
31/01/2022,3244,3.386026
31/01/2022,3245,3.386154
31/01/2022,3246,3.386282
31/01/2022,3247,3.38641
31/01/2022,3248,3.386538
31/01/2022,3249,3.386667
31/01/2022,3250,3.386795
31/01/2022,3251,3.386923
31/01/2022,3252,3.387051
31/01/2022,3253,3.387179
31/01/2022,3254,3.387308
31/01/2022,3255,3.387436
31/01/2022,3256,3.387564
31/01/2022,3257,3.387692
31/01/2022,3258,3.387821
31/01/2022,3259,3.387949
31/01/2022,3260,3.388077
31/01/2022,3261,3.388205
31/01/2022,3262,3.388333
31/01/2022,3263,3.388462
31/01/2022,3264,3.38859
31/01/2022,3265,3.388718
31/01/2022,3266,3.388846
31/01/2022,3267,3.388974
31/01/2022,3268,3.389103
31/01/2022,3269,3.389231
31/01/2022,3270,3.389359
31/01/2022,3271,3.389487
31/01/2022,3272,3.389615
31/01/2022,3273,3.389744
31/01/2022,3274,3.389872
31/01/2022,3275,3.39
31/01/2022,3276,3.390128
31/01/2022,3277,3.390256
31/01/2022,3278,3.390385
31/01/2022,3279,3.390513
31/01/2022,3280,3.390641
31/01/2022,3281,3.390769
31/01/2022,3282,3.390897
31/01/2022,3283,3.391026
31/01/2022,3284,3.391154
31/01/2022,3285,3.391282
31/01/2022,3286,3.39141
31/01/2022,3287,3.391538
31/01/2022,3288,3.391667
31/01/2022,3289,3.391795
31/01/2022,3290,3.391923
31/01/2022,3291,3.392051
31/01/2022,3292,3.392179
31/01/2022,3293,3.392308
31/01/2022,3294,3.392436
31/01/2022,3295,3.392564
31/01/2022,3296,3.392692
31/01/2022,3297,3.392821
31/01/2022,3298,3.392949
31/01/2022,3299,3.393077
31/01/2022,3300,3.393205
31/01/2022,3301,3.393333
31/01/2022,3302,3.393462
31/01/2022,3303,3.39359
31/01/2022,3304,3.393718
31/01/2022,3305,3.393846
31/01/2022,3306,3.393974
31/01/2022,3307,3.394103
31/01/2022,3308,3.394231
31/01/2022,3309,3.394359
31/01/2022,3310,3.394487
31/01/2022,3311,3.394615
31/01/2022,3312,3.394744
31/01/2022,3313,3.394872
31/01/2022,3314,3.395
31/01/2022,3315,3.395128
31/01/2022,3316,3.395256
31/01/2022,3317,3.395385
31/01/2022,3318,3.395513
31/01/2022,3319,3.395641
31/01/2022,3320,3.395769
31/01/2022,3321,3.395897
31/01/2022,3322,3.396026
31/01/2022,3323,3.396154
31/01/2022,3324,3.396282
31/01/2022,3325,3.39641
31/01/2022,3326,3.396538
31/01/2022,3327,3.396667
31/01/2022,3328,3.396795
31/01/2022,3329,3.396923
31/01/2022,3330,3.397051
31/01/2022,3331,3.397179
31/01/2022,3332,3.397308
31/01/2022,3333,3.397436
31/01/2022,3334,3.397564
31/01/2022,3335,3.397692
31/01/2022,3336,3.397821
31/01/2022,3337,3.397949
31/01/2022,3338,3.398077
31/01/2022,3339,3.398205
31/01/2022,3340,3.398333
31/01/2022,3341,3.398462
31/01/2022,3342,3.39859
31/01/2022,3343,3.398718
31/01/2022,3344,3.398846
31/01/2022,3345,3.398974
31/01/2022,3346,3.399103
31/01/2022,3347,3.399231
31/01/2022,3348,3.399359
31/01/2022,3349,3.399487
31/01/2022,3350,3.399615
31/01/2022,3351,3.399744
31/01/2022,3352,3.399872
31/01/2022,3353,3.4
31/01/2022,3354,3.400128
31/01/2022,3355,3.400256
31/01/2022,3356,3.400385
31/01/2022,3357,3.400513
31/01/2022,3358,3.400641
31/01/2022,3359,3.400769
31/01/2022,3360,3.400897
31/01/2022,3361,3.401026
31/01/2022,3362,3.401154
31/01/2022,3363,3.401282
31/01/2022,3364,3.40141
31/01/2022,3365,3.401538
31/01/2022,3366,3.401667
31/01/2022,3367,3.401795
31/01/2022,3368,3.401923
31/01/2022,3369,3.402051
31/01/2022,3370,3.402179
31/01/2022,3371,3.402308
31/01/2022,3372,3.402436
31/01/2022,3373,3.402564
31/01/2022,3374,3.402692
31/01/2022,3375,3.402821
31/01/2022,3376,3.402949
31/01/2022,3377,3.403077
31/01/2022,3378,3.403205
31/01/2022,3379,3.403333
31/01/2022,3380,3.403462
31/01/2022,3381,3.40359
31/01/2022,3382,3.403718
31/01/2022,3383,3.403846
31/01/2022,3384,3.403974
31/01/2022,3385,3.404103
31/01/2022,3386,3.404231
31/01/2022,3387,3.404359
31/01/2022,3388,3.404487
31/01/2022,3389,3.404615
31/01/2022,3390,3.404744
31/01/2022,3391,3.404872
31/01/2022,3392,3.405
31/01/2022,3393,3.405128
31/01/2022,3394,3.405256
31/01/2022,3395,3.405385
31/01/2022,3396,3.405513
31/01/2022,3397,3.405641
31/01/2022,3398,3.405769
31/01/2022,3399,3.405897
31/01/2022,3400,3.406026
31/01/2022,3401,3.406154
31/01/2022,3402,3.406282
31/01/2022,3403,3.40641
31/01/2022,3404,3.406538
31/01/2022,3405,3.406667
31/01/2022,3406,3.406795
31/01/2022,3407,3.406923
31/01/2022,3408,3.407051
31/01/2022,3409,3.407179
31/01/2022,3410,3.407308
31/01/2022,3411,3.407436
31/01/2022,3412,3.407564
31/01/2022,3413,3.407692
31/01/2022,3414,3.407821
31/01/2022,3415,3.407949
31/01/2022,3416,3.408077
31/01/2022,3417,3.408205
31/01/2022,3418,3.408333
31/01/2022,3419,3.408462
31/01/2022,3420,3.40859
31/01/2022,3421,3.408718
31/01/2022,3422,3.408846
31/01/2022,3423,3.408974
31/01/2022,3424,3.409103
31/01/2022,3425,3.409231
31/01/2022,3426,3.409359
31/01/2022,3427,3.409487
31/01/2022,3428,3.409615
31/01/2022,3429,3.409744
31/01/2022,3430,3.409872
31/01/2022,3431,3.41
31/01/2022,3432,3.410128
31/01/2022,3433,3.410256
31/01/2022,3434,3.410385
31/01/2022,3435,3.410513
31/01/2022,3436,3.410641
31/01/2022,3437,3.410769
31/01/2022,3438,3.410897
31/01/2022,3439,3.411026
31/01/2022,3440,3.411154
31/01/2022,3441,3.411282
31/01/2022,3442,3.41141
31/01/2022,3443,3.411538
31/01/2022,3444,3.411667
31/01/2022,3445,3.411795
31/01/2022,3446,3.411923
31/01/2022,3447,3.412051
31/01/2022,3448,3.412179
31/01/2022,3449,3.412308
31/01/2022,3450,3.412436
31/01/2022,3451,3.412564
31/01/2022,3452,3.412692
31/01/2022,3453,3.412821
31/01/2022,3454,3.412949
31/01/2022,3455,3.413077
31/01/2022,3456,3.413205
31/01/2022,3457,3.413333
31/01/2022,3458,3.413462
31/01/2022,3459,3.41359
31/01/2022,3460,3.413718
31/01/2022,3461,3.413846
31/01/2022,3462,3.413974
31/01/2022,3463,3.414103
31/01/2022,3464,3.414231
31/01/2022,3465,3.414359
31/01/2022,3466,3.414487
31/01/2022,3467,3.414615
31/01/2022,3468,3.414744
31/01/2022,3469,3.414872
31/01/2022,3470,3.415
31/01/2022,3471,3.415128
31/01/2022,3472,3.415256
31/01/2022,3473,3.415385
31/01/2022,3474,3.415513
31/01/2022,3475,3.415641
31/01/2022,3476,3.415769
31/01/2022,3477,3.415897
31/01/2022,3478,3.416026
31/01/2022,3479,3.416154
31/01/2022,3480,3.416282
31/01/2022,3481,3.41641
31/01/2022,3482,3.416538
31/01/2022,3483,3.416667
31/01/2022,3484,3.416795
31/01/2022,3485,3.416923
31/01/2022,3486,3.417051
31/01/2022,3487,3.417179
31/01/2022,3488,3.417308
31/01/2022,3489,3.417436
31/01/2022,3490,3.417564
31/01/2022,3491,3.417692
31/01/2022,3492,3.417821
31/01/2022,3493,3.417949
31/01/2022,3494,3.418077
31/01/2022,3495,3.418205
31/01/2022,3496,3.418333
31/01/2022,3497,3.418462
31/01/2022,3498,3.41859
31/01/2022,3499,3.418718
31/01/2022,3500,3.418846
31/01/2022,3501,3.418974
31/01/2022,3502,3.419103
31/01/2022,3503,3.419231
31/01/2022,3504,3.419359
31/01/2022,3505,3.419487
31/01/2022,3506,3.419615
31/01/2022,3507,3.419744
31/01/2022,3508,3.419872
31/01/2022,3509,3.42
31/01/2022,3510,3.420128
31/01/2022,3511,3.420256
31/01/2022,3512,3.420385
31/01/2022,3513,3.420513
31/01/2022,3514,3.420641
31/01/2022,3515,3.420769
31/01/2022,3516,3.420897
31/01/2022,3517,3.421026
31/01/2022,3518,3.421154
31/01/2022,3519,3.421282
31/01/2022,3520,3.42141
31/01/2022,3521,3.421538
31/01/2022,3522,3.421667
31/01/2022,3523,3.421795
31/01/2022,3524,3.421923
31/01/2022,3525,3.422051
31/01/2022,3526,3.422179
31/01/2022,3527,3.422308
31/01/2022,3528,3.422436
31/01/2022,3529,3.422564
31/01/2022,3530,3.422692
31/01/2022,3531,3.422821
31/01/2022,3532,3.422949
31/01/2022,3533,3.423077
31/01/2022,3534,3.423205
31/01/2022,3535,3.423333
31/01/2022,3536,3.423462
31/01/2022,3537,3.42359
31/01/2022,3538,3.423718
31/01/2022,3539,3.423846
31/01/2022,3540,3.423974
31/01/2022,3541,3.424103
31/01/2022,3542,3.424231
31/01/2022,3543,3.424359
31/01/2022,3544,3.424487
31/01/2022,3545,3.424615
31/01/2022,3546,3.424744
31/01/2022,3547,3.424872
31/01/2022,3548,3.425
31/01/2022,3549,3.425128
31/01/2022,3550,3.425256
31/01/2022,3551,3.425385
31/01/2022,3552,3.425513
31/01/2022,3553,3.425641
31/01/2022,3554,3.425769
31/01/2022,3555,3.425897
31/01/2022,3556,3.426026
31/01/2022,3557,3.426154
31/01/2022,3558,3.426282
31/01/2022,3559,3.42641
31/01/2022,3560,3.426538
31/01/2022,3561,3.426667
31/01/2022,3562,3.426795
31/01/2022,3563,3.426923
31/01/2022,3564,3.427051
31/01/2022,3565,3.427179
31/01/2022,3566,3.427308
31/01/2022,3567,3.427436
31/01/2022,3568,3.427564
31/01/2022,3569,3.427692
31/01/2022,3570,3.427821
31/01/2022,3571,3.427949
31/01/2022,3572,3.428077
31/01/2022,3573,3.428205
31/01/2022,3574,3.428333
31/01/2022,3575,3.428462
31/01/2022,3576,3.42859
31/01/2022,3577,3.428718
31/01/2022,3578,3.428846
31/01/2022,3579,3.428974
31/01/2022,3580,3.429103
31/01/2022,3581,3.429231
31/01/2022,3582,3.429359
31/01/2022,3583,3.429487
31/01/2022,3584,3.429615
31/01/2022,3585,3.429744
31/01/2022,3586,3.429872
31/01/2022,3587,3.43
31/01/2022,3588,3.430137
31/01/2022,3589,3.430275
31/01/2022,3590,3.430412
31/01/2022,3591,3.430549
31/01/2022,3592,3.430687
31/01/2022,3593,3.430824
31/01/2022,3594,3.430962
31/01/2022,3595,3.431099
31/01/2022,3596,3.431236
31/01/2022,3597,3.431374
31/01/2022,3598,3.431511
31/01/2022,3599,3.431648
31/01/2022,3600,3.431786
31/01/2022,3601,3.431923
31/01/2022,3602,3.43206
31/01/2022,3603,3.432198
31/01/2022,3604,3.432335
31/01/2022,3605,3.432473
31/01/2022,3606,3.43261
31/01/2022,3607,3.432747
31/01/2022,3608,3.432885
31/01/2022,3609,3.433022
31/01/2022,3610,3.433159
31/01/2022,3611,3.433297
31/01/2022,3612,3.433434
31/01/2022,3613,3.433571
31/01/2022,3614,3.433709
31/01/2022,3615,3.433846
31/01/2022,3616,3.433984
31/01/2022,3617,3.434121
31/01/2022,3618,3.434258
31/01/2022,3619,3.434396
31/01/2022,3620,3.434533
31/01/2022,3621,3.43467
31/01/2022,3622,3.434808
31/01/2022,3623,3.434945
31/01/2022,3624,3.435082
31/01/2022,3625,3.43522
31/01/2022,3626,3.435357
31/01/2022,3627,3.435495
31/01/2022,3628,3.435632
31/01/2022,3629,3.435769
31/01/2022,3630,3.435907
31/01/2022,3631,3.436044
31/01/2022,3632,3.436181
31/01/2022,3633,3.436319
31/01/2022,3634,3.436456
31/01/2022,3635,3.436593
31/01/2022,3636,3.436731
31/01/2022,3637,3.436868
31/01/2022,3638,3.437005
31/01/2022,3639,3.437143
31/01/2022,3640,3.43728
31/01/2022,3641,3.437418
31/01/2022,3642,3.437555
31/01/2022,3643,3.437692
31/01/2022,3644,3.43783
31/01/2022,3645,3.437967
31/01/2022,3646,3.438104
31/01/2022,3647,3.438242
31/01/2022,3648,3.438379
31/01/2022,3649,3.438516
31/01/2022,3650,3.438654
31/01/2022,3651,3.438791
31/01/2022,3652,3.438929
31/01/2022,3653,3.439066
31/01/2022,3654,3.439203
31/01/2022,3655,3.439341
31/01/2022,3656,3.439478
31/01/2022,3657,3.439615
31/01/2022,3658,3.439753
31/01/2022,3659,3.43989
31/01/2022,3660,3.440027
31/01/2022,3661,3.440165
31/01/2022,3662,3.440302
31/01/2022,3663,3.44044
31/01/2022,3664,3.440577
31/01/2022,3665,3.440714
31/01/2022,3666,3.440852
31/01/2022,3667,3.440989
31/01/2022,3668,3.441126
31/01/2022,3669,3.441264
31/01/2022,3670,3.441401
31/01/2022,3671,3.441538
31/01/2022,3672,3.441676
31/01/2022,3673,3.441813
31/01/2022,3674,3.441951
31/01/2022,3675,3.442088
31/01/2022,3676,3.442225
31/01/2022,3677,3.442363
31/01/2022,3678,3.4425
31/01/2022,3679,3.442637
31/01/2022,3680,3.442775
31/01/2022,3681,3.442912
31/01/2022,3682,3.443049
31/01/2022,3683,3.443187
31/01/2022,3684,3.443324
31/01/2022,3685,3.443462
31/01/2022,3686,3.443599
31/01/2022,3687,3.443736
31/01/2022,3688,3.443874
31/01/2022,3689,3.444011
31/01/2022,3690,3.444148
31/01/2022,3691,3.444286
31/01/2022,3692,3.444423
31/01/2022,3693,3.44456
31/01/2022,3694,3.444698
31/01/2022,3695,3.444835
31/01/2022,3696,3.444973
31/01/2022,3697,3.44511
31/01/2022,3698,3.445247
31/01/2022,3699,3.445385
31/01/2022,3700,3.445522
31/01/2022,3701,3.445659
31/01/2022,3702,3.445797
31/01/2022,3703,3.445934
31/01/2022,3704,3.446071
31/01/2022,3705,3.446209
31/01/2022,3706,3.446346
31/01/2022,3707,3.446484
31/01/2022,3708,3.446621
31/01/2022,3709,3.446758
31/01/2022,3710,3.446896
31/01/2022,3711,3.447033
31/01/2022,3712,3.44717
31/01/2022,3713,3.447308
31/01/2022,3714,3.447445
31/01/2022,3715,3.447582
31/01/2022,3716,3.44772
31/01/2022,3717,3.447857
31/01/2022,3718,3.447995
31/01/2022,3719,3.448132
31/01/2022,3720,3.448269
31/01/2022,3721,3.448407
31/01/2022,3722,3.448544
31/01/2022,3723,3.448681
31/01/2022,3724,3.448819
31/01/2022,3725,3.448956
31/01/2022,3726,3.449093
31/01/2022,3727,3.449231
31/01/2022,3728,3.449368
31/01/2022,3729,3.449505
31/01/2022,3730,3.449643
31/01/2022,3731,3.44978
31/01/2022,3732,3.449918
31/01/2022,3733,3.450055
31/01/2022,3734,3.450192
31/01/2022,3735,3.45033
31/01/2022,3736,3.450467
31/01/2022,3737,3.450604
31/01/2022,3738,3.450742
31/01/2022,3739,3.450879
31/01/2022,3740,3.451016
31/01/2022,3741,3.451154
31/01/2022,3742,3.451291
31/01/2022,3743,3.451429
31/01/2022,3744,3.451566
31/01/2022,3745,3.451703
31/01/2022,3746,3.451841
31/01/2022,3747,3.451978
31/01/2022,3748,3.452115
31/01/2022,3749,3.452253
31/01/2022,3750,3.45239
31/01/2022,3751,3.452527
31/01/2022,3752,3.452665
31/01/2022,3753,3.452802
31/01/2022,3754,3.45294
31/01/2022,3755,3.453077
31/01/2022,3756,3.453214
31/01/2022,3757,3.453352
31/01/2022,3758,3.453489
31/01/2022,3759,3.453626
31/01/2022,3760,3.453764
31/01/2022,3761,3.453901
31/01/2022,3762,3.454038
31/01/2022,3763,3.454176
31/01/2022,3764,3.454313
31/01/2022,3765,3.454451
31/01/2022,3766,3.454588
31/01/2022,3767,3.454725
31/01/2022,3768,3.454863
31/01/2022,3769,3.455
31/01/2022,3770,3.455137
31/01/2022,3771,3.455275
31/01/2022,3772,3.455412
31/01/2022,3773,3.455549
31/01/2022,3774,3.455687
31/01/2022,3775,3.455824
31/01/2022,3776,3.455962
31/01/2022,3777,3.456099
31/01/2022,3778,3.456236
31/01/2022,3779,3.456374
31/01/2022,3780,3.456511
31/01/2022,3781,3.456648
31/01/2022,3782,3.456786
31/01/2022,3783,3.456923
31/01/2022,3784,3.45706
31/01/2022,3785,3.457198
31/01/2022,3786,3.457335
31/01/2022,3787,3.457473
31/01/2022,3788,3.45761
31/01/2022,3789,3.457747
31/01/2022,3790,3.457885
31/01/2022,3791,3.458022
31/01/2022,3792,3.458159
31/01/2022,3793,3.458297
31/01/2022,3794,3.458434
31/01/2022,3795,3.458571
31/01/2022,3796,3.458709
31/01/2022,3797,3.458846
31/01/2022,3798,3.458984
31/01/2022,3799,3.459121
31/01/2022,3800,3.459258
31/01/2022,3801,3.459396
31/01/2022,3802,3.459533
31/01/2022,3803,3.45967
31/01/2022,3804,3.459808
31/01/2022,3805,3.459945
31/01/2022,3806,3.460082
31/01/2022,3807,3.46022
31/01/2022,3808,3.460357
31/01/2022,3809,3.460495
31/01/2022,3810,3.460632
31/01/2022,3811,3.460769
31/01/2022,3812,3.460907
31/01/2022,3813,3.461044
31/01/2022,3814,3.461181
31/01/2022,3815,3.461319
31/01/2022,3816,3.461456
31/01/2022,3817,3.461593
31/01/2022,3818,3.461731
31/01/2022,3819,3.461868
31/01/2022,3820,3.462005
31/01/2022,3821,3.462143
31/01/2022,3822,3.46228
31/01/2022,3823,3.462418
31/01/2022,3824,3.462555
31/01/2022,3825,3.462692
31/01/2022,3826,3.46283
31/01/2022,3827,3.462967
31/01/2022,3828,3.463104
31/01/2022,3829,3.463242
31/01/2022,3830,3.463379
31/01/2022,3831,3.463516
31/01/2022,3832,3.463654
31/01/2022,3833,3.463791
31/01/2022,3834,3.463929
31/01/2022,3835,3.464066
31/01/2022,3836,3.464203
31/01/2022,3837,3.464341
31/01/2022,3838,3.464478
31/01/2022,3839,3.464615
31/01/2022,3840,3.464753
31/01/2022,3841,3.46489
31/01/2022,3842,3.465027
31/01/2022,3843,3.465165
31/01/2022,3844,3.465302
31/01/2022,3845,3.46544
31/01/2022,3846,3.465577
31/01/2022,3847,3.465714
31/01/2022,3848,3.465852
31/01/2022,3849,3.465989
31/01/2022,3850,3.466126
31/01/2022,3851,3.466264
31/01/2022,3852,3.466401
31/01/2022,3853,3.466538
31/01/2022,3854,3.466676
31/01/2022,3855,3.466813
31/01/2022,3856,3.466951
31/01/2022,3857,3.467088
31/01/2022,3858,3.467225
31/01/2022,3859,3.467363
31/01/2022,3860,3.4675
31/01/2022,3861,3.467637
31/01/2022,3862,3.467775
31/01/2022,3863,3.467912
31/01/2022,3864,3.468049
31/01/2022,3865,3.468187
31/01/2022,3866,3.468324
31/01/2022,3867,3.468462
31/01/2022,3868,3.468599
31/01/2022,3869,3.468736
31/01/2022,3870,3.468874
31/01/2022,3871,3.469011
31/01/2022,3872,3.469148
31/01/2022,3873,3.469286
31/01/2022,3874,3.469423
31/01/2022,3875,3.46956
31/01/2022,3876,3.469698
31/01/2022,3877,3.469835
31/01/2022,3878,3.469973
31/01/2022,3879,3.47011
31/01/2022,3880,3.470247
31/01/2022,3881,3.470385
31/01/2022,3882,3.470522
31/01/2022,3883,3.470659
31/01/2022,3884,3.470797
31/01/2022,3885,3.470934
31/01/2022,3886,3.471071
31/01/2022,3887,3.471209
31/01/2022,3888,3.471346
31/01/2022,3889,3.471484
31/01/2022,3890,3.471621
31/01/2022,3891,3.471758
31/01/2022,3892,3.471896
31/01/2022,3893,3.472033
31/01/2022,3894,3.47217
31/01/2022,3895,3.472308
31/01/2022,3896,3.472445
31/01/2022,3897,3.472582
31/01/2022,3898,3.47272
31/01/2022,3899,3.472857
31/01/2022,3900,3.472995
31/01/2022,3901,3.473132
31/01/2022,3902,3.473269
31/01/2022,3903,3.473407
31/01/2022,3904,3.473544
31/01/2022,3905,3.473681
31/01/2022,3906,3.473819
31/01/2022,3907,3.473956
31/01/2022,3908,3.474093
31/01/2022,3909,3.474231
31/01/2022,3910,3.474368
31/01/2022,3911,3.474505
31/01/2022,3912,3.474643
31/01/2022,3913,3.47478
31/01/2022,3914,3.474918
31/01/2022,3915,3.475055
31/01/2022,3916,3.475192
31/01/2022,3917,3.47533
31/01/2022,3918,3.475467
31/01/2022,3919,3.475604
31/01/2022,3920,3.475742
31/01/2022,3921,3.475879
31/01/2022,3922,3.476016
31/01/2022,3923,3.476154
31/01/2022,3924,3.476291
31/01/2022,3925,3.476429
31/01/2022,3926,3.476566
31/01/2022,3927,3.476703
31/01/2022,3928,3.476841
31/01/2022,3929,3.476978
31/01/2022,3930,3.477115
31/01/2022,3931,3.477253
31/01/2022,3932,3.47739
31/01/2022,3933,3.477527
31/01/2022,3934,3.477665
31/01/2022,3935,3.477802
31/01/2022,3936,3.47794
31/01/2022,3937,3.478077
31/01/2022,3938,3.478214
31/01/2022,3939,3.478352
31/01/2022,3940,3.478489
31/01/2022,3941,3.478626
31/01/2022,3942,3.478764
31/01/2022,3943,3.478901
31/01/2022,3944,3.479038
31/01/2022,3945,3.479176
31/01/2022,3946,3.479313
31/01/2022,3947,3.479451
31/01/2022,3948,3.479588
31/01/2022,3949,3.479725
31/01/2022,3950,3.479863
31/01/2022,3951,3.48
31/01/2022,3952,3.480137
31/01/2022,3953,3.480275
31/01/2022,3954,3.480412
31/01/2022,3955,3.480549
31/01/2022,3956,3.480687
31/01/2022,3957,3.480824
31/01/2022,3958,3.480962
31/01/2022,3959,3.481099
31/01/2022,3960,3.481236
31/01/2022,3961,3.481374
31/01/2022,3962,3.481511
31/01/2022,3963,3.481648
31/01/2022,3964,3.481786
31/01/2022,3965,3.481923
31/01/2022,3966,3.48206
31/01/2022,3967,3.482198
31/01/2022,3968,3.482335
31/01/2022,3969,3.482473
31/01/2022,3970,3.48261
31/01/2022,3971,3.482747
31/01/2022,3972,3.482885
31/01/2022,3973,3.483022
31/01/2022,3974,3.483159
31/01/2022,3975,3.483297
31/01/2022,3976,3.483434
31/01/2022,3977,3.483571
31/01/2022,3978,3.483709
31/01/2022,3979,3.483846
31/01/2022,3980,3.483984
31/01/2022,3981,3.484121
31/01/2022,3982,3.484258
31/01/2022,3983,3.484396
31/01/2022,3984,3.484533
31/01/2022,3985,3.48467
31/01/2022,3986,3.484808
31/01/2022,3987,3.484945
31/01/2022,3988,3.485082
31/01/2022,3989,3.48522
31/01/2022,3990,3.485357
31/01/2022,3991,3.485495
31/01/2022,3992,3.485632
31/01/2022,3993,3.485769
31/01/2022,3994,3.485907
31/01/2022,3995,3.486044
31/01/2022,3996,3.486181
31/01/2022,3997,3.486319
31/01/2022,3998,3.486456
31/01/2022,3999,3.486593
31/01/2022,4000,3.486731
31/01/2022,4001,3.486868
31/01/2022,4002,3.487005
31/01/2022,4003,3.487143
31/01/2022,4004,3.48728
31/01/2022,4005,3.487418
31/01/2022,4006,3.487555
31/01/2022,4007,3.487692
31/01/2022,4008,3.48783
31/01/2022,4009,3.487967
31/01/2022,4010,3.488104
31/01/2022,4011,3.488242
31/01/2022,4012,3.488379
31/01/2022,4013,3.488516
31/01/2022,4014,3.488654
31/01/2022,4015,3.488791
31/01/2022,4016,3.488929
31/01/2022,4017,3.489066
31/01/2022,4018,3.489203
31/01/2022,4019,3.489341
31/01/2022,4020,3.489478
31/01/2022,4021,3.489615
31/01/2022,4022,3.489753
31/01/2022,4023,3.48989
31/01/2022,4024,3.490027
31/01/2022,4025,3.490165
31/01/2022,4026,3.490302
31/01/2022,4027,3.49044
31/01/2022,4028,3.490577
31/01/2022,4029,3.490714
31/01/2022,4030,3.490852
31/01/2022,4031,3.490989
31/01/2022,4032,3.491126
31/01/2022,4033,3.491264
31/01/2022,4034,3.491401
31/01/2022,4035,3.491538
31/01/2022,4036,3.491676
31/01/2022,4037,3.491813
31/01/2022,4038,3.491951
31/01/2022,4039,3.492088
31/01/2022,4040,3.492225
31/01/2022,4041,3.492363
31/01/2022,4042,3.4925
31/01/2022,4043,3.492637
31/01/2022,4044,3.492775
31/01/2022,4045,3.492912
31/01/2022,4046,3.493049
31/01/2022,4047,3.493187
31/01/2022,4048,3.493324
31/01/2022,4049,3.493462
31/01/2022,4050,3.493599
31/01/2022,4051,3.493736
31/01/2022,4052,3.493874
31/01/2022,4053,3.494011
31/01/2022,4054,3.494148
31/01/2022,4055,3.494286
31/01/2022,4056,3.494423
31/01/2022,4057,3.49456
31/01/2022,4058,3.494698
31/01/2022,4059,3.494835
31/01/2022,4060,3.494973
31/01/2022,4061,3.49511
31/01/2022,4062,3.495247
31/01/2022,4063,3.495385
31/01/2022,4064,3.495522
31/01/2022,4065,3.495659
31/01/2022,4066,3.495797
31/01/2022,4067,3.495934
31/01/2022,4068,3.496071
31/01/2022,4069,3.496209
31/01/2022,4070,3.496346
31/01/2022,4071,3.496484
31/01/2022,4072,3.496621
31/01/2022,4073,3.496758
31/01/2022,4074,3.496896
31/01/2022,4075,3.497033
31/01/2022,4076,3.49717
31/01/2022,4077,3.497308
31/01/2022,4078,3.497445
31/01/2022,4079,3.497582
31/01/2022,4080,3.49772
31/01/2022,4081,3.497857
31/01/2022,4082,3.497995
31/01/2022,4083,3.498132
31/01/2022,4084,3.498269
31/01/2022,4085,3.498407
31/01/2022,4086,3.498544
31/01/2022,4087,3.498681
31/01/2022,4088,3.498819
31/01/2022,4089,3.498956
31/01/2022,4090,3.499093
31/01/2022,4091,3.499231
31/01/2022,4092,3.499368
31/01/2022,4093,3.499505
31/01/2022,4094,3.499643
31/01/2022,4095,3.49978
31/01/2022,4096,3.499918
31/01/2022,4097,3.500055
31/01/2022,4098,3.500192
31/01/2022,4099,3.50033
31/01/2022,4100,3.500467
31/01/2022,4101,3.500604
31/01/2022,4102,3.500742
31/01/2022,4103,3.500879
31/01/2022,4104,3.501016
31/01/2022,4105,3.501154
31/01/2022,4106,3.501291
31/01/2022,4107,3.501429
31/01/2022,4108,3.501566
31/01/2022,4109,3.501703
31/01/2022,4110,3.501841
31/01/2022,4111,3.501978
31/01/2022,4112,3.502115
31/01/2022,4113,3.502253
31/01/2022,4114,3.50239
31/01/2022,4115,3.502527
31/01/2022,4116,3.502665
31/01/2022,4117,3.502802
31/01/2022,4118,3.50294
31/01/2022,4119,3.503077
31/01/2022,4120,3.503214
31/01/2022,4121,3.503352
31/01/2022,4122,3.503489
31/01/2022,4123,3.503626
31/01/2022,4124,3.503764
31/01/2022,4125,3.503901
31/01/2022,4126,3.504038
31/01/2022,4127,3.504176
31/01/2022,4128,3.504313
31/01/2022,4129,3.504451
31/01/2022,4130,3.504588
31/01/2022,4131,3.504725
31/01/2022,4132,3.504863
31/01/2022,4133,3.505
31/01/2022,4134,3.505137
31/01/2022,4135,3.505275
31/01/2022,4136,3.505412
31/01/2022,4137,3.505549
31/01/2022,4138,3.505687
31/01/2022,4139,3.505824
31/01/2022,4140,3.505962
31/01/2022,4141,3.506099
31/01/2022,4142,3.506236
31/01/2022,4143,3.506374
31/01/2022,4144,3.506511
31/01/2022,4145,3.506648
31/01/2022,4146,3.506786
31/01/2022,4147,3.506923
31/01/2022,4148,3.50706
31/01/2022,4149,3.507198
31/01/2022,4150,3.507335
31/01/2022,4151,3.507473
31/01/2022,4152,3.50761
31/01/2022,4153,3.507747
31/01/2022,4154,3.507885
31/01/2022,4155,3.508022
31/01/2022,4156,3.508159
31/01/2022,4157,3.508297
31/01/2022,4158,3.508434
31/01/2022,4159,3.508571
31/01/2022,4160,3.508709
31/01/2022,4161,3.508846
31/01/2022,4162,3.508984
31/01/2022,4163,3.509121
31/01/2022,4164,3.509258
31/01/2022,4165,3.509396
31/01/2022,4166,3.509533
31/01/2022,4167,3.50967
31/01/2022,4168,3.509808
31/01/2022,4169,3.509945
31/01/2022,4170,3.510082
31/01/2022,4171,3.51022
31/01/2022,4172,3.510357
31/01/2022,4173,3.510495
31/01/2022,4174,3.510632
31/01/2022,4175,3.510769
31/01/2022,4176,3.510907
31/01/2022,4177,3.511044
31/01/2022,4178,3.511181
31/01/2022,4179,3.511319
31/01/2022,4180,3.511456
31/01/2022,4181,3.511593
31/01/2022,4182,3.511731
31/01/2022,4183,3.511868
31/01/2022,4184,3.512005
31/01/2022,4185,3.512143
31/01/2022,4186,3.51228
31/01/2022,4187,3.512418
31/01/2022,4188,3.512555
31/01/2022,4189,3.512692
31/01/2022,4190,3.51283
31/01/2022,4191,3.512967
31/01/2022,4192,3.513104
31/01/2022,4193,3.513242
31/01/2022,4194,3.513379
31/01/2022,4195,3.513516
31/01/2022,4196,3.513654
31/01/2022,4197,3.513791
31/01/2022,4198,3.513929
31/01/2022,4199,3.514066
31/01/2022,4200,3.514203
31/01/2022,4201,3.514341
31/01/2022,4202,3.514478
31/01/2022,4203,3.514615
31/01/2022,4204,3.514753
31/01/2022,4205,3.51489
31/01/2022,4206,3.515027
31/01/2022,4207,3.515165
31/01/2022,4208,3.515302
31/01/2022,4209,3.51544
31/01/2022,4210,3.515577
31/01/2022,4211,3.515714
31/01/2022,4212,3.515852
31/01/2022,4213,3.515989
31/01/2022,4214,3.516126
31/01/2022,4215,3.516264
31/01/2022,4216,3.516401
31/01/2022,4217,3.516538
31/01/2022,4218,3.516676
31/01/2022,4219,3.516813
31/01/2022,4220,3.516951
31/01/2022,4221,3.517088
31/01/2022,4222,3.517225
31/01/2022,4223,3.517363
31/01/2022,4224,3.5175
31/01/2022,4225,3.517637
31/01/2022,4226,3.517775
31/01/2022,4227,3.517912
31/01/2022,4228,3.518049
31/01/2022,4229,3.518187
31/01/2022,4230,3.518324
31/01/2022,4231,3.518462
31/01/2022,4232,3.518599
31/01/2022,4233,3.518736
31/01/2022,4234,3.518874
31/01/2022,4235,3.519011
31/01/2022,4236,3.519148
31/01/2022,4237,3.519286
31/01/2022,4238,3.519423
31/01/2022,4239,3.51956
31/01/2022,4240,3.519698
31/01/2022,4241,3.519835
31/01/2022,4242,3.519973
31/01/2022,4243,3.52011
31/01/2022,4244,3.520247
31/01/2022,4245,3.520385
31/01/2022,4246,3.520522
31/01/2022,4247,3.520659
31/01/2022,4248,3.520797
31/01/2022,4249,3.520934
31/01/2022,4250,3.521071
31/01/2022,4251,3.521209
31/01/2022,4252,3.521346
31/01/2022,4253,3.521484
31/01/2022,4254,3.521621
31/01/2022,4255,3.521758
31/01/2022,4256,3.521896
31/01/2022,4257,3.522033
31/01/2022,4258,3.52217
31/01/2022,4259,3.522308
31/01/2022,4260,3.522445
31/01/2022,4261,3.522582
31/01/2022,4262,3.52272
31/01/2022,4263,3.522857
31/01/2022,4264,3.522995
31/01/2022,4265,3.523132
31/01/2022,4266,3.523269
31/01/2022,4267,3.523407
31/01/2022,4268,3.523544
31/01/2022,4269,3.523681
31/01/2022,4270,3.523819
31/01/2022,4271,3.523956
31/01/2022,4272,3.524093
31/01/2022,4273,3.524231
31/01/2022,4274,3.524368
31/01/2022,4275,3.524505
31/01/2022,4276,3.524643
31/01/2022,4277,3.52478
31/01/2022,4278,3.524918
31/01/2022,4279,3.525055
31/01/2022,4280,3.525192
31/01/2022,4281,3.52533
31/01/2022,4282,3.525467
31/01/2022,4283,3.525604
31/01/2022,4284,3.525742
31/01/2022,4285,3.525879
31/01/2022,4286,3.526016
31/01/2022,4287,3.526154
31/01/2022,4288,3.526291
31/01/2022,4289,3.526429
31/01/2022,4290,3.526566
31/01/2022,4291,3.526703
31/01/2022,4292,3.526841
31/01/2022,4293,3.526978
31/01/2022,4294,3.527115
31/01/2022,4295,3.527253
31/01/2022,4296,3.52739
31/01/2022,4297,3.527527
31/01/2022,4298,3.527665
31/01/2022,4299,3.527802
31/01/2022,4300,3.52794
31/01/2022,4301,3.528077
31/01/2022,4302,3.528214
31/01/2022,4303,3.528352
31/01/2022,4304,3.528489
31/01/2022,4305,3.528626
31/01/2022,4306,3.528764
31/01/2022,4307,3.528901
31/01/2022,4308,3.529038
31/01/2022,4309,3.529176
31/01/2022,4310,3.529313
31/01/2022,4311,3.529451
31/01/2022,4312,3.529588
31/01/2022,4313,3.529725
31/01/2022,4314,3.529863
31/01/2022,4315,3.53
31/01/2022,4316,3.530137
31/01/2022,4317,3.530275
31/01/2022,4318,3.530412
31/01/2022,4319,3.530549
31/01/2022,4320,3.530687
31/01/2022,4321,3.530824
31/01/2022,4322,3.530962
31/01/2022,4323,3.531099
31/01/2022,4324,3.531236
31/01/2022,4325,3.531374
31/01/2022,4326,3.531511
31/01/2022,4327,3.531648
31/01/2022,4328,3.531786
31/01/2022,4329,3.531923
31/01/2022,4330,3.53206
31/01/2022,4331,3.532198
31/01/2022,4332,3.532335
31/01/2022,4333,3.532473
31/01/2022,4334,3.53261
31/01/2022,4335,3.532747
31/01/2022,4336,3.532885
31/01/2022,4337,3.533022
31/01/2022,4338,3.533159
31/01/2022,4339,3.533297
31/01/2022,4340,3.533434
31/01/2022,4341,3.533571
31/01/2022,4342,3.533709
31/01/2022,4343,3.533846
31/01/2022,4344,3.533984
31/01/2022,4345,3.534121
31/01/2022,4346,3.534258
31/01/2022,4347,3.534396
31/01/2022,4348,3.534533
31/01/2022,4349,3.53467
31/01/2022,4350,3.534808
31/01/2022,4351,3.534945
31/01/2022,4352,3.535082
31/01/2022,4353,3.53522
31/01/2022,4354,3.535357
31/01/2022,4355,3.535495
31/01/2022,4356,3.535632
31/01/2022,4357,3.535769
31/01/2022,4358,3.535907
31/01/2022,4359,3.536044
31/01/2022,4360,3.536181
31/01/2022,4361,3.536319
31/01/2022,4362,3.536456
31/01/2022,4363,3.536593
31/01/2022,4364,3.536731
31/01/2022,4365,3.536868
31/01/2022,4366,3.537005
31/01/2022,4367,3.537143
31/01/2022,4368,3.53728
31/01/2022,4369,3.537418
31/01/2022,4370,3.537555
31/01/2022,4371,3.537692
31/01/2022,4372,3.53783
31/01/2022,4373,3.537967
31/01/2022,4374,3.538104
31/01/2022,4375,3.538242
31/01/2022,4376,3.538379
31/01/2022,4377,3.538516
31/01/2022,4378,3.538654
31/01/2022,4379,3.538791
31/01/2022,4380,3.538929
31/01/2022,4381,3.539066
31/01/2022,4382,3.539203
31/01/2022,4383,3.539341
31/01/2022,4384,3.539478
31/01/2022,4385,3.539615
31/01/2022,4386,3.539753
31/01/2022,4387,3.53989
31/01/2022,4388,3.540027
31/01/2022,4389,3.540165
31/01/2022,4390,3.540302
31/01/2022,4391,3.54044
31/01/2022,4392,3.540577
31/01/2022,4393,3.540714
31/01/2022,4394,3.540852
31/01/2022,4395,3.540989
31/01/2022,4396,3.541126
31/01/2022,4397,3.541264
31/01/2022,4398,3.541401
31/01/2022,4399,3.541538
31/01/2022,4400,3.541676
31/01/2022,4401,3.541813
31/01/2022,4402,3.541951
31/01/2022,4403,3.542088
31/01/2022,4404,3.542225
31/01/2022,4405,3.542363
31/01/2022,4406,3.5425
31/01/2022,4407,3.542637
31/01/2022,4408,3.542775
31/01/2022,4409,3.542912
31/01/2022,4410,3.543049
31/01/2022,4411,3.543187
31/01/2022,4412,3.543324
31/01/2022,4413,3.543462
31/01/2022,4414,3.543599
31/01/2022,4415,3.543736
31/01/2022,4416,3.543874
31/01/2022,4417,3.544011
31/01/2022,4418,3.544148
31/01/2022,4419,3.544286
31/01/2022,4420,3.544423
31/01/2022,4421,3.54456
31/01/2022,4422,3.544698
31/01/2022,4423,3.544835
31/01/2022,4424,3.544973
31/01/2022,4425,3.54511
31/01/2022,4426,3.545247
31/01/2022,4427,3.545385
31/01/2022,4428,3.545522
31/01/2022,4429,3.545659
31/01/2022,4430,3.545797
31/01/2022,4431,3.545934
31/01/2022,4432,3.546071
31/01/2022,4433,3.546209
31/01/2022,4434,3.546346
31/01/2022,4435,3.546484
31/01/2022,4436,3.546621
31/01/2022,4437,3.546758
31/01/2022,4438,3.546896
31/01/2022,4439,3.547033
31/01/2022,4440,3.54717
31/01/2022,4441,3.547308
31/01/2022,4442,3.547445
31/01/2022,4443,3.547582
31/01/2022,4444,3.54772
31/01/2022,4445,3.547857
31/01/2022,4446,3.547995
31/01/2022,4447,3.548132
31/01/2022,4448,3.548269
31/01/2022,4449,3.548407
31/01/2022,4450,3.548544
31/01/2022,4451,3.548681
31/01/2022,4452,3.548819
31/01/2022,4453,3.548956
31/01/2022,4454,3.549093
31/01/2022,4455,3.549231
31/01/2022,4456,3.549368
31/01/2022,4457,3.549505
31/01/2022,4458,3.549643
31/01/2022,4459,3.54978
31/01/2022,4460,3.549918
31/01/2022,4461,3.550055
31/01/2022,4462,3.550192
31/01/2022,4463,3.55033
31/01/2022,4464,3.550467
31/01/2022,4465,3.550604
31/01/2022,4466,3.550742
31/01/2022,4467,3.550879
31/01/2022,4468,3.551016
31/01/2022,4469,3.551154
31/01/2022,4470,3.551291
31/01/2022,4471,3.551429
31/01/2022,4472,3.551566
31/01/2022,4473,3.551703
31/01/2022,4474,3.551841
31/01/2022,4475,3.551978
31/01/2022,4476,3.552115
31/01/2022,4477,3.552253
31/01/2022,4478,3.55239
31/01/2022,4479,3.552527
31/01/2022,4480,3.552665
31/01/2022,4481,3.552802
31/01/2022,4482,3.55294
31/01/2022,4483,3.553077
31/01/2022,4484,3.553214
31/01/2022,4485,3.553352
31/01/2022,4486,3.553489
31/01/2022,4487,3.553626
31/01/2022,4488,3.553764
31/01/2022,4489,3.553901
31/01/2022,4490,3.554038
31/01/2022,4491,3.554176
31/01/2022,4492,3.554313
31/01/2022,4493,3.554451
31/01/2022,4494,3.554588
31/01/2022,4495,3.554725
31/01/2022,4496,3.554863
31/01/2022,4497,3.555
31/01/2022,4498,3.555137
31/01/2022,4499,3.555275
31/01/2022,4500,3.555412
31/01/2022,4501,3.555549
31/01/2022,4502,3.555687
31/01/2022,4503,3.555824
31/01/2022,4504,3.555962
31/01/2022,4505,3.556099
31/01/2022,4506,3.556236
31/01/2022,4507,3.556374
31/01/2022,4508,3.556511
31/01/2022,4509,3.556648
31/01/2022,4510,3.556786
31/01/2022,4511,3.556923
31/01/2022,4512,3.55706
31/01/2022,4513,3.557198
31/01/2022,4514,3.557335
31/01/2022,4515,3.557473
31/01/2022,4516,3.55761
31/01/2022,4517,3.557747
31/01/2022,4518,3.557885
31/01/2022,4519,3.558022
31/01/2022,4520,3.558159
31/01/2022,4521,3.558297
31/01/2022,4522,3.558434
31/01/2022,4523,3.558571
31/01/2022,4524,3.558709
31/01/2022,4525,3.558846
31/01/2022,4526,3.558984
31/01/2022,4527,3.559121
31/01/2022,4528,3.559258
31/01/2022,4529,3.559396
31/01/2022,4530,3.559533
31/01/2022,4531,3.55967
31/01/2022,4532,3.559808
31/01/2022,4533,3.559945
31/01/2022,4534,3.560082
31/01/2022,4535,3.56022
31/01/2022,4536,3.560357
31/01/2022,4537,3.560495
31/01/2022,4538,3.560632
31/01/2022,4539,3.560769
31/01/2022,4540,3.560907
31/01/2022,4541,3.561044
31/01/2022,4542,3.561181
31/01/2022,4543,3.561319
31/01/2022,4544,3.561456
31/01/2022,4545,3.561593
31/01/2022,4546,3.561731
31/01/2022,4547,3.561868
31/01/2022,4548,3.562005
31/01/2022,4549,3.562143
31/01/2022,4550,3.56228
31/01/2022,4551,3.562418
31/01/2022,4552,3.562555
31/01/2022,4553,3.562692
31/01/2022,4554,3.56283
31/01/2022,4555,3.562967
31/01/2022,4556,3.563104
31/01/2022,4557,3.563242
31/01/2022,4558,3.563379
31/01/2022,4559,3.563516
31/01/2022,4560,3.563654
31/01/2022,4561,3.563791
31/01/2022,4562,3.563929
31/01/2022,4563,3.564066
31/01/2022,4564,3.564203
31/01/2022,4565,3.564341
31/01/2022,4566,3.564478
31/01/2022,4567,3.564615
31/01/2022,4568,3.564753
31/01/2022,4569,3.56489
31/01/2022,4570,3.565027
31/01/2022,4571,3.565165
31/01/2022,4572,3.565302
31/01/2022,4573,3.56544
31/01/2022,4574,3.565577
31/01/2022,4575,3.565714
31/01/2022,4576,3.565852
31/01/2022,4577,3.565989
31/01/2022,4578,3.566126
31/01/2022,4579,3.566264
31/01/2022,4580,3.566401
31/01/2022,4581,3.566538
31/01/2022,4582,3.566676
31/01/2022,4583,3.566813
31/01/2022,4584,3.566951
31/01/2022,4585,3.567088
31/01/2022,4586,3.567225
31/01/2022,4587,3.567363
31/01/2022,4588,3.5675
31/01/2022,4589,3.567637
31/01/2022,4590,3.567775
31/01/2022,4591,3.567912
31/01/2022,4592,3.568049
31/01/2022,4593,3.568187
31/01/2022,4594,3.568324
31/01/2022,4595,3.568462
31/01/2022,4596,3.568599
31/01/2022,4597,3.568736
31/01/2022,4598,3.568874
31/01/2022,4599,3.569011
31/01/2022,4600,3.569148
31/01/2022,4601,3.569286
31/01/2022,4602,3.569423
31/01/2022,4603,3.56956
31/01/2022,4604,3.569698
31/01/2022,4605,3.569835
31/01/2022,4606,3.569973
31/01/2022,4607,3.57011
31/01/2022,4608,3.570247
31/01/2022,4609,3.570385
31/01/2022,4610,3.570522
31/01/2022,4611,3.570659
31/01/2022,4612,3.570797
31/01/2022,4613,3.570934
31/01/2022,4614,3.571071
31/01/2022,4615,3.571209
31/01/2022,4616,3.571346
31/01/2022,4617,3.571484
31/01/2022,4618,3.571621
31/01/2022,4619,3.571758
31/01/2022,4620,3.571896
31/01/2022,4621,3.572033
31/01/2022,4622,3.57217
31/01/2022,4623,3.572308
31/01/2022,4624,3.572445
31/01/2022,4625,3.572582
31/01/2022,4626,3.57272
31/01/2022,4627,3.572857
31/01/2022,4628,3.572995
31/01/2022,4629,3.573132
31/01/2022,4630,3.573269
31/01/2022,4631,3.573407
31/01/2022,4632,3.573544
31/01/2022,4633,3.573681
31/01/2022,4634,3.573819
31/01/2022,4635,3.573956
31/01/2022,4636,3.574093
31/01/2022,4637,3.574231
31/01/2022,4638,3.574368
31/01/2022,4639,3.574505
31/01/2022,4640,3.574643
31/01/2022,4641,3.57478
31/01/2022,4642,3.574918
31/01/2022,4643,3.575055
31/01/2022,4644,3.575192
31/01/2022,4645,3.57533
31/01/2022,4646,3.575467
31/01/2022,4647,3.575604
31/01/2022,4648,3.575742
31/01/2022,4649,3.575879
31/01/2022,4650,3.576016
31/01/2022,4651,3.576154
31/01/2022,4652,3.576291
31/01/2022,4653,3.576429
31/01/2022,4654,3.576566
31/01/2022,4655,3.576703
31/01/2022,4656,3.576841
31/01/2022,4657,3.576978
31/01/2022,4658,3.577115
31/01/2022,4659,3.577253
31/01/2022,4660,3.57739
31/01/2022,4661,3.577527
31/01/2022,4662,3.577665
31/01/2022,4663,3.577802
31/01/2022,4664,3.57794
31/01/2022,4665,3.578077
31/01/2022,4666,3.578214
31/01/2022,4667,3.578352
31/01/2022,4668,3.578489
31/01/2022,4669,3.578626
31/01/2022,4670,3.578764
31/01/2022,4671,3.578901
31/01/2022,4672,3.579038
31/01/2022,4673,3.579176
31/01/2022,4674,3.579313
31/01/2022,4675,3.579451
31/01/2022,4676,3.579588
31/01/2022,4677,3.579725
31/01/2022,4678,3.579863
31/01/2022,4679,3.58
31/01/2022,4680,3.580137
31/01/2022,4681,3.580275
31/01/2022,4682,3.580412
31/01/2022,4683,3.580549
31/01/2022,4684,3.580687
31/01/2022,4685,3.580824
31/01/2022,4686,3.580962
31/01/2022,4687,3.581099
31/01/2022,4688,3.581236
31/01/2022,4689,3.581374
31/01/2022,4690,3.581511
31/01/2022,4691,3.581648
31/01/2022,4692,3.581786
31/01/2022,4693,3.581923
31/01/2022,4694,3.58206
31/01/2022,4695,3.582198
31/01/2022,4696,3.582335
31/01/2022,4697,3.582473
31/01/2022,4698,3.58261
31/01/2022,4699,3.582747
31/01/2022,4700,3.582885
31/01/2022,4701,3.583022
31/01/2022,4702,3.583159
31/01/2022,4703,3.583297
31/01/2022,4704,3.583434
31/01/2022,4705,3.583571
31/01/2022,4706,3.583709
31/01/2022,4707,3.583846
31/01/2022,4708,3.583984
31/01/2022,4709,3.584121
31/01/2022,4710,3.584258
31/01/2022,4711,3.584396
31/01/2022,4712,3.584533
31/01/2022,4713,3.58467
31/01/2022,4714,3.584808
31/01/2022,4715,3.584945
31/01/2022,4716,3.585082
31/01/2022,4717,3.58522
31/01/2022,4718,3.585357
31/01/2022,4719,3.585495
31/01/2022,4720,3.585632
31/01/2022,4721,3.585769
31/01/2022,4722,3.585907
31/01/2022,4723,3.586044
31/01/2022,4724,3.586181
31/01/2022,4725,3.586319
31/01/2022,4726,3.586456
31/01/2022,4727,3.586593
31/01/2022,4728,3.586731
31/01/2022,4729,3.586868
31/01/2022,4730,3.587005
31/01/2022,4731,3.587143
31/01/2022,4732,3.58728
31/01/2022,4733,3.587418
31/01/2022,4734,3.587555
31/01/2022,4735,3.587692
31/01/2022,4736,3.58783
31/01/2022,4737,3.587967
31/01/2022,4738,3.588104
31/01/2022,4739,3.588242
31/01/2022,4740,3.588379
31/01/2022,4741,3.588516
31/01/2022,4742,3.588654
31/01/2022,4743,3.588791
31/01/2022,4744,3.588929
31/01/2022,4745,3.589066
31/01/2022,4746,3.589203
31/01/2022,4747,3.589341
31/01/2022,4748,3.589478
31/01/2022,4749,3.589615
31/01/2022,4750,3.589753
31/01/2022,4751,3.58989
31/01/2022,4752,3.590027
31/01/2022,4753,3.590165
31/01/2022,4754,3.590302
31/01/2022,4755,3.59044
31/01/2022,4756,3.590577
31/01/2022,4757,3.590714
31/01/2022,4758,3.590852
31/01/2022,4759,3.590989
31/01/2022,4760,3.591126
31/01/2022,4761,3.591264
31/01/2022,4762,3.591401
31/01/2022,4763,3.591538
31/01/2022,4764,3.591676
31/01/2022,4765,3.591813
31/01/2022,4766,3.591951
31/01/2022,4767,3.592088
31/01/2022,4768,3.592225
31/01/2022,4769,3.592363
31/01/2022,4770,3.5925
31/01/2022,4771,3.592637
31/01/2022,4772,3.592775
31/01/2022,4773,3.592912
31/01/2022,4774,3.593049
31/01/2022,4775,3.593187
31/01/2022,4776,3.593324
31/01/2022,4777,3.593462
31/01/2022,4778,3.593599
31/01/2022,4779,3.593736
31/01/2022,4780,3.593874
31/01/2022,4781,3.594011
31/01/2022,4782,3.594148
31/01/2022,4783,3.594286
31/01/2022,4784,3.594423
31/01/2022,4785,3.59456
31/01/2022,4786,3.594698
31/01/2022,4787,3.594835
31/01/2022,4788,3.594973
31/01/2022,4789,3.59511
31/01/2022,4790,3.595247
31/01/2022,4791,3.595385
31/01/2022,4792,3.595522
31/01/2022,4793,3.595659
31/01/2022,4794,3.595797
31/01/2022,4795,3.595934
31/01/2022,4796,3.596071
31/01/2022,4797,3.596209
31/01/2022,4798,3.596346
31/01/2022,4799,3.596484
31/01/2022,4800,3.596621
31/01/2022,4801,3.596758
31/01/2022,4802,3.596896
31/01/2022,4803,3.597033
31/01/2022,4804,3.59717
31/01/2022,4805,3.597308
31/01/2022,4806,3.597445
31/01/2022,4807,3.597582
31/01/2022,4808,3.59772
31/01/2022,4809,3.597857
31/01/2022,4810,3.597995
31/01/2022,4811,3.598132
31/01/2022,4812,3.598269
31/01/2022,4813,3.598407
31/01/2022,4814,3.598544
31/01/2022,4815,3.598681
31/01/2022,4816,3.598819
31/01/2022,4817,3.598956
31/01/2022,4818,3.599093
31/01/2022,4819,3.599231
31/01/2022,4820,3.599368
31/01/2022,4821,3.599505
31/01/2022,4822,3.599643
31/01/2022,4823,3.59978
31/01/2022,4824,3.599918
31/01/2022,4825,3.600055
31/01/2022,4826,3.600192
31/01/2022,4827,3.60033
31/01/2022,4828,3.600467
31/01/2022,4829,3.600604
31/01/2022,4830,3.600742
31/01/2022,4831,3.600879
31/01/2022,4832,3.601016
31/01/2022,4833,3.601154
31/01/2022,4834,3.601291
31/01/2022,4835,3.601429
31/01/2022,4836,3.601566
31/01/2022,4837,3.601703
31/01/2022,4838,3.601841
31/01/2022,4839,3.601978
31/01/2022,4840,3.602115
31/01/2022,4841,3.602253
31/01/2022,4842,3.60239
31/01/2022,4843,3.602527
31/01/2022,4844,3.602665
31/01/2022,4845,3.602802
31/01/2022,4846,3.60294
31/01/2022,4847,3.603077
31/01/2022,4848,3.603214
31/01/2022,4849,3.603352
31/01/2022,4850,3.603489
31/01/2022,4851,3.603626
31/01/2022,4852,3.603764
31/01/2022,4853,3.603901
31/01/2022,4854,3.604038
31/01/2022,4855,3.604176
31/01/2022,4856,3.604313
31/01/2022,4857,3.604451
31/01/2022,4858,3.604588
31/01/2022,4859,3.604725
31/01/2022,4860,3.604863
31/01/2022,4861,3.605
31/01/2022,4862,3.605137
31/01/2022,4863,3.605275
31/01/2022,4864,3.605412
31/01/2022,4865,3.605549
31/01/2022,4866,3.605687
31/01/2022,4867,3.605824
31/01/2022,4868,3.605962
31/01/2022,4869,3.606099
31/01/2022,4870,3.606236
31/01/2022,4871,3.606374
31/01/2022,4872,3.606511
31/01/2022,4873,3.606648
31/01/2022,4874,3.606786
31/01/2022,4875,3.606923
31/01/2022,4876,3.60706
31/01/2022,4877,3.607198
31/01/2022,4878,3.607335
31/01/2022,4879,3.607473
31/01/2022,4880,3.60761
31/01/2022,4881,3.607747
31/01/2022,4882,3.607885
31/01/2022,4883,3.608022
31/01/2022,4884,3.608159
31/01/2022,4885,3.608297
31/01/2022,4886,3.608434
31/01/2022,4887,3.608571
31/01/2022,4888,3.608709
31/01/2022,4889,3.608846
31/01/2022,4890,3.608984
31/01/2022,4891,3.609121
31/01/2022,4892,3.609258
31/01/2022,4893,3.609396
31/01/2022,4894,3.609533
31/01/2022,4895,3.60967
31/01/2022,4896,3.609808
31/01/2022,4897,3.609945
31/01/2022,4898,3.610082
31/01/2022,4899,3.61022
31/01/2022,4900,3.610357
31/01/2022,4901,3.610495
31/01/2022,4902,3.610632
31/01/2022,4903,3.610769
31/01/2022,4904,3.610907
31/01/2022,4905,3.611044
31/01/2022,4906,3.611181
31/01/2022,4907,3.611319
31/01/2022,4908,3.611456
31/01/2022,4909,3.611593
31/01/2022,4910,3.611731
31/01/2022,4911,3.611868
31/01/2022,4912,3.612005
31/01/2022,4913,3.612143
31/01/2022,4914,3.61228
31/01/2022,4915,3.612418
31/01/2022,4916,3.612555
31/01/2022,4917,3.612692
31/01/2022,4918,3.61283
31/01/2022,4919,3.612967
31/01/2022,4920,3.613104
31/01/2022,4921,3.613242
31/01/2022,4922,3.613379
31/01/2022,4923,3.613516
31/01/2022,4924,3.613654
31/01/2022,4925,3.613791
31/01/2022,4926,3.613929
31/01/2022,4927,3.614066
31/01/2022,4928,3.614203
31/01/2022,4929,3.614341
31/01/2022,4930,3.614478
31/01/2022,4931,3.614615
31/01/2022,4932,3.614753
31/01/2022,4933,3.61489
31/01/2022,4934,3.615027
31/01/2022,4935,3.615165
31/01/2022,4936,3.615302
31/01/2022,4937,3.61544
31/01/2022,4938,3.615577
31/01/2022,4939,3.615714
31/01/2022,4940,3.615852
31/01/2022,4941,3.615989
31/01/2022,4942,3.616126
31/01/2022,4943,3.616264
31/01/2022,4944,3.616401
31/01/2022,4945,3.616538
31/01/2022,4946,3.616676
31/01/2022,4947,3.616813
31/01/2022,4948,3.616951
31/01/2022,4949,3.617088
31/01/2022,4950,3.617225
31/01/2022,4951,3.617363
31/01/2022,4952,3.6175
31/01/2022,4953,3.617637
31/01/2022,4954,3.617775
31/01/2022,4955,3.617912
31/01/2022,4956,3.618049
31/01/2022,4957,3.618187
31/01/2022,4958,3.618324
31/01/2022,4959,3.618462
31/01/2022,4960,3.618599
31/01/2022,4961,3.618736
31/01/2022,4962,3.618874
31/01/2022,4963,3.619011
31/01/2022,4964,3.619148
31/01/2022,4965,3.619286
31/01/2022,4966,3.619423
31/01/2022,4967,3.61956
31/01/2022,4968,3.619698
31/01/2022,4969,3.619835
31/01/2022,4970,3.619973
31/01/2022,4971,3.62011
31/01/2022,4972,3.620247
31/01/2022,4973,3.620385
31/01/2022,4974,3.620522
31/01/2022,4975,3.620659
31/01/2022,4976,3.620797
31/01/2022,4977,3.620934
31/01/2022,4978,3.621071
31/01/2022,4979,3.621209
31/01/2022,4980,3.621346
31/01/2022,4981,3.621484
31/01/2022,4982,3.621621
31/01/2022,4983,3.621758
31/01/2022,4984,3.621896
31/01/2022,4985,3.622033
31/01/2022,4986,3.62217
31/01/2022,4987,3.622308
31/01/2022,4988,3.622445
31/01/2022,4989,3.622582
31/01/2022,4990,3.62272
31/01/2022,4991,3.622857
31/01/2022,4992,3.622995
31/01/2022,4993,3.623132
31/01/2022,4994,3.623269
31/01/2022,4995,3.623407
31/01/2022,4996,3.623544
31/01/2022,4997,3.623681
31/01/2022,4998,3.623819
31/01/2022,4999,3.623956
31/01/2022,5000,3.624093
31/01/2022,5001,3.624231
31/01/2022,5002,3.624368
31/01/2022,5003,3.624505
31/01/2022,5004,3.624643
31/01/2022,5005,3.62478
31/01/2022,5006,3.624918
31/01/2022,5007,3.625055
31/01/2022,5008,3.625192
31/01/2022,5009,3.62533
31/01/2022,5010,3.625467
31/01/2022,5011,3.625604
31/01/2022,5012,3.625742
31/01/2022,5013,3.625879
31/01/2022,5014,3.626016
31/01/2022,5015,3.626154
31/01/2022,5016,3.626291
31/01/2022,5017,3.626429
31/01/2022,5018,3.626566
31/01/2022,5019,3.626703
31/01/2022,5020,3.626841
31/01/2022,5021,3.626978
31/01/2022,5022,3.627115
31/01/2022,5023,3.627253
31/01/2022,5024,3.62739
31/01/2022,5025,3.627527
31/01/2022,5026,3.627665
31/01/2022,5027,3.627802
31/01/2022,5028,3.62794
31/01/2022,5029,3.628077
31/01/2022,5030,3.628214
31/01/2022,5031,3.628352
31/01/2022,5032,3.628489
31/01/2022,5033,3.628626
31/01/2022,5034,3.628764
31/01/2022,5035,3.628901
31/01/2022,5036,3.629038
31/01/2022,5037,3.629176
31/01/2022,5038,3.629313
31/01/2022,5039,3.629451
31/01/2022,5040,3.629588
31/01/2022,5041,3.629725
31/01/2022,5042,3.629863
31/01/2022,5043,3.63
31/01/2022,5044,3.630082
31/01/2022,5045,3.630165
31/01/2022,5046,3.630247
31/01/2022,5047,3.63033
31/01/2022,5048,3.630412
31/01/2022,5049,3.630495
31/01/2022,5050,3.630577
31/01/2022,5051,3.630659
31/01/2022,5052,3.630742
31/01/2022,5053,3.630824
31/01/2022,5054,3.630907
31/01/2022,5055,3.630989
31/01/2022,5056,3.631071
31/01/2022,5057,3.631154
31/01/2022,5058,3.631236
31/01/2022,5059,3.631319
31/01/2022,5060,3.631401
31/01/2022,5061,3.631484
31/01/2022,5062,3.631566
31/01/2022,5063,3.631648
31/01/2022,5064,3.631731
31/01/2022,5065,3.631813
31/01/2022,5066,3.631896
31/01/2022,5067,3.631978
31/01/2022,5068,3.63206
31/01/2022,5069,3.632143
31/01/2022,5070,3.632225
31/01/2022,5071,3.632308
31/01/2022,5072,3.63239
31/01/2022,5073,3.632473
31/01/2022,5074,3.632555
31/01/2022,5075,3.632637
31/01/2022,5076,3.63272
31/01/2022,5077,3.632802
31/01/2022,5078,3.632885
31/01/2022,5079,3.632967
31/01/2022,5080,3.633049
31/01/2022,5081,3.633132
31/01/2022,5082,3.633214
31/01/2022,5083,3.633297
31/01/2022,5084,3.633379
31/01/2022,5085,3.633462
31/01/2022,5086,3.633544
31/01/2022,5087,3.633626
31/01/2022,5088,3.633709
31/01/2022,5089,3.633791
31/01/2022,5090,3.633874
31/01/2022,5091,3.633956
31/01/2022,5092,3.634038
31/01/2022,5093,3.634121
31/01/2022,5094,3.634203
31/01/2022,5095,3.634286
31/01/2022,5096,3.634368
31/01/2022,5097,3.634451
31/01/2022,5098,3.634533
31/01/2022,5099,3.634615
31/01/2022,5100,3.634698
31/01/2022,5101,3.63478
31/01/2022,5102,3.634863
31/01/2022,5103,3.634945
31/01/2022,5104,3.635027
31/01/2022,5105,3.63511
31/01/2022,5106,3.635192
31/01/2022,5107,3.635275
31/01/2022,5108,3.635357
31/01/2022,5109,3.63544
31/01/2022,5110,3.635522
31/01/2022,5111,3.635604
31/01/2022,5112,3.635687
31/01/2022,5113,3.635769
31/01/2022,5114,3.635852
31/01/2022,5115,3.635934
31/01/2022,5116,3.636016
31/01/2022,5117,3.636099
31/01/2022,5118,3.636181
31/01/2022,5119,3.636264
31/01/2022,5120,3.636346
31/01/2022,5121,3.636429
31/01/2022,5122,3.636511
31/01/2022,5123,3.636593
31/01/2022,5124,3.636676
31/01/2022,5125,3.636758
31/01/2022,5126,3.636841
31/01/2022,5127,3.636923
31/01/2022,5128,3.637005
31/01/2022,5129,3.637088
31/01/2022,5130,3.63717
31/01/2022,5131,3.637253
31/01/2022,5132,3.637335
31/01/2022,5133,3.637418
31/01/2022,5134,3.6375
31/01/2022,5135,3.637582
31/01/2022,5136,3.637665
31/01/2022,5137,3.637747
31/01/2022,5138,3.63783
31/01/2022,5139,3.637912
31/01/2022,5140,3.637995
31/01/2022,5141,3.638077
31/01/2022,5142,3.638159
31/01/2022,5143,3.638242
31/01/2022,5144,3.638324
31/01/2022,5145,3.638407
31/01/2022,5146,3.638489
31/01/2022,5147,3.638571
31/01/2022,5148,3.638654
31/01/2022,5149,3.638736
31/01/2022,5150,3.638819
31/01/2022,5151,3.638901
31/01/2022,5152,3.638984
31/01/2022,5153,3.639066
31/01/2022,5154,3.639148
31/01/2022,5155,3.639231
31/01/2022,5156,3.639313
31/01/2022,5157,3.639396
31/01/2022,5158,3.639478
31/01/2022,5159,3.63956
31/01/2022,5160,3.639643
31/01/2022,5161,3.639725
31/01/2022,5162,3.639808
31/01/2022,5163,3.63989
31/01/2022,5164,3.639973
31/01/2022,5165,3.640055
31/01/2022,5166,3.640137
31/01/2022,5167,3.64022
31/01/2022,5168,3.640302
31/01/2022,5169,3.640385
31/01/2022,5170,3.640467
31/01/2022,5171,3.640549
31/01/2022,5172,3.640632
31/01/2022,5173,3.640714
31/01/2022,5174,3.640797
31/01/2022,5175,3.640879
31/01/2022,5176,3.640962
31/01/2022,5177,3.641044
31/01/2022,5178,3.641126
31/01/2022,5179,3.641209
31/01/2022,5180,3.641291
31/01/2022,5181,3.641374
31/01/2022,5182,3.641456
31/01/2022,5183,3.641538
31/01/2022,5184,3.641621
31/01/2022,5185,3.641703
31/01/2022,5186,3.641786
31/01/2022,5187,3.641868
31/01/2022,5188,3.641951
31/01/2022,5189,3.642033
31/01/2022,5190,3.642115
31/01/2022,5191,3.642198
31/01/2022,5192,3.64228
31/01/2022,5193,3.642363
31/01/2022,5194,3.642445
31/01/2022,5195,3.642527
31/01/2022,5196,3.64261
31/01/2022,5197,3.642692
31/01/2022,5198,3.642775
31/01/2022,5199,3.642857
31/01/2022,5200,3.64294
31/01/2022,5201,3.643022
31/01/2022,5202,3.643104
31/01/2022,5203,3.643187
31/01/2022,5204,3.643269
31/01/2022,5205,3.643352
31/01/2022,5206,3.643434
31/01/2022,5207,3.643516
31/01/2022,5208,3.643599
31/01/2022,5209,3.643681
31/01/2022,5210,3.643764
31/01/2022,5211,3.643846
31/01/2022,5212,3.643929
31/01/2022,5213,3.644011
31/01/2022,5214,3.644093
31/01/2022,5215,3.644176
31/01/2022,5216,3.644258
31/01/2022,5217,3.644341
31/01/2022,5218,3.644423
31/01/2022,5219,3.644505
31/01/2022,5220,3.644588
31/01/2022,5221,3.64467
31/01/2022,5222,3.644753
31/01/2022,5223,3.644835
31/01/2022,5224,3.644918
31/01/2022,5225,3.645
31/01/2022,5226,3.645082
31/01/2022,5227,3.645165
31/01/2022,5228,3.645247
31/01/2022,5229,3.64533
31/01/2022,5230,3.645412
31/01/2022,5231,3.645495
31/01/2022,5232,3.645577
31/01/2022,5233,3.645659
31/01/2022,5234,3.645742
31/01/2022,5235,3.645824
31/01/2022,5236,3.645907
31/01/2022,5237,3.645989
31/01/2022,5238,3.646071
31/01/2022,5239,3.646154
31/01/2022,5240,3.646236
31/01/2022,5241,3.646319
31/01/2022,5242,3.646401
31/01/2022,5243,3.646484
31/01/2022,5244,3.646566
31/01/2022,5245,3.646648
31/01/2022,5246,3.646731
31/01/2022,5247,3.646813
31/01/2022,5248,3.646896
31/01/2022,5249,3.646978
31/01/2022,5250,3.64706
31/01/2022,5251,3.647143
31/01/2022,5252,3.647225
31/01/2022,5253,3.647308
31/01/2022,5254,3.64739
31/01/2022,5255,3.647473
31/01/2022,5256,3.647555
31/01/2022,5257,3.647637
31/01/2022,5258,3.64772
31/01/2022,5259,3.647802
31/01/2022,5260,3.647885
31/01/2022,5261,3.647967
31/01/2022,5262,3.648049
31/01/2022,5263,3.648132
31/01/2022,5264,3.648214
31/01/2022,5265,3.648297
31/01/2022,5266,3.648379
31/01/2022,5267,3.648462
31/01/2022,5268,3.648544
31/01/2022,5269,3.648626
31/01/2022,5270,3.648709
31/01/2022,5271,3.648791
31/01/2022,5272,3.648874
31/01/2022,5273,3.648956
31/01/2022,5274,3.649038
31/01/2022,5275,3.649121
31/01/2022,5276,3.649203
31/01/2022,5277,3.649286
31/01/2022,5278,3.649368
31/01/2022,5279,3.649451
31/01/2022,5280,3.649533
31/01/2022,5281,3.649615
31/01/2022,5282,3.649698
31/01/2022,5283,3.64978
31/01/2022,5284,3.649863
31/01/2022,5285,3.649945
31/01/2022,5286,3.650027
31/01/2022,5287,3.65011
31/01/2022,5288,3.650192
31/01/2022,5289,3.650275
31/01/2022,5290,3.650357
31/01/2022,5291,3.65044
31/01/2022,5292,3.650522
31/01/2022,5293,3.650604
31/01/2022,5294,3.650687
31/01/2022,5295,3.650769
31/01/2022,5296,3.650852
31/01/2022,5297,3.650934
31/01/2022,5298,3.651016
31/01/2022,5299,3.651099
31/01/2022,5300,3.651181
31/01/2022,5301,3.651264
31/01/2022,5302,3.651346
31/01/2022,5303,3.651429
31/01/2022,5304,3.651511
31/01/2022,5305,3.651593
31/01/2022,5306,3.651676
31/01/2022,5307,3.651758
31/01/2022,5308,3.651841
31/01/2022,5309,3.651923
31/01/2022,5310,3.652005
31/01/2022,5311,3.652088
31/01/2022,5312,3.65217
31/01/2022,5313,3.652253
31/01/2022,5314,3.652335
31/01/2022,5315,3.652418
31/01/2022,5316,3.6525
31/01/2022,5317,3.652582
31/01/2022,5318,3.652665
31/01/2022,5319,3.652747
31/01/2022,5320,3.65283
31/01/2022,5321,3.652912
31/01/2022,5322,3.652995
31/01/2022,5323,3.653077
31/01/2022,5324,3.653159
31/01/2022,5325,3.653242
31/01/2022,5326,3.653324
31/01/2022,5327,3.653407
31/01/2022,5328,3.653489
31/01/2022,5329,3.653571
31/01/2022,5330,3.653654
31/01/2022,5331,3.653736
31/01/2022,5332,3.653819
31/01/2022,5333,3.653901
31/01/2022,5334,3.653984
31/01/2022,5335,3.654066
31/01/2022,5336,3.654148
31/01/2022,5337,3.654231
31/01/2022,5338,3.654313
31/01/2022,5339,3.654396
31/01/2022,5340,3.654478
31/01/2022,5341,3.65456
31/01/2022,5342,3.654643
31/01/2022,5343,3.654725
31/01/2022,5344,3.654808
31/01/2022,5345,3.65489
31/01/2022,5346,3.654973
31/01/2022,5347,3.655055
31/01/2022,5348,3.655137
31/01/2022,5349,3.65522
31/01/2022,5350,3.655302
31/01/2022,5351,3.655385
31/01/2022,5352,3.655467
31/01/2022,5353,3.655549
31/01/2022,5354,3.655632
31/01/2022,5355,3.655714
31/01/2022,5356,3.655797
31/01/2022,5357,3.655879
31/01/2022,5358,3.655962
31/01/2022,5359,3.656044
31/01/2022,5360,3.656126
31/01/2022,5361,3.656209
31/01/2022,5362,3.656291
31/01/2022,5363,3.656374
31/01/2022,5364,3.656456
31/01/2022,5365,3.656538
31/01/2022,5366,3.656621
31/01/2022,5367,3.656703
31/01/2022,5368,3.656786
31/01/2022,5369,3.656868
31/01/2022,5370,3.656951
31/01/2022,5371,3.657033
31/01/2022,5372,3.657115
31/01/2022,5373,3.657198
31/01/2022,5374,3.65728
31/01/2022,5375,3.657363
31/01/2022,5376,3.657445
31/01/2022,5377,3.657527
31/01/2022,5378,3.65761
31/01/2022,5379,3.657692
31/01/2022,5380,3.657775
31/01/2022,5381,3.657857
31/01/2022,5382,3.65794
31/01/2022,5383,3.658022
31/01/2022,5384,3.658104
31/01/2022,5385,3.658187
31/01/2022,5386,3.658269
31/01/2022,5387,3.658352
31/01/2022,5388,3.658434
31/01/2022,5389,3.658516
31/01/2022,5390,3.658599
31/01/2022,5391,3.658681
31/01/2022,5392,3.658764
31/01/2022,5393,3.658846
31/01/2022,5394,3.658929
31/01/2022,5395,3.659011
31/01/2022,5396,3.659093
31/01/2022,5397,3.659176
31/01/2022,5398,3.659258
31/01/2022,5399,3.659341
31/01/2022,5400,3.659423
31/01/2022,5401,3.659505
31/01/2022,5402,3.659588
31/01/2022,5403,3.65967
31/01/2022,5404,3.659753
31/01/2022,5405,3.659835
31/01/2022,5406,3.659918
31/01/2022,5407,3.66
31/01/2022,5408,3.660082
31/01/2022,5409,3.660165
31/01/2022,5410,3.660247
31/01/2022,5411,3.66033
31/01/2022,5412,3.660412
31/01/2022,5413,3.660495
31/01/2022,5414,3.660577
31/01/2022,5415,3.660659
31/01/2022,5416,3.660742
31/01/2022,5417,3.660824
31/01/2022,5418,3.660907
31/01/2022,5419,3.660989
31/01/2022,5420,3.661071
31/01/2022,5421,3.661154
31/01/2022,5422,3.661236
31/01/2022,5423,3.661319
31/01/2022,5424,3.661401
31/01/2022,5425,3.661484
31/01/2022,5426,3.661566
31/01/2022,5427,3.661648
31/01/2022,5428,3.661731
31/01/2022,5429,3.661813
31/01/2022,5430,3.661896
31/01/2022,5431,3.661978
31/01/2022,5432,3.66206
31/01/2022,5433,3.662143
31/01/2022,5434,3.662225
31/01/2022,5435,3.662308
31/01/2022,5436,3.66239
31/01/2022,5437,3.662473
31/01/2022,5438,3.662555
31/01/2022,5439,3.662637
31/01/2022,5440,3.66272
31/01/2022,5441,3.662802
31/01/2022,5442,3.662885
31/01/2022,5443,3.662967
31/01/2022,5444,3.663049
31/01/2022,5445,3.663132
31/01/2022,5446,3.663214
31/01/2022,5447,3.663297
31/01/2022,5448,3.663379
31/01/2022,5449,3.663462
31/01/2022,5450,3.663544
31/01/2022,5451,3.663626
31/01/2022,5452,3.663709
31/01/2022,5453,3.663791
31/01/2022,5454,3.663874
31/01/2022,5455,3.663956
31/01/2022,5456,3.664038
31/01/2022,5457,3.664121
31/01/2022,5458,3.664203
31/01/2022,5459,3.664286
31/01/2022,5460,3.664368
31/01/2022,5461,3.664451
31/01/2022,5462,3.664533
31/01/2022,5463,3.664615
31/01/2022,5464,3.664698
31/01/2022,5465,3.66478
31/01/2022,5466,3.664863
31/01/2022,5467,3.664945
31/01/2022,5468,3.665027
31/01/2022,5469,3.66511
31/01/2022,5470,3.665192
31/01/2022,5471,3.665275
31/01/2022,5472,3.665357
31/01/2022,5473,3.66544
31/01/2022,5474,3.665522
31/01/2022,5475,3.665604
31/01/2022,5476,3.665687
31/01/2022,5477,3.665769
31/01/2022,5478,3.665852
31/01/2022,5479,3.665934
31/01/2022,5480,3.666016
31/01/2022,5481,3.666099
31/01/2022,5482,3.666181
31/01/2022,5483,3.666264
31/01/2022,5484,3.666346
31/01/2022,5485,3.666429
31/01/2022,5486,3.666511
31/01/2022,5487,3.666593
31/01/2022,5488,3.666676
31/01/2022,5489,3.666758
31/01/2022,5490,3.666841
31/01/2022,5491,3.666923
31/01/2022,5492,3.667005
31/01/2022,5493,3.667088
31/01/2022,5494,3.66717
31/01/2022,5495,3.667253
31/01/2022,5496,3.667335
31/01/2022,5497,3.667418
31/01/2022,5498,3.6675
31/01/2022,5499,3.667582
31/01/2022,5500,3.667665
31/01/2022,5501,3.667747
31/01/2022,5502,3.66783
31/01/2022,5503,3.667912
31/01/2022,5504,3.667995
31/01/2022,5505,3.668077
31/01/2022,5506,3.668159
31/01/2022,5507,3.668242
31/01/2022,5508,3.668324
31/01/2022,5509,3.668407
31/01/2022,5510,3.668489
31/01/2022,5511,3.668571
31/01/2022,5512,3.668654
31/01/2022,5513,3.668736
31/01/2022,5514,3.668819
31/01/2022,5515,3.668901
31/01/2022,5516,3.668984
31/01/2022,5517,3.669066
31/01/2022,5518,3.669148
31/01/2022,5519,3.669231
31/01/2022,5520,3.669313
31/01/2022,5521,3.669396
31/01/2022,5522,3.669478
31/01/2022,5523,3.66956
31/01/2022,5524,3.669643
31/01/2022,5525,3.669725
31/01/2022,5526,3.669808
31/01/2022,5527,3.66989
31/01/2022,5528,3.669973
31/01/2022,5529,3.670055
31/01/2022,5530,3.670137
31/01/2022,5531,3.67022
31/01/2022,5532,3.670302
31/01/2022,5533,3.670385
31/01/2022,5534,3.670467
31/01/2022,5535,3.670549
31/01/2022,5536,3.670632
31/01/2022,5537,3.670714
31/01/2022,5538,3.670797
31/01/2022,5539,3.670879
31/01/2022,5540,3.670962
31/01/2022,5541,3.671044
31/01/2022,5542,3.671126
31/01/2022,5543,3.671209
31/01/2022,5544,3.671291
31/01/2022,5545,3.671374
31/01/2022,5546,3.671456
31/01/2022,5547,3.671538
31/01/2022,5548,3.671621
31/01/2022,5549,3.671703
31/01/2022,5550,3.671786
31/01/2022,5551,3.671868
31/01/2022,5552,3.671951
31/01/2022,5553,3.672033
31/01/2022,5554,3.672115
31/01/2022,5555,3.672198
31/01/2022,5556,3.67228
31/01/2022,5557,3.672363
31/01/2022,5558,3.672445
31/01/2022,5559,3.672527
31/01/2022,5560,3.67261
31/01/2022,5561,3.672692
31/01/2022,5562,3.672775
31/01/2022,5563,3.672857
31/01/2022,5564,3.67294
31/01/2022,5565,3.673022
31/01/2022,5566,3.673104
31/01/2022,5567,3.673187
31/01/2022,5568,3.673269
31/01/2022,5569,3.673352
31/01/2022,5570,3.673434
31/01/2022,5571,3.673516
31/01/2022,5572,3.673599
31/01/2022,5573,3.673681
31/01/2022,5574,3.673764
31/01/2022,5575,3.673846
31/01/2022,5576,3.673929
31/01/2022,5577,3.674011
31/01/2022,5578,3.674093
31/01/2022,5579,3.674176
31/01/2022,5580,3.674258
31/01/2022,5581,3.674341
31/01/2022,5582,3.674423
31/01/2022,5583,3.674505
31/01/2022,5584,3.674588
31/01/2022,5585,3.67467
31/01/2022,5586,3.674753
31/01/2022,5587,3.674835
31/01/2022,5588,3.674918
31/01/2022,5589,3.675
31/01/2022,5590,3.675082
31/01/2022,5591,3.675165
31/01/2022,5592,3.675247
31/01/2022,5593,3.67533
31/01/2022,5594,3.675412
31/01/2022,5595,3.675495
31/01/2022,5596,3.675577
31/01/2022,5597,3.675659
31/01/2022,5598,3.675742
31/01/2022,5599,3.675824
31/01/2022,5600,3.675907
31/01/2022,5601,3.675989
31/01/2022,5602,3.676071
31/01/2022,5603,3.676154
31/01/2022,5604,3.676236
31/01/2022,5605,3.676319
31/01/2022,5606,3.676401
31/01/2022,5607,3.676484
31/01/2022,5608,3.676566
31/01/2022,5609,3.676648
31/01/2022,5610,3.676731
31/01/2022,5611,3.676813
31/01/2022,5612,3.676896
31/01/2022,5613,3.676978
31/01/2022,5614,3.67706
31/01/2022,5615,3.677143
31/01/2022,5616,3.677225
31/01/2022,5617,3.677308
31/01/2022,5618,3.67739
31/01/2022,5619,3.677473
31/01/2022,5620,3.677555
31/01/2022,5621,3.677637
31/01/2022,5622,3.67772
31/01/2022,5623,3.677802
31/01/2022,5624,3.677885
31/01/2022,5625,3.677967
31/01/2022,5626,3.678049
31/01/2022,5627,3.678132
31/01/2022,5628,3.678214
31/01/2022,5629,3.678297
31/01/2022,5630,3.678379
31/01/2022,5631,3.678462
31/01/2022,5632,3.678544
31/01/2022,5633,3.678626
31/01/2022,5634,3.678709
31/01/2022,5635,3.678791
31/01/2022,5636,3.678874
31/01/2022,5637,3.678956
31/01/2022,5638,3.679038
31/01/2022,5639,3.679121
31/01/2022,5640,3.679203
31/01/2022,5641,3.679286
31/01/2022,5642,3.679368
31/01/2022,5643,3.679451
31/01/2022,5644,3.679533
31/01/2022,5645,3.679615
31/01/2022,5646,3.679698
31/01/2022,5647,3.67978
31/01/2022,5648,3.679863
31/01/2022,5649,3.679945
31/01/2022,5650,3.680027
31/01/2022,5651,3.68011
31/01/2022,5652,3.680192
31/01/2022,5653,3.680275
31/01/2022,5654,3.680357
31/01/2022,5655,3.68044
31/01/2022,5656,3.680522
31/01/2022,5657,3.680604
31/01/2022,5658,3.680687
31/01/2022,5659,3.680769
31/01/2022,5660,3.680852
31/01/2022,5661,3.680934
31/01/2022,5662,3.681016
31/01/2022,5663,3.681099
31/01/2022,5664,3.681181
31/01/2022,5665,3.681264
31/01/2022,5666,3.681346
31/01/2022,5667,3.681429
31/01/2022,5668,3.681511
31/01/2022,5669,3.681593
31/01/2022,5670,3.681676
31/01/2022,5671,3.681758
31/01/2022,5672,3.681841
31/01/2022,5673,3.681923
31/01/2022,5674,3.682005
31/01/2022,5675,3.682088
31/01/2022,5676,3.68217
31/01/2022,5677,3.682253
31/01/2022,5678,3.682335
31/01/2022,5679,3.682418
31/01/2022,5680,3.6825
31/01/2022,5681,3.682582
31/01/2022,5682,3.682665
31/01/2022,5683,3.682747
31/01/2022,5684,3.68283
31/01/2022,5685,3.682912
31/01/2022,5686,3.682995
31/01/2022,5687,3.683077
31/01/2022,5688,3.683159
31/01/2022,5689,3.683242
31/01/2022,5690,3.683324
31/01/2022,5691,3.683407
31/01/2022,5692,3.683489
31/01/2022,5693,3.683571
31/01/2022,5694,3.683654
31/01/2022,5695,3.683736
31/01/2022,5696,3.683819
31/01/2022,5697,3.683901
31/01/2022,5698,3.683984
31/01/2022,5699,3.684066
31/01/2022,5700,3.684148
31/01/2022,5701,3.684231
31/01/2022,5702,3.684313
31/01/2022,5703,3.684396
31/01/2022,5704,3.684478
31/01/2022,5705,3.68456
31/01/2022,5706,3.684643
31/01/2022,5707,3.684725
31/01/2022,5708,3.684808
31/01/2022,5709,3.68489
31/01/2022,5710,3.684973
31/01/2022,5711,3.685055
31/01/2022,5712,3.685137
31/01/2022,5713,3.68522
31/01/2022,5714,3.685302
31/01/2022,5715,3.685385
31/01/2022,5716,3.685467
31/01/2022,5717,3.685549
31/01/2022,5718,3.685632
31/01/2022,5719,3.685714
31/01/2022,5720,3.685797
31/01/2022,5721,3.685879
31/01/2022,5722,3.685962
31/01/2022,5723,3.686044
31/01/2022,5724,3.686126
31/01/2022,5725,3.686209
31/01/2022,5726,3.686291
31/01/2022,5727,3.686374
31/01/2022,5728,3.686456
31/01/2022,5729,3.686538
31/01/2022,5730,3.686621
31/01/2022,5731,3.686703
31/01/2022,5732,3.686786
31/01/2022,5733,3.686868
31/01/2022,5734,3.686951
31/01/2022,5735,3.687033
31/01/2022,5736,3.687115
31/01/2022,5737,3.687198
31/01/2022,5738,3.68728
31/01/2022,5739,3.687363
31/01/2022,5740,3.687445
31/01/2022,5741,3.687527
31/01/2022,5742,3.68761
31/01/2022,5743,3.687692
31/01/2022,5744,3.687775
31/01/2022,5745,3.687857
31/01/2022,5746,3.68794
31/01/2022,5747,3.688022
31/01/2022,5748,3.688104
31/01/2022,5749,3.688187
31/01/2022,5750,3.688269
31/01/2022,5751,3.688352
31/01/2022,5752,3.688434
31/01/2022,5753,3.688516
31/01/2022,5754,3.688599
31/01/2022,5755,3.688681
31/01/2022,5756,3.688764
31/01/2022,5757,3.688846
31/01/2022,5758,3.688929
31/01/2022,5759,3.689011
31/01/2022,5760,3.689093
31/01/2022,5761,3.689176
31/01/2022,5762,3.689258
31/01/2022,5763,3.689341
31/01/2022,5764,3.689423
31/01/2022,5765,3.689505
31/01/2022,5766,3.689588
31/01/2022,5767,3.68967
31/01/2022,5768,3.689753
31/01/2022,5769,3.689835
31/01/2022,5770,3.689918
31/01/2022,5771,3.69
31/01/2022,5772,3.690082
31/01/2022,5773,3.690165
31/01/2022,5774,3.690247
31/01/2022,5775,3.69033
31/01/2022,5776,3.690412
31/01/2022,5777,3.690495
31/01/2022,5778,3.690577
31/01/2022,5779,3.690659
31/01/2022,5780,3.690742
31/01/2022,5781,3.690824
31/01/2022,5782,3.690907
31/01/2022,5783,3.690989
31/01/2022,5784,3.691071
31/01/2022,5785,3.691154
31/01/2022,5786,3.691236
31/01/2022,5787,3.691319
31/01/2022,5788,3.691401
31/01/2022,5789,3.691484
31/01/2022,5790,3.691566
31/01/2022,5791,3.691648
31/01/2022,5792,3.691731
31/01/2022,5793,3.691813
31/01/2022,5794,3.691896
31/01/2022,5795,3.691978
31/01/2022,5796,3.69206
31/01/2022,5797,3.692143
31/01/2022,5798,3.692225
31/01/2022,5799,3.692308
31/01/2022,5800,3.69239
31/01/2022,5801,3.692473
31/01/2022,5802,3.692555
31/01/2022,5803,3.692637
31/01/2022,5804,3.69272
31/01/2022,5805,3.692802
31/01/2022,5806,3.692885
31/01/2022,5807,3.692967
31/01/2022,5808,3.693049
31/01/2022,5809,3.693132
31/01/2022,5810,3.693214
31/01/2022,5811,3.693297
31/01/2022,5812,3.693379
31/01/2022,5813,3.693462
31/01/2022,5814,3.693544
31/01/2022,5815,3.693626
31/01/2022,5816,3.693709
31/01/2022,5817,3.693791
31/01/2022,5818,3.693874
31/01/2022,5819,3.693956
31/01/2022,5820,3.694038
31/01/2022,5821,3.694121
31/01/2022,5822,3.694203
31/01/2022,5823,3.694286
31/01/2022,5824,3.694368
31/01/2022,5825,3.694451
31/01/2022,5826,3.694533
31/01/2022,5827,3.694615
31/01/2022,5828,3.694698
31/01/2022,5829,3.69478
31/01/2022,5830,3.694863
31/01/2022,5831,3.694945
31/01/2022,5832,3.695027
31/01/2022,5833,3.69511
31/01/2022,5834,3.695192
31/01/2022,5835,3.695275
31/01/2022,5836,3.695357
31/01/2022,5837,3.69544
31/01/2022,5838,3.695522
31/01/2022,5839,3.695604
31/01/2022,5840,3.695687
31/01/2022,5841,3.695769
31/01/2022,5842,3.695852
31/01/2022,5843,3.695934
31/01/2022,5844,3.696016
31/01/2022,5845,3.696099
31/01/2022,5846,3.696181
31/01/2022,5847,3.696264
31/01/2022,5848,3.696346
31/01/2022,5849,3.696429
31/01/2022,5850,3.696511
31/01/2022,5851,3.696593
31/01/2022,5852,3.696676
31/01/2022,5853,3.696758
31/01/2022,5854,3.696841
31/01/2022,5855,3.696923
31/01/2022,5856,3.697005
31/01/2022,5857,3.697088
31/01/2022,5858,3.69717
31/01/2022,5859,3.697253
31/01/2022,5860,3.697335
31/01/2022,5861,3.697418
31/01/2022,5862,3.6975
31/01/2022,5863,3.697582
31/01/2022,5864,3.697665
31/01/2022,5865,3.697747
31/01/2022,5866,3.69783
31/01/2022,5867,3.697912
31/01/2022,5868,3.697995
31/01/2022,5869,3.698077
31/01/2022,5870,3.698159
31/01/2022,5871,3.698242
31/01/2022,5872,3.698324
31/01/2022,5873,3.698407
31/01/2022,5874,3.698489
31/01/2022,5875,3.698571
31/01/2022,5876,3.698654
31/01/2022,5877,3.698736
31/01/2022,5878,3.698819
31/01/2022,5879,3.698901
31/01/2022,5880,3.698984
31/01/2022,5881,3.699066
31/01/2022,5882,3.699148
31/01/2022,5883,3.699231
31/01/2022,5884,3.699313
31/01/2022,5885,3.699396
31/01/2022,5886,3.699478
31/01/2022,5887,3.69956
31/01/2022,5888,3.699643
31/01/2022,5889,3.699725
31/01/2022,5890,3.699808
31/01/2022,5891,3.69989
31/01/2022,5892,3.699973
31/01/2022,5893,3.700055
31/01/2022,5894,3.700137
31/01/2022,5895,3.70022
31/01/2022,5896,3.700302
31/01/2022,5897,3.700385
31/01/2022,5898,3.700467
31/01/2022,5899,3.700549
31/01/2022,5900,3.700632
31/01/2022,5901,3.700714
31/01/2022,5902,3.700797
31/01/2022,5903,3.700879
31/01/2022,5904,3.700962
31/01/2022,5905,3.701044
31/01/2022,5906,3.701126
31/01/2022,5907,3.701209
31/01/2022,5908,3.701291
31/01/2022,5909,3.701374
31/01/2022,5910,3.701456
31/01/2022,5911,3.701538
31/01/2022,5912,3.701621
31/01/2022,5913,3.701703
31/01/2022,5914,3.701786
31/01/2022,5915,3.701868
31/01/2022,5916,3.701951
31/01/2022,5917,3.702033
31/01/2022,5918,3.702115
31/01/2022,5919,3.702198
31/01/2022,5920,3.70228
31/01/2022,5921,3.702363
31/01/2022,5922,3.702445
31/01/2022,5923,3.702527
31/01/2022,5924,3.70261
31/01/2022,5925,3.702692
31/01/2022,5926,3.702775
31/01/2022,5927,3.702857
31/01/2022,5928,3.70294
31/01/2022,5929,3.703022
31/01/2022,5930,3.703104
31/01/2022,5931,3.703187
31/01/2022,5932,3.703269
31/01/2022,5933,3.703352
31/01/2022,5934,3.703434
31/01/2022,5935,3.703516
31/01/2022,5936,3.703599
31/01/2022,5937,3.703681
31/01/2022,5938,3.703764
31/01/2022,5939,3.703846
31/01/2022,5940,3.703929
31/01/2022,5941,3.704011
31/01/2022,5942,3.704093
31/01/2022,5943,3.704176
31/01/2022,5944,3.704258
31/01/2022,5945,3.704341
31/01/2022,5946,3.704423
31/01/2022,5947,3.704505
31/01/2022,5948,3.704588
31/01/2022,5949,3.70467
31/01/2022,5950,3.704753
31/01/2022,5951,3.704835
31/01/2022,5952,3.704918
31/01/2022,5953,3.705
31/01/2022,5954,3.705082
31/01/2022,5955,3.705165
31/01/2022,5956,3.705247
31/01/2022,5957,3.70533
31/01/2022,5958,3.705412
31/01/2022,5959,3.705495
31/01/2022,5960,3.705577
31/01/2022,5961,3.705659
31/01/2022,5962,3.705742
31/01/2022,5963,3.705824
31/01/2022,5964,3.705907
31/01/2022,5965,3.705989
31/01/2022,5966,3.706071
31/01/2022,5967,3.706154
31/01/2022,5968,3.706236
31/01/2022,5969,3.706319
31/01/2022,5970,3.706401
31/01/2022,5971,3.706484
31/01/2022,5972,3.706566
31/01/2022,5973,3.706648
31/01/2022,5974,3.706731
31/01/2022,5975,3.706813
31/01/2022,5976,3.706896
31/01/2022,5977,3.706978
31/01/2022,5978,3.70706
31/01/2022,5979,3.707143
31/01/2022,5980,3.707225
31/01/2022,5981,3.707308
31/01/2022,5982,3.70739
31/01/2022,5983,3.707473
31/01/2022,5984,3.707555
31/01/2022,5985,3.707637
31/01/2022,5986,3.70772
31/01/2022,5987,3.707802
31/01/2022,5988,3.707885
31/01/2022,5989,3.707967
31/01/2022,5990,3.708049
31/01/2022,5991,3.708132
31/01/2022,5992,3.708214
31/01/2022,5993,3.708297
31/01/2022,5994,3.708379
31/01/2022,5995,3.708462
31/01/2022,5996,3.708544
31/01/2022,5997,3.708626
31/01/2022,5998,3.708709
31/01/2022,5999,3.708791
31/01/2022,6000,3.708874
31/01/2022,6001,3.708956
31/01/2022,6002,3.709038
31/01/2022,6003,3.709121
31/01/2022,6004,3.709203
31/01/2022,6005,3.709286
31/01/2022,6006,3.709368
31/01/2022,6007,3.709451
31/01/2022,6008,3.709533
31/01/2022,6009,3.709615
31/01/2022,6010,3.709698
31/01/2022,6011,3.70978
31/01/2022,6012,3.709863
31/01/2022,6013,3.709945
31/01/2022,6014,3.710027
31/01/2022,6015,3.71011
31/01/2022,6016,3.710192
31/01/2022,6017,3.710275
31/01/2022,6018,3.710357
31/01/2022,6019,3.71044
31/01/2022,6020,3.710522
31/01/2022,6021,3.710604
31/01/2022,6022,3.710687
31/01/2022,6023,3.710769
31/01/2022,6024,3.710852
31/01/2022,6025,3.710934
31/01/2022,6026,3.711016
31/01/2022,6027,3.711099
31/01/2022,6028,3.711181
31/01/2022,6029,3.711264
31/01/2022,6030,3.711346
31/01/2022,6031,3.711429
31/01/2022,6032,3.711511
31/01/2022,6033,3.711593
31/01/2022,6034,3.711676
31/01/2022,6035,3.711758
31/01/2022,6036,3.711841
31/01/2022,6037,3.711923
31/01/2022,6038,3.712005
31/01/2022,6039,3.712088
31/01/2022,6040,3.71217
31/01/2022,6041,3.712253
31/01/2022,6042,3.712335
31/01/2022,6043,3.712418
31/01/2022,6044,3.7125
31/01/2022,6045,3.712582
31/01/2022,6046,3.712665
31/01/2022,6047,3.712747
31/01/2022,6048,3.71283
31/01/2022,6049,3.712912
31/01/2022,6050,3.712995
31/01/2022,6051,3.713077
31/01/2022,6052,3.713159
31/01/2022,6053,3.713242
31/01/2022,6054,3.713324
31/01/2022,6055,3.713407
31/01/2022,6056,3.713489
31/01/2022,6057,3.713571
31/01/2022,6058,3.713654
31/01/2022,6059,3.713736
31/01/2022,6060,3.713819
31/01/2022,6061,3.713901
31/01/2022,6062,3.713984
31/01/2022,6063,3.714066
31/01/2022,6064,3.714148
31/01/2022,6065,3.714231
31/01/2022,6066,3.714313
31/01/2022,6067,3.714396
31/01/2022,6068,3.714478
31/01/2022,6069,3.71456
31/01/2022,6070,3.714643
31/01/2022,6071,3.714725
31/01/2022,6072,3.714808
31/01/2022,6073,3.71489
31/01/2022,6074,3.714973
31/01/2022,6075,3.715055
31/01/2022,6076,3.715137
31/01/2022,6077,3.71522
31/01/2022,6078,3.715302
31/01/2022,6079,3.715385
31/01/2022,6080,3.715467
31/01/2022,6081,3.715549
31/01/2022,6082,3.715632
31/01/2022,6083,3.715714
31/01/2022,6084,3.715797
31/01/2022,6085,3.715879
31/01/2022,6086,3.715962
31/01/2022,6087,3.716044
31/01/2022,6088,3.716126
31/01/2022,6089,3.716209
31/01/2022,6090,3.716291
31/01/2022,6091,3.716374
31/01/2022,6092,3.716456
31/01/2022,6093,3.716538
31/01/2022,6094,3.716621
31/01/2022,6095,3.716703
31/01/2022,6096,3.716786
31/01/2022,6097,3.716868
31/01/2022,6098,3.716951
31/01/2022,6099,3.717033
31/01/2022,6100,3.717115
31/01/2022,6101,3.717198
31/01/2022,6102,3.71728
31/01/2022,6103,3.717363
31/01/2022,6104,3.717445
31/01/2022,6105,3.717527
31/01/2022,6106,3.71761
31/01/2022,6107,3.717692
31/01/2022,6108,3.717775
31/01/2022,6109,3.717857
31/01/2022,6110,3.71794
31/01/2022,6111,3.718022
31/01/2022,6112,3.718104
31/01/2022,6113,3.718187
31/01/2022,6114,3.718269
31/01/2022,6115,3.718352
31/01/2022,6116,3.718434
31/01/2022,6117,3.718516
31/01/2022,6118,3.718599
31/01/2022,6119,3.718681
31/01/2022,6120,3.718764
31/01/2022,6121,3.718846
31/01/2022,6122,3.718929
31/01/2022,6123,3.719011
31/01/2022,6124,3.719093
31/01/2022,6125,3.719176
31/01/2022,6126,3.719258
31/01/2022,6127,3.719341
31/01/2022,6128,3.719423
31/01/2022,6129,3.719505
31/01/2022,6130,3.719588
31/01/2022,6131,3.71967
31/01/2022,6132,3.719753
31/01/2022,6133,3.719835
31/01/2022,6134,3.719918
31/01/2022,6135,3.72
31/01/2022,6136,3.720082
31/01/2022,6137,3.720165
31/01/2022,6138,3.720247
31/01/2022,6139,3.72033
31/01/2022,6140,3.720412
31/01/2022,6141,3.720495
31/01/2022,6142,3.720577
31/01/2022,6143,3.720659
31/01/2022,6144,3.720742
31/01/2022,6145,3.720824
31/01/2022,6146,3.720907
31/01/2022,6147,3.720989
31/01/2022,6148,3.721071
31/01/2022,6149,3.721154
31/01/2022,6150,3.721236
31/01/2022,6151,3.721319
31/01/2022,6152,3.721401
31/01/2022,6153,3.721484
31/01/2022,6154,3.721566
31/01/2022,6155,3.721648
31/01/2022,6156,3.721731
31/01/2022,6157,3.721813
31/01/2022,6158,3.721896
31/01/2022,6159,3.721978
31/01/2022,6160,3.72206
31/01/2022,6161,3.722143
31/01/2022,6162,3.722225
31/01/2022,6163,3.722308
31/01/2022,6164,3.72239
31/01/2022,6165,3.722473
31/01/2022,6166,3.722555
31/01/2022,6167,3.722637
31/01/2022,6168,3.72272
31/01/2022,6169,3.722802
31/01/2022,6170,3.722885
31/01/2022,6171,3.722967
31/01/2022,6172,3.723049
31/01/2022,6173,3.723132
31/01/2022,6174,3.723214
31/01/2022,6175,3.723297
31/01/2022,6176,3.723379
31/01/2022,6177,3.723462
31/01/2022,6178,3.723544
31/01/2022,6179,3.723626
31/01/2022,6180,3.723709
31/01/2022,6181,3.723791
31/01/2022,6182,3.723874
31/01/2022,6183,3.723956
31/01/2022,6184,3.724038
31/01/2022,6185,3.724121
31/01/2022,6186,3.724203
31/01/2022,6187,3.724286
31/01/2022,6188,3.724368
31/01/2022,6189,3.724451
31/01/2022,6190,3.724533
31/01/2022,6191,3.724615
31/01/2022,6192,3.724698
31/01/2022,6193,3.72478
31/01/2022,6194,3.724863
31/01/2022,6195,3.724945
31/01/2022,6196,3.725027
31/01/2022,6197,3.72511
31/01/2022,6198,3.725192
31/01/2022,6199,3.725275
31/01/2022,6200,3.725357
31/01/2022,6201,3.72544
31/01/2022,6202,3.725522
31/01/2022,6203,3.725604
31/01/2022,6204,3.725687
31/01/2022,6205,3.725769
31/01/2022,6206,3.725852
31/01/2022,6207,3.725934
31/01/2022,6208,3.726016
31/01/2022,6209,3.726099
31/01/2022,6210,3.726181
31/01/2022,6211,3.726264
31/01/2022,6212,3.726346
31/01/2022,6213,3.726429
31/01/2022,6214,3.726511
31/01/2022,6215,3.726593
31/01/2022,6216,3.726676
31/01/2022,6217,3.726758
31/01/2022,6218,3.726841
31/01/2022,6219,3.726923
31/01/2022,6220,3.727005
31/01/2022,6221,3.727088
31/01/2022,6222,3.72717
31/01/2022,6223,3.727253
31/01/2022,6224,3.727335
31/01/2022,6225,3.727418
31/01/2022,6226,3.7275
31/01/2022,6227,3.727582
31/01/2022,6228,3.727665
31/01/2022,6229,3.727747
31/01/2022,6230,3.72783
31/01/2022,6231,3.727912
31/01/2022,6232,3.727995
31/01/2022,6233,3.728077
31/01/2022,6234,3.728159
31/01/2022,6235,3.728242
31/01/2022,6236,3.728324
31/01/2022,6237,3.728407
31/01/2022,6238,3.728489
31/01/2022,6239,3.728571
31/01/2022,6240,3.728654
31/01/2022,6241,3.728736
31/01/2022,6242,3.728819
31/01/2022,6243,3.728901
31/01/2022,6244,3.728984
31/01/2022,6245,3.729066
31/01/2022,6246,3.729148
31/01/2022,6247,3.729231
31/01/2022,6248,3.729313
31/01/2022,6249,3.729396
31/01/2022,6250,3.729478
31/01/2022,6251,3.72956
31/01/2022,6252,3.729643
31/01/2022,6253,3.729725
31/01/2022,6254,3.729808
31/01/2022,6255,3.72989
31/01/2022,6256,3.729973
31/01/2022,6257,3.730055
31/01/2022,6258,3.730137
31/01/2022,6259,3.73022
31/01/2022,6260,3.730302
31/01/2022,6261,3.730385
31/01/2022,6262,3.730467
31/01/2022,6263,3.730549
31/01/2022,6264,3.730632
31/01/2022,6265,3.730714
31/01/2022,6266,3.730797
31/01/2022,6267,3.730879
31/01/2022,6268,3.730962
31/01/2022,6269,3.731044
31/01/2022,6270,3.731126
31/01/2022,6271,3.731209
31/01/2022,6272,3.731291
31/01/2022,6273,3.731374
31/01/2022,6274,3.731456
31/01/2022,6275,3.731538
31/01/2022,6276,3.731621
31/01/2022,6277,3.731703
31/01/2022,6278,3.731786
31/01/2022,6279,3.731868
31/01/2022,6280,3.731951
31/01/2022,6281,3.732033
31/01/2022,6282,3.732115
31/01/2022,6283,3.732198
31/01/2022,6284,3.73228
31/01/2022,6285,3.732363
31/01/2022,6286,3.732445
31/01/2022,6287,3.732527
31/01/2022,6288,3.73261
31/01/2022,6289,3.732692
31/01/2022,6290,3.732775
31/01/2022,6291,3.732857
31/01/2022,6292,3.73294
31/01/2022,6293,3.733022
31/01/2022,6294,3.733104
31/01/2022,6295,3.733187
31/01/2022,6296,3.733269
31/01/2022,6297,3.733352
31/01/2022,6298,3.733434
31/01/2022,6299,3.733516
31/01/2022,6300,3.733599
31/01/2022,6301,3.733681
31/01/2022,6302,3.733764
31/01/2022,6303,3.733846
31/01/2022,6304,3.733929
31/01/2022,6305,3.734011
31/01/2022,6306,3.734093
31/01/2022,6307,3.734176
31/01/2022,6308,3.734258
31/01/2022,6309,3.734341
31/01/2022,6310,3.734423
31/01/2022,6311,3.734505
31/01/2022,6312,3.734588
31/01/2022,6313,3.73467
31/01/2022,6314,3.734753
31/01/2022,6315,3.734835
31/01/2022,6316,3.734918
31/01/2022,6317,3.735
31/01/2022,6318,3.735082
31/01/2022,6319,3.735165
31/01/2022,6320,3.735247
31/01/2022,6321,3.73533
31/01/2022,6322,3.735412
31/01/2022,6323,3.735495
31/01/2022,6324,3.735577
31/01/2022,6325,3.735659
31/01/2022,6326,3.735742
31/01/2022,6327,3.735824
31/01/2022,6328,3.735907
31/01/2022,6329,3.735989
31/01/2022,6330,3.736071
31/01/2022,6331,3.736154
31/01/2022,6332,3.736236
31/01/2022,6333,3.736319
31/01/2022,6334,3.736401
31/01/2022,6335,3.736484
31/01/2022,6336,3.736566
31/01/2022,6337,3.736648
31/01/2022,6338,3.736731
31/01/2022,6339,3.736813
31/01/2022,6340,3.736896
31/01/2022,6341,3.736978
31/01/2022,6342,3.73706
31/01/2022,6343,3.737143
31/01/2022,6344,3.737225
31/01/2022,6345,3.737308
31/01/2022,6346,3.73739
31/01/2022,6347,3.737473
31/01/2022,6348,3.737555
31/01/2022,6349,3.737637
31/01/2022,6350,3.73772
31/01/2022,6351,3.737802
31/01/2022,6352,3.737885
31/01/2022,6353,3.737967
31/01/2022,6354,3.738049
31/01/2022,6355,3.738132
31/01/2022,6356,3.738214
31/01/2022,6357,3.738297
31/01/2022,6358,3.738379
31/01/2022,6359,3.738462
31/01/2022,6360,3.738544
31/01/2022,6361,3.738626
31/01/2022,6362,3.738709
31/01/2022,6363,3.738791
31/01/2022,6364,3.738874
31/01/2022,6365,3.738956
31/01/2022,6366,3.739038
31/01/2022,6367,3.739121
31/01/2022,6368,3.739203
31/01/2022,6369,3.739286
31/01/2022,6370,3.739368
31/01/2022,6371,3.739451
31/01/2022,6372,3.739533
31/01/2022,6373,3.739615
31/01/2022,6374,3.739698
31/01/2022,6375,3.73978
31/01/2022,6376,3.739863
31/01/2022,6377,3.739945
31/01/2022,6378,3.740027
31/01/2022,6379,3.74011
31/01/2022,6380,3.740192
31/01/2022,6381,3.740275
31/01/2022,6382,3.740357
31/01/2022,6383,3.74044
31/01/2022,6384,3.740522
31/01/2022,6385,3.740604
31/01/2022,6386,3.740687
31/01/2022,6387,3.740769
31/01/2022,6388,3.740852
31/01/2022,6389,3.740934
31/01/2022,6390,3.741016
31/01/2022,6391,3.741099
31/01/2022,6392,3.741181
31/01/2022,6393,3.741264
31/01/2022,6394,3.741346
31/01/2022,6395,3.741429
31/01/2022,6396,3.741511
31/01/2022,6397,3.741593
31/01/2022,6398,3.741676
31/01/2022,6399,3.741758
31/01/2022,6400,3.741841
31/01/2022,6401,3.741923
31/01/2022,6402,3.742005
31/01/2022,6403,3.742088
31/01/2022,6404,3.74217
31/01/2022,6405,3.742253
31/01/2022,6406,3.742335
31/01/2022,6407,3.742418
31/01/2022,6408,3.7425
31/01/2022,6409,3.742582
31/01/2022,6410,3.742665
31/01/2022,6411,3.742747
31/01/2022,6412,3.74283
31/01/2022,6413,3.742912
31/01/2022,6414,3.742995
31/01/2022,6415,3.743077
31/01/2022,6416,3.743159
31/01/2022,6417,3.743242
31/01/2022,6418,3.743324
31/01/2022,6419,3.743407
31/01/2022,6420,3.743489
31/01/2022,6421,3.743571
31/01/2022,6422,3.743654
31/01/2022,6423,3.743736
31/01/2022,6424,3.743819
31/01/2022,6425,3.743901
31/01/2022,6426,3.743984
31/01/2022,6427,3.744066
31/01/2022,6428,3.744148
31/01/2022,6429,3.744231
31/01/2022,6430,3.744313
31/01/2022,6431,3.744396
31/01/2022,6432,3.744478
31/01/2022,6433,3.74456
31/01/2022,6434,3.744643
31/01/2022,6435,3.744725
31/01/2022,6436,3.744808
31/01/2022,6437,3.74489
31/01/2022,6438,3.744973
31/01/2022,6439,3.745055
31/01/2022,6440,3.745137
31/01/2022,6441,3.74522
31/01/2022,6442,3.745302
31/01/2022,6443,3.745385
31/01/2022,6444,3.745467
31/01/2022,6445,3.745549
31/01/2022,6446,3.745632
31/01/2022,6447,3.745714
31/01/2022,6448,3.745797
31/01/2022,6449,3.745879
31/01/2022,6450,3.745962
31/01/2022,6451,3.746044
31/01/2022,6452,3.746126
31/01/2022,6453,3.746209
31/01/2022,6454,3.746291
31/01/2022,6455,3.746374
31/01/2022,6456,3.746456
31/01/2022,6457,3.746538
31/01/2022,6458,3.746621
31/01/2022,6459,3.746703
31/01/2022,6460,3.746786
31/01/2022,6461,3.746868
31/01/2022,6462,3.746951
31/01/2022,6463,3.747033
31/01/2022,6464,3.747115
31/01/2022,6465,3.747198
31/01/2022,6466,3.74728
31/01/2022,6467,3.747363
31/01/2022,6468,3.747445
31/01/2022,6469,3.747527
31/01/2022,6470,3.74761
31/01/2022,6471,3.747692
31/01/2022,6472,3.747775
31/01/2022,6473,3.747857
31/01/2022,6474,3.74794
31/01/2022,6475,3.748022
31/01/2022,6476,3.748104
31/01/2022,6477,3.748187
31/01/2022,6478,3.748269
31/01/2022,6479,3.748352
31/01/2022,6480,3.748434
31/01/2022,6481,3.748516
31/01/2022,6482,3.748599
31/01/2022,6483,3.748681
31/01/2022,6484,3.748764
31/01/2022,6485,3.748846
31/01/2022,6486,3.748929
31/01/2022,6487,3.749011
31/01/2022,6488,3.749093
31/01/2022,6489,3.749176
31/01/2022,6490,3.749258
31/01/2022,6491,3.749341
31/01/2022,6492,3.749423
31/01/2022,6493,3.749505
31/01/2022,6494,3.749588
31/01/2022,6495,3.74967
31/01/2022,6496,3.749753
31/01/2022,6497,3.749835
31/01/2022,6498,3.749918
31/01/2022,6499,3.75
31/01/2022,6500,3.750082
31/01/2022,6501,3.750165
31/01/2022,6502,3.750247
31/01/2022,6503,3.75033
31/01/2022,6504,3.750412
31/01/2022,6505,3.750495
31/01/2022,6506,3.750577
31/01/2022,6507,3.750659
31/01/2022,6508,3.750742
31/01/2022,6509,3.750824
31/01/2022,6510,3.750907
31/01/2022,6511,3.750989
31/01/2022,6512,3.751071
31/01/2022,6513,3.751154
31/01/2022,6514,3.751236
31/01/2022,6515,3.751319
31/01/2022,6516,3.751401
31/01/2022,6517,3.751484
31/01/2022,6518,3.751566
31/01/2022,6519,3.751648
31/01/2022,6520,3.751731
31/01/2022,6521,3.751813
31/01/2022,6522,3.751896
31/01/2022,6523,3.751978
31/01/2022,6524,3.75206
31/01/2022,6525,3.752143
31/01/2022,6526,3.752225
31/01/2022,6527,3.752308
31/01/2022,6528,3.75239
31/01/2022,6529,3.752473
31/01/2022,6530,3.752555
31/01/2022,6531,3.752637
31/01/2022,6532,3.75272
31/01/2022,6533,3.752802
31/01/2022,6534,3.752885
31/01/2022,6535,3.752967
31/01/2022,6536,3.753049
31/01/2022,6537,3.753132
31/01/2022,6538,3.753214
31/01/2022,6539,3.753297
31/01/2022,6540,3.753379
31/01/2022,6541,3.753462
31/01/2022,6542,3.753544
31/01/2022,6543,3.753626
31/01/2022,6544,3.753709
31/01/2022,6545,3.753791
31/01/2022,6546,3.753874
31/01/2022,6547,3.753956
31/01/2022,6548,3.754038
31/01/2022,6549,3.754121
31/01/2022,6550,3.754203
31/01/2022,6551,3.754286
31/01/2022,6552,3.754368
31/01/2022,6553,3.754451
31/01/2022,6554,3.754533
31/01/2022,6555,3.754615
31/01/2022,6556,3.754698
31/01/2022,6557,3.75478
31/01/2022,6558,3.754863
31/01/2022,6559,3.754945
31/01/2022,6560,3.755027
31/01/2022,6561,3.75511
31/01/2022,6562,3.755192
31/01/2022,6563,3.755275
31/01/2022,6564,3.755357
31/01/2022,6565,3.75544
31/01/2022,6566,3.755522
31/01/2022,6567,3.755604
31/01/2022,6568,3.755687
31/01/2022,6569,3.755769
31/01/2022,6570,3.755852
31/01/2022,6571,3.755934
31/01/2022,6572,3.756016
31/01/2022,6573,3.756099
31/01/2022,6574,3.756181
31/01/2022,6575,3.756264
31/01/2022,6576,3.756346
31/01/2022,6577,3.756429
31/01/2022,6578,3.756511
31/01/2022,6579,3.756593
31/01/2022,6580,3.756676
31/01/2022,6581,3.756758
31/01/2022,6582,3.756841
31/01/2022,6583,3.756923
31/01/2022,6584,3.757005
31/01/2022,6585,3.757088
31/01/2022,6586,3.75717
31/01/2022,6587,3.757253
31/01/2022,6588,3.757335
31/01/2022,6589,3.757418
31/01/2022,6590,3.7575
31/01/2022,6591,3.757582
31/01/2022,6592,3.757665
31/01/2022,6593,3.757747
31/01/2022,6594,3.75783
31/01/2022,6595,3.757912
31/01/2022,6596,3.757995
31/01/2022,6597,3.758077
31/01/2022,6598,3.758159
31/01/2022,6599,3.758242
31/01/2022,6600,3.758324
31/01/2022,6601,3.758407
31/01/2022,6602,3.758489
31/01/2022,6603,3.758571
31/01/2022,6604,3.758654
31/01/2022,6605,3.758736
31/01/2022,6606,3.758819
31/01/2022,6607,3.758901
31/01/2022,6608,3.758984
31/01/2022,6609,3.759066
31/01/2022,6610,3.759148
31/01/2022,6611,3.759231
31/01/2022,6612,3.759313
31/01/2022,6613,3.759396
31/01/2022,6614,3.759478
31/01/2022,6615,3.75956
31/01/2022,6616,3.759643
31/01/2022,6617,3.759725
31/01/2022,6618,3.759808
31/01/2022,6619,3.75989
31/01/2022,6620,3.759973
31/01/2022,6621,3.760055
31/01/2022,6622,3.760137
31/01/2022,6623,3.76022
31/01/2022,6624,3.760302
31/01/2022,6625,3.760385
31/01/2022,6626,3.760467
31/01/2022,6627,3.760549
31/01/2022,6628,3.760632
31/01/2022,6629,3.760714
31/01/2022,6630,3.760797
31/01/2022,6631,3.760879
31/01/2022,6632,3.760962
31/01/2022,6633,3.761044
31/01/2022,6634,3.761126
31/01/2022,6635,3.761209
31/01/2022,6636,3.761291
31/01/2022,6637,3.761374
31/01/2022,6638,3.761456
31/01/2022,6639,3.761538
31/01/2022,6640,3.761621
31/01/2022,6641,3.761703
31/01/2022,6642,3.761786
31/01/2022,6643,3.761868
31/01/2022,6644,3.761951
31/01/2022,6645,3.762033
31/01/2022,6646,3.762115
31/01/2022,6647,3.762198
31/01/2022,6648,3.76228
31/01/2022,6649,3.762363
31/01/2022,6650,3.762445
31/01/2022,6651,3.762527
31/01/2022,6652,3.76261
31/01/2022,6653,3.762692
31/01/2022,6654,3.762775
31/01/2022,6655,3.762857
31/01/2022,6656,3.76294
31/01/2022,6657,3.763022
31/01/2022,6658,3.763104
31/01/2022,6659,3.763187
31/01/2022,6660,3.763269
31/01/2022,6661,3.763352
31/01/2022,6662,3.763434
31/01/2022,6663,3.763516
31/01/2022,6664,3.763599
31/01/2022,6665,3.763681
31/01/2022,6666,3.763764
31/01/2022,6667,3.763846
31/01/2022,6668,3.763929
31/01/2022,6669,3.764011
31/01/2022,6670,3.764093
31/01/2022,6671,3.764176
31/01/2022,6672,3.764258
31/01/2022,6673,3.764341
31/01/2022,6674,3.764423
31/01/2022,6675,3.764505
31/01/2022,6676,3.764588
31/01/2022,6677,3.76467
31/01/2022,6678,3.764753
31/01/2022,6679,3.764835
31/01/2022,6680,3.764918
31/01/2022,6681,3.765
31/01/2022,6682,3.765082
31/01/2022,6683,3.765165
31/01/2022,6684,3.765247
31/01/2022,6685,3.76533
31/01/2022,6686,3.765412
31/01/2022,6687,3.765495
31/01/2022,6688,3.765577
31/01/2022,6689,3.765659
31/01/2022,6690,3.765742
31/01/2022,6691,3.765824
31/01/2022,6692,3.765907
31/01/2022,6693,3.765989
31/01/2022,6694,3.766071
31/01/2022,6695,3.766154
31/01/2022,6696,3.766236
31/01/2022,6697,3.766319
31/01/2022,6698,3.766401
31/01/2022,6699,3.766484
31/01/2022,6700,3.766566
31/01/2022,6701,3.766648
31/01/2022,6702,3.766731
31/01/2022,6703,3.766813
31/01/2022,6704,3.766896
31/01/2022,6705,3.766978
31/01/2022,6706,3.76706
31/01/2022,6707,3.767143
31/01/2022,6708,3.767225
31/01/2022,6709,3.767308
31/01/2022,6710,3.76739
31/01/2022,6711,3.767473
31/01/2022,6712,3.767555
31/01/2022,6713,3.767637
31/01/2022,6714,3.76772
31/01/2022,6715,3.767802
31/01/2022,6716,3.767885
31/01/2022,6717,3.767967
31/01/2022,6718,3.768049
31/01/2022,6719,3.768132
31/01/2022,6720,3.768214
31/01/2022,6721,3.768297
31/01/2022,6722,3.768379
31/01/2022,6723,3.768462
31/01/2022,6724,3.768544
31/01/2022,6725,3.768626
31/01/2022,6726,3.768709
31/01/2022,6727,3.768791
31/01/2022,6728,3.768874
31/01/2022,6729,3.768956
31/01/2022,6730,3.769038
31/01/2022,6731,3.769121
31/01/2022,6732,3.769203
31/01/2022,6733,3.769286
31/01/2022,6734,3.769368
31/01/2022,6735,3.769451
31/01/2022,6736,3.769533
31/01/2022,6737,3.769615
31/01/2022,6738,3.769698
31/01/2022,6739,3.76978
31/01/2022,6740,3.769863
31/01/2022,6741,3.769945
31/01/2022,6742,3.770027
31/01/2022,6743,3.77011
31/01/2022,6744,3.770192
31/01/2022,6745,3.770275
31/01/2022,6746,3.770357
31/01/2022,6747,3.77044
31/01/2022,6748,3.770522
31/01/2022,6749,3.770604
31/01/2022,6750,3.770687
31/01/2022,6751,3.770769
31/01/2022,6752,3.770852
31/01/2022,6753,3.770934
31/01/2022,6754,3.771016
31/01/2022,6755,3.771099
31/01/2022,6756,3.771181
31/01/2022,6757,3.771264
31/01/2022,6758,3.771346
31/01/2022,6759,3.771429
31/01/2022,6760,3.771511
31/01/2022,6761,3.771593
31/01/2022,6762,3.771676
31/01/2022,6763,3.771758
31/01/2022,6764,3.771841
31/01/2022,6765,3.771923
31/01/2022,6766,3.772005
31/01/2022,6767,3.772088
31/01/2022,6768,3.77217
31/01/2022,6769,3.772253
31/01/2022,6770,3.772335
31/01/2022,6771,3.772418
31/01/2022,6772,3.7725
31/01/2022,6773,3.772582
31/01/2022,6774,3.772665
31/01/2022,6775,3.772747
31/01/2022,6776,3.77283
31/01/2022,6777,3.772912
31/01/2022,6778,3.772995
31/01/2022,6779,3.773077
31/01/2022,6780,3.773159
31/01/2022,6781,3.773242
31/01/2022,6782,3.773324
31/01/2022,6783,3.773407
31/01/2022,6784,3.773489
31/01/2022,6785,3.773571
31/01/2022,6786,3.773654
31/01/2022,6787,3.773736
31/01/2022,6788,3.773819
31/01/2022,6789,3.773901
31/01/2022,6790,3.773984
31/01/2022,6791,3.774066
31/01/2022,6792,3.774148
31/01/2022,6793,3.774231
31/01/2022,6794,3.774313
31/01/2022,6795,3.774396
31/01/2022,6796,3.774478
31/01/2022,6797,3.77456
31/01/2022,6798,3.774643
31/01/2022,6799,3.774725
31/01/2022,6800,3.774808
31/01/2022,6801,3.77489
31/01/2022,6802,3.774973
31/01/2022,6803,3.775055
31/01/2022,6804,3.775137
31/01/2022,6805,3.77522
31/01/2022,6806,3.775302
31/01/2022,6807,3.775385
31/01/2022,6808,3.775467
31/01/2022,6809,3.775549
31/01/2022,6810,3.775632
31/01/2022,6811,3.775714
31/01/2022,6812,3.775797
31/01/2022,6813,3.775879
31/01/2022,6814,3.775962
31/01/2022,6815,3.776044
31/01/2022,6816,3.776126
31/01/2022,6817,3.776209
31/01/2022,6818,3.776291
31/01/2022,6819,3.776374
31/01/2022,6820,3.776456
31/01/2022,6821,3.776538
31/01/2022,6822,3.776621
31/01/2022,6823,3.776703
31/01/2022,6824,3.776786
31/01/2022,6825,3.776868
31/01/2022,6826,3.776951
31/01/2022,6827,3.777033
31/01/2022,6828,3.777115
31/01/2022,6829,3.777198
31/01/2022,6830,3.77728
31/01/2022,6831,3.777363
31/01/2022,6832,3.777445
31/01/2022,6833,3.777527
31/01/2022,6834,3.77761
31/01/2022,6835,3.777692
31/01/2022,6836,3.777775
31/01/2022,6837,3.777857
31/01/2022,6838,3.77794
31/01/2022,6839,3.778022
31/01/2022,6840,3.778104
31/01/2022,6841,3.778187
31/01/2022,6842,3.778269
31/01/2022,6843,3.778352
31/01/2022,6844,3.778434
31/01/2022,6845,3.778516
31/01/2022,6846,3.778599
31/01/2022,6847,3.778681
31/01/2022,6848,3.778764
31/01/2022,6849,3.778846
31/01/2022,6850,3.778929
31/01/2022,6851,3.779011
31/01/2022,6852,3.779093
31/01/2022,6853,3.779176
31/01/2022,6854,3.779258
31/01/2022,6855,3.779341
31/01/2022,6856,3.779423
31/01/2022,6857,3.779505
31/01/2022,6858,3.779588
31/01/2022,6859,3.77967
31/01/2022,6860,3.779753
31/01/2022,6861,3.779835
31/01/2022,6862,3.779918
31/01/2022,6863,3.78
31/01/2022,6864,3.779995
31/01/2022,6865,3.779991
31/01/2022,6866,3.779986
31/01/2022,6867,3.779982
31/01/2022,6868,3.779977
31/01/2022,6869,3.779973
31/01/2022,6870,3.779968
31/01/2022,6871,3.779963
31/01/2022,6872,3.779959
31/01/2022,6873,3.779954
31/01/2022,6874,3.77995
31/01/2022,6875,3.779945
31/01/2022,6876,3.77994
31/01/2022,6877,3.779936
31/01/2022,6878,3.779931
31/01/2022,6879,3.779927
31/01/2022,6880,3.779922
31/01/2022,6881,3.779918
31/01/2022,6882,3.779913
31/01/2022,6883,3.779908
31/01/2022,6884,3.779904
31/01/2022,6885,3.779899
31/01/2022,6886,3.779895
31/01/2022,6887,3.77989
31/01/2022,6888,3.779886
31/01/2022,6889,3.779881
31/01/2022,6890,3.779876
31/01/2022,6891,3.779872
31/01/2022,6892,3.779867
31/01/2022,6893,3.779863
31/01/2022,6894,3.779858
31/01/2022,6895,3.779853
31/01/2022,6896,3.779849
31/01/2022,6897,3.779844
31/01/2022,6898,3.77984
31/01/2022,6899,3.779835
31/01/2022,6900,3.779831
31/01/2022,6901,3.779826
31/01/2022,6902,3.779821
31/01/2022,6903,3.779817
31/01/2022,6904,3.779812
31/01/2022,6905,3.779808
31/01/2022,6906,3.779803
31/01/2022,6907,3.779799
31/01/2022,6908,3.779794
31/01/2022,6909,3.779789
31/01/2022,6910,3.779785
31/01/2022,6911,3.77978
31/01/2022,6912,3.779776
31/01/2022,6913,3.779771
31/01/2022,6914,3.779766
31/01/2022,6915,3.779762
31/01/2022,6916,3.779757
31/01/2022,6917,3.779753
31/01/2022,6918,3.779748
31/01/2022,6919,3.779744
31/01/2022,6920,3.779739
31/01/2022,6921,3.779734
31/01/2022,6922,3.77973
31/01/2022,6923,3.779725
31/01/2022,6924,3.779721
31/01/2022,6925,3.779716
31/01/2022,6926,3.779712
31/01/2022,6927,3.779707
31/01/2022,6928,3.779702
31/01/2022,6929,3.779698
31/01/2022,6930,3.779693
31/01/2022,6931,3.779689
31/01/2022,6932,3.779684
31/01/2022,6933,3.779679
31/01/2022,6934,3.779675
31/01/2022,6935,3.77967
31/01/2022,6936,3.779666
31/01/2022,6937,3.779661
31/01/2022,6938,3.779657
31/01/2022,6939,3.779652
31/01/2022,6940,3.779647
31/01/2022,6941,3.779643
31/01/2022,6942,3.779638
31/01/2022,6943,3.779634
31/01/2022,6944,3.779629
31/01/2022,6945,3.779625
31/01/2022,6946,3.77962
31/01/2022,6947,3.779615
31/01/2022,6948,3.779611
31/01/2022,6949,3.779606
31/01/2022,6950,3.779602
31/01/2022,6951,3.779597
31/01/2022,6952,3.779592
31/01/2022,6953,3.779588
31/01/2022,6954,3.779583
31/01/2022,6955,3.779579
31/01/2022,6956,3.779574
31/01/2022,6957,3.77957
31/01/2022,6958,3.779565
31/01/2022,6959,3.77956
31/01/2022,6960,3.779556
31/01/2022,6961,3.779551
31/01/2022,6962,3.779547
31/01/2022,6963,3.779542
31/01/2022,6964,3.779538
31/01/2022,6965,3.779533
31/01/2022,6966,3.779528
31/01/2022,6967,3.779524
31/01/2022,6968,3.779519
31/01/2022,6969,3.779515
31/01/2022,6970,3.77951
31/01/2022,6971,3.779505
31/01/2022,6972,3.779501
31/01/2022,6973,3.779496
31/01/2022,6974,3.779492
31/01/2022,6975,3.779487
31/01/2022,6976,3.779483
31/01/2022,6977,3.779478
31/01/2022,6978,3.779473
31/01/2022,6979,3.779469
31/01/2022,6980,3.779464
31/01/2022,6981,3.77946
31/01/2022,6982,3.779455
31/01/2022,6983,3.779451
31/01/2022,6984,3.779446
31/01/2022,6985,3.779441
31/01/2022,6986,3.779437
31/01/2022,6987,3.779432
31/01/2022,6988,3.779428
31/01/2022,6989,3.779423
31/01/2022,6990,3.779418
31/01/2022,6991,3.779414
31/01/2022,6992,3.779409
31/01/2022,6993,3.779405
31/01/2022,6994,3.7794
31/01/2022,6995,3.779396
31/01/2022,6996,3.779391
31/01/2022,6997,3.779386
31/01/2022,6998,3.779382
31/01/2022,6999,3.779377
31/01/2022,7000,3.779373
31/01/2022,7001,3.779368
31/01/2022,7002,3.779364
31/01/2022,7003,3.779359
31/01/2022,7004,3.779354
31/01/2022,7005,3.77935
31/01/2022,7006,3.779345
31/01/2022,7007,3.779341
31/01/2022,7008,3.779336
31/01/2022,7009,3.779332
31/01/2022,7010,3.779327
31/01/2022,7011,3.779322
31/01/2022,7012,3.779318
31/01/2022,7013,3.779313
31/01/2022,7014,3.779309
31/01/2022,7015,3.779304
31/01/2022,7016,3.779299
31/01/2022,7017,3.779295
31/01/2022,7018,3.77929
31/01/2022,7019,3.779286
31/01/2022,7020,3.779281
31/01/2022,7021,3.779277
31/01/2022,7022,3.779272
31/01/2022,7023,3.779267
31/01/2022,7024,3.779263
31/01/2022,7025,3.779258
31/01/2022,7026,3.779254
31/01/2022,7027,3.779249
31/01/2022,7028,3.779245
31/01/2022,7029,3.77924
31/01/2022,7030,3.779235
31/01/2022,7031,3.779231
31/01/2022,7032,3.779226
31/01/2022,7033,3.779222
31/01/2022,7034,3.779217
31/01/2022,7035,3.779212
31/01/2022,7036,3.779208
31/01/2022,7037,3.779203
31/01/2022,7038,3.779199
31/01/2022,7039,3.779194
31/01/2022,7040,3.77919
31/01/2022,7041,3.779185
31/01/2022,7042,3.77918
31/01/2022,7043,3.779176
31/01/2022,7044,3.779171
31/01/2022,7045,3.779167
31/01/2022,7046,3.779162
31/01/2022,7047,3.779158
31/01/2022,7048,3.779153
31/01/2022,7049,3.779148
31/01/2022,7050,3.779144
31/01/2022,7051,3.779139
31/01/2022,7052,3.779135
31/01/2022,7053,3.77913
31/01/2022,7054,3.779125
31/01/2022,7055,3.779121
31/01/2022,7056,3.779116
31/01/2022,7057,3.779112
31/01/2022,7058,3.779107
31/01/2022,7059,3.779103
31/01/2022,7060,3.779098
31/01/2022,7061,3.779093
31/01/2022,7062,3.779089
31/01/2022,7063,3.779084
31/01/2022,7064,3.77908
31/01/2022,7065,3.779075
31/01/2022,7066,3.779071
31/01/2022,7067,3.779066
31/01/2022,7068,3.779061
31/01/2022,7069,3.779057
31/01/2022,7070,3.779052
31/01/2022,7071,3.779048
31/01/2022,7072,3.779043
31/01/2022,7073,3.779038
31/01/2022,7074,3.779034
31/01/2022,7075,3.779029
31/01/2022,7076,3.779025
31/01/2022,7077,3.77902
31/01/2022,7078,3.779016
31/01/2022,7079,3.779011
31/01/2022,7080,3.779006
31/01/2022,7081,3.779002
31/01/2022,7082,3.778997
31/01/2022,7083,3.778993
31/01/2022,7084,3.778988
31/01/2022,7085,3.778984
31/01/2022,7086,3.778979
31/01/2022,7087,3.778974
31/01/2022,7088,3.77897
31/01/2022,7089,3.778965
31/01/2022,7090,3.778961
31/01/2022,7091,3.778956
31/01/2022,7092,3.778951
31/01/2022,7093,3.778947
31/01/2022,7094,3.778942
31/01/2022,7095,3.778938
31/01/2022,7096,3.778933
31/01/2022,7097,3.778929
31/01/2022,7098,3.778924
31/01/2022,7099,3.778919
31/01/2022,7100,3.778915
31/01/2022,7101,3.77891
31/01/2022,7102,3.778906
31/01/2022,7103,3.778901
31/01/2022,7104,3.778897
31/01/2022,7105,3.778892
31/01/2022,7106,3.778887
31/01/2022,7107,3.778883
31/01/2022,7108,3.778878
31/01/2022,7109,3.778874
31/01/2022,7110,3.778869
31/01/2022,7111,3.778864
31/01/2022,7112,3.77886
31/01/2022,7113,3.778855
31/01/2022,7114,3.778851
31/01/2022,7115,3.778846
31/01/2022,7116,3.778842
31/01/2022,7117,3.778837
31/01/2022,7118,3.778832
31/01/2022,7119,3.778828
31/01/2022,7120,3.778823
31/01/2022,7121,3.778819
31/01/2022,7122,3.778814
31/01/2022,7123,3.77881
31/01/2022,7124,3.778805
31/01/2022,7125,3.7788
31/01/2022,7126,3.778796
31/01/2022,7127,3.778791
31/01/2022,7128,3.778787
31/01/2022,7129,3.778782
31/01/2022,7130,3.778777
31/01/2022,7131,3.778773
31/01/2022,7132,3.778768
31/01/2022,7133,3.778764
31/01/2022,7134,3.778759
31/01/2022,7135,3.778755
31/01/2022,7136,3.77875
31/01/2022,7137,3.778745
31/01/2022,7138,3.778741
31/01/2022,7139,3.778736
31/01/2022,7140,3.778732
31/01/2022,7141,3.778727
31/01/2022,7142,3.778723
31/01/2022,7143,3.778718
31/01/2022,7144,3.778713
31/01/2022,7145,3.778709
31/01/2022,7146,3.778704
31/01/2022,7147,3.7787
31/01/2022,7148,3.778695
31/01/2022,7149,3.77869
31/01/2022,7150,3.778686
31/01/2022,7151,3.778681
31/01/2022,7152,3.778677
31/01/2022,7153,3.778672
31/01/2022,7154,3.778668
31/01/2022,7155,3.778663
31/01/2022,7156,3.778658
31/01/2022,7157,3.778654
31/01/2022,7158,3.778649
31/01/2022,7159,3.778645
31/01/2022,7160,3.77864
31/01/2022,7161,3.778636
31/01/2022,7162,3.778631
31/01/2022,7163,3.778626
31/01/2022,7164,3.778622
31/01/2022,7165,3.778617
31/01/2022,7166,3.778613
31/01/2022,7167,3.778608
31/01/2022,7168,3.778603
31/01/2022,7169,3.778599
31/01/2022,7170,3.778594
31/01/2022,7171,3.77859
31/01/2022,7172,3.778585
31/01/2022,7173,3.778581
31/01/2022,7174,3.778576
31/01/2022,7175,3.778571
31/01/2022,7176,3.778567
31/01/2022,7177,3.778562
31/01/2022,7178,3.778558
31/01/2022,7179,3.778553
31/01/2022,7180,3.778549
31/01/2022,7181,3.778544
31/01/2022,7182,3.778539
31/01/2022,7183,3.778535
31/01/2022,7184,3.77853
31/01/2022,7185,3.778526
31/01/2022,7186,3.778521
31/01/2022,7187,3.778516
31/01/2022,7188,3.778512
31/01/2022,7189,3.778507
31/01/2022,7190,3.778503
31/01/2022,7191,3.778498
31/01/2022,7192,3.778494
31/01/2022,7193,3.778489
31/01/2022,7194,3.778484
31/01/2022,7195,3.77848
31/01/2022,7196,3.778475
31/01/2022,7197,3.778471
31/01/2022,7198,3.778466
31/01/2022,7199,3.778462
31/01/2022,7200,3.778457
31/01/2022,7201,3.778452
31/01/2022,7202,3.778448
31/01/2022,7203,3.778443
31/01/2022,7204,3.778439
31/01/2022,7205,3.778434
31/01/2022,7206,3.778429
31/01/2022,7207,3.778425
31/01/2022,7208,3.77842
31/01/2022,7209,3.778416
31/01/2022,7210,3.778411
31/01/2022,7211,3.778407
31/01/2022,7212,3.778402
31/01/2022,7213,3.778397
31/01/2022,7214,3.778393
31/01/2022,7215,3.778388
31/01/2022,7216,3.778384
31/01/2022,7217,3.778379
31/01/2022,7218,3.778375
31/01/2022,7219,3.77837
31/01/2022,7220,3.778365
31/01/2022,7221,3.778361
31/01/2022,7222,3.778356
31/01/2022,7223,3.778352
31/01/2022,7224,3.778347
31/01/2022,7225,3.778342
31/01/2022,7226,3.778338
31/01/2022,7227,3.778333
31/01/2022,7228,3.778329
31/01/2022,7229,3.778324
31/01/2022,7230,3.77832
31/01/2022,7231,3.778315
31/01/2022,7232,3.77831
31/01/2022,7233,3.778306
31/01/2022,7234,3.778301
31/01/2022,7235,3.778297
31/01/2022,7236,3.778292
31/01/2022,7237,3.778288
31/01/2022,7238,3.778283
31/01/2022,7239,3.778278
31/01/2022,7240,3.778274
31/01/2022,7241,3.778269
31/01/2022,7242,3.778265
31/01/2022,7243,3.77826
31/01/2022,7244,3.778255
31/01/2022,7245,3.778251
31/01/2022,7246,3.778246
31/01/2022,7247,3.778242
31/01/2022,7248,3.778237
31/01/2022,7249,3.778233
31/01/2022,7250,3.778228
31/01/2022,7251,3.778223
31/01/2022,7252,3.778219
31/01/2022,7253,3.778214
31/01/2022,7254,3.77821
31/01/2022,7255,3.778205
31/01/2022,7256,3.778201
31/01/2022,7257,3.778196
31/01/2022,7258,3.778191
31/01/2022,7259,3.778187
31/01/2022,7260,3.778182
31/01/2022,7261,3.778178
31/01/2022,7262,3.778173
31/01/2022,7263,3.778168
31/01/2022,7264,3.778164
31/01/2022,7265,3.778159
31/01/2022,7266,3.778155
31/01/2022,7267,3.77815
31/01/2022,7268,3.778146
31/01/2022,7269,3.778141
31/01/2022,7270,3.778136
31/01/2022,7271,3.778132
31/01/2022,7272,3.778127
31/01/2022,7273,3.778123
31/01/2022,7274,3.778118
31/01/2022,7275,3.778114
31/01/2022,7276,3.778109
31/01/2022,7277,3.778104
31/01/2022,7278,3.7781
31/01/2022,7279,3.778095
31/01/2022,7280,3.778091
31/01/2022,7281,3.778086
31/01/2022,7282,3.778082
31/01/2022,7283,3.778077
31/01/2022,7284,3.778072
31/01/2022,7285,3.778068
31/01/2022,7286,3.778063
31/01/2022,7287,3.778059
31/01/2022,7288,3.778054
31/01/2022,7289,3.778049
31/01/2022,7290,3.778045
31/01/2022,7291,3.77804
31/01/2022,7292,3.778036
31/01/2022,7293,3.778031
31/01/2022,7294,3.778027
31/01/2022,7295,3.778022
31/01/2022,7296,3.778017
31/01/2022,7297,3.778013
31/01/2022,7298,3.778008
31/01/2022,7299,3.778004
31/01/2022,7300,3.777999
31/01/2022,7301,3.777995
31/01/2022,7302,3.77799
31/01/2022,7303,3.777985
31/01/2022,7304,3.777981
31/01/2022,7305,3.777976
31/01/2022,7306,3.777972
31/01/2022,7307,3.777967
31/01/2022,7308,3.777962
31/01/2022,7309,3.777958
31/01/2022,7310,3.777953
31/01/2022,7311,3.777949
31/01/2022,7312,3.777944
31/01/2022,7313,3.77794
31/01/2022,7314,3.777935
31/01/2022,7315,3.77793
31/01/2022,7316,3.777926
31/01/2022,7317,3.777921
31/01/2022,7318,3.777917
31/01/2022,7319,3.777912
31/01/2022,7320,3.777908
31/01/2022,7321,3.777903
31/01/2022,7322,3.777898
31/01/2022,7323,3.777894
31/01/2022,7324,3.777889
31/01/2022,7325,3.777885
31/01/2022,7326,3.77788
31/01/2022,7327,3.777875
31/01/2022,7328,3.777871
31/01/2022,7329,3.777866
31/01/2022,7330,3.777862
31/01/2022,7331,3.777857
31/01/2022,7332,3.777853
31/01/2022,7333,3.777848
31/01/2022,7334,3.777843
31/01/2022,7335,3.777839
31/01/2022,7336,3.777834
31/01/2022,7337,3.77783
31/01/2022,7338,3.777825
31/01/2022,7339,3.777821
31/01/2022,7340,3.777816
31/01/2022,7341,3.777811
31/01/2022,7342,3.777807
31/01/2022,7343,3.777802
31/01/2022,7344,3.777798
31/01/2022,7345,3.777793
31/01/2022,7346,3.777788
31/01/2022,7347,3.777784
31/01/2022,7348,3.777779
31/01/2022,7349,3.777775
31/01/2022,7350,3.77777
31/01/2022,7351,3.777766
31/01/2022,7352,3.777761
31/01/2022,7353,3.777756
31/01/2022,7354,3.777752
31/01/2022,7355,3.777747
31/01/2022,7356,3.777743
31/01/2022,7357,3.777738
31/01/2022,7358,3.777734
31/01/2022,7359,3.777729
31/01/2022,7360,3.777724
31/01/2022,7361,3.77772
31/01/2022,7362,3.777715
31/01/2022,7363,3.777711
31/01/2022,7364,3.777706
31/01/2022,7365,3.777701
31/01/2022,7366,3.777697
31/01/2022,7367,3.777692
31/01/2022,7368,3.777688
31/01/2022,7369,3.777683
31/01/2022,7370,3.777679
31/01/2022,7371,3.777674
31/01/2022,7372,3.777669
31/01/2022,7373,3.777665
31/01/2022,7374,3.77766
31/01/2022,7375,3.777656
31/01/2022,7376,3.777651
31/01/2022,7377,3.777647
31/01/2022,7378,3.777642
31/01/2022,7379,3.777637
31/01/2022,7380,3.777633
31/01/2022,7381,3.777628
31/01/2022,7382,3.777624
31/01/2022,7383,3.777619
31/01/2022,7384,3.777614
31/01/2022,7385,3.77761
31/01/2022,7386,3.777605
31/01/2022,7387,3.777601
31/01/2022,7388,3.777596
31/01/2022,7389,3.777592
31/01/2022,7390,3.777587
31/01/2022,7391,3.777582
31/01/2022,7392,3.777578
31/01/2022,7393,3.777573
31/01/2022,7394,3.777569
31/01/2022,7395,3.777564
31/01/2022,7396,3.77756
31/01/2022,7397,3.777555
31/01/2022,7398,3.77755
31/01/2022,7399,3.777546
31/01/2022,7400,3.777541
31/01/2022,7401,3.777537
31/01/2022,7402,3.777532
31/01/2022,7403,3.777527
31/01/2022,7404,3.777523
31/01/2022,7405,3.777518
31/01/2022,7406,3.777514
31/01/2022,7407,3.777509
31/01/2022,7408,3.777505
31/01/2022,7409,3.7775
31/01/2022,7410,3.777495
31/01/2022,7411,3.777491
31/01/2022,7412,3.777486
31/01/2022,7413,3.777482
31/01/2022,7414,3.777477
31/01/2022,7415,3.777473
31/01/2022,7416,3.777468
31/01/2022,7417,3.777463
31/01/2022,7418,3.777459
31/01/2022,7419,3.777454
31/01/2022,7420,3.77745
31/01/2022,7421,3.777445
31/01/2022,7422,3.77744
31/01/2022,7423,3.777436
31/01/2022,7424,3.777431
31/01/2022,7425,3.777427
31/01/2022,7426,3.777422
31/01/2022,7427,3.777418
31/01/2022,7428,3.777413
31/01/2022,7429,3.777408
31/01/2022,7430,3.777404
31/01/2022,7431,3.777399
31/01/2022,7432,3.777395
31/01/2022,7433,3.77739
31/01/2022,7434,3.777386
31/01/2022,7435,3.777381
31/01/2022,7436,3.777376
31/01/2022,7437,3.777372
31/01/2022,7438,3.777367
31/01/2022,7439,3.777363
31/01/2022,7440,3.777358
31/01/2022,7441,3.777353
31/01/2022,7442,3.777349
31/01/2022,7443,3.777344
31/01/2022,7444,3.77734
31/01/2022,7445,3.777335
31/01/2022,7446,3.777331
31/01/2022,7447,3.777326
31/01/2022,7448,3.777321
31/01/2022,7449,3.777317
31/01/2022,7450,3.777312
31/01/2022,7451,3.777308
31/01/2022,7452,3.777303
31/01/2022,7453,3.777299
31/01/2022,7454,3.777294
31/01/2022,7455,3.777289
31/01/2022,7456,3.777285
31/01/2022,7457,3.77728
31/01/2022,7458,3.777276
31/01/2022,7459,3.777271
31/01/2022,7460,3.777266
31/01/2022,7461,3.777262
31/01/2022,7462,3.777257
31/01/2022,7463,3.777253
31/01/2022,7464,3.777248
31/01/2022,7465,3.777244
31/01/2022,7466,3.777239
31/01/2022,7467,3.777234
31/01/2022,7468,3.77723
31/01/2022,7469,3.777225
31/01/2022,7470,3.777221
31/01/2022,7471,3.777216
31/01/2022,7472,3.777212
31/01/2022,7473,3.777207
31/01/2022,7474,3.777202
31/01/2022,7475,3.777198
31/01/2022,7476,3.777193
31/01/2022,7477,3.777189
31/01/2022,7478,3.777184
31/01/2022,7479,3.777179
31/01/2022,7480,3.777175
31/01/2022,7481,3.77717
31/01/2022,7482,3.777166
31/01/2022,7483,3.777161
31/01/2022,7484,3.777157
31/01/2022,7485,3.777152
31/01/2022,7486,3.777147
31/01/2022,7487,3.777143
31/01/2022,7488,3.777138
31/01/2022,7489,3.777134
31/01/2022,7490,3.777129
31/01/2022,7491,3.777125
31/01/2022,7492,3.77712
31/01/2022,7493,3.777115
31/01/2022,7494,3.777111
31/01/2022,7495,3.777106
31/01/2022,7496,3.777102
31/01/2022,7497,3.777097
31/01/2022,7498,3.777092
31/01/2022,7499,3.777088
31/01/2022,7500,3.777083
31/01/2022,7501,3.777079
31/01/2022,7502,3.777074
31/01/2022,7503,3.77707
31/01/2022,7504,3.777065
31/01/2022,7505,3.77706
31/01/2022,7506,3.777056
31/01/2022,7507,3.777051
31/01/2022,7508,3.777047
31/01/2022,7509,3.777042
31/01/2022,7510,3.777038
31/01/2022,7511,3.777033
31/01/2022,7512,3.777028
31/01/2022,7513,3.777024
31/01/2022,7514,3.777019
31/01/2022,7515,3.777015
31/01/2022,7516,3.77701
31/01/2022,7517,3.777005
31/01/2022,7518,3.777001
31/01/2022,7519,3.776996
31/01/2022,7520,3.776992
31/01/2022,7521,3.776987
31/01/2022,7522,3.776983
31/01/2022,7523,3.776978
31/01/2022,7524,3.776973
31/01/2022,7525,3.776969
31/01/2022,7526,3.776964
31/01/2022,7527,3.77696
31/01/2022,7528,3.776955
31/01/2022,7529,3.776951
31/01/2022,7530,3.776946
31/01/2022,7531,3.776941
31/01/2022,7532,3.776937
31/01/2022,7533,3.776932
31/01/2022,7534,3.776928
31/01/2022,7535,3.776923
31/01/2022,7536,3.776918
31/01/2022,7537,3.776914
31/01/2022,7538,3.776909
31/01/2022,7539,3.776905
31/01/2022,7540,3.7769
31/01/2022,7541,3.776896
31/01/2022,7542,3.776891
31/01/2022,7543,3.776886
31/01/2022,7544,3.776882
31/01/2022,7545,3.776877
31/01/2022,7546,3.776873
31/01/2022,7547,3.776868
31/01/2022,7548,3.776864
31/01/2022,7549,3.776859
31/01/2022,7550,3.776854
31/01/2022,7551,3.77685
31/01/2022,7552,3.776845
31/01/2022,7553,3.776841
31/01/2022,7554,3.776836
31/01/2022,7555,3.776832
31/01/2022,7556,3.776827
31/01/2022,7557,3.776822
31/01/2022,7558,3.776818
31/01/2022,7559,3.776813
31/01/2022,7560,3.776809
31/01/2022,7561,3.776804
31/01/2022,7562,3.776799
31/01/2022,7563,3.776795
31/01/2022,7564,3.77679
31/01/2022,7565,3.776786
31/01/2022,7566,3.776781
31/01/2022,7567,3.776777
31/01/2022,7568,3.776772
31/01/2022,7569,3.776767
31/01/2022,7570,3.776763
31/01/2022,7571,3.776758
31/01/2022,7572,3.776754
31/01/2022,7573,3.776749
31/01/2022,7574,3.776745
31/01/2022,7575,3.77674
31/01/2022,7576,3.776735
31/01/2022,7577,3.776731
31/01/2022,7578,3.776726
31/01/2022,7579,3.776722
31/01/2022,7580,3.776717
31/01/2022,7581,3.776712
31/01/2022,7582,3.776708
31/01/2022,7583,3.776703
31/01/2022,7584,3.776699
31/01/2022,7585,3.776694
31/01/2022,7586,3.77669
31/01/2022,7587,3.776685
31/01/2022,7588,3.77668
31/01/2022,7589,3.776676
31/01/2022,7590,3.776671
31/01/2022,7591,3.776667
31/01/2022,7592,3.776662
31/01/2022,7593,3.776658
31/01/2022,7594,3.776653
31/01/2022,7595,3.776648
31/01/2022,7596,3.776644
31/01/2022,7597,3.776639
31/01/2022,7598,3.776635
31/01/2022,7599,3.77663
31/01/2022,7600,3.776625
31/01/2022,7601,3.776621
31/01/2022,7602,3.776616
31/01/2022,7603,3.776612
31/01/2022,7604,3.776607
31/01/2022,7605,3.776603
31/01/2022,7606,3.776598
31/01/2022,7607,3.776593
31/01/2022,7608,3.776589
31/01/2022,7609,3.776584
31/01/2022,7610,3.77658
31/01/2022,7611,3.776575
31/01/2022,7612,3.776571
31/01/2022,7613,3.776566
31/01/2022,7614,3.776561
31/01/2022,7615,3.776557
31/01/2022,7616,3.776552
31/01/2022,7617,3.776548
31/01/2022,7618,3.776543
31/01/2022,7619,3.776538
31/01/2022,7620,3.776534
31/01/2022,7621,3.776529
31/01/2022,7622,3.776525
31/01/2022,7623,3.77652
31/01/2022,7624,3.776516
31/01/2022,7625,3.776511
31/01/2022,7626,3.776506
31/01/2022,7627,3.776502
31/01/2022,7628,3.776497
31/01/2022,7629,3.776493
31/01/2022,7630,3.776488
31/01/2022,7631,3.776484
31/01/2022,7632,3.776479
31/01/2022,7633,3.776474
31/01/2022,7634,3.77647
31/01/2022,7635,3.776465
31/01/2022,7636,3.776461
31/01/2022,7637,3.776456
31/01/2022,7638,3.776451
31/01/2022,7639,3.776447
31/01/2022,7640,3.776442
31/01/2022,7641,3.776438
31/01/2022,7642,3.776433
31/01/2022,7643,3.776429
31/01/2022,7644,3.776424
31/01/2022,7645,3.776419
31/01/2022,7646,3.776415
31/01/2022,7647,3.77641
31/01/2022,7648,3.776406
31/01/2022,7649,3.776401
31/01/2022,7650,3.776397
31/01/2022,7651,3.776392
31/01/2022,7652,3.776387
31/01/2022,7653,3.776383
31/01/2022,7654,3.776378
31/01/2022,7655,3.776374
31/01/2022,7656,3.776369
31/01/2022,7657,3.776364
31/01/2022,7658,3.77636
31/01/2022,7659,3.776355
31/01/2022,7660,3.776351
31/01/2022,7661,3.776346
31/01/2022,7662,3.776342
31/01/2022,7663,3.776337
31/01/2022,7664,3.776332
31/01/2022,7665,3.776328
31/01/2022,7666,3.776323
31/01/2022,7667,3.776319
31/01/2022,7668,3.776314
31/01/2022,7669,3.77631
31/01/2022,7670,3.776305
31/01/2022,7671,3.7763
31/01/2022,7672,3.776296
31/01/2022,7673,3.776291
31/01/2022,7674,3.776287
31/01/2022,7675,3.776282
31/01/2022,7676,3.776277
31/01/2022,7677,3.776273
31/01/2022,7678,3.776268
31/01/2022,7679,3.776264
31/01/2022,7680,3.776259
31/01/2022,7681,3.776255
31/01/2022,7682,3.77625
31/01/2022,7683,3.776245
31/01/2022,7684,3.776241
31/01/2022,7685,3.776236
31/01/2022,7686,3.776232
31/01/2022,7687,3.776227
31/01/2022,7688,3.776223
31/01/2022,7689,3.776218
31/01/2022,7690,3.776213
31/01/2022,7691,3.776209
31/01/2022,7692,3.776204
31/01/2022,7693,3.7762
31/01/2022,7694,3.776195
31/01/2022,7695,3.77619
31/01/2022,7696,3.776186
31/01/2022,7697,3.776181
31/01/2022,7698,3.776177
31/01/2022,7699,3.776172
31/01/2022,7700,3.776168
31/01/2022,7701,3.776163
31/01/2022,7702,3.776158
31/01/2022,7703,3.776154
31/01/2022,7704,3.776149
31/01/2022,7705,3.776145
31/01/2022,7706,3.77614
31/01/2022,7707,3.776136
31/01/2022,7708,3.776131
31/01/2022,7709,3.776126
31/01/2022,7710,3.776122
31/01/2022,7711,3.776117
31/01/2022,7712,3.776113
31/01/2022,7713,3.776108
31/01/2022,7714,3.776103
31/01/2022,7715,3.776099
31/01/2022,7716,3.776094
31/01/2022,7717,3.77609
31/01/2022,7718,3.776085
31/01/2022,7719,3.776081
31/01/2022,7720,3.776076
31/01/2022,7721,3.776071
31/01/2022,7722,3.776067
31/01/2022,7723,3.776062
31/01/2022,7724,3.776058
31/01/2022,7725,3.776053
31/01/2022,7726,3.776049
31/01/2022,7727,3.776044
31/01/2022,7728,3.776039
31/01/2022,7729,3.776035
31/01/2022,7730,3.77603
31/01/2022,7731,3.776026
31/01/2022,7732,3.776021
31/01/2022,7733,3.776016
31/01/2022,7734,3.776012
31/01/2022,7735,3.776007
31/01/2022,7736,3.776003
31/01/2022,7737,3.775998
31/01/2022,7738,3.775994
31/01/2022,7739,3.775989
31/01/2022,7740,3.775984
31/01/2022,7741,3.77598
31/01/2022,7742,3.775975
31/01/2022,7743,3.775971
31/01/2022,7744,3.775966
31/01/2022,7745,3.775962
31/01/2022,7746,3.775957
31/01/2022,7747,3.775952
31/01/2022,7748,3.775948
31/01/2022,7749,3.775943
31/01/2022,7750,3.775939
31/01/2022,7751,3.775934
31/01/2022,7752,3.775929
31/01/2022,7753,3.775925
31/01/2022,7754,3.77592
31/01/2022,7755,3.775916
31/01/2022,7756,3.775911
31/01/2022,7757,3.775907
31/01/2022,7758,3.775902
31/01/2022,7759,3.775897
31/01/2022,7760,3.775893
31/01/2022,7761,3.775888
31/01/2022,7762,3.775884
31/01/2022,7763,3.775879
31/01/2022,7764,3.775875
31/01/2022,7765,3.77587
31/01/2022,7766,3.775865
31/01/2022,7767,3.775861
31/01/2022,7768,3.775856
31/01/2022,7769,3.775852
31/01/2022,7770,3.775847
31/01/2022,7771,3.775842
31/01/2022,7772,3.775838
31/01/2022,7773,3.775833
31/01/2022,7774,3.775829
31/01/2022,7775,3.775824
31/01/2022,7776,3.77582
31/01/2022,7777,3.775815
31/01/2022,7778,3.77581
31/01/2022,7779,3.775806
31/01/2022,7780,3.775801
31/01/2022,7781,3.775797
31/01/2022,7782,3.775792
31/01/2022,7783,3.775788
31/01/2022,7784,3.775783
31/01/2022,7785,3.775778
31/01/2022,7786,3.775774
31/01/2022,7787,3.775769
31/01/2022,7788,3.775765
31/01/2022,7789,3.77576
31/01/2022,7790,3.775755
31/01/2022,7791,3.775751
31/01/2022,7792,3.775746
31/01/2022,7793,3.775742
31/01/2022,7794,3.775737
31/01/2022,7795,3.775733
31/01/2022,7796,3.775728
31/01/2022,7797,3.775723
31/01/2022,7798,3.775719
31/01/2022,7799,3.775714
31/01/2022,7800,3.77571
31/01/2022,7801,3.775705
31/01/2022,7802,3.775701
31/01/2022,7803,3.775696
31/01/2022,7804,3.775691
31/01/2022,7805,3.775687
31/01/2022,7806,3.775682
31/01/2022,7807,3.775678
31/01/2022,7808,3.775673
31/01/2022,7809,3.775668
31/01/2022,7810,3.775664
31/01/2022,7811,3.775659
31/01/2022,7812,3.775655
31/01/2022,7813,3.77565
31/01/2022,7814,3.775646
31/01/2022,7815,3.775641
31/01/2022,7816,3.775636
31/01/2022,7817,3.775632
31/01/2022,7818,3.775627
31/01/2022,7819,3.775623
31/01/2022,7820,3.775618
31/01/2022,7821,3.775614
31/01/2022,7822,3.775609
31/01/2022,7823,3.775604
31/01/2022,7824,3.7756
31/01/2022,7825,3.775595
31/01/2022,7826,3.775591
31/01/2022,7827,3.775586
31/01/2022,7828,3.775582
31/01/2022,7829,3.775577
31/01/2022,7830,3.775572
31/01/2022,7831,3.775568
31/01/2022,7832,3.775563
31/01/2022,7833,3.775559
31/01/2022,7834,3.775554
31/01/2022,7835,3.775549
31/01/2022,7836,3.775545
31/01/2022,7837,3.77554
31/01/2022,7838,3.775536
31/01/2022,7839,3.775531
31/01/2022,7840,3.775527
31/01/2022,7841,3.775522
31/01/2022,7842,3.775517
31/01/2022,7843,3.775513
31/01/2022,7844,3.775508
31/01/2022,7845,3.775504
31/01/2022,7846,3.775499
31/01/2022,7847,3.775495
31/01/2022,7848,3.77549
31/01/2022,7849,3.775485
31/01/2022,7850,3.775481
31/01/2022,7851,3.775476
31/01/2022,7852,3.775472
31/01/2022,7853,3.775467
31/01/2022,7854,3.775462
31/01/2022,7855,3.775458
31/01/2022,7856,3.775453
31/01/2022,7857,3.775449
31/01/2022,7858,3.775444
31/01/2022,7859,3.77544
31/01/2022,7860,3.775435
31/01/2022,7861,3.77543
31/01/2022,7862,3.775426
31/01/2022,7863,3.775421
31/01/2022,7864,3.775417
31/01/2022,7865,3.775412
31/01/2022,7866,3.775408
31/01/2022,7867,3.775403
31/01/2022,7868,3.775398
31/01/2022,7869,3.775394
31/01/2022,7870,3.775389
31/01/2022,7871,3.775385
31/01/2022,7872,3.77538
31/01/2022,7873,3.775375
31/01/2022,7874,3.775371
31/01/2022,7875,3.775366
31/01/2022,7876,3.775362
31/01/2022,7877,3.775357
31/01/2022,7878,3.775353
31/01/2022,7879,3.775348
31/01/2022,7880,3.775343
31/01/2022,7881,3.775339
31/01/2022,7882,3.775334
31/01/2022,7883,3.77533
31/01/2022,7884,3.775325
31/01/2022,7885,3.775321
31/01/2022,7886,3.775316
31/01/2022,7887,3.775311
31/01/2022,7888,3.775307
31/01/2022,7889,3.775302
31/01/2022,7890,3.775298
31/01/2022,7891,3.775293
31/01/2022,7892,3.775288
31/01/2022,7893,3.775284
31/01/2022,7894,3.775279
31/01/2022,7895,3.775275
31/01/2022,7896,3.77527
31/01/2022,7897,3.775266
31/01/2022,7898,3.775261
31/01/2022,7899,3.775256
31/01/2022,7900,3.775252
31/01/2022,7901,3.775247
31/01/2022,7902,3.775243
31/01/2022,7903,3.775238
31/01/2022,7904,3.775234
31/01/2022,7905,3.775229
31/01/2022,7906,3.775224
31/01/2022,7907,3.77522
31/01/2022,7908,3.775215
31/01/2022,7909,3.775211
31/01/2022,7910,3.775206
31/01/2022,7911,3.775201
31/01/2022,7912,3.775197
31/01/2022,7913,3.775192
31/01/2022,7914,3.775188
31/01/2022,7915,3.775183
31/01/2022,7916,3.775179
31/01/2022,7917,3.775174
31/01/2022,7918,3.775169
31/01/2022,7919,3.775165
31/01/2022,7920,3.77516
31/01/2022,7921,3.775156
31/01/2022,7922,3.775151
31/01/2022,7923,3.775147
31/01/2022,7924,3.775142
31/01/2022,7925,3.775137
31/01/2022,7926,3.775133
31/01/2022,7927,3.775128
31/01/2022,7928,3.775124
31/01/2022,7929,3.775119
31/01/2022,7930,3.775114
31/01/2022,7931,3.77511
31/01/2022,7932,3.775105
31/01/2022,7933,3.775101
31/01/2022,7934,3.775096
31/01/2022,7935,3.775092
31/01/2022,7936,3.775087
31/01/2022,7937,3.775082
31/01/2022,7938,3.775078
31/01/2022,7939,3.775073
31/01/2022,7940,3.775069
31/01/2022,7941,3.775064
31/01/2022,7942,3.77506
31/01/2022,7943,3.775055
31/01/2022,7944,3.77505
31/01/2022,7945,3.775046
31/01/2022,7946,3.775041
31/01/2022,7947,3.775037
31/01/2022,7948,3.775032
31/01/2022,7949,3.775027
31/01/2022,7950,3.775023
31/01/2022,7951,3.775018
31/01/2022,7952,3.775014
31/01/2022,7953,3.775009
31/01/2022,7954,3.775005
31/01/2022,7955,3.775
31/01/2022,7956,3.774995
31/01/2022,7957,3.774991
31/01/2022,7958,3.774986
31/01/2022,7959,3.774982
31/01/2022,7960,3.774977
31/01/2022,7961,3.774973
31/01/2022,7962,3.774968
31/01/2022,7963,3.774963
31/01/2022,7964,3.774959
31/01/2022,7965,3.774954
31/01/2022,7966,3.77495
31/01/2022,7967,3.774945
31/01/2022,7968,3.77494
31/01/2022,7969,3.774936
31/01/2022,7970,3.774931
31/01/2022,7971,3.774927
31/01/2022,7972,3.774922
31/01/2022,7973,3.774918
31/01/2022,7974,3.774913
31/01/2022,7975,3.774908
31/01/2022,7976,3.774904
31/01/2022,7977,3.774899
31/01/2022,7978,3.774895
31/01/2022,7979,3.77489
31/01/2022,7980,3.774886
31/01/2022,7981,3.774881
31/01/2022,7982,3.774876
31/01/2022,7983,3.774872
31/01/2022,7984,3.774867
31/01/2022,7985,3.774863
31/01/2022,7986,3.774858
31/01/2022,7987,3.774853
31/01/2022,7988,3.774849
31/01/2022,7989,3.774844
31/01/2022,7990,3.77484
31/01/2022,7991,3.774835
31/01/2022,7992,3.774831
31/01/2022,7993,3.774826
31/01/2022,7994,3.774821
31/01/2022,7995,3.774817
31/01/2022,7996,3.774812
31/01/2022,7997,3.774808
31/01/2022,7998,3.774803
31/01/2022,7999,3.774799
31/01/2022,8000,3.774794
31/01/2022,8001,3.774789
31/01/2022,8002,3.774785
31/01/2022,8003,3.77478
31/01/2022,8004,3.774776
31/01/2022,8005,3.774771
31/01/2022,8006,3.774766
31/01/2022,8007,3.774762
31/01/2022,8008,3.774757
31/01/2022,8009,3.774753
31/01/2022,8010,3.774748
31/01/2022,8011,3.774744
31/01/2022,8012,3.774739
31/01/2022,8013,3.774734
31/01/2022,8014,3.77473
31/01/2022,8015,3.774725
31/01/2022,8016,3.774721
31/01/2022,8017,3.774716
31/01/2022,8018,3.774712
31/01/2022,8019,3.774707
31/01/2022,8020,3.774702
31/01/2022,8021,3.774698
31/01/2022,8022,3.774693
31/01/2022,8023,3.774689
31/01/2022,8024,3.774684
31/01/2022,8025,3.774679
31/01/2022,8026,3.774675
31/01/2022,8027,3.77467
31/01/2022,8028,3.774666
31/01/2022,8029,3.774661
31/01/2022,8030,3.774657
31/01/2022,8031,3.774652
31/01/2022,8032,3.774647
31/01/2022,8033,3.774643
31/01/2022,8034,3.774638
31/01/2022,8035,3.774634
31/01/2022,8036,3.774629
31/01/2022,8037,3.774625
31/01/2022,8038,3.77462
31/01/2022,8039,3.774615
31/01/2022,8040,3.774611
31/01/2022,8041,3.774606
31/01/2022,8042,3.774602
31/01/2022,8043,3.774597
31/01/2022,8044,3.774592
31/01/2022,8045,3.774588
31/01/2022,8046,3.774583
31/01/2022,8047,3.774579
31/01/2022,8048,3.774574
31/01/2022,8049,3.77457
31/01/2022,8050,3.774565
31/01/2022,8051,3.77456
31/01/2022,8052,3.774556
31/01/2022,8053,3.774551
31/01/2022,8054,3.774547
31/01/2022,8055,3.774542
31/01/2022,8056,3.774538
31/01/2022,8057,3.774533
31/01/2022,8058,3.774528
31/01/2022,8059,3.774524
31/01/2022,8060,3.774519
31/01/2022,8061,3.774515
31/01/2022,8062,3.77451
31/01/2022,8063,3.774505
31/01/2022,8064,3.774501
31/01/2022,8065,3.774496
31/01/2022,8066,3.774492
31/01/2022,8067,3.774487
31/01/2022,8068,3.774483
31/01/2022,8069,3.774478
31/01/2022,8070,3.774473
31/01/2022,8071,3.774469
31/01/2022,8072,3.774464
31/01/2022,8073,3.77446
31/01/2022,8074,3.774455
31/01/2022,8075,3.774451
31/01/2022,8076,3.774446
31/01/2022,8077,3.774441
31/01/2022,8078,3.774437
31/01/2022,8079,3.774432
31/01/2022,8080,3.774428
31/01/2022,8081,3.774423
31/01/2022,8082,3.774418
31/01/2022,8083,3.774414
31/01/2022,8084,3.774409
31/01/2022,8085,3.774405
31/01/2022,8086,3.7744
31/01/2022,8087,3.774396
31/01/2022,8088,3.774391
31/01/2022,8089,3.774386
31/01/2022,8090,3.774382
31/01/2022,8091,3.774377
31/01/2022,8092,3.774373
31/01/2022,8093,3.774368
31/01/2022,8094,3.774364
31/01/2022,8095,3.774359
31/01/2022,8096,3.774354
31/01/2022,8097,3.77435
31/01/2022,8098,3.774345
31/01/2022,8099,3.774341
31/01/2022,8100,3.774336
31/01/2022,8101,3.774332
31/01/2022,8102,3.774327
31/01/2022,8103,3.774322
31/01/2022,8104,3.774318
31/01/2022,8105,3.774313
31/01/2022,8106,3.774309
31/01/2022,8107,3.774304
31/01/2022,8108,3.774299
31/01/2022,8109,3.774295
31/01/2022,8110,3.77429
31/01/2022,8111,3.774286
31/01/2022,8112,3.774281
31/01/2022,8113,3.774277
31/01/2022,8114,3.774272
31/01/2022,8115,3.774267
31/01/2022,8116,3.774263
31/01/2022,8117,3.774258
31/01/2022,8118,3.774254
31/01/2022,8119,3.774249
31/01/2022,8120,3.774245
31/01/2022,8121,3.77424
31/01/2022,8122,3.774235
31/01/2022,8123,3.774231
31/01/2022,8124,3.774226
31/01/2022,8125,3.774222
31/01/2022,8126,3.774217
31/01/2022,8127,3.774212
31/01/2022,8128,3.774208
31/01/2022,8129,3.774203
31/01/2022,8130,3.774199
31/01/2022,8131,3.774194
31/01/2022,8132,3.77419
31/01/2022,8133,3.774185
31/01/2022,8134,3.77418
31/01/2022,8135,3.774176
31/01/2022,8136,3.774171
31/01/2022,8137,3.774167
31/01/2022,8138,3.774162
31/01/2022,8139,3.774158
31/01/2022,8140,3.774153
31/01/2022,8141,3.774148
31/01/2022,8142,3.774144
31/01/2022,8143,3.774139
31/01/2022,8144,3.774135
31/01/2022,8145,3.77413
31/01/2022,8146,3.774125
31/01/2022,8147,3.774121
31/01/2022,8148,3.774116
31/01/2022,8149,3.774112
31/01/2022,8150,3.774107
31/01/2022,8151,3.774103
31/01/2022,8152,3.774098
31/01/2022,8153,3.774093
31/01/2022,8154,3.774089
31/01/2022,8155,3.774084
31/01/2022,8156,3.77408
31/01/2022,8157,3.774075
31/01/2022,8158,3.774071
31/01/2022,8159,3.774066
31/01/2022,8160,3.774061
31/01/2022,8161,3.774057
31/01/2022,8162,3.774052
31/01/2022,8163,3.774048
31/01/2022,8164,3.774043
31/01/2022,8165,3.774038
31/01/2022,8166,3.774034
31/01/2022,8167,3.774029
31/01/2022,8168,3.774025
31/01/2022,8169,3.77402
31/01/2022,8170,3.774016
31/01/2022,8171,3.774011
31/01/2022,8172,3.774006
31/01/2022,8173,3.774002
31/01/2022,8174,3.773997
31/01/2022,8175,3.773993
31/01/2022,8176,3.773988
31/01/2022,8177,3.773984
31/01/2022,8178,3.773979
31/01/2022,8179,3.773974
31/01/2022,8180,3.77397
31/01/2022,8181,3.773965
31/01/2022,8182,3.773961
31/01/2022,8183,3.773956
31/01/2022,8184,3.773951
31/01/2022,8185,3.773947
31/01/2022,8186,3.773942
31/01/2022,8187,3.773938
31/01/2022,8188,3.773933
31/01/2022,8189,3.773929
31/01/2022,8190,3.773924
31/01/2022,8191,3.773919
31/01/2022,8192,3.773915
31/01/2022,8193,3.77391
31/01/2022,8194,3.773906
31/01/2022,8195,3.773901
31/01/2022,8196,3.773897
31/01/2022,8197,3.773892
31/01/2022,8198,3.773887
31/01/2022,8199,3.773883
31/01/2022,8200,3.773878
31/01/2022,8201,3.773874
31/01/2022,8202,3.773869
31/01/2022,8203,3.773864
31/01/2022,8204,3.77386
31/01/2022,8205,3.773855
31/01/2022,8206,3.773851
31/01/2022,8207,3.773846
31/01/2022,8208,3.773842
31/01/2022,8209,3.773837
31/01/2022,8210,3.773832
31/01/2022,8211,3.773828
31/01/2022,8212,3.773823
31/01/2022,8213,3.773819
31/01/2022,8214,3.773814
31/01/2022,8215,3.77381
31/01/2022,8216,3.773805
31/01/2022,8217,3.7738
31/01/2022,8218,3.773796
31/01/2022,8219,3.773791
31/01/2022,8220,3.773787
31/01/2022,8221,3.773782
31/01/2022,8222,3.773777
31/01/2022,8223,3.773773
31/01/2022,8224,3.773768
31/01/2022,8225,3.773764
31/01/2022,8226,3.773759
31/01/2022,8227,3.773755
31/01/2022,8228,3.77375
31/01/2022,8229,3.773745
31/01/2022,8230,3.773741
31/01/2022,8231,3.773736
31/01/2022,8232,3.773732
31/01/2022,8233,3.773727
31/01/2022,8234,3.773723
31/01/2022,8235,3.773718
31/01/2022,8236,3.773713
31/01/2022,8237,3.773709
31/01/2022,8238,3.773704
31/01/2022,8239,3.7737
31/01/2022,8240,3.773695
31/01/2022,8241,3.77369
31/01/2022,8242,3.773686
31/01/2022,8243,3.773681
31/01/2022,8244,3.773677
31/01/2022,8245,3.773672
31/01/2022,8246,3.773668
31/01/2022,8247,3.773663
31/01/2022,8248,3.773658
31/01/2022,8249,3.773654
31/01/2022,8250,3.773649
31/01/2022,8251,3.773645
31/01/2022,8252,3.77364
31/01/2022,8253,3.773636
31/01/2022,8254,3.773631
31/01/2022,8255,3.773626
31/01/2022,8256,3.773622
31/01/2022,8257,3.773617
31/01/2022,8258,3.773613
31/01/2022,8259,3.773608
31/01/2022,8260,3.773603
31/01/2022,8261,3.773599
31/01/2022,8262,3.773594
31/01/2022,8263,3.77359
31/01/2022,8264,3.773585
31/01/2022,8265,3.773581
31/01/2022,8266,3.773576
31/01/2022,8267,3.773571
31/01/2022,8268,3.773567
31/01/2022,8269,3.773562
31/01/2022,8270,3.773558
31/01/2022,8271,3.773553
31/01/2022,8272,3.773549
31/01/2022,8273,3.773544
31/01/2022,8274,3.773539
31/01/2022,8275,3.773535
31/01/2022,8276,3.77353
31/01/2022,8277,3.773526
31/01/2022,8278,3.773521
31/01/2022,8279,3.773516
31/01/2022,8280,3.773512
31/01/2022,8281,3.773507
31/01/2022,8282,3.773503
31/01/2022,8283,3.773498
31/01/2022,8284,3.773494
31/01/2022,8285,3.773489
31/01/2022,8286,3.773484
31/01/2022,8287,3.77348
31/01/2022,8288,3.773475
31/01/2022,8289,3.773471
31/01/2022,8290,3.773466
31/01/2022,8291,3.773462
31/01/2022,8292,3.773457
31/01/2022,8293,3.773452
31/01/2022,8294,3.773448
31/01/2022,8295,3.773443
31/01/2022,8296,3.773439
31/01/2022,8297,3.773434
31/01/2022,8298,3.773429
31/01/2022,8299,3.773425
31/01/2022,8300,3.77342
31/01/2022,8301,3.773416
31/01/2022,8302,3.773411
31/01/2022,8303,3.773407
31/01/2022,8304,3.773402
31/01/2022,8305,3.773397
31/01/2022,8306,3.773393
31/01/2022,8307,3.773388
31/01/2022,8308,3.773384
31/01/2022,8309,3.773379
31/01/2022,8310,3.773375
31/01/2022,8311,3.77337
31/01/2022,8312,3.773365
31/01/2022,8313,3.773361
31/01/2022,8314,3.773356
31/01/2022,8315,3.773352
31/01/2022,8316,3.773347
31/01/2022,8317,3.773342
31/01/2022,8318,3.773338
31/01/2022,8319,3.773333
31/01/2022,8320,3.773329
31/01/2022,8321,3.773324
31/01/2022,8322,3.77332
31/01/2022,8323,3.773315
31/01/2022,8324,3.77331
31/01/2022,8325,3.773306
31/01/2022,8326,3.773301
31/01/2022,8327,3.773297
31/01/2022,8328,3.773292
31/01/2022,8329,3.773288
31/01/2022,8330,3.773283
31/01/2022,8331,3.773278
31/01/2022,8332,3.773274
31/01/2022,8333,3.773269
31/01/2022,8334,3.773265
31/01/2022,8335,3.77326
31/01/2022,8336,3.773255
31/01/2022,8337,3.773251
31/01/2022,8338,3.773246
31/01/2022,8339,3.773242
31/01/2022,8340,3.773237
31/01/2022,8341,3.773233
31/01/2022,8342,3.773228
31/01/2022,8343,3.773223
31/01/2022,8344,3.773219
31/01/2022,8345,3.773214
31/01/2022,8346,3.77321
31/01/2022,8347,3.773205
31/01/2022,8348,3.773201
31/01/2022,8349,3.773196
31/01/2022,8350,3.773191
31/01/2022,8351,3.773187
31/01/2022,8352,3.773182
31/01/2022,8353,3.773178
31/01/2022,8354,3.773173
31/01/2022,8355,3.773168
31/01/2022,8356,3.773164
31/01/2022,8357,3.773159
31/01/2022,8358,3.773155
31/01/2022,8359,3.77315
31/01/2022,8360,3.773146
31/01/2022,8361,3.773141
31/01/2022,8362,3.773136
31/01/2022,8363,3.773132
31/01/2022,8364,3.773127
31/01/2022,8365,3.773123
31/01/2022,8366,3.773118
31/01/2022,8367,3.773114
31/01/2022,8368,3.773109
31/01/2022,8369,3.773104
31/01/2022,8370,3.7731
31/01/2022,8371,3.773095
31/01/2022,8372,3.773091
31/01/2022,8373,3.773086
31/01/2022,8374,3.773082
31/01/2022,8375,3.773077
31/01/2022,8376,3.773072
31/01/2022,8377,3.773068
31/01/2022,8378,3.773063
31/01/2022,8379,3.773059
31/01/2022,8380,3.773054
31/01/2022,8381,3.773049
31/01/2022,8382,3.773045
31/01/2022,8383,3.77304
31/01/2022,8384,3.773036
31/01/2022,8385,3.773031
31/01/2022,8386,3.773027
31/01/2022,8387,3.773022
31/01/2022,8388,3.773017
31/01/2022,8389,3.773013
31/01/2022,8390,3.773008
31/01/2022,8391,3.773004
31/01/2022,8392,3.772999
31/01/2022,8393,3.772995
31/01/2022,8394,3.77299
31/01/2022,8395,3.772985
31/01/2022,8396,3.772981
31/01/2022,8397,3.772976
31/01/2022,8398,3.772972
31/01/2022,8399,3.772967
31/01/2022,8400,3.772962
31/01/2022,8401,3.772958
31/01/2022,8402,3.772953
31/01/2022,8403,3.772949
31/01/2022,8404,3.772944
31/01/2022,8405,3.77294
31/01/2022,8406,3.772935
31/01/2022,8407,3.77293
31/01/2022,8408,3.772926
31/01/2022,8409,3.772921
31/01/2022,8410,3.772917
31/01/2022,8411,3.772912
31/01/2022,8412,3.772908
31/01/2022,8413,3.772903
31/01/2022,8414,3.772898
31/01/2022,8415,3.772894
31/01/2022,8416,3.772889
31/01/2022,8417,3.772885
31/01/2022,8418,3.77288
31/01/2022,8419,3.772875
31/01/2022,8420,3.772871
31/01/2022,8421,3.772866
31/01/2022,8422,3.772862
31/01/2022,8423,3.772857
31/01/2022,8424,3.772853
31/01/2022,8425,3.772848
31/01/2022,8426,3.772843
31/01/2022,8427,3.772839
31/01/2022,8428,3.772834
31/01/2022,8429,3.77283
31/01/2022,8430,3.772825
31/01/2022,8431,3.772821
31/01/2022,8432,3.772816
31/01/2022,8433,3.772811
31/01/2022,8434,3.772807
31/01/2022,8435,3.772802
31/01/2022,8436,3.772798
31/01/2022,8437,3.772793
31/01/2022,8438,3.772788
31/01/2022,8439,3.772784
31/01/2022,8440,3.772779
31/01/2022,8441,3.772775
31/01/2022,8442,3.77277
31/01/2022,8443,3.772766
31/01/2022,8444,3.772761
31/01/2022,8445,3.772756
31/01/2022,8446,3.772752
31/01/2022,8447,3.772747
31/01/2022,8448,3.772743
31/01/2022,8449,3.772738
31/01/2022,8450,3.772734
31/01/2022,8451,3.772729
31/01/2022,8452,3.772724
31/01/2022,8453,3.77272
31/01/2022,8454,3.772715
31/01/2022,8455,3.772711
31/01/2022,8456,3.772706
31/01/2022,8457,3.772701
31/01/2022,8458,3.772697
31/01/2022,8459,3.772692
31/01/2022,8460,3.772688
31/01/2022,8461,3.772683
31/01/2022,8462,3.772679
31/01/2022,8463,3.772674
31/01/2022,8464,3.772669
31/01/2022,8465,3.772665
31/01/2022,8466,3.77266
31/01/2022,8467,3.772656
31/01/2022,8468,3.772651
31/01/2022,8469,3.772647
31/01/2022,8470,3.772642
31/01/2022,8471,3.772637
31/01/2022,8472,3.772633
31/01/2022,8473,3.772628
31/01/2022,8474,3.772624
31/01/2022,8475,3.772619
31/01/2022,8476,3.772614
31/01/2022,8477,3.77261
31/01/2022,8478,3.772605
31/01/2022,8479,3.772601
31/01/2022,8480,3.772596
31/01/2022,8481,3.772592
31/01/2022,8482,3.772587
31/01/2022,8483,3.772582
31/01/2022,8484,3.772578
31/01/2022,8485,3.772573
31/01/2022,8486,3.772569
31/01/2022,8487,3.772564
31/01/2022,8488,3.77256
31/01/2022,8489,3.772555
31/01/2022,8490,3.77255
31/01/2022,8491,3.772546
31/01/2022,8492,3.772541
31/01/2022,8493,3.772537
31/01/2022,8494,3.772532
31/01/2022,8495,3.772527
31/01/2022,8496,3.772523
31/01/2022,8497,3.772518
31/01/2022,8498,3.772514
31/01/2022,8499,3.772509
31/01/2022,8500,3.772505
31/01/2022,8501,3.7725
31/01/2022,8502,3.772495
31/01/2022,8503,3.772491
31/01/2022,8504,3.772486
31/01/2022,8505,3.772482
31/01/2022,8506,3.772477
31/01/2022,8507,3.772473
31/01/2022,8508,3.772468
31/01/2022,8509,3.772463
31/01/2022,8510,3.772459
31/01/2022,8511,3.772454
31/01/2022,8512,3.77245
31/01/2022,8513,3.772445
31/01/2022,8514,3.77244
31/01/2022,8515,3.772436
31/01/2022,8516,3.772431
31/01/2022,8517,3.772427
31/01/2022,8518,3.772422
31/01/2022,8519,3.772418
31/01/2022,8520,3.772413
31/01/2022,8521,3.772408
31/01/2022,8522,3.772404
31/01/2022,8523,3.772399
31/01/2022,8524,3.772395
31/01/2022,8525,3.77239
31/01/2022,8526,3.772386
31/01/2022,8527,3.772381
31/01/2022,8528,3.772376
31/01/2022,8529,3.772372
31/01/2022,8530,3.772367
31/01/2022,8531,3.772363
31/01/2022,8532,3.772358
31/01/2022,8533,3.772353
31/01/2022,8534,3.772349
31/01/2022,8535,3.772344
31/01/2022,8536,3.77234
31/01/2022,8537,3.772335
31/01/2022,8538,3.772331
31/01/2022,8539,3.772326
31/01/2022,8540,3.772321
31/01/2022,8541,3.772317
31/01/2022,8542,3.772312
31/01/2022,8543,3.772308
31/01/2022,8544,3.772303
31/01/2022,8545,3.772299
31/01/2022,8546,3.772294
31/01/2022,8547,3.772289
31/01/2022,8548,3.772285
31/01/2022,8549,3.77228
31/01/2022,8550,3.772276
31/01/2022,8551,3.772271
31/01/2022,8552,3.772266
31/01/2022,8553,3.772262
31/01/2022,8554,3.772257
31/01/2022,8555,3.772253
31/01/2022,8556,3.772248
31/01/2022,8557,3.772244
31/01/2022,8558,3.772239
31/01/2022,8559,3.772234
31/01/2022,8560,3.77223
31/01/2022,8561,3.772225
31/01/2022,8562,3.772221
31/01/2022,8563,3.772216
31/01/2022,8564,3.772212
31/01/2022,8565,3.772207
31/01/2022,8566,3.772202
31/01/2022,8567,3.772198
31/01/2022,8568,3.772193
31/01/2022,8569,3.772189
31/01/2022,8570,3.772184
31/01/2022,8571,3.772179
31/01/2022,8572,3.772175
31/01/2022,8573,3.77217
31/01/2022,8574,3.772166
31/01/2022,8575,3.772161
31/01/2022,8576,3.772157
31/01/2022,8577,3.772152
31/01/2022,8578,3.772147
31/01/2022,8579,3.772143
31/01/2022,8580,3.772138
31/01/2022,8581,3.772134
31/01/2022,8582,3.772129
31/01/2022,8583,3.772125
31/01/2022,8584,3.77212
31/01/2022,8585,3.772115
31/01/2022,8586,3.772111
31/01/2022,8587,3.772106
31/01/2022,8588,3.772102
31/01/2022,8589,3.772097
31/01/2022,8590,3.772092
31/01/2022,8591,3.772088
31/01/2022,8592,3.772083
31/01/2022,8593,3.772079
31/01/2022,8594,3.772074
31/01/2022,8595,3.77207
31/01/2022,8596,3.772065
31/01/2022,8597,3.77206
31/01/2022,8598,3.772056
31/01/2022,8599,3.772051
31/01/2022,8600,3.772047
31/01/2022,8601,3.772042
31/01/2022,8602,3.772038
31/01/2022,8603,3.772033
31/01/2022,8604,3.772028
31/01/2022,8605,3.772024
31/01/2022,8606,3.772019
31/01/2022,8607,3.772015
31/01/2022,8608,3.77201
31/01/2022,8609,3.772005
31/01/2022,8610,3.772001
31/01/2022,8611,3.771996
31/01/2022,8612,3.771992
31/01/2022,8613,3.771987
31/01/2022,8614,3.771983
31/01/2022,8615,3.771978
31/01/2022,8616,3.771973
31/01/2022,8617,3.771969
31/01/2022,8618,3.771964
31/01/2022,8619,3.77196
31/01/2022,8620,3.771955
31/01/2022,8621,3.771951
31/01/2022,8622,3.771946
31/01/2022,8623,3.771941
31/01/2022,8624,3.771937
31/01/2022,8625,3.771932
31/01/2022,8626,3.771928
31/01/2022,8627,3.771923
31/01/2022,8628,3.771918
31/01/2022,8629,3.771914
31/01/2022,8630,3.771909
31/01/2022,8631,3.771905
31/01/2022,8632,3.7719
31/01/2022,8633,3.771896
31/01/2022,8634,3.771891
31/01/2022,8635,3.771886
31/01/2022,8636,3.771882
31/01/2022,8637,3.771877
31/01/2022,8638,3.771873
31/01/2022,8639,3.771868
31/01/2022,8640,3.771864
31/01/2022,8641,3.771859
31/01/2022,8642,3.771854
31/01/2022,8643,3.77185
31/01/2022,8644,3.771845
31/01/2022,8645,3.771841
31/01/2022,8646,3.771836
31/01/2022,8647,3.771832
31/01/2022,8648,3.771827
31/01/2022,8649,3.771822
31/01/2022,8650,3.771818
31/01/2022,8651,3.771813
31/01/2022,8652,3.771809
31/01/2022,8653,3.771804
31/01/2022,8654,3.771799
31/01/2022,8655,3.771795
31/01/2022,8656,3.77179
31/01/2022,8657,3.771786
31/01/2022,8658,3.771781
31/01/2022,8659,3.771777
31/01/2022,8660,3.771772
31/01/2022,8661,3.771767
31/01/2022,8662,3.771763
31/01/2022,8663,3.771758
31/01/2022,8664,3.771754
31/01/2022,8665,3.771749
31/01/2022,8666,3.771745
31/01/2022,8667,3.77174
31/01/2022,8668,3.771735
31/01/2022,8669,3.771731
31/01/2022,8670,3.771726
31/01/2022,8671,3.771722
31/01/2022,8672,3.771717
31/01/2022,8673,3.771712
31/01/2022,8674,3.771708
31/01/2022,8675,3.771703
31/01/2022,8676,3.771699
31/01/2022,8677,3.771694
31/01/2022,8678,3.77169
31/01/2022,8679,3.771685
31/01/2022,8680,3.77168
31/01/2022,8681,3.771676
31/01/2022,8682,3.771671
31/01/2022,8683,3.771667
31/01/2022,8684,3.771662
31/01/2022,8685,3.771658
31/01/2022,8686,3.771653
31/01/2022,8687,3.771648
31/01/2022,8688,3.771644
31/01/2022,8689,3.771639
31/01/2022,8690,3.771635
31/01/2022,8691,3.77163
31/01/2022,8692,3.771625
31/01/2022,8693,3.771621
31/01/2022,8694,3.771616
31/01/2022,8695,3.771612
31/01/2022,8696,3.771607
31/01/2022,8697,3.771603
31/01/2022,8698,3.771598
31/01/2022,8699,3.771593
31/01/2022,8700,3.771589
31/01/2022,8701,3.771584
31/01/2022,8702,3.77158
31/01/2022,8703,3.771575
31/01/2022,8704,3.771571
31/01/2022,8705,3.771566
31/01/2022,8706,3.771561
31/01/2022,8707,3.771557
31/01/2022,8708,3.771552
31/01/2022,8709,3.771548
31/01/2022,8710,3.771543
31/01/2022,8711,3.771538
31/01/2022,8712,3.771534
31/01/2022,8713,3.771529
31/01/2022,8714,3.771525
31/01/2022,8715,3.77152
31/01/2022,8716,3.771516
31/01/2022,8717,3.771511
31/01/2022,8718,3.771506
31/01/2022,8719,3.771502
31/01/2022,8720,3.771497
31/01/2022,8721,3.771493
31/01/2022,8722,3.771488
31/01/2022,8723,3.771484
31/01/2022,8724,3.771479
31/01/2022,8725,3.771474
31/01/2022,8726,3.77147
31/01/2022,8727,3.771465
31/01/2022,8728,3.771461
31/01/2022,8729,3.771456
31/01/2022,8730,3.771451
31/01/2022,8731,3.771447
31/01/2022,8732,3.771442
31/01/2022,8733,3.771438
31/01/2022,8734,3.771433
31/01/2022,8735,3.771429
31/01/2022,8736,3.771424
31/01/2022,8737,3.771419
31/01/2022,8738,3.771415
31/01/2022,8739,3.77141
31/01/2022,8740,3.771406
31/01/2022,8741,3.771401
31/01/2022,8742,3.771397
31/01/2022,8743,3.771392
31/01/2022,8744,3.771387
31/01/2022,8745,3.771383
31/01/2022,8746,3.771378
31/01/2022,8747,3.771374
31/01/2022,8748,3.771369
31/01/2022,8749,3.771364
31/01/2022,8750,3.77136
31/01/2022,8751,3.771355
31/01/2022,8752,3.771351
31/01/2022,8753,3.771346
31/01/2022,8754,3.771342
31/01/2022,8755,3.771337
31/01/2022,8756,3.771332
31/01/2022,8757,3.771328
31/01/2022,8758,3.771323
31/01/2022,8759,3.771319
31/01/2022,8760,3.771314
31/01/2022,8761,3.77131
31/01/2022,8762,3.771305
31/01/2022,8763,3.7713
31/01/2022,8764,3.771296
31/01/2022,8765,3.771291
31/01/2022,8766,3.771287
31/01/2022,8767,3.771282
31/01/2022,8768,3.771277
31/01/2022,8769,3.771273
31/01/2022,8770,3.771268
31/01/2022,8771,3.771264
31/01/2022,8772,3.771259
31/01/2022,8773,3.771255
31/01/2022,8774,3.77125
31/01/2022,8775,3.771245
31/01/2022,8776,3.771241
31/01/2022,8777,3.771236
31/01/2022,8778,3.771232
31/01/2022,8779,3.771227
31/01/2022,8780,3.771223
31/01/2022,8781,3.771218
31/01/2022,8782,3.771213
31/01/2022,8783,3.771209
31/01/2022,8784,3.771204
31/01/2022,8785,3.7712
31/01/2022,8786,3.771195
31/01/2022,8787,3.77119
31/01/2022,8788,3.771186
31/01/2022,8789,3.771181
31/01/2022,8790,3.771177
31/01/2022,8791,3.771172
31/01/2022,8792,3.771168
31/01/2022,8793,3.771163
31/01/2022,8794,3.771158
31/01/2022,8795,3.771154
31/01/2022,8796,3.771149
31/01/2022,8797,3.771145
31/01/2022,8798,3.77114
31/01/2022,8799,3.771136
31/01/2022,8800,3.771131
31/01/2022,8801,3.771126
31/01/2022,8802,3.771122
31/01/2022,8803,3.771117
31/01/2022,8804,3.771113
31/01/2022,8805,3.771108
31/01/2022,8806,3.771103
31/01/2022,8807,3.771099
31/01/2022,8808,3.771094
31/01/2022,8809,3.77109
31/01/2022,8810,3.771085
31/01/2022,8811,3.771081
31/01/2022,8812,3.771076
31/01/2022,8813,3.771071
31/01/2022,8814,3.771067
31/01/2022,8815,3.771062
31/01/2022,8816,3.771058
31/01/2022,8817,3.771053
31/01/2022,8818,3.771049
31/01/2022,8819,3.771044
31/01/2022,8820,3.771039
31/01/2022,8821,3.771035
31/01/2022,8822,3.77103
31/01/2022,8823,3.771026
31/01/2022,8824,3.771021
31/01/2022,8825,3.771016
31/01/2022,8826,3.771012
31/01/2022,8827,3.771007
31/01/2022,8828,3.771003
31/01/2022,8829,3.770998
31/01/2022,8830,3.770994
31/01/2022,8831,3.770989
31/01/2022,8832,3.770984
31/01/2022,8833,3.77098
31/01/2022,8834,3.770975
31/01/2022,8835,3.770971
31/01/2022,8836,3.770966
31/01/2022,8837,3.770962
31/01/2022,8838,3.770957
31/01/2022,8839,3.770952
31/01/2022,8840,3.770948
31/01/2022,8841,3.770943
31/01/2022,8842,3.770939
31/01/2022,8843,3.770934
31/01/2022,8844,3.770929
31/01/2022,8845,3.770925
31/01/2022,8846,3.77092
31/01/2022,8847,3.770916
31/01/2022,8848,3.770911
31/01/2022,8849,3.770907
31/01/2022,8850,3.770902
31/01/2022,8851,3.770897
31/01/2022,8852,3.770893
31/01/2022,8853,3.770888
31/01/2022,8854,3.770884
31/01/2022,8855,3.770879
31/01/2022,8856,3.770875
31/01/2022,8857,3.77087
31/01/2022,8858,3.770865
31/01/2022,8859,3.770861
31/01/2022,8860,3.770856
31/01/2022,8861,3.770852
31/01/2022,8862,3.770847
31/01/2022,8863,3.770842
31/01/2022,8864,3.770838
31/01/2022,8865,3.770833
31/01/2022,8866,3.770829
31/01/2022,8867,3.770824
31/01/2022,8868,3.77082
31/01/2022,8869,3.770815
31/01/2022,8870,3.77081
31/01/2022,8871,3.770806
31/01/2022,8872,3.770801
31/01/2022,8873,3.770797
31/01/2022,8874,3.770792
31/01/2022,8875,3.770788
31/01/2022,8876,3.770783
31/01/2022,8877,3.770778
31/01/2022,8878,3.770774
31/01/2022,8879,3.770769
31/01/2022,8880,3.770765
31/01/2022,8881,3.77076
31/01/2022,8882,3.770755
31/01/2022,8883,3.770751
31/01/2022,8884,3.770746
31/01/2022,8885,3.770742
31/01/2022,8886,3.770737
31/01/2022,8887,3.770733
31/01/2022,8888,3.770728
31/01/2022,8889,3.770723
31/01/2022,8890,3.770719
31/01/2022,8891,3.770714
31/01/2022,8892,3.77071
31/01/2022,8893,3.770705
31/01/2022,8894,3.770701
31/01/2022,8895,3.770696
31/01/2022,8896,3.770691
31/01/2022,8897,3.770687
31/01/2022,8898,3.770682
31/01/2022,8899,3.770678
31/01/2022,8900,3.770673
31/01/2022,8901,3.770668
31/01/2022,8902,3.770664
31/01/2022,8903,3.770659
31/01/2022,8904,3.770655
31/01/2022,8905,3.77065
31/01/2022,8906,3.770646
31/01/2022,8907,3.770641
31/01/2022,8908,3.770636
31/01/2022,8909,3.770632
31/01/2022,8910,3.770627
31/01/2022,8911,3.770623
31/01/2022,8912,3.770618
31/01/2022,8913,3.770614
31/01/2022,8914,3.770609
31/01/2022,8915,3.770604
31/01/2022,8916,3.7706
31/01/2022,8917,3.770595
31/01/2022,8918,3.770591
31/01/2022,8919,3.770586
31/01/2022,8920,3.770582
31/01/2022,8921,3.770577
31/01/2022,8922,3.770572
31/01/2022,8923,3.770568
31/01/2022,8924,3.770563
31/01/2022,8925,3.770559
31/01/2022,8926,3.770554
31/01/2022,8927,3.770549
31/01/2022,8928,3.770545
31/01/2022,8929,3.77054
31/01/2022,8930,3.770536
31/01/2022,8931,3.770531
31/01/2022,8932,3.770527
31/01/2022,8933,3.770522
31/01/2022,8934,3.770517
31/01/2022,8935,3.770513
31/01/2022,8936,3.770508
31/01/2022,8937,3.770504
31/01/2022,8938,3.770499
31/01/2022,8939,3.770495
31/01/2022,8940,3.77049
31/01/2022,8941,3.770485
31/01/2022,8942,3.770481
31/01/2022,8943,3.770476
31/01/2022,8944,3.770472
31/01/2022,8945,3.770467
31/01/2022,8946,3.770462
31/01/2022,8947,3.770458
31/01/2022,8948,3.770453
31/01/2022,8949,3.770449
31/01/2022,8950,3.770444
31/01/2022,8951,3.77044
31/01/2022,8952,3.770435
31/01/2022,8953,3.77043
31/01/2022,8954,3.770426
31/01/2022,8955,3.770421
31/01/2022,8956,3.770417
31/01/2022,8957,3.770412
31/01/2022,8958,3.770408
31/01/2022,8959,3.770403
31/01/2022,8960,3.770398
31/01/2022,8961,3.770394
31/01/2022,8962,3.770389
31/01/2022,8963,3.770385
31/01/2022,8964,3.77038
31/01/2022,8965,3.770375
31/01/2022,8966,3.770371
31/01/2022,8967,3.770366
31/01/2022,8968,3.770362
31/01/2022,8969,3.770357
31/01/2022,8970,3.770353
31/01/2022,8971,3.770348
31/01/2022,8972,3.770343
31/01/2022,8973,3.770339
31/01/2022,8974,3.770334
31/01/2022,8975,3.77033
31/01/2022,8976,3.770325
31/01/2022,8977,3.770321
31/01/2022,8978,3.770316
31/01/2022,8979,3.770311
31/01/2022,8980,3.770307
31/01/2022,8981,3.770302
31/01/2022,8982,3.770298
31/01/2022,8983,3.770293
31/01/2022,8984,3.770288
31/01/2022,8985,3.770284
31/01/2022,8986,3.770279
31/01/2022,8987,3.770275
31/01/2022,8988,3.77027
31/01/2022,8989,3.770266
31/01/2022,8990,3.770261
31/01/2022,8991,3.770256
31/01/2022,8992,3.770252
31/01/2022,8993,3.770247
31/01/2022,8994,3.770243
31/01/2022,8995,3.770238
31/01/2022,8996,3.770234
31/01/2022,8997,3.770229
31/01/2022,8998,3.770224
31/01/2022,8999,3.77022
31/01/2022,9000,3.770215
31/01/2022,9001,3.770211
31/01/2022,9002,3.770206
31/01/2022,9003,3.770201
31/01/2022,9004,3.770197
31/01/2022,9005,3.770192
31/01/2022,9006,3.770188
31/01/2022,9007,3.770183
31/01/2022,9008,3.770179
31/01/2022,9009,3.770174
31/01/2022,9010,3.770169
31/01/2022,9011,3.770165
31/01/2022,9012,3.77016
31/01/2022,9013,3.770156
31/01/2022,9014,3.770151
31/01/2022,9015,3.770147
31/01/2022,9016,3.770142
31/01/2022,9017,3.770137
31/01/2022,9018,3.770133
31/01/2022,9019,3.770128
31/01/2022,9020,3.770124
31/01/2022,9021,3.770119
31/01/2022,9022,3.770114
31/01/2022,9023,3.77011
31/01/2022,9024,3.770105
31/01/2022,9025,3.770101
31/01/2022,9026,3.770096
31/01/2022,9027,3.770092
31/01/2022,9028,3.770087
31/01/2022,9029,3.770082
31/01/2022,9030,3.770078
31/01/2022,9031,3.770073
31/01/2022,9032,3.770069
31/01/2022,9033,3.770064
31/01/2022,9034,3.77006
31/01/2022,9035,3.770055
31/01/2022,9036,3.77005
31/01/2022,9037,3.770046
31/01/2022,9038,3.770041
31/01/2022,9039,3.770037
31/01/2022,9040,3.770032
31/01/2022,9041,3.770027
31/01/2022,9042,3.770023
31/01/2022,9043,3.770018
31/01/2022,9044,3.770014
31/01/2022,9045,3.770009
31/01/2022,9046,3.770005
31/01/2022,9047,3.77
31/01/2022,9048,3.770014
31/01/2022,9049,3.770027
31/01/2022,9050,3.770041
31/01/2022,9051,3.770055
31/01/2022,9052,3.770069
31/01/2022,9053,3.770082
31/01/2022,9054,3.770096
31/01/2022,9055,3.77011
31/01/2022,9056,3.770124
31/01/2022,9057,3.770137
31/01/2022,9058,3.770151
31/01/2022,9059,3.770165
31/01/2022,9060,3.770179
31/01/2022,9061,3.770192
31/01/2022,9062,3.770206
31/01/2022,9063,3.77022
31/01/2022,9064,3.770234
31/01/2022,9065,3.770247
31/01/2022,9066,3.770261
31/01/2022,9067,3.770275
31/01/2022,9068,3.770288
31/01/2022,9069,3.770302
31/01/2022,9070,3.770316
31/01/2022,9071,3.77033
31/01/2022,9072,3.770343
31/01/2022,9073,3.770357
31/01/2022,9074,3.770371
31/01/2022,9075,3.770385
31/01/2022,9076,3.770398
31/01/2022,9077,3.770412
31/01/2022,9078,3.770426
31/01/2022,9079,3.77044
31/01/2022,9080,3.770453
31/01/2022,9081,3.770467
31/01/2022,9082,3.770481
31/01/2022,9083,3.770495
31/01/2022,9084,3.770508
31/01/2022,9085,3.770522
31/01/2022,9086,3.770536
31/01/2022,9087,3.770549
31/01/2022,9088,3.770563
31/01/2022,9089,3.770577
31/01/2022,9090,3.770591
31/01/2022,9091,3.770604
31/01/2022,9092,3.770618
31/01/2022,9093,3.770632
31/01/2022,9094,3.770646
31/01/2022,9095,3.770659
31/01/2022,9096,3.770673
31/01/2022,9097,3.770687
31/01/2022,9098,3.770701
31/01/2022,9099,3.770714
31/01/2022,9100,3.770728
31/01/2022,9101,3.770742
31/01/2022,9102,3.770755
31/01/2022,9103,3.770769
31/01/2022,9104,3.770783
31/01/2022,9105,3.770797
31/01/2022,9106,3.77081
31/01/2022,9107,3.770824
31/01/2022,9108,3.770838
31/01/2022,9109,3.770852
31/01/2022,9110,3.770865
31/01/2022,9111,3.770879
31/01/2022,9112,3.770893
31/01/2022,9113,3.770907
31/01/2022,9114,3.77092
31/01/2022,9115,3.770934
31/01/2022,9116,3.770948
31/01/2022,9117,3.770962
31/01/2022,9118,3.770975
31/01/2022,9119,3.770989
31/01/2022,9120,3.771003
31/01/2022,9121,3.771016
31/01/2022,9122,3.77103
31/01/2022,9123,3.771044
31/01/2022,9124,3.771058
31/01/2022,9125,3.771071
31/01/2022,9126,3.771085
31/01/2022,9127,3.771099
31/01/2022,9128,3.771113
31/01/2022,9129,3.771126
31/01/2022,9130,3.77114
31/01/2022,9131,3.771154
31/01/2022,9132,3.771168
31/01/2022,9133,3.771181
31/01/2022,9134,3.771195
31/01/2022,9135,3.771209
31/01/2022,9136,3.771223
31/01/2022,9137,3.771236
31/01/2022,9138,3.77125
31/01/2022,9139,3.771264
31/01/2022,9140,3.771277
31/01/2022,9141,3.771291
31/01/2022,9142,3.771305
31/01/2022,9143,3.771319
31/01/2022,9144,3.771332
31/01/2022,9145,3.771346
31/01/2022,9146,3.77136
31/01/2022,9147,3.771374
31/01/2022,9148,3.771387
31/01/2022,9149,3.771401
31/01/2022,9150,3.771415
31/01/2022,9151,3.771429
31/01/2022,9152,3.771442
31/01/2022,9153,3.771456
31/01/2022,9154,3.77147
31/01/2022,9155,3.771484
31/01/2022,9156,3.771497
31/01/2022,9157,3.771511
31/01/2022,9158,3.771525
31/01/2022,9159,3.771538
31/01/2022,9160,3.771552
31/01/2022,9161,3.771566
31/01/2022,9162,3.77158
31/01/2022,9163,3.771593
31/01/2022,9164,3.771607
31/01/2022,9165,3.771621
31/01/2022,9166,3.771635
31/01/2022,9167,3.771648
31/01/2022,9168,3.771662
31/01/2022,9169,3.771676
31/01/2022,9170,3.77169
31/01/2022,9171,3.771703
31/01/2022,9172,3.771717
31/01/2022,9173,3.771731
31/01/2022,9174,3.771745
31/01/2022,9175,3.771758
31/01/2022,9176,3.771772
31/01/2022,9177,3.771786
31/01/2022,9178,3.771799
31/01/2022,9179,3.771813
31/01/2022,9180,3.771827
31/01/2022,9181,3.771841
31/01/2022,9182,3.771854
31/01/2022,9183,3.771868
31/01/2022,9184,3.771882
31/01/2022,9185,3.771896
31/01/2022,9186,3.771909
31/01/2022,9187,3.771923
31/01/2022,9188,3.771937
31/01/2022,9189,3.771951
31/01/2022,9190,3.771964
31/01/2022,9191,3.771978
31/01/2022,9192,3.771992
31/01/2022,9193,3.772005
31/01/2022,9194,3.772019
31/01/2022,9195,3.772033
31/01/2022,9196,3.772047
31/01/2022,9197,3.77206
31/01/2022,9198,3.772074
31/01/2022,9199,3.772088
31/01/2022,9200,3.772102
31/01/2022,9201,3.772115
31/01/2022,9202,3.772129
31/01/2022,9203,3.772143
31/01/2022,9204,3.772157
31/01/2022,9205,3.77217
31/01/2022,9206,3.772184
31/01/2022,9207,3.772198
31/01/2022,9208,3.772212
31/01/2022,9209,3.772225
31/01/2022,9210,3.772239
31/01/2022,9211,3.772253
31/01/2022,9212,3.772266
31/01/2022,9213,3.77228
31/01/2022,9214,3.772294
31/01/2022,9215,3.772308
31/01/2022,9216,3.772321
31/01/2022,9217,3.772335
31/01/2022,9218,3.772349
31/01/2022,9219,3.772363
31/01/2022,9220,3.772376
31/01/2022,9221,3.77239
31/01/2022,9222,3.772404
31/01/2022,9223,3.772418
31/01/2022,9224,3.772431
31/01/2022,9225,3.772445
31/01/2022,9226,3.772459
31/01/2022,9227,3.772473
31/01/2022,9228,3.772486
31/01/2022,9229,3.7725
31/01/2022,9230,3.772514
31/01/2022,9231,3.772527
31/01/2022,9232,3.772541
31/01/2022,9233,3.772555
31/01/2022,9234,3.772569
31/01/2022,9235,3.772582
31/01/2022,9236,3.772596
31/01/2022,9237,3.77261
31/01/2022,9238,3.772624
31/01/2022,9239,3.772637
31/01/2022,9240,3.772651
31/01/2022,9241,3.772665
31/01/2022,9242,3.772679
31/01/2022,9243,3.772692
31/01/2022,9244,3.772706
31/01/2022,9245,3.77272
31/01/2022,9246,3.772734
31/01/2022,9247,3.772747
31/01/2022,9248,3.772761
31/01/2022,9249,3.772775
31/01/2022,9250,3.772788
31/01/2022,9251,3.772802
31/01/2022,9252,3.772816
31/01/2022,9253,3.77283
31/01/2022,9254,3.772843
31/01/2022,9255,3.772857
31/01/2022,9256,3.772871
31/01/2022,9257,3.772885
31/01/2022,9258,3.772898
31/01/2022,9259,3.772912
31/01/2022,9260,3.772926
31/01/2022,9261,3.77294
31/01/2022,9262,3.772953
31/01/2022,9263,3.772967
31/01/2022,9264,3.772981
31/01/2022,9265,3.772995
31/01/2022,9266,3.773008
31/01/2022,9267,3.773022
31/01/2022,9268,3.773036
31/01/2022,9269,3.773049
31/01/2022,9270,3.773063
31/01/2022,9271,3.773077
31/01/2022,9272,3.773091
31/01/2022,9273,3.773104
31/01/2022,9274,3.773118
31/01/2022,9275,3.773132
31/01/2022,9276,3.773146
31/01/2022,9277,3.773159
31/01/2022,9278,3.773173
31/01/2022,9279,3.773187
31/01/2022,9280,3.773201
31/01/2022,9281,3.773214
31/01/2022,9282,3.773228
31/01/2022,9283,3.773242
31/01/2022,9284,3.773255
31/01/2022,9285,3.773269
31/01/2022,9286,3.773283
31/01/2022,9287,3.773297
31/01/2022,9288,3.77331
31/01/2022,9289,3.773324
31/01/2022,9290,3.773338
31/01/2022,9291,3.773352
31/01/2022,9292,3.773365
31/01/2022,9293,3.773379
31/01/2022,9294,3.773393
31/01/2022,9295,3.773407
31/01/2022,9296,3.77342
31/01/2022,9297,3.773434
31/01/2022,9298,3.773448
31/01/2022,9299,3.773462
31/01/2022,9300,3.773475
31/01/2022,9301,3.773489
31/01/2022,9302,3.773503
31/01/2022,9303,3.773516
31/01/2022,9304,3.77353
31/01/2022,9305,3.773544
31/01/2022,9306,3.773558
31/01/2022,9307,3.773571
31/01/2022,9308,3.773585
31/01/2022,9309,3.773599
31/01/2022,9310,3.773613
31/01/2022,9311,3.773626
31/01/2022,9312,3.77364
31/01/2022,9313,3.773654
31/01/2022,9314,3.773668
31/01/2022,9315,3.773681
31/01/2022,9316,3.773695
31/01/2022,9317,3.773709
31/01/2022,9318,3.773723
31/01/2022,9319,3.773736
31/01/2022,9320,3.77375
31/01/2022,9321,3.773764
31/01/2022,9322,3.773777
31/01/2022,9323,3.773791
31/01/2022,9324,3.773805
31/01/2022,9325,3.773819
31/01/2022,9326,3.773832
31/01/2022,9327,3.773846
31/01/2022,9328,3.77386
31/01/2022,9329,3.773874
31/01/2022,9330,3.773887
31/01/2022,9331,3.773901
31/01/2022,9332,3.773915
31/01/2022,9333,3.773929
31/01/2022,9334,3.773942
31/01/2022,9335,3.773956
31/01/2022,9336,3.77397
31/01/2022,9337,3.773984
31/01/2022,9338,3.773997
31/01/2022,9339,3.774011
31/01/2022,9340,3.774025
31/01/2022,9341,3.774038
31/01/2022,9342,3.774052
31/01/2022,9343,3.774066
31/01/2022,9344,3.77408
31/01/2022,9345,3.774093
31/01/2022,9346,3.774107
31/01/2022,9347,3.774121
31/01/2022,9348,3.774135
31/01/2022,9349,3.774148
31/01/2022,9350,3.774162
31/01/2022,9351,3.774176
31/01/2022,9352,3.77419
31/01/2022,9353,3.774203
31/01/2022,9354,3.774217
31/01/2022,9355,3.774231
31/01/2022,9356,3.774245
31/01/2022,9357,3.774258
31/01/2022,9358,3.774272
31/01/2022,9359,3.774286
31/01/2022,9360,3.774299
31/01/2022,9361,3.774313
31/01/2022,9362,3.774327
31/01/2022,9363,3.774341
31/01/2022,9364,3.774354
31/01/2022,9365,3.774368
31/01/2022,9366,3.774382
31/01/2022,9367,3.774396
31/01/2022,9368,3.774409
31/01/2022,9369,3.774423
31/01/2022,9370,3.774437
31/01/2022,9371,3.774451
31/01/2022,9372,3.774464
31/01/2022,9373,3.774478
31/01/2022,9374,3.774492
31/01/2022,9375,3.774505
31/01/2022,9376,3.774519
31/01/2022,9377,3.774533
31/01/2022,9378,3.774547
31/01/2022,9379,3.77456
31/01/2022,9380,3.774574
31/01/2022,9381,3.774588
31/01/2022,9382,3.774602
31/01/2022,9383,3.774615
31/01/2022,9384,3.774629
31/01/2022,9385,3.774643
31/01/2022,9386,3.774657
31/01/2022,9387,3.77467
31/01/2022,9388,3.774684
31/01/2022,9389,3.774698
31/01/2022,9390,3.774712
31/01/2022,9391,3.774725
31/01/2022,9392,3.774739
31/01/2022,9393,3.774753
31/01/2022,9394,3.774766
31/01/2022,9395,3.77478
31/01/2022,9396,3.774794
31/01/2022,9397,3.774808
31/01/2022,9398,3.774821
31/01/2022,9399,3.774835
31/01/2022,9400,3.774849
31/01/2022,9401,3.774863
31/01/2022,9402,3.774876
31/01/2022,9403,3.77489
31/01/2022,9404,3.774904
31/01/2022,9405,3.774918
31/01/2022,9406,3.774931
31/01/2022,9407,3.774945
31/01/2022,9408,3.774959
31/01/2022,9409,3.774973
31/01/2022,9410,3.774986
31/01/2022,9411,3.775
31/01/2022,9412,3.775014
31/01/2022,9413,3.775027
31/01/2022,9414,3.775041
31/01/2022,9415,3.775055
31/01/2022,9416,3.775069
31/01/2022,9417,3.775082
31/01/2022,9418,3.775096
31/01/2022,9419,3.77511
31/01/2022,9420,3.775124
31/01/2022,9421,3.775137
31/01/2022,9422,3.775151
31/01/2022,9423,3.775165
31/01/2022,9424,3.775179
31/01/2022,9425,3.775192
31/01/2022,9426,3.775206
31/01/2022,9427,3.77522
31/01/2022,9428,3.775234
31/01/2022,9429,3.775247
31/01/2022,9430,3.775261
31/01/2022,9431,3.775275
31/01/2022,9432,3.775288
31/01/2022,9433,3.775302
31/01/2022,9434,3.775316
31/01/2022,9435,3.77533
31/01/2022,9436,3.775343
31/01/2022,9437,3.775357
31/01/2022,9438,3.775371
31/01/2022,9439,3.775385
31/01/2022,9440,3.775398
31/01/2022,9441,3.775412
31/01/2022,9442,3.775426
31/01/2022,9443,3.77544
31/01/2022,9444,3.775453
31/01/2022,9445,3.775467
31/01/2022,9446,3.775481
31/01/2022,9447,3.775495
31/01/2022,9448,3.775508
31/01/2022,9449,3.775522
31/01/2022,9450,3.775536
31/01/2022,9451,3.775549
31/01/2022,9452,3.775563
31/01/2022,9453,3.775577
31/01/2022,9454,3.775591
31/01/2022,9455,3.775604
31/01/2022,9456,3.775618
31/01/2022,9457,3.775632
31/01/2022,9458,3.775646
31/01/2022,9459,3.775659
31/01/2022,9460,3.775673
31/01/2022,9461,3.775687
31/01/2022,9462,3.775701
31/01/2022,9463,3.775714
31/01/2022,9464,3.775728
31/01/2022,9465,3.775742
31/01/2022,9466,3.775755
31/01/2022,9467,3.775769
31/01/2022,9468,3.775783
31/01/2022,9469,3.775797
31/01/2022,9470,3.77581
31/01/2022,9471,3.775824
31/01/2022,9472,3.775838
31/01/2022,9473,3.775852
31/01/2022,9474,3.775865
31/01/2022,9475,3.775879
31/01/2022,9476,3.775893
31/01/2022,9477,3.775907
31/01/2022,9478,3.77592
31/01/2022,9479,3.775934
31/01/2022,9480,3.775948
31/01/2022,9481,3.775962
31/01/2022,9482,3.775975
31/01/2022,9483,3.775989
31/01/2022,9484,3.776003
31/01/2022,9485,3.776016
31/01/2022,9486,3.77603
31/01/2022,9487,3.776044
31/01/2022,9488,3.776058
31/01/2022,9489,3.776071
31/01/2022,9490,3.776085
31/01/2022,9491,3.776099
31/01/2022,9492,3.776113
31/01/2022,9493,3.776126
31/01/2022,9494,3.77614
31/01/2022,9495,3.776154
31/01/2022,9496,3.776168
31/01/2022,9497,3.776181
31/01/2022,9498,3.776195
31/01/2022,9499,3.776209
31/01/2022,9500,3.776223
31/01/2022,9501,3.776236
31/01/2022,9502,3.77625
31/01/2022,9503,3.776264
31/01/2022,9504,3.776277
31/01/2022,9505,3.776291
31/01/2022,9506,3.776305
31/01/2022,9507,3.776319
31/01/2022,9508,3.776332
31/01/2022,9509,3.776346
31/01/2022,9510,3.77636
31/01/2022,9511,3.776374
31/01/2022,9512,3.776387
31/01/2022,9513,3.776401
31/01/2022,9514,3.776415
31/01/2022,9515,3.776429
31/01/2022,9516,3.776442
31/01/2022,9517,3.776456
31/01/2022,9518,3.77647
31/01/2022,9519,3.776484
31/01/2022,9520,3.776497
31/01/2022,9521,3.776511
31/01/2022,9522,3.776525
31/01/2022,9523,3.776538
31/01/2022,9524,3.776552
31/01/2022,9525,3.776566
31/01/2022,9526,3.77658
31/01/2022,9527,3.776593
31/01/2022,9528,3.776607
31/01/2022,9529,3.776621
31/01/2022,9530,3.776635
31/01/2022,9531,3.776648
31/01/2022,9532,3.776662
31/01/2022,9533,3.776676
31/01/2022,9534,3.77669
31/01/2022,9535,3.776703
31/01/2022,9536,3.776717
31/01/2022,9537,3.776731
31/01/2022,9538,3.776745
31/01/2022,9539,3.776758
31/01/2022,9540,3.776772
31/01/2022,9541,3.776786
31/01/2022,9542,3.776799
31/01/2022,9543,3.776813
31/01/2022,9544,3.776827
31/01/2022,9545,3.776841
31/01/2022,9546,3.776854
31/01/2022,9547,3.776868
31/01/2022,9548,3.776882
31/01/2022,9549,3.776896
31/01/2022,9550,3.776909
31/01/2022,9551,3.776923
31/01/2022,9552,3.776937
31/01/2022,9553,3.776951
31/01/2022,9554,3.776964
31/01/2022,9555,3.776978
31/01/2022,9556,3.776992
31/01/2022,9557,3.777005
31/01/2022,9558,3.777019
31/01/2022,9559,3.777033
31/01/2022,9560,3.777047
31/01/2022,9561,3.77706
31/01/2022,9562,3.777074
31/01/2022,9563,3.777088
31/01/2022,9564,3.777102
31/01/2022,9565,3.777115
31/01/2022,9566,3.777129
31/01/2022,9567,3.777143
31/01/2022,9568,3.777157
31/01/2022,9569,3.77717
31/01/2022,9570,3.777184
31/01/2022,9571,3.777198
31/01/2022,9572,3.777212
31/01/2022,9573,3.777225
31/01/2022,9574,3.777239
31/01/2022,9575,3.777253
31/01/2022,9576,3.777266
31/01/2022,9577,3.77728
31/01/2022,9578,3.777294
31/01/2022,9579,3.777308
31/01/2022,9580,3.777321
31/01/2022,9581,3.777335
31/01/2022,9582,3.777349
31/01/2022,9583,3.777363
31/01/2022,9584,3.777376
31/01/2022,9585,3.77739
31/01/2022,9586,3.777404
31/01/2022,9587,3.777418
31/01/2022,9588,3.777431
31/01/2022,9589,3.777445
31/01/2022,9590,3.777459
31/01/2022,9591,3.777473
31/01/2022,9592,3.777486
31/01/2022,9593,3.7775
31/01/2022,9594,3.777514
31/01/2022,9595,3.777527
31/01/2022,9596,3.777541
31/01/2022,9597,3.777555
31/01/2022,9598,3.777569
31/01/2022,9599,3.777582
31/01/2022,9600,3.777596
31/01/2022,9601,3.77761
31/01/2022,9602,3.777624
31/01/2022,9603,3.777637
31/01/2022,9604,3.777651
31/01/2022,9605,3.777665
31/01/2022,9606,3.777679
31/01/2022,9607,3.777692
31/01/2022,9608,3.777706
31/01/2022,9609,3.77772
31/01/2022,9610,3.777734
31/01/2022,9611,3.777747
31/01/2022,9612,3.777761
31/01/2022,9613,3.777775
31/01/2022,9614,3.777788
31/01/2022,9615,3.777802
31/01/2022,9616,3.777816
31/01/2022,9617,3.77783
31/01/2022,9618,3.777843
31/01/2022,9619,3.777857
31/01/2022,9620,3.777871
31/01/2022,9621,3.777885
31/01/2022,9622,3.777898
31/01/2022,9623,3.777912
31/01/2022,9624,3.777926
31/01/2022,9625,3.77794
31/01/2022,9626,3.777953
31/01/2022,9627,3.777967
31/01/2022,9628,3.777981
31/01/2022,9629,3.777995
31/01/2022,9630,3.778008
31/01/2022,9631,3.778022
31/01/2022,9632,3.778036
31/01/2022,9633,3.778049
31/01/2022,9634,3.778063
31/01/2022,9635,3.778077
31/01/2022,9636,3.778091
31/01/2022,9637,3.778104
31/01/2022,9638,3.778118
31/01/2022,9639,3.778132
31/01/2022,9640,3.778146
31/01/2022,9641,3.778159
31/01/2022,9642,3.778173
31/01/2022,9643,3.778187
31/01/2022,9644,3.778201
31/01/2022,9645,3.778214
31/01/2022,9646,3.778228
31/01/2022,9647,3.778242
31/01/2022,9648,3.778255
31/01/2022,9649,3.778269
31/01/2022,9650,3.778283
31/01/2022,9651,3.778297
31/01/2022,9652,3.77831
31/01/2022,9653,3.778324
31/01/2022,9654,3.778338
31/01/2022,9655,3.778352
31/01/2022,9656,3.778365
31/01/2022,9657,3.778379
31/01/2022,9658,3.778393
31/01/2022,9659,3.778407
31/01/2022,9660,3.77842
31/01/2022,9661,3.778434
31/01/2022,9662,3.778448
31/01/2022,9663,3.778462
31/01/2022,9664,3.778475
31/01/2022,9665,3.778489
31/01/2022,9666,3.778503
31/01/2022,9667,3.778516
31/01/2022,9668,3.77853
31/01/2022,9669,3.778544
31/01/2022,9670,3.778558
31/01/2022,9671,3.778571
31/01/2022,9672,3.778585
31/01/2022,9673,3.778599
31/01/2022,9674,3.778613
31/01/2022,9675,3.778626
31/01/2022,9676,3.77864
31/01/2022,9677,3.778654
31/01/2022,9678,3.778668
31/01/2022,9679,3.778681
31/01/2022,9680,3.778695
31/01/2022,9681,3.778709
31/01/2022,9682,3.778723
31/01/2022,9683,3.778736
31/01/2022,9684,3.77875
31/01/2022,9685,3.778764
31/01/2022,9686,3.778777
31/01/2022,9687,3.778791
31/01/2022,9688,3.778805
31/01/2022,9689,3.778819
31/01/2022,9690,3.778832
31/01/2022,9691,3.778846
31/01/2022,9692,3.77886
31/01/2022,9693,3.778874
31/01/2022,9694,3.778887
31/01/2022,9695,3.778901
31/01/2022,9696,3.778915
31/01/2022,9697,3.778929
31/01/2022,9698,3.778942
31/01/2022,9699,3.778956
31/01/2022,9700,3.77897
31/01/2022,9701,3.778984
31/01/2022,9702,3.778997
31/01/2022,9703,3.779011
31/01/2022,9704,3.779025
31/01/2022,9705,3.779038
31/01/2022,9706,3.779052
31/01/2022,9707,3.779066
31/01/2022,9708,3.77908
31/01/2022,9709,3.779093
31/01/2022,9710,3.779107
31/01/2022,9711,3.779121
31/01/2022,9712,3.779135
31/01/2022,9713,3.779148
31/01/2022,9714,3.779162
31/01/2022,9715,3.779176
31/01/2022,9716,3.77919
31/01/2022,9717,3.779203
31/01/2022,9718,3.779217
31/01/2022,9719,3.779231
31/01/2022,9720,3.779245
31/01/2022,9721,3.779258
31/01/2022,9722,3.779272
31/01/2022,9723,3.779286
31/01/2022,9724,3.779299
31/01/2022,9725,3.779313
31/01/2022,9726,3.779327
31/01/2022,9727,3.779341
31/01/2022,9728,3.779354
31/01/2022,9729,3.779368
31/01/2022,9730,3.779382
31/01/2022,9731,3.779396
31/01/2022,9732,3.779409
31/01/2022,9733,3.779423
31/01/2022,9734,3.779437
31/01/2022,9735,3.779451
31/01/2022,9736,3.779464
31/01/2022,9737,3.779478
31/01/2022,9738,3.779492
31/01/2022,9739,3.779505
31/01/2022,9740,3.779519
31/01/2022,9741,3.779533
31/01/2022,9742,3.779547
31/01/2022,9743,3.77956
31/01/2022,9744,3.779574
31/01/2022,9745,3.779588
31/01/2022,9746,3.779602
31/01/2022,9747,3.779615
31/01/2022,9748,3.779629
31/01/2022,9749,3.779643
31/01/2022,9750,3.779657
31/01/2022,9751,3.77967
31/01/2022,9752,3.779684
31/01/2022,9753,3.779698
31/01/2022,9754,3.779712
31/01/2022,9755,3.779725
31/01/2022,9756,3.779739
31/01/2022,9757,3.779753
31/01/2022,9758,3.779766
31/01/2022,9759,3.77978
31/01/2022,9760,3.779794
31/01/2022,9761,3.779808
31/01/2022,9762,3.779821
31/01/2022,9763,3.779835
31/01/2022,9764,3.779849
31/01/2022,9765,3.779863
31/01/2022,9766,3.779876
31/01/2022,9767,3.77989
31/01/2022,9768,3.779904
31/01/2022,9769,3.779918
31/01/2022,9770,3.779931
31/01/2022,9771,3.779945
31/01/2022,9772,3.779959
31/01/2022,9773,3.779973
31/01/2022,9774,3.779986
31/01/2022,9775,3.78
31/01/2022,9776,3.780014
31/01/2022,9777,3.780027
31/01/2022,9778,3.780041
31/01/2022,9779,3.780055
31/01/2022,9780,3.780069
31/01/2022,9781,3.780082
31/01/2022,9782,3.780096
31/01/2022,9783,3.78011
31/01/2022,9784,3.780124
31/01/2022,9785,3.780137
31/01/2022,9786,3.780151
31/01/2022,9787,3.780165
31/01/2022,9788,3.780179
31/01/2022,9789,3.780192
31/01/2022,9790,3.780206
31/01/2022,9791,3.78022
31/01/2022,9792,3.780234
31/01/2022,9793,3.780247
31/01/2022,9794,3.780261
31/01/2022,9795,3.780275
31/01/2022,9796,3.780288
31/01/2022,9797,3.780302
31/01/2022,9798,3.780316
31/01/2022,9799,3.78033
31/01/2022,9800,3.780343
31/01/2022,9801,3.780357
31/01/2022,9802,3.780371
31/01/2022,9803,3.780385
31/01/2022,9804,3.780398
31/01/2022,9805,3.780412
31/01/2022,9806,3.780426
31/01/2022,9807,3.78044
31/01/2022,9808,3.780453
31/01/2022,9809,3.780467
31/01/2022,9810,3.780481
31/01/2022,9811,3.780495
31/01/2022,9812,3.780508
31/01/2022,9813,3.780522
31/01/2022,9814,3.780536
31/01/2022,9815,3.780549
31/01/2022,9816,3.780563
31/01/2022,9817,3.780577
31/01/2022,9818,3.780591
31/01/2022,9819,3.780604
31/01/2022,9820,3.780618
31/01/2022,9821,3.780632
31/01/2022,9822,3.780646
31/01/2022,9823,3.780659
31/01/2022,9824,3.780673
31/01/2022,9825,3.780687
31/01/2022,9826,3.780701
31/01/2022,9827,3.780714
31/01/2022,9828,3.780728
31/01/2022,9829,3.780742
31/01/2022,9830,3.780755
31/01/2022,9831,3.780769
31/01/2022,9832,3.780783
31/01/2022,9833,3.780797
31/01/2022,9834,3.78081
31/01/2022,9835,3.780824
31/01/2022,9836,3.780838
31/01/2022,9837,3.780852
31/01/2022,9838,3.780865
31/01/2022,9839,3.780879
31/01/2022,9840,3.780893
31/01/2022,9841,3.780907
31/01/2022,9842,3.78092
31/01/2022,9843,3.780934
31/01/2022,9844,3.780948
31/01/2022,9845,3.780962
31/01/2022,9846,3.780975
31/01/2022,9847,3.780989
31/01/2022,9848,3.781003
31/01/2022,9849,3.781016
31/01/2022,9850,3.78103
31/01/2022,9851,3.781044
31/01/2022,9852,3.781058
31/01/2022,9853,3.781071
31/01/2022,9854,3.781085
31/01/2022,9855,3.781099
31/01/2022,9856,3.781113
31/01/2022,9857,3.781126
31/01/2022,9858,3.78114
31/01/2022,9859,3.781154
31/01/2022,9860,3.781168
31/01/2022,9861,3.781181
31/01/2022,9862,3.781195
31/01/2022,9863,3.781209
31/01/2022,9864,3.781223
31/01/2022,9865,3.781236
31/01/2022,9866,3.78125
31/01/2022,9867,3.781264
31/01/2022,9868,3.781277
31/01/2022,9869,3.781291
31/01/2022,9870,3.781305
31/01/2022,9871,3.781319
31/01/2022,9872,3.781332
31/01/2022,9873,3.781346
31/01/2022,9874,3.78136
31/01/2022,9875,3.781374
31/01/2022,9876,3.781387
31/01/2022,9877,3.781401
31/01/2022,9878,3.781415
31/01/2022,9879,3.781429
31/01/2022,9880,3.781442
31/01/2022,9881,3.781456
31/01/2022,9882,3.78147
31/01/2022,9883,3.781484
31/01/2022,9884,3.781497
31/01/2022,9885,3.781511
31/01/2022,9886,3.781525
31/01/2022,9887,3.781538
31/01/2022,9888,3.781552
31/01/2022,9889,3.781566
31/01/2022,9890,3.78158
31/01/2022,9891,3.781593
31/01/2022,9892,3.781607
31/01/2022,9893,3.781621
31/01/2022,9894,3.781635
31/01/2022,9895,3.781648
31/01/2022,9896,3.781662
31/01/2022,9897,3.781676
31/01/2022,9898,3.78169
31/01/2022,9899,3.781703
31/01/2022,9900,3.781717
31/01/2022,9901,3.781731
31/01/2022,9902,3.781745
31/01/2022,9903,3.781758
31/01/2022,9904,3.781772
31/01/2022,9905,3.781786
31/01/2022,9906,3.781799
31/01/2022,9907,3.781813
31/01/2022,9908,3.781827
31/01/2022,9909,3.781841
31/01/2022,9910,3.781854
31/01/2022,9911,3.781868
31/01/2022,9912,3.781882
31/01/2022,9913,3.781896
31/01/2022,9914,3.781909
31/01/2022,9915,3.781923
31/01/2022,9916,3.781937
31/01/2022,9917,3.781951
31/01/2022,9918,3.781964
31/01/2022,9919,3.781978
31/01/2022,9920,3.781992
31/01/2022,9921,3.782005
31/01/2022,9922,3.782019
31/01/2022,9923,3.782033
31/01/2022,9924,3.782047
31/01/2022,9925,3.78206
31/01/2022,9926,3.782074
31/01/2022,9927,3.782088
31/01/2022,9928,3.782102
31/01/2022,9929,3.782115
31/01/2022,9930,3.782129
31/01/2022,9931,3.782143
31/01/2022,9932,3.782157
31/01/2022,9933,3.78217
31/01/2022,9934,3.782184
31/01/2022,9935,3.782198
31/01/2022,9936,3.782212
31/01/2022,9937,3.782225
31/01/2022,9938,3.782239
31/01/2022,9939,3.782253
31/01/2022,9940,3.782266
31/01/2022,9941,3.78228
31/01/2022,9942,3.782294
31/01/2022,9943,3.782308
31/01/2022,9944,3.782321
31/01/2022,9945,3.782335
31/01/2022,9946,3.782349
31/01/2022,9947,3.782363
31/01/2022,9948,3.782376
31/01/2022,9949,3.78239
31/01/2022,9950,3.782404
31/01/2022,9951,3.782418
31/01/2022,9952,3.782431
31/01/2022,9953,3.782445
31/01/2022,9954,3.782459
31/01/2022,9955,3.782473
31/01/2022,9956,3.782486
31/01/2022,9957,3.7825
31/01/2022,9958,3.782514
31/01/2022,9959,3.782527
31/01/2022,9960,3.782541
31/01/2022,9961,3.782555
31/01/2022,9962,3.782569
31/01/2022,9963,3.782582
31/01/2022,9964,3.782596
31/01/2022,9965,3.78261
31/01/2022,9966,3.782624
31/01/2022,9967,3.782637
31/01/2022,9968,3.782651
31/01/2022,9969,3.782665
31/01/2022,9970,3.782679
31/01/2022,9971,3.782692
31/01/2022,9972,3.782706
31/01/2022,9973,3.78272
31/01/2022,9974,3.782734
31/01/2022,9975,3.782747
31/01/2022,9976,3.782761
31/01/2022,9977,3.782775
31/01/2022,9978,3.782788
31/01/2022,9979,3.782802
31/01/2022,9980,3.782816
31/01/2022,9981,3.78283
31/01/2022,9982,3.782843
31/01/2022,9983,3.782857
31/01/2022,9984,3.782871
31/01/2022,9985,3.782885
31/01/2022,9986,3.782898
31/01/2022,9987,3.782912
31/01/2022,9988,3.782926
31/01/2022,9989,3.78294
31/01/2022,9990,3.782953
31/01/2022,9991,3.782967
31/01/2022,9992,3.782981
31/01/2022,9993,3.782995
31/01/2022,9994,3.783008
31/01/2022,9995,3.783022
31/01/2022,9996,3.783036
31/01/2022,9997,3.783049
31/01/2022,9998,3.783063
31/01/2022,9999,3.783077
31/01/2022,10000,3.783091
31/01/2022,10001,3.783104
31/01/2022,10002,3.783118
31/01/2022,10003,3.783132
31/01/2022,10004,3.783146
31/01/2022,10005,3.783159
31/01/2022,10006,3.783173
31/01/2022,10007,3.783187
31/01/2022,10008,3.783201
31/01/2022,10009,3.783214
31/01/2022,10010,3.783228
31/01/2022,10011,3.783242
31/01/2022,10012,3.783255
31/01/2022,10013,3.783269
31/01/2022,10014,3.783283
31/01/2022,10015,3.783297
31/01/2022,10016,3.78331
31/01/2022,10017,3.783324
31/01/2022,10018,3.783338
31/01/2022,10019,3.783352
31/01/2022,10020,3.783365
31/01/2022,10021,3.783379
31/01/2022,10022,3.783393
31/01/2022,10023,3.783407
31/01/2022,10024,3.78342
31/01/2022,10025,3.783434
31/01/2022,10026,3.783448
31/01/2022,10027,3.783462
31/01/2022,10028,3.783475
31/01/2022,10029,3.783489
31/01/2022,10030,3.783503
31/01/2022,10031,3.783516
31/01/2022,10032,3.78353
31/01/2022,10033,3.783544
31/01/2022,10034,3.783558
31/01/2022,10035,3.783571
31/01/2022,10036,3.783585
31/01/2022,10037,3.783599
31/01/2022,10038,3.783613
31/01/2022,10039,3.783626
31/01/2022,10040,3.78364
31/01/2022,10041,3.783654
31/01/2022,10042,3.783668
31/01/2022,10043,3.783681
31/01/2022,10044,3.783695
31/01/2022,10045,3.783709
31/01/2022,10046,3.783723
31/01/2022,10047,3.783736
31/01/2022,10048,3.78375
31/01/2022,10049,3.783764
31/01/2022,10050,3.783777
31/01/2022,10051,3.783791
31/01/2022,10052,3.783805
31/01/2022,10053,3.783819
31/01/2022,10054,3.783832
31/01/2022,10055,3.783846
31/01/2022,10056,3.78386
31/01/2022,10057,3.783874
31/01/2022,10058,3.783887
31/01/2022,10059,3.783901
31/01/2022,10060,3.783915
31/01/2022,10061,3.783929
31/01/2022,10062,3.783942
31/01/2022,10063,3.783956
31/01/2022,10064,3.78397
31/01/2022,10065,3.783984
31/01/2022,10066,3.783997
31/01/2022,10067,3.784011
31/01/2022,10068,3.784025
31/01/2022,10069,3.784038
31/01/2022,10070,3.784052
31/01/2022,10071,3.784066
31/01/2022,10072,3.78408
31/01/2022,10073,3.784093
31/01/2022,10074,3.784107
31/01/2022,10075,3.784121
31/01/2022,10076,3.784135
31/01/2022,10077,3.784148
31/01/2022,10078,3.784162
31/01/2022,10079,3.784176
31/01/2022,10080,3.78419
31/01/2022,10081,3.784203
31/01/2022,10082,3.784217
31/01/2022,10083,3.784231
31/01/2022,10084,3.784245
31/01/2022,10085,3.784258
31/01/2022,10086,3.784272
31/01/2022,10087,3.784286
31/01/2022,10088,3.784299
31/01/2022,10089,3.784313
31/01/2022,10090,3.784327
31/01/2022,10091,3.784341
31/01/2022,10092,3.784354
31/01/2022,10093,3.784368
31/01/2022,10094,3.784382
31/01/2022,10095,3.784396
31/01/2022,10096,3.784409
31/01/2022,10097,3.784423
31/01/2022,10098,3.784437
31/01/2022,10099,3.784451
31/01/2022,10100,3.784464
31/01/2022,10101,3.784478
31/01/2022,10102,3.784492
31/01/2022,10103,3.784505
31/01/2022,10104,3.784519
31/01/2022,10105,3.784533
31/01/2022,10106,3.784547
31/01/2022,10107,3.78456
31/01/2022,10108,3.784574
31/01/2022,10109,3.784588
31/01/2022,10110,3.784602
31/01/2022,10111,3.784615
31/01/2022,10112,3.784629
31/01/2022,10113,3.784643
31/01/2022,10114,3.784657
31/01/2022,10115,3.78467
31/01/2022,10116,3.784684
31/01/2022,10117,3.784698
31/01/2022,10118,3.784712
31/01/2022,10119,3.784725
31/01/2022,10120,3.784739
31/01/2022,10121,3.784753
31/01/2022,10122,3.784766
31/01/2022,10123,3.78478
31/01/2022,10124,3.784794
31/01/2022,10125,3.784808
31/01/2022,10126,3.784821
31/01/2022,10127,3.784835
31/01/2022,10128,3.784849
31/01/2022,10129,3.784863
31/01/2022,10130,3.784876
31/01/2022,10131,3.78489
31/01/2022,10132,3.784904
31/01/2022,10133,3.784918
31/01/2022,10134,3.784931
31/01/2022,10135,3.784945
31/01/2022,10136,3.784959
31/01/2022,10137,3.784973
31/01/2022,10138,3.784986
31/01/2022,10139,3.785
31/01/2022,10140,3.785014
31/01/2022,10141,3.785027
31/01/2022,10142,3.785041
31/01/2022,10143,3.785055
31/01/2022,10144,3.785069
31/01/2022,10145,3.785082
31/01/2022,10146,3.785096
31/01/2022,10147,3.78511
31/01/2022,10148,3.785124
31/01/2022,10149,3.785137
31/01/2022,10150,3.785151
31/01/2022,10151,3.785165
31/01/2022,10152,3.785179
31/01/2022,10153,3.785192
31/01/2022,10154,3.785206
31/01/2022,10155,3.78522
31/01/2022,10156,3.785234
31/01/2022,10157,3.785247
31/01/2022,10158,3.785261
31/01/2022,10159,3.785275
31/01/2022,10160,3.785288
31/01/2022,10161,3.785302
31/01/2022,10162,3.785316
31/01/2022,10163,3.78533
31/01/2022,10164,3.785343
31/01/2022,10165,3.785357
31/01/2022,10166,3.785371
31/01/2022,10167,3.785385
31/01/2022,10168,3.785398
31/01/2022,10169,3.785412
31/01/2022,10170,3.785426
31/01/2022,10171,3.78544
31/01/2022,10172,3.785453
31/01/2022,10173,3.785467
31/01/2022,10174,3.785481
31/01/2022,10175,3.785495
31/01/2022,10176,3.785508
31/01/2022,10177,3.785522
31/01/2022,10178,3.785536
31/01/2022,10179,3.785549
31/01/2022,10180,3.785563
31/01/2022,10181,3.785577
31/01/2022,10182,3.785591
31/01/2022,10183,3.785604
31/01/2022,10184,3.785618
31/01/2022,10185,3.785632
31/01/2022,10186,3.785646
31/01/2022,10187,3.785659
31/01/2022,10188,3.785673
31/01/2022,10189,3.785687
31/01/2022,10190,3.785701
31/01/2022,10191,3.785714
31/01/2022,10192,3.785728
31/01/2022,10193,3.785742
31/01/2022,10194,3.785755
31/01/2022,10195,3.785769
31/01/2022,10196,3.785783
31/01/2022,10197,3.785797
31/01/2022,10198,3.78581
31/01/2022,10199,3.785824
31/01/2022,10200,3.785838
31/01/2022,10201,3.785852
31/01/2022,10202,3.785865
31/01/2022,10203,3.785879
31/01/2022,10204,3.785893
31/01/2022,10205,3.785907
31/01/2022,10206,3.78592
31/01/2022,10207,3.785934
31/01/2022,10208,3.785948
31/01/2022,10209,3.785962
31/01/2022,10210,3.785975
31/01/2022,10211,3.785989
31/01/2022,10212,3.786003
31/01/2022,10213,3.786016
31/01/2022,10214,3.78603
31/01/2022,10215,3.786044
31/01/2022,10216,3.786058
31/01/2022,10217,3.786071
31/01/2022,10218,3.786085
31/01/2022,10219,3.786099
31/01/2022,10220,3.786113
31/01/2022,10221,3.786126
31/01/2022,10222,3.78614
31/01/2022,10223,3.786154
31/01/2022,10224,3.786168
31/01/2022,10225,3.786181
31/01/2022,10226,3.786195
31/01/2022,10227,3.786209
31/01/2022,10228,3.786223
31/01/2022,10229,3.786236
31/01/2022,10230,3.78625
31/01/2022,10231,3.786264
31/01/2022,10232,3.786277
31/01/2022,10233,3.786291
31/01/2022,10234,3.786305
31/01/2022,10235,3.786319
31/01/2022,10236,3.786332
31/01/2022,10237,3.786346
31/01/2022,10238,3.78636
31/01/2022,10239,3.786374
31/01/2022,10240,3.786387
31/01/2022,10241,3.786401
31/01/2022,10242,3.786415
31/01/2022,10243,3.786429
31/01/2022,10244,3.786442
31/01/2022,10245,3.786456
31/01/2022,10246,3.78647
31/01/2022,10247,3.786484
31/01/2022,10248,3.786497
31/01/2022,10249,3.786511
31/01/2022,10250,3.786525
31/01/2022,10251,3.786538
31/01/2022,10252,3.786552
31/01/2022,10253,3.786566
31/01/2022,10254,3.78658
31/01/2022,10255,3.786593
31/01/2022,10256,3.786607
31/01/2022,10257,3.786621
31/01/2022,10258,3.786635
31/01/2022,10259,3.786648
31/01/2022,10260,3.786662
31/01/2022,10261,3.786676
31/01/2022,10262,3.78669
31/01/2022,10263,3.786703
31/01/2022,10264,3.786717
31/01/2022,10265,3.786731
31/01/2022,10266,3.786745
31/01/2022,10267,3.786758
31/01/2022,10268,3.786772
31/01/2022,10269,3.786786
31/01/2022,10270,3.786799
31/01/2022,10271,3.786813
31/01/2022,10272,3.786827
31/01/2022,10273,3.786841
31/01/2022,10274,3.786854
31/01/2022,10275,3.786868
31/01/2022,10276,3.786882
31/01/2022,10277,3.786896
31/01/2022,10278,3.786909
31/01/2022,10279,3.786923
31/01/2022,10280,3.786937
31/01/2022,10281,3.786951
31/01/2022,10282,3.786964
31/01/2022,10283,3.786978
31/01/2022,10284,3.786992
31/01/2022,10285,3.787005
31/01/2022,10286,3.787019
31/01/2022,10287,3.787033
31/01/2022,10288,3.787047
31/01/2022,10289,3.78706
31/01/2022,10290,3.787074
31/01/2022,10291,3.787088
31/01/2022,10292,3.787102
31/01/2022,10293,3.787115
31/01/2022,10294,3.787129
31/01/2022,10295,3.787143
31/01/2022,10296,3.787157
31/01/2022,10297,3.78717
31/01/2022,10298,3.787184
31/01/2022,10299,3.787198
31/01/2022,10300,3.787212
31/01/2022,10301,3.787225
31/01/2022,10302,3.787239
31/01/2022,10303,3.787253
31/01/2022,10304,3.787266
31/01/2022,10305,3.78728
31/01/2022,10306,3.787294
31/01/2022,10307,3.787308
31/01/2022,10308,3.787321
31/01/2022,10309,3.787335
31/01/2022,10310,3.787349
31/01/2022,10311,3.787363
31/01/2022,10312,3.787376
31/01/2022,10313,3.78739
31/01/2022,10314,3.787404
31/01/2022,10315,3.787418
31/01/2022,10316,3.787431
31/01/2022,10317,3.787445
31/01/2022,10318,3.787459
31/01/2022,10319,3.787473
31/01/2022,10320,3.787486
31/01/2022,10321,3.7875
31/01/2022,10322,3.787514
31/01/2022,10323,3.787527
31/01/2022,10324,3.787541
31/01/2022,10325,3.787555
31/01/2022,10326,3.787569
31/01/2022,10327,3.787582
31/01/2022,10328,3.787596
31/01/2022,10329,3.78761
31/01/2022,10330,3.787624
31/01/2022,10331,3.787637
31/01/2022,10332,3.787651
31/01/2022,10333,3.787665
31/01/2022,10334,3.787679
31/01/2022,10335,3.787692
31/01/2022,10336,3.787706
31/01/2022,10337,3.78772
31/01/2022,10338,3.787734
31/01/2022,10339,3.787747
31/01/2022,10340,3.787761
31/01/2022,10341,3.787775
31/01/2022,10342,3.787788
31/01/2022,10343,3.787802
31/01/2022,10344,3.787816
31/01/2022,10345,3.78783
31/01/2022,10346,3.787843
31/01/2022,10347,3.787857
31/01/2022,10348,3.787871
31/01/2022,10349,3.787885
31/01/2022,10350,3.787898
31/01/2022,10351,3.787912
31/01/2022,10352,3.787926
31/01/2022,10353,3.78794
31/01/2022,10354,3.787953
31/01/2022,10355,3.787967
31/01/2022,10356,3.787981
31/01/2022,10357,3.787995
31/01/2022,10358,3.788008
31/01/2022,10359,3.788022
31/01/2022,10360,3.788036
31/01/2022,10361,3.788049
31/01/2022,10362,3.788063
31/01/2022,10363,3.788077
31/01/2022,10364,3.788091
31/01/2022,10365,3.788104
31/01/2022,10366,3.788118
31/01/2022,10367,3.788132
31/01/2022,10368,3.788146
31/01/2022,10369,3.788159
31/01/2022,10370,3.788173
31/01/2022,10371,3.788187
31/01/2022,10372,3.788201
31/01/2022,10373,3.788214
31/01/2022,10374,3.788228
31/01/2022,10375,3.788242
31/01/2022,10376,3.788255
31/01/2022,10377,3.788269
31/01/2022,10378,3.788283
31/01/2022,10379,3.788297
31/01/2022,10380,3.78831
31/01/2022,10381,3.788324
31/01/2022,10382,3.788338
31/01/2022,10383,3.788352
31/01/2022,10384,3.788365
31/01/2022,10385,3.788379
31/01/2022,10386,3.788393
31/01/2022,10387,3.788407
31/01/2022,10388,3.78842
31/01/2022,10389,3.788434
31/01/2022,10390,3.788448
31/01/2022,10391,3.788462
31/01/2022,10392,3.788475
31/01/2022,10393,3.788489
31/01/2022,10394,3.788503
31/01/2022,10395,3.788516
31/01/2022,10396,3.78853
31/01/2022,10397,3.788544
31/01/2022,10398,3.788558
31/01/2022,10399,3.788571
31/01/2022,10400,3.788585
31/01/2022,10401,3.788599
31/01/2022,10402,3.788613
31/01/2022,10403,3.788626
31/01/2022,10404,3.78864
31/01/2022,10405,3.788654
31/01/2022,10406,3.788668
31/01/2022,10407,3.788681
31/01/2022,10408,3.788695
31/01/2022,10409,3.788709
31/01/2022,10410,3.788723
31/01/2022,10411,3.788736
31/01/2022,10412,3.78875
31/01/2022,10413,3.788764
31/01/2022,10414,3.788777
31/01/2022,10415,3.788791
31/01/2022,10416,3.788805
31/01/2022,10417,3.788819
31/01/2022,10418,3.788832
31/01/2022,10419,3.788846
31/01/2022,10420,3.78886
31/01/2022,10421,3.788874
31/01/2022,10422,3.788887
31/01/2022,10423,3.788901
31/01/2022,10424,3.788915
31/01/2022,10425,3.788929
31/01/2022,10426,3.788942
31/01/2022,10427,3.788956
31/01/2022,10428,3.78897
31/01/2022,10429,3.788984
31/01/2022,10430,3.788997
31/01/2022,10431,3.789011
31/01/2022,10432,3.789025
31/01/2022,10433,3.789038
31/01/2022,10434,3.789052
31/01/2022,10435,3.789066
31/01/2022,10436,3.78908
31/01/2022,10437,3.789093
31/01/2022,10438,3.789107
31/01/2022,10439,3.789121
31/01/2022,10440,3.789135
31/01/2022,10441,3.789148
31/01/2022,10442,3.789162
31/01/2022,10443,3.789176
31/01/2022,10444,3.78919
31/01/2022,10445,3.789203
31/01/2022,10446,3.789217
31/01/2022,10447,3.789231
31/01/2022,10448,3.789245
31/01/2022,10449,3.789258
31/01/2022,10450,3.789272
31/01/2022,10451,3.789286
31/01/2022,10452,3.789299
31/01/2022,10453,3.789313
31/01/2022,10454,3.789327
31/01/2022,10455,3.789341
31/01/2022,10456,3.789354
31/01/2022,10457,3.789368
31/01/2022,10458,3.789382
31/01/2022,10459,3.789396
31/01/2022,10460,3.789409
31/01/2022,10461,3.789423
31/01/2022,10462,3.789437
31/01/2022,10463,3.789451
31/01/2022,10464,3.789464
31/01/2022,10465,3.789478
31/01/2022,10466,3.789492
31/01/2022,10467,3.789505
31/01/2022,10468,3.789519
31/01/2022,10469,3.789533
31/01/2022,10470,3.789547
31/01/2022,10471,3.78956
31/01/2022,10472,3.789574
31/01/2022,10473,3.789588
31/01/2022,10474,3.789602
31/01/2022,10475,3.789615
31/01/2022,10476,3.789629
31/01/2022,10477,3.789643
31/01/2022,10478,3.789657
31/01/2022,10479,3.78967
31/01/2022,10480,3.789684
31/01/2022,10481,3.789698
31/01/2022,10482,3.789712
31/01/2022,10483,3.789725
31/01/2022,10484,3.789739
31/01/2022,10485,3.789753
31/01/2022,10486,3.789766
31/01/2022,10487,3.78978
31/01/2022,10488,3.789794
31/01/2022,10489,3.789808
31/01/2022,10490,3.789821
31/01/2022,10491,3.789835
31/01/2022,10492,3.789849
31/01/2022,10493,3.789863
31/01/2022,10494,3.789876
31/01/2022,10495,3.78989
31/01/2022,10496,3.789904
31/01/2022,10497,3.789918
31/01/2022,10498,3.789931
31/01/2022,10499,3.789945
31/01/2022,10500,3.789959
31/01/2022,10501,3.789973
31/01/2022,10502,3.789986
31/01/2022,10503,3.79
31/01/2022,10504,3.790007
31/01/2022,10505,3.790014
31/01/2022,10506,3.790021
31/01/2022,10507,3.790028
31/01/2022,10508,3.790034
31/01/2022,10509,3.790041
31/01/2022,10510,3.790048
31/01/2022,10511,3.790055
31/01/2022,10512,3.790062
31/01/2022,10513,3.790069
31/01/2022,10514,3.790076
31/01/2022,10515,3.790083
31/01/2022,10516,3.79009
31/01/2022,10517,3.790097
31/01/2022,10518,3.790103
31/01/2022,10519,3.79011
31/01/2022,10520,3.790117
31/01/2022,10521,3.790124
31/01/2022,10522,3.790131
31/01/2022,10523,3.790138
31/01/2022,10524,3.790145
31/01/2022,10525,3.790152
31/01/2022,10526,3.790159
31/01/2022,10527,3.790166
31/01/2022,10528,3.790172
31/01/2022,10529,3.790179
31/01/2022,10530,3.790186
31/01/2022,10531,3.790193
31/01/2022,10532,3.7902
31/01/2022,10533,3.790207
31/01/2022,10534,3.790214
31/01/2022,10535,3.790221
31/01/2022,10536,3.790228
31/01/2022,10537,3.790235
31/01/2022,10538,3.790241
31/01/2022,10539,3.790248
31/01/2022,10540,3.790255
31/01/2022,10541,3.790262
31/01/2022,10542,3.790269
31/01/2022,10543,3.790276
31/01/2022,10544,3.790283
31/01/2022,10545,3.79029
31/01/2022,10546,3.790297
31/01/2022,10547,3.790303
31/01/2022,10548,3.79031
31/01/2022,10549,3.790317
31/01/2022,10550,3.790324
31/01/2022,10551,3.790331
31/01/2022,10552,3.790338
31/01/2022,10553,3.790345
31/01/2022,10554,3.790352
31/01/2022,10555,3.790359
31/01/2022,10556,3.790366
31/01/2022,10557,3.790372
31/01/2022,10558,3.790379
31/01/2022,10559,3.790386
31/01/2022,10560,3.790393
31/01/2022,10561,3.7904
31/01/2022,10562,3.790407
31/01/2022,10563,3.790414
31/01/2022,10564,3.790421
31/01/2022,10565,3.790428
31/01/2022,10566,3.790435
31/01/2022,10567,3.790441
31/01/2022,10568,3.790448
31/01/2022,10569,3.790455
31/01/2022,10570,3.790462
31/01/2022,10571,3.790469
31/01/2022,10572,3.790476
31/01/2022,10573,3.790483
31/01/2022,10574,3.79049
31/01/2022,10575,3.790497
31/01/2022,10576,3.790504
31/01/2022,10577,3.79051
31/01/2022,10578,3.790517
31/01/2022,10579,3.790524
31/01/2022,10580,3.790531
31/01/2022,10581,3.790538
31/01/2022,10582,3.790545
31/01/2022,10583,3.790552
31/01/2022,10584,3.790559
31/01/2022,10585,3.790566
31/01/2022,10586,3.790573
31/01/2022,10587,3.790579
31/01/2022,10588,3.790586
31/01/2022,10589,3.790593
31/01/2022,10590,3.7906
31/01/2022,10591,3.790607
31/01/2022,10592,3.790614
31/01/2022,10593,3.790621
31/01/2022,10594,3.790628
31/01/2022,10595,3.790635
31/01/2022,10596,3.790641
31/01/2022,10597,3.790648
31/01/2022,10598,3.790655
31/01/2022,10599,3.790662
31/01/2022,10600,3.790669
31/01/2022,10601,3.790676
31/01/2022,10602,3.790683
31/01/2022,10603,3.79069
31/01/2022,10604,3.790697
31/01/2022,10605,3.790704
31/01/2022,10606,3.79071
31/01/2022,10607,3.790717
31/01/2022,10608,3.790724
31/01/2022,10609,3.790731
31/01/2022,10610,3.790738
31/01/2022,10611,3.790745
31/01/2022,10612,3.790752
31/01/2022,10613,3.790759
31/01/2022,10614,3.790766
31/01/2022,10615,3.790773
31/01/2022,10616,3.790779
31/01/2022,10617,3.790786
31/01/2022,10618,3.790793
31/01/2022,10619,3.7908
31/01/2022,10620,3.790807
31/01/2022,10621,3.790814
31/01/2022,10622,3.790821
31/01/2022,10623,3.790828
31/01/2022,10624,3.790835
31/01/2022,10625,3.790842
31/01/2022,10626,3.790848
31/01/2022,10627,3.790855
31/01/2022,10628,3.790862
31/01/2022,10629,3.790869
31/01/2022,10630,3.790876
31/01/2022,10631,3.790883
31/01/2022,10632,3.79089
31/01/2022,10633,3.790897
31/01/2022,10634,3.790904
31/01/2022,10635,3.79091
31/01/2022,10636,3.790917
31/01/2022,10637,3.790924
31/01/2022,10638,3.790931
31/01/2022,10639,3.790938
31/01/2022,10640,3.790945
31/01/2022,10641,3.790952
31/01/2022,10642,3.790959
31/01/2022,10643,3.790966
31/01/2022,10644,3.790973
31/01/2022,10645,3.790979
31/01/2022,10646,3.790986
31/01/2022,10647,3.790993
31/01/2022,10648,3.791
31/01/2022,10649,3.791007
31/01/2022,10650,3.791014
31/01/2022,10651,3.791021
31/01/2022,10652,3.791028
31/01/2022,10653,3.791035
31/01/2022,10654,3.791042
31/01/2022,10655,3.791048
31/01/2022,10656,3.791055
31/01/2022,10657,3.791062
31/01/2022,10658,3.791069
31/01/2022,10659,3.791076
31/01/2022,10660,3.791083
31/01/2022,10661,3.79109
31/01/2022,10662,3.791097
31/01/2022,10663,3.791104
31/01/2022,10664,3.791111
31/01/2022,10665,3.791117
31/01/2022,10666,3.791124
31/01/2022,10667,3.791131
31/01/2022,10668,3.791138
31/01/2022,10669,3.791145
31/01/2022,10670,3.791152
31/01/2022,10671,3.791159
31/01/2022,10672,3.791166
31/01/2022,10673,3.791173
31/01/2022,10674,3.791179
31/01/2022,10675,3.791186
31/01/2022,10676,3.791193
31/01/2022,10677,3.7912
31/01/2022,10678,3.791207
31/01/2022,10679,3.791214
31/01/2022,10680,3.791221
31/01/2022,10681,3.791228
31/01/2022,10682,3.791235
31/01/2022,10683,3.791242
31/01/2022,10684,3.791248
31/01/2022,10685,3.791255
31/01/2022,10686,3.791262
31/01/2022,10687,3.791269
31/01/2022,10688,3.791276
31/01/2022,10689,3.791283
31/01/2022,10690,3.79129
31/01/2022,10691,3.791297
31/01/2022,10692,3.791304
31/01/2022,10693,3.791311
31/01/2022,10694,3.791317
31/01/2022,10695,3.791324
31/01/2022,10696,3.791331
31/01/2022,10697,3.791338
31/01/2022,10698,3.791345
31/01/2022,10699,3.791352
31/01/2022,10700,3.791359
31/01/2022,10701,3.791366
31/01/2022,10702,3.791373
31/01/2022,10703,3.79138
31/01/2022,10704,3.791386
31/01/2022,10705,3.791393
31/01/2022,10706,3.7914
31/01/2022,10707,3.791407
31/01/2022,10708,3.791414
31/01/2022,10709,3.791421
31/01/2022,10710,3.791428
31/01/2022,10711,3.791435
31/01/2022,10712,3.791442
31/01/2022,10713,3.791448
31/01/2022,10714,3.791455
31/01/2022,10715,3.791462
31/01/2022,10716,3.791469
31/01/2022,10717,3.791476
31/01/2022,10718,3.791483
31/01/2022,10719,3.79149
31/01/2022,10720,3.791497
31/01/2022,10721,3.791504
31/01/2022,10722,3.791511
31/01/2022,10723,3.791517
31/01/2022,10724,3.791524
31/01/2022,10725,3.791531
31/01/2022,10726,3.791538
31/01/2022,10727,3.791545
31/01/2022,10728,3.791552
31/01/2022,10729,3.791559
31/01/2022,10730,3.791566
31/01/2022,10731,3.791573
31/01/2022,10732,3.79158
31/01/2022,10733,3.791586
31/01/2022,10734,3.791593
31/01/2022,10735,3.7916
31/01/2022,10736,3.791607
31/01/2022,10737,3.791614
31/01/2022,10738,3.791621
31/01/2022,10739,3.791628
31/01/2022,10740,3.791635
31/01/2022,10741,3.791642
31/01/2022,10742,3.791649
31/01/2022,10743,3.791655
31/01/2022,10744,3.791662
31/01/2022,10745,3.791669
31/01/2022,10746,3.791676
31/01/2022,10747,3.791683
31/01/2022,10748,3.79169
31/01/2022,10749,3.791697
31/01/2022,10750,3.791704
31/01/2022,10751,3.791711
31/01/2022,10752,3.791718
31/01/2022,10753,3.791724
31/01/2022,10754,3.791731
31/01/2022,10755,3.791738
31/01/2022,10756,3.791745
31/01/2022,10757,3.791752
31/01/2022,10758,3.791759
31/01/2022,10759,3.791766
31/01/2022,10760,3.791773
31/01/2022,10761,3.79178
31/01/2022,10762,3.791786
31/01/2022,10763,3.791793
31/01/2022,10764,3.7918
31/01/2022,10765,3.791807
31/01/2022,10766,3.791814
31/01/2022,10767,3.791821
31/01/2022,10768,3.791828
31/01/2022,10769,3.791835
31/01/2022,10770,3.791842
31/01/2022,10771,3.791849
31/01/2022,10772,3.791855
31/01/2022,10773,3.791862
31/01/2022,10774,3.791869
31/01/2022,10775,3.791876
31/01/2022,10776,3.791883
31/01/2022,10777,3.79189
31/01/2022,10778,3.791897
31/01/2022,10779,3.791904
31/01/2022,10780,3.791911
31/01/2022,10781,3.791918
31/01/2022,10782,3.791924
31/01/2022,10783,3.791931
31/01/2022,10784,3.791938
31/01/2022,10785,3.791945
31/01/2022,10786,3.791952
31/01/2022,10787,3.791959
31/01/2022,10788,3.791966
31/01/2022,10789,3.791973
31/01/2022,10790,3.79198
31/01/2022,10791,3.791987
31/01/2022,10792,3.791993
31/01/2022,10793,3.792
31/01/2022,10794,3.792007
31/01/2022,10795,3.792014
31/01/2022,10796,3.792021
31/01/2022,10797,3.792028
31/01/2022,10798,3.792035
31/01/2022,10799,3.792042
31/01/2022,10800,3.792049
31/01/2022,10801,3.792055
31/01/2022,10802,3.792062
31/01/2022,10803,3.792069
31/01/2022,10804,3.792076
31/01/2022,10805,3.792083
31/01/2022,10806,3.79209
31/01/2022,10807,3.792097
31/01/2022,10808,3.792104
31/01/2022,10809,3.792111
31/01/2022,10810,3.792118
31/01/2022,10811,3.792124
31/01/2022,10812,3.792131
31/01/2022,10813,3.792138
31/01/2022,10814,3.792145
31/01/2022,10815,3.792152
31/01/2022,10816,3.792159
31/01/2022,10817,3.792166
31/01/2022,10818,3.792173
31/01/2022,10819,3.79218
31/01/2022,10820,3.792187
31/01/2022,10821,3.792193
31/01/2022,10822,3.7922
31/01/2022,10823,3.792207
31/01/2022,10824,3.792214
31/01/2022,10825,3.792221
31/01/2022,10826,3.792228
31/01/2022,10827,3.792235
31/01/2022,10828,3.792242
31/01/2022,10829,3.792249
31/01/2022,10830,3.792256
31/01/2022,10831,3.792262
31/01/2022,10832,3.792269
31/01/2022,10833,3.792276
31/01/2022,10834,3.792283
31/01/2022,10835,3.79229
31/01/2022,10836,3.792297
31/01/2022,10837,3.792304
31/01/2022,10838,3.792311
31/01/2022,10839,3.792318
31/01/2022,10840,3.792324
31/01/2022,10841,3.792331
31/01/2022,10842,3.792338
31/01/2022,10843,3.792345
31/01/2022,10844,3.792352
31/01/2022,10845,3.792359
31/01/2022,10846,3.792366
31/01/2022,10847,3.792373
31/01/2022,10848,3.79238
31/01/2022,10849,3.792387
31/01/2022,10850,3.792393
31/01/2022,10851,3.7924
31/01/2022,10852,3.792407
31/01/2022,10853,3.792414
31/01/2022,10854,3.792421
31/01/2022,10855,3.792428
31/01/2022,10856,3.792435
31/01/2022,10857,3.792442
31/01/2022,10858,3.792449
31/01/2022,10859,3.792456
31/01/2022,10860,3.792462
31/01/2022,10861,3.792469
31/01/2022,10862,3.792476
31/01/2022,10863,3.792483
31/01/2022,10864,3.79249
31/01/2022,10865,3.792497
31/01/2022,10866,3.792504
31/01/2022,10867,3.792511
31/01/2022,10868,3.792518
31/01/2022,10869,3.792525
31/01/2022,10870,3.792531
31/01/2022,10871,3.792538
31/01/2022,10872,3.792545
31/01/2022,10873,3.792552
31/01/2022,10874,3.792559
31/01/2022,10875,3.792566
31/01/2022,10876,3.792573
31/01/2022,10877,3.79258
31/01/2022,10878,3.792587
31/01/2022,10879,3.792593
31/01/2022,10880,3.7926
31/01/2022,10881,3.792607
31/01/2022,10882,3.792614
31/01/2022,10883,3.792621
31/01/2022,10884,3.792628
31/01/2022,10885,3.792635
31/01/2022,10886,3.792642
31/01/2022,10887,3.792649
31/01/2022,10888,3.792656
31/01/2022,10889,3.792662
31/01/2022,10890,3.792669
31/01/2022,10891,3.792676
31/01/2022,10892,3.792683
31/01/2022,10893,3.79269
31/01/2022,10894,3.792697
31/01/2022,10895,3.792704
31/01/2022,10896,3.792711
31/01/2022,10897,3.792718
31/01/2022,10898,3.792725
31/01/2022,10899,3.792731
31/01/2022,10900,3.792738
31/01/2022,10901,3.792745
31/01/2022,10902,3.792752
31/01/2022,10903,3.792759
31/01/2022,10904,3.792766
31/01/2022,10905,3.792773
31/01/2022,10906,3.79278
31/01/2022,10907,3.792787
31/01/2022,10908,3.792794
31/01/2022,10909,3.7928
31/01/2022,10910,3.792807
31/01/2022,10911,3.792814
31/01/2022,10912,3.792821
31/01/2022,10913,3.792828
31/01/2022,10914,3.792835
31/01/2022,10915,3.792842
31/01/2022,10916,3.792849
31/01/2022,10917,3.792856
31/01/2022,10918,3.792863
31/01/2022,10919,3.792869
31/01/2022,10920,3.792876
31/01/2022,10921,3.792883
31/01/2022,10922,3.79289
31/01/2022,10923,3.792897
31/01/2022,10924,3.792904
31/01/2022,10925,3.792911
31/01/2022,10926,3.792918
31/01/2022,10927,3.792925
31/01/2022,10928,3.792931
31/01/2022,10929,3.792938
31/01/2022,10930,3.792945
31/01/2022,10931,3.792952
31/01/2022,10932,3.792959
31/01/2022,10933,3.792966
31/01/2022,10934,3.792973
31/01/2022,10935,3.79298
31/01/2022,10936,3.792987
31/01/2022,10937,3.792994
31/01/2022,10938,3.793
31/01/2022,10939,3.793007
31/01/2022,10940,3.793014
31/01/2022,10941,3.793021
31/01/2022,10942,3.793028
31/01/2022,10943,3.793035
31/01/2022,10944,3.793042
31/01/2022,10945,3.793049
31/01/2022,10946,3.793056
31/01/2022,10947,3.793063
31/01/2022,10948,3.793069
31/01/2022,10949,3.793076
31/01/2022,10950,3.793083
31/01/2022,10951,3.79309
31/01/2022,10952,3.793097
31/01/2022,10953,3.793104
31/01/2022,10954,3.793111
31/01/2022,10955,3.793118
31/01/2022,10956,3.793125
31/01/2022,10957,3.793132
31/01/2022,10958,3.793138
31/01/2022,10959,3.793145
31/01/2022,10960,3.793152
31/01/2022,10961,3.793159
31/01/2022,10962,3.793166
31/01/2022,10963,3.793173
31/01/2022,10964,3.79318
31/01/2022,10965,3.793187
31/01/2022,10966,3.793194
31/01/2022,10967,3.7932
31/01/2022,10968,3.793207
31/01/2022,10969,3.793214
31/01/2022,10970,3.793221
31/01/2022,10971,3.793228
31/01/2022,10972,3.793235
31/01/2022,10973,3.793242
31/01/2022,10974,3.793249
31/01/2022,10975,3.793256
31/01/2022,10976,3.793263
31/01/2022,10977,3.793269
31/01/2022,10978,3.793276
31/01/2022,10979,3.793283
31/01/2022,10980,3.79329
31/01/2022,10981,3.793297
31/01/2022,10982,3.793304
31/01/2022,10983,3.793311
31/01/2022,10984,3.793318
31/01/2022,10985,3.793325
31/01/2022,10986,3.793332
31/01/2022,10987,3.793338
31/01/2022,10988,3.793345
31/01/2022,10989,3.793352
31/01/2022,10990,3.793359
31/01/2022,10991,3.793366
31/01/2022,10992,3.793373
31/01/2022,10993,3.79338
31/01/2022,10994,3.793387
31/01/2022,10995,3.793394
31/01/2022,10996,3.793401
31/01/2022,10997,3.793407
31/01/2022,10998,3.793414
31/01/2022,10999,3.793421
31/01/2022,11000,3.793428
31/01/2022,11001,3.793435
31/01/2022,11002,3.793442
31/01/2022,11003,3.793449
31/01/2022,11004,3.793456
31/01/2022,11005,3.793463
31/01/2022,11006,3.793469
31/01/2022,11007,3.793476
31/01/2022,11008,3.793483
31/01/2022,11009,3.79349
31/01/2022,11010,3.793497
31/01/2022,11011,3.793504
31/01/2022,11012,3.793511
31/01/2022,11013,3.793518
31/01/2022,11014,3.793525
31/01/2022,11015,3.793532
31/01/2022,11016,3.793538
31/01/2022,11017,3.793545
31/01/2022,11018,3.793552
31/01/2022,11019,3.793559
31/01/2022,11020,3.793566
31/01/2022,11021,3.793573
31/01/2022,11022,3.79358
31/01/2022,11023,3.793587
31/01/2022,11024,3.793594
31/01/2022,11025,3.793601
31/01/2022,11026,3.793607
31/01/2022,11027,3.793614
31/01/2022,11028,3.793621
31/01/2022,11029,3.793628
31/01/2022,11030,3.793635
31/01/2022,11031,3.793642
31/01/2022,11032,3.793649
31/01/2022,11033,3.793656
31/01/2022,11034,3.793663
31/01/2022,11035,3.79367
31/01/2022,11036,3.793676
31/01/2022,11037,3.793683
31/01/2022,11038,3.79369
31/01/2022,11039,3.793697
31/01/2022,11040,3.793704
31/01/2022,11041,3.793711
31/01/2022,11042,3.793718
31/01/2022,11043,3.793725
31/01/2022,11044,3.793732
31/01/2022,11045,3.793738
31/01/2022,11046,3.793745
31/01/2022,11047,3.793752
31/01/2022,11048,3.793759
31/01/2022,11049,3.793766
31/01/2022,11050,3.793773
31/01/2022,11051,3.79378
31/01/2022,11052,3.793787
31/01/2022,11053,3.793794
31/01/2022,11054,3.793801
31/01/2022,11055,3.793807
31/01/2022,11056,3.793814
31/01/2022,11057,3.793821
31/01/2022,11058,3.793828
31/01/2022,11059,3.793835
31/01/2022,11060,3.793842
31/01/2022,11061,3.793849
31/01/2022,11062,3.793856
31/01/2022,11063,3.793863
31/01/2022,11064,3.79387
31/01/2022,11065,3.793876
31/01/2022,11066,3.793883
31/01/2022,11067,3.79389
31/01/2022,11068,3.793897
31/01/2022,11069,3.793904
31/01/2022,11070,3.793911
31/01/2022,11071,3.793918
31/01/2022,11072,3.793925
31/01/2022,11073,3.793932
31/01/2022,11074,3.793939
31/01/2022,11075,3.793945
31/01/2022,11076,3.793952
31/01/2022,11077,3.793959
31/01/2022,11078,3.793966
31/01/2022,11079,3.793973
31/01/2022,11080,3.79398
31/01/2022,11081,3.793987
31/01/2022,11082,3.793994
31/01/2022,11083,3.794001
31/01/2022,11084,3.794008
31/01/2022,11085,3.794014
31/01/2022,11086,3.794021
31/01/2022,11087,3.794028
31/01/2022,11088,3.794035
31/01/2022,11089,3.794042
31/01/2022,11090,3.794049
31/01/2022,11091,3.794056
31/01/2022,11092,3.794063
31/01/2022,11093,3.79407
31/01/2022,11094,3.794076
31/01/2022,11095,3.794083
31/01/2022,11096,3.79409
31/01/2022,11097,3.794097
31/01/2022,11098,3.794104
31/01/2022,11099,3.794111
31/01/2022,11100,3.794118
31/01/2022,11101,3.794125
31/01/2022,11102,3.794132
31/01/2022,11103,3.794139
31/01/2022,11104,3.794145
31/01/2022,11105,3.794152
31/01/2022,11106,3.794159
31/01/2022,11107,3.794166
31/01/2022,11108,3.794173
31/01/2022,11109,3.79418
31/01/2022,11110,3.794187
31/01/2022,11111,3.794194
31/01/2022,11112,3.794201
31/01/2022,11113,3.794208
31/01/2022,11114,3.794214
31/01/2022,11115,3.794221
31/01/2022,11116,3.794228
31/01/2022,11117,3.794235
31/01/2022,11118,3.794242
31/01/2022,11119,3.794249
31/01/2022,11120,3.794256
31/01/2022,11121,3.794263
31/01/2022,11122,3.79427
31/01/2022,11123,3.794277
31/01/2022,11124,3.794283
31/01/2022,11125,3.79429
31/01/2022,11126,3.794297
31/01/2022,11127,3.794304
31/01/2022,11128,3.794311
31/01/2022,11129,3.794318
31/01/2022,11130,3.794325
31/01/2022,11131,3.794332
31/01/2022,11132,3.794339
31/01/2022,11133,3.794345
31/01/2022,11134,3.794352
31/01/2022,11135,3.794359
31/01/2022,11136,3.794366
31/01/2022,11137,3.794373
31/01/2022,11138,3.79438
31/01/2022,11139,3.794387
31/01/2022,11140,3.794394
31/01/2022,11141,3.794401
31/01/2022,11142,3.794408
31/01/2022,11143,3.794414
31/01/2022,11144,3.794421
31/01/2022,11145,3.794428
31/01/2022,11146,3.794435
31/01/2022,11147,3.794442
31/01/2022,11148,3.794449
31/01/2022,11149,3.794456
31/01/2022,11150,3.794463
31/01/2022,11151,3.79447
31/01/2022,11152,3.794477
31/01/2022,11153,3.794483
31/01/2022,11154,3.79449
31/01/2022,11155,3.794497
31/01/2022,11156,3.794504
31/01/2022,11157,3.794511
31/01/2022,11158,3.794518
31/01/2022,11159,3.794525
31/01/2022,11160,3.794532
31/01/2022,11161,3.794539
31/01/2022,11162,3.794546
31/01/2022,11163,3.794552
31/01/2022,11164,3.794559
31/01/2022,11165,3.794566
31/01/2022,11166,3.794573
31/01/2022,11167,3.79458
31/01/2022,11168,3.794587
31/01/2022,11169,3.794594
31/01/2022,11170,3.794601
31/01/2022,11171,3.794608
31/01/2022,11172,3.794614
31/01/2022,11173,3.794621
31/01/2022,11174,3.794628
31/01/2022,11175,3.794635
31/01/2022,11176,3.794642
31/01/2022,11177,3.794649
31/01/2022,11178,3.794656
31/01/2022,11179,3.794663
31/01/2022,11180,3.79467
31/01/2022,11181,3.794677
31/01/2022,11182,3.794683
31/01/2022,11183,3.79469
31/01/2022,11184,3.794697
31/01/2022,11185,3.794704
31/01/2022,11186,3.794711
31/01/2022,11187,3.794718
31/01/2022,11188,3.794725
31/01/2022,11189,3.794732
31/01/2022,11190,3.794739
31/01/2022,11191,3.794746
31/01/2022,11192,3.794752
31/01/2022,11193,3.794759
31/01/2022,11194,3.794766
31/01/2022,11195,3.794773
31/01/2022,11196,3.79478
31/01/2022,11197,3.794787
31/01/2022,11198,3.794794
31/01/2022,11199,3.794801
31/01/2022,11200,3.794808
31/01/2022,11201,3.794815
31/01/2022,11202,3.794821
31/01/2022,11203,3.794828
31/01/2022,11204,3.794835
31/01/2022,11205,3.794842
31/01/2022,11206,3.794849
31/01/2022,11207,3.794856
31/01/2022,11208,3.794863
31/01/2022,11209,3.79487
31/01/2022,11210,3.794877
31/01/2022,11211,3.794883
31/01/2022,11212,3.79489
31/01/2022,11213,3.794897
31/01/2022,11214,3.794904
31/01/2022,11215,3.794911
31/01/2022,11216,3.794918
31/01/2022,11217,3.794925
31/01/2022,11218,3.794932
31/01/2022,11219,3.794939
31/01/2022,11220,3.794946
31/01/2022,11221,3.794952
31/01/2022,11222,3.794959
31/01/2022,11223,3.794966
31/01/2022,11224,3.794973
31/01/2022,11225,3.79498
31/01/2022,11226,3.794987
31/01/2022,11227,3.794994
31/01/2022,11228,3.795001
31/01/2022,11229,3.795008
31/01/2022,11230,3.795015
31/01/2022,11231,3.795021
31/01/2022,11232,3.795028
31/01/2022,11233,3.795035
31/01/2022,11234,3.795042
31/01/2022,11235,3.795049
31/01/2022,11236,3.795056
31/01/2022,11237,3.795063
31/01/2022,11238,3.79507
31/01/2022,11239,3.795077
31/01/2022,11240,3.795084
31/01/2022,11241,3.79509
31/01/2022,11242,3.795097
31/01/2022,11243,3.795104
31/01/2022,11244,3.795111
31/01/2022,11245,3.795118
31/01/2022,11246,3.795125
31/01/2022,11247,3.795132
31/01/2022,11248,3.795139
31/01/2022,11249,3.795146
31/01/2022,11250,3.795153
31/01/2022,11251,3.795159
31/01/2022,11252,3.795166
31/01/2022,11253,3.795173
31/01/2022,11254,3.79518
31/01/2022,11255,3.795187
31/01/2022,11256,3.795194
31/01/2022,11257,3.795201
31/01/2022,11258,3.795208
31/01/2022,11259,3.795215
31/01/2022,11260,3.795221
31/01/2022,11261,3.795228
31/01/2022,11262,3.795235
31/01/2022,11263,3.795242
31/01/2022,11264,3.795249
31/01/2022,11265,3.795256
31/01/2022,11266,3.795263
31/01/2022,11267,3.79527
31/01/2022,11268,3.795277
31/01/2022,11269,3.795284
31/01/2022,11270,3.79529
31/01/2022,11271,3.795297
31/01/2022,11272,3.795304
31/01/2022,11273,3.795311
31/01/2022,11274,3.795318
31/01/2022,11275,3.795325
31/01/2022,11276,3.795332
31/01/2022,11277,3.795339
31/01/2022,11278,3.795346
31/01/2022,11279,3.795353
31/01/2022,11280,3.795359
31/01/2022,11281,3.795366
31/01/2022,11282,3.795373
31/01/2022,11283,3.79538
31/01/2022,11284,3.795387
31/01/2022,11285,3.795394
31/01/2022,11286,3.795401
31/01/2022,11287,3.795408
31/01/2022,11288,3.795415
31/01/2022,11289,3.795422
31/01/2022,11290,3.795428
31/01/2022,11291,3.795435
31/01/2022,11292,3.795442
31/01/2022,11293,3.795449
31/01/2022,11294,3.795456
31/01/2022,11295,3.795463
31/01/2022,11296,3.79547
31/01/2022,11297,3.795477
31/01/2022,11298,3.795484
31/01/2022,11299,3.79549
31/01/2022,11300,3.795497
31/01/2022,11301,3.795504
31/01/2022,11302,3.795511
31/01/2022,11303,3.795518
31/01/2022,11304,3.795525
31/01/2022,11305,3.795532
31/01/2022,11306,3.795539
31/01/2022,11307,3.795546
31/01/2022,11308,3.795553
31/01/2022,11309,3.795559
31/01/2022,11310,3.795566
31/01/2022,11311,3.795573
31/01/2022,11312,3.79558
31/01/2022,11313,3.795587
31/01/2022,11314,3.795594
31/01/2022,11315,3.795601
31/01/2022,11316,3.795608
31/01/2022,11317,3.795615
31/01/2022,11318,3.795622
31/01/2022,11319,3.795628
31/01/2022,11320,3.795635
31/01/2022,11321,3.795642
31/01/2022,11322,3.795649
31/01/2022,11323,3.795656
31/01/2022,11324,3.795663
31/01/2022,11325,3.79567
31/01/2022,11326,3.795677
31/01/2022,11327,3.795684
31/01/2022,11328,3.795691
31/01/2022,11329,3.795697
31/01/2022,11330,3.795704
31/01/2022,11331,3.795711
31/01/2022,11332,3.795718
31/01/2022,11333,3.795725
31/01/2022,11334,3.795732
31/01/2022,11335,3.795739
31/01/2022,11336,3.795746
31/01/2022,11337,3.795753
31/01/2022,11338,3.795759
31/01/2022,11339,3.795766
31/01/2022,11340,3.795773
31/01/2022,11341,3.79578
31/01/2022,11342,3.795787
31/01/2022,11343,3.795794
31/01/2022,11344,3.795801
31/01/2022,11345,3.795808
31/01/2022,11346,3.795815
31/01/2022,11347,3.795822
31/01/2022,11348,3.795828
31/01/2022,11349,3.795835
31/01/2022,11350,3.795842
31/01/2022,11351,3.795849
31/01/2022,11352,3.795856
31/01/2022,11353,3.795863
31/01/2022,11354,3.79587
31/01/2022,11355,3.795877
31/01/2022,11356,3.795884
31/01/2022,11357,3.795891
31/01/2022,11358,3.795897
31/01/2022,11359,3.795904
31/01/2022,11360,3.795911
31/01/2022,11361,3.795918
31/01/2022,11362,3.795925
31/01/2022,11363,3.795932
31/01/2022,11364,3.795939
31/01/2022,11365,3.795946
31/01/2022,11366,3.795953
31/01/2022,11367,3.79596
31/01/2022,11368,3.795966
31/01/2022,11369,3.795973
31/01/2022,11370,3.79598
31/01/2022,11371,3.795987
31/01/2022,11372,3.795994
31/01/2022,11373,3.796001
31/01/2022,11374,3.796008
31/01/2022,11375,3.796015
31/01/2022,11376,3.796022
31/01/2022,11377,3.796029
31/01/2022,11378,3.796035
31/01/2022,11379,3.796042
31/01/2022,11380,3.796049
31/01/2022,11381,3.796056
31/01/2022,11382,3.796063
31/01/2022,11383,3.79607
31/01/2022,11384,3.796077
31/01/2022,11385,3.796084
31/01/2022,11386,3.796091
31/01/2022,11387,3.796097
31/01/2022,11388,3.796104
31/01/2022,11389,3.796111
31/01/2022,11390,3.796118
31/01/2022,11391,3.796125
31/01/2022,11392,3.796132
31/01/2022,11393,3.796139
31/01/2022,11394,3.796146
31/01/2022,11395,3.796153
31/01/2022,11396,3.79616
31/01/2022,11397,3.796166
31/01/2022,11398,3.796173
31/01/2022,11399,3.79618
31/01/2022,11400,3.796187
31/01/2022,11401,3.796194
31/01/2022,11402,3.796201
31/01/2022,11403,3.796208
31/01/2022,11404,3.796215
31/01/2022,11405,3.796222
31/01/2022,11406,3.796229
31/01/2022,11407,3.796235
31/01/2022,11408,3.796242
31/01/2022,11409,3.796249
31/01/2022,11410,3.796256
31/01/2022,11411,3.796263
31/01/2022,11412,3.79627
31/01/2022,11413,3.796277
31/01/2022,11414,3.796284
31/01/2022,11415,3.796291
31/01/2022,11416,3.796298
31/01/2022,11417,3.796304
31/01/2022,11418,3.796311
31/01/2022,11419,3.796318
31/01/2022,11420,3.796325
31/01/2022,11421,3.796332
31/01/2022,11422,3.796339
31/01/2022,11423,3.796346
31/01/2022,11424,3.796353
31/01/2022,11425,3.79636
31/01/2022,11426,3.796366
31/01/2022,11427,3.796373
31/01/2022,11428,3.79638
31/01/2022,11429,3.796387
31/01/2022,11430,3.796394
31/01/2022,11431,3.796401
31/01/2022,11432,3.796408
31/01/2022,11433,3.796415
31/01/2022,11434,3.796422
31/01/2022,11435,3.796429
31/01/2022,11436,3.796435
31/01/2022,11437,3.796442
31/01/2022,11438,3.796449
31/01/2022,11439,3.796456
31/01/2022,11440,3.796463
31/01/2022,11441,3.79647
31/01/2022,11442,3.796477
31/01/2022,11443,3.796484
31/01/2022,11444,3.796491
31/01/2022,11445,3.796498
31/01/2022,11446,3.796504
31/01/2022,11447,3.796511
31/01/2022,11448,3.796518
31/01/2022,11449,3.796525
31/01/2022,11450,3.796532
31/01/2022,11451,3.796539
31/01/2022,11452,3.796546
31/01/2022,11453,3.796553
31/01/2022,11454,3.79656
31/01/2022,11455,3.796567
31/01/2022,11456,3.796573
31/01/2022,11457,3.79658
31/01/2022,11458,3.796587
31/01/2022,11459,3.796594
31/01/2022,11460,3.796601
31/01/2022,11461,3.796608
31/01/2022,11462,3.796615
31/01/2022,11463,3.796622
31/01/2022,11464,3.796629
31/01/2022,11465,3.796635
31/01/2022,11466,3.796642
31/01/2022,11467,3.796649
31/01/2022,11468,3.796656
31/01/2022,11469,3.796663
31/01/2022,11470,3.79667
31/01/2022,11471,3.796677
31/01/2022,11472,3.796684
31/01/2022,11473,3.796691
31/01/2022,11474,3.796698
31/01/2022,11475,3.796704
31/01/2022,11476,3.796711
31/01/2022,11477,3.796718
31/01/2022,11478,3.796725
31/01/2022,11479,3.796732
31/01/2022,11480,3.796739
31/01/2022,11481,3.796746
31/01/2022,11482,3.796753
31/01/2022,11483,3.79676
31/01/2022,11484,3.796767
31/01/2022,11485,3.796773
31/01/2022,11486,3.79678
31/01/2022,11487,3.796787
31/01/2022,11488,3.796794
31/01/2022,11489,3.796801
31/01/2022,11490,3.796808
31/01/2022,11491,3.796815
31/01/2022,11492,3.796822
31/01/2022,11493,3.796829
31/01/2022,11494,3.796836
31/01/2022,11495,3.796842
31/01/2022,11496,3.796849
31/01/2022,11497,3.796856
31/01/2022,11498,3.796863
31/01/2022,11499,3.79687
31/01/2022,11500,3.796877
31/01/2022,11501,3.796884
31/01/2022,11502,3.796891
31/01/2022,11503,3.796898
31/01/2022,11504,3.796904
31/01/2022,11505,3.796911
31/01/2022,11506,3.796918
31/01/2022,11507,3.796925
31/01/2022,11508,3.796932
31/01/2022,11509,3.796939
31/01/2022,11510,3.796946
31/01/2022,11511,3.796953
31/01/2022,11512,3.79696
31/01/2022,11513,3.796967
31/01/2022,11514,3.796973
31/01/2022,11515,3.79698
31/01/2022,11516,3.796987
31/01/2022,11517,3.796994
31/01/2022,11518,3.797001
31/01/2022,11519,3.797008
31/01/2022,11520,3.797015
31/01/2022,11521,3.797022
31/01/2022,11522,3.797029
31/01/2022,11523,3.797036
31/01/2022,11524,3.797042
31/01/2022,11525,3.797049
31/01/2022,11526,3.797056
31/01/2022,11527,3.797063
31/01/2022,11528,3.79707
31/01/2022,11529,3.797077
31/01/2022,11530,3.797084
31/01/2022,11531,3.797091
31/01/2022,11532,3.797098
31/01/2022,11533,3.797105
31/01/2022,11534,3.797111
31/01/2022,11535,3.797118
31/01/2022,11536,3.797125
31/01/2022,11537,3.797132
31/01/2022,11538,3.797139
31/01/2022,11539,3.797146
31/01/2022,11540,3.797153
31/01/2022,11541,3.79716
31/01/2022,11542,3.797167
31/01/2022,11543,3.797174
31/01/2022,11544,3.79718
31/01/2022,11545,3.797187
31/01/2022,11546,3.797194
31/01/2022,11547,3.797201
31/01/2022,11548,3.797208
31/01/2022,11549,3.797215
31/01/2022,11550,3.797222
31/01/2022,11551,3.797229
31/01/2022,11552,3.797236
31/01/2022,11553,3.797242
31/01/2022,11554,3.797249
31/01/2022,11555,3.797256
31/01/2022,11556,3.797263
31/01/2022,11557,3.79727
31/01/2022,11558,3.797277
31/01/2022,11559,3.797284
31/01/2022,11560,3.797291
31/01/2022,11561,3.797298
31/01/2022,11562,3.797305
31/01/2022,11563,3.797311
31/01/2022,11564,3.797318
31/01/2022,11565,3.797325
31/01/2022,11566,3.797332
31/01/2022,11567,3.797339
31/01/2022,11568,3.797346
31/01/2022,11569,3.797353
31/01/2022,11570,3.79736
31/01/2022,11571,3.797367
31/01/2022,11572,3.797374
31/01/2022,11573,3.79738
31/01/2022,11574,3.797387
31/01/2022,11575,3.797394
31/01/2022,11576,3.797401
31/01/2022,11577,3.797408
31/01/2022,11578,3.797415
31/01/2022,11579,3.797422
31/01/2022,11580,3.797429
31/01/2022,11581,3.797436
31/01/2022,11582,3.797443
31/01/2022,11583,3.797449
31/01/2022,11584,3.797456
31/01/2022,11585,3.797463
31/01/2022,11586,3.79747
31/01/2022,11587,3.797477
31/01/2022,11588,3.797484
31/01/2022,11589,3.797491
31/01/2022,11590,3.797498
31/01/2022,11591,3.797505
31/01/2022,11592,3.797511
31/01/2022,11593,3.797518
31/01/2022,11594,3.797525
31/01/2022,11595,3.797532
31/01/2022,11596,3.797539
31/01/2022,11597,3.797546
31/01/2022,11598,3.797553
31/01/2022,11599,3.79756
31/01/2022,11600,3.797567
31/01/2022,11601,3.797574
31/01/2022,11602,3.79758
31/01/2022,11603,3.797587
31/01/2022,11604,3.797594
31/01/2022,11605,3.797601
31/01/2022,11606,3.797608
31/01/2022,11607,3.797615
31/01/2022,11608,3.797622
31/01/2022,11609,3.797629
31/01/2022,11610,3.797636
31/01/2022,11611,3.797643
31/01/2022,11612,3.797649
31/01/2022,11613,3.797656
31/01/2022,11614,3.797663
31/01/2022,11615,3.79767
31/01/2022,11616,3.797677
31/01/2022,11617,3.797684
31/01/2022,11618,3.797691
31/01/2022,11619,3.797698
31/01/2022,11620,3.797705
31/01/2022,11621,3.797712
31/01/2022,11622,3.797718
31/01/2022,11623,3.797725
31/01/2022,11624,3.797732
31/01/2022,11625,3.797739
31/01/2022,11626,3.797746
31/01/2022,11627,3.797753
31/01/2022,11628,3.79776
31/01/2022,11629,3.797767
31/01/2022,11630,3.797774
31/01/2022,11631,3.79778
31/01/2022,11632,3.797787
31/01/2022,11633,3.797794
31/01/2022,11634,3.797801
31/01/2022,11635,3.797808
31/01/2022,11636,3.797815
31/01/2022,11637,3.797822
31/01/2022,11638,3.797829
31/01/2022,11639,3.797836
31/01/2022,11640,3.797843
31/01/2022,11641,3.797849
31/01/2022,11642,3.797856
31/01/2022,11643,3.797863
31/01/2022,11644,3.79787
31/01/2022,11645,3.797877
31/01/2022,11646,3.797884
31/01/2022,11647,3.797891
31/01/2022,11648,3.797898
31/01/2022,11649,3.797905
31/01/2022,11650,3.797912
31/01/2022,11651,3.797918
31/01/2022,11652,3.797925
31/01/2022,11653,3.797932
31/01/2022,11654,3.797939
31/01/2022,11655,3.797946
31/01/2022,11656,3.797953
31/01/2022,11657,3.79796
31/01/2022,11658,3.797967
31/01/2022,11659,3.797974
31/01/2022,11660,3.797981
31/01/2022,11661,3.797987
31/01/2022,11662,3.797994
31/01/2022,11663,3.798001
31/01/2022,11664,3.798008
31/01/2022,11665,3.798015
31/01/2022,11666,3.798022
31/01/2022,11667,3.798029
31/01/2022,11668,3.798036
31/01/2022,11669,3.798043
31/01/2022,11670,3.798049
31/01/2022,11671,3.798056
31/01/2022,11672,3.798063
31/01/2022,11673,3.79807
31/01/2022,11674,3.798077
31/01/2022,11675,3.798084
31/01/2022,11676,3.798091
31/01/2022,11677,3.798098
31/01/2022,11678,3.798105
31/01/2022,11679,3.798112
31/01/2022,11680,3.798118
31/01/2022,11681,3.798125
31/01/2022,11682,3.798132
31/01/2022,11683,3.798139
31/01/2022,11684,3.798146
31/01/2022,11685,3.798153
31/01/2022,11686,3.79816
31/01/2022,11687,3.798167
31/01/2022,11688,3.798174
31/01/2022,11689,3.798181
31/01/2022,11690,3.798187
31/01/2022,11691,3.798194
31/01/2022,11692,3.798201
31/01/2022,11693,3.798208
31/01/2022,11694,3.798215
31/01/2022,11695,3.798222
31/01/2022,11696,3.798229
31/01/2022,11697,3.798236
31/01/2022,11698,3.798243
31/01/2022,11699,3.79825
31/01/2022,11700,3.798256
31/01/2022,11701,3.798263
31/01/2022,11702,3.79827
31/01/2022,11703,3.798277
31/01/2022,11704,3.798284
31/01/2022,11705,3.798291
31/01/2022,11706,3.798298
31/01/2022,11707,3.798305
31/01/2022,11708,3.798312
31/01/2022,11709,3.798319
31/01/2022,11710,3.798325
31/01/2022,11711,3.798332
31/01/2022,11712,3.798339
31/01/2022,11713,3.798346
31/01/2022,11714,3.798353
31/01/2022,11715,3.79836
31/01/2022,11716,3.798367
31/01/2022,11717,3.798374
31/01/2022,11718,3.798381
31/01/2022,11719,3.798387
31/01/2022,11720,3.798394
31/01/2022,11721,3.798401
31/01/2022,11722,3.798408
31/01/2022,11723,3.798415
31/01/2022,11724,3.798422
31/01/2022,11725,3.798429
31/01/2022,11726,3.798436
31/01/2022,11727,3.798443
31/01/2022,11728,3.79845
31/01/2022,11729,3.798456
31/01/2022,11730,3.798463
31/01/2022,11731,3.79847
31/01/2022,11732,3.798477
31/01/2022,11733,3.798484
31/01/2022,11734,3.798491
31/01/2022,11735,3.798498
31/01/2022,11736,3.798505
31/01/2022,11737,3.798512
31/01/2022,11738,3.798519
31/01/2022,11739,3.798525
31/01/2022,11740,3.798532
31/01/2022,11741,3.798539
31/01/2022,11742,3.798546
31/01/2022,11743,3.798553
31/01/2022,11744,3.79856
31/01/2022,11745,3.798567
31/01/2022,11746,3.798574
31/01/2022,11747,3.798581
31/01/2022,11748,3.798588
31/01/2022,11749,3.798594
31/01/2022,11750,3.798601
31/01/2022,11751,3.798608
31/01/2022,11752,3.798615
31/01/2022,11753,3.798622
31/01/2022,11754,3.798629
31/01/2022,11755,3.798636
31/01/2022,11756,3.798643
31/01/2022,11757,3.79865
31/01/2022,11758,3.798656
31/01/2022,11759,3.798663
31/01/2022,11760,3.79867
31/01/2022,11761,3.798677
31/01/2022,11762,3.798684
31/01/2022,11763,3.798691
31/01/2022,11764,3.798698
31/01/2022,11765,3.798705
31/01/2022,11766,3.798712
31/01/2022,11767,3.798719
31/01/2022,11768,3.798725
31/01/2022,11769,3.798732
31/01/2022,11770,3.798739
31/01/2022,11771,3.798746
31/01/2022,11772,3.798753
31/01/2022,11773,3.79876
31/01/2022,11774,3.798767
31/01/2022,11775,3.798774
31/01/2022,11776,3.798781
31/01/2022,11777,3.798788
31/01/2022,11778,3.798794
31/01/2022,11779,3.798801
31/01/2022,11780,3.798808
31/01/2022,11781,3.798815
31/01/2022,11782,3.798822
31/01/2022,11783,3.798829
31/01/2022,11784,3.798836
31/01/2022,11785,3.798843
31/01/2022,11786,3.79885
31/01/2022,11787,3.798857
31/01/2022,11788,3.798863
31/01/2022,11789,3.79887
31/01/2022,11790,3.798877
31/01/2022,11791,3.798884
31/01/2022,11792,3.798891
31/01/2022,11793,3.798898
31/01/2022,11794,3.798905
31/01/2022,11795,3.798912
31/01/2022,11796,3.798919
31/01/2022,11797,3.798925
31/01/2022,11798,3.798932
31/01/2022,11799,3.798939
31/01/2022,11800,3.798946
31/01/2022,11801,3.798953
31/01/2022,11802,3.79896
31/01/2022,11803,3.798967
31/01/2022,11804,3.798974
31/01/2022,11805,3.798981
31/01/2022,11806,3.798988
31/01/2022,11807,3.798994
31/01/2022,11808,3.799001
31/01/2022,11809,3.799008
31/01/2022,11810,3.799015
31/01/2022,11811,3.799022
31/01/2022,11812,3.799029
31/01/2022,11813,3.799036
31/01/2022,11814,3.799043
31/01/2022,11815,3.79905
31/01/2022,11816,3.799057
31/01/2022,11817,3.799063
31/01/2022,11818,3.79907
31/01/2022,11819,3.799077
31/01/2022,11820,3.799084
31/01/2022,11821,3.799091
31/01/2022,11822,3.799098
31/01/2022,11823,3.799105
31/01/2022,11824,3.799112
31/01/2022,11825,3.799119
31/01/2022,11826,3.799126
31/01/2022,11827,3.799132
31/01/2022,11828,3.799139
31/01/2022,11829,3.799146
31/01/2022,11830,3.799153
31/01/2022,11831,3.799163
31/01/2022,11832,3.799172
31/01/2022,11833,3.799182
31/01/2022,11834,3.799191
31/01/2022,11835,3.799201
31/01/2022,11836,3.799211
31/01/2022,11837,3.79922
31/01/2022,11838,3.79923
31/01/2022,11839,3.799239
31/01/2022,11840,3.799249
