FECHA,PLAZO,VALOR
11/30/2022,1,10.297698
11/30/2022,2,10.300782
11/30/2022,3,10.303867
11/30/2022,4,10.306952
11/30/2022,5,10.310037
11/30/2022,6,10.313121
11/30/2022,7,10.316206
11/30/2022,8,10.319291
11/30/2022,9,10.322375
11/30/2022,10,10.32546
11/30/2022,11,10.328545
11/30/2022,12,10.33163
11/30/2022,13,10.334714
11/30/2022,14,10.337799
11/30/2022,15,10.340884
11/30/2022,16,10.343969
11/30/2022,17,10.347053
11/30/2022,18,10.350138
11/30/2022,19,10.353223
11/30/2022,20,10.356307
11/30/2022,21,10.359392
11/30/2022,22,10.362477
11/30/2022,23,10.365562
11/30/2022,24,10.368646
11/30/2022,25,10.371731
11/30/2022,26,10.374816
11/30/2022,27,10.3779
11/30/2022,28,10.380985
11/30/2022,29,10.38407
11/30/2022,30,10.387155
11/30/2022,31,10.390239
11/30/2022,32,10.393324
11/30/2022,33,10.396409
11/30/2022,34,10.399493
11/30/2022,35,10.402578
11/30/2022,36,10.405663
11/30/2022,37,10.408748
11/30/2022,38,10.411832
11/30/2022,39,10.414917
11/30/2022,40,10.418002
11/30/2022,41,10.421086
11/30/2022,42,10.424171
11/30/2022,43,10.427256
11/30/2022,44,10.430341
11/30/2022,45,10.433425
11/30/2022,46,10.43651
11/30/2022,47,10.439595
11/30/2022,48,10.442679
11/30/2022,49,10.445764
11/30/2022,50,10.448849
11/30/2022,51,10.451934
11/30/2022,52,10.455018
11/30/2022,53,10.458103
11/30/2022,54,10.461188
11/30/2022,55,10.464272
11/30/2022,56,10.467357
11/30/2022,57,10.470442
11/30/2022,58,10.473527
11/30/2022,59,10.476611
11/30/2022,60,10.479696
11/30/2022,61,10.482781
11/30/2022,62,10.485865
11/30/2022,63,10.48895
11/30/2022,64,10.492035
11/30/2022,65,10.49512
11/30/2022,66,10.498204
11/30/2022,67,10.501289
11/30/2022,68,10.504374
11/30/2022,69,10.507458
11/30/2022,70,10.510543
11/30/2022,71,10.513628
11/30/2022,72,10.516713
11/30/2022,73,10.519797
11/30/2022,74,10.522882
11/30/2022,75,10.525967
11/30/2022,76,10.529052
11/30/2022,77,10.532136
11/30/2022,78,10.535221
11/30/2022,79,10.538306
11/30/2022,80,10.54139
11/30/2022,81,10.544475
11/30/2022,82,10.54756
11/30/2022,83,10.550645
11/30/2022,84,10.553729
11/30/2022,85,10.556814
11/30/2022,86,10.559899
11/30/2022,87,10.562983
11/30/2022,88,10.566068
11/30/2022,89,10.569153
11/30/2022,90,10.572238
11/30/2022,91,10.575322
11/30/2022,92,10.578407
11/30/2022,93,10.581492
11/30/2022,94,10.584576
11/30/2022,95,10.587661
11/30/2022,96,10.590746
11/30/2022,97,10.593831
11/30/2022,98,10.596915
11/30/2022,99,10.6
11/30/2022,100,10.600366
11/30/2022,101,10.600733
11/30/2022,102,10.601099
11/30/2022,103,10.601465
11/30/2022,104,10.601832
11/30/2022,105,10.602198
11/30/2022,106,10.602564
11/30/2022,107,10.60293
11/30/2022,108,10.603297
11/30/2022,109,10.603663
11/30/2022,110,10.604029
11/30/2022,111,10.604396
11/30/2022,112,10.604762
11/30/2022,113,10.605128
11/30/2022,114,10.605495
11/30/2022,115,10.605861
11/30/2022,116,10.606227
11/30/2022,117,10.606593
11/30/2022,118,10.60696
11/30/2022,119,10.607326
11/30/2022,120,10.607692
11/30/2022,121,10.608059
11/30/2022,122,10.608425
11/30/2022,123,10.608791
11/30/2022,124,10.609158
11/30/2022,125,10.609524
11/30/2022,126,10.60989
11/30/2022,127,10.610256
11/30/2022,128,10.610623
11/30/2022,129,10.610989
11/30/2022,130,10.611355
11/30/2022,131,10.611722
11/30/2022,132,10.612088
11/30/2022,133,10.612454
11/30/2022,134,10.612821
11/30/2022,135,10.613187
11/30/2022,136,10.613553
11/30/2022,137,10.613919
11/30/2022,138,10.614286
11/30/2022,139,10.614652
11/30/2022,140,10.615018
11/30/2022,141,10.615385
11/30/2022,142,10.615751
11/30/2022,143,10.616117
11/30/2022,144,10.616484
11/30/2022,145,10.61685
11/30/2022,146,10.617216
11/30/2022,147,10.617582
11/30/2022,148,10.617949
11/30/2022,149,10.618315
11/30/2022,150,10.618681
11/30/2022,151,10.619048
11/30/2022,152,10.619414
11/30/2022,153,10.61978
11/30/2022,154,10.620147
11/30/2022,155,10.620513
11/30/2022,156,10.620879
11/30/2022,157,10.621245
11/30/2022,158,10.621612
11/30/2022,159,10.621978
11/30/2022,160,10.622344
11/30/2022,161,10.622711
11/30/2022,162,10.623077
11/30/2022,163,10.623443
11/30/2022,164,10.62381
11/30/2022,165,10.624176
11/30/2022,166,10.624542
11/30/2022,167,10.624908
11/30/2022,168,10.625275
11/30/2022,169,10.625641
11/30/2022,170,10.626007
11/30/2022,171,10.626374
11/30/2022,172,10.62674
11/30/2022,173,10.627106
11/30/2022,174,10.627473
11/30/2022,175,10.627839
11/30/2022,176,10.628205
11/30/2022,177,10.628571
11/30/2022,178,10.628938
11/30/2022,179,10.629304
11/30/2022,180,10.62967
11/30/2022,181,10.630037
11/30/2022,182,10.630403
11/30/2022,183,10.630769
11/30/2022,184,10.631136
11/30/2022,185,10.631502
11/30/2022,186,10.631868
11/30/2022,187,10.632234
11/30/2022,188,10.632601
11/30/2022,189,10.632967
11/30/2022,190,10.633333
11/30/2022,191,10.6337
11/30/2022,192,10.634066
11/30/2022,193,10.634432
11/30/2022,194,10.634799
11/30/2022,195,10.635165
11/30/2022,196,10.635531
11/30/2022,197,10.635897
11/30/2022,198,10.636264
11/30/2022,199,10.63663
11/30/2022,200,10.636996
11/30/2022,201,10.637363
11/30/2022,202,10.637729
11/30/2022,203,10.638095
11/30/2022,204,10.638462
11/30/2022,205,10.638828
11/30/2022,206,10.639194
11/30/2022,207,10.63956
11/30/2022,208,10.639927
11/30/2022,209,10.640293
11/30/2022,210,10.640659
11/30/2022,211,10.641026
11/30/2022,212,10.641392
11/30/2022,213,10.641758
11/30/2022,214,10.642125
11/30/2022,215,10.642491
11/30/2022,216,10.642857
11/30/2022,217,10.643223
11/30/2022,218,10.64359
11/30/2022,219,10.643956
11/30/2022,220,10.644322
11/30/2022,221,10.644689
11/30/2022,222,10.645055
11/30/2022,223,10.645421
11/30/2022,224,10.645788
11/30/2022,225,10.646154
11/30/2022,226,10.64652
11/30/2022,227,10.646886
11/30/2022,228,10.647253
11/30/2022,229,10.647619
11/30/2022,230,10.647985
11/30/2022,231,10.648352
11/30/2022,232,10.648718
11/30/2022,233,10.649084
11/30/2022,234,10.649451
11/30/2022,235,10.649817
11/30/2022,236,10.650183
11/30/2022,237,10.650549
11/30/2022,238,10.650916
11/30/2022,239,10.651282
11/30/2022,240,10.651648
11/30/2022,241,10.652015
11/30/2022,242,10.652381
11/30/2022,243,10.652747
11/30/2022,244,10.653114
11/30/2022,245,10.65348
11/30/2022,246,10.653846
11/30/2022,247,10.654212
11/30/2022,248,10.654579
11/30/2022,249,10.654945
11/30/2022,250,10.655311
11/30/2022,251,10.655678
11/30/2022,252,10.656044
11/30/2022,253,10.65641
11/30/2022,254,10.656777
11/30/2022,255,10.657143
11/30/2022,256,10.657509
11/30/2022,257,10.657875
11/30/2022,258,10.658242
11/30/2022,259,10.658608
11/30/2022,260,10.658974
11/30/2022,261,10.659341
11/30/2022,262,10.659707
11/30/2022,263,10.660073
11/30/2022,264,10.66044
11/30/2022,265,10.660806
11/30/2022,266,10.661172
11/30/2022,267,10.661538
11/30/2022,268,10.661905
11/30/2022,269,10.662271
11/30/2022,270,10.662637
11/30/2022,271,10.663004
11/30/2022,272,10.66337
11/30/2022,273,10.663736
11/30/2022,274,10.664103
11/30/2022,275,10.664469
11/30/2022,276,10.664835
11/30/2022,277,10.665201
11/30/2022,278,10.665568
11/30/2022,279,10.665934
11/30/2022,280,10.6663
11/30/2022,281,10.666667
11/30/2022,282,10.667033
11/30/2022,283,10.667399
11/30/2022,284,10.667766
11/30/2022,285,10.668132
11/30/2022,286,10.668498
11/30/2022,287,10.668864
11/30/2022,288,10.669231
11/30/2022,289,10.669597
11/30/2022,290,10.669963
11/30/2022,291,10.67033
11/30/2022,292,10.670696
11/30/2022,293,10.671062
11/30/2022,294,10.671429
11/30/2022,295,10.671795
11/30/2022,296,10.672161
11/30/2022,297,10.672527
11/30/2022,298,10.672894
11/30/2022,299,10.67326
11/30/2022,300,10.673626
11/30/2022,301,10.673993
11/30/2022,302,10.674359
11/30/2022,303,10.674725
11/30/2022,304,10.675092
11/30/2022,305,10.675458
11/30/2022,306,10.675824
11/30/2022,307,10.67619
11/30/2022,308,10.676557
11/30/2022,309,10.676923
11/30/2022,310,10.677289
11/30/2022,311,10.677656
11/30/2022,312,10.678022
11/30/2022,313,10.678388
11/30/2022,314,10.678755
11/30/2022,315,10.679121
11/30/2022,316,10.679487
11/30/2022,317,10.679853
11/30/2022,318,10.68022
11/30/2022,319,10.680586
11/30/2022,320,10.680952
11/30/2022,321,10.681319
11/30/2022,322,10.681685
11/30/2022,323,10.682051
11/30/2022,324,10.682418
11/30/2022,325,10.682784
11/30/2022,326,10.68315
11/30/2022,327,10.683516
11/30/2022,328,10.683883
11/30/2022,329,10.684249
11/30/2022,330,10.684615
11/30/2022,331,10.684982
11/30/2022,332,10.685348
11/30/2022,333,10.685714
11/30/2022,334,10.686081
11/30/2022,335,10.686447
11/30/2022,336,10.686813
11/30/2022,337,10.687179
11/30/2022,338,10.687546
11/30/2022,339,10.687912
11/30/2022,340,10.688278
11/30/2022,341,10.688645
11/30/2022,342,10.689011
11/30/2022,343,10.689377
11/30/2022,344,10.689744
11/30/2022,345,10.69011
11/30/2022,346,10.690476
11/30/2022,347,10.690842
11/30/2022,348,10.691209
11/30/2022,349,10.691575
11/30/2022,350,10.691941
11/30/2022,351,10.692308
11/30/2022,352,10.692674
11/30/2022,353,10.69304
11/30/2022,354,10.693407
11/30/2022,355,10.693773
11/30/2022,356,10.694139
11/30/2022,357,10.694505
11/30/2022,358,10.694872
11/30/2022,359,10.695238
11/30/2022,360,10.695604
11/30/2022,361,10.695971
11/30/2022,362,10.696337
11/30/2022,363,10.696703
11/30/2022,364,10.69707
11/30/2022,365,10.697436
11/30/2022,366,10.697802
11/30/2022,367,10.698168
11/30/2022,368,10.698535
11/30/2022,369,10.698901
11/30/2022,370,10.699267
11/30/2022,371,10.699634
11/30/2022,372,10.7
11/30/2022,373,10.698498
11/30/2022,374,10.696996
11/30/2022,375,10.695495
11/30/2022,376,10.693993
11/30/2022,377,10.692491
11/30/2022,378,10.690989
11/30/2022,379,10.689487
11/30/2022,380,10.687985
11/30/2022,381,10.686484
11/30/2022,382,10.684982
11/30/2022,383,10.68348
11/30/2022,384,10.681978
11/30/2022,385,10.680476
11/30/2022,386,10.678974
11/30/2022,387,10.677473
11/30/2022,388,10.675971
11/30/2022,389,10.674469
11/30/2022,390,10.672967
11/30/2022,391,10.671465
11/30/2022,392,10.669963
11/30/2022,393,10.668462
11/30/2022,394,10.66696
11/30/2022,395,10.665458
11/30/2022,396,10.663956
11/30/2022,397,10.662454
11/30/2022,398,10.660952
11/30/2022,399,10.659451
11/30/2022,400,10.657949
11/30/2022,401,10.656447
11/30/2022,402,10.654945
11/30/2022,403,10.653443
11/30/2022,404,10.651941
11/30/2022,405,10.65044
11/30/2022,406,10.648938
11/30/2022,407,10.647436
11/30/2022,408,10.645934
11/30/2022,409,10.644432
11/30/2022,410,10.64293
11/30/2022,411,10.641429
11/30/2022,412,10.639927
11/30/2022,413,10.638425
11/30/2022,414,10.636923
11/30/2022,415,10.635421
11/30/2022,416,10.633919
11/30/2022,417,10.632418
11/30/2022,418,10.630916
11/30/2022,419,10.629414
11/30/2022,420,10.627912
11/30/2022,421,10.62641
11/30/2022,422,10.624908
11/30/2022,423,10.623407
11/30/2022,424,10.621905
11/30/2022,425,10.620403
11/30/2022,426,10.618901
11/30/2022,427,10.617399
11/30/2022,428,10.615897
11/30/2022,429,10.614396
11/30/2022,430,10.612894
11/30/2022,431,10.611392
11/30/2022,432,10.60989
11/30/2022,433,10.608388
11/30/2022,434,10.606886
11/30/2022,435,10.605385
11/30/2022,436,10.603883
11/30/2022,437,10.602381
11/30/2022,438,10.600879
11/30/2022,439,10.599377
11/30/2022,440,10.597875
11/30/2022,441,10.596374
11/30/2022,442,10.594872
11/30/2022,443,10.59337
11/30/2022,444,10.591868
11/30/2022,445,10.590366
11/30/2022,446,10.588864
11/30/2022,447,10.587363
11/30/2022,448,10.585861
11/30/2022,449,10.584359
11/30/2022,450,10.582857
11/30/2022,451,10.581355
11/30/2022,452,10.579853
11/30/2022,453,10.578352
11/30/2022,454,10.57685
11/30/2022,455,10.575348
11/30/2022,456,10.573846
11/30/2022,457,10.572344
11/30/2022,458,10.570842
11/30/2022,459,10.569341
11/30/2022,460,10.567839
11/30/2022,461,10.566337
11/30/2022,462,10.564835
11/30/2022,463,10.563333
11/30/2022,464,10.561832
11/30/2022,465,10.56033
11/30/2022,466,10.558828
11/30/2022,467,10.557326
11/30/2022,468,10.555824
11/30/2022,469,10.554322
11/30/2022,470,10.552821
11/30/2022,471,10.551319
11/30/2022,472,10.549817
11/30/2022,473,10.548315
11/30/2022,474,10.546813
11/30/2022,475,10.545311
11/30/2022,476,10.54381
11/30/2022,477,10.542308
11/30/2022,478,10.540806
11/30/2022,479,10.539304
11/30/2022,480,10.537802
11/30/2022,481,10.5363
11/30/2022,482,10.534799
11/30/2022,483,10.533297
11/30/2022,484,10.531795
11/30/2022,485,10.530293
11/30/2022,486,10.528791
11/30/2022,487,10.527289
11/30/2022,488,10.525788
11/30/2022,489,10.524286
11/30/2022,490,10.522784
11/30/2022,491,10.521282
11/30/2022,492,10.51978
11/30/2022,493,10.518278
11/30/2022,494,10.516777
11/30/2022,495,10.515275
11/30/2022,496,10.513773
11/30/2022,497,10.512271
11/30/2022,498,10.510769
11/30/2022,499,10.509267
11/30/2022,500,10.507766
11/30/2022,501,10.506264
11/30/2022,502,10.504762
11/30/2022,503,10.50326
11/30/2022,504,10.501758
11/30/2022,505,10.500256
11/30/2022,506,10.498755
11/30/2022,507,10.497253
11/30/2022,508,10.495751
11/30/2022,509,10.494249
11/30/2022,510,10.492747
11/30/2022,511,10.491245
11/30/2022,512,10.489744
11/30/2022,513,10.488242
11/30/2022,514,10.48674
11/30/2022,515,10.485238
11/30/2022,516,10.483736
11/30/2022,517,10.482234
11/30/2022,518,10.480733
11/30/2022,519,10.479231
11/30/2022,520,10.477729
11/30/2022,521,10.476227
11/30/2022,522,10.474725
11/30/2022,523,10.473223
11/30/2022,524,10.471722
11/30/2022,525,10.47022
11/30/2022,526,10.468718
11/30/2022,527,10.467216
11/30/2022,528,10.465714
11/30/2022,529,10.464212
11/30/2022,530,10.462711
11/30/2022,531,10.461209
11/30/2022,532,10.459707
11/30/2022,533,10.458205
11/30/2022,534,10.456703
11/30/2022,535,10.455201
11/30/2022,536,10.4537
11/30/2022,537,10.452198
11/30/2022,538,10.450696
11/30/2022,539,10.449194
11/30/2022,540,10.447692
11/30/2022,541,10.44619
11/30/2022,542,10.444689
11/30/2022,543,10.443187
11/30/2022,544,10.441685
11/30/2022,545,10.440183
11/30/2022,546,10.438681
11/30/2022,547,10.437179
11/30/2022,548,10.435678
11/30/2022,549,10.434176
11/30/2022,550,10.432674
11/30/2022,551,10.431172
11/30/2022,552,10.42967
11/30/2022,553,10.428168
11/30/2022,554,10.426667
11/30/2022,555,10.425165
11/30/2022,556,10.423663
11/30/2022,557,10.422161
11/30/2022,558,10.420659
11/30/2022,559,10.419158
11/30/2022,560,10.417656
11/30/2022,561,10.416154
11/30/2022,562,10.414652
11/30/2022,563,10.41315
11/30/2022,564,10.411648
11/30/2022,565,10.410147
11/30/2022,566,10.408645
11/30/2022,567,10.407143
11/30/2022,568,10.405641
11/30/2022,569,10.404139
11/30/2022,570,10.402637
11/30/2022,571,10.401136
11/30/2022,572,10.399634
11/30/2022,573,10.398132
11/30/2022,574,10.39663
11/30/2022,575,10.395128
11/30/2022,576,10.393626
11/30/2022,577,10.392125
11/30/2022,578,10.390623
11/30/2022,579,10.389121
11/30/2022,580,10.387619
11/30/2022,581,10.386117
11/30/2022,582,10.384615
11/30/2022,583,10.383114
11/30/2022,584,10.381612
11/30/2022,585,10.38011
11/30/2022,586,10.378608
11/30/2022,587,10.377106
11/30/2022,588,10.375604
11/30/2022,589,10.374103
11/30/2022,590,10.372601
11/30/2022,591,10.371099
11/30/2022,592,10.369597
11/30/2022,593,10.368095
11/30/2022,594,10.366593
11/30/2022,595,10.365092
11/30/2022,596,10.36359
11/30/2022,597,10.362088
11/30/2022,598,10.360586
11/30/2022,599,10.359084
11/30/2022,600,10.357582
11/30/2022,601,10.356081
11/30/2022,602,10.354579
11/30/2022,603,10.353077
11/30/2022,604,10.351575
11/30/2022,605,10.350073
11/30/2022,606,10.348571
11/30/2022,607,10.34707
11/30/2022,608,10.345568
11/30/2022,609,10.344066
11/30/2022,610,10.342564
11/30/2022,611,10.341062
11/30/2022,612,10.33956
11/30/2022,613,10.338059
11/30/2022,614,10.336557
11/30/2022,615,10.335055
11/30/2022,616,10.333553
11/30/2022,617,10.332051
11/30/2022,618,10.330549
11/30/2022,619,10.329048
11/30/2022,620,10.327546
11/30/2022,621,10.326044
11/30/2022,622,10.324542
11/30/2022,623,10.32304
11/30/2022,624,10.321538
11/30/2022,625,10.320037
11/30/2022,626,10.318535
11/30/2022,627,10.317033
11/30/2022,628,10.315531
11/30/2022,629,10.314029
11/30/2022,630,10.312527
11/30/2022,631,10.311026
11/30/2022,632,10.309524
11/30/2022,633,10.308022
11/30/2022,634,10.30652
11/30/2022,635,10.305018
11/30/2022,636,10.303516
11/30/2022,637,10.302015
11/30/2022,638,10.300513
11/30/2022,639,10.299011
11/30/2022,640,10.297509
11/30/2022,641,10.296007
11/30/2022,642,10.294505
11/30/2022,643,10.293004
11/30/2022,644,10.291502
11/30/2022,645,10.29
11/30/2022,646,10.288791
11/30/2022,647,10.287582
11/30/2022,648,10.286374
11/30/2022,649,10.285165
11/30/2022,650,10.283956
11/30/2022,651,10.282747
11/30/2022,652,10.281538
11/30/2022,653,10.28033
11/30/2022,654,10.279121
11/30/2022,655,10.277912
11/30/2022,656,10.276703
11/30/2022,657,10.275495
11/30/2022,658,10.274286
11/30/2022,659,10.273077
11/30/2022,660,10.271868
11/30/2022,661,10.270659
11/30/2022,662,10.269451
11/30/2022,663,10.268242
11/30/2022,664,10.267033
11/30/2022,665,10.265824
11/30/2022,666,10.264615
11/30/2022,667,10.263407
11/30/2022,668,10.262198
11/30/2022,669,10.260989
11/30/2022,670,10.25978
11/30/2022,671,10.258571
11/30/2022,672,10.257363
11/30/2022,673,10.256154
11/30/2022,674,10.254945
11/30/2022,675,10.253736
11/30/2022,676,10.252527
11/30/2022,677,10.251319
11/30/2022,678,10.25011
11/30/2022,679,10.248901
11/30/2022,680,10.247692
11/30/2022,681,10.246484
11/30/2022,682,10.245275
11/30/2022,683,10.244066
11/30/2022,684,10.242857
11/30/2022,685,10.241648
11/30/2022,686,10.24044
11/30/2022,687,10.239231
11/30/2022,688,10.238022
11/30/2022,689,10.236813
11/30/2022,690,10.235604
11/30/2022,691,10.234396
11/30/2022,692,10.233187
11/30/2022,693,10.231978
11/30/2022,694,10.230769
11/30/2022,695,10.22956
11/30/2022,696,10.228352
11/30/2022,697,10.227143
11/30/2022,698,10.225934
11/30/2022,699,10.224725
11/30/2022,700,10.223516
11/30/2022,701,10.222308
11/30/2022,702,10.221099
11/30/2022,703,10.21989
11/30/2022,704,10.218681
11/30/2022,705,10.217473
11/30/2022,706,10.216264
11/30/2022,707,10.215055
11/30/2022,708,10.213846
11/30/2022,709,10.212637
11/30/2022,710,10.211429
11/30/2022,711,10.21022
11/30/2022,712,10.209011
11/30/2022,713,10.207802
11/30/2022,714,10.206593
11/30/2022,715,10.205385
11/30/2022,716,10.204176
11/30/2022,717,10.202967
11/30/2022,718,10.201758
11/30/2022,719,10.200549
11/30/2022,720,10.199341
11/30/2022,721,10.198132
11/30/2022,722,10.196923
11/30/2022,723,10.195714
11/30/2022,724,10.194505
11/30/2022,725,10.193297
11/30/2022,726,10.192088
11/30/2022,727,10.190879
11/30/2022,728,10.18967
11/30/2022,729,10.188462
11/30/2022,730,10.187253
11/30/2022,731,10.186044
11/30/2022,732,10.184835
11/30/2022,733,10.183626
11/30/2022,734,10.182418
11/30/2022,735,10.181209
11/30/2022,736,10.18
11/30/2022,737,10.179121
11/30/2022,738,10.178242
11/30/2022,739,10.177363
11/30/2022,740,10.176484
11/30/2022,741,10.175604
11/30/2022,742,10.174725
11/30/2022,743,10.173846
11/30/2022,744,10.172967
11/30/2022,745,10.172088
11/30/2022,746,10.171209
11/30/2022,747,10.17033
11/30/2022,748,10.169451
11/30/2022,749,10.168571
11/30/2022,750,10.167692
11/30/2022,751,10.166813
11/30/2022,752,10.165934
11/30/2022,753,10.165055
11/30/2022,754,10.164176
11/30/2022,755,10.163297
11/30/2022,756,10.162418
11/30/2022,757,10.161538
11/30/2022,758,10.160659
11/30/2022,759,10.15978
11/30/2022,760,10.158901
11/30/2022,761,10.158022
11/30/2022,762,10.157143
11/30/2022,763,10.156264
11/30/2022,764,10.155385
11/30/2022,765,10.154505
11/30/2022,766,10.153626
11/30/2022,767,10.152747
11/30/2022,768,10.151868
11/30/2022,769,10.150989
11/30/2022,770,10.15011
11/30/2022,771,10.149231
11/30/2022,772,10.148352
11/30/2022,773,10.147473
11/30/2022,774,10.146593
11/30/2022,775,10.145714
11/30/2022,776,10.144835
11/30/2022,777,10.143956
11/30/2022,778,10.143077
11/30/2022,779,10.142198
11/30/2022,780,10.141319
11/30/2022,781,10.14044
11/30/2022,782,10.13956
11/30/2022,783,10.138681
11/30/2022,784,10.137802
11/30/2022,785,10.136923
11/30/2022,786,10.136044
11/30/2022,787,10.135165
11/30/2022,788,10.134286
11/30/2022,789,10.133407
11/30/2022,790,10.132527
11/30/2022,791,10.131648
11/30/2022,792,10.130769
11/30/2022,793,10.12989
11/30/2022,794,10.129011
11/30/2022,795,10.128132
11/30/2022,796,10.127253
11/30/2022,797,10.126374
11/30/2022,798,10.125495
11/30/2022,799,10.124615
11/30/2022,800,10.123736
11/30/2022,801,10.122857
11/30/2022,802,10.121978
11/30/2022,803,10.121099
11/30/2022,804,10.12022
11/30/2022,805,10.119341
11/30/2022,806,10.118462
11/30/2022,807,10.117582
11/30/2022,808,10.116703
11/30/2022,809,10.115824
11/30/2022,810,10.114945
11/30/2022,811,10.114066
11/30/2022,812,10.113187
11/30/2022,813,10.112308
11/30/2022,814,10.111429
11/30/2022,815,10.110549
11/30/2022,816,10.10967
11/30/2022,817,10.108791
11/30/2022,818,10.107912
11/30/2022,819,10.107033
11/30/2022,820,10.106154
11/30/2022,821,10.105275
11/30/2022,822,10.104396
11/30/2022,823,10.103516
11/30/2022,824,10.102637
11/30/2022,825,10.101758
11/30/2022,826,10.100879
11/30/2022,827,10.1
11/30/2022,828,10.098599
11/30/2022,829,10.097198
11/30/2022,830,10.095797
11/30/2022,831,10.094396
11/30/2022,832,10.092995
11/30/2022,833,10.091593
11/30/2022,834,10.090192
11/30/2022,835,10.088791
11/30/2022,836,10.08739
11/30/2022,837,10.085989
11/30/2022,838,10.084588
11/30/2022,839,10.083187
11/30/2022,840,10.081786
11/30/2022,841,10.080385
11/30/2022,842,10.078984
11/30/2022,843,10.077582
11/30/2022,844,10.076181
11/30/2022,845,10.07478
11/30/2022,846,10.073379
11/30/2022,847,10.071978
11/30/2022,848,10.070577
11/30/2022,849,10.069176
11/30/2022,850,10.067775
11/30/2022,851,10.066374
11/30/2022,852,10.064973
11/30/2022,853,10.063571
11/30/2022,854,10.06217
11/30/2022,855,10.060769
11/30/2022,856,10.059368
11/30/2022,857,10.057967
11/30/2022,858,10.056566
11/30/2022,859,10.055165
11/30/2022,860,10.053764
11/30/2022,861,10.052363
11/30/2022,862,10.050962
11/30/2022,863,10.04956
11/30/2022,864,10.048159
11/30/2022,865,10.046758
11/30/2022,866,10.045357
11/30/2022,867,10.043956
11/30/2022,868,10.042555
11/30/2022,869,10.041154
11/30/2022,870,10.039753
11/30/2022,871,10.038352
11/30/2022,872,10.036951
11/30/2022,873,10.035549
11/30/2022,874,10.034148
11/30/2022,875,10.032747
11/30/2022,876,10.031346
11/30/2022,877,10.029945
11/30/2022,878,10.028544
11/30/2022,879,10.027143
11/30/2022,880,10.025742
11/30/2022,881,10.024341
11/30/2022,882,10.02294
11/30/2022,883,10.021538
11/30/2022,884,10.020137
11/30/2022,885,10.018736
11/30/2022,886,10.017335
11/30/2022,887,10.015934
11/30/2022,888,10.014533
11/30/2022,889,10.013132
11/30/2022,890,10.011731
11/30/2022,891,10.01033
11/30/2022,892,10.008929
11/30/2022,893,10.007527
11/30/2022,894,10.006126
11/30/2022,895,10.004725
11/30/2022,896,10.003324
11/30/2022,897,10.001923
11/30/2022,898,10.000522
11/30/2022,899,9.999121
11/30/2022,900,9.99772
11/30/2022,901,9.996319
11/30/2022,902,9.994918
11/30/2022,903,9.993516
11/30/2022,904,9.992115
11/30/2022,905,9.990714
11/30/2022,906,9.989313
11/30/2022,907,9.987912
11/30/2022,908,9.986511
11/30/2022,909,9.98511
11/30/2022,910,9.983709
11/30/2022,911,9.982308
11/30/2022,912,9.980907
11/30/2022,913,9.979505
11/30/2022,914,9.978104
11/30/2022,915,9.976703
11/30/2022,916,9.975302
11/30/2022,917,9.973901
11/30/2022,918,9.9725
11/30/2022,919,9.971099
11/30/2022,920,9.969698
11/30/2022,921,9.968297
11/30/2022,922,9.966896
11/30/2022,923,9.965495
11/30/2022,924,9.964093
11/30/2022,925,9.962692
11/30/2022,926,9.961291
11/30/2022,927,9.95989
11/30/2022,928,9.958489
11/30/2022,929,9.957088
11/30/2022,930,9.955687
11/30/2022,931,9.954286
11/30/2022,932,9.952885
11/30/2022,933,9.951484
11/30/2022,934,9.950082
11/30/2022,935,9.948681
11/30/2022,936,9.94728
11/30/2022,937,9.945879
11/30/2022,938,9.944478
11/30/2022,939,9.943077
11/30/2022,940,9.941676
11/30/2022,941,9.940275
11/30/2022,942,9.938874
11/30/2022,943,9.937473
11/30/2022,944,9.936071
11/30/2022,945,9.93467
11/30/2022,946,9.933269
11/30/2022,947,9.931868
11/30/2022,948,9.930467
11/30/2022,949,9.929066
11/30/2022,950,9.927665
11/30/2022,951,9.926264
11/30/2022,952,9.924863
11/30/2022,953,9.923462
11/30/2022,954,9.92206
11/30/2022,955,9.920659
11/30/2022,956,9.919258
11/30/2022,957,9.917857
11/30/2022,958,9.916456
11/30/2022,959,9.915055
11/30/2022,960,9.913654
11/30/2022,961,9.912253
11/30/2022,962,9.910852
11/30/2022,963,9.909451
11/30/2022,964,9.908049
11/30/2022,965,9.906648
11/30/2022,966,9.905247
11/30/2022,967,9.903846
11/30/2022,968,9.902445
11/30/2022,969,9.901044
11/30/2022,970,9.899643
11/30/2022,971,9.898242
11/30/2022,972,9.896841
11/30/2022,973,9.89544
11/30/2022,974,9.894038
11/30/2022,975,9.892637
11/30/2022,976,9.891236
11/30/2022,977,9.889835
11/30/2022,978,9.888434
11/30/2022,979,9.887033
11/30/2022,980,9.885632
11/30/2022,981,9.884231
11/30/2022,982,9.88283
11/30/2022,983,9.881429
11/30/2022,984,9.880027
11/30/2022,985,9.878626
11/30/2022,986,9.877225
11/30/2022,987,9.875824
11/30/2022,988,9.874423
11/30/2022,989,9.873022
11/30/2022,990,9.871621
11/30/2022,991,9.87022
11/30/2022,992,9.868819
11/30/2022,993,9.867418
11/30/2022,994,9.866016
11/30/2022,995,9.864615
11/30/2022,996,9.863214
11/30/2022,997,9.861813
11/30/2022,998,9.860412
11/30/2022,999,9.859011
11/30/2022,1000,9.85761
11/30/2022,1001,9.856209
11/30/2022,1002,9.854808
11/30/2022,1003,9.853407
11/30/2022,1004,9.852005
11/30/2022,1005,9.850604
11/30/2022,1006,9.849203
11/30/2022,1007,9.847802
11/30/2022,1008,9.846401
11/30/2022,1009,9.845
11/30/2022,1010,9.843599
11/30/2022,1011,9.842198
11/30/2022,1012,9.840797
11/30/2022,1013,9.839396
11/30/2022,1014,9.837995
11/30/2022,1015,9.836593
11/30/2022,1016,9.835192
11/30/2022,1017,9.833791
11/30/2022,1018,9.83239
11/30/2022,1019,9.830989
11/30/2022,1020,9.829588
11/30/2022,1021,9.828187
11/30/2022,1022,9.826786
11/30/2022,1023,9.825385
11/30/2022,1024,9.823984
11/30/2022,1025,9.822582
11/30/2022,1026,9.821181
11/30/2022,1027,9.81978
11/30/2022,1028,9.818379
11/30/2022,1029,9.816978
11/30/2022,1030,9.815577
11/30/2022,1031,9.814176
11/30/2022,1032,9.812775
11/30/2022,1033,9.811374
11/30/2022,1034,9.809973
11/30/2022,1035,9.808571
11/30/2022,1036,9.80717
11/30/2022,1037,9.805769
11/30/2022,1038,9.804368
11/30/2022,1039,9.802967
11/30/2022,1040,9.801566
11/30/2022,1041,9.800165
11/30/2022,1042,9.798764
11/30/2022,1043,9.797363
11/30/2022,1044,9.795962
11/30/2022,1045,9.79456
11/30/2022,1046,9.793159
11/30/2022,1047,9.791758
11/30/2022,1048,9.790357
11/30/2022,1049,9.788956
11/30/2022,1050,9.787555
11/30/2022,1051,9.786154
11/30/2022,1052,9.784753
11/30/2022,1053,9.783352
11/30/2022,1054,9.781951
11/30/2022,1055,9.780549
11/30/2022,1056,9.779148
11/30/2022,1057,9.777747
11/30/2022,1058,9.776346
11/30/2022,1059,9.774945
11/30/2022,1060,9.773544
11/30/2022,1061,9.772143
11/30/2022,1062,9.770742
11/30/2022,1063,9.769341
11/30/2022,1064,9.76794
11/30/2022,1065,9.766538
11/30/2022,1066,9.765137
11/30/2022,1067,9.763736
11/30/2022,1068,9.762335
11/30/2022,1069,9.760934
11/30/2022,1070,9.759533
11/30/2022,1071,9.758132
11/30/2022,1072,9.756731
11/30/2022,1073,9.75533
11/30/2022,1074,9.753929
11/30/2022,1075,9.752527
11/30/2022,1076,9.751126
11/30/2022,1077,9.749725
11/30/2022,1078,9.748324
11/30/2022,1079,9.746923
11/30/2022,1080,9.745522
11/30/2022,1081,9.744121
11/30/2022,1082,9.74272
11/30/2022,1083,9.741319
11/30/2022,1084,9.739918
11/30/2022,1085,9.738516
11/30/2022,1086,9.737115
11/30/2022,1087,9.735714
11/30/2022,1088,9.734313
11/30/2022,1089,9.732912
11/30/2022,1090,9.731511
11/30/2022,1091,9.73011
11/30/2022,1092,9.728709
11/30/2022,1093,9.727308
11/30/2022,1094,9.725907
11/30/2022,1095,9.724505
11/30/2022,1096,9.723104
11/30/2022,1097,9.721703
11/30/2022,1098,9.720302
11/30/2022,1099,9.718901
11/30/2022,1100,9.7175
11/30/2022,1101,9.716099
11/30/2022,1102,9.714698
11/30/2022,1103,9.713297
11/30/2022,1104,9.711896
11/30/2022,1105,9.710495
11/30/2022,1106,9.709093
11/30/2022,1107,9.707692
11/30/2022,1108,9.706291
11/30/2022,1109,9.70489
11/30/2022,1110,9.703489
11/30/2022,1111,9.702088
11/30/2022,1112,9.700687
11/30/2022,1113,9.699286
11/30/2022,1114,9.697885
11/30/2022,1115,9.696484
11/30/2022,1116,9.695082
11/30/2022,1117,9.693681
11/30/2022,1118,9.69228
11/30/2022,1119,9.690879
11/30/2022,1120,9.689478
11/30/2022,1121,9.688077
11/30/2022,1122,9.686676
11/30/2022,1123,9.685275
11/30/2022,1124,9.683874
11/30/2022,1125,9.682473
11/30/2022,1126,9.681071
11/30/2022,1127,9.67967
11/30/2022,1128,9.678269
11/30/2022,1129,9.676868
11/30/2022,1130,9.675467
11/30/2022,1131,9.674066
11/30/2022,1132,9.672665
11/30/2022,1133,9.671264
11/30/2022,1134,9.669863
11/30/2022,1135,9.668462
11/30/2022,1136,9.66706
11/30/2022,1137,9.665659
11/30/2022,1138,9.664258
11/30/2022,1139,9.662857
11/30/2022,1140,9.661456
11/30/2022,1141,9.660055
11/30/2022,1142,9.658654
11/30/2022,1143,9.657253
11/30/2022,1144,9.655852
11/30/2022,1145,9.654451
11/30/2022,1146,9.653049
11/30/2022,1147,9.651648
11/30/2022,1148,9.650247
11/30/2022,1149,9.648846
11/30/2022,1150,9.647445
11/30/2022,1151,9.646044
11/30/2022,1152,9.644643
11/30/2022,1153,9.643242
11/30/2022,1154,9.641841
11/30/2022,1155,9.64044
11/30/2022,1156,9.639038
11/30/2022,1157,9.637637
11/30/2022,1158,9.636236
11/30/2022,1159,9.634835
11/30/2022,1160,9.633434
11/30/2022,1161,9.632033
11/30/2022,1162,9.630632
11/30/2022,1163,9.629231
11/30/2022,1164,9.62783
11/30/2022,1165,9.626429
11/30/2022,1166,9.625027
11/30/2022,1167,9.623626
11/30/2022,1168,9.622225
11/30/2022,1169,9.620824
11/30/2022,1170,9.619423
11/30/2022,1171,9.618022
11/30/2022,1172,9.616621
11/30/2022,1173,9.61522
11/30/2022,1174,9.613819
11/30/2022,1175,9.612418
11/30/2022,1176,9.611016
11/30/2022,1177,9.609615
11/30/2022,1178,9.608214
11/30/2022,1179,9.606813
11/30/2022,1180,9.605412
11/30/2022,1181,9.604011
11/30/2022,1182,9.60261
11/30/2022,1183,9.601209
11/30/2022,1184,9.599808
11/30/2022,1185,9.598407
11/30/2022,1186,9.597005
11/30/2022,1187,9.595604
11/30/2022,1188,9.594203
11/30/2022,1189,9.592802
11/30/2022,1190,9.591401
11/30/2022,1191,9.59
11/30/2022,1192,9.589258
11/30/2022,1193,9.588516
11/30/2022,1194,9.587775
11/30/2022,1195,9.587033
11/30/2022,1196,9.586291
11/30/2022,1197,9.585549
11/30/2022,1198,9.584808
11/30/2022,1199,9.584066
11/30/2022,1200,9.583324
11/30/2022,1201,9.582582
11/30/2022,1202,9.581841
11/30/2022,1203,9.581099
11/30/2022,1204,9.580357
11/30/2022,1205,9.579615
11/30/2022,1206,9.578874
11/30/2022,1207,9.578132
11/30/2022,1208,9.57739
11/30/2022,1209,9.576648
11/30/2022,1210,9.575907
11/30/2022,1211,9.575165
11/30/2022,1212,9.574423
11/30/2022,1213,9.573681
11/30/2022,1214,9.57294
11/30/2022,1215,9.572198
11/30/2022,1216,9.571456
11/30/2022,1217,9.570714
11/30/2022,1218,9.569973
11/30/2022,1219,9.569231
11/30/2022,1220,9.568489
11/30/2022,1221,9.567747
11/30/2022,1222,9.567005
11/30/2022,1223,9.566264
11/30/2022,1224,9.565522
11/30/2022,1225,9.56478
11/30/2022,1226,9.564038
11/30/2022,1227,9.563297
11/30/2022,1228,9.562555
11/30/2022,1229,9.561813
11/30/2022,1230,9.561071
11/30/2022,1231,9.56033
11/30/2022,1232,9.559588
11/30/2022,1233,9.558846
11/30/2022,1234,9.558104
11/30/2022,1235,9.557363
11/30/2022,1236,9.556621
11/30/2022,1237,9.555879
11/30/2022,1238,9.555137
11/30/2022,1239,9.554396
11/30/2022,1240,9.553654
11/30/2022,1241,9.552912
11/30/2022,1242,9.55217
11/30/2022,1243,9.551429
11/30/2022,1244,9.550687
11/30/2022,1245,9.549945
11/30/2022,1246,9.549203
11/30/2022,1247,9.548462
11/30/2022,1248,9.54772
11/30/2022,1249,9.546978
11/30/2022,1250,9.546236
11/30/2022,1251,9.545495
11/30/2022,1252,9.544753
11/30/2022,1253,9.544011
11/30/2022,1254,9.543269
11/30/2022,1255,9.542527
11/30/2022,1256,9.541786
11/30/2022,1257,9.541044
11/30/2022,1258,9.540302
11/30/2022,1259,9.53956
11/30/2022,1260,9.538819
11/30/2022,1261,9.538077
11/30/2022,1262,9.537335
11/30/2022,1263,9.536593
11/30/2022,1264,9.535852
11/30/2022,1265,9.53511
11/30/2022,1266,9.534368
11/30/2022,1267,9.533626
11/30/2022,1268,9.532885
11/30/2022,1269,9.532143
11/30/2022,1270,9.531401
11/30/2022,1271,9.530659
11/30/2022,1272,9.529918
11/30/2022,1273,9.529176
11/30/2022,1274,9.528434
11/30/2022,1275,9.527692
11/30/2022,1276,9.526951
11/30/2022,1277,9.526209
11/30/2022,1278,9.525467
11/30/2022,1279,9.524725
11/30/2022,1280,9.523984
11/30/2022,1281,9.523242
11/30/2022,1282,9.5225
11/30/2022,1283,9.521758
11/30/2022,1284,9.521016
11/30/2022,1285,9.520275
11/30/2022,1286,9.519533
11/30/2022,1287,9.518791
11/30/2022,1288,9.518049
11/30/2022,1289,9.517308
11/30/2022,1290,9.516566
11/30/2022,1291,9.515824
11/30/2022,1292,9.515082
11/30/2022,1293,9.514341
11/30/2022,1294,9.513599
11/30/2022,1295,9.512857
11/30/2022,1296,9.512115
11/30/2022,1297,9.511374
11/30/2022,1298,9.510632
11/30/2022,1299,9.50989
11/30/2022,1300,9.509148
11/30/2022,1301,9.508407
11/30/2022,1302,9.507665
11/30/2022,1303,9.506923
11/30/2022,1304,9.506181
11/30/2022,1305,9.50544
11/30/2022,1306,9.504698
11/30/2022,1307,9.503956
11/30/2022,1308,9.503214
11/30/2022,1309,9.502473
11/30/2022,1310,9.501731
11/30/2022,1311,9.500989
11/30/2022,1312,9.500247
11/30/2022,1313,9.499505
11/30/2022,1314,9.498764
11/30/2022,1315,9.498022
11/30/2022,1316,9.49728
11/30/2022,1317,9.496538
11/30/2022,1318,9.495797
11/30/2022,1319,9.495055
11/30/2022,1320,9.494313
11/30/2022,1321,9.493571
11/30/2022,1322,9.49283
11/30/2022,1323,9.492088
11/30/2022,1324,9.491346
11/30/2022,1325,9.490604
11/30/2022,1326,9.489863
11/30/2022,1327,9.489121
11/30/2022,1328,9.488379
11/30/2022,1329,9.487637
11/30/2022,1330,9.486896
11/30/2022,1331,9.486154
11/30/2022,1332,9.485412
11/30/2022,1333,9.48467
11/30/2022,1334,9.483929
11/30/2022,1335,9.483187
11/30/2022,1336,9.482445
11/30/2022,1337,9.481703
11/30/2022,1338,9.480962
11/30/2022,1339,9.48022
11/30/2022,1340,9.479478
11/30/2022,1341,9.478736
11/30/2022,1342,9.477995
11/30/2022,1343,9.477253
11/30/2022,1344,9.476511
11/30/2022,1345,9.475769
11/30/2022,1346,9.475027
11/30/2022,1347,9.474286
11/30/2022,1348,9.473544
11/30/2022,1349,9.472802
11/30/2022,1350,9.47206
11/30/2022,1351,9.471319
11/30/2022,1352,9.470577
11/30/2022,1353,9.469835
11/30/2022,1354,9.469093
11/30/2022,1355,9.468352
11/30/2022,1356,9.46761
11/30/2022,1357,9.466868
11/30/2022,1358,9.466126
11/30/2022,1359,9.465385
11/30/2022,1360,9.464643
11/30/2022,1361,9.463901
11/30/2022,1362,9.463159
11/30/2022,1363,9.462418
11/30/2022,1364,9.461676
11/30/2022,1365,9.460934
11/30/2022,1366,9.460192
11/30/2022,1367,9.459451
11/30/2022,1368,9.458709
11/30/2022,1369,9.457967
11/30/2022,1370,9.457225
11/30/2022,1371,9.456484
11/30/2022,1372,9.455742
11/30/2022,1373,9.455
11/30/2022,1374,9.454258
11/30/2022,1375,9.453516
11/30/2022,1376,9.452775
11/30/2022,1377,9.452033
11/30/2022,1378,9.451291
11/30/2022,1379,9.450549
11/30/2022,1380,9.449808
11/30/2022,1381,9.449066
11/30/2022,1382,9.448324
11/30/2022,1383,9.447582
11/30/2022,1384,9.446841
11/30/2022,1385,9.446099
11/30/2022,1386,9.445357
11/30/2022,1387,9.444615
11/30/2022,1388,9.443874
11/30/2022,1389,9.443132
11/30/2022,1390,9.44239
11/30/2022,1391,9.441648
11/30/2022,1392,9.440907
11/30/2022,1393,9.440165
11/30/2022,1394,9.439423
11/30/2022,1395,9.438681
11/30/2022,1396,9.43794
11/30/2022,1397,9.437198
11/30/2022,1398,9.436456
11/30/2022,1399,9.435714
11/30/2022,1400,9.434973
11/30/2022,1401,9.434231
11/30/2022,1402,9.433489
11/30/2022,1403,9.432747
11/30/2022,1404,9.432005
11/30/2022,1405,9.431264
11/30/2022,1406,9.430522
11/30/2022,1407,9.42978
11/30/2022,1408,9.429038
11/30/2022,1409,9.428297
11/30/2022,1410,9.427555
11/30/2022,1411,9.426813
11/30/2022,1412,9.426071
11/30/2022,1413,9.42533
11/30/2022,1414,9.424588
11/30/2022,1415,9.423846
11/30/2022,1416,9.423104
11/30/2022,1417,9.422363
11/30/2022,1418,9.421621
11/30/2022,1419,9.420879
11/30/2022,1420,9.420137
11/30/2022,1421,9.419396
11/30/2022,1422,9.418654
11/30/2022,1423,9.417912
11/30/2022,1424,9.41717
11/30/2022,1425,9.416429
11/30/2022,1426,9.415687
11/30/2022,1427,9.414945
11/30/2022,1428,9.414203
11/30/2022,1429,9.413462
11/30/2022,1430,9.41272
11/30/2022,1431,9.411978
11/30/2022,1432,9.411236
11/30/2022,1433,9.410495
11/30/2022,1434,9.409753
11/30/2022,1435,9.409011
11/30/2022,1436,9.408269
11/30/2022,1437,9.407527
11/30/2022,1438,9.406786
11/30/2022,1439,9.406044
11/30/2022,1440,9.405302
11/30/2022,1441,9.40456
11/30/2022,1442,9.403819
11/30/2022,1443,9.403077
11/30/2022,1444,9.402335
11/30/2022,1445,9.401593
11/30/2022,1446,9.400852
11/30/2022,1447,9.40011
11/30/2022,1448,9.399368
11/30/2022,1449,9.398626
11/30/2022,1450,9.397885
11/30/2022,1451,9.397143
11/30/2022,1452,9.396401
11/30/2022,1453,9.395659
11/30/2022,1454,9.394918
11/30/2022,1455,9.394176
11/30/2022,1456,9.393434
11/30/2022,1457,9.392692
11/30/2022,1458,9.391951
11/30/2022,1459,9.391209
11/30/2022,1460,9.390467
11/30/2022,1461,9.389725
11/30/2022,1462,9.388984
11/30/2022,1463,9.388242
11/30/2022,1464,9.3875
11/30/2022,1465,9.386758
11/30/2022,1466,9.386016
11/30/2022,1467,9.385275
11/30/2022,1468,9.384533
11/30/2022,1469,9.383791
11/30/2022,1470,9.383049
11/30/2022,1471,9.382308
11/30/2022,1472,9.381566
11/30/2022,1473,9.380824
11/30/2022,1474,9.380082
11/30/2022,1475,9.379341
11/30/2022,1476,9.378599
11/30/2022,1477,9.377857
11/30/2022,1478,9.377115
11/30/2022,1479,9.376374
11/30/2022,1480,9.375632
11/30/2022,1481,9.37489
11/30/2022,1482,9.374148
11/30/2022,1483,9.373407
11/30/2022,1484,9.372665
11/30/2022,1485,9.371923
11/30/2022,1486,9.371181
11/30/2022,1487,9.37044
11/30/2022,1488,9.369698
11/30/2022,1489,9.368956
11/30/2022,1490,9.368214
11/30/2022,1491,9.367473
11/30/2022,1492,9.366731
11/30/2022,1493,9.365989
11/30/2022,1494,9.365247
11/30/2022,1495,9.364505
11/30/2022,1496,9.363764
11/30/2022,1497,9.363022
11/30/2022,1498,9.36228
11/30/2022,1499,9.361538
11/30/2022,1500,9.360797
11/30/2022,1501,9.360055
11/30/2022,1502,9.359313
11/30/2022,1503,9.358571
11/30/2022,1504,9.35783
11/30/2022,1505,9.357088
11/30/2022,1506,9.356346
11/30/2022,1507,9.355604
11/30/2022,1508,9.354863
11/30/2022,1509,9.354121
11/30/2022,1510,9.353379
11/30/2022,1511,9.352637
11/30/2022,1512,9.351896
11/30/2022,1513,9.351154
11/30/2022,1514,9.350412
11/30/2022,1515,9.34967
11/30/2022,1516,9.348929
11/30/2022,1517,9.348187
11/30/2022,1518,9.347445
11/30/2022,1519,9.346703
11/30/2022,1520,9.345962
11/30/2022,1521,9.34522
11/30/2022,1522,9.344478
11/30/2022,1523,9.343736
11/30/2022,1524,9.342995
11/30/2022,1525,9.342253
11/30/2022,1526,9.341511
11/30/2022,1527,9.340769
11/30/2022,1528,9.340027
11/30/2022,1529,9.339286
11/30/2022,1530,9.338544
11/30/2022,1531,9.337802
11/30/2022,1532,9.33706
11/30/2022,1533,9.336319
11/30/2022,1534,9.335577
11/30/2022,1535,9.334835
11/30/2022,1536,9.334093
11/30/2022,1537,9.333352
11/30/2022,1538,9.33261
11/30/2022,1539,9.331868
11/30/2022,1540,9.331126
11/30/2022,1541,9.330385
11/30/2022,1542,9.329643
11/30/2022,1543,9.328901
11/30/2022,1544,9.328159
11/30/2022,1545,9.327418
11/30/2022,1546,9.326676
11/30/2022,1547,9.325934
11/30/2022,1548,9.325192
11/30/2022,1549,9.324451
11/30/2022,1550,9.323709
11/30/2022,1551,9.322967
11/30/2022,1552,9.322225
11/30/2022,1553,9.321484
11/30/2022,1554,9.320742
11/30/2022,1555,9.32
11/30/2022,1556,9.319451
11/30/2022,1557,9.318901
11/30/2022,1558,9.318352
11/30/2022,1559,9.317802
11/30/2022,1560,9.317253
11/30/2022,1561,9.316703
11/30/2022,1562,9.316154
11/30/2022,1563,9.315604
11/30/2022,1564,9.315055
11/30/2022,1565,9.314505
11/30/2022,1566,9.313956
11/30/2022,1567,9.313407
11/30/2022,1568,9.312857
11/30/2022,1569,9.312308
11/30/2022,1570,9.311758
11/30/2022,1571,9.311209
11/30/2022,1572,9.310659
11/30/2022,1573,9.31011
11/30/2022,1574,9.30956
11/30/2022,1575,9.309011
11/30/2022,1576,9.308462
11/30/2022,1577,9.307912
11/30/2022,1578,9.307363
11/30/2022,1579,9.306813
11/30/2022,1580,9.306264
11/30/2022,1581,9.305714
11/30/2022,1582,9.305165
11/30/2022,1583,9.304615
11/30/2022,1584,9.304066
11/30/2022,1585,9.303516
11/30/2022,1586,9.302967
11/30/2022,1587,9.302418
11/30/2022,1588,9.301868
11/30/2022,1589,9.301319
11/30/2022,1590,9.300769
11/30/2022,1591,9.30022
11/30/2022,1592,9.29967
11/30/2022,1593,9.299121
11/30/2022,1594,9.298571
11/30/2022,1595,9.298022
11/30/2022,1596,9.297473
11/30/2022,1597,9.296923
11/30/2022,1598,9.296374
11/30/2022,1599,9.295824
11/30/2022,1600,9.295275
11/30/2022,1601,9.294725
11/30/2022,1602,9.294176
11/30/2022,1603,9.293626
11/30/2022,1604,9.293077
11/30/2022,1605,9.292527
11/30/2022,1606,9.291978
11/30/2022,1607,9.291429
11/30/2022,1608,9.290879
11/30/2022,1609,9.29033
11/30/2022,1610,9.28978
11/30/2022,1611,9.289231
11/30/2022,1612,9.288681
11/30/2022,1613,9.288132
11/30/2022,1614,9.287582
11/30/2022,1615,9.287033
11/30/2022,1616,9.286484
11/30/2022,1617,9.285934
11/30/2022,1618,9.285385
11/30/2022,1619,9.284835
11/30/2022,1620,9.284286
11/30/2022,1621,9.283736
11/30/2022,1622,9.283187
11/30/2022,1623,9.282637
11/30/2022,1624,9.282088
11/30/2022,1625,9.281538
11/30/2022,1626,9.280989
11/30/2022,1627,9.28044
11/30/2022,1628,9.27989
11/30/2022,1629,9.279341
11/30/2022,1630,9.278791
11/30/2022,1631,9.278242
11/30/2022,1632,9.277692
11/30/2022,1633,9.277143
11/30/2022,1634,9.276593
11/30/2022,1635,9.276044
11/30/2022,1636,9.275495
11/30/2022,1637,9.274945
11/30/2022,1638,9.274396
11/30/2022,1639,9.273846
11/30/2022,1640,9.273297
11/30/2022,1641,9.272747
11/30/2022,1642,9.272198
11/30/2022,1643,9.271648
11/30/2022,1644,9.271099
11/30/2022,1645,9.270549
11/30/2022,1646,9.27
11/30/2022,1647,9.269863
11/30/2022,1648,9.269725
11/30/2022,1649,9.269588
11/30/2022,1650,9.269451
11/30/2022,1651,9.269313
11/30/2022,1652,9.269176
11/30/2022,1653,9.269038
11/30/2022,1654,9.268901
11/30/2022,1655,9.268764
11/30/2022,1656,9.268626
11/30/2022,1657,9.268489
11/30/2022,1658,9.268352
11/30/2022,1659,9.268214
11/30/2022,1660,9.268077
11/30/2022,1661,9.26794
11/30/2022,1662,9.267802
11/30/2022,1663,9.267665
11/30/2022,1664,9.267527
11/30/2022,1665,9.26739
11/30/2022,1666,9.267253
11/30/2022,1667,9.267115
11/30/2022,1668,9.266978
11/30/2022,1669,9.266841
11/30/2022,1670,9.266703
11/30/2022,1671,9.266566
11/30/2022,1672,9.266429
11/30/2022,1673,9.266291
11/30/2022,1674,9.266154
11/30/2022,1675,9.266016
11/30/2022,1676,9.265879
11/30/2022,1677,9.265742
11/30/2022,1678,9.265604
11/30/2022,1679,9.265467
11/30/2022,1680,9.26533
11/30/2022,1681,9.265192
11/30/2022,1682,9.265055
11/30/2022,1683,9.264918
11/30/2022,1684,9.26478
11/30/2022,1685,9.264643
11/30/2022,1686,9.264505
11/30/2022,1687,9.264368
11/30/2022,1688,9.264231
11/30/2022,1689,9.264093
11/30/2022,1690,9.263956
11/30/2022,1691,9.263819
11/30/2022,1692,9.263681
11/30/2022,1693,9.263544
11/30/2022,1694,9.263407
11/30/2022,1695,9.263269
11/30/2022,1696,9.263132
11/30/2022,1697,9.262995
11/30/2022,1698,9.262857
11/30/2022,1699,9.26272
11/30/2022,1700,9.262582
11/30/2022,1701,9.262445
11/30/2022,1702,9.262308
11/30/2022,1703,9.26217
11/30/2022,1704,9.262033
11/30/2022,1705,9.261896
11/30/2022,1706,9.261758
11/30/2022,1707,9.261621
11/30/2022,1708,9.261484
11/30/2022,1709,9.261346
11/30/2022,1710,9.261209
11/30/2022,1711,9.261071
11/30/2022,1712,9.260934
11/30/2022,1713,9.260797
11/30/2022,1714,9.260659
11/30/2022,1715,9.260522
11/30/2022,1716,9.260385
11/30/2022,1717,9.260247
11/30/2022,1718,9.26011
11/30/2022,1719,9.259973
11/30/2022,1720,9.259835
11/30/2022,1721,9.259698
11/30/2022,1722,9.25956
11/30/2022,1723,9.259423
11/30/2022,1724,9.259286
11/30/2022,1725,9.259148
11/30/2022,1726,9.259011
11/30/2022,1727,9.258874
11/30/2022,1728,9.258736
11/30/2022,1729,9.258599
11/30/2022,1730,9.258462
11/30/2022,1731,9.258324
11/30/2022,1732,9.258187
11/30/2022,1733,9.258049
11/30/2022,1734,9.257912
11/30/2022,1735,9.257775
11/30/2022,1736,9.257637
11/30/2022,1737,9.2575
11/30/2022,1738,9.257363
11/30/2022,1739,9.257225
11/30/2022,1740,9.257088
11/30/2022,1741,9.256951
11/30/2022,1742,9.256813
11/30/2022,1743,9.256676
11/30/2022,1744,9.256538
11/30/2022,1745,9.256401
11/30/2022,1746,9.256264
11/30/2022,1747,9.256126
11/30/2022,1748,9.255989
11/30/2022,1749,9.255852
11/30/2022,1750,9.255714
11/30/2022,1751,9.255577
11/30/2022,1752,9.25544
11/30/2022,1753,9.255302
11/30/2022,1754,9.255165
11/30/2022,1755,9.255027
11/30/2022,1756,9.25489
11/30/2022,1757,9.254753
11/30/2022,1758,9.254615
11/30/2022,1759,9.254478
11/30/2022,1760,9.254341
11/30/2022,1761,9.254203
11/30/2022,1762,9.254066
11/30/2022,1763,9.253929
11/30/2022,1764,9.253791
11/30/2022,1765,9.253654
11/30/2022,1766,9.253516
11/30/2022,1767,9.253379
11/30/2022,1768,9.253242
11/30/2022,1769,9.253104
11/30/2022,1770,9.252967
11/30/2022,1771,9.25283
11/30/2022,1772,9.252692
11/30/2022,1773,9.252555
11/30/2022,1774,9.252418
11/30/2022,1775,9.25228
11/30/2022,1776,9.252143
11/30/2022,1777,9.252005
11/30/2022,1778,9.251868
11/30/2022,1779,9.251731
11/30/2022,1780,9.251593
11/30/2022,1781,9.251456
11/30/2022,1782,9.251319
11/30/2022,1783,9.251181
11/30/2022,1784,9.251044
11/30/2022,1785,9.250907
11/30/2022,1786,9.250769
11/30/2022,1787,9.250632
11/30/2022,1788,9.250495
11/30/2022,1789,9.250357
11/30/2022,1790,9.25022
11/30/2022,1791,9.250082
11/30/2022,1792,9.249945
11/30/2022,1793,9.249808
11/30/2022,1794,9.24967
11/30/2022,1795,9.249533
11/30/2022,1796,9.249396
11/30/2022,1797,9.249258
11/30/2022,1798,9.249121
11/30/2022,1799,9.248984
11/30/2022,1800,9.248846
11/30/2022,1801,9.248709
11/30/2022,1802,9.248571
11/30/2022,1803,9.248434
11/30/2022,1804,9.248297
11/30/2022,1805,9.248159
11/30/2022,1806,9.248022
11/30/2022,1807,9.247885
11/30/2022,1808,9.247747
11/30/2022,1809,9.24761
11/30/2022,1810,9.247473
11/30/2022,1811,9.247335
11/30/2022,1812,9.247198
11/30/2022,1813,9.24706
11/30/2022,1814,9.246923
11/30/2022,1815,9.246786
11/30/2022,1816,9.246648
11/30/2022,1817,9.246511
11/30/2022,1818,9.246374
11/30/2022,1819,9.246236
11/30/2022,1820,9.246099
11/30/2022,1821,9.245962
11/30/2022,1822,9.245824
11/30/2022,1823,9.245687
11/30/2022,1824,9.245549
11/30/2022,1825,9.245412
11/30/2022,1826,9.245275
11/30/2022,1827,9.245137
11/30/2022,1828,9.245
11/30/2022,1829,9.244863
11/30/2022,1830,9.244725
11/30/2022,1831,9.244588
11/30/2022,1832,9.244451
11/30/2022,1833,9.244313
11/30/2022,1834,9.244176
11/30/2022,1835,9.244038
11/30/2022,1836,9.243901
11/30/2022,1837,9.243764
11/30/2022,1838,9.243626
11/30/2022,1839,9.243489
11/30/2022,1840,9.243352
11/30/2022,1841,9.243214
11/30/2022,1842,9.243077
11/30/2022,1843,9.24294
11/30/2022,1844,9.242802
11/30/2022,1845,9.242665
11/30/2022,1846,9.242527
11/30/2022,1847,9.24239
11/30/2022,1848,9.242253
11/30/2022,1849,9.242115
11/30/2022,1850,9.241978
11/30/2022,1851,9.241841
11/30/2022,1852,9.241703
11/30/2022,1853,9.241566
11/30/2022,1854,9.241429
11/30/2022,1855,9.241291
11/30/2022,1856,9.241154
11/30/2022,1857,9.241016
11/30/2022,1858,9.240879
11/30/2022,1859,9.240742
11/30/2022,1860,9.240604
11/30/2022,1861,9.240467
11/30/2022,1862,9.24033
11/30/2022,1863,9.240192
11/30/2022,1864,9.240055
11/30/2022,1865,9.239918
11/30/2022,1866,9.23978
11/30/2022,1867,9.239643
11/30/2022,1868,9.239505
11/30/2022,1869,9.239368
11/30/2022,1870,9.239231
11/30/2022,1871,9.239093
11/30/2022,1872,9.238956
11/30/2022,1873,9.238819
11/30/2022,1874,9.238681
11/30/2022,1875,9.238544
11/30/2022,1876,9.238407
11/30/2022,1877,9.238269
11/30/2022,1878,9.238132
11/30/2022,1879,9.237995
11/30/2022,1880,9.237857
11/30/2022,1881,9.23772
11/30/2022,1882,9.237582
11/30/2022,1883,9.237445
11/30/2022,1884,9.237308
11/30/2022,1885,9.23717
11/30/2022,1886,9.237033
11/30/2022,1887,9.236896
11/30/2022,1888,9.236758
11/30/2022,1889,9.236621
11/30/2022,1890,9.236484
11/30/2022,1891,9.236346
11/30/2022,1892,9.236209
11/30/2022,1893,9.236071
11/30/2022,1894,9.235934
11/30/2022,1895,9.235797
11/30/2022,1896,9.235659
11/30/2022,1897,9.235522
11/30/2022,1898,9.235385
11/30/2022,1899,9.235247
11/30/2022,1900,9.23511
11/30/2022,1901,9.234973
11/30/2022,1902,9.234835
11/30/2022,1903,9.234698
11/30/2022,1904,9.23456
11/30/2022,1905,9.234423
11/30/2022,1906,9.234286
11/30/2022,1907,9.234148
11/30/2022,1908,9.234011
11/30/2022,1909,9.233874
11/30/2022,1910,9.233736
11/30/2022,1911,9.233599
11/30/2022,1912,9.233462
11/30/2022,1913,9.233324
11/30/2022,1914,9.233187
11/30/2022,1915,9.233049
11/30/2022,1916,9.232912
11/30/2022,1917,9.232775
11/30/2022,1918,9.232637
11/30/2022,1919,9.2325
11/30/2022,1920,9.232363
11/30/2022,1921,9.232225
11/30/2022,1922,9.232088
11/30/2022,1923,9.231951
11/30/2022,1924,9.231813
11/30/2022,1925,9.231676
11/30/2022,1926,9.231538
11/30/2022,1927,9.231401
11/30/2022,1928,9.231264
11/30/2022,1929,9.231126
11/30/2022,1930,9.230989
11/30/2022,1931,9.230852
11/30/2022,1932,9.230714
11/30/2022,1933,9.230577
11/30/2022,1934,9.23044
11/30/2022,1935,9.230302
11/30/2022,1936,9.230165
11/30/2022,1937,9.230027
11/30/2022,1938,9.22989
11/30/2022,1939,9.229753
11/30/2022,1940,9.229615
11/30/2022,1941,9.229478
11/30/2022,1942,9.229341
11/30/2022,1943,9.229203
11/30/2022,1944,9.229066
11/30/2022,1945,9.228929
11/30/2022,1946,9.228791
11/30/2022,1947,9.228654
11/30/2022,1948,9.228516
11/30/2022,1949,9.228379
11/30/2022,1950,9.228242
11/30/2022,1951,9.228104
11/30/2022,1952,9.227967
11/30/2022,1953,9.22783
11/30/2022,1954,9.227692
11/30/2022,1955,9.227555
11/30/2022,1956,9.227418
11/30/2022,1957,9.22728
11/30/2022,1958,9.227143
11/30/2022,1959,9.227005
11/30/2022,1960,9.226868
11/30/2022,1961,9.226731
11/30/2022,1962,9.226593
11/30/2022,1963,9.226456
11/30/2022,1964,9.226319
11/30/2022,1965,9.226181
11/30/2022,1966,9.226044
11/30/2022,1967,9.225907
11/30/2022,1968,9.225769
11/30/2022,1969,9.225632
11/30/2022,1970,9.225495
11/30/2022,1971,9.225357
11/30/2022,1972,9.22522
11/30/2022,1973,9.225082
11/30/2022,1974,9.224945
11/30/2022,1975,9.224808
11/30/2022,1976,9.22467
11/30/2022,1977,9.224533
11/30/2022,1978,9.224396
11/30/2022,1979,9.224258
11/30/2022,1980,9.224121
11/30/2022,1981,9.223984
11/30/2022,1982,9.223846
11/30/2022,1983,9.223709
11/30/2022,1984,9.223571
11/30/2022,1985,9.223434
11/30/2022,1986,9.223297
11/30/2022,1987,9.223159
11/30/2022,1988,9.223022
11/30/2022,1989,9.222885
11/30/2022,1990,9.222747
11/30/2022,1991,9.22261
11/30/2022,1992,9.222473
11/30/2022,1993,9.222335
11/30/2022,1994,9.222198
11/30/2022,1995,9.22206
11/30/2022,1996,9.221923
11/30/2022,1997,9.221786
11/30/2022,1998,9.221648
11/30/2022,1999,9.221511
11/30/2022,2000,9.221374
11/30/2022,2001,9.221236
11/30/2022,2002,9.221099
11/30/2022,2003,9.220962
11/30/2022,2004,9.220824
11/30/2022,2005,9.220687
11/30/2022,2006,9.220549
11/30/2022,2007,9.220412
11/30/2022,2008,9.220275
11/30/2022,2009,9.220137
11/30/2022,2010,9.22
11/30/2022,2011,9.219863
11/30/2022,2012,9.219725
11/30/2022,2013,9.219588
11/30/2022,2014,9.219451
11/30/2022,2015,9.219313
11/30/2022,2016,9.219176
11/30/2022,2017,9.219038
11/30/2022,2018,9.218901
11/30/2022,2019,9.218764
11/30/2022,2020,9.218626
11/30/2022,2021,9.218489
11/30/2022,2022,9.218352
11/30/2022,2023,9.218214
11/30/2022,2024,9.218077
11/30/2022,2025,9.21794
11/30/2022,2026,9.217802
11/30/2022,2027,9.217665
11/30/2022,2028,9.217527
11/30/2022,2029,9.21739
11/30/2022,2030,9.217253
11/30/2022,2031,9.217115
11/30/2022,2032,9.216978
11/30/2022,2033,9.216841
11/30/2022,2034,9.216703
11/30/2022,2035,9.216566
11/30/2022,2036,9.216429
11/30/2022,2037,9.216291
11/30/2022,2038,9.216154
11/30/2022,2039,9.216016
11/30/2022,2040,9.215879
11/30/2022,2041,9.215742
11/30/2022,2042,9.215604
11/30/2022,2043,9.215467
11/30/2022,2044,9.21533
11/30/2022,2045,9.215192
11/30/2022,2046,9.215055
11/30/2022,2047,9.214918
11/30/2022,2048,9.21478
11/30/2022,2049,9.214643
11/30/2022,2050,9.214505
11/30/2022,2051,9.214368
11/30/2022,2052,9.214231
11/30/2022,2053,9.214093
11/30/2022,2054,9.213956
11/30/2022,2055,9.213819
11/30/2022,2056,9.213681
11/30/2022,2057,9.213544
11/30/2022,2058,9.213407
11/30/2022,2059,9.213269
11/30/2022,2060,9.213132
11/30/2022,2061,9.212995
11/30/2022,2062,9.212857
11/30/2022,2063,9.21272
11/30/2022,2064,9.212582
11/30/2022,2065,9.212445
11/30/2022,2066,9.212308
11/30/2022,2067,9.21217
11/30/2022,2068,9.212033
11/30/2022,2069,9.211896
11/30/2022,2070,9.211758
11/30/2022,2071,9.211621
11/30/2022,2072,9.211484
11/30/2022,2073,9.211346
11/30/2022,2074,9.211209
11/30/2022,2075,9.211071
11/30/2022,2076,9.210934
11/30/2022,2077,9.210797
11/30/2022,2078,9.210659
11/30/2022,2079,9.210522
11/30/2022,2080,9.210385
11/30/2022,2081,9.210247
11/30/2022,2082,9.21011
11/30/2022,2083,9.209973
11/30/2022,2084,9.209835
11/30/2022,2085,9.209698
11/30/2022,2086,9.20956
11/30/2022,2087,9.209423
11/30/2022,2088,9.209286
11/30/2022,2089,9.209148
11/30/2022,2090,9.209011
11/30/2022,2091,9.208874
11/30/2022,2092,9.208736
11/30/2022,2093,9.208599
11/30/2022,2094,9.208462
11/30/2022,2095,9.208324
11/30/2022,2096,9.208187
11/30/2022,2097,9.208049
11/30/2022,2098,9.207912
11/30/2022,2099,9.207775
11/30/2022,2100,9.207637
11/30/2022,2101,9.2075
11/30/2022,2102,9.207363
11/30/2022,2103,9.207225
11/30/2022,2104,9.207088
11/30/2022,2105,9.206951
11/30/2022,2106,9.206813
11/30/2022,2107,9.206676
11/30/2022,2108,9.206538
11/30/2022,2109,9.206401
11/30/2022,2110,9.206264
11/30/2022,2111,9.206126
11/30/2022,2112,9.205989
11/30/2022,2113,9.205852
11/30/2022,2114,9.205714
11/30/2022,2115,9.205577
11/30/2022,2116,9.20544
11/30/2022,2117,9.205302
11/30/2022,2118,9.205165
11/30/2022,2119,9.205027
11/30/2022,2120,9.20489
11/30/2022,2121,9.204753
11/30/2022,2122,9.204615
11/30/2022,2123,9.204478
11/30/2022,2124,9.204341
11/30/2022,2125,9.204203
11/30/2022,2126,9.204066
11/30/2022,2127,9.203929
11/30/2022,2128,9.203791
11/30/2022,2129,9.203654
11/30/2022,2130,9.203516
11/30/2022,2131,9.203379
11/30/2022,2132,9.203242
11/30/2022,2133,9.203104
11/30/2022,2134,9.202967
11/30/2022,2135,9.20283
11/30/2022,2136,9.202692
11/30/2022,2137,9.202555
11/30/2022,2138,9.202418
11/30/2022,2139,9.20228
11/30/2022,2140,9.202143
11/30/2022,2141,9.202005
11/30/2022,2142,9.201868
11/30/2022,2143,9.201731
11/30/2022,2144,9.201593
11/30/2022,2145,9.201456
11/30/2022,2146,9.201319
11/30/2022,2147,9.201181
11/30/2022,2148,9.201044
11/30/2022,2149,9.200907
11/30/2022,2150,9.200769
11/30/2022,2151,9.200632
11/30/2022,2152,9.200495
11/30/2022,2153,9.200357
11/30/2022,2154,9.20022
11/30/2022,2155,9.200082
11/30/2022,2156,9.199945
11/30/2022,2157,9.199808
11/30/2022,2158,9.19967
11/30/2022,2159,9.199533
11/30/2022,2160,9.199396
11/30/2022,2161,9.199258
11/30/2022,2162,9.199121
11/30/2022,2163,9.198984
11/30/2022,2164,9.198846
11/30/2022,2165,9.198709
11/30/2022,2166,9.198571
11/30/2022,2167,9.198434
11/30/2022,2168,9.198297
11/30/2022,2169,9.198159
11/30/2022,2170,9.198022
11/30/2022,2171,9.197885
11/30/2022,2172,9.197747
11/30/2022,2173,9.19761
11/30/2022,2174,9.197473
11/30/2022,2175,9.197335
11/30/2022,2176,9.197198
11/30/2022,2177,9.19706
11/30/2022,2178,9.196923
11/30/2022,2179,9.196786
11/30/2022,2180,9.196648
11/30/2022,2181,9.196511
11/30/2022,2182,9.196374
11/30/2022,2183,9.196236
11/30/2022,2184,9.196099
11/30/2022,2185,9.195962
11/30/2022,2186,9.195824
11/30/2022,2187,9.195687
11/30/2022,2188,9.195549
11/30/2022,2189,9.195412
11/30/2022,2190,9.195275
11/30/2022,2191,9.195137
11/30/2022,2192,9.195
11/30/2022,2193,9.194863
11/30/2022,2194,9.194725
11/30/2022,2195,9.194588
11/30/2022,2196,9.194451
11/30/2022,2197,9.194313
11/30/2022,2198,9.194176
11/30/2022,2199,9.194038
11/30/2022,2200,9.193901
11/30/2022,2201,9.193764
11/30/2022,2202,9.193626
11/30/2022,2203,9.193489
11/30/2022,2204,9.193352
11/30/2022,2205,9.193214
11/30/2022,2206,9.193077
11/30/2022,2207,9.19294
11/30/2022,2208,9.192802
11/30/2022,2209,9.192665
11/30/2022,2210,9.192527
11/30/2022,2211,9.19239
11/30/2022,2212,9.192253
11/30/2022,2213,9.192115
11/30/2022,2214,9.191978
11/30/2022,2215,9.191841
11/30/2022,2216,9.191703
11/30/2022,2217,9.191566
11/30/2022,2218,9.191429
11/30/2022,2219,9.191291
11/30/2022,2220,9.191154
11/30/2022,2221,9.191016
11/30/2022,2222,9.190879
11/30/2022,2223,9.190742
11/30/2022,2224,9.190604
11/30/2022,2225,9.190467
11/30/2022,2226,9.19033
11/30/2022,2227,9.190192
11/30/2022,2228,9.190055
11/30/2022,2229,9.189918
11/30/2022,2230,9.18978
11/30/2022,2231,9.189643
11/30/2022,2232,9.189505
11/30/2022,2233,9.189368
11/30/2022,2234,9.189231
11/30/2022,2235,9.189093
11/30/2022,2236,9.188956
11/30/2022,2237,9.188819
11/30/2022,2238,9.188681
11/30/2022,2239,9.188544
11/30/2022,2240,9.188407
11/30/2022,2241,9.188269
11/30/2022,2242,9.188132
11/30/2022,2243,9.187995
11/30/2022,2244,9.187857
11/30/2022,2245,9.18772
11/30/2022,2246,9.187582
11/30/2022,2247,9.187445
11/30/2022,2248,9.187308
11/30/2022,2249,9.18717
11/30/2022,2250,9.187033
11/30/2022,2251,9.186896
11/30/2022,2252,9.186758
11/30/2022,2253,9.186621
11/30/2022,2254,9.186484
11/30/2022,2255,9.186346
11/30/2022,2256,9.186209
11/30/2022,2257,9.186071
11/30/2022,2258,9.185934
11/30/2022,2259,9.185797
11/30/2022,2260,9.185659
11/30/2022,2261,9.185522
11/30/2022,2262,9.185385
11/30/2022,2263,9.185247
11/30/2022,2264,9.18511
11/30/2022,2265,9.184973
11/30/2022,2266,9.184835
11/30/2022,2267,9.184698
11/30/2022,2268,9.18456
11/30/2022,2269,9.184423
11/30/2022,2270,9.184286
11/30/2022,2271,9.184148
11/30/2022,2272,9.184011
11/30/2022,2273,9.183874
11/30/2022,2274,9.183736
11/30/2022,2275,9.183599
11/30/2022,2276,9.183462
11/30/2022,2277,9.183324
11/30/2022,2278,9.183187
11/30/2022,2279,9.183049
11/30/2022,2280,9.182912
11/30/2022,2281,9.182775
11/30/2022,2282,9.182637
11/30/2022,2283,9.1825
11/30/2022,2284,9.182363
11/30/2022,2285,9.182225
11/30/2022,2286,9.182088
11/30/2022,2287,9.181951
11/30/2022,2288,9.181813
11/30/2022,2289,9.181676
11/30/2022,2290,9.181538
11/30/2022,2291,9.181401
11/30/2022,2292,9.181264
11/30/2022,2293,9.181126
11/30/2022,2294,9.180989
11/30/2022,2295,9.180852
11/30/2022,2296,9.180714
11/30/2022,2297,9.180577
11/30/2022,2298,9.18044
11/30/2022,2299,9.180302
11/30/2022,2300,9.180165
11/30/2022,2301,9.180027
11/30/2022,2302,9.17989
11/30/2022,2303,9.179753
11/30/2022,2304,9.179615
11/30/2022,2305,9.179478
11/30/2022,2306,9.179341
11/30/2022,2307,9.179203
11/30/2022,2308,9.179066
11/30/2022,2309,9.178929
11/30/2022,2310,9.178791
11/30/2022,2311,9.178654
11/30/2022,2312,9.178516
11/30/2022,2313,9.178379
11/30/2022,2314,9.178242
11/30/2022,2315,9.178104
11/30/2022,2316,9.177967
11/30/2022,2317,9.17783
11/30/2022,2318,9.177692
11/30/2022,2319,9.177555
11/30/2022,2320,9.177418
11/30/2022,2321,9.17728
11/30/2022,2322,9.177143
11/30/2022,2323,9.177005
11/30/2022,2324,9.176868
11/30/2022,2325,9.176731
11/30/2022,2326,9.176593
11/30/2022,2327,9.176456
11/30/2022,2328,9.176319
11/30/2022,2329,9.176181
11/30/2022,2330,9.176044
11/30/2022,2331,9.175907
11/30/2022,2332,9.175769
11/30/2022,2333,9.175632
11/30/2022,2334,9.175495
11/30/2022,2335,9.175357
11/30/2022,2336,9.17522
11/30/2022,2337,9.175082
11/30/2022,2338,9.174945
11/30/2022,2339,9.174808
11/30/2022,2340,9.17467
11/30/2022,2341,9.174533
11/30/2022,2342,9.174396
11/30/2022,2343,9.174258
11/30/2022,2344,9.174121
11/30/2022,2345,9.173984
11/30/2022,2346,9.173846
11/30/2022,2347,9.173709
11/30/2022,2348,9.173571
11/30/2022,2349,9.173434
11/30/2022,2350,9.173297
11/30/2022,2351,9.173159
11/30/2022,2352,9.173022
11/30/2022,2353,9.172885
11/30/2022,2354,9.172747
11/30/2022,2355,9.17261
11/30/2022,2356,9.172473
11/30/2022,2357,9.172335
11/30/2022,2358,9.172198
11/30/2022,2359,9.17206
11/30/2022,2360,9.171923
11/30/2022,2361,9.171786
11/30/2022,2362,9.171648
11/30/2022,2363,9.171511
11/30/2022,2364,9.171374
11/30/2022,2365,9.171236
11/30/2022,2366,9.171099
11/30/2022,2367,9.170962
11/30/2022,2368,9.170824
11/30/2022,2369,9.170687
11/30/2022,2370,9.170549
11/30/2022,2371,9.170412
11/30/2022,2372,9.170275
11/30/2022,2373,9.170137
11/30/2022,2374,9.17
11/30/2022,2375,9.170014
11/30/2022,2376,9.170027
11/30/2022,2377,9.170041
11/30/2022,2378,9.170055
11/30/2022,2379,9.170069
11/30/2022,2380,9.170082
11/30/2022,2381,9.170096
11/30/2022,2382,9.17011
11/30/2022,2383,9.170124
11/30/2022,2384,9.170137
11/30/2022,2385,9.170151
11/30/2022,2386,9.170165
11/30/2022,2387,9.170179
11/30/2022,2388,9.170192
11/30/2022,2389,9.170206
11/30/2022,2390,9.17022
11/30/2022,2391,9.170234
11/30/2022,2392,9.170247
11/30/2022,2393,9.170261
11/30/2022,2394,9.170275
11/30/2022,2395,9.170288
11/30/2022,2396,9.170302
11/30/2022,2397,9.170316
11/30/2022,2398,9.17033
11/30/2022,2399,9.170343
11/30/2022,2400,9.170357
11/30/2022,2401,9.170371
11/30/2022,2402,9.170385
11/30/2022,2403,9.170398
11/30/2022,2404,9.170412
11/30/2022,2405,9.170426
11/30/2022,2406,9.17044
11/30/2022,2407,9.170453
11/30/2022,2408,9.170467
11/30/2022,2409,9.170481
11/30/2022,2410,9.170495
11/30/2022,2411,9.170508
11/30/2022,2412,9.170522
11/30/2022,2413,9.170536
11/30/2022,2414,9.170549
11/30/2022,2415,9.170563
11/30/2022,2416,9.170577
11/30/2022,2417,9.170591
11/30/2022,2418,9.170604
11/30/2022,2419,9.170618
11/30/2022,2420,9.170632
11/30/2022,2421,9.170646
11/30/2022,2422,9.170659
11/30/2022,2423,9.170673
11/30/2022,2424,9.170687
11/30/2022,2425,9.170701
11/30/2022,2426,9.170714
11/30/2022,2427,9.170728
11/30/2022,2428,9.170742
11/30/2022,2429,9.170755
11/30/2022,2430,9.170769
11/30/2022,2431,9.170783
11/30/2022,2432,9.170797
11/30/2022,2433,9.17081
11/30/2022,2434,9.170824
11/30/2022,2435,9.170838
11/30/2022,2436,9.170852
11/30/2022,2437,9.170865
11/30/2022,2438,9.170879
11/30/2022,2439,9.170893
11/30/2022,2440,9.170907
11/30/2022,2441,9.17092
11/30/2022,2442,9.170934
11/30/2022,2443,9.170948
11/30/2022,2444,9.170962
11/30/2022,2445,9.170975
11/30/2022,2446,9.170989
11/30/2022,2447,9.171003
11/30/2022,2448,9.171016
11/30/2022,2449,9.17103
11/30/2022,2450,9.171044
11/30/2022,2451,9.171058
11/30/2022,2452,9.171071
11/30/2022,2453,9.171085
11/30/2022,2454,9.171099
11/30/2022,2455,9.171113
11/30/2022,2456,9.171126
11/30/2022,2457,9.17114
11/30/2022,2458,9.171154
11/30/2022,2459,9.171168
11/30/2022,2460,9.171181
11/30/2022,2461,9.171195
11/30/2022,2462,9.171209
11/30/2022,2463,9.171223
11/30/2022,2464,9.171236
11/30/2022,2465,9.17125
11/30/2022,2466,9.171264
11/30/2022,2467,9.171277
11/30/2022,2468,9.171291
11/30/2022,2469,9.171305
11/30/2022,2470,9.171319
11/30/2022,2471,9.171332
11/30/2022,2472,9.171346
11/30/2022,2473,9.17136
11/30/2022,2474,9.171374
11/30/2022,2475,9.171387
11/30/2022,2476,9.171401
11/30/2022,2477,9.171415
11/30/2022,2478,9.171429
11/30/2022,2479,9.171442
11/30/2022,2480,9.171456
11/30/2022,2481,9.17147
11/30/2022,2482,9.171484
11/30/2022,2483,9.171497
11/30/2022,2484,9.171511
11/30/2022,2485,9.171525
11/30/2022,2486,9.171538
11/30/2022,2487,9.171552
11/30/2022,2488,9.171566
11/30/2022,2489,9.17158
11/30/2022,2490,9.171593
11/30/2022,2491,9.171607
11/30/2022,2492,9.171621
11/30/2022,2493,9.171635
11/30/2022,2494,9.171648
11/30/2022,2495,9.171662
11/30/2022,2496,9.171676
11/30/2022,2497,9.17169
11/30/2022,2498,9.171703
11/30/2022,2499,9.171717
11/30/2022,2500,9.171731
11/30/2022,2501,9.171745
11/30/2022,2502,9.171758
11/30/2022,2503,9.171772
11/30/2022,2504,9.171786
11/30/2022,2505,9.171799
11/30/2022,2506,9.171813
11/30/2022,2507,9.171827
11/30/2022,2508,9.171841
11/30/2022,2509,9.171854
11/30/2022,2510,9.171868
11/30/2022,2511,9.171882
11/30/2022,2512,9.171896
11/30/2022,2513,9.171909
11/30/2022,2514,9.171923
11/30/2022,2515,9.171937
11/30/2022,2516,9.171951
11/30/2022,2517,9.171964
11/30/2022,2518,9.171978
11/30/2022,2519,9.171992
11/30/2022,2520,9.172005
11/30/2022,2521,9.172019
11/30/2022,2522,9.172033
11/30/2022,2523,9.172047
11/30/2022,2524,9.17206
11/30/2022,2525,9.172074
11/30/2022,2526,9.172088
11/30/2022,2527,9.172102
11/30/2022,2528,9.172115
11/30/2022,2529,9.172129
11/30/2022,2530,9.172143
11/30/2022,2531,9.172157
11/30/2022,2532,9.17217
11/30/2022,2533,9.172184
11/30/2022,2534,9.172198
11/30/2022,2535,9.172212
11/30/2022,2536,9.172225
11/30/2022,2537,9.172239
11/30/2022,2538,9.172253
11/30/2022,2539,9.172266
11/30/2022,2540,9.17228
11/30/2022,2541,9.172294
11/30/2022,2542,9.172308
11/30/2022,2543,9.172321
11/30/2022,2544,9.172335
11/30/2022,2545,9.172349
11/30/2022,2546,9.172363
11/30/2022,2547,9.172376
11/30/2022,2548,9.17239
11/30/2022,2549,9.172404
11/30/2022,2550,9.172418
11/30/2022,2551,9.172431
11/30/2022,2552,9.172445
11/30/2022,2553,9.172459
11/30/2022,2554,9.172473
11/30/2022,2555,9.172486
11/30/2022,2556,9.1725
11/30/2022,2557,9.172514
11/30/2022,2558,9.172527
11/30/2022,2559,9.172541
11/30/2022,2560,9.172555
11/30/2022,2561,9.172569
11/30/2022,2562,9.172582
11/30/2022,2563,9.172596
11/30/2022,2564,9.17261
11/30/2022,2565,9.172624
11/30/2022,2566,9.172637
11/30/2022,2567,9.172651
11/30/2022,2568,9.172665
11/30/2022,2569,9.172679
11/30/2022,2570,9.172692
11/30/2022,2571,9.172706
11/30/2022,2572,9.17272
11/30/2022,2573,9.172734
11/30/2022,2574,9.172747
11/30/2022,2575,9.172761
11/30/2022,2576,9.172775
11/30/2022,2577,9.172788
11/30/2022,2578,9.172802
11/30/2022,2579,9.172816
11/30/2022,2580,9.17283
11/30/2022,2581,9.172843
11/30/2022,2582,9.172857
11/30/2022,2583,9.172871
11/30/2022,2584,9.172885
11/30/2022,2585,9.172898
11/30/2022,2586,9.172912
11/30/2022,2587,9.172926
11/30/2022,2588,9.17294
11/30/2022,2589,9.172953
11/30/2022,2590,9.172967
11/30/2022,2591,9.172981
11/30/2022,2592,9.172995
11/30/2022,2593,9.173008
11/30/2022,2594,9.173022
11/30/2022,2595,9.173036
11/30/2022,2596,9.173049
11/30/2022,2597,9.173063
11/30/2022,2598,9.173077
11/30/2022,2599,9.173091
11/30/2022,2600,9.173104
11/30/2022,2601,9.173118
11/30/2022,2602,9.173132
11/30/2022,2603,9.173146
11/30/2022,2604,9.173159
11/30/2022,2605,9.173173
11/30/2022,2606,9.173187
11/30/2022,2607,9.173201
11/30/2022,2608,9.173214
11/30/2022,2609,9.173228
11/30/2022,2610,9.173242
11/30/2022,2611,9.173255
11/30/2022,2612,9.173269
11/30/2022,2613,9.173283
11/30/2022,2614,9.173297
11/30/2022,2615,9.17331
11/30/2022,2616,9.173324
11/30/2022,2617,9.173338
11/30/2022,2618,9.173352
11/30/2022,2619,9.173365
11/30/2022,2620,9.173379
11/30/2022,2621,9.173393
11/30/2022,2622,9.173407
11/30/2022,2623,9.17342
11/30/2022,2624,9.173434
11/30/2022,2625,9.173448
11/30/2022,2626,9.173462
11/30/2022,2627,9.173475
11/30/2022,2628,9.173489
11/30/2022,2629,9.173503
11/30/2022,2630,9.173516
11/30/2022,2631,9.17353
11/30/2022,2632,9.173544
11/30/2022,2633,9.173558
11/30/2022,2634,9.173571
11/30/2022,2635,9.173585
11/30/2022,2636,9.173599
11/30/2022,2637,9.173613
11/30/2022,2638,9.173626
11/30/2022,2639,9.17364
11/30/2022,2640,9.173654
11/30/2022,2641,9.173668
11/30/2022,2642,9.173681
11/30/2022,2643,9.173695
11/30/2022,2644,9.173709
11/30/2022,2645,9.173723
11/30/2022,2646,9.173736
11/30/2022,2647,9.17375
11/30/2022,2648,9.173764
11/30/2022,2649,9.173777
11/30/2022,2650,9.173791
11/30/2022,2651,9.173805
11/30/2022,2652,9.173819
11/30/2022,2653,9.173832
11/30/2022,2654,9.173846
11/30/2022,2655,9.17386
11/30/2022,2656,9.173874
11/30/2022,2657,9.173887
11/30/2022,2658,9.173901
11/30/2022,2659,9.173915
11/30/2022,2660,9.173929
11/30/2022,2661,9.173942
11/30/2022,2662,9.173956
11/30/2022,2663,9.17397
11/30/2022,2664,9.173984
11/30/2022,2665,9.173997
11/30/2022,2666,9.174011
11/30/2022,2667,9.174025
11/30/2022,2668,9.174038
11/30/2022,2669,9.174052
11/30/2022,2670,9.174066
11/30/2022,2671,9.17408
11/30/2022,2672,9.174093
11/30/2022,2673,9.174107
11/30/2022,2674,9.174121
11/30/2022,2675,9.174135
11/30/2022,2676,9.174148
11/30/2022,2677,9.174162
11/30/2022,2678,9.174176
11/30/2022,2679,9.17419
11/30/2022,2680,9.174203
11/30/2022,2681,9.174217
11/30/2022,2682,9.174231
11/30/2022,2683,9.174245
11/30/2022,2684,9.174258
11/30/2022,2685,9.174272
11/30/2022,2686,9.174286
11/30/2022,2687,9.174299
11/30/2022,2688,9.174313
11/30/2022,2689,9.174327
11/30/2022,2690,9.174341
11/30/2022,2691,9.174354
11/30/2022,2692,9.174368
11/30/2022,2693,9.174382
11/30/2022,2694,9.174396
11/30/2022,2695,9.174409
11/30/2022,2696,9.174423
11/30/2022,2697,9.174437
11/30/2022,2698,9.174451
11/30/2022,2699,9.174464
11/30/2022,2700,9.174478
11/30/2022,2701,9.174492
11/30/2022,2702,9.174505
11/30/2022,2703,9.174519
11/30/2022,2704,9.174533
11/30/2022,2705,9.174547
11/30/2022,2706,9.17456
11/30/2022,2707,9.174574
11/30/2022,2708,9.174588
11/30/2022,2709,9.174602
11/30/2022,2710,9.174615
11/30/2022,2711,9.174629
11/30/2022,2712,9.174643
11/30/2022,2713,9.174657
11/30/2022,2714,9.17467
11/30/2022,2715,9.174684
11/30/2022,2716,9.174698
11/30/2022,2717,9.174712
11/30/2022,2718,9.174725
11/30/2022,2719,9.174739
11/30/2022,2720,9.174753
11/30/2022,2721,9.174766
11/30/2022,2722,9.17478
11/30/2022,2723,9.174794
11/30/2022,2724,9.174808
11/30/2022,2725,9.174821
11/30/2022,2726,9.174835
11/30/2022,2727,9.174849
11/30/2022,2728,9.174863
11/30/2022,2729,9.174876
11/30/2022,2730,9.17489
11/30/2022,2731,9.174904
11/30/2022,2732,9.174918
11/30/2022,2733,9.174931
11/30/2022,2734,9.174945
11/30/2022,2735,9.174959
11/30/2022,2736,9.174973
11/30/2022,2737,9.174986
11/30/2022,2738,9.175
11/30/2022,2739,9.175014
11/30/2022,2740,9.175027
11/30/2022,2741,9.175041
11/30/2022,2742,9.175055
11/30/2022,2743,9.175069
11/30/2022,2744,9.175082
11/30/2022,2745,9.175096
11/30/2022,2746,9.17511
11/30/2022,2747,9.175124
11/30/2022,2748,9.175137
11/30/2022,2749,9.175151
11/30/2022,2750,9.175165
11/30/2022,2751,9.175179
11/30/2022,2752,9.175192
11/30/2022,2753,9.175206
11/30/2022,2754,9.17522
11/30/2022,2755,9.175234
11/30/2022,2756,9.175247
11/30/2022,2757,9.175261
11/30/2022,2758,9.175275
11/30/2022,2759,9.175288
11/30/2022,2760,9.175302
11/30/2022,2761,9.175316
11/30/2022,2762,9.17533
11/30/2022,2763,9.175343
11/30/2022,2764,9.175357
11/30/2022,2765,9.175371
11/30/2022,2766,9.175385
11/30/2022,2767,9.175398
11/30/2022,2768,9.175412
11/30/2022,2769,9.175426
11/30/2022,2770,9.17544
11/30/2022,2771,9.175453
11/30/2022,2772,9.175467
11/30/2022,2773,9.175481
11/30/2022,2774,9.175495
11/30/2022,2775,9.175508
11/30/2022,2776,9.175522
11/30/2022,2777,9.175536
11/30/2022,2778,9.175549
11/30/2022,2779,9.175563
11/30/2022,2780,9.175577
11/30/2022,2781,9.175591
11/30/2022,2782,9.175604
11/30/2022,2783,9.175618
11/30/2022,2784,9.175632
11/30/2022,2785,9.175646
11/30/2022,2786,9.175659
11/30/2022,2787,9.175673
11/30/2022,2788,9.175687
11/30/2022,2789,9.175701
11/30/2022,2790,9.175714
11/30/2022,2791,9.175728
11/30/2022,2792,9.175742
11/30/2022,2793,9.175755
11/30/2022,2794,9.175769
11/30/2022,2795,9.175783
11/30/2022,2796,9.175797
11/30/2022,2797,9.17581
11/30/2022,2798,9.175824
11/30/2022,2799,9.175838
11/30/2022,2800,9.175852
11/30/2022,2801,9.175865
11/30/2022,2802,9.175879
11/30/2022,2803,9.175893
11/30/2022,2804,9.175907
11/30/2022,2805,9.17592
11/30/2022,2806,9.175934
11/30/2022,2807,9.175948
11/30/2022,2808,9.175962
11/30/2022,2809,9.175975
11/30/2022,2810,9.175989
11/30/2022,2811,9.176003
11/30/2022,2812,9.176016
11/30/2022,2813,9.17603
11/30/2022,2814,9.176044
11/30/2022,2815,9.176058
11/30/2022,2816,9.176071
11/30/2022,2817,9.176085
11/30/2022,2818,9.176099
11/30/2022,2819,9.176113
11/30/2022,2820,9.176126
11/30/2022,2821,9.17614
11/30/2022,2822,9.176154
11/30/2022,2823,9.176168
11/30/2022,2824,9.176181
11/30/2022,2825,9.176195
11/30/2022,2826,9.176209
11/30/2022,2827,9.176223
11/30/2022,2828,9.176236
11/30/2022,2829,9.17625
11/30/2022,2830,9.176264
11/30/2022,2831,9.176277
11/30/2022,2832,9.176291
11/30/2022,2833,9.176305
11/30/2022,2834,9.176319
11/30/2022,2835,9.176332
11/30/2022,2836,9.176346
11/30/2022,2837,9.17636
11/30/2022,2838,9.176374
11/30/2022,2839,9.176387
11/30/2022,2840,9.176401
11/30/2022,2841,9.176415
11/30/2022,2842,9.176429
11/30/2022,2843,9.176442
11/30/2022,2844,9.176456
11/30/2022,2845,9.17647
11/30/2022,2846,9.176484
11/30/2022,2847,9.176497
11/30/2022,2848,9.176511
11/30/2022,2849,9.176525
11/30/2022,2850,9.176538
11/30/2022,2851,9.176552
11/30/2022,2852,9.176566
11/30/2022,2853,9.17658
11/30/2022,2854,9.176593
11/30/2022,2855,9.176607
11/30/2022,2856,9.176621
11/30/2022,2857,9.176635
11/30/2022,2858,9.176648
11/30/2022,2859,9.176662
11/30/2022,2860,9.176676
11/30/2022,2861,9.17669
11/30/2022,2862,9.176703
11/30/2022,2863,9.176717
11/30/2022,2864,9.176731
11/30/2022,2865,9.176745
11/30/2022,2866,9.176758
11/30/2022,2867,9.176772
11/30/2022,2868,9.176786
11/30/2022,2869,9.176799
11/30/2022,2870,9.176813
11/30/2022,2871,9.176827
11/30/2022,2872,9.176841
11/30/2022,2873,9.176854
11/30/2022,2874,9.176868
11/30/2022,2875,9.176882
11/30/2022,2876,9.176896
11/30/2022,2877,9.176909
11/30/2022,2878,9.176923
11/30/2022,2879,9.176937
11/30/2022,2880,9.176951
11/30/2022,2881,9.176964
11/30/2022,2882,9.176978
11/30/2022,2883,9.176992
11/30/2022,2884,9.177005
11/30/2022,2885,9.177019
11/30/2022,2886,9.177033
11/30/2022,2887,9.177047
11/30/2022,2888,9.17706
11/30/2022,2889,9.177074
11/30/2022,2890,9.177088
11/30/2022,2891,9.177102
11/30/2022,2892,9.177115
11/30/2022,2893,9.177129
11/30/2022,2894,9.177143
11/30/2022,2895,9.177157
11/30/2022,2896,9.17717
11/30/2022,2897,9.177184
11/30/2022,2898,9.177198
11/30/2022,2899,9.177212
11/30/2022,2900,9.177225
11/30/2022,2901,9.177239
11/30/2022,2902,9.177253
11/30/2022,2903,9.177266
11/30/2022,2904,9.17728
11/30/2022,2905,9.177294
11/30/2022,2906,9.177308
11/30/2022,2907,9.177321
11/30/2022,2908,9.177335
11/30/2022,2909,9.177349
11/30/2022,2910,9.177363
11/30/2022,2911,9.177376
11/30/2022,2912,9.17739
11/30/2022,2913,9.177404
11/30/2022,2914,9.177418
11/30/2022,2915,9.177431
11/30/2022,2916,9.177445
11/30/2022,2917,9.177459
11/30/2022,2918,9.177473
11/30/2022,2919,9.177486
11/30/2022,2920,9.1775
11/30/2022,2921,9.177514
11/30/2022,2922,9.177527
11/30/2022,2923,9.177541
11/30/2022,2924,9.177555
11/30/2022,2925,9.177569
11/30/2022,2926,9.177582
11/30/2022,2927,9.177596
11/30/2022,2928,9.17761
11/30/2022,2929,9.177624
11/30/2022,2930,9.177637
11/30/2022,2931,9.177651
11/30/2022,2932,9.177665
11/30/2022,2933,9.177679
11/30/2022,2934,9.177692
11/30/2022,2935,9.177706
11/30/2022,2936,9.17772
11/30/2022,2937,9.177734
11/30/2022,2938,9.177747
11/30/2022,2939,9.177761
11/30/2022,2940,9.177775
11/30/2022,2941,9.177788
11/30/2022,2942,9.177802
11/30/2022,2943,9.177816
11/30/2022,2944,9.17783
11/30/2022,2945,9.177843
11/30/2022,2946,9.177857
11/30/2022,2947,9.177871
11/30/2022,2948,9.177885
11/30/2022,2949,9.177898
11/30/2022,2950,9.177912
11/30/2022,2951,9.177926
11/30/2022,2952,9.17794
11/30/2022,2953,9.177953
11/30/2022,2954,9.177967
11/30/2022,2955,9.177981
11/30/2022,2956,9.177995
11/30/2022,2957,9.178008
11/30/2022,2958,9.178022
11/30/2022,2959,9.178036
11/30/2022,2960,9.178049
11/30/2022,2961,9.178063
11/30/2022,2962,9.178077
11/30/2022,2963,9.178091
11/30/2022,2964,9.178104
11/30/2022,2965,9.178118
11/30/2022,2966,9.178132
11/30/2022,2967,9.178146
11/30/2022,2968,9.178159
11/30/2022,2969,9.178173
11/30/2022,2970,9.178187
11/30/2022,2971,9.178201
11/30/2022,2972,9.178214
11/30/2022,2973,9.178228
11/30/2022,2974,9.178242
11/30/2022,2975,9.178255
11/30/2022,2976,9.178269
11/30/2022,2977,9.178283
11/30/2022,2978,9.178297
11/30/2022,2979,9.17831
11/30/2022,2980,9.178324
11/30/2022,2981,9.178338
11/30/2022,2982,9.178352
11/30/2022,2983,9.178365
11/30/2022,2984,9.178379
11/30/2022,2985,9.178393
11/30/2022,2986,9.178407
11/30/2022,2987,9.17842
11/30/2022,2988,9.178434
11/30/2022,2989,9.178448
11/30/2022,2990,9.178462
11/30/2022,2991,9.178475
11/30/2022,2992,9.178489
11/30/2022,2993,9.178503
11/30/2022,2994,9.178516
11/30/2022,2995,9.17853
11/30/2022,2996,9.178544
11/30/2022,2997,9.178558
11/30/2022,2998,9.178571
11/30/2022,2999,9.178585
11/30/2022,3000,9.178599
11/30/2022,3001,9.178613
11/30/2022,3002,9.178626
11/30/2022,3003,9.17864
11/30/2022,3004,9.178654
11/30/2022,3005,9.178668
11/30/2022,3006,9.178681
11/30/2022,3007,9.178695
11/30/2022,3008,9.178709
11/30/2022,3009,9.178723
11/30/2022,3010,9.178736
11/30/2022,3011,9.17875
11/30/2022,3012,9.178764
11/30/2022,3013,9.178777
11/30/2022,3014,9.178791
11/30/2022,3015,9.178805
11/30/2022,3016,9.178819
11/30/2022,3017,9.178832
11/30/2022,3018,9.178846
11/30/2022,3019,9.17886
11/30/2022,3020,9.178874
11/30/2022,3021,9.178887
11/30/2022,3022,9.178901
11/30/2022,3023,9.178915
11/30/2022,3024,9.178929
11/30/2022,3025,9.178942
11/30/2022,3026,9.178956
11/30/2022,3027,9.17897
11/30/2022,3028,9.178984
11/30/2022,3029,9.178997
11/30/2022,3030,9.179011
11/30/2022,3031,9.179025
11/30/2022,3032,9.179038
11/30/2022,3033,9.179052
11/30/2022,3034,9.179066
11/30/2022,3035,9.17908
11/30/2022,3036,9.179093
11/30/2022,3037,9.179107
11/30/2022,3038,9.179121
11/30/2022,3039,9.179135
11/30/2022,3040,9.179148
11/30/2022,3041,9.179162
11/30/2022,3042,9.179176
11/30/2022,3043,9.17919
11/30/2022,3044,9.179203
11/30/2022,3045,9.179217
11/30/2022,3046,9.179231
11/30/2022,3047,9.179245
11/30/2022,3048,9.179258
11/30/2022,3049,9.179272
11/30/2022,3050,9.179286
11/30/2022,3051,9.179299
11/30/2022,3052,9.179313
11/30/2022,3053,9.179327
11/30/2022,3054,9.179341
11/30/2022,3055,9.179354
11/30/2022,3056,9.179368
11/30/2022,3057,9.179382
11/30/2022,3058,9.179396
11/30/2022,3059,9.179409
11/30/2022,3060,9.179423
11/30/2022,3061,9.179437
11/30/2022,3062,9.179451
11/30/2022,3063,9.179464
11/30/2022,3064,9.179478
11/30/2022,3065,9.179492
11/30/2022,3066,9.179505
11/30/2022,3067,9.179519
11/30/2022,3068,9.179533
11/30/2022,3069,9.179547
11/30/2022,3070,9.17956
11/30/2022,3071,9.179574
11/30/2022,3072,9.179588
11/30/2022,3073,9.179602
11/30/2022,3074,9.179615
11/30/2022,3075,9.179629
11/30/2022,3076,9.179643
11/30/2022,3077,9.179657
11/30/2022,3078,9.17967
11/30/2022,3079,9.179684
11/30/2022,3080,9.179698
11/30/2022,3081,9.179712
11/30/2022,3082,9.179725
11/30/2022,3083,9.179739
11/30/2022,3084,9.179753
11/30/2022,3085,9.179766
11/30/2022,3086,9.17978
11/30/2022,3087,9.179794
11/30/2022,3088,9.179808
11/30/2022,3089,9.179821
11/30/2022,3090,9.179835
11/30/2022,3091,9.179849
11/30/2022,3092,9.179863
11/30/2022,3093,9.179876
11/30/2022,3094,9.17989
11/30/2022,3095,9.179904
11/30/2022,3096,9.179918
11/30/2022,3097,9.179931
11/30/2022,3098,9.179945
11/30/2022,3099,9.179959
11/30/2022,3100,9.179973
11/30/2022,3101,9.179986
11/30/2022,3102,9.18
11/30/2022,3103,9.180024
11/30/2022,3104,9.180047
11/30/2022,3105,9.180071
11/30/2022,3106,9.180094
11/30/2022,3107,9.180118
11/30/2022,3108,9.180141
11/30/2022,3109,9.180165
11/30/2022,3110,9.180188
11/30/2022,3111,9.180212
11/30/2022,3112,9.180235
11/30/2022,3113,9.180259
11/30/2022,3114,9.180283
11/30/2022,3115,9.180306
11/30/2022,3116,9.18033
11/30/2022,3117,9.180353
11/30/2022,3118,9.180377
11/30/2022,3119,9.1804
11/30/2022,3120,9.180424
11/30/2022,3121,9.180447
11/30/2022,3122,9.180471
11/30/2022,3123,9.180495
11/30/2022,3124,9.180518
11/30/2022,3125,9.180542
11/30/2022,3126,9.180565
11/30/2022,3127,9.180589
11/30/2022,3128,9.180612
11/30/2022,3129,9.180636
11/30/2022,3130,9.180659
11/30/2022,3131,9.180683
11/30/2022,3132,9.180706
11/30/2022,3133,9.18073
11/30/2022,3134,9.180754
11/30/2022,3135,9.180777
11/30/2022,3136,9.180801
11/30/2022,3137,9.180824
11/30/2022,3138,9.180848
11/30/2022,3139,9.180871
11/30/2022,3140,9.180895
11/30/2022,3141,9.180918
11/30/2022,3142,9.180942
11/30/2022,3143,9.180965
11/30/2022,3144,9.180989
11/30/2022,3145,9.181013
11/30/2022,3146,9.181036
11/30/2022,3147,9.18106
11/30/2022,3148,9.181083
11/30/2022,3149,9.181107
11/30/2022,3150,9.18113
11/30/2022,3151,9.181154
11/30/2022,3152,9.181177
11/30/2022,3153,9.181201
11/30/2022,3154,9.181224
11/30/2022,3155,9.181248
11/30/2022,3156,9.181272
11/30/2022,3157,9.181295
11/30/2022,3158,9.181319
11/30/2022,3159,9.181342
11/30/2022,3160,9.181366
11/30/2022,3161,9.181389
11/30/2022,3162,9.181413
11/30/2022,3163,9.181436
11/30/2022,3164,9.18146
11/30/2022,3165,9.181484
11/30/2022,3166,9.181507
11/30/2022,3167,9.181531
11/30/2022,3168,9.181554
11/30/2022,3169,9.181578
11/30/2022,3170,9.181601
11/30/2022,3171,9.181625
11/30/2022,3172,9.181648
11/30/2022,3173,9.181672
11/30/2022,3174,9.181695
11/30/2022,3175,9.181719
11/30/2022,3176,9.181743
11/30/2022,3177,9.181766
11/30/2022,3178,9.18179
11/30/2022,3179,9.181813
11/30/2022,3180,9.181837
11/30/2022,3181,9.18186
11/30/2022,3182,9.181884
11/30/2022,3183,9.181907
11/30/2022,3184,9.181931
11/30/2022,3185,9.181954
11/30/2022,3186,9.181978
11/30/2022,3187,9.182002
11/30/2022,3188,9.182025
11/30/2022,3189,9.182049
11/30/2022,3190,9.182072
11/30/2022,3191,9.182096
11/30/2022,3192,9.182119
11/30/2022,3193,9.182143
11/30/2022,3194,9.182166
11/30/2022,3195,9.18219
11/30/2022,3196,9.182214
11/30/2022,3197,9.182237
11/30/2022,3198,9.182261
11/30/2022,3199,9.182284
11/30/2022,3200,9.182308
11/30/2022,3201,9.182331
11/30/2022,3202,9.182355
11/30/2022,3203,9.182378
11/30/2022,3204,9.182402
11/30/2022,3205,9.182425
11/30/2022,3206,9.182449
11/30/2022,3207,9.182473
11/30/2022,3208,9.182496
11/30/2022,3209,9.18252
11/30/2022,3210,9.182543
11/30/2022,3211,9.182567
11/30/2022,3212,9.18259
11/30/2022,3213,9.182614
11/30/2022,3214,9.182637
11/30/2022,3215,9.182661
11/30/2022,3216,9.182684
11/30/2022,3217,9.182708
11/30/2022,3218,9.182732
11/30/2022,3219,9.182755
11/30/2022,3220,9.182779
11/30/2022,3221,9.182802
11/30/2022,3222,9.182826
11/30/2022,3223,9.182849
11/30/2022,3224,9.182873
11/30/2022,3225,9.182896
11/30/2022,3226,9.18292
11/30/2022,3227,9.182943
11/30/2022,3228,9.182967
11/30/2022,3229,9.182991
11/30/2022,3230,9.183014
11/30/2022,3231,9.183038
11/30/2022,3232,9.183061
11/30/2022,3233,9.183085
11/30/2022,3234,9.183108
11/30/2022,3235,9.183132
11/30/2022,3236,9.183155
11/30/2022,3237,9.183179
11/30/2022,3238,9.183203
11/30/2022,3239,9.183226
11/30/2022,3240,9.18325
11/30/2022,3241,9.183273
11/30/2022,3242,9.183297
11/30/2022,3243,9.18332
11/30/2022,3244,9.183344
11/30/2022,3245,9.183367
11/30/2022,3246,9.183391
11/30/2022,3247,9.183414
11/30/2022,3248,9.183438
11/30/2022,3249,9.183462
11/30/2022,3250,9.183485
11/30/2022,3251,9.183509
11/30/2022,3252,9.183532
11/30/2022,3253,9.183556
11/30/2022,3254,9.183579
11/30/2022,3255,9.183603
11/30/2022,3256,9.183626
11/30/2022,3257,9.18365
11/30/2022,3258,9.183673
11/30/2022,3259,9.183697
11/30/2022,3260,9.183721
11/30/2022,3261,9.183744
11/30/2022,3262,9.183768
11/30/2022,3263,9.183791
11/30/2022,3264,9.183815
11/30/2022,3265,9.183838
11/30/2022,3266,9.183862
11/30/2022,3267,9.183885
11/30/2022,3268,9.183909
11/30/2022,3269,9.183932
11/30/2022,3270,9.183956
11/30/2022,3271,9.18398
11/30/2022,3272,9.184003
11/30/2022,3273,9.184027
11/30/2022,3274,9.18405
11/30/2022,3275,9.184074
11/30/2022,3276,9.184097
11/30/2022,3277,9.184121
11/30/2022,3278,9.184144
11/30/2022,3279,9.184168
11/30/2022,3280,9.184192
11/30/2022,3281,9.184215
11/30/2022,3282,9.184239
11/30/2022,3283,9.184262
11/30/2022,3284,9.184286
11/30/2022,3285,9.184309
11/30/2022,3286,9.184333
11/30/2022,3287,9.184356
11/30/2022,3288,9.18438
11/30/2022,3289,9.184403
11/30/2022,3290,9.184427
11/30/2022,3291,9.184451
11/30/2022,3292,9.184474
11/30/2022,3293,9.184498
11/30/2022,3294,9.184521
11/30/2022,3295,9.184545
11/30/2022,3296,9.184568
11/30/2022,3297,9.184592
11/30/2022,3298,9.184615
11/30/2022,3299,9.184639
11/30/2022,3300,9.184662
11/30/2022,3301,9.184686
11/30/2022,3302,9.18471
11/30/2022,3303,9.184733
11/30/2022,3304,9.184757
11/30/2022,3305,9.18478
11/30/2022,3306,9.184804
11/30/2022,3307,9.184827
11/30/2022,3308,9.184851
11/30/2022,3309,9.184874
11/30/2022,3310,9.184898
11/30/2022,3311,9.184922
11/30/2022,3312,9.184945
11/30/2022,3313,9.184969
11/30/2022,3314,9.184992
11/30/2022,3315,9.185016
11/30/2022,3316,9.185039
11/30/2022,3317,9.185063
11/30/2022,3318,9.185086
11/30/2022,3319,9.18511
11/30/2022,3320,9.185133
11/30/2022,3321,9.185157
11/30/2022,3322,9.185181
11/30/2022,3323,9.185204
11/30/2022,3324,9.185228
11/30/2022,3325,9.185251
11/30/2022,3326,9.185275
11/30/2022,3327,9.185298
11/30/2022,3328,9.185322
11/30/2022,3329,9.185345
11/30/2022,3330,9.185369
11/30/2022,3331,9.185392
11/30/2022,3332,9.185416
11/30/2022,3333,9.18544
11/30/2022,3334,9.185463
11/30/2022,3335,9.185487
11/30/2022,3336,9.18551
11/30/2022,3337,9.185534
11/30/2022,3338,9.185557
11/30/2022,3339,9.185581
11/30/2022,3340,9.185604
11/30/2022,3341,9.185628
11/30/2022,3342,9.185651
11/30/2022,3343,9.185675
11/30/2022,3344,9.185699
11/30/2022,3345,9.185722
11/30/2022,3346,9.185746
11/30/2022,3347,9.185769
11/30/2022,3348,9.185793
11/30/2022,3349,9.185816
11/30/2022,3350,9.18584
11/30/2022,3351,9.185863
11/30/2022,3352,9.185887
11/30/2022,3353,9.185911
11/30/2022,3354,9.185934
11/30/2022,3355,9.185958
11/30/2022,3356,9.185981
11/30/2022,3357,9.186005
11/30/2022,3358,9.186028
11/30/2022,3359,9.186052
11/30/2022,3360,9.186075
11/30/2022,3361,9.186099
11/30/2022,3362,9.186122
11/30/2022,3363,9.186146
11/30/2022,3364,9.18617
11/30/2022,3365,9.186193
11/30/2022,3366,9.186217
11/30/2022,3367,9.18624
11/30/2022,3368,9.186264
11/30/2022,3369,9.186287
11/30/2022,3370,9.186311
11/30/2022,3371,9.186334
11/30/2022,3372,9.186358
11/30/2022,3373,9.186381
11/30/2022,3374,9.186405
11/30/2022,3375,9.186429
11/30/2022,3376,9.186452
11/30/2022,3377,9.186476
11/30/2022,3378,9.186499
11/30/2022,3379,9.186523
11/30/2022,3380,9.186546
11/30/2022,3381,9.18657
11/30/2022,3382,9.186593
11/30/2022,3383,9.186617
11/30/2022,3384,9.186641
11/30/2022,3385,9.186664
11/30/2022,3386,9.186688
11/30/2022,3387,9.186711
11/30/2022,3388,9.186735
11/30/2022,3389,9.186758
11/30/2022,3390,9.186782
11/30/2022,3391,9.186805
11/30/2022,3392,9.186829
11/30/2022,3393,9.186852
11/30/2022,3394,9.186876
11/30/2022,3395,9.1869
11/30/2022,3396,9.186923
11/30/2022,3397,9.186947
11/30/2022,3398,9.18697
11/30/2022,3399,9.186994
11/30/2022,3400,9.187017
11/30/2022,3401,9.187041
11/30/2022,3402,9.187064
11/30/2022,3403,9.187088
11/30/2022,3404,9.187111
11/30/2022,3405,9.187135
11/30/2022,3406,9.187159
11/30/2022,3407,9.187182
11/30/2022,3408,9.187206
11/30/2022,3409,9.187229
11/30/2022,3410,9.187253
11/30/2022,3411,9.187276
11/30/2022,3412,9.1873
11/30/2022,3413,9.187323
11/30/2022,3414,9.187347
11/30/2022,3415,9.18737
11/30/2022,3416,9.187394
11/30/2022,3417,9.187418
11/30/2022,3418,9.187441
11/30/2022,3419,9.187465
11/30/2022,3420,9.187488
11/30/2022,3421,9.187512
11/30/2022,3422,9.187535
11/30/2022,3423,9.187559
11/30/2022,3424,9.187582
11/30/2022,3425,9.187606
11/30/2022,3426,9.18763
11/30/2022,3427,9.187653
11/30/2022,3428,9.187677
11/30/2022,3429,9.1877
11/30/2022,3430,9.187724
11/30/2022,3431,9.187747
11/30/2022,3432,9.187771
11/30/2022,3433,9.187794
11/30/2022,3434,9.187818
11/30/2022,3435,9.187841
11/30/2022,3436,9.187865
11/30/2022,3437,9.187889
11/30/2022,3438,9.187912
11/30/2022,3439,9.187936
11/30/2022,3440,9.187959
11/30/2022,3441,9.187983
11/30/2022,3442,9.188006
11/30/2022,3443,9.18803
11/30/2022,3444,9.188053
11/30/2022,3445,9.188077
11/30/2022,3446,9.1881
11/30/2022,3447,9.188124
11/30/2022,3448,9.188148
11/30/2022,3449,9.188171
11/30/2022,3450,9.188195
11/30/2022,3451,9.188218
11/30/2022,3452,9.188242
11/30/2022,3453,9.188265
11/30/2022,3454,9.188289
11/30/2022,3455,9.188312
11/30/2022,3456,9.188336
11/30/2022,3457,9.188359
11/30/2022,3458,9.188383
11/30/2022,3459,9.188407
11/30/2022,3460,9.18843
11/30/2022,3461,9.188454
11/30/2022,3462,9.188477
11/30/2022,3463,9.188501
11/30/2022,3464,9.188524
11/30/2022,3465,9.188548
11/30/2022,3466,9.188571
11/30/2022,3467,9.188595
11/30/2022,3468,9.188619
11/30/2022,3469,9.188642
11/30/2022,3470,9.188666
11/30/2022,3471,9.188689
11/30/2022,3472,9.188713
11/30/2022,3473,9.188736
11/30/2022,3474,9.18876
11/30/2022,3475,9.188783
11/30/2022,3476,9.188807
11/30/2022,3477,9.18883
11/30/2022,3478,9.188854
11/30/2022,3479,9.188878
11/30/2022,3480,9.188901
11/30/2022,3481,9.188925
11/30/2022,3482,9.188948
11/30/2022,3483,9.188972
11/30/2022,3484,9.188995
11/30/2022,3485,9.189019
11/30/2022,3486,9.189042
11/30/2022,3487,9.189066
11/30/2022,3488,9.189089
11/30/2022,3489,9.189113
11/30/2022,3490,9.189137
11/30/2022,3491,9.18916
11/30/2022,3492,9.189184
11/30/2022,3493,9.189207
11/30/2022,3494,9.189231
11/30/2022,3495,9.189254
11/30/2022,3496,9.189278
11/30/2022,3497,9.189301
11/30/2022,3498,9.189325
11/30/2022,3499,9.189349
11/30/2022,3500,9.189372
11/30/2022,3501,9.189396
11/30/2022,3502,9.189419
11/30/2022,3503,9.189443
11/30/2022,3504,9.189466
11/30/2022,3505,9.18949
11/30/2022,3506,9.189513
11/30/2022,3507,9.189537
11/30/2022,3508,9.18956
11/30/2022,3509,9.189584
11/30/2022,3510,9.189608
11/30/2022,3511,9.189631
11/30/2022,3512,9.189655
11/30/2022,3513,9.189678
11/30/2022,3514,9.189702
11/30/2022,3515,9.189725
11/30/2022,3516,9.189749
11/30/2022,3517,9.189772
11/30/2022,3518,9.189796
11/30/2022,3519,9.189819
11/30/2022,3520,9.189843
11/30/2022,3521,9.189867
11/30/2022,3522,9.18989
11/30/2022,3523,9.189914
11/30/2022,3524,9.189937
11/30/2022,3525,9.189961
11/30/2022,3526,9.189984
11/30/2022,3527,9.190008
11/30/2022,3528,9.190031
11/30/2022,3529,9.190055
11/30/2022,3530,9.190078
11/30/2022,3531,9.190102
11/30/2022,3532,9.190126
11/30/2022,3533,9.190149
11/30/2022,3534,9.190173
11/30/2022,3535,9.190196
11/30/2022,3536,9.19022
11/30/2022,3537,9.190243
11/30/2022,3538,9.190267
11/30/2022,3539,9.19029
11/30/2022,3540,9.190314
11/30/2022,3541,9.190338
11/30/2022,3542,9.190361
11/30/2022,3543,9.190385
11/30/2022,3544,9.190408
11/30/2022,3545,9.190432
11/30/2022,3546,9.190455
11/30/2022,3547,9.190479
11/30/2022,3548,9.190502
11/30/2022,3549,9.190526
11/30/2022,3550,9.190549
11/30/2022,3551,9.190573
11/30/2022,3552,9.190597
11/30/2022,3553,9.19062
11/30/2022,3554,9.190644
11/30/2022,3555,9.190667
11/30/2022,3556,9.190691
11/30/2022,3557,9.190714
11/30/2022,3558,9.190738
11/30/2022,3559,9.190761
11/30/2022,3560,9.190785
11/30/2022,3561,9.190808
11/30/2022,3562,9.190832
11/30/2022,3563,9.190856
11/30/2022,3564,9.190879
11/30/2022,3565,9.190903
11/30/2022,3566,9.190926
11/30/2022,3567,9.19095
11/30/2022,3568,9.190973
11/30/2022,3569,9.190997
11/30/2022,3570,9.19102
11/30/2022,3571,9.191044
11/30/2022,3572,9.191068
11/30/2022,3573,9.191091
11/30/2022,3574,9.191115
11/30/2022,3575,9.191138
11/30/2022,3576,9.191162
11/30/2022,3577,9.191185
11/30/2022,3578,9.191209
11/30/2022,3579,9.191232
11/30/2022,3580,9.191256
11/30/2022,3581,9.191279
11/30/2022,3582,9.191303
11/30/2022,3583,9.191327
11/30/2022,3584,9.19135
11/30/2022,3585,9.191374
11/30/2022,3586,9.191397
11/30/2022,3587,9.191421
11/30/2022,3588,9.191444
11/30/2022,3589,9.191468
11/30/2022,3590,9.191491
11/30/2022,3591,9.191515
11/30/2022,3592,9.191538
11/30/2022,3593,9.191562
11/30/2022,3594,9.191586
11/30/2022,3595,9.191609
11/30/2022,3596,9.191633
11/30/2022,3597,9.191656
11/30/2022,3598,9.19168
11/30/2022,3599,9.191703
11/30/2022,3600,9.191727
11/30/2022,3601,9.19175
11/30/2022,3602,9.191774
11/30/2022,3603,9.191797
11/30/2022,3604,9.191821
11/30/2022,3605,9.191845
11/30/2022,3606,9.191868
11/30/2022,3607,9.191892
11/30/2022,3608,9.191915
11/30/2022,3609,9.191939
11/30/2022,3610,9.191962
11/30/2022,3611,9.191986
11/30/2022,3612,9.192009
11/30/2022,3613,9.192033
11/30/2022,3614,9.192057
11/30/2022,3615,9.19208
11/30/2022,3616,9.192104
11/30/2022,3617,9.192127
11/30/2022,3618,9.192151
11/30/2022,3619,9.192174
11/30/2022,3620,9.192198
11/30/2022,3621,9.192221
11/30/2022,3622,9.192245
11/30/2022,3623,9.192268
11/30/2022,3624,9.192292
11/30/2022,3625,9.192316
11/30/2022,3626,9.192339
11/30/2022,3627,9.192363
11/30/2022,3628,9.192386
11/30/2022,3629,9.19241
11/30/2022,3630,9.192433
11/30/2022,3631,9.192457
11/30/2022,3632,9.19248
11/30/2022,3633,9.192504
11/30/2022,3634,9.192527
11/30/2022,3635,9.192551
11/30/2022,3636,9.192575
11/30/2022,3637,9.192598
11/30/2022,3638,9.192622
11/30/2022,3639,9.192645
11/30/2022,3640,9.192669
11/30/2022,3641,9.192692
11/30/2022,3642,9.192716
11/30/2022,3643,9.192739
11/30/2022,3644,9.192763
11/30/2022,3645,9.192786
11/30/2022,3646,9.19281
11/30/2022,3647,9.192834
11/30/2022,3648,9.192857
11/30/2022,3649,9.192881
11/30/2022,3650,9.192904
11/30/2022,3651,9.192928
11/30/2022,3652,9.192951
11/30/2022,3653,9.192975
11/30/2022,3654,9.192998
11/30/2022,3655,9.193022
11/30/2022,3656,9.193046
11/30/2022,3657,9.193069
11/30/2022,3658,9.193093
11/30/2022,3659,9.193116
11/30/2022,3660,9.19314
11/30/2022,3661,9.193163
11/30/2022,3662,9.193187
11/30/2022,3663,9.19321
11/30/2022,3664,9.193234
11/30/2022,3665,9.193257
11/30/2022,3666,9.193281
11/30/2022,3667,9.193305
11/30/2022,3668,9.193328
11/30/2022,3669,9.193352
11/30/2022,3670,9.193375
11/30/2022,3671,9.193399
11/30/2022,3672,9.193422
11/30/2022,3673,9.193446
11/30/2022,3674,9.193469
11/30/2022,3675,9.193493
11/30/2022,3676,9.193516
11/30/2022,3677,9.19354
11/30/2022,3678,9.193564
11/30/2022,3679,9.193587
11/30/2022,3680,9.193611
11/30/2022,3681,9.193634
11/30/2022,3682,9.193658
11/30/2022,3683,9.193681
11/30/2022,3684,9.193705
11/30/2022,3685,9.193728
11/30/2022,3686,9.193752
11/30/2022,3687,9.193776
11/30/2022,3688,9.193799
11/30/2022,3689,9.193823
11/30/2022,3690,9.193846
11/30/2022,3691,9.19387
11/30/2022,3692,9.193893
11/30/2022,3693,9.193917
11/30/2022,3694,9.19394
11/30/2022,3695,9.193964
11/30/2022,3696,9.193987
11/30/2022,3697,9.194011
11/30/2022,3698,9.194035
11/30/2022,3699,9.194058
11/30/2022,3700,9.194082
11/30/2022,3701,9.194105
11/30/2022,3702,9.194129
11/30/2022,3703,9.194152
11/30/2022,3704,9.194176
11/30/2022,3705,9.194199
11/30/2022,3706,9.194223
11/30/2022,3707,9.194246
11/30/2022,3708,9.19427
11/30/2022,3709,9.194294
11/30/2022,3710,9.194317
11/30/2022,3711,9.194341
11/30/2022,3712,9.194364
11/30/2022,3713,9.194388
11/30/2022,3714,9.194411
11/30/2022,3715,9.194435
11/30/2022,3716,9.194458
11/30/2022,3717,9.194482
11/30/2022,3718,9.194505
11/30/2022,3719,9.194529
11/30/2022,3720,9.194553
11/30/2022,3721,9.194576
11/30/2022,3722,9.1946
11/30/2022,3723,9.194623
11/30/2022,3724,9.194647
11/30/2022,3725,9.19467
11/30/2022,3726,9.194694
11/30/2022,3727,9.194717
11/30/2022,3728,9.194741
11/30/2022,3729,9.194765
11/30/2022,3730,9.194788
11/30/2022,3731,9.194812
11/30/2022,3732,9.194835
11/30/2022,3733,9.194859
11/30/2022,3734,9.194882
11/30/2022,3735,9.194906
11/30/2022,3736,9.194929
11/30/2022,3737,9.194953
11/30/2022,3738,9.194976
11/30/2022,3739,9.195
11/30/2022,3740,9.195024
11/30/2022,3741,9.195047
11/30/2022,3742,9.195071
11/30/2022,3743,9.195094
11/30/2022,3744,9.195118
11/30/2022,3745,9.195141
11/30/2022,3746,9.195165
11/30/2022,3747,9.195188
11/30/2022,3748,9.195212
11/30/2022,3749,9.195235
11/30/2022,3750,9.195259
11/30/2022,3751,9.195283
11/30/2022,3752,9.195306
11/30/2022,3753,9.19533
11/30/2022,3754,9.195353
11/30/2022,3755,9.195377
11/30/2022,3756,9.1954
11/30/2022,3757,9.195424
11/30/2022,3758,9.195447
11/30/2022,3759,9.195471
11/30/2022,3760,9.195495
11/30/2022,3761,9.195518
11/30/2022,3762,9.195542
11/30/2022,3763,9.195565
11/30/2022,3764,9.195589
11/30/2022,3765,9.195612
11/30/2022,3766,9.195636
11/30/2022,3767,9.195659
11/30/2022,3768,9.195683
11/30/2022,3769,9.195706
11/30/2022,3770,9.19573
11/30/2022,3771,9.195754
11/30/2022,3772,9.195777
11/30/2022,3773,9.195801
11/30/2022,3774,9.195824
11/30/2022,3775,9.195848
11/30/2022,3776,9.195871
11/30/2022,3777,9.195895
11/30/2022,3778,9.195918
11/30/2022,3779,9.195942
11/30/2022,3780,9.195965
11/30/2022,3781,9.195989
11/30/2022,3782,9.196013
11/30/2022,3783,9.196036
11/30/2022,3784,9.19606
11/30/2022,3785,9.196083
11/30/2022,3786,9.196107
11/30/2022,3787,9.19613
11/30/2022,3788,9.196154
11/30/2022,3789,9.196177
11/30/2022,3790,9.196201
11/30/2022,3791,9.196224
11/30/2022,3792,9.196248
11/30/2022,3793,9.196272
11/30/2022,3794,9.196295
11/30/2022,3795,9.196319
11/30/2022,3796,9.196342
11/30/2022,3797,9.196366
11/30/2022,3798,9.196389
11/30/2022,3799,9.196413
11/30/2022,3800,9.196436
11/30/2022,3801,9.19646
11/30/2022,3802,9.196484
11/30/2022,3803,9.196507
11/30/2022,3804,9.196531
11/30/2022,3805,9.196554
11/30/2022,3806,9.196578
11/30/2022,3807,9.196601
11/30/2022,3808,9.196625
11/30/2022,3809,9.196648
11/30/2022,3810,9.196672
11/30/2022,3811,9.196695
11/30/2022,3812,9.196719
11/30/2022,3813,9.196743
11/30/2022,3814,9.196766
11/30/2022,3815,9.19679
11/30/2022,3816,9.196813
11/30/2022,3817,9.196837
11/30/2022,3818,9.19686
11/30/2022,3819,9.196884
11/30/2022,3820,9.196907
11/30/2022,3821,9.196931
11/30/2022,3822,9.196954
11/30/2022,3823,9.196978
11/30/2022,3824,9.197002
11/30/2022,3825,9.197025
11/30/2022,3826,9.197049
11/30/2022,3827,9.197072
11/30/2022,3828,9.197096
11/30/2022,3829,9.197119
11/30/2022,3830,9.197143
11/30/2022,3831,9.197166
11/30/2022,3832,9.19719
11/30/2022,3833,9.197214
11/30/2022,3834,9.197237
11/30/2022,3835,9.197261
11/30/2022,3836,9.197284
11/30/2022,3837,9.197308
11/30/2022,3838,9.197331
11/30/2022,3839,9.197355
11/30/2022,3840,9.197378
11/30/2022,3841,9.197402
11/30/2022,3842,9.197425
11/30/2022,3843,9.197449
11/30/2022,3844,9.197473
11/30/2022,3845,9.197496
11/30/2022,3846,9.19752
11/30/2022,3847,9.197543
11/30/2022,3848,9.197567
11/30/2022,3849,9.19759
11/30/2022,3850,9.197614
11/30/2022,3851,9.197637
11/30/2022,3852,9.197661
11/30/2022,3853,9.197684
11/30/2022,3854,9.197708
11/30/2022,3855,9.197732
11/30/2022,3856,9.197755
11/30/2022,3857,9.197779
11/30/2022,3858,9.197802
11/30/2022,3859,9.197826
11/30/2022,3860,9.197849
11/30/2022,3861,9.197873
11/30/2022,3862,9.197896
11/30/2022,3863,9.19792
11/30/2022,3864,9.197943
11/30/2022,3865,9.197967
11/30/2022,3866,9.197991
11/30/2022,3867,9.198014
11/30/2022,3868,9.198038
11/30/2022,3869,9.198061
11/30/2022,3870,9.198085
11/30/2022,3871,9.198108
11/30/2022,3872,9.198132
11/30/2022,3873,9.198155
11/30/2022,3874,9.198179
11/30/2022,3875,9.198203
11/30/2022,3876,9.198226
11/30/2022,3877,9.19825
11/30/2022,3878,9.198273
11/30/2022,3879,9.198297
11/30/2022,3880,9.19832
11/30/2022,3881,9.198344
11/30/2022,3882,9.198367
11/30/2022,3883,9.198391
11/30/2022,3884,9.198414
11/30/2022,3885,9.198438
11/30/2022,3886,9.198462
11/30/2022,3887,9.198485
11/30/2022,3888,9.198509
11/30/2022,3889,9.198532
11/30/2022,3890,9.198556
11/30/2022,3891,9.198579
11/30/2022,3892,9.198603
11/30/2022,3893,9.198626
11/30/2022,3894,9.19865
11/30/2022,3895,9.198673
11/30/2022,3896,9.198697
11/30/2022,3897,9.198721
11/30/2022,3898,9.198744
11/30/2022,3899,9.198768
11/30/2022,3900,9.198791
11/30/2022,3901,9.198815
11/30/2022,3902,9.198838
11/30/2022,3903,9.198862
11/30/2022,3904,9.198885
11/30/2022,3905,9.198909
11/30/2022,3906,9.198932
11/30/2022,3907,9.198956
11/30/2022,3908,9.19898
11/30/2022,3909,9.199003
11/30/2022,3910,9.199027
11/30/2022,3911,9.19905
11/30/2022,3912,9.199074
11/30/2022,3913,9.199097
11/30/2022,3914,9.199121
11/30/2022,3915,9.199144
11/30/2022,3916,9.199168
11/30/2022,3917,9.199192
11/30/2022,3918,9.199215
11/30/2022,3919,9.199239
11/30/2022,3920,9.199262
11/30/2022,3921,9.199286
11/30/2022,3922,9.199309
11/30/2022,3923,9.199333
11/30/2022,3924,9.199356
11/30/2022,3925,9.19938
11/30/2022,3926,9.199403
11/30/2022,3927,9.199427
11/30/2022,3928,9.199451
11/30/2022,3929,9.199474
11/30/2022,3930,9.199498
11/30/2022,3931,9.199521
11/30/2022,3932,9.199545
11/30/2022,3933,9.199568
11/30/2022,3934,9.199592
11/30/2022,3935,9.199615
11/30/2022,3936,9.199639
11/30/2022,3937,9.199662
11/30/2022,3938,9.199686
11/30/2022,3939,9.19971
11/30/2022,3940,9.199733
11/30/2022,3941,9.199757
11/30/2022,3942,9.19978
11/30/2022,3943,9.199804
11/30/2022,3944,9.199827
11/30/2022,3945,9.199851
11/30/2022,3946,9.199874
11/30/2022,3947,9.199898
11/30/2022,3948,9.199922
11/30/2022,3949,9.199945
11/30/2022,3950,9.199969
11/30/2022,3951,9.199992
11/30/2022,3952,9.200016
11/30/2022,3953,9.200039
11/30/2022,3954,9.200063
11/30/2022,3955,9.200086
11/30/2022,3956,9.20011
11/30/2022,3957,9.200133
11/30/2022,3958,9.200157
11/30/2022,3959,9.200181
11/30/2022,3960,9.200204
11/30/2022,3961,9.200228
11/30/2022,3962,9.200251
11/30/2022,3963,9.200275
11/30/2022,3964,9.200298
11/30/2022,3965,9.200322
11/30/2022,3966,9.200345
11/30/2022,3967,9.200369
11/30/2022,3968,9.200392
11/30/2022,3969,9.200416
11/30/2022,3970,9.20044
11/30/2022,3971,9.200463
11/30/2022,3972,9.200487
11/30/2022,3973,9.20051
11/30/2022,3974,9.200534
11/30/2022,3975,9.200557
11/30/2022,3976,9.200581
11/30/2022,3977,9.200604
11/30/2022,3978,9.200628
11/30/2022,3979,9.200651
11/30/2022,3980,9.200675
11/30/2022,3981,9.200699
11/30/2022,3982,9.200722
11/30/2022,3983,9.200746
11/30/2022,3984,9.200769
11/30/2022,3985,9.200793
11/30/2022,3986,9.200816
11/30/2022,3987,9.20084
11/30/2022,3988,9.200863
11/30/2022,3989,9.200887
11/30/2022,3990,9.200911
11/30/2022,3991,9.200934
11/30/2022,3992,9.200958
11/30/2022,3993,9.200981
11/30/2022,3994,9.201005
11/30/2022,3995,9.201028
11/30/2022,3996,9.201052
11/30/2022,3997,9.201075
11/30/2022,3998,9.201099
11/30/2022,3999,9.201122
11/30/2022,4000,9.201146
11/30/2022,4001,9.20117
11/30/2022,4002,9.201193
11/30/2022,4003,9.201217
11/30/2022,4004,9.20124
11/30/2022,4005,9.201264
11/30/2022,4006,9.201287
11/30/2022,4007,9.201311
11/30/2022,4008,9.201334
11/30/2022,4009,9.201358
11/30/2022,4010,9.201381
11/30/2022,4011,9.201405
11/30/2022,4012,9.201429
11/30/2022,4013,9.201452
11/30/2022,4014,9.201476
11/30/2022,4015,9.201499
11/30/2022,4016,9.201523
11/30/2022,4017,9.201546
11/30/2022,4018,9.20157
11/30/2022,4019,9.201593
11/30/2022,4020,9.201617
11/30/2022,4021,9.201641
11/30/2022,4022,9.201664
11/30/2022,4023,9.201688
11/30/2022,4024,9.201711
11/30/2022,4025,9.201735
11/30/2022,4026,9.201758
11/30/2022,4027,9.201782
11/30/2022,4028,9.201805
11/30/2022,4029,9.201829
11/30/2022,4030,9.201852
11/30/2022,4031,9.201876
11/30/2022,4032,9.2019
11/30/2022,4033,9.201923
11/30/2022,4034,9.201947
11/30/2022,4035,9.20197
11/30/2022,4036,9.201994
11/30/2022,4037,9.202017
11/30/2022,4038,9.202041
11/30/2022,4039,9.202064
11/30/2022,4040,9.202088
11/30/2022,4041,9.202111
11/30/2022,4042,9.202135
11/30/2022,4043,9.202159
11/30/2022,4044,9.202182
11/30/2022,4045,9.202206
11/30/2022,4046,9.202229
11/30/2022,4047,9.202253
11/30/2022,4048,9.202276
11/30/2022,4049,9.2023
11/30/2022,4050,9.202323
11/30/2022,4051,9.202347
11/30/2022,4052,9.20237
11/30/2022,4053,9.202394
11/30/2022,4054,9.202418
11/30/2022,4055,9.202441
11/30/2022,4056,9.202465
11/30/2022,4057,9.202488
11/30/2022,4058,9.202512
11/30/2022,4059,9.202535
11/30/2022,4060,9.202559
11/30/2022,4061,9.202582
11/30/2022,4062,9.202606
11/30/2022,4063,9.20263
11/30/2022,4064,9.202653
11/30/2022,4065,9.202677
11/30/2022,4066,9.2027
11/30/2022,4067,9.202724
11/30/2022,4068,9.202747
11/30/2022,4069,9.202771
11/30/2022,4070,9.202794
11/30/2022,4071,9.202818
11/30/2022,4072,9.202841
11/30/2022,4073,9.202865
11/30/2022,4074,9.202889
11/30/2022,4075,9.202912
11/30/2022,4076,9.202936
11/30/2022,4077,9.202959
11/30/2022,4078,9.202983
11/30/2022,4079,9.203006
11/30/2022,4080,9.20303
11/30/2022,4081,9.203053
11/30/2022,4082,9.203077
11/30/2022,4083,9.2031
11/30/2022,4084,9.203124
11/30/2022,4085,9.203148
11/30/2022,4086,9.203171
11/30/2022,4087,9.203195
11/30/2022,4088,9.203218
11/30/2022,4089,9.203242
11/30/2022,4090,9.203265
11/30/2022,4091,9.203289
11/30/2022,4092,9.203312
11/30/2022,4093,9.203336
11/30/2022,4094,9.203359
11/30/2022,4095,9.203383
11/30/2022,4096,9.203407
11/30/2022,4097,9.20343
11/30/2022,4098,9.203454
11/30/2022,4099,9.203477
11/30/2022,4100,9.203501
11/30/2022,4101,9.203524
11/30/2022,4102,9.203548
11/30/2022,4103,9.203571
11/30/2022,4104,9.203595
11/30/2022,4105,9.203619
11/30/2022,4106,9.203642
11/30/2022,4107,9.203666
11/30/2022,4108,9.203689
11/30/2022,4109,9.203713
11/30/2022,4110,9.203736
11/30/2022,4111,9.20376
11/30/2022,4112,9.203783
11/30/2022,4113,9.203807
11/30/2022,4114,9.20383
11/30/2022,4115,9.203854
11/30/2022,4116,9.203878
11/30/2022,4117,9.203901
11/30/2022,4118,9.203925
11/30/2022,4119,9.203948
11/30/2022,4120,9.203972
11/30/2022,4121,9.203995
11/30/2022,4122,9.204019
11/30/2022,4123,9.204042
11/30/2022,4124,9.204066
11/30/2022,4125,9.204089
11/30/2022,4126,9.204113
11/30/2022,4127,9.204137
11/30/2022,4128,9.20416
11/30/2022,4129,9.204184
11/30/2022,4130,9.204207
11/30/2022,4131,9.204231
11/30/2022,4132,9.204254
11/30/2022,4133,9.204278
11/30/2022,4134,9.204301
11/30/2022,4135,9.204325
11/30/2022,4136,9.204349
11/30/2022,4137,9.204372
11/30/2022,4138,9.204396
11/30/2022,4139,9.204419
11/30/2022,4140,9.204443
11/30/2022,4141,9.204466
11/30/2022,4142,9.20449
11/30/2022,4143,9.204513
11/30/2022,4144,9.204537
11/30/2022,4145,9.20456
11/30/2022,4146,9.204584
11/30/2022,4147,9.204608
11/30/2022,4148,9.204631
11/30/2022,4149,9.204655
11/30/2022,4150,9.204678
11/30/2022,4151,9.204702
11/30/2022,4152,9.204725
11/30/2022,4153,9.204749
11/30/2022,4154,9.204772
11/30/2022,4155,9.204796
11/30/2022,4156,9.204819
11/30/2022,4157,9.204843
11/30/2022,4158,9.204867
11/30/2022,4159,9.20489
11/30/2022,4160,9.204914
11/30/2022,4161,9.204937
11/30/2022,4162,9.204961
11/30/2022,4163,9.204984
11/30/2022,4164,9.205008
11/30/2022,4165,9.205031
11/30/2022,4166,9.205055
11/30/2022,4167,9.205078
11/30/2022,4168,9.205102
11/30/2022,4169,9.205126
11/30/2022,4170,9.205149
11/30/2022,4171,9.205173
11/30/2022,4172,9.205196
11/30/2022,4173,9.20522
11/30/2022,4174,9.205243
11/30/2022,4175,9.205267
11/30/2022,4176,9.20529
11/30/2022,4177,9.205314
11/30/2022,4178,9.205338
11/30/2022,4179,9.205361
11/30/2022,4180,9.205385
11/30/2022,4181,9.205408
11/30/2022,4182,9.205432
11/30/2022,4183,9.205455
11/30/2022,4184,9.205479
11/30/2022,4185,9.205502
11/30/2022,4186,9.205526
11/30/2022,4187,9.205549
11/30/2022,4188,9.205573
11/30/2022,4189,9.205597
11/30/2022,4190,9.20562
11/30/2022,4191,9.205644
11/30/2022,4192,9.205667
11/30/2022,4193,9.205691
11/30/2022,4194,9.205714
11/30/2022,4195,9.205738
11/30/2022,4196,9.205761
11/30/2022,4197,9.205785
11/30/2022,4198,9.205808
11/30/2022,4199,9.205832
11/30/2022,4200,9.205856
11/30/2022,4201,9.205879
11/30/2022,4202,9.205903
11/30/2022,4203,9.205926
11/30/2022,4204,9.20595
11/30/2022,4205,9.205973
11/30/2022,4206,9.205997
11/30/2022,4207,9.20602
11/30/2022,4208,9.206044
11/30/2022,4209,9.206068
11/30/2022,4210,9.206091
11/30/2022,4211,9.206115
11/30/2022,4212,9.206138
11/30/2022,4213,9.206162
11/30/2022,4214,9.206185
11/30/2022,4215,9.206209
11/30/2022,4216,9.206232
11/30/2022,4217,9.206256
11/30/2022,4218,9.206279
11/30/2022,4219,9.206303
11/30/2022,4220,9.206327
11/30/2022,4221,9.20635
11/30/2022,4222,9.206374
11/30/2022,4223,9.206397
11/30/2022,4224,9.206421
11/30/2022,4225,9.206444
11/30/2022,4226,9.206468
11/30/2022,4227,9.206491
11/30/2022,4228,9.206515
11/30/2022,4229,9.206538
11/30/2022,4230,9.206562
11/30/2022,4231,9.206586
11/30/2022,4232,9.206609
11/30/2022,4233,9.206633
11/30/2022,4234,9.206656
11/30/2022,4235,9.20668
11/30/2022,4236,9.206703
11/30/2022,4237,9.206727
11/30/2022,4238,9.20675
11/30/2022,4239,9.206774
11/30/2022,4240,9.206797
11/30/2022,4241,9.206821
11/30/2022,4242,9.206845
11/30/2022,4243,9.206868
11/30/2022,4244,9.206892
11/30/2022,4245,9.206915
11/30/2022,4246,9.206939
11/30/2022,4247,9.206962
11/30/2022,4248,9.206986
11/30/2022,4249,9.207009
11/30/2022,4250,9.207033
11/30/2022,4251,9.207057
11/30/2022,4252,9.20708
11/30/2022,4253,9.207104
11/30/2022,4254,9.207127
11/30/2022,4255,9.207151
11/30/2022,4256,9.207174
11/30/2022,4257,9.207198
11/30/2022,4258,9.207221
11/30/2022,4259,9.207245
11/30/2022,4260,9.207268
11/30/2022,4261,9.207292
11/30/2022,4262,9.207316
11/30/2022,4263,9.207339
11/30/2022,4264,9.207363
11/30/2022,4265,9.207386
11/30/2022,4266,9.20741
11/30/2022,4267,9.207433
11/30/2022,4268,9.207457
11/30/2022,4269,9.20748
11/30/2022,4270,9.207504
11/30/2022,4271,9.207527
11/30/2022,4272,9.207551
11/30/2022,4273,9.207575
11/30/2022,4274,9.207598
11/30/2022,4275,9.207622
11/30/2022,4276,9.207645
11/30/2022,4277,9.207669
11/30/2022,4278,9.207692
11/30/2022,4279,9.207716
11/30/2022,4280,9.207739
11/30/2022,4281,9.207763
11/30/2022,4282,9.207786
11/30/2022,4283,9.20781
11/30/2022,4284,9.207834
11/30/2022,4285,9.207857
11/30/2022,4286,9.207881
11/30/2022,4287,9.207904
11/30/2022,4288,9.207928
11/30/2022,4289,9.207951
11/30/2022,4290,9.207975
11/30/2022,4291,9.207998
11/30/2022,4292,9.208022
11/30/2022,4293,9.208046
11/30/2022,4294,9.208069
11/30/2022,4295,9.208093
11/30/2022,4296,9.208116
11/30/2022,4297,9.20814
11/30/2022,4298,9.208163
11/30/2022,4299,9.208187
11/30/2022,4300,9.20821
11/30/2022,4301,9.208234
11/30/2022,4302,9.208257
11/30/2022,4303,9.208281
11/30/2022,4304,9.208305
11/30/2022,4305,9.208328
11/30/2022,4306,9.208352
11/30/2022,4307,9.208375
11/30/2022,4308,9.208399
11/30/2022,4309,9.208422
11/30/2022,4310,9.208446
11/30/2022,4311,9.208469
11/30/2022,4312,9.208493
11/30/2022,4313,9.208516
11/30/2022,4314,9.20854
11/30/2022,4315,9.208564
11/30/2022,4316,9.208587
11/30/2022,4317,9.208611
11/30/2022,4318,9.208634
11/30/2022,4319,9.208658
11/30/2022,4320,9.208681
11/30/2022,4321,9.208705
11/30/2022,4322,9.208728
11/30/2022,4323,9.208752
11/30/2022,4324,9.208776
11/30/2022,4325,9.208799
11/30/2022,4326,9.208823
11/30/2022,4327,9.208846
11/30/2022,4328,9.20887
11/30/2022,4329,9.208893
11/30/2022,4330,9.208917
11/30/2022,4331,9.20894
11/30/2022,4332,9.208964
11/30/2022,4333,9.208987
11/30/2022,4334,9.209011
11/30/2022,4335,9.209035
11/30/2022,4336,9.209058
11/30/2022,4337,9.209082
11/30/2022,4338,9.209105
11/30/2022,4339,9.209129
11/30/2022,4340,9.209152
11/30/2022,4341,9.209176
11/30/2022,4342,9.209199
11/30/2022,4343,9.209223
11/30/2022,4344,9.209246
11/30/2022,4345,9.20927
11/30/2022,4346,9.209294
11/30/2022,4347,9.209317
11/30/2022,4348,9.209341
11/30/2022,4349,9.209364
11/30/2022,4350,9.209388
11/30/2022,4351,9.209411
11/30/2022,4352,9.209435
11/30/2022,4353,9.209458
11/30/2022,4354,9.209482
11/30/2022,4355,9.209505
11/30/2022,4356,9.209529
11/30/2022,4357,9.209553
11/30/2022,4358,9.209576
11/30/2022,4359,9.2096
11/30/2022,4360,9.209623
11/30/2022,4361,9.209647
11/30/2022,4362,9.20967
11/30/2022,4363,9.209694
11/30/2022,4364,9.209717
11/30/2022,4365,9.209741
11/30/2022,4366,9.209765
11/30/2022,4367,9.209788
11/30/2022,4368,9.209812
11/30/2022,4369,9.209835
11/30/2022,4370,9.209859
11/30/2022,4371,9.209882
11/30/2022,4372,9.209906
11/30/2022,4373,9.209929
11/30/2022,4374,9.209953
11/30/2022,4375,9.209976
11/30/2022,4376,9.21
11/30/2022,4377,9.209986
11/30/2022,4378,9.209973
11/30/2022,4379,9.209959
11/30/2022,4380,9.209945
11/30/2022,4381,9.209931
11/30/2022,4382,9.209918
11/30/2022,4383,9.209904
11/30/2022,4384,9.20989
11/30/2022,4385,9.209876
11/30/2022,4386,9.209863
11/30/2022,4387,9.209849
11/30/2022,4388,9.209835
11/30/2022,4389,9.209821
11/30/2022,4390,9.209808
11/30/2022,4391,9.209794
11/30/2022,4392,9.20978
11/30/2022,4393,9.209766
11/30/2022,4394,9.209753
11/30/2022,4395,9.209739
11/30/2022,4396,9.209725
11/30/2022,4397,9.209712
11/30/2022,4398,9.209698
11/30/2022,4399,9.209684
11/30/2022,4400,9.20967
11/30/2022,4401,9.209657
11/30/2022,4402,9.209643
11/30/2022,4403,9.209629
11/30/2022,4404,9.209615
11/30/2022,4405,9.209602
11/30/2022,4406,9.209588
11/30/2022,4407,9.209574
11/30/2022,4408,9.20956
11/30/2022,4409,9.209547
11/30/2022,4410,9.209533
11/30/2022,4411,9.209519
11/30/2022,4412,9.209505
11/30/2022,4413,9.209492
11/30/2022,4414,9.209478
11/30/2022,4415,9.209464
11/30/2022,4416,9.209451
11/30/2022,4417,9.209437
11/30/2022,4418,9.209423
11/30/2022,4419,9.209409
11/30/2022,4420,9.209396
11/30/2022,4421,9.209382
11/30/2022,4422,9.209368
11/30/2022,4423,9.209354
11/30/2022,4424,9.209341
11/30/2022,4425,9.209327
11/30/2022,4426,9.209313
11/30/2022,4427,9.209299
11/30/2022,4428,9.209286
11/30/2022,4429,9.209272
11/30/2022,4430,9.209258
11/30/2022,4431,9.209245
11/30/2022,4432,9.209231
11/30/2022,4433,9.209217
11/30/2022,4434,9.209203
11/30/2022,4435,9.20919
11/30/2022,4436,9.209176
11/30/2022,4437,9.209162
11/30/2022,4438,9.209148
11/30/2022,4439,9.209135
11/30/2022,4440,9.209121
11/30/2022,4441,9.209107
11/30/2022,4442,9.209093
11/30/2022,4443,9.20908
11/30/2022,4444,9.209066
11/30/2022,4445,9.209052
11/30/2022,4446,9.209038
11/30/2022,4447,9.209025
11/30/2022,4448,9.209011
11/30/2022,4449,9.208997
11/30/2022,4450,9.208984
11/30/2022,4451,9.20897
11/30/2022,4452,9.208956
11/30/2022,4453,9.208942
11/30/2022,4454,9.208929
11/30/2022,4455,9.208915
11/30/2022,4456,9.208901
11/30/2022,4457,9.208887
11/30/2022,4458,9.208874
11/30/2022,4459,9.20886
11/30/2022,4460,9.208846
11/30/2022,4461,9.208832
11/30/2022,4462,9.208819
11/30/2022,4463,9.208805
11/30/2022,4464,9.208791
11/30/2022,4465,9.208777
11/30/2022,4466,9.208764
11/30/2022,4467,9.20875
11/30/2022,4468,9.208736
11/30/2022,4469,9.208723
11/30/2022,4470,9.208709
11/30/2022,4471,9.208695
11/30/2022,4472,9.208681
11/30/2022,4473,9.208668
11/30/2022,4474,9.208654
11/30/2022,4475,9.20864
11/30/2022,4476,9.208626
11/30/2022,4477,9.208613
11/30/2022,4478,9.208599
11/30/2022,4479,9.208585
11/30/2022,4480,9.208571
11/30/2022,4481,9.208558
11/30/2022,4482,9.208544
11/30/2022,4483,9.20853
11/30/2022,4484,9.208516
11/30/2022,4485,9.208503
11/30/2022,4486,9.208489
11/30/2022,4487,9.208475
11/30/2022,4488,9.208462
11/30/2022,4489,9.208448
11/30/2022,4490,9.208434
11/30/2022,4491,9.20842
11/30/2022,4492,9.208407
11/30/2022,4493,9.208393
11/30/2022,4494,9.208379
11/30/2022,4495,9.208365
11/30/2022,4496,9.208352
11/30/2022,4497,9.208338
11/30/2022,4498,9.208324
11/30/2022,4499,9.20831
11/30/2022,4500,9.208297
11/30/2022,4501,9.208283
11/30/2022,4502,9.208269
11/30/2022,4503,9.208255
11/30/2022,4504,9.208242
11/30/2022,4505,9.208228
11/30/2022,4506,9.208214
11/30/2022,4507,9.208201
11/30/2022,4508,9.208187
11/30/2022,4509,9.208173
11/30/2022,4510,9.208159
11/30/2022,4511,9.208146
11/30/2022,4512,9.208132
11/30/2022,4513,9.208118
11/30/2022,4514,9.208104
11/30/2022,4515,9.208091
11/30/2022,4516,9.208077
11/30/2022,4517,9.208063
11/30/2022,4518,9.208049
11/30/2022,4519,9.208036
11/30/2022,4520,9.208022
11/30/2022,4521,9.208008
11/30/2022,4522,9.207995
11/30/2022,4523,9.207981
11/30/2022,4524,9.207967
11/30/2022,4525,9.207953
11/30/2022,4526,9.20794
11/30/2022,4527,9.207926
11/30/2022,4528,9.207912
11/30/2022,4529,9.207898
11/30/2022,4530,9.207885
11/30/2022,4531,9.207871
11/30/2022,4532,9.207857
11/30/2022,4533,9.207843
11/30/2022,4534,9.20783
11/30/2022,4535,9.207816
11/30/2022,4536,9.207802
11/30/2022,4537,9.207788
11/30/2022,4538,9.207775
11/30/2022,4539,9.207761
11/30/2022,4540,9.207747
11/30/2022,4541,9.207734
11/30/2022,4542,9.20772
11/30/2022,4543,9.207706
11/30/2022,4544,9.207692
11/30/2022,4545,9.207679
11/30/2022,4546,9.207665
11/30/2022,4547,9.207651
11/30/2022,4548,9.207637
11/30/2022,4549,9.207624
11/30/2022,4550,9.20761
11/30/2022,4551,9.207596
11/30/2022,4552,9.207582
11/30/2022,4553,9.207569
11/30/2022,4554,9.207555
11/30/2022,4555,9.207541
11/30/2022,4556,9.207527
11/30/2022,4557,9.207514
11/30/2022,4558,9.2075
11/30/2022,4559,9.207486
11/30/2022,4560,9.207473
11/30/2022,4561,9.207459
11/30/2022,4562,9.207445
11/30/2022,4563,9.207431
11/30/2022,4564,9.207418
11/30/2022,4565,9.207404
11/30/2022,4566,9.20739
11/30/2022,4567,9.207376
11/30/2022,4568,9.207363
11/30/2022,4569,9.207349
11/30/2022,4570,9.207335
11/30/2022,4571,9.207321
11/30/2022,4572,9.207308
11/30/2022,4573,9.207294
11/30/2022,4574,9.20728
11/30/2022,4575,9.207266
11/30/2022,4576,9.207253
11/30/2022,4577,9.207239
11/30/2022,4578,9.207225
11/30/2022,4579,9.207212
11/30/2022,4580,9.207198
11/30/2022,4581,9.207184
11/30/2022,4582,9.20717
11/30/2022,4583,9.207157
11/30/2022,4584,9.207143
11/30/2022,4585,9.207129
11/30/2022,4586,9.207115
11/30/2022,4587,9.207102
11/30/2022,4588,9.207088
11/30/2022,4589,9.207074
11/30/2022,4590,9.20706
11/30/2022,4591,9.207047
11/30/2022,4592,9.207033
11/30/2022,4593,9.207019
11/30/2022,4594,9.207005
11/30/2022,4595,9.206992
11/30/2022,4596,9.206978
11/30/2022,4597,9.206964
11/30/2022,4598,9.206951
11/30/2022,4599,9.206937
11/30/2022,4600,9.206923
11/30/2022,4601,9.206909
11/30/2022,4602,9.206896
11/30/2022,4603,9.206882
11/30/2022,4604,9.206868
11/30/2022,4605,9.206854
11/30/2022,4606,9.206841
11/30/2022,4607,9.206827
11/30/2022,4608,9.206813
11/30/2022,4609,9.206799
11/30/2022,4610,9.206786
11/30/2022,4611,9.206772
11/30/2022,4612,9.206758
11/30/2022,4613,9.206745
11/30/2022,4614,9.206731
11/30/2022,4615,9.206717
11/30/2022,4616,9.206703
11/30/2022,4617,9.20669
11/30/2022,4618,9.206676
11/30/2022,4619,9.206662
11/30/2022,4620,9.206648
11/30/2022,4621,9.206635
11/30/2022,4622,9.206621
11/30/2022,4623,9.206607
11/30/2022,4624,9.206593
11/30/2022,4625,9.20658
11/30/2022,4626,9.206566
11/30/2022,4627,9.206552
11/30/2022,4628,9.206538
11/30/2022,4629,9.206525
11/30/2022,4630,9.206511
11/30/2022,4631,9.206497
11/30/2022,4632,9.206484
11/30/2022,4633,9.20647
11/30/2022,4634,9.206456
11/30/2022,4635,9.206442
11/30/2022,4636,9.206429
11/30/2022,4637,9.206415
11/30/2022,4638,9.206401
11/30/2022,4639,9.206387
11/30/2022,4640,9.206374
11/30/2022,4641,9.20636
11/30/2022,4642,9.206346
11/30/2022,4643,9.206332
11/30/2022,4644,9.206319
11/30/2022,4645,9.206305
11/30/2022,4646,9.206291
11/30/2022,4647,9.206277
11/30/2022,4648,9.206264
11/30/2022,4649,9.20625
11/30/2022,4650,9.206236
11/30/2022,4651,9.206223
11/30/2022,4652,9.206209
11/30/2022,4653,9.206195
11/30/2022,4654,9.206181
11/30/2022,4655,9.206168
11/30/2022,4656,9.206154
11/30/2022,4657,9.20614
11/30/2022,4658,9.206126
11/30/2022,4659,9.206113
11/30/2022,4660,9.206099
11/30/2022,4661,9.206085
11/30/2022,4662,9.206071
11/30/2022,4663,9.206058
11/30/2022,4664,9.206044
11/30/2022,4665,9.20603
11/30/2022,4666,9.206016
11/30/2022,4667,9.206003
11/30/2022,4668,9.205989
11/30/2022,4669,9.205975
11/30/2022,4670,9.205962
11/30/2022,4671,9.205948
11/30/2022,4672,9.205934
11/30/2022,4673,9.20592
11/30/2022,4674,9.205907
11/30/2022,4675,9.205893
11/30/2022,4676,9.205879
11/30/2022,4677,9.205865
11/30/2022,4678,9.205852
11/30/2022,4679,9.205838
11/30/2022,4680,9.205824
11/30/2022,4681,9.20581
11/30/2022,4682,9.205797
11/30/2022,4683,9.205783
11/30/2022,4684,9.205769
11/30/2022,4685,9.205755
11/30/2022,4686,9.205742
11/30/2022,4687,9.205728
11/30/2022,4688,9.205714
11/30/2022,4689,9.205701
11/30/2022,4690,9.205687
11/30/2022,4691,9.205673
11/30/2022,4692,9.205659
11/30/2022,4693,9.205646
11/30/2022,4694,9.205632
11/30/2022,4695,9.205618
11/30/2022,4696,9.205604
11/30/2022,4697,9.205591
11/30/2022,4698,9.205577
11/30/2022,4699,9.205563
11/30/2022,4700,9.205549
11/30/2022,4701,9.205536
11/30/2022,4702,9.205522
11/30/2022,4703,9.205508
11/30/2022,4704,9.205495
11/30/2022,4705,9.205481
11/30/2022,4706,9.205467
11/30/2022,4707,9.205453
11/30/2022,4708,9.20544
11/30/2022,4709,9.205426
11/30/2022,4710,9.205412
11/30/2022,4711,9.205398
11/30/2022,4712,9.205385
11/30/2022,4713,9.205371
11/30/2022,4714,9.205357
11/30/2022,4715,9.205343
11/30/2022,4716,9.20533
11/30/2022,4717,9.205316
11/30/2022,4718,9.205302
11/30/2022,4719,9.205288
11/30/2022,4720,9.205275
11/30/2022,4721,9.205261
11/30/2022,4722,9.205247
11/30/2022,4723,9.205234
11/30/2022,4724,9.20522
11/30/2022,4725,9.205206
11/30/2022,4726,9.205192
11/30/2022,4727,9.205179
11/30/2022,4728,9.205165
11/30/2022,4729,9.205151
11/30/2022,4730,9.205137
11/30/2022,4731,9.205124
11/30/2022,4732,9.20511
11/30/2022,4733,9.205096
11/30/2022,4734,9.205082
11/30/2022,4735,9.205069
11/30/2022,4736,9.205055
11/30/2022,4737,9.205041
11/30/2022,4738,9.205027
11/30/2022,4739,9.205014
11/30/2022,4740,9.205
11/30/2022,4741,9.204986
11/30/2022,4742,9.204973
11/30/2022,4743,9.204959
11/30/2022,4744,9.204945
11/30/2022,4745,9.204931
11/30/2022,4746,9.204918
11/30/2022,4747,9.204904
11/30/2022,4748,9.20489
11/30/2022,4749,9.204876
11/30/2022,4750,9.204863
11/30/2022,4751,9.204849
11/30/2022,4752,9.204835
11/30/2022,4753,9.204821
11/30/2022,4754,9.204808
11/30/2022,4755,9.204794
11/30/2022,4756,9.20478
11/30/2022,4757,9.204766
11/30/2022,4758,9.204753
11/30/2022,4759,9.204739
11/30/2022,4760,9.204725
11/30/2022,4761,9.204712
11/30/2022,4762,9.204698
11/30/2022,4763,9.204684
11/30/2022,4764,9.20467
11/30/2022,4765,9.204657
11/30/2022,4766,9.204643
11/30/2022,4767,9.204629
11/30/2022,4768,9.204615
11/30/2022,4769,9.204602
11/30/2022,4770,9.204588
11/30/2022,4771,9.204574
11/30/2022,4772,9.20456
11/30/2022,4773,9.204547
11/30/2022,4774,9.204533
11/30/2022,4775,9.204519
11/30/2022,4776,9.204505
11/30/2022,4777,9.204492
11/30/2022,4778,9.204478
11/30/2022,4779,9.204464
11/30/2022,4780,9.204451
11/30/2022,4781,9.204437
11/30/2022,4782,9.204423
11/30/2022,4783,9.204409
11/30/2022,4784,9.204396
11/30/2022,4785,9.204382
11/30/2022,4786,9.204368
11/30/2022,4787,9.204354
11/30/2022,4788,9.204341
11/30/2022,4789,9.204327
11/30/2022,4790,9.204313
11/30/2022,4791,9.204299
11/30/2022,4792,9.204286
11/30/2022,4793,9.204272
11/30/2022,4794,9.204258
11/30/2022,4795,9.204245
11/30/2022,4796,9.204231
11/30/2022,4797,9.204217
11/30/2022,4798,9.204203
11/30/2022,4799,9.20419
11/30/2022,4800,9.204176
11/30/2022,4801,9.204162
11/30/2022,4802,9.204148
11/30/2022,4803,9.204135
11/30/2022,4804,9.204121
11/30/2022,4805,9.204107
11/30/2022,4806,9.204093
11/30/2022,4807,9.20408
11/30/2022,4808,9.204066
11/30/2022,4809,9.204052
11/30/2022,4810,9.204038
11/30/2022,4811,9.204025
11/30/2022,4812,9.204011
11/30/2022,4813,9.203997
11/30/2022,4814,9.203984
11/30/2022,4815,9.20397
11/30/2022,4816,9.203956
11/30/2022,4817,9.203942
11/30/2022,4818,9.203929
11/30/2022,4819,9.203915
11/30/2022,4820,9.203901
11/30/2022,4821,9.203887
11/30/2022,4822,9.203874
11/30/2022,4823,9.20386
11/30/2022,4824,9.203846
11/30/2022,4825,9.203832
11/30/2022,4826,9.203819
11/30/2022,4827,9.203805
11/30/2022,4828,9.203791
11/30/2022,4829,9.203777
11/30/2022,4830,9.203764
11/30/2022,4831,9.20375
11/30/2022,4832,9.203736
11/30/2022,4833,9.203723
11/30/2022,4834,9.203709
11/30/2022,4835,9.203695
11/30/2022,4836,9.203681
11/30/2022,4837,9.203668
11/30/2022,4838,9.203654
11/30/2022,4839,9.20364
11/30/2022,4840,9.203626
11/30/2022,4841,9.203613
11/30/2022,4842,9.203599
11/30/2022,4843,9.203585
11/30/2022,4844,9.203571
11/30/2022,4845,9.203558
11/30/2022,4846,9.203544
11/30/2022,4847,9.20353
11/30/2022,4848,9.203516
11/30/2022,4849,9.203503
11/30/2022,4850,9.203489
11/30/2022,4851,9.203475
11/30/2022,4852,9.203462
11/30/2022,4853,9.203448
11/30/2022,4854,9.203434
11/30/2022,4855,9.20342
11/30/2022,4856,9.203407
11/30/2022,4857,9.203393
11/30/2022,4858,9.203379
11/30/2022,4859,9.203365
11/30/2022,4860,9.203352
11/30/2022,4861,9.203338
11/30/2022,4862,9.203324
11/30/2022,4863,9.20331
11/30/2022,4864,9.203297
11/30/2022,4865,9.203283
11/30/2022,4866,9.203269
11/30/2022,4867,9.203255
11/30/2022,4868,9.203242
11/30/2022,4869,9.203228
11/30/2022,4870,9.203214
11/30/2022,4871,9.203201
11/30/2022,4872,9.203187
11/30/2022,4873,9.203173
11/30/2022,4874,9.203159
11/30/2022,4875,9.203146
11/30/2022,4876,9.203132
11/30/2022,4877,9.203118
11/30/2022,4878,9.203104
11/30/2022,4879,9.203091
11/30/2022,4880,9.203077
11/30/2022,4881,9.203063
11/30/2022,4882,9.203049
11/30/2022,4883,9.203036
11/30/2022,4884,9.203022
11/30/2022,4885,9.203008
11/30/2022,4886,9.202995
11/30/2022,4887,9.202981
11/30/2022,4888,9.202967
11/30/2022,4889,9.202953
11/30/2022,4890,9.20294
11/30/2022,4891,9.202926
11/30/2022,4892,9.202912
11/30/2022,4893,9.202898
11/30/2022,4894,9.202885
11/30/2022,4895,9.202871
11/30/2022,4896,9.202857
11/30/2022,4897,9.202843
11/30/2022,4898,9.20283
11/30/2022,4899,9.202816
11/30/2022,4900,9.202802
11/30/2022,4901,9.202788
11/30/2022,4902,9.202775
11/30/2022,4903,9.202761
11/30/2022,4904,9.202747
11/30/2022,4905,9.202734
11/30/2022,4906,9.20272
11/30/2022,4907,9.202706
11/30/2022,4908,9.202692
11/30/2022,4909,9.202679
11/30/2022,4910,9.202665
11/30/2022,4911,9.202651
11/30/2022,4912,9.202637
11/30/2022,4913,9.202624
11/30/2022,4914,9.20261
11/30/2022,4915,9.202596
11/30/2022,4916,9.202582
11/30/2022,4917,9.202569
11/30/2022,4918,9.202555
11/30/2022,4919,9.202541
11/30/2022,4920,9.202527
11/30/2022,4921,9.202514
11/30/2022,4922,9.2025
11/30/2022,4923,9.202486
11/30/2022,4924,9.202473
11/30/2022,4925,9.202459
11/30/2022,4926,9.202445
11/30/2022,4927,9.202431
11/30/2022,4928,9.202418
11/30/2022,4929,9.202404
11/30/2022,4930,9.20239
11/30/2022,4931,9.202376
11/30/2022,4932,9.202363
11/30/2022,4933,9.202349
11/30/2022,4934,9.202335
11/30/2022,4935,9.202321
11/30/2022,4936,9.202308
11/30/2022,4937,9.202294
11/30/2022,4938,9.20228
11/30/2022,4939,9.202266
11/30/2022,4940,9.202253
11/30/2022,4941,9.202239
11/30/2022,4942,9.202225
11/30/2022,4943,9.202212
11/30/2022,4944,9.202198
11/30/2022,4945,9.202184
11/30/2022,4946,9.20217
11/30/2022,4947,9.202157
11/30/2022,4948,9.202143
11/30/2022,4949,9.202129
11/30/2022,4950,9.202115
11/30/2022,4951,9.202102
11/30/2022,4952,9.202088
11/30/2022,4953,9.202074
11/30/2022,4954,9.20206
11/30/2022,4955,9.202047
11/30/2022,4956,9.202033
11/30/2022,4957,9.202019
11/30/2022,4958,9.202005
11/30/2022,4959,9.201992
11/30/2022,4960,9.201978
11/30/2022,4961,9.201964
11/30/2022,4962,9.201951
11/30/2022,4963,9.201937
11/30/2022,4964,9.201923
11/30/2022,4965,9.201909
11/30/2022,4966,9.201896
11/30/2022,4967,9.201882
11/30/2022,4968,9.201868
11/30/2022,4969,9.201854
11/30/2022,4970,9.201841
11/30/2022,4971,9.201827
11/30/2022,4972,9.201813
11/30/2022,4973,9.201799
11/30/2022,4974,9.201786
11/30/2022,4975,9.201772
11/30/2022,4976,9.201758
11/30/2022,4977,9.201745
11/30/2022,4978,9.201731
11/30/2022,4979,9.201717
11/30/2022,4980,9.201703
11/30/2022,4981,9.20169
11/30/2022,4982,9.201676
11/30/2022,4983,9.201662
11/30/2022,4984,9.201648
11/30/2022,4985,9.201635
11/30/2022,4986,9.201621
11/30/2022,4987,9.201607
11/30/2022,4988,9.201593
11/30/2022,4989,9.20158
11/30/2022,4990,9.201566
11/30/2022,4991,9.201552
11/30/2022,4992,9.201538
11/30/2022,4993,9.201525
11/30/2022,4994,9.201511
11/30/2022,4995,9.201497
11/30/2022,4996,9.201484
11/30/2022,4997,9.20147
11/30/2022,4998,9.201456
11/30/2022,4999,9.201442
11/30/2022,5000,9.201429
11/30/2022,5001,9.201415
11/30/2022,5002,9.201401
11/30/2022,5003,9.201387
11/30/2022,5004,9.201374
11/30/2022,5005,9.20136
11/30/2022,5006,9.201346
11/30/2022,5007,9.201332
11/30/2022,5008,9.201319
11/30/2022,5009,9.201305
11/30/2022,5010,9.201291
11/30/2022,5011,9.201277
11/30/2022,5012,9.201264
11/30/2022,5013,9.20125
11/30/2022,5014,9.201236
11/30/2022,5015,9.201223
11/30/2022,5016,9.201209
11/30/2022,5017,9.201195
11/30/2022,5018,9.201181
11/30/2022,5019,9.201168
11/30/2022,5020,9.201154
11/30/2022,5021,9.20114
11/30/2022,5022,9.201126
11/30/2022,5023,9.201113
11/30/2022,5024,9.201099
11/30/2022,5025,9.201085
11/30/2022,5026,9.201071
11/30/2022,5027,9.201058
11/30/2022,5028,9.201044
11/30/2022,5029,9.20103
11/30/2022,5030,9.201016
11/30/2022,5031,9.201003
11/30/2022,5032,9.200989
11/30/2022,5033,9.200975
11/30/2022,5034,9.200962
11/30/2022,5035,9.200948
11/30/2022,5036,9.200934
11/30/2022,5037,9.20092
11/30/2022,5038,9.200907
11/30/2022,5039,9.200893
11/30/2022,5040,9.200879
11/30/2022,5041,9.200865
11/30/2022,5042,9.200852
11/30/2022,5043,9.200838
11/30/2022,5044,9.200824
11/30/2022,5045,9.20081
11/30/2022,5046,9.200797
11/30/2022,5047,9.200783
11/30/2022,5048,9.200769
11/30/2022,5049,9.200755
11/30/2022,5050,9.200742
11/30/2022,5051,9.200728
11/30/2022,5052,9.200714
11/30/2022,5053,9.200701
11/30/2022,5054,9.200687
11/30/2022,5055,9.200673
11/30/2022,5056,9.200659
11/30/2022,5057,9.200646
11/30/2022,5058,9.200632
11/30/2022,5059,9.200618
11/30/2022,5060,9.200604
11/30/2022,5061,9.200591
11/30/2022,5062,9.200577
11/30/2022,5063,9.200563
11/30/2022,5064,9.200549
11/30/2022,5065,9.200536
11/30/2022,5066,9.200522
11/30/2022,5067,9.200508
11/30/2022,5068,9.200495
11/30/2022,5069,9.200481
11/30/2022,5070,9.200467
11/30/2022,5071,9.200453
11/30/2022,5072,9.20044
11/30/2022,5073,9.200426
11/30/2022,5074,9.200412
11/30/2022,5075,9.200398
11/30/2022,5076,9.200385
11/30/2022,5077,9.200371
11/30/2022,5078,9.200357
11/30/2022,5079,9.200343
11/30/2022,5080,9.20033
11/30/2022,5081,9.200316
11/30/2022,5082,9.200302
11/30/2022,5083,9.200288
11/30/2022,5084,9.200275
11/30/2022,5085,9.200261
11/30/2022,5086,9.200247
11/30/2022,5087,9.200234
11/30/2022,5088,9.20022
11/30/2022,5089,9.200206
11/30/2022,5090,9.200192
11/30/2022,5091,9.200179
11/30/2022,5092,9.200165
11/30/2022,5093,9.200151
11/30/2022,5094,9.200137
11/30/2022,5095,9.200124
11/30/2022,5096,9.20011
11/30/2022,5097,9.200096
11/30/2022,5098,9.200082
11/30/2022,5099,9.200069
11/30/2022,5100,9.200055
11/30/2022,5101,9.200041
11/30/2022,5102,9.200027
11/30/2022,5103,9.200014
11/30/2022,5104,9.2
11/30/2022,5105,9.200027
11/30/2022,5106,9.200055
11/30/2022,5107,9.200082
11/30/2022,5108,9.20011
11/30/2022,5109,9.200137
11/30/2022,5110,9.200165
11/30/2022,5111,9.200192
11/30/2022,5112,9.20022
11/30/2022,5113,9.200247
11/30/2022,5114,9.200275
11/30/2022,5115,9.200302
11/30/2022,5116,9.20033
11/30/2022,5117,9.200357
11/30/2022,5118,9.200385
11/30/2022,5119,9.200412
11/30/2022,5120,9.20044
11/30/2022,5121,9.200467
11/30/2022,5122,9.200495
11/30/2022,5123,9.200522
11/30/2022,5124,9.200549
11/30/2022,5125,9.200577
11/30/2022,5126,9.200604
11/30/2022,5127,9.200632
11/30/2022,5128,9.200659
11/30/2022,5129,9.200687
11/30/2022,5130,9.200714
11/30/2022,5131,9.200742
11/30/2022,5132,9.200769
11/30/2022,5133,9.200797
11/30/2022,5134,9.200824
11/30/2022,5135,9.200852
11/30/2022,5136,9.200879
11/30/2022,5137,9.200907
11/30/2022,5138,9.200934
11/30/2022,5139,9.200962
11/30/2022,5140,9.200989
11/30/2022,5141,9.201016
11/30/2022,5142,9.201044
11/30/2022,5143,9.201071
11/30/2022,5144,9.201099
11/30/2022,5145,9.201126
11/30/2022,5146,9.201154
11/30/2022,5147,9.201181
11/30/2022,5148,9.201209
11/30/2022,5149,9.201236
11/30/2022,5150,9.201264
11/30/2022,5151,9.201291
11/30/2022,5152,9.201319
11/30/2022,5153,9.201346
11/30/2022,5154,9.201374
11/30/2022,5155,9.201401
11/30/2022,5156,9.201429
11/30/2022,5157,9.201456
11/30/2022,5158,9.201484
11/30/2022,5159,9.201511
11/30/2022,5160,9.201538
11/30/2022,5161,9.201566
11/30/2022,5162,9.201593
11/30/2022,5163,9.201621
11/30/2022,5164,9.201648
11/30/2022,5165,9.201676
11/30/2022,5166,9.201703
11/30/2022,5167,9.201731
11/30/2022,5168,9.201758
11/30/2022,5169,9.201786
11/30/2022,5170,9.201813
11/30/2022,5171,9.201841
11/30/2022,5172,9.201868
11/30/2022,5173,9.201896
11/30/2022,5174,9.201923
11/30/2022,5175,9.201951
11/30/2022,5176,9.201978
11/30/2022,5177,9.202005
11/30/2022,5178,9.202033
11/30/2022,5179,9.20206
11/30/2022,5180,9.202088
11/30/2022,5181,9.202115
11/30/2022,5182,9.202143
11/30/2022,5183,9.20217
11/30/2022,5184,9.202198
11/30/2022,5185,9.202225
11/30/2022,5186,9.202253
11/30/2022,5187,9.20228
11/30/2022,5188,9.202308
11/30/2022,5189,9.202335
11/30/2022,5190,9.202363
11/30/2022,5191,9.20239
11/30/2022,5192,9.202418
11/30/2022,5193,9.202445
11/30/2022,5194,9.202473
11/30/2022,5195,9.2025
11/30/2022,5196,9.202527
11/30/2022,5197,9.202555
11/30/2022,5198,9.202582
11/30/2022,5199,9.20261
11/30/2022,5200,9.202637
11/30/2022,5201,9.202665
11/30/2022,5202,9.202692
11/30/2022,5203,9.20272
11/30/2022,5204,9.202747
11/30/2022,5205,9.202775
11/30/2022,5206,9.202802
11/30/2022,5207,9.20283
11/30/2022,5208,9.202857
11/30/2022,5209,9.202885
11/30/2022,5210,9.202912
11/30/2022,5211,9.20294
11/30/2022,5212,9.202967
11/30/2022,5213,9.202995
11/30/2022,5214,9.203022
11/30/2022,5215,9.203049
11/30/2022,5216,9.203077
11/30/2022,5217,9.203104
11/30/2022,5218,9.203132
11/30/2022,5219,9.203159
11/30/2022,5220,9.203187
11/30/2022,5221,9.203214
11/30/2022,5222,9.203242
11/30/2022,5223,9.203269
11/30/2022,5224,9.203297
11/30/2022,5225,9.203324
11/30/2022,5226,9.203352
11/30/2022,5227,9.203379
11/30/2022,5228,9.203407
11/30/2022,5229,9.203434
11/30/2022,5230,9.203462
11/30/2022,5231,9.203489
11/30/2022,5232,9.203516
11/30/2022,5233,9.203544
11/30/2022,5234,9.203571
11/30/2022,5235,9.203599
11/30/2022,5236,9.203626
11/30/2022,5237,9.203654
11/30/2022,5238,9.203681
11/30/2022,5239,9.203709
11/30/2022,5240,9.203736
11/30/2022,5241,9.203764
11/30/2022,5242,9.203791
11/30/2022,5243,9.203819
11/30/2022,5244,9.203846
11/30/2022,5245,9.203874
11/30/2022,5246,9.203901
11/30/2022,5247,9.203929
11/30/2022,5248,9.203956
11/30/2022,5249,9.203984
11/30/2022,5250,9.204011
11/30/2022,5251,9.204038
11/30/2022,5252,9.204066
11/30/2022,5253,9.204093
11/30/2022,5254,9.204121
11/30/2022,5255,9.204148
11/30/2022,5256,9.204176
11/30/2022,5257,9.204203
11/30/2022,5258,9.204231
11/30/2022,5259,9.204258
11/30/2022,5260,9.204286
11/30/2022,5261,9.204313
11/30/2022,5262,9.204341
11/30/2022,5263,9.204368
11/30/2022,5264,9.204396
11/30/2022,5265,9.204423
11/30/2022,5266,9.204451
11/30/2022,5267,9.204478
11/30/2022,5268,9.204505
11/30/2022,5269,9.204533
11/30/2022,5270,9.20456
11/30/2022,5271,9.204588
11/30/2022,5272,9.204615
11/30/2022,5273,9.204643
11/30/2022,5274,9.20467
11/30/2022,5275,9.204698
11/30/2022,5276,9.204725
11/30/2022,5277,9.204753
11/30/2022,5278,9.20478
11/30/2022,5279,9.204808
11/30/2022,5280,9.204835
11/30/2022,5281,9.204863
11/30/2022,5282,9.20489
11/30/2022,5283,9.204918
11/30/2022,5284,9.204945
11/30/2022,5285,9.204973
11/30/2022,5286,9.205
11/30/2022,5287,9.205027
11/30/2022,5288,9.205055
11/30/2022,5289,9.205082
11/30/2022,5290,9.20511
11/30/2022,5291,9.205137
11/30/2022,5292,9.205165
11/30/2022,5293,9.205192
11/30/2022,5294,9.20522
11/30/2022,5295,9.205247
11/30/2022,5296,9.205275
11/30/2022,5297,9.205302
11/30/2022,5298,9.20533
11/30/2022,5299,9.205357
11/30/2022,5300,9.205385
11/30/2022,5301,9.205412
11/30/2022,5302,9.20544
11/30/2022,5303,9.205467
11/30/2022,5304,9.205495
11/30/2022,5305,9.205522
11/30/2022,5306,9.205549
11/30/2022,5307,9.205577
11/30/2022,5308,9.205604
11/30/2022,5309,9.205632
11/30/2022,5310,9.205659
11/30/2022,5311,9.205687
11/30/2022,5312,9.205714
11/30/2022,5313,9.205742
11/30/2022,5314,9.205769
11/30/2022,5315,9.205797
11/30/2022,5316,9.205824
11/30/2022,5317,9.205852
11/30/2022,5318,9.205879
11/30/2022,5319,9.205907
11/30/2022,5320,9.205934
11/30/2022,5321,9.205962
11/30/2022,5322,9.205989
11/30/2022,5323,9.206016
11/30/2022,5324,9.206044
11/30/2022,5325,9.206071
11/30/2022,5326,9.206099
11/30/2022,5327,9.206126
11/30/2022,5328,9.206154
11/30/2022,5329,9.206181
11/30/2022,5330,9.206209
11/30/2022,5331,9.206236
11/30/2022,5332,9.206264
11/30/2022,5333,9.206291
11/30/2022,5334,9.206319
11/30/2022,5335,9.206346
11/30/2022,5336,9.206374
11/30/2022,5337,9.206401
11/30/2022,5338,9.206429
11/30/2022,5339,9.206456
11/30/2022,5340,9.206484
11/30/2022,5341,9.206511
11/30/2022,5342,9.206538
11/30/2022,5343,9.206566
11/30/2022,5344,9.206593
11/30/2022,5345,9.206621
11/30/2022,5346,9.206648
11/30/2022,5347,9.206676
11/30/2022,5348,9.206703
11/30/2022,5349,9.206731
11/30/2022,5350,9.206758
11/30/2022,5351,9.206786
11/30/2022,5352,9.206813
11/30/2022,5353,9.206841
11/30/2022,5354,9.206868
11/30/2022,5355,9.206896
11/30/2022,5356,9.206923
11/30/2022,5357,9.206951
11/30/2022,5358,9.206978
11/30/2022,5359,9.207005
11/30/2022,5360,9.207033
11/30/2022,5361,9.20706
11/30/2022,5362,9.207088
11/30/2022,5363,9.207115
11/30/2022,5364,9.207143
11/30/2022,5365,9.20717
11/30/2022,5366,9.207198
11/30/2022,5367,9.207225
11/30/2022,5368,9.207253
11/30/2022,5369,9.20728
11/30/2022,5370,9.207308
11/30/2022,5371,9.207335
11/30/2022,5372,9.207363
11/30/2022,5373,9.20739
11/30/2022,5374,9.207418
11/30/2022,5375,9.207445
11/30/2022,5376,9.207473
11/30/2022,5377,9.2075
11/30/2022,5378,9.207527
11/30/2022,5379,9.207555
11/30/2022,5380,9.207582
11/30/2022,5381,9.20761
11/30/2022,5382,9.207637
11/30/2022,5383,9.207665
11/30/2022,5384,9.207692
11/30/2022,5385,9.20772
11/30/2022,5386,9.207747
11/30/2022,5387,9.207775
11/30/2022,5388,9.207802
11/30/2022,5389,9.20783
11/30/2022,5390,9.207857
11/30/2022,5391,9.207885
11/30/2022,5392,9.207912
11/30/2022,5393,9.20794
11/30/2022,5394,9.207967
11/30/2022,5395,9.207995
11/30/2022,5396,9.208022
11/30/2022,5397,9.208049
11/30/2022,5398,9.208077
11/30/2022,5399,9.208104
11/30/2022,5400,9.208132
11/30/2022,5401,9.208159
11/30/2022,5402,9.208187
11/30/2022,5403,9.208214
11/30/2022,5404,9.208242
11/30/2022,5405,9.208269
11/30/2022,5406,9.208297
11/30/2022,5407,9.208324
11/30/2022,5408,9.208352
11/30/2022,5409,9.208379
11/30/2022,5410,9.208407
11/30/2022,5411,9.208434
11/30/2022,5412,9.208462
11/30/2022,5413,9.208489
11/30/2022,5414,9.208516
11/30/2022,5415,9.208544
11/30/2022,5416,9.208571
11/30/2022,5417,9.208599
11/30/2022,5418,9.208626
11/30/2022,5419,9.208654
11/30/2022,5420,9.208681
11/30/2022,5421,9.208709
11/30/2022,5422,9.208736
11/30/2022,5423,9.208764
11/30/2022,5424,9.208791
11/30/2022,5425,9.208819
11/30/2022,5426,9.208846
11/30/2022,5427,9.208874
11/30/2022,5428,9.208901
11/30/2022,5429,9.208929
11/30/2022,5430,9.208956
11/30/2022,5431,9.208984
11/30/2022,5432,9.209011
11/30/2022,5433,9.209038
11/30/2022,5434,9.209066
11/30/2022,5435,9.209093
11/30/2022,5436,9.209121
11/30/2022,5437,9.209148
11/30/2022,5438,9.209176
11/30/2022,5439,9.209203
11/30/2022,5440,9.209231
11/30/2022,5441,9.209258
11/30/2022,5442,9.209286
11/30/2022,5443,9.209313
11/30/2022,5444,9.209341
11/30/2022,5445,9.209368
11/30/2022,5446,9.209396
11/30/2022,5447,9.209423
11/30/2022,5448,9.209451
11/30/2022,5449,9.209478
11/30/2022,5450,9.209505
11/30/2022,5451,9.209533
11/30/2022,5452,9.20956
11/30/2022,5453,9.209588
11/30/2022,5454,9.209615
11/30/2022,5455,9.209643
11/30/2022,5456,9.20967
11/30/2022,5457,9.209698
11/30/2022,5458,9.209725
11/30/2022,5459,9.209753
11/30/2022,5460,9.20978
11/30/2022,5461,9.209808
11/30/2022,5462,9.209835
11/30/2022,5463,9.209863
11/30/2022,5464,9.20989
11/30/2022,5465,9.209918
11/30/2022,5466,9.209945
11/30/2022,5467,9.209973
11/30/2022,5468,9.21
11/30/2022,5469,9.210027
11/30/2022,5470,9.210055
11/30/2022,5471,9.210082
11/30/2022,5472,9.21011
11/30/2022,5473,9.210137
11/30/2022,5474,9.210165
11/30/2022,5475,9.210192
11/30/2022,5476,9.21022
11/30/2022,5477,9.210247
11/30/2022,5478,9.210275
11/30/2022,5479,9.210302
11/30/2022,5480,9.21033
11/30/2022,5481,9.210357
11/30/2022,5482,9.210385
11/30/2022,5483,9.210412
11/30/2022,5484,9.21044
11/30/2022,5485,9.210467
11/30/2022,5486,9.210495
11/30/2022,5487,9.210522
11/30/2022,5488,9.210549
11/30/2022,5489,9.210577
11/30/2022,5490,9.210604
11/30/2022,5491,9.210632
11/30/2022,5492,9.210659
11/30/2022,5493,9.210687
11/30/2022,5494,9.210714
11/30/2022,5495,9.210742
11/30/2022,5496,9.210769
11/30/2022,5497,9.210797
11/30/2022,5498,9.210824
11/30/2022,5499,9.210852
11/30/2022,5500,9.210879
11/30/2022,5501,9.210907
11/30/2022,5502,9.210934
11/30/2022,5503,9.210962
11/30/2022,5504,9.210989
11/30/2022,5505,9.211016
11/30/2022,5506,9.211044
11/30/2022,5507,9.211071
11/30/2022,5508,9.211099
11/30/2022,5509,9.211126
11/30/2022,5510,9.211154
11/30/2022,5511,9.211181
11/30/2022,5512,9.211209
11/30/2022,5513,9.211236
11/30/2022,5514,9.211264
11/30/2022,5515,9.211291
11/30/2022,5516,9.211319
11/30/2022,5517,9.211346
11/30/2022,5518,9.211374
11/30/2022,5519,9.211401
11/30/2022,5520,9.211429
11/30/2022,5521,9.211456
11/30/2022,5522,9.211484
11/30/2022,5523,9.211511
11/30/2022,5524,9.211538
11/30/2022,5525,9.211566
11/30/2022,5526,9.211593
11/30/2022,5527,9.211621
11/30/2022,5528,9.211648
11/30/2022,5529,9.211676
11/30/2022,5530,9.211703
11/30/2022,5531,9.211731
11/30/2022,5532,9.211758
11/30/2022,5533,9.211786
11/30/2022,5534,9.211813
11/30/2022,5535,9.211841
11/30/2022,5536,9.211868
11/30/2022,5537,9.211896
11/30/2022,5538,9.211923
11/30/2022,5539,9.211951
11/30/2022,5540,9.211978
11/30/2022,5541,9.212005
11/30/2022,5542,9.212033
11/30/2022,5543,9.21206
11/30/2022,5544,9.212088
11/30/2022,5545,9.212115
11/30/2022,5546,9.212143
11/30/2022,5547,9.21217
11/30/2022,5548,9.212198
11/30/2022,5549,9.212225
11/30/2022,5550,9.212253
11/30/2022,5551,9.21228
11/30/2022,5552,9.212308
11/30/2022,5553,9.212335
11/30/2022,5554,9.212363
11/30/2022,5555,9.21239
11/30/2022,5556,9.212418
11/30/2022,5557,9.212445
11/30/2022,5558,9.212473
11/30/2022,5559,9.2125
11/30/2022,5560,9.212527
11/30/2022,5561,9.212555
11/30/2022,5562,9.212582
11/30/2022,5563,9.21261
11/30/2022,5564,9.212637
11/30/2022,5565,9.212665
11/30/2022,5566,9.212692
11/30/2022,5567,9.21272
11/30/2022,5568,9.212747
11/30/2022,5569,9.212775
11/30/2022,5570,9.212802
11/30/2022,5571,9.21283
11/30/2022,5572,9.212857
11/30/2022,5573,9.212885
11/30/2022,5574,9.212912
11/30/2022,5575,9.21294
11/30/2022,5576,9.212967
11/30/2022,5577,9.212995
11/30/2022,5578,9.213022
11/30/2022,5579,9.213049
11/30/2022,5580,9.213077
11/30/2022,5581,9.213104
11/30/2022,5582,9.213132
11/30/2022,5583,9.213159
11/30/2022,5584,9.213187
11/30/2022,5585,9.213214
11/30/2022,5586,9.213242
11/30/2022,5587,9.213269
11/30/2022,5588,9.213297
11/30/2022,5589,9.213324
11/30/2022,5590,9.213352
11/30/2022,5591,9.213379
11/30/2022,5592,9.213407
11/30/2022,5593,9.213434
11/30/2022,5594,9.213462
11/30/2022,5595,9.213489
11/30/2022,5596,9.213516
11/30/2022,5597,9.213544
11/30/2022,5598,9.213571
11/30/2022,5599,9.213599
11/30/2022,5600,9.213626
11/30/2022,5601,9.213654
11/30/2022,5602,9.213681
11/30/2022,5603,9.213709
11/30/2022,5604,9.213736
11/30/2022,5605,9.213764
11/30/2022,5606,9.213791
11/30/2022,5607,9.213819
11/30/2022,5608,9.213846
11/30/2022,5609,9.213874
11/30/2022,5610,9.213901
11/30/2022,5611,9.213929
11/30/2022,5612,9.213956
11/30/2022,5613,9.213984
11/30/2022,5614,9.214011
11/30/2022,5615,9.214038
11/30/2022,5616,9.214066
11/30/2022,5617,9.214093
11/30/2022,5618,9.214121
11/30/2022,5619,9.214148
11/30/2022,5620,9.214176
11/30/2022,5621,9.214203
11/30/2022,5622,9.214231
11/30/2022,5623,9.214258
11/30/2022,5624,9.214286
11/30/2022,5625,9.214313
11/30/2022,5626,9.214341
11/30/2022,5627,9.214368
11/30/2022,5628,9.214396
11/30/2022,5629,9.214423
11/30/2022,5630,9.214451
11/30/2022,5631,9.214478
11/30/2022,5632,9.214505
11/30/2022,5633,9.214533
11/30/2022,5634,9.21456
11/30/2022,5635,9.214588
11/30/2022,5636,9.214615
11/30/2022,5637,9.214643
11/30/2022,5638,9.21467
11/30/2022,5639,9.214698
11/30/2022,5640,9.214725
11/30/2022,5641,9.214753
11/30/2022,5642,9.21478
11/30/2022,5643,9.214808
11/30/2022,5644,9.214835
11/30/2022,5645,9.214863
11/30/2022,5646,9.21489
11/30/2022,5647,9.214918
11/30/2022,5648,9.214945
11/30/2022,5649,9.214973
11/30/2022,5650,9.215
11/30/2022,5651,9.215027
11/30/2022,5652,9.215055
11/30/2022,5653,9.215082
11/30/2022,5654,9.21511
11/30/2022,5655,9.215137
11/30/2022,5656,9.215165
11/30/2022,5657,9.215192
11/30/2022,5658,9.21522
11/30/2022,5659,9.215247
11/30/2022,5660,9.215275
11/30/2022,5661,9.215302
11/30/2022,5662,9.21533
11/30/2022,5663,9.215357
11/30/2022,5664,9.215385
11/30/2022,5665,9.215412
11/30/2022,5666,9.21544
11/30/2022,5667,9.215467
11/30/2022,5668,9.215495
11/30/2022,5669,9.215522
11/30/2022,5670,9.215549
11/30/2022,5671,9.215577
11/30/2022,5672,9.215604
11/30/2022,5673,9.215632
11/30/2022,5674,9.215659
11/30/2022,5675,9.215687
11/30/2022,5676,9.215714
11/30/2022,5677,9.215742
11/30/2022,5678,9.215769
11/30/2022,5679,9.215797
11/30/2022,5680,9.215824
11/30/2022,5681,9.215852
11/30/2022,5682,9.215879
11/30/2022,5683,9.215907
11/30/2022,5684,9.215934
11/30/2022,5685,9.215962
11/30/2022,5686,9.215989
11/30/2022,5687,9.216016
11/30/2022,5688,9.216044
11/30/2022,5689,9.216071
11/30/2022,5690,9.216099
11/30/2022,5691,9.216126
11/30/2022,5692,9.216154
11/30/2022,5693,9.216181
11/30/2022,5694,9.216209
11/30/2022,5695,9.216236
11/30/2022,5696,9.216264
11/30/2022,5697,9.216291
11/30/2022,5698,9.216319
11/30/2022,5699,9.216346
11/30/2022,5700,9.216374
11/30/2022,5701,9.216401
11/30/2022,5702,9.216429
11/30/2022,5703,9.216456
11/30/2022,5704,9.216484
11/30/2022,5705,9.216511
11/30/2022,5706,9.216538
11/30/2022,5707,9.216566
11/30/2022,5708,9.216593
11/30/2022,5709,9.216621
11/30/2022,5710,9.216648
11/30/2022,5711,9.216676
11/30/2022,5712,9.216703
11/30/2022,5713,9.216731
11/30/2022,5714,9.216758
11/30/2022,5715,9.216786
11/30/2022,5716,9.216813
11/30/2022,5717,9.216841
11/30/2022,5718,9.216868
11/30/2022,5719,9.216896
11/30/2022,5720,9.216923
11/30/2022,5721,9.216951
11/30/2022,5722,9.216978
11/30/2022,5723,9.217005
11/30/2022,5724,9.217033
11/30/2022,5725,9.21706
11/30/2022,5726,9.217088
11/30/2022,5727,9.217115
11/30/2022,5728,9.217143
11/30/2022,5729,9.21717
11/30/2022,5730,9.217198
11/30/2022,5731,9.217225
11/30/2022,5732,9.217253
11/30/2022,5733,9.21728
11/30/2022,5734,9.217308
11/30/2022,5735,9.217335
11/30/2022,5736,9.217363
11/30/2022,5737,9.21739
11/30/2022,5738,9.217418
11/30/2022,5739,9.217445
11/30/2022,5740,9.217473
11/30/2022,5741,9.2175
11/30/2022,5742,9.217527
11/30/2022,5743,9.217555
11/30/2022,5744,9.217582
11/30/2022,5745,9.21761
11/30/2022,5746,9.217637
11/30/2022,5747,9.217665
11/30/2022,5748,9.217692
11/30/2022,5749,9.21772
11/30/2022,5750,9.217747
11/30/2022,5751,9.217775
11/30/2022,5752,9.217802
11/30/2022,5753,9.21783
11/30/2022,5754,9.217857
11/30/2022,5755,9.217885
11/30/2022,5756,9.217912
11/30/2022,5757,9.21794
11/30/2022,5758,9.217967
11/30/2022,5759,9.217995
11/30/2022,5760,9.218022
11/30/2022,5761,9.218049
11/30/2022,5762,9.218077
11/30/2022,5763,9.218104
11/30/2022,5764,9.218132
11/30/2022,5765,9.218159
11/30/2022,5766,9.218187
11/30/2022,5767,9.218214
11/30/2022,5768,9.218242
11/30/2022,5769,9.218269
11/30/2022,5770,9.218297
11/30/2022,5771,9.218324
11/30/2022,5772,9.218352
11/30/2022,5773,9.218379
11/30/2022,5774,9.218407
11/30/2022,5775,9.218434
11/30/2022,5776,9.218462
11/30/2022,5777,9.218489
11/30/2022,5778,9.218516
11/30/2022,5779,9.218544
11/30/2022,5780,9.218571
11/30/2022,5781,9.218599
11/30/2022,5782,9.218626
11/30/2022,5783,9.218654
11/30/2022,5784,9.218681
11/30/2022,5785,9.218709
11/30/2022,5786,9.218736
11/30/2022,5787,9.218764
11/30/2022,5788,9.218791
11/30/2022,5789,9.218819
11/30/2022,5790,9.218846
11/30/2022,5791,9.218874
11/30/2022,5792,9.218901
11/30/2022,5793,9.218929
11/30/2022,5794,9.218956
11/30/2022,5795,9.218984
11/30/2022,5796,9.219011
11/30/2022,5797,9.219038
11/30/2022,5798,9.219066
11/30/2022,5799,9.219093
11/30/2022,5800,9.219121
11/30/2022,5801,9.219148
11/30/2022,5802,9.219176
11/30/2022,5803,9.219203
11/30/2022,5804,9.219231
11/30/2022,5805,9.219258
11/30/2022,5806,9.219286
11/30/2022,5807,9.219313
11/30/2022,5808,9.219341
11/30/2022,5809,9.219368
11/30/2022,5810,9.219396
11/30/2022,5811,9.219423
11/30/2022,5812,9.219451
11/30/2022,5813,9.219478
11/30/2022,5814,9.219505
11/30/2022,5815,9.219533
11/30/2022,5816,9.21956
11/30/2022,5817,9.219588
11/30/2022,5818,9.219615
11/30/2022,5819,9.219643
11/30/2022,5820,9.21967
11/30/2022,5821,9.219698
11/30/2022,5822,9.219725
11/30/2022,5823,9.219753
11/30/2022,5824,9.21978
11/30/2022,5825,9.219808
11/30/2022,5826,9.219835
11/30/2022,5827,9.219863
11/30/2022,5828,9.21989
11/30/2022,5829,9.219918
11/30/2022,5830,9.219945
11/30/2022,5831,9.219973
11/30/2022,5832,9.22
11/30/2022,5833,9.219979
11/30/2022,5834,9.219959
11/30/2022,5835,9.219938
11/30/2022,5836,9.219918
11/30/2022,5837,9.219897
11/30/2022,5838,9.219876
11/30/2022,5839,9.219856
11/30/2022,5840,9.219835
11/30/2022,5841,9.219815
11/30/2022,5842,9.219794
11/30/2022,5843,9.219773
11/30/2022,5844,9.219753
11/30/2022,5845,9.219732
11/30/2022,5846,9.219712
11/30/2022,5847,9.219691
11/30/2022,5848,9.21967
11/30/2022,5849,9.21965
11/30/2022,5850,9.219629
11/30/2022,5851,9.219609
11/30/2022,5852,9.219588
11/30/2022,5853,9.219567
11/30/2022,5854,9.219547
11/30/2022,5855,9.219526
11/30/2022,5856,9.219505
11/30/2022,5857,9.219485
11/30/2022,5858,9.219464
11/30/2022,5859,9.219444
11/30/2022,5860,9.219423
11/30/2022,5861,9.219402
11/30/2022,5862,9.219382
11/30/2022,5863,9.219361
11/30/2022,5864,9.219341
11/30/2022,5865,9.21932
11/30/2022,5866,9.219299
11/30/2022,5867,9.219279
11/30/2022,5868,9.219258
11/30/2022,5869,9.219238
11/30/2022,5870,9.219217
11/30/2022,5871,9.219196
11/30/2022,5872,9.219176
11/30/2022,5873,9.219155
11/30/2022,5874,9.219135
11/30/2022,5875,9.219114
11/30/2022,5876,9.219093
11/30/2022,5877,9.219073
11/30/2022,5878,9.219052
11/30/2022,5879,9.219032
11/30/2022,5880,9.219011
11/30/2022,5881,9.21899
11/30/2022,5882,9.21897
11/30/2022,5883,9.218949
11/30/2022,5884,9.218929
11/30/2022,5885,9.218908
11/30/2022,5886,9.218887
11/30/2022,5887,9.218867
11/30/2022,5888,9.218846
11/30/2022,5889,9.218826
11/30/2022,5890,9.218805
11/30/2022,5891,9.218784
11/30/2022,5892,9.218764
11/30/2022,5893,9.218743
11/30/2022,5894,9.218723
11/30/2022,5895,9.218702
11/30/2022,5896,9.218681
11/30/2022,5897,9.218661
11/30/2022,5898,9.21864
11/30/2022,5899,9.21862
11/30/2022,5900,9.218599
11/30/2022,5901,9.218578
11/30/2022,5902,9.218558
11/30/2022,5903,9.218537
11/30/2022,5904,9.218516
11/30/2022,5905,9.218496
11/30/2022,5906,9.218475
11/30/2022,5907,9.218455
11/30/2022,5908,9.218434
11/30/2022,5909,9.218413
11/30/2022,5910,9.218393
11/30/2022,5911,9.218372
11/30/2022,5912,9.218352
11/30/2022,5913,9.218331
11/30/2022,5914,9.21831
11/30/2022,5915,9.21829
11/30/2022,5916,9.218269
11/30/2022,5917,9.218249
11/30/2022,5918,9.218228
11/30/2022,5919,9.218207
11/30/2022,5920,9.218187
11/30/2022,5921,9.218166
11/30/2022,5922,9.218146
11/30/2022,5923,9.218125
11/30/2022,5924,9.218104
11/30/2022,5925,9.218084
11/30/2022,5926,9.218063
11/30/2022,5927,9.218043
11/30/2022,5928,9.218022
11/30/2022,5929,9.218001
11/30/2022,5930,9.217981
11/30/2022,5931,9.21796
11/30/2022,5932,9.21794
11/30/2022,5933,9.217919
11/30/2022,5934,9.217898
11/30/2022,5935,9.217878
11/30/2022,5936,9.217857
11/30/2022,5937,9.217837
11/30/2022,5938,9.217816
11/30/2022,5939,9.217795
11/30/2022,5940,9.217775
11/30/2022,5941,9.217754
11/30/2022,5942,9.217734
11/30/2022,5943,9.217713
11/30/2022,5944,9.217692
11/30/2022,5945,9.217672
11/30/2022,5946,9.217651
11/30/2022,5947,9.21763
11/30/2022,5948,9.21761
11/30/2022,5949,9.217589
11/30/2022,5950,9.217569
11/30/2022,5951,9.217548
11/30/2022,5952,9.217527
11/30/2022,5953,9.217507
11/30/2022,5954,9.217486
11/30/2022,5955,9.217466
11/30/2022,5956,9.217445
11/30/2022,5957,9.217424
11/30/2022,5958,9.217404
11/30/2022,5959,9.217383
11/30/2022,5960,9.217363
11/30/2022,5961,9.217342
11/30/2022,5962,9.217321
11/30/2022,5963,9.217301
11/30/2022,5964,9.21728
11/30/2022,5965,9.21726
11/30/2022,5966,9.217239
11/30/2022,5967,9.217218
11/30/2022,5968,9.217198
11/30/2022,5969,9.217177
11/30/2022,5970,9.217157
11/30/2022,5971,9.217136
11/30/2022,5972,9.217115
11/30/2022,5973,9.217095
11/30/2022,5974,9.217074
11/30/2022,5975,9.217054
11/30/2022,5976,9.217033
11/30/2022,5977,9.217012
11/30/2022,5978,9.216992
11/30/2022,5979,9.216971
11/30/2022,5980,9.216951
11/30/2022,5981,9.21693
11/30/2022,5982,9.216909
11/30/2022,5983,9.216889
11/30/2022,5984,9.216868
11/30/2022,5985,9.216848
11/30/2022,5986,9.216827
11/30/2022,5987,9.216806
11/30/2022,5988,9.216786
11/30/2022,5989,9.216765
11/30/2022,5990,9.216745
11/30/2022,5991,9.216724
11/30/2022,5992,9.216703
11/30/2022,5993,9.216683
11/30/2022,5994,9.216662
11/30/2022,5995,9.216641
11/30/2022,5996,9.216621
11/30/2022,5997,9.2166
11/30/2022,5998,9.21658
11/30/2022,5999,9.216559
11/30/2022,6000,9.216538
11/30/2022,6001,9.216518
11/30/2022,6002,9.216497
11/30/2022,6003,9.216477
11/30/2022,6004,9.216456
11/30/2022,6005,9.216435
11/30/2022,6006,9.216415
11/30/2022,6007,9.216394
11/30/2022,6008,9.216374
11/30/2022,6009,9.216353
11/30/2022,6010,9.216332
11/30/2022,6011,9.216312
11/30/2022,6012,9.216291
11/30/2022,6013,9.216271
11/30/2022,6014,9.21625
11/30/2022,6015,9.216229
11/30/2022,6016,9.216209
11/30/2022,6017,9.216188
11/30/2022,6018,9.216168
11/30/2022,6019,9.216147
11/30/2022,6020,9.216126
11/30/2022,6021,9.216106
11/30/2022,6022,9.216085
11/30/2022,6023,9.216065
11/30/2022,6024,9.216044
11/30/2022,6025,9.216023
11/30/2022,6026,9.216003
11/30/2022,6027,9.215982
11/30/2022,6028,9.215962
11/30/2022,6029,9.215941
11/30/2022,6030,9.21592
11/30/2022,6031,9.2159
11/30/2022,6032,9.215879
11/30/2022,6033,9.215859
11/30/2022,6034,9.215838
11/30/2022,6035,9.215817
11/30/2022,6036,9.215797
11/30/2022,6037,9.215776
11/30/2022,6038,9.215755
11/30/2022,6039,9.215735
11/30/2022,6040,9.215714
11/30/2022,6041,9.215694
11/30/2022,6042,9.215673
11/30/2022,6043,9.215652
11/30/2022,6044,9.215632
11/30/2022,6045,9.215611
11/30/2022,6046,9.215591
11/30/2022,6047,9.21557
11/30/2022,6048,9.215549
11/30/2022,6049,9.215529
11/30/2022,6050,9.215508
11/30/2022,6051,9.215488
11/30/2022,6052,9.215467
11/30/2022,6053,9.215446
11/30/2022,6054,9.215426
11/30/2022,6055,9.215405
11/30/2022,6056,9.215385
11/30/2022,6057,9.215364
11/30/2022,6058,9.215343
11/30/2022,6059,9.215323
11/30/2022,6060,9.215302
11/30/2022,6061,9.215282
11/30/2022,6062,9.215261
11/30/2022,6063,9.21524
11/30/2022,6064,9.21522
11/30/2022,6065,9.215199
11/30/2022,6066,9.215179
11/30/2022,6067,9.215158
11/30/2022,6068,9.215137
11/30/2022,6069,9.215117
11/30/2022,6070,9.215096
11/30/2022,6071,9.215076
11/30/2022,6072,9.215055
11/30/2022,6073,9.215034
11/30/2022,6074,9.215014
11/30/2022,6075,9.214993
11/30/2022,6076,9.214973
11/30/2022,6077,9.214952
11/30/2022,6078,9.214931
11/30/2022,6079,9.214911
11/30/2022,6080,9.21489
11/30/2022,6081,9.21487
11/30/2022,6082,9.214849
11/30/2022,6083,9.214828
11/30/2022,6084,9.214808
11/30/2022,6085,9.214787
11/30/2022,6086,9.214766
11/30/2022,6087,9.214746
11/30/2022,6088,9.214725
11/30/2022,6089,9.214705
11/30/2022,6090,9.214684
11/30/2022,6091,9.214663
11/30/2022,6092,9.214643
11/30/2022,6093,9.214622
11/30/2022,6094,9.214602
11/30/2022,6095,9.214581
11/30/2022,6096,9.21456
11/30/2022,6097,9.21454
11/30/2022,6098,9.214519
11/30/2022,6099,9.214499
11/30/2022,6100,9.214478
11/30/2022,6101,9.214457
11/30/2022,6102,9.214437
11/30/2022,6103,9.214416
11/30/2022,6104,9.214396
11/30/2022,6105,9.214375
11/30/2022,6106,9.214354
11/30/2022,6107,9.214334
11/30/2022,6108,9.214313
11/30/2022,6109,9.214293
11/30/2022,6110,9.214272
11/30/2022,6111,9.214251
11/30/2022,6112,9.214231
11/30/2022,6113,9.21421
11/30/2022,6114,9.21419
11/30/2022,6115,9.214169
11/30/2022,6116,9.214148
11/30/2022,6117,9.214128
11/30/2022,6118,9.214107
11/30/2022,6119,9.214087
11/30/2022,6120,9.214066
11/30/2022,6121,9.214045
11/30/2022,6122,9.214025
11/30/2022,6123,9.214004
11/30/2022,6124,9.213984
11/30/2022,6125,9.213963
11/30/2022,6126,9.213942
11/30/2022,6127,9.213922
11/30/2022,6128,9.213901
11/30/2022,6129,9.21388
11/30/2022,6130,9.21386
11/30/2022,6131,9.213839
11/30/2022,6132,9.213819
11/30/2022,6133,9.213798
11/30/2022,6134,9.213777
11/30/2022,6135,9.213757
11/30/2022,6136,9.213736
11/30/2022,6137,9.213716
11/30/2022,6138,9.213695
11/30/2022,6139,9.213674
11/30/2022,6140,9.213654
11/30/2022,6141,9.213633
11/30/2022,6142,9.213613
11/30/2022,6143,9.213592
11/30/2022,6144,9.213571
11/30/2022,6145,9.213551
11/30/2022,6146,9.21353
11/30/2022,6147,9.21351
11/30/2022,6148,9.213489
11/30/2022,6149,9.213468
11/30/2022,6150,9.213448
11/30/2022,6151,9.213427
11/30/2022,6152,9.213407
11/30/2022,6153,9.213386
11/30/2022,6154,9.213365
11/30/2022,6155,9.213345
11/30/2022,6156,9.213324
11/30/2022,6157,9.213304
11/30/2022,6158,9.213283
11/30/2022,6159,9.213262
11/30/2022,6160,9.213242
11/30/2022,6161,9.213221
11/30/2022,6162,9.213201
11/30/2022,6163,9.21318
11/30/2022,6164,9.213159
11/30/2022,6165,9.213139
11/30/2022,6166,9.213118
11/30/2022,6167,9.213098
11/30/2022,6168,9.213077
11/30/2022,6169,9.213056
11/30/2022,6170,9.213036
11/30/2022,6171,9.213015
11/30/2022,6172,9.212995
11/30/2022,6173,9.212974
11/30/2022,6174,9.212953
11/30/2022,6175,9.212933
11/30/2022,6176,9.212912
11/30/2022,6177,9.212891
11/30/2022,6178,9.212871
11/30/2022,6179,9.21285
11/30/2022,6180,9.21283
11/30/2022,6181,9.212809
11/30/2022,6182,9.212788
11/30/2022,6183,9.212768
11/30/2022,6184,9.212747
11/30/2022,6185,9.212727
11/30/2022,6186,9.212706
11/30/2022,6187,9.212685
11/30/2022,6188,9.212665
11/30/2022,6189,9.212644
11/30/2022,6190,9.212624
11/30/2022,6191,9.212603
11/30/2022,6192,9.212582
11/30/2022,6193,9.212562
11/30/2022,6194,9.212541
11/30/2022,6195,9.212521
11/30/2022,6196,9.2125
11/30/2022,6197,9.212479
11/30/2022,6198,9.212459
11/30/2022,6199,9.212438
11/30/2022,6200,9.212418
11/30/2022,6201,9.212397
11/30/2022,6202,9.212376
11/30/2022,6203,9.212356
11/30/2022,6204,9.212335
11/30/2022,6205,9.212315
11/30/2022,6206,9.212294
11/30/2022,6207,9.212273
11/30/2022,6208,9.212253
11/30/2022,6209,9.212232
11/30/2022,6210,9.212212
11/30/2022,6211,9.212191
11/30/2022,6212,9.21217
11/30/2022,6213,9.21215
11/30/2022,6214,9.212129
11/30/2022,6215,9.212109
11/30/2022,6216,9.212088
11/30/2022,6217,9.212067
11/30/2022,6218,9.212047
11/30/2022,6219,9.212026
11/30/2022,6220,9.212005
11/30/2022,6221,9.211985
11/30/2022,6222,9.211964
11/30/2022,6223,9.211944
11/30/2022,6224,9.211923
11/30/2022,6225,9.211902
11/30/2022,6226,9.211882
11/30/2022,6227,9.211861
11/30/2022,6228,9.211841
11/30/2022,6229,9.21182
11/30/2022,6230,9.211799
11/30/2022,6231,9.211779
11/30/2022,6232,9.211758
11/30/2022,6233,9.211738
11/30/2022,6234,9.211717
11/30/2022,6235,9.211696
11/30/2022,6236,9.211676
11/30/2022,6237,9.211655
11/30/2022,6238,9.211635
11/30/2022,6239,9.211614
11/30/2022,6240,9.211593
11/30/2022,6241,9.211573
11/30/2022,6242,9.211552
11/30/2022,6243,9.211532
11/30/2022,6244,9.211511
11/30/2022,6245,9.21149
11/30/2022,6246,9.21147
11/30/2022,6247,9.211449
11/30/2022,6248,9.211429
11/30/2022,6249,9.211408
11/30/2022,6250,9.211387
11/30/2022,6251,9.211367
11/30/2022,6252,9.211346
11/30/2022,6253,9.211326
11/30/2022,6254,9.211305
11/30/2022,6255,9.211284
11/30/2022,6256,9.211264
11/30/2022,6257,9.211243
11/30/2022,6258,9.211223
11/30/2022,6259,9.211202
11/30/2022,6260,9.211181
11/30/2022,6261,9.211161
11/30/2022,6262,9.21114
11/30/2022,6263,9.21112
11/30/2022,6264,9.211099
11/30/2022,6265,9.211078
11/30/2022,6266,9.211058
11/30/2022,6267,9.211037
11/30/2022,6268,9.211016
11/30/2022,6269,9.210996
11/30/2022,6270,9.210975
11/30/2022,6271,9.210955
11/30/2022,6272,9.210934
11/30/2022,6273,9.210913
11/30/2022,6274,9.210893
11/30/2022,6275,9.210872
11/30/2022,6276,9.210852
11/30/2022,6277,9.210831
11/30/2022,6278,9.21081
11/30/2022,6279,9.21079
11/30/2022,6280,9.210769
11/30/2022,6281,9.210749
11/30/2022,6282,9.210728
11/30/2022,6283,9.210707
11/30/2022,6284,9.210687
11/30/2022,6285,9.210666
11/30/2022,6286,9.210646
11/30/2022,6287,9.210625
11/30/2022,6288,9.210604
11/30/2022,6289,9.210584
11/30/2022,6290,9.210563
11/30/2022,6291,9.210543
11/30/2022,6292,9.210522
11/30/2022,6293,9.210501
11/30/2022,6294,9.210481
11/30/2022,6295,9.21046
11/30/2022,6296,9.21044
11/30/2022,6297,9.210419
11/30/2022,6298,9.210398
11/30/2022,6299,9.210378
11/30/2022,6300,9.210357
11/30/2022,6301,9.210337
11/30/2022,6302,9.210316
11/30/2022,6303,9.210295
11/30/2022,6304,9.210275
11/30/2022,6305,9.210254
11/30/2022,6306,9.210234
11/30/2022,6307,9.210213
11/30/2022,6308,9.210192
11/30/2022,6309,9.210172
11/30/2022,6310,9.210151
11/30/2022,6311,9.21013
11/30/2022,6312,9.21011
11/30/2022,6313,9.210089
11/30/2022,6314,9.210069
11/30/2022,6315,9.210048
11/30/2022,6316,9.210027
11/30/2022,6317,9.210007
11/30/2022,6318,9.209986
11/30/2022,6319,9.209966
11/30/2022,6320,9.209945
11/30/2022,6321,9.209924
11/30/2022,6322,9.209904
11/30/2022,6323,9.209883
11/30/2022,6324,9.209863
11/30/2022,6325,9.209842
11/30/2022,6326,9.209821
11/30/2022,6327,9.209801
11/30/2022,6328,9.20978
11/30/2022,6329,9.20976
11/30/2022,6330,9.209739
11/30/2022,6331,9.209718
11/30/2022,6332,9.209698
11/30/2022,6333,9.209677
11/30/2022,6334,9.209657
11/30/2022,6335,9.209636
11/30/2022,6336,9.209615
11/30/2022,6337,9.209595
11/30/2022,6338,9.209574
11/30/2022,6339,9.209554
11/30/2022,6340,9.209533
11/30/2022,6341,9.209512
11/30/2022,6342,9.209492
11/30/2022,6343,9.209471
11/30/2022,6344,9.209451
11/30/2022,6345,9.20943
11/30/2022,6346,9.209409
11/30/2022,6347,9.209389
11/30/2022,6348,9.209368
11/30/2022,6349,9.209348
11/30/2022,6350,9.209327
11/30/2022,6351,9.209306
11/30/2022,6352,9.209286
11/30/2022,6353,9.209265
11/30/2022,6354,9.209245
11/30/2022,6355,9.209224
11/30/2022,6356,9.209203
11/30/2022,6357,9.209183
11/30/2022,6358,9.209162
11/30/2022,6359,9.209141
11/30/2022,6360,9.209121
11/30/2022,6361,9.2091
11/30/2022,6362,9.20908
11/30/2022,6363,9.209059
11/30/2022,6364,9.209038
11/30/2022,6365,9.209018
11/30/2022,6366,9.208997
11/30/2022,6367,9.208977
11/30/2022,6368,9.208956
11/30/2022,6369,9.208935
11/30/2022,6370,9.208915
11/30/2022,6371,9.208894
11/30/2022,6372,9.208874
11/30/2022,6373,9.208853
11/30/2022,6374,9.208832
11/30/2022,6375,9.208812
11/30/2022,6376,9.208791
11/30/2022,6377,9.208771
11/30/2022,6378,9.20875
11/30/2022,6379,9.208729
11/30/2022,6380,9.208709
11/30/2022,6381,9.208688
11/30/2022,6382,9.208668
11/30/2022,6383,9.208647
11/30/2022,6384,9.208626
11/30/2022,6385,9.208606
11/30/2022,6386,9.208585
11/30/2022,6387,9.208565
11/30/2022,6388,9.208544
11/30/2022,6389,9.208523
11/30/2022,6390,9.208503
11/30/2022,6391,9.208482
11/30/2022,6392,9.208462
11/30/2022,6393,9.208441
11/30/2022,6394,9.20842
11/30/2022,6395,9.2084
11/30/2022,6396,9.208379
11/30/2022,6397,9.208359
11/30/2022,6398,9.208338
11/30/2022,6399,9.208317
11/30/2022,6400,9.208297
11/30/2022,6401,9.208276
11/30/2022,6402,9.208255
11/30/2022,6403,9.208235
11/30/2022,6404,9.208214
11/30/2022,6405,9.208194
11/30/2022,6406,9.208173
11/30/2022,6407,9.208152
11/30/2022,6408,9.208132
11/30/2022,6409,9.208111
11/30/2022,6410,9.208091
11/30/2022,6411,9.20807
11/30/2022,6412,9.208049
11/30/2022,6413,9.208029
11/30/2022,6414,9.208008
11/30/2022,6415,9.207988
11/30/2022,6416,9.207967
11/30/2022,6417,9.207946
11/30/2022,6418,9.207926
11/30/2022,6419,9.207905
11/30/2022,6420,9.207885
11/30/2022,6421,9.207864
11/30/2022,6422,9.207843
11/30/2022,6423,9.207823
11/30/2022,6424,9.207802
11/30/2022,6425,9.207782
11/30/2022,6426,9.207761
11/30/2022,6427,9.20774
11/30/2022,6428,9.20772
11/30/2022,6429,9.207699
11/30/2022,6430,9.207679
11/30/2022,6431,9.207658
11/30/2022,6432,9.207637
11/30/2022,6433,9.207617
11/30/2022,6434,9.207596
11/30/2022,6435,9.207576
11/30/2022,6436,9.207555
11/30/2022,6437,9.207534
11/30/2022,6438,9.207514
11/30/2022,6439,9.207493
11/30/2022,6440,9.207473
11/30/2022,6441,9.207452
11/30/2022,6442,9.207431
11/30/2022,6443,9.207411
11/30/2022,6444,9.20739
11/30/2022,6445,9.20737
11/30/2022,6446,9.207349
11/30/2022,6447,9.207328
11/30/2022,6448,9.207308
11/30/2022,6449,9.207287
11/30/2022,6450,9.207266
11/30/2022,6451,9.207246
11/30/2022,6452,9.207225
11/30/2022,6453,9.207205
11/30/2022,6454,9.207184
11/30/2022,6455,9.207163
11/30/2022,6456,9.207143
11/30/2022,6457,9.207122
11/30/2022,6458,9.207102
11/30/2022,6459,9.207081
11/30/2022,6460,9.20706
11/30/2022,6461,9.20704
11/30/2022,6462,9.207019
11/30/2022,6463,9.206999
11/30/2022,6464,9.206978
11/30/2022,6465,9.206957
11/30/2022,6466,9.206937
11/30/2022,6467,9.206916
11/30/2022,6468,9.206896
11/30/2022,6469,9.206875
11/30/2022,6470,9.206854
11/30/2022,6471,9.206834
11/30/2022,6472,9.206813
11/30/2022,6473,9.206793
11/30/2022,6474,9.206772
11/30/2022,6475,9.206751
11/30/2022,6476,9.206731
11/30/2022,6477,9.20671
11/30/2022,6478,9.20669
11/30/2022,6479,9.206669
11/30/2022,6480,9.206648
11/30/2022,6481,9.206628
11/30/2022,6482,9.206607
11/30/2022,6483,9.206587
11/30/2022,6484,9.206566
11/30/2022,6485,9.206545
11/30/2022,6486,9.206525
11/30/2022,6487,9.206504
11/30/2022,6488,9.206484
11/30/2022,6489,9.206463
11/30/2022,6490,9.206442
11/30/2022,6491,9.206422
11/30/2022,6492,9.206401
11/30/2022,6493,9.20638
11/30/2022,6494,9.20636
11/30/2022,6495,9.206339
11/30/2022,6496,9.206319
11/30/2022,6497,9.206298
11/30/2022,6498,9.206277
11/30/2022,6499,9.206257
11/30/2022,6500,9.206236
11/30/2022,6501,9.206216
11/30/2022,6502,9.206195
11/30/2022,6503,9.206174
11/30/2022,6504,9.206154
11/30/2022,6505,9.206133
11/30/2022,6506,9.206113
11/30/2022,6507,9.206092
11/30/2022,6508,9.206071
11/30/2022,6509,9.206051
11/30/2022,6510,9.20603
11/30/2022,6511,9.20601
11/30/2022,6512,9.205989
11/30/2022,6513,9.205968
11/30/2022,6514,9.205948
11/30/2022,6515,9.205927
11/30/2022,6516,9.205907
11/30/2022,6517,9.205886
11/30/2022,6518,9.205865
11/30/2022,6519,9.205845
11/30/2022,6520,9.205824
11/30/2022,6521,9.205804
11/30/2022,6522,9.205783
11/30/2022,6523,9.205762
11/30/2022,6524,9.205742
11/30/2022,6525,9.205721
11/30/2022,6526,9.205701
11/30/2022,6527,9.20568
11/30/2022,6528,9.205659
11/30/2022,6529,9.205639
11/30/2022,6530,9.205618
11/30/2022,6531,9.205598
11/30/2022,6532,9.205577
11/30/2022,6533,9.205556
11/30/2022,6534,9.205536
11/30/2022,6535,9.205515
11/30/2022,6536,9.205495
11/30/2022,6537,9.205474
11/30/2022,6538,9.205453
11/30/2022,6539,9.205433
11/30/2022,6540,9.205412
11/30/2022,6541,9.205391
11/30/2022,6542,9.205371
11/30/2022,6543,9.20535
11/30/2022,6544,9.20533
11/30/2022,6545,9.205309
11/30/2022,6546,9.205288
11/30/2022,6547,9.205268
11/30/2022,6548,9.205247
11/30/2022,6549,9.205227
11/30/2022,6550,9.205206
11/30/2022,6551,9.205185
11/30/2022,6552,9.205165
11/30/2022,6553,9.205144
11/30/2022,6554,9.205124
11/30/2022,6555,9.205103
11/30/2022,6556,9.205082
11/30/2022,6557,9.205062
11/30/2022,6558,9.205041
11/30/2022,6559,9.205021
11/30/2022,6560,9.205
11/30/2022,6561,9.204979
11/30/2022,6562,9.204959
11/30/2022,6563,9.204938
11/30/2022,6564,9.204918
11/30/2022,6565,9.204897
11/30/2022,6566,9.204876
11/30/2022,6567,9.204856
11/30/2022,6568,9.204835
11/30/2022,6569,9.204815
11/30/2022,6570,9.204794
11/30/2022,6571,9.204773
11/30/2022,6572,9.204753
11/30/2022,6573,9.204732
11/30/2022,6574,9.204712
11/30/2022,6575,9.204691
11/30/2022,6576,9.20467
11/30/2022,6577,9.20465
11/30/2022,6578,9.204629
11/30/2022,6579,9.204609
11/30/2022,6580,9.204588
11/30/2022,6581,9.204567
11/30/2022,6582,9.204547
11/30/2022,6583,9.204526
11/30/2022,6584,9.204505
11/30/2022,6585,9.204485
11/30/2022,6586,9.204464
11/30/2022,6587,9.204444
11/30/2022,6588,9.204423
11/30/2022,6589,9.204402
11/30/2022,6590,9.204382
11/30/2022,6591,9.204361
11/30/2022,6592,9.204341
11/30/2022,6593,9.20432
11/30/2022,6594,9.204299
11/30/2022,6595,9.204279
11/30/2022,6596,9.204258
11/30/2022,6597,9.204238
11/30/2022,6598,9.204217
11/30/2022,6599,9.204196
11/30/2022,6600,9.204176
11/30/2022,6601,9.204155
11/30/2022,6602,9.204135
11/30/2022,6603,9.204114
11/30/2022,6604,9.204093
11/30/2022,6605,9.204073
11/30/2022,6606,9.204052
11/30/2022,6607,9.204032
11/30/2022,6608,9.204011
11/30/2022,6609,9.20399
11/30/2022,6610,9.20397
11/30/2022,6611,9.203949
11/30/2022,6612,9.203929
11/30/2022,6613,9.203908
11/30/2022,6614,9.203887
11/30/2022,6615,9.203867
11/30/2022,6616,9.203846
11/30/2022,6617,9.203826
11/30/2022,6618,9.203805
11/30/2022,6619,9.203784
11/30/2022,6620,9.203764
11/30/2022,6621,9.203743
11/30/2022,6622,9.203723
11/30/2022,6623,9.203702
11/30/2022,6624,9.203681
11/30/2022,6625,9.203661
11/30/2022,6626,9.20364
11/30/2022,6627,9.20362
11/30/2022,6628,9.203599
11/30/2022,6629,9.203578
11/30/2022,6630,9.203558
11/30/2022,6631,9.203537
11/30/2022,6632,9.203516
11/30/2022,6633,9.203496
11/30/2022,6634,9.203475
11/30/2022,6635,9.203455
11/30/2022,6636,9.203434
11/30/2022,6637,9.203413
11/30/2022,6638,9.203393
11/30/2022,6639,9.203372
11/30/2022,6640,9.203352
11/30/2022,6641,9.203331
11/30/2022,6642,9.20331
11/30/2022,6643,9.20329
11/30/2022,6644,9.203269
11/30/2022,6645,9.203249
11/30/2022,6646,9.203228
11/30/2022,6647,9.203207
11/30/2022,6648,9.203187
11/30/2022,6649,9.203166
11/30/2022,6650,9.203146
11/30/2022,6651,9.203125
11/30/2022,6652,9.203104
11/30/2022,6653,9.203084
11/30/2022,6654,9.203063
11/30/2022,6655,9.203043
11/30/2022,6656,9.203022
11/30/2022,6657,9.203001
11/30/2022,6658,9.202981
11/30/2022,6659,9.20296
11/30/2022,6660,9.20294
11/30/2022,6661,9.202919
11/30/2022,6662,9.202898
11/30/2022,6663,9.202878
11/30/2022,6664,9.202857
11/30/2022,6665,9.202837
11/30/2022,6666,9.202816
11/30/2022,6667,9.202795
11/30/2022,6668,9.202775
11/30/2022,6669,9.202754
11/30/2022,6670,9.202734
11/30/2022,6671,9.202713
11/30/2022,6672,9.202692
11/30/2022,6673,9.202672
11/30/2022,6674,9.202651
11/30/2022,6675,9.20263
11/30/2022,6676,9.20261
11/30/2022,6677,9.202589
11/30/2022,6678,9.202569
11/30/2022,6679,9.202548
11/30/2022,6680,9.202527
11/30/2022,6681,9.202507
11/30/2022,6682,9.202486
11/30/2022,6683,9.202466
11/30/2022,6684,9.202445
11/30/2022,6685,9.202424
11/30/2022,6686,9.202404
11/30/2022,6687,9.202383
11/30/2022,6688,9.202363
11/30/2022,6689,9.202342
11/30/2022,6690,9.202321
11/30/2022,6691,9.202301
11/30/2022,6692,9.20228
11/30/2022,6693,9.20226
11/30/2022,6694,9.202239
11/30/2022,6695,9.202218
11/30/2022,6696,9.202198
11/30/2022,6697,9.202177
11/30/2022,6698,9.202157
11/30/2022,6699,9.202136
11/30/2022,6700,9.202115
11/30/2022,6701,9.202095
11/30/2022,6702,9.202074
11/30/2022,6703,9.202054
11/30/2022,6704,9.202033
11/30/2022,6705,9.202012
11/30/2022,6706,9.201992
11/30/2022,6707,9.201971
11/30/2022,6708,9.201951
11/30/2022,6709,9.20193
11/30/2022,6710,9.201909
11/30/2022,6711,9.201889
11/30/2022,6712,9.201868
11/30/2022,6713,9.201848
11/30/2022,6714,9.201827
11/30/2022,6715,9.201806
11/30/2022,6716,9.201786
11/30/2022,6717,9.201765
11/30/2022,6718,9.201745
11/30/2022,6719,9.201724
11/30/2022,6720,9.201703
11/30/2022,6721,9.201683
11/30/2022,6722,9.201662
11/30/2022,6723,9.201641
11/30/2022,6724,9.201621
11/30/2022,6725,9.2016
11/30/2022,6726,9.20158
11/30/2022,6727,9.201559
11/30/2022,6728,9.201538
11/30/2022,6729,9.201518
11/30/2022,6730,9.201497
11/30/2022,6731,9.201477
11/30/2022,6732,9.201456
11/30/2022,6733,9.201435
11/30/2022,6734,9.201415
11/30/2022,6735,9.201394
11/30/2022,6736,9.201374
11/30/2022,6737,9.201353
11/30/2022,6738,9.201332
11/30/2022,6739,9.201312
11/30/2022,6740,9.201291
11/30/2022,6741,9.201271
11/30/2022,6742,9.20125
11/30/2022,6743,9.201229
11/30/2022,6744,9.201209
11/30/2022,6745,9.201188
11/30/2022,6746,9.201168
11/30/2022,6747,9.201147
11/30/2022,6748,9.201126
11/30/2022,6749,9.201106
11/30/2022,6750,9.201085
11/30/2022,6751,9.201065
11/30/2022,6752,9.201044
11/30/2022,6753,9.201023
11/30/2022,6754,9.201003
11/30/2022,6755,9.200982
11/30/2022,6756,9.200962
11/30/2022,6757,9.200941
11/30/2022,6758,9.20092
11/30/2022,6759,9.2009
11/30/2022,6760,9.200879
11/30/2022,6761,9.200859
11/30/2022,6762,9.200838
11/30/2022,6763,9.200817
11/30/2022,6764,9.200797
11/30/2022,6765,9.200776
11/30/2022,6766,9.200755
11/30/2022,6767,9.200735
11/30/2022,6768,9.200714
11/30/2022,6769,9.200694
11/30/2022,6770,9.200673
11/30/2022,6771,9.200652
11/30/2022,6772,9.200632
11/30/2022,6773,9.200611
11/30/2022,6774,9.200591
11/30/2022,6775,9.20057
11/30/2022,6776,9.200549
11/30/2022,6777,9.200529
11/30/2022,6778,9.200508
11/30/2022,6779,9.200488
11/30/2022,6780,9.200467
11/30/2022,6781,9.200446
11/30/2022,6782,9.200426
11/30/2022,6783,9.200405
11/30/2022,6784,9.200385
11/30/2022,6785,9.200364
11/30/2022,6786,9.200343
11/30/2022,6787,9.200323
11/30/2022,6788,9.200302
11/30/2022,6789,9.200282
11/30/2022,6790,9.200261
11/30/2022,6791,9.20024
11/30/2022,6792,9.20022
11/30/2022,6793,9.200199
11/30/2022,6794,9.200179
11/30/2022,6795,9.200158
11/30/2022,6796,9.200137
11/30/2022,6797,9.200117
11/30/2022,6798,9.200096
11/30/2022,6799,9.200076
11/30/2022,6800,9.200055
11/30/2022,6801,9.200034
11/30/2022,6802,9.200014
11/30/2022,6803,9.199993
11/30/2022,6804,9.199973
11/30/2022,6805,9.199952
11/30/2022,6806,9.199931
11/30/2022,6807,9.199911
11/30/2022,6808,9.19989
11/30/2022,6809,9.19987
11/30/2022,6810,9.199849
11/30/2022,6811,9.199828
11/30/2022,6812,9.199808
11/30/2022,6813,9.199787
11/30/2022,6814,9.199766
11/30/2022,6815,9.199746
11/30/2022,6816,9.199725
11/30/2022,6817,9.199705
11/30/2022,6818,9.199684
11/30/2022,6819,9.199663
11/30/2022,6820,9.199643
11/30/2022,6821,9.199622
11/30/2022,6822,9.199602
11/30/2022,6823,9.199581
11/30/2022,6824,9.19956
11/30/2022,6825,9.19954
11/30/2022,6826,9.199519
11/30/2022,6827,9.199499
11/30/2022,6828,9.199478
11/30/2022,6829,9.199457
11/30/2022,6830,9.199437
11/30/2022,6831,9.199416
11/30/2022,6832,9.199396
11/30/2022,6833,9.199375
11/30/2022,6834,9.199354
11/30/2022,6835,9.199334
11/30/2022,6836,9.199313
11/30/2022,6837,9.199293
11/30/2022,6838,9.199272
11/30/2022,6839,9.199251
11/30/2022,6840,9.199231
11/30/2022,6841,9.19921
11/30/2022,6842,9.19919
11/30/2022,6843,9.199169
11/30/2022,6844,9.199148
11/30/2022,6845,9.199128
11/30/2022,6846,9.199107
11/30/2022,6847,9.199087
11/30/2022,6848,9.199066
11/30/2022,6849,9.199045
11/30/2022,6850,9.199025
11/30/2022,6851,9.199004
11/30/2022,6852,9.198984
11/30/2022,6853,9.198963
11/30/2022,6854,9.198942
11/30/2022,6855,9.198922
11/30/2022,6856,9.198901
11/30/2022,6857,9.19888
11/30/2022,6858,9.19886
11/30/2022,6859,9.198839
11/30/2022,6860,9.198819
11/30/2022,6861,9.198798
11/30/2022,6862,9.198777
11/30/2022,6863,9.198757
11/30/2022,6864,9.198736
11/30/2022,6865,9.198716
11/30/2022,6866,9.198695
11/30/2022,6867,9.198674
11/30/2022,6868,9.198654
11/30/2022,6869,9.198633
11/30/2022,6870,9.198613
11/30/2022,6871,9.198592
11/30/2022,6872,9.198571
11/30/2022,6873,9.198551
11/30/2022,6874,9.19853
11/30/2022,6875,9.19851
11/30/2022,6876,9.198489
11/30/2022,6877,9.198468
11/30/2022,6878,9.198448
11/30/2022,6879,9.198427
11/30/2022,6880,9.198407
11/30/2022,6881,9.198386
11/30/2022,6882,9.198365
11/30/2022,6883,9.198345
11/30/2022,6884,9.198324
11/30/2022,6885,9.198304
11/30/2022,6886,9.198283
11/30/2022,6887,9.198262
11/30/2022,6888,9.198242
11/30/2022,6889,9.198221
11/30/2022,6890,9.198201
11/30/2022,6891,9.19818
11/30/2022,6892,9.198159
11/30/2022,6893,9.198139
11/30/2022,6894,9.198118
11/30/2022,6895,9.198098
11/30/2022,6896,9.198077
11/30/2022,6897,9.198056
11/30/2022,6898,9.198036
11/30/2022,6899,9.198015
11/30/2022,6900,9.197995
11/30/2022,6901,9.197974
11/30/2022,6902,9.197953
11/30/2022,6903,9.197933
11/30/2022,6904,9.197912
11/30/2022,6905,9.197891
11/30/2022,6906,9.197871
11/30/2022,6907,9.19785
11/30/2022,6908,9.19783
11/30/2022,6909,9.197809
11/30/2022,6910,9.197788
11/30/2022,6911,9.197768
11/30/2022,6912,9.197747
11/30/2022,6913,9.197727
11/30/2022,6914,9.197706
11/30/2022,6915,9.197685
11/30/2022,6916,9.197665
11/30/2022,6917,9.197644
11/30/2022,6918,9.197624
11/30/2022,6919,9.197603
11/30/2022,6920,9.197582
11/30/2022,6921,9.197562
11/30/2022,6922,9.197541
11/30/2022,6923,9.197521
11/30/2022,6924,9.1975
11/30/2022,6925,9.197479
11/30/2022,6926,9.197459
11/30/2022,6927,9.197438
11/30/2022,6928,9.197418
11/30/2022,6929,9.197397
11/30/2022,6930,9.197376
11/30/2022,6931,9.197356
11/30/2022,6932,9.197335
11/30/2022,6933,9.197315
11/30/2022,6934,9.197294
11/30/2022,6935,9.197273
11/30/2022,6936,9.197253
11/30/2022,6937,9.197232
11/30/2022,6938,9.197212
11/30/2022,6939,9.197191
11/30/2022,6940,9.19717
11/30/2022,6941,9.19715
11/30/2022,6942,9.197129
11/30/2022,6943,9.197109
11/30/2022,6944,9.197088
11/30/2022,6945,9.197067
11/30/2022,6946,9.197047
11/30/2022,6947,9.197026
11/30/2022,6948,9.197005
11/30/2022,6949,9.196985
11/30/2022,6950,9.196964
11/30/2022,6951,9.196944
11/30/2022,6952,9.196923
11/30/2022,6953,9.196902
11/30/2022,6954,9.196882
11/30/2022,6955,9.196861
11/30/2022,6956,9.196841
11/30/2022,6957,9.19682
11/30/2022,6958,9.196799
11/30/2022,6959,9.196779
11/30/2022,6960,9.196758
11/30/2022,6961,9.196738
11/30/2022,6962,9.196717
11/30/2022,6963,9.196696
11/30/2022,6964,9.196676
11/30/2022,6965,9.196655
11/30/2022,6966,9.196635
11/30/2022,6967,9.196614
11/30/2022,6968,9.196593
11/30/2022,6969,9.196573
11/30/2022,6970,9.196552
11/30/2022,6971,9.196532
11/30/2022,6972,9.196511
11/30/2022,6973,9.19649
11/30/2022,6974,9.19647
11/30/2022,6975,9.196449
11/30/2022,6976,9.196429
11/30/2022,6977,9.196408
11/30/2022,6978,9.196387
11/30/2022,6979,9.196367
11/30/2022,6980,9.196346
11/30/2022,6981,9.196326
11/30/2022,6982,9.196305
11/30/2022,6983,9.196284
11/30/2022,6984,9.196264
11/30/2022,6985,9.196243
11/30/2022,6986,9.196223
11/30/2022,6987,9.196202
11/30/2022,6988,9.196181
11/30/2022,6989,9.196161
11/30/2022,6990,9.19614
11/30/2022,6991,9.19612
11/30/2022,6992,9.196099
11/30/2022,6993,9.196078
11/30/2022,6994,9.196058
11/30/2022,6995,9.196037
11/30/2022,6996,9.196016
11/30/2022,6997,9.195996
11/30/2022,6998,9.195975
11/30/2022,6999,9.195955
11/30/2022,7000,9.195934
11/30/2022,7001,9.195913
11/30/2022,7002,9.195893
11/30/2022,7003,9.195872
11/30/2022,7004,9.195852
11/30/2022,7005,9.195831
11/30/2022,7006,9.19581
11/30/2022,7007,9.19579
11/30/2022,7008,9.195769
11/30/2022,7009,9.195749
11/30/2022,7010,9.195728
11/30/2022,7011,9.195707
11/30/2022,7012,9.195687
11/30/2022,7013,9.195666
11/30/2022,7014,9.195646
11/30/2022,7015,9.195625
11/30/2022,7016,9.195604
11/30/2022,7017,9.195584
11/30/2022,7018,9.195563
11/30/2022,7019,9.195543
11/30/2022,7020,9.195522
11/30/2022,7021,9.195501
11/30/2022,7022,9.195481
11/30/2022,7023,9.19546
11/30/2022,7024,9.19544
11/30/2022,7025,9.195419
11/30/2022,7026,9.195398
11/30/2022,7027,9.195378
11/30/2022,7028,9.195357
11/30/2022,7029,9.195337
11/30/2022,7030,9.195316
11/30/2022,7031,9.195295
11/30/2022,7032,9.195275
11/30/2022,7033,9.195254
11/30/2022,7034,9.195234
11/30/2022,7035,9.195213
11/30/2022,7036,9.195192
11/30/2022,7037,9.195172
11/30/2022,7038,9.195151
11/30/2022,7039,9.19513
11/30/2022,7040,9.19511
11/30/2022,7041,9.195089
11/30/2022,7042,9.195069
11/30/2022,7043,9.195048
11/30/2022,7044,9.195027
11/30/2022,7045,9.195007
11/30/2022,7046,9.194986
11/30/2022,7047,9.194966
11/30/2022,7048,9.194945
11/30/2022,7049,9.194924
11/30/2022,7050,9.194904
11/30/2022,7051,9.194883
11/30/2022,7052,9.194863
11/30/2022,7053,9.194842
11/30/2022,7054,9.194821
11/30/2022,7055,9.194801
11/30/2022,7056,9.19478
11/30/2022,7057,9.19476
11/30/2022,7058,9.194739
11/30/2022,7059,9.194718
11/30/2022,7060,9.194698
11/30/2022,7061,9.194677
11/30/2022,7062,9.194657
11/30/2022,7063,9.194636
11/30/2022,7064,9.194615
11/30/2022,7065,9.194595
11/30/2022,7066,9.194574
11/30/2022,7067,9.194554
11/30/2022,7068,9.194533
11/30/2022,7069,9.194512
11/30/2022,7070,9.194492
11/30/2022,7071,9.194471
11/30/2022,7072,9.194451
11/30/2022,7073,9.19443
11/30/2022,7074,9.194409
11/30/2022,7075,9.194389
11/30/2022,7076,9.194368
11/30/2022,7077,9.194348
11/30/2022,7078,9.194327
11/30/2022,7079,9.194306
11/30/2022,7080,9.194286
11/30/2022,7081,9.194265
11/30/2022,7082,9.194245
11/30/2022,7083,9.194224
11/30/2022,7084,9.194203
11/30/2022,7085,9.194183
11/30/2022,7086,9.194162
11/30/2022,7087,9.194141
11/30/2022,7088,9.194121
11/30/2022,7089,9.1941
11/30/2022,7090,9.19408
11/30/2022,7091,9.194059
11/30/2022,7092,9.194038
11/30/2022,7093,9.194018
11/30/2022,7094,9.193997
11/30/2022,7095,9.193977
11/30/2022,7096,9.193956
11/30/2022,7097,9.193935
11/30/2022,7098,9.193915
11/30/2022,7099,9.193894
11/30/2022,7100,9.193874
11/30/2022,7101,9.193853
11/30/2022,7102,9.193832
11/30/2022,7103,9.193812
11/30/2022,7104,9.193791
11/30/2022,7105,9.193771
11/30/2022,7106,9.19375
11/30/2022,7107,9.193729
11/30/2022,7108,9.193709
11/30/2022,7109,9.193688
11/30/2022,7110,9.193668
11/30/2022,7111,9.193647
11/30/2022,7112,9.193626
11/30/2022,7113,9.193606
11/30/2022,7114,9.193585
11/30/2022,7115,9.193565
11/30/2022,7116,9.193544
11/30/2022,7117,9.193523
11/30/2022,7118,9.193503
11/30/2022,7119,9.193482
11/30/2022,7120,9.193462
11/30/2022,7121,9.193441
11/30/2022,7122,9.19342
11/30/2022,7123,9.1934
11/30/2022,7124,9.193379
11/30/2022,7125,9.193359
11/30/2022,7126,9.193338
11/30/2022,7127,9.193317
11/30/2022,7128,9.193297
11/30/2022,7129,9.193276
11/30/2022,7130,9.193255
11/30/2022,7131,9.193235
11/30/2022,7132,9.193214
11/30/2022,7133,9.193194
11/30/2022,7134,9.193173
11/30/2022,7135,9.193152
11/30/2022,7136,9.193132
11/30/2022,7137,9.193111
11/30/2022,7138,9.193091
11/30/2022,7139,9.19307
11/30/2022,7140,9.193049
11/30/2022,7141,9.193029
11/30/2022,7142,9.193008
11/30/2022,7143,9.192988
11/30/2022,7144,9.192967
11/30/2022,7145,9.192946
11/30/2022,7146,9.192926
11/30/2022,7147,9.192905
11/30/2022,7148,9.192885
11/30/2022,7149,9.192864
11/30/2022,7150,9.192843
11/30/2022,7151,9.192823
11/30/2022,7152,9.192802
11/30/2022,7153,9.192782
11/30/2022,7154,9.192761
11/30/2022,7155,9.19274
11/30/2022,7156,9.19272
11/30/2022,7157,9.192699
11/30/2022,7158,9.192679
11/30/2022,7159,9.192658
11/30/2022,7160,9.192637
11/30/2022,7161,9.192617
11/30/2022,7162,9.192596
11/30/2022,7163,9.192576
11/30/2022,7164,9.192555
11/30/2022,7165,9.192534
11/30/2022,7166,9.192514
11/30/2022,7167,9.192493
11/30/2022,7168,9.192473
11/30/2022,7169,9.192452
11/30/2022,7170,9.192431
11/30/2022,7171,9.192411
11/30/2022,7172,9.19239
11/30/2022,7173,9.19237
11/30/2022,7174,9.192349
11/30/2022,7175,9.192328
11/30/2022,7176,9.192308
11/30/2022,7177,9.192287
11/30/2022,7178,9.192266
11/30/2022,7179,9.192246
11/30/2022,7180,9.192225
11/30/2022,7181,9.192205
11/30/2022,7182,9.192184
11/30/2022,7183,9.192163
11/30/2022,7184,9.192143
11/30/2022,7185,9.192122
11/30/2022,7186,9.192102
11/30/2022,7187,9.192081
11/30/2022,7188,9.19206
11/30/2022,7189,9.19204
11/30/2022,7190,9.192019
11/30/2022,7191,9.191999
11/30/2022,7192,9.191978
11/30/2022,7193,9.191957
11/30/2022,7194,9.191937
11/30/2022,7195,9.191916
11/30/2022,7196,9.191896
11/30/2022,7197,9.191875
11/30/2022,7198,9.191854
11/30/2022,7199,9.191834
11/30/2022,7200,9.191813
11/30/2022,7201,9.191793
11/30/2022,7202,9.191772
11/30/2022,7203,9.191751
11/30/2022,7204,9.191731
11/30/2022,7205,9.19171
11/30/2022,7206,9.19169
11/30/2022,7207,9.191669
11/30/2022,7208,9.191648
11/30/2022,7209,9.191628
11/30/2022,7210,9.191607
11/30/2022,7211,9.191587
11/30/2022,7212,9.191566
11/30/2022,7213,9.191545
11/30/2022,7214,9.191525
11/30/2022,7215,9.191504
11/30/2022,7216,9.191484
11/30/2022,7217,9.191463
11/30/2022,7218,9.191442
11/30/2022,7219,9.191422
11/30/2022,7220,9.191401
11/30/2022,7221,9.19138
11/30/2022,7222,9.19136
11/30/2022,7223,9.191339
11/30/2022,7224,9.191319
11/30/2022,7225,9.191298
11/30/2022,7226,9.191277
11/30/2022,7227,9.191257
11/30/2022,7228,9.191236
11/30/2022,7229,9.191216
11/30/2022,7230,9.191195
11/30/2022,7231,9.191174
11/30/2022,7232,9.191154
11/30/2022,7233,9.191133
11/30/2022,7234,9.191113
11/30/2022,7235,9.191092
11/30/2022,7236,9.191071
11/30/2022,7237,9.191051
11/30/2022,7238,9.19103
11/30/2022,7239,9.19101
11/30/2022,7240,9.190989
11/30/2022,7241,9.190968
11/30/2022,7242,9.190948
11/30/2022,7243,9.190927
11/30/2022,7244,9.190907
11/30/2022,7245,9.190886
11/30/2022,7246,9.190865
11/30/2022,7247,9.190845
11/30/2022,7248,9.190824
11/30/2022,7249,9.190804
11/30/2022,7250,9.190783
11/30/2022,7251,9.190762
11/30/2022,7252,9.190742
11/30/2022,7253,9.190721
11/30/2022,7254,9.190701
11/30/2022,7255,9.19068
11/30/2022,7256,9.190659
11/30/2022,7257,9.190639
11/30/2022,7258,9.190618
11/30/2022,7259,9.190598
11/30/2022,7260,9.190577
11/30/2022,7261,9.190556
11/30/2022,7262,9.190536
11/30/2022,7263,9.190515
11/30/2022,7264,9.190495
11/30/2022,7265,9.190474
11/30/2022,7266,9.190453
11/30/2022,7267,9.190433
11/30/2022,7268,9.190412
11/30/2022,7269,9.190391
11/30/2022,7270,9.190371
11/30/2022,7271,9.19035
11/30/2022,7272,9.19033
11/30/2022,7273,9.190309
11/30/2022,7274,9.190288
11/30/2022,7275,9.190268
11/30/2022,7276,9.190247
11/30/2022,7277,9.190227
11/30/2022,7278,9.190206
11/30/2022,7279,9.190185
11/30/2022,7280,9.190165
11/30/2022,7281,9.190144
11/30/2022,7282,9.190124
11/30/2022,7283,9.190103
11/30/2022,7284,9.190082
11/30/2022,7285,9.190062
11/30/2022,7286,9.190041
11/30/2022,7287,9.190021
11/30/2022,7288,9.19
11/30/2022,7289,9.189978
11/30/2022,7290,9.189956
11/30/2022,7291,9.189934
11/30/2022,7292,9.189912
11/30/2022,7293,9.18989
11/30/2022,7294,9.189868
11/30/2022,7295,9.189846
11/30/2022,7296,9.189824
11/30/2022,7297,9.189802
11/30/2022,7298,9.18978
11/30/2022,7299,9.189758
11/30/2022,7300,9.189736
11/30/2022,7301,9.189714
11/30/2022,7302,9.189692
11/30/2022,7303,9.18967
11/30/2022,7304,9.189648
11/30/2022,7305,9.189626
11/30/2022,7306,9.189604
11/30/2022,7307,9.189582
11/30/2022,7308,9.18956
11/30/2022,7309,9.189538
11/30/2022,7310,9.189516
11/30/2022,7311,9.189495
11/30/2022,7312,9.189473
11/30/2022,7313,9.189451
11/30/2022,7314,9.189429
11/30/2022,7315,9.189407
11/30/2022,7316,9.189385
11/30/2022,7317,9.189363
11/30/2022,7318,9.189341
11/30/2022,7319,9.189319
11/30/2022,7320,9.189297
11/30/2022,7321,9.189275
11/30/2022,7322,9.189253
11/30/2022,7323,9.189231
11/30/2022,7324,9.189209
11/30/2022,7325,9.189187
11/30/2022,7326,9.189165
11/30/2022,7327,9.189143
11/30/2022,7328,9.189121
11/30/2022,7329,9.189099
11/30/2022,7330,9.189077
11/30/2022,7331,9.189055
11/30/2022,7332,9.189033
11/30/2022,7333,9.189011
11/30/2022,7334,9.188989
11/30/2022,7335,9.188967
11/30/2022,7336,9.188945
11/30/2022,7337,9.188923
11/30/2022,7338,9.188901
11/30/2022,7339,9.188879
11/30/2022,7340,9.188857
11/30/2022,7341,9.188835
11/30/2022,7342,9.188813
11/30/2022,7343,9.188791
11/30/2022,7344,9.188769
11/30/2022,7345,9.188747
11/30/2022,7346,9.188725
11/30/2022,7347,9.188703
11/30/2022,7348,9.188681
11/30/2022,7349,9.188659
11/30/2022,7350,9.188637
11/30/2022,7351,9.188615
11/30/2022,7352,9.188593
11/30/2022,7353,9.188571
11/30/2022,7354,9.188549
11/30/2022,7355,9.188527
11/30/2022,7356,9.188505
11/30/2022,7357,9.188484
11/30/2022,7358,9.188462
11/30/2022,7359,9.18844
11/30/2022,7360,9.188418
11/30/2022,7361,9.188396
11/30/2022,7362,9.188374
11/30/2022,7363,9.188352
11/30/2022,7364,9.18833
11/30/2022,7365,9.188308
11/30/2022,7366,9.188286
11/30/2022,7367,9.188264
11/30/2022,7368,9.188242
11/30/2022,7369,9.18822
11/30/2022,7370,9.188198
11/30/2022,7371,9.188176
11/30/2022,7372,9.188154
11/30/2022,7373,9.188132
11/30/2022,7374,9.18811
11/30/2022,7375,9.188088
11/30/2022,7376,9.188066
11/30/2022,7377,9.188044
11/30/2022,7378,9.188022
11/30/2022,7379,9.188
11/30/2022,7380,9.187978
11/30/2022,7381,9.187956
11/30/2022,7382,9.187934
11/30/2022,7383,9.187912
11/30/2022,7384,9.18789
11/30/2022,7385,9.187868
11/30/2022,7386,9.187846
11/30/2022,7387,9.187824
11/30/2022,7388,9.187802
11/30/2022,7389,9.18778
11/30/2022,7390,9.187758
11/30/2022,7391,9.187736
11/30/2022,7392,9.187714
11/30/2022,7393,9.187692
11/30/2022,7394,9.18767
11/30/2022,7395,9.187648
11/30/2022,7396,9.187626
11/30/2022,7397,9.187604
11/30/2022,7398,9.187582
11/30/2022,7399,9.18756
11/30/2022,7400,9.187538
11/30/2022,7401,9.187516
11/30/2022,7402,9.187495
11/30/2022,7403,9.187473
11/30/2022,7404,9.187451
11/30/2022,7405,9.187429
11/30/2022,7406,9.187407
11/30/2022,7407,9.187385
11/30/2022,7408,9.187363
11/30/2022,7409,9.187341
11/30/2022,7410,9.187319
11/30/2022,7411,9.187297
11/30/2022,7412,9.187275
11/30/2022,7413,9.187253
11/30/2022,7414,9.187231
11/30/2022,7415,9.187209
11/30/2022,7416,9.187187
11/30/2022,7417,9.187165
11/30/2022,7418,9.187143
11/30/2022,7419,9.187121
11/30/2022,7420,9.187099
11/30/2022,7421,9.187077
11/30/2022,7422,9.187055
11/30/2022,7423,9.187033
11/30/2022,7424,9.187011
11/30/2022,7425,9.186989
11/30/2022,7426,9.186967
11/30/2022,7427,9.186945
11/30/2022,7428,9.186923
11/30/2022,7429,9.186901
11/30/2022,7430,9.186879
11/30/2022,7431,9.186857
11/30/2022,7432,9.186835
11/30/2022,7433,9.186813
11/30/2022,7434,9.186791
11/30/2022,7435,9.186769
11/30/2022,7436,9.186747
11/30/2022,7437,9.186725
11/30/2022,7438,9.186703
11/30/2022,7439,9.186681
11/30/2022,7440,9.186659
11/30/2022,7441,9.186637
11/30/2022,7442,9.186615
11/30/2022,7443,9.186593
11/30/2022,7444,9.186571
11/30/2022,7445,9.186549
11/30/2022,7446,9.186527
11/30/2022,7447,9.186505
11/30/2022,7448,9.186484
11/30/2022,7449,9.186462
11/30/2022,7450,9.18644
11/30/2022,7451,9.186418
11/30/2022,7452,9.186396
11/30/2022,7453,9.186374
11/30/2022,7454,9.186352
11/30/2022,7455,9.18633
11/30/2022,7456,9.186308
11/30/2022,7457,9.186286
11/30/2022,7458,9.186264
11/30/2022,7459,9.186242
11/30/2022,7460,9.18622
11/30/2022,7461,9.186198
11/30/2022,7462,9.186176
11/30/2022,7463,9.186154
11/30/2022,7464,9.186132
11/30/2022,7465,9.18611
11/30/2022,7466,9.186088
11/30/2022,7467,9.186066
11/30/2022,7468,9.186044
11/30/2022,7469,9.186022
11/30/2022,7470,9.186
11/30/2022,7471,9.185978
11/30/2022,7472,9.185956
11/30/2022,7473,9.185934
11/30/2022,7474,9.185912
11/30/2022,7475,9.18589
11/30/2022,7476,9.185868
11/30/2022,7477,9.185846
11/30/2022,7478,9.185824
11/30/2022,7479,9.185802
11/30/2022,7480,9.18578
11/30/2022,7481,9.185758
11/30/2022,7482,9.185736
11/30/2022,7483,9.185714
11/30/2022,7484,9.185692
11/30/2022,7485,9.18567
11/30/2022,7486,9.185648
11/30/2022,7487,9.185626
11/30/2022,7488,9.185604
11/30/2022,7489,9.185582
11/30/2022,7490,9.18556
11/30/2022,7491,9.185538
11/30/2022,7492,9.185516
11/30/2022,7493,9.185495
11/30/2022,7494,9.185473
11/30/2022,7495,9.185451
11/30/2022,7496,9.185429
11/30/2022,7497,9.185407
11/30/2022,7498,9.185385
11/30/2022,7499,9.185363
11/30/2022,7500,9.185341
11/30/2022,7501,9.185319
11/30/2022,7502,9.185297
11/30/2022,7503,9.185275
11/30/2022,7504,9.185253
11/30/2022,7505,9.185231
11/30/2022,7506,9.185209
11/30/2022,7507,9.185187
11/30/2022,7508,9.185165
11/30/2022,7509,9.185143
11/30/2022,7510,9.185121
11/30/2022,7511,9.185099
11/30/2022,7512,9.185077
11/30/2022,7513,9.185055
11/30/2022,7514,9.185033
11/30/2022,7515,9.185011
11/30/2022,7516,9.184989
11/30/2022,7517,9.184967
11/30/2022,7518,9.184945
11/30/2022,7519,9.184923
11/30/2022,7520,9.184901
11/30/2022,7521,9.184879
11/30/2022,7522,9.184857
11/30/2022,7523,9.184835
11/30/2022,7524,9.184813
11/30/2022,7525,9.184791
11/30/2022,7526,9.184769
11/30/2022,7527,9.184747
11/30/2022,7528,9.184725
11/30/2022,7529,9.184703
11/30/2022,7530,9.184681
11/30/2022,7531,9.184659
11/30/2022,7532,9.184637
11/30/2022,7533,9.184615
11/30/2022,7534,9.184593
11/30/2022,7535,9.184571
11/30/2022,7536,9.184549
11/30/2022,7537,9.184527
11/30/2022,7538,9.184505
11/30/2022,7539,9.184484
11/30/2022,7540,9.184462
11/30/2022,7541,9.18444
11/30/2022,7542,9.184418
11/30/2022,7543,9.184396
11/30/2022,7544,9.184374
11/30/2022,7545,9.184352
11/30/2022,7546,9.18433
11/30/2022,7547,9.184308
11/30/2022,7548,9.184286
11/30/2022,7549,9.184264
11/30/2022,7550,9.184242
11/30/2022,7551,9.18422
11/30/2022,7552,9.184198
11/30/2022,7553,9.184176
11/30/2022,7554,9.184154
11/30/2022,7555,9.184132
11/30/2022,7556,9.18411
11/30/2022,7557,9.184088
11/30/2022,7558,9.184066
11/30/2022,7559,9.184044
11/30/2022,7560,9.184022
11/30/2022,7561,9.184
11/30/2022,7562,9.183978
11/30/2022,7563,9.183956
11/30/2022,7564,9.183934
11/30/2022,7565,9.183912
11/30/2022,7566,9.18389
11/30/2022,7567,9.183868
11/30/2022,7568,9.183846
11/30/2022,7569,9.183824
11/30/2022,7570,9.183802
11/30/2022,7571,9.18378
11/30/2022,7572,9.183758
11/30/2022,7573,9.183736
11/30/2022,7574,9.183714
11/30/2022,7575,9.183692
11/30/2022,7576,9.18367
11/30/2022,7577,9.183648
11/30/2022,7578,9.183626
11/30/2022,7579,9.183604
11/30/2022,7580,9.183582
11/30/2022,7581,9.18356
11/30/2022,7582,9.183538
11/30/2022,7583,9.183516
11/30/2022,7584,9.183495
11/30/2022,7585,9.183473
11/30/2022,7586,9.183451
11/30/2022,7587,9.183429
11/30/2022,7588,9.183407
11/30/2022,7589,9.183385
11/30/2022,7590,9.183363
11/30/2022,7591,9.183341
11/30/2022,7592,9.183319
11/30/2022,7593,9.183297
11/30/2022,7594,9.183275
11/30/2022,7595,9.183253
11/30/2022,7596,9.183231
11/30/2022,7597,9.183209
11/30/2022,7598,9.183187
11/30/2022,7599,9.183165
11/30/2022,7600,9.183143
11/30/2022,7601,9.183121
11/30/2022,7602,9.183099
11/30/2022,7603,9.183077
11/30/2022,7604,9.183055
11/30/2022,7605,9.183033
11/30/2022,7606,9.183011
11/30/2022,7607,9.182989
11/30/2022,7608,9.182967
11/30/2022,7609,9.182945
11/30/2022,7610,9.182923
11/30/2022,7611,9.182901
11/30/2022,7612,9.182879
11/30/2022,7613,9.182857
11/30/2022,7614,9.182835
11/30/2022,7615,9.182813
11/30/2022,7616,9.182791
11/30/2022,7617,9.182769
11/30/2022,7618,9.182747
11/30/2022,7619,9.182725
11/30/2022,7620,9.182703
11/30/2022,7621,9.182681
11/30/2022,7622,9.182659
11/30/2022,7623,9.182637
11/30/2022,7624,9.182615
11/30/2022,7625,9.182593
11/30/2022,7626,9.182571
11/30/2022,7627,9.182549
11/30/2022,7628,9.182527
11/30/2022,7629,9.182505
11/30/2022,7630,9.182484
11/30/2022,7631,9.182462
11/30/2022,7632,9.18244
11/30/2022,7633,9.182418
11/30/2022,7634,9.182396
11/30/2022,7635,9.182374
11/30/2022,7636,9.182352
11/30/2022,7637,9.18233
11/30/2022,7638,9.182308
11/30/2022,7639,9.182286
11/30/2022,7640,9.182264
11/30/2022,7641,9.182242
11/30/2022,7642,9.18222
11/30/2022,7643,9.182198
11/30/2022,7644,9.182176
11/30/2022,7645,9.182154
11/30/2022,7646,9.182132
11/30/2022,7647,9.18211
11/30/2022,7648,9.182088
11/30/2022,7649,9.182066
11/30/2022,7650,9.182044
11/30/2022,7651,9.182022
11/30/2022,7652,9.182
11/30/2022,7653,9.181978
11/30/2022,7654,9.181956
11/30/2022,7655,9.181934
11/30/2022,7656,9.181912
11/30/2022,7657,9.18189
11/30/2022,7658,9.181868
11/30/2022,7659,9.181846
11/30/2022,7660,9.181824
11/30/2022,7661,9.181802
11/30/2022,7662,9.18178
11/30/2022,7663,9.181758
11/30/2022,7664,9.181736
11/30/2022,7665,9.181714
11/30/2022,7666,9.181692
11/30/2022,7667,9.18167
11/30/2022,7668,9.181648
11/30/2022,7669,9.181626
11/30/2022,7670,9.181604
11/30/2022,7671,9.181582
11/30/2022,7672,9.18156
11/30/2022,7673,9.181538
11/30/2022,7674,9.181516
11/30/2022,7675,9.181495
11/30/2022,7676,9.181473
11/30/2022,7677,9.181451
11/30/2022,7678,9.181429
11/30/2022,7679,9.181407
11/30/2022,7680,9.181385
11/30/2022,7681,9.181363
11/30/2022,7682,9.181341
11/30/2022,7683,9.181319
11/30/2022,7684,9.181297
11/30/2022,7685,9.181275
11/30/2022,7686,9.181253
11/30/2022,7687,9.181231
11/30/2022,7688,9.181209
11/30/2022,7689,9.181187
11/30/2022,7690,9.181165
11/30/2022,7691,9.181143
11/30/2022,7692,9.181121
11/30/2022,7693,9.181099
11/30/2022,7694,9.181077
11/30/2022,7695,9.181055
11/30/2022,7696,9.181033
11/30/2022,7697,9.181011
11/30/2022,7698,9.180989
11/30/2022,7699,9.180967
11/30/2022,7700,9.180945
11/30/2022,7701,9.180923
11/30/2022,7702,9.180901
11/30/2022,7703,9.180879
11/30/2022,7704,9.180857
11/30/2022,7705,9.180835
11/30/2022,7706,9.180813
11/30/2022,7707,9.180791
11/30/2022,7708,9.180769
11/30/2022,7709,9.180747
11/30/2022,7710,9.180725
11/30/2022,7711,9.180703
11/30/2022,7712,9.180681
11/30/2022,7713,9.180659
11/30/2022,7714,9.180637
11/30/2022,7715,9.180615
11/30/2022,7716,9.180593
11/30/2022,7717,9.180571
11/30/2022,7718,9.180549
11/30/2022,7719,9.180527
11/30/2022,7720,9.180505
11/30/2022,7721,9.180484
11/30/2022,7722,9.180462
11/30/2022,7723,9.18044
11/30/2022,7724,9.180418
11/30/2022,7725,9.180396
11/30/2022,7726,9.180374
11/30/2022,7727,9.180352
11/30/2022,7728,9.18033
11/30/2022,7729,9.180308
11/30/2022,7730,9.180286
11/30/2022,7731,9.180264
11/30/2022,7732,9.180242
11/30/2022,7733,9.18022
11/30/2022,7734,9.180198
11/30/2022,7735,9.180176
11/30/2022,7736,9.180154
11/30/2022,7737,9.180132
11/30/2022,7738,9.18011
11/30/2022,7739,9.180088
11/30/2022,7740,9.180066
11/30/2022,7741,9.180044
11/30/2022,7742,9.180022
11/30/2022,7743,9.18
11/30/2022,7744,9.179978
11/30/2022,7745,9.179956
11/30/2022,7746,9.179934
11/30/2022,7747,9.179912
11/30/2022,7748,9.17989
11/30/2022,7749,9.179868
11/30/2022,7750,9.179846
11/30/2022,7751,9.179824
11/30/2022,7752,9.179802
11/30/2022,7753,9.17978
11/30/2022,7754,9.179758
11/30/2022,7755,9.179736
11/30/2022,7756,9.179714
11/30/2022,7757,9.179692
11/30/2022,7758,9.17967
11/30/2022,7759,9.179648
11/30/2022,7760,9.179626
11/30/2022,7761,9.179604
11/30/2022,7762,9.179582
11/30/2022,7763,9.17956
11/30/2022,7764,9.179538
11/30/2022,7765,9.179516
11/30/2022,7766,9.179495
11/30/2022,7767,9.179473
11/30/2022,7768,9.179451
11/30/2022,7769,9.179429
11/30/2022,7770,9.179407
11/30/2022,7771,9.179385
11/30/2022,7772,9.179363
11/30/2022,7773,9.179341
11/30/2022,7774,9.179319
11/30/2022,7775,9.179297
11/30/2022,7776,9.179275
11/30/2022,7777,9.179253
11/30/2022,7778,9.179231
11/30/2022,7779,9.179209
11/30/2022,7780,9.179187
11/30/2022,7781,9.179165
11/30/2022,7782,9.179143
11/30/2022,7783,9.179121
11/30/2022,7784,9.179099
11/30/2022,7785,9.179077
11/30/2022,7786,9.179055
11/30/2022,7787,9.179033
11/30/2022,7788,9.179011
11/30/2022,7789,9.178989
11/30/2022,7790,9.178967
11/30/2022,7791,9.178945
11/30/2022,7792,9.178923
11/30/2022,7793,9.178901
11/30/2022,7794,9.178879
11/30/2022,7795,9.178857
11/30/2022,7796,9.178835
11/30/2022,7797,9.178813
11/30/2022,7798,9.178791
11/30/2022,7799,9.178769
11/30/2022,7800,9.178747
11/30/2022,7801,9.178725
11/30/2022,7802,9.178703
11/30/2022,7803,9.178681
11/30/2022,7804,9.178659
11/30/2022,7805,9.178637
11/30/2022,7806,9.178615
11/30/2022,7807,9.178593
11/30/2022,7808,9.178571
11/30/2022,7809,9.178549
11/30/2022,7810,9.178527
11/30/2022,7811,9.178505
11/30/2022,7812,9.178484
11/30/2022,7813,9.178462
11/30/2022,7814,9.17844
11/30/2022,7815,9.178418
11/30/2022,7816,9.178396
11/30/2022,7817,9.178374
11/30/2022,7818,9.178352
11/30/2022,7819,9.17833
11/30/2022,7820,9.178308
11/30/2022,7821,9.178286
11/30/2022,7822,9.178264
11/30/2022,7823,9.178242
11/30/2022,7824,9.17822
11/30/2022,7825,9.178198
11/30/2022,7826,9.178176
11/30/2022,7827,9.178154
11/30/2022,7828,9.178132
11/30/2022,7829,9.17811
11/30/2022,7830,9.178088
11/30/2022,7831,9.178066
11/30/2022,7832,9.178044
11/30/2022,7833,9.178022
11/30/2022,7834,9.178
11/30/2022,7835,9.177978
11/30/2022,7836,9.177956
11/30/2022,7837,9.177934
11/30/2022,7838,9.177912
11/30/2022,7839,9.17789
11/30/2022,7840,9.177868
11/30/2022,7841,9.177846
11/30/2022,7842,9.177824
11/30/2022,7843,9.177802
11/30/2022,7844,9.17778
11/30/2022,7845,9.177758
11/30/2022,7846,9.177736
11/30/2022,7847,9.177714
11/30/2022,7848,9.177692
11/30/2022,7849,9.17767
11/30/2022,7850,9.177648
11/30/2022,7851,9.177626
11/30/2022,7852,9.177604
11/30/2022,7853,9.177582
11/30/2022,7854,9.17756
11/30/2022,7855,9.177538
11/30/2022,7856,9.177516
11/30/2022,7857,9.177495
11/30/2022,7858,9.177473
11/30/2022,7859,9.177451
11/30/2022,7860,9.177429
11/30/2022,7861,9.177407
11/30/2022,7862,9.177385
11/30/2022,7863,9.177363
11/30/2022,7864,9.177341
11/30/2022,7865,9.177319
11/30/2022,7866,9.177297
11/30/2022,7867,9.177275
11/30/2022,7868,9.177253
11/30/2022,7869,9.177231
11/30/2022,7870,9.177209
11/30/2022,7871,9.177187
11/30/2022,7872,9.177165
11/30/2022,7873,9.177143
11/30/2022,7874,9.177121
11/30/2022,7875,9.177099
11/30/2022,7876,9.177077
11/30/2022,7877,9.177055
11/30/2022,7878,9.177033
11/30/2022,7879,9.177011
11/30/2022,7880,9.176989
11/30/2022,7881,9.176967
11/30/2022,7882,9.176945
11/30/2022,7883,9.176923
11/30/2022,7884,9.176901
11/30/2022,7885,9.176879
11/30/2022,7886,9.176857
11/30/2022,7887,9.176835
11/30/2022,7888,9.176813
11/30/2022,7889,9.176791
11/30/2022,7890,9.176769
11/30/2022,7891,9.176747
11/30/2022,7892,9.176725
11/30/2022,7893,9.176703
11/30/2022,7894,9.176681
11/30/2022,7895,9.176659
11/30/2022,7896,9.176637
11/30/2022,7897,9.176615
11/30/2022,7898,9.176593
11/30/2022,7899,9.176571
11/30/2022,7900,9.176549
11/30/2022,7901,9.176527
11/30/2022,7902,9.176505
11/30/2022,7903,9.176484
11/30/2022,7904,9.176462
11/30/2022,7905,9.17644
11/30/2022,7906,9.176418
11/30/2022,7907,9.176396
11/30/2022,7908,9.176374
11/30/2022,7909,9.176352
11/30/2022,7910,9.17633
11/30/2022,7911,9.176308
11/30/2022,7912,9.176286
11/30/2022,7913,9.176264
11/30/2022,7914,9.176242
11/30/2022,7915,9.17622
11/30/2022,7916,9.176198
11/30/2022,7917,9.176176
11/30/2022,7918,9.176154
11/30/2022,7919,9.176132
11/30/2022,7920,9.17611
11/30/2022,7921,9.176088
11/30/2022,7922,9.176066
11/30/2022,7923,9.176044
11/30/2022,7924,9.176022
11/30/2022,7925,9.176
11/30/2022,7926,9.175978
11/30/2022,7927,9.175956
11/30/2022,7928,9.175934
11/30/2022,7929,9.175912
11/30/2022,7930,9.17589
11/30/2022,7931,9.175868
11/30/2022,7932,9.175846
11/30/2022,7933,9.175824
11/30/2022,7934,9.175802
11/30/2022,7935,9.17578
11/30/2022,7936,9.175758
11/30/2022,7937,9.175736
11/30/2022,7938,9.175714
11/30/2022,7939,9.175692
11/30/2022,7940,9.17567
11/30/2022,7941,9.175648
11/30/2022,7942,9.175626
11/30/2022,7943,9.175604
11/30/2022,7944,9.175582
11/30/2022,7945,9.17556
11/30/2022,7946,9.175538
11/30/2022,7947,9.175516
11/30/2022,7948,9.175495
11/30/2022,7949,9.175473
11/30/2022,7950,9.175451
11/30/2022,7951,9.175429
11/30/2022,7952,9.175407
11/30/2022,7953,9.175385
11/30/2022,7954,9.175363
11/30/2022,7955,9.175341
11/30/2022,7956,9.175319
11/30/2022,7957,9.175297
11/30/2022,7958,9.175275
11/30/2022,7959,9.175253
11/30/2022,7960,9.175231
11/30/2022,7961,9.175209
11/30/2022,7962,9.175187
11/30/2022,7963,9.175165
11/30/2022,7964,9.175143
11/30/2022,7965,9.175121
11/30/2022,7966,9.175099
11/30/2022,7967,9.175077
11/30/2022,7968,9.175055
11/30/2022,7969,9.175033
11/30/2022,7970,9.175011
11/30/2022,7971,9.174989
11/30/2022,7972,9.174967
11/30/2022,7973,9.174945
11/30/2022,7974,9.174923
11/30/2022,7975,9.174901
11/30/2022,7976,9.174879
11/30/2022,7977,9.174857
11/30/2022,7978,9.174835
11/30/2022,7979,9.174813
11/30/2022,7980,9.174791
11/30/2022,7981,9.174769
11/30/2022,7982,9.174747
11/30/2022,7983,9.174725
11/30/2022,7984,9.174703
11/30/2022,7985,9.174681
11/30/2022,7986,9.174659
11/30/2022,7987,9.174637
11/30/2022,7988,9.174615
11/30/2022,7989,9.174593
11/30/2022,7990,9.174571
11/30/2022,7991,9.174549
11/30/2022,7992,9.174527
11/30/2022,7993,9.174505
11/30/2022,7994,9.174484
11/30/2022,7995,9.174462
11/30/2022,7996,9.17444
11/30/2022,7997,9.174418
11/30/2022,7998,9.174396
11/30/2022,7999,9.174374
11/30/2022,8000,9.174352
11/30/2022,8001,9.17433
11/30/2022,8002,9.174308
11/30/2022,8003,9.174286
11/30/2022,8004,9.174264
11/30/2022,8005,9.174242
11/30/2022,8006,9.17422
11/30/2022,8007,9.174198
11/30/2022,8008,9.174176
11/30/2022,8009,9.174154
11/30/2022,8010,9.174132
11/30/2022,8011,9.17411
11/30/2022,8012,9.174088
11/30/2022,8013,9.174066
11/30/2022,8014,9.174044
11/30/2022,8015,9.174022
11/30/2022,8016,9.174
11/30/2022,8017,9.173978
11/30/2022,8018,9.173956
11/30/2022,8019,9.173934
11/30/2022,8020,9.173912
11/30/2022,8021,9.17389
11/30/2022,8022,9.173868
11/30/2022,8023,9.173846
11/30/2022,8024,9.173824
11/30/2022,8025,9.173802
11/30/2022,8026,9.17378
11/30/2022,8027,9.173758
11/30/2022,8028,9.173736
11/30/2022,8029,9.173714
11/30/2022,8030,9.173692
11/30/2022,8031,9.17367
11/30/2022,8032,9.173648
11/30/2022,8033,9.173626
11/30/2022,8034,9.173604
11/30/2022,8035,9.173582
11/30/2022,8036,9.17356
11/30/2022,8037,9.173538
11/30/2022,8038,9.173516
11/30/2022,8039,9.173495
11/30/2022,8040,9.173473
11/30/2022,8041,9.173451
11/30/2022,8042,9.173429
11/30/2022,8043,9.173407
11/30/2022,8044,9.173385
11/30/2022,8045,9.173363
11/30/2022,8046,9.173341
11/30/2022,8047,9.173319
11/30/2022,8048,9.173297
11/30/2022,8049,9.173275
11/30/2022,8050,9.173253
11/30/2022,8051,9.173231
11/30/2022,8052,9.173209
11/30/2022,8053,9.173187
11/30/2022,8054,9.173165
11/30/2022,8055,9.173143
11/30/2022,8056,9.173121
11/30/2022,8057,9.173099
11/30/2022,8058,9.173077
11/30/2022,8059,9.173055
11/30/2022,8060,9.173033
11/30/2022,8061,9.173011
11/30/2022,8062,9.172989
11/30/2022,8063,9.172967
11/30/2022,8064,9.172945
11/30/2022,8065,9.172923
11/30/2022,8066,9.172901
11/30/2022,8067,9.172879
11/30/2022,8068,9.172857
11/30/2022,8069,9.172835
11/30/2022,8070,9.172813
11/30/2022,8071,9.172791
11/30/2022,8072,9.172769
11/30/2022,8073,9.172747
11/30/2022,8074,9.172725
11/30/2022,8075,9.172703
11/30/2022,8076,9.172681
11/30/2022,8077,9.172659
11/30/2022,8078,9.172637
11/30/2022,8079,9.172615
11/30/2022,8080,9.172593
11/30/2022,8081,9.172571
11/30/2022,8082,9.172549
11/30/2022,8083,9.172527
11/30/2022,8084,9.172505
11/30/2022,8085,9.172484
11/30/2022,8086,9.172462
11/30/2022,8087,9.17244
11/30/2022,8088,9.172418
11/30/2022,8089,9.172396
11/30/2022,8090,9.172374
11/30/2022,8091,9.172352
11/30/2022,8092,9.17233
11/30/2022,8093,9.172308
11/30/2022,8094,9.172286
11/30/2022,8095,9.172264
11/30/2022,8096,9.172242
11/30/2022,8097,9.17222
11/30/2022,8098,9.172198
11/30/2022,8099,9.172176
11/30/2022,8100,9.172154
11/30/2022,8101,9.172132
11/30/2022,8102,9.17211
11/30/2022,8103,9.172088
11/30/2022,8104,9.172066
11/30/2022,8105,9.172044
11/30/2022,8106,9.172022
11/30/2022,8107,9.172
11/30/2022,8108,9.171978
11/30/2022,8109,9.171956
11/30/2022,8110,9.171934
11/30/2022,8111,9.171912
11/30/2022,8112,9.17189
11/30/2022,8113,9.171868
11/30/2022,8114,9.171846
11/30/2022,8115,9.171824
11/30/2022,8116,9.171802
11/30/2022,8117,9.17178
11/30/2022,8118,9.171758
11/30/2022,8119,9.171736
11/30/2022,8120,9.171714
11/30/2022,8121,9.171692
11/30/2022,8122,9.17167
11/30/2022,8123,9.171648
11/30/2022,8124,9.171626
11/30/2022,8125,9.171604
11/30/2022,8126,9.171582
11/30/2022,8127,9.17156
11/30/2022,8128,9.171538
11/30/2022,8129,9.171516
11/30/2022,8130,9.171495
11/30/2022,8131,9.171473
11/30/2022,8132,9.171451
11/30/2022,8133,9.171429
11/30/2022,8134,9.171407
11/30/2022,8135,9.171385
11/30/2022,8136,9.171363
11/30/2022,8137,9.171341
11/30/2022,8138,9.171319
11/30/2022,8139,9.171297
11/30/2022,8140,9.171275
11/30/2022,8141,9.171253
11/30/2022,8142,9.171231
11/30/2022,8143,9.171209
11/30/2022,8144,9.171187
11/30/2022,8145,9.171165
11/30/2022,8146,9.171143
11/30/2022,8147,9.171121
11/30/2022,8148,9.171099
11/30/2022,8149,9.171077
11/30/2022,8150,9.171055
11/30/2022,8151,9.171033
11/30/2022,8152,9.171011
11/30/2022,8153,9.170989
11/30/2022,8154,9.170967
11/30/2022,8155,9.170945
11/30/2022,8156,9.170923
11/30/2022,8157,9.170901
11/30/2022,8158,9.170879
11/30/2022,8159,9.170857
11/30/2022,8160,9.170835
11/30/2022,8161,9.170813
11/30/2022,8162,9.170791
11/30/2022,8163,9.170769
11/30/2022,8164,9.170747
11/30/2022,8165,9.170725
11/30/2022,8166,9.170703
11/30/2022,8167,9.170681
11/30/2022,8168,9.170659
11/30/2022,8169,9.170637
11/30/2022,8170,9.170615
11/30/2022,8171,9.170593
11/30/2022,8172,9.170571
11/30/2022,8173,9.170549
11/30/2022,8174,9.170527
11/30/2022,8175,9.170505
11/30/2022,8176,9.170484
11/30/2022,8177,9.170462
11/30/2022,8178,9.17044
11/30/2022,8179,9.170418
11/30/2022,8180,9.170396
11/30/2022,8181,9.170374
11/30/2022,8182,9.170352
11/30/2022,8183,9.17033
11/30/2022,8184,9.170308
11/30/2022,8185,9.170286
11/30/2022,8186,9.170264
11/30/2022,8187,9.170242
11/30/2022,8188,9.17022
11/30/2022,8189,9.170198
11/30/2022,8190,9.170176
11/30/2022,8191,9.170154
11/30/2022,8192,9.170132
11/30/2022,8193,9.17011
11/30/2022,8194,9.170088
11/30/2022,8195,9.170066
11/30/2022,8196,9.170044
11/30/2022,8197,9.170022
11/30/2022,8198,9.17
11/30/2022,8199,9.169978
11/30/2022,8200,9.169956
11/30/2022,8201,9.169934
11/30/2022,8202,9.169912
11/30/2022,8203,9.16989
11/30/2022,8204,9.169868
11/30/2022,8205,9.169846
11/30/2022,8206,9.169824
11/30/2022,8207,9.169802
11/30/2022,8208,9.16978
11/30/2022,8209,9.169758
11/30/2022,8210,9.169736
11/30/2022,8211,9.169714
11/30/2022,8212,9.169692
11/30/2022,8213,9.16967
11/30/2022,8214,9.169648
11/30/2022,8215,9.169626
11/30/2022,8216,9.169604
11/30/2022,8217,9.169582
11/30/2022,8218,9.16956
11/30/2022,8219,9.169538
11/30/2022,8220,9.169516
11/30/2022,8221,9.169495
11/30/2022,8222,9.169473
11/30/2022,8223,9.169451
11/30/2022,8224,9.169429
11/30/2022,8225,9.169407
11/30/2022,8226,9.169385
11/30/2022,8227,9.169363
11/30/2022,8228,9.169341
11/30/2022,8229,9.169319
11/30/2022,8230,9.169297
11/30/2022,8231,9.169275
11/30/2022,8232,9.169253
11/30/2022,8233,9.169231
11/30/2022,8234,9.169209
11/30/2022,8235,9.169187
11/30/2022,8236,9.169165
11/30/2022,8237,9.169143
11/30/2022,8238,9.169121
11/30/2022,8239,9.169099
11/30/2022,8240,9.169077
11/30/2022,8241,9.169055
11/30/2022,8242,9.169033
11/30/2022,8243,9.169011
11/30/2022,8244,9.168989
11/30/2022,8245,9.168967
11/30/2022,8246,9.168945
11/30/2022,8247,9.168923
11/30/2022,8248,9.168901
11/30/2022,8249,9.168879
11/30/2022,8250,9.168857
11/30/2022,8251,9.168835
11/30/2022,8252,9.168813
11/30/2022,8253,9.168791
11/30/2022,8254,9.168769
11/30/2022,8255,9.168747
11/30/2022,8256,9.168725
11/30/2022,8257,9.168703
11/30/2022,8258,9.168681
11/30/2022,8259,9.168659
11/30/2022,8260,9.168637
11/30/2022,8261,9.168615
11/30/2022,8262,9.168593
11/30/2022,8263,9.168571
11/30/2022,8264,9.168549
11/30/2022,8265,9.168527
11/30/2022,8266,9.168505
11/30/2022,8267,9.168484
11/30/2022,8268,9.168462
11/30/2022,8269,9.16844
11/30/2022,8270,9.168418
11/30/2022,8271,9.168396
11/30/2022,8272,9.168374
11/30/2022,8273,9.168352
11/30/2022,8274,9.16833
11/30/2022,8275,9.168308
11/30/2022,8276,9.168286
11/30/2022,8277,9.168264
11/30/2022,8278,9.168242
11/30/2022,8279,9.16822
11/30/2022,8280,9.168198
11/30/2022,8281,9.168176
11/30/2022,8282,9.168154
11/30/2022,8283,9.168132
11/30/2022,8284,9.16811
11/30/2022,8285,9.168088
11/30/2022,8286,9.168066
11/30/2022,8287,9.168044
11/30/2022,8288,9.168022
11/30/2022,8289,9.168
11/30/2022,8290,9.167978
11/30/2022,8291,9.167956
11/30/2022,8292,9.167934
11/30/2022,8293,9.167912
11/30/2022,8294,9.16789
11/30/2022,8295,9.167868
11/30/2022,8296,9.167846
11/30/2022,8297,9.167824
11/30/2022,8298,9.167802
11/30/2022,8299,9.16778
11/30/2022,8300,9.167758
11/30/2022,8301,9.167736
11/30/2022,8302,9.167714
11/30/2022,8303,9.167692
11/30/2022,8304,9.16767
11/30/2022,8305,9.167648
11/30/2022,8306,9.167626
11/30/2022,8307,9.167604
11/30/2022,8308,9.167582
11/30/2022,8309,9.16756
11/30/2022,8310,9.167538
11/30/2022,8311,9.167516
11/30/2022,8312,9.167495
11/30/2022,8313,9.167473
11/30/2022,8314,9.167451
11/30/2022,8315,9.167429
11/30/2022,8316,9.167407
11/30/2022,8317,9.167385
11/30/2022,8318,9.167363
11/30/2022,8319,9.167341
11/30/2022,8320,9.167319
11/30/2022,8321,9.167297
11/30/2022,8322,9.167275
11/30/2022,8323,9.167253
11/30/2022,8324,9.167231
11/30/2022,8325,9.167209
11/30/2022,8326,9.167187
11/30/2022,8327,9.167165
11/30/2022,8328,9.167143
11/30/2022,8329,9.167121
11/30/2022,8330,9.167099
11/30/2022,8331,9.167077
11/30/2022,8332,9.167055
11/30/2022,8333,9.167033
11/30/2022,8334,9.167011
11/30/2022,8335,9.166989
11/30/2022,8336,9.166967
11/30/2022,8337,9.166945
11/30/2022,8338,9.166923
11/30/2022,8339,9.166901
11/30/2022,8340,9.166879
11/30/2022,8341,9.166857
11/30/2022,8342,9.166835
11/30/2022,8343,9.166813
11/30/2022,8344,9.166791
11/30/2022,8345,9.166769
11/30/2022,8346,9.166747
11/30/2022,8347,9.166725
11/30/2022,8348,9.166703
11/30/2022,8349,9.166681
11/30/2022,8350,9.166659
11/30/2022,8351,9.166637
11/30/2022,8352,9.166615
11/30/2022,8353,9.166593
11/30/2022,8354,9.166571
11/30/2022,8355,9.166549
11/30/2022,8356,9.166527
11/30/2022,8357,9.166505
11/30/2022,8358,9.166484
11/30/2022,8359,9.166462
11/30/2022,8360,9.16644
11/30/2022,8361,9.166418
11/30/2022,8362,9.166396
11/30/2022,8363,9.166374
11/30/2022,8364,9.166352
11/30/2022,8365,9.16633
11/30/2022,8366,9.166308
11/30/2022,8367,9.166286
11/30/2022,8368,9.166264
11/30/2022,8369,9.166242
11/30/2022,8370,9.16622
11/30/2022,8371,9.166198
11/30/2022,8372,9.166176
11/30/2022,8373,9.166154
11/30/2022,8374,9.166132
11/30/2022,8375,9.16611
11/30/2022,8376,9.166088
11/30/2022,8377,9.166066
11/30/2022,8378,9.166044
11/30/2022,8379,9.166022
11/30/2022,8380,9.166
11/30/2022,8381,9.165978
11/30/2022,8382,9.165956
11/30/2022,8383,9.165934
11/30/2022,8384,9.165912
11/30/2022,8385,9.16589
11/30/2022,8386,9.165868
11/30/2022,8387,9.165846
11/30/2022,8388,9.165824
11/30/2022,8389,9.165802
11/30/2022,8390,9.16578
11/30/2022,8391,9.165758
11/30/2022,8392,9.165736
11/30/2022,8393,9.165714
11/30/2022,8394,9.165692
11/30/2022,8395,9.16567
11/30/2022,8396,9.165648
11/30/2022,8397,9.165626
11/30/2022,8398,9.165604
11/30/2022,8399,9.165582
11/30/2022,8400,9.16556
11/30/2022,8401,9.165538
11/30/2022,8402,9.165516
11/30/2022,8403,9.165495
11/30/2022,8404,9.165473
11/30/2022,8405,9.165451
11/30/2022,8406,9.165429
11/30/2022,8407,9.165407
11/30/2022,8408,9.165385
11/30/2022,8409,9.165363
11/30/2022,8410,9.165341
11/30/2022,8411,9.165319
11/30/2022,8412,9.165297
11/30/2022,8413,9.165275
11/30/2022,8414,9.165253
11/30/2022,8415,9.165231
11/30/2022,8416,9.165209
11/30/2022,8417,9.165187
11/30/2022,8418,9.165165
11/30/2022,8419,9.165143
11/30/2022,8420,9.165121
11/30/2022,8421,9.165099
11/30/2022,8422,9.165077
11/30/2022,8423,9.165055
11/30/2022,8424,9.165033
11/30/2022,8425,9.165011
11/30/2022,8426,9.164989
11/30/2022,8427,9.164967
11/30/2022,8428,9.164945
11/30/2022,8429,9.164923
11/30/2022,8430,9.164901
11/30/2022,8431,9.164879
11/30/2022,8432,9.164857
11/30/2022,8433,9.164835
11/30/2022,8434,9.164813
11/30/2022,8435,9.164791
11/30/2022,8436,9.164769
11/30/2022,8437,9.164747
11/30/2022,8438,9.164725
11/30/2022,8439,9.164703
11/30/2022,8440,9.164681
11/30/2022,8441,9.164659
11/30/2022,8442,9.164637
11/30/2022,8443,9.164615
11/30/2022,8444,9.164593
11/30/2022,8445,9.164571
11/30/2022,8446,9.164549
11/30/2022,8447,9.164527
11/30/2022,8448,9.164505
11/30/2022,8449,9.164484
11/30/2022,8450,9.164462
11/30/2022,8451,9.16444
11/30/2022,8452,9.164418
11/30/2022,8453,9.164396
11/30/2022,8454,9.164374
11/30/2022,8455,9.164352
11/30/2022,8456,9.16433
11/30/2022,8457,9.164308
11/30/2022,8458,9.164286
11/30/2022,8459,9.164264
11/30/2022,8460,9.164242
11/30/2022,8461,9.16422
11/30/2022,8462,9.164198
11/30/2022,8463,9.164176
11/30/2022,8464,9.164154
11/30/2022,8465,9.164132
11/30/2022,8466,9.16411
11/30/2022,8467,9.164088
11/30/2022,8468,9.164066
11/30/2022,8469,9.164044
11/30/2022,8470,9.164022
11/30/2022,8471,9.164
11/30/2022,8472,9.163978
11/30/2022,8473,9.163956
11/30/2022,8474,9.163934
11/30/2022,8475,9.163912
11/30/2022,8476,9.16389
11/30/2022,8477,9.163868
11/30/2022,8478,9.163846
11/30/2022,8479,9.163824
11/30/2022,8480,9.163802
11/30/2022,8481,9.16378
11/30/2022,8482,9.163758
11/30/2022,8483,9.163736
11/30/2022,8484,9.163714
11/30/2022,8485,9.163692
11/30/2022,8486,9.16367
11/30/2022,8487,9.163648
11/30/2022,8488,9.163626
11/30/2022,8489,9.163604
11/30/2022,8490,9.163582
11/30/2022,8491,9.16356
11/30/2022,8492,9.163538
11/30/2022,8493,9.163516
11/30/2022,8494,9.163495
11/30/2022,8495,9.163473
11/30/2022,8496,9.163451
11/30/2022,8497,9.163429
11/30/2022,8498,9.163407
11/30/2022,8499,9.163385
11/30/2022,8500,9.163363
11/30/2022,8501,9.163341
11/30/2022,8502,9.163319
11/30/2022,8503,9.163297
11/30/2022,8504,9.163275
11/30/2022,8505,9.163253
11/30/2022,8506,9.163231
11/30/2022,8507,9.163209
11/30/2022,8508,9.163187
11/30/2022,8509,9.163165
11/30/2022,8510,9.163143
11/30/2022,8511,9.163121
11/30/2022,8512,9.163099
11/30/2022,8513,9.163077
11/30/2022,8514,9.163055
11/30/2022,8515,9.163033
11/30/2022,8516,9.163011
11/30/2022,8517,9.162989
11/30/2022,8518,9.162967
11/30/2022,8519,9.162945
11/30/2022,8520,9.162923
11/30/2022,8521,9.162901
11/30/2022,8522,9.162879
11/30/2022,8523,9.162857
11/30/2022,8524,9.162835
11/30/2022,8525,9.162813
11/30/2022,8526,9.162791
11/30/2022,8527,9.162769
11/30/2022,8528,9.162747
11/30/2022,8529,9.162725
11/30/2022,8530,9.162703
11/30/2022,8531,9.162681
11/30/2022,8532,9.162659
11/30/2022,8533,9.162637
11/30/2022,8534,9.162615
11/30/2022,8535,9.162593
11/30/2022,8536,9.162571
11/30/2022,8537,9.162549
11/30/2022,8538,9.162527
11/30/2022,8539,9.162505
11/30/2022,8540,9.162484
11/30/2022,8541,9.162462
11/30/2022,8542,9.16244
11/30/2022,8543,9.162418
11/30/2022,8544,9.162396
11/30/2022,8545,9.162374
11/30/2022,8546,9.162352
11/30/2022,8547,9.16233
11/30/2022,8548,9.162308
11/30/2022,8549,9.162286
11/30/2022,8550,9.162264
11/30/2022,8551,9.162242
11/30/2022,8552,9.16222
11/30/2022,8553,9.162198
11/30/2022,8554,9.162176
11/30/2022,8555,9.162154
11/30/2022,8556,9.162132
11/30/2022,8557,9.16211
11/30/2022,8558,9.162088
11/30/2022,8559,9.162066
11/30/2022,8560,9.162044
11/30/2022,8561,9.162022
11/30/2022,8562,9.162
11/30/2022,8563,9.161978
11/30/2022,8564,9.161956
11/30/2022,8565,9.161934
11/30/2022,8566,9.161912
11/30/2022,8567,9.16189
11/30/2022,8568,9.161868
11/30/2022,8569,9.161846
11/30/2022,8570,9.161824
11/30/2022,8571,9.161802
11/30/2022,8572,9.16178
11/30/2022,8573,9.161758
11/30/2022,8574,9.161736
11/30/2022,8575,9.161714
11/30/2022,8576,9.161692
11/30/2022,8577,9.16167
11/30/2022,8578,9.161648
11/30/2022,8579,9.161626
11/30/2022,8580,9.161604
11/30/2022,8581,9.161582
11/30/2022,8582,9.16156
11/30/2022,8583,9.161538
11/30/2022,8584,9.161516
11/30/2022,8585,9.161495
11/30/2022,8586,9.161473
11/30/2022,8587,9.161451
11/30/2022,8588,9.161429
11/30/2022,8589,9.161407
11/30/2022,8590,9.161385
11/30/2022,8591,9.161363
11/30/2022,8592,9.161341
11/30/2022,8593,9.161319
11/30/2022,8594,9.161297
11/30/2022,8595,9.161275
11/30/2022,8596,9.161253
11/30/2022,8597,9.161231
11/30/2022,8598,9.161209
11/30/2022,8599,9.161187
11/30/2022,8600,9.161165
11/30/2022,8601,9.161143
11/30/2022,8602,9.161121
11/30/2022,8603,9.161099
11/30/2022,8604,9.161077
11/30/2022,8605,9.161055
11/30/2022,8606,9.161033
11/30/2022,8607,9.161011
11/30/2022,8608,9.160989
11/30/2022,8609,9.160967
11/30/2022,8610,9.160945
11/30/2022,8611,9.160923
11/30/2022,8612,9.160901
11/30/2022,8613,9.160879
11/30/2022,8614,9.160857
11/30/2022,8615,9.160835
11/30/2022,8616,9.160813
11/30/2022,8617,9.160791
11/30/2022,8618,9.160769
11/30/2022,8619,9.160747
11/30/2022,8620,9.160725
11/30/2022,8621,9.160703
11/30/2022,8622,9.160681
11/30/2022,8623,9.160659
11/30/2022,8624,9.160637
11/30/2022,8625,9.160615
11/30/2022,8626,9.160593
11/30/2022,8627,9.160571
11/30/2022,8628,9.160549
11/30/2022,8629,9.160527
11/30/2022,8630,9.160505
11/30/2022,8631,9.160484
11/30/2022,8632,9.160462
11/30/2022,8633,9.16044
11/30/2022,8634,9.160418
11/30/2022,8635,9.160396
11/30/2022,8636,9.160374
11/30/2022,8637,9.160352
11/30/2022,8638,9.16033
11/30/2022,8639,9.160308
11/30/2022,8640,9.160286
11/30/2022,8641,9.160264
11/30/2022,8642,9.160242
11/30/2022,8643,9.16022
11/30/2022,8644,9.160198
11/30/2022,8645,9.160176
11/30/2022,8646,9.160154
11/30/2022,8647,9.160132
11/30/2022,8648,9.16011
11/30/2022,8649,9.160088
11/30/2022,8650,9.160066
11/30/2022,8651,9.160044
11/30/2022,8652,9.160022
11/30/2022,8653,9.16
11/30/2022,8654,9.159978
11/30/2022,8655,9.159956
11/30/2022,8656,9.159934
11/30/2022,8657,9.159912
11/30/2022,8658,9.15989
11/30/2022,8659,9.159868
11/30/2022,8660,9.159846
11/30/2022,8661,9.159824
11/30/2022,8662,9.159802
11/30/2022,8663,9.15978
11/30/2022,8664,9.159758
11/30/2022,8665,9.159736
11/30/2022,8666,9.159714
11/30/2022,8667,9.159692
11/30/2022,8668,9.15967
11/30/2022,8669,9.159648
11/30/2022,8670,9.159626
11/30/2022,8671,9.159604
11/30/2022,8672,9.159582
11/30/2022,8673,9.15956
11/30/2022,8674,9.159538
11/30/2022,8675,9.159516
11/30/2022,8676,9.159495
11/30/2022,8677,9.159473
11/30/2022,8678,9.159451
11/30/2022,8679,9.159429
11/30/2022,8680,9.159407
11/30/2022,8681,9.159385
11/30/2022,8682,9.159363
11/30/2022,8683,9.159341
11/30/2022,8684,9.159319
11/30/2022,8685,9.159297
11/30/2022,8686,9.159275
11/30/2022,8687,9.159253
11/30/2022,8688,9.159231
11/30/2022,8689,9.159209
11/30/2022,8690,9.159187
11/30/2022,8691,9.159165
11/30/2022,8692,9.159143
11/30/2022,8693,9.159121
11/30/2022,8694,9.159099
11/30/2022,8695,9.159077
11/30/2022,8696,9.159055
11/30/2022,8697,9.159033
11/30/2022,8698,9.159011
11/30/2022,8699,9.158989
11/30/2022,8700,9.158967
11/30/2022,8701,9.158945
11/30/2022,8702,9.158923
11/30/2022,8703,9.158901
11/30/2022,8704,9.158879
11/30/2022,8705,9.158857
11/30/2022,8706,9.158835
11/30/2022,8707,9.158813
11/30/2022,8708,9.158791
11/30/2022,8709,9.158769
11/30/2022,8710,9.158747
11/30/2022,8711,9.158725
11/30/2022,8712,9.158703
11/30/2022,8713,9.158681
11/30/2022,8714,9.158659
11/30/2022,8715,9.158637
11/30/2022,8716,9.158615
11/30/2022,8717,9.158593
11/30/2022,8718,9.158571
11/30/2022,8719,9.158549
11/30/2022,8720,9.158527
11/30/2022,8721,9.158505
11/30/2022,8722,9.158484
11/30/2022,8723,9.158462
11/30/2022,8724,9.15844
11/30/2022,8725,9.158418
11/30/2022,8726,9.158396
11/30/2022,8727,9.158374
11/30/2022,8728,9.158352
11/30/2022,8729,9.15833
11/30/2022,8730,9.158308
11/30/2022,8731,9.158286
11/30/2022,8732,9.158264
11/30/2022,8733,9.158242
11/30/2022,8734,9.15822
11/30/2022,8735,9.158198
11/30/2022,8736,9.158176
11/30/2022,8737,9.158154
11/30/2022,8738,9.158132
11/30/2022,8739,9.15811
11/30/2022,8740,9.158088
11/30/2022,8741,9.158066
11/30/2022,8742,9.158044
11/30/2022,8743,9.158022
11/30/2022,8744,9.158
11/30/2022,8745,9.157978
11/30/2022,8746,9.157956
11/30/2022,8747,9.157934
11/30/2022,8748,9.157912
11/30/2022,8749,9.15789
11/30/2022,8750,9.157868
11/30/2022,8751,9.157846
11/30/2022,8752,9.157824
11/30/2022,8753,9.157802
11/30/2022,8754,9.15778
11/30/2022,8755,9.157758
11/30/2022,8756,9.157736
11/30/2022,8757,9.157714
11/30/2022,8758,9.157692
11/30/2022,8759,9.15767
11/30/2022,8760,9.157648
11/30/2022,8761,9.157626
11/30/2022,8762,9.157604
11/30/2022,8763,9.157582
11/30/2022,8764,9.15756
11/30/2022,8765,9.157538
11/30/2022,8766,9.157516
11/30/2022,8767,9.157495
11/30/2022,8768,9.157473
11/30/2022,8769,9.157451
11/30/2022,8770,9.157429
11/30/2022,8771,9.157407
11/30/2022,8772,9.157385
11/30/2022,8773,9.157363
11/30/2022,8774,9.157341
11/30/2022,8775,9.157319
11/30/2022,8776,9.157297
11/30/2022,8777,9.157275
11/30/2022,8778,9.157253
11/30/2022,8779,9.157231
11/30/2022,8780,9.157209
11/30/2022,8781,9.157187
11/30/2022,8782,9.157165
11/30/2022,8783,9.157143
11/30/2022,8784,9.157121
11/30/2022,8785,9.157099
11/30/2022,8786,9.157077
11/30/2022,8787,9.157055
11/30/2022,8788,9.157033
11/30/2022,8789,9.157011
11/30/2022,8790,9.156989
11/30/2022,8791,9.156967
11/30/2022,8792,9.156945
11/30/2022,8793,9.156923
11/30/2022,8794,9.156901
11/30/2022,8795,9.156879
11/30/2022,8796,9.156857
11/30/2022,8797,9.156835
11/30/2022,8798,9.156813
11/30/2022,8799,9.156791
11/30/2022,8800,9.156769
11/30/2022,8801,9.156747
11/30/2022,8802,9.156725
11/30/2022,8803,9.156703
11/30/2022,8804,9.156681
11/30/2022,8805,9.156659
11/30/2022,8806,9.156637
11/30/2022,8807,9.156615
11/30/2022,8808,9.156593
11/30/2022,8809,9.156571
11/30/2022,8810,9.156549
11/30/2022,8811,9.156527
11/30/2022,8812,9.156505
11/30/2022,8813,9.156484
11/30/2022,8814,9.156462
11/30/2022,8815,9.15644
11/30/2022,8816,9.156418
11/30/2022,8817,9.156396
11/30/2022,8818,9.156374
11/30/2022,8819,9.156352
11/30/2022,8820,9.15633
11/30/2022,8821,9.156308
11/30/2022,8822,9.156286
11/30/2022,8823,9.156264
11/30/2022,8824,9.156242
11/30/2022,8825,9.15622
11/30/2022,8826,9.156198
11/30/2022,8827,9.156176
11/30/2022,8828,9.156154
11/30/2022,8829,9.156132
11/30/2022,8830,9.15611
11/30/2022,8831,9.156088
11/30/2022,8832,9.156066
11/30/2022,8833,9.156044
11/30/2022,8834,9.156022
11/30/2022,8835,9.156
11/30/2022,8836,9.155978
11/30/2022,8837,9.155956
11/30/2022,8838,9.155934
11/30/2022,8839,9.155912
11/30/2022,8840,9.15589
11/30/2022,8841,9.155868
11/30/2022,8842,9.155846
11/30/2022,8843,9.155824
11/30/2022,8844,9.155802
11/30/2022,8845,9.15578
11/30/2022,8846,9.155758
11/30/2022,8847,9.155736
11/30/2022,8848,9.155714
11/30/2022,8849,9.155692
11/30/2022,8850,9.15567
11/30/2022,8851,9.155648
11/30/2022,8852,9.155626
11/30/2022,8853,9.155604
11/30/2022,8854,9.155582
11/30/2022,8855,9.15556
11/30/2022,8856,9.155538
11/30/2022,8857,9.155516
11/30/2022,8858,9.155495
11/30/2022,8859,9.155473
11/30/2022,8860,9.155451
11/30/2022,8861,9.155429
11/30/2022,8862,9.155407
11/30/2022,8863,9.155385
11/30/2022,8864,9.155363
11/30/2022,8865,9.155341
11/30/2022,8866,9.155319
11/30/2022,8867,9.155297
11/30/2022,8868,9.155275
11/30/2022,8869,9.155253
11/30/2022,8870,9.155231
11/30/2022,8871,9.155209
11/30/2022,8872,9.155187
11/30/2022,8873,9.155165
11/30/2022,8874,9.155143
11/30/2022,8875,9.155121
11/30/2022,8876,9.155099
11/30/2022,8877,9.155077
11/30/2022,8878,9.155055
11/30/2022,8879,9.155033
11/30/2022,8880,9.155011
11/30/2022,8881,9.154989
11/30/2022,8882,9.154967
11/30/2022,8883,9.154945
11/30/2022,8884,9.154923
11/30/2022,8885,9.154901
11/30/2022,8886,9.154879
11/30/2022,8887,9.154857
11/30/2022,8888,9.154835
11/30/2022,8889,9.154813
11/30/2022,8890,9.154791
11/30/2022,8891,9.154769
11/30/2022,8892,9.154747
11/30/2022,8893,9.154725
11/30/2022,8894,9.154703
11/30/2022,8895,9.154681
11/30/2022,8896,9.154659
11/30/2022,8897,9.154637
11/30/2022,8898,9.154615
11/30/2022,8899,9.154593
11/30/2022,8900,9.154571
11/30/2022,8901,9.154549
11/30/2022,8902,9.154527
11/30/2022,8903,9.154505
11/30/2022,8904,9.154484
11/30/2022,8905,9.154462
11/30/2022,8906,9.15444
11/30/2022,8907,9.154418
11/30/2022,8908,9.154396
11/30/2022,8909,9.154374
11/30/2022,8910,9.154352
11/30/2022,8911,9.15433
11/30/2022,8912,9.154308
11/30/2022,8913,9.154286
11/30/2022,8914,9.154264
11/30/2022,8915,9.154242
11/30/2022,8916,9.15422
11/30/2022,8917,9.154198
11/30/2022,8918,9.154176
11/30/2022,8919,9.154154
11/30/2022,8920,9.154132
11/30/2022,8921,9.15411
11/30/2022,8922,9.154088
11/30/2022,8923,9.154066
11/30/2022,8924,9.154044
11/30/2022,8925,9.154022
11/30/2022,8926,9.154
11/30/2022,8927,9.153978
11/30/2022,8928,9.153956
11/30/2022,8929,9.153934
11/30/2022,8930,9.153912
11/30/2022,8931,9.15389
11/30/2022,8932,9.153868
11/30/2022,8933,9.153846
11/30/2022,8934,9.153824
11/30/2022,8935,9.153802
11/30/2022,8936,9.15378
11/30/2022,8937,9.153758
11/30/2022,8938,9.153736
11/30/2022,8939,9.153714
11/30/2022,8940,9.153692
11/30/2022,8941,9.15367
11/30/2022,8942,9.153648
11/30/2022,8943,9.153626
11/30/2022,8944,9.153604
11/30/2022,8945,9.153582
11/30/2022,8946,9.15356
11/30/2022,8947,9.153538
11/30/2022,8948,9.153516
11/30/2022,8949,9.153495
11/30/2022,8950,9.153473
11/30/2022,8951,9.153451
11/30/2022,8952,9.153429
11/30/2022,8953,9.153407
11/30/2022,8954,9.153385
11/30/2022,8955,9.153363
11/30/2022,8956,9.153341
11/30/2022,8957,9.153319
11/30/2022,8958,9.153297
11/30/2022,8959,9.153275
11/30/2022,8960,9.153253
11/30/2022,8961,9.153231
11/30/2022,8962,9.153209
11/30/2022,8963,9.153187
11/30/2022,8964,9.153165
11/30/2022,8965,9.153143
11/30/2022,8966,9.153121
11/30/2022,8967,9.153099
11/30/2022,8968,9.153077
11/30/2022,8969,9.153055
11/30/2022,8970,9.153033
11/30/2022,8971,9.153011
11/30/2022,8972,9.152989
11/30/2022,8973,9.152967
11/30/2022,8974,9.152945
11/30/2022,8975,9.152923
11/30/2022,8976,9.152901
11/30/2022,8977,9.152879
11/30/2022,8978,9.152857
11/30/2022,8979,9.152835
11/30/2022,8980,9.152813
11/30/2022,8981,9.152791
11/30/2022,8982,9.152769
11/30/2022,8983,9.152747
11/30/2022,8984,9.152725
11/30/2022,8985,9.152703
11/30/2022,8986,9.152681
11/30/2022,8987,9.152659
11/30/2022,8988,9.152637
11/30/2022,8989,9.152615
11/30/2022,8990,9.152593
11/30/2022,8991,9.152571
11/30/2022,8992,9.152549
11/30/2022,8993,9.152527
11/30/2022,8994,9.152505
11/30/2022,8995,9.152484
11/30/2022,8996,9.152462
11/30/2022,8997,9.15244
11/30/2022,8998,9.152418
11/30/2022,8999,9.152396
11/30/2022,9000,9.152374
11/30/2022,9001,9.152352
11/30/2022,9002,9.15233
11/30/2022,9003,9.152308
11/30/2022,9004,9.152286
11/30/2022,9005,9.152264
11/30/2022,9006,9.152242
11/30/2022,9007,9.15222
11/30/2022,9008,9.152198
11/30/2022,9009,9.152176
11/30/2022,9010,9.152154
11/30/2022,9011,9.152132
11/30/2022,9012,9.15211
11/30/2022,9013,9.152088
11/30/2022,9014,9.152066
11/30/2022,9015,9.152044
11/30/2022,9016,9.152022
11/30/2022,9017,9.152
11/30/2022,9018,9.151978
11/30/2022,9019,9.151956
11/30/2022,9020,9.151934
11/30/2022,9021,9.151912
11/30/2022,9022,9.15189
11/30/2022,9023,9.151868
11/30/2022,9024,9.151846
11/30/2022,9025,9.151824
11/30/2022,9026,9.151802
11/30/2022,9027,9.15178
11/30/2022,9028,9.151758
11/30/2022,9029,9.151736
11/30/2022,9030,9.151714
11/30/2022,9031,9.151692
11/30/2022,9032,9.15167
11/30/2022,9033,9.151648
11/30/2022,9034,9.151626
11/30/2022,9035,9.151604
11/30/2022,9036,9.151582
11/30/2022,9037,9.15156
11/30/2022,9038,9.151538
11/30/2022,9039,9.151516
11/30/2022,9040,9.151495
11/30/2022,9041,9.151473
11/30/2022,9042,9.151451
11/30/2022,9043,9.151429
11/30/2022,9044,9.151407
11/30/2022,9045,9.151385
11/30/2022,9046,9.151363
11/30/2022,9047,9.151341
11/30/2022,9048,9.151319
11/30/2022,9049,9.151297
11/30/2022,9050,9.151275
11/30/2022,9051,9.151253
11/30/2022,9052,9.151231
11/30/2022,9053,9.151209
11/30/2022,9054,9.151187
11/30/2022,9055,9.151165
11/30/2022,9056,9.151143
11/30/2022,9057,9.151121
11/30/2022,9058,9.151099
11/30/2022,9059,9.151077
11/30/2022,9060,9.151055
11/30/2022,9061,9.151033
11/30/2022,9062,9.151011
11/30/2022,9063,9.150989
11/30/2022,9064,9.150967
11/30/2022,9065,9.150945
11/30/2022,9066,9.150923
11/30/2022,9067,9.150901
11/30/2022,9068,9.150879
11/30/2022,9069,9.150857
11/30/2022,9070,9.150835
11/30/2022,9071,9.150813
11/30/2022,9072,9.150791
11/30/2022,9073,9.150769
11/30/2022,9074,9.150747
11/30/2022,9075,9.150725
11/30/2022,9076,9.150703
11/30/2022,9077,9.150681
11/30/2022,9078,9.150659
11/30/2022,9079,9.150637
11/30/2022,9080,9.150615
11/30/2022,9081,9.150593
11/30/2022,9082,9.150571
11/30/2022,9083,9.150549
11/30/2022,9084,9.150527
11/30/2022,9085,9.150505
11/30/2022,9086,9.150484
11/30/2022,9087,9.150462
11/30/2022,9088,9.15044
11/30/2022,9089,9.150418
11/30/2022,9090,9.150396
11/30/2022,9091,9.150374
11/30/2022,9092,9.150352
11/30/2022,9093,9.15033
11/30/2022,9094,9.150308
11/30/2022,9095,9.150286
11/30/2022,9096,9.150264
11/30/2022,9097,9.150242
11/30/2022,9098,9.15022
11/30/2022,9099,9.150198
11/30/2022,9100,9.150176
11/30/2022,9101,9.150154
11/30/2022,9102,9.150132
11/30/2022,9103,9.15011
11/30/2022,9104,9.150088
11/30/2022,9105,9.150066
11/30/2022,9106,9.150044
11/30/2022,9107,9.150022
11/30/2022,9108,9.15
11/30/2022,9109,9.149976
11/30/2022,9110,9.149952
11/30/2022,9111,9.149928
11/30/2022,9112,9.149904
11/30/2022,9113,9.149881
11/30/2022,9114,9.149857
11/30/2022,9115,9.149833
11/30/2022,9116,9.149809
11/30/2022,9117,9.149785
11/30/2022,9118,9.149761
11/30/2022,9119,9.149737
11/30/2022,9120,9.149713
11/30/2022,9121,9.149689
11/30/2022,9122,9.149666
11/30/2022,9123,9.149642
11/30/2022,9124,9.149618
11/30/2022,9125,9.149594
11/30/2022,9126,9.14957
11/30/2022,9127,9.149546
11/30/2022,9128,9.149522
11/30/2022,9129,9.149498
11/30/2022,9130,9.149474
11/30/2022,9131,9.149451
11/30/2022,9132,9.149427
11/30/2022,9133,9.149403
11/30/2022,9134,9.149379
11/30/2022,9135,9.149355
11/30/2022,9136,9.149331
11/30/2022,9137,9.149307
11/30/2022,9138,9.149283
11/30/2022,9139,9.149259
11/30/2022,9140,9.149236
11/30/2022,9141,9.149212
11/30/2022,9142,9.149188
11/30/2022,9143,9.149164
11/30/2022,9144,9.14914
11/30/2022,9145,9.149116
11/30/2022,9146,9.149092
11/30/2022,9147,9.149068
11/30/2022,9148,9.149044
11/30/2022,9149,9.149021
11/30/2022,9150,9.148997
11/30/2022,9151,9.148973
11/30/2022,9152,9.148949
11/30/2022,9153,9.148925
11/30/2022,9154,9.148901
11/30/2022,9155,9.148877
11/30/2022,9156,9.148853
11/30/2022,9157,9.148829
11/30/2022,9158,9.148806
11/30/2022,9159,9.148782
11/30/2022,9160,9.148758
11/30/2022,9161,9.148734
11/30/2022,9162,9.14871
11/30/2022,9163,9.148686
11/30/2022,9164,9.148662
11/30/2022,9165,9.148638
11/30/2022,9166,9.148614
11/30/2022,9167,9.148591
11/30/2022,9168,9.148567
11/30/2022,9169,9.148543
11/30/2022,9170,9.148519
11/30/2022,9171,9.148495
11/30/2022,9172,9.148471
11/30/2022,9173,9.148447
11/30/2022,9174,9.148423
11/30/2022,9175,9.148399
11/30/2022,9176,9.148376
11/30/2022,9177,9.148352
11/30/2022,9178,9.148328
11/30/2022,9179,9.148304
11/30/2022,9180,9.14828
11/30/2022,9181,9.148256
11/30/2022,9182,9.148232
11/30/2022,9183,9.148208
11/30/2022,9184,9.148184
11/30/2022,9185,9.148161
11/30/2022,9186,9.148137
11/30/2022,9187,9.148113
11/30/2022,9188,9.148089
11/30/2022,9189,9.148065
11/30/2022,9190,9.148041
11/30/2022,9191,9.148017
11/30/2022,9192,9.147993
11/30/2022,9193,9.147969
11/30/2022,9194,9.147946
11/30/2022,9195,9.147922
11/30/2022,9196,9.147898
11/30/2022,9197,9.147874
11/30/2022,9198,9.14785
11/30/2022,9199,9.147826
11/30/2022,9200,9.147802
11/30/2022,9201,9.147778
11/30/2022,9202,9.147754
11/30/2022,9203,9.147731
11/30/2022,9204,9.147707
11/30/2022,9205,9.147683
11/30/2022,9206,9.147659
11/30/2022,9207,9.147635
11/30/2022,9208,9.147611
11/30/2022,9209,9.147587
11/30/2022,9210,9.147563
11/30/2022,9211,9.147539
11/30/2022,9212,9.147516
11/30/2022,9213,9.147492
11/30/2022,9214,9.147468
11/30/2022,9215,9.147444
11/30/2022,9216,9.14742
11/30/2022,9217,9.147396
11/30/2022,9218,9.147372
11/30/2022,9219,9.147348
11/30/2022,9220,9.147324
11/30/2022,9221,9.147301
11/30/2022,9222,9.147277
11/30/2022,9223,9.147253
11/30/2022,9224,9.147229
11/30/2022,9225,9.147205
11/30/2022,9226,9.147181
11/30/2022,9227,9.147157
11/30/2022,9228,9.147133
11/30/2022,9229,9.147109
11/30/2022,9230,9.147086
11/30/2022,9231,9.147062
11/30/2022,9232,9.147038
11/30/2022,9233,9.147014
11/30/2022,9234,9.14699
11/30/2022,9235,9.146966
11/30/2022,9236,9.146942
11/30/2022,9237,9.146918
11/30/2022,9238,9.146894
11/30/2022,9239,9.146871
11/30/2022,9240,9.146847
11/30/2022,9241,9.146823
11/30/2022,9242,9.146799
11/30/2022,9243,9.146775
11/30/2022,9244,9.146751
11/30/2022,9245,9.146727
11/30/2022,9246,9.146703
11/30/2022,9247,9.146679
11/30/2022,9248,9.146656
11/30/2022,9249,9.146632
11/30/2022,9250,9.146608
11/30/2022,9251,9.146584
11/30/2022,9252,9.14656
11/30/2022,9253,9.146536
11/30/2022,9254,9.146512
11/30/2022,9255,9.146488
11/30/2022,9256,9.146464
11/30/2022,9257,9.146441
11/30/2022,9258,9.146417
11/30/2022,9259,9.146393
11/30/2022,9260,9.146369
11/30/2022,9261,9.146345
11/30/2022,9262,9.146321
11/30/2022,9263,9.146297
11/30/2022,9264,9.146273
11/30/2022,9265,9.146249
11/30/2022,9266,9.146226
11/30/2022,9267,9.146202
11/30/2022,9268,9.146178
11/30/2022,9269,9.146154
11/30/2022,9270,9.14613
11/30/2022,9271,9.146106
11/30/2022,9272,9.146082
11/30/2022,9273,9.146058
11/30/2022,9274,9.146034
11/30/2022,9275,9.146011
11/30/2022,9276,9.145987
11/30/2022,9277,9.145963
11/30/2022,9278,9.145939
11/30/2022,9279,9.145915
11/30/2022,9280,9.145891
11/30/2022,9281,9.145867
11/30/2022,9282,9.145843
11/30/2022,9283,9.145819
11/30/2022,9284,9.145796
11/30/2022,9285,9.145772
11/30/2022,9286,9.145748
11/30/2022,9287,9.145724
11/30/2022,9288,9.1457
11/30/2022,9289,9.145676
11/30/2022,9290,9.145652
11/30/2022,9291,9.145628
11/30/2022,9292,9.145604
11/30/2022,9293,9.145581
11/30/2022,9294,9.145557
11/30/2022,9295,9.145533
11/30/2022,9296,9.145509
11/30/2022,9297,9.145485
11/30/2022,9298,9.145461
11/30/2022,9299,9.145437
11/30/2022,9300,9.145413
11/30/2022,9301,9.145389
11/30/2022,9302,9.145366
11/30/2022,9303,9.145342
11/30/2022,9304,9.145318
11/30/2022,9305,9.145294
11/30/2022,9306,9.14527
11/30/2022,9307,9.145246
11/30/2022,9308,9.145222
11/30/2022,9309,9.145198
11/30/2022,9310,9.145174
11/30/2022,9311,9.145151
11/30/2022,9312,9.145127
11/30/2022,9313,9.145103
11/30/2022,9314,9.145079
11/30/2022,9315,9.145055
11/30/2022,9316,9.145031
11/30/2022,9317,9.145007
11/30/2022,9318,9.144983
11/30/2022,9319,9.144959
11/30/2022,9320,9.144935
11/30/2022,9321,9.144912
11/30/2022,9322,9.144888
11/30/2022,9323,9.144864
11/30/2022,9324,9.14484
11/30/2022,9325,9.144816
11/30/2022,9326,9.144792
11/30/2022,9327,9.144768
11/30/2022,9328,9.144744
11/30/2022,9329,9.14472
11/30/2022,9330,9.144697
11/30/2022,9331,9.144673
11/30/2022,9332,9.144649
11/30/2022,9333,9.144625
11/30/2022,9334,9.144601
11/30/2022,9335,9.144577
11/30/2022,9336,9.144553
11/30/2022,9337,9.144529
11/30/2022,9338,9.144505
11/30/2022,9339,9.144482
11/30/2022,9340,9.144458
11/30/2022,9341,9.144434
11/30/2022,9342,9.14441
11/30/2022,9343,9.144386
11/30/2022,9344,9.144362
11/30/2022,9345,9.144338
11/30/2022,9346,9.144314
11/30/2022,9347,9.14429
11/30/2022,9348,9.144267
11/30/2022,9349,9.144243
11/30/2022,9350,9.144219
11/30/2022,9351,9.144195
11/30/2022,9352,9.144171
11/30/2022,9353,9.144147
11/30/2022,9354,9.144123
11/30/2022,9355,9.144099
11/30/2022,9356,9.144075
11/30/2022,9357,9.144052
11/30/2022,9358,9.144028
11/30/2022,9359,9.144004
11/30/2022,9360,9.14398
11/30/2022,9361,9.143956
11/30/2022,9362,9.143932
11/30/2022,9363,9.143908
11/30/2022,9364,9.143884
11/30/2022,9365,9.14386
11/30/2022,9366,9.143837
11/30/2022,9367,9.143813
11/30/2022,9368,9.143789
11/30/2022,9369,9.143765
11/30/2022,9370,9.143741
11/30/2022,9371,9.143717
11/30/2022,9372,9.143693
11/30/2022,9373,9.143669
11/30/2022,9374,9.143645
11/30/2022,9375,9.143622
11/30/2022,9376,9.143598
11/30/2022,9377,9.143574
11/30/2022,9378,9.14355
11/30/2022,9379,9.143526
11/30/2022,9380,9.143502
11/30/2022,9381,9.143478
11/30/2022,9382,9.143454
11/30/2022,9383,9.14343
11/30/2022,9384,9.143407
11/30/2022,9385,9.143383
11/30/2022,9386,9.143359
11/30/2022,9387,9.143335
11/30/2022,9388,9.143311
11/30/2022,9389,9.143287
11/30/2022,9390,9.143263
11/30/2022,9391,9.143239
11/30/2022,9392,9.143215
11/30/2022,9393,9.143192
11/30/2022,9394,9.143168
11/30/2022,9395,9.143144
11/30/2022,9396,9.14312
11/30/2022,9397,9.143096
11/30/2022,9398,9.143072
11/30/2022,9399,9.143048
11/30/2022,9400,9.143024
11/30/2022,9401,9.143
11/30/2022,9402,9.142977
11/30/2022,9403,9.142953
11/30/2022,9404,9.142929
11/30/2022,9405,9.142905
11/30/2022,9406,9.142881
11/30/2022,9407,9.142857
11/30/2022,9408,9.142833
11/30/2022,9409,9.142809
11/30/2022,9410,9.142785
11/30/2022,9411,9.142762
11/30/2022,9412,9.142738
11/30/2022,9413,9.142714
11/30/2022,9414,9.14269
11/30/2022,9415,9.142666
11/30/2022,9416,9.142642
11/30/2022,9417,9.142618
11/30/2022,9418,9.142594
11/30/2022,9419,9.14257
11/30/2022,9420,9.142547
11/30/2022,9421,9.142523
11/30/2022,9422,9.142499
11/30/2022,9423,9.142475
11/30/2022,9424,9.142451
11/30/2022,9425,9.142427
11/30/2022,9426,9.142403
11/30/2022,9427,9.142379
11/30/2022,9428,9.142355
11/30/2022,9429,9.142332
11/30/2022,9430,9.142308
11/30/2022,9431,9.142284
11/30/2022,9432,9.14226
11/30/2022,9433,9.142236
11/30/2022,9434,9.142212
11/30/2022,9435,9.142188
11/30/2022,9436,9.142164
11/30/2022,9437,9.14214
11/30/2022,9438,9.142117
11/30/2022,9439,9.142093
11/30/2022,9440,9.142069
11/30/2022,9441,9.142045
11/30/2022,9442,9.142021
11/30/2022,9443,9.141997
11/30/2022,9444,9.141973
11/30/2022,9445,9.141949
11/30/2022,9446,9.141925
11/30/2022,9447,9.141902
11/30/2022,9448,9.141878
11/30/2022,9449,9.141854
11/30/2022,9450,9.14183
11/30/2022,9451,9.141806
11/30/2022,9452,9.141782
11/30/2022,9453,9.141758
11/30/2022,9454,9.141734
11/30/2022,9455,9.14171
11/30/2022,9456,9.141687
11/30/2022,9457,9.141663
11/30/2022,9458,9.141639
11/30/2022,9459,9.141615
11/30/2022,9460,9.141591
11/30/2022,9461,9.141567
11/30/2022,9462,9.141543
11/30/2022,9463,9.141519
11/30/2022,9464,9.141495
11/30/2022,9465,9.141472
11/30/2022,9466,9.141448
11/30/2022,9467,9.141424
11/30/2022,9468,9.1414
11/30/2022,9469,9.141376
11/30/2022,9470,9.141352
11/30/2022,9471,9.141328
11/30/2022,9472,9.141304
11/30/2022,9473,9.14128
11/30/2022,9474,9.141257
11/30/2022,9475,9.141233
11/30/2022,9476,9.141209
11/30/2022,9477,9.141185
11/30/2022,9478,9.141161
11/30/2022,9479,9.141137
11/30/2022,9480,9.141113
11/30/2022,9481,9.141089
11/30/2022,9482,9.141065
11/30/2022,9483,9.141042
11/30/2022,9484,9.141018
11/30/2022,9485,9.140994
11/30/2022,9486,9.14097
11/30/2022,9487,9.140946
11/30/2022,9488,9.140922
11/30/2022,9489,9.140898
11/30/2022,9490,9.140874
11/30/2022,9491,9.14085
11/30/2022,9492,9.140827
11/30/2022,9493,9.140803
11/30/2022,9494,9.140779
11/30/2022,9495,9.140755
11/30/2022,9496,9.140731
11/30/2022,9497,9.140707
11/30/2022,9498,9.140683
11/30/2022,9499,9.140659
11/30/2022,9500,9.140635
11/30/2022,9501,9.140612
11/30/2022,9502,9.140588
11/30/2022,9503,9.140564
11/30/2022,9504,9.14054
11/30/2022,9505,9.140516
11/30/2022,9506,9.140492
11/30/2022,9507,9.140468
11/30/2022,9508,9.140444
11/30/2022,9509,9.14042
11/30/2022,9510,9.140397
11/30/2022,9511,9.140373
11/30/2022,9512,9.140349
11/30/2022,9513,9.140325
11/30/2022,9514,9.140301
11/30/2022,9515,9.140277
11/30/2022,9516,9.140253
11/30/2022,9517,9.140229
11/30/2022,9518,9.140205
11/30/2022,9519,9.140182
11/30/2022,9520,9.140158
11/30/2022,9521,9.140134
11/30/2022,9522,9.14011
11/30/2022,9523,9.140086
11/30/2022,9524,9.140062
11/30/2022,9525,9.140038
11/30/2022,9526,9.140014
11/30/2022,9527,9.13999
11/30/2022,9528,9.139967
11/30/2022,9529,9.139943
11/30/2022,9530,9.139919
11/30/2022,9531,9.139895
11/30/2022,9532,9.139871
11/30/2022,9533,9.139847
11/30/2022,9534,9.139823
11/30/2022,9535,9.139799
11/30/2022,9536,9.139775
11/30/2022,9537,9.139752
11/30/2022,9538,9.139728
11/30/2022,9539,9.139704
11/30/2022,9540,9.13968
11/30/2022,9541,9.139656
11/30/2022,9542,9.139632
11/30/2022,9543,9.139608
11/30/2022,9544,9.139584
11/30/2022,9545,9.13956
11/30/2022,9546,9.139537
11/30/2022,9547,9.139513
11/30/2022,9548,9.139489
11/30/2022,9549,9.139465
11/30/2022,9550,9.139441
11/30/2022,9551,9.139417
11/30/2022,9552,9.139393
11/30/2022,9553,9.139369
11/30/2022,9554,9.139345
11/30/2022,9555,9.139322
11/30/2022,9556,9.139298
11/30/2022,9557,9.139274
11/30/2022,9558,9.13925
11/30/2022,9559,9.139226
11/30/2022,9560,9.139202
11/30/2022,9561,9.139178
11/30/2022,9562,9.139154
11/30/2022,9563,9.13913
11/30/2022,9564,9.139107
11/30/2022,9565,9.139083
11/30/2022,9566,9.139059
11/30/2022,9567,9.139035
11/30/2022,9568,9.139011
11/30/2022,9569,9.138987
11/30/2022,9570,9.138963
11/30/2022,9571,9.138939
11/30/2022,9572,9.138915
11/30/2022,9573,9.138892
11/30/2022,9574,9.138868
11/30/2022,9575,9.138844
11/30/2022,9576,9.13882
11/30/2022,9577,9.138796
11/30/2022,9578,9.138772
11/30/2022,9579,9.138748
11/30/2022,9580,9.138724
11/30/2022,9581,9.1387
11/30/2022,9582,9.138677
11/30/2022,9583,9.138653
11/30/2022,9584,9.138629
11/30/2022,9585,9.138605
11/30/2022,9586,9.138581
11/30/2022,9587,9.138557
11/30/2022,9588,9.138533
11/30/2022,9589,9.138509
11/30/2022,9590,9.138485
11/30/2022,9591,9.138462
11/30/2022,9592,9.138438
11/30/2022,9593,9.138414
11/30/2022,9594,9.13839
11/30/2022,9595,9.138366
11/30/2022,9596,9.138342
11/30/2022,9597,9.138318
11/30/2022,9598,9.138294
11/30/2022,9599,9.13827
11/30/2022,9600,9.138247
11/30/2022,9601,9.138223
11/30/2022,9602,9.138199
11/30/2022,9603,9.138175
11/30/2022,9604,9.138151
11/30/2022,9605,9.138127
11/30/2022,9606,9.138103
11/30/2022,9607,9.138079
11/30/2022,9608,9.138055
11/30/2022,9609,9.138032
11/30/2022,9610,9.138008
11/30/2022,9611,9.137984
11/30/2022,9612,9.13796
11/30/2022,9613,9.137936
11/30/2022,9614,9.137912
11/30/2022,9615,9.137888
11/30/2022,9616,9.137864
11/30/2022,9617,9.13784
11/30/2022,9618,9.137817
11/30/2022,9619,9.137793
11/30/2022,9620,9.137769
11/30/2022,9621,9.137745
11/30/2022,9622,9.137721
11/30/2022,9623,9.137697
11/30/2022,9624,9.137673
11/30/2022,9625,9.137649
11/30/2022,9626,9.137625
11/30/2022,9627,9.137602
11/30/2022,9628,9.137578
11/30/2022,9629,9.137554
11/30/2022,9630,9.13753
11/30/2022,9631,9.137506
11/30/2022,9632,9.137482
11/30/2022,9633,9.137458
11/30/2022,9634,9.137434
11/30/2022,9635,9.13741
11/30/2022,9636,9.137387
11/30/2022,9637,9.137363
11/30/2022,9638,9.137339
11/30/2022,9639,9.137315
11/30/2022,9640,9.137291
11/30/2022,9641,9.137267
11/30/2022,9642,9.137243
11/30/2022,9643,9.137219
11/30/2022,9644,9.137195
11/30/2022,9645,9.137172
11/30/2022,9646,9.137148
11/30/2022,9647,9.137124
11/30/2022,9648,9.1371
11/30/2022,9649,9.137076
11/30/2022,9650,9.137052
11/30/2022,9651,9.137028
11/30/2022,9652,9.137004
11/30/2022,9653,9.13698
11/30/2022,9654,9.136957
11/30/2022,9655,9.136933
11/30/2022,9656,9.136909
11/30/2022,9657,9.136885
11/30/2022,9658,9.136861
11/30/2022,9659,9.136837
11/30/2022,9660,9.136813
11/30/2022,9661,9.136789
11/30/2022,9662,9.136765
11/30/2022,9663,9.136742
11/30/2022,9664,9.136718
11/30/2022,9665,9.136694
11/30/2022,9666,9.13667
11/30/2022,9667,9.136646
11/30/2022,9668,9.136622
11/30/2022,9669,9.136598
11/30/2022,9670,9.136574
11/30/2022,9671,9.13655
11/30/2022,9672,9.136527
11/30/2022,9673,9.136503
11/30/2022,9674,9.136479
11/30/2022,9675,9.136455
11/30/2022,9676,9.136431
11/30/2022,9677,9.136407
11/30/2022,9678,9.136383
11/30/2022,9679,9.136359
11/30/2022,9680,9.136335
11/30/2022,9681,9.136312
11/30/2022,9682,9.136288
11/30/2022,9683,9.136264
11/30/2022,9684,9.13624
11/30/2022,9685,9.136216
11/30/2022,9686,9.136192
11/30/2022,9687,9.136168
11/30/2022,9688,9.136144
11/30/2022,9689,9.13612
11/30/2022,9690,9.136097
11/30/2022,9691,9.136073
11/30/2022,9692,9.136049
11/30/2022,9693,9.136025
11/30/2022,9694,9.136001
11/30/2022,9695,9.135977
11/30/2022,9696,9.135953
11/30/2022,9697,9.135929
11/30/2022,9698,9.135905
11/30/2022,9699,9.135882
11/30/2022,9700,9.135858
11/30/2022,9701,9.135834
11/30/2022,9702,9.13581
11/30/2022,9703,9.135786
11/30/2022,9704,9.135762
11/30/2022,9705,9.135738
11/30/2022,9706,9.135714
11/30/2022,9707,9.13569
11/30/2022,9708,9.135667
11/30/2022,9709,9.135643
11/30/2022,9710,9.135619
11/30/2022,9711,9.135595
11/30/2022,9712,9.135571
11/30/2022,9713,9.135547
11/30/2022,9714,9.135523
11/30/2022,9715,9.135499
11/30/2022,9716,9.135475
11/30/2022,9717,9.135452
11/30/2022,9718,9.135428
11/30/2022,9719,9.135404
11/30/2022,9720,9.13538
11/30/2022,9721,9.135356
11/30/2022,9722,9.135332
11/30/2022,9723,9.135308
11/30/2022,9724,9.135284
11/30/2022,9725,9.13526
11/30/2022,9726,9.135237
11/30/2022,9727,9.135213
11/30/2022,9728,9.135189
11/30/2022,9729,9.135165
11/30/2022,9730,9.135141
11/30/2022,9731,9.135117
11/30/2022,9732,9.135093
11/30/2022,9733,9.135069
11/30/2022,9734,9.135045
11/30/2022,9735,9.135022
11/30/2022,9736,9.134998
11/30/2022,9737,9.134974
11/30/2022,9738,9.13495
11/30/2022,9739,9.134926
11/30/2022,9740,9.134902
11/30/2022,9741,9.134878
11/30/2022,9742,9.134854
11/30/2022,9743,9.13483
11/30/2022,9744,9.134806
11/30/2022,9745,9.134783
11/30/2022,9746,9.134759
11/30/2022,9747,9.134735
11/30/2022,9748,9.134711
11/30/2022,9749,9.134687
11/30/2022,9750,9.134663
11/30/2022,9751,9.134639
11/30/2022,9752,9.134615
11/30/2022,9753,9.134591
11/30/2022,9754,9.134568
11/30/2022,9755,9.134544
11/30/2022,9756,9.13452
11/30/2022,9757,9.134496
11/30/2022,9758,9.134472
11/30/2022,9759,9.134448
11/30/2022,9760,9.134424
11/30/2022,9761,9.1344
11/30/2022,9762,9.134376
11/30/2022,9763,9.134353
11/30/2022,9764,9.134329
11/30/2022,9765,9.134305
11/30/2022,9766,9.134281
11/30/2022,9767,9.134257
11/30/2022,9768,9.134233
11/30/2022,9769,9.134209
11/30/2022,9770,9.134185
11/30/2022,9771,9.134161
11/30/2022,9772,9.134138
11/30/2022,9773,9.134114
11/30/2022,9774,9.13409
11/30/2022,9775,9.134066
11/30/2022,9776,9.134042
11/30/2022,9777,9.134018
11/30/2022,9778,9.133994
11/30/2022,9779,9.13397
11/30/2022,9780,9.133946
11/30/2022,9781,9.133923
11/30/2022,9782,9.133899
11/30/2022,9783,9.133875
11/30/2022,9784,9.133851
11/30/2022,9785,9.133827
11/30/2022,9786,9.133803
11/30/2022,9787,9.133779
11/30/2022,9788,9.133755
11/30/2022,9789,9.133731
11/30/2022,9790,9.133708
11/30/2022,9791,9.133684
11/30/2022,9792,9.13366
11/30/2022,9793,9.133636
11/30/2022,9794,9.133612
11/30/2022,9795,9.133588
11/30/2022,9796,9.133564
11/30/2022,9797,9.13354
11/30/2022,9798,9.133516
11/30/2022,9799,9.133493
11/30/2022,9800,9.133469
11/30/2022,9801,9.133445
11/30/2022,9802,9.133421
11/30/2022,9803,9.133397
11/30/2022,9804,9.133373
11/30/2022,9805,9.133349
11/30/2022,9806,9.133325
11/30/2022,9807,9.133301
11/30/2022,9808,9.133278
11/30/2022,9809,9.133254
11/30/2022,9810,9.13323
11/30/2022,9811,9.133206
11/30/2022,9812,9.133182
11/30/2022,9813,9.133158
11/30/2022,9814,9.133134
11/30/2022,9815,9.13311
11/30/2022,9816,9.133086
11/30/2022,9817,9.133063
11/30/2022,9818,9.133039
11/30/2022,9819,9.133015
11/30/2022,9820,9.132991
11/30/2022,9821,9.132967
11/30/2022,9822,9.132943
11/30/2022,9823,9.132919
11/30/2022,9824,9.132895
11/30/2022,9825,9.132871
11/30/2022,9826,9.132848
11/30/2022,9827,9.132824
11/30/2022,9828,9.1328
11/30/2022,9829,9.132776
11/30/2022,9830,9.132752
11/30/2022,9831,9.132728
11/30/2022,9832,9.132704
11/30/2022,9833,9.13268
11/30/2022,9834,9.132656
11/30/2022,9835,9.132633
11/30/2022,9836,9.132609
11/30/2022,9837,9.132585
11/30/2022,9838,9.132561
11/30/2022,9839,9.132537
11/30/2022,9840,9.132513
11/30/2022,9841,9.132489
11/30/2022,9842,9.132465
11/30/2022,9843,9.132441
11/30/2022,9844,9.132418
11/30/2022,9845,9.132394
11/30/2022,9846,9.13237
11/30/2022,9847,9.132346
11/30/2022,9848,9.132322
11/30/2022,9849,9.132298
11/30/2022,9850,9.132274
11/30/2022,9851,9.13225
11/30/2022,9852,9.132226
11/30/2022,9853,9.132203
11/30/2022,9854,9.132179
11/30/2022,9855,9.132155
11/30/2022,9856,9.132131
11/30/2022,9857,9.132107
11/30/2022,9858,9.132083
11/30/2022,9859,9.132059
11/30/2022,9860,9.132035
11/30/2022,9861,9.132011
11/30/2022,9862,9.131988
11/30/2022,9863,9.131964
11/30/2022,9864,9.13194
11/30/2022,9865,9.131916
11/30/2022,9866,9.131892
11/30/2022,9867,9.131868
11/30/2022,9868,9.131844
11/30/2022,9869,9.13182
11/30/2022,9870,9.131796
11/30/2022,9871,9.131773
11/30/2022,9872,9.131749
11/30/2022,9873,9.131725
11/30/2022,9874,9.131701
11/30/2022,9875,9.131677
11/30/2022,9876,9.131653
11/30/2022,9877,9.131629
11/30/2022,9878,9.131605
11/30/2022,9879,9.131581
11/30/2022,9880,9.131558
11/30/2022,9881,9.131534
11/30/2022,9882,9.13151
11/30/2022,9883,9.131486
11/30/2022,9884,9.131462
11/30/2022,9885,9.131438
11/30/2022,9886,9.131414
11/30/2022,9887,9.13139
11/30/2022,9888,9.131366
11/30/2022,9889,9.131343
11/30/2022,9890,9.131319
11/30/2022,9891,9.131295
11/30/2022,9892,9.131271
11/30/2022,9893,9.131247
11/30/2022,9894,9.131223
11/30/2022,9895,9.131199
11/30/2022,9896,9.131175
11/30/2022,9897,9.131151
11/30/2022,9898,9.131128
11/30/2022,9899,9.131104
11/30/2022,9900,9.13108
11/30/2022,9901,9.131056
11/30/2022,9902,9.131032
11/30/2022,9903,9.131008
11/30/2022,9904,9.130984
11/30/2022,9905,9.13096
11/30/2022,9906,9.130936
11/30/2022,9907,9.130913
11/30/2022,9908,9.130889
11/30/2022,9909,9.130865
11/30/2022,9910,9.130841
11/30/2022,9911,9.130817
11/30/2022,9912,9.130793
11/30/2022,9913,9.130769
11/30/2022,9914,9.130745
11/30/2022,9915,9.130721
11/30/2022,9916,9.130698
11/30/2022,9917,9.130674
11/30/2022,9918,9.13065
11/30/2022,9919,9.130626
11/30/2022,9920,9.130602
11/30/2022,9921,9.130578
11/30/2022,9922,9.130554
11/30/2022,9923,9.13053
11/30/2022,9924,9.130506
11/30/2022,9925,9.130483
11/30/2022,9926,9.130459
11/30/2022,9927,9.130435
11/30/2022,9928,9.130411
11/30/2022,9929,9.130387
11/30/2022,9930,9.130363
11/30/2022,9931,9.130339
11/30/2022,9932,9.130315
11/30/2022,9933,9.130291
11/30/2022,9934,9.130268
11/30/2022,9935,9.130244
11/30/2022,9936,9.13022
11/30/2022,9937,9.130196
11/30/2022,9938,9.130172
11/30/2022,9939,9.130148
11/30/2022,9940,9.130124
11/30/2022,9941,9.1301
11/30/2022,9942,9.130076
11/30/2022,9943,9.130053
11/30/2022,9944,9.130029
11/30/2022,9945,9.130005
11/30/2022,9946,9.129981
11/30/2022,9947,9.129957
11/30/2022,9948,9.129933
11/30/2022,9949,9.129909
11/30/2022,9950,9.129885
11/30/2022,9951,9.129861
11/30/2022,9952,9.129838
11/30/2022,9953,9.129814
11/30/2022,9954,9.12979
11/30/2022,9955,9.129766
11/30/2022,9956,9.129742
11/30/2022,9957,9.129718
11/30/2022,9958,9.129694
11/30/2022,9959,9.12967
11/30/2022,9960,9.129646
11/30/2022,9961,9.129623
11/30/2022,9962,9.129599
11/30/2022,9963,9.129575
11/30/2022,9964,9.129551
11/30/2022,9965,9.129527
11/30/2022,9966,9.129503
11/30/2022,9967,9.129479
11/30/2022,9968,9.129455
11/30/2022,9969,9.129431
11/30/2022,9970,9.129408
11/30/2022,9971,9.129384
11/30/2022,9972,9.12936
11/30/2022,9973,9.129336
11/30/2022,9974,9.129312
11/30/2022,9975,9.129288
11/30/2022,9976,9.129264
11/30/2022,9977,9.12924
11/30/2022,9978,9.129216
11/30/2022,9979,9.129193
11/30/2022,9980,9.129169
11/30/2022,9981,9.129145
11/30/2022,9982,9.129121
11/30/2022,9983,9.129097
11/30/2022,9984,9.129073
11/30/2022,9985,9.129049
11/30/2022,9986,9.129025
11/30/2022,9987,9.129001
11/30/2022,9988,9.128978
11/30/2022,9989,9.128954
11/30/2022,9990,9.12893
11/30/2022,9991,9.128906
11/30/2022,9992,9.128882
11/30/2022,9993,9.128858
11/30/2022,9994,9.128834
11/30/2022,9995,9.12881
11/30/2022,9996,9.128786
11/30/2022,9997,9.128763
11/30/2022,9998,9.128739
11/30/2022,9999,9.128715
11/30/2022,10000,9.128691
11/30/2022,10001,9.128667
11/30/2022,10002,9.128643
11/30/2022,10003,9.128619
11/30/2022,10004,9.128595
11/30/2022,10005,9.128571
11/30/2022,10006,9.128548
11/30/2022,10007,9.128524
11/30/2022,10008,9.1285
11/30/2022,10009,9.128476
11/30/2022,10010,9.128452
11/30/2022,10011,9.128428
11/30/2022,10012,9.128404
11/30/2022,10013,9.12838
11/30/2022,10014,9.128356
11/30/2022,10015,9.128333
11/30/2022,10016,9.128309
11/30/2022,10017,9.128285
11/30/2022,10018,9.128261
11/30/2022,10019,9.128237
11/30/2022,10020,9.128213
11/30/2022,10021,9.128189
11/30/2022,10022,9.128165
11/30/2022,10023,9.128141
11/30/2022,10024,9.128118
11/30/2022,10025,9.128094
11/30/2022,10026,9.12807
11/30/2022,10027,9.128046
11/30/2022,10028,9.128022
11/30/2022,10029,9.127998
11/30/2022,10030,9.127974
11/30/2022,10031,9.12795
11/30/2022,10032,9.127926
11/30/2022,10033,9.127903
11/30/2022,10034,9.127879
11/30/2022,10035,9.127855
11/30/2022,10036,9.127831
11/30/2022,10037,9.127807
11/30/2022,10038,9.127783
11/30/2022,10039,9.127759
11/30/2022,10040,9.127735
11/30/2022,10041,9.127711
11/30/2022,10042,9.127688
11/30/2022,10043,9.127664
11/30/2022,10044,9.12764
11/30/2022,10045,9.127616
11/30/2022,10046,9.127592
11/30/2022,10047,9.127568
11/30/2022,10048,9.127544
11/30/2022,10049,9.12752
11/30/2022,10050,9.127496
11/30/2022,10051,9.127473
11/30/2022,10052,9.127449
11/30/2022,10053,9.127425
11/30/2022,10054,9.127401
11/30/2022,10055,9.127377
11/30/2022,10056,9.127353
11/30/2022,10057,9.127329
11/30/2022,10058,9.127305
11/30/2022,10059,9.127281
11/30/2022,10060,9.127258
11/30/2022,10061,9.127234
11/30/2022,10062,9.12721
11/30/2022,10063,9.127186
11/30/2022,10064,9.127162
11/30/2022,10065,9.127138
11/30/2022,10066,9.127114
11/30/2022,10067,9.12709
11/30/2022,10068,9.127066
11/30/2022,10069,9.127043
11/30/2022,10070,9.127019
11/30/2022,10071,9.126995
11/30/2022,10072,9.126971
11/30/2022,10073,9.126947
11/30/2022,10074,9.126923
11/30/2022,10075,9.126899
11/30/2022,10076,9.126875
11/30/2022,10077,9.126851
11/30/2022,10078,9.126828
11/30/2022,10079,9.126804
11/30/2022,10080,9.12678
11/30/2022,10081,9.126756
11/30/2022,10082,9.126732
11/30/2022,10083,9.126708
11/30/2022,10084,9.126684
11/30/2022,10085,9.12666
11/30/2022,10086,9.126636
11/30/2022,10087,9.126613
11/30/2022,10088,9.126589
11/30/2022,10089,9.126565
11/30/2022,10090,9.126541
11/30/2022,10091,9.126517
11/30/2022,10092,9.126493
11/30/2022,10093,9.126469
11/30/2022,10094,9.126445
11/30/2022,10095,9.126421
11/30/2022,10096,9.126398
11/30/2022,10097,9.126374
11/30/2022,10098,9.12635
11/30/2022,10099,9.126326
11/30/2022,10100,9.126302
11/30/2022,10101,9.126278
11/30/2022,10102,9.126254
11/30/2022,10103,9.12623
11/30/2022,10104,9.126206
11/30/2022,10105,9.126183
11/30/2022,10106,9.126159
11/30/2022,10107,9.126135
11/30/2022,10108,9.126111
11/30/2022,10109,9.126087
11/30/2022,10110,9.126063
11/30/2022,10111,9.126039
11/30/2022,10112,9.126015
11/30/2022,10113,9.125991
11/30/2022,10114,9.125968
11/30/2022,10115,9.125944
11/30/2022,10116,9.12592
11/30/2022,10117,9.125896
11/30/2022,10118,9.125872
11/30/2022,10119,9.125848
11/30/2022,10120,9.125824
11/30/2022,10121,9.1258
11/30/2022,10122,9.125776
11/30/2022,10123,9.125753
11/30/2022,10124,9.125729
11/30/2022,10125,9.125705
11/30/2022,10126,9.125681
11/30/2022,10127,9.125657
11/30/2022,10128,9.125633
11/30/2022,10129,9.125609
11/30/2022,10130,9.125585
11/30/2022,10131,9.125561
11/30/2022,10132,9.125538
11/30/2022,10133,9.125514
11/30/2022,10134,9.12549
11/30/2022,10135,9.125466
11/30/2022,10136,9.125442
11/30/2022,10137,9.125418
11/30/2022,10138,9.125394
11/30/2022,10139,9.12537
11/30/2022,10140,9.125346
11/30/2022,10141,9.125323
11/30/2022,10142,9.125299
11/30/2022,10143,9.125275
11/30/2022,10144,9.125251
11/30/2022,10145,9.125227
11/30/2022,10146,9.125203
11/30/2022,10147,9.125179
11/30/2022,10148,9.125155
11/30/2022,10149,9.125131
11/30/2022,10150,9.125108
11/30/2022,10151,9.125084
11/30/2022,10152,9.12506
11/30/2022,10153,9.125036
11/30/2022,10154,9.125012
11/30/2022,10155,9.124988
11/30/2022,10156,9.124964
11/30/2022,10157,9.12494
11/30/2022,10158,9.124916
11/30/2022,10159,9.124892
11/30/2022,10160,9.124869
11/30/2022,10161,9.124845
11/30/2022,10162,9.124821
11/30/2022,10163,9.124797
11/30/2022,10164,9.124773
11/30/2022,10165,9.124749
11/30/2022,10166,9.124725
11/30/2022,10167,9.124701
11/30/2022,10168,9.124677
11/30/2022,10169,9.124654
11/30/2022,10170,9.12463
11/30/2022,10171,9.124606
11/30/2022,10172,9.124582
11/30/2022,10173,9.124558
11/30/2022,10174,9.124534
11/30/2022,10175,9.12451
11/30/2022,10176,9.124486
11/30/2022,10177,9.124462
11/30/2022,10178,9.124439
11/30/2022,10179,9.124415
11/30/2022,10180,9.124391
11/30/2022,10181,9.124367
11/30/2022,10182,9.124343
11/30/2022,10183,9.124319
11/30/2022,10184,9.124295
11/30/2022,10185,9.124271
11/30/2022,10186,9.124247
11/30/2022,10187,9.124224
11/30/2022,10188,9.1242
11/30/2022,10189,9.124176
11/30/2022,10190,9.124152
11/30/2022,10191,9.124128
11/30/2022,10192,9.124104
11/30/2022,10193,9.12408
11/30/2022,10194,9.124056
11/30/2022,10195,9.124032
11/30/2022,10196,9.124009
11/30/2022,10197,9.123985
11/30/2022,10198,9.123961
11/30/2022,10199,9.123937
11/30/2022,10200,9.123913
11/30/2022,10201,9.123889
11/30/2022,10202,9.123865
11/30/2022,10203,9.123841
11/30/2022,10204,9.123817
11/30/2022,10205,9.123794
11/30/2022,10206,9.12377
11/30/2022,10207,9.123746
11/30/2022,10208,9.123722
11/30/2022,10209,9.123698
11/30/2022,10210,9.123674
11/30/2022,10211,9.12365
11/30/2022,10212,9.123626
11/30/2022,10213,9.123602
11/30/2022,10214,9.123579
11/30/2022,10215,9.123555
11/30/2022,10216,9.123531
11/30/2022,10217,9.123507
11/30/2022,10218,9.123483
11/30/2022,10219,9.123459
11/30/2022,10220,9.123435
11/30/2022,10221,9.123411
11/30/2022,10222,9.123387
11/30/2022,10223,9.123364
11/30/2022,10224,9.12334
11/30/2022,10225,9.123316
11/30/2022,10226,9.123292
11/30/2022,10227,9.123268
11/30/2022,10228,9.123244
11/30/2022,10229,9.12322
11/30/2022,10230,9.123196
11/30/2022,10231,9.123172
11/30/2022,10232,9.123149
11/30/2022,10233,9.123125
11/30/2022,10234,9.123101
11/30/2022,10235,9.123077
11/30/2022,10236,9.123053
11/30/2022,10237,9.123029
11/30/2022,10238,9.123005
11/30/2022,10239,9.122981
11/30/2022,10240,9.122957
11/30/2022,10241,9.122934
11/30/2022,10242,9.12291
11/30/2022,10243,9.122886
11/30/2022,10244,9.122862
11/30/2022,10245,9.122838
11/30/2022,10246,9.122814
11/30/2022,10247,9.12279
11/30/2022,10248,9.122766
11/30/2022,10249,9.122742
11/30/2022,10250,9.122719
11/30/2022,10251,9.122695
11/30/2022,10252,9.122671
11/30/2022,10253,9.122647
11/30/2022,10254,9.122623
11/30/2022,10255,9.122599
11/30/2022,10256,9.122575
11/30/2022,10257,9.122551
11/30/2022,10258,9.122527
11/30/2022,10259,9.122504
11/30/2022,10260,9.12248
11/30/2022,10261,9.122456
11/30/2022,10262,9.122432
11/30/2022,10263,9.122408
11/30/2022,10264,9.122384
11/30/2022,10265,9.12236
11/30/2022,10266,9.122336
11/30/2022,10267,9.122312
11/30/2022,10268,9.122289
11/30/2022,10269,9.122265
11/30/2022,10270,9.122241
11/30/2022,10271,9.122217
11/30/2022,10272,9.122193
11/30/2022,10273,9.122169
11/30/2022,10274,9.122145
11/30/2022,10275,9.122121
11/30/2022,10276,9.122097
11/30/2022,10277,9.122074
11/30/2022,10278,9.12205
11/30/2022,10279,9.122026
11/30/2022,10280,9.122002
11/30/2022,10281,9.121978
11/30/2022,10282,9.121954
11/30/2022,10283,9.12193
11/30/2022,10284,9.121906
11/30/2022,10285,9.121882
11/30/2022,10286,9.121859
11/30/2022,10287,9.121835
11/30/2022,10288,9.121811
11/30/2022,10289,9.121787
11/30/2022,10290,9.121763
11/30/2022,10291,9.121739
11/30/2022,10292,9.121715
11/30/2022,10293,9.121691
11/30/2022,10294,9.121667
11/30/2022,10295,9.121644
11/30/2022,10296,9.12162
11/30/2022,10297,9.121596
11/30/2022,10298,9.121572
11/30/2022,10299,9.121548
11/30/2022,10300,9.121524
11/30/2022,10301,9.1215
11/30/2022,10302,9.121476
11/30/2022,10303,9.121452
11/30/2022,10304,9.121429
11/30/2022,10305,9.121405
11/30/2022,10306,9.121381
11/30/2022,10307,9.121357
11/30/2022,10308,9.121333
11/30/2022,10309,9.121309
11/30/2022,10310,9.121285
11/30/2022,10311,9.121261
11/30/2022,10312,9.121237
11/30/2022,10313,9.121214
11/30/2022,10314,9.12119
11/30/2022,10315,9.121166
11/30/2022,10316,9.121142
11/30/2022,10317,9.121118
11/30/2022,10318,9.121094
11/30/2022,10319,9.12107
11/30/2022,10320,9.121046
11/30/2022,10321,9.121022
11/30/2022,10322,9.120999
11/30/2022,10323,9.120975
11/30/2022,10324,9.120951
11/30/2022,10325,9.120927
11/30/2022,10326,9.120903
11/30/2022,10327,9.120879
11/30/2022,10328,9.120855
11/30/2022,10329,9.120831
11/30/2022,10330,9.120807
11/30/2022,10331,9.120784
11/30/2022,10332,9.12076
11/30/2022,10333,9.120736
11/30/2022,10334,9.120712
11/30/2022,10335,9.120688
11/30/2022,10336,9.120664
11/30/2022,10337,9.12064
11/30/2022,10338,9.120616
11/30/2022,10339,9.120592
11/30/2022,10340,9.120569
11/30/2022,10341,9.120545
11/30/2022,10342,9.120521
11/30/2022,10343,9.120497
11/30/2022,10344,9.120473
11/30/2022,10345,9.120449
11/30/2022,10346,9.120425
11/30/2022,10347,9.120401
11/30/2022,10348,9.120377
11/30/2022,10349,9.120354
11/30/2022,10350,9.12033
11/30/2022,10351,9.120306
11/30/2022,10352,9.120282
11/30/2022,10353,9.120258
11/30/2022,10354,9.120234
11/30/2022,10355,9.12021
11/30/2022,10356,9.120186
11/30/2022,10357,9.120162
11/30/2022,10358,9.120139
11/30/2022,10359,9.120115
11/30/2022,10360,9.120091
11/30/2022,10361,9.120067
11/30/2022,10362,9.120043
11/30/2022,10363,9.120019
11/30/2022,10364,9.119995
11/30/2022,10365,9.119971
11/30/2022,10366,9.119947
11/30/2022,10367,9.119924
11/30/2022,10368,9.1199
11/30/2022,10369,9.119876
11/30/2022,10370,9.119852
11/30/2022,10371,9.119828
11/30/2022,10372,9.119804
11/30/2022,10373,9.11978
11/30/2022,10374,9.119756
11/30/2022,10375,9.119732
11/30/2022,10376,9.119709
11/30/2022,10377,9.119685
11/30/2022,10378,9.119661
11/30/2022,10379,9.119637
11/30/2022,10380,9.119613
11/30/2022,10381,9.119589
11/30/2022,10382,9.119565
11/30/2022,10383,9.119541
11/30/2022,10384,9.119517
11/30/2022,10385,9.119494
11/30/2022,10386,9.11947
11/30/2022,10387,9.119446
11/30/2022,10388,9.119422
11/30/2022,10389,9.119398
11/30/2022,10390,9.119374
11/30/2022,10391,9.11935
11/30/2022,10392,9.119326
11/30/2022,10393,9.119302
11/30/2022,10394,9.119279
11/30/2022,10395,9.119255
11/30/2022,10396,9.119231
11/30/2022,10397,9.119207
11/30/2022,10398,9.119183
11/30/2022,10399,9.119159
11/30/2022,10400,9.119135
11/30/2022,10401,9.119111
11/30/2022,10402,9.119087
11/30/2022,10403,9.119064
11/30/2022,10404,9.11904
11/30/2022,10405,9.119016
11/30/2022,10406,9.118992
11/30/2022,10407,9.118968
11/30/2022,10408,9.118944
11/30/2022,10409,9.11892
11/30/2022,10410,9.118896
11/30/2022,10411,9.118872
11/30/2022,10412,9.118849
11/30/2022,10413,9.118825
11/30/2022,10414,9.118801
11/30/2022,10415,9.118777
11/30/2022,10416,9.118753
11/30/2022,10417,9.118729
11/30/2022,10418,9.118705
11/30/2022,10419,9.118681
11/30/2022,10420,9.118657
11/30/2022,10421,9.118634
11/30/2022,10422,9.11861
11/30/2022,10423,9.118586
11/30/2022,10424,9.118562
11/30/2022,10425,9.118538
11/30/2022,10426,9.118514
11/30/2022,10427,9.11849
11/30/2022,10428,9.118466
11/30/2022,10429,9.118442
11/30/2022,10430,9.118419
11/30/2022,10431,9.118395
11/30/2022,10432,9.118371
11/30/2022,10433,9.118347
11/30/2022,10434,9.118323
11/30/2022,10435,9.118299
11/30/2022,10436,9.118275
11/30/2022,10437,9.118251
11/30/2022,10438,9.118227
11/30/2022,10439,9.118204
11/30/2022,10440,9.11818
11/30/2022,10441,9.118156
11/30/2022,10442,9.118132
11/30/2022,10443,9.118108
11/30/2022,10444,9.118084
11/30/2022,10445,9.11806
11/30/2022,10446,9.118036
11/30/2022,10447,9.118012
11/30/2022,10448,9.117989
11/30/2022,10449,9.117965
11/30/2022,10450,9.117941
11/30/2022,10451,9.117917
11/30/2022,10452,9.117893
11/30/2022,10453,9.117869
11/30/2022,10454,9.117845
11/30/2022,10455,9.117821
11/30/2022,10456,9.117797
11/30/2022,10457,9.117774
11/30/2022,10458,9.11775
11/30/2022,10459,9.117726
11/30/2022,10460,9.117702
11/30/2022,10461,9.117678
11/30/2022,10462,9.117654
11/30/2022,10463,9.11763
11/30/2022,10464,9.117606
11/30/2022,10465,9.117582
11/30/2022,10466,9.117559
11/30/2022,10467,9.117535
11/30/2022,10468,9.117511
11/30/2022,10469,9.117487
11/30/2022,10470,9.117463
11/30/2022,10471,9.117439
11/30/2022,10472,9.117415
11/30/2022,10473,9.117391
11/30/2022,10474,9.117367
11/30/2022,10475,9.117344
11/30/2022,10476,9.11732
11/30/2022,10477,9.117296
11/30/2022,10478,9.117272
11/30/2022,10479,9.117248
11/30/2022,10480,9.117224
11/30/2022,10481,9.1172
11/30/2022,10482,9.117176
11/30/2022,10483,9.117152
11/30/2022,10484,9.117129
11/30/2022,10485,9.117105
11/30/2022,10486,9.117081
11/30/2022,10487,9.117057
11/30/2022,10488,9.117033
11/30/2022,10489,9.117009
11/30/2022,10490,9.116985
11/30/2022,10491,9.116961
11/30/2022,10492,9.116937
11/30/2022,10493,9.116914
11/30/2022,10494,9.11689
11/30/2022,10495,9.116866
11/30/2022,10496,9.116842
11/30/2022,10497,9.116818
11/30/2022,10498,9.116794
11/30/2022,10499,9.11677
11/30/2022,10500,9.116746
11/30/2022,10501,9.116722
11/30/2022,10502,9.116699
11/30/2022,10503,9.116675
11/30/2022,10504,9.116651
11/30/2022,10505,9.116627
11/30/2022,10506,9.116603
11/30/2022,10507,9.116579
11/30/2022,10508,9.116555
11/30/2022,10509,9.116531
11/30/2022,10510,9.116507
11/30/2022,10511,9.116484
11/30/2022,10512,9.11646
11/30/2022,10513,9.116436
11/30/2022,10514,9.116412
11/30/2022,10515,9.116388
11/30/2022,10516,9.116364
11/30/2022,10517,9.11634
11/30/2022,10518,9.116316
11/30/2022,10519,9.116292
11/30/2022,10520,9.116269
11/30/2022,10521,9.116245
11/30/2022,10522,9.116221
11/30/2022,10523,9.116197
11/30/2022,10524,9.116173
11/30/2022,10525,9.116149
11/30/2022,10526,9.116125
11/30/2022,10527,9.116101
11/30/2022,10528,9.116077
11/30/2022,10529,9.116054
11/30/2022,10530,9.11603
11/30/2022,10531,9.116006
11/30/2022,10532,9.115982
11/30/2022,10533,9.115958
11/30/2022,10534,9.115934
11/30/2022,10535,9.11591
11/30/2022,10536,9.115886
11/30/2022,10537,9.115862
11/30/2022,10538,9.115839
11/30/2022,10539,9.115815
11/30/2022,10540,9.115791
11/30/2022,10541,9.115767
11/30/2022,10542,9.115743
11/30/2022,10543,9.115719
11/30/2022,10544,9.115695
11/30/2022,10545,9.115671
11/30/2022,10546,9.115647
11/30/2022,10547,9.115624
11/30/2022,10548,9.1156
11/30/2022,10549,9.115576
11/30/2022,10550,9.115552
11/30/2022,10551,9.115528
11/30/2022,10552,9.115504
11/30/2022,10553,9.11548
11/30/2022,10554,9.115456
11/30/2022,10555,9.115432
11/30/2022,10556,9.115409
11/30/2022,10557,9.115385
11/30/2022,10558,9.115361
11/30/2022,10559,9.115337
11/30/2022,10560,9.115313
11/30/2022,10561,9.115289
11/30/2022,10562,9.115265
11/30/2022,10563,9.115241
11/30/2022,10564,9.115217
11/30/2022,10565,9.115194
11/30/2022,10566,9.11517
11/30/2022,10567,9.115146
11/30/2022,10568,9.115122
11/30/2022,10569,9.115098
11/30/2022,10570,9.115074
11/30/2022,10571,9.11505
11/30/2022,10572,9.115026
11/30/2022,10573,9.115002
11/30/2022,10574,9.114978
11/30/2022,10575,9.114955
11/30/2022,10576,9.114931
11/30/2022,10577,9.114907
11/30/2022,10578,9.114883
11/30/2022,10579,9.114859
11/30/2022,10580,9.114835
11/30/2022,10581,9.114811
11/30/2022,10582,9.114787
11/30/2022,10583,9.114763
11/30/2022,10584,9.11474
11/30/2022,10585,9.114716
11/30/2022,10586,9.114692
11/30/2022,10587,9.114668
11/30/2022,10588,9.114644
11/30/2022,10589,9.11462
11/30/2022,10590,9.114596
11/30/2022,10591,9.114572
11/30/2022,10592,9.114548
11/30/2022,10593,9.114525
11/30/2022,10594,9.114501
11/30/2022,10595,9.114477
11/30/2022,10596,9.114453
11/30/2022,10597,9.114429
11/30/2022,10598,9.114405
11/30/2022,10599,9.114381
11/30/2022,10600,9.114357
11/30/2022,10601,9.114333
11/30/2022,10602,9.11431
11/30/2022,10603,9.114286
11/30/2022,10604,9.114262
11/30/2022,10605,9.114238
11/30/2022,10606,9.114214
11/30/2022,10607,9.11419
11/30/2022,10608,9.114166
11/30/2022,10609,9.114142
11/30/2022,10610,9.114118
11/30/2022,10611,9.114095
11/30/2022,10612,9.114071
11/30/2022,10613,9.114047
11/30/2022,10614,9.114023
11/30/2022,10615,9.113999
11/30/2022,10616,9.113975
11/30/2022,10617,9.113951
11/30/2022,10618,9.113927
11/30/2022,10619,9.113903
11/30/2022,10620,9.11388
11/30/2022,10621,9.113856
11/30/2022,10622,9.113832
11/30/2022,10623,9.113808
11/30/2022,10624,9.113784
11/30/2022,10625,9.11376
11/30/2022,10626,9.113736
11/30/2022,10627,9.113712
11/30/2022,10628,9.113688
11/30/2022,10629,9.113665
11/30/2022,10630,9.113641
11/30/2022,10631,9.113617
11/30/2022,10632,9.113593
11/30/2022,10633,9.113569
11/30/2022,10634,9.113545
11/30/2022,10635,9.113521
11/30/2022,10636,9.113497
11/30/2022,10637,9.113473
11/30/2022,10638,9.11345
11/30/2022,10639,9.113426
11/30/2022,10640,9.113402
11/30/2022,10641,9.113378
11/30/2022,10642,9.113354
11/30/2022,10643,9.11333
11/30/2022,10644,9.113306
11/30/2022,10645,9.113282
11/30/2022,10646,9.113258
11/30/2022,10647,9.113235
11/30/2022,10648,9.113211
11/30/2022,10649,9.113187
11/30/2022,10650,9.113163
11/30/2022,10651,9.113139
11/30/2022,10652,9.113115
11/30/2022,10653,9.113091
11/30/2022,10654,9.113067
11/30/2022,10655,9.113043
11/30/2022,10656,9.11302
11/30/2022,10657,9.112996
11/30/2022,10658,9.112972
11/30/2022,10659,9.112948
11/30/2022,10660,9.112924
11/30/2022,10661,9.1129
11/30/2022,10662,9.112876
11/30/2022,10663,9.112852
11/30/2022,10664,9.112828
11/30/2022,10665,9.112805
11/30/2022,10666,9.112781
11/30/2022,10667,9.112757
11/30/2022,10668,9.112733
11/30/2022,10669,9.112709
11/30/2022,10670,9.112685
11/30/2022,10671,9.112661
11/30/2022,10672,9.112637
11/30/2022,10673,9.112613
11/30/2022,10674,9.11259
11/30/2022,10675,9.112566
11/30/2022,10676,9.112542
11/30/2022,10677,9.112518
11/30/2022,10678,9.112494
11/30/2022,10679,9.11247
11/30/2022,10680,9.112446
11/30/2022,10681,9.112422
11/30/2022,10682,9.112398
11/30/2022,10683,9.112375
11/30/2022,10684,9.112351
11/30/2022,10685,9.112327
11/30/2022,10686,9.112303
11/30/2022,10687,9.112279
11/30/2022,10688,9.112255
11/30/2022,10689,9.112231
11/30/2022,10690,9.112207
11/30/2022,10691,9.112183
11/30/2022,10692,9.11216
11/30/2022,10693,9.112136
11/30/2022,10694,9.112112
11/30/2022,10695,9.112088
11/30/2022,10696,9.112064
11/30/2022,10697,9.11204
11/30/2022,10698,9.112016
11/30/2022,10699,9.111992
11/30/2022,10700,9.111968
11/30/2022,10701,9.111945
11/30/2022,10702,9.111921
11/30/2022,10703,9.111897
11/30/2022,10704,9.111873
11/30/2022,10705,9.111849
11/30/2022,10706,9.111825
11/30/2022,10707,9.111801
11/30/2022,10708,9.111777
11/30/2022,10709,9.111753
11/30/2022,10710,9.11173
11/30/2022,10711,9.111706
11/30/2022,10712,9.111682
11/30/2022,10713,9.111658
11/30/2022,10714,9.111634
11/30/2022,10715,9.11161
11/30/2022,10716,9.111586
11/30/2022,10717,9.111562
11/30/2022,10718,9.111538
11/30/2022,10719,9.111515
11/30/2022,10720,9.111491
11/30/2022,10721,9.111467
11/30/2022,10722,9.111443
11/30/2022,10723,9.111419
11/30/2022,10724,9.111395
11/30/2022,10725,9.111371
11/30/2022,10726,9.111347
11/30/2022,10727,9.111323
11/30/2022,10728,9.1113
11/30/2022,10729,9.111276
11/30/2022,10730,9.111252
11/30/2022,10731,9.111228
11/30/2022,10732,9.111204
11/30/2022,10733,9.11118
11/30/2022,10734,9.111156
11/30/2022,10735,9.111132
11/30/2022,10736,9.111108
11/30/2022,10737,9.111085
11/30/2022,10738,9.111061
11/30/2022,10739,9.111037
11/30/2022,10740,9.111013
11/30/2022,10741,9.110989
11/30/2022,10742,9.110965
11/30/2022,10743,9.110941
11/30/2022,10744,9.110917
11/30/2022,10745,9.110893
11/30/2022,10746,9.11087
11/30/2022,10747,9.110846
11/30/2022,10748,9.110822
11/30/2022,10749,9.110798
11/30/2022,10750,9.110774
11/30/2022,10751,9.11075
11/30/2022,10752,9.110726
11/30/2022,10753,9.110702
11/30/2022,10754,9.110678
11/30/2022,10755,9.110655
11/30/2022,10756,9.110631
11/30/2022,10757,9.110607
11/30/2022,10758,9.110583
11/30/2022,10759,9.110559
11/30/2022,10760,9.110535
11/30/2022,10761,9.110511
11/30/2022,10762,9.110487
11/30/2022,10763,9.110463
11/30/2022,10764,9.11044
11/30/2022,10765,9.110416
11/30/2022,10766,9.110392
11/30/2022,10767,9.110368
11/30/2022,10768,9.110344
11/30/2022,10769,9.11032
11/30/2022,10770,9.110296
11/30/2022,10771,9.110272
11/30/2022,10772,9.110248
11/30/2022,10773,9.110225
11/30/2022,10774,9.110201
11/30/2022,10775,9.110177
11/30/2022,10776,9.110153
11/30/2022,10777,9.110129
11/30/2022,10778,9.110105
11/30/2022,10779,9.110081
11/30/2022,10780,9.110057
11/30/2022,10781,9.110033
11/30/2022,10782,9.11001
11/30/2022,10783,9.109986
11/30/2022,10784,9.109962
11/30/2022,10785,9.109938
11/30/2022,10786,9.109914
11/30/2022,10787,9.10989
11/30/2022,10788,9.109866
11/30/2022,10789,9.109842
11/30/2022,10790,9.109818
11/30/2022,10791,9.109795
11/30/2022,10792,9.109771
11/30/2022,10793,9.109747
11/30/2022,10794,9.109723
11/30/2022,10795,9.109699
11/30/2022,10796,9.109675
11/30/2022,10797,9.109651
11/30/2022,10798,9.109627
11/30/2022,10799,9.109603
11/30/2022,10800,9.10958
11/30/2022,10801,9.109556
11/30/2022,10802,9.109532
11/30/2022,10803,9.109508
11/30/2022,10804,9.109484
11/30/2022,10805,9.10946
11/30/2022,10806,9.109436
11/30/2022,10807,9.109412
11/30/2022,10808,9.109388
11/30/2022,10809,9.109365
11/30/2022,10810,9.109341
11/30/2022,10811,9.109317
11/30/2022,10812,9.109293
11/30/2022,10813,9.109269
11/30/2022,10814,9.109245
11/30/2022,10815,9.109221
11/30/2022,10816,9.109197
11/30/2022,10817,9.109173
11/30/2022,10818,9.10915
11/30/2022,10819,9.109126
11/30/2022,10820,9.109102
11/30/2022,10821,9.109078
11/30/2022,10822,9.109054
11/30/2022,10823,9.10903
11/30/2022,10824,9.109006
11/30/2022,10825,9.108982
11/30/2022,10826,9.108958
11/30/2022,10827,9.108935
11/30/2022,10828,9.108911
11/30/2022,10829,9.108887
11/30/2022,10830,9.108863
11/30/2022,10831,9.108839
11/30/2022,10832,9.108815
11/30/2022,10833,9.108791
11/30/2022,10834,9.108767
11/30/2022,10835,9.108743
11/30/2022,10836,9.10872
11/30/2022,10837,9.108696
11/30/2022,10838,9.108672
11/30/2022,10839,9.108648
11/30/2022,10840,9.108624
11/30/2022,10841,9.1086
11/30/2022,10842,9.108576
11/30/2022,10843,9.108552
11/30/2022,10844,9.108528
11/30/2022,10845,9.108505
11/30/2022,10846,9.108481
11/30/2022,10847,9.108457
11/30/2022,10848,9.108433
11/30/2022,10849,9.108409
11/30/2022,10850,9.108385
11/30/2022,10851,9.108361
11/30/2022,10852,9.108337
11/30/2022,10853,9.108313
11/30/2022,10854,9.10829
11/30/2022,10855,9.108266
11/30/2022,10856,9.108242
11/30/2022,10857,9.108218
11/30/2022,10858,9.108194
11/30/2022,10859,9.10817
11/30/2022,10860,9.108146
11/30/2022,10861,9.108122
11/30/2022,10862,9.108098
11/30/2022,10863,9.108075
11/30/2022,10864,9.108051
11/30/2022,10865,9.108027
11/30/2022,10866,9.108003
11/30/2022,10867,9.107979
11/30/2022,10868,9.107955
11/30/2022,10869,9.107931
11/30/2022,10870,9.107907
11/30/2022,10871,9.107883
11/30/2022,10872,9.10786
11/30/2022,10873,9.107836
11/30/2022,10874,9.107812
11/30/2022,10875,9.107788
11/30/2022,10876,9.107764
11/30/2022,10877,9.10774
11/30/2022,10878,9.107716
11/30/2022,10879,9.107692
11/30/2022,10880,9.107668
11/30/2022,10881,9.107645
11/30/2022,10882,9.107621
11/30/2022,10883,9.107597
11/30/2022,10884,9.107573
11/30/2022,10885,9.107549
11/30/2022,10886,9.107525
11/30/2022,10887,9.107501
11/30/2022,10888,9.107477
11/30/2022,10889,9.107453
11/30/2022,10890,9.10743
11/30/2022,10891,9.107406
11/30/2022,10892,9.107382
11/30/2022,10893,9.107358
11/30/2022,10894,9.107334
11/30/2022,10895,9.10731
11/30/2022,10896,9.107286
11/30/2022,10897,9.107262
11/30/2022,10898,9.107238
11/30/2022,10899,9.107215
11/30/2022,10900,9.107191
11/30/2022,10901,9.107167
11/30/2022,10902,9.107143
11/30/2022,10903,9.107119
11/30/2022,10904,9.107095
11/30/2022,10905,9.107071
11/30/2022,10906,9.107047
11/30/2022,10907,9.107023
11/30/2022,10908,9.107
11/30/2022,10909,9.106976
11/30/2022,10910,9.106952
11/30/2022,10911,9.106928
11/30/2022,10912,9.106904
11/30/2022,10913,9.10688
11/30/2022,10914,9.106856
11/30/2022,10915,9.106832
11/30/2022,10916,9.106808
11/30/2022,10917,9.106785
11/30/2022,10918,9.106761
11/30/2022,10919,9.106737
11/30/2022,10920,9.106713
11/30/2022,10921,9.106689
11/30/2022,10922,9.106665
11/30/2022,10923,9.106641
11/30/2022,10924,9.106617
11/30/2022,10925,9.106593
11/30/2022,10926,9.10657
11/30/2022,10927,9.106546
11/30/2022,10928,9.106522
11/30/2022,10929,9.106498
11/30/2022,10930,9.106474
11/30/2022,10931,9.10645
11/30/2022,10932,9.106426
11/30/2022,10933,9.106402
11/30/2022,10934,9.106378
11/30/2022,10935,9.106355
11/30/2022,10936,9.106331
11/30/2022,10937,9.106307
11/30/2022,10938,9.106283
11/30/2022,10939,9.106259
11/30/2022,10940,9.106235
11/30/2022,10941,9.106211
11/30/2022,10942,9.106187
11/30/2022,10943,9.106163
11/30/2022,10944,9.10614
11/30/2022,10945,9.106116
11/30/2022,10946,9.106092
11/30/2022,10947,9.106068
11/30/2022,10948,9.106044
11/30/2022,10949,9.10602
11/30/2022,10950,9.105996
11/30/2022,10951,9.105972
11/30/2022,10952,9.105948
11/30/2022,10953,9.105925
11/30/2022,10954,9.105901
11/30/2022,10955,9.105877
11/30/2022,10956,9.105853
11/30/2022,10957,9.105829
11/30/2022,10958,9.105805
11/30/2022,10959,9.105781
11/30/2022,10960,9.105757
11/30/2022,10961,9.105733
11/30/2022,10962,9.10571
11/30/2022,10963,9.105686
11/30/2022,10964,9.105662
11/30/2022,10965,9.105638
11/30/2022,10966,9.105614
11/30/2022,10967,9.10559
11/30/2022,10968,9.105566
11/30/2022,10969,9.105542
11/30/2022,10970,9.105518
11/30/2022,10971,9.105495
11/30/2022,10972,9.105471
11/30/2022,10973,9.105447
11/30/2022,10974,9.105423
11/30/2022,10975,9.105399
11/30/2022,10976,9.105375
11/30/2022,10977,9.105351
11/30/2022,10978,9.105327
11/30/2022,10979,9.105303
11/30/2022,10980,9.10528
11/30/2022,10981,9.105256
11/30/2022,10982,9.105232
11/30/2022,10983,9.105208
11/30/2022,10984,9.105184
11/30/2022,10985,9.10516
11/30/2022,10986,9.105136
11/30/2022,10987,9.105112
11/30/2022,10988,9.105088
11/30/2022,10989,9.105065
11/30/2022,10990,9.105041
11/30/2022,10991,9.105017
11/30/2022,10992,9.104993
11/30/2022,10993,9.104969
11/30/2022,10994,9.104945
11/30/2022,10995,9.104921
11/30/2022,10996,9.104897
11/30/2022,10997,9.104873
11/30/2022,10998,9.104849
11/30/2022,10999,9.104826
11/30/2022,11000,9.104802
11/30/2022,11001,9.104778
11/30/2022,11002,9.104754
11/30/2022,11003,9.10473
11/30/2022,11004,9.104706
11/30/2022,11005,9.104682
11/30/2022,11006,9.104658
11/30/2022,11007,9.104634
11/30/2022,11008,9.104611
11/30/2022,11009,9.104587
11/30/2022,11010,9.104563
11/30/2022,11011,9.104539
11/30/2022,11012,9.104515
11/30/2022,11013,9.104491
11/30/2022,11014,9.104467
11/30/2022,11015,9.104443
11/30/2022,11016,9.104419
11/30/2022,11017,9.104396
11/30/2022,11018,9.104372
11/30/2022,11019,9.104348
11/30/2022,11020,9.104324
11/30/2022,11021,9.1043
11/30/2022,11022,9.104276
11/30/2022,11023,9.104252
11/30/2022,11024,9.104228
11/30/2022,11025,9.104204
11/30/2022,11026,9.104181
11/30/2022,11027,9.104157
11/30/2022,11028,9.104133
11/30/2022,11029,9.104109
11/30/2022,11030,9.104085
11/30/2022,11031,9.104061
11/30/2022,11032,9.104037
11/30/2022,11033,9.104013
11/30/2022,11034,9.103989
11/30/2022,11035,9.103966
11/30/2022,11036,9.103942
11/30/2022,11037,9.103918
11/30/2022,11038,9.103894
11/30/2022,11039,9.10387
11/30/2022,11040,9.103846
11/30/2022,11041,9.103822
11/30/2022,11042,9.103798
11/30/2022,11043,9.103774
11/30/2022,11044,9.103751
11/30/2022,11045,9.103727
11/30/2022,11046,9.103703
11/30/2022,11047,9.103679
11/30/2022,11048,9.103655
11/30/2022,11049,9.103631
11/30/2022,11050,9.103607
11/30/2022,11051,9.103583
11/30/2022,11052,9.103559
11/30/2022,11053,9.103536
11/30/2022,11054,9.103512
11/30/2022,11055,9.103488
11/30/2022,11056,9.103464
11/30/2022,11057,9.10344
11/30/2022,11058,9.103416
11/30/2022,11059,9.103392
11/30/2022,11060,9.103368
11/30/2022,11061,9.103344
11/30/2022,11062,9.103321
11/30/2022,11063,9.103297
11/30/2022,11064,9.103273
11/30/2022,11065,9.103249
11/30/2022,11066,9.103225
11/30/2022,11067,9.103201
11/30/2022,11068,9.103177
11/30/2022,11069,9.103153
11/30/2022,11070,9.103129
11/30/2022,11071,9.103106
11/30/2022,11072,9.103082
11/30/2022,11073,9.103058
11/30/2022,11074,9.103034
11/30/2022,11075,9.10301
11/30/2022,11076,9.102986
11/30/2022,11077,9.102962
11/30/2022,11078,9.102938
11/30/2022,11079,9.102914
11/30/2022,11080,9.102891
11/30/2022,11081,9.102867
11/30/2022,11082,9.102843
11/30/2022,11083,9.102819
11/30/2022,11084,9.102795
11/30/2022,11085,9.102771
11/30/2022,11086,9.102747
11/30/2022,11087,9.102723
11/30/2022,11088,9.102699
11/30/2022,11089,9.102676
11/30/2022,11090,9.102652
11/30/2022,11091,9.102628
11/30/2022,11092,9.102604
11/30/2022,11093,9.10258
11/30/2022,11094,9.102556
11/30/2022,11095,9.102532
11/30/2022,11096,9.102508
11/30/2022,11097,9.102484
11/30/2022,11098,9.102461
11/30/2022,11099,9.102437
11/30/2022,11100,9.102413
11/30/2022,11101,9.102389
11/30/2022,11102,9.102365
11/30/2022,11103,9.102341
11/30/2022,11104,9.102317
11/30/2022,11105,9.102293
11/30/2022,11106,9.102269
11/30/2022,11107,9.102246
11/30/2022,11108,9.102222
11/30/2022,11109,9.102198
11/30/2022,11110,9.102174
11/30/2022,11111,9.10215
11/30/2022,11112,9.102126
11/30/2022,11113,9.102102
11/30/2022,11114,9.102078
11/30/2022,11115,9.102054
11/30/2022,11116,9.102031
11/30/2022,11117,9.102007
11/30/2022,11118,9.101983
11/30/2022,11119,9.101959
11/30/2022,11120,9.101935
11/30/2022,11121,9.101911
11/30/2022,11122,9.101887
11/30/2022,11123,9.101863
11/30/2022,11124,9.101839
11/30/2022,11125,9.101816
11/30/2022,11126,9.101792
11/30/2022,11127,9.101768
11/30/2022,11128,9.101744
11/30/2022,11129,9.10172
11/30/2022,11130,9.101696
11/30/2022,11131,9.101672
11/30/2022,11132,9.101648
11/30/2022,11133,9.101624
11/30/2022,11134,9.101601
11/30/2022,11135,9.101577
11/30/2022,11136,9.101553
11/30/2022,11137,9.101529
11/30/2022,11138,9.101505
11/30/2022,11139,9.101481
11/30/2022,11140,9.101457
11/30/2022,11141,9.101433
11/30/2022,11142,9.101409
11/30/2022,11143,9.101386
11/30/2022,11144,9.101362
11/30/2022,11145,9.101338
11/30/2022,11146,9.101314
11/30/2022,11147,9.10129
11/30/2022,11148,9.101266
11/30/2022,11149,9.101242
11/30/2022,11150,9.101218
11/30/2022,11151,9.101194
11/30/2022,11152,9.101171
11/30/2022,11153,9.101147
11/30/2022,11154,9.101123
11/30/2022,11155,9.101099
11/30/2022,11156,9.101075
11/30/2022,11157,9.101051
11/30/2022,11158,9.101027
11/30/2022,11159,9.101003
11/30/2022,11160,9.100979
11/30/2022,11161,9.100956
11/30/2022,11162,9.100932
11/30/2022,11163,9.100908
11/30/2022,11164,9.100884
11/30/2022,11165,9.10086
11/30/2022,11166,9.100836
11/30/2022,11167,9.100812
11/30/2022,11168,9.100788
11/30/2022,11169,9.100764
11/30/2022,11170,9.100741
11/30/2022,11171,9.100717
11/30/2022,11172,9.100693
11/30/2022,11173,9.100669
11/30/2022,11174,9.100645
11/30/2022,11175,9.100621
11/30/2022,11176,9.100597
11/30/2022,11177,9.100573
11/30/2022,11178,9.100549
11/30/2022,11179,9.100526
11/30/2022,11180,9.100502
11/30/2022,11181,9.100478
11/30/2022,11182,9.100454
11/30/2022,11183,9.10043
11/30/2022,11184,9.100406
11/30/2022,11185,9.100382
11/30/2022,11186,9.100358
11/30/2022,11187,9.100334
11/30/2022,11188,9.100311
11/30/2022,11189,9.100287
11/30/2022,11190,9.100263
11/30/2022,11191,9.100239
11/30/2022,11192,9.100215
11/30/2022,11193,9.100191
11/30/2022,11194,9.100167
11/30/2022,11195,9.100143
11/30/2022,11196,9.100119
11/30/2022,11197,9.100096
11/30/2022,11198,9.100072
11/30/2022,11199,9.100048
11/30/2022,11200,9.100024
11/30/2022,11201,9.1
11/30/2022,11202,9.100031
11/30/2022,11203,9.100062
11/30/2022,11204,9.100093
11/30/2022,11205,9.100124
11/30/2022,11206,9.100155
11/30/2022,11207,9.100186
11/30/2022,11208,9.100217
11/30/2022,11209,9.100248
11/30/2022,11210,9.100279
11/30/2022,11211,9.10031
11/30/2022,11212,9.100341
11/30/2022,11213,9.100372
11/30/2022,11214,9.100403
11/30/2022,11215,9.100433
11/30/2022,11216,9.100464
11/30/2022,11217,9.100495
11/30/2022,11218,9.100526
11/30/2022,11219,9.100557
11/30/2022,11220,9.100588
11/30/2022,11221,9.100619
11/30/2022,11222,9.10065
11/30/2022,11223,9.100681
11/30/2022,11224,9.100712
11/30/2022,11225,9.100743
11/30/2022,11226,9.100774
11/30/2022,11227,9.100805
11/30/2022,11228,9.100836
11/30/2022,11229,9.100867
11/30/2022,11230,9.100898
11/30/2022,11231,9.100929
11/30/2022,11232,9.10096
11/30/2022,11233,9.100991
11/30/2022,11234,9.101022
11/30/2022,11235,9.101053
11/30/2022,11236,9.101084
11/30/2022,11237,9.101115
11/30/2022,11238,9.101146
11/30/2022,11239,9.101177
11/30/2022,11240,9.101208
11/30/2022,11241,9.101239
11/30/2022,11242,9.101269
11/30/2022,11243,9.1013
11/30/2022,11244,9.101331
11/30/2022,11245,9.101362
11/30/2022,11246,9.101393
11/30/2022,11247,9.101424
11/30/2022,11248,9.101455
11/30/2022,11249,9.101486
11/30/2022,11250,9.101517
11/30/2022,11251,9.101548
11/30/2022,11252,9.101579
11/30/2022,11253,9.10161
11/30/2022,11254,9.101641
11/30/2022,11255,9.101672
11/30/2022,11256,9.101703
11/30/2022,11257,9.101734
11/30/2022,11258,9.101765
11/30/2022,11259,9.101796
11/30/2022,11260,9.101827
11/30/2022,11261,9.101858
11/30/2022,11262,9.101889
11/30/2022,11263,9.10192
11/30/2022,11264,9.101951
11/30/2022,11265,9.101982
11/30/2022,11266,9.102013
11/30/2022,11267,9.102044
11/30/2022,11268,9.102074
11/30/2022,11269,9.102105
11/30/2022,11270,9.102136
11/30/2022,11271,9.102167
11/30/2022,11272,9.102198
11/30/2022,11273,9.102229
11/30/2022,11274,9.10226
11/30/2022,11275,9.102291
11/30/2022,11276,9.102322
11/30/2022,11277,9.102353
11/30/2022,11278,9.102384
11/30/2022,11279,9.102415
11/30/2022,11280,9.102446
11/30/2022,11281,9.102477
11/30/2022,11282,9.102508
11/30/2022,11283,9.102539
11/30/2022,11284,9.10257
11/30/2022,11285,9.102601
11/30/2022,11286,9.102632
11/30/2022,11287,9.102663
11/30/2022,11288,9.102694
11/30/2022,11289,9.102725
11/30/2022,11290,9.102756
11/30/2022,11291,9.102787
11/30/2022,11292,9.102818
11/30/2022,11293,9.102849
11/30/2022,11294,9.10288
11/30/2022,11295,9.10291
11/30/2022,11296,9.102941
11/30/2022,11297,9.102972
11/30/2022,11298,9.103003
11/30/2022,11299,9.103034
11/30/2022,11300,9.103065
11/30/2022,11301,9.103096
11/30/2022,11302,9.103127
11/30/2022,11303,9.103158
11/30/2022,11304,9.103189
11/30/2022,11305,9.10322
11/30/2022,11306,9.103251
11/30/2022,11307,9.103282
11/30/2022,11308,9.103313
11/30/2022,11309,9.103344
11/30/2022,11310,9.103375
11/30/2022,11311,9.103406
11/30/2022,11312,9.103437
11/30/2022,11313,9.103468
11/30/2022,11314,9.103499
11/30/2022,11315,9.10353
11/30/2022,11316,9.103561
11/30/2022,11317,9.103592
11/30/2022,11318,9.103623
11/30/2022,11319,9.103654
11/30/2022,11320,9.103685
11/30/2022,11321,9.103716
11/30/2022,11322,9.103746
11/30/2022,11323,9.103777
11/30/2022,11324,9.103808
11/30/2022,11325,9.103839
11/30/2022,11326,9.10387
11/30/2022,11327,9.103901
11/30/2022,11328,9.103932
11/30/2022,11329,9.103963
11/30/2022,11330,9.103994
11/30/2022,11331,9.104025
11/30/2022,11332,9.104056
11/30/2022,11333,9.104087
11/30/2022,11334,9.104118
11/30/2022,11335,9.104149
11/30/2022,11336,9.10418
11/30/2022,11337,9.104211
11/30/2022,11338,9.104242
11/30/2022,11339,9.104273
11/30/2022,11340,9.104304
11/30/2022,11341,9.104335
11/30/2022,11342,9.104366
11/30/2022,11343,9.104397
11/30/2022,11344,9.104428
11/30/2022,11345,9.104459
11/30/2022,11346,9.10449
11/30/2022,11347,9.104521
11/30/2022,11348,9.104551
11/30/2022,11349,9.104582
11/30/2022,11350,9.104613
11/30/2022,11351,9.104644
11/30/2022,11352,9.104675
11/30/2022,11353,9.104706
11/30/2022,11354,9.104737
11/30/2022,11355,9.104768
11/30/2022,11356,9.104799
11/30/2022,11357,9.10483
11/30/2022,11358,9.104861
11/30/2022,11359,9.104892
11/30/2022,11360,9.104923
11/30/2022,11361,9.104954
11/30/2022,11362,9.104985
11/30/2022,11363,9.105016
11/30/2022,11364,9.105047
11/30/2022,11365,9.105078
11/30/2022,11366,9.105109
11/30/2022,11367,9.10514
11/30/2022,11368,9.105171
11/30/2022,11369,9.105202
11/30/2022,11370,9.105233
11/30/2022,11371,9.105264
11/30/2022,11372,9.105295
11/30/2022,11373,9.105326
11/30/2022,11374,9.105357
11/30/2022,11375,9.105387
11/30/2022,11376,9.105418
11/30/2022,11377,9.105449
11/30/2022,11378,9.10548
11/30/2022,11379,9.105511
11/30/2022,11380,9.105542
11/30/2022,11381,9.105573
11/30/2022,11382,9.105604
11/30/2022,11383,9.105635
11/30/2022,11384,9.105666
11/30/2022,11385,9.105697
11/30/2022,11386,9.105728
11/30/2022,11387,9.105759
11/30/2022,11388,9.10579
11/30/2022,11389,9.105821
11/30/2022,11390,9.105852
11/30/2022,11391,9.105883
11/30/2022,11392,9.105914
11/30/2022,11393,9.105945
11/30/2022,11394,9.105976
11/30/2022,11395,9.106007
11/30/2022,11396,9.106038
11/30/2022,11397,9.106069
11/30/2022,11398,9.1061
11/30/2022,11399,9.106131
11/30/2022,11400,9.106162
11/30/2022,11401,9.106193
11/30/2022,11402,9.106223
11/30/2022,11403,9.106254
11/30/2022,11404,9.106285
11/30/2022,11405,9.106316
11/30/2022,11406,9.106347
11/30/2022,11407,9.106378
11/30/2022,11408,9.106409
11/30/2022,11409,9.10644
11/30/2022,11410,9.106471
11/30/2022,11411,9.106502
11/30/2022,11412,9.106533
11/30/2022,11413,9.106564
11/30/2022,11414,9.106595
11/30/2022,11415,9.106626
11/30/2022,11416,9.106657
11/30/2022,11417,9.106688
11/30/2022,11418,9.106719
11/30/2022,11419,9.10675
11/30/2022,11420,9.106781
11/30/2022,11421,9.106812
11/30/2022,11422,9.106843
11/30/2022,11423,9.106874
11/30/2022,11424,9.106905
11/30/2022,11425,9.106936
11/30/2022,11426,9.106967
11/30/2022,11427,9.106998
11/30/2022,11428,9.107028
11/30/2022,11429,9.107059
11/30/2022,11430,9.10709
11/30/2022,11431,9.107121
11/30/2022,11432,9.107152
11/30/2022,11433,9.107183
11/30/2022,11434,9.107214
11/30/2022,11435,9.107245
11/30/2022,11436,9.107276
11/30/2022,11437,9.107307
11/30/2022,11438,9.107338
11/30/2022,11439,9.107369
11/30/2022,11440,9.1074
11/30/2022,11441,9.107431
11/30/2022,11442,9.107462
11/30/2022,11443,9.107493
11/30/2022,11444,9.107524
11/30/2022,11445,9.107555
11/30/2022,11446,9.107586
11/30/2022,11447,9.107617
11/30/2022,11448,9.107648
11/30/2022,11449,9.107679
11/30/2022,11450,9.10771
11/30/2022,11451,9.107741
11/30/2022,11452,9.107772
11/30/2022,11453,9.107803
11/30/2022,11454,9.107834
11/30/2022,11455,9.107864
11/30/2022,11456,9.107895
11/30/2022,11457,9.107926
11/30/2022,11458,9.107957
11/30/2022,11459,9.107988
11/30/2022,11460,9.108019
11/30/2022,11461,9.10805
11/30/2022,11462,9.108081
11/30/2022,11463,9.108112
11/30/2022,11464,9.108143
11/30/2022,11465,9.108174
11/30/2022,11466,9.108205
11/30/2022,11467,9.108236
11/30/2022,11468,9.108267
11/30/2022,11469,9.108298
11/30/2022,11470,9.108329
11/30/2022,11471,9.10836
11/30/2022,11472,9.108391
11/30/2022,11473,9.108422
11/30/2022,11474,9.108453
11/30/2022,11475,9.108484
11/30/2022,11476,9.108515
11/30/2022,11477,9.108546
11/30/2022,11478,9.108577
11/30/2022,11479,9.108608
11/30/2022,11480,9.108639
11/30/2022,11481,9.10867
11/30/2022,11482,9.1087
11/30/2022,11483,9.108731
11/30/2022,11484,9.108762
11/30/2022,11485,9.108793
11/30/2022,11486,9.108824
11/30/2022,11487,9.108855
11/30/2022,11488,9.108886
11/30/2022,11489,9.108917
11/30/2022,11490,9.108948
11/30/2022,11491,9.108979
11/30/2022,11492,9.10901
11/30/2022,11493,9.109041
11/30/2022,11494,9.109072
11/30/2022,11495,9.109103
11/30/2022,11496,9.109134
11/30/2022,11497,9.109165
11/30/2022,11498,9.109196
11/30/2022,11499,9.109227
11/30/2022,11500,9.109258
11/30/2022,11501,9.109289
11/30/2022,11502,9.10932
11/30/2022,11503,9.109351
11/30/2022,11504,9.109382
11/30/2022,11505,9.109413
11/30/2022,11506,9.109444
11/30/2022,11507,9.109475
11/30/2022,11508,9.109505
11/30/2022,11509,9.109536
11/30/2022,11510,9.109567
11/30/2022,11511,9.109598
11/30/2022,11512,9.109629
11/30/2022,11513,9.10966
11/30/2022,11514,9.109691
11/30/2022,11515,9.109722
11/30/2022,11516,9.109753
11/30/2022,11517,9.109784
11/30/2022,11518,9.109815
11/30/2022,11519,9.109846
11/30/2022,11520,9.109877
11/30/2022,11521,9.109908
11/30/2022,11522,9.109939
11/30/2022,11523,9.10997
11/30/2022,11524,9.110001
11/30/2022,11525,9.110032
11/30/2022,11526,9.110063
11/30/2022,11527,9.110094
11/30/2022,11528,9.110125
11/30/2022,11529,9.110156
11/30/2022,11530,9.110187
11/30/2022,11531,9.110218
11/30/2022,11532,9.110249
11/30/2022,11533,9.11028
11/30/2022,11534,9.110311
11/30/2022,11535,9.110341
11/30/2022,11536,9.110372
11/30/2022,11537,9.110403
11/30/2022,11538,9.110434
11/30/2022,11539,9.110465
11/30/2022,11540,9.110496
11/30/2022,11541,9.110527
11/30/2022,11542,9.110558
11/30/2022,11543,9.110589
11/30/2022,11544,9.11062
11/30/2022,11545,9.110651
11/30/2022,11546,9.110682
11/30/2022,11547,9.110713
11/30/2022,11548,9.110744
11/30/2022,11549,9.110775
11/30/2022,11550,9.110806
11/30/2022,11551,9.110837
11/30/2022,11552,9.110868
11/30/2022,11553,9.110899
11/30/2022,11554,9.11093
11/30/2022,11555,9.110961
11/30/2022,11556,9.110992
11/30/2022,11557,9.111023
11/30/2022,11558,9.111054
11/30/2022,11559,9.111085
11/30/2022,11560,9.111116
11/30/2022,11561,9.111147
11/30/2022,11562,9.111177
11/30/2022,11563,9.111208
11/30/2022,11564,9.111239
11/30/2022,11565,9.11127
11/30/2022,11566,9.111301
11/30/2022,11567,9.111332
11/30/2022,11568,9.111363
11/30/2022,11569,9.111394
11/30/2022,11570,9.111425
11/30/2022,11571,9.111456
11/30/2022,11572,9.111487
11/30/2022,11573,9.111518
11/30/2022,11574,9.111549
11/30/2022,11575,9.11158
11/30/2022,11576,9.111611
11/30/2022,11577,9.111642
11/30/2022,11578,9.111673
11/30/2022,11579,9.111704
11/30/2022,11580,9.111735
11/30/2022,11581,9.111766
11/30/2022,11582,9.111797
11/30/2022,11583,9.111828
11/30/2022,11584,9.111859
11/30/2022,11585,9.11189
11/30/2022,11586,9.111921
11/30/2022,11587,9.111952
11/30/2022,11588,9.111982
11/30/2022,11589,9.112013
11/30/2022,11590,9.112044
11/30/2022,11591,9.112075
11/30/2022,11592,9.112106
11/30/2022,11593,9.112137
11/30/2022,11594,9.112168
11/30/2022,11595,9.112199
11/30/2022,11596,9.11223
11/30/2022,11597,9.112261
11/30/2022,11598,9.112292
11/30/2022,11599,9.112323
11/30/2022,11600,9.112354
11/30/2022,11601,9.112385
11/30/2022,11602,9.112416
11/30/2022,11603,9.112447
11/30/2022,11604,9.112478
11/30/2022,11605,9.112509
11/30/2022,11606,9.11254
11/30/2022,11607,9.112571
11/30/2022,11608,9.112602
11/30/2022,11609,9.112633
11/30/2022,11610,9.112664
11/30/2022,11611,9.112695
11/30/2022,11612,9.112726
11/30/2022,11613,9.112757
11/30/2022,11614,9.112788
11/30/2022,11615,9.112818
11/30/2022,11616,9.112849
11/30/2022,11617,9.11288
11/30/2022,11618,9.112911
11/30/2022,11619,9.112942
11/30/2022,11620,9.112973
11/30/2022,11621,9.113004
11/30/2022,11622,9.113035
11/30/2022,11623,9.113066
11/30/2022,11624,9.113097
11/30/2022,11625,9.113128
11/30/2022,11626,9.113159
11/30/2022,11627,9.11319
11/30/2022,11628,9.113221
11/30/2022,11629,9.113252
11/30/2022,11630,9.113283
11/30/2022,11631,9.113314
11/30/2022,11632,9.113345
11/30/2022,11633,9.113376
11/30/2022,11634,9.113407
11/30/2022,11635,9.113438
11/30/2022,11636,9.113469
11/30/2022,11637,9.1135
11/30/2022,11638,9.113531
11/30/2022,11639,9.113562
11/30/2022,11640,9.113593
11/30/2022,11641,9.113624
11/30/2022,11642,9.113654
11/30/2022,11643,9.113685
11/30/2022,11644,9.113716
11/30/2022,11645,9.113747
11/30/2022,11646,9.113778
11/30/2022,11647,9.113809
11/30/2022,11648,9.11384
11/30/2022,11649,9.113871
11/30/2022,11650,9.113902
11/30/2022,11651,9.113933
11/30/2022,11652,9.113964
11/30/2022,11653,9.113995
11/30/2022,11654,9.114026
11/30/2022,11655,9.114057
11/30/2022,11656,9.114088
11/30/2022,11657,9.114119
11/30/2022,11658,9.11415
11/30/2022,11659,9.114181
11/30/2022,11660,9.114212
11/30/2022,11661,9.114243
11/30/2022,11662,9.114274
11/30/2022,11663,9.114305
11/30/2022,11664,9.114336
11/30/2022,11665,9.114367
11/30/2022,11666,9.114398
11/30/2022,11667,9.114429
11/30/2022,11668,9.114459
11/30/2022,11669,9.11449
11/30/2022,11670,9.114521
11/30/2022,11671,9.114552
11/30/2022,11672,9.114583
11/30/2022,11673,9.114614
11/30/2022,11674,9.114645
11/30/2022,11675,9.114676
11/30/2022,11676,9.114707
11/30/2022,11677,9.114738
11/30/2022,11678,9.114769
11/30/2022,11679,9.1148
11/30/2022,11680,9.114831
11/30/2022,11681,9.114862
11/30/2022,11682,9.114893
11/30/2022,11683,9.114924
11/30/2022,11684,9.114955
11/30/2022,11685,9.114986
11/30/2022,11686,9.115017
11/30/2022,11687,9.115048
11/30/2022,11688,9.115079
11/30/2022,11689,9.11511
11/30/2022,11690,9.115141
11/30/2022,11691,9.115172
11/30/2022,11692,9.115203
11/30/2022,11693,9.115234
11/30/2022,11694,9.115265
11/30/2022,11695,9.115295
11/30/2022,11696,9.115326
11/30/2022,11697,9.115357
11/30/2022,11698,9.115388
11/30/2022,11699,9.115419
11/30/2022,11700,9.11545
11/30/2022,11701,9.115481
11/30/2022,11702,9.115512
11/30/2022,11703,9.115543
11/30/2022,11704,9.115574
11/30/2022,11705,9.115605
11/30/2022,11706,9.115636
11/30/2022,11707,9.115667
11/30/2022,11708,9.115698
11/30/2022,11709,9.115729
11/30/2022,11710,9.11576
11/30/2022,11711,9.115791
11/30/2022,11712,9.115822
11/30/2022,11713,9.115853
11/30/2022,11714,9.115884
11/30/2022,11715,9.115915
11/30/2022,11716,9.115946
11/30/2022,11717,9.115977
11/30/2022,11718,9.116008
11/30/2022,11719,9.116039
11/30/2022,11720,9.11607
11/30/2022,11721,9.116101
11/30/2022,11722,9.116131
11/30/2022,11723,9.116162
11/30/2022,11724,9.116193
11/30/2022,11725,9.116224
11/30/2022,11726,9.116255
11/30/2022,11727,9.116286
11/30/2022,11728,9.116317
11/30/2022,11729,9.116348
11/30/2022,11730,9.116379
11/30/2022,11731,9.11641
11/30/2022,11732,9.116441
11/30/2022,11733,9.116472
11/30/2022,11734,9.116503
11/30/2022,11735,9.116534
11/30/2022,11736,9.116565
11/30/2022,11737,9.116596
11/30/2022,11738,9.116627
11/30/2022,11739,9.116658
11/30/2022,11740,9.116689
11/30/2022,11741,9.11672
11/30/2022,11742,9.116751
11/30/2022,11743,9.116782
11/30/2022,11744,9.116813
11/30/2022,11745,9.116844
11/30/2022,11746,9.116875
11/30/2022,11747,9.116906
11/30/2022,11748,9.116936
11/30/2022,11749,9.116967
11/30/2022,11750,9.116998
11/30/2022,11751,9.117029
11/30/2022,11752,9.11706
11/30/2022,11753,9.117091
11/30/2022,11754,9.117122
11/30/2022,11755,9.117153
11/30/2022,11756,9.117184
11/30/2022,11757,9.117215
11/30/2022,11758,9.117246
11/30/2022,11759,9.117277
11/30/2022,11760,9.117308
11/30/2022,11761,9.117339
11/30/2022,11762,9.11737
11/30/2022,11763,9.117401
11/30/2022,11764,9.117432
11/30/2022,11765,9.117463
11/30/2022,11766,9.117494
11/30/2022,11767,9.117525
11/30/2022,11768,9.117556
11/30/2022,11769,9.117587
11/30/2022,11770,9.117618
11/30/2022,11771,9.117649
11/30/2022,11772,9.11768
11/30/2022,11773,9.117711
11/30/2022,11774,9.117742
11/30/2022,11775,9.117772
11/30/2022,11776,9.117803
11/30/2022,11777,9.117834
11/30/2022,11778,9.117865
11/30/2022,11779,9.117896
11/30/2022,11780,9.117927
11/30/2022,11781,9.117958
11/30/2022,11782,9.117989
11/30/2022,11783,9.11802
11/30/2022,11784,9.118051
11/30/2022,11785,9.118082
11/30/2022,11786,9.118113
11/30/2022,11787,9.118144
11/30/2022,11788,9.118175
11/30/2022,11789,9.118206
11/30/2022,11790,9.118237
11/30/2022,11791,9.118268
11/30/2022,11792,9.118299
11/30/2022,11793,9.11833
11/30/2022,11794,9.118361
11/30/2022,11795,9.118392
11/30/2022,11796,9.118423
11/30/2022,11797,9.118454
11/30/2022,11798,9.118485
11/30/2022,11799,9.118516
11/30/2022,11800,9.118547
11/30/2022,11801,9.118578
11/30/2022,11802,9.118608
11/30/2022,11803,9.118639
11/30/2022,11804,9.11867
11/30/2022,11805,9.118701
11/30/2022,11806,9.118732
11/30/2022,11807,9.118763
11/30/2022,11808,9.118794
11/30/2022,11809,9.118825
11/30/2022,11810,9.118856
11/30/2022,11811,9.118887
11/30/2022,11812,9.118918
11/30/2022,11813,9.118949
11/30/2022,11814,9.11898
11/30/2022,11815,9.119011
11/30/2022,11816,9.119042
11/30/2022,11817,9.119073
11/30/2022,11818,9.119104
11/30/2022,11819,9.119135
11/30/2022,11820,9.119166
11/30/2022,11821,9.119197
11/30/2022,11822,9.119228
11/30/2022,11823,9.119259
11/30/2022,11824,9.11929
11/30/2022,11825,9.119321
11/30/2022,11826,9.119352
11/30/2022,11827,9.119383
11/30/2022,11828,9.119413
11/30/2022,11829,9.119444
11/30/2022,11830,9.119475
11/30/2022,11831,9.119506
11/30/2022,11832,9.119537
11/30/2022,11833,9.119568
11/30/2022,11834,9.119599
11/30/2022,11835,9.11963
11/30/2022,11836,9.119661
11/30/2022,11837,9.119692
11/30/2022,11838,9.119723
11/30/2022,11839,9.119754
11/30/2022,11840,9.119785
