FECHA,PLAZO,VALOR
2/28/2022,1,6.112025
2/28/2022,2,6.115405
2/28/2022,3,6.118785
2/28/2022,4,6.122165
2/28/2022,5,6.125544
2/28/2022,6,6.128924
2/28/2022,7,6.132304
2/28/2022,8,6.135684
2/28/2022,9,6.139063
2/28/2022,10,6.142443
2/28/2022,11,6.145823
2/28/2022,12,6.149203
2/28/2022,13,6.152582
2/28/2022,14,6.155962
2/28/2022,15,6.159342
2/28/2022,16,6.162722
2/28/2022,17,6.166101
2/28/2022,18,6.169481
2/28/2022,19,6.172861
2/28/2022,20,6.17624
2/28/2022,21,6.17962
2/28/2022,22,6.183
2/28/2022,23,6.18638
2/28/2022,24,6.189759
2/28/2022,25,6.193139
2/28/2022,26,6.196519
2/28/2022,27,6.199899
2/28/2022,28,6.203278
2/28/2022,29,6.206658
2/28/2022,30,6.210038
2/28/2022,31,6.213418
2/28/2022,32,6.216797
2/28/2022,33,6.220177
2/28/2022,34,6.223557
2/28/2022,35,6.226937
2/28/2022,36,6.230316
2/28/2022,37,6.233696
2/28/2022,38,6.237076
2/28/2022,39,6.240456
2/28/2022,40,6.243835
2/28/2022,41,6.247215
2/28/2022,42,6.250595
2/28/2022,43,6.253975
2/28/2022,44,6.257354
2/28/2022,45,6.260734
2/28/2022,46,6.264114
2/28/2022,47,6.267494
2/28/2022,48,6.270873
2/28/2022,49,6.274253
2/28/2022,50,6.277633
2/28/2022,51,6.281013
2/28/2022,52,6.284392
2/28/2022,53,6.287772
2/28/2022,54,6.291152
2/28/2022,55,6.294532
2/28/2022,56,6.297911
2/28/2022,57,6.301291
2/28/2022,58,6.304671
2/28/2022,59,6.308051
2/28/2022,60,6.31143
2/28/2022,61,6.31481
2/28/2022,62,6.31819
2/28/2022,63,6.32157
2/28/2022,64,6.324949
2/28/2022,65,6.328329
2/28/2022,66,6.331709
2/28/2022,67,6.335089
2/28/2022,68,6.338468
2/28/2022,69,6.341848
2/28/2022,70,6.345228
2/28/2022,71,6.348608
2/28/2022,72,6.351987
2/28/2022,73,6.355367
2/28/2022,74,6.358747
2/28/2022,75,6.362127
2/28/2022,76,6.365506
2/28/2022,77,6.368886
2/28/2022,78,6.372266
2/28/2022,79,6.375646
2/28/2022,80,6.379025
2/28/2022,81,6.382405
2/28/2022,82,6.385785
2/28/2022,83,6.389165
2/28/2022,84,6.392544
2/28/2022,85,6.395924
2/28/2022,86,6.399304
2/28/2022,87,6.402684
2/28/2022,88,6.406063
2/28/2022,89,6.409443
2/28/2022,90,6.412823
2/28/2022,91,6.416203
2/28/2022,92,6.419582
2/28/2022,93,6.422962
2/28/2022,94,6.426342
2/28/2022,95,6.429722
2/28/2022,96,6.433101
2/28/2022,97,6.436481
2/28/2022,98,6.439861
2/28/2022,99,6.443241
2/28/2022,100,6.44662
2/28/2022,101,6.45
2/28/2022,102,6.453333
2/28/2022,103,6.456667
2/28/2022,104,6.46
2/28/2022,105,6.463333
2/28/2022,106,6.466667
2/28/2022,107,6.47
2/28/2022,108,6.473333
2/28/2022,109,6.476667
2/28/2022,110,6.48
2/28/2022,111,6.483333
2/28/2022,112,6.486667
2/28/2022,113,6.49
2/28/2022,114,6.493333
2/28/2022,115,6.496667
2/28/2022,116,6.5
2/28/2022,117,6.503333
2/28/2022,118,6.506667
2/28/2022,119,6.51
2/28/2022,120,6.513333
2/28/2022,121,6.516667
2/28/2022,122,6.52
2/28/2022,123,6.523333
2/28/2022,124,6.526667
2/28/2022,125,6.53
2/28/2022,126,6.533333
2/28/2022,127,6.536667
2/28/2022,128,6.54
2/28/2022,129,6.543333
2/28/2022,130,6.546667
2/28/2022,131,6.55
2/28/2022,132,6.553333
2/28/2022,133,6.556667
2/28/2022,134,6.56
2/28/2022,135,6.563333
2/28/2022,136,6.566667
2/28/2022,137,6.57
2/28/2022,138,6.573333
2/28/2022,139,6.576667
2/28/2022,140,6.58
2/28/2022,141,6.583333
2/28/2022,142,6.586667
2/28/2022,143,6.59
2/28/2022,144,6.593333
2/28/2022,145,6.596667
2/28/2022,146,6.6
2/28/2022,147,6.603333
2/28/2022,148,6.606667
2/28/2022,149,6.61
2/28/2022,150,6.613333
2/28/2022,151,6.616667
2/28/2022,152,6.62
2/28/2022,153,6.623333
2/28/2022,154,6.626667
2/28/2022,155,6.63
2/28/2022,156,6.633333
2/28/2022,157,6.636667
2/28/2022,158,6.64
2/28/2022,159,6.643333
2/28/2022,160,6.646667
2/28/2022,161,6.65
2/28/2022,162,6.653333
2/28/2022,163,6.656667
2/28/2022,164,6.66
2/28/2022,165,6.663333
2/28/2022,166,6.666667
2/28/2022,167,6.67
2/28/2022,168,6.673333
2/28/2022,169,6.676667
2/28/2022,170,6.68
2/28/2022,171,6.683333
2/28/2022,172,6.686667
2/28/2022,173,6.69
2/28/2022,174,6.693333
2/28/2022,175,6.696667
2/28/2022,176,6.7
2/28/2022,177,6.703333
2/28/2022,178,6.706667
2/28/2022,179,6.71
2/28/2022,180,6.713333
2/28/2022,181,6.716667
2/28/2022,182,6.72
2/28/2022,183,6.723333
2/28/2022,184,6.726667
2/28/2022,185,6.73
2/28/2022,186,6.733333
2/28/2022,187,6.736667
2/28/2022,188,6.74
2/28/2022,189,6.743333
2/28/2022,190,6.746667
2/28/2022,191,6.75
2/28/2022,192,6.753333
2/28/2022,193,6.756667
2/28/2022,194,6.76
2/28/2022,195,6.763333
2/28/2022,196,6.766667
2/28/2022,197,6.77
2/28/2022,198,6.773333
2/28/2022,199,6.776667
2/28/2022,200,6.78
2/28/2022,201,6.783333
2/28/2022,202,6.786667
2/28/2022,203,6.79
2/28/2022,204,6.793333
2/28/2022,205,6.796667
2/28/2022,206,6.8
2/28/2022,207,6.803333
2/28/2022,208,6.806667
2/28/2022,209,6.81
2/28/2022,210,6.813333
2/28/2022,211,6.816667
2/28/2022,212,6.82
2/28/2022,213,6.823333
2/28/2022,214,6.826667
2/28/2022,215,6.83
2/28/2022,216,6.833333
2/28/2022,217,6.836667
2/28/2022,218,6.84
2/28/2022,219,6.843333
2/28/2022,220,6.846667
2/28/2022,221,6.85
2/28/2022,222,6.853333
2/28/2022,223,6.856667
2/28/2022,224,6.86
2/28/2022,225,6.863333
2/28/2022,226,6.866667
2/28/2022,227,6.87
2/28/2022,228,6.873333
2/28/2022,229,6.876667
2/28/2022,230,6.88
2/28/2022,231,6.883333
2/28/2022,232,6.886667
2/28/2022,233,6.89
2/28/2022,234,6.893333
2/28/2022,235,6.896667
2/28/2022,236,6.9
2/28/2022,237,6.903333
2/28/2022,238,6.906667
2/28/2022,239,6.91
2/28/2022,240,6.913333
2/28/2022,241,6.916667
2/28/2022,242,6.92
2/28/2022,243,6.923333
2/28/2022,244,6.926667
2/28/2022,245,6.93
2/28/2022,246,6.933333
2/28/2022,247,6.936667
2/28/2022,248,6.94
2/28/2022,249,6.943333
2/28/2022,250,6.946667
2/28/2022,251,6.95
2/28/2022,252,6.953333
2/28/2022,253,6.956667
2/28/2022,254,6.96
2/28/2022,255,6.963333
2/28/2022,256,6.966667
2/28/2022,257,6.97
2/28/2022,258,6.973333
2/28/2022,259,6.976667
2/28/2022,260,6.98
2/28/2022,261,6.983333
2/28/2022,262,6.986667
2/28/2022,263,6.99
2/28/2022,264,6.993333
2/28/2022,265,6.996667
2/28/2022,266,7
2/28/2022,267,7.003333
2/28/2022,268,7.006667
2/28/2022,269,7.01
2/28/2022,270,7.013333
2/28/2022,271,7.016667
2/28/2022,272,7.02
2/28/2022,273,7.023333
2/28/2022,274,7.026667
2/28/2022,275,7.03
2/28/2022,276,7.033333
2/28/2022,277,7.036667
2/28/2022,278,7.04
2/28/2022,279,7.043333
2/28/2022,280,7.046667
2/28/2022,281,7.05
2/28/2022,282,7.053333
2/28/2022,283,7.056667
2/28/2022,284,7.06
2/28/2022,285,7.063333
2/28/2022,286,7.066667
2/28/2022,287,7.07
2/28/2022,288,7.073333
2/28/2022,289,7.076667
2/28/2022,290,7.08
2/28/2022,291,7.083333
2/28/2022,292,7.086667
2/28/2022,293,7.09
2/28/2022,294,7.093333
2/28/2022,295,7.096667
2/28/2022,296,7.1
2/28/2022,297,7.103333
2/28/2022,298,7.106667
2/28/2022,299,7.11
2/28/2022,300,7.113333
2/28/2022,301,7.116667
2/28/2022,302,7.12
2/28/2022,303,7.123333
2/28/2022,304,7.126667
2/28/2022,305,7.13
2/28/2022,306,7.133333
2/28/2022,307,7.136667
2/28/2022,308,7.14
2/28/2022,309,7.143333
2/28/2022,310,7.146667
2/28/2022,311,7.15
2/28/2022,312,7.153333
2/28/2022,313,7.156667
2/28/2022,314,7.16
2/28/2022,315,7.163333
2/28/2022,316,7.166667
2/28/2022,317,7.17
2/28/2022,318,7.173333
2/28/2022,319,7.176667
2/28/2022,320,7.18
2/28/2022,321,7.183333
2/28/2022,322,7.186667
2/28/2022,323,7.19
2/28/2022,324,7.193333
2/28/2022,325,7.196667
2/28/2022,326,7.2
2/28/2022,327,7.203333
2/28/2022,328,7.206667
2/28/2022,329,7.21
2/28/2022,330,7.213333
2/28/2022,331,7.216667
2/28/2022,332,7.22
2/28/2022,333,7.223333
2/28/2022,334,7.226667
2/28/2022,335,7.23
2/28/2022,336,7.233333
2/28/2022,337,7.236667
2/28/2022,338,7.24
2/28/2022,339,7.243333
2/28/2022,340,7.246667
2/28/2022,341,7.25
2/28/2022,342,7.253333
2/28/2022,343,7.256667
2/28/2022,344,7.26
2/28/2022,345,7.263333
2/28/2022,346,7.266667
2/28/2022,347,7.27
2/28/2022,348,7.273333
2/28/2022,349,7.276667
2/28/2022,350,7.28
2/28/2022,351,7.283333
2/28/2022,352,7.286667
2/28/2022,353,7.29
2/28/2022,354,7.293333
2/28/2022,355,7.296667
2/28/2022,356,7.3
2/28/2022,357,7.303333
2/28/2022,358,7.306667
2/28/2022,359,7.31
2/28/2022,360,7.313333
2/28/2022,361,7.316667
2/28/2022,362,7.32
2/28/2022,363,7.323333
2/28/2022,364,7.326667
2/28/2022,365,7.33
2/28/2022,366,7.333333
2/28/2022,367,7.336667
2/28/2022,368,7.34
2/28/2022,369,7.343333
2/28/2022,370,7.346667
2/28/2022,371,7.35
2/28/2022,372,7.353333
2/28/2022,373,7.356667
2/28/2022,374,7.36
2/28/2022,375,7.361209
2/28/2022,376,7.362418
2/28/2022,377,7.363626
2/28/2022,378,7.364835
2/28/2022,379,7.366044
2/28/2022,380,7.367253
2/28/2022,381,7.368462
2/28/2022,382,7.36967
2/28/2022,383,7.370879
2/28/2022,384,7.372088
2/28/2022,385,7.373297
2/28/2022,386,7.374505
2/28/2022,387,7.375714
2/28/2022,388,7.376923
2/28/2022,389,7.378132
2/28/2022,390,7.379341
2/28/2022,391,7.380549
2/28/2022,392,7.381758
2/28/2022,393,7.382967
2/28/2022,394,7.384176
2/28/2022,395,7.385385
2/28/2022,396,7.386593
2/28/2022,397,7.387802
2/28/2022,398,7.389011
2/28/2022,399,7.39022
2/28/2022,400,7.391429
2/28/2022,401,7.392637
2/28/2022,402,7.393846
2/28/2022,403,7.395055
2/28/2022,404,7.396264
2/28/2022,405,7.397473
2/28/2022,406,7.398681
2/28/2022,407,7.39989
2/28/2022,408,7.401099
2/28/2022,409,7.402308
2/28/2022,410,7.403516
2/28/2022,411,7.404725
2/28/2022,412,7.405934
2/28/2022,413,7.407143
2/28/2022,414,7.408352
2/28/2022,415,7.40956
2/28/2022,416,7.410769
2/28/2022,417,7.411978
2/28/2022,418,7.413187
2/28/2022,419,7.414396
2/28/2022,420,7.415604
2/28/2022,421,7.416813
2/28/2022,422,7.418022
2/28/2022,423,7.419231
2/28/2022,424,7.42044
2/28/2022,425,7.421648
2/28/2022,426,7.422857
2/28/2022,427,7.424066
2/28/2022,428,7.425275
2/28/2022,429,7.426484
2/28/2022,430,7.427692
2/28/2022,431,7.428901
2/28/2022,432,7.43011
2/28/2022,433,7.431319
2/28/2022,434,7.432527
2/28/2022,435,7.433736
2/28/2022,436,7.434945
2/28/2022,437,7.436154
2/28/2022,438,7.437363
2/28/2022,439,7.438571
2/28/2022,440,7.43978
2/28/2022,441,7.440989
2/28/2022,442,7.442198
2/28/2022,443,7.443407
2/28/2022,444,7.444615
2/28/2022,445,7.445824
2/28/2022,446,7.447033
2/28/2022,447,7.448242
2/28/2022,448,7.449451
2/28/2022,449,7.450659
2/28/2022,450,7.451868
2/28/2022,451,7.453077
2/28/2022,452,7.454286
2/28/2022,453,7.455495
2/28/2022,454,7.456703
2/28/2022,455,7.457912
2/28/2022,456,7.459121
2/28/2022,457,7.46033
2/28/2022,458,7.461538
2/28/2022,459,7.462747
2/28/2022,460,7.463956
2/28/2022,461,7.465165
2/28/2022,462,7.466374
2/28/2022,463,7.467582
2/28/2022,464,7.468791
2/28/2022,465,7.47
2/28/2022,466,7.471209
2/28/2022,467,7.472418
2/28/2022,468,7.473626
2/28/2022,469,7.474835
2/28/2022,470,7.476044
2/28/2022,471,7.477253
2/28/2022,472,7.478462
2/28/2022,473,7.47967
2/28/2022,474,7.480879
2/28/2022,475,7.482088
2/28/2022,476,7.483297
2/28/2022,477,7.484505
2/28/2022,478,7.485714
2/28/2022,479,7.486923
2/28/2022,480,7.488132
2/28/2022,481,7.489341
2/28/2022,482,7.490549
2/28/2022,483,7.491758
2/28/2022,484,7.492967
2/28/2022,485,7.494176
2/28/2022,486,7.495385
2/28/2022,487,7.496593
2/28/2022,488,7.497802
2/28/2022,489,7.499011
2/28/2022,490,7.50022
2/28/2022,491,7.501429
2/28/2022,492,7.502637
2/28/2022,493,7.503846
2/28/2022,494,7.505055
2/28/2022,495,7.506264
2/28/2022,496,7.507473
2/28/2022,497,7.508681
2/28/2022,498,7.50989
2/28/2022,499,7.511099
2/28/2022,500,7.512308
2/28/2022,501,7.513516
2/28/2022,502,7.514725
2/28/2022,503,7.515934
2/28/2022,504,7.517143
2/28/2022,505,7.518352
2/28/2022,506,7.51956
2/28/2022,507,7.520769
2/28/2022,508,7.521978
2/28/2022,509,7.523187
2/28/2022,510,7.524396
2/28/2022,511,7.525604
2/28/2022,512,7.526813
2/28/2022,513,7.528022
2/28/2022,514,7.529231
2/28/2022,515,7.53044
2/28/2022,516,7.531648
2/28/2022,517,7.532857
2/28/2022,518,7.534066
2/28/2022,519,7.535275
2/28/2022,520,7.536484
2/28/2022,521,7.537692
2/28/2022,522,7.538901
2/28/2022,523,7.54011
2/28/2022,524,7.541319
2/28/2022,525,7.542527
2/28/2022,526,7.543736
2/28/2022,527,7.544945
2/28/2022,528,7.546154
2/28/2022,529,7.547363
2/28/2022,530,7.548571
2/28/2022,531,7.54978
2/28/2022,532,7.550989
2/28/2022,533,7.552198
2/28/2022,534,7.553407
2/28/2022,535,7.554615
2/28/2022,536,7.555824
2/28/2022,537,7.557033
2/28/2022,538,7.558242
2/28/2022,539,7.559451
2/28/2022,540,7.560659
2/28/2022,541,7.561868
2/28/2022,542,7.563077
2/28/2022,543,7.564286
2/28/2022,544,7.565495
2/28/2022,545,7.566703
2/28/2022,546,7.567912
2/28/2022,547,7.569121
2/28/2022,548,7.57033
2/28/2022,549,7.571538
2/28/2022,550,7.572747
2/28/2022,551,7.573956
2/28/2022,552,7.575165
2/28/2022,553,7.576374
2/28/2022,554,7.577582
2/28/2022,555,7.578791
2/28/2022,556,7.58
2/28/2022,557,7.581209
2/28/2022,558,7.582418
2/28/2022,559,7.583626
2/28/2022,560,7.584835
2/28/2022,561,7.586044
2/28/2022,562,7.587253
2/28/2022,563,7.588462
2/28/2022,564,7.58967
2/28/2022,565,7.590879
2/28/2022,566,7.592088
2/28/2022,567,7.593297
2/28/2022,568,7.594505
2/28/2022,569,7.595714
2/28/2022,570,7.596923
2/28/2022,571,7.598132
2/28/2022,572,7.599341
2/28/2022,573,7.600549
2/28/2022,574,7.601758
2/28/2022,575,7.602967
2/28/2022,576,7.604176
2/28/2022,577,7.605385
2/28/2022,578,7.606593
2/28/2022,579,7.607802
2/28/2022,580,7.609011
2/28/2022,581,7.61022
2/28/2022,582,7.611429
2/28/2022,583,7.612637
2/28/2022,584,7.613846
2/28/2022,585,7.615055
2/28/2022,586,7.616264
2/28/2022,587,7.617473
2/28/2022,588,7.618681
2/28/2022,589,7.61989
2/28/2022,590,7.621099
2/28/2022,591,7.622308
2/28/2022,592,7.623516
2/28/2022,593,7.624725
2/28/2022,594,7.625934
2/28/2022,595,7.627143
2/28/2022,596,7.628352
2/28/2022,597,7.62956
2/28/2022,598,7.630769
2/28/2022,599,7.631978
2/28/2022,600,7.633187
2/28/2022,601,7.634396
2/28/2022,602,7.635604
2/28/2022,603,7.636813
2/28/2022,604,7.638022
2/28/2022,605,7.639231
2/28/2022,606,7.64044
2/28/2022,607,7.641648
2/28/2022,608,7.642857
2/28/2022,609,7.644066
2/28/2022,610,7.645275
2/28/2022,611,7.646484
2/28/2022,612,7.647692
2/28/2022,613,7.648901
2/28/2022,614,7.65011
2/28/2022,615,7.651319
2/28/2022,616,7.652527
2/28/2022,617,7.653736
2/28/2022,618,7.654945
2/28/2022,619,7.656154
2/28/2022,620,7.657363
2/28/2022,621,7.658571
2/28/2022,622,7.65978
2/28/2022,623,7.660989
2/28/2022,624,7.662198
2/28/2022,625,7.663407
2/28/2022,626,7.664615
2/28/2022,627,7.665824
2/28/2022,628,7.667033
2/28/2022,629,7.668242
2/28/2022,630,7.669451
2/28/2022,631,7.670659
2/28/2022,632,7.671868
2/28/2022,633,7.673077
2/28/2022,634,7.674286
2/28/2022,635,7.675495
2/28/2022,636,7.676703
2/28/2022,637,7.677912
2/28/2022,638,7.679121
2/28/2022,639,7.68033
2/28/2022,640,7.681538
2/28/2022,641,7.682747
2/28/2022,642,7.683956
2/28/2022,643,7.685165
2/28/2022,644,7.686374
2/28/2022,645,7.687582
2/28/2022,646,7.688791
2/28/2022,647,7.69
2/28/2022,648,7.690586
2/28/2022,649,7.691172
2/28/2022,650,7.691758
2/28/2022,651,7.692344
2/28/2022,652,7.69293
2/28/2022,653,7.693516
2/28/2022,654,7.694103
2/28/2022,655,7.694689
2/28/2022,656,7.695275
2/28/2022,657,7.695861
2/28/2022,658,7.696447
2/28/2022,659,7.697033
2/28/2022,660,7.697619
2/28/2022,661,7.698205
2/28/2022,662,7.698791
2/28/2022,663,7.699377
2/28/2022,664,7.699963
2/28/2022,665,7.700549
2/28/2022,666,7.701136
2/28/2022,667,7.701722
2/28/2022,668,7.702308
2/28/2022,669,7.702894
2/28/2022,670,7.70348
2/28/2022,671,7.704066
2/28/2022,672,7.704652
2/28/2022,673,7.705238
2/28/2022,674,7.705824
2/28/2022,675,7.70641
2/28/2022,676,7.706996
2/28/2022,677,7.707582
2/28/2022,678,7.708168
2/28/2022,679,7.708755
2/28/2022,680,7.709341
2/28/2022,681,7.709927
2/28/2022,682,7.710513
2/28/2022,683,7.711099
2/28/2022,684,7.711685
2/28/2022,685,7.712271
2/28/2022,686,7.712857
2/28/2022,687,7.713443
2/28/2022,688,7.714029
2/28/2022,689,7.714615
2/28/2022,690,7.715201
2/28/2022,691,7.715788
2/28/2022,692,7.716374
2/28/2022,693,7.71696
2/28/2022,694,7.717546
2/28/2022,695,7.718132
2/28/2022,696,7.718718
2/28/2022,697,7.719304
2/28/2022,698,7.71989
2/28/2022,699,7.720476
2/28/2022,700,7.721062
2/28/2022,701,7.721648
2/28/2022,702,7.722234
2/28/2022,703,7.722821
2/28/2022,704,7.723407
2/28/2022,705,7.723993
2/28/2022,706,7.724579
2/28/2022,707,7.725165
2/28/2022,708,7.725751
2/28/2022,709,7.726337
2/28/2022,710,7.726923
2/28/2022,711,7.727509
2/28/2022,712,7.728095
2/28/2022,713,7.728681
2/28/2022,714,7.729267
2/28/2022,715,7.729853
2/28/2022,716,7.73044
2/28/2022,717,7.731026
2/28/2022,718,7.731612
2/28/2022,719,7.732198
2/28/2022,720,7.732784
2/28/2022,721,7.73337
2/28/2022,722,7.733956
2/28/2022,723,7.734542
2/28/2022,724,7.735128
2/28/2022,725,7.735714
2/28/2022,726,7.7363
2/28/2022,727,7.736886
2/28/2022,728,7.737473
2/28/2022,729,7.738059
2/28/2022,730,7.738645
2/28/2022,731,7.739231
2/28/2022,732,7.739817
2/28/2022,733,7.740403
2/28/2022,734,7.740989
2/28/2022,735,7.741575
2/28/2022,736,7.742161
2/28/2022,737,7.742747
2/28/2022,738,7.743333
2/28/2022,739,7.743919
2/28/2022,740,7.744505
2/28/2022,741,7.745092
2/28/2022,742,7.745678
2/28/2022,743,7.746264
2/28/2022,744,7.74685
2/28/2022,745,7.747436
2/28/2022,746,7.748022
2/28/2022,747,7.748608
2/28/2022,748,7.749194
2/28/2022,749,7.74978
2/28/2022,750,7.750366
2/28/2022,751,7.750952
2/28/2022,752,7.751538
2/28/2022,753,7.752125
2/28/2022,754,7.752711
2/28/2022,755,7.753297
2/28/2022,756,7.753883
2/28/2022,757,7.754469
2/28/2022,758,7.755055
2/28/2022,759,7.755641
2/28/2022,760,7.756227
2/28/2022,761,7.756813
2/28/2022,762,7.757399
2/28/2022,763,7.757985
2/28/2022,764,7.758571
2/28/2022,765,7.759158
2/28/2022,766,7.759744
2/28/2022,767,7.76033
2/28/2022,768,7.760916
2/28/2022,769,7.761502
2/28/2022,770,7.762088
2/28/2022,771,7.762674
2/28/2022,772,7.76326
2/28/2022,773,7.763846
2/28/2022,774,7.764432
2/28/2022,775,7.765018
2/28/2022,776,7.765604
2/28/2022,777,7.76619
2/28/2022,778,7.766777
2/28/2022,779,7.767363
2/28/2022,780,7.767949
2/28/2022,781,7.768535
2/28/2022,782,7.769121
2/28/2022,783,7.769707
2/28/2022,784,7.770293
2/28/2022,785,7.770879
2/28/2022,786,7.771465
2/28/2022,787,7.772051
2/28/2022,788,7.772637
2/28/2022,789,7.773223
2/28/2022,790,7.77381
2/28/2022,791,7.774396
2/28/2022,792,7.774982
2/28/2022,793,7.775568
2/28/2022,794,7.776154
2/28/2022,795,7.77674
2/28/2022,796,7.777326
2/28/2022,797,7.777912
2/28/2022,798,7.778498
2/28/2022,799,7.779084
2/28/2022,800,7.77967
2/28/2022,801,7.780256
2/28/2022,802,7.780842
2/28/2022,803,7.781429
2/28/2022,804,7.782015
2/28/2022,805,7.782601
2/28/2022,806,7.783187
2/28/2022,807,7.783773
2/28/2022,808,7.784359
2/28/2022,809,7.784945
2/28/2022,810,7.785531
2/28/2022,811,7.786117
2/28/2022,812,7.786703
2/28/2022,813,7.787289
2/28/2022,814,7.787875
2/28/2022,815,7.788462
2/28/2022,816,7.789048
2/28/2022,817,7.789634
2/28/2022,818,7.79022
2/28/2022,819,7.790806
2/28/2022,820,7.791392
2/28/2022,821,7.791978
2/28/2022,822,7.792564
2/28/2022,823,7.79315
2/28/2022,824,7.793736
2/28/2022,825,7.794322
2/28/2022,826,7.794908
2/28/2022,827,7.795495
2/28/2022,828,7.796081
2/28/2022,829,7.796667
2/28/2022,830,7.797253
2/28/2022,831,7.797839
2/28/2022,832,7.798425
2/28/2022,833,7.799011
2/28/2022,834,7.799597
2/28/2022,835,7.800183
2/28/2022,836,7.800769
2/28/2022,837,7.801355
2/28/2022,838,7.801941
2/28/2022,839,7.802527
2/28/2022,840,7.803114
2/28/2022,841,7.8037
2/28/2022,842,7.804286
2/28/2022,843,7.804872
2/28/2022,844,7.805458
2/28/2022,845,7.806044
2/28/2022,846,7.80663
2/28/2022,847,7.807216
2/28/2022,848,7.807802
2/28/2022,849,7.808388
2/28/2022,850,7.808974
2/28/2022,851,7.80956
2/28/2022,852,7.810147
2/28/2022,853,7.810733
2/28/2022,854,7.811319
2/28/2022,855,7.811905
2/28/2022,856,7.812491
2/28/2022,857,7.813077
2/28/2022,858,7.813663
2/28/2022,859,7.814249
2/28/2022,860,7.814835
2/28/2022,861,7.815421
2/28/2022,862,7.816007
2/28/2022,863,7.816593
2/28/2022,864,7.817179
2/28/2022,865,7.817766
2/28/2022,866,7.818352
2/28/2022,867,7.818938
2/28/2022,868,7.819524
2/28/2022,869,7.82011
2/28/2022,870,7.820696
2/28/2022,871,7.821282
2/28/2022,872,7.821868
2/28/2022,873,7.822454
2/28/2022,874,7.82304
2/28/2022,875,7.823626
2/28/2022,876,7.824212
2/28/2022,877,7.824799
2/28/2022,878,7.825385
2/28/2022,879,7.825971
2/28/2022,880,7.826557
2/28/2022,881,7.827143
2/28/2022,882,7.827729
2/28/2022,883,7.828315
2/28/2022,884,7.828901
2/28/2022,885,7.829487
2/28/2022,886,7.830073
2/28/2022,887,7.830659
2/28/2022,888,7.831245
2/28/2022,889,7.831832
2/28/2022,890,7.832418
2/28/2022,891,7.833004
2/28/2022,892,7.83359
2/28/2022,893,7.834176
2/28/2022,894,7.834762
2/28/2022,895,7.835348
2/28/2022,896,7.835934
2/28/2022,897,7.83652
2/28/2022,898,7.837106
2/28/2022,899,7.837692
2/28/2022,900,7.838278
2/28/2022,901,7.838864
2/28/2022,902,7.839451
2/28/2022,903,7.840037
2/28/2022,904,7.840623
2/28/2022,905,7.841209
2/28/2022,906,7.841795
2/28/2022,907,7.842381
2/28/2022,908,7.842967
2/28/2022,909,7.843553
2/28/2022,910,7.844139
2/28/2022,911,7.844725
2/28/2022,912,7.845311
2/28/2022,913,7.845897
2/28/2022,914,7.846484
2/28/2022,915,7.84707
2/28/2022,916,7.847656
2/28/2022,917,7.848242
2/28/2022,918,7.848828
2/28/2022,919,7.849414
2/28/2022,920,7.85
2/28/2022,921,7.85
2/28/2022,922,7.85
2/28/2022,923,7.85
2/28/2022,924,7.85
2/28/2022,925,7.85
2/28/2022,926,7.85
2/28/2022,927,7.85
2/28/2022,928,7.85
2/28/2022,929,7.85
2/28/2022,930,7.85
2/28/2022,931,7.85
2/28/2022,932,7.85
2/28/2022,933,7.85
2/28/2022,934,7.85
2/28/2022,935,7.85
2/28/2022,936,7.85
2/28/2022,937,7.85
2/28/2022,938,7.85
2/28/2022,939,7.85
2/28/2022,940,7.85
2/28/2022,941,7.85
2/28/2022,942,7.85
2/28/2022,943,7.85
2/28/2022,944,7.85
2/28/2022,945,7.85
2/28/2022,946,7.85
2/28/2022,947,7.85
2/28/2022,948,7.85
2/28/2022,949,7.85
2/28/2022,950,7.85
2/28/2022,951,7.85
2/28/2022,952,7.85
2/28/2022,953,7.85
2/28/2022,954,7.85
2/28/2022,955,7.85
2/28/2022,956,7.85
2/28/2022,957,7.85
2/28/2022,958,7.85
2/28/2022,959,7.85
2/28/2022,960,7.85
2/28/2022,961,7.85
2/28/2022,962,7.85
2/28/2022,963,7.85
2/28/2022,964,7.85
2/28/2022,965,7.85
2/28/2022,966,7.85
2/28/2022,967,7.85
2/28/2022,968,7.85
2/28/2022,969,7.85
2/28/2022,970,7.85
2/28/2022,971,7.85
2/28/2022,972,7.85
2/28/2022,973,7.85
2/28/2022,974,7.85
2/28/2022,975,7.85
2/28/2022,976,7.85
2/28/2022,977,7.85
2/28/2022,978,7.85
2/28/2022,979,7.85
2/28/2022,980,7.85
2/28/2022,981,7.85
2/28/2022,982,7.85
2/28/2022,983,7.85
2/28/2022,984,7.85
2/28/2022,985,7.85
2/28/2022,986,7.85
2/28/2022,987,7.85
2/28/2022,988,7.85
2/28/2022,989,7.85
2/28/2022,990,7.85
2/28/2022,991,7.85
2/28/2022,992,7.85
2/28/2022,993,7.85
2/28/2022,994,7.85
2/28/2022,995,7.85
2/28/2022,996,7.85
2/28/2022,997,7.85
2/28/2022,998,7.85
2/28/2022,999,7.85
2/28/2022,1000,7.85
2/28/2022,1001,7.85
2/28/2022,1002,7.85
2/28/2022,1003,7.85
2/28/2022,1004,7.85
2/28/2022,1005,7.85
2/28/2022,1006,7.85
2/28/2022,1007,7.85
2/28/2022,1008,7.85
2/28/2022,1009,7.85
2/28/2022,1010,7.85
2/28/2022,1011,7.85
2/28/2022,1012,7.84989
2/28/2022,1013,7.84978
2/28/2022,1014,7.84967
2/28/2022,1015,7.84956
2/28/2022,1016,7.849451
2/28/2022,1017,7.849341
2/28/2022,1018,7.849231
2/28/2022,1019,7.849121
2/28/2022,1020,7.849011
2/28/2022,1021,7.848901
2/28/2022,1022,7.848791
2/28/2022,1023,7.848681
2/28/2022,1024,7.848571
2/28/2022,1025,7.848462
2/28/2022,1026,7.848352
2/28/2022,1027,7.848242
2/28/2022,1028,7.848132
2/28/2022,1029,7.848022
2/28/2022,1030,7.847912
2/28/2022,1031,7.847802
2/28/2022,1032,7.847692
2/28/2022,1033,7.847582
2/28/2022,1034,7.847473
2/28/2022,1035,7.847363
2/28/2022,1036,7.847253
2/28/2022,1037,7.847143
2/28/2022,1038,7.847033
2/28/2022,1039,7.846923
2/28/2022,1040,7.846813
2/28/2022,1041,7.846703
2/28/2022,1042,7.846593
2/28/2022,1043,7.846484
2/28/2022,1044,7.846374
2/28/2022,1045,7.846264
2/28/2022,1046,7.846154
2/28/2022,1047,7.846044
2/28/2022,1048,7.845934
2/28/2022,1049,7.845824
2/28/2022,1050,7.845714
2/28/2022,1051,7.845604
2/28/2022,1052,7.845495
2/28/2022,1053,7.845385
2/28/2022,1054,7.845275
2/28/2022,1055,7.845165
2/28/2022,1056,7.845055
2/28/2022,1057,7.844945
2/28/2022,1058,7.844835
2/28/2022,1059,7.844725
2/28/2022,1060,7.844615
2/28/2022,1061,7.844505
2/28/2022,1062,7.844396
2/28/2022,1063,7.844286
2/28/2022,1064,7.844176
2/28/2022,1065,7.844066
2/28/2022,1066,7.843956
2/28/2022,1067,7.843846
2/28/2022,1068,7.843736
2/28/2022,1069,7.843626
2/28/2022,1070,7.843516
2/28/2022,1071,7.843407
2/28/2022,1072,7.843297
2/28/2022,1073,7.843187
2/28/2022,1074,7.843077
2/28/2022,1075,7.842967
2/28/2022,1076,7.842857
2/28/2022,1077,7.842747
2/28/2022,1078,7.842637
2/28/2022,1079,7.842527
2/28/2022,1080,7.842418
2/28/2022,1081,7.842308
2/28/2022,1082,7.842198
2/28/2022,1083,7.842088
2/28/2022,1084,7.841978
2/28/2022,1085,7.841868
2/28/2022,1086,7.841758
2/28/2022,1087,7.841648
2/28/2022,1088,7.841538
2/28/2022,1089,7.841429
2/28/2022,1090,7.841319
2/28/2022,1091,7.841209
2/28/2022,1092,7.841099
2/28/2022,1093,7.840989
2/28/2022,1094,7.840879
2/28/2022,1095,7.840769
2/28/2022,1096,7.840659
2/28/2022,1097,7.840549
2/28/2022,1098,7.84044
2/28/2022,1099,7.84033
2/28/2022,1100,7.84022
2/28/2022,1101,7.84011
2/28/2022,1102,7.84
2/28/2022,1103,7.84
2/28/2022,1104,7.84
2/28/2022,1105,7.84
2/28/2022,1106,7.84
2/28/2022,1107,7.84
2/28/2022,1108,7.84
2/28/2022,1109,7.84
2/28/2022,1110,7.84
2/28/2022,1111,7.84
2/28/2022,1112,7.84
2/28/2022,1113,7.84
2/28/2022,1114,7.84
2/28/2022,1115,7.84
2/28/2022,1116,7.84
2/28/2022,1117,7.84
2/28/2022,1118,7.84
2/28/2022,1119,7.84
2/28/2022,1120,7.84
2/28/2022,1121,7.84
2/28/2022,1122,7.84
2/28/2022,1123,7.84
2/28/2022,1124,7.84
2/28/2022,1125,7.84
2/28/2022,1126,7.84
2/28/2022,1127,7.84
2/28/2022,1128,7.84
2/28/2022,1129,7.84
2/28/2022,1130,7.84
2/28/2022,1131,7.84
2/28/2022,1132,7.84
2/28/2022,1133,7.84
2/28/2022,1134,7.84
2/28/2022,1135,7.84
2/28/2022,1136,7.84
2/28/2022,1137,7.84
2/28/2022,1138,7.84
2/28/2022,1139,7.84
2/28/2022,1140,7.84
2/28/2022,1141,7.84
2/28/2022,1142,7.84
2/28/2022,1143,7.84
2/28/2022,1144,7.84
2/28/2022,1145,7.84
2/28/2022,1146,7.84
2/28/2022,1147,7.84
2/28/2022,1148,7.84
2/28/2022,1149,7.84
2/28/2022,1150,7.84
2/28/2022,1151,7.84
2/28/2022,1152,7.84
2/28/2022,1153,7.84
2/28/2022,1154,7.84
2/28/2022,1155,7.84
2/28/2022,1156,7.84
2/28/2022,1157,7.84
2/28/2022,1158,7.84
2/28/2022,1159,7.84
2/28/2022,1160,7.84
2/28/2022,1161,7.84
2/28/2022,1162,7.84
2/28/2022,1163,7.84
2/28/2022,1164,7.84
2/28/2022,1165,7.84
2/28/2022,1166,7.84
2/28/2022,1167,7.84
2/28/2022,1168,7.84
2/28/2022,1169,7.84
2/28/2022,1170,7.84
2/28/2022,1171,7.84
2/28/2022,1172,7.84
2/28/2022,1173,7.84
2/28/2022,1174,7.84
2/28/2022,1175,7.84
2/28/2022,1176,7.84
2/28/2022,1177,7.84
2/28/2022,1178,7.84
2/28/2022,1179,7.84
2/28/2022,1180,7.84
2/28/2022,1181,7.84
2/28/2022,1182,7.84
2/28/2022,1183,7.84
2/28/2022,1184,7.84
2/28/2022,1185,7.84
2/28/2022,1186,7.84
2/28/2022,1187,7.84
2/28/2022,1188,7.84
2/28/2022,1189,7.84
2/28/2022,1190,7.84
2/28/2022,1191,7.84
2/28/2022,1192,7.84
2/28/2022,1193,7.84
2/28/2022,1194,7.84
2/28/2022,1195,7.84
2/28/2022,1196,7.84
2/28/2022,1197,7.84
2/28/2022,1198,7.84
2/28/2022,1199,7.84
2/28/2022,1200,7.84
2/28/2022,1201,7.84
2/28/2022,1202,7.84
2/28/2022,1203,7.84
2/28/2022,1204,7.84
2/28/2022,1205,7.84
2/28/2022,1206,7.84
2/28/2022,1207,7.84
2/28/2022,1208,7.84
2/28/2022,1209,7.84
2/28/2022,1210,7.84
2/28/2022,1211,7.84
2/28/2022,1212,7.84
2/28/2022,1213,7.84
2/28/2022,1214,7.84
2/28/2022,1215,7.84
2/28/2022,1216,7.84
2/28/2022,1217,7.84
2/28/2022,1218,7.84
2/28/2022,1219,7.84
2/28/2022,1220,7.84
2/28/2022,1221,7.84
2/28/2022,1222,7.84
2/28/2022,1223,7.84
2/28/2022,1224,7.84
2/28/2022,1225,7.84
2/28/2022,1226,7.84
2/28/2022,1227,7.84
2/28/2022,1228,7.84
2/28/2022,1229,7.84
2/28/2022,1230,7.84
2/28/2022,1231,7.84
2/28/2022,1232,7.84
2/28/2022,1233,7.84
2/28/2022,1234,7.84
2/28/2022,1235,7.84
2/28/2022,1236,7.84
2/28/2022,1237,7.84
2/28/2022,1238,7.84
2/28/2022,1239,7.84
2/28/2022,1240,7.84
2/28/2022,1241,7.84
2/28/2022,1242,7.84
2/28/2022,1243,7.84
2/28/2022,1244,7.84
2/28/2022,1245,7.84
2/28/2022,1246,7.84
2/28/2022,1247,7.84
2/28/2022,1248,7.84
2/28/2022,1249,7.84
2/28/2022,1250,7.84
2/28/2022,1251,7.84
2/28/2022,1252,7.84
2/28/2022,1253,7.84
2/28/2022,1254,7.84
2/28/2022,1255,7.84
2/28/2022,1256,7.84
2/28/2022,1257,7.84
2/28/2022,1258,7.84
2/28/2022,1259,7.84
2/28/2022,1260,7.84
2/28/2022,1261,7.84
2/28/2022,1262,7.84
2/28/2022,1263,7.84
2/28/2022,1264,7.84
2/28/2022,1265,7.84
2/28/2022,1266,7.84
2/28/2022,1267,7.84
2/28/2022,1268,7.84
2/28/2022,1269,7.84
2/28/2022,1270,7.84
2/28/2022,1271,7.84
2/28/2022,1272,7.84
2/28/2022,1273,7.84
2/28/2022,1274,7.84
2/28/2022,1275,7.84
2/28/2022,1276,7.84
2/28/2022,1277,7.84
2/28/2022,1278,7.84
2/28/2022,1279,7.84
2/28/2022,1280,7.84
2/28/2022,1281,7.84
2/28/2022,1282,7.84
2/28/2022,1283,7.84
2/28/2022,1284,7.84
2/28/2022,1285,7.84
2/28/2022,1286,7.84
2/28/2022,1287,7.84
2/28/2022,1288,7.84
2/28/2022,1289,7.84
2/28/2022,1290,7.84
2/28/2022,1291,7.84
2/28/2022,1292,7.84
2/28/2022,1293,7.84
2/28/2022,1294,7.84
2/28/2022,1295,7.84
2/28/2022,1296,7.84
2/28/2022,1297,7.84
2/28/2022,1298,7.84
2/28/2022,1299,7.84
2/28/2022,1300,7.84
2/28/2022,1301,7.84
2/28/2022,1302,7.84
2/28/2022,1303,7.84
2/28/2022,1304,7.84
2/28/2022,1305,7.84
2/28/2022,1306,7.84
2/28/2022,1307,7.84
2/28/2022,1308,7.84
2/28/2022,1309,7.84
2/28/2022,1310,7.84
2/28/2022,1311,7.84
2/28/2022,1312,7.84
2/28/2022,1313,7.84
2/28/2022,1314,7.84
2/28/2022,1315,7.84
2/28/2022,1316,7.84
2/28/2022,1317,7.84
2/28/2022,1318,7.84
2/28/2022,1319,7.84
2/28/2022,1320,7.84
2/28/2022,1321,7.84
2/28/2022,1322,7.84
2/28/2022,1323,7.84
2/28/2022,1324,7.84
2/28/2022,1325,7.84
2/28/2022,1326,7.84
2/28/2022,1327,7.84
2/28/2022,1328,7.84
2/28/2022,1329,7.84
2/28/2022,1330,7.84
2/28/2022,1331,7.84
2/28/2022,1332,7.84
2/28/2022,1333,7.84
2/28/2022,1334,7.84
2/28/2022,1335,7.84
2/28/2022,1336,7.84
2/28/2022,1337,7.84
2/28/2022,1338,7.84
2/28/2022,1339,7.84
2/28/2022,1340,7.84
2/28/2022,1341,7.84
2/28/2022,1342,7.84
2/28/2022,1343,7.84
2/28/2022,1344,7.84
2/28/2022,1345,7.84
2/28/2022,1346,7.84
2/28/2022,1347,7.84
2/28/2022,1348,7.84
2/28/2022,1349,7.84
2/28/2022,1350,7.84
2/28/2022,1351,7.84
2/28/2022,1352,7.84
2/28/2022,1353,7.84
2/28/2022,1354,7.84
2/28/2022,1355,7.84
2/28/2022,1356,7.84
2/28/2022,1357,7.84
2/28/2022,1358,7.84
2/28/2022,1359,7.84
2/28/2022,1360,7.84
2/28/2022,1361,7.84
2/28/2022,1362,7.84
2/28/2022,1363,7.84
2/28/2022,1364,7.84
2/28/2022,1365,7.84
2/28/2022,1366,7.84
2/28/2022,1367,7.84
2/28/2022,1368,7.84
2/28/2022,1369,7.84
2/28/2022,1370,7.84
2/28/2022,1371,7.84
2/28/2022,1372,7.84
2/28/2022,1373,7.84
2/28/2022,1374,7.84
2/28/2022,1375,7.84
2/28/2022,1376,7.84
2/28/2022,1377,7.84
2/28/2022,1378,7.84
2/28/2022,1379,7.84
2/28/2022,1380,7.84
2/28/2022,1381,7.84
2/28/2022,1382,7.84
2/28/2022,1383,7.84
2/28/2022,1384,7.84
2/28/2022,1385,7.84
2/28/2022,1386,7.84
2/28/2022,1387,7.84
2/28/2022,1388,7.84
2/28/2022,1389,7.84
2/28/2022,1390,7.84
2/28/2022,1391,7.84
2/28/2022,1392,7.84
2/28/2022,1393,7.84
2/28/2022,1394,7.84
2/28/2022,1395,7.84
2/28/2022,1396,7.84
2/28/2022,1397,7.84
2/28/2022,1398,7.84
2/28/2022,1399,7.84
2/28/2022,1400,7.84
2/28/2022,1401,7.84
2/28/2022,1402,7.84
2/28/2022,1403,7.84
2/28/2022,1404,7.84
2/28/2022,1405,7.84
2/28/2022,1406,7.84
2/28/2022,1407,7.84
2/28/2022,1408,7.84
2/28/2022,1409,7.84
2/28/2022,1410,7.84
2/28/2022,1411,7.84
2/28/2022,1412,7.84
2/28/2022,1413,7.84
2/28/2022,1414,7.84
2/28/2022,1415,7.84
2/28/2022,1416,7.84
2/28/2022,1417,7.84
2/28/2022,1418,7.84
2/28/2022,1419,7.84
2/28/2022,1420,7.84
2/28/2022,1421,7.84
2/28/2022,1422,7.84
2/28/2022,1423,7.84
2/28/2022,1424,7.84
2/28/2022,1425,7.84
2/28/2022,1426,7.84
2/28/2022,1427,7.84
2/28/2022,1428,7.84
2/28/2022,1429,7.84
2/28/2022,1430,7.84
2/28/2022,1431,7.84
2/28/2022,1432,7.84
2/28/2022,1433,7.84
2/28/2022,1434,7.84
2/28/2022,1435,7.84
2/28/2022,1436,7.84
2/28/2022,1437,7.84
2/28/2022,1438,7.84
2/28/2022,1439,7.84
2/28/2022,1440,7.84
2/28/2022,1441,7.84
2/28/2022,1442,7.84
2/28/2022,1443,7.84
2/28/2022,1444,7.84
2/28/2022,1445,7.84
2/28/2022,1446,7.84
2/28/2022,1447,7.84
2/28/2022,1448,7.84
2/28/2022,1449,7.84
2/28/2022,1450,7.84
2/28/2022,1451,7.84
2/28/2022,1452,7.84
2/28/2022,1453,7.84
2/28/2022,1454,7.84
2/28/2022,1455,7.84
2/28/2022,1456,7.84
2/28/2022,1457,7.84
2/28/2022,1458,7.84
2/28/2022,1459,7.84
2/28/2022,1460,7.84
2/28/2022,1461,7.84
2/28/2022,1462,7.84
2/28/2022,1463,7.84
2/28/2022,1464,7.84
2/28/2022,1465,7.84
2/28/2022,1466,7.84
2/28/2022,1467,7.840027
2/28/2022,1468,7.840055
2/28/2022,1469,7.840082
2/28/2022,1470,7.84011
2/28/2022,1471,7.840137
2/28/2022,1472,7.840165
2/28/2022,1473,7.840192
2/28/2022,1474,7.84022
2/28/2022,1475,7.840247
2/28/2022,1476,7.840275
2/28/2022,1477,7.840302
2/28/2022,1478,7.84033
2/28/2022,1479,7.840357
2/28/2022,1480,7.840385
2/28/2022,1481,7.840412
2/28/2022,1482,7.84044
2/28/2022,1483,7.840467
2/28/2022,1484,7.840495
2/28/2022,1485,7.840522
2/28/2022,1486,7.840549
2/28/2022,1487,7.840577
2/28/2022,1488,7.840604
2/28/2022,1489,7.840632
2/28/2022,1490,7.840659
2/28/2022,1491,7.840687
2/28/2022,1492,7.840714
2/28/2022,1493,7.840742
2/28/2022,1494,7.840769
2/28/2022,1495,7.840797
2/28/2022,1496,7.840824
2/28/2022,1497,7.840852
2/28/2022,1498,7.840879
2/28/2022,1499,7.840907
2/28/2022,1500,7.840934
2/28/2022,1501,7.840962
2/28/2022,1502,7.840989
2/28/2022,1503,7.841016
2/28/2022,1504,7.841044
2/28/2022,1505,7.841071
2/28/2022,1506,7.841099
2/28/2022,1507,7.841126
2/28/2022,1508,7.841154
2/28/2022,1509,7.841181
2/28/2022,1510,7.841209
2/28/2022,1511,7.841236
2/28/2022,1512,7.841264
2/28/2022,1513,7.841291
2/28/2022,1514,7.841319
2/28/2022,1515,7.841346
2/28/2022,1516,7.841374
2/28/2022,1517,7.841401
2/28/2022,1518,7.841429
2/28/2022,1519,7.841456
2/28/2022,1520,7.841484
2/28/2022,1521,7.841511
2/28/2022,1522,7.841538
2/28/2022,1523,7.841566
2/28/2022,1524,7.841593
2/28/2022,1525,7.841621
2/28/2022,1526,7.841648
2/28/2022,1527,7.841676
2/28/2022,1528,7.841703
2/28/2022,1529,7.841731
2/28/2022,1530,7.841758
2/28/2022,1531,7.841786
2/28/2022,1532,7.841813
2/28/2022,1533,7.841841
2/28/2022,1534,7.841868
2/28/2022,1535,7.841896
2/28/2022,1536,7.841923
2/28/2022,1537,7.841951
2/28/2022,1538,7.841978
2/28/2022,1539,7.842005
2/28/2022,1540,7.842033
2/28/2022,1541,7.84206
2/28/2022,1542,7.842088
2/28/2022,1543,7.842115
2/28/2022,1544,7.842143
2/28/2022,1545,7.84217
2/28/2022,1546,7.842198
2/28/2022,1547,7.842225
2/28/2022,1548,7.842253
2/28/2022,1549,7.84228
2/28/2022,1550,7.842308
2/28/2022,1551,7.842335
2/28/2022,1552,7.842363
2/28/2022,1553,7.84239
2/28/2022,1554,7.842418
2/28/2022,1555,7.842445
2/28/2022,1556,7.842473
2/28/2022,1557,7.8425
2/28/2022,1558,7.842527
2/28/2022,1559,7.842555
2/28/2022,1560,7.842582
2/28/2022,1561,7.84261
2/28/2022,1562,7.842637
2/28/2022,1563,7.842665
2/28/2022,1564,7.842692
2/28/2022,1565,7.84272
2/28/2022,1566,7.842747
2/28/2022,1567,7.842775
2/28/2022,1568,7.842802
2/28/2022,1569,7.84283
2/28/2022,1570,7.842857
2/28/2022,1571,7.842885
2/28/2022,1572,7.842912
2/28/2022,1573,7.84294
2/28/2022,1574,7.842967
2/28/2022,1575,7.842995
2/28/2022,1576,7.843022
2/28/2022,1577,7.843049
2/28/2022,1578,7.843077
2/28/2022,1579,7.843104
2/28/2022,1580,7.843132
2/28/2022,1581,7.843159
2/28/2022,1582,7.843187
2/28/2022,1583,7.843214
2/28/2022,1584,7.843242
2/28/2022,1585,7.843269
2/28/2022,1586,7.843297
2/28/2022,1587,7.843324
2/28/2022,1588,7.843352
2/28/2022,1589,7.843379
2/28/2022,1590,7.843407
2/28/2022,1591,7.843434
2/28/2022,1592,7.843462
2/28/2022,1593,7.843489
2/28/2022,1594,7.843516
2/28/2022,1595,7.843544
2/28/2022,1596,7.843571
2/28/2022,1597,7.843599
2/28/2022,1598,7.843626
2/28/2022,1599,7.843654
2/28/2022,1600,7.843681
2/28/2022,1601,7.843709
2/28/2022,1602,7.843736
2/28/2022,1603,7.843764
2/28/2022,1604,7.843791
2/28/2022,1605,7.843819
2/28/2022,1606,7.843846
2/28/2022,1607,7.843874
2/28/2022,1608,7.843901
2/28/2022,1609,7.843929
2/28/2022,1610,7.843956
2/28/2022,1611,7.843984
2/28/2022,1612,7.844011
2/28/2022,1613,7.844038
2/28/2022,1614,7.844066
2/28/2022,1615,7.844093
2/28/2022,1616,7.844121
2/28/2022,1617,7.844148
2/28/2022,1618,7.844176
2/28/2022,1619,7.844203
2/28/2022,1620,7.844231
2/28/2022,1621,7.844258
2/28/2022,1622,7.844286
2/28/2022,1623,7.844313
2/28/2022,1624,7.844341
2/28/2022,1625,7.844368
2/28/2022,1626,7.844396
2/28/2022,1627,7.844423
2/28/2022,1628,7.844451
2/28/2022,1629,7.844478
2/28/2022,1630,7.844505
2/28/2022,1631,7.844533
2/28/2022,1632,7.84456
2/28/2022,1633,7.844588
2/28/2022,1634,7.844615
2/28/2022,1635,7.844643
2/28/2022,1636,7.84467
2/28/2022,1637,7.844698
2/28/2022,1638,7.844725
2/28/2022,1639,7.844753
2/28/2022,1640,7.84478
2/28/2022,1641,7.844808
2/28/2022,1642,7.844835
2/28/2022,1643,7.844863
2/28/2022,1644,7.84489
2/28/2022,1645,7.844918
2/28/2022,1646,7.844945
2/28/2022,1647,7.844973
2/28/2022,1648,7.845
2/28/2022,1649,7.845027
2/28/2022,1650,7.845055
2/28/2022,1651,7.845082
2/28/2022,1652,7.84511
2/28/2022,1653,7.845137
2/28/2022,1654,7.845165
2/28/2022,1655,7.845192
2/28/2022,1656,7.84522
2/28/2022,1657,7.845247
2/28/2022,1658,7.845275
2/28/2022,1659,7.845302
2/28/2022,1660,7.84533
2/28/2022,1661,7.845357
2/28/2022,1662,7.845385
2/28/2022,1663,7.845412
2/28/2022,1664,7.84544
2/28/2022,1665,7.845467
2/28/2022,1666,7.845495
2/28/2022,1667,7.845522
2/28/2022,1668,7.845549
2/28/2022,1669,7.845577
2/28/2022,1670,7.845604
2/28/2022,1671,7.845632
2/28/2022,1672,7.845659
2/28/2022,1673,7.845687
2/28/2022,1674,7.845714
2/28/2022,1675,7.845742
2/28/2022,1676,7.845769
2/28/2022,1677,7.845797
2/28/2022,1678,7.845824
2/28/2022,1679,7.845852
2/28/2022,1680,7.845879
2/28/2022,1681,7.845907
2/28/2022,1682,7.845934
2/28/2022,1683,7.845962
2/28/2022,1684,7.845989
2/28/2022,1685,7.846016
2/28/2022,1686,7.846044
2/28/2022,1687,7.846071
2/28/2022,1688,7.846099
2/28/2022,1689,7.846126
2/28/2022,1690,7.846154
2/28/2022,1691,7.846181
2/28/2022,1692,7.846209
2/28/2022,1693,7.846236
2/28/2022,1694,7.846264
2/28/2022,1695,7.846291
2/28/2022,1696,7.846319
2/28/2022,1697,7.846346
2/28/2022,1698,7.846374
2/28/2022,1699,7.846401
2/28/2022,1700,7.846429
2/28/2022,1701,7.846456
2/28/2022,1702,7.846484
2/28/2022,1703,7.846511
2/28/2022,1704,7.846538
2/28/2022,1705,7.846566
2/28/2022,1706,7.846593
2/28/2022,1707,7.846621
2/28/2022,1708,7.846648
2/28/2022,1709,7.846676
2/28/2022,1710,7.846703
2/28/2022,1711,7.846731
2/28/2022,1712,7.846758
2/28/2022,1713,7.846786
2/28/2022,1714,7.846813
2/28/2022,1715,7.846841
2/28/2022,1716,7.846868
2/28/2022,1717,7.846896
2/28/2022,1718,7.846923
2/28/2022,1719,7.846951
2/28/2022,1720,7.846978
2/28/2022,1721,7.847005
2/28/2022,1722,7.847033
2/28/2022,1723,7.84706
2/28/2022,1724,7.847088
2/28/2022,1725,7.847115
2/28/2022,1726,7.847143
2/28/2022,1727,7.84717
2/28/2022,1728,7.847198
2/28/2022,1729,7.847225
2/28/2022,1730,7.847253
2/28/2022,1731,7.84728
2/28/2022,1732,7.847308
2/28/2022,1733,7.847335
2/28/2022,1734,7.847363
2/28/2022,1735,7.84739
2/28/2022,1736,7.847418
2/28/2022,1737,7.847445
2/28/2022,1738,7.847473
2/28/2022,1739,7.8475
2/28/2022,1740,7.847527
2/28/2022,1741,7.847555
2/28/2022,1742,7.847582
2/28/2022,1743,7.84761
2/28/2022,1744,7.847637
2/28/2022,1745,7.847665
2/28/2022,1746,7.847692
2/28/2022,1747,7.84772
2/28/2022,1748,7.847747
2/28/2022,1749,7.847775
2/28/2022,1750,7.847802
2/28/2022,1751,7.84783
2/28/2022,1752,7.847857
2/28/2022,1753,7.847885
2/28/2022,1754,7.847912
2/28/2022,1755,7.84794
2/28/2022,1756,7.847967
2/28/2022,1757,7.847995
2/28/2022,1758,7.848022
2/28/2022,1759,7.848049
2/28/2022,1760,7.848077
2/28/2022,1761,7.848104
2/28/2022,1762,7.848132
2/28/2022,1763,7.848159
2/28/2022,1764,7.848187
2/28/2022,1765,7.848214
2/28/2022,1766,7.848242
2/28/2022,1767,7.848269
2/28/2022,1768,7.848297
2/28/2022,1769,7.848324
2/28/2022,1770,7.848352
2/28/2022,1771,7.848379
2/28/2022,1772,7.848407
2/28/2022,1773,7.848434
2/28/2022,1774,7.848462
2/28/2022,1775,7.848489
2/28/2022,1776,7.848516
2/28/2022,1777,7.848544
2/28/2022,1778,7.848571
2/28/2022,1779,7.848599
2/28/2022,1780,7.848626
2/28/2022,1781,7.848654
2/28/2022,1782,7.848681
2/28/2022,1783,7.848709
2/28/2022,1784,7.848736
2/28/2022,1785,7.848764
2/28/2022,1786,7.848791
2/28/2022,1787,7.848819
2/28/2022,1788,7.848846
2/28/2022,1789,7.848874
2/28/2022,1790,7.848901
2/28/2022,1791,7.848929
2/28/2022,1792,7.848956
2/28/2022,1793,7.848984
2/28/2022,1794,7.849011
2/28/2022,1795,7.849038
2/28/2022,1796,7.849066
2/28/2022,1797,7.849093
2/28/2022,1798,7.849121
2/28/2022,1799,7.849148
2/28/2022,1800,7.849176
2/28/2022,1801,7.849203
2/28/2022,1802,7.849231
2/28/2022,1803,7.849258
2/28/2022,1804,7.849286
2/28/2022,1805,7.849313
2/28/2022,1806,7.849341
2/28/2022,1807,7.849368
2/28/2022,1808,7.849396
2/28/2022,1809,7.849423
2/28/2022,1810,7.849451
2/28/2022,1811,7.849478
2/28/2022,1812,7.849505
2/28/2022,1813,7.849533
2/28/2022,1814,7.84956
2/28/2022,1815,7.849588
2/28/2022,1816,7.849615
2/28/2022,1817,7.849643
2/28/2022,1818,7.84967
2/28/2022,1819,7.849698
2/28/2022,1820,7.849725
2/28/2022,1821,7.849753
2/28/2022,1822,7.84978
2/28/2022,1823,7.849808
2/28/2022,1824,7.849835
2/28/2022,1825,7.849863
2/28/2022,1826,7.84989
2/28/2022,1827,7.849918
2/28/2022,1828,7.849945
2/28/2022,1829,7.849973
2/28/2022,1830,7.85
2/28/2022,1831,7.84989
2/28/2022,1832,7.84978
2/28/2022,1833,7.84967
2/28/2022,1834,7.84956
2/28/2022,1835,7.849451
2/28/2022,1836,7.849341
2/28/2022,1837,7.849231
2/28/2022,1838,7.849121
2/28/2022,1839,7.849011
2/28/2022,1840,7.848901
2/28/2022,1841,7.848791
2/28/2022,1842,7.848681
2/28/2022,1843,7.848571
2/28/2022,1844,7.848462
2/28/2022,1845,7.848352
2/28/2022,1846,7.848242
2/28/2022,1847,7.848132
2/28/2022,1848,7.848022
2/28/2022,1849,7.847912
2/28/2022,1850,7.847802
2/28/2022,1851,7.847692
2/28/2022,1852,7.847582
2/28/2022,1853,7.847473
2/28/2022,1854,7.847363
2/28/2022,1855,7.847253
2/28/2022,1856,7.847143
2/28/2022,1857,7.847033
2/28/2022,1858,7.846923
2/28/2022,1859,7.846813
2/28/2022,1860,7.846703
2/28/2022,1861,7.846593
2/28/2022,1862,7.846484
2/28/2022,1863,7.846374
2/28/2022,1864,7.846264
2/28/2022,1865,7.846154
2/28/2022,1866,7.846044
2/28/2022,1867,7.845934
2/28/2022,1868,7.845824
2/28/2022,1869,7.845714
2/28/2022,1870,7.845604
2/28/2022,1871,7.845495
2/28/2022,1872,7.845385
2/28/2022,1873,7.845275
2/28/2022,1874,7.845165
2/28/2022,1875,7.845055
2/28/2022,1876,7.844945
2/28/2022,1877,7.844835
2/28/2022,1878,7.844725
2/28/2022,1879,7.844615
2/28/2022,1880,7.844505
2/28/2022,1881,7.844396
2/28/2022,1882,7.844286
2/28/2022,1883,7.844176
2/28/2022,1884,7.844066
2/28/2022,1885,7.843956
2/28/2022,1886,7.843846
2/28/2022,1887,7.843736
2/28/2022,1888,7.843626
2/28/2022,1889,7.843516
2/28/2022,1890,7.843407
2/28/2022,1891,7.843297
2/28/2022,1892,7.843187
2/28/2022,1893,7.843077
2/28/2022,1894,7.842967
2/28/2022,1895,7.842857
2/28/2022,1896,7.842747
2/28/2022,1897,7.842637
2/28/2022,1898,7.842527
2/28/2022,1899,7.842418
2/28/2022,1900,7.842308
2/28/2022,1901,7.842198
2/28/2022,1902,7.842088
2/28/2022,1903,7.841978
2/28/2022,1904,7.841868
2/28/2022,1905,7.841758
2/28/2022,1906,7.841648
2/28/2022,1907,7.841538
2/28/2022,1908,7.841429
2/28/2022,1909,7.841319
2/28/2022,1910,7.841209
2/28/2022,1911,7.841099
2/28/2022,1912,7.840989
2/28/2022,1913,7.840879
2/28/2022,1914,7.840769
2/28/2022,1915,7.840659
2/28/2022,1916,7.840549
2/28/2022,1917,7.84044
2/28/2022,1918,7.84033
2/28/2022,1919,7.84022
2/28/2022,1920,7.84011
2/28/2022,1921,7.84
2/28/2022,1922,7.840069
2/28/2022,1923,7.840137
2/28/2022,1924,7.840206
2/28/2022,1925,7.840275
2/28/2022,1926,7.840343
2/28/2022,1927,7.840412
2/28/2022,1928,7.840481
2/28/2022,1929,7.840549
2/28/2022,1930,7.840618
2/28/2022,1931,7.840687
2/28/2022,1932,7.840755
2/28/2022,1933,7.840824
2/28/2022,1934,7.840893
2/28/2022,1935,7.840962
2/28/2022,1936,7.84103
2/28/2022,1937,7.841099
2/28/2022,1938,7.841168
2/28/2022,1939,7.841236
2/28/2022,1940,7.841305
2/28/2022,1941,7.841374
2/28/2022,1942,7.841442
2/28/2022,1943,7.841511
2/28/2022,1944,7.84158
2/28/2022,1945,7.841648
2/28/2022,1946,7.841717
2/28/2022,1947,7.841786
2/28/2022,1948,7.841854
2/28/2022,1949,7.841923
2/28/2022,1950,7.841992
2/28/2022,1951,7.84206
2/28/2022,1952,7.842129
2/28/2022,1953,7.842198
2/28/2022,1954,7.842266
2/28/2022,1955,7.842335
2/28/2022,1956,7.842404
2/28/2022,1957,7.842473
2/28/2022,1958,7.842541
2/28/2022,1959,7.84261
2/28/2022,1960,7.842679
2/28/2022,1961,7.842747
2/28/2022,1962,7.842816
2/28/2022,1963,7.842885
2/28/2022,1964,7.842953
2/28/2022,1965,7.843022
2/28/2022,1966,7.843091
2/28/2022,1967,7.843159
2/28/2022,1968,7.843228
2/28/2022,1969,7.843297
2/28/2022,1970,7.843365
2/28/2022,1971,7.843434
2/28/2022,1972,7.843503
2/28/2022,1973,7.843571
2/28/2022,1974,7.84364
2/28/2022,1975,7.843709
2/28/2022,1976,7.843777
2/28/2022,1977,7.843846
2/28/2022,1978,7.843915
2/28/2022,1979,7.843984
2/28/2022,1980,7.844052
2/28/2022,1981,7.844121
2/28/2022,1982,7.84419
2/28/2022,1983,7.844258
2/28/2022,1984,7.844327
2/28/2022,1985,7.844396
2/28/2022,1986,7.844464
2/28/2022,1987,7.844533
2/28/2022,1988,7.844602
2/28/2022,1989,7.84467
2/28/2022,1990,7.844739
2/28/2022,1991,7.844808
2/28/2022,1992,7.844876
2/28/2022,1993,7.844945
2/28/2022,1994,7.845014
2/28/2022,1995,7.845082
2/28/2022,1996,7.845151
2/28/2022,1997,7.84522
2/28/2022,1998,7.845288
2/28/2022,1999,7.845357
2/28/2022,2000,7.845426
2/28/2022,2001,7.845495
2/28/2022,2002,7.845563
2/28/2022,2003,7.845632
2/28/2022,2004,7.845701
2/28/2022,2005,7.845769
2/28/2022,2006,7.845838
2/28/2022,2007,7.845907
2/28/2022,2008,7.845975
2/28/2022,2009,7.846044
2/28/2022,2010,7.846113
2/28/2022,2011,7.846181
2/28/2022,2012,7.84625
2/28/2022,2013,7.846319
2/28/2022,2014,7.846387
2/28/2022,2015,7.846456
2/28/2022,2016,7.846525
2/28/2022,2017,7.846593
2/28/2022,2018,7.846662
2/28/2022,2019,7.846731
2/28/2022,2020,7.846799
2/28/2022,2021,7.846868
2/28/2022,2022,7.846937
2/28/2022,2023,7.847005
2/28/2022,2024,7.847074
2/28/2022,2025,7.847143
2/28/2022,2026,7.847212
2/28/2022,2027,7.84728
2/28/2022,2028,7.847349
2/28/2022,2029,7.847418
2/28/2022,2030,7.847486
2/28/2022,2031,7.847555
2/28/2022,2032,7.847624
2/28/2022,2033,7.847692
2/28/2022,2034,7.847761
2/28/2022,2035,7.84783
2/28/2022,2036,7.847898
2/28/2022,2037,7.847967
2/28/2022,2038,7.848036
2/28/2022,2039,7.848104
2/28/2022,2040,7.848173
2/28/2022,2041,7.848242
2/28/2022,2042,7.84831
2/28/2022,2043,7.848379
2/28/2022,2044,7.848448
2/28/2022,2045,7.848516
2/28/2022,2046,7.848585
2/28/2022,2047,7.848654
2/28/2022,2048,7.848723
2/28/2022,2049,7.848791
2/28/2022,2050,7.84886
2/28/2022,2051,7.848929
2/28/2022,2052,7.848997
2/28/2022,2053,7.849066
2/28/2022,2054,7.849135
2/28/2022,2055,7.849203
2/28/2022,2056,7.849272
2/28/2022,2057,7.849341
2/28/2022,2058,7.849409
2/28/2022,2059,7.849478
2/28/2022,2060,7.849547
2/28/2022,2061,7.849615
2/28/2022,2062,7.849684
2/28/2022,2063,7.849753
2/28/2022,2064,7.849821
2/28/2022,2065,7.84989
2/28/2022,2066,7.849959
2/28/2022,2067,7.850027
2/28/2022,2068,7.850096
2/28/2022,2069,7.850165
2/28/2022,2070,7.850234
2/28/2022,2071,7.850302
2/28/2022,2072,7.850371
2/28/2022,2073,7.85044
2/28/2022,2074,7.850508
2/28/2022,2075,7.850577
2/28/2022,2076,7.850646
2/28/2022,2077,7.850714
2/28/2022,2078,7.850783
2/28/2022,2079,7.850852
2/28/2022,2080,7.85092
2/28/2022,2081,7.850989
2/28/2022,2082,7.851058
2/28/2022,2083,7.851126
2/28/2022,2084,7.851195
2/28/2022,2085,7.851264
2/28/2022,2086,7.851332
2/28/2022,2087,7.851401
2/28/2022,2088,7.85147
2/28/2022,2089,7.851538
2/28/2022,2090,7.851607
2/28/2022,2091,7.851676
2/28/2022,2092,7.851745
2/28/2022,2093,7.851813
2/28/2022,2094,7.851882
2/28/2022,2095,7.851951
2/28/2022,2096,7.852019
2/28/2022,2097,7.852088
2/28/2022,2098,7.852157
2/28/2022,2099,7.852225
2/28/2022,2100,7.852294
2/28/2022,2101,7.852363
2/28/2022,2102,7.852431
2/28/2022,2103,7.8525
2/28/2022,2104,7.852569
2/28/2022,2105,7.852637
2/28/2022,2106,7.852706
2/28/2022,2107,7.852775
2/28/2022,2108,7.852843
2/28/2022,2109,7.852912
2/28/2022,2110,7.852981
2/28/2022,2111,7.853049
2/28/2022,2112,7.853118
2/28/2022,2113,7.853187
2/28/2022,2114,7.853255
2/28/2022,2115,7.853324
2/28/2022,2116,7.853393
2/28/2022,2117,7.853462
2/28/2022,2118,7.85353
2/28/2022,2119,7.853599
2/28/2022,2120,7.853668
2/28/2022,2121,7.853736
2/28/2022,2122,7.853805
2/28/2022,2123,7.853874
2/28/2022,2124,7.853942
2/28/2022,2125,7.854011
2/28/2022,2126,7.85408
2/28/2022,2127,7.854148
2/28/2022,2128,7.854217
2/28/2022,2129,7.854286
2/28/2022,2130,7.854354
2/28/2022,2131,7.854423
2/28/2022,2132,7.854492
2/28/2022,2133,7.85456
2/28/2022,2134,7.854629
2/28/2022,2135,7.854698
2/28/2022,2136,7.854766
2/28/2022,2137,7.854835
2/28/2022,2138,7.854904
2/28/2022,2139,7.854973
2/28/2022,2140,7.855041
2/28/2022,2141,7.85511
2/28/2022,2142,7.855179
2/28/2022,2143,7.855247
2/28/2022,2144,7.855316
2/28/2022,2145,7.855385
2/28/2022,2146,7.855453
2/28/2022,2147,7.855522
2/28/2022,2148,7.855591
2/28/2022,2149,7.855659
2/28/2022,2150,7.855728
2/28/2022,2151,7.855797
2/28/2022,2152,7.855865
2/28/2022,2153,7.855934
2/28/2022,2154,7.856003
2/28/2022,2155,7.856071
2/28/2022,2156,7.85614
2/28/2022,2157,7.856209
2/28/2022,2158,7.856277
2/28/2022,2159,7.856346
2/28/2022,2160,7.856415
2/28/2022,2161,7.856484
2/28/2022,2162,7.856552
2/28/2022,2163,7.856621
2/28/2022,2164,7.85669
2/28/2022,2165,7.856758
2/28/2022,2166,7.856827
2/28/2022,2167,7.856896
2/28/2022,2168,7.856964
2/28/2022,2169,7.857033
2/28/2022,2170,7.857102
2/28/2022,2171,7.85717
2/28/2022,2172,7.857239
2/28/2022,2173,7.857308
2/28/2022,2174,7.857376
2/28/2022,2175,7.857445
2/28/2022,2176,7.857514
2/28/2022,2177,7.857582
2/28/2022,2178,7.857651
2/28/2022,2179,7.85772
2/28/2022,2180,7.857788
2/28/2022,2181,7.857857
2/28/2022,2182,7.857926
2/28/2022,2183,7.857995
2/28/2022,2184,7.858063
2/28/2022,2185,7.858132
2/28/2022,2186,7.858201
2/28/2022,2187,7.858269
2/28/2022,2188,7.858338
2/28/2022,2189,7.858407
2/28/2022,2190,7.858475
2/28/2022,2191,7.858544
2/28/2022,2192,7.858613
2/28/2022,2193,7.858681
2/28/2022,2194,7.85875
2/28/2022,2195,7.858819
2/28/2022,2196,7.858887
2/28/2022,2197,7.858956
2/28/2022,2198,7.859025
2/28/2022,2199,7.859093
2/28/2022,2200,7.859162
2/28/2022,2201,7.859231
2/28/2022,2202,7.859299
2/28/2022,2203,7.859368
2/28/2022,2204,7.859437
2/28/2022,2205,7.859505
2/28/2022,2206,7.859574
2/28/2022,2207,7.859643
2/28/2022,2208,7.859712
2/28/2022,2209,7.85978
2/28/2022,2210,7.859849
2/28/2022,2211,7.859918
2/28/2022,2212,7.859986
2/28/2022,2213,7.860055
2/28/2022,2214,7.860124
2/28/2022,2215,7.860192
2/28/2022,2216,7.860261
2/28/2022,2217,7.86033
2/28/2022,2218,7.860398
2/28/2022,2219,7.860467
2/28/2022,2220,7.860536
2/28/2022,2221,7.860604
2/28/2022,2222,7.860673
2/28/2022,2223,7.860742
2/28/2022,2224,7.86081
2/28/2022,2225,7.860879
2/28/2022,2226,7.860948
2/28/2022,2227,7.861016
2/28/2022,2228,7.861085
2/28/2022,2229,7.861154
2/28/2022,2230,7.861223
2/28/2022,2231,7.861291
2/28/2022,2232,7.86136
2/28/2022,2233,7.861429
2/28/2022,2234,7.861497
2/28/2022,2235,7.861566
2/28/2022,2236,7.861635
2/28/2022,2237,7.861703
2/28/2022,2238,7.861772
2/28/2022,2239,7.861841
2/28/2022,2240,7.861909
2/28/2022,2241,7.861978
2/28/2022,2242,7.862047
2/28/2022,2243,7.862115
2/28/2022,2244,7.862184
2/28/2022,2245,7.862253
2/28/2022,2246,7.862321
2/28/2022,2247,7.86239
2/28/2022,2248,7.862459
2/28/2022,2249,7.862527
2/28/2022,2250,7.862596
2/28/2022,2251,7.862665
2/28/2022,2252,7.862734
2/28/2022,2253,7.862802
2/28/2022,2254,7.862871
2/28/2022,2255,7.86294
2/28/2022,2256,7.863008
2/28/2022,2257,7.863077
2/28/2022,2258,7.863146
2/28/2022,2259,7.863214
2/28/2022,2260,7.863283
2/28/2022,2261,7.863352
2/28/2022,2262,7.86342
2/28/2022,2263,7.863489
2/28/2022,2264,7.863558
2/28/2022,2265,7.863626
2/28/2022,2266,7.863695
2/28/2022,2267,7.863764
2/28/2022,2268,7.863832
2/28/2022,2269,7.863901
2/28/2022,2270,7.86397
2/28/2022,2271,7.864038
2/28/2022,2272,7.864107
2/28/2022,2273,7.864176
2/28/2022,2274,7.864245
2/28/2022,2275,7.864313
2/28/2022,2276,7.864382
2/28/2022,2277,7.864451
2/28/2022,2278,7.864519
2/28/2022,2279,7.864588
2/28/2022,2280,7.864657
2/28/2022,2281,7.864725
2/28/2022,2282,7.864794
2/28/2022,2283,7.864863
2/28/2022,2284,7.864931
2/28/2022,2285,7.865
2/28/2022,2286,7.865069
2/28/2022,2287,7.865137
2/28/2022,2288,7.865206
2/28/2022,2289,7.865275
2/28/2022,2290,7.865343
2/28/2022,2291,7.865412
2/28/2022,2292,7.865481
2/28/2022,2293,7.865549
2/28/2022,2294,7.865618
2/28/2022,2295,7.865687
2/28/2022,2296,7.865755
2/28/2022,2297,7.865824
2/28/2022,2298,7.865893
2/28/2022,2299,7.865962
2/28/2022,2300,7.86603
2/28/2022,2301,7.866099
2/28/2022,2302,7.866168
2/28/2022,2303,7.866236
2/28/2022,2304,7.866305
2/28/2022,2305,7.866374
2/28/2022,2306,7.866442
2/28/2022,2307,7.866511
2/28/2022,2308,7.86658
2/28/2022,2309,7.866648
2/28/2022,2310,7.866717
2/28/2022,2311,7.866786
2/28/2022,2312,7.866854
2/28/2022,2313,7.866923
2/28/2022,2314,7.866992
2/28/2022,2315,7.86706
2/28/2022,2316,7.867129
2/28/2022,2317,7.867198
2/28/2022,2318,7.867266
2/28/2022,2319,7.867335
2/28/2022,2320,7.867404
2/28/2022,2321,7.867473
2/28/2022,2322,7.867541
2/28/2022,2323,7.86761
2/28/2022,2324,7.867679
2/28/2022,2325,7.867747
2/28/2022,2326,7.867816
2/28/2022,2327,7.867885
2/28/2022,2328,7.867953
2/28/2022,2329,7.868022
2/28/2022,2330,7.868091
2/28/2022,2331,7.868159
2/28/2022,2332,7.868228
2/28/2022,2333,7.868297
2/28/2022,2334,7.868365
2/28/2022,2335,7.868434
2/28/2022,2336,7.868503
2/28/2022,2337,7.868571
2/28/2022,2338,7.86864
2/28/2022,2339,7.868709
2/28/2022,2340,7.868777
2/28/2022,2341,7.868846
2/28/2022,2342,7.868915
2/28/2022,2343,7.868984
2/28/2022,2344,7.869052
2/28/2022,2345,7.869121
2/28/2022,2346,7.86919
2/28/2022,2347,7.869258
2/28/2022,2348,7.869327
2/28/2022,2349,7.869396
2/28/2022,2350,7.869464
2/28/2022,2351,7.869533
2/28/2022,2352,7.869602
2/28/2022,2353,7.86967
2/28/2022,2354,7.869739
2/28/2022,2355,7.869808
2/28/2022,2356,7.869876
2/28/2022,2357,7.869945
2/28/2022,2358,7.870014
2/28/2022,2359,7.870082
2/28/2022,2360,7.870151
2/28/2022,2361,7.87022
2/28/2022,2362,7.870288
2/28/2022,2363,7.870357
2/28/2022,2364,7.870426
2/28/2022,2365,7.870495
2/28/2022,2366,7.870563
2/28/2022,2367,7.870632
2/28/2022,2368,7.870701
2/28/2022,2369,7.870769
2/28/2022,2370,7.870838
2/28/2022,2371,7.870907
2/28/2022,2372,7.870975
2/28/2022,2373,7.871044
2/28/2022,2374,7.871113
2/28/2022,2375,7.871181
2/28/2022,2376,7.87125
2/28/2022,2377,7.871319
2/28/2022,2378,7.871387
2/28/2022,2379,7.871456
2/28/2022,2380,7.871525
2/28/2022,2381,7.871593
2/28/2022,2382,7.871662
2/28/2022,2383,7.871731
2/28/2022,2384,7.871799
2/28/2022,2385,7.871868
2/28/2022,2386,7.871937
2/28/2022,2387,7.872005
2/28/2022,2388,7.872074
2/28/2022,2389,7.872143
2/28/2022,2390,7.872212
2/28/2022,2391,7.87228
2/28/2022,2392,7.872349
2/28/2022,2393,7.872418
2/28/2022,2394,7.872486
2/28/2022,2395,7.872555
2/28/2022,2396,7.872624
2/28/2022,2397,7.872692
2/28/2022,2398,7.872761
2/28/2022,2399,7.87283
2/28/2022,2400,7.872898
2/28/2022,2401,7.872967
2/28/2022,2402,7.873036
2/28/2022,2403,7.873104
2/28/2022,2404,7.873173
2/28/2022,2405,7.873242
2/28/2022,2406,7.87331
2/28/2022,2407,7.873379
2/28/2022,2408,7.873448
2/28/2022,2409,7.873516
2/28/2022,2410,7.873585
2/28/2022,2411,7.873654
2/28/2022,2412,7.873723
2/28/2022,2413,7.873791
2/28/2022,2414,7.87386
2/28/2022,2415,7.873929
2/28/2022,2416,7.873997
2/28/2022,2417,7.874066
2/28/2022,2418,7.874135
2/28/2022,2419,7.874203
2/28/2022,2420,7.874272
2/28/2022,2421,7.874341
2/28/2022,2422,7.874409
2/28/2022,2423,7.874478
2/28/2022,2424,7.874547
2/28/2022,2425,7.874615
2/28/2022,2426,7.874684
2/28/2022,2427,7.874753
2/28/2022,2428,7.874821
2/28/2022,2429,7.87489
2/28/2022,2430,7.874959
2/28/2022,2431,7.875027
2/28/2022,2432,7.875096
2/28/2022,2433,7.875165
2/28/2022,2434,7.875234
2/28/2022,2435,7.875302
2/28/2022,2436,7.875371
2/28/2022,2437,7.87544
2/28/2022,2438,7.875508
2/28/2022,2439,7.875577
2/28/2022,2440,7.875646
2/28/2022,2441,7.875714
2/28/2022,2442,7.875783
2/28/2022,2443,7.875852
2/28/2022,2444,7.87592
2/28/2022,2445,7.875989
2/28/2022,2446,7.876058
2/28/2022,2447,7.876126
2/28/2022,2448,7.876195
2/28/2022,2449,7.876264
2/28/2022,2450,7.876332
2/28/2022,2451,7.876401
2/28/2022,2452,7.87647
2/28/2022,2453,7.876538
2/28/2022,2454,7.876607
2/28/2022,2455,7.876676
2/28/2022,2456,7.876745
2/28/2022,2457,7.876813
2/28/2022,2458,7.876882
2/28/2022,2459,7.876951
2/28/2022,2460,7.877019
2/28/2022,2461,7.877088
2/28/2022,2462,7.877157
2/28/2022,2463,7.877225
2/28/2022,2464,7.877294
2/28/2022,2465,7.877363
2/28/2022,2466,7.877431
2/28/2022,2467,7.8775
2/28/2022,2468,7.877569
2/28/2022,2469,7.877637
2/28/2022,2470,7.877706
2/28/2022,2471,7.877775
2/28/2022,2472,7.877843
2/28/2022,2473,7.877912
2/28/2022,2474,7.877981
2/28/2022,2475,7.878049
2/28/2022,2476,7.878118
2/28/2022,2477,7.878187
2/28/2022,2478,7.878255
2/28/2022,2479,7.878324
2/28/2022,2480,7.878393
2/28/2022,2481,7.878462
2/28/2022,2482,7.87853
2/28/2022,2483,7.878599
2/28/2022,2484,7.878668
2/28/2022,2485,7.878736
2/28/2022,2486,7.878805
2/28/2022,2487,7.878874
2/28/2022,2488,7.878942
2/28/2022,2489,7.879011
2/28/2022,2490,7.87908
2/28/2022,2491,7.879148
2/28/2022,2492,7.879217
2/28/2022,2493,7.879286
2/28/2022,2494,7.879354
2/28/2022,2495,7.879423
2/28/2022,2496,7.879492
2/28/2022,2497,7.87956
2/28/2022,2498,7.879629
2/28/2022,2499,7.879698
2/28/2022,2500,7.879766
2/28/2022,2501,7.879835
2/28/2022,2502,7.879904
2/28/2022,2503,7.879973
2/28/2022,2504,7.880041
2/28/2022,2505,7.88011
2/28/2022,2506,7.880179
2/28/2022,2507,7.880247
2/28/2022,2508,7.880316
2/28/2022,2509,7.880385
2/28/2022,2510,7.880453
2/28/2022,2511,7.880522
2/28/2022,2512,7.880591
2/28/2022,2513,7.880659
2/28/2022,2514,7.880728
2/28/2022,2515,7.880797
2/28/2022,2516,7.880865
2/28/2022,2517,7.880934
2/28/2022,2518,7.881003
2/28/2022,2519,7.881071
2/28/2022,2520,7.88114
2/28/2022,2521,7.881209
2/28/2022,2522,7.881277
2/28/2022,2523,7.881346
2/28/2022,2524,7.881415
2/28/2022,2525,7.881484
2/28/2022,2526,7.881552
2/28/2022,2527,7.881621
2/28/2022,2528,7.88169
2/28/2022,2529,7.881758
2/28/2022,2530,7.881827
2/28/2022,2531,7.881896
2/28/2022,2532,7.881964
2/28/2022,2533,7.882033
2/28/2022,2534,7.882102
2/28/2022,2535,7.88217
2/28/2022,2536,7.882239
2/28/2022,2537,7.882308
2/28/2022,2538,7.882376
2/28/2022,2539,7.882445
2/28/2022,2540,7.882514
2/28/2022,2541,7.882582
2/28/2022,2542,7.882651
2/28/2022,2543,7.88272
2/28/2022,2544,7.882788
2/28/2022,2545,7.882857
2/28/2022,2546,7.882926
2/28/2022,2547,7.882995
2/28/2022,2548,7.883063
2/28/2022,2549,7.883132
2/28/2022,2550,7.883201
2/28/2022,2551,7.883269
2/28/2022,2552,7.883338
2/28/2022,2553,7.883407
2/28/2022,2554,7.883475
2/28/2022,2555,7.883544
2/28/2022,2556,7.883613
2/28/2022,2557,7.883681
2/28/2022,2558,7.88375
2/28/2022,2559,7.883819
2/28/2022,2560,7.883887
2/28/2022,2561,7.883956
2/28/2022,2562,7.884025
2/28/2022,2563,7.884093
2/28/2022,2564,7.884162
2/28/2022,2565,7.884231
2/28/2022,2566,7.884299
2/28/2022,2567,7.884368
2/28/2022,2568,7.884437
2/28/2022,2569,7.884505
2/28/2022,2570,7.884574
2/28/2022,2571,7.884643
2/28/2022,2572,7.884712
2/28/2022,2573,7.88478
2/28/2022,2574,7.884849
2/28/2022,2575,7.884918
2/28/2022,2576,7.884986
2/28/2022,2577,7.885055
2/28/2022,2578,7.885124
2/28/2022,2579,7.885192
2/28/2022,2580,7.885261
2/28/2022,2581,7.88533
2/28/2022,2582,7.885398
2/28/2022,2583,7.885467
2/28/2022,2584,7.885536
2/28/2022,2585,7.885604
2/28/2022,2586,7.885673
2/28/2022,2587,7.885742
2/28/2022,2588,7.88581
2/28/2022,2589,7.885879
2/28/2022,2590,7.885948
2/28/2022,2591,7.886016
2/28/2022,2592,7.886085
2/28/2022,2593,7.886154
2/28/2022,2594,7.886223
2/28/2022,2595,7.886291
2/28/2022,2596,7.88636
2/28/2022,2597,7.886429
2/28/2022,2598,7.886497
2/28/2022,2599,7.886566
2/28/2022,2600,7.886635
2/28/2022,2601,7.886703
2/28/2022,2602,7.886772
2/28/2022,2603,7.886841
2/28/2022,2604,7.886909
2/28/2022,2605,7.886978
2/28/2022,2606,7.887047
2/28/2022,2607,7.887115
2/28/2022,2608,7.887184
2/28/2022,2609,7.887253
2/28/2022,2610,7.887321
2/28/2022,2611,7.88739
2/28/2022,2612,7.887459
2/28/2022,2613,7.887527
2/28/2022,2614,7.887596
2/28/2022,2615,7.887665
2/28/2022,2616,7.887734
2/28/2022,2617,7.887802
2/28/2022,2618,7.887871
2/28/2022,2619,7.88794
2/28/2022,2620,7.888008
2/28/2022,2621,7.888077
2/28/2022,2622,7.888146
2/28/2022,2623,7.888214
2/28/2022,2624,7.888283
2/28/2022,2625,7.888352
2/28/2022,2626,7.88842
2/28/2022,2627,7.888489
2/28/2022,2628,7.888558
2/28/2022,2629,7.888626
2/28/2022,2630,7.888695
2/28/2022,2631,7.888764
2/28/2022,2632,7.888832
2/28/2022,2633,7.888901
2/28/2022,2634,7.88897
2/28/2022,2635,7.889038
2/28/2022,2636,7.889107
2/28/2022,2637,7.889176
2/28/2022,2638,7.889245
2/28/2022,2639,7.889313
2/28/2022,2640,7.889382
2/28/2022,2641,7.889451
2/28/2022,2642,7.889519
2/28/2022,2643,7.889588
2/28/2022,2644,7.889657
2/28/2022,2645,7.889725
2/28/2022,2646,7.889794
2/28/2022,2647,7.889863
2/28/2022,2648,7.889931
2/28/2022,2649,7.89
2/28/2022,2650,7.890082
2/28/2022,2651,7.890165
2/28/2022,2652,7.890247
2/28/2022,2653,7.89033
2/28/2022,2654,7.890412
2/28/2022,2655,7.890495
2/28/2022,2656,7.890577
2/28/2022,2657,7.890659
2/28/2022,2658,7.890742
2/28/2022,2659,7.890824
2/28/2022,2660,7.890907
2/28/2022,2661,7.890989
2/28/2022,2662,7.891071
2/28/2022,2663,7.891154
2/28/2022,2664,7.891236
2/28/2022,2665,7.891319
2/28/2022,2666,7.891401
2/28/2022,2667,7.891484
2/28/2022,2668,7.891566
2/28/2022,2669,7.891648
2/28/2022,2670,7.891731
2/28/2022,2671,7.891813
2/28/2022,2672,7.891896
2/28/2022,2673,7.891978
2/28/2022,2674,7.89206
2/28/2022,2675,7.892143
2/28/2022,2676,7.892225
2/28/2022,2677,7.892308
2/28/2022,2678,7.89239
2/28/2022,2679,7.892473
2/28/2022,2680,7.892555
2/28/2022,2681,7.892637
2/28/2022,2682,7.89272
2/28/2022,2683,7.892802
2/28/2022,2684,7.892885
2/28/2022,2685,7.892967
2/28/2022,2686,7.893049
2/28/2022,2687,7.893132
2/28/2022,2688,7.893214
2/28/2022,2689,7.893297
2/28/2022,2690,7.893379
2/28/2022,2691,7.893462
2/28/2022,2692,7.893544
2/28/2022,2693,7.893626
2/28/2022,2694,7.893709
2/28/2022,2695,7.893791
2/28/2022,2696,7.893874
2/28/2022,2697,7.893956
2/28/2022,2698,7.894038
2/28/2022,2699,7.894121
2/28/2022,2700,7.894203
2/28/2022,2701,7.894286
2/28/2022,2702,7.894368
2/28/2022,2703,7.894451
2/28/2022,2704,7.894533
2/28/2022,2705,7.894615
2/28/2022,2706,7.894698
2/28/2022,2707,7.89478
2/28/2022,2708,7.894863
2/28/2022,2709,7.894945
2/28/2022,2710,7.895027
2/28/2022,2711,7.89511
2/28/2022,2712,7.895192
2/28/2022,2713,7.895275
2/28/2022,2714,7.895357
2/28/2022,2715,7.89544
2/28/2022,2716,7.895522
2/28/2022,2717,7.895604
2/28/2022,2718,7.895687
2/28/2022,2719,7.895769
2/28/2022,2720,7.895852
2/28/2022,2721,7.895934
2/28/2022,2722,7.896016
2/28/2022,2723,7.896099
2/28/2022,2724,7.896181
2/28/2022,2725,7.896264
2/28/2022,2726,7.896346
2/28/2022,2727,7.896429
2/28/2022,2728,7.896511
2/28/2022,2729,7.896593
2/28/2022,2730,7.896676
2/28/2022,2731,7.896758
2/28/2022,2732,7.896841
2/28/2022,2733,7.896923
2/28/2022,2734,7.897005
2/28/2022,2735,7.897088
2/28/2022,2736,7.89717
2/28/2022,2737,7.897253
2/28/2022,2738,7.897335
2/28/2022,2739,7.897418
2/28/2022,2740,7.8975
2/28/2022,2741,7.897582
2/28/2022,2742,7.897665
2/28/2022,2743,7.897747
2/28/2022,2744,7.89783
2/28/2022,2745,7.897912
2/28/2022,2746,7.897995
2/28/2022,2747,7.898077
2/28/2022,2748,7.898159
2/28/2022,2749,7.898242
2/28/2022,2750,7.898324
2/28/2022,2751,7.898407
2/28/2022,2752,7.898489
2/28/2022,2753,7.898571
2/28/2022,2754,7.898654
2/28/2022,2755,7.898736
2/28/2022,2756,7.898819
2/28/2022,2757,7.898901
2/28/2022,2758,7.898984
2/28/2022,2759,7.899066
2/28/2022,2760,7.899148
2/28/2022,2761,7.899231
2/28/2022,2762,7.899313
2/28/2022,2763,7.899396
2/28/2022,2764,7.899478
2/28/2022,2765,7.89956
2/28/2022,2766,7.899643
2/28/2022,2767,7.899725
2/28/2022,2768,7.899808
2/28/2022,2769,7.89989
2/28/2022,2770,7.899973
2/28/2022,2771,7.900055
2/28/2022,2772,7.900137
2/28/2022,2773,7.90022
2/28/2022,2774,7.900302
2/28/2022,2775,7.900385
2/28/2022,2776,7.900467
2/28/2022,2777,7.900549
2/28/2022,2778,7.900632
2/28/2022,2779,7.900714
2/28/2022,2780,7.900797
2/28/2022,2781,7.900879
2/28/2022,2782,7.900962
2/28/2022,2783,7.901044
2/28/2022,2784,7.901126
2/28/2022,2785,7.901209
2/28/2022,2786,7.901291
2/28/2022,2787,7.901374
2/28/2022,2788,7.901456
2/28/2022,2789,7.901538
2/28/2022,2790,7.901621
2/28/2022,2791,7.901703
2/28/2022,2792,7.901786
2/28/2022,2793,7.901868
2/28/2022,2794,7.901951
2/28/2022,2795,7.902033
2/28/2022,2796,7.902115
2/28/2022,2797,7.902198
2/28/2022,2798,7.90228
2/28/2022,2799,7.902363
2/28/2022,2800,7.902445
2/28/2022,2801,7.902527
2/28/2022,2802,7.90261
2/28/2022,2803,7.902692
2/28/2022,2804,7.902775
2/28/2022,2805,7.902857
2/28/2022,2806,7.90294
2/28/2022,2807,7.903022
2/28/2022,2808,7.903104
2/28/2022,2809,7.903187
2/28/2022,2810,7.903269
2/28/2022,2811,7.903352
2/28/2022,2812,7.903434
2/28/2022,2813,7.903516
2/28/2022,2814,7.903599
2/28/2022,2815,7.903681
2/28/2022,2816,7.903764
2/28/2022,2817,7.903846
2/28/2022,2818,7.903929
2/28/2022,2819,7.904011
2/28/2022,2820,7.904093
2/28/2022,2821,7.904176
2/28/2022,2822,7.904258
2/28/2022,2823,7.904341
2/28/2022,2824,7.904423
2/28/2022,2825,7.904505
2/28/2022,2826,7.904588
2/28/2022,2827,7.90467
2/28/2022,2828,7.904753
2/28/2022,2829,7.904835
2/28/2022,2830,7.904918
2/28/2022,2831,7.905
2/28/2022,2832,7.905082
2/28/2022,2833,7.905165
2/28/2022,2834,7.905247
2/28/2022,2835,7.90533
2/28/2022,2836,7.905412
2/28/2022,2837,7.905495
2/28/2022,2838,7.905577
2/28/2022,2839,7.905659
2/28/2022,2840,7.905742
2/28/2022,2841,7.905824
2/28/2022,2842,7.905907
2/28/2022,2843,7.905989
2/28/2022,2844,7.906071
2/28/2022,2845,7.906154
2/28/2022,2846,7.906236
2/28/2022,2847,7.906319
2/28/2022,2848,7.906401
2/28/2022,2849,7.906484
2/28/2022,2850,7.906566
2/28/2022,2851,7.906648
2/28/2022,2852,7.906731
2/28/2022,2853,7.906813
2/28/2022,2854,7.906896
2/28/2022,2855,7.906978
2/28/2022,2856,7.90706
2/28/2022,2857,7.907143
2/28/2022,2858,7.907225
2/28/2022,2859,7.907308
2/28/2022,2860,7.90739
2/28/2022,2861,7.907473
2/28/2022,2862,7.907555
2/28/2022,2863,7.907637
2/28/2022,2864,7.90772
2/28/2022,2865,7.907802
2/28/2022,2866,7.907885
2/28/2022,2867,7.907967
2/28/2022,2868,7.908049
2/28/2022,2869,7.908132
2/28/2022,2870,7.908214
2/28/2022,2871,7.908297
2/28/2022,2872,7.908379
2/28/2022,2873,7.908462
2/28/2022,2874,7.908544
2/28/2022,2875,7.908626
2/28/2022,2876,7.908709
2/28/2022,2877,7.908791
2/28/2022,2878,7.908874
2/28/2022,2879,7.908956
2/28/2022,2880,7.909038
2/28/2022,2881,7.909121
2/28/2022,2882,7.909203
2/28/2022,2883,7.909286
2/28/2022,2884,7.909368
2/28/2022,2885,7.909451
2/28/2022,2886,7.909533
2/28/2022,2887,7.909615
2/28/2022,2888,7.909698
2/28/2022,2889,7.90978
2/28/2022,2890,7.909863
2/28/2022,2891,7.909945
2/28/2022,2892,7.910027
2/28/2022,2893,7.91011
2/28/2022,2894,7.910192
2/28/2022,2895,7.910275
2/28/2022,2896,7.910357
2/28/2022,2897,7.91044
2/28/2022,2898,7.910522
2/28/2022,2899,7.910604
2/28/2022,2900,7.910687
2/28/2022,2901,7.910769
2/28/2022,2902,7.910852
2/28/2022,2903,7.910934
2/28/2022,2904,7.911016
2/28/2022,2905,7.911099
2/28/2022,2906,7.911181
2/28/2022,2907,7.911264
2/28/2022,2908,7.911346
2/28/2022,2909,7.911429
2/28/2022,2910,7.911511
2/28/2022,2911,7.911593
2/28/2022,2912,7.911676
2/28/2022,2913,7.911758
2/28/2022,2914,7.911841
2/28/2022,2915,7.911923
2/28/2022,2916,7.912005
2/28/2022,2917,7.912088
2/28/2022,2918,7.91217
2/28/2022,2919,7.912253
2/28/2022,2920,7.912335
2/28/2022,2921,7.912418
2/28/2022,2922,7.9125
2/28/2022,2923,7.912582
2/28/2022,2924,7.912665
2/28/2022,2925,7.912747
2/28/2022,2926,7.91283
2/28/2022,2927,7.912912
2/28/2022,2928,7.912995
2/28/2022,2929,7.913077
2/28/2022,2930,7.913159
2/28/2022,2931,7.913242
2/28/2022,2932,7.913324
2/28/2022,2933,7.913407
2/28/2022,2934,7.913489
2/28/2022,2935,7.913571
2/28/2022,2936,7.913654
2/28/2022,2937,7.913736
2/28/2022,2938,7.913819
2/28/2022,2939,7.913901
2/28/2022,2940,7.913984
2/28/2022,2941,7.914066
2/28/2022,2942,7.914148
2/28/2022,2943,7.914231
2/28/2022,2944,7.914313
2/28/2022,2945,7.914396
2/28/2022,2946,7.914478
2/28/2022,2947,7.91456
2/28/2022,2948,7.914643
2/28/2022,2949,7.914725
2/28/2022,2950,7.914808
2/28/2022,2951,7.91489
2/28/2022,2952,7.914973
2/28/2022,2953,7.915055
2/28/2022,2954,7.915137
2/28/2022,2955,7.91522
2/28/2022,2956,7.915302
2/28/2022,2957,7.915385
2/28/2022,2958,7.915467
2/28/2022,2959,7.915549
2/28/2022,2960,7.915632
2/28/2022,2961,7.915714
2/28/2022,2962,7.915797
2/28/2022,2963,7.915879
2/28/2022,2964,7.915962
2/28/2022,2965,7.916044
2/28/2022,2966,7.916126
2/28/2022,2967,7.916209
2/28/2022,2968,7.916291
2/28/2022,2969,7.916374
2/28/2022,2970,7.916456
2/28/2022,2971,7.916538
2/28/2022,2972,7.916621
2/28/2022,2973,7.916703
2/28/2022,2974,7.916786
2/28/2022,2975,7.916868
2/28/2022,2976,7.916951
2/28/2022,2977,7.917033
2/28/2022,2978,7.917115
2/28/2022,2979,7.917198
2/28/2022,2980,7.91728
2/28/2022,2981,7.917363
2/28/2022,2982,7.917445
2/28/2022,2983,7.917527
2/28/2022,2984,7.91761
2/28/2022,2985,7.917692
2/28/2022,2986,7.917775
2/28/2022,2987,7.917857
2/28/2022,2988,7.91794
2/28/2022,2989,7.918022
2/28/2022,2990,7.918104
2/28/2022,2991,7.918187
2/28/2022,2992,7.918269
2/28/2022,2993,7.918352
2/28/2022,2994,7.918434
2/28/2022,2995,7.918516
2/28/2022,2996,7.918599
2/28/2022,2997,7.918681
2/28/2022,2998,7.918764
2/28/2022,2999,7.918846
2/28/2022,3000,7.918929
2/28/2022,3001,7.919011
2/28/2022,3002,7.919093
2/28/2022,3003,7.919176
2/28/2022,3004,7.919258
2/28/2022,3005,7.919341
2/28/2022,3006,7.919423
2/28/2022,3007,7.919505
2/28/2022,3008,7.919588
2/28/2022,3009,7.91967
2/28/2022,3010,7.919753
2/28/2022,3011,7.919835
2/28/2022,3012,7.919918
2/28/2022,3013,7.92
2/28/2022,3014,7.920082
2/28/2022,3015,7.920165
2/28/2022,3016,7.920247
2/28/2022,3017,7.92033
2/28/2022,3018,7.920412
2/28/2022,3019,7.920495
2/28/2022,3020,7.920577
2/28/2022,3021,7.920659
2/28/2022,3022,7.920742
2/28/2022,3023,7.920824
2/28/2022,3024,7.920907
2/28/2022,3025,7.920989
2/28/2022,3026,7.921071
2/28/2022,3027,7.921154
2/28/2022,3028,7.921236
2/28/2022,3029,7.921319
2/28/2022,3030,7.921401
2/28/2022,3031,7.921484
2/28/2022,3032,7.921566
2/28/2022,3033,7.921648
2/28/2022,3034,7.921731
2/28/2022,3035,7.921813
2/28/2022,3036,7.921896
2/28/2022,3037,7.921978
2/28/2022,3038,7.92206
2/28/2022,3039,7.922143
2/28/2022,3040,7.922225
2/28/2022,3041,7.922308
2/28/2022,3042,7.92239
2/28/2022,3043,7.922473
2/28/2022,3044,7.922555
2/28/2022,3045,7.922637
2/28/2022,3046,7.92272
2/28/2022,3047,7.922802
2/28/2022,3048,7.922885
2/28/2022,3049,7.922967
2/28/2022,3050,7.923049
2/28/2022,3051,7.923132
2/28/2022,3052,7.923214
2/28/2022,3053,7.923297
2/28/2022,3054,7.923379
2/28/2022,3055,7.923462
2/28/2022,3056,7.923544
2/28/2022,3057,7.923626
2/28/2022,3058,7.923709
2/28/2022,3059,7.923791
2/28/2022,3060,7.923874
2/28/2022,3061,7.923956
2/28/2022,3062,7.924038
2/28/2022,3063,7.924121
2/28/2022,3064,7.924203
2/28/2022,3065,7.924286
2/28/2022,3066,7.924368
2/28/2022,3067,7.924451
2/28/2022,3068,7.924533
2/28/2022,3069,7.924615
2/28/2022,3070,7.924698
2/28/2022,3071,7.92478
2/28/2022,3072,7.924863
2/28/2022,3073,7.924945
2/28/2022,3074,7.925027
2/28/2022,3075,7.92511
2/28/2022,3076,7.925192
2/28/2022,3077,7.925275
2/28/2022,3078,7.925357
2/28/2022,3079,7.92544
2/28/2022,3080,7.925522
2/28/2022,3081,7.925604
2/28/2022,3082,7.925687
2/28/2022,3083,7.925769
2/28/2022,3084,7.925852
2/28/2022,3085,7.925934
2/28/2022,3086,7.926016
2/28/2022,3087,7.926099
2/28/2022,3088,7.926181
2/28/2022,3089,7.926264
2/28/2022,3090,7.926346
2/28/2022,3091,7.926429
2/28/2022,3092,7.926511
2/28/2022,3093,7.926593
2/28/2022,3094,7.926676
2/28/2022,3095,7.926758
2/28/2022,3096,7.926841
2/28/2022,3097,7.926923
2/28/2022,3098,7.927005
2/28/2022,3099,7.927088
2/28/2022,3100,7.92717
2/28/2022,3101,7.927253
2/28/2022,3102,7.927335
2/28/2022,3103,7.927418
2/28/2022,3104,7.9275
2/28/2022,3105,7.927582
2/28/2022,3106,7.927665
2/28/2022,3107,7.927747
2/28/2022,3108,7.92783
2/28/2022,3109,7.927912
2/28/2022,3110,7.927995
2/28/2022,3111,7.928077
2/28/2022,3112,7.928159
2/28/2022,3113,7.928242
2/28/2022,3114,7.928324
2/28/2022,3115,7.928407
2/28/2022,3116,7.928489
2/28/2022,3117,7.928571
2/28/2022,3118,7.928654
2/28/2022,3119,7.928736
2/28/2022,3120,7.928819
2/28/2022,3121,7.928901
2/28/2022,3122,7.928984
2/28/2022,3123,7.929066
2/28/2022,3124,7.929148
2/28/2022,3125,7.929231
2/28/2022,3126,7.929313
2/28/2022,3127,7.929396
2/28/2022,3128,7.929478
2/28/2022,3129,7.92956
2/28/2022,3130,7.929643
2/28/2022,3131,7.929725
2/28/2022,3132,7.929808
2/28/2022,3133,7.92989
2/28/2022,3134,7.929973
2/28/2022,3135,7.930055
2/28/2022,3136,7.930137
2/28/2022,3137,7.93022
2/28/2022,3138,7.930302
2/28/2022,3139,7.930385
2/28/2022,3140,7.930467
2/28/2022,3141,7.930549
2/28/2022,3142,7.930632
2/28/2022,3143,7.930714
2/28/2022,3144,7.930797
2/28/2022,3145,7.930879
2/28/2022,3146,7.930962
2/28/2022,3147,7.931044
2/28/2022,3148,7.931126
2/28/2022,3149,7.931209
2/28/2022,3150,7.931291
2/28/2022,3151,7.931374
2/28/2022,3152,7.931456
2/28/2022,3153,7.931538
2/28/2022,3154,7.931621
2/28/2022,3155,7.931703
2/28/2022,3156,7.931786
2/28/2022,3157,7.931868
2/28/2022,3158,7.931951
2/28/2022,3159,7.932033
2/28/2022,3160,7.932115
2/28/2022,3161,7.932198
2/28/2022,3162,7.93228
2/28/2022,3163,7.932363
2/28/2022,3164,7.932445
2/28/2022,3165,7.932527
2/28/2022,3166,7.93261
2/28/2022,3167,7.932692
2/28/2022,3168,7.932775
2/28/2022,3169,7.932857
2/28/2022,3170,7.93294
2/28/2022,3171,7.933022
2/28/2022,3172,7.933104
2/28/2022,3173,7.933187
2/28/2022,3174,7.933269
2/28/2022,3175,7.933352
2/28/2022,3176,7.933434
2/28/2022,3177,7.933516
2/28/2022,3178,7.933599
2/28/2022,3179,7.933681
2/28/2022,3180,7.933764
2/28/2022,3181,7.933846
2/28/2022,3182,7.933929
2/28/2022,3183,7.934011
2/28/2022,3184,7.934093
2/28/2022,3185,7.934176
2/28/2022,3186,7.934258
2/28/2022,3187,7.934341
2/28/2022,3188,7.934423
2/28/2022,3189,7.934505
2/28/2022,3190,7.934588
2/28/2022,3191,7.93467
2/28/2022,3192,7.934753
2/28/2022,3193,7.934835
2/28/2022,3194,7.934918
2/28/2022,3195,7.935
2/28/2022,3196,7.935082
2/28/2022,3197,7.935165
2/28/2022,3198,7.935247
2/28/2022,3199,7.93533
2/28/2022,3200,7.935412
2/28/2022,3201,7.935495
2/28/2022,3202,7.935577
2/28/2022,3203,7.935659
2/28/2022,3204,7.935742
2/28/2022,3205,7.935824
2/28/2022,3206,7.935907
2/28/2022,3207,7.935989
2/28/2022,3208,7.936071
2/28/2022,3209,7.936154
2/28/2022,3210,7.936236
2/28/2022,3211,7.936319
2/28/2022,3212,7.936401
2/28/2022,3213,7.936484
2/28/2022,3214,7.936566
2/28/2022,3215,7.936648
2/28/2022,3216,7.936731
2/28/2022,3217,7.936813
2/28/2022,3218,7.936896
2/28/2022,3219,7.936978
2/28/2022,3220,7.93706
2/28/2022,3221,7.937143
2/28/2022,3222,7.937225
2/28/2022,3223,7.937308
2/28/2022,3224,7.93739
2/28/2022,3225,7.937473
2/28/2022,3226,7.937555
2/28/2022,3227,7.937637
2/28/2022,3228,7.93772
2/28/2022,3229,7.937802
2/28/2022,3230,7.937885
2/28/2022,3231,7.937967
2/28/2022,3232,7.938049
2/28/2022,3233,7.938132
2/28/2022,3234,7.938214
2/28/2022,3235,7.938297
2/28/2022,3236,7.938379
2/28/2022,3237,7.938462
2/28/2022,3238,7.938544
2/28/2022,3239,7.938626
2/28/2022,3240,7.938709
2/28/2022,3241,7.938791
2/28/2022,3242,7.938874
2/28/2022,3243,7.938956
2/28/2022,3244,7.939038
2/28/2022,3245,7.939121
2/28/2022,3246,7.939203
2/28/2022,3247,7.939286
2/28/2022,3248,7.939368
2/28/2022,3249,7.939451
2/28/2022,3250,7.939533
2/28/2022,3251,7.939615
2/28/2022,3252,7.939698
2/28/2022,3253,7.93978
2/28/2022,3254,7.939863
2/28/2022,3255,7.939945
2/28/2022,3256,7.940027
2/28/2022,3257,7.94011
2/28/2022,3258,7.940192
2/28/2022,3259,7.940275
2/28/2022,3260,7.940357
2/28/2022,3261,7.94044
2/28/2022,3262,7.940522
2/28/2022,3263,7.940604
2/28/2022,3264,7.940687
2/28/2022,3265,7.940769
2/28/2022,3266,7.940852
2/28/2022,3267,7.940934
2/28/2022,3268,7.941016
2/28/2022,3269,7.941099
2/28/2022,3270,7.941181
2/28/2022,3271,7.941264
2/28/2022,3272,7.941346
2/28/2022,3273,7.941429
2/28/2022,3274,7.941511
2/28/2022,3275,7.941593
2/28/2022,3276,7.941676
2/28/2022,3277,7.941758
2/28/2022,3278,7.941841
2/28/2022,3279,7.941923
2/28/2022,3280,7.942005
2/28/2022,3281,7.942088
2/28/2022,3282,7.94217
2/28/2022,3283,7.942253
2/28/2022,3284,7.942335
2/28/2022,3285,7.942418
2/28/2022,3286,7.9425
2/28/2022,3287,7.942582
2/28/2022,3288,7.942665
2/28/2022,3289,7.942747
2/28/2022,3290,7.94283
2/28/2022,3291,7.942912
2/28/2022,3292,7.942995
2/28/2022,3293,7.943077
2/28/2022,3294,7.943159
2/28/2022,3295,7.943242
2/28/2022,3296,7.943324
2/28/2022,3297,7.943407
2/28/2022,3298,7.943489
2/28/2022,3299,7.943571
2/28/2022,3300,7.943654
2/28/2022,3301,7.943736
2/28/2022,3302,7.943819
2/28/2022,3303,7.943901
2/28/2022,3304,7.943984
2/28/2022,3305,7.944066
2/28/2022,3306,7.944148
2/28/2022,3307,7.944231
2/28/2022,3308,7.944313
2/28/2022,3309,7.944396
2/28/2022,3310,7.944478
2/28/2022,3311,7.94456
2/28/2022,3312,7.944643
2/28/2022,3313,7.944725
2/28/2022,3314,7.944808
2/28/2022,3315,7.94489
2/28/2022,3316,7.944973
2/28/2022,3317,7.945055
2/28/2022,3318,7.945137
2/28/2022,3319,7.94522
2/28/2022,3320,7.945302
2/28/2022,3321,7.945385
2/28/2022,3322,7.945467
2/28/2022,3323,7.945549
2/28/2022,3324,7.945632
2/28/2022,3325,7.945714
2/28/2022,3326,7.945797
2/28/2022,3327,7.945879
2/28/2022,3328,7.945962
2/28/2022,3329,7.946044
2/28/2022,3330,7.946126
2/28/2022,3331,7.946209
2/28/2022,3332,7.946291
2/28/2022,3333,7.946374
2/28/2022,3334,7.946456
2/28/2022,3335,7.946538
2/28/2022,3336,7.946621
2/28/2022,3337,7.946703
2/28/2022,3338,7.946786
2/28/2022,3339,7.946868
2/28/2022,3340,7.946951
2/28/2022,3341,7.947033
2/28/2022,3342,7.947115
2/28/2022,3343,7.947198
2/28/2022,3344,7.94728
2/28/2022,3345,7.947363
2/28/2022,3346,7.947445
2/28/2022,3347,7.947527
2/28/2022,3348,7.94761
2/28/2022,3349,7.947692
2/28/2022,3350,7.947775
2/28/2022,3351,7.947857
2/28/2022,3352,7.94794
2/28/2022,3353,7.948022
2/28/2022,3354,7.948104
2/28/2022,3355,7.948187
2/28/2022,3356,7.948269
2/28/2022,3357,7.948352
2/28/2022,3358,7.948434
2/28/2022,3359,7.948516
2/28/2022,3360,7.948599
2/28/2022,3361,7.948681
2/28/2022,3362,7.948764
2/28/2022,3363,7.948846
2/28/2022,3364,7.948929
2/28/2022,3365,7.949011
2/28/2022,3366,7.949093
2/28/2022,3367,7.949176
2/28/2022,3368,7.949258
2/28/2022,3369,7.949341
2/28/2022,3370,7.949423
2/28/2022,3371,7.949505
2/28/2022,3372,7.949588
2/28/2022,3373,7.94967
2/28/2022,3374,7.949753
2/28/2022,3375,7.949835
2/28/2022,3376,7.949918
2/28/2022,3377,7.95
2/28/2022,3378,7.950047
2/28/2022,3379,7.950094
2/28/2022,3380,7.950141
2/28/2022,3381,7.950188
2/28/2022,3382,7.950235
2/28/2022,3383,7.950283
2/28/2022,3384,7.95033
2/28/2022,3385,7.950377
2/28/2022,3386,7.950424
2/28/2022,3387,7.950471
2/28/2022,3388,7.950518
2/28/2022,3389,7.950565
2/28/2022,3390,7.950612
2/28/2022,3391,7.950659
2/28/2022,3392,7.950706
2/28/2022,3393,7.950754
2/28/2022,3394,7.950801
2/28/2022,3395,7.950848
2/28/2022,3396,7.950895
2/28/2022,3397,7.950942
2/28/2022,3398,7.950989
2/28/2022,3399,7.951036
2/28/2022,3400,7.951083
2/28/2022,3401,7.95113
2/28/2022,3402,7.951177
2/28/2022,3403,7.951224
2/28/2022,3404,7.951272
2/28/2022,3405,7.951319
2/28/2022,3406,7.951366
2/28/2022,3407,7.951413
2/28/2022,3408,7.95146
2/28/2022,3409,7.951507
2/28/2022,3410,7.951554
2/28/2022,3411,7.951601
2/28/2022,3412,7.951648
2/28/2022,3413,7.951695
2/28/2022,3414,7.951743
2/28/2022,3415,7.95179
2/28/2022,3416,7.951837
2/28/2022,3417,7.951884
2/28/2022,3418,7.951931
2/28/2022,3419,7.951978
2/28/2022,3420,7.952025
2/28/2022,3421,7.952072
2/28/2022,3422,7.952119
2/28/2022,3423,7.952166
2/28/2022,3424,7.952214
2/28/2022,3425,7.952261
2/28/2022,3426,7.952308
2/28/2022,3427,7.952355
2/28/2022,3428,7.952402
2/28/2022,3429,7.952449
2/28/2022,3430,7.952496
2/28/2022,3431,7.952543
2/28/2022,3432,7.95259
2/28/2022,3433,7.952637
2/28/2022,3434,7.952684
2/28/2022,3435,7.952732
2/28/2022,3436,7.952779
2/28/2022,3437,7.952826
2/28/2022,3438,7.952873
2/28/2022,3439,7.95292
2/28/2022,3440,7.952967
2/28/2022,3441,7.953014
2/28/2022,3442,7.953061
2/28/2022,3443,7.953108
2/28/2022,3444,7.953155
2/28/2022,3445,7.953203
2/28/2022,3446,7.95325
2/28/2022,3447,7.953297
2/28/2022,3448,7.953344
2/28/2022,3449,7.953391
2/28/2022,3450,7.953438
2/28/2022,3451,7.953485
2/28/2022,3452,7.953532
2/28/2022,3453,7.953579
2/28/2022,3454,7.953626
2/28/2022,3455,7.953673
2/28/2022,3456,7.953721
2/28/2022,3457,7.953768
2/28/2022,3458,7.953815
2/28/2022,3459,7.953862
2/28/2022,3460,7.953909
2/28/2022,3461,7.953956
2/28/2022,3462,7.954003
2/28/2022,3463,7.95405
2/28/2022,3464,7.954097
2/28/2022,3465,7.954144
2/28/2022,3466,7.954192
2/28/2022,3467,7.954239
2/28/2022,3468,7.954286
2/28/2022,3469,7.954333
2/28/2022,3470,7.95438
2/28/2022,3471,7.954427
2/28/2022,3472,7.954474
2/28/2022,3473,7.954521
2/28/2022,3474,7.954568
2/28/2022,3475,7.954615
2/28/2022,3476,7.954662
2/28/2022,3477,7.95471
2/28/2022,3478,7.954757
2/28/2022,3479,7.954804
2/28/2022,3480,7.954851
2/28/2022,3481,7.954898
2/28/2022,3482,7.954945
2/28/2022,3483,7.954992
2/28/2022,3484,7.955039
2/28/2022,3485,7.955086
2/28/2022,3486,7.955133
2/28/2022,3487,7.955181
2/28/2022,3488,7.955228
2/28/2022,3489,7.955275
2/28/2022,3490,7.955322
2/28/2022,3491,7.955369
2/28/2022,3492,7.955416
2/28/2022,3493,7.955463
2/28/2022,3494,7.95551
2/28/2022,3495,7.955557
2/28/2022,3496,7.955604
2/28/2022,3497,7.955651
2/28/2022,3498,7.955699
2/28/2022,3499,7.955746
2/28/2022,3500,7.955793
2/28/2022,3501,7.95584
2/28/2022,3502,7.955887
2/28/2022,3503,7.955934
2/28/2022,3504,7.955981
2/28/2022,3505,7.956028
2/28/2022,3506,7.956075
2/28/2022,3507,7.956122
2/28/2022,3508,7.95617
2/28/2022,3509,7.956217
2/28/2022,3510,7.956264
2/28/2022,3511,7.956311
2/28/2022,3512,7.956358
2/28/2022,3513,7.956405
2/28/2022,3514,7.956452
2/28/2022,3515,7.956499
2/28/2022,3516,7.956546
2/28/2022,3517,7.956593
2/28/2022,3518,7.956641
2/28/2022,3519,7.956688
2/28/2022,3520,7.956735
2/28/2022,3521,7.956782
2/28/2022,3522,7.956829
2/28/2022,3523,7.956876
2/28/2022,3524,7.956923
2/28/2022,3525,7.95697
2/28/2022,3526,7.957017
2/28/2022,3527,7.957064
2/28/2022,3528,7.957111
2/28/2022,3529,7.957159
2/28/2022,3530,7.957206
2/28/2022,3531,7.957253
2/28/2022,3532,7.9573
2/28/2022,3533,7.957347
2/28/2022,3534,7.957394
2/28/2022,3535,7.957441
2/28/2022,3536,7.957488
2/28/2022,3537,7.957535
2/28/2022,3538,7.957582
2/28/2022,3539,7.95763
2/28/2022,3540,7.957677
2/28/2022,3541,7.957724
2/28/2022,3542,7.957771
2/28/2022,3543,7.957818
2/28/2022,3544,7.957865
2/28/2022,3545,7.957912
2/28/2022,3546,7.957959
2/28/2022,3547,7.958006
2/28/2022,3548,7.958053
2/28/2022,3549,7.9581
2/28/2022,3550,7.958148
2/28/2022,3551,7.958195
2/28/2022,3552,7.958242
2/28/2022,3553,7.958289
2/28/2022,3554,7.958336
2/28/2022,3555,7.958383
2/28/2022,3556,7.95843
2/28/2022,3557,7.958477
2/28/2022,3558,7.958524
2/28/2022,3559,7.958571
2/28/2022,3560,7.958619
2/28/2022,3561,7.958666
2/28/2022,3562,7.958713
2/28/2022,3563,7.95876
2/28/2022,3564,7.958807
2/28/2022,3565,7.958854
2/28/2022,3566,7.958901
2/28/2022,3567,7.958948
2/28/2022,3568,7.958995
2/28/2022,3569,7.959042
2/28/2022,3570,7.959089
2/28/2022,3571,7.959137
2/28/2022,3572,7.959184
2/28/2022,3573,7.959231
2/28/2022,3574,7.959278
2/28/2022,3575,7.959325
2/28/2022,3576,7.959372
2/28/2022,3577,7.959419
2/28/2022,3578,7.959466
2/28/2022,3579,7.959513
2/28/2022,3580,7.95956
2/28/2022,3581,7.959608
2/28/2022,3582,7.959655
2/28/2022,3583,7.959702
2/28/2022,3584,7.959749
2/28/2022,3585,7.959796
2/28/2022,3586,7.959843
2/28/2022,3587,7.95989
2/28/2022,3588,7.959937
2/28/2022,3589,7.959984
2/28/2022,3590,7.960031
2/28/2022,3591,7.960078
2/28/2022,3592,7.960126
2/28/2022,3593,7.960173
2/28/2022,3594,7.96022
2/28/2022,3595,7.960267
2/28/2022,3596,7.960314
2/28/2022,3597,7.960361
2/28/2022,3598,7.960408
2/28/2022,3599,7.960455
2/28/2022,3600,7.960502
2/28/2022,3601,7.960549
2/28/2022,3602,7.960597
2/28/2022,3603,7.960644
2/28/2022,3604,7.960691
2/28/2022,3605,7.960738
2/28/2022,3606,7.960785
2/28/2022,3607,7.960832
2/28/2022,3608,7.960879
2/28/2022,3609,7.960926
2/28/2022,3610,7.960973
2/28/2022,3611,7.96102
2/28/2022,3612,7.961068
2/28/2022,3613,7.961115
2/28/2022,3614,7.961162
2/28/2022,3615,7.961209
2/28/2022,3616,7.961256
2/28/2022,3617,7.961303
2/28/2022,3618,7.96135
2/28/2022,3619,7.961397
2/28/2022,3620,7.961444
2/28/2022,3621,7.961491
2/28/2022,3622,7.961538
2/28/2022,3623,7.961586
2/28/2022,3624,7.961633
2/28/2022,3625,7.96168
2/28/2022,3626,7.961727
2/28/2022,3627,7.961774
2/28/2022,3628,7.961821
2/28/2022,3629,7.961868
2/28/2022,3630,7.961915
2/28/2022,3631,7.961962
2/28/2022,3632,7.962009
2/28/2022,3633,7.962057
2/28/2022,3634,7.962104
2/28/2022,3635,7.962151
2/28/2022,3636,7.962198
2/28/2022,3637,7.962245
2/28/2022,3638,7.962292
2/28/2022,3639,7.962339
2/28/2022,3640,7.962386
2/28/2022,3641,7.962433
2/28/2022,3642,7.96248
2/28/2022,3643,7.962527
2/28/2022,3644,7.962575
2/28/2022,3645,7.962622
2/28/2022,3646,7.962669
2/28/2022,3647,7.962716
2/28/2022,3648,7.962763
2/28/2022,3649,7.96281
2/28/2022,3650,7.962857
2/28/2022,3651,7.962904
2/28/2022,3652,7.962951
2/28/2022,3653,7.962998
2/28/2022,3654,7.963046
2/28/2022,3655,7.963093
2/28/2022,3656,7.96314
2/28/2022,3657,7.963187
2/28/2022,3658,7.963234
2/28/2022,3659,7.963281
2/28/2022,3660,7.963328
2/28/2022,3661,7.963375
2/28/2022,3662,7.963422
2/28/2022,3663,7.963469
2/28/2022,3664,7.963516
2/28/2022,3665,7.963564
2/28/2022,3666,7.963611
2/28/2022,3667,7.963658
2/28/2022,3668,7.963705
2/28/2022,3669,7.963752
2/28/2022,3670,7.963799
2/28/2022,3671,7.963846
2/28/2022,3672,7.963893
2/28/2022,3673,7.96394
2/28/2022,3674,7.963987
2/28/2022,3675,7.964035
2/28/2022,3676,7.964082
2/28/2022,3677,7.964129
2/28/2022,3678,7.964176
2/28/2022,3679,7.964223
2/28/2022,3680,7.96427
2/28/2022,3681,7.964317
2/28/2022,3682,7.964364
2/28/2022,3683,7.964411
2/28/2022,3684,7.964458
2/28/2022,3685,7.964505
2/28/2022,3686,7.964553
2/28/2022,3687,7.9646
2/28/2022,3688,7.964647
2/28/2022,3689,7.964694
2/28/2022,3690,7.964741
2/28/2022,3691,7.964788
2/28/2022,3692,7.964835
2/28/2022,3693,7.964882
2/28/2022,3694,7.964929
2/28/2022,3695,7.964976
2/28/2022,3696,7.965024
2/28/2022,3697,7.965071
2/28/2022,3698,7.965118
2/28/2022,3699,7.965165
2/28/2022,3700,7.965212
2/28/2022,3701,7.965259
2/28/2022,3702,7.965306
2/28/2022,3703,7.965353
2/28/2022,3704,7.9654
2/28/2022,3705,7.965447
2/28/2022,3706,7.965495
2/28/2022,3707,7.965542
2/28/2022,3708,7.965589
2/28/2022,3709,7.965636
2/28/2022,3710,7.965683
2/28/2022,3711,7.96573
2/28/2022,3712,7.965777
2/28/2022,3713,7.965824
2/28/2022,3714,7.965871
2/28/2022,3715,7.965918
2/28/2022,3716,7.965965
2/28/2022,3717,7.966013
2/28/2022,3718,7.96606
2/28/2022,3719,7.966107
2/28/2022,3720,7.966154
2/28/2022,3721,7.966201
2/28/2022,3722,7.966248
2/28/2022,3723,7.966295
2/28/2022,3724,7.966342
2/28/2022,3725,7.966389
2/28/2022,3726,7.966436
2/28/2022,3727,7.966484
2/28/2022,3728,7.966531
2/28/2022,3729,7.966578
2/28/2022,3730,7.966625
2/28/2022,3731,7.966672
2/28/2022,3732,7.966719
2/28/2022,3733,7.966766
2/28/2022,3734,7.966813
2/28/2022,3735,7.96686
2/28/2022,3736,7.966907
2/28/2022,3737,7.966954
2/28/2022,3738,7.967002
2/28/2022,3739,7.967049
2/28/2022,3740,7.967096
2/28/2022,3741,7.967143
2/28/2022,3742,7.96719
2/28/2022,3743,7.967237
2/28/2022,3744,7.967284
2/28/2022,3745,7.967331
2/28/2022,3746,7.967378
2/28/2022,3747,7.967425
2/28/2022,3748,7.967473
2/28/2022,3749,7.96752
2/28/2022,3750,7.967567
2/28/2022,3751,7.967614
2/28/2022,3752,7.967661
2/28/2022,3753,7.967708
2/28/2022,3754,7.967755
2/28/2022,3755,7.967802
2/28/2022,3756,7.967849
2/28/2022,3757,7.967896
2/28/2022,3758,7.967943
2/28/2022,3759,7.967991
2/28/2022,3760,7.968038
2/28/2022,3761,7.968085
2/28/2022,3762,7.968132
2/28/2022,3763,7.968179
2/28/2022,3764,7.968226
2/28/2022,3765,7.968273
2/28/2022,3766,7.96832
2/28/2022,3767,7.968367
2/28/2022,3768,7.968414
2/28/2022,3769,7.968462
2/28/2022,3770,7.968509
2/28/2022,3771,7.968556
2/28/2022,3772,7.968603
2/28/2022,3773,7.96865
2/28/2022,3774,7.968697
2/28/2022,3775,7.968744
2/28/2022,3776,7.968791
2/28/2022,3777,7.968838
2/28/2022,3778,7.968885
2/28/2022,3779,7.968932
2/28/2022,3780,7.96898
2/28/2022,3781,7.969027
2/28/2022,3782,7.969074
2/28/2022,3783,7.969121
2/28/2022,3784,7.969168
2/28/2022,3785,7.969215
2/28/2022,3786,7.969262
2/28/2022,3787,7.969309
2/28/2022,3788,7.969356
2/28/2022,3789,7.969403
2/28/2022,3790,7.969451
2/28/2022,3791,7.969498
2/28/2022,3792,7.969545
2/28/2022,3793,7.969592
2/28/2022,3794,7.969639
2/28/2022,3795,7.969686
2/28/2022,3796,7.969733
2/28/2022,3797,7.96978
2/28/2022,3798,7.969827
2/28/2022,3799,7.969874
2/28/2022,3800,7.969922
2/28/2022,3801,7.969969
2/28/2022,3802,7.970016
2/28/2022,3803,7.970063
2/28/2022,3804,7.97011
2/28/2022,3805,7.970157
2/28/2022,3806,7.970204
2/28/2022,3807,7.970251
2/28/2022,3808,7.970298
2/28/2022,3809,7.970345
2/28/2022,3810,7.970392
2/28/2022,3811,7.97044
2/28/2022,3812,7.970487
2/28/2022,3813,7.970534
2/28/2022,3814,7.970581
2/28/2022,3815,7.970628
2/28/2022,3816,7.970675
2/28/2022,3817,7.970722
2/28/2022,3818,7.970769
2/28/2022,3819,7.970816
2/28/2022,3820,7.970863
2/28/2022,3821,7.970911
2/28/2022,3822,7.970958
2/28/2022,3823,7.971005
2/28/2022,3824,7.971052
2/28/2022,3825,7.971099
2/28/2022,3826,7.971146
2/28/2022,3827,7.971193
2/28/2022,3828,7.97124
2/28/2022,3829,7.971287
2/28/2022,3830,7.971334
2/28/2022,3831,7.971381
2/28/2022,3832,7.971429
2/28/2022,3833,7.971476
2/28/2022,3834,7.971523
2/28/2022,3835,7.97157
2/28/2022,3836,7.971617
2/28/2022,3837,7.971664
2/28/2022,3838,7.971711
2/28/2022,3839,7.971758
2/28/2022,3840,7.971805
2/28/2022,3841,7.971852
2/28/2022,3842,7.9719
2/28/2022,3843,7.971947
2/28/2022,3844,7.971994
2/28/2022,3845,7.972041
2/28/2022,3846,7.972088
2/28/2022,3847,7.972135
2/28/2022,3848,7.972182
2/28/2022,3849,7.972229
2/28/2022,3850,7.972276
2/28/2022,3851,7.972323
2/28/2022,3852,7.97237
2/28/2022,3853,7.972418
2/28/2022,3854,7.972465
2/28/2022,3855,7.972512
2/28/2022,3856,7.972559
2/28/2022,3857,7.972606
2/28/2022,3858,7.972653
2/28/2022,3859,7.9727
2/28/2022,3860,7.972747
2/28/2022,3861,7.972794
2/28/2022,3862,7.972841
2/28/2022,3863,7.972889
2/28/2022,3864,7.972936
2/28/2022,3865,7.972983
2/28/2022,3866,7.97303
2/28/2022,3867,7.973077
2/28/2022,3868,7.973124
2/28/2022,3869,7.973171
2/28/2022,3870,7.973218
2/28/2022,3871,7.973265
2/28/2022,3872,7.973312
2/28/2022,3873,7.973359
2/28/2022,3874,7.973407
2/28/2022,3875,7.973454
2/28/2022,3876,7.973501
2/28/2022,3877,7.973548
2/28/2022,3878,7.973595
2/28/2022,3879,7.973642
2/28/2022,3880,7.973689
2/28/2022,3881,7.973736
2/28/2022,3882,7.973783
2/28/2022,3883,7.97383
2/28/2022,3884,7.973878
2/28/2022,3885,7.973925
2/28/2022,3886,7.973972
2/28/2022,3887,7.974019
2/28/2022,3888,7.974066
2/28/2022,3889,7.974113
2/28/2022,3890,7.97416
2/28/2022,3891,7.974207
2/28/2022,3892,7.974254
2/28/2022,3893,7.974301
2/28/2022,3894,7.974349
2/28/2022,3895,7.974396
2/28/2022,3896,7.974443
2/28/2022,3897,7.97449
2/28/2022,3898,7.974537
2/28/2022,3899,7.974584
2/28/2022,3900,7.974631
2/28/2022,3901,7.974678
2/28/2022,3902,7.974725
2/28/2022,3903,7.974772
2/28/2022,3904,7.974819
2/28/2022,3905,7.974867
2/28/2022,3906,7.974914
2/28/2022,3907,7.974961
2/28/2022,3908,7.975008
2/28/2022,3909,7.975055
2/28/2022,3910,7.975102
2/28/2022,3911,7.975149
2/28/2022,3912,7.975196
2/28/2022,3913,7.975243
2/28/2022,3914,7.97529
2/28/2022,3915,7.975338
2/28/2022,3916,7.975385
2/28/2022,3917,7.975432
2/28/2022,3918,7.975479
2/28/2022,3919,7.975526
2/28/2022,3920,7.975573
2/28/2022,3921,7.97562
2/28/2022,3922,7.975667
2/28/2022,3923,7.975714
2/28/2022,3924,7.975761
2/28/2022,3925,7.975808
2/28/2022,3926,7.975856
2/28/2022,3927,7.975903
2/28/2022,3928,7.97595
2/28/2022,3929,7.975997
2/28/2022,3930,7.976044
2/28/2022,3931,7.976091
2/28/2022,3932,7.976138
2/28/2022,3933,7.976185
2/28/2022,3934,7.976232
2/28/2022,3935,7.976279
2/28/2022,3936,7.976327
2/28/2022,3937,7.976374
2/28/2022,3938,7.976421
2/28/2022,3939,7.976468
2/28/2022,3940,7.976515
2/28/2022,3941,7.976562
2/28/2022,3942,7.976609
2/28/2022,3943,7.976656
2/28/2022,3944,7.976703
2/28/2022,3945,7.97675
2/28/2022,3946,7.976797
2/28/2022,3947,7.976845
2/28/2022,3948,7.976892
2/28/2022,3949,7.976939
2/28/2022,3950,7.976986
2/28/2022,3951,7.977033
2/28/2022,3952,7.97708
2/28/2022,3953,7.977127
2/28/2022,3954,7.977174
2/28/2022,3955,7.977221
2/28/2022,3956,7.977268
2/28/2022,3957,7.977316
2/28/2022,3958,7.977363
2/28/2022,3959,7.97741
2/28/2022,3960,7.977457
2/28/2022,3961,7.977504
2/28/2022,3962,7.977551
2/28/2022,3963,7.977598
2/28/2022,3964,7.977645
2/28/2022,3965,7.977692
2/28/2022,3966,7.977739
2/28/2022,3967,7.977786
2/28/2022,3968,7.977834
2/28/2022,3969,7.977881
2/28/2022,3970,7.977928
2/28/2022,3971,7.977975
2/28/2022,3972,7.978022
2/28/2022,3973,7.978069
2/28/2022,3974,7.978116
2/28/2022,3975,7.978163
2/28/2022,3976,7.97821
2/28/2022,3977,7.978257
2/28/2022,3978,7.978305
2/28/2022,3979,7.978352
2/28/2022,3980,7.978399
2/28/2022,3981,7.978446
2/28/2022,3982,7.978493
2/28/2022,3983,7.97854
2/28/2022,3984,7.978587
2/28/2022,3985,7.978634
2/28/2022,3986,7.978681
2/28/2022,3987,7.978728
2/28/2022,3988,7.978776
2/28/2022,3989,7.978823
2/28/2022,3990,7.97887
2/28/2022,3991,7.978917
2/28/2022,3992,7.978964
2/28/2022,3993,7.979011
2/28/2022,3994,7.979058
2/28/2022,3995,7.979105
2/28/2022,3996,7.979152
2/28/2022,3997,7.979199
2/28/2022,3998,7.979246
2/28/2022,3999,7.979294
2/28/2022,4000,7.979341
2/28/2022,4001,7.979388
2/28/2022,4002,7.979435
2/28/2022,4003,7.979482
2/28/2022,4004,7.979529
2/28/2022,4005,7.979576
2/28/2022,4006,7.979623
2/28/2022,4007,7.97967
2/28/2022,4008,7.979717
2/28/2022,4009,7.979765
2/28/2022,4010,7.979812
2/28/2022,4011,7.979859
2/28/2022,4012,7.979906
2/28/2022,4013,7.979953
2/28/2022,4014,7.98
2/28/2022,4015,7.980047
2/28/2022,4016,7.980094
2/28/2022,4017,7.980141
2/28/2022,4018,7.980188
2/28/2022,4019,7.980235
2/28/2022,4020,7.980283
2/28/2022,4021,7.98033
2/28/2022,4022,7.980377
2/28/2022,4023,7.980424
2/28/2022,4024,7.980471
2/28/2022,4025,7.980518
2/28/2022,4026,7.980565
2/28/2022,4027,7.980612
2/28/2022,4028,7.980659
2/28/2022,4029,7.980706
2/28/2022,4030,7.980754
2/28/2022,4031,7.980801
2/28/2022,4032,7.980848
2/28/2022,4033,7.980895
2/28/2022,4034,7.980942
2/28/2022,4035,7.980989
2/28/2022,4036,7.981036
2/28/2022,4037,7.981083
2/28/2022,4038,7.98113
2/28/2022,4039,7.981177
2/28/2022,4040,7.981224
2/28/2022,4041,7.981272
2/28/2022,4042,7.981319
2/28/2022,4043,7.981366
2/28/2022,4044,7.981413
2/28/2022,4045,7.98146
2/28/2022,4046,7.981507
2/28/2022,4047,7.981554
2/28/2022,4048,7.981601
2/28/2022,4049,7.981648
2/28/2022,4050,7.981695
2/28/2022,4051,7.981743
2/28/2022,4052,7.98179
2/28/2022,4053,7.981837
2/28/2022,4054,7.981884
2/28/2022,4055,7.981931
2/28/2022,4056,7.981978
2/28/2022,4057,7.982025
2/28/2022,4058,7.982072
2/28/2022,4059,7.982119
2/28/2022,4060,7.982166
2/28/2022,4061,7.982214
2/28/2022,4062,7.982261
2/28/2022,4063,7.982308
2/28/2022,4064,7.982355
2/28/2022,4065,7.982402
2/28/2022,4066,7.982449
2/28/2022,4067,7.982496
2/28/2022,4068,7.982543
2/28/2022,4069,7.98259
2/28/2022,4070,7.982637
2/28/2022,4071,7.982684
2/28/2022,4072,7.982732
2/28/2022,4073,7.982779
2/28/2022,4074,7.982826
2/28/2022,4075,7.982873
2/28/2022,4076,7.98292
2/28/2022,4077,7.982967
2/28/2022,4078,7.983014
2/28/2022,4079,7.983061
2/28/2022,4080,7.983108
2/28/2022,4081,7.983155
2/28/2022,4082,7.983203
2/28/2022,4083,7.98325
2/28/2022,4084,7.983297
2/28/2022,4085,7.983344
2/28/2022,4086,7.983391
2/28/2022,4087,7.983438
2/28/2022,4088,7.983485
2/28/2022,4089,7.983532
2/28/2022,4090,7.983579
2/28/2022,4091,7.983626
2/28/2022,4092,7.983673
2/28/2022,4093,7.983721
2/28/2022,4094,7.983768
2/28/2022,4095,7.983815
2/28/2022,4096,7.983862
2/28/2022,4097,7.983909
2/28/2022,4098,7.983956
2/28/2022,4099,7.984003
2/28/2022,4100,7.98405
2/28/2022,4101,7.984097
2/28/2022,4102,7.984144
2/28/2022,4103,7.984192
2/28/2022,4104,7.984239
2/28/2022,4105,7.984286
2/28/2022,4106,7.984333
2/28/2022,4107,7.98438
2/28/2022,4108,7.984427
2/28/2022,4109,7.984474
2/28/2022,4110,7.984521
2/28/2022,4111,7.984568
2/28/2022,4112,7.984615
2/28/2022,4113,7.984662
2/28/2022,4114,7.98471
2/28/2022,4115,7.984757
2/28/2022,4116,7.984804
2/28/2022,4117,7.984851
2/28/2022,4118,7.984898
2/28/2022,4119,7.984945
2/28/2022,4120,7.984992
2/28/2022,4121,7.985039
2/28/2022,4122,7.985086
2/28/2022,4123,7.985133
2/28/2022,4124,7.985181
2/28/2022,4125,7.985228
2/28/2022,4126,7.985275
2/28/2022,4127,7.985322
2/28/2022,4128,7.985369
2/28/2022,4129,7.985416
2/28/2022,4130,7.985463
2/28/2022,4131,7.98551
2/28/2022,4132,7.985557
2/28/2022,4133,7.985604
2/28/2022,4134,7.985651
2/28/2022,4135,7.985699
2/28/2022,4136,7.985746
2/28/2022,4137,7.985793
2/28/2022,4138,7.98584
2/28/2022,4139,7.985887
2/28/2022,4140,7.985934
2/28/2022,4141,7.985981
2/28/2022,4142,7.986028
2/28/2022,4143,7.986075
2/28/2022,4144,7.986122
2/28/2022,4145,7.98617
2/28/2022,4146,7.986217
2/28/2022,4147,7.986264
2/28/2022,4148,7.986311
2/28/2022,4149,7.986358
2/28/2022,4150,7.986405
2/28/2022,4151,7.986452
2/28/2022,4152,7.986499
2/28/2022,4153,7.986546
2/28/2022,4154,7.986593
2/28/2022,4155,7.986641
2/28/2022,4156,7.986688
2/28/2022,4157,7.986735
2/28/2022,4158,7.986782
2/28/2022,4159,7.986829
2/28/2022,4160,7.986876
2/28/2022,4161,7.986923
2/28/2022,4162,7.98697
2/28/2022,4163,7.987017
2/28/2022,4164,7.987064
2/28/2022,4165,7.987111
2/28/2022,4166,7.987159
2/28/2022,4167,7.987206
2/28/2022,4168,7.987253
2/28/2022,4169,7.9873
2/28/2022,4170,7.987347
2/28/2022,4171,7.987394
2/28/2022,4172,7.987441
2/28/2022,4173,7.987488
2/28/2022,4174,7.987535
2/28/2022,4175,7.987582
2/28/2022,4176,7.98763
2/28/2022,4177,7.987677
2/28/2022,4178,7.987724
2/28/2022,4179,7.987771
2/28/2022,4180,7.987818
2/28/2022,4181,7.987865
2/28/2022,4182,7.987912
2/28/2022,4183,7.987959
2/28/2022,4184,7.988006
2/28/2022,4185,7.988053
2/28/2022,4186,7.9881
2/28/2022,4187,7.988148
2/28/2022,4188,7.988195
2/28/2022,4189,7.988242
2/28/2022,4190,7.988289
2/28/2022,4191,7.988336
2/28/2022,4192,7.988383
2/28/2022,4193,7.98843
2/28/2022,4194,7.988477
2/28/2022,4195,7.988524
2/28/2022,4196,7.988571
2/28/2022,4197,7.988619
2/28/2022,4198,7.988666
2/28/2022,4199,7.988713
2/28/2022,4200,7.98876
2/28/2022,4201,7.988807
2/28/2022,4202,7.988854
2/28/2022,4203,7.988901
2/28/2022,4204,7.988948
2/28/2022,4205,7.988995
2/28/2022,4206,7.989042
2/28/2022,4207,7.989089
2/28/2022,4208,7.989137
2/28/2022,4209,7.989184
2/28/2022,4210,7.989231
2/28/2022,4211,7.989278
2/28/2022,4212,7.989325
2/28/2022,4213,7.989372
2/28/2022,4214,7.989419
2/28/2022,4215,7.989466
2/28/2022,4216,7.989513
2/28/2022,4217,7.98956
2/28/2022,4218,7.989608
2/28/2022,4219,7.989655
2/28/2022,4220,7.989702
2/28/2022,4221,7.989749
2/28/2022,4222,7.989796
2/28/2022,4223,7.989843
2/28/2022,4224,7.98989
2/28/2022,4225,7.989937
2/28/2022,4226,7.989984
2/28/2022,4227,7.990031
2/28/2022,4228,7.990078
2/28/2022,4229,7.990126
2/28/2022,4230,7.990173
2/28/2022,4231,7.99022
2/28/2022,4232,7.990267
2/28/2022,4233,7.990314
2/28/2022,4234,7.990361
2/28/2022,4235,7.990408
2/28/2022,4236,7.990455
2/28/2022,4237,7.990502
2/28/2022,4238,7.990549
2/28/2022,4239,7.990597
2/28/2022,4240,7.990644
2/28/2022,4241,7.990691
2/28/2022,4242,7.990738
2/28/2022,4243,7.990785
2/28/2022,4244,7.990832
2/28/2022,4245,7.990879
2/28/2022,4246,7.990926
2/28/2022,4247,7.990973
2/28/2022,4248,7.99102
2/28/2022,4249,7.991068
2/28/2022,4250,7.991115
2/28/2022,4251,7.991162
2/28/2022,4252,7.991209
2/28/2022,4253,7.991256
2/28/2022,4254,7.991303
2/28/2022,4255,7.99135
2/28/2022,4256,7.991397
2/28/2022,4257,7.991444
2/28/2022,4258,7.991491
2/28/2022,4259,7.991538
2/28/2022,4260,7.991586
2/28/2022,4261,7.991633
2/28/2022,4262,7.99168
2/28/2022,4263,7.991727
2/28/2022,4264,7.991774
2/28/2022,4265,7.991821
2/28/2022,4266,7.991868
2/28/2022,4267,7.991915
2/28/2022,4268,7.991962
2/28/2022,4269,7.992009
2/28/2022,4270,7.992057
2/28/2022,4271,7.992104
2/28/2022,4272,7.992151
2/28/2022,4273,7.992198
2/28/2022,4274,7.992245
2/28/2022,4275,7.992292
2/28/2022,4276,7.992339
2/28/2022,4277,7.992386
2/28/2022,4278,7.992433
2/28/2022,4279,7.99248
2/28/2022,4280,7.992527
2/28/2022,4281,7.992575
2/28/2022,4282,7.992622
2/28/2022,4283,7.992669
2/28/2022,4284,7.992716
2/28/2022,4285,7.992763
2/28/2022,4286,7.99281
2/28/2022,4287,7.992857
2/28/2022,4288,7.992904
2/28/2022,4289,7.992951
2/28/2022,4290,7.992998
2/28/2022,4291,7.993046
2/28/2022,4292,7.993093
2/28/2022,4293,7.99314
2/28/2022,4294,7.993187
2/28/2022,4295,7.993234
2/28/2022,4296,7.993281
2/28/2022,4297,7.993328
2/28/2022,4298,7.993375
2/28/2022,4299,7.993422
2/28/2022,4300,7.993469
2/28/2022,4301,7.993516
2/28/2022,4302,7.993564
2/28/2022,4303,7.993611
2/28/2022,4304,7.993658
2/28/2022,4305,7.993705
2/28/2022,4306,7.993752
2/28/2022,4307,7.993799
2/28/2022,4308,7.993846
2/28/2022,4309,7.993893
2/28/2022,4310,7.99394
2/28/2022,4311,7.993987
2/28/2022,4312,7.994035
2/28/2022,4313,7.994082
2/28/2022,4314,7.994129
2/28/2022,4315,7.994176
2/28/2022,4316,7.994223
2/28/2022,4317,7.99427
2/28/2022,4318,7.994317
2/28/2022,4319,7.994364
2/28/2022,4320,7.994411
2/28/2022,4321,7.994458
2/28/2022,4322,7.994505
2/28/2022,4323,7.994553
2/28/2022,4324,7.9946
2/28/2022,4325,7.994647
2/28/2022,4326,7.994694
2/28/2022,4327,7.994741
2/28/2022,4328,7.994788
2/28/2022,4329,7.994835
2/28/2022,4330,7.994882
2/28/2022,4331,7.994929
2/28/2022,4332,7.994976
2/28/2022,4333,7.995024
2/28/2022,4334,7.995071
2/28/2022,4335,7.995118
2/28/2022,4336,7.995165
2/28/2022,4337,7.995212
2/28/2022,4338,7.995259
2/28/2022,4339,7.995306
2/28/2022,4340,7.995353
2/28/2022,4341,7.9954
2/28/2022,4342,7.995447
2/28/2022,4343,7.995495
2/28/2022,4344,7.995542
2/28/2022,4345,7.995589
2/28/2022,4346,7.995636
2/28/2022,4347,7.995683
2/28/2022,4348,7.99573
2/28/2022,4349,7.995777
2/28/2022,4350,7.995824
2/28/2022,4351,7.995871
2/28/2022,4352,7.995918
2/28/2022,4353,7.995965
2/28/2022,4354,7.996013
2/28/2022,4355,7.99606
2/28/2022,4356,7.996107
2/28/2022,4357,7.996154
2/28/2022,4358,7.996201
2/28/2022,4359,7.996248
2/28/2022,4360,7.996295
2/28/2022,4361,7.996342
2/28/2022,4362,7.996389
2/28/2022,4363,7.996436
2/28/2022,4364,7.996484
2/28/2022,4365,7.996531
2/28/2022,4366,7.996578
2/28/2022,4367,7.996625
2/28/2022,4368,7.996672
2/28/2022,4369,7.996719
2/28/2022,4370,7.996766
2/28/2022,4371,7.996813
2/28/2022,4372,7.99686
2/28/2022,4373,7.996907
2/28/2022,4374,7.996954
2/28/2022,4375,7.997002
2/28/2022,4376,7.997049
2/28/2022,4377,7.997096
2/28/2022,4378,7.997143
2/28/2022,4379,7.99719
2/28/2022,4380,7.997237
2/28/2022,4381,7.997284
2/28/2022,4382,7.997331
2/28/2022,4383,7.997378
2/28/2022,4384,7.997425
2/28/2022,4385,7.997473
2/28/2022,4386,7.99752
2/28/2022,4387,7.997567
2/28/2022,4388,7.997614
2/28/2022,4389,7.997661
2/28/2022,4390,7.997708
2/28/2022,4391,7.997755
2/28/2022,4392,7.997802
2/28/2022,4393,7.997849
2/28/2022,4394,7.997896
2/28/2022,4395,7.997943
2/28/2022,4396,7.997991
2/28/2022,4397,7.998038
2/28/2022,4398,7.998085
2/28/2022,4399,7.998132
2/28/2022,4400,7.998179
2/28/2022,4401,7.998226
2/28/2022,4402,7.998273
2/28/2022,4403,7.99832
2/28/2022,4404,7.998367
2/28/2022,4405,7.998414
2/28/2022,4406,7.998462
2/28/2022,4407,7.998509
2/28/2022,4408,7.998556
2/28/2022,4409,7.998603
2/28/2022,4410,7.99865
2/28/2022,4411,7.998697
2/28/2022,4412,7.998744
2/28/2022,4413,7.998791
2/28/2022,4414,7.998838
2/28/2022,4415,7.998885
2/28/2022,4416,7.998932
2/28/2022,4417,7.99898
2/28/2022,4418,7.999027
2/28/2022,4419,7.999074
2/28/2022,4420,7.999121
2/28/2022,4421,7.999168
2/28/2022,4422,7.999215
2/28/2022,4423,7.999262
2/28/2022,4424,7.999309
2/28/2022,4425,7.999356
2/28/2022,4426,7.999403
2/28/2022,4427,7.999451
2/28/2022,4428,7.999498
2/28/2022,4429,7.999545
2/28/2022,4430,7.999592
2/28/2022,4431,7.999639
2/28/2022,4432,7.999686
2/28/2022,4433,7.999733
2/28/2022,4434,7.99978
2/28/2022,4435,7.999827
2/28/2022,4436,7.999874
2/28/2022,4437,7.999922
2/28/2022,4438,7.999969
2/28/2022,4439,8.000016
2/28/2022,4440,8.000063
2/28/2022,4441,8.00011
2/28/2022,4442,8.000157
2/28/2022,4443,8.000204
2/28/2022,4444,8.000251
2/28/2022,4445,8.000298
2/28/2022,4446,8.000345
2/28/2022,4447,8.000392
2/28/2022,4448,8.00044
2/28/2022,4449,8.000487
2/28/2022,4450,8.000534
2/28/2022,4451,8.000581
2/28/2022,4452,8.000628
2/28/2022,4453,8.000675
2/28/2022,4454,8.000722
2/28/2022,4455,8.000769
2/28/2022,4456,8.000816
2/28/2022,4457,8.000863
2/28/2022,4458,8.000911
2/28/2022,4459,8.000958
2/28/2022,4460,8.001005
2/28/2022,4461,8.001052
2/28/2022,4462,8.001099
2/28/2022,4463,8.001146
2/28/2022,4464,8.001193
2/28/2022,4465,8.00124
2/28/2022,4466,8.001287
2/28/2022,4467,8.001334
2/28/2022,4468,8.001381
2/28/2022,4469,8.001429
2/28/2022,4470,8.001476
2/28/2022,4471,8.001523
2/28/2022,4472,8.00157
2/28/2022,4473,8.001617
2/28/2022,4474,8.001664
2/28/2022,4475,8.001711
2/28/2022,4476,8.001758
2/28/2022,4477,8.001805
2/28/2022,4478,8.001852
2/28/2022,4479,8.0019
2/28/2022,4480,8.001947
2/28/2022,4481,8.001994
2/28/2022,4482,8.002041
2/28/2022,4483,8.002088
2/28/2022,4484,8.002135
2/28/2022,4485,8.002182
2/28/2022,4486,8.002229
2/28/2022,4487,8.002276
2/28/2022,4488,8.002323
2/28/2022,4489,8.00237
2/28/2022,4490,8.002418
2/28/2022,4491,8.002465
2/28/2022,4492,8.002512
2/28/2022,4493,8.002559
2/28/2022,4494,8.002606
2/28/2022,4495,8.002653
2/28/2022,4496,8.0027
2/28/2022,4497,8.002747
2/28/2022,4498,8.002794
2/28/2022,4499,8.002841
2/28/2022,4500,8.002889
2/28/2022,4501,8.002936
2/28/2022,4502,8.002983
2/28/2022,4503,8.00303
2/28/2022,4504,8.003077
2/28/2022,4505,8.003124
2/28/2022,4506,8.003171
2/28/2022,4507,8.003218
2/28/2022,4508,8.003265
2/28/2022,4509,8.003312
2/28/2022,4510,8.003359
2/28/2022,4511,8.003407
2/28/2022,4512,8.003454
2/28/2022,4513,8.003501
2/28/2022,4514,8.003548
2/28/2022,4515,8.003595
2/28/2022,4516,8.003642
2/28/2022,4517,8.003689
2/28/2022,4518,8.003736
2/28/2022,4519,8.003783
2/28/2022,4520,8.00383
2/28/2022,4521,8.003878
2/28/2022,4522,8.003925
2/28/2022,4523,8.003972
2/28/2022,4524,8.004019
2/28/2022,4525,8.004066
2/28/2022,4526,8.004113
2/28/2022,4527,8.00416
2/28/2022,4528,8.004207
2/28/2022,4529,8.004254
2/28/2022,4530,8.004301
2/28/2022,4531,8.004349
2/28/2022,4532,8.004396
2/28/2022,4533,8.004443
2/28/2022,4534,8.00449
2/28/2022,4535,8.004537
2/28/2022,4536,8.004584
2/28/2022,4537,8.004631
2/28/2022,4538,8.004678
2/28/2022,4539,8.004725
2/28/2022,4540,8.004772
2/28/2022,4541,8.004819
2/28/2022,4542,8.004867
2/28/2022,4543,8.004914
2/28/2022,4544,8.004961
2/28/2022,4545,8.005008
2/28/2022,4546,8.005055
2/28/2022,4547,8.005102
2/28/2022,4548,8.005149
2/28/2022,4549,8.005196
2/28/2022,4550,8.005243
2/28/2022,4551,8.00529
2/28/2022,4552,8.005338
2/28/2022,4553,8.005385
2/28/2022,4554,8.005432
2/28/2022,4555,8.005479
2/28/2022,4556,8.005526
2/28/2022,4557,8.005573
2/28/2022,4558,8.00562
2/28/2022,4559,8.005667
2/28/2022,4560,8.005714
2/28/2022,4561,8.005761
2/28/2022,4562,8.005808
2/28/2022,4563,8.005856
2/28/2022,4564,8.005903
2/28/2022,4565,8.00595
2/28/2022,4566,8.005997
2/28/2022,4567,8.006044
2/28/2022,4568,8.006091
2/28/2022,4569,8.006138
2/28/2022,4570,8.006185
2/28/2022,4571,8.006232
2/28/2022,4572,8.006279
2/28/2022,4573,8.006327
2/28/2022,4574,8.006374
2/28/2022,4575,8.006421
2/28/2022,4576,8.006468
2/28/2022,4577,8.006515
2/28/2022,4578,8.006562
2/28/2022,4579,8.006609
2/28/2022,4580,8.006656
2/28/2022,4581,8.006703
2/28/2022,4582,8.00675
2/28/2022,4583,8.006797
2/28/2022,4584,8.006845
2/28/2022,4585,8.006892
2/28/2022,4586,8.006939
2/28/2022,4587,8.006986
2/28/2022,4588,8.007033
2/28/2022,4589,8.00708
2/28/2022,4590,8.007127
2/28/2022,4591,8.007174
2/28/2022,4592,8.007221
2/28/2022,4593,8.007268
2/28/2022,4594,8.007316
2/28/2022,4595,8.007363
2/28/2022,4596,8.00741
2/28/2022,4597,8.007457
2/28/2022,4598,8.007504
2/28/2022,4599,8.007551
2/28/2022,4600,8.007598
2/28/2022,4601,8.007645
2/28/2022,4602,8.007692
2/28/2022,4603,8.007739
2/28/2022,4604,8.007786
2/28/2022,4605,8.007834
2/28/2022,4606,8.007881
2/28/2022,4607,8.007928
2/28/2022,4608,8.007975
2/28/2022,4609,8.008022
2/28/2022,4610,8.008069
2/28/2022,4611,8.008116
2/28/2022,4612,8.008163
2/28/2022,4613,8.00821
2/28/2022,4614,8.008257
2/28/2022,4615,8.008305
2/28/2022,4616,8.008352
2/28/2022,4617,8.008399
2/28/2022,4618,8.008446
2/28/2022,4619,8.008493
2/28/2022,4620,8.00854
2/28/2022,4621,8.008587
2/28/2022,4622,8.008634
2/28/2022,4623,8.008681
2/28/2022,4624,8.008728
2/28/2022,4625,8.008776
2/28/2022,4626,8.008823
2/28/2022,4627,8.00887
2/28/2022,4628,8.008917
2/28/2022,4629,8.008964
2/28/2022,4630,8.009011
2/28/2022,4631,8.009058
2/28/2022,4632,8.009105
2/28/2022,4633,8.009152
2/28/2022,4634,8.009199
2/28/2022,4635,8.009246
2/28/2022,4636,8.009294
2/28/2022,4637,8.009341
2/28/2022,4638,8.009388
2/28/2022,4639,8.009435
2/28/2022,4640,8.009482
2/28/2022,4641,8.009529
2/28/2022,4642,8.009576
2/28/2022,4643,8.009623
2/28/2022,4644,8.00967
2/28/2022,4645,8.009717
2/28/2022,4646,8.009765
2/28/2022,4647,8.009812
2/28/2022,4648,8.009859
2/28/2022,4649,8.009906
2/28/2022,4650,8.009953
2/28/2022,4651,8.01
2/28/2022,4652,8.010137
2/28/2022,4653,8.010275
2/28/2022,4654,8.010412
2/28/2022,4655,8.010549
2/28/2022,4656,8.010687
2/28/2022,4657,8.010824
2/28/2022,4658,8.010962
2/28/2022,4659,8.011099
2/28/2022,4660,8.011236
2/28/2022,4661,8.011374
2/28/2022,4662,8.011511
2/28/2022,4663,8.011648
2/28/2022,4664,8.011786
2/28/2022,4665,8.011923
2/28/2022,4666,8.01206
2/28/2022,4667,8.012198
2/28/2022,4668,8.012335
2/28/2022,4669,8.012473
2/28/2022,4670,8.01261
2/28/2022,4671,8.012747
2/28/2022,4672,8.012885
2/28/2022,4673,8.013022
2/28/2022,4674,8.013159
2/28/2022,4675,8.013297
2/28/2022,4676,8.013434
2/28/2022,4677,8.013571
2/28/2022,4678,8.013709
2/28/2022,4679,8.013846
2/28/2022,4680,8.013984
2/28/2022,4681,8.014121
2/28/2022,4682,8.014258
2/28/2022,4683,8.014396
2/28/2022,4684,8.014533
2/28/2022,4685,8.01467
2/28/2022,4686,8.014808
2/28/2022,4687,8.014945
2/28/2022,4688,8.015082
2/28/2022,4689,8.01522
2/28/2022,4690,8.015357
2/28/2022,4691,8.015495
2/28/2022,4692,8.015632
2/28/2022,4693,8.015769
2/28/2022,4694,8.015907
2/28/2022,4695,8.016044
2/28/2022,4696,8.016181
2/28/2022,4697,8.016319
2/28/2022,4698,8.016456
2/28/2022,4699,8.016593
2/28/2022,4700,8.016731
2/28/2022,4701,8.016868
2/28/2022,4702,8.017005
2/28/2022,4703,8.017143
2/28/2022,4704,8.01728
2/28/2022,4705,8.017418
2/28/2022,4706,8.017555
2/28/2022,4707,8.017692
2/28/2022,4708,8.01783
2/28/2022,4709,8.017967
2/28/2022,4710,8.018104
2/28/2022,4711,8.018242
2/28/2022,4712,8.018379
2/28/2022,4713,8.018516
2/28/2022,4714,8.018654
2/28/2022,4715,8.018791
2/28/2022,4716,8.018929
2/28/2022,4717,8.019066
2/28/2022,4718,8.019203
2/28/2022,4719,8.019341
2/28/2022,4720,8.019478
2/28/2022,4721,8.019615
2/28/2022,4722,8.019753
2/28/2022,4723,8.01989
2/28/2022,4724,8.020027
2/28/2022,4725,8.020165
2/28/2022,4726,8.020302
2/28/2022,4727,8.02044
2/28/2022,4728,8.020577
2/28/2022,4729,8.020714
2/28/2022,4730,8.020852
2/28/2022,4731,8.020989
2/28/2022,4732,8.021126
2/28/2022,4733,8.021264
2/28/2022,4734,8.021401
2/28/2022,4735,8.021538
2/28/2022,4736,8.021676
2/28/2022,4737,8.021813
2/28/2022,4738,8.021951
2/28/2022,4739,8.022088
2/28/2022,4740,8.022225
2/28/2022,4741,8.022363
2/28/2022,4742,8.0225
2/28/2022,4743,8.022637
2/28/2022,4744,8.022775
2/28/2022,4745,8.022912
2/28/2022,4746,8.023049
2/28/2022,4747,8.023187
2/28/2022,4748,8.023324
2/28/2022,4749,8.023462
2/28/2022,4750,8.023599
2/28/2022,4751,8.023736
2/28/2022,4752,8.023874
2/28/2022,4753,8.024011
2/28/2022,4754,8.024148
2/28/2022,4755,8.024286
2/28/2022,4756,8.024423
2/28/2022,4757,8.02456
2/28/2022,4758,8.024698
2/28/2022,4759,8.024835
2/28/2022,4760,8.024973
2/28/2022,4761,8.02511
2/28/2022,4762,8.025247
2/28/2022,4763,8.025385
2/28/2022,4764,8.025522
2/28/2022,4765,8.025659
2/28/2022,4766,8.025797
2/28/2022,4767,8.025934
2/28/2022,4768,8.026071
2/28/2022,4769,8.026209
2/28/2022,4770,8.026346
2/28/2022,4771,8.026484
2/28/2022,4772,8.026621
2/28/2022,4773,8.026758
2/28/2022,4774,8.026896
2/28/2022,4775,8.027033
2/28/2022,4776,8.02717
2/28/2022,4777,8.027308
2/28/2022,4778,8.027445
2/28/2022,4779,8.027582
2/28/2022,4780,8.02772
2/28/2022,4781,8.027857
2/28/2022,4782,8.027995
2/28/2022,4783,8.028132
2/28/2022,4784,8.028269
2/28/2022,4785,8.028407
2/28/2022,4786,8.028544
2/28/2022,4787,8.028681
2/28/2022,4788,8.028819
2/28/2022,4789,8.028956
2/28/2022,4790,8.029093
2/28/2022,4791,8.029231
2/28/2022,4792,8.029368
2/28/2022,4793,8.029505
2/28/2022,4794,8.029643
2/28/2022,4795,8.02978
2/28/2022,4796,8.029918
2/28/2022,4797,8.030055
2/28/2022,4798,8.030192
2/28/2022,4799,8.03033
2/28/2022,4800,8.030467
2/28/2022,4801,8.030604
2/28/2022,4802,8.030742
2/28/2022,4803,8.030879
2/28/2022,4804,8.031016
2/28/2022,4805,8.031154
2/28/2022,4806,8.031291
2/28/2022,4807,8.031429
2/28/2022,4808,8.031566
2/28/2022,4809,8.031703
2/28/2022,4810,8.031841
2/28/2022,4811,8.031978
2/28/2022,4812,8.032115
2/28/2022,4813,8.032253
2/28/2022,4814,8.03239
2/28/2022,4815,8.032527
2/28/2022,4816,8.032665
2/28/2022,4817,8.032802
2/28/2022,4818,8.03294
2/28/2022,4819,8.033077
2/28/2022,4820,8.033214
2/28/2022,4821,8.033352
2/28/2022,4822,8.033489
2/28/2022,4823,8.033626
2/28/2022,4824,8.033764
2/28/2022,4825,8.033901
2/28/2022,4826,8.034038
2/28/2022,4827,8.034176
2/28/2022,4828,8.034313
2/28/2022,4829,8.034451
2/28/2022,4830,8.034588
2/28/2022,4831,8.034725
2/28/2022,4832,8.034863
2/28/2022,4833,8.035
2/28/2022,4834,8.035137
2/28/2022,4835,8.035275
2/28/2022,4836,8.035412
2/28/2022,4837,8.035549
2/28/2022,4838,8.035687
2/28/2022,4839,8.035824
2/28/2022,4840,8.035962
2/28/2022,4841,8.036099
2/28/2022,4842,8.036236
2/28/2022,4843,8.036374
2/28/2022,4844,8.036511
2/28/2022,4845,8.036648
2/28/2022,4846,8.036786
2/28/2022,4847,8.036923
2/28/2022,4848,8.03706
2/28/2022,4849,8.037198
2/28/2022,4850,8.037335
2/28/2022,4851,8.037473
2/28/2022,4852,8.03761
2/28/2022,4853,8.037747
2/28/2022,4854,8.037885
2/28/2022,4855,8.038022
2/28/2022,4856,8.038159
2/28/2022,4857,8.038297
2/28/2022,4858,8.038434
2/28/2022,4859,8.038571
2/28/2022,4860,8.038709
2/28/2022,4861,8.038846
2/28/2022,4862,8.038984
2/28/2022,4863,8.039121
2/28/2022,4864,8.039258
2/28/2022,4865,8.039396
2/28/2022,4866,8.039533
2/28/2022,4867,8.03967
2/28/2022,4868,8.039808
2/28/2022,4869,8.039945
2/28/2022,4870,8.040082
2/28/2022,4871,8.04022
2/28/2022,4872,8.040357
2/28/2022,4873,8.040495
2/28/2022,4874,8.040632
2/28/2022,4875,8.040769
2/28/2022,4876,8.040907
2/28/2022,4877,8.041044
2/28/2022,4878,8.041181
2/28/2022,4879,8.041319
2/28/2022,4880,8.041456
2/28/2022,4881,8.041593
2/28/2022,4882,8.041731
2/28/2022,4883,8.041868
2/28/2022,4884,8.042005
2/28/2022,4885,8.042143
2/28/2022,4886,8.04228
2/28/2022,4887,8.042418
2/28/2022,4888,8.042555
2/28/2022,4889,8.042692
2/28/2022,4890,8.04283
2/28/2022,4891,8.042967
2/28/2022,4892,8.043104
2/28/2022,4893,8.043242
2/28/2022,4894,8.043379
2/28/2022,4895,8.043516
2/28/2022,4896,8.043654
2/28/2022,4897,8.043791
2/28/2022,4898,8.043929
2/28/2022,4899,8.044066
2/28/2022,4900,8.044203
2/28/2022,4901,8.044341
2/28/2022,4902,8.044478
2/28/2022,4903,8.044615
2/28/2022,4904,8.044753
2/28/2022,4905,8.04489
2/28/2022,4906,8.045027
2/28/2022,4907,8.045165
2/28/2022,4908,8.045302
2/28/2022,4909,8.04544
2/28/2022,4910,8.045577
2/28/2022,4911,8.045714
2/28/2022,4912,8.045852
2/28/2022,4913,8.045989
2/28/2022,4914,8.046126
2/28/2022,4915,8.046264
2/28/2022,4916,8.046401
2/28/2022,4917,8.046538
2/28/2022,4918,8.046676
2/28/2022,4919,8.046813
2/28/2022,4920,8.046951
2/28/2022,4921,8.047088
2/28/2022,4922,8.047225
2/28/2022,4923,8.047363
2/28/2022,4924,8.0475
2/28/2022,4925,8.047637
2/28/2022,4926,8.047775
2/28/2022,4927,8.047912
2/28/2022,4928,8.048049
2/28/2022,4929,8.048187
2/28/2022,4930,8.048324
2/28/2022,4931,8.048462
2/28/2022,4932,8.048599
2/28/2022,4933,8.048736
2/28/2022,4934,8.048874
2/28/2022,4935,8.049011
2/28/2022,4936,8.049148
2/28/2022,4937,8.049286
2/28/2022,4938,8.049423
2/28/2022,4939,8.04956
2/28/2022,4940,8.049698
2/28/2022,4941,8.049835
2/28/2022,4942,8.049973
2/28/2022,4943,8.05011
2/28/2022,4944,8.050247
2/28/2022,4945,8.050385
2/28/2022,4946,8.050522
2/28/2022,4947,8.050659
2/28/2022,4948,8.050797
2/28/2022,4949,8.050934
2/28/2022,4950,8.051071
2/28/2022,4951,8.051209
2/28/2022,4952,8.051346
2/28/2022,4953,8.051484
2/28/2022,4954,8.051621
2/28/2022,4955,8.051758
2/28/2022,4956,8.051896
2/28/2022,4957,8.052033
2/28/2022,4958,8.05217
2/28/2022,4959,8.052308
2/28/2022,4960,8.052445
2/28/2022,4961,8.052582
2/28/2022,4962,8.05272
2/28/2022,4963,8.052857
2/28/2022,4964,8.052995
2/28/2022,4965,8.053132
2/28/2022,4966,8.053269
2/28/2022,4967,8.053407
2/28/2022,4968,8.053544
2/28/2022,4969,8.053681
2/28/2022,4970,8.053819
2/28/2022,4971,8.053956
2/28/2022,4972,8.054093
2/28/2022,4973,8.054231
2/28/2022,4974,8.054368
2/28/2022,4975,8.054505
2/28/2022,4976,8.054643
2/28/2022,4977,8.05478
2/28/2022,4978,8.054918
2/28/2022,4979,8.055055
2/28/2022,4980,8.055192
2/28/2022,4981,8.05533
2/28/2022,4982,8.055467
2/28/2022,4983,8.055604
2/28/2022,4984,8.055742
2/28/2022,4985,8.055879
2/28/2022,4986,8.056016
2/28/2022,4987,8.056154
2/28/2022,4988,8.056291
2/28/2022,4989,8.056429
2/28/2022,4990,8.056566
2/28/2022,4991,8.056703
2/28/2022,4992,8.056841
2/28/2022,4993,8.056978
2/28/2022,4994,8.057115
2/28/2022,4995,8.057253
2/28/2022,4996,8.05739
2/28/2022,4997,8.057527
2/28/2022,4998,8.057665
2/28/2022,4999,8.057802
2/28/2022,5000,8.05794
2/28/2022,5001,8.058077
2/28/2022,5002,8.058214
2/28/2022,5003,8.058352
2/28/2022,5004,8.058489
2/28/2022,5005,8.058626
2/28/2022,5006,8.058764
2/28/2022,5007,8.058901
2/28/2022,5008,8.059038
2/28/2022,5009,8.059176
2/28/2022,5010,8.059313
2/28/2022,5011,8.059451
2/28/2022,5012,8.059588
2/28/2022,5013,8.059725
2/28/2022,5014,8.059863
2/28/2022,5015,8.06
2/28/2022,5016,8.060137
2/28/2022,5017,8.060275
2/28/2022,5018,8.060412
2/28/2022,5019,8.060549
2/28/2022,5020,8.060687
2/28/2022,5021,8.060824
2/28/2022,5022,8.060962
2/28/2022,5023,8.061099
2/28/2022,5024,8.061236
2/28/2022,5025,8.061374
2/28/2022,5026,8.061511
2/28/2022,5027,8.061648
2/28/2022,5028,8.061786
2/28/2022,5029,8.061923
2/28/2022,5030,8.06206
2/28/2022,5031,8.062198
2/28/2022,5032,8.062335
2/28/2022,5033,8.062473
2/28/2022,5034,8.06261
2/28/2022,5035,8.062747
2/28/2022,5036,8.062885
2/28/2022,5037,8.063022
2/28/2022,5038,8.063159
2/28/2022,5039,8.063297
2/28/2022,5040,8.063434
2/28/2022,5041,8.063571
2/28/2022,5042,8.063709
2/28/2022,5043,8.063846
2/28/2022,5044,8.063984
2/28/2022,5045,8.064121
2/28/2022,5046,8.064258
2/28/2022,5047,8.064396
2/28/2022,5048,8.064533
2/28/2022,5049,8.06467
2/28/2022,5050,8.064808
2/28/2022,5051,8.064945
2/28/2022,5052,8.065082
2/28/2022,5053,8.06522
2/28/2022,5054,8.065357
2/28/2022,5055,8.065495
2/28/2022,5056,8.065632
2/28/2022,5057,8.065769
2/28/2022,5058,8.065907
2/28/2022,5059,8.066044
2/28/2022,5060,8.066181
2/28/2022,5061,8.066319
2/28/2022,5062,8.066456
2/28/2022,5063,8.066593
2/28/2022,5064,8.066731
2/28/2022,5065,8.066868
2/28/2022,5066,8.067005
2/28/2022,5067,8.067143
2/28/2022,5068,8.06728
2/28/2022,5069,8.067418
2/28/2022,5070,8.067555
2/28/2022,5071,8.067692
2/28/2022,5072,8.06783
2/28/2022,5073,8.067967
2/28/2022,5074,8.068104
2/28/2022,5075,8.068242
2/28/2022,5076,8.068379
2/28/2022,5077,8.068516
2/28/2022,5078,8.068654
2/28/2022,5079,8.068791
2/28/2022,5080,8.068929
2/28/2022,5081,8.069066
2/28/2022,5082,8.069203
2/28/2022,5083,8.069341
2/28/2022,5084,8.069478
2/28/2022,5085,8.069615
2/28/2022,5086,8.069753
2/28/2022,5087,8.06989
2/28/2022,5088,8.070027
2/28/2022,5089,8.070165
2/28/2022,5090,8.070302
2/28/2022,5091,8.07044
2/28/2022,5092,8.070577
2/28/2022,5093,8.070714
2/28/2022,5094,8.070852
2/28/2022,5095,8.070989
2/28/2022,5096,8.071126
2/28/2022,5097,8.071264
2/28/2022,5098,8.071401
2/28/2022,5099,8.071538
2/28/2022,5100,8.071676
2/28/2022,5101,8.071813
2/28/2022,5102,8.071951
2/28/2022,5103,8.072088
2/28/2022,5104,8.072225
2/28/2022,5105,8.072363
2/28/2022,5106,8.0725
2/28/2022,5107,8.072637
2/28/2022,5108,8.072775
2/28/2022,5109,8.072912
2/28/2022,5110,8.073049
2/28/2022,5111,8.073187
2/28/2022,5112,8.073324
2/28/2022,5113,8.073462
2/28/2022,5114,8.073599
2/28/2022,5115,8.073736
2/28/2022,5116,8.073874
2/28/2022,5117,8.074011
2/28/2022,5118,8.074148
2/28/2022,5119,8.074286
2/28/2022,5120,8.074423
2/28/2022,5121,8.07456
2/28/2022,5122,8.074698
2/28/2022,5123,8.074835
2/28/2022,5124,8.074973
2/28/2022,5125,8.07511
2/28/2022,5126,8.075247
2/28/2022,5127,8.075385
2/28/2022,5128,8.075522
2/28/2022,5129,8.075659
2/28/2022,5130,8.075797
2/28/2022,5131,8.075934
2/28/2022,5132,8.076071
2/28/2022,5133,8.076209
2/28/2022,5134,8.076346
2/28/2022,5135,8.076484
2/28/2022,5136,8.076621
2/28/2022,5137,8.076758
2/28/2022,5138,8.076896
2/28/2022,5139,8.077033
2/28/2022,5140,8.07717
2/28/2022,5141,8.077308
2/28/2022,5142,8.077445
2/28/2022,5143,8.077582
2/28/2022,5144,8.07772
2/28/2022,5145,8.077857
2/28/2022,5146,8.077995
2/28/2022,5147,8.078132
2/28/2022,5148,8.078269
2/28/2022,5149,8.078407
2/28/2022,5150,8.078544
2/28/2022,5151,8.078681
2/28/2022,5152,8.078819
2/28/2022,5153,8.078956
2/28/2022,5154,8.079093
2/28/2022,5155,8.079231
2/28/2022,5156,8.079368
2/28/2022,5157,8.079505
2/28/2022,5158,8.079643
2/28/2022,5159,8.07978
2/28/2022,5160,8.079918
2/28/2022,5161,8.080055
2/28/2022,5162,8.080192
2/28/2022,5163,8.08033
2/28/2022,5164,8.080467
2/28/2022,5165,8.080604
2/28/2022,5166,8.080742
2/28/2022,5167,8.080879
2/28/2022,5168,8.081016
2/28/2022,5169,8.081154
2/28/2022,5170,8.081291
2/28/2022,5171,8.081429
2/28/2022,5172,8.081566
2/28/2022,5173,8.081703
2/28/2022,5174,8.081841
2/28/2022,5175,8.081978
2/28/2022,5176,8.082115
2/28/2022,5177,8.082253
2/28/2022,5178,8.08239
2/28/2022,5179,8.082527
2/28/2022,5180,8.082665
2/28/2022,5181,8.082802
2/28/2022,5182,8.08294
2/28/2022,5183,8.083077
2/28/2022,5184,8.083214
2/28/2022,5185,8.083352
2/28/2022,5186,8.083489
2/28/2022,5187,8.083626
2/28/2022,5188,8.083764
2/28/2022,5189,8.083901
2/28/2022,5190,8.084038
2/28/2022,5191,8.084176
2/28/2022,5192,8.084313
2/28/2022,5193,8.084451
2/28/2022,5194,8.084588
2/28/2022,5195,8.084725
2/28/2022,5196,8.084863
2/28/2022,5197,8.085
2/28/2022,5198,8.085137
2/28/2022,5199,8.085275
2/28/2022,5200,8.085412
2/28/2022,5201,8.085549
2/28/2022,5202,8.085687
2/28/2022,5203,8.085824
2/28/2022,5204,8.085962
2/28/2022,5205,8.086099
2/28/2022,5206,8.086236
2/28/2022,5207,8.086374
2/28/2022,5208,8.086511
2/28/2022,5209,8.086648
2/28/2022,5210,8.086786
2/28/2022,5211,8.086923
2/28/2022,5212,8.08706
2/28/2022,5213,8.087198
2/28/2022,5214,8.087335
2/28/2022,5215,8.087473
2/28/2022,5216,8.08761
2/28/2022,5217,8.087747
2/28/2022,5218,8.087885
2/28/2022,5219,8.088022
2/28/2022,5220,8.088159
2/28/2022,5221,8.088297
2/28/2022,5222,8.088434
2/28/2022,5223,8.088571
2/28/2022,5224,8.088709
2/28/2022,5225,8.088846
2/28/2022,5226,8.088984
2/28/2022,5227,8.089121
2/28/2022,5228,8.089258
2/28/2022,5229,8.089396
2/28/2022,5230,8.089533
2/28/2022,5231,8.08967
2/28/2022,5232,8.089808
2/28/2022,5233,8.089945
2/28/2022,5234,8.090082
2/28/2022,5235,8.09022
2/28/2022,5236,8.090357
2/28/2022,5237,8.090495
2/28/2022,5238,8.090632
2/28/2022,5239,8.090769
2/28/2022,5240,8.090907
2/28/2022,5241,8.091044
2/28/2022,5242,8.091181
2/28/2022,5243,8.091319
2/28/2022,5244,8.091456
2/28/2022,5245,8.091593
2/28/2022,5246,8.091731
2/28/2022,5247,8.091868
2/28/2022,5248,8.092005
2/28/2022,5249,8.092143
2/28/2022,5250,8.09228
2/28/2022,5251,8.092418
2/28/2022,5252,8.092555
2/28/2022,5253,8.092692
2/28/2022,5254,8.09283
2/28/2022,5255,8.092967
2/28/2022,5256,8.093104
2/28/2022,5257,8.093242
2/28/2022,5258,8.093379
2/28/2022,5259,8.093516
2/28/2022,5260,8.093654
2/28/2022,5261,8.093791
2/28/2022,5262,8.093929
2/28/2022,5263,8.094066
2/28/2022,5264,8.094203
2/28/2022,5265,8.094341
2/28/2022,5266,8.094478
2/28/2022,5267,8.094615
2/28/2022,5268,8.094753
2/28/2022,5269,8.09489
2/28/2022,5270,8.095027
2/28/2022,5271,8.095165
2/28/2022,5272,8.095302
2/28/2022,5273,8.09544
2/28/2022,5274,8.095577
2/28/2022,5275,8.095714
2/28/2022,5276,8.095852
2/28/2022,5277,8.095989
2/28/2022,5278,8.096126
2/28/2022,5279,8.096264
2/28/2022,5280,8.096401
2/28/2022,5281,8.096538
2/28/2022,5282,8.096676
2/28/2022,5283,8.096813
2/28/2022,5284,8.096951
2/28/2022,5285,8.097088
2/28/2022,5286,8.097225
2/28/2022,5287,8.097363
2/28/2022,5288,8.0975
2/28/2022,5289,8.097637
2/28/2022,5290,8.097775
2/28/2022,5291,8.097912
2/28/2022,5292,8.098049
2/28/2022,5293,8.098187
2/28/2022,5294,8.098324
2/28/2022,5295,8.098462
2/28/2022,5296,8.098599
2/28/2022,5297,8.098736
2/28/2022,5298,8.098874
2/28/2022,5299,8.099011
2/28/2022,5300,8.099148
2/28/2022,5301,8.099286
2/28/2022,5302,8.099423
2/28/2022,5303,8.09956
2/28/2022,5304,8.099698
2/28/2022,5305,8.099835
2/28/2022,5306,8.099973
2/28/2022,5307,8.10011
2/28/2022,5308,8.100247
2/28/2022,5309,8.100385
2/28/2022,5310,8.100522
2/28/2022,5311,8.100659
2/28/2022,5312,8.100797
2/28/2022,5313,8.100934
2/28/2022,5314,8.101071
2/28/2022,5315,8.101209
2/28/2022,5316,8.101346
2/28/2022,5317,8.101484
2/28/2022,5318,8.101621
2/28/2022,5319,8.101758
2/28/2022,5320,8.101896
2/28/2022,5321,8.102033
2/28/2022,5322,8.10217
2/28/2022,5323,8.102308
2/28/2022,5324,8.102445
2/28/2022,5325,8.102582
2/28/2022,5326,8.10272
2/28/2022,5327,8.102857
2/28/2022,5328,8.102995
2/28/2022,5329,8.103132
2/28/2022,5330,8.103269
2/28/2022,5331,8.103407
2/28/2022,5332,8.103544
2/28/2022,5333,8.103681
2/28/2022,5334,8.103819
2/28/2022,5335,8.103956
2/28/2022,5336,8.104093
2/28/2022,5337,8.104231
2/28/2022,5338,8.104368
2/28/2022,5339,8.104505
2/28/2022,5340,8.104643
2/28/2022,5341,8.10478
2/28/2022,5342,8.104918
2/28/2022,5343,8.105055
2/28/2022,5344,8.105192
2/28/2022,5345,8.10533
2/28/2022,5346,8.105467
2/28/2022,5347,8.105604
2/28/2022,5348,8.105742
2/28/2022,5349,8.105879
2/28/2022,5350,8.106016
2/28/2022,5351,8.106154
2/28/2022,5352,8.106291
2/28/2022,5353,8.106429
2/28/2022,5354,8.106566
2/28/2022,5355,8.106703
2/28/2022,5356,8.106841
2/28/2022,5357,8.106978
2/28/2022,5358,8.107115
2/28/2022,5359,8.107253
2/28/2022,5360,8.10739
2/28/2022,5361,8.107527
2/28/2022,5362,8.107665
2/28/2022,5363,8.107802
2/28/2022,5364,8.10794
2/28/2022,5365,8.108077
2/28/2022,5366,8.108214
2/28/2022,5367,8.108352
2/28/2022,5368,8.108489
2/28/2022,5369,8.108626
2/28/2022,5370,8.108764
2/28/2022,5371,8.108901
2/28/2022,5372,8.109038
2/28/2022,5373,8.109176
2/28/2022,5374,8.109313
2/28/2022,5375,8.109451
2/28/2022,5376,8.109588
2/28/2022,5377,8.109725
2/28/2022,5378,8.109863
2/28/2022,5379,8.11
2/28/2022,5380,8.11011
2/28/2022,5381,8.11022
2/28/2022,5382,8.11033
2/28/2022,5383,8.11044
2/28/2022,5384,8.110549
2/28/2022,5385,8.110659
2/28/2022,5386,8.110769
2/28/2022,5387,8.110879
2/28/2022,5388,8.110989
2/28/2022,5389,8.111099
2/28/2022,5390,8.111209
2/28/2022,5391,8.111319
2/28/2022,5392,8.111429
2/28/2022,5393,8.111538
2/28/2022,5394,8.111648
2/28/2022,5395,8.111758
2/28/2022,5396,8.111868
2/28/2022,5397,8.111978
2/28/2022,5398,8.112088
2/28/2022,5399,8.112198
2/28/2022,5400,8.112308
2/28/2022,5401,8.112418
2/28/2022,5402,8.112527
2/28/2022,5403,8.112637
2/28/2022,5404,8.112747
2/28/2022,5405,8.112857
2/28/2022,5406,8.112967
2/28/2022,5407,8.113077
2/28/2022,5408,8.113187
2/28/2022,5409,8.113297
2/28/2022,5410,8.113407
2/28/2022,5411,8.113516
2/28/2022,5412,8.113626
2/28/2022,5413,8.113736
2/28/2022,5414,8.113846
2/28/2022,5415,8.113956
2/28/2022,5416,8.114066
2/28/2022,5417,8.114176
2/28/2022,5418,8.114286
2/28/2022,5419,8.114396
2/28/2022,5420,8.114505
2/28/2022,5421,8.114615
2/28/2022,5422,8.114725
2/28/2022,5423,8.114835
2/28/2022,5424,8.114945
2/28/2022,5425,8.115055
2/28/2022,5426,8.115165
2/28/2022,5427,8.115275
2/28/2022,5428,8.115385
2/28/2022,5429,8.115495
2/28/2022,5430,8.115604
2/28/2022,5431,8.115714
2/28/2022,5432,8.115824
2/28/2022,5433,8.115934
2/28/2022,5434,8.116044
2/28/2022,5435,8.116154
2/28/2022,5436,8.116264
2/28/2022,5437,8.116374
2/28/2022,5438,8.116484
2/28/2022,5439,8.116593
2/28/2022,5440,8.116703
2/28/2022,5441,8.116813
2/28/2022,5442,8.116923
2/28/2022,5443,8.117033
2/28/2022,5444,8.117143
2/28/2022,5445,8.117253
2/28/2022,5446,8.117363
2/28/2022,5447,8.117473
2/28/2022,5448,8.117582
2/28/2022,5449,8.117692
2/28/2022,5450,8.117802
2/28/2022,5451,8.117912
2/28/2022,5452,8.118022
2/28/2022,5453,8.118132
2/28/2022,5454,8.118242
2/28/2022,5455,8.118352
2/28/2022,5456,8.118462
2/28/2022,5457,8.118571
2/28/2022,5458,8.118681
2/28/2022,5459,8.118791
2/28/2022,5460,8.118901
2/28/2022,5461,8.119011
2/28/2022,5462,8.119121
2/28/2022,5463,8.119231
2/28/2022,5464,8.119341
2/28/2022,5465,8.119451
2/28/2022,5466,8.11956
2/28/2022,5467,8.11967
2/28/2022,5468,8.11978
2/28/2022,5469,8.11989
2/28/2022,5470,8.12
2/28/2022,5471,8.12011
2/28/2022,5472,8.12022
2/28/2022,5473,8.12033
2/28/2022,5474,8.12044
2/28/2022,5475,8.120549
2/28/2022,5476,8.120659
2/28/2022,5477,8.120769
2/28/2022,5478,8.120879
2/28/2022,5479,8.120989
2/28/2022,5480,8.121099
2/28/2022,5481,8.121209
2/28/2022,5482,8.121319
2/28/2022,5483,8.121429
2/28/2022,5484,8.121538
2/28/2022,5485,8.121648
2/28/2022,5486,8.121758
2/28/2022,5487,8.121868
2/28/2022,5488,8.121978
2/28/2022,5489,8.122088
2/28/2022,5490,8.122198
2/28/2022,5491,8.122308
2/28/2022,5492,8.122418
2/28/2022,5493,8.122527
2/28/2022,5494,8.122637
2/28/2022,5495,8.122747
2/28/2022,5496,8.122857
2/28/2022,5497,8.122967
2/28/2022,5498,8.123077
2/28/2022,5499,8.123187
2/28/2022,5500,8.123297
2/28/2022,5501,8.123407
2/28/2022,5502,8.123516
2/28/2022,5503,8.123626
2/28/2022,5504,8.123736
2/28/2022,5505,8.123846
2/28/2022,5506,8.123956
2/28/2022,5507,8.124066
2/28/2022,5508,8.124176
2/28/2022,5509,8.124286
2/28/2022,5510,8.124396
2/28/2022,5511,8.124505
2/28/2022,5512,8.124615
2/28/2022,5513,8.124725
2/28/2022,5514,8.124835
2/28/2022,5515,8.124945
2/28/2022,5516,8.125055
2/28/2022,5517,8.125165
2/28/2022,5518,8.125275
2/28/2022,5519,8.125385
2/28/2022,5520,8.125495
2/28/2022,5521,8.125604
2/28/2022,5522,8.125714
2/28/2022,5523,8.125824
2/28/2022,5524,8.125934
2/28/2022,5525,8.126044
2/28/2022,5526,8.126154
2/28/2022,5527,8.126264
2/28/2022,5528,8.126374
2/28/2022,5529,8.126484
2/28/2022,5530,8.126593
2/28/2022,5531,8.126703
2/28/2022,5532,8.126813
2/28/2022,5533,8.126923
2/28/2022,5534,8.127033
2/28/2022,5535,8.127143
2/28/2022,5536,8.127253
2/28/2022,5537,8.127363
2/28/2022,5538,8.127473
2/28/2022,5539,8.127582
2/28/2022,5540,8.127692
2/28/2022,5541,8.127802
2/28/2022,5542,8.127912
2/28/2022,5543,8.128022
2/28/2022,5544,8.128132
2/28/2022,5545,8.128242
2/28/2022,5546,8.128352
2/28/2022,5547,8.128462
2/28/2022,5548,8.128571
2/28/2022,5549,8.128681
2/28/2022,5550,8.128791
2/28/2022,5551,8.128901
2/28/2022,5552,8.129011
2/28/2022,5553,8.129121
2/28/2022,5554,8.129231
2/28/2022,5555,8.129341
2/28/2022,5556,8.129451
2/28/2022,5557,8.12956
2/28/2022,5558,8.12967
2/28/2022,5559,8.12978
2/28/2022,5560,8.12989
2/28/2022,5561,8.13
2/28/2022,5562,8.13011
2/28/2022,5563,8.13022
2/28/2022,5564,8.13033
2/28/2022,5565,8.13044
2/28/2022,5566,8.130549
2/28/2022,5567,8.130659
2/28/2022,5568,8.130769
2/28/2022,5569,8.130879
2/28/2022,5570,8.130989
2/28/2022,5571,8.131099
2/28/2022,5572,8.131209
2/28/2022,5573,8.131319
2/28/2022,5574,8.131429
2/28/2022,5575,8.131538
2/28/2022,5576,8.131648
2/28/2022,5577,8.131758
2/28/2022,5578,8.131868
2/28/2022,5579,8.131978
2/28/2022,5580,8.132088
2/28/2022,5581,8.132198
2/28/2022,5582,8.132308
2/28/2022,5583,8.132418
2/28/2022,5584,8.132527
2/28/2022,5585,8.132637
2/28/2022,5586,8.132747
2/28/2022,5587,8.132857
2/28/2022,5588,8.132967
2/28/2022,5589,8.133077
2/28/2022,5590,8.133187
2/28/2022,5591,8.133297
2/28/2022,5592,8.133407
2/28/2022,5593,8.133516
2/28/2022,5594,8.133626
2/28/2022,5595,8.133736
2/28/2022,5596,8.133846
2/28/2022,5597,8.133956
2/28/2022,5598,8.134066
2/28/2022,5599,8.134176
2/28/2022,5600,8.134286
2/28/2022,5601,8.134396
2/28/2022,5602,8.134505
2/28/2022,5603,8.134615
2/28/2022,5604,8.134725
2/28/2022,5605,8.134835
2/28/2022,5606,8.134945
2/28/2022,5607,8.135055
2/28/2022,5608,8.135165
2/28/2022,5609,8.135275
2/28/2022,5610,8.135385
2/28/2022,5611,8.135495
2/28/2022,5612,8.135604
2/28/2022,5613,8.135714
2/28/2022,5614,8.135824
2/28/2022,5615,8.135934
2/28/2022,5616,8.136044
2/28/2022,5617,8.136154
2/28/2022,5618,8.136264
2/28/2022,5619,8.136374
2/28/2022,5620,8.136484
2/28/2022,5621,8.136593
2/28/2022,5622,8.136703
2/28/2022,5623,8.136813
2/28/2022,5624,8.136923
2/28/2022,5625,8.137033
2/28/2022,5626,8.137143
2/28/2022,5627,8.137253
2/28/2022,5628,8.137363
2/28/2022,5629,8.137473
2/28/2022,5630,8.137582
2/28/2022,5631,8.137692
2/28/2022,5632,8.137802
2/28/2022,5633,8.137912
2/28/2022,5634,8.138022
2/28/2022,5635,8.138132
2/28/2022,5636,8.138242
2/28/2022,5637,8.138352
2/28/2022,5638,8.138462
2/28/2022,5639,8.138571
2/28/2022,5640,8.138681
2/28/2022,5641,8.138791
2/28/2022,5642,8.138901
2/28/2022,5643,8.139011
2/28/2022,5644,8.139121
2/28/2022,5645,8.139231
2/28/2022,5646,8.139341
2/28/2022,5647,8.139451
2/28/2022,5648,8.13956
2/28/2022,5649,8.13967
2/28/2022,5650,8.13978
2/28/2022,5651,8.13989
2/28/2022,5652,8.14
2/28/2022,5653,8.14011
2/28/2022,5654,8.14022
2/28/2022,5655,8.14033
2/28/2022,5656,8.14044
2/28/2022,5657,8.140549
2/28/2022,5658,8.140659
2/28/2022,5659,8.140769
2/28/2022,5660,8.140879
2/28/2022,5661,8.140989
2/28/2022,5662,8.141099
2/28/2022,5663,8.141209
2/28/2022,5664,8.141319
2/28/2022,5665,8.141429
2/28/2022,5666,8.141538
2/28/2022,5667,8.141648
2/28/2022,5668,8.141758
2/28/2022,5669,8.141868
2/28/2022,5670,8.141978
2/28/2022,5671,8.142088
2/28/2022,5672,8.142198
2/28/2022,5673,8.142308
2/28/2022,5674,8.142418
2/28/2022,5675,8.142527
2/28/2022,5676,8.142637
2/28/2022,5677,8.142747
2/28/2022,5678,8.142857
2/28/2022,5679,8.142967
2/28/2022,5680,8.143077
2/28/2022,5681,8.143187
2/28/2022,5682,8.143297
2/28/2022,5683,8.143407
2/28/2022,5684,8.143516
2/28/2022,5685,8.143626
2/28/2022,5686,8.143736
2/28/2022,5687,8.143846
2/28/2022,5688,8.143956
2/28/2022,5689,8.144066
2/28/2022,5690,8.144176
2/28/2022,5691,8.144286
2/28/2022,5692,8.144396
2/28/2022,5693,8.144505
2/28/2022,5694,8.144615
2/28/2022,5695,8.144725
2/28/2022,5696,8.144835
2/28/2022,5697,8.144945
2/28/2022,5698,8.145055
2/28/2022,5699,8.145165
2/28/2022,5700,8.145275
2/28/2022,5701,8.145385
2/28/2022,5702,8.145495
2/28/2022,5703,8.145604
2/28/2022,5704,8.145714
2/28/2022,5705,8.145824
2/28/2022,5706,8.145934
2/28/2022,5707,8.146044
2/28/2022,5708,8.146154
2/28/2022,5709,8.146264
2/28/2022,5710,8.146374
2/28/2022,5711,8.146484
2/28/2022,5712,8.146593
2/28/2022,5713,8.146703
2/28/2022,5714,8.146813
2/28/2022,5715,8.146923
2/28/2022,5716,8.147033
2/28/2022,5717,8.147143
2/28/2022,5718,8.147253
2/28/2022,5719,8.147363
2/28/2022,5720,8.147473
2/28/2022,5721,8.147582
2/28/2022,5722,8.147692
2/28/2022,5723,8.147802
2/28/2022,5724,8.147912
2/28/2022,5725,8.148022
2/28/2022,5726,8.148132
2/28/2022,5727,8.148242
2/28/2022,5728,8.148352
2/28/2022,5729,8.148462
2/28/2022,5730,8.148571
2/28/2022,5731,8.148681
2/28/2022,5732,8.148791
2/28/2022,5733,8.148901
2/28/2022,5734,8.149011
2/28/2022,5735,8.149121
2/28/2022,5736,8.149231
2/28/2022,5737,8.149341
2/28/2022,5738,8.149451
2/28/2022,5739,8.14956
2/28/2022,5740,8.14967
2/28/2022,5741,8.14978
2/28/2022,5742,8.14989
2/28/2022,5743,8.15
2/28/2022,5744,8.15011
2/28/2022,5745,8.15022
2/28/2022,5746,8.15033
2/28/2022,5747,8.15044
2/28/2022,5748,8.150549
2/28/2022,5749,8.150659
2/28/2022,5750,8.150769
2/28/2022,5751,8.150879
2/28/2022,5752,8.150989
2/28/2022,5753,8.151099
2/28/2022,5754,8.151209
2/28/2022,5755,8.151319
2/28/2022,5756,8.151429
2/28/2022,5757,8.151538
2/28/2022,5758,8.151648
2/28/2022,5759,8.151758
2/28/2022,5760,8.151868
2/28/2022,5761,8.151978
2/28/2022,5762,8.152088
2/28/2022,5763,8.152198
2/28/2022,5764,8.152308
2/28/2022,5765,8.152418
2/28/2022,5766,8.152527
2/28/2022,5767,8.152637
2/28/2022,5768,8.152747
2/28/2022,5769,8.152857
2/28/2022,5770,8.152967
2/28/2022,5771,8.153077
2/28/2022,5772,8.153187
2/28/2022,5773,8.153297
2/28/2022,5774,8.153407
2/28/2022,5775,8.153516
2/28/2022,5776,8.153626
2/28/2022,5777,8.153736
2/28/2022,5778,8.153846
2/28/2022,5779,8.153956
2/28/2022,5780,8.154066
2/28/2022,5781,8.154176
2/28/2022,5782,8.154286
2/28/2022,5783,8.154396
2/28/2022,5784,8.154505
2/28/2022,5785,8.154615
2/28/2022,5786,8.154725
2/28/2022,5787,8.154835
2/28/2022,5788,8.154945
2/28/2022,5789,8.155055
2/28/2022,5790,8.155165
2/28/2022,5791,8.155275
2/28/2022,5792,8.155385
2/28/2022,5793,8.155495
2/28/2022,5794,8.155604
2/28/2022,5795,8.155714
2/28/2022,5796,8.155824
2/28/2022,5797,8.155934
2/28/2022,5798,8.156044
2/28/2022,5799,8.156154
2/28/2022,5800,8.156264
2/28/2022,5801,8.156374
2/28/2022,5802,8.156484
2/28/2022,5803,8.156593
2/28/2022,5804,8.156703
2/28/2022,5805,8.156813
2/28/2022,5806,8.156923
2/28/2022,5807,8.157033
2/28/2022,5808,8.157143
2/28/2022,5809,8.157253
2/28/2022,5810,8.157363
2/28/2022,5811,8.157473
2/28/2022,5812,8.157582
2/28/2022,5813,8.157692
2/28/2022,5814,8.157802
2/28/2022,5815,8.157912
2/28/2022,5816,8.158022
2/28/2022,5817,8.158132
2/28/2022,5818,8.158242
2/28/2022,5819,8.158352
2/28/2022,5820,8.158462
2/28/2022,5821,8.158571
2/28/2022,5822,8.158681
2/28/2022,5823,8.158791
2/28/2022,5824,8.158901
2/28/2022,5825,8.159011
2/28/2022,5826,8.159121
2/28/2022,5827,8.159231
2/28/2022,5828,8.159341
2/28/2022,5829,8.159451
2/28/2022,5830,8.15956
2/28/2022,5831,8.15967
2/28/2022,5832,8.15978
2/28/2022,5833,8.15989
2/28/2022,5834,8.16
2/28/2022,5835,8.16011
2/28/2022,5836,8.16022
2/28/2022,5837,8.16033
2/28/2022,5838,8.16044
2/28/2022,5839,8.160549
2/28/2022,5840,8.160659
2/28/2022,5841,8.160769
2/28/2022,5842,8.160879
2/28/2022,5843,8.160989
2/28/2022,5844,8.161099
2/28/2022,5845,8.161209
2/28/2022,5846,8.161319
2/28/2022,5847,8.161429
2/28/2022,5848,8.161538
2/28/2022,5849,8.161648
2/28/2022,5850,8.161758
2/28/2022,5851,8.161868
2/28/2022,5852,8.161978
2/28/2022,5853,8.162088
2/28/2022,5854,8.162198
2/28/2022,5855,8.162308
2/28/2022,5856,8.162418
2/28/2022,5857,8.162527
2/28/2022,5858,8.162637
2/28/2022,5859,8.162747
2/28/2022,5860,8.162857
2/28/2022,5861,8.162967
2/28/2022,5862,8.163077
2/28/2022,5863,8.163187
2/28/2022,5864,8.163297
2/28/2022,5865,8.163407
2/28/2022,5866,8.163516
2/28/2022,5867,8.163626
2/28/2022,5868,8.163736
2/28/2022,5869,8.163846
2/28/2022,5870,8.163956
2/28/2022,5871,8.164066
2/28/2022,5872,8.164176
2/28/2022,5873,8.164286
2/28/2022,5874,8.164396
2/28/2022,5875,8.164505
2/28/2022,5876,8.164615
2/28/2022,5877,8.164725
2/28/2022,5878,8.164835
2/28/2022,5879,8.164945
2/28/2022,5880,8.165055
2/28/2022,5881,8.165165
2/28/2022,5882,8.165275
2/28/2022,5883,8.165385
2/28/2022,5884,8.165495
2/28/2022,5885,8.165604
2/28/2022,5886,8.165714
2/28/2022,5887,8.165824
2/28/2022,5888,8.165934
2/28/2022,5889,8.166044
2/28/2022,5890,8.166154
2/28/2022,5891,8.166264
2/28/2022,5892,8.166374
2/28/2022,5893,8.166484
2/28/2022,5894,8.166593
2/28/2022,5895,8.166703
2/28/2022,5896,8.166813
2/28/2022,5897,8.166923
2/28/2022,5898,8.167033
2/28/2022,5899,8.167143
2/28/2022,5900,8.167253
2/28/2022,5901,8.167363
2/28/2022,5902,8.167473
2/28/2022,5903,8.167582
2/28/2022,5904,8.167692
2/28/2022,5905,8.167802
2/28/2022,5906,8.167912
2/28/2022,5907,8.168022
2/28/2022,5908,8.168132
2/28/2022,5909,8.168242
2/28/2022,5910,8.168352
2/28/2022,5911,8.168462
2/28/2022,5912,8.168571
2/28/2022,5913,8.168681
2/28/2022,5914,8.168791
2/28/2022,5915,8.168901
2/28/2022,5916,8.169011
2/28/2022,5917,8.169121
2/28/2022,5918,8.169231
2/28/2022,5919,8.169341
2/28/2022,5920,8.169451
2/28/2022,5921,8.16956
2/28/2022,5922,8.16967
2/28/2022,5923,8.16978
2/28/2022,5924,8.16989
2/28/2022,5925,8.17
2/28/2022,5926,8.17011
2/28/2022,5927,8.17022
2/28/2022,5928,8.17033
2/28/2022,5929,8.17044
2/28/2022,5930,8.170549
2/28/2022,5931,8.170659
2/28/2022,5932,8.170769
2/28/2022,5933,8.170879
2/28/2022,5934,8.170989
2/28/2022,5935,8.171099
2/28/2022,5936,8.171209
2/28/2022,5937,8.171319
2/28/2022,5938,8.171429
2/28/2022,5939,8.171538
2/28/2022,5940,8.171648
2/28/2022,5941,8.171758
2/28/2022,5942,8.171868
2/28/2022,5943,8.171978
2/28/2022,5944,8.172088
2/28/2022,5945,8.172198
2/28/2022,5946,8.172308
2/28/2022,5947,8.172418
2/28/2022,5948,8.172527
2/28/2022,5949,8.172637
2/28/2022,5950,8.172747
2/28/2022,5951,8.172857
2/28/2022,5952,8.172967
2/28/2022,5953,8.173077
2/28/2022,5954,8.173187
2/28/2022,5955,8.173297
2/28/2022,5956,8.173407
2/28/2022,5957,8.173516
2/28/2022,5958,8.173626
2/28/2022,5959,8.173736
2/28/2022,5960,8.173846
2/28/2022,5961,8.173956
2/28/2022,5962,8.174066
2/28/2022,5963,8.174176
2/28/2022,5964,8.174286
2/28/2022,5965,8.174396
2/28/2022,5966,8.174505
2/28/2022,5967,8.174615
2/28/2022,5968,8.174725
2/28/2022,5969,8.174835
2/28/2022,5970,8.174945
2/28/2022,5971,8.175055
2/28/2022,5972,8.175165
2/28/2022,5973,8.175275
2/28/2022,5974,8.175385
2/28/2022,5975,8.175495
2/28/2022,5976,8.175604
2/28/2022,5977,8.175714
2/28/2022,5978,8.175824
2/28/2022,5979,8.175934
2/28/2022,5980,8.176044
2/28/2022,5981,8.176154
2/28/2022,5982,8.176264
2/28/2022,5983,8.176374
2/28/2022,5984,8.176484
2/28/2022,5985,8.176593
2/28/2022,5986,8.176703
2/28/2022,5987,8.176813
2/28/2022,5988,8.176923
2/28/2022,5989,8.177033
2/28/2022,5990,8.177143
2/28/2022,5991,8.177253
2/28/2022,5992,8.177363
2/28/2022,5993,8.177473
2/28/2022,5994,8.177582
2/28/2022,5995,8.177692
2/28/2022,5996,8.177802
2/28/2022,5997,8.177912
2/28/2022,5998,8.178022
2/28/2022,5999,8.178132
2/28/2022,6000,8.178242
2/28/2022,6001,8.178352
2/28/2022,6002,8.178462
2/28/2022,6003,8.178571
2/28/2022,6004,8.178681
2/28/2022,6005,8.178791
2/28/2022,6006,8.178901
2/28/2022,6007,8.179011
2/28/2022,6008,8.179121
2/28/2022,6009,8.179231
2/28/2022,6010,8.179341
2/28/2022,6011,8.179451
2/28/2022,6012,8.17956
2/28/2022,6013,8.17967
2/28/2022,6014,8.17978
2/28/2022,6015,8.17989
2/28/2022,6016,8.18
2/28/2022,6017,8.18011
2/28/2022,6018,8.18022
2/28/2022,6019,8.18033
2/28/2022,6020,8.18044
2/28/2022,6021,8.180549
2/28/2022,6022,8.180659
2/28/2022,6023,8.180769
2/28/2022,6024,8.180879
2/28/2022,6025,8.180989
2/28/2022,6026,8.181099
2/28/2022,6027,8.181209
2/28/2022,6028,8.181319
2/28/2022,6029,8.181429
2/28/2022,6030,8.181538
2/28/2022,6031,8.181648
2/28/2022,6032,8.181758
2/28/2022,6033,8.181868
2/28/2022,6034,8.181978
2/28/2022,6035,8.182088
2/28/2022,6036,8.182198
2/28/2022,6037,8.182308
2/28/2022,6038,8.182418
2/28/2022,6039,8.182527
2/28/2022,6040,8.182637
2/28/2022,6041,8.182747
2/28/2022,6042,8.182857
2/28/2022,6043,8.182967
2/28/2022,6044,8.183077
2/28/2022,6045,8.183187
2/28/2022,6046,8.183297
2/28/2022,6047,8.183407
2/28/2022,6048,8.183516
2/28/2022,6049,8.183626
2/28/2022,6050,8.183736
2/28/2022,6051,8.183846
2/28/2022,6052,8.183956
2/28/2022,6053,8.184066
2/28/2022,6054,8.184176
2/28/2022,6055,8.184286
2/28/2022,6056,8.184396
2/28/2022,6057,8.184505
2/28/2022,6058,8.184615
2/28/2022,6059,8.184725
2/28/2022,6060,8.184835
2/28/2022,6061,8.184945
2/28/2022,6062,8.185055
2/28/2022,6063,8.185165
2/28/2022,6064,8.185275
2/28/2022,6065,8.185385
2/28/2022,6066,8.185495
2/28/2022,6067,8.185604
2/28/2022,6068,8.185714
2/28/2022,6069,8.185824
2/28/2022,6070,8.185934
2/28/2022,6071,8.186044
2/28/2022,6072,8.186154
2/28/2022,6073,8.186264
2/28/2022,6074,8.186374
2/28/2022,6075,8.186484
2/28/2022,6076,8.186593
2/28/2022,6077,8.186703
2/28/2022,6078,8.186813
2/28/2022,6079,8.186923
2/28/2022,6080,8.187033
2/28/2022,6081,8.187143
2/28/2022,6082,8.187253
2/28/2022,6083,8.187363
2/28/2022,6084,8.187473
2/28/2022,6085,8.187582
2/28/2022,6086,8.187692
2/28/2022,6087,8.187802
2/28/2022,6088,8.187912
2/28/2022,6089,8.188022
2/28/2022,6090,8.188132
2/28/2022,6091,8.188242
2/28/2022,6092,8.188352
2/28/2022,6093,8.188462
2/28/2022,6094,8.188571
2/28/2022,6095,8.188681
2/28/2022,6096,8.188791
2/28/2022,6097,8.188901
2/28/2022,6098,8.189011
2/28/2022,6099,8.189121
2/28/2022,6100,8.189231
2/28/2022,6101,8.189341
2/28/2022,6102,8.189451
2/28/2022,6103,8.18956
2/28/2022,6104,8.18967
2/28/2022,6105,8.18978
2/28/2022,6106,8.18989
2/28/2022,6107,8.19
2/28/2022,6108,8.190048
2/28/2022,6109,8.190096
2/28/2022,6110,8.190144
2/28/2022,6111,8.190192
2/28/2022,6112,8.19024
2/28/2022,6113,8.190288
2/28/2022,6114,8.190337
2/28/2022,6115,8.190385
2/28/2022,6116,8.190433
2/28/2022,6117,8.190481
2/28/2022,6118,8.190529
2/28/2022,6119,8.190577
2/28/2022,6120,8.190625
2/28/2022,6121,8.190673
2/28/2022,6122,8.190721
2/28/2022,6123,8.190769
2/28/2022,6124,8.190817
2/28/2022,6125,8.190865
2/28/2022,6126,8.190913
2/28/2022,6127,8.190962
2/28/2022,6128,8.19101
2/28/2022,6129,8.191058
2/28/2022,6130,8.191106
2/28/2022,6131,8.191154
2/28/2022,6132,8.191202
2/28/2022,6133,8.19125
2/28/2022,6134,8.191298
2/28/2022,6135,8.191346
2/28/2022,6136,8.191394
2/28/2022,6137,8.191442
2/28/2022,6138,8.19149
2/28/2022,6139,8.191538
2/28/2022,6140,8.191587
2/28/2022,6141,8.191635
2/28/2022,6142,8.191683
2/28/2022,6143,8.191731
2/28/2022,6144,8.191779
2/28/2022,6145,8.191827
2/28/2022,6146,8.191875
2/28/2022,6147,8.191923
2/28/2022,6148,8.191971
2/28/2022,6149,8.192019
2/28/2022,6150,8.192067
2/28/2022,6151,8.192115
2/28/2022,6152,8.192163
2/28/2022,6153,8.192212
2/28/2022,6154,8.19226
2/28/2022,6155,8.192308
2/28/2022,6156,8.192356
2/28/2022,6157,8.192404
2/28/2022,6158,8.192452
2/28/2022,6159,8.1925
2/28/2022,6160,8.192548
2/28/2022,6161,8.192596
2/28/2022,6162,8.192644
2/28/2022,6163,8.192692
2/28/2022,6164,8.19274
2/28/2022,6165,8.192788
2/28/2022,6166,8.192837
2/28/2022,6167,8.192885
2/28/2022,6168,8.192933
2/28/2022,6169,8.192981
2/28/2022,6170,8.193029
2/28/2022,6171,8.193077
2/28/2022,6172,8.193125
2/28/2022,6173,8.193173
2/28/2022,6174,8.193221
2/28/2022,6175,8.193269
2/28/2022,6176,8.193317
2/28/2022,6177,8.193365
2/28/2022,6178,8.193413
2/28/2022,6179,8.193462
2/28/2022,6180,8.19351
2/28/2022,6181,8.193558
2/28/2022,6182,8.193606
2/28/2022,6183,8.193654
2/28/2022,6184,8.193702
2/28/2022,6185,8.19375
2/28/2022,6186,8.193798
2/28/2022,6187,8.193846
2/28/2022,6188,8.193894
2/28/2022,6189,8.193942
2/28/2022,6190,8.19399
2/28/2022,6191,8.194038
2/28/2022,6192,8.194087
2/28/2022,6193,8.194135
2/28/2022,6194,8.194183
2/28/2022,6195,8.194231
2/28/2022,6196,8.194279
2/28/2022,6197,8.194327
2/28/2022,6198,8.194375
2/28/2022,6199,8.194423
2/28/2022,6200,8.194471
2/28/2022,6201,8.194519
2/28/2022,6202,8.194567
2/28/2022,6203,8.194615
2/28/2022,6204,8.194663
2/28/2022,6205,8.194712
2/28/2022,6206,8.19476
2/28/2022,6207,8.194808
2/28/2022,6208,8.194856
2/28/2022,6209,8.194904
2/28/2022,6210,8.194952
2/28/2022,6211,8.195
2/28/2022,6212,8.195048
2/28/2022,6213,8.195096
2/28/2022,6214,8.195144
2/28/2022,6215,8.195192
2/28/2022,6216,8.19524
2/28/2022,6217,8.195288
2/28/2022,6218,8.195337
2/28/2022,6219,8.195385
2/28/2022,6220,8.195433
2/28/2022,6221,8.195481
2/28/2022,6222,8.195529
2/28/2022,6223,8.195577
2/28/2022,6224,8.195625
2/28/2022,6225,8.195673
2/28/2022,6226,8.195721
2/28/2022,6227,8.195769
2/28/2022,6228,8.195817
2/28/2022,6229,8.195865
2/28/2022,6230,8.195913
2/28/2022,6231,8.195962
2/28/2022,6232,8.19601
2/28/2022,6233,8.196058
2/28/2022,6234,8.196106
2/28/2022,6235,8.196154
2/28/2022,6236,8.196202
2/28/2022,6237,8.19625
2/28/2022,6238,8.196298
2/28/2022,6239,8.196346
2/28/2022,6240,8.196394
2/28/2022,6241,8.196442
2/28/2022,6242,8.19649
2/28/2022,6243,8.196538
2/28/2022,6244,8.196587
2/28/2022,6245,8.196635
2/28/2022,6246,8.196683
2/28/2022,6247,8.196731
2/28/2022,6248,8.196779
2/28/2022,6249,8.196827
2/28/2022,6250,8.196875
2/28/2022,6251,8.196923
2/28/2022,6252,8.196971
2/28/2022,6253,8.197019
2/28/2022,6254,8.197067
2/28/2022,6255,8.197115
2/28/2022,6256,8.197163
2/28/2022,6257,8.197212
2/28/2022,6258,8.19726
2/28/2022,6259,8.197308
2/28/2022,6260,8.197356
2/28/2022,6261,8.197404
2/28/2022,6262,8.197452
2/28/2022,6263,8.1975
2/28/2022,6264,8.197548
2/28/2022,6265,8.197596
2/28/2022,6266,8.197644
2/28/2022,6267,8.197692
2/28/2022,6268,8.19774
2/28/2022,6269,8.197788
2/28/2022,6270,8.197837
2/28/2022,6271,8.197885
2/28/2022,6272,8.197933
2/28/2022,6273,8.197981
2/28/2022,6274,8.198029
2/28/2022,6275,8.198077
2/28/2022,6276,8.198125
2/28/2022,6277,8.198173
2/28/2022,6278,8.198221
2/28/2022,6279,8.198269
2/28/2022,6280,8.198317
2/28/2022,6281,8.198365
2/28/2022,6282,8.198413
2/28/2022,6283,8.198462
2/28/2022,6284,8.19851
2/28/2022,6285,8.198558
2/28/2022,6286,8.198606
2/28/2022,6287,8.198654
2/28/2022,6288,8.198702
2/28/2022,6289,8.19875
2/28/2022,6290,8.198798
2/28/2022,6291,8.198846
2/28/2022,6292,8.198894
2/28/2022,6293,8.198942
2/28/2022,6294,8.19899
2/28/2022,6295,8.199038
2/28/2022,6296,8.199087
2/28/2022,6297,8.199135
2/28/2022,6298,8.199183
2/28/2022,6299,8.199231
2/28/2022,6300,8.199279
2/28/2022,6301,8.199327
2/28/2022,6302,8.199375
2/28/2022,6303,8.199423
2/28/2022,6304,8.199471
2/28/2022,6305,8.199519
2/28/2022,6306,8.199567
2/28/2022,6307,8.199615
2/28/2022,6308,8.199663
2/28/2022,6309,8.199712
2/28/2022,6310,8.19976
2/28/2022,6311,8.199808
2/28/2022,6312,8.199856
2/28/2022,6313,8.199904
2/28/2022,6314,8.199952
2/28/2022,6315,8.2
2/28/2022,6316,8.200048
2/28/2022,6317,8.200096
2/28/2022,6318,8.200144
2/28/2022,6319,8.200192
2/28/2022,6320,8.20024
2/28/2022,6321,8.200288
2/28/2022,6322,8.200337
2/28/2022,6323,8.200385
2/28/2022,6324,8.200433
2/28/2022,6325,8.200481
2/28/2022,6326,8.200529
2/28/2022,6327,8.200577
2/28/2022,6328,8.200625
2/28/2022,6329,8.200673
2/28/2022,6330,8.200721
2/28/2022,6331,8.200769
2/28/2022,6332,8.200817
2/28/2022,6333,8.200865
2/28/2022,6334,8.200913
2/28/2022,6335,8.200962
2/28/2022,6336,8.20101
2/28/2022,6337,8.201058
2/28/2022,6338,8.201106
2/28/2022,6339,8.201154
2/28/2022,6340,8.201202
2/28/2022,6341,8.20125
2/28/2022,6342,8.201298
2/28/2022,6343,8.201346
2/28/2022,6344,8.201394
2/28/2022,6345,8.201442
2/28/2022,6346,8.20149
2/28/2022,6347,8.201538
2/28/2022,6348,8.201587
2/28/2022,6349,8.201635
2/28/2022,6350,8.201683
2/28/2022,6351,8.201731
2/28/2022,6352,8.201779
2/28/2022,6353,8.201827
2/28/2022,6354,8.201875
2/28/2022,6355,8.201923
2/28/2022,6356,8.201971
2/28/2022,6357,8.202019
2/28/2022,6358,8.202067
2/28/2022,6359,8.202115
2/28/2022,6360,8.202163
2/28/2022,6361,8.202212
2/28/2022,6362,8.20226
2/28/2022,6363,8.202308
2/28/2022,6364,8.202356
2/28/2022,6365,8.202404
2/28/2022,6366,8.202452
2/28/2022,6367,8.2025
2/28/2022,6368,8.202548
2/28/2022,6369,8.202596
2/28/2022,6370,8.202644
2/28/2022,6371,8.202692
2/28/2022,6372,8.20274
2/28/2022,6373,8.202788
2/28/2022,6374,8.202837
2/28/2022,6375,8.202885
2/28/2022,6376,8.202933
2/28/2022,6377,8.202981
2/28/2022,6378,8.203029
2/28/2022,6379,8.203077
2/28/2022,6380,8.203125
2/28/2022,6381,8.203173
2/28/2022,6382,8.203221
2/28/2022,6383,8.203269
2/28/2022,6384,8.203317
2/28/2022,6385,8.203365
2/28/2022,6386,8.203413
2/28/2022,6387,8.203462
2/28/2022,6388,8.20351
2/28/2022,6389,8.203558
2/28/2022,6390,8.203606
2/28/2022,6391,8.203654
2/28/2022,6392,8.203702
2/28/2022,6393,8.20375
2/28/2022,6394,8.203798
2/28/2022,6395,8.203846
2/28/2022,6396,8.203894
2/28/2022,6397,8.203942
2/28/2022,6398,8.20399
2/28/2022,6399,8.204038
2/28/2022,6400,8.204087
2/28/2022,6401,8.204135
2/28/2022,6402,8.204183
2/28/2022,6403,8.204231
2/28/2022,6404,8.204279
2/28/2022,6405,8.204327
2/28/2022,6406,8.204375
2/28/2022,6407,8.204423
2/28/2022,6408,8.204471
2/28/2022,6409,8.204519
2/28/2022,6410,8.204567
2/28/2022,6411,8.204615
2/28/2022,6412,8.204663
2/28/2022,6413,8.204712
2/28/2022,6414,8.20476
2/28/2022,6415,8.204808
2/28/2022,6416,8.204856
2/28/2022,6417,8.204904
2/28/2022,6418,8.204952
2/28/2022,6419,8.205
2/28/2022,6420,8.205048
2/28/2022,6421,8.205096
2/28/2022,6422,8.205144
2/28/2022,6423,8.205192
2/28/2022,6424,8.20524
2/28/2022,6425,8.205288
2/28/2022,6426,8.205337
2/28/2022,6427,8.205385
2/28/2022,6428,8.205433
2/28/2022,6429,8.205481
2/28/2022,6430,8.205529
2/28/2022,6431,8.205577
2/28/2022,6432,8.205625
2/28/2022,6433,8.205673
2/28/2022,6434,8.205721
2/28/2022,6435,8.205769
2/28/2022,6436,8.205817
2/28/2022,6437,8.205865
2/28/2022,6438,8.205913
2/28/2022,6439,8.205962
2/28/2022,6440,8.20601
2/28/2022,6441,8.206058
2/28/2022,6442,8.206106
2/28/2022,6443,8.206154
2/28/2022,6444,8.206202
2/28/2022,6445,8.20625
2/28/2022,6446,8.206298
2/28/2022,6447,8.206346
2/28/2022,6448,8.206394
2/28/2022,6449,8.206442
2/28/2022,6450,8.20649
2/28/2022,6451,8.206538
2/28/2022,6452,8.206587
2/28/2022,6453,8.206635
2/28/2022,6454,8.206683
2/28/2022,6455,8.206731
2/28/2022,6456,8.206779
2/28/2022,6457,8.206827
2/28/2022,6458,8.206875
2/28/2022,6459,8.206923
2/28/2022,6460,8.206971
2/28/2022,6461,8.207019
2/28/2022,6462,8.207067
2/28/2022,6463,8.207115
2/28/2022,6464,8.207163
2/28/2022,6465,8.207212
2/28/2022,6466,8.20726
2/28/2022,6467,8.207308
2/28/2022,6468,8.207356
2/28/2022,6469,8.207404
2/28/2022,6470,8.207452
2/28/2022,6471,8.2075
2/28/2022,6472,8.207548
2/28/2022,6473,8.207596
2/28/2022,6474,8.207644
2/28/2022,6475,8.207692
2/28/2022,6476,8.20774
2/28/2022,6477,8.207788
2/28/2022,6478,8.207837
2/28/2022,6479,8.207885
2/28/2022,6480,8.207933
2/28/2022,6481,8.207981
2/28/2022,6482,8.208029
2/28/2022,6483,8.208077
2/28/2022,6484,8.208125
2/28/2022,6485,8.208173
2/28/2022,6486,8.208221
2/28/2022,6487,8.208269
2/28/2022,6488,8.208317
2/28/2022,6489,8.208365
2/28/2022,6490,8.208413
2/28/2022,6491,8.208462
2/28/2022,6492,8.20851
2/28/2022,6493,8.208558
2/28/2022,6494,8.208606
2/28/2022,6495,8.208654
2/28/2022,6496,8.208702
2/28/2022,6497,8.20875
2/28/2022,6498,8.208798
2/28/2022,6499,8.208846
2/28/2022,6500,8.208894
2/28/2022,6501,8.208942
2/28/2022,6502,8.20899
2/28/2022,6503,8.209038
2/28/2022,6504,8.209087
2/28/2022,6505,8.209135
2/28/2022,6506,8.209183
2/28/2022,6507,8.209231
2/28/2022,6508,8.209279
2/28/2022,6509,8.209327
2/28/2022,6510,8.209375
2/28/2022,6511,8.209423
2/28/2022,6512,8.209471
2/28/2022,6513,8.209519
2/28/2022,6514,8.209567
2/28/2022,6515,8.209615
2/28/2022,6516,8.209663
2/28/2022,6517,8.209712
2/28/2022,6518,8.20976
2/28/2022,6519,8.209808
2/28/2022,6520,8.209856
2/28/2022,6521,8.209904
2/28/2022,6522,8.209952
2/28/2022,6523,8.21
2/28/2022,6524,8.210048
2/28/2022,6525,8.210096
2/28/2022,6526,8.210144
2/28/2022,6527,8.210192
2/28/2022,6528,8.21024
2/28/2022,6529,8.210288
2/28/2022,6530,8.210337
2/28/2022,6531,8.210385
2/28/2022,6532,8.210433
2/28/2022,6533,8.210481
2/28/2022,6534,8.210529
2/28/2022,6535,8.210577
2/28/2022,6536,8.210625
2/28/2022,6537,8.210673
2/28/2022,6538,8.210721
2/28/2022,6539,8.210769
2/28/2022,6540,8.210817
2/28/2022,6541,8.210865
2/28/2022,6542,8.210913
2/28/2022,6543,8.210962
2/28/2022,6544,8.21101
2/28/2022,6545,8.211058
2/28/2022,6546,8.211106
2/28/2022,6547,8.211154
2/28/2022,6548,8.211202
2/28/2022,6549,8.21125
2/28/2022,6550,8.211298
2/28/2022,6551,8.211346
2/28/2022,6552,8.211394
2/28/2022,6553,8.211442
2/28/2022,6554,8.21149
2/28/2022,6555,8.211538
2/28/2022,6556,8.211587
2/28/2022,6557,8.211635
2/28/2022,6558,8.211683
2/28/2022,6559,8.211731
2/28/2022,6560,8.211779
2/28/2022,6561,8.211827
2/28/2022,6562,8.211875
2/28/2022,6563,8.211923
2/28/2022,6564,8.211971
2/28/2022,6565,8.212019
2/28/2022,6566,8.212067
2/28/2022,6567,8.212115
2/28/2022,6568,8.212163
2/28/2022,6569,8.212212
2/28/2022,6570,8.21226
2/28/2022,6571,8.212308
2/28/2022,6572,8.212356
2/28/2022,6573,8.212404
2/28/2022,6574,8.212452
2/28/2022,6575,8.2125
2/28/2022,6576,8.212548
2/28/2022,6577,8.212596
2/28/2022,6578,8.212644
2/28/2022,6579,8.212692
2/28/2022,6580,8.21274
2/28/2022,6581,8.212788
2/28/2022,6582,8.212837
2/28/2022,6583,8.212885
2/28/2022,6584,8.212933
2/28/2022,6585,8.212981
2/28/2022,6586,8.213029
2/28/2022,6587,8.213077
2/28/2022,6588,8.213125
2/28/2022,6589,8.213173
2/28/2022,6590,8.213221
2/28/2022,6591,8.213269
2/28/2022,6592,8.213317
2/28/2022,6593,8.213365
2/28/2022,6594,8.213413
2/28/2022,6595,8.213462
2/28/2022,6596,8.21351
2/28/2022,6597,8.213558
2/28/2022,6598,8.213606
2/28/2022,6599,8.213654
2/28/2022,6600,8.213702
2/28/2022,6601,8.21375
2/28/2022,6602,8.213798
2/28/2022,6603,8.213846
2/28/2022,6604,8.213894
2/28/2022,6605,8.213942
2/28/2022,6606,8.21399
2/28/2022,6607,8.214038
2/28/2022,6608,8.214087
2/28/2022,6609,8.214135
2/28/2022,6610,8.214183
2/28/2022,6611,8.214231
2/28/2022,6612,8.214279
2/28/2022,6613,8.214327
2/28/2022,6614,8.214375
2/28/2022,6615,8.214423
2/28/2022,6616,8.214471
2/28/2022,6617,8.214519
2/28/2022,6618,8.214567
2/28/2022,6619,8.214615
2/28/2022,6620,8.214663
2/28/2022,6621,8.214712
2/28/2022,6622,8.21476
2/28/2022,6623,8.214808
2/28/2022,6624,8.214856
2/28/2022,6625,8.214904
2/28/2022,6626,8.214952
2/28/2022,6627,8.215
2/28/2022,6628,8.215048
2/28/2022,6629,8.215096
2/28/2022,6630,8.215144
2/28/2022,6631,8.215192
2/28/2022,6632,8.21524
2/28/2022,6633,8.215288
2/28/2022,6634,8.215337
2/28/2022,6635,8.215385
2/28/2022,6636,8.215433
2/28/2022,6637,8.215481
2/28/2022,6638,8.215529
2/28/2022,6639,8.215577
2/28/2022,6640,8.215625
2/28/2022,6641,8.215673
2/28/2022,6642,8.215721
2/28/2022,6643,8.215769
2/28/2022,6644,8.215817
2/28/2022,6645,8.215865
2/28/2022,6646,8.215913
2/28/2022,6647,8.215962
2/28/2022,6648,8.21601
2/28/2022,6649,8.216058
2/28/2022,6650,8.216106
2/28/2022,6651,8.216154
2/28/2022,6652,8.216202
2/28/2022,6653,8.21625
2/28/2022,6654,8.216298
2/28/2022,6655,8.216346
2/28/2022,6656,8.216394
2/28/2022,6657,8.216442
2/28/2022,6658,8.21649
2/28/2022,6659,8.216538
2/28/2022,6660,8.216587
2/28/2022,6661,8.216635
2/28/2022,6662,8.216683
2/28/2022,6663,8.216731
2/28/2022,6664,8.216779
2/28/2022,6665,8.216827
2/28/2022,6666,8.216875
2/28/2022,6667,8.216923
2/28/2022,6668,8.216971
2/28/2022,6669,8.217019
2/28/2022,6670,8.217067
2/28/2022,6671,8.217115
2/28/2022,6672,8.217163
2/28/2022,6673,8.217212
2/28/2022,6674,8.21726
2/28/2022,6675,8.217308
2/28/2022,6676,8.217356
2/28/2022,6677,8.217404
2/28/2022,6678,8.217452
2/28/2022,6679,8.2175
2/28/2022,6680,8.217548
2/28/2022,6681,8.217596
2/28/2022,6682,8.217644
2/28/2022,6683,8.217692
2/28/2022,6684,8.21774
2/28/2022,6685,8.217788
2/28/2022,6686,8.217837
2/28/2022,6687,8.217885
2/28/2022,6688,8.217933
2/28/2022,6689,8.217981
2/28/2022,6690,8.218029
2/28/2022,6691,8.218077
2/28/2022,6692,8.218125
2/28/2022,6693,8.218173
2/28/2022,6694,8.218221
2/28/2022,6695,8.218269
2/28/2022,6696,8.218317
2/28/2022,6697,8.218365
2/28/2022,6698,8.218413
2/28/2022,6699,8.218462
2/28/2022,6700,8.21851
2/28/2022,6701,8.218558
2/28/2022,6702,8.218606
2/28/2022,6703,8.218654
2/28/2022,6704,8.218702
2/28/2022,6705,8.21875
2/28/2022,6706,8.218798
2/28/2022,6707,8.218846
2/28/2022,6708,8.218894
2/28/2022,6709,8.218942
2/28/2022,6710,8.21899
2/28/2022,6711,8.219038
2/28/2022,6712,8.219087
2/28/2022,6713,8.219135
2/28/2022,6714,8.219183
2/28/2022,6715,8.219231
2/28/2022,6716,8.219279
2/28/2022,6717,8.219327
2/28/2022,6718,8.219375
2/28/2022,6719,8.219423
2/28/2022,6720,8.219471
2/28/2022,6721,8.219519
2/28/2022,6722,8.219567
2/28/2022,6723,8.219615
2/28/2022,6724,8.219663
2/28/2022,6725,8.219712
2/28/2022,6726,8.21976
2/28/2022,6727,8.219808
2/28/2022,6728,8.219856
2/28/2022,6729,8.219904
2/28/2022,6730,8.219952
2/28/2022,6731,8.22
2/28/2022,6732,8.220048
2/28/2022,6733,8.220096
2/28/2022,6734,8.220144
2/28/2022,6735,8.220192
2/28/2022,6736,8.22024
2/28/2022,6737,8.220288
2/28/2022,6738,8.220337
2/28/2022,6739,8.220385
2/28/2022,6740,8.220433
2/28/2022,6741,8.220481
2/28/2022,6742,8.220529
2/28/2022,6743,8.220577
2/28/2022,6744,8.220625
2/28/2022,6745,8.220673
2/28/2022,6746,8.220721
2/28/2022,6747,8.220769
2/28/2022,6748,8.220817
2/28/2022,6749,8.220865
2/28/2022,6750,8.220913
2/28/2022,6751,8.220962
2/28/2022,6752,8.22101
2/28/2022,6753,8.221058
2/28/2022,6754,8.221106
2/28/2022,6755,8.221154
2/28/2022,6756,8.221202
2/28/2022,6757,8.22125
2/28/2022,6758,8.221298
2/28/2022,6759,8.221346
2/28/2022,6760,8.221394
2/28/2022,6761,8.221442
2/28/2022,6762,8.22149
2/28/2022,6763,8.221538
2/28/2022,6764,8.221587
2/28/2022,6765,8.221635
2/28/2022,6766,8.221683
2/28/2022,6767,8.221731
2/28/2022,6768,8.221779
2/28/2022,6769,8.221827
2/28/2022,6770,8.221875
2/28/2022,6771,8.221923
2/28/2022,6772,8.221971
2/28/2022,6773,8.222019
2/28/2022,6774,8.222067
2/28/2022,6775,8.222115
2/28/2022,6776,8.222163
2/28/2022,6777,8.222212
2/28/2022,6778,8.22226
2/28/2022,6779,8.222308
2/28/2022,6780,8.222356
2/28/2022,6781,8.222404
2/28/2022,6782,8.222452
2/28/2022,6783,8.2225
2/28/2022,6784,8.222548
2/28/2022,6785,8.222596
2/28/2022,6786,8.222644
2/28/2022,6787,8.222692
2/28/2022,6788,8.22274
2/28/2022,6789,8.222788
2/28/2022,6790,8.222837
2/28/2022,6791,8.222885
2/28/2022,6792,8.222933
2/28/2022,6793,8.222981
2/28/2022,6794,8.223029
2/28/2022,6795,8.223077
2/28/2022,6796,8.223125
2/28/2022,6797,8.223173
2/28/2022,6798,8.223221
2/28/2022,6799,8.223269
2/28/2022,6800,8.223317
2/28/2022,6801,8.223365
2/28/2022,6802,8.223413
2/28/2022,6803,8.223462
2/28/2022,6804,8.22351
2/28/2022,6805,8.223558
2/28/2022,6806,8.223606
2/28/2022,6807,8.223654
2/28/2022,6808,8.223702
2/28/2022,6809,8.22375
2/28/2022,6810,8.223798
2/28/2022,6811,8.223846
2/28/2022,6812,8.223894
2/28/2022,6813,8.223942
2/28/2022,6814,8.22399
2/28/2022,6815,8.224038
2/28/2022,6816,8.224087
2/28/2022,6817,8.224135
2/28/2022,6818,8.224183
2/28/2022,6819,8.224231
2/28/2022,6820,8.224279
2/28/2022,6821,8.224327
2/28/2022,6822,8.224375
2/28/2022,6823,8.224423
2/28/2022,6824,8.224471
2/28/2022,6825,8.224519
2/28/2022,6826,8.224567
2/28/2022,6827,8.224615
2/28/2022,6828,8.224663
2/28/2022,6829,8.224712
2/28/2022,6830,8.22476
2/28/2022,6831,8.224808
2/28/2022,6832,8.224856
2/28/2022,6833,8.224904
2/28/2022,6834,8.224952
2/28/2022,6835,8.225
2/28/2022,6836,8.225048
2/28/2022,6837,8.225096
2/28/2022,6838,8.225144
2/28/2022,6839,8.225192
2/28/2022,6840,8.22524
2/28/2022,6841,8.225288
2/28/2022,6842,8.225337
2/28/2022,6843,8.225385
2/28/2022,6844,8.225433
2/28/2022,6845,8.225481
2/28/2022,6846,8.225529
2/28/2022,6847,8.225577
2/28/2022,6848,8.225625
2/28/2022,6849,8.225673
2/28/2022,6850,8.225721
2/28/2022,6851,8.225769
2/28/2022,6852,8.225817
2/28/2022,6853,8.225865
2/28/2022,6854,8.225913
2/28/2022,6855,8.225962
2/28/2022,6856,8.22601
2/28/2022,6857,8.226058
2/28/2022,6858,8.226106
2/28/2022,6859,8.226154
2/28/2022,6860,8.226202
2/28/2022,6861,8.22625
2/28/2022,6862,8.226298
2/28/2022,6863,8.226346
2/28/2022,6864,8.226394
2/28/2022,6865,8.226442
2/28/2022,6866,8.22649
2/28/2022,6867,8.226538
2/28/2022,6868,8.226587
2/28/2022,6869,8.226635
2/28/2022,6870,8.226683
2/28/2022,6871,8.226731
2/28/2022,6872,8.226779
2/28/2022,6873,8.226827
2/28/2022,6874,8.226875
2/28/2022,6875,8.226923
2/28/2022,6876,8.226971
2/28/2022,6877,8.227019
2/28/2022,6878,8.227067
2/28/2022,6879,8.227115
2/28/2022,6880,8.227163
2/28/2022,6881,8.227212
2/28/2022,6882,8.22726
2/28/2022,6883,8.227308
2/28/2022,6884,8.227356
2/28/2022,6885,8.227404
2/28/2022,6886,8.227452
2/28/2022,6887,8.2275
2/28/2022,6888,8.227548
2/28/2022,6889,8.227596
2/28/2022,6890,8.227644
2/28/2022,6891,8.227692
2/28/2022,6892,8.22774
2/28/2022,6893,8.227788
2/28/2022,6894,8.227837
2/28/2022,6895,8.227885
2/28/2022,6896,8.227933
2/28/2022,6897,8.227981
2/28/2022,6898,8.228029
2/28/2022,6899,8.228077
2/28/2022,6900,8.228125
2/28/2022,6901,8.228173
2/28/2022,6902,8.228221
2/28/2022,6903,8.228269
2/28/2022,6904,8.228317
2/28/2022,6905,8.228365
2/28/2022,6906,8.228413
2/28/2022,6907,8.228462
2/28/2022,6908,8.22851
2/28/2022,6909,8.228558
2/28/2022,6910,8.228606
2/28/2022,6911,8.228654
2/28/2022,6912,8.228702
2/28/2022,6913,8.22875
2/28/2022,6914,8.228798
2/28/2022,6915,8.228846
2/28/2022,6916,8.228894
2/28/2022,6917,8.228942
2/28/2022,6918,8.22899
2/28/2022,6919,8.229038
2/28/2022,6920,8.229087
2/28/2022,6921,8.229135
2/28/2022,6922,8.229183
2/28/2022,6923,8.229231
2/28/2022,6924,8.229279
2/28/2022,6925,8.229327
2/28/2022,6926,8.229375
2/28/2022,6927,8.229423
2/28/2022,6928,8.229471
2/28/2022,6929,8.229519
2/28/2022,6930,8.229567
2/28/2022,6931,8.229615
2/28/2022,6932,8.229663
2/28/2022,6933,8.229712
2/28/2022,6934,8.22976
2/28/2022,6935,8.229808
2/28/2022,6936,8.229856
2/28/2022,6937,8.229904
2/28/2022,6938,8.229952
2/28/2022,6939,8.23
2/28/2022,6940,8.230048
2/28/2022,6941,8.230096
2/28/2022,6942,8.230144
2/28/2022,6943,8.230192
2/28/2022,6944,8.23024
2/28/2022,6945,8.230288
2/28/2022,6946,8.230337
2/28/2022,6947,8.230385
2/28/2022,6948,8.230433
2/28/2022,6949,8.230481
2/28/2022,6950,8.230529
2/28/2022,6951,8.230577
2/28/2022,6952,8.230625
2/28/2022,6953,8.230673
2/28/2022,6954,8.230721
2/28/2022,6955,8.230769
2/28/2022,6956,8.230817
2/28/2022,6957,8.230865
2/28/2022,6958,8.230913
2/28/2022,6959,8.230962
2/28/2022,6960,8.23101
2/28/2022,6961,8.231058
2/28/2022,6962,8.231106
2/28/2022,6963,8.231154
2/28/2022,6964,8.231202
2/28/2022,6965,8.23125
2/28/2022,6966,8.231298
2/28/2022,6967,8.231346
2/28/2022,6968,8.231394
2/28/2022,6969,8.231442
2/28/2022,6970,8.23149
2/28/2022,6971,8.231538
2/28/2022,6972,8.231587
2/28/2022,6973,8.231635
2/28/2022,6974,8.231683
2/28/2022,6975,8.231731
2/28/2022,6976,8.231779
2/28/2022,6977,8.231827
2/28/2022,6978,8.231875
2/28/2022,6979,8.231923
2/28/2022,6980,8.231971
2/28/2022,6981,8.232019
2/28/2022,6982,8.232067
2/28/2022,6983,8.232115
2/28/2022,6984,8.232163
2/28/2022,6985,8.232212
2/28/2022,6986,8.23226
2/28/2022,6987,8.232308
2/28/2022,6988,8.232356
2/28/2022,6989,8.232404
2/28/2022,6990,8.232452
2/28/2022,6991,8.2325
2/28/2022,6992,8.232548
2/28/2022,6993,8.232596
2/28/2022,6994,8.232644
2/28/2022,6995,8.232692
2/28/2022,6996,8.23274
2/28/2022,6997,8.232788
2/28/2022,6998,8.232837
2/28/2022,6999,8.232885
2/28/2022,7000,8.232933
2/28/2022,7001,8.232981
2/28/2022,7002,8.233029
2/28/2022,7003,8.233077
2/28/2022,7004,8.233125
2/28/2022,7005,8.233173
2/28/2022,7006,8.233221
2/28/2022,7007,8.233269
2/28/2022,7008,8.233317
2/28/2022,7009,8.233365
2/28/2022,7010,8.233413
2/28/2022,7011,8.233462
2/28/2022,7012,8.23351
2/28/2022,7013,8.233558
2/28/2022,7014,8.233606
2/28/2022,7015,8.233654
2/28/2022,7016,8.233702
2/28/2022,7017,8.23375
2/28/2022,7018,8.233798
2/28/2022,7019,8.233846
2/28/2022,7020,8.233894
2/28/2022,7021,8.233942
2/28/2022,7022,8.23399
2/28/2022,7023,8.234038
2/28/2022,7024,8.234087
2/28/2022,7025,8.234135
2/28/2022,7026,8.234183
2/28/2022,7027,8.234231
2/28/2022,7028,8.234279
2/28/2022,7029,8.234327
2/28/2022,7030,8.234375
2/28/2022,7031,8.234423
2/28/2022,7032,8.234471
2/28/2022,7033,8.234519
2/28/2022,7034,8.234567
2/28/2022,7035,8.234615
2/28/2022,7036,8.234663
2/28/2022,7037,8.234712
2/28/2022,7038,8.23476
2/28/2022,7039,8.234808
2/28/2022,7040,8.234856
2/28/2022,7041,8.234904
2/28/2022,7042,8.234952
2/28/2022,7043,8.235
2/28/2022,7044,8.235048
2/28/2022,7045,8.235096
2/28/2022,7046,8.235144
2/28/2022,7047,8.235192
2/28/2022,7048,8.23524
2/28/2022,7049,8.235288
2/28/2022,7050,8.235337
2/28/2022,7051,8.235385
2/28/2022,7052,8.235433
2/28/2022,7053,8.235481
2/28/2022,7054,8.235529
2/28/2022,7055,8.235577
2/28/2022,7056,8.235625
2/28/2022,7057,8.235673
2/28/2022,7058,8.235721
2/28/2022,7059,8.235769
2/28/2022,7060,8.235817
2/28/2022,7061,8.235865
2/28/2022,7062,8.235913
2/28/2022,7063,8.235962
2/28/2022,7064,8.23601
2/28/2022,7065,8.236058
2/28/2022,7066,8.236106
2/28/2022,7067,8.236154
2/28/2022,7068,8.236202
2/28/2022,7069,8.23625
2/28/2022,7070,8.236298
2/28/2022,7071,8.236346
2/28/2022,7072,8.236394
2/28/2022,7073,8.236442
2/28/2022,7074,8.23649
2/28/2022,7075,8.236538
2/28/2022,7076,8.236587
2/28/2022,7077,8.236635
2/28/2022,7078,8.236683
2/28/2022,7079,8.236731
2/28/2022,7080,8.236779
2/28/2022,7081,8.236827
2/28/2022,7082,8.236875
2/28/2022,7083,8.236923
2/28/2022,7084,8.236971
2/28/2022,7085,8.237019
2/28/2022,7086,8.237067
2/28/2022,7087,8.237115
2/28/2022,7088,8.237163
2/28/2022,7089,8.237212
2/28/2022,7090,8.23726
2/28/2022,7091,8.237308
2/28/2022,7092,8.237356
2/28/2022,7093,8.237404
2/28/2022,7094,8.237452
2/28/2022,7095,8.2375
2/28/2022,7096,8.237548
2/28/2022,7097,8.237596
2/28/2022,7098,8.237644
2/28/2022,7099,8.237692
2/28/2022,7100,8.23774
2/28/2022,7101,8.237788
2/28/2022,7102,8.237837
2/28/2022,7103,8.237885
2/28/2022,7104,8.237933
2/28/2022,7105,8.237981
2/28/2022,7106,8.238029
2/28/2022,7107,8.238077
2/28/2022,7108,8.238125
2/28/2022,7109,8.238173
2/28/2022,7110,8.238221
2/28/2022,7111,8.238269
2/28/2022,7112,8.238317
2/28/2022,7113,8.238365
2/28/2022,7114,8.238413
2/28/2022,7115,8.238462
2/28/2022,7116,8.23851
2/28/2022,7117,8.238558
2/28/2022,7118,8.238606
2/28/2022,7119,8.238654
2/28/2022,7120,8.238702
2/28/2022,7121,8.23875
2/28/2022,7122,8.238798
2/28/2022,7123,8.238846
2/28/2022,7124,8.238894
2/28/2022,7125,8.238942
2/28/2022,7126,8.23899
2/28/2022,7127,8.239038
2/28/2022,7128,8.239087
2/28/2022,7129,8.239135
2/28/2022,7130,8.239183
2/28/2022,7131,8.239231
2/28/2022,7132,8.239279
2/28/2022,7133,8.239327
2/28/2022,7134,8.239375
2/28/2022,7135,8.239423
2/28/2022,7136,8.239471
2/28/2022,7137,8.239519
2/28/2022,7138,8.239567
2/28/2022,7139,8.239615
2/28/2022,7140,8.239663
2/28/2022,7141,8.239712
2/28/2022,7142,8.23976
2/28/2022,7143,8.239808
2/28/2022,7144,8.239856
2/28/2022,7145,8.239904
2/28/2022,7146,8.239952
2/28/2022,7147,8.24
2/28/2022,7148,8.240048
2/28/2022,7149,8.240096
2/28/2022,7150,8.240144
2/28/2022,7151,8.240192
2/28/2022,7152,8.24024
2/28/2022,7153,8.240288
2/28/2022,7154,8.240337
2/28/2022,7155,8.240385
2/28/2022,7156,8.240433
2/28/2022,7157,8.240481
2/28/2022,7158,8.240529
2/28/2022,7159,8.240577
2/28/2022,7160,8.240625
2/28/2022,7161,8.240673
2/28/2022,7162,8.240721
2/28/2022,7163,8.240769
2/28/2022,7164,8.240817
2/28/2022,7165,8.240865
2/28/2022,7166,8.240913
2/28/2022,7167,8.240962
2/28/2022,7168,8.24101
2/28/2022,7169,8.241058
2/28/2022,7170,8.241106
2/28/2022,7171,8.241154
2/28/2022,7172,8.241202
2/28/2022,7173,8.24125
2/28/2022,7174,8.241298
2/28/2022,7175,8.241346
2/28/2022,7176,8.241394
2/28/2022,7177,8.241442
2/28/2022,7178,8.24149
2/28/2022,7179,8.241538
2/28/2022,7180,8.241587
2/28/2022,7181,8.241635
2/28/2022,7182,8.241683
2/28/2022,7183,8.241731
2/28/2022,7184,8.241779
2/28/2022,7185,8.241827
2/28/2022,7186,8.241875
2/28/2022,7187,8.241923
2/28/2022,7188,8.241971
2/28/2022,7189,8.242019
2/28/2022,7190,8.242067
2/28/2022,7191,8.242115
2/28/2022,7192,8.242163
2/28/2022,7193,8.242212
2/28/2022,7194,8.24226
2/28/2022,7195,8.242308
2/28/2022,7196,8.242356
2/28/2022,7197,8.242404
2/28/2022,7198,8.242452
2/28/2022,7199,8.2425
2/28/2022,7200,8.242548
2/28/2022,7201,8.242596
2/28/2022,7202,8.242644
2/28/2022,7203,8.242692
2/28/2022,7204,8.24274
2/28/2022,7205,8.242788
2/28/2022,7206,8.242837
2/28/2022,7207,8.242885
2/28/2022,7208,8.242933
2/28/2022,7209,8.242981
2/28/2022,7210,8.243029
2/28/2022,7211,8.243077
2/28/2022,7212,8.243125
2/28/2022,7213,8.243173
2/28/2022,7214,8.243221
2/28/2022,7215,8.243269
2/28/2022,7216,8.243317
2/28/2022,7217,8.243365
2/28/2022,7218,8.243413
2/28/2022,7219,8.243462
2/28/2022,7220,8.24351
2/28/2022,7221,8.243558
2/28/2022,7222,8.243606
2/28/2022,7223,8.243654
2/28/2022,7224,8.243702
2/28/2022,7225,8.24375
2/28/2022,7226,8.243798
2/28/2022,7227,8.243846
2/28/2022,7228,8.243894
2/28/2022,7229,8.243942
2/28/2022,7230,8.24399
2/28/2022,7231,8.244038
2/28/2022,7232,8.244087
2/28/2022,7233,8.244135
2/28/2022,7234,8.244183
2/28/2022,7235,8.244231
2/28/2022,7236,8.244279
2/28/2022,7237,8.244327
2/28/2022,7238,8.244375
2/28/2022,7239,8.244423
2/28/2022,7240,8.244471
2/28/2022,7241,8.244519
2/28/2022,7242,8.244567
2/28/2022,7243,8.244615
2/28/2022,7244,8.244663
2/28/2022,7245,8.244712
2/28/2022,7246,8.24476
2/28/2022,7247,8.244808
2/28/2022,7248,8.244856
2/28/2022,7249,8.244904
2/28/2022,7250,8.244952
2/28/2022,7251,8.245
2/28/2022,7252,8.245048
2/28/2022,7253,8.245096
2/28/2022,7254,8.245144
2/28/2022,7255,8.245192
2/28/2022,7256,8.24524
2/28/2022,7257,8.245288
2/28/2022,7258,8.245337
2/28/2022,7259,8.245385
2/28/2022,7260,8.245433
2/28/2022,7261,8.245481
2/28/2022,7262,8.245529
2/28/2022,7263,8.245577
2/28/2022,7264,8.245625
2/28/2022,7265,8.245673
2/28/2022,7266,8.245721
2/28/2022,7267,8.245769
2/28/2022,7268,8.245817
2/28/2022,7269,8.245865
2/28/2022,7270,8.245913
2/28/2022,7271,8.245962
2/28/2022,7272,8.24601
2/28/2022,7273,8.246058
2/28/2022,7274,8.246106
2/28/2022,7275,8.246154
2/28/2022,7276,8.246202
2/28/2022,7277,8.24625
2/28/2022,7278,8.246298
2/28/2022,7279,8.246346
2/28/2022,7280,8.246394
2/28/2022,7281,8.246442
2/28/2022,7282,8.24649
2/28/2022,7283,8.246538
2/28/2022,7284,8.246587
2/28/2022,7285,8.246635
2/28/2022,7286,8.246683
2/28/2022,7287,8.246731
2/28/2022,7288,8.246779
2/28/2022,7289,8.246827
2/28/2022,7290,8.246875
2/28/2022,7291,8.246923
2/28/2022,7292,8.246971
2/28/2022,7293,8.247019
2/28/2022,7294,8.247067
2/28/2022,7295,8.247115
2/28/2022,7296,8.247163
2/28/2022,7297,8.247212
2/28/2022,7298,8.24726
2/28/2022,7299,8.247308
2/28/2022,7300,8.247356
2/28/2022,7301,8.247404
2/28/2022,7302,8.247452
2/28/2022,7303,8.2475
2/28/2022,7304,8.247548
2/28/2022,7305,8.247596
2/28/2022,7306,8.247644
2/28/2022,7307,8.247692
2/28/2022,7308,8.24774
2/28/2022,7309,8.247788
2/28/2022,7310,8.247837
2/28/2022,7311,8.247885
2/28/2022,7312,8.247933
2/28/2022,7313,8.247981
2/28/2022,7314,8.248029
2/28/2022,7315,8.248077
2/28/2022,7316,8.248125
2/28/2022,7317,8.248173
2/28/2022,7318,8.248221
2/28/2022,7319,8.248269
2/28/2022,7320,8.248317
2/28/2022,7321,8.248365
2/28/2022,7322,8.248413
2/28/2022,7323,8.248462
2/28/2022,7324,8.24851
2/28/2022,7325,8.248558
2/28/2022,7326,8.248606
2/28/2022,7327,8.248654
2/28/2022,7328,8.248702
2/28/2022,7329,8.24875
2/28/2022,7330,8.248798
2/28/2022,7331,8.248846
2/28/2022,7332,8.248894
2/28/2022,7333,8.248942
2/28/2022,7334,8.24899
2/28/2022,7335,8.249038
2/28/2022,7336,8.249087
2/28/2022,7337,8.249135
2/28/2022,7338,8.249183
2/28/2022,7339,8.249231
2/28/2022,7340,8.249279
2/28/2022,7341,8.249327
2/28/2022,7342,8.249375
2/28/2022,7343,8.249423
2/28/2022,7344,8.249471
2/28/2022,7345,8.249519
2/28/2022,7346,8.249567
2/28/2022,7347,8.249615
2/28/2022,7348,8.249663
2/28/2022,7349,8.249712
2/28/2022,7350,8.24976
2/28/2022,7351,8.249808
2/28/2022,7352,8.249856
2/28/2022,7353,8.249904
2/28/2022,7354,8.249952
2/28/2022,7355,8.25
2/28/2022,7356,8.250048
2/28/2022,7357,8.250096
2/28/2022,7358,8.250144
2/28/2022,7359,8.250192
2/28/2022,7360,8.25024
2/28/2022,7361,8.250288
2/28/2022,7362,8.250337
2/28/2022,7363,8.250385
2/28/2022,7364,8.250433
2/28/2022,7365,8.250481
2/28/2022,7366,8.250529
2/28/2022,7367,8.250577
2/28/2022,7368,8.250625
2/28/2022,7369,8.250673
2/28/2022,7370,8.250721
2/28/2022,7371,8.250769
2/28/2022,7372,8.250817
2/28/2022,7373,8.250865
2/28/2022,7374,8.250913
2/28/2022,7375,8.250962
2/28/2022,7376,8.25101
2/28/2022,7377,8.251058
2/28/2022,7378,8.251106
2/28/2022,7379,8.251154
2/28/2022,7380,8.251202
2/28/2022,7381,8.25125
2/28/2022,7382,8.251298
2/28/2022,7383,8.251346
2/28/2022,7384,8.251394
2/28/2022,7385,8.251442
2/28/2022,7386,8.25149
2/28/2022,7387,8.251538
2/28/2022,7388,8.251587
2/28/2022,7389,8.251635
2/28/2022,7390,8.251683
2/28/2022,7391,8.251731
2/28/2022,7392,8.251779
2/28/2022,7393,8.251827
2/28/2022,7394,8.251875
2/28/2022,7395,8.251923
2/28/2022,7396,8.251971
2/28/2022,7397,8.252019
2/28/2022,7398,8.252067
2/28/2022,7399,8.252115
2/28/2022,7400,8.252163
2/28/2022,7401,8.252212
2/28/2022,7402,8.25226
2/28/2022,7403,8.252308
2/28/2022,7404,8.252356
2/28/2022,7405,8.252404
2/28/2022,7406,8.252452
2/28/2022,7407,8.2525
2/28/2022,7408,8.252548
2/28/2022,7409,8.252596
2/28/2022,7410,8.252644
2/28/2022,7411,8.252692
2/28/2022,7412,8.25274
2/28/2022,7413,8.252788
2/28/2022,7414,8.252837
2/28/2022,7415,8.252885
2/28/2022,7416,8.252933
2/28/2022,7417,8.252981
2/28/2022,7418,8.253029
2/28/2022,7419,8.253077
2/28/2022,7420,8.253125
2/28/2022,7421,8.253173
2/28/2022,7422,8.253221
2/28/2022,7423,8.253269
2/28/2022,7424,8.253317
2/28/2022,7425,8.253365
2/28/2022,7426,8.253413
2/28/2022,7427,8.253462
2/28/2022,7428,8.25351
2/28/2022,7429,8.253558
2/28/2022,7430,8.253606
2/28/2022,7431,8.253654
2/28/2022,7432,8.253702
2/28/2022,7433,8.25375
2/28/2022,7434,8.253798
2/28/2022,7435,8.253846
2/28/2022,7436,8.253894
2/28/2022,7437,8.253942
2/28/2022,7438,8.25399
2/28/2022,7439,8.254038
2/28/2022,7440,8.254087
2/28/2022,7441,8.254135
2/28/2022,7442,8.254183
2/28/2022,7443,8.254231
2/28/2022,7444,8.254279
2/28/2022,7445,8.254327
2/28/2022,7446,8.254375
2/28/2022,7447,8.254423
2/28/2022,7448,8.254471
2/28/2022,7449,8.254519
2/28/2022,7450,8.254567
2/28/2022,7451,8.254615
2/28/2022,7452,8.254663
2/28/2022,7453,8.254712
2/28/2022,7454,8.25476
2/28/2022,7455,8.254808
2/28/2022,7456,8.254856
2/28/2022,7457,8.254904
2/28/2022,7458,8.254952
2/28/2022,7459,8.255
2/28/2022,7460,8.255048
2/28/2022,7461,8.255096
2/28/2022,7462,8.255144
2/28/2022,7463,8.255192
2/28/2022,7464,8.25524
2/28/2022,7465,8.255288
2/28/2022,7466,8.255337
2/28/2022,7467,8.255385
2/28/2022,7468,8.255433
2/28/2022,7469,8.255481
2/28/2022,7470,8.255529
2/28/2022,7471,8.255577
2/28/2022,7472,8.255625
2/28/2022,7473,8.255673
2/28/2022,7474,8.255721
2/28/2022,7475,8.255769
2/28/2022,7476,8.255817
2/28/2022,7477,8.255865
2/28/2022,7478,8.255913
2/28/2022,7479,8.255962
2/28/2022,7480,8.25601
2/28/2022,7481,8.256058
2/28/2022,7482,8.256106
2/28/2022,7483,8.256154
2/28/2022,7484,8.256202
2/28/2022,7485,8.25625
2/28/2022,7486,8.256298
2/28/2022,7487,8.256346
2/28/2022,7488,8.256394
2/28/2022,7489,8.256442
2/28/2022,7490,8.25649
2/28/2022,7491,8.256538
2/28/2022,7492,8.256587
2/28/2022,7493,8.256635
2/28/2022,7494,8.256683
2/28/2022,7495,8.256731
2/28/2022,7496,8.256779
2/28/2022,7497,8.256827
2/28/2022,7498,8.256875
2/28/2022,7499,8.256923
2/28/2022,7500,8.256971
2/28/2022,7501,8.257019
2/28/2022,7502,8.257067
2/28/2022,7503,8.257115
2/28/2022,7504,8.257163
2/28/2022,7505,8.257212
2/28/2022,7506,8.25726
2/28/2022,7507,8.257308
2/28/2022,7508,8.257356
2/28/2022,7509,8.257404
2/28/2022,7510,8.257452
2/28/2022,7511,8.2575
2/28/2022,7512,8.257548
2/28/2022,7513,8.257596
2/28/2022,7514,8.257644
2/28/2022,7515,8.257692
2/28/2022,7516,8.25774
2/28/2022,7517,8.257788
2/28/2022,7518,8.257837
2/28/2022,7519,8.257885
2/28/2022,7520,8.257933
2/28/2022,7521,8.257981
2/28/2022,7522,8.258029
2/28/2022,7523,8.258077
2/28/2022,7524,8.258125
2/28/2022,7525,8.258173
2/28/2022,7526,8.258221
2/28/2022,7527,8.258269
2/28/2022,7528,8.258317
2/28/2022,7529,8.258365
2/28/2022,7530,8.258413
2/28/2022,7531,8.258462
2/28/2022,7532,8.25851
2/28/2022,7533,8.258558
2/28/2022,7534,8.258606
2/28/2022,7535,8.258654
2/28/2022,7536,8.258702
2/28/2022,7537,8.25875
2/28/2022,7538,8.258798
2/28/2022,7539,8.258846
2/28/2022,7540,8.258894
2/28/2022,7541,8.258942
2/28/2022,7542,8.25899
2/28/2022,7543,8.259038
2/28/2022,7544,8.259087
2/28/2022,7545,8.259135
2/28/2022,7546,8.259183
2/28/2022,7547,8.259231
2/28/2022,7548,8.259279
2/28/2022,7549,8.259327
2/28/2022,7550,8.259375
2/28/2022,7551,8.259423
2/28/2022,7552,8.259471
2/28/2022,7553,8.259519
2/28/2022,7554,8.259567
2/28/2022,7555,8.259615
2/28/2022,7556,8.259663
2/28/2022,7557,8.259712
2/28/2022,7558,8.25976
2/28/2022,7559,8.259808
2/28/2022,7560,8.259856
2/28/2022,7561,8.259904
2/28/2022,7562,8.259952
2/28/2022,7563,8.26
2/28/2022,7564,8.260011
2/28/2022,7565,8.260022
2/28/2022,7566,8.260033
2/28/2022,7567,8.260044
2/28/2022,7568,8.260055
2/28/2022,7569,8.260066
2/28/2022,7570,8.260077
2/28/2022,7571,8.260088
2/28/2022,7572,8.260099
2/28/2022,7573,8.26011
2/28/2022,7574,8.260121
2/28/2022,7575,8.260132
2/28/2022,7576,8.260143
2/28/2022,7577,8.260154
2/28/2022,7578,8.260165
2/28/2022,7579,8.260176
2/28/2022,7580,8.260187
2/28/2022,7581,8.260198
2/28/2022,7582,8.260209
2/28/2022,7583,8.26022
2/28/2022,7584,8.260231
2/28/2022,7585,8.260242
2/28/2022,7586,8.260253
2/28/2022,7587,8.260264
2/28/2022,7588,8.260275
2/28/2022,7589,8.260286
2/28/2022,7590,8.260297
2/28/2022,7591,8.260308
2/28/2022,7592,8.260319
2/28/2022,7593,8.26033
2/28/2022,7594,8.260341
2/28/2022,7595,8.260352
2/28/2022,7596,8.260363
2/28/2022,7597,8.260374
2/28/2022,7598,8.260385
2/28/2022,7599,8.260396
2/28/2022,7600,8.260407
2/28/2022,7601,8.260418
2/28/2022,7602,8.260429
2/28/2022,7603,8.26044
2/28/2022,7604,8.260451
2/28/2022,7605,8.260462
2/28/2022,7606,8.260473
2/28/2022,7607,8.260484
2/28/2022,7608,8.260495
2/28/2022,7609,8.260505
2/28/2022,7610,8.260516
2/28/2022,7611,8.260527
2/28/2022,7612,8.260538
2/28/2022,7613,8.260549
2/28/2022,7614,8.26056
2/28/2022,7615,8.260571
2/28/2022,7616,8.260582
2/28/2022,7617,8.260593
2/28/2022,7618,8.260604
2/28/2022,7619,8.260615
2/28/2022,7620,8.260626
2/28/2022,7621,8.260637
2/28/2022,7622,8.260648
2/28/2022,7623,8.260659
2/28/2022,7624,8.26067
2/28/2022,7625,8.260681
2/28/2022,7626,8.260692
2/28/2022,7627,8.260703
2/28/2022,7628,8.260714
2/28/2022,7629,8.260725
2/28/2022,7630,8.260736
2/28/2022,7631,8.260747
2/28/2022,7632,8.260758
2/28/2022,7633,8.260769
2/28/2022,7634,8.26078
2/28/2022,7635,8.260791
2/28/2022,7636,8.260802
2/28/2022,7637,8.260813
2/28/2022,7638,8.260824
2/28/2022,7639,8.260835
2/28/2022,7640,8.260846
2/28/2022,7641,8.260857
2/28/2022,7642,8.260868
2/28/2022,7643,8.260879
2/28/2022,7644,8.26089
2/28/2022,7645,8.260901
2/28/2022,7646,8.260912
2/28/2022,7647,8.260923
2/28/2022,7648,8.260934
2/28/2022,7649,8.260945
2/28/2022,7650,8.260956
2/28/2022,7651,8.260967
2/28/2022,7652,8.260978
2/28/2022,7653,8.260989
2/28/2022,7654,8.261
2/28/2022,7655,8.261011
2/28/2022,7656,8.261022
2/28/2022,7657,8.261033
2/28/2022,7658,8.261044
2/28/2022,7659,8.261055
2/28/2022,7660,8.261066
2/28/2022,7661,8.261077
2/28/2022,7662,8.261088
2/28/2022,7663,8.261099
2/28/2022,7664,8.26111
2/28/2022,7665,8.261121
2/28/2022,7666,8.261132
2/28/2022,7667,8.261143
2/28/2022,7668,8.261154
2/28/2022,7669,8.261165
2/28/2022,7670,8.261176
2/28/2022,7671,8.261187
2/28/2022,7672,8.261198
2/28/2022,7673,8.261209
2/28/2022,7674,8.26122
2/28/2022,7675,8.261231
2/28/2022,7676,8.261242
2/28/2022,7677,8.261253
2/28/2022,7678,8.261264
2/28/2022,7679,8.261275
2/28/2022,7680,8.261286
2/28/2022,7681,8.261297
2/28/2022,7682,8.261308
2/28/2022,7683,8.261319
2/28/2022,7684,8.26133
2/28/2022,7685,8.261341
2/28/2022,7686,8.261352
2/28/2022,7687,8.261363
2/28/2022,7688,8.261374
2/28/2022,7689,8.261385
2/28/2022,7690,8.261396
2/28/2022,7691,8.261407
2/28/2022,7692,8.261418
2/28/2022,7693,8.261429
2/28/2022,7694,8.26144
2/28/2022,7695,8.261451
2/28/2022,7696,8.261462
2/28/2022,7697,8.261473
2/28/2022,7698,8.261484
2/28/2022,7699,8.261495
2/28/2022,7700,8.261505
2/28/2022,7701,8.261516
2/28/2022,7702,8.261527
2/28/2022,7703,8.261538
2/28/2022,7704,8.261549
2/28/2022,7705,8.26156
2/28/2022,7706,8.261571
2/28/2022,7707,8.261582
2/28/2022,7708,8.261593
2/28/2022,7709,8.261604
2/28/2022,7710,8.261615
2/28/2022,7711,8.261626
2/28/2022,7712,8.261637
2/28/2022,7713,8.261648
2/28/2022,7714,8.261659
2/28/2022,7715,8.26167
2/28/2022,7716,8.261681
2/28/2022,7717,8.261692
2/28/2022,7718,8.261703
2/28/2022,7719,8.261714
2/28/2022,7720,8.261725
2/28/2022,7721,8.261736
2/28/2022,7722,8.261747
2/28/2022,7723,8.261758
2/28/2022,7724,8.261769
2/28/2022,7725,8.26178
2/28/2022,7726,8.261791
2/28/2022,7727,8.261802
2/28/2022,7728,8.261813
2/28/2022,7729,8.261824
2/28/2022,7730,8.261835
2/28/2022,7731,8.261846
2/28/2022,7732,8.261857
2/28/2022,7733,8.261868
2/28/2022,7734,8.261879
2/28/2022,7735,8.26189
2/28/2022,7736,8.261901
2/28/2022,7737,8.261912
2/28/2022,7738,8.261923
2/28/2022,7739,8.261934
2/28/2022,7740,8.261945
2/28/2022,7741,8.261956
2/28/2022,7742,8.261967
2/28/2022,7743,8.261978
2/28/2022,7744,8.261989
2/28/2022,7745,8.262
2/28/2022,7746,8.262011
2/28/2022,7747,8.262022
2/28/2022,7748,8.262033
2/28/2022,7749,8.262044
2/28/2022,7750,8.262055
2/28/2022,7751,8.262066
2/28/2022,7752,8.262077
2/28/2022,7753,8.262088
2/28/2022,7754,8.262099
2/28/2022,7755,8.26211
2/28/2022,7756,8.262121
2/28/2022,7757,8.262132
2/28/2022,7758,8.262143
2/28/2022,7759,8.262154
2/28/2022,7760,8.262165
2/28/2022,7761,8.262176
2/28/2022,7762,8.262187
2/28/2022,7763,8.262198
2/28/2022,7764,8.262209
2/28/2022,7765,8.26222
2/28/2022,7766,8.262231
2/28/2022,7767,8.262242
2/28/2022,7768,8.262253
2/28/2022,7769,8.262264
2/28/2022,7770,8.262275
2/28/2022,7771,8.262286
2/28/2022,7772,8.262297
2/28/2022,7773,8.262308
2/28/2022,7774,8.262319
2/28/2022,7775,8.26233
2/28/2022,7776,8.262341
2/28/2022,7777,8.262352
2/28/2022,7778,8.262363
2/28/2022,7779,8.262374
2/28/2022,7780,8.262385
2/28/2022,7781,8.262396
2/28/2022,7782,8.262407
2/28/2022,7783,8.262418
2/28/2022,7784,8.262429
2/28/2022,7785,8.26244
2/28/2022,7786,8.262451
2/28/2022,7787,8.262462
2/28/2022,7788,8.262473
2/28/2022,7789,8.262484
2/28/2022,7790,8.262495
2/28/2022,7791,8.262505
2/28/2022,7792,8.262516
2/28/2022,7793,8.262527
2/28/2022,7794,8.262538
2/28/2022,7795,8.262549
2/28/2022,7796,8.26256
2/28/2022,7797,8.262571
2/28/2022,7798,8.262582
2/28/2022,7799,8.262593
2/28/2022,7800,8.262604
2/28/2022,7801,8.262615
2/28/2022,7802,8.262626
2/28/2022,7803,8.262637
2/28/2022,7804,8.262648
2/28/2022,7805,8.262659
2/28/2022,7806,8.26267
2/28/2022,7807,8.262681
2/28/2022,7808,8.262692
2/28/2022,7809,8.262703
2/28/2022,7810,8.262714
2/28/2022,7811,8.262725
2/28/2022,7812,8.262736
2/28/2022,7813,8.262747
2/28/2022,7814,8.262758
2/28/2022,7815,8.262769
2/28/2022,7816,8.26278
2/28/2022,7817,8.262791
2/28/2022,7818,8.262802
2/28/2022,7819,8.262813
2/28/2022,7820,8.262824
2/28/2022,7821,8.262835
2/28/2022,7822,8.262846
2/28/2022,7823,8.262857
2/28/2022,7824,8.262868
2/28/2022,7825,8.262879
2/28/2022,7826,8.26289
2/28/2022,7827,8.262901
2/28/2022,7828,8.262912
2/28/2022,7829,8.262923
2/28/2022,7830,8.262934
2/28/2022,7831,8.262945
2/28/2022,7832,8.262956
2/28/2022,7833,8.262967
2/28/2022,7834,8.262978
2/28/2022,7835,8.262989
2/28/2022,7836,8.263
2/28/2022,7837,8.263011
2/28/2022,7838,8.263022
2/28/2022,7839,8.263033
2/28/2022,7840,8.263044
2/28/2022,7841,8.263055
2/28/2022,7842,8.263066
2/28/2022,7843,8.263077
2/28/2022,7844,8.263088
2/28/2022,7845,8.263099
2/28/2022,7846,8.26311
2/28/2022,7847,8.263121
2/28/2022,7848,8.263132
2/28/2022,7849,8.263143
2/28/2022,7850,8.263154
2/28/2022,7851,8.263165
2/28/2022,7852,8.263176
2/28/2022,7853,8.263187
2/28/2022,7854,8.263198
2/28/2022,7855,8.263209
2/28/2022,7856,8.26322
2/28/2022,7857,8.263231
2/28/2022,7858,8.263242
2/28/2022,7859,8.263253
2/28/2022,7860,8.263264
2/28/2022,7861,8.263275
2/28/2022,7862,8.263286
2/28/2022,7863,8.263297
2/28/2022,7864,8.263308
2/28/2022,7865,8.263319
2/28/2022,7866,8.26333
2/28/2022,7867,8.263341
2/28/2022,7868,8.263352
2/28/2022,7869,8.263363
2/28/2022,7870,8.263374
2/28/2022,7871,8.263385
2/28/2022,7872,8.263396
2/28/2022,7873,8.263407
2/28/2022,7874,8.263418
2/28/2022,7875,8.263429
2/28/2022,7876,8.26344
2/28/2022,7877,8.263451
2/28/2022,7878,8.263462
2/28/2022,7879,8.263473
2/28/2022,7880,8.263484
2/28/2022,7881,8.263495
2/28/2022,7882,8.263505
2/28/2022,7883,8.263516
2/28/2022,7884,8.263527
2/28/2022,7885,8.263538
2/28/2022,7886,8.263549
2/28/2022,7887,8.26356
2/28/2022,7888,8.263571
2/28/2022,7889,8.263582
2/28/2022,7890,8.263593
2/28/2022,7891,8.263604
2/28/2022,7892,8.263615
2/28/2022,7893,8.263626
2/28/2022,7894,8.263637
2/28/2022,7895,8.263648
2/28/2022,7896,8.263659
2/28/2022,7897,8.26367
2/28/2022,7898,8.263681
2/28/2022,7899,8.263692
2/28/2022,7900,8.263703
2/28/2022,7901,8.263714
2/28/2022,7902,8.263725
2/28/2022,7903,8.263736
2/28/2022,7904,8.263747
2/28/2022,7905,8.263758
2/28/2022,7906,8.263769
2/28/2022,7907,8.26378
2/28/2022,7908,8.263791
2/28/2022,7909,8.263802
2/28/2022,7910,8.263813
2/28/2022,7911,8.263824
2/28/2022,7912,8.263835
2/28/2022,7913,8.263846
2/28/2022,7914,8.263857
2/28/2022,7915,8.263868
2/28/2022,7916,8.263879
2/28/2022,7917,8.26389
2/28/2022,7918,8.263901
2/28/2022,7919,8.263912
2/28/2022,7920,8.263923
2/28/2022,7921,8.263934
2/28/2022,7922,8.263945
2/28/2022,7923,8.263956
2/28/2022,7924,8.263967
2/28/2022,7925,8.263978
2/28/2022,7926,8.263989
2/28/2022,7927,8.264
2/28/2022,7928,8.264011
2/28/2022,7929,8.264022
2/28/2022,7930,8.264033
2/28/2022,7931,8.264044
2/28/2022,7932,8.264055
2/28/2022,7933,8.264066
2/28/2022,7934,8.264077
2/28/2022,7935,8.264088
2/28/2022,7936,8.264099
2/28/2022,7937,8.26411
2/28/2022,7938,8.264121
2/28/2022,7939,8.264132
2/28/2022,7940,8.264143
2/28/2022,7941,8.264154
2/28/2022,7942,8.264165
2/28/2022,7943,8.264176
2/28/2022,7944,8.264187
2/28/2022,7945,8.264198
2/28/2022,7946,8.264209
2/28/2022,7947,8.26422
2/28/2022,7948,8.264231
2/28/2022,7949,8.264242
2/28/2022,7950,8.264253
2/28/2022,7951,8.264264
2/28/2022,7952,8.264275
2/28/2022,7953,8.264286
2/28/2022,7954,8.264297
2/28/2022,7955,8.264308
2/28/2022,7956,8.264319
2/28/2022,7957,8.26433
2/28/2022,7958,8.264341
2/28/2022,7959,8.264352
2/28/2022,7960,8.264363
2/28/2022,7961,8.264374
2/28/2022,7962,8.264385
2/28/2022,7963,8.264396
2/28/2022,7964,8.264407
2/28/2022,7965,8.264418
2/28/2022,7966,8.264429
2/28/2022,7967,8.26444
2/28/2022,7968,8.264451
2/28/2022,7969,8.264462
2/28/2022,7970,8.264473
2/28/2022,7971,8.264484
2/28/2022,7972,8.264495
2/28/2022,7973,8.264505
2/28/2022,7974,8.264516
2/28/2022,7975,8.264527
2/28/2022,7976,8.264538
2/28/2022,7977,8.264549
2/28/2022,7978,8.26456
2/28/2022,7979,8.264571
2/28/2022,7980,8.264582
2/28/2022,7981,8.264593
2/28/2022,7982,8.264604
2/28/2022,7983,8.264615
2/28/2022,7984,8.264626
2/28/2022,7985,8.264637
2/28/2022,7986,8.264648
2/28/2022,7987,8.264659
2/28/2022,7988,8.26467
2/28/2022,7989,8.264681
2/28/2022,7990,8.264692
2/28/2022,7991,8.264703
2/28/2022,7992,8.264714
2/28/2022,7993,8.264725
2/28/2022,7994,8.264736
2/28/2022,7995,8.264747
2/28/2022,7996,8.264758
2/28/2022,7997,8.264769
2/28/2022,7998,8.26478
2/28/2022,7999,8.264791
2/28/2022,8000,8.264802
2/28/2022,8001,8.264813
2/28/2022,8002,8.264824
2/28/2022,8003,8.264835
2/28/2022,8004,8.264846
2/28/2022,8005,8.264857
2/28/2022,8006,8.264868
2/28/2022,8007,8.264879
2/28/2022,8008,8.26489
2/28/2022,8009,8.264901
2/28/2022,8010,8.264912
2/28/2022,8011,8.264923
2/28/2022,8012,8.264934
2/28/2022,8013,8.264945
2/28/2022,8014,8.264956
2/28/2022,8015,8.264967
2/28/2022,8016,8.264978
2/28/2022,8017,8.264989
2/28/2022,8018,8.265
2/28/2022,8019,8.265011
2/28/2022,8020,8.265022
2/28/2022,8021,8.265033
2/28/2022,8022,8.265044
2/28/2022,8023,8.265055
2/28/2022,8024,8.265066
2/28/2022,8025,8.265077
2/28/2022,8026,8.265088
2/28/2022,8027,8.265099
2/28/2022,8028,8.26511
2/28/2022,8029,8.265121
2/28/2022,8030,8.265132
2/28/2022,8031,8.265143
2/28/2022,8032,8.265154
2/28/2022,8033,8.265165
2/28/2022,8034,8.265176
2/28/2022,8035,8.265187
2/28/2022,8036,8.265198
2/28/2022,8037,8.265209
2/28/2022,8038,8.26522
2/28/2022,8039,8.265231
2/28/2022,8040,8.265242
2/28/2022,8041,8.265253
2/28/2022,8042,8.265264
2/28/2022,8043,8.265275
2/28/2022,8044,8.265286
2/28/2022,8045,8.265297
2/28/2022,8046,8.265308
2/28/2022,8047,8.265319
2/28/2022,8048,8.26533
2/28/2022,8049,8.265341
2/28/2022,8050,8.265352
2/28/2022,8051,8.265363
2/28/2022,8052,8.265374
2/28/2022,8053,8.265385
2/28/2022,8054,8.265396
2/28/2022,8055,8.265407
2/28/2022,8056,8.265418
2/28/2022,8057,8.265429
2/28/2022,8058,8.26544
2/28/2022,8059,8.265451
2/28/2022,8060,8.265462
2/28/2022,8061,8.265473
2/28/2022,8062,8.265484
2/28/2022,8063,8.265495
2/28/2022,8064,8.265505
2/28/2022,8065,8.265516
2/28/2022,8066,8.265527
2/28/2022,8067,8.265538
2/28/2022,8068,8.265549
2/28/2022,8069,8.26556
2/28/2022,8070,8.265571
2/28/2022,8071,8.265582
2/28/2022,8072,8.265593
2/28/2022,8073,8.265604
2/28/2022,8074,8.265615
2/28/2022,8075,8.265626
2/28/2022,8076,8.265637
2/28/2022,8077,8.265648
2/28/2022,8078,8.265659
2/28/2022,8079,8.26567
2/28/2022,8080,8.265681
2/28/2022,8081,8.265692
2/28/2022,8082,8.265703
2/28/2022,8083,8.265714
2/28/2022,8084,8.265725
2/28/2022,8085,8.265736
2/28/2022,8086,8.265747
2/28/2022,8087,8.265758
2/28/2022,8088,8.265769
2/28/2022,8089,8.26578
2/28/2022,8090,8.265791
2/28/2022,8091,8.265802
2/28/2022,8092,8.265813
2/28/2022,8093,8.265824
2/28/2022,8094,8.265835
2/28/2022,8095,8.265846
2/28/2022,8096,8.265857
2/28/2022,8097,8.265868
2/28/2022,8098,8.265879
2/28/2022,8099,8.26589
2/28/2022,8100,8.265901
2/28/2022,8101,8.265912
2/28/2022,8102,8.265923
2/28/2022,8103,8.265934
2/28/2022,8104,8.265945
2/28/2022,8105,8.265956
2/28/2022,8106,8.265967
2/28/2022,8107,8.265978
2/28/2022,8108,8.265989
2/28/2022,8109,8.266
2/28/2022,8110,8.266011
2/28/2022,8111,8.266022
2/28/2022,8112,8.266033
2/28/2022,8113,8.266044
2/28/2022,8114,8.266055
2/28/2022,8115,8.266066
2/28/2022,8116,8.266077
2/28/2022,8117,8.266088
2/28/2022,8118,8.266099
2/28/2022,8119,8.26611
2/28/2022,8120,8.266121
2/28/2022,8121,8.266132
2/28/2022,8122,8.266143
2/28/2022,8123,8.266154
2/28/2022,8124,8.266165
2/28/2022,8125,8.266176
2/28/2022,8126,8.266187
2/28/2022,8127,8.266198
2/28/2022,8128,8.266209
2/28/2022,8129,8.26622
2/28/2022,8130,8.266231
2/28/2022,8131,8.266242
2/28/2022,8132,8.266253
2/28/2022,8133,8.266264
2/28/2022,8134,8.266275
2/28/2022,8135,8.266286
2/28/2022,8136,8.266297
2/28/2022,8137,8.266308
2/28/2022,8138,8.266319
2/28/2022,8139,8.26633
2/28/2022,8140,8.266341
2/28/2022,8141,8.266352
2/28/2022,8142,8.266363
2/28/2022,8143,8.266374
2/28/2022,8144,8.266385
2/28/2022,8145,8.266396
2/28/2022,8146,8.266407
2/28/2022,8147,8.266418
2/28/2022,8148,8.266429
2/28/2022,8149,8.26644
2/28/2022,8150,8.266451
2/28/2022,8151,8.266462
2/28/2022,8152,8.266473
2/28/2022,8153,8.266484
2/28/2022,8154,8.266495
2/28/2022,8155,8.266505
2/28/2022,8156,8.266516
2/28/2022,8157,8.266527
2/28/2022,8158,8.266538
2/28/2022,8159,8.266549
2/28/2022,8160,8.26656
2/28/2022,8161,8.266571
2/28/2022,8162,8.266582
2/28/2022,8163,8.266593
2/28/2022,8164,8.266604
2/28/2022,8165,8.266615
2/28/2022,8166,8.266626
2/28/2022,8167,8.266637
2/28/2022,8168,8.266648
2/28/2022,8169,8.266659
2/28/2022,8170,8.26667
2/28/2022,8171,8.266681
2/28/2022,8172,8.266692
2/28/2022,8173,8.266703
2/28/2022,8174,8.266714
2/28/2022,8175,8.266725
2/28/2022,8176,8.266736
2/28/2022,8177,8.266747
2/28/2022,8178,8.266758
2/28/2022,8179,8.266769
2/28/2022,8180,8.26678
2/28/2022,8181,8.266791
2/28/2022,8182,8.266802
2/28/2022,8183,8.266813
2/28/2022,8184,8.266824
2/28/2022,8185,8.266835
2/28/2022,8186,8.266846
2/28/2022,8187,8.266857
2/28/2022,8188,8.266868
2/28/2022,8189,8.266879
2/28/2022,8190,8.26689
2/28/2022,8191,8.266901
2/28/2022,8192,8.266912
2/28/2022,8193,8.266923
2/28/2022,8194,8.266934
2/28/2022,8195,8.266945
2/28/2022,8196,8.266956
2/28/2022,8197,8.266967
2/28/2022,8198,8.266978
2/28/2022,8199,8.266989
2/28/2022,8200,8.267
2/28/2022,8201,8.267011
2/28/2022,8202,8.267022
2/28/2022,8203,8.267033
2/28/2022,8204,8.267044
2/28/2022,8205,8.267055
2/28/2022,8206,8.267066
2/28/2022,8207,8.267077
2/28/2022,8208,8.267088
2/28/2022,8209,8.267099
2/28/2022,8210,8.26711
2/28/2022,8211,8.267121
2/28/2022,8212,8.267132
2/28/2022,8213,8.267143
2/28/2022,8214,8.267154
2/28/2022,8215,8.267165
2/28/2022,8216,8.267176
2/28/2022,8217,8.267187
2/28/2022,8218,8.267198
2/28/2022,8219,8.267209
2/28/2022,8220,8.26722
2/28/2022,8221,8.267231
2/28/2022,8222,8.267242
2/28/2022,8223,8.267253
2/28/2022,8224,8.267264
2/28/2022,8225,8.267275
2/28/2022,8226,8.267286
2/28/2022,8227,8.267297
2/28/2022,8228,8.267308
2/28/2022,8229,8.267319
2/28/2022,8230,8.26733
2/28/2022,8231,8.267341
2/28/2022,8232,8.267352
2/28/2022,8233,8.267363
2/28/2022,8234,8.267374
2/28/2022,8235,8.267385
2/28/2022,8236,8.267396
2/28/2022,8237,8.267407
2/28/2022,8238,8.267418
2/28/2022,8239,8.267429
2/28/2022,8240,8.26744
2/28/2022,8241,8.267451
2/28/2022,8242,8.267462
2/28/2022,8243,8.267473
2/28/2022,8244,8.267484
2/28/2022,8245,8.267495
2/28/2022,8246,8.267505
2/28/2022,8247,8.267516
2/28/2022,8248,8.267527
2/28/2022,8249,8.267538
2/28/2022,8250,8.267549
2/28/2022,8251,8.26756
2/28/2022,8252,8.267571
2/28/2022,8253,8.267582
2/28/2022,8254,8.267593
2/28/2022,8255,8.267604
2/28/2022,8256,8.267615
2/28/2022,8257,8.267626
2/28/2022,8258,8.267637
2/28/2022,8259,8.267648
2/28/2022,8260,8.267659
2/28/2022,8261,8.26767
2/28/2022,8262,8.267681
2/28/2022,8263,8.267692
2/28/2022,8264,8.267703
2/28/2022,8265,8.267714
2/28/2022,8266,8.267725
2/28/2022,8267,8.267736
2/28/2022,8268,8.267747
2/28/2022,8269,8.267758
2/28/2022,8270,8.267769
2/28/2022,8271,8.26778
2/28/2022,8272,8.267791
2/28/2022,8273,8.267802
2/28/2022,8274,8.267813
2/28/2022,8275,8.267824
2/28/2022,8276,8.267835
2/28/2022,8277,8.267846
2/28/2022,8278,8.267857
2/28/2022,8279,8.267868
2/28/2022,8280,8.267879
2/28/2022,8281,8.26789
2/28/2022,8282,8.267901
2/28/2022,8283,8.267912
2/28/2022,8284,8.267923
2/28/2022,8285,8.267934
2/28/2022,8286,8.267945
2/28/2022,8287,8.267956
2/28/2022,8288,8.267967
2/28/2022,8289,8.267978
2/28/2022,8290,8.267989
2/28/2022,8291,8.268
2/28/2022,8292,8.268011
2/28/2022,8293,8.268022
2/28/2022,8294,8.268033
2/28/2022,8295,8.268044
2/28/2022,8296,8.268055
2/28/2022,8297,8.268066
2/28/2022,8298,8.268077
2/28/2022,8299,8.268088
2/28/2022,8300,8.268099
2/28/2022,8301,8.26811
2/28/2022,8302,8.268121
2/28/2022,8303,8.268132
2/28/2022,8304,8.268143
2/28/2022,8305,8.268154
2/28/2022,8306,8.268165
2/28/2022,8307,8.268176
2/28/2022,8308,8.268187
2/28/2022,8309,8.268198
2/28/2022,8310,8.268209
2/28/2022,8311,8.26822
2/28/2022,8312,8.268231
2/28/2022,8313,8.268242
2/28/2022,8314,8.268253
2/28/2022,8315,8.268264
2/28/2022,8316,8.268275
2/28/2022,8317,8.268286
2/28/2022,8318,8.268297
2/28/2022,8319,8.268308
2/28/2022,8320,8.268319
2/28/2022,8321,8.26833
2/28/2022,8322,8.268341
2/28/2022,8323,8.268352
2/28/2022,8324,8.268363
2/28/2022,8325,8.268374
2/28/2022,8326,8.268385
2/28/2022,8327,8.268396
2/28/2022,8328,8.268407
2/28/2022,8329,8.268418
2/28/2022,8330,8.268429
2/28/2022,8331,8.26844
2/28/2022,8332,8.268451
2/28/2022,8333,8.268462
2/28/2022,8334,8.268473
2/28/2022,8335,8.268484
2/28/2022,8336,8.268495
2/28/2022,8337,8.268505
2/28/2022,8338,8.268516
2/28/2022,8339,8.268527
2/28/2022,8340,8.268538
2/28/2022,8341,8.268549
2/28/2022,8342,8.26856
2/28/2022,8343,8.268571
2/28/2022,8344,8.268582
2/28/2022,8345,8.268593
2/28/2022,8346,8.268604
2/28/2022,8347,8.268615
2/28/2022,8348,8.268626
2/28/2022,8349,8.268637
2/28/2022,8350,8.268648
2/28/2022,8351,8.268659
2/28/2022,8352,8.26867
2/28/2022,8353,8.268681
2/28/2022,8354,8.268692
2/28/2022,8355,8.268703
2/28/2022,8356,8.268714
2/28/2022,8357,8.268725
2/28/2022,8358,8.268736
2/28/2022,8359,8.268747
2/28/2022,8360,8.268758
2/28/2022,8361,8.268769
2/28/2022,8362,8.26878
2/28/2022,8363,8.268791
2/28/2022,8364,8.268802
2/28/2022,8365,8.268813
2/28/2022,8366,8.268824
2/28/2022,8367,8.268835
2/28/2022,8368,8.268846
2/28/2022,8369,8.268857
2/28/2022,8370,8.268868
2/28/2022,8371,8.268879
2/28/2022,8372,8.26889
2/28/2022,8373,8.268901
2/28/2022,8374,8.268912
2/28/2022,8375,8.268923
2/28/2022,8376,8.268934
2/28/2022,8377,8.268945
2/28/2022,8378,8.268956
2/28/2022,8379,8.268967
2/28/2022,8380,8.268978
2/28/2022,8381,8.268989
2/28/2022,8382,8.269
2/28/2022,8383,8.269011
2/28/2022,8384,8.269022
2/28/2022,8385,8.269033
2/28/2022,8386,8.269044
2/28/2022,8387,8.269055
2/28/2022,8388,8.269066
2/28/2022,8389,8.269077
2/28/2022,8390,8.269088
2/28/2022,8391,8.269099
2/28/2022,8392,8.26911
2/28/2022,8393,8.269121
2/28/2022,8394,8.269132
2/28/2022,8395,8.269143
2/28/2022,8396,8.269154
2/28/2022,8397,8.269165
2/28/2022,8398,8.269176
2/28/2022,8399,8.269187
2/28/2022,8400,8.269198
2/28/2022,8401,8.269209
2/28/2022,8402,8.26922
2/28/2022,8403,8.269231
2/28/2022,8404,8.269242
2/28/2022,8405,8.269253
2/28/2022,8406,8.269264
2/28/2022,8407,8.269275
2/28/2022,8408,8.269286
2/28/2022,8409,8.269297
2/28/2022,8410,8.269308
2/28/2022,8411,8.269319
2/28/2022,8412,8.26933
2/28/2022,8413,8.269341
2/28/2022,8414,8.269352
2/28/2022,8415,8.269363
2/28/2022,8416,8.269374
2/28/2022,8417,8.269385
2/28/2022,8418,8.269396
2/28/2022,8419,8.269407
2/28/2022,8420,8.269418
2/28/2022,8421,8.269429
2/28/2022,8422,8.26944
2/28/2022,8423,8.269451
2/28/2022,8424,8.269462
2/28/2022,8425,8.269473
2/28/2022,8426,8.269484
2/28/2022,8427,8.269495
2/28/2022,8428,8.269505
2/28/2022,8429,8.269516
2/28/2022,8430,8.269527
2/28/2022,8431,8.269538
2/28/2022,8432,8.269549
2/28/2022,8433,8.26956
2/28/2022,8434,8.269571
2/28/2022,8435,8.269582
2/28/2022,8436,8.269593
2/28/2022,8437,8.269604
2/28/2022,8438,8.269615
2/28/2022,8439,8.269626
2/28/2022,8440,8.269637
2/28/2022,8441,8.269648
2/28/2022,8442,8.269659
2/28/2022,8443,8.26967
2/28/2022,8444,8.269681
2/28/2022,8445,8.269692
2/28/2022,8446,8.269703
2/28/2022,8447,8.269714
2/28/2022,8448,8.269725
2/28/2022,8449,8.269736
2/28/2022,8450,8.269747
2/28/2022,8451,8.269758
2/28/2022,8452,8.269769
2/28/2022,8453,8.26978
2/28/2022,8454,8.269791
2/28/2022,8455,8.269802
2/28/2022,8456,8.269813
2/28/2022,8457,8.269824
2/28/2022,8458,8.269835
2/28/2022,8459,8.269846
2/28/2022,8460,8.269857
2/28/2022,8461,8.269868
2/28/2022,8462,8.269879
2/28/2022,8463,8.26989
2/28/2022,8464,8.269901
2/28/2022,8465,8.269912
2/28/2022,8466,8.269923
2/28/2022,8467,8.269934
2/28/2022,8468,8.269945
2/28/2022,8469,8.269956
2/28/2022,8470,8.269967
2/28/2022,8471,8.269978
2/28/2022,8472,8.269989
2/28/2022,8473,8.27
2/28/2022,8474,8.270011
2/28/2022,8475,8.270022
2/28/2022,8476,8.270033
2/28/2022,8477,8.270044
2/28/2022,8478,8.270055
2/28/2022,8479,8.270066
2/28/2022,8480,8.270077
2/28/2022,8481,8.270088
2/28/2022,8482,8.270099
2/28/2022,8483,8.27011
2/28/2022,8484,8.270121
2/28/2022,8485,8.270132
2/28/2022,8486,8.270143
2/28/2022,8487,8.270154
2/28/2022,8488,8.270165
2/28/2022,8489,8.270176
2/28/2022,8490,8.270187
2/28/2022,8491,8.270198
2/28/2022,8492,8.270209
2/28/2022,8493,8.27022
2/28/2022,8494,8.270231
2/28/2022,8495,8.270242
2/28/2022,8496,8.270253
2/28/2022,8497,8.270264
2/28/2022,8498,8.270275
2/28/2022,8499,8.270286
2/28/2022,8500,8.270297
2/28/2022,8501,8.270308
2/28/2022,8502,8.270319
2/28/2022,8503,8.27033
2/28/2022,8504,8.270341
2/28/2022,8505,8.270352
2/28/2022,8506,8.270363
2/28/2022,8507,8.270374
2/28/2022,8508,8.270385
2/28/2022,8509,8.270396
2/28/2022,8510,8.270407
2/28/2022,8511,8.270418
2/28/2022,8512,8.270429
2/28/2022,8513,8.27044
2/28/2022,8514,8.270451
2/28/2022,8515,8.270462
2/28/2022,8516,8.270473
2/28/2022,8517,8.270484
2/28/2022,8518,8.270495
2/28/2022,8519,8.270505
2/28/2022,8520,8.270516
2/28/2022,8521,8.270527
2/28/2022,8522,8.270538
2/28/2022,8523,8.270549
2/28/2022,8524,8.27056
2/28/2022,8525,8.270571
2/28/2022,8526,8.270582
2/28/2022,8527,8.270593
2/28/2022,8528,8.270604
2/28/2022,8529,8.270615
2/28/2022,8530,8.270626
2/28/2022,8531,8.270637
2/28/2022,8532,8.270648
2/28/2022,8533,8.270659
2/28/2022,8534,8.27067
2/28/2022,8535,8.270681
2/28/2022,8536,8.270692
2/28/2022,8537,8.270703
2/28/2022,8538,8.270714
2/28/2022,8539,8.270725
2/28/2022,8540,8.270736
2/28/2022,8541,8.270747
2/28/2022,8542,8.270758
2/28/2022,8543,8.270769
2/28/2022,8544,8.27078
2/28/2022,8545,8.270791
2/28/2022,8546,8.270802
2/28/2022,8547,8.270813
2/28/2022,8548,8.270824
2/28/2022,8549,8.270835
2/28/2022,8550,8.270846
2/28/2022,8551,8.270857
2/28/2022,8552,8.270868
2/28/2022,8553,8.270879
2/28/2022,8554,8.27089
2/28/2022,8555,8.270901
2/28/2022,8556,8.270912
2/28/2022,8557,8.270923
2/28/2022,8558,8.270934
2/28/2022,8559,8.270945
2/28/2022,8560,8.270956
2/28/2022,8561,8.270967
2/28/2022,8562,8.270978
2/28/2022,8563,8.270989
2/28/2022,8564,8.271
2/28/2022,8565,8.271011
2/28/2022,8566,8.271022
2/28/2022,8567,8.271033
2/28/2022,8568,8.271044
2/28/2022,8569,8.271055
2/28/2022,8570,8.271066
2/28/2022,8571,8.271077
2/28/2022,8572,8.271088
2/28/2022,8573,8.271099
2/28/2022,8574,8.27111
2/28/2022,8575,8.271121
2/28/2022,8576,8.271132
2/28/2022,8577,8.271143
2/28/2022,8578,8.271154
2/28/2022,8579,8.271165
2/28/2022,8580,8.271176
2/28/2022,8581,8.271187
2/28/2022,8582,8.271198
2/28/2022,8583,8.271209
2/28/2022,8584,8.27122
2/28/2022,8585,8.271231
2/28/2022,8586,8.271242
2/28/2022,8587,8.271253
2/28/2022,8588,8.271264
2/28/2022,8589,8.271275
2/28/2022,8590,8.271286
2/28/2022,8591,8.271297
2/28/2022,8592,8.271308
2/28/2022,8593,8.271319
2/28/2022,8594,8.27133
2/28/2022,8595,8.271341
2/28/2022,8596,8.271352
2/28/2022,8597,8.271363
2/28/2022,8598,8.271374
2/28/2022,8599,8.271385
2/28/2022,8600,8.271396
2/28/2022,8601,8.271407
2/28/2022,8602,8.271418
2/28/2022,8603,8.271429
2/28/2022,8604,8.27144
2/28/2022,8605,8.271451
2/28/2022,8606,8.271462
2/28/2022,8607,8.271473
2/28/2022,8608,8.271484
2/28/2022,8609,8.271495
2/28/2022,8610,8.271505
2/28/2022,8611,8.271516
2/28/2022,8612,8.271527
2/28/2022,8613,8.271538
2/28/2022,8614,8.271549
2/28/2022,8615,8.27156
2/28/2022,8616,8.271571
2/28/2022,8617,8.271582
2/28/2022,8618,8.271593
2/28/2022,8619,8.271604
2/28/2022,8620,8.271615
2/28/2022,8621,8.271626
2/28/2022,8622,8.271637
2/28/2022,8623,8.271648
2/28/2022,8624,8.271659
2/28/2022,8625,8.27167
2/28/2022,8626,8.271681
2/28/2022,8627,8.271692
2/28/2022,8628,8.271703
2/28/2022,8629,8.271714
2/28/2022,8630,8.271725
2/28/2022,8631,8.271736
2/28/2022,8632,8.271747
2/28/2022,8633,8.271758
2/28/2022,8634,8.271769
2/28/2022,8635,8.27178
2/28/2022,8636,8.271791
2/28/2022,8637,8.271802
2/28/2022,8638,8.271813
2/28/2022,8639,8.271824
2/28/2022,8640,8.271835
2/28/2022,8641,8.271846
2/28/2022,8642,8.271857
2/28/2022,8643,8.271868
2/28/2022,8644,8.271879
2/28/2022,8645,8.27189
2/28/2022,8646,8.271901
2/28/2022,8647,8.271912
2/28/2022,8648,8.271923
2/28/2022,8649,8.271934
2/28/2022,8650,8.271945
2/28/2022,8651,8.271956
2/28/2022,8652,8.271967
2/28/2022,8653,8.271978
2/28/2022,8654,8.271989
2/28/2022,8655,8.272
2/28/2022,8656,8.272011
2/28/2022,8657,8.272022
2/28/2022,8658,8.272033
2/28/2022,8659,8.272044
2/28/2022,8660,8.272055
2/28/2022,8661,8.272066
2/28/2022,8662,8.272077
2/28/2022,8663,8.272088
2/28/2022,8664,8.272099
2/28/2022,8665,8.27211
2/28/2022,8666,8.272121
2/28/2022,8667,8.272132
2/28/2022,8668,8.272143
2/28/2022,8669,8.272154
2/28/2022,8670,8.272165
2/28/2022,8671,8.272176
2/28/2022,8672,8.272187
2/28/2022,8673,8.272198
2/28/2022,8674,8.272209
2/28/2022,8675,8.27222
2/28/2022,8676,8.272231
2/28/2022,8677,8.272242
2/28/2022,8678,8.272253
2/28/2022,8679,8.272264
2/28/2022,8680,8.272275
2/28/2022,8681,8.272286
2/28/2022,8682,8.272297
2/28/2022,8683,8.272308
2/28/2022,8684,8.272319
2/28/2022,8685,8.27233
2/28/2022,8686,8.272341
2/28/2022,8687,8.272352
2/28/2022,8688,8.272363
2/28/2022,8689,8.272374
2/28/2022,8690,8.272385
2/28/2022,8691,8.272396
2/28/2022,8692,8.272407
2/28/2022,8693,8.272418
2/28/2022,8694,8.272429
2/28/2022,8695,8.27244
2/28/2022,8696,8.272451
2/28/2022,8697,8.272462
2/28/2022,8698,8.272473
2/28/2022,8699,8.272484
2/28/2022,8700,8.272495
2/28/2022,8701,8.272505
2/28/2022,8702,8.272516
2/28/2022,8703,8.272527
2/28/2022,8704,8.272538
2/28/2022,8705,8.272549
2/28/2022,8706,8.27256
2/28/2022,8707,8.272571
2/28/2022,8708,8.272582
2/28/2022,8709,8.272593
2/28/2022,8710,8.272604
2/28/2022,8711,8.272615
2/28/2022,8712,8.272626
2/28/2022,8713,8.272637
2/28/2022,8714,8.272648
2/28/2022,8715,8.272659
2/28/2022,8716,8.27267
2/28/2022,8717,8.272681
2/28/2022,8718,8.272692
2/28/2022,8719,8.272703
2/28/2022,8720,8.272714
2/28/2022,8721,8.272725
2/28/2022,8722,8.272736
2/28/2022,8723,8.272747
2/28/2022,8724,8.272758
2/28/2022,8725,8.272769
2/28/2022,8726,8.27278
2/28/2022,8727,8.272791
2/28/2022,8728,8.272802
2/28/2022,8729,8.272813
2/28/2022,8730,8.272824
2/28/2022,8731,8.272835
2/28/2022,8732,8.272846
2/28/2022,8733,8.272857
2/28/2022,8734,8.272868
2/28/2022,8735,8.272879
2/28/2022,8736,8.27289
2/28/2022,8737,8.272901
2/28/2022,8738,8.272912
2/28/2022,8739,8.272923
2/28/2022,8740,8.272934
2/28/2022,8741,8.272945
2/28/2022,8742,8.272956
2/28/2022,8743,8.272967
2/28/2022,8744,8.272978
2/28/2022,8745,8.272989
2/28/2022,8746,8.273
2/28/2022,8747,8.273011
2/28/2022,8748,8.273022
2/28/2022,8749,8.273033
2/28/2022,8750,8.273044
2/28/2022,8751,8.273055
2/28/2022,8752,8.273066
2/28/2022,8753,8.273077
2/28/2022,8754,8.273088
2/28/2022,8755,8.273099
2/28/2022,8756,8.27311
2/28/2022,8757,8.273121
2/28/2022,8758,8.273132
2/28/2022,8759,8.273143
2/28/2022,8760,8.273154
2/28/2022,8761,8.273165
2/28/2022,8762,8.273176
2/28/2022,8763,8.273187
2/28/2022,8764,8.273198
2/28/2022,8765,8.273209
2/28/2022,8766,8.27322
2/28/2022,8767,8.273231
2/28/2022,8768,8.273242
2/28/2022,8769,8.273253
2/28/2022,8770,8.273264
2/28/2022,8771,8.273275
2/28/2022,8772,8.273286
2/28/2022,8773,8.273297
2/28/2022,8774,8.273308
2/28/2022,8775,8.273319
2/28/2022,8776,8.27333
2/28/2022,8777,8.273341
2/28/2022,8778,8.273352
2/28/2022,8779,8.273363
2/28/2022,8780,8.273374
2/28/2022,8781,8.273385
2/28/2022,8782,8.273396
2/28/2022,8783,8.273407
2/28/2022,8784,8.273418
2/28/2022,8785,8.273429
2/28/2022,8786,8.27344
2/28/2022,8787,8.273451
2/28/2022,8788,8.273462
2/28/2022,8789,8.273473
2/28/2022,8790,8.273484
2/28/2022,8791,8.273495
2/28/2022,8792,8.273505
2/28/2022,8793,8.273516
2/28/2022,8794,8.273527
2/28/2022,8795,8.273538
2/28/2022,8796,8.273549
2/28/2022,8797,8.27356
2/28/2022,8798,8.273571
2/28/2022,8799,8.273582
2/28/2022,8800,8.273593
2/28/2022,8801,8.273604
2/28/2022,8802,8.273615
2/28/2022,8803,8.273626
2/28/2022,8804,8.273637
2/28/2022,8805,8.273648
2/28/2022,8806,8.273659
2/28/2022,8807,8.27367
2/28/2022,8808,8.273681
2/28/2022,8809,8.273692
2/28/2022,8810,8.273703
2/28/2022,8811,8.273714
2/28/2022,8812,8.273725
2/28/2022,8813,8.273736
2/28/2022,8814,8.273747
2/28/2022,8815,8.273758
2/28/2022,8816,8.273769
2/28/2022,8817,8.27378
2/28/2022,8818,8.273791
2/28/2022,8819,8.273802
2/28/2022,8820,8.273813
2/28/2022,8821,8.273824
2/28/2022,8822,8.273835
2/28/2022,8823,8.273846
2/28/2022,8824,8.273857
2/28/2022,8825,8.273868
2/28/2022,8826,8.273879
2/28/2022,8827,8.27389
2/28/2022,8828,8.273901
2/28/2022,8829,8.273912
2/28/2022,8830,8.273923
2/28/2022,8831,8.273934
2/28/2022,8832,8.273945
2/28/2022,8833,8.273956
2/28/2022,8834,8.273967
2/28/2022,8835,8.273978
2/28/2022,8836,8.273989
2/28/2022,8837,8.274
2/28/2022,8838,8.274011
2/28/2022,8839,8.274022
2/28/2022,8840,8.274033
2/28/2022,8841,8.274044
2/28/2022,8842,8.274055
2/28/2022,8843,8.274066
2/28/2022,8844,8.274077
2/28/2022,8845,8.274088
2/28/2022,8846,8.274099
2/28/2022,8847,8.27411
2/28/2022,8848,8.274121
2/28/2022,8849,8.274132
2/28/2022,8850,8.274143
2/28/2022,8851,8.274154
2/28/2022,8852,8.274165
2/28/2022,8853,8.274176
2/28/2022,8854,8.274187
2/28/2022,8855,8.274198
2/28/2022,8856,8.274209
2/28/2022,8857,8.27422
2/28/2022,8858,8.274231
2/28/2022,8859,8.274242
2/28/2022,8860,8.274253
2/28/2022,8861,8.274264
2/28/2022,8862,8.274275
2/28/2022,8863,8.274286
2/28/2022,8864,8.274297
2/28/2022,8865,8.274308
2/28/2022,8866,8.274319
2/28/2022,8867,8.27433
2/28/2022,8868,8.274341
2/28/2022,8869,8.274352
2/28/2022,8870,8.274363
2/28/2022,8871,8.274374
2/28/2022,8872,8.274385
2/28/2022,8873,8.274396
2/28/2022,8874,8.274407
2/28/2022,8875,8.274418
2/28/2022,8876,8.274429
2/28/2022,8877,8.27444
2/28/2022,8878,8.274451
2/28/2022,8879,8.274462
2/28/2022,8880,8.274473
2/28/2022,8881,8.274484
2/28/2022,8882,8.274495
2/28/2022,8883,8.274505
2/28/2022,8884,8.274516
2/28/2022,8885,8.274527
2/28/2022,8886,8.274538
2/28/2022,8887,8.274549
2/28/2022,8888,8.27456
2/28/2022,8889,8.274571
2/28/2022,8890,8.274582
2/28/2022,8891,8.274593
2/28/2022,8892,8.274604
2/28/2022,8893,8.274615
2/28/2022,8894,8.274626
2/28/2022,8895,8.274637
2/28/2022,8896,8.274648
2/28/2022,8897,8.274659
2/28/2022,8898,8.27467
2/28/2022,8899,8.274681
2/28/2022,8900,8.274692
2/28/2022,8901,8.274703
2/28/2022,8902,8.274714
2/28/2022,8903,8.274725
2/28/2022,8904,8.274736
2/28/2022,8905,8.274747
2/28/2022,8906,8.274758
2/28/2022,8907,8.274769
2/28/2022,8908,8.27478
2/28/2022,8909,8.274791
2/28/2022,8910,8.274802
2/28/2022,8911,8.274813
2/28/2022,8912,8.274824
2/28/2022,8913,8.274835
2/28/2022,8914,8.274846
2/28/2022,8915,8.274857
2/28/2022,8916,8.274868
2/28/2022,8917,8.274879
2/28/2022,8918,8.27489
2/28/2022,8919,8.274901
2/28/2022,8920,8.274912
2/28/2022,8921,8.274923
2/28/2022,8922,8.274934
2/28/2022,8923,8.274945
2/28/2022,8924,8.274956
2/28/2022,8925,8.274967
2/28/2022,8926,8.274978
2/28/2022,8927,8.274989
2/28/2022,8928,8.275
2/28/2022,8929,8.275011
2/28/2022,8930,8.275022
2/28/2022,8931,8.275033
2/28/2022,8932,8.275044
2/28/2022,8933,8.275055
2/28/2022,8934,8.275066
2/28/2022,8935,8.275077
2/28/2022,8936,8.275088
2/28/2022,8937,8.275099
2/28/2022,8938,8.27511
2/28/2022,8939,8.275121
2/28/2022,8940,8.275132
2/28/2022,8941,8.275143
2/28/2022,8942,8.275154
2/28/2022,8943,8.275165
2/28/2022,8944,8.275176
2/28/2022,8945,8.275187
2/28/2022,8946,8.275198
2/28/2022,8947,8.275209
2/28/2022,8948,8.27522
2/28/2022,8949,8.275231
2/28/2022,8950,8.275242
2/28/2022,8951,8.275253
2/28/2022,8952,8.275264
2/28/2022,8953,8.275275
2/28/2022,8954,8.275286
2/28/2022,8955,8.275297
2/28/2022,8956,8.275308
2/28/2022,8957,8.275319
2/28/2022,8958,8.27533
2/28/2022,8959,8.275341
2/28/2022,8960,8.275352
2/28/2022,8961,8.275363
2/28/2022,8962,8.275374
2/28/2022,8963,8.275385
2/28/2022,8964,8.275396
2/28/2022,8965,8.275407
2/28/2022,8966,8.275418
2/28/2022,8967,8.275429
2/28/2022,8968,8.27544
2/28/2022,8969,8.275451
2/28/2022,8970,8.275462
2/28/2022,8971,8.275473
2/28/2022,8972,8.275484
2/28/2022,8973,8.275495
2/28/2022,8974,8.275505
2/28/2022,8975,8.275516
2/28/2022,8976,8.275527
2/28/2022,8977,8.275538
2/28/2022,8978,8.275549
2/28/2022,8979,8.27556
2/28/2022,8980,8.275571
2/28/2022,8981,8.275582
2/28/2022,8982,8.275593
2/28/2022,8983,8.275604
2/28/2022,8984,8.275615
2/28/2022,8985,8.275626
2/28/2022,8986,8.275637
2/28/2022,8987,8.275648
2/28/2022,8988,8.275659
2/28/2022,8989,8.27567
2/28/2022,8990,8.275681
2/28/2022,8991,8.275692
2/28/2022,8992,8.275703
2/28/2022,8993,8.275714
2/28/2022,8994,8.275725
2/28/2022,8995,8.275736
2/28/2022,8996,8.275747
2/28/2022,8997,8.275758
2/28/2022,8998,8.275769
2/28/2022,8999,8.27578
2/28/2022,9000,8.275791
2/28/2022,9001,8.275802
2/28/2022,9002,8.275813
2/28/2022,9003,8.275824
2/28/2022,9004,8.275835
2/28/2022,9005,8.275846
2/28/2022,9006,8.275857
2/28/2022,9007,8.275868
2/28/2022,9008,8.275879
2/28/2022,9009,8.27589
2/28/2022,9010,8.275901
2/28/2022,9011,8.275912
2/28/2022,9012,8.275923
2/28/2022,9013,8.275934
2/28/2022,9014,8.275945
2/28/2022,9015,8.275956
2/28/2022,9016,8.275967
2/28/2022,9017,8.275978
2/28/2022,9018,8.275989
2/28/2022,9019,8.276
2/28/2022,9020,8.276011
2/28/2022,9021,8.276022
2/28/2022,9022,8.276033
2/28/2022,9023,8.276044
2/28/2022,9024,8.276055
2/28/2022,9025,8.276066
2/28/2022,9026,8.276077
2/28/2022,9027,8.276088
2/28/2022,9028,8.276099
2/28/2022,9029,8.27611
2/28/2022,9030,8.276121
2/28/2022,9031,8.276132
2/28/2022,9032,8.276143
2/28/2022,9033,8.276154
2/28/2022,9034,8.276165
2/28/2022,9035,8.276176
2/28/2022,9036,8.276187
2/28/2022,9037,8.276198
2/28/2022,9038,8.276209
2/28/2022,9039,8.27622
2/28/2022,9040,8.276231
2/28/2022,9041,8.276242
2/28/2022,9042,8.276253
2/28/2022,9043,8.276264
2/28/2022,9044,8.276275
2/28/2022,9045,8.276286
2/28/2022,9046,8.276297
2/28/2022,9047,8.276308
2/28/2022,9048,8.276319
2/28/2022,9049,8.27633
2/28/2022,9050,8.276341
2/28/2022,9051,8.276352
2/28/2022,9052,8.276363
2/28/2022,9053,8.276374
2/28/2022,9054,8.276385
2/28/2022,9055,8.276396
2/28/2022,9056,8.276407
2/28/2022,9057,8.276418
2/28/2022,9058,8.276429
2/28/2022,9059,8.27644
2/28/2022,9060,8.276451
2/28/2022,9061,8.276462
2/28/2022,9062,8.276473
2/28/2022,9063,8.276484
2/28/2022,9064,8.276495
2/28/2022,9065,8.276505
2/28/2022,9066,8.276516
2/28/2022,9067,8.276527
2/28/2022,9068,8.276538
2/28/2022,9069,8.276549
2/28/2022,9070,8.27656
2/28/2022,9071,8.276571
2/28/2022,9072,8.276582
2/28/2022,9073,8.276593
2/28/2022,9074,8.276604
2/28/2022,9075,8.276615
2/28/2022,9076,8.276626
2/28/2022,9077,8.276637
2/28/2022,9078,8.276648
2/28/2022,9079,8.276659
2/28/2022,9080,8.27667
2/28/2022,9081,8.276681
2/28/2022,9082,8.276692
2/28/2022,9083,8.276703
2/28/2022,9084,8.276714
2/28/2022,9085,8.276725
2/28/2022,9086,8.276736
2/28/2022,9087,8.276747
2/28/2022,9088,8.276758
2/28/2022,9089,8.276769
2/28/2022,9090,8.27678
2/28/2022,9091,8.276791
2/28/2022,9092,8.276802
2/28/2022,9093,8.276813
2/28/2022,9094,8.276824
2/28/2022,9095,8.276835
2/28/2022,9096,8.276846
2/28/2022,9097,8.276857
2/28/2022,9098,8.276868
2/28/2022,9099,8.276879
2/28/2022,9100,8.27689
2/28/2022,9101,8.276901
2/28/2022,9102,8.276912
2/28/2022,9103,8.276923
2/28/2022,9104,8.276934
2/28/2022,9105,8.276945
2/28/2022,9106,8.276956
2/28/2022,9107,8.276967
2/28/2022,9108,8.276978
2/28/2022,9109,8.276989
2/28/2022,9110,8.277
2/28/2022,9111,8.277011
2/28/2022,9112,8.277022
2/28/2022,9113,8.277033
2/28/2022,9114,8.277044
2/28/2022,9115,8.277055
2/28/2022,9116,8.277066
2/28/2022,9117,8.277077
2/28/2022,9118,8.277088
2/28/2022,9119,8.277099
2/28/2022,9120,8.27711
2/28/2022,9121,8.277121
2/28/2022,9122,8.277132
2/28/2022,9123,8.277143
2/28/2022,9124,8.277154
2/28/2022,9125,8.277165
2/28/2022,9126,8.277176
2/28/2022,9127,8.277187
2/28/2022,9128,8.277198
2/28/2022,9129,8.277209
2/28/2022,9130,8.27722
2/28/2022,9131,8.277231
2/28/2022,9132,8.277242
2/28/2022,9133,8.277253
2/28/2022,9134,8.277264
2/28/2022,9135,8.277275
2/28/2022,9136,8.277286
2/28/2022,9137,8.277297
2/28/2022,9138,8.277308
2/28/2022,9139,8.277319
2/28/2022,9140,8.27733
2/28/2022,9141,8.277341
2/28/2022,9142,8.277352
2/28/2022,9143,8.277363
2/28/2022,9144,8.277374
2/28/2022,9145,8.277385
2/28/2022,9146,8.277396
2/28/2022,9147,8.277407
2/28/2022,9148,8.277418
2/28/2022,9149,8.277429
2/28/2022,9150,8.27744
2/28/2022,9151,8.277451
2/28/2022,9152,8.277462
2/28/2022,9153,8.277473
2/28/2022,9154,8.277484
2/28/2022,9155,8.277495
2/28/2022,9156,8.277505
2/28/2022,9157,8.277516
2/28/2022,9158,8.277527
2/28/2022,9159,8.277538
2/28/2022,9160,8.277549
2/28/2022,9161,8.27756
2/28/2022,9162,8.277571
2/28/2022,9163,8.277582
2/28/2022,9164,8.277593
2/28/2022,9165,8.277604
2/28/2022,9166,8.277615
2/28/2022,9167,8.277626
2/28/2022,9168,8.277637
2/28/2022,9169,8.277648
2/28/2022,9170,8.277659
2/28/2022,9171,8.27767
2/28/2022,9172,8.277681
2/28/2022,9173,8.277692
2/28/2022,9174,8.277703
2/28/2022,9175,8.277714
2/28/2022,9176,8.277725
2/28/2022,9177,8.277736
2/28/2022,9178,8.277747
2/28/2022,9179,8.277758
2/28/2022,9180,8.277769
2/28/2022,9181,8.27778
2/28/2022,9182,8.277791
2/28/2022,9183,8.277802
2/28/2022,9184,8.277813
2/28/2022,9185,8.277824
2/28/2022,9186,8.277835
2/28/2022,9187,8.277846
2/28/2022,9188,8.277857
2/28/2022,9189,8.277868
2/28/2022,9190,8.277879
2/28/2022,9191,8.27789
2/28/2022,9192,8.277901
2/28/2022,9193,8.277912
2/28/2022,9194,8.277923
2/28/2022,9195,8.277934
2/28/2022,9196,8.277945
2/28/2022,9197,8.277956
2/28/2022,9198,8.277967
2/28/2022,9199,8.277978
2/28/2022,9200,8.277989
2/28/2022,9201,8.278
2/28/2022,9202,8.278011
2/28/2022,9203,8.278022
2/28/2022,9204,8.278033
2/28/2022,9205,8.278044
2/28/2022,9206,8.278055
2/28/2022,9207,8.278066
2/28/2022,9208,8.278077
2/28/2022,9209,8.278088
2/28/2022,9210,8.278099
2/28/2022,9211,8.27811
2/28/2022,9212,8.278121
2/28/2022,9213,8.278132
2/28/2022,9214,8.278143
2/28/2022,9215,8.278154
2/28/2022,9216,8.278165
2/28/2022,9217,8.278176
2/28/2022,9218,8.278187
2/28/2022,9219,8.278198
2/28/2022,9220,8.278209
2/28/2022,9221,8.27822
2/28/2022,9222,8.278231
2/28/2022,9223,8.278242
2/28/2022,9224,8.278253
2/28/2022,9225,8.278264
2/28/2022,9226,8.278275
2/28/2022,9227,8.278286
2/28/2022,9228,8.278297
2/28/2022,9229,8.278308
2/28/2022,9230,8.278319
2/28/2022,9231,8.27833
2/28/2022,9232,8.278341
2/28/2022,9233,8.278352
2/28/2022,9234,8.278363
2/28/2022,9235,8.278374
2/28/2022,9236,8.278385
2/28/2022,9237,8.278396
2/28/2022,9238,8.278407
2/28/2022,9239,8.278418
2/28/2022,9240,8.278429
2/28/2022,9241,8.27844
2/28/2022,9242,8.278451
2/28/2022,9243,8.278462
2/28/2022,9244,8.278473
2/28/2022,9245,8.278484
2/28/2022,9246,8.278495
2/28/2022,9247,8.278505
2/28/2022,9248,8.278516
2/28/2022,9249,8.278527
2/28/2022,9250,8.278538
2/28/2022,9251,8.278549
2/28/2022,9252,8.27856
2/28/2022,9253,8.278571
2/28/2022,9254,8.278582
2/28/2022,9255,8.278593
2/28/2022,9256,8.278604
2/28/2022,9257,8.278615
2/28/2022,9258,8.278626
2/28/2022,9259,8.278637
2/28/2022,9260,8.278648
2/28/2022,9261,8.278659
2/28/2022,9262,8.27867
2/28/2022,9263,8.278681
2/28/2022,9264,8.278692
2/28/2022,9265,8.278703
2/28/2022,9266,8.278714
2/28/2022,9267,8.278725
2/28/2022,9268,8.278736
2/28/2022,9269,8.278747
2/28/2022,9270,8.278758
2/28/2022,9271,8.278769
2/28/2022,9272,8.27878
2/28/2022,9273,8.278791
2/28/2022,9274,8.278802
2/28/2022,9275,8.278813
2/28/2022,9276,8.278824
2/28/2022,9277,8.278835
2/28/2022,9278,8.278846
2/28/2022,9279,8.278857
2/28/2022,9280,8.278868
2/28/2022,9281,8.278879
2/28/2022,9282,8.27889
2/28/2022,9283,8.278901
2/28/2022,9284,8.278912
2/28/2022,9285,8.278923
2/28/2022,9286,8.278934
2/28/2022,9287,8.278945
2/28/2022,9288,8.278956
2/28/2022,9289,8.278967
2/28/2022,9290,8.278978
2/28/2022,9291,8.278989
2/28/2022,9292,8.279
2/28/2022,9293,8.279011
2/28/2022,9294,8.279022
2/28/2022,9295,8.279033
2/28/2022,9296,8.279044
2/28/2022,9297,8.279055
2/28/2022,9298,8.279066
2/28/2022,9299,8.279077
2/28/2022,9300,8.279088
2/28/2022,9301,8.279099
2/28/2022,9302,8.27911
2/28/2022,9303,8.279121
2/28/2022,9304,8.279132
2/28/2022,9305,8.279143
2/28/2022,9306,8.279154
2/28/2022,9307,8.279165
2/28/2022,9308,8.279176
2/28/2022,9309,8.279187
2/28/2022,9310,8.279198
2/28/2022,9311,8.279209
2/28/2022,9312,8.27922
2/28/2022,9313,8.279231
2/28/2022,9314,8.279242
2/28/2022,9315,8.279253
2/28/2022,9316,8.279264
2/28/2022,9317,8.279275
2/28/2022,9318,8.279286
2/28/2022,9319,8.279297
2/28/2022,9320,8.279308
2/28/2022,9321,8.279319
2/28/2022,9322,8.27933
2/28/2022,9323,8.279341
2/28/2022,9324,8.279352
2/28/2022,9325,8.279363
2/28/2022,9326,8.279374
2/28/2022,9327,8.279385
2/28/2022,9328,8.279396
2/28/2022,9329,8.279407
2/28/2022,9330,8.279418
2/28/2022,9331,8.279429
2/28/2022,9332,8.27944
2/28/2022,9333,8.279451
2/28/2022,9334,8.279462
2/28/2022,9335,8.279473
2/28/2022,9336,8.279484
2/28/2022,9337,8.279495
2/28/2022,9338,8.279505
2/28/2022,9339,8.279516
2/28/2022,9340,8.279527
2/28/2022,9341,8.279538
2/28/2022,9342,8.279549
2/28/2022,9343,8.27956
2/28/2022,9344,8.279571
2/28/2022,9345,8.279582
2/28/2022,9346,8.279593
2/28/2022,9347,8.279604
2/28/2022,9348,8.279615
2/28/2022,9349,8.279626
2/28/2022,9350,8.279637
2/28/2022,9351,8.279648
2/28/2022,9352,8.279659
2/28/2022,9353,8.27967
2/28/2022,9354,8.279681
2/28/2022,9355,8.279692
2/28/2022,9356,8.279703
2/28/2022,9357,8.279714
2/28/2022,9358,8.279725
2/28/2022,9359,8.279736
2/28/2022,9360,8.279747
2/28/2022,9361,8.279758
2/28/2022,9362,8.279769
2/28/2022,9363,8.27978
2/28/2022,9364,8.279791
2/28/2022,9365,8.279802
2/28/2022,9366,8.279813
2/28/2022,9367,8.279824
2/28/2022,9368,8.279835
2/28/2022,9369,8.279846
2/28/2022,9370,8.279857
2/28/2022,9371,8.279868
2/28/2022,9372,8.279879
2/28/2022,9373,8.27989
2/28/2022,9374,8.279901
2/28/2022,9375,8.279912
2/28/2022,9376,8.279923
2/28/2022,9377,8.279934
2/28/2022,9378,8.279945
2/28/2022,9379,8.279956
2/28/2022,9380,8.279967
2/28/2022,9381,8.279978
2/28/2022,9382,8.279989
2/28/2022,9383,8.28
2/28/2022,9384,8.279991
2/28/2022,9385,8.279982
2/28/2022,9386,8.279973
2/28/2022,9387,8.279963
2/28/2022,9388,8.279954
2/28/2022,9389,8.279945
2/28/2022,9390,8.279936
2/28/2022,9391,8.279927
2/28/2022,9392,8.279918
2/28/2022,9393,8.279909
2/28/2022,9394,8.2799
2/28/2022,9395,8.27989
2/28/2022,9396,8.279881
2/28/2022,9397,8.279872
2/28/2022,9398,8.279863
2/28/2022,9399,8.279854
2/28/2022,9400,8.279845
2/28/2022,9401,8.279836
2/28/2022,9402,8.279827
2/28/2022,9403,8.279817
2/28/2022,9404,8.279808
2/28/2022,9405,8.279799
2/28/2022,9406,8.27979
2/28/2022,9407,8.279781
2/28/2022,9408,8.279772
2/28/2022,9409,8.279763
2/28/2022,9410,8.279754
2/28/2022,9411,8.279744
2/28/2022,9412,8.279735
2/28/2022,9413,8.279726
2/28/2022,9414,8.279717
2/28/2022,9415,8.279708
2/28/2022,9416,8.279699
2/28/2022,9417,8.27969
2/28/2022,9418,8.279681
2/28/2022,9419,8.279671
2/28/2022,9420,8.279662
2/28/2022,9421,8.279653
2/28/2022,9422,8.279644
2/28/2022,9423,8.279635
2/28/2022,9424,8.279626
2/28/2022,9425,8.279617
2/28/2022,9426,8.279607
2/28/2022,9427,8.279598
2/28/2022,9428,8.279589
2/28/2022,9429,8.27958
2/28/2022,9430,8.279571
2/28/2022,9431,8.279562
2/28/2022,9432,8.279553
2/28/2022,9433,8.279544
2/28/2022,9434,8.279534
2/28/2022,9435,8.279525
2/28/2022,9436,8.279516
2/28/2022,9437,8.279507
2/28/2022,9438,8.279498
2/28/2022,9439,8.279489
2/28/2022,9440,8.27948
2/28/2022,9441,8.279471
2/28/2022,9442,8.279461
2/28/2022,9443,8.279452
2/28/2022,9444,8.279443
2/28/2022,9445,8.279434
2/28/2022,9446,8.279425
2/28/2022,9447,8.279416
2/28/2022,9448,8.279407
2/28/2022,9449,8.279398
2/28/2022,9450,8.279388
2/28/2022,9451,8.279379
2/28/2022,9452,8.27937
2/28/2022,9453,8.279361
2/28/2022,9454,8.279352
2/28/2022,9455,8.279343
2/28/2022,9456,8.279334
2/28/2022,9457,8.279325
2/28/2022,9458,8.279315
2/28/2022,9459,8.279306
2/28/2022,9460,8.279297
2/28/2022,9461,8.279288
2/28/2022,9462,8.279279
2/28/2022,9463,8.27927
2/28/2022,9464,8.279261
2/28/2022,9465,8.279251
2/28/2022,9466,8.279242
2/28/2022,9467,8.279233
2/28/2022,9468,8.279224
2/28/2022,9469,8.279215
2/28/2022,9470,8.279206
2/28/2022,9471,8.279197
2/28/2022,9472,8.279188
2/28/2022,9473,8.279178
2/28/2022,9474,8.279169
2/28/2022,9475,8.27916
2/28/2022,9476,8.279151
2/28/2022,9477,8.279142
2/28/2022,9478,8.279133
2/28/2022,9479,8.279124
2/28/2022,9480,8.279115
2/28/2022,9481,8.279105
2/28/2022,9482,8.279096
2/28/2022,9483,8.279087
2/28/2022,9484,8.279078
2/28/2022,9485,8.279069
2/28/2022,9486,8.27906
2/28/2022,9487,8.279051
2/28/2022,9488,8.279042
2/28/2022,9489,8.279032
2/28/2022,9490,8.279023
2/28/2022,9491,8.279014
2/28/2022,9492,8.279005
2/28/2022,9493,8.278996
2/28/2022,9494,8.278987
2/28/2022,9495,8.278978
2/28/2022,9496,8.278968
2/28/2022,9497,8.278959
2/28/2022,9498,8.27895
2/28/2022,9499,8.278941
2/28/2022,9500,8.278932
2/28/2022,9501,8.278923
2/28/2022,9502,8.278914
2/28/2022,9503,8.278905
2/28/2022,9504,8.278895
2/28/2022,9505,8.278886
2/28/2022,9506,8.278877
2/28/2022,9507,8.278868
2/28/2022,9508,8.278859
2/28/2022,9509,8.27885
2/28/2022,9510,8.278841
2/28/2022,9511,8.278832
2/28/2022,9512,8.278822
2/28/2022,9513,8.278813
2/28/2022,9514,8.278804
2/28/2022,9515,8.278795
2/28/2022,9516,8.278786
2/28/2022,9517,8.278777
2/28/2022,9518,8.278768
2/28/2022,9519,8.278759
2/28/2022,9520,8.278749
2/28/2022,9521,8.27874
2/28/2022,9522,8.278731
2/28/2022,9523,8.278722
2/28/2022,9524,8.278713
2/28/2022,9525,8.278704
2/28/2022,9526,8.278695
2/28/2022,9527,8.278686
2/28/2022,9528,8.278676
2/28/2022,9529,8.278667
2/28/2022,9530,8.278658
2/28/2022,9531,8.278649
2/28/2022,9532,8.27864
2/28/2022,9533,8.278631
2/28/2022,9534,8.278622
2/28/2022,9535,8.278612
2/28/2022,9536,8.278603
2/28/2022,9537,8.278594
2/28/2022,9538,8.278585
2/28/2022,9539,8.278576
2/28/2022,9540,8.278567
2/28/2022,9541,8.278558
2/28/2022,9542,8.278549
2/28/2022,9543,8.278539
2/28/2022,9544,8.27853
2/28/2022,9545,8.278521
2/28/2022,9546,8.278512
2/28/2022,9547,8.278503
2/28/2022,9548,8.278494
2/28/2022,9549,8.278485
2/28/2022,9550,8.278476
2/28/2022,9551,8.278466
2/28/2022,9552,8.278457
2/28/2022,9553,8.278448
2/28/2022,9554,8.278439
2/28/2022,9555,8.27843
2/28/2022,9556,8.278421
2/28/2022,9557,8.278412
2/28/2022,9558,8.278403
2/28/2022,9559,8.278393
2/28/2022,9560,8.278384
2/28/2022,9561,8.278375
2/28/2022,9562,8.278366
2/28/2022,9563,8.278357
2/28/2022,9564,8.278348
2/28/2022,9565,8.278339
2/28/2022,9566,8.27833
2/28/2022,9567,8.27832
2/28/2022,9568,8.278311
2/28/2022,9569,8.278302
2/28/2022,9570,8.278293
2/28/2022,9571,8.278284
2/28/2022,9572,8.278275
2/28/2022,9573,8.278266
2/28/2022,9574,8.278256
2/28/2022,9575,8.278247
2/28/2022,9576,8.278238
2/28/2022,9577,8.278229
2/28/2022,9578,8.27822
2/28/2022,9579,8.278211
2/28/2022,9580,8.278202
2/28/2022,9581,8.278193
2/28/2022,9582,8.278183
2/28/2022,9583,8.278174
2/28/2022,9584,8.278165
2/28/2022,9585,8.278156
2/28/2022,9586,8.278147
2/28/2022,9587,8.278138
2/28/2022,9588,8.278129
2/28/2022,9589,8.27812
2/28/2022,9590,8.27811
2/28/2022,9591,8.278101
2/28/2022,9592,8.278092
2/28/2022,9593,8.278083
2/28/2022,9594,8.278074
2/28/2022,9595,8.278065
2/28/2022,9596,8.278056
2/28/2022,9597,8.278047
2/28/2022,9598,8.278037
2/28/2022,9599,8.278028
2/28/2022,9600,8.278019
2/28/2022,9601,8.27801
2/28/2022,9602,8.278001
2/28/2022,9603,8.277992
2/28/2022,9604,8.277983
2/28/2022,9605,8.277974
2/28/2022,9606,8.277964
2/28/2022,9607,8.277955
2/28/2022,9608,8.277946
2/28/2022,9609,8.277937
2/28/2022,9610,8.277928
2/28/2022,9611,8.277919
2/28/2022,9612,8.27791
2/28/2022,9613,8.2779
2/28/2022,9614,8.277891
2/28/2022,9615,8.277882
2/28/2022,9616,8.277873
2/28/2022,9617,8.277864
2/28/2022,9618,8.277855
2/28/2022,9619,8.277846
2/28/2022,9620,8.277837
2/28/2022,9621,8.277827
2/28/2022,9622,8.277818
2/28/2022,9623,8.277809
2/28/2022,9624,8.2778
2/28/2022,9625,8.277791
2/28/2022,9626,8.277782
2/28/2022,9627,8.277773
2/28/2022,9628,8.277764
2/28/2022,9629,8.277754
2/28/2022,9630,8.277745
2/28/2022,9631,8.277736
2/28/2022,9632,8.277727
2/28/2022,9633,8.277718
2/28/2022,9634,8.277709
2/28/2022,9635,8.2777
2/28/2022,9636,8.277691
2/28/2022,9637,8.277681
2/28/2022,9638,8.277672
2/28/2022,9639,8.277663
2/28/2022,9640,8.277654
2/28/2022,9641,8.277645
2/28/2022,9642,8.277636
2/28/2022,9643,8.277627
2/28/2022,9644,8.277618
2/28/2022,9645,8.277608
2/28/2022,9646,8.277599
2/28/2022,9647,8.27759
2/28/2022,9648,8.277581
2/28/2022,9649,8.277572
2/28/2022,9650,8.277563
2/28/2022,9651,8.277554
2/28/2022,9652,8.277544
2/28/2022,9653,8.277535
2/28/2022,9654,8.277526
2/28/2022,9655,8.277517
2/28/2022,9656,8.277508
2/28/2022,9657,8.277499
2/28/2022,9658,8.27749
2/28/2022,9659,8.277481
2/28/2022,9660,8.277471
2/28/2022,9661,8.277462
2/28/2022,9662,8.277453
2/28/2022,9663,8.277444
2/28/2022,9664,8.277435
2/28/2022,9665,8.277426
2/28/2022,9666,8.277417
2/28/2022,9667,8.277408
2/28/2022,9668,8.277398
2/28/2022,9669,8.277389
2/28/2022,9670,8.27738
2/28/2022,9671,8.277371
2/28/2022,9672,8.277362
2/28/2022,9673,8.277353
2/28/2022,9674,8.277344
2/28/2022,9675,8.277335
2/28/2022,9676,8.277325
2/28/2022,9677,8.277316
2/28/2022,9678,8.277307
2/28/2022,9679,8.277298
2/28/2022,9680,8.277289
2/28/2022,9681,8.27728
2/28/2022,9682,8.277271
2/28/2022,9683,8.277262
2/28/2022,9684,8.277252
2/28/2022,9685,8.277243
2/28/2022,9686,8.277234
2/28/2022,9687,8.277225
2/28/2022,9688,8.277216
2/28/2022,9689,8.277207
2/28/2022,9690,8.277198
2/28/2022,9691,8.277188
2/28/2022,9692,8.277179
2/28/2022,9693,8.27717
2/28/2022,9694,8.277161
2/28/2022,9695,8.277152
2/28/2022,9696,8.277143
2/28/2022,9697,8.277134
2/28/2022,9698,8.277125
2/28/2022,9699,8.277115
2/28/2022,9700,8.277106
2/28/2022,9701,8.277097
2/28/2022,9702,8.277088
2/28/2022,9703,8.277079
2/28/2022,9704,8.27707
2/28/2022,9705,8.277061
2/28/2022,9706,8.277052
2/28/2022,9707,8.277042
2/28/2022,9708,8.277033
2/28/2022,9709,8.277024
2/28/2022,9710,8.277015
2/28/2022,9711,8.277006
2/28/2022,9712,8.276997
2/28/2022,9713,8.276988
2/28/2022,9714,8.276979
2/28/2022,9715,8.276969
2/28/2022,9716,8.27696
2/28/2022,9717,8.276951
2/28/2022,9718,8.276942
2/28/2022,9719,8.276933
2/28/2022,9720,8.276924
2/28/2022,9721,8.276915
2/28/2022,9722,8.276905
2/28/2022,9723,8.276896
2/28/2022,9724,8.276887
2/28/2022,9725,8.276878
2/28/2022,9726,8.276869
2/28/2022,9727,8.27686
2/28/2022,9728,8.276851
2/28/2022,9729,8.276842
2/28/2022,9730,8.276832
2/28/2022,9731,8.276823
2/28/2022,9732,8.276814
2/28/2022,9733,8.276805
2/28/2022,9734,8.276796
2/28/2022,9735,8.276787
2/28/2022,9736,8.276778
2/28/2022,9737,8.276769
2/28/2022,9738,8.276759
2/28/2022,9739,8.27675
2/28/2022,9740,8.276741
2/28/2022,9741,8.276732
2/28/2022,9742,8.276723
2/28/2022,9743,8.276714
2/28/2022,9744,8.276705
2/28/2022,9745,8.276696
2/28/2022,9746,8.276686
2/28/2022,9747,8.276677
2/28/2022,9748,8.276668
2/28/2022,9749,8.276659
2/28/2022,9750,8.27665
2/28/2022,9751,8.276641
2/28/2022,9752,8.276632
2/28/2022,9753,8.276623
2/28/2022,9754,8.276613
2/28/2022,9755,8.276604
2/28/2022,9756,8.276595
2/28/2022,9757,8.276586
2/28/2022,9758,8.276577
2/28/2022,9759,8.276568
2/28/2022,9760,8.276559
2/28/2022,9761,8.276549
2/28/2022,9762,8.27654
2/28/2022,9763,8.276531
2/28/2022,9764,8.276522
2/28/2022,9765,8.276513
2/28/2022,9766,8.276504
2/28/2022,9767,8.276495
2/28/2022,9768,8.276486
2/28/2022,9769,8.276476
2/28/2022,9770,8.276467
2/28/2022,9771,8.276458
2/28/2022,9772,8.276449
2/28/2022,9773,8.27644
2/28/2022,9774,8.276431
2/28/2022,9775,8.276422
2/28/2022,9776,8.276413
2/28/2022,9777,8.276403
2/28/2022,9778,8.276394
2/28/2022,9779,8.276385
2/28/2022,9780,8.276376
2/28/2022,9781,8.276367
2/28/2022,9782,8.276358
2/28/2022,9783,8.276349
2/28/2022,9784,8.27634
2/28/2022,9785,8.27633
2/28/2022,9786,8.276321
2/28/2022,9787,8.276312
2/28/2022,9788,8.276303
2/28/2022,9789,8.276294
2/28/2022,9790,8.276285
2/28/2022,9791,8.276276
2/28/2022,9792,8.276267
2/28/2022,9793,8.276257
2/28/2022,9794,8.276248
2/28/2022,9795,8.276239
2/28/2022,9796,8.27623
2/28/2022,9797,8.276221
2/28/2022,9798,8.276212
2/28/2022,9799,8.276203
2/28/2022,9800,8.276193
2/28/2022,9801,8.276184
2/28/2022,9802,8.276175
2/28/2022,9803,8.276166
2/28/2022,9804,8.276157
2/28/2022,9805,8.276148
2/28/2022,9806,8.276139
2/28/2022,9807,8.27613
2/28/2022,9808,8.27612
2/28/2022,9809,8.276111
2/28/2022,9810,8.276102
2/28/2022,9811,8.276093
2/28/2022,9812,8.276084
2/28/2022,9813,8.276075
2/28/2022,9814,8.276066
2/28/2022,9815,8.276057
2/28/2022,9816,8.276047
2/28/2022,9817,8.276038
2/28/2022,9818,8.276029
2/28/2022,9819,8.27602
2/28/2022,9820,8.276011
2/28/2022,9821,8.276002
2/28/2022,9822,8.275993
2/28/2022,9823,8.275984
2/28/2022,9824,8.275974
2/28/2022,9825,8.275965
2/28/2022,9826,8.275956
2/28/2022,9827,8.275947
2/28/2022,9828,8.275938
2/28/2022,9829,8.275929
2/28/2022,9830,8.27592
2/28/2022,9831,8.275911
2/28/2022,9832,8.275901
2/28/2022,9833,8.275892
2/28/2022,9834,8.275883
2/28/2022,9835,8.275874
2/28/2022,9836,8.275865
2/28/2022,9837,8.275856
2/28/2022,9838,8.275847
2/28/2022,9839,8.275837
2/28/2022,9840,8.275828
2/28/2022,9841,8.275819
2/28/2022,9842,8.27581
2/28/2022,9843,8.275801
2/28/2022,9844,8.275792
2/28/2022,9845,8.275783
2/28/2022,9846,8.275774
2/28/2022,9847,8.275764
2/28/2022,9848,8.275755
2/28/2022,9849,8.275746
2/28/2022,9850,8.275737
2/28/2022,9851,8.275728
2/28/2022,9852,8.275719
2/28/2022,9853,8.27571
2/28/2022,9854,8.275701
2/28/2022,9855,8.275691
2/28/2022,9856,8.275682
2/28/2022,9857,8.275673
2/28/2022,9858,8.275664
2/28/2022,9859,8.275655
2/28/2022,9860,8.275646
2/28/2022,9861,8.275637
2/28/2022,9862,8.275628
2/28/2022,9863,8.275618
2/28/2022,9864,8.275609
2/28/2022,9865,8.2756
2/28/2022,9866,8.275591
2/28/2022,9867,8.275582
2/28/2022,9868,8.275573
2/28/2022,9869,8.275564
2/28/2022,9870,8.275555
2/28/2022,9871,8.275545
2/28/2022,9872,8.275536
2/28/2022,9873,8.275527
2/28/2022,9874,8.275518
2/28/2022,9875,8.275509
2/28/2022,9876,8.2755
2/28/2022,9877,8.275491
2/28/2022,9878,8.275481
2/28/2022,9879,8.275472
2/28/2022,9880,8.275463
2/28/2022,9881,8.275454
2/28/2022,9882,8.275445
2/28/2022,9883,8.275436
2/28/2022,9884,8.275427
2/28/2022,9885,8.275418
2/28/2022,9886,8.275408
2/28/2022,9887,8.275399
2/28/2022,9888,8.27539
2/28/2022,9889,8.275381
2/28/2022,9890,8.275372
2/28/2022,9891,8.275363
2/28/2022,9892,8.275354
2/28/2022,9893,8.275345
2/28/2022,9894,8.275335
2/28/2022,9895,8.275326
2/28/2022,9896,8.275317
2/28/2022,9897,8.275308
2/28/2022,9898,8.275299
2/28/2022,9899,8.27529
2/28/2022,9900,8.275281
2/28/2022,9901,8.275272
2/28/2022,9902,8.275262
2/28/2022,9903,8.275253
2/28/2022,9904,8.275244
2/28/2022,9905,8.275235
2/28/2022,9906,8.275226
2/28/2022,9907,8.275217
2/28/2022,9908,8.275208
2/28/2022,9909,8.275199
2/28/2022,9910,8.275189
2/28/2022,9911,8.27518
2/28/2022,9912,8.275171
2/28/2022,9913,8.275162
2/28/2022,9914,8.275153
2/28/2022,9915,8.275144
2/28/2022,9916,8.275135
2/28/2022,9917,8.275125
2/28/2022,9918,8.275116
2/28/2022,9919,8.275107
2/28/2022,9920,8.275098
2/28/2022,9921,8.275089
2/28/2022,9922,8.27508
2/28/2022,9923,8.275071
2/28/2022,9924,8.275062
2/28/2022,9925,8.275052
2/28/2022,9926,8.275043
2/28/2022,9927,8.275034
2/28/2022,9928,8.275025
2/28/2022,9929,8.275016
2/28/2022,9930,8.275007
2/28/2022,9931,8.274998
2/28/2022,9932,8.274989
2/28/2022,9933,8.274979
2/28/2022,9934,8.27497
2/28/2022,9935,8.274961
2/28/2022,9936,8.274952
2/28/2022,9937,8.274943
2/28/2022,9938,8.274934
2/28/2022,9939,8.274925
2/28/2022,9940,8.274916
2/28/2022,9941,8.274906
2/28/2022,9942,8.274897
2/28/2022,9943,8.274888
2/28/2022,9944,8.274879
2/28/2022,9945,8.27487
2/28/2022,9946,8.274861
2/28/2022,9947,8.274852
2/28/2022,9948,8.274842
2/28/2022,9949,8.274833
2/28/2022,9950,8.274824
2/28/2022,9951,8.274815
2/28/2022,9952,8.274806
2/28/2022,9953,8.274797
2/28/2022,9954,8.274788
2/28/2022,9955,8.274779
2/28/2022,9956,8.274769
2/28/2022,9957,8.27476
2/28/2022,9958,8.274751
2/28/2022,9959,8.274742
2/28/2022,9960,8.274733
2/28/2022,9961,8.274724
2/28/2022,9962,8.274715
2/28/2022,9963,8.274706
2/28/2022,9964,8.274696
2/28/2022,9965,8.274687
2/28/2022,9966,8.274678
2/28/2022,9967,8.274669
2/28/2022,9968,8.27466
2/28/2022,9969,8.274651
2/28/2022,9970,8.274642
2/28/2022,9971,8.274633
2/28/2022,9972,8.274623
2/28/2022,9973,8.274614
2/28/2022,9974,8.274605
2/28/2022,9975,8.274596
2/28/2022,9976,8.274587
2/28/2022,9977,8.274578
2/28/2022,9978,8.274569
2/28/2022,9979,8.27456
2/28/2022,9980,8.27455
2/28/2022,9981,8.274541
2/28/2022,9982,8.274532
2/28/2022,9983,8.274523
2/28/2022,9984,8.274514
2/28/2022,9985,8.274505
2/28/2022,9986,8.274496
2/28/2022,9987,8.274486
2/28/2022,9988,8.274477
2/28/2022,9989,8.274468
2/28/2022,9990,8.274459
2/28/2022,9991,8.27445
2/28/2022,9992,8.274441
2/28/2022,9993,8.274432
2/28/2022,9994,8.274423
2/28/2022,9995,8.274413
2/28/2022,9996,8.274404
2/28/2022,9997,8.274395
2/28/2022,9998,8.274386
2/28/2022,9999,8.274377
2/28/2022,10000,8.274368
2/28/2022,10001,8.274359
2/28/2022,10002,8.27435
2/28/2022,10003,8.27434
2/28/2022,10004,8.274331
2/28/2022,10005,8.274322
2/28/2022,10006,8.274313
2/28/2022,10007,8.274304
2/28/2022,10008,8.274295
2/28/2022,10009,8.274286
2/28/2022,10010,8.274277
2/28/2022,10011,8.274267
2/28/2022,10012,8.274258
2/28/2022,10013,8.274249
2/28/2022,10014,8.27424
2/28/2022,10015,8.274231
2/28/2022,10016,8.274222
2/28/2022,10017,8.274213
2/28/2022,10018,8.274204
2/28/2022,10019,8.274194
2/28/2022,10020,8.274185
2/28/2022,10021,8.274176
2/28/2022,10022,8.274167
2/28/2022,10023,8.274158
2/28/2022,10024,8.274149
2/28/2022,10025,8.27414
2/28/2022,10026,8.27413
2/28/2022,10027,8.274121
2/28/2022,10028,8.274112
2/28/2022,10029,8.274103
2/28/2022,10030,8.274094
2/28/2022,10031,8.274085
2/28/2022,10032,8.274076
2/28/2022,10033,8.274067
2/28/2022,10034,8.274057
2/28/2022,10035,8.274048
2/28/2022,10036,8.274039
2/28/2022,10037,8.27403
2/28/2022,10038,8.274021
2/28/2022,10039,8.274012
2/28/2022,10040,8.274003
2/28/2022,10041,8.273994
2/28/2022,10042,8.273984
2/28/2022,10043,8.273975
2/28/2022,10044,8.273966
2/28/2022,10045,8.273957
2/28/2022,10046,8.273948
2/28/2022,10047,8.273939
2/28/2022,10048,8.27393
2/28/2022,10049,8.273921
2/28/2022,10050,8.273911
2/28/2022,10051,8.273902
2/28/2022,10052,8.273893
2/28/2022,10053,8.273884
2/28/2022,10054,8.273875
2/28/2022,10055,8.273866
2/28/2022,10056,8.273857
2/28/2022,10057,8.273848
2/28/2022,10058,8.273838
2/28/2022,10059,8.273829
2/28/2022,10060,8.27382
2/28/2022,10061,8.273811
2/28/2022,10062,8.273802
2/28/2022,10063,8.273793
2/28/2022,10064,8.273784
2/28/2022,10065,8.273774
2/28/2022,10066,8.273765
2/28/2022,10067,8.273756
2/28/2022,10068,8.273747
2/28/2022,10069,8.273738
2/28/2022,10070,8.273729
2/28/2022,10071,8.27372
2/28/2022,10072,8.273711
2/28/2022,10073,8.273701
2/28/2022,10074,8.273692
2/28/2022,10075,8.273683
2/28/2022,10076,8.273674
2/28/2022,10077,8.273665
2/28/2022,10078,8.273656
2/28/2022,10079,8.273647
2/28/2022,10080,8.273638
2/28/2022,10081,8.273628
2/28/2022,10082,8.273619
2/28/2022,10083,8.27361
2/28/2022,10084,8.273601
2/28/2022,10085,8.273592
2/28/2022,10086,8.273583
2/28/2022,10087,8.273574
2/28/2022,10088,8.273565
2/28/2022,10089,8.273555
2/28/2022,10090,8.273546
2/28/2022,10091,8.273537
2/28/2022,10092,8.273528
2/28/2022,10093,8.273519
2/28/2022,10094,8.27351
2/28/2022,10095,8.273501
2/28/2022,10096,8.273492
2/28/2022,10097,8.273482
2/28/2022,10098,8.273473
2/28/2022,10099,8.273464
2/28/2022,10100,8.273455
2/28/2022,10101,8.273446
2/28/2022,10102,8.273437
2/28/2022,10103,8.273428
2/28/2022,10104,8.273418
2/28/2022,10105,8.273409
2/28/2022,10106,8.2734
2/28/2022,10107,8.273391
2/28/2022,10108,8.273382
2/28/2022,10109,8.273373
2/28/2022,10110,8.273364
2/28/2022,10111,8.273355
2/28/2022,10112,8.273345
2/28/2022,10113,8.273336
2/28/2022,10114,8.273327
2/28/2022,10115,8.273318
2/28/2022,10116,8.273309
2/28/2022,10117,8.2733
2/28/2022,10118,8.273291
2/28/2022,10119,8.273282
2/28/2022,10120,8.273272
2/28/2022,10121,8.273263
2/28/2022,10122,8.273254
2/28/2022,10123,8.273245
2/28/2022,10124,8.273236
2/28/2022,10125,8.273227
2/28/2022,10126,8.273218
2/28/2022,10127,8.273209
2/28/2022,10128,8.273199
2/28/2022,10129,8.27319
2/28/2022,10130,8.273181
2/28/2022,10131,8.273172
2/28/2022,10132,8.273163
2/28/2022,10133,8.273154
2/28/2022,10134,8.273145
2/28/2022,10135,8.273136
2/28/2022,10136,8.273126
2/28/2022,10137,8.273117
2/28/2022,10138,8.273108
2/28/2022,10139,8.273099
2/28/2022,10140,8.27309
2/28/2022,10141,8.273081
2/28/2022,10142,8.273072
2/28/2022,10143,8.273062
2/28/2022,10144,8.273053
2/28/2022,10145,8.273044
2/28/2022,10146,8.273035
2/28/2022,10147,8.273026
2/28/2022,10148,8.273017
2/28/2022,10149,8.273008
2/28/2022,10150,8.272999
2/28/2022,10151,8.272989
2/28/2022,10152,8.27298
2/28/2022,10153,8.272971
2/28/2022,10154,8.272962
2/28/2022,10155,8.272953
2/28/2022,10156,8.272944
2/28/2022,10157,8.272935
2/28/2022,10158,8.272926
2/28/2022,10159,8.272916
2/28/2022,10160,8.272907
2/28/2022,10161,8.272898
2/28/2022,10162,8.272889
2/28/2022,10163,8.27288
2/28/2022,10164,8.272871
2/28/2022,10165,8.272862
2/28/2022,10166,8.272853
2/28/2022,10167,8.272843
2/28/2022,10168,8.272834
2/28/2022,10169,8.272825
2/28/2022,10170,8.272816
2/28/2022,10171,8.272807
2/28/2022,10172,8.272798
2/28/2022,10173,8.272789
2/28/2022,10174,8.272779
2/28/2022,10175,8.27277
2/28/2022,10176,8.272761
2/28/2022,10177,8.272752
2/28/2022,10178,8.272743
2/28/2022,10179,8.272734
2/28/2022,10180,8.272725
2/28/2022,10181,8.272716
2/28/2022,10182,8.272706
2/28/2022,10183,8.272697
2/28/2022,10184,8.272688
2/28/2022,10185,8.272679
2/28/2022,10186,8.27267
2/28/2022,10187,8.272661
2/28/2022,10188,8.272652
2/28/2022,10189,8.272643
2/28/2022,10190,8.272633
2/28/2022,10191,8.272624
2/28/2022,10192,8.272615
2/28/2022,10193,8.272606
2/28/2022,10194,8.272597
2/28/2022,10195,8.272588
2/28/2022,10196,8.272579
2/28/2022,10197,8.27257
2/28/2022,10198,8.27256
2/28/2022,10199,8.272551
2/28/2022,10200,8.272542
2/28/2022,10201,8.272533
2/28/2022,10202,8.272524
2/28/2022,10203,8.272515
2/28/2022,10204,8.272506
2/28/2022,10205,8.272497
2/28/2022,10206,8.272487
2/28/2022,10207,8.272478
2/28/2022,10208,8.272469
2/28/2022,10209,8.27246
2/28/2022,10210,8.272451
2/28/2022,10211,8.272442
2/28/2022,10212,8.272433
2/28/2022,10213,8.272423
2/28/2022,10214,8.272414
2/28/2022,10215,8.272405
2/28/2022,10216,8.272396
2/28/2022,10217,8.272387
2/28/2022,10218,8.272378
2/28/2022,10219,8.272369
2/28/2022,10220,8.27236
2/28/2022,10221,8.27235
2/28/2022,10222,8.272341
2/28/2022,10223,8.272332
2/28/2022,10224,8.272323
2/28/2022,10225,8.272314
2/28/2022,10226,8.272305
2/28/2022,10227,8.272296
2/28/2022,10228,8.272287
2/28/2022,10229,8.272277
2/28/2022,10230,8.272268
2/28/2022,10231,8.272259
2/28/2022,10232,8.27225
2/28/2022,10233,8.272241
2/28/2022,10234,8.272232
2/28/2022,10235,8.272223
2/28/2022,10236,8.272214
2/28/2022,10237,8.272204
2/28/2022,10238,8.272195
2/28/2022,10239,8.272186
2/28/2022,10240,8.272177
2/28/2022,10241,8.272168
2/28/2022,10242,8.272159
2/28/2022,10243,8.27215
2/28/2022,10244,8.272141
2/28/2022,10245,8.272131
2/28/2022,10246,8.272122
2/28/2022,10247,8.272113
2/28/2022,10248,8.272104
2/28/2022,10249,8.272095
2/28/2022,10250,8.272086
2/28/2022,10251,8.272077
2/28/2022,10252,8.272067
2/28/2022,10253,8.272058
2/28/2022,10254,8.272049
2/28/2022,10255,8.27204
2/28/2022,10256,8.272031
2/28/2022,10257,8.272022
2/28/2022,10258,8.272013
2/28/2022,10259,8.272004
2/28/2022,10260,8.271994
2/28/2022,10261,8.271985
2/28/2022,10262,8.271976
2/28/2022,10263,8.271967
2/28/2022,10264,8.271958
2/28/2022,10265,8.271949
2/28/2022,10266,8.27194
2/28/2022,10267,8.271931
2/28/2022,10268,8.271921
2/28/2022,10269,8.271912
2/28/2022,10270,8.271903
2/28/2022,10271,8.271894
2/28/2022,10272,8.271885
2/28/2022,10273,8.271876
2/28/2022,10274,8.271867
2/28/2022,10275,8.271858
2/28/2022,10276,8.271848
2/28/2022,10277,8.271839
2/28/2022,10278,8.27183
2/28/2022,10279,8.271821
2/28/2022,10280,8.271812
2/28/2022,10281,8.271803
2/28/2022,10282,8.271794
2/28/2022,10283,8.271785
2/28/2022,10284,8.271775
2/28/2022,10285,8.271766
2/28/2022,10286,8.271757
2/28/2022,10287,8.271748
2/28/2022,10288,8.271739
2/28/2022,10289,8.27173
2/28/2022,10290,8.271721
2/28/2022,10291,8.271711
2/28/2022,10292,8.271702
2/28/2022,10293,8.271693
2/28/2022,10294,8.271684
2/28/2022,10295,8.271675
2/28/2022,10296,8.271666
2/28/2022,10297,8.271657
2/28/2022,10298,8.271648
2/28/2022,10299,8.271638
2/28/2022,10300,8.271629
2/28/2022,10301,8.27162
2/28/2022,10302,8.271611
2/28/2022,10303,8.271602
2/28/2022,10304,8.271593
2/28/2022,10305,8.271584
2/28/2022,10306,8.271575
2/28/2022,10307,8.271565
2/28/2022,10308,8.271556
2/28/2022,10309,8.271547
2/28/2022,10310,8.271538
2/28/2022,10311,8.271529
2/28/2022,10312,8.27152
2/28/2022,10313,8.271511
2/28/2022,10314,8.271502
2/28/2022,10315,8.271492
2/28/2022,10316,8.271483
2/28/2022,10317,8.271474
2/28/2022,10318,8.271465
2/28/2022,10319,8.271456
2/28/2022,10320,8.271447
2/28/2022,10321,8.271438
2/28/2022,10322,8.271429
2/28/2022,10323,8.271419
2/28/2022,10324,8.27141
2/28/2022,10325,8.271401
2/28/2022,10326,8.271392
2/28/2022,10327,8.271383
2/28/2022,10328,8.271374
2/28/2022,10329,8.271365
2/28/2022,10330,8.271355
2/28/2022,10331,8.271346
2/28/2022,10332,8.271337
2/28/2022,10333,8.271328
2/28/2022,10334,8.271319
2/28/2022,10335,8.27131
2/28/2022,10336,8.271301
2/28/2022,10337,8.271292
2/28/2022,10338,8.271282
2/28/2022,10339,8.271273
2/28/2022,10340,8.271264
2/28/2022,10341,8.271255
2/28/2022,10342,8.271246
2/28/2022,10343,8.271237
2/28/2022,10344,8.271228
2/28/2022,10345,8.271219
2/28/2022,10346,8.271209
2/28/2022,10347,8.2712
2/28/2022,10348,8.271191
2/28/2022,10349,8.271182
2/28/2022,10350,8.271173
2/28/2022,10351,8.271164
2/28/2022,10352,8.271155
2/28/2022,10353,8.271146
2/28/2022,10354,8.271136
2/28/2022,10355,8.271127
2/28/2022,10356,8.271118
2/28/2022,10357,8.271109
2/28/2022,10358,8.2711
2/28/2022,10359,8.271091
2/28/2022,10360,8.271082
2/28/2022,10361,8.271073
2/28/2022,10362,8.271063
2/28/2022,10363,8.271054
2/28/2022,10364,8.271045
2/28/2022,10365,8.271036
2/28/2022,10366,8.271027
2/28/2022,10367,8.271018
2/28/2022,10368,8.271009
2/28/2022,10369,8.270999
2/28/2022,10370,8.27099
2/28/2022,10371,8.270981
2/28/2022,10372,8.270972
2/28/2022,10373,8.270963
2/28/2022,10374,8.270954
2/28/2022,10375,8.270945
2/28/2022,10376,8.270936
2/28/2022,10377,8.270926
2/28/2022,10378,8.270917
2/28/2022,10379,8.270908
2/28/2022,10380,8.270899
2/28/2022,10381,8.27089
2/28/2022,10382,8.270881
2/28/2022,10383,8.270872
2/28/2022,10384,8.270863
2/28/2022,10385,8.270853
2/28/2022,10386,8.270844
2/28/2022,10387,8.270835
2/28/2022,10388,8.270826
2/28/2022,10389,8.270817
2/28/2022,10390,8.270808
2/28/2022,10391,8.270799
2/28/2022,10392,8.27079
2/28/2022,10393,8.27078
2/28/2022,10394,8.270771
2/28/2022,10395,8.270762
2/28/2022,10396,8.270753
2/28/2022,10397,8.270744
2/28/2022,10398,8.270735
2/28/2022,10399,8.270726
2/28/2022,10400,8.270716
2/28/2022,10401,8.270707
2/28/2022,10402,8.270698
2/28/2022,10403,8.270689
2/28/2022,10404,8.27068
2/28/2022,10405,8.270671
2/28/2022,10406,8.270662
2/28/2022,10407,8.270653
2/28/2022,10408,8.270643
2/28/2022,10409,8.270634
2/28/2022,10410,8.270625
2/28/2022,10411,8.270616
2/28/2022,10412,8.270607
2/28/2022,10413,8.270598
2/28/2022,10414,8.270589
2/28/2022,10415,8.27058
2/28/2022,10416,8.27057
2/28/2022,10417,8.270561
2/28/2022,10418,8.270552
2/28/2022,10419,8.270543
2/28/2022,10420,8.270534
2/28/2022,10421,8.270525
2/28/2022,10422,8.270516
2/28/2022,10423,8.270507
2/28/2022,10424,8.270497
2/28/2022,10425,8.270488
2/28/2022,10426,8.270479
2/28/2022,10427,8.27047
2/28/2022,10428,8.270461
2/28/2022,10429,8.270452
2/28/2022,10430,8.270443
2/28/2022,10431,8.270434
2/28/2022,10432,8.270424
2/28/2022,10433,8.270415
2/28/2022,10434,8.270406
2/28/2022,10435,8.270397
2/28/2022,10436,8.270388
2/28/2022,10437,8.270379
2/28/2022,10438,8.27037
2/28/2022,10439,8.27036
2/28/2022,10440,8.270351
2/28/2022,10441,8.270342
2/28/2022,10442,8.270333
2/28/2022,10443,8.270324
2/28/2022,10444,8.270315
2/28/2022,10445,8.270306
2/28/2022,10446,8.270297
2/28/2022,10447,8.270287
2/28/2022,10448,8.270278
2/28/2022,10449,8.270269
2/28/2022,10450,8.27026
2/28/2022,10451,8.270251
2/28/2022,10452,8.270242
2/28/2022,10453,8.270233
2/28/2022,10454,8.270224
2/28/2022,10455,8.270214
2/28/2022,10456,8.270205
2/28/2022,10457,8.270196
2/28/2022,10458,8.270187
2/28/2022,10459,8.270178
2/28/2022,10460,8.270169
2/28/2022,10461,8.27016
2/28/2022,10462,8.270151
2/28/2022,10463,8.270141
2/28/2022,10464,8.270132
2/28/2022,10465,8.270123
2/28/2022,10466,8.270114
2/28/2022,10467,8.270105
2/28/2022,10468,8.270096
2/28/2022,10469,8.270087
2/28/2022,10470,8.270078
2/28/2022,10471,8.270068
2/28/2022,10472,8.270059
2/28/2022,10473,8.27005
2/28/2022,10474,8.270041
2/28/2022,10475,8.270032
2/28/2022,10476,8.270023
2/28/2022,10477,8.270014
2/28/2022,10478,8.270004
2/28/2022,10479,8.269995
2/28/2022,10480,8.269986
2/28/2022,10481,8.269977
2/28/2022,10482,8.269968
2/28/2022,10483,8.269959
2/28/2022,10484,8.26995
2/28/2022,10485,8.269941
2/28/2022,10486,8.269931
2/28/2022,10487,8.269922
2/28/2022,10488,8.269913
2/28/2022,10489,8.269904
2/28/2022,10490,8.269895
2/28/2022,10491,8.269886
2/28/2022,10492,8.269877
2/28/2022,10493,8.269868
2/28/2022,10494,8.269858
2/28/2022,10495,8.269849
2/28/2022,10496,8.26984
2/28/2022,10497,8.269831
2/28/2022,10498,8.269822
2/28/2022,10499,8.269813
2/28/2022,10500,8.269804
2/28/2022,10501,8.269795
2/28/2022,10502,8.269785
2/28/2022,10503,8.269776
2/28/2022,10504,8.269767
2/28/2022,10505,8.269758
2/28/2022,10506,8.269749
2/28/2022,10507,8.26974
2/28/2022,10508,8.269731
2/28/2022,10509,8.269722
2/28/2022,10510,8.269712
2/28/2022,10511,8.269703
2/28/2022,10512,8.269694
2/28/2022,10513,8.269685
2/28/2022,10514,8.269676
2/28/2022,10515,8.269667
2/28/2022,10516,8.269658
2/28/2022,10517,8.269648
2/28/2022,10518,8.269639
2/28/2022,10519,8.26963
2/28/2022,10520,8.269621
2/28/2022,10521,8.269612
2/28/2022,10522,8.269603
2/28/2022,10523,8.269594
2/28/2022,10524,8.269585
2/28/2022,10525,8.269575
2/28/2022,10526,8.269566
2/28/2022,10527,8.269557
2/28/2022,10528,8.269548
2/28/2022,10529,8.269539
2/28/2022,10530,8.26953
2/28/2022,10531,8.269521
2/28/2022,10532,8.269512
2/28/2022,10533,8.269502
2/28/2022,10534,8.269493
2/28/2022,10535,8.269484
2/28/2022,10536,8.269475
2/28/2022,10537,8.269466
2/28/2022,10538,8.269457
2/28/2022,10539,8.269448
2/28/2022,10540,8.269439
2/28/2022,10541,8.269429
2/28/2022,10542,8.26942
2/28/2022,10543,8.269411
2/28/2022,10544,8.269402
2/28/2022,10545,8.269393
2/28/2022,10546,8.269384
2/28/2022,10547,8.269375
2/28/2022,10548,8.269366
2/28/2022,10549,8.269356
2/28/2022,10550,8.269347
2/28/2022,10551,8.269338
2/28/2022,10552,8.269329
2/28/2022,10553,8.26932
2/28/2022,10554,8.269311
2/28/2022,10555,8.269302
2/28/2022,10556,8.269292
2/28/2022,10557,8.269283
2/28/2022,10558,8.269274
2/28/2022,10559,8.269265
2/28/2022,10560,8.269256
2/28/2022,10561,8.269247
2/28/2022,10562,8.269238
2/28/2022,10563,8.269229
2/28/2022,10564,8.269219
2/28/2022,10565,8.26921
2/28/2022,10566,8.269201
2/28/2022,10567,8.269192
2/28/2022,10568,8.269183
2/28/2022,10569,8.269174
2/28/2022,10570,8.269165
2/28/2022,10571,8.269156
2/28/2022,10572,8.269146
2/28/2022,10573,8.269137
2/28/2022,10574,8.269128
2/28/2022,10575,8.269119
2/28/2022,10576,8.26911
2/28/2022,10577,8.269101
2/28/2022,10578,8.269092
2/28/2022,10579,8.269083
2/28/2022,10580,8.269073
2/28/2022,10581,8.269064
2/28/2022,10582,8.269055
2/28/2022,10583,8.269046
2/28/2022,10584,8.269037
2/28/2022,10585,8.269028
2/28/2022,10586,8.269019
2/28/2022,10587,8.26901
2/28/2022,10588,8.269
2/28/2022,10589,8.268991
2/28/2022,10590,8.268982
2/28/2022,10591,8.268973
2/28/2022,10592,8.268964
2/28/2022,10593,8.268955
2/28/2022,10594,8.268946
2/28/2022,10595,8.268936
2/28/2022,10596,8.268927
2/28/2022,10597,8.268918
2/28/2022,10598,8.268909
2/28/2022,10599,8.2689
2/28/2022,10600,8.268891
2/28/2022,10601,8.268882
2/28/2022,10602,8.268873
2/28/2022,10603,8.268863
2/28/2022,10604,8.268854
2/28/2022,10605,8.268845
2/28/2022,10606,8.268836
2/28/2022,10607,8.268827
2/28/2022,10608,8.268818
2/28/2022,10609,8.268809
2/28/2022,10610,8.2688
2/28/2022,10611,8.26879
2/28/2022,10612,8.268781
2/28/2022,10613,8.268772
2/28/2022,10614,8.268763
2/28/2022,10615,8.268754
2/28/2022,10616,8.268745
2/28/2022,10617,8.268736
2/28/2022,10618,8.268727
2/28/2022,10619,8.268717
2/28/2022,10620,8.268708
2/28/2022,10621,8.268699
2/28/2022,10622,8.26869
2/28/2022,10623,8.268681
2/28/2022,10624,8.268672
2/28/2022,10625,8.268663
2/28/2022,10626,8.268653
2/28/2022,10627,8.268644
2/28/2022,10628,8.268635
2/28/2022,10629,8.268626
2/28/2022,10630,8.268617
2/28/2022,10631,8.268608
2/28/2022,10632,8.268599
2/28/2022,10633,8.26859
2/28/2022,10634,8.26858
2/28/2022,10635,8.268571
2/28/2022,10636,8.268562
2/28/2022,10637,8.268553
2/28/2022,10638,8.268544
2/28/2022,10639,8.268535
2/28/2022,10640,8.268526
2/28/2022,10641,8.268517
2/28/2022,10642,8.268507
2/28/2022,10643,8.268498
2/28/2022,10644,8.268489
2/28/2022,10645,8.26848
2/28/2022,10646,8.268471
2/28/2022,10647,8.268462
2/28/2022,10648,8.268453
2/28/2022,10649,8.268444
2/28/2022,10650,8.268434
2/28/2022,10651,8.268425
2/28/2022,10652,8.268416
2/28/2022,10653,8.268407
2/28/2022,10654,8.268398
2/28/2022,10655,8.268389
2/28/2022,10656,8.26838
2/28/2022,10657,8.268371
2/28/2022,10658,8.268361
2/28/2022,10659,8.268352
2/28/2022,10660,8.268343
2/28/2022,10661,8.268334
2/28/2022,10662,8.268325
2/28/2022,10663,8.268316
2/28/2022,10664,8.268307
2/28/2022,10665,8.268297
2/28/2022,10666,8.268288
2/28/2022,10667,8.268279
2/28/2022,10668,8.26827
2/28/2022,10669,8.268261
2/28/2022,10670,8.268252
2/28/2022,10671,8.268243
2/28/2022,10672,8.268234
2/28/2022,10673,8.268224
2/28/2022,10674,8.268215
2/28/2022,10675,8.268206
2/28/2022,10676,8.268197
2/28/2022,10677,8.268188
2/28/2022,10678,8.268179
2/28/2022,10679,8.26817
2/28/2022,10680,8.268161
2/28/2022,10681,8.268151
2/28/2022,10682,8.268142
2/28/2022,10683,8.268133
2/28/2022,10684,8.268124
2/28/2022,10685,8.268115
2/28/2022,10686,8.268106
2/28/2022,10687,8.268097
2/28/2022,10688,8.268088
2/28/2022,10689,8.268078
2/28/2022,10690,8.268069
2/28/2022,10691,8.26806
2/28/2022,10692,8.268051
2/28/2022,10693,8.268042
2/28/2022,10694,8.268033
2/28/2022,10695,8.268024
2/28/2022,10696,8.268015
2/28/2022,10697,8.268005
2/28/2022,10698,8.267996
2/28/2022,10699,8.267987
2/28/2022,10700,8.267978
2/28/2022,10701,8.267969
2/28/2022,10702,8.26796
2/28/2022,10703,8.267951
2/28/2022,10704,8.267941
2/28/2022,10705,8.267932
2/28/2022,10706,8.267923
2/28/2022,10707,8.267914
2/28/2022,10708,8.267905
2/28/2022,10709,8.267896
2/28/2022,10710,8.267887
2/28/2022,10711,8.267878
2/28/2022,10712,8.267868
2/28/2022,10713,8.267859
2/28/2022,10714,8.26785
2/28/2022,10715,8.267841
2/28/2022,10716,8.267832
2/28/2022,10717,8.267823
2/28/2022,10718,8.267814
2/28/2022,10719,8.267805
2/28/2022,10720,8.267795
2/28/2022,10721,8.267786
2/28/2022,10722,8.267777
2/28/2022,10723,8.267768
2/28/2022,10724,8.267759
2/28/2022,10725,8.26775
2/28/2022,10726,8.267741
2/28/2022,10727,8.267732
2/28/2022,10728,8.267722
2/28/2022,10729,8.267713
2/28/2022,10730,8.267704
2/28/2022,10731,8.267695
2/28/2022,10732,8.267686
2/28/2022,10733,8.267677
2/28/2022,10734,8.267668
2/28/2022,10735,8.267659
2/28/2022,10736,8.267649
2/28/2022,10737,8.26764
2/28/2022,10738,8.267631
2/28/2022,10739,8.267622
2/28/2022,10740,8.267613
2/28/2022,10741,8.267604
2/28/2022,10742,8.267595
2/28/2022,10743,8.267585
2/28/2022,10744,8.267576
2/28/2022,10745,8.267567
2/28/2022,10746,8.267558
2/28/2022,10747,8.267549
2/28/2022,10748,8.26754
2/28/2022,10749,8.267531
2/28/2022,10750,8.267522
2/28/2022,10751,8.267512
2/28/2022,10752,8.267503
2/28/2022,10753,8.267494
2/28/2022,10754,8.267485
2/28/2022,10755,8.267476
2/28/2022,10756,8.267467
2/28/2022,10757,8.267458
2/28/2022,10758,8.267449
2/28/2022,10759,8.267439
2/28/2022,10760,8.26743
2/28/2022,10761,8.267421
2/28/2022,10762,8.267412
2/28/2022,10763,8.267403
2/28/2022,10764,8.267394
2/28/2022,10765,8.267385
2/28/2022,10766,8.267376
2/28/2022,10767,8.267366
2/28/2022,10768,8.267357
2/28/2022,10769,8.267348
2/28/2022,10770,8.267339
2/28/2022,10771,8.26733
2/28/2022,10772,8.267321
2/28/2022,10773,8.267312
2/28/2022,10774,8.267303
2/28/2022,10775,8.267293
2/28/2022,10776,8.267284
2/28/2022,10777,8.267275
2/28/2022,10778,8.267266
2/28/2022,10779,8.267257
2/28/2022,10780,8.267248
2/28/2022,10781,8.267239
2/28/2022,10782,8.267229
2/28/2022,10783,8.26722
2/28/2022,10784,8.267211
2/28/2022,10785,8.267202
2/28/2022,10786,8.267193
2/28/2022,10787,8.267184
2/28/2022,10788,8.267175
2/28/2022,10789,8.267166
2/28/2022,10790,8.267156
2/28/2022,10791,8.267147
2/28/2022,10792,8.267138
2/28/2022,10793,8.267129
2/28/2022,10794,8.26712
2/28/2022,10795,8.267111
2/28/2022,10796,8.267102
2/28/2022,10797,8.267093
2/28/2022,10798,8.267083
2/28/2022,10799,8.267074
2/28/2022,10800,8.267065
2/28/2022,10801,8.267056
2/28/2022,10802,8.267047
2/28/2022,10803,8.267038
2/28/2022,10804,8.267029
2/28/2022,10805,8.26702
2/28/2022,10806,8.26701
2/28/2022,10807,8.267001
2/28/2022,10808,8.266992
2/28/2022,10809,8.266983
2/28/2022,10810,8.266974
2/28/2022,10811,8.266965
2/28/2022,10812,8.266956
2/28/2022,10813,8.266947
2/28/2022,10814,8.266937
2/28/2022,10815,8.266928
2/28/2022,10816,8.266919
2/28/2022,10817,8.26691
2/28/2022,10818,8.266901
2/28/2022,10819,8.266892
2/28/2022,10820,8.266883
2/28/2022,10821,8.266873
2/28/2022,10822,8.266864
2/28/2022,10823,8.266855
2/28/2022,10824,8.266846
2/28/2022,10825,8.266837
2/28/2022,10826,8.266828
2/28/2022,10827,8.266819
2/28/2022,10828,8.26681
2/28/2022,10829,8.2668
2/28/2022,10830,8.266791
2/28/2022,10831,8.266782
2/28/2022,10832,8.266773
2/28/2022,10833,8.266764
2/28/2022,10834,8.266755
2/28/2022,10835,8.266746
2/28/2022,10836,8.266737
2/28/2022,10837,8.266727
2/28/2022,10838,8.266718
2/28/2022,10839,8.266709
2/28/2022,10840,8.2667
2/28/2022,10841,8.266691
2/28/2022,10842,8.266682
2/28/2022,10843,8.266673
2/28/2022,10844,8.266664
2/28/2022,10845,8.266654
2/28/2022,10846,8.266645
2/28/2022,10847,8.266636
2/28/2022,10848,8.266627
2/28/2022,10849,8.266618
2/28/2022,10850,8.266609
2/28/2022,10851,8.2666
2/28/2022,10852,8.26659
2/28/2022,10853,8.266581
2/28/2022,10854,8.266572
2/28/2022,10855,8.266563
2/28/2022,10856,8.266554
2/28/2022,10857,8.266545
2/28/2022,10858,8.266536
2/28/2022,10859,8.266527
2/28/2022,10860,8.266517
2/28/2022,10861,8.266508
2/28/2022,10862,8.266499
2/28/2022,10863,8.26649
2/28/2022,10864,8.266481
2/28/2022,10865,8.266472
2/28/2022,10866,8.266463
2/28/2022,10867,8.266454
2/28/2022,10868,8.266444
2/28/2022,10869,8.266435
2/28/2022,10870,8.266426
2/28/2022,10871,8.266417
2/28/2022,10872,8.266408
2/28/2022,10873,8.266399
2/28/2022,10874,8.26639
2/28/2022,10875,8.266381
2/28/2022,10876,8.266371
2/28/2022,10877,8.266362
2/28/2022,10878,8.266353
2/28/2022,10879,8.266344
2/28/2022,10880,8.266335
2/28/2022,10881,8.266326
2/28/2022,10882,8.266317
2/28/2022,10883,8.266308
2/28/2022,10884,8.266298
2/28/2022,10885,8.266289
2/28/2022,10886,8.26628
2/28/2022,10887,8.266271
2/28/2022,10888,8.266262
2/28/2022,10889,8.266253
2/28/2022,10890,8.266244
2/28/2022,10891,8.266234
2/28/2022,10892,8.266225
2/28/2022,10893,8.266216
2/28/2022,10894,8.266207
2/28/2022,10895,8.266198
2/28/2022,10896,8.266189
2/28/2022,10897,8.26618
2/28/2022,10898,8.266171
2/28/2022,10899,8.266161
2/28/2022,10900,8.266152
2/28/2022,10901,8.266143
2/28/2022,10902,8.266134
2/28/2022,10903,8.266125
2/28/2022,10904,8.266116
2/28/2022,10905,8.266107
2/28/2022,10906,8.266098
2/28/2022,10907,8.266088
2/28/2022,10908,8.266079
2/28/2022,10909,8.26607
2/28/2022,10910,8.266061
2/28/2022,10911,8.266052
2/28/2022,10912,8.266043
2/28/2022,10913,8.266034
2/28/2022,10914,8.266025
2/28/2022,10915,8.266015
2/28/2022,10916,8.266006
2/28/2022,10917,8.265997
2/28/2022,10918,8.265988
2/28/2022,10919,8.265979
2/28/2022,10920,8.26597
2/28/2022,10921,8.265961
2/28/2022,10922,8.265952
2/28/2022,10923,8.265942
2/28/2022,10924,8.265933
2/28/2022,10925,8.265924
2/28/2022,10926,8.265915
2/28/2022,10927,8.265906
2/28/2022,10928,8.265897
2/28/2022,10929,8.265888
2/28/2022,10930,8.265878
2/28/2022,10931,8.265869
2/28/2022,10932,8.26586
2/28/2022,10933,8.265851
2/28/2022,10934,8.265842
2/28/2022,10935,8.265833
2/28/2022,10936,8.265824
2/28/2022,10937,8.265815
2/28/2022,10938,8.265805
2/28/2022,10939,8.265796
2/28/2022,10940,8.265787
2/28/2022,10941,8.265778
2/28/2022,10942,8.265769
2/28/2022,10943,8.26576
2/28/2022,10944,8.265751
2/28/2022,10945,8.265742
2/28/2022,10946,8.265732
2/28/2022,10947,8.265723
2/28/2022,10948,8.265714
2/28/2022,10949,8.265705
2/28/2022,10950,8.265696
2/28/2022,10951,8.265687
2/28/2022,10952,8.265678
2/28/2022,10953,8.265669
2/28/2022,10954,8.265659
2/28/2022,10955,8.26565
2/28/2022,10956,8.265641
2/28/2022,10957,8.265632
2/28/2022,10958,8.265623
2/28/2022,10959,8.265614
2/28/2022,10960,8.265605
2/28/2022,10961,8.265596
2/28/2022,10962,8.265586
2/28/2022,10963,8.265577
2/28/2022,10964,8.265568
2/28/2022,10965,8.265559
2/28/2022,10966,8.26555
2/28/2022,10967,8.265541
2/28/2022,10968,8.265532
2/28/2022,10969,8.265522
2/28/2022,10970,8.265513
2/28/2022,10971,8.265504
2/28/2022,10972,8.265495
2/28/2022,10973,8.265486
2/28/2022,10974,8.265477
2/28/2022,10975,8.265468
2/28/2022,10976,8.265459
2/28/2022,10977,8.265449
2/28/2022,10978,8.26544
2/28/2022,10979,8.265431
2/28/2022,10980,8.265422
2/28/2022,10981,8.265413
2/28/2022,10982,8.265404
2/28/2022,10983,8.265395
2/28/2022,10984,8.265386
2/28/2022,10985,8.265376
2/28/2022,10986,8.265367
2/28/2022,10987,8.265358
2/28/2022,10988,8.265349
2/28/2022,10989,8.26534
2/28/2022,10990,8.265331
2/28/2022,10991,8.265322
2/28/2022,10992,8.265313
2/28/2022,10993,8.265303
2/28/2022,10994,8.265294
2/28/2022,10995,8.265285
2/28/2022,10996,8.265276
2/28/2022,10997,8.265267
2/28/2022,10998,8.265258
2/28/2022,10999,8.265249
2/28/2022,11000,8.26524
2/28/2022,11001,8.26523
2/28/2022,11002,8.265221
2/28/2022,11003,8.265212
2/28/2022,11004,8.265203
2/28/2022,11005,8.265194
2/28/2022,11006,8.265185
2/28/2022,11007,8.265176
2/28/2022,11008,8.265166
2/28/2022,11009,8.265157
2/28/2022,11010,8.265148
2/28/2022,11011,8.265139
2/28/2022,11012,8.26513
2/28/2022,11013,8.265121
2/28/2022,11014,8.265112
2/28/2022,11015,8.265103
2/28/2022,11016,8.265093
2/28/2022,11017,8.265084
2/28/2022,11018,8.265075
2/28/2022,11019,8.265066
2/28/2022,11020,8.265057
2/28/2022,11021,8.265048
2/28/2022,11022,8.265039
2/28/2022,11023,8.26503
2/28/2022,11024,8.26502
2/28/2022,11025,8.265011
2/28/2022,11026,8.265002
2/28/2022,11027,8.264993
2/28/2022,11028,8.264984
2/28/2022,11029,8.264975
2/28/2022,11030,8.264966
2/28/2022,11031,8.264957
2/28/2022,11032,8.264947
2/28/2022,11033,8.264938
2/28/2022,11034,8.264929
2/28/2022,11035,8.26492
2/28/2022,11036,8.264911
2/28/2022,11037,8.264902
2/28/2022,11038,8.264893
2/28/2022,11039,8.264884
2/28/2022,11040,8.264874
2/28/2022,11041,8.264865
2/28/2022,11042,8.264856
2/28/2022,11043,8.264847
2/28/2022,11044,8.264838
2/28/2022,11045,8.264829
2/28/2022,11046,8.26482
2/28/2022,11047,8.26481
2/28/2022,11048,8.264801
2/28/2022,11049,8.264792
2/28/2022,11050,8.264783
2/28/2022,11051,8.264774
2/28/2022,11052,8.264765
2/28/2022,11053,8.264756
2/28/2022,11054,8.264747
2/28/2022,11055,8.264737
2/28/2022,11056,8.264728
2/28/2022,11057,8.264719
2/28/2022,11058,8.26471
2/28/2022,11059,8.264701
2/28/2022,11060,8.264692
2/28/2022,11061,8.264683
2/28/2022,11062,8.264674
2/28/2022,11063,8.264664
2/28/2022,11064,8.264655
2/28/2022,11065,8.264646
2/28/2022,11066,8.264637
2/28/2022,11067,8.264628
2/28/2022,11068,8.264619
2/28/2022,11069,8.26461
2/28/2022,11070,8.264601
2/28/2022,11071,8.264591
2/28/2022,11072,8.264582
2/28/2022,11073,8.264573
2/28/2022,11074,8.264564
2/28/2022,11075,8.264555
2/28/2022,11076,8.264546
2/28/2022,11077,8.264537
2/28/2022,11078,8.264527
2/28/2022,11079,8.264518
2/28/2022,11080,8.264509
2/28/2022,11081,8.2645
2/28/2022,11082,8.264491
2/28/2022,11083,8.264482
2/28/2022,11084,8.264473
2/28/2022,11085,8.264464
2/28/2022,11086,8.264454
2/28/2022,11087,8.264445
2/28/2022,11088,8.264436
2/28/2022,11089,8.264427
2/28/2022,11090,8.264418
2/28/2022,11091,8.264409
2/28/2022,11092,8.2644
2/28/2022,11093,8.264391
2/28/2022,11094,8.264381
2/28/2022,11095,8.264372
2/28/2022,11096,8.264363
2/28/2022,11097,8.264354
2/28/2022,11098,8.264345
2/28/2022,11099,8.264336
2/28/2022,11100,8.264327
2/28/2022,11101,8.264318
2/28/2022,11102,8.264308
2/28/2022,11103,8.264299
2/28/2022,11104,8.26429
2/28/2022,11105,8.264281
2/28/2022,11106,8.264272
2/28/2022,11107,8.264263
2/28/2022,11108,8.264254
2/28/2022,11109,8.264245
2/28/2022,11110,8.264235
2/28/2022,11111,8.264226
2/28/2022,11112,8.264217
2/28/2022,11113,8.264208
2/28/2022,11114,8.264199
2/28/2022,11115,8.26419
2/28/2022,11116,8.264181
2/28/2022,11117,8.264171
2/28/2022,11118,8.264162
2/28/2022,11119,8.264153
2/28/2022,11120,8.264144
2/28/2022,11121,8.264135
2/28/2022,11122,8.264126
2/28/2022,11123,8.264117
2/28/2022,11124,8.264108
2/28/2022,11125,8.264098
2/28/2022,11126,8.264089
2/28/2022,11127,8.26408
2/28/2022,11128,8.264071
2/28/2022,11129,8.264062
2/28/2022,11130,8.264053
2/28/2022,11131,8.264044
2/28/2022,11132,8.264035
2/28/2022,11133,8.264025
2/28/2022,11134,8.264016
2/28/2022,11135,8.264007
2/28/2022,11136,8.263998
2/28/2022,11137,8.263989
2/28/2022,11138,8.26398
2/28/2022,11139,8.263971
2/28/2022,11140,8.263962
2/28/2022,11141,8.263952
2/28/2022,11142,8.263943
2/28/2022,11143,8.263934
2/28/2022,11144,8.263925
2/28/2022,11145,8.263916
2/28/2022,11146,8.263907
2/28/2022,11147,8.263898
2/28/2022,11148,8.263889
2/28/2022,11149,8.263879
2/28/2022,11150,8.26387
2/28/2022,11151,8.263861
2/28/2022,11152,8.263852
2/28/2022,11153,8.263843
2/28/2022,11154,8.263834
2/28/2022,11155,8.263825
2/28/2022,11156,8.263815
2/28/2022,11157,8.263806
2/28/2022,11158,8.263797
2/28/2022,11159,8.263788
2/28/2022,11160,8.263779
2/28/2022,11161,8.26377
2/28/2022,11162,8.263761
2/28/2022,11163,8.263752
2/28/2022,11164,8.263742
2/28/2022,11165,8.263733
2/28/2022,11166,8.263724
2/28/2022,11167,8.263715
2/28/2022,11168,8.263706
2/28/2022,11169,8.263697
2/28/2022,11170,8.263688
2/28/2022,11171,8.263679
2/28/2022,11172,8.263669
2/28/2022,11173,8.26366
2/28/2022,11174,8.263651
2/28/2022,11175,8.263642
2/28/2022,11176,8.263633
2/28/2022,11177,8.263624
2/28/2022,11178,8.263615
2/28/2022,11179,8.263606
2/28/2022,11180,8.263596
2/28/2022,11181,8.263587
2/28/2022,11182,8.263578
2/28/2022,11183,8.263569
2/28/2022,11184,8.26356
2/28/2022,11185,8.263551
2/28/2022,11186,8.263542
2/28/2022,11187,8.263533
2/28/2022,11188,8.263523
2/28/2022,11189,8.263514
2/28/2022,11190,8.263505
2/28/2022,11191,8.263496
2/28/2022,11192,8.263487
2/28/2022,11193,8.263478
2/28/2022,11194,8.263469
2/28/2022,11195,8.263459
2/28/2022,11196,8.26345
2/28/2022,11197,8.263441
2/28/2022,11198,8.263432
2/28/2022,11199,8.263423
2/28/2022,11200,8.263414
2/28/2022,11201,8.263405
2/28/2022,11202,8.263396
2/28/2022,11203,8.263386
2/28/2022,11204,8.263377
2/28/2022,11205,8.263368
2/28/2022,11206,8.263359
2/28/2022,11207,8.26335
2/28/2022,11208,8.263341
2/28/2022,11209,8.263332
2/28/2022,11210,8.263323
2/28/2022,11211,8.263313
2/28/2022,11212,8.263304
2/28/2022,11213,8.263295
2/28/2022,11214,8.263286
2/28/2022,11215,8.263277
2/28/2022,11216,8.263268
2/28/2022,11217,8.263259
2/28/2022,11218,8.26325
2/28/2022,11219,8.26324
2/28/2022,11220,8.263231
2/28/2022,11221,8.263222
2/28/2022,11222,8.263213
2/28/2022,11223,8.263204
2/28/2022,11224,8.263195
2/28/2022,11225,8.263186
2/28/2022,11226,8.263177
2/28/2022,11227,8.263167
2/28/2022,11228,8.263158
2/28/2022,11229,8.263149
2/28/2022,11230,8.26314
2/28/2022,11231,8.263131
2/28/2022,11232,8.263122
2/28/2022,11233,8.263113
2/28/2022,11234,8.263103
2/28/2022,11235,8.263094
2/28/2022,11236,8.263085
2/28/2022,11237,8.263076
2/28/2022,11238,8.263067
2/28/2022,11239,8.263058
2/28/2022,11240,8.263049
2/28/2022,11241,8.26304
2/28/2022,11242,8.26303
2/28/2022,11243,8.263021
2/28/2022,11244,8.263012
2/28/2022,11245,8.263003
2/28/2022,11246,8.262994
2/28/2022,11247,8.262985
2/28/2022,11248,8.262976
2/28/2022,11249,8.262967
2/28/2022,11250,8.262957
2/28/2022,11251,8.262948
2/28/2022,11252,8.262939
2/28/2022,11253,8.26293
2/28/2022,11254,8.262921
2/28/2022,11255,8.262912
2/28/2022,11256,8.262903
2/28/2022,11257,8.262894
2/28/2022,11258,8.262884
2/28/2022,11259,8.262875
2/28/2022,11260,8.262866
2/28/2022,11261,8.262857
2/28/2022,11262,8.262848
2/28/2022,11263,8.262839
2/28/2022,11264,8.26283
2/28/2022,11265,8.26282
2/28/2022,11266,8.262811
2/28/2022,11267,8.262802
2/28/2022,11268,8.262793
2/28/2022,11269,8.262784
2/28/2022,11270,8.262775
2/28/2022,11271,8.262766
2/28/2022,11272,8.262757
2/28/2022,11273,8.262747
2/28/2022,11274,8.262738
2/28/2022,11275,8.262729
2/28/2022,11276,8.26272
2/28/2022,11277,8.262711
2/28/2022,11278,8.262702
2/28/2022,11279,8.262693
2/28/2022,11280,8.262684
2/28/2022,11281,8.262674
2/28/2022,11282,8.262665
2/28/2022,11283,8.262656
2/28/2022,11284,8.262647
2/28/2022,11285,8.262638
2/28/2022,11286,8.262629
2/28/2022,11287,8.26262
2/28/2022,11288,8.262611
2/28/2022,11289,8.262601
2/28/2022,11290,8.262592
2/28/2022,11291,8.262583
2/28/2022,11292,8.262574
2/28/2022,11293,8.262565
2/28/2022,11294,8.262556
2/28/2022,11295,8.262547
2/28/2022,11296,8.262538
2/28/2022,11297,8.262528
2/28/2022,11298,8.262519
2/28/2022,11299,8.26251
2/28/2022,11300,8.262501
2/28/2022,11301,8.262492
2/28/2022,11302,8.262483
2/28/2022,11303,8.262474
2/28/2022,11304,8.262464
2/28/2022,11305,8.262455
2/28/2022,11306,8.262446
2/28/2022,11307,8.262437
2/28/2022,11308,8.262428
2/28/2022,11309,8.262419
2/28/2022,11310,8.26241
2/28/2022,11311,8.262401
2/28/2022,11312,8.262391
2/28/2022,11313,8.262382
2/28/2022,11314,8.262373
2/28/2022,11315,8.262364
2/28/2022,11316,8.262355
2/28/2022,11317,8.262346
2/28/2022,11318,8.262337
2/28/2022,11319,8.262328
2/28/2022,11320,8.262318
2/28/2022,11321,8.262309
2/28/2022,11322,8.2623
2/28/2022,11323,8.262291
2/28/2022,11324,8.262282
2/28/2022,11325,8.262273
2/28/2022,11326,8.262264
2/28/2022,11327,8.262255
2/28/2022,11328,8.262245
2/28/2022,11329,8.262236
2/28/2022,11330,8.262227
2/28/2022,11331,8.262218
2/28/2022,11332,8.262209
2/28/2022,11333,8.2622
2/28/2022,11334,8.262191
2/28/2022,11335,8.262182
2/28/2022,11336,8.262172
2/28/2022,11337,8.262163
2/28/2022,11338,8.262154
2/28/2022,11339,8.262145
2/28/2022,11340,8.262136
2/28/2022,11341,8.262127
2/28/2022,11342,8.262118
2/28/2022,11343,8.262108
2/28/2022,11344,8.262099
2/28/2022,11345,8.26209
2/28/2022,11346,8.262081
2/28/2022,11347,8.262072
2/28/2022,11348,8.262063
2/28/2022,11349,8.262054
2/28/2022,11350,8.262045
2/28/2022,11351,8.262035
2/28/2022,11352,8.262026
2/28/2022,11353,8.262017
2/28/2022,11354,8.262008
2/28/2022,11355,8.261999
2/28/2022,11356,8.26199
2/28/2022,11357,8.261981
2/28/2022,11358,8.261972
2/28/2022,11359,8.261962
2/28/2022,11360,8.261953
2/28/2022,11361,8.261944
2/28/2022,11362,8.261935
2/28/2022,11363,8.261926
2/28/2022,11364,8.261917
2/28/2022,11365,8.261908
2/28/2022,11366,8.261899
2/28/2022,11367,8.261889
2/28/2022,11368,8.26188
2/28/2022,11369,8.261871
2/28/2022,11370,8.261862
2/28/2022,11371,8.261853
2/28/2022,11372,8.261844
2/28/2022,11373,8.261835
2/28/2022,11374,8.261826
2/28/2022,11375,8.261816
2/28/2022,11376,8.261807
2/28/2022,11377,8.261798
2/28/2022,11378,8.261789
2/28/2022,11379,8.26178
2/28/2022,11380,8.261771
2/28/2022,11381,8.261762
2/28/2022,11382,8.261752
2/28/2022,11383,8.261743
2/28/2022,11384,8.261734
2/28/2022,11385,8.261725
2/28/2022,11386,8.261716
2/28/2022,11387,8.261707
2/28/2022,11388,8.261698
2/28/2022,11389,8.261689
2/28/2022,11390,8.261679
2/28/2022,11391,8.26167
2/28/2022,11392,8.261661
2/28/2022,11393,8.261652
2/28/2022,11394,8.261643
2/28/2022,11395,8.261634
2/28/2022,11396,8.261625
2/28/2022,11397,8.261616
2/28/2022,11398,8.261606
2/28/2022,11399,8.261597
2/28/2022,11400,8.261588
2/28/2022,11401,8.261579
2/28/2022,11402,8.26157
2/28/2022,11403,8.261561
2/28/2022,11404,8.261552
2/28/2022,11405,8.261543
2/28/2022,11406,8.261533
2/28/2022,11407,8.261524
2/28/2022,11408,8.261515
2/28/2022,11409,8.261506
2/28/2022,11410,8.261497
2/28/2022,11411,8.261488
2/28/2022,11412,8.261479
2/28/2022,11413,8.26147
2/28/2022,11414,8.26146
2/28/2022,11415,8.261451
2/28/2022,11416,8.261442
2/28/2022,11417,8.261433
2/28/2022,11418,8.261424
2/28/2022,11419,8.261415
2/28/2022,11420,8.261406
2/28/2022,11421,8.261396
2/28/2022,11422,8.261387
2/28/2022,11423,8.261378
2/28/2022,11424,8.261369
2/28/2022,11425,8.26136
2/28/2022,11426,8.261351
2/28/2022,11427,8.261342
2/28/2022,11428,8.261333
2/28/2022,11429,8.261323
2/28/2022,11430,8.261314
2/28/2022,11431,8.261305
2/28/2022,11432,8.261296
2/28/2022,11433,8.261287
2/28/2022,11434,8.261278
2/28/2022,11435,8.261269
2/28/2022,11436,8.26126
2/28/2022,11437,8.26125
2/28/2022,11438,8.261241
2/28/2022,11439,8.261232
2/28/2022,11440,8.261223
2/28/2022,11441,8.261214
2/28/2022,11442,8.261205
2/28/2022,11443,8.261196
2/28/2022,11444,8.261187
2/28/2022,11445,8.261177
2/28/2022,11446,8.261168
2/28/2022,11447,8.261159
2/28/2022,11448,8.26115
2/28/2022,11449,8.261141
2/28/2022,11450,8.261132
2/28/2022,11451,8.261123
2/28/2022,11452,8.261114
2/28/2022,11453,8.261104
2/28/2022,11454,8.261095
2/28/2022,11455,8.261086
2/28/2022,11456,8.261077
2/28/2022,11457,8.261068
2/28/2022,11458,8.261059
2/28/2022,11459,8.26105
2/28/2022,11460,8.26104
2/28/2022,11461,8.261031
2/28/2022,11462,8.261022
2/28/2022,11463,8.261013
2/28/2022,11464,8.261004
2/28/2022,11465,8.260995
2/28/2022,11466,8.260986
2/28/2022,11467,8.260977
2/28/2022,11468,8.260967
2/28/2022,11469,8.260958
2/28/2022,11470,8.260949
2/28/2022,11471,8.26094
2/28/2022,11472,8.260931
2/28/2022,11473,8.260922
2/28/2022,11474,8.260913
2/28/2022,11475,8.260904
2/28/2022,11476,8.260894
2/28/2022,11477,8.260885
2/28/2022,11478,8.260876
2/28/2022,11479,8.260867
2/28/2022,11480,8.260858
2/28/2022,11481,8.260849
2/28/2022,11482,8.26084
2/28/2022,11483,8.260831
2/28/2022,11484,8.260821
2/28/2022,11485,8.260812
2/28/2022,11486,8.260803
2/28/2022,11487,8.260794
2/28/2022,11488,8.260785
2/28/2022,11489,8.260776
2/28/2022,11490,8.260767
2/28/2022,11491,8.260757
2/28/2022,11492,8.260748
2/28/2022,11493,8.260739
2/28/2022,11494,8.26073
2/28/2022,11495,8.260721
2/28/2022,11496,8.260712
2/28/2022,11497,8.260703
2/28/2022,11498,8.260694
2/28/2022,11499,8.260684
2/28/2022,11500,8.260675
2/28/2022,11501,8.260666
2/28/2022,11502,8.260657
2/28/2022,11503,8.260648
2/28/2022,11504,8.260639
2/28/2022,11505,8.26063
2/28/2022,11506,8.260621
2/28/2022,11507,8.260611
2/28/2022,11508,8.260602
2/28/2022,11509,8.260593
2/28/2022,11510,8.260584
2/28/2022,11511,8.260575
2/28/2022,11512,8.260566
2/28/2022,11513,8.260557
2/28/2022,11514,8.260548
2/28/2022,11515,8.260538
2/28/2022,11516,8.260529
2/28/2022,11517,8.26052
2/28/2022,11518,8.260511
2/28/2022,11519,8.260502
2/28/2022,11520,8.260493
2/28/2022,11521,8.260484
2/28/2022,11522,8.260475
2/28/2022,11523,8.260465
2/28/2022,11524,8.260456
2/28/2022,11525,8.260447
2/28/2022,11526,8.260438
2/28/2022,11527,8.260429
2/28/2022,11528,8.26042
2/28/2022,11529,8.260411
2/28/2022,11530,8.260401
2/28/2022,11531,8.260392
2/28/2022,11532,8.260383
2/28/2022,11533,8.260374
2/28/2022,11534,8.260365
2/28/2022,11535,8.260356
2/28/2022,11536,8.260347
2/28/2022,11537,8.260338
2/28/2022,11538,8.260328
2/28/2022,11539,8.260319
2/28/2022,11540,8.26031
2/28/2022,11541,8.260301
2/28/2022,11542,8.260292
2/28/2022,11543,8.260283
2/28/2022,11544,8.260274
2/28/2022,11545,8.260265
2/28/2022,11546,8.260255
2/28/2022,11547,8.260246
2/28/2022,11548,8.260237
2/28/2022,11549,8.260228
2/28/2022,11550,8.260219
2/28/2022,11551,8.26021
2/28/2022,11552,8.260201
2/28/2022,11553,8.260192
2/28/2022,11554,8.260182
2/28/2022,11555,8.260173
2/28/2022,11556,8.260164
2/28/2022,11557,8.260155
2/28/2022,11558,8.260146
2/28/2022,11559,8.260137
2/28/2022,11560,8.260128
2/28/2022,11561,8.260119
2/28/2022,11562,8.260109
2/28/2022,11563,8.2601
2/28/2022,11564,8.260091
2/28/2022,11565,8.260082
2/28/2022,11566,8.260073
2/28/2022,11567,8.260064
2/28/2022,11568,8.260055
2/28/2022,11569,8.260045
2/28/2022,11570,8.260036
2/28/2022,11571,8.260027
2/28/2022,11572,8.260018
2/28/2022,11573,8.260009
2/28/2022,11574,8.26
2/28/2022,11575,8.259991
2/28/2022,11576,8.259982
2/28/2022,11577,8.259972
2/28/2022,11578,8.259963
2/28/2022,11579,8.259954
2/28/2022,11580,8.259945
2/28/2022,11581,8.259936
2/28/2022,11582,8.259927
2/28/2022,11583,8.259918
2/28/2022,11584,8.259909
2/28/2022,11585,8.259899
2/28/2022,11586,8.25989
2/28/2022,11587,8.259881
2/28/2022,11588,8.259872
2/28/2022,11589,8.259863
2/28/2022,11590,8.259854
2/28/2022,11591,8.259845
2/28/2022,11592,8.259836
2/28/2022,11593,8.259826
2/28/2022,11594,8.259817
2/28/2022,11595,8.259808
2/28/2022,11596,8.259799
2/28/2022,11597,8.25979
2/28/2022,11598,8.259781
2/28/2022,11599,8.259772
2/28/2022,11600,8.259763
2/28/2022,11601,8.259753
2/28/2022,11602,8.259744
2/28/2022,11603,8.259735
2/28/2022,11604,8.259726
2/28/2022,11605,8.259717
2/28/2022,11606,8.259708
2/28/2022,11607,8.259699
2/28/2022,11608,8.259689
2/28/2022,11609,8.25968
2/28/2022,11610,8.259671
2/28/2022,11611,8.259662
2/28/2022,11612,8.259653
2/28/2022,11613,8.259644
2/28/2022,11614,8.259635
2/28/2022,11615,8.259626
2/28/2022,11616,8.259616
2/28/2022,11617,8.259607
2/28/2022,11618,8.259598
2/28/2022,11619,8.259589
2/28/2022,11620,8.25958
2/28/2022,11621,8.259571
2/28/2022,11622,8.259562
2/28/2022,11623,8.259553
2/28/2022,11624,8.259543
2/28/2022,11625,8.259534
2/28/2022,11626,8.259525
2/28/2022,11627,8.259516
2/28/2022,11628,8.259507
2/28/2022,11629,8.259498
2/28/2022,11630,8.259489
2/28/2022,11631,8.25948
2/28/2022,11632,8.25947
2/28/2022,11633,8.259461
2/28/2022,11634,8.259452
2/28/2022,11635,8.259443
2/28/2022,11636,8.259434
2/28/2022,11637,8.259425
2/28/2022,11638,8.259416
2/28/2022,11639,8.259407
2/28/2022,11640,8.259397
2/28/2022,11641,8.259388
2/28/2022,11642,8.259379
2/28/2022,11643,8.25937
2/28/2022,11644,8.259361
2/28/2022,11645,8.259352
2/28/2022,11646,8.259343
2/28/2022,11647,8.259333
2/28/2022,11648,8.259324
2/28/2022,11649,8.259315
2/28/2022,11650,8.259306
2/28/2022,11651,8.259297
2/28/2022,11652,8.259288
2/28/2022,11653,8.259279
2/28/2022,11654,8.25927
2/28/2022,11655,8.25926
2/28/2022,11656,8.259251
2/28/2022,11657,8.259242
2/28/2022,11658,8.259233
2/28/2022,11659,8.259224
2/28/2022,11660,8.259215
2/28/2022,11661,8.259206
2/28/2022,11662,8.259197
2/28/2022,11663,8.259187
2/28/2022,11664,8.259178
2/28/2022,11665,8.259169
2/28/2022,11666,8.25916
2/28/2022,11667,8.259151
2/28/2022,11668,8.259142
2/28/2022,11669,8.259133
2/28/2022,11670,8.259124
2/28/2022,11671,8.259114
2/28/2022,11672,8.259105
2/28/2022,11673,8.259096
2/28/2022,11674,8.259087
2/28/2022,11675,8.259078
2/28/2022,11676,8.259069
2/28/2022,11677,8.25906
2/28/2022,11678,8.259051
2/28/2022,11679,8.259041
2/28/2022,11680,8.259032
2/28/2022,11681,8.259023
2/28/2022,11682,8.259014
2/28/2022,11683,8.259005
2/28/2022,11684,8.258996
2/28/2022,11685,8.258987
2/28/2022,11686,8.258977
2/28/2022,11687,8.258968
2/28/2022,11688,8.258959
2/28/2022,11689,8.25895
2/28/2022,11690,8.258941
2/28/2022,11691,8.258932
2/28/2022,11692,8.258923
2/28/2022,11693,8.258914
2/28/2022,11694,8.258904
2/28/2022,11695,8.258895
2/28/2022,11696,8.258886
2/28/2022,11697,8.258877
2/28/2022,11698,8.258868
2/28/2022,11699,8.258859
2/28/2022,11700,8.25885
2/28/2022,11701,8.258841
2/28/2022,11702,8.258831
2/28/2022,11703,8.258822
2/28/2022,11704,8.258813
2/28/2022,11705,8.258804
2/28/2022,11706,8.258795
2/28/2022,11707,8.258786
2/28/2022,11708,8.258777
2/28/2022,11709,8.258768
2/28/2022,11710,8.258758
2/28/2022,11711,8.258749
2/28/2022,11712,8.25874
2/28/2022,11713,8.258731
2/28/2022,11714,8.258722
2/28/2022,11715,8.258713
2/28/2022,11716,8.258704
2/28/2022,11717,8.258694
2/28/2022,11718,8.258685
2/28/2022,11719,8.258676
2/28/2022,11720,8.258667
2/28/2022,11721,8.258658
2/28/2022,11722,8.258649
2/28/2022,11723,8.25864
2/28/2022,11724,8.258631
2/28/2022,11725,8.258621
2/28/2022,11726,8.258612
2/28/2022,11727,8.258603
2/28/2022,11728,8.258594
2/28/2022,11729,8.258585
2/28/2022,11730,8.258576
2/28/2022,11731,8.258567
2/28/2022,11732,8.258558
2/28/2022,11733,8.258548
2/28/2022,11734,8.258539
2/28/2022,11735,8.25853
2/28/2022,11736,8.258521
2/28/2022,11737,8.258512
2/28/2022,11738,8.258503
2/28/2022,11739,8.258494
2/28/2022,11740,8.258485
2/28/2022,11741,8.258475
2/28/2022,11742,8.258466
2/28/2022,11743,8.258457
2/28/2022,11744,8.258448
2/28/2022,11745,8.258439
2/28/2022,11746,8.25843
2/28/2022,11747,8.258421
2/28/2022,11748,8.258412
2/28/2022,11749,8.258402
2/28/2022,11750,8.258393
2/28/2022,11751,8.258384
2/28/2022,11752,8.258375
2/28/2022,11753,8.258366
2/28/2022,11754,8.258357
2/28/2022,11755,8.258348
2/28/2022,11756,8.258338
2/28/2022,11757,8.258329
2/28/2022,11758,8.25832
2/28/2022,11759,8.258311
2/28/2022,11760,8.258302
2/28/2022,11761,8.258293
2/28/2022,11762,8.258284
2/28/2022,11763,8.258275
2/28/2022,11764,8.258265
2/28/2022,11765,8.258256
2/28/2022,11766,8.258247
2/28/2022,11767,8.258238
2/28/2022,11768,8.258229
2/28/2022,11769,8.25822
2/28/2022,11770,8.258211
2/28/2022,11771,8.258202
2/28/2022,11772,8.258192
2/28/2022,11773,8.258183
2/28/2022,11774,8.258174
2/28/2022,11775,8.258165
2/28/2022,11776,8.258156
2/28/2022,11777,8.258147
2/28/2022,11778,8.258138
2/28/2022,11779,8.258129
2/28/2022,11780,8.258119
2/28/2022,11781,8.25811
2/28/2022,11782,8.258101
2/28/2022,11783,8.258092
2/28/2022,11784,8.258083
2/28/2022,11785,8.258074
2/28/2022,11786,8.258065
2/28/2022,11787,8.258056
2/28/2022,11788,8.258046
2/28/2022,11789,8.258037
2/28/2022,11790,8.258028
2/28/2022,11791,8.258019
2/28/2022,11792,8.25801
2/28/2022,11793,8.258001
2/28/2022,11794,8.257992
2/28/2022,11795,8.257982
2/28/2022,11796,8.257973
2/28/2022,11797,8.257964
2/28/2022,11798,8.257955
2/28/2022,11799,8.257946
2/28/2022,11800,8.257937
2/28/2022,11801,8.257928
2/28/2022,11802,8.257919
2/28/2022,11803,8.257909
2/28/2022,11804,8.2579
2/28/2022,11805,8.257891
2/28/2022,11806,8.257882
2/28/2022,11807,8.257873
2/28/2022,11808,8.257864
2/28/2022,11809,8.257855
2/28/2022,11810,8.257846
2/28/2022,11811,8.257836
2/28/2022,11812,8.257827
2/28/2022,11813,8.257818
2/28/2022,11814,8.257809
2/28/2022,11815,8.2578
2/28/2022,11816,8.257791
2/28/2022,11817,8.257782
2/28/2022,11818,8.257773
2/28/2022,11819,8.257763
2/28/2022,11820,8.257754
2/28/2022,11821,8.257745
2/28/2022,11822,8.257736
2/28/2022,11823,8.257727
2/28/2022,11824,8.257718
2/28/2022,11825,8.257709
2/28/2022,11826,8.2577
2/28/2022,11827,8.25769
2/28/2022,11828,8.257681
2/28/2022,11829,8.257672
2/28/2022,11830,8.257663
2/28/2022,11831,8.257654
2/28/2022,11832,8.257645
2/28/2022,11833,8.257636
2/28/2022,11834,8.257626
2/28/2022,11835,8.257617
2/28/2022,11836,8.257608
2/28/2022,11837,8.257599
2/28/2022,11838,8.25759
2/28/2022,11839,8.257581
2/28/2022,11840,8.257572
