FECHA,PLAZO,VALOR
10/31/2017,1,7.112201
10/31/2017,2,7.115636167
10/31/2017,3,7.119071333
10/31/2017,4,7.1225065
10/31/2017,5,7.125941667
10/31/2017,6,7.129376833
10/31/2017,7,7.132812
10/31/2017,8,7.132556333
10/31/2017,9,7.132300667
10/31/2017,10,7.132045
10/31/2017,11,7.131789333
10/31/2017,12,7.131533667
10/31/2017,13,7.131278
10/31/2017,14,7.131022333
10/31/2017,15,7.130766667
10/31/2017,16,7.130511
10/31/2017,17,7.130255333
10/31/2017,18,7.129999667
10/31/2017,19,7.129744
10/31/2017,20,7.129488333
10/31/2017,21,7.129232667
10/31/2017,22,7.128977
10/31/2017,23,7.128721333
10/31/2017,24,7.128465667
10/31/2017,25,7.12821
10/31/2017,26,7.127954333
10/31/2017,27,7.127698667
10/31/2017,28,7.127443
10/31/2017,29,7.128504411
10/31/2017,30,7.129565821
10/31/2017,31,7.130627232
10/31/2017,32,7.131688643
10/31/2017,33,7.132750054
10/31/2017,34,7.133811464
10/31/2017,35,7.134872875
10/31/2017,36,7.135934286
10/31/2017,37,7.136995696
10/31/2017,38,7.138057107
10/31/2017,39,7.139118518
10/31/2017,40,7.140179929
10/31/2017,41,7.141241339
10/31/2017,42,7.14230275
10/31/2017,43,7.143364161
10/31/2017,44,7.144425571
10/31/2017,45,7.145486982
10/31/2017,46,7.146548393
10/31/2017,47,7.147609804
10/31/2017,48,7.148671214
10/31/2017,49,7.149732625
10/31/2017,50,7.150794036
10/31/2017,51,7.151855446
10/31/2017,52,7.152916857
10/31/2017,53,7.153978268
10/31/2017,54,7.155039679
10/31/2017,55,7.156101089
10/31/2017,56,7.1571625
10/31/2017,57,7.158223911
10/31/2017,58,7.159285321
10/31/2017,59,7.160346732
10/31/2017,60,7.161408143
10/31/2017,61,7.162469554
10/31/2017,62,7.163530964
10/31/2017,63,7.164592375
10/31/2017,64,7.165653786
10/31/2017,65,7.166715196
10/31/2017,66,7.167776607
10/31/2017,67,7.168838018
10/31/2017,68,7.169899429
10/31/2017,69,7.170960839
10/31/2017,70,7.17202225
10/31/2017,71,7.173083661
10/31/2017,72,7.174145071
10/31/2017,73,7.175206482
10/31/2017,74,7.176267893
10/31/2017,75,7.177329304
10/31/2017,76,7.178390714
10/31/2017,77,7.179452125
10/31/2017,78,7.180513536
10/31/2017,79,7.181574946
10/31/2017,80,7.182636357
10/31/2017,81,7.183697768
10/31/2017,82,7.184759179
10/31/2017,83,7.185820589
10/31/2017,84,7.186882
10/31/2017,85,7.185836714
10/31/2017,86,7.184791429
10/31/2017,87,7.183746143
10/31/2017,88,7.182700857
10/31/2017,89,7.181655571
10/31/2017,90,7.180610286
10/31/2017,91,7.179565
10/31/2017,92,7.179592338
10/31/2017,93,7.179619675
10/31/2017,94,7.179647013
10/31/2017,95,7.179674351
10/31/2017,96,7.179701688
10/31/2017,97,7.179729026
10/31/2017,98,7.179756364
10/31/2017,99,7.179783701
10/31/2017,100,7.179811039
10/31/2017,101,7.179838377
10/31/2017,102,7.179865714
10/31/2017,103,7.179893052
10/31/2017,104,7.17992039
10/31/2017,105,7.179947727
10/31/2017,106,7.179975065
10/31/2017,107,7.180002403
10/31/2017,108,7.18002974
10/31/2017,109,7.180057078
10/31/2017,110,7.180084416
10/31/2017,111,7.180111753
10/31/2017,112,7.180139091
10/31/2017,113,7.180166429
10/31/2017,114,7.180193766
10/31/2017,115,7.180221104
10/31/2017,116,7.180248442
10/31/2017,117,7.180275779
10/31/2017,118,7.180303117
10/31/2017,119,7.180330455
10/31/2017,120,7.180357792
10/31/2017,121,7.18038513
10/31/2017,122,7.180412468
10/31/2017,123,7.180439805
10/31/2017,124,7.180467143
10/31/2017,125,7.180494481
10/31/2017,126,7.180521818
10/31/2017,127,7.180549156
10/31/2017,128,7.180576494
10/31/2017,129,7.180603831
10/31/2017,130,7.180631169
10/31/2017,131,7.180658506
10/31/2017,132,7.180685844
10/31/2017,133,7.180713182
10/31/2017,134,7.180740519
10/31/2017,135,7.180767857
10/31/2017,136,7.180795195
10/31/2017,137,7.180822532
10/31/2017,138,7.18084987
10/31/2017,139,7.180877208
10/31/2017,140,7.180904545
10/31/2017,141,7.180931883
10/31/2017,142,7.180959221
10/31/2017,143,7.180986558
10/31/2017,144,7.181013896
10/31/2017,145,7.181041234
10/31/2017,146,7.181068571
10/31/2017,147,7.181095909
10/31/2017,148,7.181123247
10/31/2017,149,7.181150584
10/31/2017,150,7.181177922
10/31/2017,151,7.18120526
10/31/2017,152,7.181232597
10/31/2017,153,7.181259935
10/31/2017,154,7.181287273
10/31/2017,155,7.18131461
10/31/2017,156,7.181341948
10/31/2017,157,7.181369286
10/31/2017,158,7.181396623
10/31/2017,159,7.181423961
10/31/2017,160,7.181451299
10/31/2017,161,7.181478636
10/31/2017,162,7.181505974
10/31/2017,163,7.181533312
10/31/2017,164,7.181560649
10/31/2017,165,7.181587987
10/31/2017,166,7.181615325
10/31/2017,167,7.181642662
10/31/2017,168,7.18167
10/31/2017,169,7.183203857
10/31/2017,170,7.184737714
10/31/2017,171,7.186271571
10/31/2017,172,7.187805429
10/31/2017,173,7.189339286
10/31/2017,174,7.190873143
10/31/2017,175,7.192407
10/31/2017,176,7.193940857
10/31/2017,177,7.195474714
10/31/2017,178,7.197008571
10/31/2017,179,7.198542429
10/31/2017,180,7.200076286
10/31/2017,181,7.201610143
10/31/2017,182,7.203144
10/31/2017,183,7.202841022
10/31/2017,184,7.202538044
10/31/2017,185,7.202235066
10/31/2017,186,7.201932088
10/31/2017,187,7.20162911
10/31/2017,188,7.201326132
10/31/2017,189,7.201023154
10/31/2017,190,7.200720176
10/31/2017,191,7.200417198
10/31/2017,192,7.20011422
10/31/2017,193,7.199811242
10/31/2017,194,7.199508264
10/31/2017,195,7.199205286
10/31/2017,196,7.198902308
10/31/2017,197,7.19859933
10/31/2017,198,7.198296352
10/31/2017,199,7.197993374
10/31/2017,200,7.197690396
10/31/2017,201,7.197387418
10/31/2017,202,7.19708444
10/31/2017,203,7.196781462
10/31/2017,204,7.196478484
10/31/2017,205,7.196175505
10/31/2017,206,7.195872527
10/31/2017,207,7.195569549
10/31/2017,208,7.195266571
10/31/2017,209,7.194963593
10/31/2017,210,7.194660615
10/31/2017,211,7.194357637
10/31/2017,212,7.194054659
10/31/2017,213,7.193751681
10/31/2017,214,7.193448703
10/31/2017,215,7.193145725
10/31/2017,216,7.192842747
10/31/2017,217,7.192539769
10/31/2017,218,7.192236791
10/31/2017,219,7.191933813
10/31/2017,220,7.191630835
10/31/2017,221,7.191327857
10/31/2017,222,7.191024879
10/31/2017,223,7.190721901
10/31/2017,224,7.190418923
10/31/2017,225,7.190115945
10/31/2017,226,7.189812967
10/31/2017,227,7.189509989
10/31/2017,228,7.189207011
10/31/2017,229,7.188904033
10/31/2017,230,7.188601055
10/31/2017,231,7.188298077
10/31/2017,232,7.187995099
10/31/2017,233,7.187692121
10/31/2017,234,7.187389143
10/31/2017,235,7.187086165
10/31/2017,236,7.186783187
10/31/2017,237,7.186480209
10/31/2017,238,7.186177231
10/31/2017,239,7.185874253
10/31/2017,240,7.185571275
10/31/2017,241,7.185268297
10/31/2017,242,7.184965319
10/31/2017,243,7.184662341
10/31/2017,244,7.184359363
10/31/2017,245,7.184056385
10/31/2017,246,7.183753407
10/31/2017,247,7.183450429
10/31/2017,248,7.183147451
10/31/2017,249,7.182844473
10/31/2017,250,7.182541495
10/31/2017,251,7.182238516
10/31/2017,252,7.181935538
10/31/2017,253,7.18163256
10/31/2017,254,7.181329582
10/31/2017,255,7.181026604
10/31/2017,256,7.180723626
10/31/2017,257,7.180420648
10/31/2017,258,7.18011767
10/31/2017,259,7.179814692
10/31/2017,260,7.179511714
10/31/2017,261,7.179208736
10/31/2017,262,7.178905758
10/31/2017,263,7.17860278
10/31/2017,264,7.178299802
10/31/2017,265,7.177996824
10/31/2017,266,7.177693846
10/31/2017,267,7.177390868
10/31/2017,268,7.17708789
10/31/2017,269,7.176784912
10/31/2017,270,7.176481934
10/31/2017,271,7.176178956
10/31/2017,272,7.175875978
10/31/2017,273,7.175573
10/31/2017,274,7.175270022
10/31/2017,275,7.174967044
10/31/2017,276,7.174664066
10/31/2017,277,7.174361088
10/31/2017,278,7.17405811
10/31/2017,279,7.173755132
10/31/2017,280,7.173452154
10/31/2017,281,7.173149176
10/31/2017,282,7.172846198
10/31/2017,283,7.17254322
10/31/2017,284,7.172240242
10/31/2017,285,7.171937264
10/31/2017,286,7.171634286
10/31/2017,287,7.171331308
10/31/2017,288,7.17102833
10/31/2017,289,7.170725352
10/31/2017,290,7.170422374
10/31/2017,291,7.170119396
10/31/2017,292,7.169816418
10/31/2017,293,7.16951344
10/31/2017,294,7.169210462
10/31/2017,295,7.168907484
10/31/2017,296,7.168604505
10/31/2017,297,7.168301527
10/31/2017,298,7.167998549
10/31/2017,299,7.167695571
10/31/2017,300,7.167392593
10/31/2017,301,7.167089615
10/31/2017,302,7.166786637
10/31/2017,303,7.166483659
10/31/2017,304,7.166180681
10/31/2017,305,7.165877703
10/31/2017,306,7.165574725
10/31/2017,307,7.165271747
10/31/2017,308,7.164968769
10/31/2017,309,7.164665791
10/31/2017,310,7.164362813
10/31/2017,311,7.164059835
10/31/2017,312,7.163756857
10/31/2017,313,7.163453879
10/31/2017,314,7.163150901
10/31/2017,315,7.162847923
10/31/2017,316,7.162544945
10/31/2017,317,7.162241967
10/31/2017,318,7.161938989
10/31/2017,319,7.161636011
10/31/2017,320,7.161333033
10/31/2017,321,7.161030055
10/31/2017,322,7.160727077
10/31/2017,323,7.160424099
10/31/2017,324,7.160121121
10/31/2017,325,7.159818143
10/31/2017,326,7.159515165
10/31/2017,327,7.159212187
10/31/2017,328,7.158909209
10/31/2017,329,7.158606231
10/31/2017,330,7.158303253
10/31/2017,331,7.158000275
10/31/2017,332,7.157697297
10/31/2017,333,7.157394319
10/31/2017,334,7.157091341
10/31/2017,335,7.156788363
10/31/2017,336,7.156485385
10/31/2017,337,7.156182407
10/31/2017,338,7.155879429
10/31/2017,339,7.155576451
10/31/2017,340,7.155273473
10/31/2017,341,7.154970495
10/31/2017,342,7.154667516
10/31/2017,343,7.154364538
10/31/2017,344,7.15406156
10/31/2017,345,7.153758582
10/31/2017,346,7.153455604
10/31/2017,347,7.153152626
10/31/2017,348,7.152849648
10/31/2017,349,7.15254667
10/31/2017,350,7.152243692
10/31/2017,351,7.151940714
10/31/2017,352,7.151637736
10/31/2017,353,7.151334758
10/31/2017,354,7.15103178
10/31/2017,355,7.150728802
10/31/2017,356,7.150425824
10/31/2017,357,7.150122846
10/31/2017,358,7.149819868
10/31/2017,359,7.14951689
10/31/2017,360,7.149213912
10/31/2017,361,7.148910934
10/31/2017,362,7.148607956
10/31/2017,363,7.148304978
10/31/2017,364,7.148002
10/31/2017,365,7.147560346
10/31/2017,366,7.147118692
10/31/2017,367,7.146677038
10/31/2017,368,7.146235385
10/31/2017,369,7.145793731
10/31/2017,370,7.145352077
10/31/2017,371,7.144910423
10/31/2017,372,7.144468769
10/31/2017,373,7.144027115
10/31/2017,374,7.143585462
10/31/2017,375,7.143143808
10/31/2017,376,7.142702154
10/31/2017,377,7.1422605
10/31/2017,378,7.141818846
10/31/2017,379,7.141377192
10/31/2017,380,7.140935538
10/31/2017,381,7.140493885
10/31/2017,382,7.140052231
10/31/2017,383,7.139610577
10/31/2017,384,7.139168923
10/31/2017,385,7.138727269
10/31/2017,386,7.138285615
10/31/2017,387,7.137843962
10/31/2017,388,7.137402308
10/31/2017,389,7.136960654
10/31/2017,390,7.136519
10/31/2017,391,7.136077346
10/31/2017,392,7.135635692
10/31/2017,393,7.135194038
10/31/2017,394,7.134752385
10/31/2017,395,7.134310731
10/31/2017,396,7.133869077
10/31/2017,397,7.133427423
10/31/2017,398,7.132985769
10/31/2017,399,7.132544115
10/31/2017,400,7.132102462
10/31/2017,401,7.131660808
10/31/2017,402,7.131219154
10/31/2017,403,7.1307775
10/31/2017,404,7.130335846
10/31/2017,405,7.129894192
10/31/2017,406,7.129452538
10/31/2017,407,7.129010885
10/31/2017,408,7.128569231
10/31/2017,409,7.128127577
10/31/2017,410,7.127685923
10/31/2017,411,7.127244269
10/31/2017,412,7.126802615
10/31/2017,413,7.126360962
10/31/2017,414,7.125919308
10/31/2017,415,7.125477654
10/31/2017,416,7.125036
10/31/2017,417,7.124594346
10/31/2017,418,7.124152692
10/31/2017,419,7.123711038
10/31/2017,420,7.123269385
10/31/2017,421,7.122827731
10/31/2017,422,7.122386077
10/31/2017,423,7.121944423
10/31/2017,424,7.121502769
10/31/2017,425,7.121061115
10/31/2017,426,7.120619462
10/31/2017,427,7.120177808
10/31/2017,428,7.119736154
10/31/2017,429,7.1192945
10/31/2017,430,7.118852846
10/31/2017,431,7.118411192
10/31/2017,432,7.117969538
10/31/2017,433,7.117527885
10/31/2017,434,7.117086231
10/31/2017,435,7.116644577
10/31/2017,436,7.116202923
10/31/2017,437,7.115761269
10/31/2017,438,7.115319615
10/31/2017,439,7.114877962
10/31/2017,440,7.114436308
10/31/2017,441,7.113994654
10/31/2017,442,7.113553
10/31/2017,443,7.113111346
10/31/2017,444,7.112669692
10/31/2017,445,7.112228038
10/31/2017,446,7.111786385
10/31/2017,447,7.111344731
10/31/2017,448,7.110903077
10/31/2017,449,7.110461423
10/31/2017,450,7.110019769
10/31/2017,451,7.109578115
10/31/2017,452,7.109136462
10/31/2017,453,7.108694808
10/31/2017,454,7.108253154
10/31/2017,455,7.1078115
10/31/2017,456,7.107369846
10/31/2017,457,7.106928192
10/31/2017,458,7.106486538
10/31/2017,459,7.106044885
10/31/2017,460,7.105603231
10/31/2017,461,7.105161577
10/31/2017,462,7.104719923
10/31/2017,463,7.104278269
10/31/2017,464,7.103836615
10/31/2017,465,7.103394962
10/31/2017,466,7.102953308
10/31/2017,467,7.102511654
10/31/2017,468,7.10207
10/31/2017,469,7.101628346
10/31/2017,470,7.101186692
10/31/2017,471,7.100745038
10/31/2017,472,7.100303385
10/31/2017,473,7.099861731
10/31/2017,474,7.099420077
10/31/2017,475,7.098978423
10/31/2017,476,7.098536769
10/31/2017,477,7.098095115
10/31/2017,478,7.097653462
10/31/2017,479,7.097211808
10/31/2017,480,7.096770154
10/31/2017,481,7.0963285
10/31/2017,482,7.095886846
10/31/2017,483,7.095445192
10/31/2017,484,7.095003538
10/31/2017,485,7.094561885
10/31/2017,486,7.094120231
10/31/2017,487,7.093678577
10/31/2017,488,7.093236923
10/31/2017,489,7.092795269
10/31/2017,490,7.092353615
10/31/2017,491,7.091911962
10/31/2017,492,7.091470308
10/31/2017,493,7.091028654
10/31/2017,494,7.090587
10/31/2017,495,7.090145346
10/31/2017,496,7.089703692
10/31/2017,497,7.089262038
10/31/2017,498,7.088820385
10/31/2017,499,7.088378731
10/31/2017,500,7.087937077
10/31/2017,501,7.087495423
10/31/2017,502,7.087053769
10/31/2017,503,7.086612115
10/31/2017,504,7.086170462
10/31/2017,505,7.085728808
10/31/2017,506,7.085287154
10/31/2017,507,7.0848455
10/31/2017,508,7.084403846
10/31/2017,509,7.083962192
10/31/2017,510,7.083520538
10/31/2017,511,7.083078885
10/31/2017,512,7.082637231
10/31/2017,513,7.082195577
10/31/2017,514,7.081753923
10/31/2017,515,7.081312269
10/31/2017,516,7.080870615
10/31/2017,517,7.080428962
10/31/2017,518,7.079987308
10/31/2017,519,7.079545654
10/31/2017,520,7.079104
10/31/2017,521,7.078662346
10/31/2017,522,7.078220692
10/31/2017,523,7.077779038
10/31/2017,524,7.077337385
10/31/2017,525,7.076895731
10/31/2017,526,7.076454077
10/31/2017,527,7.076012423
10/31/2017,528,7.075570769
10/31/2017,529,7.075129115
10/31/2017,530,7.074687462
10/31/2017,531,7.074245808
10/31/2017,532,7.073804154
10/31/2017,533,7.0733625
10/31/2017,534,7.072920846
10/31/2017,535,7.072479192
10/31/2017,536,7.072037538
10/31/2017,537,7.071595885
10/31/2017,538,7.071154231
10/31/2017,539,7.070712577
10/31/2017,540,7.070270923
10/31/2017,541,7.069829269
10/31/2017,542,7.069387615
10/31/2017,543,7.068945962
10/31/2017,544,7.068504308
10/31/2017,545,7.068062654
10/31/2017,546,7.067621
10/31/2017,547,7.06722428
10/31/2017,548,7.06682756
10/31/2017,549,7.066430841
10/31/2017,550,7.066034121
10/31/2017,551,7.065637401
10/31/2017,552,7.065240681
10/31/2017,553,7.064843962
10/31/2017,554,7.064447242
10/31/2017,555,7.064050522
10/31/2017,556,7.063653802
10/31/2017,557,7.063257082
10/31/2017,558,7.062860363
10/31/2017,559,7.062463643
10/31/2017,560,7.062066923
10/31/2017,561,7.061670203
10/31/2017,562,7.061273484
10/31/2017,563,7.060876764
10/31/2017,564,7.060480044
10/31/2017,565,7.060083324
10/31/2017,566,7.059686604
10/31/2017,567,7.059289885
10/31/2017,568,7.058893165
10/31/2017,569,7.058496445
10/31/2017,570,7.058099725
10/31/2017,571,7.057703005
10/31/2017,572,7.057306286
10/31/2017,573,7.056909566
10/31/2017,574,7.056512846
10/31/2017,575,7.056116126
10/31/2017,576,7.055719407
10/31/2017,577,7.055322687
10/31/2017,578,7.054925967
10/31/2017,579,7.054529247
10/31/2017,580,7.054132527
10/31/2017,581,7.053735808
10/31/2017,582,7.053339088
10/31/2017,583,7.052942368
10/31/2017,584,7.052545648
10/31/2017,585,7.052148929
10/31/2017,586,7.051752209
10/31/2017,587,7.051355489
10/31/2017,588,7.050958769
10/31/2017,589,7.050562049
10/31/2017,590,7.05016533
10/31/2017,591,7.04976861
10/31/2017,592,7.04937189
10/31/2017,593,7.04897517
10/31/2017,594,7.048578451
10/31/2017,595,7.048181731
10/31/2017,596,7.047785011
10/31/2017,597,7.047388291
10/31/2017,598,7.046991571
10/31/2017,599,7.046594852
10/31/2017,600,7.046198132
10/31/2017,601,7.045801412
10/31/2017,602,7.045404692
10/31/2017,603,7.045007973
10/31/2017,604,7.044611253
10/31/2017,605,7.044214533
10/31/2017,606,7.043817813
10/31/2017,607,7.043421093
10/31/2017,608,7.043024374
10/31/2017,609,7.042627654
10/31/2017,610,7.042230934
10/31/2017,611,7.041834214
10/31/2017,612,7.041437495
10/31/2017,613,7.041040775
10/31/2017,614,7.040644055
10/31/2017,615,7.040247335
10/31/2017,616,7.039850615
10/31/2017,617,7.039453896
10/31/2017,618,7.039057176
10/31/2017,619,7.038660456
10/31/2017,620,7.038263736
10/31/2017,621,7.037867016
10/31/2017,622,7.037470297
10/31/2017,623,7.037073577
10/31/2017,624,7.036676857
10/31/2017,625,7.036280137
10/31/2017,626,7.035883418
10/31/2017,627,7.035486698
10/31/2017,628,7.035089978
10/31/2017,629,7.034693258
10/31/2017,630,7.034296538
10/31/2017,631,7.033899819
10/31/2017,632,7.033503099
10/31/2017,633,7.033106379
10/31/2017,634,7.032709659
10/31/2017,635,7.03231294
10/31/2017,636,7.03191622
10/31/2017,637,7.0315195
10/31/2017,638,7.03112278
10/31/2017,639,7.03072606
10/31/2017,640,7.030329341
10/31/2017,641,7.029932621
10/31/2017,642,7.029535901
10/31/2017,643,7.029139181
10/31/2017,644,7.028742462
10/31/2017,645,7.028345742
10/31/2017,646,7.027949022
10/31/2017,647,7.027552302
10/31/2017,648,7.027155582
10/31/2017,649,7.026758863
10/31/2017,650,7.026362143
10/31/2017,651,7.025965423
10/31/2017,652,7.025568703
10/31/2017,653,7.025171984
10/31/2017,654,7.024775264
10/31/2017,655,7.024378544
10/31/2017,656,7.023981824
10/31/2017,657,7.023585104
10/31/2017,658,7.023188385
10/31/2017,659,7.022791665
10/31/2017,660,7.022394945
10/31/2017,661,7.021998225
10/31/2017,662,7.021601505
10/31/2017,663,7.021204786
10/31/2017,664,7.020808066
10/31/2017,665,7.020411346
10/31/2017,666,7.020014626
10/31/2017,667,7.019617907
10/31/2017,668,7.019221187
10/31/2017,669,7.018824467
10/31/2017,670,7.018427747
10/31/2017,671,7.018031027
10/31/2017,672,7.017634308
10/31/2017,673,7.017237588
10/31/2017,674,7.016840868
10/31/2017,675,7.016444148
10/31/2017,676,7.016047429
10/31/2017,677,7.015650709
10/31/2017,678,7.015253989
10/31/2017,679,7.014857269
10/31/2017,680,7.014460549
10/31/2017,681,7.01406383
10/31/2017,682,7.01366711
10/31/2017,683,7.01327039
10/31/2017,684,7.01287367
10/31/2017,685,7.012476951
10/31/2017,686,7.012080231
10/31/2017,687,7.011683511
10/31/2017,688,7.011286791
10/31/2017,689,7.010890071
10/31/2017,690,7.010493352
10/31/2017,691,7.010096632
10/31/2017,692,7.009699912
10/31/2017,693,7.009303192
10/31/2017,694,7.008906473
10/31/2017,695,7.008509753
10/31/2017,696,7.008113033
10/31/2017,697,7.007716313
10/31/2017,698,7.007319593
10/31/2017,699,7.006922874
10/31/2017,700,7.006526154
10/31/2017,701,7.006129434
10/31/2017,702,7.005732714
10/31/2017,703,7.005335995
10/31/2017,704,7.004939275
10/31/2017,705,7.004542555
10/31/2017,706,7.004145835
10/31/2017,707,7.003749115
10/31/2017,708,7.003352396
10/31/2017,709,7.002955676
10/31/2017,710,7.002558956
10/31/2017,711,7.002162236
10/31/2017,712,7.001765516
10/31/2017,713,7.001368797
10/31/2017,714,7.000972077
10/31/2017,715,7.000575357
10/31/2017,716,7.000178637
10/31/2017,717,6.999781918
10/31/2017,718,6.999385198
10/31/2017,719,6.998988478
10/31/2017,720,6.998591758
10/31/2017,721,6.998195038
10/31/2017,722,6.997798319
10/31/2017,723,6.997401599
10/31/2017,724,6.997004879
10/31/2017,725,6.996608159
10/31/2017,726,6.99621144
10/31/2017,727,6.99581472
10/31/2017,728,6.995418
10/31/2017,729,6.995335555
10/31/2017,730,6.99525311
10/31/2017,731,6.995170665
10/31/2017,732,6.99508822
10/31/2017,733,6.995005775
10/31/2017,734,6.99492333
10/31/2017,735,6.994840885
10/31/2017,736,6.99475844
10/31/2017,737,6.994675995
10/31/2017,738,6.994593549
10/31/2017,739,6.994511104
10/31/2017,740,6.994428659
10/31/2017,741,6.994346214
10/31/2017,742,6.994263769
10/31/2017,743,6.994181324
10/31/2017,744,6.994098879
10/31/2017,745,6.994016434
10/31/2017,746,6.993933989
10/31/2017,747,6.993851544
10/31/2017,748,6.993769099
10/31/2017,749,6.993686654
10/31/2017,750,6.993604209
10/31/2017,751,6.993521764
10/31/2017,752,6.993439319
10/31/2017,753,6.993356874
10/31/2017,754,6.993274429
10/31/2017,755,6.993191984
10/31/2017,756,6.993109538
10/31/2017,757,6.993027093
10/31/2017,758,6.992944648
10/31/2017,759,6.992862203
10/31/2017,760,6.992779758
10/31/2017,761,6.992697313
10/31/2017,762,6.992614868
10/31/2017,763,6.992532423
10/31/2017,764,6.992449978
10/31/2017,765,6.992367533
10/31/2017,766,6.992285088
10/31/2017,767,6.992202643
10/31/2017,768,6.992120198
10/31/2017,769,6.992037753
10/31/2017,770,6.991955308
10/31/2017,771,6.991872863
10/31/2017,772,6.991790418
10/31/2017,773,6.991707973
10/31/2017,774,6.991625527
10/31/2017,775,6.991543082
10/31/2017,776,6.991460637
10/31/2017,777,6.991378192
10/31/2017,778,6.991295747
10/31/2017,779,6.991213302
10/31/2017,780,6.991130857
10/31/2017,781,6.991048412
10/31/2017,782,6.990965967
10/31/2017,783,6.990883522
10/31/2017,784,6.990801077
10/31/2017,785,6.990718632
10/31/2017,786,6.990636187
10/31/2017,787,6.990553742
10/31/2017,788,6.990471297
10/31/2017,789,6.990388852
10/31/2017,790,6.990306407
10/31/2017,791,6.990223962
10/31/2017,792,6.990141516
10/31/2017,793,6.990059071
10/31/2017,794,6.989976626
10/31/2017,795,6.989894181
10/31/2017,796,6.989811736
10/31/2017,797,6.989729291
10/31/2017,798,6.989646846
10/31/2017,799,6.989564401
10/31/2017,800,6.989481956
10/31/2017,801,6.989399511
10/31/2017,802,6.989317066
10/31/2017,803,6.989234621
10/31/2017,804,6.989152176
10/31/2017,805,6.989069731
10/31/2017,806,6.988987286
10/31/2017,807,6.988904841
10/31/2017,808,6.988822396
10/31/2017,809,6.988739951
10/31/2017,810,6.988657505
10/31/2017,811,6.98857506
10/31/2017,812,6.988492615
10/31/2017,813,6.98841017
10/31/2017,814,6.988327725
10/31/2017,815,6.98824528
10/31/2017,816,6.988162835
10/31/2017,817,6.98808039
10/31/2017,818,6.987997945
10/31/2017,819,6.9879155
10/31/2017,820,6.987833055
10/31/2017,821,6.98775061
10/31/2017,822,6.987668165
10/31/2017,823,6.98758572
10/31/2017,824,6.987503275
10/31/2017,825,6.98742083
10/31/2017,826,6.987338385
10/31/2017,827,6.98725594
10/31/2017,828,6.987173495
10/31/2017,829,6.987091049
10/31/2017,830,6.987008604
10/31/2017,831,6.986926159
10/31/2017,832,6.986843714
10/31/2017,833,6.986761269
10/31/2017,834,6.986678824
10/31/2017,835,6.986596379
10/31/2017,836,6.986513934
10/31/2017,837,6.986431489
10/31/2017,838,6.986349044
10/31/2017,839,6.986266599
10/31/2017,840,6.986184154
10/31/2017,841,6.986101709
10/31/2017,842,6.986019264
10/31/2017,843,6.985936819
10/31/2017,844,6.985854374
10/31/2017,845,6.985771929
10/31/2017,846,6.985689484
10/31/2017,847,6.985607038
10/31/2017,848,6.985524593
10/31/2017,849,6.985442148
10/31/2017,850,6.985359703
10/31/2017,851,6.985277258
10/31/2017,852,6.985194813
10/31/2017,853,6.985112368
10/31/2017,854,6.985029923
10/31/2017,855,6.984947478
10/31/2017,856,6.984865033
10/31/2017,857,6.984782588
10/31/2017,858,6.984700143
10/31/2017,859,6.984617698
10/31/2017,860,6.984535253
10/31/2017,861,6.984452808
10/31/2017,862,6.984370363
10/31/2017,863,6.984287918
10/31/2017,864,6.984205473
10/31/2017,865,6.984123027
10/31/2017,866,6.984040582
10/31/2017,867,6.983958137
10/31/2017,868,6.983875692
10/31/2017,869,6.983793247
10/31/2017,870,6.983710802
10/31/2017,871,6.983628357
10/31/2017,872,6.983545912
10/31/2017,873,6.983463467
10/31/2017,874,6.983381022
10/31/2017,875,6.983298577
10/31/2017,876,6.983216132
10/31/2017,877,6.983133687
10/31/2017,878,6.983051242
10/31/2017,879,6.982968797
10/31/2017,880,6.982886352
10/31/2017,881,6.982803907
10/31/2017,882,6.982721462
10/31/2017,883,6.982639016
10/31/2017,884,6.982556571
10/31/2017,885,6.982474126
10/31/2017,886,6.982391681
10/31/2017,887,6.982309236
10/31/2017,888,6.982226791
10/31/2017,889,6.982144346
10/31/2017,890,6.982061901
10/31/2017,891,6.981979456
10/31/2017,892,6.981897011
10/31/2017,893,6.981814566
10/31/2017,894,6.981732121
10/31/2017,895,6.981649676
10/31/2017,896,6.981567231
10/31/2017,897,6.981484786
10/31/2017,898,6.981402341
10/31/2017,899,6.981319896
10/31/2017,900,6.981237451
10/31/2017,901,6.981155005
10/31/2017,902,6.98107256
10/31/2017,903,6.980990115
10/31/2017,904,6.98090767
10/31/2017,905,6.980825225
10/31/2017,906,6.98074278
10/31/2017,907,6.980660335
10/31/2017,908,6.98057789
10/31/2017,909,6.980495445
10/31/2017,910,6.980413
10/31/2017,911,6.980533374
10/31/2017,912,6.980653747
10/31/2017,913,6.980774121
10/31/2017,914,6.980894495
10/31/2017,915,6.981014868
10/31/2017,916,6.981135242
10/31/2017,917,6.981255615
10/31/2017,918,6.981375989
10/31/2017,919,6.981496363
10/31/2017,920,6.981616736
10/31/2017,921,6.98173711
10/31/2017,922,6.981857484
10/31/2017,923,6.981977857
10/31/2017,924,6.982098231
10/31/2017,925,6.982218604
10/31/2017,926,6.982338978
10/31/2017,927,6.982459352
10/31/2017,928,6.982579725
10/31/2017,929,6.982700099
10/31/2017,930,6.982820473
10/31/2017,931,6.982940846
10/31/2017,932,6.98306122
10/31/2017,933,6.983181593
10/31/2017,934,6.983301967
10/31/2017,935,6.983422341
10/31/2017,936,6.983542714
10/31/2017,937,6.983663088
10/31/2017,938,6.983783462
10/31/2017,939,6.983903835
10/31/2017,940,6.984024209
10/31/2017,941,6.984144582
10/31/2017,942,6.984264956
10/31/2017,943,6.98438533
10/31/2017,944,6.984505703
10/31/2017,945,6.984626077
10/31/2017,946,6.984746451
10/31/2017,947,6.984866824
10/31/2017,948,6.984987198
10/31/2017,949,6.985107571
10/31/2017,950,6.985227945
10/31/2017,951,6.985348319
10/31/2017,952,6.985468692
10/31/2017,953,6.985589066
10/31/2017,954,6.98570944
10/31/2017,955,6.985829813
10/31/2017,956,6.985950187
10/31/2017,957,6.98607056
10/31/2017,958,6.986190934
10/31/2017,959,6.986311308
10/31/2017,960,6.986431681
10/31/2017,961,6.986552055
10/31/2017,962,6.986672429
10/31/2017,963,6.986792802
10/31/2017,964,6.986913176
10/31/2017,965,6.987033549
10/31/2017,966,6.987153923
10/31/2017,967,6.987274297
10/31/2017,968,6.98739467
10/31/2017,969,6.987515044
10/31/2017,970,6.987635418
10/31/2017,971,6.987755791
10/31/2017,972,6.987876165
10/31/2017,973,6.987996538
10/31/2017,974,6.988116912
10/31/2017,975,6.988237286
10/31/2017,976,6.988357659
10/31/2017,977,6.988478033
10/31/2017,978,6.988598407
10/31/2017,979,6.98871878
10/31/2017,980,6.988839154
10/31/2017,981,6.988959527
10/31/2017,982,6.989079901
10/31/2017,983,6.989200275
10/31/2017,984,6.989320648
10/31/2017,985,6.989441022
10/31/2017,986,6.989561396
10/31/2017,987,6.989681769
10/31/2017,988,6.989802143
10/31/2017,989,6.989922516
10/31/2017,990,6.99004289
10/31/2017,991,6.990163264
10/31/2017,992,6.990283637
10/31/2017,993,6.990404011
10/31/2017,994,6.990524385
10/31/2017,995,6.990644758
10/31/2017,996,6.990765132
10/31/2017,997,6.990885505
10/31/2017,998,6.991005879
10/31/2017,999,6.991126253
10/31/2017,1000,6.991246626
10/31/2017,1001,6.991367
10/31/2017,1002,6.991487374
10/31/2017,1003,6.991607747
10/31/2017,1004,6.991728121
10/31/2017,1005,6.991848495
10/31/2017,1006,6.991968868
10/31/2017,1007,6.992089242
10/31/2017,1008,6.992209615
10/31/2017,1009,6.992329989
10/31/2017,1010,6.992450363
10/31/2017,1011,6.992570736
10/31/2017,1012,6.99269111
10/31/2017,1013,6.992811484
10/31/2017,1014,6.992931857
10/31/2017,1015,6.993052231
10/31/2017,1016,6.993172604
10/31/2017,1017,6.993292978
10/31/2017,1018,6.993413352
10/31/2017,1019,6.993533725
10/31/2017,1020,6.993654099
10/31/2017,1021,6.993774473
10/31/2017,1022,6.993894846
10/31/2017,1023,6.99401522
10/31/2017,1024,6.994135593
10/31/2017,1025,6.994255967
10/31/2017,1026,6.994376341
10/31/2017,1027,6.994496714
10/31/2017,1028,6.994617088
10/31/2017,1029,6.994737462
10/31/2017,1030,6.994857835
10/31/2017,1031,6.994978209
10/31/2017,1032,6.995098582
10/31/2017,1033,6.995218956
10/31/2017,1034,6.99533933
10/31/2017,1035,6.995459703
10/31/2017,1036,6.995580077
10/31/2017,1037,6.995700451
10/31/2017,1038,6.995820824
10/31/2017,1039,6.995941198
10/31/2017,1040,6.996061571
10/31/2017,1041,6.996181945
10/31/2017,1042,6.996302319
10/31/2017,1043,6.996422692
10/31/2017,1044,6.996543066
10/31/2017,1045,6.99666344
10/31/2017,1046,6.996783813
10/31/2017,1047,6.996904187
10/31/2017,1048,6.99702456
10/31/2017,1049,6.997144934
10/31/2017,1050,6.997265308
10/31/2017,1051,6.997385681
10/31/2017,1052,6.997506055
10/31/2017,1053,6.997626429
10/31/2017,1054,6.997746802
10/31/2017,1055,6.997867176
10/31/2017,1056,6.997987549
10/31/2017,1057,6.998107923
10/31/2017,1058,6.998228297
10/31/2017,1059,6.99834867
10/31/2017,1060,6.998469044
10/31/2017,1061,6.998589418
10/31/2017,1062,6.998709791
10/31/2017,1063,6.998830165
10/31/2017,1064,6.998950538
10/31/2017,1065,6.999070912
10/31/2017,1066,6.999191286
10/31/2017,1067,6.999311659
10/31/2017,1068,6.999432033
10/31/2017,1069,6.999552407
10/31/2017,1070,6.99967278
10/31/2017,1071,6.999793154
10/31/2017,1072,6.999913527
10/31/2017,1073,7.000033901
10/31/2017,1074,7.000154275
10/31/2017,1075,7.000274648
10/31/2017,1076,7.000395022
10/31/2017,1077,7.000515396
10/31/2017,1078,7.000635769
10/31/2017,1079,7.000756143
10/31/2017,1080,7.000876516
10/31/2017,1081,7.00099689
10/31/2017,1082,7.001117264
10/31/2017,1083,7.001237637
10/31/2017,1084,7.001358011
10/31/2017,1085,7.001478385
10/31/2017,1086,7.001598758
10/31/2017,1087,7.001719132
10/31/2017,1088,7.001839505
10/31/2017,1089,7.001959879
10/31/2017,1090,7.002080253
10/31/2017,1091,7.002200626
10/31/2017,1092,7.002321
10/31/2017,1093,7.002483104
10/31/2017,1094,7.002645209
10/31/2017,1095,7.002807313
10/31/2017,1096,7.002969418
10/31/2017,1097,7.003131522
10/31/2017,1098,7.003293626
10/31/2017,1099,7.003455731
10/31/2017,1100,7.003617835
10/31/2017,1101,7.00377994
10/31/2017,1102,7.003942044
10/31/2017,1103,7.004104148
10/31/2017,1104,7.004266253
10/31/2017,1105,7.004428357
10/31/2017,1106,7.004590462
10/31/2017,1107,7.004752566
10/31/2017,1108,7.00491467
10/31/2017,1109,7.005076775
10/31/2017,1110,7.005238879
10/31/2017,1111,7.005400984
10/31/2017,1112,7.005563088
10/31/2017,1113,7.005725192
10/31/2017,1114,7.005887297
10/31/2017,1115,7.006049401
10/31/2017,1116,7.006211505
10/31/2017,1117,7.00637361
10/31/2017,1118,7.006535714
10/31/2017,1119,7.006697819
10/31/2017,1120,7.006859923
10/31/2017,1121,7.007022027
10/31/2017,1122,7.007184132
10/31/2017,1123,7.007346236
10/31/2017,1124,7.007508341
10/31/2017,1125,7.007670445
10/31/2017,1126,7.007832549
10/31/2017,1127,7.007994654
10/31/2017,1128,7.008156758
10/31/2017,1129,7.008318863
10/31/2017,1130,7.008480967
10/31/2017,1131,7.008643071
10/31/2017,1132,7.008805176
10/31/2017,1133,7.00896728
10/31/2017,1134,7.009129385
10/31/2017,1135,7.009291489
10/31/2017,1136,7.009453593
10/31/2017,1137,7.009615698
10/31/2017,1138,7.009777802
10/31/2017,1139,7.009939907
10/31/2017,1140,7.010102011
10/31/2017,1141,7.010264115
10/31/2017,1142,7.01042622
10/31/2017,1143,7.010588324
10/31/2017,1144,7.010750429
10/31/2017,1145,7.010912533
10/31/2017,1146,7.011074637
10/31/2017,1147,7.011236742
10/31/2017,1148,7.011398846
10/31/2017,1149,7.011560951
10/31/2017,1150,7.011723055
10/31/2017,1151,7.011885159
10/31/2017,1152,7.012047264
10/31/2017,1153,7.012209368
10/31/2017,1154,7.012371473
10/31/2017,1155,7.012533577
10/31/2017,1156,7.012695681
10/31/2017,1157,7.012857786
10/31/2017,1158,7.01301989
10/31/2017,1159,7.013181995
10/31/2017,1160,7.013344099
10/31/2017,1161,7.013506203
10/31/2017,1162,7.013668308
10/31/2017,1163,7.013830412
10/31/2017,1164,7.013992516
10/31/2017,1165,7.014154621
10/31/2017,1166,7.014316725
10/31/2017,1167,7.01447883
10/31/2017,1168,7.014640934
10/31/2017,1169,7.014803038
10/31/2017,1170,7.014965143
10/31/2017,1171,7.015127247
10/31/2017,1172,7.015289352
10/31/2017,1173,7.015451456
10/31/2017,1174,7.01561356
10/31/2017,1175,7.015775665
10/31/2017,1176,7.015937769
10/31/2017,1177,7.016099874
10/31/2017,1178,7.016261978
10/31/2017,1179,7.016424082
10/31/2017,1180,7.016586187
10/31/2017,1181,7.016748291
10/31/2017,1182,7.016910396
10/31/2017,1183,7.0170725
10/31/2017,1184,7.017234604
10/31/2017,1185,7.017396709
10/31/2017,1186,7.017558813
10/31/2017,1187,7.017720918
10/31/2017,1188,7.017883022
10/31/2017,1189,7.018045126
10/31/2017,1190,7.018207231
10/31/2017,1191,7.018369335
10/31/2017,1192,7.01853144
10/31/2017,1193,7.018693544
10/31/2017,1194,7.018855648
10/31/2017,1195,7.019017753
10/31/2017,1196,7.019179857
10/31/2017,1197,7.019341962
10/31/2017,1198,7.019504066
10/31/2017,1199,7.01966617
10/31/2017,1200,7.019828275
10/31/2017,1201,7.019990379
10/31/2017,1202,7.020152484
10/31/2017,1203,7.020314588
10/31/2017,1204,7.020476692
10/31/2017,1205,7.020638797
10/31/2017,1206,7.020800901
10/31/2017,1207,7.020963005
10/31/2017,1208,7.02112511
10/31/2017,1209,7.021287214
10/31/2017,1210,7.021449319
10/31/2017,1211,7.021611423
10/31/2017,1212,7.021773527
10/31/2017,1213,7.021935632
10/31/2017,1214,7.022097736
10/31/2017,1215,7.022259841
10/31/2017,1216,7.022421945
10/31/2017,1217,7.022584049
10/31/2017,1218,7.022746154
10/31/2017,1219,7.022908258
10/31/2017,1220,7.023070363
10/31/2017,1221,7.023232467
10/31/2017,1222,7.023394571
10/31/2017,1223,7.023556676
10/31/2017,1224,7.02371878
10/31/2017,1225,7.023880885
10/31/2017,1226,7.024042989
10/31/2017,1227,7.024205093
10/31/2017,1228,7.024367198
10/31/2017,1229,7.024529302
10/31/2017,1230,7.024691407
10/31/2017,1231,7.024853511
10/31/2017,1232,7.025015615
10/31/2017,1233,7.02517772
10/31/2017,1234,7.025339824
10/31/2017,1235,7.025501929
10/31/2017,1236,7.025664033
10/31/2017,1237,7.025826137
10/31/2017,1238,7.025988242
10/31/2017,1239,7.026150346
10/31/2017,1240,7.026312451
10/31/2017,1241,7.026474555
10/31/2017,1242,7.026636659
10/31/2017,1243,7.026798764
10/31/2017,1244,7.026960868
10/31/2017,1245,7.027122973
10/31/2017,1246,7.027285077
10/31/2017,1247,7.027447181
10/31/2017,1248,7.027609286
10/31/2017,1249,7.02777139
10/31/2017,1250,7.027933495
10/31/2017,1251,7.028095599
10/31/2017,1252,7.028257703
10/31/2017,1253,7.028419808
10/31/2017,1254,7.028581912
10/31/2017,1255,7.028744016
10/31/2017,1256,7.028906121
10/31/2017,1257,7.029068225
10/31/2017,1258,7.02923033
10/31/2017,1259,7.029392434
10/31/2017,1260,7.029554538
10/31/2017,1261,7.029716643
10/31/2017,1262,7.029878747
10/31/2017,1263,7.030040852
10/31/2017,1264,7.030202956
10/31/2017,1265,7.03036506
10/31/2017,1266,7.030527165
10/31/2017,1267,7.030689269
10/31/2017,1268,7.030851374
10/31/2017,1269,7.031013478
10/31/2017,1270,7.031175582
10/31/2017,1271,7.031337687
10/31/2017,1272,7.031499791
10/31/2017,1273,7.031661896
10/31/2017,1274,7.031824
10/31/2017,1275,7.031867758
10/31/2017,1276,7.031911516
10/31/2017,1277,7.031955275
10/31/2017,1278,7.031999033
10/31/2017,1279,7.032042791
10/31/2017,1280,7.032086549
10/31/2017,1281,7.032130308
10/31/2017,1282,7.032174066
10/31/2017,1283,7.032217824
10/31/2017,1284,7.032261582
10/31/2017,1285,7.032305341
10/31/2017,1286,7.032349099
10/31/2017,1287,7.032392857
10/31/2017,1288,7.032436615
10/31/2017,1289,7.032480374
10/31/2017,1290,7.032524132
10/31/2017,1291,7.03256789
10/31/2017,1292,7.032611648
10/31/2017,1293,7.032655407
10/31/2017,1294,7.032699165
10/31/2017,1295,7.032742923
10/31/2017,1296,7.032786681
10/31/2017,1297,7.03283044
10/31/2017,1298,7.032874198
10/31/2017,1299,7.032917956
10/31/2017,1300,7.032961714
10/31/2017,1301,7.033005473
10/31/2017,1302,7.033049231
10/31/2017,1303,7.033092989
10/31/2017,1304,7.033136747
10/31/2017,1305,7.033180505
10/31/2017,1306,7.033224264
10/31/2017,1307,7.033268022
10/31/2017,1308,7.03331178
10/31/2017,1309,7.033355538
10/31/2017,1310,7.033399297
10/31/2017,1311,7.033443055
10/31/2017,1312,7.033486813
10/31/2017,1313,7.033530571
10/31/2017,1314,7.03357433
10/31/2017,1315,7.033618088
10/31/2017,1316,7.033661846
10/31/2017,1317,7.033705604
10/31/2017,1318,7.033749363
10/31/2017,1319,7.033793121
10/31/2017,1320,7.033836879
10/31/2017,1321,7.033880637
10/31/2017,1322,7.033924396
10/31/2017,1323,7.033968154
10/31/2017,1324,7.034011912
10/31/2017,1325,7.03405567
10/31/2017,1326,7.034099429
10/31/2017,1327,7.034143187
10/31/2017,1328,7.034186945
10/31/2017,1329,7.034230703
10/31/2017,1330,7.034274462
10/31/2017,1331,7.03431822
10/31/2017,1332,7.034361978
10/31/2017,1333,7.034405736
10/31/2017,1334,7.034449495
10/31/2017,1335,7.034493253
10/31/2017,1336,7.034537011
10/31/2017,1337,7.034580769
10/31/2017,1338,7.034624527
10/31/2017,1339,7.034668286
10/31/2017,1340,7.034712044
10/31/2017,1341,7.034755802
10/31/2017,1342,7.03479956
10/31/2017,1343,7.034843319
10/31/2017,1344,7.034887077
10/31/2017,1345,7.034930835
10/31/2017,1346,7.034974593
10/31/2017,1347,7.035018352
10/31/2017,1348,7.03506211
10/31/2017,1349,7.035105868
10/31/2017,1350,7.035149626
10/31/2017,1351,7.035193385
10/31/2017,1352,7.035237143
10/31/2017,1353,7.035280901
10/31/2017,1354,7.035324659
10/31/2017,1355,7.035368418
10/31/2017,1356,7.035412176
10/31/2017,1357,7.035455934
10/31/2017,1358,7.035499692
10/31/2017,1359,7.035543451
10/31/2017,1360,7.035587209
10/31/2017,1361,7.035630967
10/31/2017,1362,7.035674725
10/31/2017,1363,7.035718484
10/31/2017,1364,7.035762242
10/31/2017,1365,7.035806
10/31/2017,1366,7.035849758
10/31/2017,1367,7.035893516
10/31/2017,1368,7.035937275
10/31/2017,1369,7.035981033
10/31/2017,1370,7.036024791
10/31/2017,1371,7.036068549
10/31/2017,1372,7.036112308
10/31/2017,1373,7.036156066
10/31/2017,1374,7.036199824
10/31/2017,1375,7.036243582
10/31/2017,1376,7.036287341
10/31/2017,1377,7.036331099
10/31/2017,1378,7.036374857
10/31/2017,1379,7.036418615
10/31/2017,1380,7.036462374
10/31/2017,1381,7.036506132
10/31/2017,1382,7.03654989
10/31/2017,1383,7.036593648
10/31/2017,1384,7.036637407
10/31/2017,1385,7.036681165
10/31/2017,1386,7.036724923
10/31/2017,1387,7.036768681
10/31/2017,1388,7.03681244
10/31/2017,1389,7.036856198
10/31/2017,1390,7.036899956
10/31/2017,1391,7.036943714
10/31/2017,1392,7.036987473
10/31/2017,1393,7.037031231
10/31/2017,1394,7.037074989
10/31/2017,1395,7.037118747
10/31/2017,1396,7.037162505
10/31/2017,1397,7.037206264
10/31/2017,1398,7.037250022
10/31/2017,1399,7.03729378
10/31/2017,1400,7.037337538
10/31/2017,1401,7.037381297
10/31/2017,1402,7.037425055
10/31/2017,1403,7.037468813
10/31/2017,1404,7.037512571
10/31/2017,1405,7.03755633
10/31/2017,1406,7.037600088
10/31/2017,1407,7.037643846
10/31/2017,1408,7.037687604
10/31/2017,1409,7.037731363
10/31/2017,1410,7.037775121
10/31/2017,1411,7.037818879
10/31/2017,1412,7.037862637
10/31/2017,1413,7.037906396
10/31/2017,1414,7.037950154
10/31/2017,1415,7.037993912
10/31/2017,1416,7.03803767
10/31/2017,1417,7.038081429
10/31/2017,1418,7.038125187
10/31/2017,1419,7.038168945
10/31/2017,1420,7.038212703
10/31/2017,1421,7.038256462
10/31/2017,1422,7.03830022
10/31/2017,1423,7.038343978
10/31/2017,1424,7.038387736
10/31/2017,1425,7.038431495
10/31/2017,1426,7.038475253
10/31/2017,1427,7.038519011
10/31/2017,1428,7.038562769
10/31/2017,1429,7.038606527
10/31/2017,1430,7.038650286
10/31/2017,1431,7.038694044
10/31/2017,1432,7.038737802
10/31/2017,1433,7.03878156
10/31/2017,1434,7.038825319
10/31/2017,1435,7.038869077
10/31/2017,1436,7.038912835
10/31/2017,1437,7.038956593
10/31/2017,1438,7.039000352
10/31/2017,1439,7.03904411
10/31/2017,1440,7.039087868
10/31/2017,1441,7.039131626
10/31/2017,1442,7.039175385
10/31/2017,1443,7.039219143
10/31/2017,1444,7.039262901
10/31/2017,1445,7.039306659
10/31/2017,1446,7.039350418
10/31/2017,1447,7.039394176
10/31/2017,1448,7.039437934
10/31/2017,1449,7.039481692
10/31/2017,1450,7.039525451
10/31/2017,1451,7.039569209
10/31/2017,1452,7.039612967
10/31/2017,1453,7.039656725
10/31/2017,1454,7.039700484
10/31/2017,1455,7.039744242
10/31/2017,1456,7.039788
10/31/2017,1457,7.039793429
10/31/2017,1458,7.039798857
10/31/2017,1459,7.039804286
10/31/2017,1460,7.039809714
10/31/2017,1461,7.039815143
10/31/2017,1462,7.039820571
10/31/2017,1463,7.039826
10/31/2017,1464,7.039831429
10/31/2017,1465,7.039836857
10/31/2017,1466,7.039842286
10/31/2017,1467,7.039847714
10/31/2017,1468,7.039853143
10/31/2017,1469,7.039858571
10/31/2017,1470,7.039864
10/31/2017,1471,7.039869429
10/31/2017,1472,7.039874857
10/31/2017,1473,7.039880286
10/31/2017,1474,7.039885714
10/31/2017,1475,7.039891143
10/31/2017,1476,7.039896571
10/31/2017,1477,7.039902
10/31/2017,1478,7.039907429
10/31/2017,1479,7.039912857
10/31/2017,1480,7.039918286
10/31/2017,1481,7.039923714
10/31/2017,1482,7.039929143
10/31/2017,1483,7.039934571
10/31/2017,1484,7.03994
10/31/2017,1485,7.039945429
10/31/2017,1486,7.039950857
10/31/2017,1487,7.039956286
10/31/2017,1488,7.039961714
10/31/2017,1489,7.039967143
10/31/2017,1490,7.039972571
10/31/2017,1491,7.039978
10/31/2017,1492,7.039983429
10/31/2017,1493,7.039988857
10/31/2017,1494,7.039994286
10/31/2017,1495,7.039999714
10/31/2017,1496,7.040005143
10/31/2017,1497,7.040010571
10/31/2017,1498,7.040016
10/31/2017,1499,7.040021429
10/31/2017,1500,7.040026857
10/31/2017,1501,7.040032286
10/31/2017,1502,7.040037714
10/31/2017,1503,7.040043143
10/31/2017,1504,7.040048571
10/31/2017,1505,7.040054
10/31/2017,1506,7.040059429
10/31/2017,1507,7.040064857
10/31/2017,1508,7.040070286
10/31/2017,1509,7.040075714
10/31/2017,1510,7.040081143
10/31/2017,1511,7.040086571
10/31/2017,1512,7.040092
10/31/2017,1513,7.040097429
10/31/2017,1514,7.040102857
10/31/2017,1515,7.040108286
10/31/2017,1516,7.040113714
10/31/2017,1517,7.040119143
10/31/2017,1518,7.040124571
10/31/2017,1519,7.04013
10/31/2017,1520,7.040135429
10/31/2017,1521,7.040140857
10/31/2017,1522,7.040146286
10/31/2017,1523,7.040151714
10/31/2017,1524,7.040157143
10/31/2017,1525,7.040162571
10/31/2017,1526,7.040168
10/31/2017,1527,7.040173429
10/31/2017,1528,7.040178857
10/31/2017,1529,7.040184286
10/31/2017,1530,7.040189714
10/31/2017,1531,7.040195143
10/31/2017,1532,7.040200571
10/31/2017,1533,7.040206
10/31/2017,1534,7.040211429
10/31/2017,1535,7.040216857
10/31/2017,1536,7.040222286
10/31/2017,1537,7.040227714
10/31/2017,1538,7.040233143
10/31/2017,1539,7.040238571
10/31/2017,1540,7.040244
10/31/2017,1541,7.040249429
10/31/2017,1542,7.040254857
10/31/2017,1543,7.040260286
10/31/2017,1544,7.040265714
10/31/2017,1545,7.040271143
10/31/2017,1546,7.040276571
10/31/2017,1547,7.040282
10/31/2017,1548,7.040287429
10/31/2017,1549,7.040292857
10/31/2017,1550,7.040298286
10/31/2017,1551,7.040303714
10/31/2017,1552,7.040309143
10/31/2017,1553,7.040314571
10/31/2017,1554,7.04032
10/31/2017,1555,7.040325429
10/31/2017,1556,7.040330857
10/31/2017,1557,7.040336286
10/31/2017,1558,7.040341714
10/31/2017,1559,7.040347143
10/31/2017,1560,7.040352571
10/31/2017,1561,7.040358
10/31/2017,1562,7.040363429
10/31/2017,1563,7.040368857
10/31/2017,1564,7.040374286
10/31/2017,1565,7.040379714
10/31/2017,1566,7.040385143
10/31/2017,1567,7.040390571
10/31/2017,1568,7.040396
10/31/2017,1569,7.040401429
10/31/2017,1570,7.040406857
10/31/2017,1571,7.040412286
10/31/2017,1572,7.040417714
10/31/2017,1573,7.040423143
10/31/2017,1574,7.040428571
10/31/2017,1575,7.040434
10/31/2017,1576,7.040439429
10/31/2017,1577,7.040444857
10/31/2017,1578,7.040450286
10/31/2017,1579,7.040455714
10/31/2017,1580,7.040461143
10/31/2017,1581,7.040466571
10/31/2017,1582,7.040472
10/31/2017,1583,7.040477429
10/31/2017,1584,7.040482857
10/31/2017,1585,7.040488286
10/31/2017,1586,7.040493714
10/31/2017,1587,7.040499143
10/31/2017,1588,7.040504571
10/31/2017,1589,7.04051
10/31/2017,1590,7.040515429
10/31/2017,1591,7.040520857
10/31/2017,1592,7.040526286
10/31/2017,1593,7.040531714
10/31/2017,1594,7.040537143
10/31/2017,1595,7.040542571
10/31/2017,1596,7.040548
10/31/2017,1597,7.040553429
10/31/2017,1598,7.040558857
10/31/2017,1599,7.040564286
10/31/2017,1600,7.040569714
10/31/2017,1601,7.040575143
10/31/2017,1602,7.040580571
10/31/2017,1603,7.040586
10/31/2017,1604,7.040591429
10/31/2017,1605,7.040596857
10/31/2017,1606,7.040602286
10/31/2017,1607,7.040607714
10/31/2017,1608,7.040613143
10/31/2017,1609,7.040618571
10/31/2017,1610,7.040624
10/31/2017,1611,7.040629429
10/31/2017,1612,7.040634857
10/31/2017,1613,7.040640286
10/31/2017,1614,7.040645714
10/31/2017,1615,7.040651143
10/31/2017,1616,7.040656571
10/31/2017,1617,7.040662
10/31/2017,1618,7.040667429
10/31/2017,1619,7.040672857
10/31/2017,1620,7.040678286
10/31/2017,1621,7.040683714
10/31/2017,1622,7.040689143
10/31/2017,1623,7.040694571
10/31/2017,1624,7.0407
10/31/2017,1625,7.040705429
10/31/2017,1626,7.040710857
10/31/2017,1627,7.040716286
10/31/2017,1628,7.040721714
10/31/2017,1629,7.040727143
10/31/2017,1630,7.040732571
10/31/2017,1631,7.040738
10/31/2017,1632,7.040743429
10/31/2017,1633,7.040748857
10/31/2017,1634,7.040754286
10/31/2017,1635,7.040759714
10/31/2017,1636,7.040765143
10/31/2017,1637,7.040770571
10/31/2017,1638,7.040776
10/31/2017,1639,7.040809495
10/31/2017,1640,7.040842989
10/31/2017,1641,7.040876484
10/31/2017,1642,7.040909978
10/31/2017,1643,7.040943473
10/31/2017,1644,7.040976967
10/31/2017,1645,7.041010462
10/31/2017,1646,7.041043956
10/31/2017,1647,7.041077451
10/31/2017,1648,7.041110945
10/31/2017,1649,7.04114444
10/31/2017,1650,7.041177934
10/31/2017,1651,7.041211429
10/31/2017,1652,7.041244923
10/31/2017,1653,7.041278418
10/31/2017,1654,7.041311912
10/31/2017,1655,7.041345407
10/31/2017,1656,7.041378901
10/31/2017,1657,7.041412396
10/31/2017,1658,7.04144589
10/31/2017,1659,7.041479385
10/31/2017,1660,7.041512879
10/31/2017,1661,7.041546374
10/31/2017,1662,7.041579868
10/31/2017,1663,7.041613363
10/31/2017,1664,7.041646857
10/31/2017,1665,7.041680352
10/31/2017,1666,7.041713846
10/31/2017,1667,7.041747341
10/31/2017,1668,7.041780835
10/31/2017,1669,7.04181433
10/31/2017,1670,7.041847824
10/31/2017,1671,7.041881319
10/31/2017,1672,7.041914813
10/31/2017,1673,7.041948308
10/31/2017,1674,7.041981802
10/31/2017,1675,7.042015297
10/31/2017,1676,7.042048791
10/31/2017,1677,7.042082286
10/31/2017,1678,7.04211578
10/31/2017,1679,7.042149275
10/31/2017,1680,7.042182769
10/31/2017,1681,7.042216264
10/31/2017,1682,7.042249758
10/31/2017,1683,7.042283253
10/31/2017,1684,7.042316747
10/31/2017,1685,7.042350242
10/31/2017,1686,7.042383736
10/31/2017,1687,7.042417231
10/31/2017,1688,7.042450725
10/31/2017,1689,7.04248422
10/31/2017,1690,7.042517714
10/31/2017,1691,7.042551209
10/31/2017,1692,7.042584703
10/31/2017,1693,7.042618198
10/31/2017,1694,7.042651692
10/31/2017,1695,7.042685187
10/31/2017,1696,7.042718681
10/31/2017,1697,7.042752176
10/31/2017,1698,7.04278567
10/31/2017,1699,7.042819165
10/31/2017,1700,7.042852659
10/31/2017,1701,7.042886154
10/31/2017,1702,7.042919648
10/31/2017,1703,7.042953143
10/31/2017,1704,7.042986637
10/31/2017,1705,7.043020132
10/31/2017,1706,7.043053626
10/31/2017,1707,7.043087121
10/31/2017,1708,7.043120615
10/31/2017,1709,7.04315411
10/31/2017,1710,7.043187604
10/31/2017,1711,7.043221099
10/31/2017,1712,7.043254593
10/31/2017,1713,7.043288088
10/31/2017,1714,7.043321582
10/31/2017,1715,7.043355077
10/31/2017,1716,7.043388571
10/31/2017,1717,7.043422066
10/31/2017,1718,7.04345556
10/31/2017,1719,7.043489055
10/31/2017,1720,7.043522549
10/31/2017,1721,7.043556044
10/31/2017,1722,7.043589538
10/31/2017,1723,7.043623033
10/31/2017,1724,7.043656527
10/31/2017,1725,7.043690022
10/31/2017,1726,7.043723516
10/31/2017,1727,7.043757011
10/31/2017,1728,7.043790505
10/31/2017,1729,7.043824
10/31/2017,1730,7.043857495
10/31/2017,1731,7.043890989
10/31/2017,1732,7.043924484
10/31/2017,1733,7.043957978
10/31/2017,1734,7.043991473
10/31/2017,1735,7.044024967
10/31/2017,1736,7.044058462
10/31/2017,1737,7.044091956
10/31/2017,1738,7.044125451
10/31/2017,1739,7.044158945
10/31/2017,1740,7.04419244
10/31/2017,1741,7.044225934
10/31/2017,1742,7.044259429
10/31/2017,1743,7.044292923
10/31/2017,1744,7.044326418
10/31/2017,1745,7.044359912
10/31/2017,1746,7.044393407
10/31/2017,1747,7.044426901
10/31/2017,1748,7.044460396
10/31/2017,1749,7.04449389
10/31/2017,1750,7.044527385
10/31/2017,1751,7.044560879
10/31/2017,1752,7.044594374
10/31/2017,1753,7.044627868
10/31/2017,1754,7.044661363
10/31/2017,1755,7.044694857
10/31/2017,1756,7.044728352
10/31/2017,1757,7.044761846
10/31/2017,1758,7.044795341
10/31/2017,1759,7.044828835
10/31/2017,1760,7.04486233
10/31/2017,1761,7.044895824
10/31/2017,1762,7.044929319
10/31/2017,1763,7.044962813
10/31/2017,1764,7.044996308
10/31/2017,1765,7.045029802
10/31/2017,1766,7.045063297
10/31/2017,1767,7.045096791
10/31/2017,1768,7.045130286
10/31/2017,1769,7.04516378
10/31/2017,1770,7.045197275
10/31/2017,1771,7.045230769
10/31/2017,1772,7.045264264
10/31/2017,1773,7.045297758
10/31/2017,1774,7.045331253
10/31/2017,1775,7.045364747
10/31/2017,1776,7.045398242
10/31/2017,1777,7.045431736
10/31/2017,1778,7.045465231
10/31/2017,1779,7.045498725
10/31/2017,1780,7.04553222
10/31/2017,1781,7.045565714
10/31/2017,1782,7.045599209
10/31/2017,1783,7.045632703
10/31/2017,1784,7.045666198
10/31/2017,1785,7.045699692
10/31/2017,1786,7.045733187
10/31/2017,1787,7.045766681
10/31/2017,1788,7.045800176
10/31/2017,1789,7.04583367
10/31/2017,1790,7.045867165
10/31/2017,1791,7.045900659
10/31/2017,1792,7.045934154
10/31/2017,1793,7.045967648
10/31/2017,1794,7.046001143
10/31/2017,1795,7.046034637
10/31/2017,1796,7.046068132
10/31/2017,1797,7.046101626
10/31/2017,1798,7.046135121
10/31/2017,1799,7.046168615
10/31/2017,1800,7.04620211
10/31/2017,1801,7.046235604
10/31/2017,1802,7.046269099
10/31/2017,1803,7.046302593
10/31/2017,1804,7.046336088
10/31/2017,1805,7.046369582
10/31/2017,1806,7.046403077
10/31/2017,1807,7.046436571
10/31/2017,1808,7.046470066
10/31/2017,1809,7.04650356
10/31/2017,1810,7.046537055
10/31/2017,1811,7.046570549
10/31/2017,1812,7.046604044
10/31/2017,1813,7.046637538
10/31/2017,1814,7.046671033
10/31/2017,1815,7.046704527
10/31/2017,1816,7.046738022
10/31/2017,1817,7.046771516
10/31/2017,1818,7.046805011
10/31/2017,1819,7.046838505
10/31/2017,1820,7.046872
10/31/2017,1821,7.046910582
10/31/2017,1822,7.046949165
10/31/2017,1823,7.046987747
10/31/2017,1824,7.04702633
10/31/2017,1825,7.047064912
10/31/2017,1826,7.047103495
10/31/2017,1827,7.047142077
10/31/2017,1828,7.047180659
10/31/2017,1829,7.047219242
10/31/2017,1830,7.047257824
10/31/2017,1831,7.047296407
10/31/2017,1832,7.047334989
10/31/2017,1833,7.047373571
10/31/2017,1834,7.047412154
10/31/2017,1835,7.047450736
10/31/2017,1836,7.047489319
10/31/2017,1837,7.047527901
10/31/2017,1838,7.047566484
10/31/2017,1839,7.047605066
10/31/2017,1840,7.047643648
10/31/2017,1841,7.047682231
10/31/2017,1842,7.047720813
10/31/2017,1843,7.047759396
10/31/2017,1844,7.047797978
10/31/2017,1845,7.04783656
10/31/2017,1846,7.047875143
10/31/2017,1847,7.047913725
10/31/2017,1848,7.047952308
10/31/2017,1849,7.04799089
10/31/2017,1850,7.048029473
10/31/2017,1851,7.048068055
10/31/2017,1852,7.048106637
10/31/2017,1853,7.04814522
10/31/2017,1854,7.048183802
10/31/2017,1855,7.048222385
10/31/2017,1856,7.048260967
10/31/2017,1857,7.048299549
10/31/2017,1858,7.048338132
10/31/2017,1859,7.048376714
10/31/2017,1860,7.048415297
10/31/2017,1861,7.048453879
10/31/2017,1862,7.048492462
10/31/2017,1863,7.048531044
10/31/2017,1864,7.048569626
10/31/2017,1865,7.048608209
10/31/2017,1866,7.048646791
10/31/2017,1867,7.048685374
10/31/2017,1868,7.048723956
10/31/2017,1869,7.048762538
10/31/2017,1870,7.048801121
10/31/2017,1871,7.048839703
10/31/2017,1872,7.048878286
10/31/2017,1873,7.048916868
10/31/2017,1874,7.048955451
10/31/2017,1875,7.048994033
10/31/2017,1876,7.049032615
10/31/2017,1877,7.049071198
10/31/2017,1878,7.04910978
10/31/2017,1879,7.049148363
10/31/2017,1880,7.049186945
10/31/2017,1881,7.049225527
10/31/2017,1882,7.04926411
10/31/2017,1883,7.049302692
10/31/2017,1884,7.049341275
10/31/2017,1885,7.049379857
10/31/2017,1886,7.04941844
10/31/2017,1887,7.049457022
10/31/2017,1888,7.049495604
10/31/2017,1889,7.049534187
10/31/2017,1890,7.049572769
10/31/2017,1891,7.049611352
10/31/2017,1892,7.049649934
10/31/2017,1893,7.049688516
10/31/2017,1894,7.049727099
10/31/2017,1895,7.049765681
10/31/2017,1896,7.049804264
10/31/2017,1897,7.049842846
10/31/2017,1898,7.049881429
10/31/2017,1899,7.049920011
10/31/2017,1900,7.049958593
10/31/2017,1901,7.049997176
10/31/2017,1902,7.050035758
10/31/2017,1903,7.050074341
10/31/2017,1904,7.050112923
10/31/2017,1905,7.050151505
10/31/2017,1906,7.050190088
10/31/2017,1907,7.05022867
10/31/2017,1908,7.050267253
10/31/2017,1909,7.050305835
10/31/2017,1910,7.050344418
10/31/2017,1911,7.050383
10/31/2017,1912,7.050421582
10/31/2017,1913,7.050460165
10/31/2017,1914,7.050498747
10/31/2017,1915,7.05053733
10/31/2017,1916,7.050575912
10/31/2017,1917,7.050614495
10/31/2017,1918,7.050653077
10/31/2017,1919,7.050691659
10/31/2017,1920,7.050730242
10/31/2017,1921,7.050768824
10/31/2017,1922,7.050807407
10/31/2017,1923,7.050845989
10/31/2017,1924,7.050884571
10/31/2017,1925,7.050923154
10/31/2017,1926,7.050961736
10/31/2017,1927,7.051000319
10/31/2017,1928,7.051038901
10/31/2017,1929,7.051077484
10/31/2017,1930,7.051116066
10/31/2017,1931,7.051154648
10/31/2017,1932,7.051193231
10/31/2017,1933,7.051231813
10/31/2017,1934,7.051270396
10/31/2017,1935,7.051308978
10/31/2017,1936,7.05134756
10/31/2017,1937,7.051386143
10/31/2017,1938,7.051424725
10/31/2017,1939,7.051463308
10/31/2017,1940,7.05150189
10/31/2017,1941,7.051540473
10/31/2017,1942,7.051579055
10/31/2017,1943,7.051617637
10/31/2017,1944,7.05165622
10/31/2017,1945,7.051694802
10/31/2017,1946,7.051733385
10/31/2017,1947,7.051771967
10/31/2017,1948,7.051810549
10/31/2017,1949,7.051849132
10/31/2017,1950,7.051887714
10/31/2017,1951,7.051926297
10/31/2017,1952,7.051964879
10/31/2017,1953,7.052003462
10/31/2017,1954,7.052042044
10/31/2017,1955,7.052080626
10/31/2017,1956,7.052119209
10/31/2017,1957,7.052157791
10/31/2017,1958,7.052196374
10/31/2017,1959,7.052234956
10/31/2017,1960,7.052273538
10/31/2017,1961,7.052312121
10/31/2017,1962,7.052350703
10/31/2017,1963,7.052389286
10/31/2017,1964,7.052427868
10/31/2017,1965,7.052466451
10/31/2017,1966,7.052505033
10/31/2017,1967,7.052543615
10/31/2017,1968,7.052582198
10/31/2017,1969,7.05262078
10/31/2017,1970,7.052659363
10/31/2017,1971,7.052697945
10/31/2017,1972,7.052736527
10/31/2017,1973,7.05277511
10/31/2017,1974,7.052813692
10/31/2017,1975,7.052852275
10/31/2017,1976,7.052890857
10/31/2017,1977,7.05292944
10/31/2017,1978,7.052968022
10/31/2017,1979,7.053006604
10/31/2017,1980,7.053045187
10/31/2017,1981,7.053083769
10/31/2017,1982,7.053122352
10/31/2017,1983,7.053160934
10/31/2017,1984,7.053199516
10/31/2017,1985,7.053238099
10/31/2017,1986,7.053276681
10/31/2017,1987,7.053315264
10/31/2017,1988,7.053353846
10/31/2017,1989,7.053392429
10/31/2017,1990,7.053431011
10/31/2017,1991,7.053469593
10/31/2017,1992,7.053508176
10/31/2017,1993,7.053546758
10/31/2017,1994,7.053585341
10/31/2017,1995,7.053623923
10/31/2017,1996,7.053662505
10/31/2017,1997,7.053701088
10/31/2017,1998,7.05373967
10/31/2017,1999,7.053778253
10/31/2017,2000,7.053816835
10/31/2017,2001,7.053855418
10/31/2017,2002,7.053894
10/31/2017,2003,7.053934505
10/31/2017,2004,7.053975011
10/31/2017,2005,7.054015516
10/31/2017,2006,7.054056022
10/31/2017,2007,7.054096527
10/31/2017,2008,7.054137033
10/31/2017,2009,7.054177538
10/31/2017,2010,7.054218044
10/31/2017,2011,7.054258549
10/31/2017,2012,7.054299055
10/31/2017,2013,7.05433956
10/31/2017,2014,7.054380066
10/31/2017,2015,7.054420571
10/31/2017,2016,7.054461077
10/31/2017,2017,7.054501582
10/31/2017,2018,7.054542088
10/31/2017,2019,7.054582593
10/31/2017,2020,7.054623099
10/31/2017,2021,7.054663604
10/31/2017,2022,7.05470411
10/31/2017,2023,7.054744615
10/31/2017,2024,7.054785121
10/31/2017,2025,7.054825626
10/31/2017,2026,7.054866132
10/31/2017,2027,7.054906637
10/31/2017,2028,7.054947143
10/31/2017,2029,7.054987648
10/31/2017,2030,7.055028154
10/31/2017,2031,7.055068659
10/31/2017,2032,7.055109165
10/31/2017,2033,7.05514967
10/31/2017,2034,7.055190176
10/31/2017,2035,7.055230681
10/31/2017,2036,7.055271187
10/31/2017,2037,7.055311692
10/31/2017,2038,7.055352198
10/31/2017,2039,7.055392703
10/31/2017,2040,7.055433209
10/31/2017,2041,7.055473714
10/31/2017,2042,7.05551422
10/31/2017,2043,7.055554725
10/31/2017,2044,7.055595231
10/31/2017,2045,7.055635736
10/31/2017,2046,7.055676242
10/31/2017,2047,7.055716747
10/31/2017,2048,7.055757253
10/31/2017,2049,7.055797758
10/31/2017,2050,7.055838264
10/31/2017,2051,7.055878769
10/31/2017,2052,7.055919275
10/31/2017,2053,7.05595978
10/31/2017,2054,7.056000286
10/31/2017,2055,7.056040791
10/31/2017,2056,7.056081297
10/31/2017,2057,7.056121802
10/31/2017,2058,7.056162308
10/31/2017,2059,7.056202813
10/31/2017,2060,7.056243319
10/31/2017,2061,7.056283824
10/31/2017,2062,7.05632433
10/31/2017,2063,7.056364835
10/31/2017,2064,7.056405341
10/31/2017,2065,7.056445846
10/31/2017,2066,7.056486352
10/31/2017,2067,7.056526857
10/31/2017,2068,7.056567363
10/31/2017,2069,7.056607868
10/31/2017,2070,7.056648374
10/31/2017,2071,7.056688879
10/31/2017,2072,7.056729385
10/31/2017,2073,7.05676989
10/31/2017,2074,7.056810396
10/31/2017,2075,7.056850901
10/31/2017,2076,7.056891407
10/31/2017,2077,7.056931912
10/31/2017,2078,7.056972418
10/31/2017,2079,7.057012923
10/31/2017,2080,7.057053429
10/31/2017,2081,7.057093934
10/31/2017,2082,7.05713444
10/31/2017,2083,7.057174945
10/31/2017,2084,7.057215451
10/31/2017,2085,7.057255956
10/31/2017,2086,7.057296462
10/31/2017,2087,7.057336967
10/31/2017,2088,7.057377473
10/31/2017,2089,7.057417978
10/31/2017,2090,7.057458484
10/31/2017,2091,7.057498989
10/31/2017,2092,7.057539495
10/31/2017,2093,7.05758
10/31/2017,2094,7.057620505
10/31/2017,2095,7.057661011
10/31/2017,2096,7.057701516
10/31/2017,2097,7.057742022
10/31/2017,2098,7.057782527
10/31/2017,2099,7.057823033
10/31/2017,2100,7.057863538
10/31/2017,2101,7.057904044
10/31/2017,2102,7.057944549
10/31/2017,2103,7.057985055
10/31/2017,2104,7.05802556
10/31/2017,2105,7.058066066
10/31/2017,2106,7.058106571
10/31/2017,2107,7.058147077
10/31/2017,2108,7.058187582
10/31/2017,2109,7.058228088
10/31/2017,2110,7.058268593
10/31/2017,2111,7.058309099
10/31/2017,2112,7.058349604
10/31/2017,2113,7.05839011
10/31/2017,2114,7.058430615
10/31/2017,2115,7.058471121
10/31/2017,2116,7.058511626
10/31/2017,2117,7.058552132
10/31/2017,2118,7.058592637
10/31/2017,2119,7.058633143
10/31/2017,2120,7.058673648
10/31/2017,2121,7.058714154
10/31/2017,2122,7.058754659
10/31/2017,2123,7.058795165
10/31/2017,2124,7.05883567
10/31/2017,2125,7.058876176
10/31/2017,2126,7.058916681
10/31/2017,2127,7.058957187
10/31/2017,2128,7.058997692
10/31/2017,2129,7.059038198
10/31/2017,2130,7.059078703
10/31/2017,2131,7.059119209
10/31/2017,2132,7.059159714
10/31/2017,2133,7.05920022
10/31/2017,2134,7.059240725
10/31/2017,2135,7.059281231
10/31/2017,2136,7.059321736
10/31/2017,2137,7.059362242
10/31/2017,2138,7.059402747
10/31/2017,2139,7.059443253
10/31/2017,2140,7.059483758
10/31/2017,2141,7.059524264
10/31/2017,2142,7.059564769
10/31/2017,2143,7.059605275
10/31/2017,2144,7.05964578
10/31/2017,2145,7.059686286
10/31/2017,2146,7.059726791
10/31/2017,2147,7.059767297
10/31/2017,2148,7.059807802
10/31/2017,2149,7.059848308
10/31/2017,2150,7.059888813
10/31/2017,2151,7.059929319
10/31/2017,2152,7.059969824
10/31/2017,2153,7.06001033
10/31/2017,2154,7.060050835
10/31/2017,2155,7.060091341
10/31/2017,2156,7.060131846
10/31/2017,2157,7.060172352
10/31/2017,2158,7.060212857
10/31/2017,2159,7.060253363
10/31/2017,2160,7.060293868
10/31/2017,2161,7.060334374
10/31/2017,2162,7.060374879
10/31/2017,2163,7.060415385
10/31/2017,2164,7.06045589
10/31/2017,2165,7.060496396
10/31/2017,2166,7.060536901
10/31/2017,2167,7.060577407
10/31/2017,2168,7.060617912
10/31/2017,2169,7.060658418
10/31/2017,2170,7.060698923
10/31/2017,2171,7.060739429
10/31/2017,2172,7.060779934
10/31/2017,2173,7.06082044
10/31/2017,2174,7.060860945
10/31/2017,2175,7.060901451
10/31/2017,2176,7.060941956
10/31/2017,2177,7.060982462
10/31/2017,2178,7.061022967
10/31/2017,2179,7.061063473
10/31/2017,2180,7.061103978
10/31/2017,2181,7.061144484
10/31/2017,2182,7.061184989
10/31/2017,2183,7.061225495
10/31/2017,2184,7.061266
10/31/2017,2185,7.061354962
10/31/2017,2186,7.061443923
10/31/2017,2187,7.061532885
10/31/2017,2188,7.061621846
10/31/2017,2189,7.061710808
10/31/2017,2190,7.061799769
10/31/2017,2191,7.061888731
10/31/2017,2192,7.061977692
10/31/2017,2193,7.062066654
10/31/2017,2194,7.062155615
10/31/2017,2195,7.062244577
10/31/2017,2196,7.062333538
10/31/2017,2197,7.0624225
10/31/2017,2198,7.062511462
10/31/2017,2199,7.062600423
10/31/2017,2200,7.062689385
10/31/2017,2201,7.062778346
10/31/2017,2202,7.062867308
10/31/2017,2203,7.062956269
10/31/2017,2204,7.063045231
10/31/2017,2205,7.063134192
10/31/2017,2206,7.063223154
10/31/2017,2207,7.063312115
10/31/2017,2208,7.063401077
10/31/2017,2209,7.063490038
10/31/2017,2210,7.063579
10/31/2017,2211,7.063667962
10/31/2017,2212,7.063756923
10/31/2017,2213,7.063845885
10/31/2017,2214,7.063934846
10/31/2017,2215,7.064023808
10/31/2017,2216,7.064112769
10/31/2017,2217,7.064201731
10/31/2017,2218,7.064290692
10/31/2017,2219,7.064379654
10/31/2017,2220,7.064468615
10/31/2017,2221,7.064557577
10/31/2017,2222,7.064646538
10/31/2017,2223,7.0647355
10/31/2017,2224,7.064824462
10/31/2017,2225,7.064913423
10/31/2017,2226,7.065002385
10/31/2017,2227,7.065091346
10/31/2017,2228,7.065180308
10/31/2017,2229,7.065269269
10/31/2017,2230,7.065358231
10/31/2017,2231,7.065447192
10/31/2017,2232,7.065536154
10/31/2017,2233,7.065625115
10/31/2017,2234,7.065714077
10/31/2017,2235,7.065803038
10/31/2017,2236,7.065892
10/31/2017,2237,7.065980962
10/31/2017,2238,7.066069923
10/31/2017,2239,7.066158885
10/31/2017,2240,7.066247846
10/31/2017,2241,7.066336808
10/31/2017,2242,7.066425769
10/31/2017,2243,7.066514731
10/31/2017,2244,7.066603692
10/31/2017,2245,7.066692654
10/31/2017,2246,7.066781615
10/31/2017,2247,7.066870577
10/31/2017,2248,7.066959538
10/31/2017,2249,7.0670485
10/31/2017,2250,7.067137462
10/31/2017,2251,7.067226423
10/31/2017,2252,7.067315385
10/31/2017,2253,7.067404346
10/31/2017,2254,7.067493308
10/31/2017,2255,7.067582269
10/31/2017,2256,7.067671231
10/31/2017,2257,7.067760192
10/31/2017,2258,7.067849154
10/31/2017,2259,7.067938115
10/31/2017,2260,7.068027077
10/31/2017,2261,7.068116038
10/31/2017,2262,7.068205
10/31/2017,2263,7.068293962
10/31/2017,2264,7.068382923
10/31/2017,2265,7.068471885
10/31/2017,2266,7.068560846
10/31/2017,2267,7.068649808
10/31/2017,2268,7.068738769
10/31/2017,2269,7.068827731
10/31/2017,2270,7.068916692
10/31/2017,2271,7.069005654
10/31/2017,2272,7.069094615
10/31/2017,2273,7.069183577
10/31/2017,2274,7.069272538
10/31/2017,2275,7.0693615
10/31/2017,2276,7.069450462
10/31/2017,2277,7.069539423
10/31/2017,2278,7.069628385
10/31/2017,2279,7.069717346
10/31/2017,2280,7.069806308
10/31/2017,2281,7.069895269
10/31/2017,2282,7.069984231
10/31/2017,2283,7.070073192
10/31/2017,2284,7.070162154
10/31/2017,2285,7.070251115
10/31/2017,2286,7.070340077
10/31/2017,2287,7.070429038
10/31/2017,2288,7.070518
10/31/2017,2289,7.070606962
10/31/2017,2290,7.070695923
10/31/2017,2291,7.070784885
10/31/2017,2292,7.070873846
10/31/2017,2293,7.070962808
10/31/2017,2294,7.071051769
10/31/2017,2295,7.071140731
10/31/2017,2296,7.071229692
10/31/2017,2297,7.071318654
10/31/2017,2298,7.071407615
10/31/2017,2299,7.071496577
10/31/2017,2300,7.071585538
10/31/2017,2301,7.0716745
10/31/2017,2302,7.071763462
10/31/2017,2303,7.071852423
10/31/2017,2304,7.071941385
10/31/2017,2305,7.072030346
10/31/2017,2306,7.072119308
10/31/2017,2307,7.072208269
10/31/2017,2308,7.072297231
10/31/2017,2309,7.072386192
10/31/2017,2310,7.072475154
10/31/2017,2311,7.072564115
10/31/2017,2312,7.072653077
10/31/2017,2313,7.072742038
10/31/2017,2314,7.072831
10/31/2017,2315,7.072919962
10/31/2017,2316,7.073008923
10/31/2017,2317,7.073097885
10/31/2017,2318,7.073186846
10/31/2017,2319,7.073275808
10/31/2017,2320,7.073364769
10/31/2017,2321,7.073453731
10/31/2017,2322,7.073542692
10/31/2017,2323,7.073631654
10/31/2017,2324,7.073720615
10/31/2017,2325,7.073809577
10/31/2017,2326,7.073898538
10/31/2017,2327,7.0739875
10/31/2017,2328,7.074076462
10/31/2017,2329,7.074165423
10/31/2017,2330,7.074254385
10/31/2017,2331,7.074343346
10/31/2017,2332,7.074432308
10/31/2017,2333,7.074521269
10/31/2017,2334,7.074610231
10/31/2017,2335,7.074699192
10/31/2017,2336,7.074788154
10/31/2017,2337,7.074877115
10/31/2017,2338,7.074966077
10/31/2017,2339,7.075055038
10/31/2017,2340,7.075144
10/31/2017,2341,7.075232962
10/31/2017,2342,7.075321923
10/31/2017,2343,7.075410885
10/31/2017,2344,7.075499846
10/31/2017,2345,7.075588808
10/31/2017,2346,7.075677769
10/31/2017,2347,7.075766731
10/31/2017,2348,7.075855692
10/31/2017,2349,7.075944654
10/31/2017,2350,7.076033615
10/31/2017,2351,7.076122577
10/31/2017,2352,7.076211538
10/31/2017,2353,7.0763005
10/31/2017,2354,7.076389462
10/31/2017,2355,7.076478423
10/31/2017,2356,7.076567385
10/31/2017,2357,7.076656346
10/31/2017,2358,7.076745308
10/31/2017,2359,7.076834269
10/31/2017,2360,7.076923231
10/31/2017,2361,7.077012192
10/31/2017,2362,7.077101154
10/31/2017,2363,7.077190115
10/31/2017,2364,7.077279077
10/31/2017,2365,7.077368038
10/31/2017,2366,7.077457
10/31/2017,2367,7.077546593
10/31/2017,2368,7.077636187
10/31/2017,2369,7.07772578
10/31/2017,2370,7.077815374
10/31/2017,2371,7.077904967
10/31/2017,2372,7.07799456
10/31/2017,2373,7.078084154
10/31/2017,2374,7.078173747
10/31/2017,2375,7.078263341
10/31/2017,2376,7.078352934
10/31/2017,2377,7.078442527
10/31/2017,2378,7.078532121
10/31/2017,2379,7.078621714
10/31/2017,2380,7.078711308
10/31/2017,2381,7.078800901
10/31/2017,2382,7.078890495
10/31/2017,2383,7.078980088
10/31/2017,2384,7.079069681
10/31/2017,2385,7.079159275
10/31/2017,2386,7.079248868
10/31/2017,2387,7.079338462
10/31/2017,2388,7.079428055
10/31/2017,2389,7.079517648
10/31/2017,2390,7.079607242
10/31/2017,2391,7.079696835
10/31/2017,2392,7.079786429
10/31/2017,2393,7.079876022
10/31/2017,2394,7.079965615
10/31/2017,2395,7.080055209
10/31/2017,2396,7.080144802
10/31/2017,2397,7.080234396
10/31/2017,2398,7.080323989
10/31/2017,2399,7.080413582
10/31/2017,2400,7.080503176
10/31/2017,2401,7.080592769
10/31/2017,2402,7.080682363
10/31/2017,2403,7.080771956
10/31/2017,2404,7.080861549
10/31/2017,2405,7.080951143
10/31/2017,2406,7.081040736
10/31/2017,2407,7.08113033
10/31/2017,2408,7.081219923
10/31/2017,2409,7.081309516
10/31/2017,2410,7.08139911
10/31/2017,2411,7.081488703
10/31/2017,2412,7.081578297
10/31/2017,2413,7.08166789
10/31/2017,2414,7.081757484
10/31/2017,2415,7.081847077
10/31/2017,2416,7.08193667
10/31/2017,2417,7.082026264
10/31/2017,2418,7.082115857
10/31/2017,2419,7.082205451
10/31/2017,2420,7.082295044
10/31/2017,2421,7.082384637
10/31/2017,2422,7.082474231
10/31/2017,2423,7.082563824
10/31/2017,2424,7.082653418
10/31/2017,2425,7.082743011
10/31/2017,2426,7.082832604
10/31/2017,2427,7.082922198
10/31/2017,2428,7.083011791
10/31/2017,2429,7.083101385
10/31/2017,2430,7.083190978
10/31/2017,2431,7.083280571
10/31/2017,2432,7.083370165
10/31/2017,2433,7.083459758
10/31/2017,2434,7.083549352
10/31/2017,2435,7.083638945
10/31/2017,2436,7.083728538
10/31/2017,2437,7.083818132
10/31/2017,2438,7.083907725
10/31/2017,2439,7.083997319
10/31/2017,2440,7.084086912
10/31/2017,2441,7.084176505
10/31/2017,2442,7.084266099
10/31/2017,2443,7.084355692
10/31/2017,2444,7.084445286
10/31/2017,2445,7.084534879
10/31/2017,2446,7.084624473
10/31/2017,2447,7.084714066
10/31/2017,2448,7.084803659
10/31/2017,2449,7.084893253
10/31/2017,2450,7.084982846
10/31/2017,2451,7.08507244
10/31/2017,2452,7.085162033
10/31/2017,2453,7.085251626
10/31/2017,2454,7.08534122
10/31/2017,2455,7.085430813
10/31/2017,2456,7.085520407
10/31/2017,2457,7.08561
10/31/2017,2458,7.085699593
10/31/2017,2459,7.085789187
10/31/2017,2460,7.08587878
10/31/2017,2461,7.085968374
10/31/2017,2462,7.086057967
10/31/2017,2463,7.08614756
10/31/2017,2464,7.086237154
10/31/2017,2465,7.086326747
10/31/2017,2466,7.086416341
10/31/2017,2467,7.086505934
10/31/2017,2468,7.086595527
10/31/2017,2469,7.086685121
10/31/2017,2470,7.086774714
10/31/2017,2471,7.086864308
10/31/2017,2472,7.086953901
10/31/2017,2473,7.087043495
10/31/2017,2474,7.087133088
10/31/2017,2475,7.087222681
10/31/2017,2476,7.087312275
10/31/2017,2477,7.087401868
10/31/2017,2478,7.087491462
10/31/2017,2479,7.087581055
10/31/2017,2480,7.087670648
10/31/2017,2481,7.087760242
10/31/2017,2482,7.087849835
10/31/2017,2483,7.087939429
10/31/2017,2484,7.088029022
10/31/2017,2485,7.088118615
10/31/2017,2486,7.088208209
10/31/2017,2487,7.088297802
10/31/2017,2488,7.088387396
10/31/2017,2489,7.088476989
10/31/2017,2490,7.088566582
10/31/2017,2491,7.088656176
10/31/2017,2492,7.088745769
10/31/2017,2493,7.088835363
10/31/2017,2494,7.088924956
10/31/2017,2495,7.089014549
10/31/2017,2496,7.089104143
10/31/2017,2497,7.089193736
10/31/2017,2498,7.08928333
10/31/2017,2499,7.089372923
10/31/2017,2500,7.089462516
10/31/2017,2501,7.08955211
10/31/2017,2502,7.089641703
10/31/2017,2503,7.089731297
10/31/2017,2504,7.08982089
10/31/2017,2505,7.089910484
10/31/2017,2506,7.090000077
10/31/2017,2507,7.09008967
10/31/2017,2508,7.090179264
10/31/2017,2509,7.090268857
10/31/2017,2510,7.090358451
10/31/2017,2511,7.090448044
10/31/2017,2512,7.090537637
10/31/2017,2513,7.090627231
10/31/2017,2514,7.090716824
10/31/2017,2515,7.090806418
10/31/2017,2516,7.090896011
10/31/2017,2517,7.090985604
10/31/2017,2518,7.091075198
10/31/2017,2519,7.091164791
10/31/2017,2520,7.091254385
10/31/2017,2521,7.091343978
10/31/2017,2522,7.091433571
10/31/2017,2523,7.091523165
10/31/2017,2524,7.091612758
10/31/2017,2525,7.091702352
10/31/2017,2526,7.091791945
10/31/2017,2527,7.091881538
10/31/2017,2528,7.091971132
10/31/2017,2529,7.092060725
10/31/2017,2530,7.092150319
10/31/2017,2531,7.092239912
10/31/2017,2532,7.092329505
10/31/2017,2533,7.092419099
10/31/2017,2534,7.092508692
10/31/2017,2535,7.092598286
10/31/2017,2536,7.092687879
10/31/2017,2537,7.092777473
10/31/2017,2538,7.092867066
10/31/2017,2539,7.092956659
10/31/2017,2540,7.093046253
10/31/2017,2541,7.093135846
10/31/2017,2542,7.09322544
10/31/2017,2543,7.093315033
10/31/2017,2544,7.093404626
10/31/2017,2545,7.09349422
10/31/2017,2546,7.093583813
10/31/2017,2547,7.093673407
10/31/2017,2548,7.093763
10/31/2017,2549,7.093872478
10/31/2017,2550,7.093981956
10/31/2017,2551,7.094091434
10/31/2017,2552,7.094200912
10/31/2017,2553,7.09431039
10/31/2017,2554,7.094419868
10/31/2017,2555,7.094529346
10/31/2017,2556,7.094638824
10/31/2017,2557,7.094748302
10/31/2017,2558,7.09485778
10/31/2017,2559,7.094967258
10/31/2017,2560,7.095076736
10/31/2017,2561,7.095186214
10/31/2017,2562,7.095295692
10/31/2017,2563,7.09540517
10/31/2017,2564,7.095514648
10/31/2017,2565,7.095624126
10/31/2017,2566,7.095733604
10/31/2017,2567,7.095843082
10/31/2017,2568,7.09595256
10/31/2017,2569,7.096062038
10/31/2017,2570,7.096171516
10/31/2017,2571,7.096280995
10/31/2017,2572,7.096390473
10/31/2017,2573,7.096499951
10/31/2017,2574,7.096609429
10/31/2017,2575,7.096718907
10/31/2017,2576,7.096828385
10/31/2017,2577,7.096937863
10/31/2017,2578,7.097047341
10/31/2017,2579,7.097156819
10/31/2017,2580,7.097266297
10/31/2017,2581,7.097375775
10/31/2017,2582,7.097485253
10/31/2017,2583,7.097594731
10/31/2017,2584,7.097704209
10/31/2017,2585,7.097813687
10/31/2017,2586,7.097923165
10/31/2017,2587,7.098032643
10/31/2017,2588,7.098142121
10/31/2017,2589,7.098251599
10/31/2017,2590,7.098361077
10/31/2017,2591,7.098470555
10/31/2017,2592,7.098580033
10/31/2017,2593,7.098689511
10/31/2017,2594,7.098798989
10/31/2017,2595,7.098908467
10/31/2017,2596,7.099017945
10/31/2017,2597,7.099127423
10/31/2017,2598,7.099236901
10/31/2017,2599,7.099346379
10/31/2017,2600,7.099455857
10/31/2017,2601,7.099565335
10/31/2017,2602,7.099674813
10/31/2017,2603,7.099784291
10/31/2017,2604,7.099893769
10/31/2017,2605,7.100003247
10/31/2017,2606,7.100112725
10/31/2017,2607,7.100222203
10/31/2017,2608,7.100331681
10/31/2017,2609,7.100441159
10/31/2017,2610,7.100550637
10/31/2017,2611,7.100660115
10/31/2017,2612,7.100769593
10/31/2017,2613,7.100879071
10/31/2017,2614,7.100988549
10/31/2017,2615,7.101098027
10/31/2017,2616,7.101207505
10/31/2017,2617,7.101316984
10/31/2017,2618,7.101426462
10/31/2017,2619,7.10153594
10/31/2017,2620,7.101645418
10/31/2017,2621,7.101754896
10/31/2017,2622,7.101864374
10/31/2017,2623,7.101973852
10/31/2017,2624,7.10208333
10/31/2017,2625,7.102192808
10/31/2017,2626,7.102302286
10/31/2017,2627,7.102411764
10/31/2017,2628,7.102521242
10/31/2017,2629,7.10263072
10/31/2017,2630,7.102740198
10/31/2017,2631,7.102849676
10/31/2017,2632,7.102959154
10/31/2017,2633,7.103068632
10/31/2017,2634,7.10317811
10/31/2017,2635,7.103287588
10/31/2017,2636,7.103397066
10/31/2017,2637,7.103506544
10/31/2017,2638,7.103616022
10/31/2017,2639,7.1037255
10/31/2017,2640,7.103834978
10/31/2017,2641,7.103944456
10/31/2017,2642,7.104053934
10/31/2017,2643,7.104163412
10/31/2017,2644,7.10427289
10/31/2017,2645,7.104382368
10/31/2017,2646,7.104491846
10/31/2017,2647,7.104601324
10/31/2017,2648,7.104710802
10/31/2017,2649,7.10482028
10/31/2017,2650,7.104929758
10/31/2017,2651,7.105039236
10/31/2017,2652,7.105148714
10/31/2017,2653,7.105258192
10/31/2017,2654,7.10536767
10/31/2017,2655,7.105477148
10/31/2017,2656,7.105586626
10/31/2017,2657,7.105696104
10/31/2017,2658,7.105805582
10/31/2017,2659,7.10591506
10/31/2017,2660,7.106024538
10/31/2017,2661,7.106134016
10/31/2017,2662,7.106243495
10/31/2017,2663,7.106352973
10/31/2017,2664,7.106462451
10/31/2017,2665,7.106571929
10/31/2017,2666,7.106681407
10/31/2017,2667,7.106790885
10/31/2017,2668,7.106900363
10/31/2017,2669,7.107009841
10/31/2017,2670,7.107119319
10/31/2017,2671,7.107228797
10/31/2017,2672,7.107338275
10/31/2017,2673,7.107447753
10/31/2017,2674,7.107557231
10/31/2017,2675,7.107666709
10/31/2017,2676,7.107776187
10/31/2017,2677,7.107885665
10/31/2017,2678,7.107995143
10/31/2017,2679,7.108104621
10/31/2017,2680,7.108214099
10/31/2017,2681,7.108323577
10/31/2017,2682,7.108433055
10/31/2017,2683,7.108542533
10/31/2017,2684,7.108652011
10/31/2017,2685,7.108761489
10/31/2017,2686,7.108870967
10/31/2017,2687,7.108980445
10/31/2017,2688,7.109089923
10/31/2017,2689,7.109199401
10/31/2017,2690,7.109308879
10/31/2017,2691,7.109418357
10/31/2017,2692,7.109527835
10/31/2017,2693,7.109637313
10/31/2017,2694,7.109746791
10/31/2017,2695,7.109856269
10/31/2017,2696,7.109965747
10/31/2017,2697,7.110075225
10/31/2017,2698,7.110184703
10/31/2017,2699,7.110294181
10/31/2017,2700,7.110403659
10/31/2017,2701,7.110513137
10/31/2017,2702,7.110622615
10/31/2017,2703,7.110732093
10/31/2017,2704,7.110841571
10/31/2017,2705,7.110951049
10/31/2017,2706,7.111060527
10/31/2017,2707,7.111170005
10/31/2017,2708,7.111279484
10/31/2017,2709,7.111388962
10/31/2017,2710,7.11149844
10/31/2017,2711,7.111607918
10/31/2017,2712,7.111717396
10/31/2017,2713,7.111826874
10/31/2017,2714,7.111936352
10/31/2017,2715,7.11204583
10/31/2017,2716,7.112155308
10/31/2017,2717,7.112264786
10/31/2017,2718,7.112374264
10/31/2017,2719,7.112483742
10/31/2017,2720,7.11259322
10/31/2017,2721,7.112702698
10/31/2017,2722,7.112812176
10/31/2017,2723,7.112921654
10/31/2017,2724,7.113031132
10/31/2017,2725,7.11314061
10/31/2017,2726,7.113250088
10/31/2017,2727,7.113359566
10/31/2017,2728,7.113469044
10/31/2017,2729,7.113578522
10/31/2017,2730,7.113688
10/31/2017,2731,7.113856236
10/31/2017,2732,7.114024473
10/31/2017,2733,7.114192709
10/31/2017,2734,7.114360945
10/31/2017,2735,7.114529181
10/31/2017,2736,7.114697418
10/31/2017,2737,7.114865654
10/31/2017,2738,7.11503389
10/31/2017,2739,7.115202126
10/31/2017,2740,7.115370363
10/31/2017,2741,7.115538599
10/31/2017,2742,7.115706835
10/31/2017,2743,7.115875071
10/31/2017,2744,7.116043308
10/31/2017,2745,7.116211544
10/31/2017,2746,7.11637978
10/31/2017,2747,7.116548016
10/31/2017,2748,7.116716253
10/31/2017,2749,7.116884489
10/31/2017,2750,7.117052725
10/31/2017,2751,7.117220962
10/31/2017,2752,7.117389198
10/31/2017,2753,7.117557434
10/31/2017,2754,7.11772567
10/31/2017,2755,7.117893907
10/31/2017,2756,7.118062143
10/31/2017,2757,7.118230379
10/31/2017,2758,7.118398615
10/31/2017,2759,7.118566852
10/31/2017,2760,7.118735088
10/31/2017,2761,7.118903324
10/31/2017,2762,7.11907156
10/31/2017,2763,7.119239797
10/31/2017,2764,7.119408033
10/31/2017,2765,7.119576269
10/31/2017,2766,7.119744505
10/31/2017,2767,7.119912742
10/31/2017,2768,7.120080978
10/31/2017,2769,7.120249214
10/31/2017,2770,7.120417451
10/31/2017,2771,7.120585687
10/31/2017,2772,7.120753923
10/31/2017,2773,7.120922159
10/31/2017,2774,7.121090396
10/31/2017,2775,7.121258632
10/31/2017,2776,7.121426868
10/31/2017,2777,7.121595104
10/31/2017,2778,7.121763341
10/31/2017,2779,7.121931577
10/31/2017,2780,7.122099813
10/31/2017,2781,7.122268049
10/31/2017,2782,7.122436286
10/31/2017,2783,7.122604522
10/31/2017,2784,7.122772758
10/31/2017,2785,7.122940995
10/31/2017,2786,7.123109231
10/31/2017,2787,7.123277467
10/31/2017,2788,7.123445703
10/31/2017,2789,7.12361394
10/31/2017,2790,7.123782176
10/31/2017,2791,7.123950412
10/31/2017,2792,7.124118648
10/31/2017,2793,7.124286885
10/31/2017,2794,7.124455121
10/31/2017,2795,7.124623357
10/31/2017,2796,7.124791593
10/31/2017,2797,7.12495983
10/31/2017,2798,7.125128066
10/31/2017,2799,7.125296302
10/31/2017,2800,7.125464538
10/31/2017,2801,7.125632775
10/31/2017,2802,7.125801011
10/31/2017,2803,7.125969247
10/31/2017,2804,7.126137484
10/31/2017,2805,7.12630572
10/31/2017,2806,7.126473956
10/31/2017,2807,7.126642192
10/31/2017,2808,7.126810429
10/31/2017,2809,7.126978665
10/31/2017,2810,7.127146901
10/31/2017,2811,7.127315137
10/31/2017,2812,7.127483374
10/31/2017,2813,7.12765161
10/31/2017,2814,7.127819846
10/31/2017,2815,7.127988082
10/31/2017,2816,7.128156319
10/31/2017,2817,7.128324555
10/31/2017,2818,7.128492791
10/31/2017,2819,7.128661027
10/31/2017,2820,7.128829264
10/31/2017,2821,7.1289975
10/31/2017,2822,7.129165736
10/31/2017,2823,7.129333973
10/31/2017,2824,7.129502209
10/31/2017,2825,7.129670445
10/31/2017,2826,7.129838681
10/31/2017,2827,7.130006918
10/31/2017,2828,7.130175154
10/31/2017,2829,7.13034339
10/31/2017,2830,7.130511626
10/31/2017,2831,7.130679863
10/31/2017,2832,7.130848099
10/31/2017,2833,7.131016335
10/31/2017,2834,7.131184571
10/31/2017,2835,7.131352808
10/31/2017,2836,7.131521044
10/31/2017,2837,7.13168928
10/31/2017,2838,7.131857516
10/31/2017,2839,7.132025753
10/31/2017,2840,7.132193989
10/31/2017,2841,7.132362225
10/31/2017,2842,7.132530462
10/31/2017,2843,7.132698698
10/31/2017,2844,7.132866934
10/31/2017,2845,7.13303517
10/31/2017,2846,7.133203407
10/31/2017,2847,7.133371643
10/31/2017,2848,7.133539879
10/31/2017,2849,7.133708115
10/31/2017,2850,7.133876352
10/31/2017,2851,7.134044588
10/31/2017,2852,7.134212824
10/31/2017,2853,7.13438106
10/31/2017,2854,7.134549297
10/31/2017,2855,7.134717533
10/31/2017,2856,7.134885769
10/31/2017,2857,7.135054005
10/31/2017,2858,7.135222242
10/31/2017,2859,7.135390478
10/31/2017,2860,7.135558714
10/31/2017,2861,7.135726951
10/31/2017,2862,7.135895187
10/31/2017,2863,7.136063423
10/31/2017,2864,7.136231659
10/31/2017,2865,7.136399896
10/31/2017,2866,7.136568132
10/31/2017,2867,7.136736368
10/31/2017,2868,7.136904604
10/31/2017,2869,7.137072841
10/31/2017,2870,7.137241077
10/31/2017,2871,7.137409313
10/31/2017,2872,7.137577549
10/31/2017,2873,7.137745786
10/31/2017,2874,7.137914022
10/31/2017,2875,7.138082258
10/31/2017,2876,7.138250495
10/31/2017,2877,7.138418731
10/31/2017,2878,7.138586967
10/31/2017,2879,7.138755203
10/31/2017,2880,7.13892344
10/31/2017,2881,7.139091676
10/31/2017,2882,7.139259912
10/31/2017,2883,7.139428148
10/31/2017,2884,7.139596385
10/31/2017,2885,7.139764621
10/31/2017,2886,7.139932857
10/31/2017,2887,7.140101093
10/31/2017,2888,7.14026933
10/31/2017,2889,7.140437566
10/31/2017,2890,7.140605802
10/31/2017,2891,7.140774038
10/31/2017,2892,7.140942275
10/31/2017,2893,7.141110511
10/31/2017,2894,7.141278747
10/31/2017,2895,7.141446984
10/31/2017,2896,7.14161522
10/31/2017,2897,7.141783456
10/31/2017,2898,7.141951692
10/31/2017,2899,7.142119929
10/31/2017,2900,7.142288165
10/31/2017,2901,7.142456401
10/31/2017,2902,7.142624637
10/31/2017,2903,7.142792874
10/31/2017,2904,7.14296111
10/31/2017,2905,7.143129346
10/31/2017,2906,7.143297582
10/31/2017,2907,7.143465819
10/31/2017,2908,7.143634055
10/31/2017,2909,7.143802291
10/31/2017,2910,7.143970527
10/31/2017,2911,7.144138764
10/31/2017,2912,7.144307
10/31/2017,2913,7.144450522
10/31/2017,2914,7.144594044
10/31/2017,2915,7.144737566
10/31/2017,2916,7.144881088
10/31/2017,2917,7.14502461
10/31/2017,2918,7.145168132
10/31/2017,2919,7.145311654
10/31/2017,2920,7.145455176
10/31/2017,2921,7.145598698
10/31/2017,2922,7.14574222
10/31/2017,2923,7.145885742
10/31/2017,2924,7.146029264
10/31/2017,2925,7.146172786
10/31/2017,2926,7.146316308
10/31/2017,2927,7.14645983
10/31/2017,2928,7.146603352
10/31/2017,2929,7.146746874
10/31/2017,2930,7.146890396
10/31/2017,2931,7.147033918
10/31/2017,2932,7.14717744
10/31/2017,2933,7.147320962
10/31/2017,2934,7.147464484
10/31/2017,2935,7.147608005
10/31/2017,2936,7.147751527
10/31/2017,2937,7.147895049
10/31/2017,2938,7.148038571
10/31/2017,2939,7.148182093
10/31/2017,2940,7.148325615
10/31/2017,2941,7.148469137
10/31/2017,2942,7.148612659
10/31/2017,2943,7.148756181
10/31/2017,2944,7.148899703
10/31/2017,2945,7.149043225
10/31/2017,2946,7.149186747
10/31/2017,2947,7.149330269
10/31/2017,2948,7.149473791
10/31/2017,2949,7.149617313
10/31/2017,2950,7.149760835
10/31/2017,2951,7.149904357
10/31/2017,2952,7.150047879
10/31/2017,2953,7.150191401
10/31/2017,2954,7.150334923
10/31/2017,2955,7.150478445
10/31/2017,2956,7.150621967
10/31/2017,2957,7.150765489
10/31/2017,2958,7.150909011
10/31/2017,2959,7.151052533
10/31/2017,2960,7.151196055
10/31/2017,2961,7.151339577
10/31/2017,2962,7.151483099
10/31/2017,2963,7.151626621
10/31/2017,2964,7.151770143
10/31/2017,2965,7.151913665
10/31/2017,2966,7.152057187
10/31/2017,2967,7.152200709
10/31/2017,2968,7.152344231
10/31/2017,2969,7.152487753
10/31/2017,2970,7.152631275
10/31/2017,2971,7.152774797
10/31/2017,2972,7.152918319
10/31/2017,2973,7.153061841
10/31/2017,2974,7.153205363
10/31/2017,2975,7.153348885
10/31/2017,2976,7.153492407
10/31/2017,2977,7.153635929
10/31/2017,2978,7.153779451
10/31/2017,2979,7.153922973
10/31/2017,2980,7.154066495
10/31/2017,2981,7.154210016
10/31/2017,2982,7.154353538
10/31/2017,2983,7.15449706
10/31/2017,2984,7.154640582
10/31/2017,2985,7.154784104
10/31/2017,2986,7.154927626
10/31/2017,2987,7.155071148
10/31/2017,2988,7.15521467
10/31/2017,2989,7.155358192
10/31/2017,2990,7.155501714
10/31/2017,2991,7.155645236
10/31/2017,2992,7.155788758
10/31/2017,2993,7.15593228
10/31/2017,2994,7.156075802
10/31/2017,2995,7.156219324
10/31/2017,2996,7.156362846
10/31/2017,2997,7.156506368
10/31/2017,2998,7.15664989
10/31/2017,2999,7.156793412
10/31/2017,3000,7.156936934
10/31/2017,3001,7.157080456
10/31/2017,3002,7.157223978
10/31/2017,3003,7.1573675
10/31/2017,3004,7.157511022
10/31/2017,3005,7.157654544
10/31/2017,3006,7.157798066
10/31/2017,3007,7.157941588
10/31/2017,3008,7.15808511
10/31/2017,3009,7.158228632
10/31/2017,3010,7.158372154
10/31/2017,3011,7.158515676
10/31/2017,3012,7.158659198
10/31/2017,3013,7.15880272
10/31/2017,3014,7.158946242
10/31/2017,3015,7.159089764
10/31/2017,3016,7.159233286
10/31/2017,3017,7.159376808
10/31/2017,3018,7.15952033
10/31/2017,3019,7.159663852
10/31/2017,3020,7.159807374
10/31/2017,3021,7.159950896
10/31/2017,3022,7.160094418
10/31/2017,3023,7.16023794
10/31/2017,3024,7.160381462
10/31/2017,3025,7.160524984
10/31/2017,3026,7.160668505
10/31/2017,3027,7.160812027
10/31/2017,3028,7.160955549
10/31/2017,3029,7.161099071
10/31/2017,3030,7.161242593
10/31/2017,3031,7.161386115
10/31/2017,3032,7.161529637
10/31/2017,3033,7.161673159
10/31/2017,3034,7.161816681
10/31/2017,3035,7.161960203
10/31/2017,3036,7.162103725
10/31/2017,3037,7.162247247
10/31/2017,3038,7.162390769
10/31/2017,3039,7.162534291
10/31/2017,3040,7.162677813
10/31/2017,3041,7.162821335
10/31/2017,3042,7.162964857
10/31/2017,3043,7.163108379
10/31/2017,3044,7.163251901
10/31/2017,3045,7.163395423
10/31/2017,3046,7.163538945
10/31/2017,3047,7.163682467
10/31/2017,3048,7.163825989
10/31/2017,3049,7.163969511
10/31/2017,3050,7.164113033
10/31/2017,3051,7.164256555
10/31/2017,3052,7.164400077
10/31/2017,3053,7.164543599
10/31/2017,3054,7.164687121
10/31/2017,3055,7.164830643
10/31/2017,3056,7.164974165
10/31/2017,3057,7.165117687
10/31/2017,3058,7.165261209
10/31/2017,3059,7.165404731
10/31/2017,3060,7.165548253
10/31/2017,3061,7.165691775
10/31/2017,3062,7.165835297
10/31/2017,3063,7.165978819
10/31/2017,3064,7.166122341
10/31/2017,3065,7.166265863
10/31/2017,3066,7.166409385
10/31/2017,3067,7.166552907
10/31/2017,3068,7.166696429
10/31/2017,3069,7.166839951
10/31/2017,3070,7.166983473
10/31/2017,3071,7.167126995
10/31/2017,3072,7.167270516
10/31/2017,3073,7.167414038
10/31/2017,3074,7.16755756
10/31/2017,3075,7.167701082
10/31/2017,3076,7.167844604
10/31/2017,3077,7.167988126
10/31/2017,3078,7.168131648
10/31/2017,3079,7.16827517
10/31/2017,3080,7.168418692
10/31/2017,3081,7.168562214
10/31/2017,3082,7.168705736
10/31/2017,3083,7.168849258
10/31/2017,3084,7.16899278
10/31/2017,3085,7.169136302
10/31/2017,3086,7.169279824
10/31/2017,3087,7.169423346
10/31/2017,3088,7.169566868
10/31/2017,3089,7.16971039
10/31/2017,3090,7.169853912
10/31/2017,3091,7.169997434
10/31/2017,3092,7.170140956
10/31/2017,3093,7.170284478
10/31/2017,3094,7.170428
10/31/2017,3095,7.170584621
10/31/2017,3096,7.170741242
10/31/2017,3097,7.170897863
10/31/2017,3098,7.171054484
10/31/2017,3099,7.171211104
10/31/2017,3100,7.171367725
10/31/2017,3101,7.171524346
10/31/2017,3102,7.171680967
10/31/2017,3103,7.171837588
10/31/2017,3104,7.171994209
10/31/2017,3105,7.17215083
10/31/2017,3106,7.172307451
10/31/2017,3107,7.172464071
10/31/2017,3108,7.172620692
10/31/2017,3109,7.172777313
10/31/2017,3110,7.172933934
10/31/2017,3111,7.173090555
10/31/2017,3112,7.173247176
10/31/2017,3113,7.173403797
10/31/2017,3114,7.173560418
10/31/2017,3115,7.173717038
10/31/2017,3116,7.173873659
10/31/2017,3117,7.17403028
10/31/2017,3118,7.174186901
10/31/2017,3119,7.174343522
10/31/2017,3120,7.174500143
10/31/2017,3121,7.174656764
10/31/2017,3122,7.174813385
10/31/2017,3123,7.174970005
10/31/2017,3124,7.175126626
10/31/2017,3125,7.175283247
10/31/2017,3126,7.175439868
10/31/2017,3127,7.175596489
10/31/2017,3128,7.17575311
10/31/2017,3129,7.175909731
10/31/2017,3130,7.176066352
10/31/2017,3131,7.176222973
10/31/2017,3132,7.176379593
10/31/2017,3133,7.176536214
10/31/2017,3134,7.176692835
10/31/2017,3135,7.176849456
10/31/2017,3136,7.177006077
10/31/2017,3137,7.177162698
10/31/2017,3138,7.177319319
10/31/2017,3139,7.17747594
10/31/2017,3140,7.17763256
10/31/2017,3141,7.177789181
10/31/2017,3142,7.177945802
10/31/2017,3143,7.178102423
10/31/2017,3144,7.178259044
10/31/2017,3145,7.178415665
10/31/2017,3146,7.178572286
10/31/2017,3147,7.178728907
10/31/2017,3148,7.178885527
10/31/2017,3149,7.179042148
10/31/2017,3150,7.179198769
10/31/2017,3151,7.17935539
10/31/2017,3152,7.179512011
10/31/2017,3153,7.179668632
10/31/2017,3154,7.179825253
10/31/2017,3155,7.179981874
10/31/2017,3156,7.180138495
10/31/2017,3157,7.180295115
10/31/2017,3158,7.180451736
10/31/2017,3159,7.180608357
10/31/2017,3160,7.180764978
10/31/2017,3161,7.180921599
10/31/2017,3162,7.18107822
10/31/2017,3163,7.181234841
10/31/2017,3164,7.181391462
10/31/2017,3165,7.181548082
10/31/2017,3166,7.181704703
10/31/2017,3167,7.181861324
10/31/2017,3168,7.182017945
10/31/2017,3169,7.182174566
10/31/2017,3170,7.182331187
10/31/2017,3171,7.182487808
10/31/2017,3172,7.182644429
10/31/2017,3173,7.182801049
10/31/2017,3174,7.18295767
10/31/2017,3175,7.183114291
10/31/2017,3176,7.183270912
10/31/2017,3177,7.183427533
10/31/2017,3178,7.183584154
10/31/2017,3179,7.183740775
10/31/2017,3180,7.183897396
10/31/2017,3181,7.184054016
10/31/2017,3182,7.184210637
10/31/2017,3183,7.184367258
10/31/2017,3184,7.184523879
10/31/2017,3185,7.1846805
10/31/2017,3186,7.184837121
10/31/2017,3187,7.184993742
10/31/2017,3188,7.185150363
10/31/2017,3189,7.185306984
10/31/2017,3190,7.185463604
10/31/2017,3191,7.185620225
10/31/2017,3192,7.185776846
10/31/2017,3193,7.185933467
10/31/2017,3194,7.186090088
10/31/2017,3195,7.186246709
10/31/2017,3196,7.18640333
10/31/2017,3197,7.186559951
10/31/2017,3198,7.186716571
10/31/2017,3199,7.186873192
10/31/2017,3200,7.187029813
10/31/2017,3201,7.187186434
10/31/2017,3202,7.187343055
10/31/2017,3203,7.187499676
10/31/2017,3204,7.187656297
10/31/2017,3205,7.187812918
10/31/2017,3206,7.187969538
10/31/2017,3207,7.188126159
10/31/2017,3208,7.18828278
10/31/2017,3209,7.188439401
10/31/2017,3210,7.188596022
10/31/2017,3211,7.188752643
10/31/2017,3212,7.188909264
10/31/2017,3213,7.189065885
10/31/2017,3214,7.189222505
10/31/2017,3215,7.189379126
10/31/2017,3216,7.189535747
10/31/2017,3217,7.189692368
10/31/2017,3218,7.189848989
10/31/2017,3219,7.19000561
10/31/2017,3220,7.190162231
10/31/2017,3221,7.190318852
10/31/2017,3222,7.190475473
10/31/2017,3223,7.190632093
10/31/2017,3224,7.190788714
10/31/2017,3225,7.190945335
10/31/2017,3226,7.191101956
10/31/2017,3227,7.191258577
10/31/2017,3228,7.191415198
10/31/2017,3229,7.191571819
10/31/2017,3230,7.19172844
10/31/2017,3231,7.19188506
10/31/2017,3232,7.192041681
10/31/2017,3233,7.192198302
10/31/2017,3234,7.192354923
10/31/2017,3235,7.192511544
10/31/2017,3236,7.192668165
10/31/2017,3237,7.192824786
10/31/2017,3238,7.192981407
10/31/2017,3239,7.193138027
10/31/2017,3240,7.193294648
10/31/2017,3241,7.193451269
10/31/2017,3242,7.19360789
10/31/2017,3243,7.193764511
10/31/2017,3244,7.193921132
10/31/2017,3245,7.194077753
10/31/2017,3246,7.194234374
10/31/2017,3247,7.194390995
10/31/2017,3248,7.194547615
10/31/2017,3249,7.194704236
10/31/2017,3250,7.194860857
10/31/2017,3251,7.195017478
10/31/2017,3252,7.195174099
10/31/2017,3253,7.19533072
10/31/2017,3254,7.195487341
10/31/2017,3255,7.195643962
10/31/2017,3256,7.195800582
10/31/2017,3257,7.195957203
10/31/2017,3258,7.196113824
10/31/2017,3259,7.196270445
10/31/2017,3260,7.196427066
10/31/2017,3261,7.196583687
10/31/2017,3262,7.196740308
10/31/2017,3263,7.196896929
10/31/2017,3264,7.197053549
10/31/2017,3265,7.19721017
10/31/2017,3266,7.197366791
10/31/2017,3267,7.197523412
10/31/2017,3268,7.197680033
10/31/2017,3269,7.197836654
10/31/2017,3270,7.197993275
10/31/2017,3271,7.198149896
10/31/2017,3272,7.198306516
10/31/2017,3273,7.198463137
10/31/2017,3274,7.198619758
10/31/2017,3275,7.198776379
10/31/2017,3276,7.198933
10/31/2017,3277,7.199119819
10/31/2017,3278,7.199306637
10/31/2017,3279,7.199493456
10/31/2017,3280,7.199680275
10/31/2017,3281,7.199867093
10/31/2017,3282,7.200053912
10/31/2017,3283,7.200240731
10/31/2017,3284,7.200427549
10/31/2017,3285,7.200614368
10/31/2017,3286,7.200801187
10/31/2017,3287,7.200988005
10/31/2017,3288,7.201174824
10/31/2017,3289,7.201361643
10/31/2017,3290,7.201548462
10/31/2017,3291,7.20173528
10/31/2017,3292,7.201922099
10/31/2017,3293,7.202108918
10/31/2017,3294,7.202295736
10/31/2017,3295,7.202482555
10/31/2017,3296,7.202669374
10/31/2017,3297,7.202856192
10/31/2017,3298,7.203043011
10/31/2017,3299,7.20322983
10/31/2017,3300,7.203416648
10/31/2017,3301,7.203603467
10/31/2017,3302,7.203790286
10/31/2017,3303,7.203977104
10/31/2017,3304,7.204163923
10/31/2017,3305,7.204350742
10/31/2017,3306,7.20453756
10/31/2017,3307,7.204724379
10/31/2017,3308,7.204911198
10/31/2017,3309,7.205098016
10/31/2017,3310,7.205284835
10/31/2017,3311,7.205471654
10/31/2017,3312,7.205658473
10/31/2017,3313,7.205845291
10/31/2017,3314,7.20603211
10/31/2017,3315,7.206218929
10/31/2017,3316,7.206405747
10/31/2017,3317,7.206592566
10/31/2017,3318,7.206779385
10/31/2017,3319,7.206966203
10/31/2017,3320,7.207153022
10/31/2017,3321,7.207339841
10/31/2017,3322,7.207526659
10/31/2017,3323,7.207713478
10/31/2017,3324,7.207900297
10/31/2017,3325,7.208087115
10/31/2017,3326,7.208273934
10/31/2017,3327,7.208460753
10/31/2017,3328,7.208647571
10/31/2017,3329,7.20883439
10/31/2017,3330,7.209021209
10/31/2017,3331,7.209208027
10/31/2017,3332,7.209394846
10/31/2017,3333,7.209581665
10/31/2017,3334,7.209768484
10/31/2017,3335,7.209955302
10/31/2017,3336,7.210142121
10/31/2017,3337,7.21032894
10/31/2017,3338,7.210515758
10/31/2017,3339,7.210702577
10/31/2017,3340,7.210889396
10/31/2017,3341,7.211076214
10/31/2017,3342,7.211263033
10/31/2017,3343,7.211449852
10/31/2017,3344,7.21163667
10/31/2017,3345,7.211823489
10/31/2017,3346,7.212010308
10/31/2017,3347,7.212197126
10/31/2017,3348,7.212383945
10/31/2017,3349,7.212570764
10/31/2017,3350,7.212757582
10/31/2017,3351,7.212944401
10/31/2017,3352,7.21313122
10/31/2017,3353,7.213318038
10/31/2017,3354,7.213504857
10/31/2017,3355,7.213691676
10/31/2017,3356,7.213878495
10/31/2017,3357,7.214065313
10/31/2017,3358,7.214252132
10/31/2017,3359,7.214438951
10/31/2017,3360,7.214625769
10/31/2017,3361,7.214812588
10/31/2017,3362,7.214999407
10/31/2017,3363,7.215186225
10/31/2017,3364,7.215373044
10/31/2017,3365,7.215559863
10/31/2017,3366,7.215746681
10/31/2017,3367,7.2159335
10/31/2017,3368,7.216120319
10/31/2017,3369,7.216307137
10/31/2017,3370,7.216493956
10/31/2017,3371,7.216680775
10/31/2017,3372,7.216867593
10/31/2017,3373,7.217054412
10/31/2017,3374,7.217241231
10/31/2017,3375,7.217428049
10/31/2017,3376,7.217614868
10/31/2017,3377,7.217801687
10/31/2017,3378,7.217988505
10/31/2017,3379,7.218175324
10/31/2017,3380,7.218362143
10/31/2017,3381,7.218548962
10/31/2017,3382,7.21873578
10/31/2017,3383,7.218922599
10/31/2017,3384,7.219109418
10/31/2017,3385,7.219296236
10/31/2017,3386,7.219483055
10/31/2017,3387,7.219669874
10/31/2017,3388,7.219856692
10/31/2017,3389,7.220043511
10/31/2017,3390,7.22023033
10/31/2017,3391,7.220417148
10/31/2017,3392,7.220603967
10/31/2017,3393,7.220790786
10/31/2017,3394,7.220977604
10/31/2017,3395,7.221164423
10/31/2017,3396,7.221351242
10/31/2017,3397,7.22153806
10/31/2017,3398,7.221724879
10/31/2017,3399,7.221911698
10/31/2017,3400,7.222098516
10/31/2017,3401,7.222285335
10/31/2017,3402,7.222472154
10/31/2017,3403,7.222658973
10/31/2017,3404,7.222845791
10/31/2017,3405,7.22303261
10/31/2017,3406,7.223219429
10/31/2017,3407,7.223406247
10/31/2017,3408,7.223593066
10/31/2017,3409,7.223779885
10/31/2017,3410,7.223966703
10/31/2017,3411,7.224153522
10/31/2017,3412,7.224340341
10/31/2017,3413,7.224527159
10/31/2017,3414,7.224713978
10/31/2017,3415,7.224900797
10/31/2017,3416,7.225087615
10/31/2017,3417,7.225274434
10/31/2017,3418,7.225461253
10/31/2017,3419,7.225648071
10/31/2017,3420,7.22583489
10/31/2017,3421,7.226021709
10/31/2017,3422,7.226208527
10/31/2017,3423,7.226395346
10/31/2017,3424,7.226582165
10/31/2017,3425,7.226768984
10/31/2017,3426,7.226955802
10/31/2017,3427,7.227142621
10/31/2017,3428,7.22732944
10/31/2017,3429,7.227516258
10/31/2017,3430,7.227703077
10/31/2017,3431,7.227889896
10/31/2017,3432,7.228076714
10/31/2017,3433,7.228263533
10/31/2017,3434,7.228450352
10/31/2017,3435,7.22863717
10/31/2017,3436,7.228823989
10/31/2017,3437,7.229010808
10/31/2017,3438,7.229197626
10/31/2017,3439,7.229384445
10/31/2017,3440,7.229571264
10/31/2017,3441,7.229758082
10/31/2017,3442,7.229944901
10/31/2017,3443,7.23013172
10/31/2017,3444,7.230318538
10/31/2017,3445,7.230505357
10/31/2017,3446,7.230692176
10/31/2017,3447,7.230878995
10/31/2017,3448,7.231065813
10/31/2017,3449,7.231252632
10/31/2017,3450,7.231439451
10/31/2017,3451,7.231626269
10/31/2017,3452,7.231813088
10/31/2017,3453,7.231999907
10/31/2017,3454,7.232186725
10/31/2017,3455,7.232373544
10/31/2017,3456,7.232560363
10/31/2017,3457,7.232747181
10/31/2017,3458,7.232934
10/31/2017,3459,7.23304533
10/31/2017,3460,7.233156659
10/31/2017,3461,7.233267989
10/31/2017,3462,7.233379319
10/31/2017,3463,7.233490648
10/31/2017,3464,7.233601978
10/31/2017,3465,7.233713308
10/31/2017,3466,7.233824637
10/31/2017,3467,7.233935967
10/31/2017,3468,7.234047297
10/31/2017,3469,7.234158626
10/31/2017,3470,7.234269956
10/31/2017,3471,7.234381286
10/31/2017,3472,7.234492615
10/31/2017,3473,7.234603945
10/31/2017,3474,7.234715275
10/31/2017,3475,7.234826604
10/31/2017,3476,7.234937934
10/31/2017,3477,7.235049264
10/31/2017,3478,7.235160593
10/31/2017,3479,7.235271923
10/31/2017,3480,7.235383253
10/31/2017,3481,7.235494582
10/31/2017,3482,7.235605912
10/31/2017,3483,7.235717242
10/31/2017,3484,7.235828571
10/31/2017,3485,7.235939901
10/31/2017,3486,7.236051231
10/31/2017,3487,7.23616256
10/31/2017,3488,7.23627389
10/31/2017,3489,7.23638522
10/31/2017,3490,7.236496549
10/31/2017,3491,7.236607879
10/31/2017,3492,7.236719209
10/31/2017,3493,7.236830538
10/31/2017,3494,7.236941868
10/31/2017,3495,7.237053198
10/31/2017,3496,7.237164527
10/31/2017,3497,7.237275857
10/31/2017,3498,7.237387187
10/31/2017,3499,7.237498516
10/31/2017,3500,7.237609846
10/31/2017,3501,7.237721176
10/31/2017,3502,7.237832505
10/31/2017,3503,7.237943835
10/31/2017,3504,7.238055165
10/31/2017,3505,7.238166495
10/31/2017,3506,7.238277824
10/31/2017,3507,7.238389154
10/31/2017,3508,7.238500484
10/31/2017,3509,7.238611813
10/31/2017,3510,7.238723143
10/31/2017,3511,7.238834473
10/31/2017,3512,7.238945802
10/31/2017,3513,7.239057132
10/31/2017,3514,7.239168462
10/31/2017,3515,7.239279791
10/31/2017,3516,7.239391121
10/31/2017,3517,7.239502451
10/31/2017,3518,7.23961378
10/31/2017,3519,7.23972511
10/31/2017,3520,7.23983644
10/31/2017,3521,7.239947769
10/31/2017,3522,7.240059099
10/31/2017,3523,7.240170429
10/31/2017,3524,7.240281758
10/31/2017,3525,7.240393088
10/31/2017,3526,7.240504418
10/31/2017,3527,7.240615747
10/31/2017,3528,7.240727077
10/31/2017,3529,7.240838407
10/31/2017,3530,7.240949736
10/31/2017,3531,7.241061066
10/31/2017,3532,7.241172396
10/31/2017,3533,7.241283725
10/31/2017,3534,7.241395055
10/31/2017,3535,7.241506385
10/31/2017,3536,7.241617714
10/31/2017,3537,7.241729044
10/31/2017,3538,7.241840374
10/31/2017,3539,7.241951703
10/31/2017,3540,7.242063033
10/31/2017,3541,7.242174363
10/31/2017,3542,7.242285692
10/31/2017,3543,7.242397022
10/31/2017,3544,7.242508352
10/31/2017,3545,7.242619681
10/31/2017,3546,7.242731011
10/31/2017,3547,7.242842341
10/31/2017,3548,7.24295367
10/31/2017,3549,7.243065
10/31/2017,3550,7.24317633
10/31/2017,3551,7.243287659
10/31/2017,3552,7.243398989
10/31/2017,3553,7.243510319
10/31/2017,3554,7.243621648
10/31/2017,3555,7.243732978
10/31/2017,3556,7.243844308
10/31/2017,3557,7.243955637
10/31/2017,3558,7.244066967
10/31/2017,3559,7.244178297
10/31/2017,3560,7.244289626
10/31/2017,3561,7.244400956
10/31/2017,3562,7.244512286
10/31/2017,3563,7.244623615
10/31/2017,3564,7.244734945
10/31/2017,3565,7.244846275
10/31/2017,3566,7.244957604
10/31/2017,3567,7.245068934
10/31/2017,3568,7.245180264
10/31/2017,3569,7.245291593
10/31/2017,3570,7.245402923
10/31/2017,3571,7.245514253
10/31/2017,3572,7.245625582
10/31/2017,3573,7.245736912
10/31/2017,3574,7.245848242
10/31/2017,3575,7.245959571
10/31/2017,3576,7.246070901
10/31/2017,3577,7.246182231
10/31/2017,3578,7.24629356
10/31/2017,3579,7.24640489
10/31/2017,3580,7.24651622
10/31/2017,3581,7.246627549
10/31/2017,3582,7.246738879
10/31/2017,3583,7.246850209
10/31/2017,3584,7.246961538
10/31/2017,3585,7.247072868
10/31/2017,3586,7.247184198
10/31/2017,3587,7.247295527
10/31/2017,3588,7.247406857
10/31/2017,3589,7.247518187
10/31/2017,3590,7.247629516
10/31/2017,3591,7.247740846
10/31/2017,3592,7.247852176
10/31/2017,3593,7.247963505
10/31/2017,3594,7.248074835
10/31/2017,3595,7.248186165
10/31/2017,3596,7.248297495
10/31/2017,3597,7.248408824
10/31/2017,3598,7.248520154
10/31/2017,3599,7.248631484
10/31/2017,3600,7.248742813
10/31/2017,3601,7.248854143
10/31/2017,3602,7.248965473
10/31/2017,3603,7.249076802
10/31/2017,3604,7.249188132
10/31/2017,3605,7.249299462
10/31/2017,3606,7.249410791
10/31/2017,3607,7.249522121
10/31/2017,3608,7.249633451
10/31/2017,3609,7.24974478
10/31/2017,3610,7.24985611
10/31/2017,3611,7.24996744
10/31/2017,3612,7.250078769
10/31/2017,3613,7.250190099
10/31/2017,3614,7.250301429
10/31/2017,3615,7.250412758
10/31/2017,3616,7.250524088
10/31/2017,3617,7.250635418
10/31/2017,3618,7.250746747
10/31/2017,3619,7.250858077
10/31/2017,3620,7.250969407
10/31/2017,3621,7.251080736
10/31/2017,3622,7.251192066
10/31/2017,3623,7.251303396
10/31/2017,3624,7.251414725
10/31/2017,3625,7.251526055
10/31/2017,3626,7.251637385
10/31/2017,3627,7.251748714
10/31/2017,3628,7.251860044
10/31/2017,3629,7.251971374
10/31/2017,3630,7.252082703
10/31/2017,3631,7.252194033
10/31/2017,3632,7.252305363
10/31/2017,3633,7.252416692
10/31/2017,3634,7.252528022
10/31/2017,3635,7.252639352
10/31/2017,3636,7.252750681
10/31/2017,3637,7.252862011
10/31/2017,3638,7.252973341
10/31/2017,3639,7.25308467
10/31/2017,3640,7.253196
10/31/2017,3641,7.253282687
10/31/2017,3642,7.253369374
10/31/2017,3643,7.25345606
10/31/2017,3644,7.253542747
10/31/2017,3645,7.253629434
10/31/2017,3646,7.253716121
10/31/2017,3647,7.253802808
10/31/2017,3648,7.253889495
10/31/2017,3649,7.253976181
10/31/2017,3650,7.254062868
10/31/2017,3651,7.254149555
10/31/2017,3652,7.254236242
10/31/2017,3653,7.254322929
10/31/2017,3654,7.254409615
10/31/2017,3655,7.254496302
10/31/2017,3656,7.254582989
10/31/2017,3657,7.254669676
10/31/2017,3658,7.254756363
10/31/2017,3659,7.254843049
10/31/2017,3660,7.254929736
10/31/2017,3661,7.255016423
10/31/2017,3662,7.25510311
10/31/2017,3663,7.255189797
10/31/2017,3664,7.255276484
10/31/2017,3665,7.25536317
10/31/2017,3666,7.255449857
10/31/2017,3667,7.255536544
10/31/2017,3668,7.255623231
10/31/2017,3669,7.255709918
10/31/2017,3670,7.255796604
10/31/2017,3671,7.255883291
10/31/2017,3672,7.255969978
10/31/2017,3673,7.256056665
10/31/2017,3674,7.256143352
10/31/2017,3675,7.256230038
10/31/2017,3676,7.256316725
10/31/2017,3677,7.256403412
10/31/2017,3678,7.256490099
10/31/2017,3679,7.256576786
10/31/2017,3680,7.256663473
10/31/2017,3681,7.256750159
10/31/2017,3682,7.256836846
10/31/2017,3683,7.256923533
10/31/2017,3684,7.25701022
10/31/2017,3685,7.257096907
10/31/2017,3686,7.257183593
10/31/2017,3687,7.25727028
10/31/2017,3688,7.257356967
10/31/2017,3689,7.257443654
10/31/2017,3690,7.257530341
10/31/2017,3691,7.257617027
10/31/2017,3692,7.257703714
10/31/2017,3693,7.257790401
10/31/2017,3694,7.257877088
10/31/2017,3695,7.257963775
10/31/2017,3696,7.258050462
10/31/2017,3697,7.258137148
10/31/2017,3698,7.258223835
10/31/2017,3699,7.258310522
10/31/2017,3700,7.258397209
10/31/2017,3701,7.258483896
10/31/2017,3702,7.258570582
10/31/2017,3703,7.258657269
10/31/2017,3704,7.258743956
10/31/2017,3705,7.258830643
10/31/2017,3706,7.25891733
10/31/2017,3707,7.259004016
10/31/2017,3708,7.259090703
10/31/2017,3709,7.25917739
10/31/2017,3710,7.259264077
10/31/2017,3711,7.259350764
10/31/2017,3712,7.259437451
10/31/2017,3713,7.259524137
10/31/2017,3714,7.259610824
10/31/2017,3715,7.259697511
10/31/2017,3716,7.259784198
10/31/2017,3717,7.259870885
10/31/2017,3718,7.259957571
10/31/2017,3719,7.260044258
10/31/2017,3720,7.260130945
10/31/2017,3721,7.260217632
10/31/2017,3722,7.260304319
10/31/2017,3723,7.260391005
10/31/2017,3724,7.260477692
10/31/2017,3725,7.260564379
10/31/2017,3726,7.260651066
10/31/2017,3727,7.260737753
10/31/2017,3728,7.26082444
10/31/2017,3729,7.260911126
10/31/2017,3730,7.260997813
10/31/2017,3731,7.2610845
10/31/2017,3732,7.261171187
10/31/2017,3733,7.261257874
10/31/2017,3734,7.26134456
10/31/2017,3735,7.261431247
10/31/2017,3736,7.261517934
10/31/2017,3737,7.261604621
10/31/2017,3738,7.261691308
10/31/2017,3739,7.261777995
10/31/2017,3740,7.261864681
10/31/2017,3741,7.261951368
10/31/2017,3742,7.262038055
10/31/2017,3743,7.262124742
10/31/2017,3744,7.262211429
10/31/2017,3745,7.262298115
10/31/2017,3746,7.262384802
10/31/2017,3747,7.262471489
10/31/2017,3748,7.262558176
10/31/2017,3749,7.262644863
10/31/2017,3750,7.262731549
10/31/2017,3751,7.262818236
10/31/2017,3752,7.262904923
10/31/2017,3753,7.26299161
10/31/2017,3754,7.263078297
10/31/2017,3755,7.263164984
10/31/2017,3756,7.26325167
10/31/2017,3757,7.263338357
10/31/2017,3758,7.263425044
10/31/2017,3759,7.263511731
10/31/2017,3760,7.263598418
10/31/2017,3761,7.263685104
10/31/2017,3762,7.263771791
10/31/2017,3763,7.263858478
10/31/2017,3764,7.263945165
10/31/2017,3765,7.264031852
10/31/2017,3766,7.264118538
10/31/2017,3767,7.264205225
10/31/2017,3768,7.264291912
10/31/2017,3769,7.264378599
10/31/2017,3770,7.264465286
10/31/2017,3771,7.264551973
10/31/2017,3772,7.264638659
10/31/2017,3773,7.264725346
10/31/2017,3774,7.264812033
10/31/2017,3775,7.26489872
10/31/2017,3776,7.264985407
10/31/2017,3777,7.265072093
10/31/2017,3778,7.26515878
10/31/2017,3779,7.265245467
10/31/2017,3780,7.265332154
10/31/2017,3781,7.265418841
10/31/2017,3782,7.265505527
10/31/2017,3783,7.265592214
10/31/2017,3784,7.265678901
10/31/2017,3785,7.265765588
10/31/2017,3786,7.265852275
10/31/2017,3787,7.265938962
10/31/2017,3788,7.266025648
10/31/2017,3789,7.266112335
10/31/2017,3790,7.266199022
10/31/2017,3791,7.266285709
10/31/2017,3792,7.266372396
10/31/2017,3793,7.266459082
10/31/2017,3794,7.266545769
10/31/2017,3795,7.266632456
10/31/2017,3796,7.266719143
10/31/2017,3797,7.26680583
10/31/2017,3798,7.266892516
10/31/2017,3799,7.266979203
10/31/2017,3800,7.26706589
10/31/2017,3801,7.267152577
10/31/2017,3802,7.267239264
10/31/2017,3803,7.267325951
10/31/2017,3804,7.267412637
10/31/2017,3805,7.267499324
10/31/2017,3806,7.267586011
10/31/2017,3807,7.267672698
10/31/2017,3808,7.267759385
10/31/2017,3809,7.267846071
10/31/2017,3810,7.267932758
10/31/2017,3811,7.268019445
10/31/2017,3812,7.268106132
10/31/2017,3813,7.268192819
10/31/2017,3814,7.268279505
10/31/2017,3815,7.268366192
10/31/2017,3816,7.268452879
10/31/2017,3817,7.268539566
10/31/2017,3818,7.268626253
10/31/2017,3819,7.26871294
10/31/2017,3820,7.268799626
10/31/2017,3821,7.268886313
10/31/2017,3822,7.268973
10/31/2017,3823,7.269025643
10/31/2017,3824,7.269078286
10/31/2017,3825,7.269130929
10/31/2017,3826,7.269183571
10/31/2017,3827,7.269236214
10/31/2017,3828,7.269288857
10/31/2017,3829,7.2693415
10/31/2017,3830,7.269394143
10/31/2017,3831,7.269446786
10/31/2017,3832,7.269499429
10/31/2017,3833,7.269552071
10/31/2017,3834,7.269604714
10/31/2017,3835,7.269657357
10/31/2017,3836,7.26971
10/31/2017,3837,7.269762643
10/31/2017,3838,7.269815286
10/31/2017,3839,7.269867929
10/31/2017,3840,7.269920571
10/31/2017,3841,7.269973214
10/31/2017,3842,7.270025857
10/31/2017,3843,7.2700785
10/31/2017,3844,7.270131143
10/31/2017,3845,7.270183786
10/31/2017,3846,7.270236429
10/31/2017,3847,7.270289071
10/31/2017,3848,7.270341714
10/31/2017,3849,7.270394357
10/31/2017,3850,7.270447
10/31/2017,3851,7.270499643
10/31/2017,3852,7.270552286
10/31/2017,3853,7.270604929
10/31/2017,3854,7.270657571
10/31/2017,3855,7.270710214
10/31/2017,3856,7.270762857
10/31/2017,3857,7.2708155
10/31/2017,3858,7.270868143
10/31/2017,3859,7.270920786
10/31/2017,3860,7.270973429
10/31/2017,3861,7.271026071
10/31/2017,3862,7.271078714
10/31/2017,3863,7.271131357
10/31/2017,3864,7.271184
10/31/2017,3865,7.271236643
10/31/2017,3866,7.271289286
10/31/2017,3867,7.271341929
10/31/2017,3868,7.271394571
10/31/2017,3869,7.271447214
10/31/2017,3870,7.271499857
10/31/2017,3871,7.2715525
10/31/2017,3872,7.271605143
10/31/2017,3873,7.271657786
10/31/2017,3874,7.271710429
10/31/2017,3875,7.271763071
10/31/2017,3876,7.271815714
10/31/2017,3877,7.271868357
10/31/2017,3878,7.271921
10/31/2017,3879,7.271973643
10/31/2017,3880,7.272026286
10/31/2017,3881,7.272078929
10/31/2017,3882,7.272131571
10/31/2017,3883,7.272184214
10/31/2017,3884,7.272236857
10/31/2017,3885,7.2722895
10/31/2017,3886,7.272342143
10/31/2017,3887,7.272394786
10/31/2017,3888,7.272447429
10/31/2017,3889,7.272500071
10/31/2017,3890,7.272552714
10/31/2017,3891,7.272605357
10/31/2017,3892,7.272658
10/31/2017,3893,7.272710643
10/31/2017,3894,7.272763286
10/31/2017,3895,7.272815929
10/31/2017,3896,7.272868571
10/31/2017,3897,7.272921214
10/31/2017,3898,7.272973857
10/31/2017,3899,7.2730265
10/31/2017,3900,7.273079143
10/31/2017,3901,7.273131786
10/31/2017,3902,7.273184429
10/31/2017,3903,7.273237071
10/31/2017,3904,7.273289714
10/31/2017,3905,7.273342357
10/31/2017,3906,7.273395
10/31/2017,3907,7.273447643
10/31/2017,3908,7.273500286
10/31/2017,3909,7.273552929
10/31/2017,3910,7.273605571
10/31/2017,3911,7.273658214
10/31/2017,3912,7.273710857
10/31/2017,3913,7.2737635
10/31/2017,3914,7.273816143
10/31/2017,3915,7.273868786
10/31/2017,3916,7.273921429
10/31/2017,3917,7.273974071
10/31/2017,3918,7.274026714
10/31/2017,3919,7.274079357
10/31/2017,3920,7.274132
10/31/2017,3921,7.274184643
10/31/2017,3922,7.274237286
10/31/2017,3923,7.274289929
10/31/2017,3924,7.274342571
10/31/2017,3925,7.274395214
10/31/2017,3926,7.274447857
10/31/2017,3927,7.2745005
10/31/2017,3928,7.274553143
10/31/2017,3929,7.274605786
10/31/2017,3930,7.274658429
10/31/2017,3931,7.274711071
10/31/2017,3932,7.274763714
10/31/2017,3933,7.274816357
10/31/2017,3934,7.274869
10/31/2017,3935,7.274921643
10/31/2017,3936,7.274974286
10/31/2017,3937,7.275026929
10/31/2017,3938,7.275079571
10/31/2017,3939,7.275132214
10/31/2017,3940,7.275184857
10/31/2017,3941,7.2752375
10/31/2017,3942,7.275290143
10/31/2017,3943,7.275342786
10/31/2017,3944,7.275395429
10/31/2017,3945,7.275448071
10/31/2017,3946,7.275500714
10/31/2017,3947,7.275553357
10/31/2017,3948,7.275606
10/31/2017,3949,7.275658643
10/31/2017,3950,7.275711286
10/31/2017,3951,7.275763929
10/31/2017,3952,7.275816571
10/31/2017,3953,7.275869214
10/31/2017,3954,7.275921857
10/31/2017,3955,7.2759745
10/31/2017,3956,7.276027143
10/31/2017,3957,7.276079786
10/31/2017,3958,7.276132429
10/31/2017,3959,7.276185071
10/31/2017,3960,7.276237714
10/31/2017,3961,7.276290357
10/31/2017,3962,7.276343
10/31/2017,3963,7.276395643
10/31/2017,3964,7.276448286
10/31/2017,3965,7.276500929
10/31/2017,3966,7.276553571
10/31/2017,3967,7.276606214
10/31/2017,3968,7.276658857
10/31/2017,3969,7.2767115
10/31/2017,3970,7.276764143
10/31/2017,3971,7.276816786
10/31/2017,3972,7.276869429
10/31/2017,3973,7.276922071
10/31/2017,3974,7.276974714
10/31/2017,3975,7.277027357
10/31/2017,3976,7.27708
10/31/2017,3977,7.277132643
10/31/2017,3978,7.277185286
10/31/2017,3979,7.277237929
10/31/2017,3980,7.277290571
10/31/2017,3981,7.277343214
10/31/2017,3982,7.277395857
10/31/2017,3983,7.2774485
10/31/2017,3984,7.277501143
10/31/2017,3985,7.277553786
10/31/2017,3986,7.277606429
10/31/2017,3987,7.277659071
10/31/2017,3988,7.277711714
10/31/2017,3989,7.277764357
10/31/2017,3990,7.277817
10/31/2017,3991,7.277869643
10/31/2017,3992,7.277922286
10/31/2017,3993,7.277974929
10/31/2017,3994,7.278027571
10/31/2017,3995,7.278080214
10/31/2017,3996,7.278132857
10/31/2017,3997,7.2781855
10/31/2017,3998,7.278238143
10/31/2017,3999,7.278290786
10/31/2017,4000,7.278343429
10/31/2017,4001,7.278396071
10/31/2017,4002,7.278448714
10/31/2017,4003,7.278501357
10/31/2017,4004,7.278554
10/31/2017,4005,7.278635962
10/31/2017,4006,7.278717923
10/31/2017,4007,7.278799885
10/31/2017,4008,7.278881846
10/31/2017,4009,7.278963808
10/31/2017,4010,7.279045769
10/31/2017,4011,7.279127731
10/31/2017,4012,7.279209692
10/31/2017,4013,7.279291654
10/31/2017,4014,7.279373615
10/31/2017,4015,7.279455577
10/31/2017,4016,7.279537538
10/31/2017,4017,7.2796195
10/31/2017,4018,7.279701462
10/31/2017,4019,7.279783423
10/31/2017,4020,7.279865385
10/31/2017,4021,7.279947346
10/31/2017,4022,7.280029308
10/31/2017,4023,7.280111269
10/31/2017,4024,7.280193231
10/31/2017,4025,7.280275192
10/31/2017,4026,7.280357154
10/31/2017,4027,7.280439115
10/31/2017,4028,7.280521077
10/31/2017,4029,7.280603038
10/31/2017,4030,7.280685
10/31/2017,4031,7.280766962
10/31/2017,4032,7.280848923
10/31/2017,4033,7.280930885
10/31/2017,4034,7.281012846
10/31/2017,4035,7.281094808
10/31/2017,4036,7.281176769
10/31/2017,4037,7.281258731
10/31/2017,4038,7.281340692
10/31/2017,4039,7.281422654
10/31/2017,4040,7.281504615
10/31/2017,4041,7.281586577
10/31/2017,4042,7.281668538
10/31/2017,4043,7.2817505
10/31/2017,4044,7.281832462
10/31/2017,4045,7.281914423
10/31/2017,4046,7.281996385
10/31/2017,4047,7.282078346
10/31/2017,4048,7.282160308
10/31/2017,4049,7.282242269
10/31/2017,4050,7.282324231
10/31/2017,4051,7.282406192
10/31/2017,4052,7.282488154
10/31/2017,4053,7.282570115
10/31/2017,4054,7.282652077
10/31/2017,4055,7.282734038
10/31/2017,4056,7.282816
10/31/2017,4057,7.282897962
10/31/2017,4058,7.282979923
10/31/2017,4059,7.283061885
10/31/2017,4060,7.283143846
10/31/2017,4061,7.283225808
10/31/2017,4062,7.283307769
10/31/2017,4063,7.283389731
10/31/2017,4064,7.283471692
10/31/2017,4065,7.283553654
10/31/2017,4066,7.283635615
10/31/2017,4067,7.283717577
10/31/2017,4068,7.283799538
10/31/2017,4069,7.2838815
10/31/2017,4070,7.283963462
10/31/2017,4071,7.284045423
10/31/2017,4072,7.284127385
10/31/2017,4073,7.284209346
10/31/2017,4074,7.284291308
10/31/2017,4075,7.284373269
10/31/2017,4076,7.284455231
10/31/2017,4077,7.284537192
10/31/2017,4078,7.284619154
10/31/2017,4079,7.284701115
10/31/2017,4080,7.284783077
10/31/2017,4081,7.284865038
10/31/2017,4082,7.284947
10/31/2017,4083,7.285028962
10/31/2017,4084,7.285110923
10/31/2017,4085,7.285192885
10/31/2017,4086,7.285274846
10/31/2017,4087,7.285356808
10/31/2017,4088,7.285438769
10/31/2017,4089,7.285520731
10/31/2017,4090,7.285602692
10/31/2017,4091,7.285684654
10/31/2017,4092,7.285766615
10/31/2017,4093,7.285848577
10/31/2017,4094,7.285930538
10/31/2017,4095,7.2860125
10/31/2017,4096,7.286094462
10/31/2017,4097,7.286176423
10/31/2017,4098,7.286258385
10/31/2017,4099,7.286340346
10/31/2017,4100,7.286422308
10/31/2017,4101,7.286504269
10/31/2017,4102,7.286586231
10/31/2017,4103,7.286668192
10/31/2017,4104,7.286750154
10/31/2017,4105,7.286832115
10/31/2017,4106,7.286914077
10/31/2017,4107,7.286996038
10/31/2017,4108,7.287078
10/31/2017,4109,7.287159962
10/31/2017,4110,7.287241923
10/31/2017,4111,7.287323885
10/31/2017,4112,7.287405846
10/31/2017,4113,7.287487808
10/31/2017,4114,7.287569769
10/31/2017,4115,7.287651731
10/31/2017,4116,7.287733692
10/31/2017,4117,7.287815654
10/31/2017,4118,7.287897615
10/31/2017,4119,7.287979577
10/31/2017,4120,7.288061538
10/31/2017,4121,7.2881435
10/31/2017,4122,7.288225462
10/31/2017,4123,7.288307423
10/31/2017,4124,7.288389385
10/31/2017,4125,7.288471346
10/31/2017,4126,7.288553308
10/31/2017,4127,7.288635269
10/31/2017,4128,7.288717231
10/31/2017,4129,7.288799192
10/31/2017,4130,7.288881154
10/31/2017,4131,7.288963115
10/31/2017,4132,7.289045077
10/31/2017,4133,7.289127038
10/31/2017,4134,7.289209
10/31/2017,4135,7.289290962
10/31/2017,4136,7.289372923
10/31/2017,4137,7.289454885
10/31/2017,4138,7.289536846
10/31/2017,4139,7.289618808
10/31/2017,4140,7.289700769
10/31/2017,4141,7.289782731
10/31/2017,4142,7.289864692
10/31/2017,4143,7.289946654
10/31/2017,4144,7.290028615
10/31/2017,4145,7.290110577
10/31/2017,4146,7.290192538
10/31/2017,4147,7.2902745
10/31/2017,4148,7.290356462
10/31/2017,4149,7.290438423
10/31/2017,4150,7.290520385
10/31/2017,4151,7.290602346
10/31/2017,4152,7.290684308
10/31/2017,4153,7.290766269
10/31/2017,4154,7.290848231
10/31/2017,4155,7.290930192
10/31/2017,4156,7.291012154
10/31/2017,4157,7.291094115
10/31/2017,4158,7.291176077
10/31/2017,4159,7.291258038
10/31/2017,4160,7.29134
10/31/2017,4161,7.291421962
10/31/2017,4162,7.291503923
10/31/2017,4163,7.291585885
10/31/2017,4164,7.291667846
10/31/2017,4165,7.291749808
10/31/2017,4166,7.291831769
10/31/2017,4167,7.291913731
10/31/2017,4168,7.291995692
10/31/2017,4169,7.292077654
10/31/2017,4170,7.292159615
10/31/2017,4171,7.292241577
10/31/2017,4172,7.292323538
10/31/2017,4173,7.2924055
10/31/2017,4174,7.292487462
10/31/2017,4175,7.292569423
10/31/2017,4176,7.292651385
10/31/2017,4177,7.292733346
10/31/2017,4178,7.292815308
10/31/2017,4179,7.292897269
10/31/2017,4180,7.292979231
10/31/2017,4181,7.293061192
10/31/2017,4182,7.293143154
10/31/2017,4183,7.293225115
10/31/2017,4184,7.293307077
10/31/2017,4185,7.293389038
10/31/2017,4186,7.293471
10/31/2017,4187,7.293552352
10/31/2017,4188,7.293633703
10/31/2017,4189,7.293715055
10/31/2017,4190,7.293796407
10/31/2017,4191,7.293877758
10/31/2017,4192,7.29395911
10/31/2017,4193,7.294040462
10/31/2017,4194,7.294121813
10/31/2017,4195,7.294203165
10/31/2017,4196,7.294284516
10/31/2017,4197,7.294365868
10/31/2017,4198,7.29444722
10/31/2017,4199,7.294528571
10/31/2017,4200,7.294609923
10/31/2017,4201,7.294691275
10/31/2017,4202,7.294772626
10/31/2017,4203,7.294853978
10/31/2017,4204,7.29493533
10/31/2017,4205,7.295016681
10/31/2017,4206,7.295098033
10/31/2017,4207,7.295179385
10/31/2017,4208,7.295260736
10/31/2017,4209,7.295342088
10/31/2017,4210,7.29542344
10/31/2017,4211,7.295504791
10/31/2017,4212,7.295586143
10/31/2017,4213,7.295667495
10/31/2017,4214,7.295748846
10/31/2017,4215,7.295830198
10/31/2017,4216,7.295911549
10/31/2017,4217,7.295992901
10/31/2017,4218,7.296074253
10/31/2017,4219,7.296155604
10/31/2017,4220,7.296236956
10/31/2017,4221,7.296318308
10/31/2017,4222,7.296399659
10/31/2017,4223,7.296481011
10/31/2017,4224,7.296562363
10/31/2017,4225,7.296643714
10/31/2017,4226,7.296725066
10/31/2017,4227,7.296806418
10/31/2017,4228,7.296887769
10/31/2017,4229,7.296969121
10/31/2017,4230,7.297050473
10/31/2017,4231,7.297131824
10/31/2017,4232,7.297213176
10/31/2017,4233,7.297294527
10/31/2017,4234,7.297375879
10/31/2017,4235,7.297457231
10/31/2017,4236,7.297538582
10/31/2017,4237,7.297619934
10/31/2017,4238,7.297701286
10/31/2017,4239,7.297782637
10/31/2017,4240,7.297863989
10/31/2017,4241,7.297945341
10/31/2017,4242,7.298026692
10/31/2017,4243,7.298108044
10/31/2017,4244,7.298189396
10/31/2017,4245,7.298270747
10/31/2017,4246,7.298352099
10/31/2017,4247,7.298433451
10/31/2017,4248,7.298514802
10/31/2017,4249,7.298596154
10/31/2017,4250,7.298677505
10/31/2017,4251,7.298758857
10/31/2017,4252,7.298840209
10/31/2017,4253,7.29892156
10/31/2017,4254,7.299002912
10/31/2017,4255,7.299084264
10/31/2017,4256,7.299165615
10/31/2017,4257,7.299246967
10/31/2017,4258,7.299328319
10/31/2017,4259,7.29940967
10/31/2017,4260,7.299491022
10/31/2017,4261,7.299572374
10/31/2017,4262,7.299653725
10/31/2017,4263,7.299735077
10/31/2017,4264,7.299816429
10/31/2017,4265,7.29989778
10/31/2017,4266,7.299979132
10/31/2017,4267,7.300060484
10/31/2017,4268,7.300141835
10/31/2017,4269,7.300223187
10/31/2017,4270,7.300304538
10/31/2017,4271,7.30038589
10/31/2017,4272,7.300467242
10/31/2017,4273,7.300548593
10/31/2017,4274,7.300629945
10/31/2017,4275,7.300711297
10/31/2017,4276,7.300792648
10/31/2017,4277,7.300874
10/31/2017,4278,7.300955352
10/31/2017,4279,7.301036703
10/31/2017,4280,7.301118055
10/31/2017,4281,7.301199407
10/31/2017,4282,7.301280758
10/31/2017,4283,7.30136211
10/31/2017,4284,7.301443462
10/31/2017,4285,7.301524813
10/31/2017,4286,7.301606165
10/31/2017,4287,7.301687516
10/31/2017,4288,7.301768868
10/31/2017,4289,7.30185022
10/31/2017,4290,7.301931571
10/31/2017,4291,7.302012923
10/31/2017,4292,7.302094275
10/31/2017,4293,7.302175626
10/31/2017,4294,7.302256978
10/31/2017,4295,7.30233833
10/31/2017,4296,7.302419681
10/31/2017,4297,7.302501033
10/31/2017,4298,7.302582385
10/31/2017,4299,7.302663736
10/31/2017,4300,7.302745088
10/31/2017,4301,7.30282644
10/31/2017,4302,7.302907791
10/31/2017,4303,7.302989143
10/31/2017,4304,7.303070495
10/31/2017,4305,7.303151846
10/31/2017,4306,7.303233198
10/31/2017,4307,7.303314549
10/31/2017,4308,7.303395901
10/31/2017,4309,7.303477253
10/31/2017,4310,7.303558604
10/31/2017,4311,7.303639956
10/31/2017,4312,7.303721308
10/31/2017,4313,7.303802659
10/31/2017,4314,7.303884011
10/31/2017,4315,7.303965363
10/31/2017,4316,7.304046714
10/31/2017,4317,7.304128066
10/31/2017,4318,7.304209418
10/31/2017,4319,7.304290769
10/31/2017,4320,7.304372121
10/31/2017,4321,7.304453473
10/31/2017,4322,7.304534824
10/31/2017,4323,7.304616176
10/31/2017,4324,7.304697527
10/31/2017,4325,7.304778879
10/31/2017,4326,7.304860231
10/31/2017,4327,7.304941582
10/31/2017,4328,7.305022934
10/31/2017,4329,7.305104286
10/31/2017,4330,7.305185637
10/31/2017,4331,7.305266989
10/31/2017,4332,7.305348341
10/31/2017,4333,7.305429692
10/31/2017,4334,7.305511044
10/31/2017,4335,7.305592396
10/31/2017,4336,7.305673747
10/31/2017,4337,7.305755099
10/31/2017,4338,7.305836451
10/31/2017,4339,7.305917802
10/31/2017,4340,7.305999154
10/31/2017,4341,7.306080505
10/31/2017,4342,7.306161857
10/31/2017,4343,7.306243209
10/31/2017,4344,7.30632456
10/31/2017,4345,7.306405912
10/31/2017,4346,7.306487264
10/31/2017,4347,7.306568615
10/31/2017,4348,7.306649967
10/31/2017,4349,7.306731319
10/31/2017,4350,7.30681267
10/31/2017,4351,7.306894022
10/31/2017,4352,7.306975374
10/31/2017,4353,7.307056725
10/31/2017,4354,7.307138077
10/31/2017,4355,7.307219429
10/31/2017,4356,7.30730078
10/31/2017,4357,7.307382132
10/31/2017,4358,7.307463484
10/31/2017,4359,7.307544835
10/31/2017,4360,7.307626187
10/31/2017,4361,7.307707538
10/31/2017,4362,7.30778889
10/31/2017,4363,7.307870242
10/31/2017,4364,7.307951593
10/31/2017,4365,7.308032945
10/31/2017,4366,7.308114297
10/31/2017,4367,7.308195648
10/31/2017,4368,7.308277
10/31/2017,4369,7.308357126
10/31/2017,4370,7.308437253
10/31/2017,4371,7.308517379
10/31/2017,4372,7.308597505
10/31/2017,4373,7.308677632
10/31/2017,4374,7.308757758
10/31/2017,4375,7.308837885
10/31/2017,4376,7.308918011
10/31/2017,4377,7.308998137
10/31/2017,4378,7.309078264
10/31/2017,4379,7.30915839
10/31/2017,4380,7.309238516
10/31/2017,4381,7.309318643
10/31/2017,4382,7.309398769
10/31/2017,4383,7.309478896
10/31/2017,4384,7.309559022
10/31/2017,4385,7.309639148
10/31/2017,4386,7.309719275
10/31/2017,4387,7.309799401
10/31/2017,4388,7.309879527
10/31/2017,4389,7.309959654
10/31/2017,4390,7.31003978
10/31/2017,4391,7.310119907
10/31/2017,4392,7.310200033
10/31/2017,4393,7.310280159
10/31/2017,4394,7.310360286
10/31/2017,4395,7.310440412
10/31/2017,4396,7.310520538
10/31/2017,4397,7.310600665
10/31/2017,4398,7.310680791
10/31/2017,4399,7.310760918
10/31/2017,4400,7.310841044
10/31/2017,4401,7.31092117
10/31/2017,4402,7.311001297
10/31/2017,4403,7.311081423
10/31/2017,4404,7.311161549
10/31/2017,4405,7.311241676
10/31/2017,4406,7.311321802
10/31/2017,4407,7.311401929
10/31/2017,4408,7.311482055
10/31/2017,4409,7.311562181
10/31/2017,4410,7.311642308
10/31/2017,4411,7.311722434
10/31/2017,4412,7.31180256
10/31/2017,4413,7.311882687
10/31/2017,4414,7.311962813
10/31/2017,4415,7.31204294
10/31/2017,4416,7.312123066
10/31/2017,4417,7.312203192
10/31/2017,4418,7.312283319
10/31/2017,4419,7.312363445
10/31/2017,4420,7.312443571
10/31/2017,4421,7.312523698
10/31/2017,4422,7.312603824
10/31/2017,4423,7.312683951
10/31/2017,4424,7.312764077
10/31/2017,4425,7.312844203
10/31/2017,4426,7.31292433
10/31/2017,4427,7.313004456
10/31/2017,4428,7.313084582
10/31/2017,4429,7.313164709
10/31/2017,4430,7.313244835
10/31/2017,4431,7.313324962
10/31/2017,4432,7.313405088
10/31/2017,4433,7.313485214
10/31/2017,4434,7.313565341
10/31/2017,4435,7.313645467
10/31/2017,4436,7.313725593
10/31/2017,4437,7.31380572
10/31/2017,4438,7.313885846
10/31/2017,4439,7.313965973
10/31/2017,4440,7.314046099
10/31/2017,4441,7.314126225
10/31/2017,4442,7.314206352
10/31/2017,4443,7.314286478
10/31/2017,4444,7.314366604
10/31/2017,4445,7.314446731
10/31/2017,4446,7.314526857
10/31/2017,4447,7.314606984
10/31/2017,4448,7.31468711
10/31/2017,4449,7.314767236
10/31/2017,4450,7.314847363
10/31/2017,4451,7.314927489
10/31/2017,4452,7.315007615
10/31/2017,4453,7.315087742
10/31/2017,4454,7.315167868
10/31/2017,4455,7.315247995
10/31/2017,4456,7.315328121
10/31/2017,4457,7.315408247
10/31/2017,4458,7.315488374
10/31/2017,4459,7.3155685
10/31/2017,4460,7.315648626
10/31/2017,4461,7.315728753
10/31/2017,4462,7.315808879
10/31/2017,4463,7.315889005
10/31/2017,4464,7.315969132
10/31/2017,4465,7.316049258
10/31/2017,4466,7.316129385
10/31/2017,4467,7.316209511
10/31/2017,4468,7.316289637
10/31/2017,4469,7.316369764
10/31/2017,4470,7.31644989
10/31/2017,4471,7.316530016
10/31/2017,4472,7.316610143
10/31/2017,4473,7.316690269
10/31/2017,4474,7.316770396
10/31/2017,4475,7.316850522
10/31/2017,4476,7.316930648
10/31/2017,4477,7.317010775
10/31/2017,4478,7.317090901
10/31/2017,4479,7.317171027
10/31/2017,4480,7.317251154
10/31/2017,4481,7.31733128
10/31/2017,4482,7.317411407
10/31/2017,4483,7.317491533
10/31/2017,4484,7.317571659
10/31/2017,4485,7.317651786
10/31/2017,4486,7.317731912
10/31/2017,4487,7.317812038
10/31/2017,4488,7.317892165
10/31/2017,4489,7.317972291
10/31/2017,4490,7.318052418
10/31/2017,4491,7.318132544
10/31/2017,4492,7.31821267
10/31/2017,4493,7.318292797
10/31/2017,4494,7.318372923
10/31/2017,4495,7.318453049
10/31/2017,4496,7.318533176
10/31/2017,4497,7.318613302
10/31/2017,4498,7.318693429
10/31/2017,4499,7.318773555
10/31/2017,4500,7.318853681
10/31/2017,4501,7.318933808
10/31/2017,4502,7.319013934
10/31/2017,4503,7.31909406
10/31/2017,4504,7.319174187
10/31/2017,4505,7.319254313
10/31/2017,4506,7.31933444
10/31/2017,4507,7.319414566
10/31/2017,4508,7.319494692
10/31/2017,4509,7.319574819
10/31/2017,4510,7.319654945
10/31/2017,4511,7.319735071
10/31/2017,4512,7.319815198
10/31/2017,4513,7.319895324
10/31/2017,4514,7.319975451
10/31/2017,4515,7.320055577
10/31/2017,4516,7.320135703
10/31/2017,4517,7.32021583
10/31/2017,4518,7.320295956
10/31/2017,4519,7.320376082
10/31/2017,4520,7.320456209
10/31/2017,4521,7.320536335
10/31/2017,4522,7.320616462
10/31/2017,4523,7.320696588
10/31/2017,4524,7.320776714
10/31/2017,4525,7.320856841
10/31/2017,4526,7.320936967
10/31/2017,4527,7.321017093
10/31/2017,4528,7.32109722
10/31/2017,4529,7.321177346
10/31/2017,4530,7.321257473
10/31/2017,4531,7.321337599
10/31/2017,4532,7.321417725
10/31/2017,4533,7.321497852
10/31/2017,4534,7.321577978
10/31/2017,4535,7.321658104
10/31/2017,4536,7.321738231
10/31/2017,4537,7.321818357
10/31/2017,4538,7.321898484
10/31/2017,4539,7.32197861
10/31/2017,4540,7.322058736
10/31/2017,4541,7.322138863
10/31/2017,4542,7.322218989
10/31/2017,4543,7.322299115
10/31/2017,4544,7.322379242
10/31/2017,4545,7.322459368
10/31/2017,4546,7.322539495
10/31/2017,4547,7.322619621
10/31/2017,4548,7.322699747
10/31/2017,4549,7.322779874
10/31/2017,4550,7.32286
10/31/2017,4551,7.322967275
10/31/2017,4552,7.323074549
10/31/2017,4553,7.323181824
10/31/2017,4554,7.323289099
10/31/2017,4555,7.323396374
10/31/2017,4556,7.323503648
10/31/2017,4557,7.323610923
10/31/2017,4558,7.323718198
10/31/2017,4559,7.323825473
10/31/2017,4560,7.323932747
10/31/2017,4561,7.324040022
10/31/2017,4562,7.324147297
10/31/2017,4563,7.324254571
10/31/2017,4564,7.324361846
10/31/2017,4565,7.324469121
10/31/2017,4566,7.324576396
10/31/2017,4567,7.32468367
10/31/2017,4568,7.324790945
10/31/2017,4569,7.32489822
10/31/2017,4570,7.325005495
10/31/2017,4571,7.325112769
10/31/2017,4572,7.325220044
10/31/2017,4573,7.325327319
10/31/2017,4574,7.325434593
10/31/2017,4575,7.325541868
10/31/2017,4576,7.325649143
10/31/2017,4577,7.325756418
10/31/2017,4578,7.325863692
10/31/2017,4579,7.325970967
10/31/2017,4580,7.326078242
10/31/2017,4581,7.326185516
10/31/2017,4582,7.326292791
10/31/2017,4583,7.326400066
10/31/2017,4584,7.326507341
10/31/2017,4585,7.326614615
10/31/2017,4586,7.32672189
10/31/2017,4587,7.326829165
10/31/2017,4588,7.32693644
10/31/2017,4589,7.327043714
10/31/2017,4590,7.327150989
10/31/2017,4591,7.327258264
10/31/2017,4592,7.327365538
10/31/2017,4593,7.327472813
10/31/2017,4594,7.327580088
10/31/2017,4595,7.327687363
10/31/2017,4596,7.327794637
10/31/2017,4597,7.327901912
10/31/2017,4598,7.328009187
10/31/2017,4599,7.328116462
10/31/2017,4600,7.328223736
10/31/2017,4601,7.328331011
10/31/2017,4602,7.328438286
10/31/2017,4603,7.32854556
10/31/2017,4604,7.328652835
10/31/2017,4605,7.32876011
10/31/2017,4606,7.328867385
10/31/2017,4607,7.328974659
10/31/2017,4608,7.329081934
10/31/2017,4609,7.329189209
10/31/2017,4610,7.329296484
10/31/2017,4611,7.329403758
10/31/2017,4612,7.329511033
10/31/2017,4613,7.329618308
10/31/2017,4614,7.329725582
10/31/2017,4615,7.329832857
10/31/2017,4616,7.329940132
10/31/2017,4617,7.330047407
10/31/2017,4618,7.330154681
10/31/2017,4619,7.330261956
10/31/2017,4620,7.330369231
10/31/2017,4621,7.330476505
10/31/2017,4622,7.33058378
10/31/2017,4623,7.330691055
10/31/2017,4624,7.33079833
10/31/2017,4625,7.330905604
10/31/2017,4626,7.331012879
10/31/2017,4627,7.331120154
10/31/2017,4628,7.331227429
10/31/2017,4629,7.331334703
10/31/2017,4630,7.331441978
10/31/2017,4631,7.331549253
10/31/2017,4632,7.331656527
10/31/2017,4633,7.331763802
10/31/2017,4634,7.331871077
10/31/2017,4635,7.331978352
10/31/2017,4636,7.332085626
10/31/2017,4637,7.332192901
10/31/2017,4638,7.332300176
10/31/2017,4639,7.332407451
10/31/2017,4640,7.332514725
10/31/2017,4641,7.332622
10/31/2017,4642,7.332729275
10/31/2017,4643,7.332836549
10/31/2017,4644,7.332943824
10/31/2017,4645,7.333051099
10/31/2017,4646,7.333158374
10/31/2017,4647,7.333265648
10/31/2017,4648,7.333372923
10/31/2017,4649,7.333480198
10/31/2017,4650,7.333587473
10/31/2017,4651,7.333694747
10/31/2017,4652,7.333802022
10/31/2017,4653,7.333909297
10/31/2017,4654,7.334016571
10/31/2017,4655,7.334123846
10/31/2017,4656,7.334231121
10/31/2017,4657,7.334338396
10/31/2017,4658,7.33444567
10/31/2017,4659,7.334552945
10/31/2017,4660,7.33466022
10/31/2017,4661,7.334767495
10/31/2017,4662,7.334874769
10/31/2017,4663,7.334982044
10/31/2017,4664,7.335089319
10/31/2017,4665,7.335196593
10/31/2017,4666,7.335303868
10/31/2017,4667,7.335411143
10/31/2017,4668,7.335518418
10/31/2017,4669,7.335625692
10/31/2017,4670,7.335732967
10/31/2017,4671,7.335840242
10/31/2017,4672,7.335947516
10/31/2017,4673,7.336054791
10/31/2017,4674,7.336162066
10/31/2017,4675,7.336269341
10/31/2017,4676,7.336376615
10/31/2017,4677,7.33648389
10/31/2017,4678,7.336591165
10/31/2017,4679,7.33669844
10/31/2017,4680,7.336805714
10/31/2017,4681,7.336912989
10/31/2017,4682,7.337020264
10/31/2017,4683,7.337127538
10/31/2017,4684,7.337234813
10/31/2017,4685,7.337342088
10/31/2017,4686,7.337449363
10/31/2017,4687,7.337556637
10/31/2017,4688,7.337663912
10/31/2017,4689,7.337771187
10/31/2017,4690,7.337878462
10/31/2017,4691,7.337985736
10/31/2017,4692,7.338093011
10/31/2017,4693,7.338200286
10/31/2017,4694,7.33830756
10/31/2017,4695,7.338414835
10/31/2017,4696,7.33852211
10/31/2017,4697,7.338629385
10/31/2017,4698,7.338736659
10/31/2017,4699,7.338843934
10/31/2017,4700,7.338951209
10/31/2017,4701,7.339058484
10/31/2017,4702,7.339165758
10/31/2017,4703,7.339273033
10/31/2017,4704,7.339380308
10/31/2017,4705,7.339487582
10/31/2017,4706,7.339594857
10/31/2017,4707,7.339702132
10/31/2017,4708,7.339809407
10/31/2017,4709,7.339916681
10/31/2017,4710,7.340023956
10/31/2017,4711,7.340131231
10/31/2017,4712,7.340238505
10/31/2017,4713,7.34034578
10/31/2017,4714,7.340453055
10/31/2017,4715,7.34056033
10/31/2017,4716,7.340667604
10/31/2017,4717,7.340774879
10/31/2017,4718,7.340882154
10/31/2017,4719,7.340989429
10/31/2017,4720,7.341096703
10/31/2017,4721,7.341203978
10/31/2017,4722,7.341311253
10/31/2017,4723,7.341418527
10/31/2017,4724,7.341525802
10/31/2017,4725,7.341633077
10/31/2017,4726,7.341740352
10/31/2017,4727,7.341847626
10/31/2017,4728,7.341954901
10/31/2017,4729,7.342062176
10/31/2017,4730,7.342169451
10/31/2017,4731,7.342276725
10/31/2017,4732,7.342384
10/31/2017,4733,7.342462269
10/31/2017,4734,7.342540538
10/31/2017,4735,7.342618808
10/31/2017,4736,7.342697077
10/31/2017,4737,7.342775346
10/31/2017,4738,7.342853615
10/31/2017,4739,7.342931885
10/31/2017,4740,7.343010154
10/31/2017,4741,7.343088423
10/31/2017,4742,7.343166692
10/31/2017,4743,7.343244962
10/31/2017,4744,7.343323231
10/31/2017,4745,7.3434015
10/31/2017,4746,7.343479769
10/31/2017,4747,7.343558038
10/31/2017,4748,7.343636308
10/31/2017,4749,7.343714577
10/31/2017,4750,7.343792846
10/31/2017,4751,7.343871115
10/31/2017,4752,7.343949385
10/31/2017,4753,7.344027654
10/31/2017,4754,7.344105923
10/31/2017,4755,7.344184192
10/31/2017,4756,7.344262462
10/31/2017,4757,7.344340731
10/31/2017,4758,7.344419
10/31/2017,4759,7.344497269
10/31/2017,4760,7.344575538
10/31/2017,4761,7.344653808
10/31/2017,4762,7.344732077
10/31/2017,4763,7.344810346
10/31/2017,4764,7.344888615
10/31/2017,4765,7.344966885
10/31/2017,4766,7.345045154
10/31/2017,4767,7.345123423
10/31/2017,4768,7.345201692
10/31/2017,4769,7.345279962
10/31/2017,4770,7.345358231
10/31/2017,4771,7.3454365
10/31/2017,4772,7.345514769
10/31/2017,4773,7.345593038
10/31/2017,4774,7.345671308
10/31/2017,4775,7.345749577
10/31/2017,4776,7.345827846
10/31/2017,4777,7.345906115
10/31/2017,4778,7.345984385
10/31/2017,4779,7.346062654
10/31/2017,4780,7.346140923
10/31/2017,4781,7.346219192
10/31/2017,4782,7.346297462
10/31/2017,4783,7.346375731
10/31/2017,4784,7.346454
10/31/2017,4785,7.346532269
10/31/2017,4786,7.346610538
10/31/2017,4787,7.346688808
10/31/2017,4788,7.346767077
10/31/2017,4789,7.346845346
10/31/2017,4790,7.346923615
10/31/2017,4791,7.347001885
10/31/2017,4792,7.347080154
10/31/2017,4793,7.347158423
10/31/2017,4794,7.347236692
10/31/2017,4795,7.347314962
10/31/2017,4796,7.347393231
10/31/2017,4797,7.3474715
10/31/2017,4798,7.347549769
10/31/2017,4799,7.347628038
10/31/2017,4800,7.347706308
10/31/2017,4801,7.347784577
10/31/2017,4802,7.347862846
10/31/2017,4803,7.347941115
10/31/2017,4804,7.348019385
10/31/2017,4805,7.348097654
10/31/2017,4806,7.348175923
10/31/2017,4807,7.348254192
10/31/2017,4808,7.348332462
10/31/2017,4809,7.348410731
10/31/2017,4810,7.348489
10/31/2017,4811,7.348567269
10/31/2017,4812,7.348645538
10/31/2017,4813,7.348723808
10/31/2017,4814,7.348802077
10/31/2017,4815,7.348880346
10/31/2017,4816,7.348958615
10/31/2017,4817,7.349036885
10/31/2017,4818,7.349115154
10/31/2017,4819,7.349193423
10/31/2017,4820,7.349271692
10/31/2017,4821,7.349349962
10/31/2017,4822,7.349428231
10/31/2017,4823,7.3495065
10/31/2017,4824,7.349584769
10/31/2017,4825,7.349663038
10/31/2017,4826,7.349741308
10/31/2017,4827,7.349819577
10/31/2017,4828,7.349897846
10/31/2017,4829,7.349976115
10/31/2017,4830,7.350054385
10/31/2017,4831,7.350132654
10/31/2017,4832,7.350210923
10/31/2017,4833,7.350289192
10/31/2017,4834,7.350367462
10/31/2017,4835,7.350445731
10/31/2017,4836,7.350524
10/31/2017,4837,7.350602269
10/31/2017,4838,7.350680538
10/31/2017,4839,7.350758808
10/31/2017,4840,7.350837077
10/31/2017,4841,7.350915346
10/31/2017,4842,7.350993615
10/31/2017,4843,7.351071885
10/31/2017,4844,7.351150154
10/31/2017,4845,7.351228423
10/31/2017,4846,7.351306692
10/31/2017,4847,7.351384962
10/31/2017,4848,7.351463231
10/31/2017,4849,7.3515415
10/31/2017,4850,7.351619769
10/31/2017,4851,7.351698038
10/31/2017,4852,7.351776308
10/31/2017,4853,7.351854577
10/31/2017,4854,7.351932846
10/31/2017,4855,7.352011115
10/31/2017,4856,7.352089385
10/31/2017,4857,7.352167654
10/31/2017,4858,7.352245923
10/31/2017,4859,7.352324192
10/31/2017,4860,7.352402462
10/31/2017,4861,7.352480731
10/31/2017,4862,7.352559
10/31/2017,4863,7.352637269
10/31/2017,4864,7.352715538
10/31/2017,4865,7.352793808
10/31/2017,4866,7.352872077
10/31/2017,4867,7.352950346
10/31/2017,4868,7.353028615
10/31/2017,4869,7.353106885
10/31/2017,4870,7.353185154
10/31/2017,4871,7.353263423
10/31/2017,4872,7.353341692
10/31/2017,4873,7.353419962
10/31/2017,4874,7.353498231
10/31/2017,4875,7.3535765
10/31/2017,4876,7.353654769
10/31/2017,4877,7.353733038
10/31/2017,4878,7.353811308
10/31/2017,4879,7.353889577
10/31/2017,4880,7.353967846
10/31/2017,4881,7.354046115
10/31/2017,4882,7.354124385
10/31/2017,4883,7.354202654
10/31/2017,4884,7.354280923
10/31/2017,4885,7.354359192
10/31/2017,4886,7.354437462
10/31/2017,4887,7.354515731
10/31/2017,4888,7.354594
10/31/2017,4889,7.354672269
10/31/2017,4890,7.354750538
10/31/2017,4891,7.354828808
10/31/2017,4892,7.354907077
10/31/2017,4893,7.354985346
10/31/2017,4894,7.355063615
10/31/2017,4895,7.355141885
10/31/2017,4896,7.355220154
10/31/2017,4897,7.355298423
10/31/2017,4898,7.355376692
10/31/2017,4899,7.355454962
10/31/2017,4900,7.355533231
10/31/2017,4901,7.3556115
10/31/2017,4902,7.355689769
10/31/2017,4903,7.355768038
10/31/2017,4904,7.355846308
10/31/2017,4905,7.355924577
10/31/2017,4906,7.356002846
10/31/2017,4907,7.356081115
10/31/2017,4908,7.356159385
10/31/2017,4909,7.356237654
10/31/2017,4910,7.356315923
10/31/2017,4911,7.356394192
10/31/2017,4912,7.356472462
10/31/2017,4913,7.356550731
10/31/2017,4914,7.356629
10/31/2017,4915,7.356680478
10/31/2017,4916,7.356731956
10/31/2017,4917,7.356783434
10/31/2017,4918,7.356834912
10/31/2017,4919,7.35688639
10/31/2017,4920,7.356937868
10/31/2017,4921,7.356989346
10/31/2017,4922,7.357040824
10/31/2017,4923,7.357092302
10/31/2017,4924,7.35714378
10/31/2017,4925,7.357195258
10/31/2017,4926,7.357246736
10/31/2017,4927,7.357298214
10/31/2017,4928,7.357349692
10/31/2017,4929,7.35740117
10/31/2017,4930,7.357452648
10/31/2017,4931,7.357504126
10/31/2017,4932,7.357555604
10/31/2017,4933,7.357607082
10/31/2017,4934,7.35765856
10/31/2017,4935,7.357710038
10/31/2017,4936,7.357761516
10/31/2017,4937,7.357812995
10/31/2017,4938,7.357864473
10/31/2017,4939,7.357915951
10/31/2017,4940,7.357967429
10/31/2017,4941,7.358018907
10/31/2017,4942,7.358070385
10/31/2017,4943,7.358121863
10/31/2017,4944,7.358173341
10/31/2017,4945,7.358224819
10/31/2017,4946,7.358276297
10/31/2017,4947,7.358327775
10/31/2017,4948,7.358379253
10/31/2017,4949,7.358430731
10/31/2017,4950,7.358482209
10/31/2017,4951,7.358533687
10/31/2017,4952,7.358585165
10/31/2017,4953,7.358636643
10/31/2017,4954,7.358688121
10/31/2017,4955,7.358739599
10/31/2017,4956,7.358791077
10/31/2017,4957,7.358842555
10/31/2017,4958,7.358894033
10/31/2017,4959,7.358945511
10/31/2017,4960,7.358996989
10/31/2017,4961,7.359048467
10/31/2017,4962,7.359099945
10/31/2017,4963,7.359151423
10/31/2017,4964,7.359202901
10/31/2017,4965,7.359254379
10/31/2017,4966,7.359305857
10/31/2017,4967,7.359357335
10/31/2017,4968,7.359408813
10/31/2017,4969,7.359460291
10/31/2017,4970,7.359511769
10/31/2017,4971,7.359563247
10/31/2017,4972,7.359614725
10/31/2017,4973,7.359666203
10/31/2017,4974,7.359717681
10/31/2017,4975,7.359769159
10/31/2017,4976,7.359820637
10/31/2017,4977,7.359872115
10/31/2017,4978,7.359923593
10/31/2017,4979,7.359975071
10/31/2017,4980,7.360026549
10/31/2017,4981,7.360078027
10/31/2017,4982,7.360129505
10/31/2017,4983,7.360180984
10/31/2017,4984,7.360232462
10/31/2017,4985,7.36028394
10/31/2017,4986,7.360335418
10/31/2017,4987,7.360386896
10/31/2017,4988,7.360438374
10/31/2017,4989,7.360489852
10/31/2017,4990,7.36054133
10/31/2017,4991,7.360592808
10/31/2017,4992,7.360644286
10/31/2017,4993,7.360695764
10/31/2017,4994,7.360747242
10/31/2017,4995,7.36079872
10/31/2017,4996,7.360850198
10/31/2017,4997,7.360901676
10/31/2017,4998,7.360953154
10/31/2017,4999,7.361004632
10/31/2017,5000,7.36105611
10/31/2017,5001,7.361107588
10/31/2017,5002,7.361159066
10/31/2017,5003,7.361210544
10/31/2017,5004,7.361262022
10/31/2017,5005,7.3613135
10/31/2017,5006,7.361364978
10/31/2017,5007,7.361416456
10/31/2017,5008,7.361467934
10/31/2017,5009,7.361519412
10/31/2017,5010,7.36157089
10/31/2017,5011,7.361622368
10/31/2017,5012,7.361673846
10/31/2017,5013,7.361725324
10/31/2017,5014,7.361776802
10/31/2017,5015,7.36182828
10/31/2017,5016,7.361879758
10/31/2017,5017,7.361931236
10/31/2017,5018,7.361982714
10/31/2017,5019,7.362034192
10/31/2017,5020,7.36208567
10/31/2017,5021,7.362137148
10/31/2017,5022,7.362188626
10/31/2017,5023,7.362240104
10/31/2017,5024,7.362291582
10/31/2017,5025,7.36234306
10/31/2017,5026,7.362394538
10/31/2017,5027,7.362446016
10/31/2017,5028,7.362497495
10/31/2017,5029,7.362548973
10/31/2017,5030,7.362600451
10/31/2017,5031,7.362651929
10/31/2017,5032,7.362703407
10/31/2017,5033,7.362754885
10/31/2017,5034,7.362806363
10/31/2017,5035,7.362857841
10/31/2017,5036,7.362909319
10/31/2017,5037,7.362960797
10/31/2017,5038,7.363012275
10/31/2017,5039,7.363063753
10/31/2017,5040,7.363115231
10/31/2017,5041,7.363166709
10/31/2017,5042,7.363218187
10/31/2017,5043,7.363269665
10/31/2017,5044,7.363321143
10/31/2017,5045,7.363372621
10/31/2017,5046,7.363424099
10/31/2017,5047,7.363475577
10/31/2017,5048,7.363527055
10/31/2017,5049,7.363578533
10/31/2017,5050,7.363630011
10/31/2017,5051,7.363681489
10/31/2017,5052,7.363732967
10/31/2017,5053,7.363784445
10/31/2017,5054,7.363835923
10/31/2017,5055,7.363887401
10/31/2017,5056,7.363938879
10/31/2017,5057,7.363990357
10/31/2017,5058,7.364041835
10/31/2017,5059,7.364093313
10/31/2017,5060,7.364144791
10/31/2017,5061,7.364196269
10/31/2017,5062,7.364247747
10/31/2017,5063,7.364299225
10/31/2017,5064,7.364350703
10/31/2017,5065,7.364402181
10/31/2017,5066,7.364453659
10/31/2017,5067,7.364505137
10/31/2017,5068,7.364556615
10/31/2017,5069,7.364608093
10/31/2017,5070,7.364659571
10/31/2017,5071,7.364711049
10/31/2017,5072,7.364762527
10/31/2017,5073,7.364814005
10/31/2017,5074,7.364865484
10/31/2017,5075,7.364916962
10/31/2017,5076,7.36496844
10/31/2017,5077,7.365019918
10/31/2017,5078,7.365071396
10/31/2017,5079,7.365122874
10/31/2017,5080,7.365174352
10/31/2017,5081,7.36522583
10/31/2017,5082,7.365277308
10/31/2017,5083,7.365328786
10/31/2017,5084,7.365380264
10/31/2017,5085,7.365431742
10/31/2017,5086,7.36548322
10/31/2017,5087,7.365534698
10/31/2017,5088,7.365586176
10/31/2017,5089,7.365637654
10/31/2017,5090,7.365689132
10/31/2017,5091,7.36574061
10/31/2017,5092,7.365792088
10/31/2017,5093,7.365843566
10/31/2017,5094,7.365895044
10/31/2017,5095,7.365946522
10/31/2017,5096,7.365998
10/31/2017,5097,7.366040379
10/31/2017,5098,7.366082758
10/31/2017,5099,7.366125137
10/31/2017,5100,7.366167516
10/31/2017,5101,7.366209896
10/31/2017,5102,7.366252275
10/31/2017,5103,7.366294654
10/31/2017,5104,7.366337033
10/31/2017,5105,7.366379412
10/31/2017,5106,7.366421791
10/31/2017,5107,7.36646417
10/31/2017,5108,7.366506549
10/31/2017,5109,7.366548929
10/31/2017,5110,7.366591308
10/31/2017,5111,7.366633687
10/31/2017,5112,7.366676066
10/31/2017,5113,7.366718445
10/31/2017,5114,7.366760824
10/31/2017,5115,7.366803203
10/31/2017,5116,7.366845582
10/31/2017,5117,7.366887962
10/31/2017,5118,7.366930341
10/31/2017,5119,7.36697272
10/31/2017,5120,7.367015099
10/31/2017,5121,7.367057478
10/31/2017,5122,7.367099857
10/31/2017,5123,7.367142236
10/31/2017,5124,7.367184615
10/31/2017,5125,7.367226995
10/31/2017,5126,7.367269374
10/31/2017,5127,7.367311753
10/31/2017,5128,7.367354132
10/31/2017,5129,7.367396511
10/31/2017,5130,7.36743889
10/31/2017,5131,7.367481269
10/31/2017,5132,7.367523648
10/31/2017,5133,7.367566027
10/31/2017,5134,7.367608407
10/31/2017,5135,7.367650786
10/31/2017,5136,7.367693165
10/31/2017,5137,7.367735544
10/31/2017,5138,7.367777923
10/31/2017,5139,7.367820302
10/31/2017,5140,7.367862681
10/31/2017,5141,7.36790506
10/31/2017,5142,7.36794744
10/31/2017,5143,7.367989819
10/31/2017,5144,7.368032198
10/31/2017,5145,7.368074577
10/31/2017,5146,7.368116956
10/31/2017,5147,7.368159335
10/31/2017,5148,7.368201714
10/31/2017,5149,7.368244093
10/31/2017,5150,7.368286473
10/31/2017,5151,7.368328852
10/31/2017,5152,7.368371231
10/31/2017,5153,7.36841361
10/31/2017,5154,7.368455989
10/31/2017,5155,7.368498368
10/31/2017,5156,7.368540747
10/31/2017,5157,7.368583126
10/31/2017,5158,7.368625505
10/31/2017,5159,7.368667885
10/31/2017,5160,7.368710264
10/31/2017,5161,7.368752643
10/31/2017,5162,7.368795022
10/31/2017,5163,7.368837401
10/31/2017,5164,7.36887978
10/31/2017,5165,7.368922159
10/31/2017,5166,7.368964538
10/31/2017,5167,7.369006918
10/31/2017,5168,7.369049297
10/31/2017,5169,7.369091676
10/31/2017,5170,7.369134055
10/31/2017,5171,7.369176434
10/31/2017,5172,7.369218813
10/31/2017,5173,7.369261192
10/31/2017,5174,7.369303571
10/31/2017,5175,7.369345951
10/31/2017,5176,7.36938833
10/31/2017,5177,7.369430709
10/31/2017,5178,7.369473088
10/31/2017,5179,7.369515467
10/31/2017,5180,7.369557846
10/31/2017,5181,7.369600225
10/31/2017,5182,7.369642604
10/31/2017,5183,7.369684984
10/31/2017,5184,7.369727363
10/31/2017,5185,7.369769742
10/31/2017,5186,7.369812121
10/31/2017,5187,7.3698545
10/31/2017,5188,7.369896879
10/31/2017,5189,7.369939258
10/31/2017,5190,7.369981637
10/31/2017,5191,7.370024016
10/31/2017,5192,7.370066396
10/31/2017,5193,7.370108775
10/31/2017,5194,7.370151154
10/31/2017,5195,7.370193533
10/31/2017,5196,7.370235912
10/31/2017,5197,7.370278291
10/31/2017,5198,7.37032067
10/31/2017,5199,7.370363049
10/31/2017,5200,7.370405429
10/31/2017,5201,7.370447808
10/31/2017,5202,7.370490187
10/31/2017,5203,7.370532566
10/31/2017,5204,7.370574945
10/31/2017,5205,7.370617324
10/31/2017,5206,7.370659703
10/31/2017,5207,7.370702082
10/31/2017,5208,7.370744462
10/31/2017,5209,7.370786841
10/31/2017,5210,7.37082922
10/31/2017,5211,7.370871599
10/31/2017,5212,7.370913978
10/31/2017,5213,7.370956357
10/31/2017,5214,7.370998736
10/31/2017,5215,7.371041115
10/31/2017,5216,7.371083495
10/31/2017,5217,7.371125874
10/31/2017,5218,7.371168253
10/31/2017,5219,7.371210632
10/31/2017,5220,7.371253011
10/31/2017,5221,7.37129539
10/31/2017,5222,7.371337769
10/31/2017,5223,7.371380148
10/31/2017,5224,7.371422527
10/31/2017,5225,7.371464907
10/31/2017,5226,7.371507286
10/31/2017,5227,7.371549665
10/31/2017,5228,7.371592044
10/31/2017,5229,7.371634423
10/31/2017,5230,7.371676802
10/31/2017,5231,7.371719181
10/31/2017,5232,7.37176156
10/31/2017,5233,7.37180394
10/31/2017,5234,7.371846319
10/31/2017,5235,7.371888698
10/31/2017,5236,7.371931077
10/31/2017,5237,7.371973456
10/31/2017,5238,7.372015835
10/31/2017,5239,7.372058214
10/31/2017,5240,7.372100593
10/31/2017,5241,7.372142973
10/31/2017,5242,7.372185352
10/31/2017,5243,7.372227731
10/31/2017,5244,7.37227011
10/31/2017,5245,7.372312489
10/31/2017,5246,7.372354868
10/31/2017,5247,7.372397247
10/31/2017,5248,7.372439626
10/31/2017,5249,7.372482005
10/31/2017,5250,7.372524385
10/31/2017,5251,7.372566764
10/31/2017,5252,7.372609143
10/31/2017,5253,7.372651522
10/31/2017,5254,7.372693901
10/31/2017,5255,7.37273628
10/31/2017,5256,7.372778659
10/31/2017,5257,7.372821038
10/31/2017,5258,7.372863418
10/31/2017,5259,7.372905797
10/31/2017,5260,7.372948176
10/31/2017,5261,7.372990555
10/31/2017,5262,7.373032934
10/31/2017,5263,7.373075313
10/31/2017,5264,7.373117692
10/31/2017,5265,7.373160071
10/31/2017,5266,7.373202451
10/31/2017,5267,7.37324483
10/31/2017,5268,7.373287209
10/31/2017,5269,7.373329588
10/31/2017,5270,7.373371967
10/31/2017,5271,7.373414346
10/31/2017,5272,7.373456725
10/31/2017,5273,7.373499104
10/31/2017,5274,7.373541484
10/31/2017,5275,7.373583863
10/31/2017,5276,7.373626242
10/31/2017,5277,7.373668621
10/31/2017,5278,7.373711
10/31/2017,5279,7.373752269
10/31/2017,5280,7.373793538
10/31/2017,5281,7.373834808
10/31/2017,5282,7.373876077
10/31/2017,5283,7.373917346
10/31/2017,5284,7.373958615
10/31/2017,5285,7.373999885
10/31/2017,5286,7.374041154
10/31/2017,5287,7.374082423
10/31/2017,5288,7.374123692
10/31/2017,5289,7.374164962
10/31/2017,5290,7.374206231
10/31/2017,5291,7.3742475
10/31/2017,5292,7.374288769
10/31/2017,5293,7.374330038
10/31/2017,5294,7.374371308
10/31/2017,5295,7.374412577
10/31/2017,5296,7.374453846
10/31/2017,5297,7.374495115
10/31/2017,5298,7.374536385
10/31/2017,5299,7.374577654
10/31/2017,5300,7.374618923
10/31/2017,5301,7.374660192
10/31/2017,5302,7.374701462
10/31/2017,5303,7.374742731
10/31/2017,5304,7.374784
10/31/2017,5305,7.374825269
10/31/2017,5306,7.374866538
10/31/2017,5307,7.374907808
10/31/2017,5308,7.374949077
10/31/2017,5309,7.374990346
10/31/2017,5310,7.375031615
10/31/2017,5311,7.375072885
10/31/2017,5312,7.375114154
10/31/2017,5313,7.375155423
10/31/2017,5314,7.375196692
10/31/2017,5315,7.375237962
10/31/2017,5316,7.375279231
10/31/2017,5317,7.3753205
10/31/2017,5318,7.375361769
10/31/2017,5319,7.375403038
10/31/2017,5320,7.375444308
10/31/2017,5321,7.375485577
10/31/2017,5322,7.375526846
10/31/2017,5323,7.375568115
10/31/2017,5324,7.375609385
10/31/2017,5325,7.375650654
10/31/2017,5326,7.375691923
10/31/2017,5327,7.375733192
10/31/2017,5328,7.375774462
10/31/2017,5329,7.375815731
10/31/2017,5330,7.375857
10/31/2017,5331,7.375898269
10/31/2017,5332,7.375939538
10/31/2017,5333,7.375980808
10/31/2017,5334,7.376022077
10/31/2017,5335,7.376063346
10/31/2017,5336,7.376104615
10/31/2017,5337,7.376145885
10/31/2017,5338,7.376187154
10/31/2017,5339,7.376228423
10/31/2017,5340,7.376269692
10/31/2017,5341,7.376310962
10/31/2017,5342,7.376352231
10/31/2017,5343,7.3763935
10/31/2017,5344,7.376434769
10/31/2017,5345,7.376476038
10/31/2017,5346,7.376517308
10/31/2017,5347,7.376558577
10/31/2017,5348,7.376599846
10/31/2017,5349,7.376641115
10/31/2017,5350,7.376682385
10/31/2017,5351,7.376723654
10/31/2017,5352,7.376764923
10/31/2017,5353,7.376806192
10/31/2017,5354,7.376847462
10/31/2017,5355,7.376888731
10/31/2017,5356,7.37693
10/31/2017,5357,7.376971269
10/31/2017,5358,7.377012538
10/31/2017,5359,7.377053808
10/31/2017,5360,7.377095077
10/31/2017,5361,7.377136346
10/31/2017,5362,7.377177615
10/31/2017,5363,7.377218885
10/31/2017,5364,7.377260154
10/31/2017,5365,7.377301423
10/31/2017,5366,7.377342692
10/31/2017,5367,7.377383962
10/31/2017,5368,7.377425231
10/31/2017,5369,7.3774665
10/31/2017,5370,7.377507769
10/31/2017,5371,7.377549038
10/31/2017,5372,7.377590308
10/31/2017,5373,7.377631577
10/31/2017,5374,7.377672846
10/31/2017,5375,7.377714115
10/31/2017,5376,7.377755385
10/31/2017,5377,7.377796654
10/31/2017,5378,7.377837923
10/31/2017,5379,7.377879192
10/31/2017,5380,7.377920462
10/31/2017,5381,7.377961731
10/31/2017,5382,7.378003
10/31/2017,5383,7.378044269
10/31/2017,5384,7.378085538
10/31/2017,5385,7.378126808
10/31/2017,5386,7.378168077
10/31/2017,5387,7.378209346
10/31/2017,5388,7.378250615
10/31/2017,5389,7.378291885
10/31/2017,5390,7.378333154
10/31/2017,5391,7.378374423
10/31/2017,5392,7.378415692
10/31/2017,5393,7.378456962
10/31/2017,5394,7.378498231
10/31/2017,5395,7.3785395
10/31/2017,5396,7.378580769
10/31/2017,5397,7.378622038
10/31/2017,5398,7.378663308
10/31/2017,5399,7.378704577
10/31/2017,5400,7.378745846
10/31/2017,5401,7.378787115
10/31/2017,5402,7.378828385
10/31/2017,5403,7.378869654
10/31/2017,5404,7.378910923
10/31/2017,5405,7.378952192
10/31/2017,5406,7.378993462
10/31/2017,5407,7.379034731
10/31/2017,5408,7.379076
10/31/2017,5409,7.379117269
10/31/2017,5410,7.379158538
10/31/2017,5411,7.379199808
10/31/2017,5412,7.379241077
10/31/2017,5413,7.379282346
10/31/2017,5414,7.379323615
10/31/2017,5415,7.379364885
10/31/2017,5416,7.379406154
10/31/2017,5417,7.379447423
10/31/2017,5418,7.379488692
10/31/2017,5419,7.379529962
10/31/2017,5420,7.379571231
10/31/2017,5421,7.3796125
10/31/2017,5422,7.379653769
10/31/2017,5423,7.379695038
10/31/2017,5424,7.379736308
10/31/2017,5425,7.379777577
10/31/2017,5426,7.379818846
10/31/2017,5427,7.379860115
10/31/2017,5428,7.379901385
10/31/2017,5429,7.379942654
10/31/2017,5430,7.379983923
10/31/2017,5431,7.380025192
10/31/2017,5432,7.380066462
10/31/2017,5433,7.380107731
10/31/2017,5434,7.380149
10/31/2017,5435,7.380190269
10/31/2017,5436,7.380231538
10/31/2017,5437,7.380272808
10/31/2017,5438,7.380314077
10/31/2017,5439,7.380355346
10/31/2017,5440,7.380396615
10/31/2017,5441,7.380437885
10/31/2017,5442,7.380479154
10/31/2017,5443,7.380520423
10/31/2017,5444,7.380561692
10/31/2017,5445,7.380602962
10/31/2017,5446,7.380644231
10/31/2017,5447,7.3806855
10/31/2017,5448,7.380726769
10/31/2017,5449,7.380768038
10/31/2017,5450,7.380809308
10/31/2017,5451,7.380850577
10/31/2017,5452,7.380891846
10/31/2017,5453,7.380933115
10/31/2017,5454,7.380974385
10/31/2017,5455,7.381015654
10/31/2017,5456,7.381056923
10/31/2017,5457,7.381098192
10/31/2017,5458,7.381139462
10/31/2017,5459,7.381180731
10/31/2017,5460,7.381222
10/31/2017,5461,7.381262225
10/31/2017,5462,7.381302451
10/31/2017,5463,7.381342676
10/31/2017,5464,7.381382901
10/31/2017,5465,7.381423126
10/31/2017,5466,7.381463352
10/31/2017,5467,7.381503577
10/31/2017,5468,7.381543802
10/31/2017,5469,7.381584027
10/31/2017,5470,7.381624253
10/31/2017,5471,7.381664478
10/31/2017,5472,7.381704703
10/31/2017,5473,7.381744929
10/31/2017,5474,7.381785154
10/31/2017,5475,7.381825379
10/31/2017,5476,7.381865604
10/31/2017,5477,7.38190583
10/31/2017,5478,7.381946055
10/31/2017,5479,7.38198628
10/31/2017,5480,7.382026505
10/31/2017,5481,7.382066731
10/31/2017,5482,7.382106956
10/31/2017,5483,7.382147181
10/31/2017,5484,7.382187407
10/31/2017,5485,7.382227632
10/31/2017,5486,7.382267857
10/31/2017,5487,7.382308082
10/31/2017,5488,7.382348308
10/31/2017,5489,7.382388533
10/31/2017,5490,7.382428758
10/31/2017,5491,7.382468984
10/31/2017,5492,7.382509209
10/31/2017,5493,7.382549434
10/31/2017,5494,7.382589659
10/31/2017,5495,7.382629885
10/31/2017,5496,7.38267011
10/31/2017,5497,7.382710335
10/31/2017,5498,7.38275056
10/31/2017,5499,7.382790786
10/31/2017,5500,7.382831011
10/31/2017,5501,7.382871236
10/31/2017,5502,7.382911462
10/31/2017,5503,7.382951687
10/31/2017,5504,7.382991912
10/31/2017,5505,7.383032137
10/31/2017,5506,7.383072363
10/31/2017,5507,7.383112588
10/31/2017,5508,7.383152813
10/31/2017,5509,7.383193038
10/31/2017,5510,7.383233264
10/31/2017,5511,7.383273489
10/31/2017,5512,7.383313714
10/31/2017,5513,7.38335394
10/31/2017,5514,7.383394165
10/31/2017,5515,7.38343439
10/31/2017,5516,7.383474615
10/31/2017,5517,7.383514841
10/31/2017,5518,7.383555066
10/31/2017,5519,7.383595291
10/31/2017,5520,7.383635516
10/31/2017,5521,7.383675742
10/31/2017,5522,7.383715967
10/31/2017,5523,7.383756192
10/31/2017,5524,7.383796418
10/31/2017,5525,7.383836643
10/31/2017,5526,7.383876868
10/31/2017,5527,7.383917093
10/31/2017,5528,7.383957319
10/31/2017,5529,7.383997544
10/31/2017,5530,7.384037769
10/31/2017,5531,7.384077995
10/31/2017,5532,7.38411822
10/31/2017,5533,7.384158445
10/31/2017,5534,7.38419867
10/31/2017,5535,7.384238896
10/31/2017,5536,7.384279121
10/31/2017,5537,7.384319346
10/31/2017,5538,7.384359571
10/31/2017,5539,7.384399797
10/31/2017,5540,7.384440022
10/31/2017,5541,7.384480247
10/31/2017,5542,7.384520473
10/31/2017,5543,7.384560698
10/31/2017,5544,7.384600923
10/31/2017,5545,7.384641148
10/31/2017,5546,7.384681374
10/31/2017,5547,7.384721599
10/31/2017,5548,7.384761824
10/31/2017,5549,7.384802049
10/31/2017,5550,7.384842275
10/31/2017,5551,7.3848825
10/31/2017,5552,7.384922725
10/31/2017,5553,7.384962951
10/31/2017,5554,7.385003176
10/31/2017,5555,7.385043401
10/31/2017,5556,7.385083626
10/31/2017,5557,7.385123852
10/31/2017,5558,7.385164077
10/31/2017,5559,7.385204302
10/31/2017,5560,7.385244527
10/31/2017,5561,7.385284753
10/31/2017,5562,7.385324978
10/31/2017,5563,7.385365203
10/31/2017,5564,7.385405429
10/31/2017,5565,7.385445654
10/31/2017,5566,7.385485879
10/31/2017,5567,7.385526104
10/31/2017,5568,7.38556633
10/31/2017,5569,7.385606555
10/31/2017,5570,7.38564678
10/31/2017,5571,7.385687005
10/31/2017,5572,7.385727231
10/31/2017,5573,7.385767456
10/31/2017,5574,7.385807681
10/31/2017,5575,7.385847907
10/31/2017,5576,7.385888132
10/31/2017,5577,7.385928357
10/31/2017,5578,7.385968582
10/31/2017,5579,7.386008808
10/31/2017,5580,7.386049033
10/31/2017,5581,7.386089258
10/31/2017,5582,7.386129484
10/31/2017,5583,7.386169709
10/31/2017,5584,7.386209934
10/31/2017,5585,7.386250159
10/31/2017,5586,7.386290385
10/31/2017,5587,7.38633061
10/31/2017,5588,7.386370835
10/31/2017,5589,7.38641106
10/31/2017,5590,7.386451286
10/31/2017,5591,7.386491511
10/31/2017,5592,7.386531736
10/31/2017,5593,7.386571962
10/31/2017,5594,7.386612187
10/31/2017,5595,7.386652412
10/31/2017,5596,7.386692637
10/31/2017,5597,7.386732863
10/31/2017,5598,7.386773088
10/31/2017,5599,7.386813313
10/31/2017,5600,7.386853538
10/31/2017,5601,7.386893764
10/31/2017,5602,7.386933989
10/31/2017,5603,7.386974214
10/31/2017,5604,7.38701444
10/31/2017,5605,7.387054665
10/31/2017,5606,7.38709489
10/31/2017,5607,7.387135115
10/31/2017,5608,7.387175341
10/31/2017,5609,7.387215566
10/31/2017,5610,7.387255791
10/31/2017,5611,7.387296016
10/31/2017,5612,7.387336242
10/31/2017,5613,7.387376467
10/31/2017,5614,7.387416692
10/31/2017,5615,7.387456918
10/31/2017,5616,7.387497143
10/31/2017,5617,7.387537368
10/31/2017,5618,7.387577593
10/31/2017,5619,7.387617819
10/31/2017,5620,7.387658044
10/31/2017,5621,7.387698269
10/31/2017,5622,7.387738495
10/31/2017,5623,7.38777872
10/31/2017,5624,7.387818945
10/31/2017,5625,7.38785917
10/31/2017,5626,7.387899396
10/31/2017,5627,7.387939621
10/31/2017,5628,7.387979846
10/31/2017,5629,7.388020071
10/31/2017,5630,7.388060297
10/31/2017,5631,7.388100522
10/31/2017,5632,7.388140747
10/31/2017,5633,7.388180973
10/31/2017,5634,7.388221198
10/31/2017,5635,7.388261423
10/31/2017,5636,7.388301648
10/31/2017,5637,7.388341874
10/31/2017,5638,7.388382099
10/31/2017,5639,7.388422324
10/31/2017,5640,7.388462549
10/31/2017,5641,7.388502775
10/31/2017,5642,7.388543
10/31/2017,5643,7.388582209
10/31/2017,5644,7.388621418
10/31/2017,5645,7.388660626
10/31/2017,5646,7.388699835
10/31/2017,5647,7.388739044
10/31/2017,5648,7.388778253
10/31/2017,5649,7.388817462
10/31/2017,5650,7.38885667
10/31/2017,5651,7.388895879
10/31/2017,5652,7.388935088
10/31/2017,5653,7.388974297
10/31/2017,5654,7.389013505
10/31/2017,5655,7.389052714
10/31/2017,5656,7.389091923
10/31/2017,5657,7.389131132
10/31/2017,5658,7.389170341
10/31/2017,5659,7.389209549
10/31/2017,5660,7.389248758
10/31/2017,5661,7.389287967
10/31/2017,5662,7.389327176
10/31/2017,5663,7.389366385
10/31/2017,5664,7.389405593
10/31/2017,5665,7.389444802
10/31/2017,5666,7.389484011
10/31/2017,5667,7.38952322
10/31/2017,5668,7.389562429
10/31/2017,5669,7.389601637
10/31/2017,5670,7.389640846
10/31/2017,5671,7.389680055
10/31/2017,5672,7.389719264
10/31/2017,5673,7.389758473
10/31/2017,5674,7.389797681
10/31/2017,5675,7.38983689
10/31/2017,5676,7.389876099
10/31/2017,5677,7.389915308
10/31/2017,5678,7.389954516
10/31/2017,5679,7.389993725
10/31/2017,5680,7.390032934
10/31/2017,5681,7.390072143
10/31/2017,5682,7.390111352
10/31/2017,5683,7.39015056
10/31/2017,5684,7.390189769
10/31/2017,5685,7.390228978
10/31/2017,5686,7.390268187
10/31/2017,5687,7.390307396
10/31/2017,5688,7.390346604
10/31/2017,5689,7.390385813
10/31/2017,5690,7.390425022
10/31/2017,5691,7.390464231
10/31/2017,5692,7.39050344
10/31/2017,5693,7.390542648
10/31/2017,5694,7.390581857
10/31/2017,5695,7.390621066
10/31/2017,5696,7.390660275
10/31/2017,5697,7.390699484
10/31/2017,5698,7.390738692
10/31/2017,5699,7.390777901
10/31/2017,5700,7.39081711
10/31/2017,5701,7.390856319
10/31/2017,5702,7.390895527
10/31/2017,5703,7.390934736
10/31/2017,5704,7.390973945
10/31/2017,5705,7.391013154
10/31/2017,5706,7.391052363
10/31/2017,5707,7.391091571
10/31/2017,5708,7.39113078
10/31/2017,5709,7.391169989
10/31/2017,5710,7.391209198
10/31/2017,5711,7.391248407
10/31/2017,5712,7.391287615
10/31/2017,5713,7.391326824
10/31/2017,5714,7.391366033
10/31/2017,5715,7.391405242
10/31/2017,5716,7.391444451
10/31/2017,5717,7.391483659
10/31/2017,5718,7.391522868
10/31/2017,5719,7.391562077
10/31/2017,5720,7.391601286
10/31/2017,5721,7.391640495
10/31/2017,5722,7.391679703
10/31/2017,5723,7.391718912
10/31/2017,5724,7.391758121
10/31/2017,5725,7.39179733
10/31/2017,5726,7.391836538
10/31/2017,5727,7.391875747
10/31/2017,5728,7.391914956
10/31/2017,5729,7.391954165
10/31/2017,5730,7.391993374
10/31/2017,5731,7.392032582
10/31/2017,5732,7.392071791
10/31/2017,5733,7.392111
10/31/2017,5734,7.392150209
10/31/2017,5735,7.392189418
10/31/2017,5736,7.392228626
10/31/2017,5737,7.392267835
10/31/2017,5738,7.392307044
10/31/2017,5739,7.392346253
10/31/2017,5740,7.392385462
10/31/2017,5741,7.39242467
10/31/2017,5742,7.392463879
10/31/2017,5743,7.392503088
10/31/2017,5744,7.392542297
10/31/2017,5745,7.392581505
10/31/2017,5746,7.392620714
10/31/2017,5747,7.392659923
10/31/2017,5748,7.392699132
10/31/2017,5749,7.392738341
10/31/2017,5750,7.392777549
10/31/2017,5751,7.392816758
10/31/2017,5752,7.392855967
10/31/2017,5753,7.392895176
10/31/2017,5754,7.392934385
10/31/2017,5755,7.392973593
10/31/2017,5756,7.393012802
10/31/2017,5757,7.393052011
10/31/2017,5758,7.39309122
10/31/2017,5759,7.393130429
10/31/2017,5760,7.393169637
10/31/2017,5761,7.393208846
10/31/2017,5762,7.393248055
10/31/2017,5763,7.393287264
10/31/2017,5764,7.393326473
10/31/2017,5765,7.393365681
10/31/2017,5766,7.39340489
10/31/2017,5767,7.393444099
10/31/2017,5768,7.393483308
10/31/2017,5769,7.393522516
10/31/2017,5770,7.393561725
10/31/2017,5771,7.393600934
10/31/2017,5772,7.393640143
10/31/2017,5773,7.393679352
10/31/2017,5774,7.39371856
10/31/2017,5775,7.393757769
10/31/2017,5776,7.393796978
10/31/2017,5777,7.393836187
10/31/2017,5778,7.393875396
10/31/2017,5779,7.393914604
10/31/2017,5780,7.393953813
10/31/2017,5781,7.393993022
10/31/2017,5782,7.394032231
10/31/2017,5783,7.39407144
10/31/2017,5784,7.394110648
10/31/2017,5785,7.394149857
10/31/2017,5786,7.394189066
10/31/2017,5787,7.394228275
10/31/2017,5788,7.394267484
10/31/2017,5789,7.394306692
10/31/2017,5790,7.394345901
10/31/2017,5791,7.39438511
10/31/2017,5792,7.394424319
10/31/2017,5793,7.394463527
10/31/2017,5794,7.394502736
10/31/2017,5795,7.394541945
10/31/2017,5796,7.394581154
10/31/2017,5797,7.394620363
10/31/2017,5798,7.394659571
10/31/2017,5799,7.39469878
10/31/2017,5800,7.394737989
10/31/2017,5801,7.394777198
10/31/2017,5802,7.394816407
10/31/2017,5803,7.394855615
10/31/2017,5804,7.394894824
10/31/2017,5805,7.394934033
10/31/2017,5806,7.394973242
10/31/2017,5807,7.395012451
10/31/2017,5808,7.395051659
10/31/2017,5809,7.395090868
10/31/2017,5810,7.395130077
10/31/2017,5811,7.395169286
10/31/2017,5812,7.395208495
10/31/2017,5813,7.395247703
10/31/2017,5814,7.395286912
10/31/2017,5815,7.395326121
10/31/2017,5816,7.39536533
10/31/2017,5817,7.395404538
10/31/2017,5818,7.395443747
10/31/2017,5819,7.395482956
10/31/2017,5820,7.395522165
10/31/2017,5821,7.395561374
10/31/2017,5822,7.395600582
10/31/2017,5823,7.395639791
10/31/2017,5824,7.395679
10/31/2017,5825,7.395717225
10/31/2017,5826,7.395755451
10/31/2017,5827,7.395793676
10/31/2017,5828,7.395831901
10/31/2017,5829,7.395870126
10/31/2017,5830,7.395908352
10/31/2017,5831,7.395946577
10/31/2017,5832,7.395984802
10/31/2017,5833,7.396023027
10/31/2017,5834,7.396061253
10/31/2017,5835,7.396099478
10/31/2017,5836,7.396137703
10/31/2017,5837,7.396175929
10/31/2017,5838,7.396214154
10/31/2017,5839,7.396252379
10/31/2017,5840,7.396290604
10/31/2017,5841,7.39632883
10/31/2017,5842,7.396367055
10/31/2017,5843,7.39640528
10/31/2017,5844,7.396443505
10/31/2017,5845,7.396481731
10/31/2017,5846,7.396519956
10/31/2017,5847,7.396558181
10/31/2017,5848,7.396596407
10/31/2017,5849,7.396634632
10/31/2017,5850,7.396672857
10/31/2017,5851,7.396711082
10/31/2017,5852,7.396749308
10/31/2017,5853,7.396787533
10/31/2017,5854,7.396825758
10/31/2017,5855,7.396863984
10/31/2017,5856,7.396902209
10/31/2017,5857,7.396940434
10/31/2017,5858,7.396978659
10/31/2017,5859,7.397016885
10/31/2017,5860,7.39705511
10/31/2017,5861,7.397093335
10/31/2017,5862,7.39713156
10/31/2017,5863,7.397169786
10/31/2017,5864,7.397208011
10/31/2017,5865,7.397246236
10/31/2017,5866,7.397284462
10/31/2017,5867,7.397322687
10/31/2017,5868,7.397360912
10/31/2017,5869,7.397399137
10/31/2017,5870,7.397437363
10/31/2017,5871,7.397475588
10/31/2017,5872,7.397513813
10/31/2017,5873,7.397552038
10/31/2017,5874,7.397590264
10/31/2017,5875,7.397628489
10/31/2017,5876,7.397666714
10/31/2017,5877,7.39770494
10/31/2017,5878,7.397743165
10/31/2017,5879,7.39778139
10/31/2017,5880,7.397819615
10/31/2017,5881,7.397857841
10/31/2017,5882,7.397896066
10/31/2017,5883,7.397934291
10/31/2017,5884,7.397972516
10/31/2017,5885,7.398010742
10/31/2017,5886,7.398048967
10/31/2017,5887,7.398087192
10/31/2017,5888,7.398125418
10/31/2017,5889,7.398163643
10/31/2017,5890,7.398201868
10/31/2017,5891,7.398240093
10/31/2017,5892,7.398278319
10/31/2017,5893,7.398316544
10/31/2017,5894,7.398354769
10/31/2017,5895,7.398392995
10/31/2017,5896,7.39843122
10/31/2017,5897,7.398469445
10/31/2017,5898,7.39850767
10/31/2017,5899,7.398545896
10/31/2017,5900,7.398584121
10/31/2017,5901,7.398622346
10/31/2017,5902,7.398660571
10/31/2017,5903,7.398698797
10/31/2017,5904,7.398737022
10/31/2017,5905,7.398775247
10/31/2017,5906,7.398813473
10/31/2017,5907,7.398851698
10/31/2017,5908,7.398889923
10/31/2017,5909,7.398928148
10/31/2017,5910,7.398966374
10/31/2017,5911,7.399004599
10/31/2017,5912,7.399042824
10/31/2017,5913,7.399081049
10/31/2017,5914,7.399119275
10/31/2017,5915,7.3991575
10/31/2017,5916,7.399195725
10/31/2017,5917,7.399233951
10/31/2017,5918,7.399272176
10/31/2017,5919,7.399310401
10/31/2017,5920,7.399348626
10/31/2017,5921,7.399386852
10/31/2017,5922,7.399425077
10/31/2017,5923,7.399463302
10/31/2017,5924,7.399501527
10/31/2017,5925,7.399539753
10/31/2017,5926,7.399577978
10/31/2017,5927,7.399616203
10/31/2017,5928,7.399654429
10/31/2017,5929,7.399692654
10/31/2017,5930,7.399730879
10/31/2017,5931,7.399769104
10/31/2017,5932,7.39980733
10/31/2017,5933,7.399845555
10/31/2017,5934,7.39988378
10/31/2017,5935,7.399922005
10/31/2017,5936,7.399960231
10/31/2017,5937,7.399998456
10/31/2017,5938,7.400036681
10/31/2017,5939,7.400074907
10/31/2017,5940,7.400113132
10/31/2017,5941,7.400151357
10/31/2017,5942,7.400189582
10/31/2017,5943,7.400227808
10/31/2017,5944,7.400266033
10/31/2017,5945,7.400304258
10/31/2017,5946,7.400342484
10/31/2017,5947,7.400380709
10/31/2017,5948,7.400418934
10/31/2017,5949,7.400457159
10/31/2017,5950,7.400495385
10/31/2017,5951,7.40053361
10/31/2017,5952,7.400571835
10/31/2017,5953,7.40061006
10/31/2017,5954,7.400648286
10/31/2017,5955,7.400686511
10/31/2017,5956,7.400724736
10/31/2017,5957,7.400762962
10/31/2017,5958,7.400801187
10/31/2017,5959,7.400839412
10/31/2017,5960,7.400877637
10/31/2017,5961,7.400915863
10/31/2017,5962,7.400954088
10/31/2017,5963,7.400992313
10/31/2017,5964,7.401030538
10/31/2017,5965,7.401068764
10/31/2017,5966,7.401106989
10/31/2017,5967,7.401145214
10/31/2017,5968,7.40118344
10/31/2017,5969,7.401221665
10/31/2017,5970,7.40125989
10/31/2017,5971,7.401298115
10/31/2017,5972,7.401336341
10/31/2017,5973,7.401374566
10/31/2017,5974,7.401412791
10/31/2017,5975,7.401451016
10/31/2017,5976,7.401489242
10/31/2017,5977,7.401527467
10/31/2017,5978,7.401565692
10/31/2017,5979,7.401603918
10/31/2017,5980,7.401642143
10/31/2017,5981,7.401680368
10/31/2017,5982,7.401718593
10/31/2017,5983,7.401756819
10/31/2017,5984,7.401795044
10/31/2017,5985,7.401833269
10/31/2017,5986,7.401871495
10/31/2017,5987,7.40190972
10/31/2017,5988,7.401947945
10/31/2017,5989,7.40198617
10/31/2017,5990,7.402024396
10/31/2017,5991,7.402062621
10/31/2017,5992,7.402100846
10/31/2017,5993,7.402139071
10/31/2017,5994,7.402177297
10/31/2017,5995,7.402215522
10/31/2017,5996,7.402253747
10/31/2017,5997,7.402291973
10/31/2017,5998,7.402330198
10/31/2017,5999,7.402368423
10/31/2017,6000,7.402406648
10/31/2017,6001,7.402444874
10/31/2017,6002,7.402483099
10/31/2017,6003,7.402521324
10/31/2017,6004,7.402559549
10/31/2017,6005,7.402597775
10/31/2017,6006,7.402636
10/31/2017,6007,7.402673286
10/31/2017,6008,7.402710571
10/31/2017,6009,7.402747857
10/31/2017,6010,7.402785143
10/31/2017,6011,7.402822429
10/31/2017,6012,7.402859714
10/31/2017,6013,7.402897
10/31/2017,6014,7.402934286
10/31/2017,6015,7.402971571
10/31/2017,6016,7.403008857
10/31/2017,6017,7.403046143
10/31/2017,6018,7.403083429
10/31/2017,6019,7.403120714
10/31/2017,6020,7.403158
10/31/2017,6021,7.403195286
10/31/2017,6022,7.403232571
10/31/2017,6023,7.403269857
10/31/2017,6024,7.403307143
10/31/2017,6025,7.403344429
10/31/2017,6026,7.403381714
10/31/2017,6027,7.403419
10/31/2017,6028,7.403456286
10/31/2017,6029,7.403493571
10/31/2017,6030,7.403530857
10/31/2017,6031,7.403568143
10/31/2017,6032,7.403605429
10/31/2017,6033,7.403642714
10/31/2017,6034,7.40368
10/31/2017,6035,7.403717286
10/31/2017,6036,7.403754571
10/31/2017,6037,7.403791857
10/31/2017,6038,7.403829143
10/31/2017,6039,7.403866429
10/31/2017,6040,7.403903714
10/31/2017,6041,7.403941
10/31/2017,6042,7.403978286
10/31/2017,6043,7.404015571
10/31/2017,6044,7.404052857
10/31/2017,6045,7.404090143
10/31/2017,6046,7.404127429
10/31/2017,6047,7.404164714
10/31/2017,6048,7.404202
10/31/2017,6049,7.404239286
10/31/2017,6050,7.404276571
10/31/2017,6051,7.404313857
10/31/2017,6052,7.404351143
10/31/2017,6053,7.404388429
10/31/2017,6054,7.404425714
10/31/2017,6055,7.404463
10/31/2017,6056,7.404500286
10/31/2017,6057,7.404537571
10/31/2017,6058,7.404574857
10/31/2017,6059,7.404612143
10/31/2017,6060,7.404649429
10/31/2017,6061,7.404686714
10/31/2017,6062,7.404724
10/31/2017,6063,7.404761286
10/31/2017,6064,7.404798571
10/31/2017,6065,7.404835857
10/31/2017,6066,7.404873143
10/31/2017,6067,7.404910429
10/31/2017,6068,7.404947714
10/31/2017,6069,7.404985
10/31/2017,6070,7.405022286
10/31/2017,6071,7.405059571
10/31/2017,6072,7.405096857
10/31/2017,6073,7.405134143
10/31/2017,6074,7.405171429
10/31/2017,6075,7.405208714
10/31/2017,6076,7.405246
10/31/2017,6077,7.405283286
10/31/2017,6078,7.405320571
10/31/2017,6079,7.405357857
10/31/2017,6080,7.405395143
10/31/2017,6081,7.405432429
10/31/2017,6082,7.405469714
10/31/2017,6083,7.405507
10/31/2017,6084,7.405544286
10/31/2017,6085,7.405581571
10/31/2017,6086,7.405618857
10/31/2017,6087,7.405656143
10/31/2017,6088,7.405693429
10/31/2017,6089,7.405730714
10/31/2017,6090,7.405768
10/31/2017,6091,7.405805286
10/31/2017,6092,7.405842571
10/31/2017,6093,7.405879857
10/31/2017,6094,7.405917143
10/31/2017,6095,7.405954429
10/31/2017,6096,7.405991714
10/31/2017,6097,7.406029
10/31/2017,6098,7.406066286
10/31/2017,6099,7.406103571
10/31/2017,6100,7.406140857
10/31/2017,6101,7.406178143
10/31/2017,6102,7.406215429
10/31/2017,6103,7.406252714
10/31/2017,6104,7.40629
10/31/2017,6105,7.406327286
10/31/2017,6106,7.406364571
10/31/2017,6107,7.406401857
10/31/2017,6108,7.406439143
10/31/2017,6109,7.406476429
10/31/2017,6110,7.406513714
10/31/2017,6111,7.406551
10/31/2017,6112,7.406588286
10/31/2017,6113,7.406625571
10/31/2017,6114,7.406662857
10/31/2017,6115,7.406700143
10/31/2017,6116,7.406737429
10/31/2017,6117,7.406774714
10/31/2017,6118,7.406812
10/31/2017,6119,7.406849286
10/31/2017,6120,7.406886571
10/31/2017,6121,7.406923857
10/31/2017,6122,7.406961143
10/31/2017,6123,7.406998429
10/31/2017,6124,7.407035714
10/31/2017,6125,7.407073
10/31/2017,6126,7.407110286
10/31/2017,6127,7.407147571
10/31/2017,6128,7.407184857
10/31/2017,6129,7.407222143
10/31/2017,6130,7.407259429
10/31/2017,6131,7.407296714
10/31/2017,6132,7.407334
10/31/2017,6133,7.407371286
10/31/2017,6134,7.407408571
10/31/2017,6135,7.407445857
10/31/2017,6136,7.407483143
10/31/2017,6137,7.407520429
10/31/2017,6138,7.407557714
10/31/2017,6139,7.407595
10/31/2017,6140,7.407632286
10/31/2017,6141,7.407669571
10/31/2017,6142,7.407706857
10/31/2017,6143,7.407744143
10/31/2017,6144,7.407781429
10/31/2017,6145,7.407818714
10/31/2017,6146,7.407856
10/31/2017,6147,7.407893286
10/31/2017,6148,7.407930571
10/31/2017,6149,7.407967857
10/31/2017,6150,7.408005143
10/31/2017,6151,7.408042429
10/31/2017,6152,7.408079714
10/31/2017,6153,7.408117
10/31/2017,6154,7.408154286
10/31/2017,6155,7.408191571
10/31/2017,6156,7.408228857
10/31/2017,6157,7.408266143
10/31/2017,6158,7.408303429
10/31/2017,6159,7.408340714
10/31/2017,6160,7.408378
10/31/2017,6161,7.408415286
10/31/2017,6162,7.408452571
10/31/2017,6163,7.408489857
10/31/2017,6164,7.408527143
10/31/2017,6165,7.408564429
10/31/2017,6166,7.408601714
10/31/2017,6167,7.408639
10/31/2017,6168,7.408676286
10/31/2017,6169,7.408713571
10/31/2017,6170,7.408750857
10/31/2017,6171,7.408788143
10/31/2017,6172,7.408825429
10/31/2017,6173,7.408862714
10/31/2017,6174,7.4089
10/31/2017,6175,7.408937286
10/31/2017,6176,7.408974571
10/31/2017,6177,7.409011857
10/31/2017,6178,7.409049143
10/31/2017,6179,7.409086429
10/31/2017,6180,7.409123714
10/31/2017,6181,7.409161
10/31/2017,6182,7.409198286
10/31/2017,6183,7.409235571
10/31/2017,6184,7.409272857
10/31/2017,6185,7.409310143
10/31/2017,6186,7.409347429
10/31/2017,6187,7.409384714
10/31/2017,6188,7.409422
10/31/2017,6189,7.409538714
10/31/2017,6190,7.409655429
10/31/2017,6191,7.409772143
10/31/2017,6192,7.409888857
10/31/2017,6193,7.410005571
10/31/2017,6194,7.410122286
10/31/2017,6195,7.410239
10/31/2017,6196,7.410355714
10/31/2017,6197,7.410472429
10/31/2017,6198,7.410589143
10/31/2017,6199,7.410705857
10/31/2017,6200,7.410822571
10/31/2017,6201,7.410939286
10/31/2017,6202,7.411056
10/31/2017,6203,7.411172714
10/31/2017,6204,7.411289429
10/31/2017,6205,7.411406143
10/31/2017,6206,7.411522857
10/31/2017,6207,7.411639571
10/31/2017,6208,7.411756286
10/31/2017,6209,7.411873
10/31/2017,6210,7.411989714
10/31/2017,6211,7.412106429
10/31/2017,6212,7.412223143
10/31/2017,6213,7.412339857
10/31/2017,6214,7.412456571
10/31/2017,6215,7.412573286
10/31/2017,6216,7.41269
10/31/2017,6217,7.412806714
10/31/2017,6218,7.412923429
10/31/2017,6219,7.413040143
10/31/2017,6220,7.413156857
10/31/2017,6221,7.413273571
10/31/2017,6222,7.413390286
10/31/2017,6223,7.413507
10/31/2017,6224,7.413623714
10/31/2017,6225,7.413740429
10/31/2017,6226,7.413857143
10/31/2017,6227,7.413973857
10/31/2017,6228,7.414090571
10/31/2017,6229,7.414207286
10/31/2017,6230,7.414324
10/31/2017,6231,7.414440714
10/31/2017,6232,7.414557429
10/31/2017,6233,7.414674143
10/31/2017,6234,7.414790857
10/31/2017,6235,7.414907571
10/31/2017,6236,7.415024286
10/31/2017,6237,7.415141
10/31/2017,6238,7.415257714
10/31/2017,6239,7.415374429
10/31/2017,6240,7.415491143
10/31/2017,6241,7.415607857
10/31/2017,6242,7.415724571
10/31/2017,6243,7.415841286
10/31/2017,6244,7.415958
10/31/2017,6245,7.416074714
10/31/2017,6246,7.416191429
10/31/2017,6247,7.416308143
10/31/2017,6248,7.416424857
10/31/2017,6249,7.416541571
10/31/2017,6250,7.416658286
10/31/2017,6251,7.416775
10/31/2017,6252,7.416891714
10/31/2017,6253,7.417008429
10/31/2017,6254,7.417125143
10/31/2017,6255,7.417241857
10/31/2017,6256,7.417358571
10/31/2017,6257,7.417475286
10/31/2017,6258,7.417592
10/31/2017,6259,7.417708714
10/31/2017,6260,7.417825429
10/31/2017,6261,7.417942143
10/31/2017,6262,7.418058857
10/31/2017,6263,7.418175571
10/31/2017,6264,7.418292286
10/31/2017,6265,7.418409
10/31/2017,6266,7.418525714
10/31/2017,6267,7.418642429
10/31/2017,6268,7.418759143
10/31/2017,6269,7.418875857
10/31/2017,6270,7.418992571
10/31/2017,6271,7.419109286
10/31/2017,6272,7.419226
10/31/2017,6273,7.419342714
10/31/2017,6274,7.419459429
10/31/2017,6275,7.419576143
10/31/2017,6276,7.419692857
10/31/2017,6277,7.419809571
10/31/2017,6278,7.419926286
10/31/2017,6279,7.420043
10/31/2017,6280,7.420159714
10/31/2017,6281,7.420276429
10/31/2017,6282,7.420393143
10/31/2017,6283,7.420509857
10/31/2017,6284,7.420626571
10/31/2017,6285,7.420743286
10/31/2017,6286,7.42086
10/31/2017,6287,7.420976714
10/31/2017,6288,7.421093429
10/31/2017,6289,7.421210143
10/31/2017,6290,7.421326857
10/31/2017,6291,7.421443571
10/31/2017,6292,7.421560286
10/31/2017,6293,7.421677
10/31/2017,6294,7.421793714
10/31/2017,6295,7.421910429
10/31/2017,6296,7.422027143
10/31/2017,6297,7.422143857
10/31/2017,6298,7.422260571
10/31/2017,6299,7.422377286
10/31/2017,6300,7.422494
10/31/2017,6301,7.422610714
10/31/2017,6302,7.422727429
10/31/2017,6303,7.422844143
10/31/2017,6304,7.422960857
10/31/2017,6305,7.423077571
10/31/2017,6306,7.423194286
10/31/2017,6307,7.423311
10/31/2017,6308,7.423427714
10/31/2017,6309,7.423544429
10/31/2017,6310,7.423661143
10/31/2017,6311,7.423777857
10/31/2017,6312,7.423894571
10/31/2017,6313,7.424011286
10/31/2017,6314,7.424128
10/31/2017,6315,7.424244714
10/31/2017,6316,7.424361429
10/31/2017,6317,7.424478143
10/31/2017,6318,7.424594857
10/31/2017,6319,7.424711571
10/31/2017,6320,7.424828286
10/31/2017,6321,7.424945
10/31/2017,6322,7.425061714
10/31/2017,6323,7.425178429
10/31/2017,6324,7.425295143
10/31/2017,6325,7.425411857
10/31/2017,6326,7.425528571
10/31/2017,6327,7.425645286
10/31/2017,6328,7.425762
10/31/2017,6329,7.425878714
10/31/2017,6330,7.425995429
10/31/2017,6331,7.426112143
10/31/2017,6332,7.426228857
10/31/2017,6333,7.426345571
10/31/2017,6334,7.426462286
10/31/2017,6335,7.426579
10/31/2017,6336,7.426695714
10/31/2017,6337,7.426812429
10/31/2017,6338,7.426929143
10/31/2017,6339,7.427045857
10/31/2017,6340,7.427162571
10/31/2017,6341,7.427279286
10/31/2017,6342,7.427396
10/31/2017,6343,7.427512714
10/31/2017,6344,7.427629429
10/31/2017,6345,7.427746143
10/31/2017,6346,7.427862857
10/31/2017,6347,7.427979571
10/31/2017,6348,7.428096286
10/31/2017,6349,7.428213
10/31/2017,6350,7.428329714
10/31/2017,6351,7.428446429
10/31/2017,6352,7.428563143
10/31/2017,6353,7.428679857
10/31/2017,6354,7.428796571
10/31/2017,6355,7.428913286
10/31/2017,6356,7.42903
10/31/2017,6357,7.429146714
10/31/2017,6358,7.429263429
10/31/2017,6359,7.429380143
10/31/2017,6360,7.429496857
10/31/2017,6361,7.429613571
10/31/2017,6362,7.429730286
10/31/2017,6363,7.429847
10/31/2017,6364,7.429963714
10/31/2017,6365,7.430080429
10/31/2017,6366,7.430197143
10/31/2017,6367,7.430313857
10/31/2017,6368,7.430430571
10/31/2017,6369,7.430547286
10/31/2017,6370,7.430664
10/31/2017,6371,7.4308035
10/31/2017,6372,7.430943
10/31/2017,6373,7.4310825
10/31/2017,6374,7.431222
10/31/2017,6375,7.4313615
10/31/2017,6376,7.431501
10/31/2017,6377,7.4316405
10/31/2017,6378,7.43178
10/31/2017,6379,7.4319195
10/31/2017,6380,7.432059
10/31/2017,6381,7.4321985
10/31/2017,6382,7.432338
10/31/2017,6383,7.4324775
10/31/2017,6384,7.432617
10/31/2017,6385,7.4327565
10/31/2017,6386,7.432896
10/31/2017,6387,7.4330355
10/31/2017,6388,7.433175
10/31/2017,6389,7.4333145
10/31/2017,6390,7.433454
10/31/2017,6391,7.4335935
10/31/2017,6392,7.433733
10/31/2017,6393,7.4338725
10/31/2017,6394,7.434012
10/31/2017,6395,7.4341515
10/31/2017,6396,7.434291
10/31/2017,6397,7.4344305
10/31/2017,6398,7.43457
10/31/2017,6399,7.4347095
10/31/2017,6400,7.434849
10/31/2017,6401,7.4349885
10/31/2017,6402,7.435128
10/31/2017,6403,7.4352675
10/31/2017,6404,7.435407
10/31/2017,6405,7.4355465
10/31/2017,6406,7.435686
10/31/2017,6407,7.4358255
10/31/2017,6408,7.435965
10/31/2017,6409,7.4361045
10/31/2017,6410,7.436244
10/31/2017,6411,7.4363835
10/31/2017,6412,7.436523
10/31/2017,6413,7.4366625
10/31/2017,6414,7.436802
10/31/2017,6415,7.4369415
10/31/2017,6416,7.437081
10/31/2017,6417,7.4372205
10/31/2017,6418,7.43736
10/31/2017,6419,7.4374995
10/31/2017,6420,7.437639
10/31/2017,6421,7.4377785
10/31/2017,6422,7.437918
10/31/2017,6423,7.4380575
10/31/2017,6424,7.438197
10/31/2017,6425,7.4383365
10/31/2017,6426,7.438476
10/31/2017,6427,7.4386155
10/31/2017,6428,7.438755
10/31/2017,6429,7.4388945
10/31/2017,6430,7.439034
10/31/2017,6431,7.4391735
10/31/2017,6432,7.439313
10/31/2017,6433,7.4394525
10/31/2017,6434,7.439592
10/31/2017,6435,7.4397315
10/31/2017,6436,7.439871
10/31/2017,6437,7.4400105
10/31/2017,6438,7.44015
10/31/2017,6439,7.4402895
10/31/2017,6440,7.440429
10/31/2017,6441,7.4405685
10/31/2017,6442,7.440708
10/31/2017,6443,7.4408475
10/31/2017,6444,7.440987
10/31/2017,6445,7.4411265
10/31/2017,6446,7.441266
10/31/2017,6447,7.4414055
10/31/2017,6448,7.441545
10/31/2017,6449,7.4416845
10/31/2017,6450,7.441824
10/31/2017,6451,7.4419635
10/31/2017,6452,7.442103
10/31/2017,6453,7.4422425
10/31/2017,6454,7.442382
10/31/2017,6455,7.4425215
10/31/2017,6456,7.442661
10/31/2017,6457,7.4428005
10/31/2017,6458,7.44294
10/31/2017,6459,7.4430795
10/31/2017,6460,7.443219
10/31/2017,6461,7.4433585
10/31/2017,6462,7.443498
10/31/2017,6463,7.4436375
10/31/2017,6464,7.443777
10/31/2017,6465,7.4439165
10/31/2017,6466,7.444056
10/31/2017,6467,7.4441955
10/31/2017,6468,7.444335
10/31/2017,6469,7.4444745
10/31/2017,6470,7.444614
10/31/2017,6471,7.4447535
10/31/2017,6472,7.444893
10/31/2017,6473,7.4450325
10/31/2017,6474,7.445172
10/31/2017,6475,7.4453115
10/31/2017,6476,7.445451
10/31/2017,6477,7.4455905
10/31/2017,6478,7.44573
10/31/2017,6479,7.4458695
10/31/2017,6480,7.446009
10/31/2017,6481,7.4461485
10/31/2017,6482,7.446288
10/31/2017,6483,7.4464275
10/31/2017,6484,7.446567
10/31/2017,6485,7.4467065
10/31/2017,6486,7.446846
10/31/2017,6487,7.4469855
10/31/2017,6488,7.447125
10/31/2017,6489,7.4472645
10/31/2017,6490,7.447404
10/31/2017,6491,7.4475435
10/31/2017,6492,7.447683
10/31/2017,6493,7.4478225
10/31/2017,6494,7.447962
10/31/2017,6495,7.4481015
10/31/2017,6496,7.448241
10/31/2017,6497,7.4483805
10/31/2017,6498,7.44852
10/31/2017,6499,7.4486595
10/31/2017,6500,7.448799
10/31/2017,6501,7.4489385
10/31/2017,6502,7.449078
10/31/2017,6503,7.4492175
10/31/2017,6504,7.449357
10/31/2017,6505,7.4494965
10/31/2017,6506,7.449636
10/31/2017,6507,7.4497755
10/31/2017,6508,7.449915
10/31/2017,6509,7.4500545
10/31/2017,6510,7.450194
10/31/2017,6511,7.4503335
10/31/2017,6512,7.450473
10/31/2017,6513,7.4506125
10/31/2017,6514,7.450752
10/31/2017,6515,7.4508915
10/31/2017,6516,7.451031
10/31/2017,6517,7.4511705
10/31/2017,6518,7.45131
10/31/2017,6519,7.4514495
10/31/2017,6520,7.451589
10/31/2017,6521,7.4517285
10/31/2017,6522,7.451868
10/31/2017,6523,7.4520075
10/31/2017,6524,7.452147
10/31/2017,6525,7.4522865
10/31/2017,6526,7.452426
10/31/2017,6527,7.4525655
10/31/2017,6528,7.452705
10/31/2017,6529,7.4528445
10/31/2017,6530,7.452984
10/31/2017,6531,7.4531235
10/31/2017,6532,7.453263
10/31/2017,6533,7.4534025
10/31/2017,6534,7.453542
10/31/2017,6535,7.4536815
10/31/2017,6536,7.453821
10/31/2017,6537,7.4539605
10/31/2017,6538,7.4541
10/31/2017,6539,7.4542395
10/31/2017,6540,7.454379
10/31/2017,6541,7.4545185
10/31/2017,6542,7.454658
10/31/2017,6543,7.4547975
10/31/2017,6544,7.454937
10/31/2017,6545,7.4550765
10/31/2017,6546,7.455216
10/31/2017,6547,7.4553555
10/31/2017,6548,7.455495
10/31/2017,6549,7.4556345
10/31/2017,6550,7.455774
10/31/2017,6551,7.4559135
10/31/2017,6552,7.456053
10/31/2017,6553,7.456071929
10/31/2017,6554,7.456090857
10/31/2017,6555,7.456109786
10/31/2017,6556,7.456128714
10/31/2017,6557,7.456147643
10/31/2017,6558,7.456166571
10/31/2017,6559,7.4561855
10/31/2017,6560,7.456204429
10/31/2017,6561,7.456223357
10/31/2017,6562,7.456242286
10/31/2017,6563,7.456261214
10/31/2017,6564,7.456280143
10/31/2017,6565,7.456299071
10/31/2017,6566,7.456318
10/31/2017,6567,7.456336929
10/31/2017,6568,7.456355857
10/31/2017,6569,7.456374786
10/31/2017,6570,7.456393714
10/31/2017,6571,7.456412643
10/31/2017,6572,7.456431571
10/31/2017,6573,7.4564505
10/31/2017,6574,7.456469429
10/31/2017,6575,7.456488357
10/31/2017,6576,7.456507286
10/31/2017,6577,7.456526214
10/31/2017,6578,7.456545143
10/31/2017,6579,7.456564071
10/31/2017,6580,7.456583
10/31/2017,6581,7.456601929
10/31/2017,6582,7.456620857
10/31/2017,6583,7.456639786
10/31/2017,6584,7.456658714
10/31/2017,6585,7.456677643
10/31/2017,6586,7.456696571
10/31/2017,6587,7.4567155
10/31/2017,6588,7.456734429
10/31/2017,6589,7.456753357
10/31/2017,6590,7.456772286
10/31/2017,6591,7.456791214
10/31/2017,6592,7.456810143
10/31/2017,6593,7.456829071
10/31/2017,6594,7.456848
10/31/2017,6595,7.456866929
10/31/2017,6596,7.456885857
10/31/2017,6597,7.456904786
10/31/2017,6598,7.456923714
10/31/2017,6599,7.456942643
10/31/2017,6600,7.456961571
10/31/2017,6601,7.4569805
10/31/2017,6602,7.456999429
10/31/2017,6603,7.457018357
10/31/2017,6604,7.457037286
10/31/2017,6605,7.457056214
10/31/2017,6606,7.457075143
10/31/2017,6607,7.457094071
10/31/2017,6608,7.457113
10/31/2017,6609,7.457131929
10/31/2017,6610,7.457150857
10/31/2017,6611,7.457169786
10/31/2017,6612,7.457188714
10/31/2017,6613,7.457207643
10/31/2017,6614,7.457226571
10/31/2017,6615,7.4572455
10/31/2017,6616,7.457264429
10/31/2017,6617,7.457283357
10/31/2017,6618,7.457302286
10/31/2017,6619,7.457321214
10/31/2017,6620,7.457340143
10/31/2017,6621,7.457359071
10/31/2017,6622,7.457378
10/31/2017,6623,7.457396929
10/31/2017,6624,7.457415857
10/31/2017,6625,7.457434786
10/31/2017,6626,7.457453714
10/31/2017,6627,7.457472643
10/31/2017,6628,7.457491571
10/31/2017,6629,7.4575105
10/31/2017,6630,7.457529429
10/31/2017,6631,7.457548357
10/31/2017,6632,7.457567286
10/31/2017,6633,7.457586214
10/31/2017,6634,7.457605143
10/31/2017,6635,7.457624071
10/31/2017,6636,7.457643
10/31/2017,6637,7.457661929
10/31/2017,6638,7.457680857
10/31/2017,6639,7.457699786
10/31/2017,6640,7.457718714
10/31/2017,6641,7.457737643
10/31/2017,6642,7.457756571
10/31/2017,6643,7.4577755
10/31/2017,6644,7.457794429
10/31/2017,6645,7.457813357
10/31/2017,6646,7.457832286
10/31/2017,6647,7.457851214
10/31/2017,6648,7.457870143
10/31/2017,6649,7.457889071
10/31/2017,6650,7.457908
10/31/2017,6651,7.457926929
10/31/2017,6652,7.457945857
10/31/2017,6653,7.457964786
10/31/2017,6654,7.457983714
10/31/2017,6655,7.458002643
10/31/2017,6656,7.458021571
10/31/2017,6657,7.4580405
10/31/2017,6658,7.458059429
10/31/2017,6659,7.458078357
10/31/2017,6660,7.458097286
10/31/2017,6661,7.458116214
10/31/2017,6662,7.458135143
10/31/2017,6663,7.458154071
10/31/2017,6664,7.458173
10/31/2017,6665,7.458191929
10/31/2017,6666,7.458210857
10/31/2017,6667,7.458229786
10/31/2017,6668,7.458248714
10/31/2017,6669,7.458267643
10/31/2017,6670,7.458286571
10/31/2017,6671,7.4583055
10/31/2017,6672,7.458324429
10/31/2017,6673,7.458343357
10/31/2017,6674,7.458362286
10/31/2017,6675,7.458381214
10/31/2017,6676,7.458400143
10/31/2017,6677,7.458419071
10/31/2017,6678,7.458438
10/31/2017,6679,7.458456929
10/31/2017,6680,7.458475857
10/31/2017,6681,7.458494786
10/31/2017,6682,7.458513714
10/31/2017,6683,7.458532643
10/31/2017,6684,7.458551571
10/31/2017,6685,7.4585705
10/31/2017,6686,7.458589429
10/31/2017,6687,7.458608357
10/31/2017,6688,7.458627286
10/31/2017,6689,7.458646214
10/31/2017,6690,7.458665143
10/31/2017,6691,7.458684071
10/31/2017,6692,7.458703
10/31/2017,6693,7.458721929
10/31/2017,6694,7.458740857
10/31/2017,6695,7.458759786
10/31/2017,6696,7.458778714
10/31/2017,6697,7.458797643
10/31/2017,6698,7.458816571
10/31/2017,6699,7.4588355
10/31/2017,6700,7.458854429
10/31/2017,6701,7.458873357
10/31/2017,6702,7.458892286
10/31/2017,6703,7.458911214
10/31/2017,6704,7.458930143
10/31/2017,6705,7.458949071
10/31/2017,6706,7.458968
10/31/2017,6707,7.458986929
10/31/2017,6708,7.459005857
10/31/2017,6709,7.459024786
10/31/2017,6710,7.459043714
10/31/2017,6711,7.459062643
10/31/2017,6712,7.459081571
10/31/2017,6713,7.4591005
10/31/2017,6714,7.459119429
10/31/2017,6715,7.459138357
10/31/2017,6716,7.459157286
10/31/2017,6717,7.459176214
10/31/2017,6718,7.459195143
10/31/2017,6719,7.459214071
10/31/2017,6720,7.459233
10/31/2017,6721,7.459251929
10/31/2017,6722,7.459270857
10/31/2017,6723,7.459289786
10/31/2017,6724,7.459308714
10/31/2017,6725,7.459327643
10/31/2017,6726,7.459346571
10/31/2017,6727,7.4593655
10/31/2017,6728,7.459384429
10/31/2017,6729,7.459403357
10/31/2017,6730,7.459422286
10/31/2017,6731,7.459441214
10/31/2017,6732,7.459460143
10/31/2017,6733,7.459479071
10/31/2017,6734,7.459498
10/31/2017,6735,7.459620418
10/31/2017,6736,7.459742835
10/31/2017,6737,7.459865253
10/31/2017,6738,7.45998767
10/31/2017,6739,7.460110088
10/31/2017,6740,7.460232505
10/31/2017,6741,7.460354923
10/31/2017,6742,7.460477341
10/31/2017,6743,7.460599758
10/31/2017,6744,7.460722176
10/31/2017,6745,7.460844593
10/31/2017,6746,7.460967011
10/31/2017,6747,7.461089429
10/31/2017,6748,7.461211846
10/31/2017,6749,7.461334264
10/31/2017,6750,7.461456681
10/31/2017,6751,7.461579099
10/31/2017,6752,7.461701516
10/31/2017,6753,7.461823934
10/31/2017,6754,7.461946352
10/31/2017,6755,7.462068769
10/31/2017,6756,7.462191187
10/31/2017,6757,7.462313604
10/31/2017,6758,7.462436022
10/31/2017,6759,7.46255844
10/31/2017,6760,7.462680857
10/31/2017,6761,7.462803275
10/31/2017,6762,7.462925692
10/31/2017,6763,7.46304811
10/31/2017,6764,7.463170527
10/31/2017,6765,7.463292945
10/31/2017,6766,7.463415363
10/31/2017,6767,7.46353778
10/31/2017,6768,7.463660198
10/31/2017,6769,7.463782615
10/31/2017,6770,7.463905033
10/31/2017,6771,7.464027451
10/31/2017,6772,7.464149868
10/31/2017,6773,7.464272286
10/31/2017,6774,7.464394703
10/31/2017,6775,7.464517121
10/31/2017,6776,7.464639538
10/31/2017,6777,7.464761956
10/31/2017,6778,7.464884374
10/31/2017,6779,7.465006791
10/31/2017,6780,7.465129209
10/31/2017,6781,7.465251626
10/31/2017,6782,7.465374044
10/31/2017,6783,7.465496462
10/31/2017,6784,7.465618879
10/31/2017,6785,7.465741297
10/31/2017,6786,7.465863714
10/31/2017,6787,7.465986132
10/31/2017,6788,7.466108549
10/31/2017,6789,7.466230967
10/31/2017,6790,7.466353385
10/31/2017,6791,7.466475802
10/31/2017,6792,7.46659822
10/31/2017,6793,7.466720637
10/31/2017,6794,7.466843055
10/31/2017,6795,7.466965473
10/31/2017,6796,7.46708789
10/31/2017,6797,7.467210308
10/31/2017,6798,7.467332725
10/31/2017,6799,7.467455143
10/31/2017,6800,7.46757756
10/31/2017,6801,7.467699978
10/31/2017,6802,7.467822396
10/31/2017,6803,7.467944813
10/31/2017,6804,7.468067231
10/31/2017,6805,7.468189648
10/31/2017,6806,7.468312066
10/31/2017,6807,7.468434484
10/31/2017,6808,7.468556901
10/31/2017,6809,7.468679319
10/31/2017,6810,7.468801736
10/31/2017,6811,7.468924154
10/31/2017,6812,7.469046571
10/31/2017,6813,7.469168989
10/31/2017,6814,7.469291407
10/31/2017,6815,7.469413824
10/31/2017,6816,7.469536242
10/31/2017,6817,7.469658659
10/31/2017,6818,7.469781077
10/31/2017,6819,7.469903495
10/31/2017,6820,7.470025912
10/31/2017,6821,7.47014833
10/31/2017,6822,7.470270747
10/31/2017,6823,7.470393165
10/31/2017,6824,7.470515582
10/31/2017,6825,7.470638
10/31/2017,6826,7.470760418
10/31/2017,6827,7.470882835
10/31/2017,6828,7.471005253
10/31/2017,6829,7.47112767
10/31/2017,6830,7.471250088
10/31/2017,6831,7.471372505
10/31/2017,6832,7.471494923
10/31/2017,6833,7.471617341
10/31/2017,6834,7.471739758
10/31/2017,6835,7.471862176
10/31/2017,6836,7.471984593
10/31/2017,6837,7.472107011
10/31/2017,6838,7.472229429
10/31/2017,6839,7.472351846
10/31/2017,6840,7.472474264
10/31/2017,6841,7.472596681
10/31/2017,6842,7.472719099
10/31/2017,6843,7.472841516
10/31/2017,6844,7.472963934
10/31/2017,6845,7.473086352
10/31/2017,6846,7.473208769
10/31/2017,6847,7.473331187
10/31/2017,6848,7.473453604
10/31/2017,6849,7.473576022
10/31/2017,6850,7.47369844
10/31/2017,6851,7.473820857
10/31/2017,6852,7.473943275
10/31/2017,6853,7.474065692
10/31/2017,6854,7.47418811
10/31/2017,6855,7.474310527
10/31/2017,6856,7.474432945
10/31/2017,6857,7.474555363
10/31/2017,6858,7.47467778
10/31/2017,6859,7.474800198
10/31/2017,6860,7.474922615
10/31/2017,6861,7.475045033
10/31/2017,6862,7.475167451
10/31/2017,6863,7.475289868
10/31/2017,6864,7.475412286
10/31/2017,6865,7.475534703
10/31/2017,6866,7.475657121
10/31/2017,6867,7.475779538
10/31/2017,6868,7.475901956
10/31/2017,6869,7.476024374
10/31/2017,6870,7.476146791
10/31/2017,6871,7.476269209
10/31/2017,6872,7.476391626
10/31/2017,6873,7.476514044
10/31/2017,6874,7.476636462
10/31/2017,6875,7.476758879
10/31/2017,6876,7.476881297
10/31/2017,6877,7.477003714
10/31/2017,6878,7.477126132
10/31/2017,6879,7.477248549
10/31/2017,6880,7.477370967
10/31/2017,6881,7.477493385
10/31/2017,6882,7.477615802
10/31/2017,6883,7.47773822
10/31/2017,6884,7.477860637
10/31/2017,6885,7.477983055
10/31/2017,6886,7.478105473
10/31/2017,6887,7.47822789
10/31/2017,6888,7.478350308
10/31/2017,6889,7.478472725
10/31/2017,6890,7.478595143
10/31/2017,6891,7.47871756
10/31/2017,6892,7.478839978
10/31/2017,6893,7.478962396
10/31/2017,6894,7.479084813
10/31/2017,6895,7.479207231
10/31/2017,6896,7.479329648
10/31/2017,6897,7.479452066
10/31/2017,6898,7.479574484
10/31/2017,6899,7.479696901
10/31/2017,6900,7.479819319
10/31/2017,6901,7.479941736
10/31/2017,6902,7.480064154
10/31/2017,6903,7.480186571
10/31/2017,6904,7.480308989
10/31/2017,6905,7.480431407
10/31/2017,6906,7.480553824
10/31/2017,6907,7.480676242
10/31/2017,6908,7.480798659
10/31/2017,6909,7.480921077
10/31/2017,6910,7.481043495
10/31/2017,6911,7.481165912
10/31/2017,6912,7.48128833
10/31/2017,6913,7.481410747
10/31/2017,6914,7.481533165
10/31/2017,6915,7.481655582
10/31/2017,6916,7.481778
10/31/2017,6917,7.481814714
10/31/2017,6918,7.481851429
10/31/2017,6919,7.481888143
10/31/2017,6920,7.481924857
10/31/2017,6921,7.481961571
10/31/2017,6922,7.481998286
10/31/2017,6923,7.482035
10/31/2017,6924,7.482071714
10/31/2017,6925,7.482108429
10/31/2017,6926,7.482145143
10/31/2017,6927,7.482181857
10/31/2017,6928,7.482218571
10/31/2017,6929,7.482255286
10/31/2017,6930,7.482292
10/31/2017,6931,7.482328714
10/31/2017,6932,7.482365429
10/31/2017,6933,7.482402143
10/31/2017,6934,7.482438857
10/31/2017,6935,7.482475571
10/31/2017,6936,7.482512286
10/31/2017,6937,7.482549
10/31/2017,6938,7.482585714
10/31/2017,6939,7.482622429
10/31/2017,6940,7.482659143
10/31/2017,6941,7.482695857
10/31/2017,6942,7.482732571
10/31/2017,6943,7.482769286
10/31/2017,6944,7.482806
10/31/2017,6945,7.482842714
10/31/2017,6946,7.482879429
10/31/2017,6947,7.482916143
10/31/2017,6948,7.482952857
10/31/2017,6949,7.482989571
10/31/2017,6950,7.483026286
10/31/2017,6951,7.483063
10/31/2017,6952,7.483099714
10/31/2017,6953,7.483136429
10/31/2017,6954,7.483173143
10/31/2017,6955,7.483209857
10/31/2017,6956,7.483246571
10/31/2017,6957,7.483283286
10/31/2017,6958,7.48332
10/31/2017,6959,7.483356714
10/31/2017,6960,7.483393429
10/31/2017,6961,7.483430143
10/31/2017,6962,7.483466857
10/31/2017,6963,7.483503571
10/31/2017,6964,7.483540286
10/31/2017,6965,7.483577
10/31/2017,6966,7.483613714
10/31/2017,6967,7.483650429
10/31/2017,6968,7.483687143
10/31/2017,6969,7.483723857
10/31/2017,6970,7.483760571
10/31/2017,6971,7.483797286
10/31/2017,6972,7.483834
10/31/2017,6973,7.483870714
10/31/2017,6974,7.483907429
10/31/2017,6975,7.483944143
10/31/2017,6976,7.483980857
10/31/2017,6977,7.484017571
10/31/2017,6978,7.484054286
10/31/2017,6979,7.484091
10/31/2017,6980,7.484127714
10/31/2017,6981,7.484164429
10/31/2017,6982,7.484201143
10/31/2017,6983,7.484237857
10/31/2017,6984,7.484274571
10/31/2017,6985,7.484311286
10/31/2017,6986,7.484348
10/31/2017,6987,7.484384714
10/31/2017,6988,7.484421429
10/31/2017,6989,7.484458143
10/31/2017,6990,7.484494857
10/31/2017,6991,7.484531571
10/31/2017,6992,7.484568286
10/31/2017,6993,7.484605
10/31/2017,6994,7.484641714
10/31/2017,6995,7.484678429
10/31/2017,6996,7.484715143
10/31/2017,6997,7.484751857
10/31/2017,6998,7.484788571
10/31/2017,6999,7.484825286
10/31/2017,7000,7.484862
10/31/2017,7001,7.484898714
10/31/2017,7002,7.484935429
10/31/2017,7003,7.484972143
10/31/2017,7004,7.485008857
10/31/2017,7005,7.485045571
10/31/2017,7006,7.485082286
10/31/2017,7007,7.485119
10/31/2017,7008,7.485155714
10/31/2017,7009,7.485192429
10/31/2017,7010,7.485229143
10/31/2017,7011,7.485265857
10/31/2017,7012,7.485302571
10/31/2017,7013,7.485339286
10/31/2017,7014,7.485376
10/31/2017,7015,7.485412714
10/31/2017,7016,7.485449429
10/31/2017,7017,7.485486143
10/31/2017,7018,7.485522857
10/31/2017,7019,7.485559571
10/31/2017,7020,7.485596286
10/31/2017,7021,7.485633
10/31/2017,7022,7.485669714
10/31/2017,7023,7.485706429
10/31/2017,7024,7.485743143
10/31/2017,7025,7.485779857
10/31/2017,7026,7.485816571
10/31/2017,7027,7.485853286
10/31/2017,7028,7.48589
10/31/2017,7029,7.485926714
10/31/2017,7030,7.485963429
10/31/2017,7031,7.486000143
10/31/2017,7032,7.486036857
10/31/2017,7033,7.486073571
10/31/2017,7034,7.486110286
10/31/2017,7035,7.486147
10/31/2017,7036,7.486183714
10/31/2017,7037,7.486220429
10/31/2017,7038,7.486257143
10/31/2017,7039,7.486293857
10/31/2017,7040,7.486330571
10/31/2017,7041,7.486367286
10/31/2017,7042,7.486404
10/31/2017,7043,7.486440714
10/31/2017,7044,7.486477429
10/31/2017,7045,7.486514143
10/31/2017,7046,7.486550857
10/31/2017,7047,7.486587571
10/31/2017,7048,7.486624286
10/31/2017,7049,7.486661
10/31/2017,7050,7.486697714
10/31/2017,7051,7.486734429
10/31/2017,7052,7.486771143
10/31/2017,7053,7.486807857
10/31/2017,7054,7.486844571
10/31/2017,7055,7.486881286
10/31/2017,7056,7.486918
10/31/2017,7057,7.486954714
10/31/2017,7058,7.486991429
10/31/2017,7059,7.487028143
10/31/2017,7060,7.487064857
10/31/2017,7061,7.487101571
10/31/2017,7062,7.487138286
10/31/2017,7063,7.487175
10/31/2017,7064,7.487211714
10/31/2017,7065,7.487248429
10/31/2017,7066,7.487285143
10/31/2017,7067,7.487321857
10/31/2017,7068,7.487358571
10/31/2017,7069,7.487395286
10/31/2017,7070,7.487432
10/31/2017,7071,7.487468714
10/31/2017,7072,7.487505429
10/31/2017,7073,7.487542143
10/31/2017,7074,7.487578857
10/31/2017,7075,7.487615571
10/31/2017,7076,7.487652286
10/31/2017,7077,7.487689
10/31/2017,7078,7.487725714
10/31/2017,7079,7.487762429
10/31/2017,7080,7.487799143
10/31/2017,7081,7.487835857
10/31/2017,7082,7.487872571
10/31/2017,7083,7.487909286
10/31/2017,7084,7.487946
10/31/2017,7085,7.487982714
10/31/2017,7086,7.488019429
10/31/2017,7087,7.488056143
10/31/2017,7088,7.488092857
10/31/2017,7089,7.488129571
10/31/2017,7090,7.488166286
10/31/2017,7091,7.488203
10/31/2017,7092,7.488239714
10/31/2017,7093,7.488276429
10/31/2017,7094,7.488313143
10/31/2017,7095,7.488349857
10/31/2017,7096,7.488386571
10/31/2017,7097,7.488423286
10/31/2017,7098,7.48846
10/31/2017,7099,7.488469555
10/31/2017,7100,7.48847911
10/31/2017,7101,7.488488665
10/31/2017,7102,7.48849822
10/31/2017,7103,7.488507775
10/31/2017,7104,7.48851733
10/31/2017,7105,7.488526885
10/31/2017,7106,7.48853644
10/31/2017,7107,7.488545995
10/31/2017,7108,7.488555549
10/31/2017,7109,7.488565104
10/31/2017,7110,7.488574659
10/31/2017,7111,7.488584214
10/31/2017,7112,7.488593769
10/31/2017,7113,7.488603324
10/31/2017,7114,7.488612879
10/31/2017,7115,7.488622434
10/31/2017,7116,7.488631989
10/31/2017,7117,7.488641544
10/31/2017,7118,7.488651099
10/31/2017,7119,7.488660654
10/31/2017,7120,7.488670209
10/31/2017,7121,7.488679764
10/31/2017,7122,7.488689319
10/31/2017,7123,7.488698874
10/31/2017,7124,7.488708429
10/31/2017,7125,7.488717984
10/31/2017,7126,7.488727538
10/31/2017,7127,7.488737093
10/31/2017,7128,7.488746648
10/31/2017,7129,7.488756203
10/31/2017,7130,7.488765758
10/31/2017,7131,7.488775313
10/31/2017,7132,7.488784868
10/31/2017,7133,7.488794423
10/31/2017,7134,7.488803978
10/31/2017,7135,7.488813533
10/31/2017,7136,7.488823088
10/31/2017,7137,7.488832643
10/31/2017,7138,7.488842198
10/31/2017,7139,7.488851753
10/31/2017,7140,7.488861308
10/31/2017,7141,7.488870863
10/31/2017,7142,7.488880418
10/31/2017,7143,7.488889973
10/31/2017,7144,7.488899527
10/31/2017,7145,7.488909082
10/31/2017,7146,7.488918637
10/31/2017,7147,7.488928192
10/31/2017,7148,7.488937747
10/31/2017,7149,7.488947302
10/31/2017,7150,7.488956857
10/31/2017,7151,7.488966412
10/31/2017,7152,7.488975967
10/31/2017,7153,7.488985522
10/31/2017,7154,7.488995077
10/31/2017,7155,7.489004632
10/31/2017,7156,7.489014187
10/31/2017,7157,7.489023742
10/31/2017,7158,7.489033297
10/31/2017,7159,7.489042852
10/31/2017,7160,7.489052407
10/31/2017,7161,7.489061962
10/31/2017,7162,7.489071516
10/31/2017,7163,7.489081071
10/31/2017,7164,7.489090626
10/31/2017,7165,7.489100181
10/31/2017,7166,7.489109736
10/31/2017,7167,7.489119291
10/31/2017,7168,7.489128846
10/31/2017,7169,7.489138401
10/31/2017,7170,7.489147956
10/31/2017,7171,7.489157511
10/31/2017,7172,7.489167066
10/31/2017,7173,7.489176621
10/31/2017,7174,7.489186176
10/31/2017,7175,7.489195731
10/31/2017,7176,7.489205286
10/31/2017,7177,7.489214841
10/31/2017,7178,7.489224396
10/31/2017,7179,7.489233951
10/31/2017,7180,7.489243505
10/31/2017,7181,7.48925306
10/31/2017,7182,7.489262615
10/31/2017,7183,7.48927217
10/31/2017,7184,7.489281725
10/31/2017,7185,7.48929128
10/31/2017,7186,7.489300835
10/31/2017,7187,7.48931039
10/31/2017,7188,7.489319945
10/31/2017,7189,7.4893295
10/31/2017,7190,7.489339055
10/31/2017,7191,7.48934861
10/31/2017,7192,7.489358165
10/31/2017,7193,7.48936772
10/31/2017,7194,7.489377275
10/31/2017,7195,7.48938683
10/31/2017,7196,7.489396385
10/31/2017,7197,7.48940594
10/31/2017,7198,7.489415495
10/31/2017,7199,7.489425049
10/31/2017,7200,7.489434604
10/31/2017,7201,7.489444159
10/31/2017,7202,7.489453714
10/31/2017,7203,7.489463269
10/31/2017,7204,7.489472824
10/31/2017,7205,7.489482379
10/31/2017,7206,7.489491934
10/31/2017,7207,7.489501489
10/31/2017,7208,7.489511044
10/31/2017,7209,7.489520599
10/31/2017,7210,7.489530154
10/31/2017,7211,7.489539709
10/31/2017,7212,7.489549264
10/31/2017,7213,7.489558819
10/31/2017,7214,7.489568374
10/31/2017,7215,7.489577929
10/31/2017,7216,7.489587484
10/31/2017,7217,7.489597038
10/31/2017,7218,7.489606593
10/31/2017,7219,7.489616148
10/31/2017,7220,7.489625703
10/31/2017,7221,7.489635258
10/31/2017,7222,7.489644813
10/31/2017,7223,7.489654368
10/31/2017,7224,7.489663923
10/31/2017,7225,7.489673478
10/31/2017,7226,7.489683033
10/31/2017,7227,7.489692588
10/31/2017,7228,7.489702143
10/31/2017,7229,7.489711698
10/31/2017,7230,7.489721253
10/31/2017,7231,7.489730808
10/31/2017,7232,7.489740363
10/31/2017,7233,7.489749918
10/31/2017,7234,7.489759473
10/31/2017,7235,7.489769027
10/31/2017,7236,7.489778582
10/31/2017,7237,7.489788137
10/31/2017,7238,7.489797692
10/31/2017,7239,7.489807247
10/31/2017,7240,7.489816802
10/31/2017,7241,7.489826357
10/31/2017,7242,7.489835912
10/31/2017,7243,7.489845467
10/31/2017,7244,7.489855022
10/31/2017,7245,7.489864577
10/31/2017,7246,7.489874132
10/31/2017,7247,7.489883687
10/31/2017,7248,7.489893242
10/31/2017,7249,7.489902797
10/31/2017,7250,7.489912352
10/31/2017,7251,7.489921907
10/31/2017,7252,7.489931462
10/31/2017,7253,7.489941016
10/31/2017,7254,7.489950571
10/31/2017,7255,7.489960126
10/31/2017,7256,7.489969681
10/31/2017,7257,7.489979236
10/31/2017,7258,7.489988791
10/31/2017,7259,7.489998346
10/31/2017,7260,7.490007901
10/31/2017,7261,7.490017456
10/31/2017,7262,7.490027011
10/31/2017,7263,7.490036566
10/31/2017,7264,7.490046121
10/31/2017,7265,7.490055676
10/31/2017,7266,7.490065231
10/31/2017,7267,7.490074786
10/31/2017,7268,7.490084341
10/31/2017,7269,7.490093896
10/31/2017,7270,7.490103451
10/31/2017,7271,7.490113005
10/31/2017,7272,7.49012256
10/31/2017,7273,7.490132115
10/31/2017,7274,7.49014167
10/31/2017,7275,7.490151225
10/31/2017,7276,7.49016078
10/31/2017,7277,7.490170335
10/31/2017,7278,7.49017989
10/31/2017,7279,7.490189445
10/31/2017,7280,7.490199
10/31/2017,7281,7.49028072
10/31/2017,7282,7.49036244
10/31/2017,7283,7.490444159
10/31/2017,7284,7.490525879
10/31/2017,7285,7.490607599
10/31/2017,7286,7.490689319
10/31/2017,7287,7.490771038
10/31/2017,7288,7.490852758
10/31/2017,7289,7.490934478
10/31/2017,7290,7.491016198
10/31/2017,7291,7.491097918
10/31/2017,7292,7.491179637
10/31/2017,7293,7.491261357
10/31/2017,7294,7.491343077
10/31/2017,7295,7.491424797
10/31/2017,7296,7.491506516
10/31/2017,7297,7.491588236
10/31/2017,7298,7.491669956
10/31/2017,7299,7.491751676
10/31/2017,7300,7.491833396
10/31/2017,7301,7.491915115
10/31/2017,7302,7.491996835
10/31/2017,7303,7.492078555
10/31/2017,7304,7.492160275
10/31/2017,7305,7.492241995
10/31/2017,7306,7.492323714
10/31/2017,7307,7.492405434
10/31/2017,7308,7.492487154
10/31/2017,7309,7.492568874
10/31/2017,7310,7.492650593
10/31/2017,7311,7.492732313
10/31/2017,7312,7.492814033
10/31/2017,7313,7.492895753
10/31/2017,7314,7.492977473
10/31/2017,7315,7.493059192
10/31/2017,7316,7.493140912
10/31/2017,7317,7.493222632
10/31/2017,7318,7.493304352
10/31/2017,7319,7.493386071
10/31/2017,7320,7.493467791
10/31/2017,7321,7.493549511
10/31/2017,7322,7.493631231
10/31/2017,7323,7.493712951
10/31/2017,7324,7.49379467
10/31/2017,7325,7.49387639
10/31/2017,7326,7.49395811
10/31/2017,7327,7.49403983
10/31/2017,7328,7.494121549
10/31/2017,7329,7.494203269
10/31/2017,7330,7.494284989
10/31/2017,7331,7.494366709
10/31/2017,7332,7.494448429
10/31/2017,7333,7.494530148
10/31/2017,7334,7.494611868
10/31/2017,7335,7.494693588
10/31/2017,7336,7.494775308
10/31/2017,7337,7.494857027
10/31/2017,7338,7.494938747
10/31/2017,7339,7.495020467
10/31/2017,7340,7.495102187
10/31/2017,7341,7.495183907
10/31/2017,7342,7.495265626
10/31/2017,7343,7.495347346
10/31/2017,7344,7.495429066
10/31/2017,7345,7.495510786
10/31/2017,7346,7.495592505
10/31/2017,7347,7.495674225
10/31/2017,7348,7.495755945
10/31/2017,7349,7.495837665
10/31/2017,7350,7.495919385
10/31/2017,7351,7.496001104
10/31/2017,7352,7.496082824
10/31/2017,7353,7.496164544
10/31/2017,7354,7.496246264
10/31/2017,7355,7.496327984
10/31/2017,7356,7.496409703
10/31/2017,7357,7.496491423
10/31/2017,7358,7.496573143
10/31/2017,7359,7.496654863
10/31/2017,7360,7.496736582
10/31/2017,7361,7.496818302
10/31/2017,7362,7.496900022
10/31/2017,7363,7.496981742
10/31/2017,7364,7.497063462
10/31/2017,7365,7.497145181
10/31/2017,7366,7.497226901
10/31/2017,7367,7.497308621
10/31/2017,7368,7.497390341
10/31/2017,7369,7.49747206
10/31/2017,7370,7.49755378
10/31/2017,7371,7.4976355
10/31/2017,7372,7.49771722
10/31/2017,7373,7.49779894
10/31/2017,7374,7.497880659
10/31/2017,7375,7.497962379
10/31/2017,7376,7.498044099
10/31/2017,7377,7.498125819
10/31/2017,7378,7.498207538
10/31/2017,7379,7.498289258
10/31/2017,7380,7.498370978
10/31/2017,7381,7.498452698
10/31/2017,7382,7.498534418
10/31/2017,7383,7.498616137
10/31/2017,7384,7.498697857
10/31/2017,7385,7.498779577
10/31/2017,7386,7.498861297
10/31/2017,7387,7.498943016
10/31/2017,7388,7.499024736
10/31/2017,7389,7.499106456
10/31/2017,7390,7.499188176
10/31/2017,7391,7.499269896
10/31/2017,7392,7.499351615
10/31/2017,7393,7.499433335
10/31/2017,7394,7.499515055
10/31/2017,7395,7.499596775
10/31/2017,7396,7.499678495
10/31/2017,7397,7.499760214
10/31/2017,7398,7.499841934
10/31/2017,7399,7.499923654
10/31/2017,7400,7.500005374
10/31/2017,7401,7.500087093
10/31/2017,7402,7.500168813
10/31/2017,7403,7.500250533
10/31/2017,7404,7.500332253
10/31/2017,7405,7.500413973
10/31/2017,7406,7.500495692
10/31/2017,7407,7.500577412
10/31/2017,7408,7.500659132
10/31/2017,7409,7.500740852
10/31/2017,7410,7.500822571
10/31/2017,7411,7.500904291
10/31/2017,7412,7.500986011
10/31/2017,7413,7.501067731
10/31/2017,7414,7.501149451
10/31/2017,7415,7.50123117
10/31/2017,7416,7.50131289
10/31/2017,7417,7.50139461
10/31/2017,7418,7.50147633
10/31/2017,7419,7.501558049
10/31/2017,7420,7.501639769
10/31/2017,7421,7.501721489
10/31/2017,7422,7.501803209
10/31/2017,7423,7.501884929
10/31/2017,7424,7.501966648
10/31/2017,7425,7.502048368
10/31/2017,7426,7.502130088
10/31/2017,7427,7.502211808
10/31/2017,7428,7.502293527
10/31/2017,7429,7.502375247
10/31/2017,7430,7.502456967
10/31/2017,7431,7.502538687
10/31/2017,7432,7.502620407
10/31/2017,7433,7.502702126
10/31/2017,7434,7.502783846
10/31/2017,7435,7.502865566
10/31/2017,7436,7.502947286
10/31/2017,7437,7.503029005
10/31/2017,7438,7.503110725
10/31/2017,7439,7.503192445
10/31/2017,7440,7.503274165
10/31/2017,7441,7.503355885
10/31/2017,7442,7.503437604
10/31/2017,7443,7.503519324
10/31/2017,7444,7.503601044
10/31/2017,7445,7.503682764
10/31/2017,7446,7.503764484
10/31/2017,7447,7.503846203
10/31/2017,7448,7.503927923
10/31/2017,7449,7.504009643
10/31/2017,7450,7.504091363
10/31/2017,7451,7.504173082
10/31/2017,7452,7.504254802
10/31/2017,7453,7.504336522
10/31/2017,7454,7.504418242
10/31/2017,7455,7.504499962
10/31/2017,7456,7.504581681
10/31/2017,7457,7.504663401
10/31/2017,7458,7.504745121
10/31/2017,7459,7.504826841
10/31/2017,7460,7.50490856
10/31/2017,7461,7.50499028
10/31/2017,7462,7.505072
10/31/2017,7463,7.505076225
10/31/2017,7464,7.505080451
10/31/2017,7465,7.505084676
10/31/2017,7466,7.505088901
10/31/2017,7467,7.505093126
10/31/2017,7468,7.505097352
10/31/2017,7469,7.505101577
10/31/2017,7470,7.505105802
10/31/2017,7471,7.505110027
10/31/2017,7472,7.505114253
10/31/2017,7473,7.505118478
10/31/2017,7474,7.505122703
10/31/2017,7475,7.505126929
10/31/2017,7476,7.505131154
10/31/2017,7477,7.505135379
10/31/2017,7478,7.505139604
10/31/2017,7479,7.50514383
10/31/2017,7480,7.505148055
10/31/2017,7481,7.50515228
10/31/2017,7482,7.505156505
10/31/2017,7483,7.505160731
10/31/2017,7484,7.505164956
10/31/2017,7485,7.505169181
10/31/2017,7486,7.505173407
10/31/2017,7487,7.505177632
10/31/2017,7488,7.505181857
10/31/2017,7489,7.505186082
10/31/2017,7490,7.505190308
10/31/2017,7491,7.505194533
10/31/2017,7492,7.505198758
10/31/2017,7493,7.505202984
10/31/2017,7494,7.505207209
10/31/2017,7495,7.505211434
10/31/2017,7496,7.505215659
10/31/2017,7497,7.505219885
10/31/2017,7498,7.50522411
10/31/2017,7499,7.505228335
10/31/2017,7500,7.50523256
10/31/2017,7501,7.505236786
10/31/2017,7502,7.505241011
10/31/2017,7503,7.505245236
10/31/2017,7504,7.505249462
10/31/2017,7505,7.505253687
10/31/2017,7506,7.505257912
10/31/2017,7507,7.505262137
10/31/2017,7508,7.505266363
10/31/2017,7509,7.505270588
10/31/2017,7510,7.505274813
10/31/2017,7511,7.505279038
10/31/2017,7512,7.505283264
10/31/2017,7513,7.505287489
10/31/2017,7514,7.505291714
10/31/2017,7515,7.50529594
10/31/2017,7516,7.505300165
10/31/2017,7517,7.50530439
10/31/2017,7518,7.505308615
10/31/2017,7519,7.505312841
10/31/2017,7520,7.505317066
10/31/2017,7521,7.505321291
10/31/2017,7522,7.505325516
10/31/2017,7523,7.505329742
10/31/2017,7524,7.505333967
10/31/2017,7525,7.505338192
10/31/2017,7526,7.505342418
10/31/2017,7527,7.505346643
10/31/2017,7528,7.505350868
10/31/2017,7529,7.505355093
10/31/2017,7530,7.505359319
10/31/2017,7531,7.505363544
10/31/2017,7532,7.505367769
10/31/2017,7533,7.505371995
10/31/2017,7534,7.50537622
10/31/2017,7535,7.505380445
10/31/2017,7536,7.50538467
10/31/2017,7537,7.505388896
10/31/2017,7538,7.505393121
10/31/2017,7539,7.505397346
10/31/2017,7540,7.505401571
10/31/2017,7541,7.505405797
10/31/2017,7542,7.505410022
10/31/2017,7543,7.505414247
10/31/2017,7544,7.505418473
10/31/2017,7545,7.505422698
10/31/2017,7546,7.505426923
10/31/2017,7547,7.505431148
10/31/2017,7548,7.505435374
10/31/2017,7549,7.505439599
10/31/2017,7550,7.505443824
10/31/2017,7551,7.505448049
10/31/2017,7552,7.505452275
10/31/2017,7553,7.5054565
10/31/2017,7554,7.505460725
10/31/2017,7555,7.505464951
10/31/2017,7556,7.505469176
10/31/2017,7557,7.505473401
10/31/2017,7558,7.505477626
10/31/2017,7559,7.505481852
10/31/2017,7560,7.505486077
10/31/2017,7561,7.505490302
10/31/2017,7562,7.505494527
10/31/2017,7563,7.505498753
10/31/2017,7564,7.505502978
10/31/2017,7565,7.505507203
10/31/2017,7566,7.505511429
10/31/2017,7567,7.505515654
10/31/2017,7568,7.505519879
10/31/2017,7569,7.505524104
10/31/2017,7570,7.50552833
10/31/2017,7571,7.505532555
10/31/2017,7572,7.50553678
10/31/2017,7573,7.505541005
10/31/2017,7574,7.505545231
10/31/2017,7575,7.505549456
10/31/2017,7576,7.505553681
10/31/2017,7577,7.505557907
10/31/2017,7578,7.505562132
10/31/2017,7579,7.505566357
10/31/2017,7580,7.505570582
10/31/2017,7581,7.505574808
10/31/2017,7582,7.505579033
10/31/2017,7583,7.505583258
10/31/2017,7584,7.505587484
10/31/2017,7585,7.505591709
10/31/2017,7586,7.505595934
10/31/2017,7587,7.505600159
10/31/2017,7588,7.505604385
10/31/2017,7589,7.50560861
10/31/2017,7590,7.505612835
10/31/2017,7591,7.50561706
10/31/2017,7592,7.505621286
10/31/2017,7593,7.505625511
10/31/2017,7594,7.505629736
10/31/2017,7595,7.505633962
10/31/2017,7596,7.505638187
10/31/2017,7597,7.505642412
10/31/2017,7598,7.505646637
10/31/2017,7599,7.505650863
10/31/2017,7600,7.505655088
10/31/2017,7601,7.505659313
10/31/2017,7602,7.505663538
10/31/2017,7603,7.505667764
10/31/2017,7604,7.505671989
10/31/2017,7605,7.505676214
10/31/2017,7606,7.50568044
10/31/2017,7607,7.505684665
10/31/2017,7608,7.50568889
10/31/2017,7609,7.505693115
10/31/2017,7610,7.505697341
10/31/2017,7611,7.505701566
10/31/2017,7612,7.505705791
10/31/2017,7613,7.505710016
10/31/2017,7614,7.505714242
10/31/2017,7615,7.505718467
10/31/2017,7616,7.505722692
10/31/2017,7617,7.505726918
10/31/2017,7618,7.505731143
10/31/2017,7619,7.505735368
10/31/2017,7620,7.505739593
10/31/2017,7621,7.505743819
10/31/2017,7622,7.505748044
10/31/2017,7623,7.505752269
10/31/2017,7624,7.505756495
10/31/2017,7625,7.50576072
10/31/2017,7626,7.505764945
10/31/2017,7627,7.50576917
10/31/2017,7628,7.505773396
10/31/2017,7629,7.505777621
10/31/2017,7630,7.505781846
10/31/2017,7631,7.505786071
10/31/2017,7632,7.505790297
10/31/2017,7633,7.505794522
10/31/2017,7634,7.505798747
10/31/2017,7635,7.505802973
10/31/2017,7636,7.505807198
10/31/2017,7637,7.505811423
10/31/2017,7638,7.505815648
10/31/2017,7639,7.505819874
10/31/2017,7640,7.505824099
10/31/2017,7641,7.505828324
10/31/2017,7642,7.505832549
10/31/2017,7643,7.505836775
10/31/2017,7644,7.505841
10/31/2017,7645,7.505862418
10/31/2017,7646,7.505883835
10/31/2017,7647,7.505905253
10/31/2017,7648,7.50592667
10/31/2017,7649,7.505948088
10/31/2017,7650,7.505969505
10/31/2017,7651,7.505990923
10/31/2017,7652,7.506012341
10/31/2017,7653,7.506033758
10/31/2017,7654,7.506055176
10/31/2017,7655,7.506076593
10/31/2017,7656,7.506098011
10/31/2017,7657,7.506119429
10/31/2017,7658,7.506140846
10/31/2017,7659,7.506162264
10/31/2017,7660,7.506183681
10/31/2017,7661,7.506205099
10/31/2017,7662,7.506226516
10/31/2017,7663,7.506247934
10/31/2017,7664,7.506269352
10/31/2017,7665,7.506290769
10/31/2017,7666,7.506312187
10/31/2017,7667,7.506333604
10/31/2017,7668,7.506355022
10/31/2017,7669,7.50637644
10/31/2017,7670,7.506397857
10/31/2017,7671,7.506419275
10/31/2017,7672,7.506440692
10/31/2017,7673,7.50646211
10/31/2017,7674,7.506483527
10/31/2017,7675,7.506504945
10/31/2017,7676,7.506526363
10/31/2017,7677,7.50654778
10/31/2017,7678,7.506569198
10/31/2017,7679,7.506590615
10/31/2017,7680,7.506612033
10/31/2017,7681,7.506633451
10/31/2017,7682,7.506654868
10/31/2017,7683,7.506676286
10/31/2017,7684,7.506697703
10/31/2017,7685,7.506719121
10/31/2017,7686,7.506740538
10/31/2017,7687,7.506761956
10/31/2017,7688,7.506783374
10/31/2017,7689,7.506804791
10/31/2017,7690,7.506826209
10/31/2017,7691,7.506847626
10/31/2017,7692,7.506869044
10/31/2017,7693,7.506890462
10/31/2017,7694,7.506911879
10/31/2017,7695,7.506933297
10/31/2017,7696,7.506954714
10/31/2017,7697,7.506976132
10/31/2017,7698,7.506997549
10/31/2017,7699,7.507018967
10/31/2017,7700,7.507040385
10/31/2017,7701,7.507061802
10/31/2017,7702,7.50708322
10/31/2017,7703,7.507104637
10/31/2017,7704,7.507126055
10/31/2017,7705,7.507147473
10/31/2017,7706,7.50716889
10/31/2017,7707,7.507190308
10/31/2017,7708,7.507211725
10/31/2017,7709,7.507233143
10/31/2017,7710,7.50725456
10/31/2017,7711,7.507275978
10/31/2017,7712,7.507297396
10/31/2017,7713,7.507318813
10/31/2017,7714,7.507340231
10/31/2017,7715,7.507361648
10/31/2017,7716,7.507383066
10/31/2017,7717,7.507404484
10/31/2017,7718,7.507425901
10/31/2017,7719,7.507447319
10/31/2017,7720,7.507468736
10/31/2017,7721,7.507490154
10/31/2017,7722,7.507511571
10/31/2017,7723,7.507532989
10/31/2017,7724,7.507554407
10/31/2017,7725,7.507575824
10/31/2017,7726,7.507597242
10/31/2017,7727,7.507618659
10/31/2017,7728,7.507640077
10/31/2017,7729,7.507661495
10/31/2017,7730,7.507682912
10/31/2017,7731,7.50770433
10/31/2017,7732,7.507725747
10/31/2017,7733,7.507747165
10/31/2017,7734,7.507768582
10/31/2017,7735,7.50779
10/31/2017,7736,7.507811418
10/31/2017,7737,7.507832835
10/31/2017,7738,7.507854253
10/31/2017,7739,7.50787567
10/31/2017,7740,7.507897088
10/31/2017,7741,7.507918505
10/31/2017,7742,7.507939923
10/31/2017,7743,7.507961341
10/31/2017,7744,7.507982758
10/31/2017,7745,7.508004176
10/31/2017,7746,7.508025593
10/31/2017,7747,7.508047011
10/31/2017,7748,7.508068429
10/31/2017,7749,7.508089846
10/31/2017,7750,7.508111264
10/31/2017,7751,7.508132681
10/31/2017,7752,7.508154099
10/31/2017,7753,7.508175516
10/31/2017,7754,7.508196934
10/31/2017,7755,7.508218352
10/31/2017,7756,7.508239769
10/31/2017,7757,7.508261187
10/31/2017,7758,7.508282604
10/31/2017,7759,7.508304022
10/31/2017,7760,7.50832544
10/31/2017,7761,7.508346857
10/31/2017,7762,7.508368275
10/31/2017,7763,7.508389692
10/31/2017,7764,7.50841111
10/31/2017,7765,7.508432527
10/31/2017,7766,7.508453945
10/31/2017,7767,7.508475363
10/31/2017,7768,7.50849678
10/31/2017,7769,7.508518198
10/31/2017,7770,7.508539615
10/31/2017,7771,7.508561033
10/31/2017,7772,7.508582451
10/31/2017,7773,7.508603868
10/31/2017,7774,7.508625286
10/31/2017,7775,7.508646703
10/31/2017,7776,7.508668121
10/31/2017,7777,7.508689538
10/31/2017,7778,7.508710956
10/31/2017,7779,7.508732374
10/31/2017,7780,7.508753791
10/31/2017,7781,7.508775209
10/31/2017,7782,7.508796626
10/31/2017,7783,7.508818044
10/31/2017,7784,7.508839462
10/31/2017,7785,7.508860879
10/31/2017,7786,7.508882297
10/31/2017,7787,7.508903714
10/31/2017,7788,7.508925132
10/31/2017,7789,7.508946549
10/31/2017,7790,7.508967967
10/31/2017,7791,7.508989385
10/31/2017,7792,7.509010802
10/31/2017,7793,7.50903222
10/31/2017,7794,7.509053637
10/31/2017,7795,7.509075055
10/31/2017,7796,7.509096473
10/31/2017,7797,7.50911789
10/31/2017,7798,7.509139308
10/31/2017,7799,7.509160725
10/31/2017,7800,7.509182143
10/31/2017,7801,7.50920356
10/31/2017,7802,7.509224978
10/31/2017,7803,7.509246396
10/31/2017,7804,7.509267813
10/31/2017,7805,7.509289231
10/31/2017,7806,7.509310648
10/31/2017,7807,7.509332066
10/31/2017,7808,7.509353484
10/31/2017,7809,7.509374901
10/31/2017,7810,7.509396319
10/31/2017,7811,7.509417736
10/31/2017,7812,7.509439154
10/31/2017,7813,7.509460571
10/31/2017,7814,7.509481989
10/31/2017,7815,7.509503407
10/31/2017,7816,7.509524824
10/31/2017,7817,7.509546242
10/31/2017,7818,7.509567659
10/31/2017,7819,7.509589077
10/31/2017,7820,7.509610495
10/31/2017,7821,7.509631912
10/31/2017,7822,7.50965333
10/31/2017,7823,7.509674747
10/31/2017,7824,7.509696165
10/31/2017,7825,7.509717582
10/31/2017,7826,7.509739
10/31/2017,7827,7.509765253
10/31/2017,7828,7.509791505
10/31/2017,7829,7.509817758
10/31/2017,7830,7.509844011
10/31/2017,7831,7.509870264
10/31/2017,7832,7.509896516
10/31/2017,7833,7.509922769
10/31/2017,7834,7.509949022
10/31/2017,7835,7.509975275
10/31/2017,7836,7.510001527
10/31/2017,7837,7.51002778
10/31/2017,7838,7.510054033
10/31/2017,7839,7.510080286
10/31/2017,7840,7.510106538
10/31/2017,7841,7.510132791
10/31/2017,7842,7.510159044
10/31/2017,7843,7.510185297
10/31/2017,7844,7.510211549
10/31/2017,7845,7.510237802
10/31/2017,7846,7.510264055
10/31/2017,7847,7.510290308
10/31/2017,7848,7.51031656
10/31/2017,7849,7.510342813
10/31/2017,7850,7.510369066
10/31/2017,7851,7.510395319
10/31/2017,7852,7.510421571
10/31/2017,7853,7.510447824
10/31/2017,7854,7.510474077
10/31/2017,7855,7.51050033
10/31/2017,7856,7.510526582
10/31/2017,7857,7.510552835
10/31/2017,7858,7.510579088
10/31/2017,7859,7.510605341
10/31/2017,7860,7.510631593
10/31/2017,7861,7.510657846
10/31/2017,7862,7.510684099
10/31/2017,7863,7.510710352
10/31/2017,7864,7.510736604
10/31/2017,7865,7.510762857
10/31/2017,7866,7.51078911
10/31/2017,7867,7.510815363
10/31/2017,7868,7.510841615
10/31/2017,7869,7.510867868
10/31/2017,7870,7.510894121
10/31/2017,7871,7.510920374
10/31/2017,7872,7.510946626
10/31/2017,7873,7.510972879
10/31/2017,7874,7.510999132
10/31/2017,7875,7.511025385
10/31/2017,7876,7.511051637
10/31/2017,7877,7.51107789
10/31/2017,7878,7.511104143
10/31/2017,7879,7.511130396
10/31/2017,7880,7.511156648
10/31/2017,7881,7.511182901
10/31/2017,7882,7.511209154
10/31/2017,7883,7.511235407
10/31/2017,7884,7.511261659
10/31/2017,7885,7.511287912
10/31/2017,7886,7.511314165
10/31/2017,7887,7.511340418
10/31/2017,7888,7.51136667
10/31/2017,7889,7.511392923
10/31/2017,7890,7.511419176
10/31/2017,7891,7.511445429
10/31/2017,7892,7.511471681
10/31/2017,7893,7.511497934
10/31/2017,7894,7.511524187
10/31/2017,7895,7.51155044
10/31/2017,7896,7.511576692
10/31/2017,7897,7.511602945
10/31/2017,7898,7.511629198
10/31/2017,7899,7.511655451
10/31/2017,7900,7.511681703
10/31/2017,7901,7.511707956
10/31/2017,7902,7.511734209
10/31/2017,7903,7.511760462
10/31/2017,7904,7.511786714
10/31/2017,7905,7.511812967
10/31/2017,7906,7.51183922
10/31/2017,7907,7.511865473
10/31/2017,7908,7.511891725
10/31/2017,7909,7.511917978
10/31/2017,7910,7.511944231
10/31/2017,7911,7.511970484
10/31/2017,7912,7.511996736
10/31/2017,7913,7.512022989
10/31/2017,7914,7.512049242
10/31/2017,7915,7.512075495
10/31/2017,7916,7.512101747
10/31/2017,7917,7.512128
10/31/2017,7918,7.512154253
10/31/2017,7919,7.512180505
10/31/2017,7920,7.512206758
10/31/2017,7921,7.512233011
10/31/2017,7922,7.512259264
10/31/2017,7923,7.512285516
10/31/2017,7924,7.512311769
10/31/2017,7925,7.512338022
10/31/2017,7926,7.512364275
10/31/2017,7927,7.512390527
10/31/2017,7928,7.51241678
10/31/2017,7929,7.512443033
10/31/2017,7930,7.512469286
10/31/2017,7931,7.512495538
10/31/2017,7932,7.512521791
10/31/2017,7933,7.512548044
10/31/2017,7934,7.512574297
10/31/2017,7935,7.512600549
10/31/2017,7936,7.512626802
10/31/2017,7937,7.512653055
10/31/2017,7938,7.512679308
10/31/2017,7939,7.51270556
10/31/2017,7940,7.512731813
10/31/2017,7941,7.512758066
10/31/2017,7942,7.512784319
10/31/2017,7943,7.512810571
10/31/2017,7944,7.512836824
10/31/2017,7945,7.512863077
10/31/2017,7946,7.51288933
10/31/2017,7947,7.512915582
10/31/2017,7948,7.512941835
10/31/2017,7949,7.512968088
10/31/2017,7950,7.512994341
10/31/2017,7951,7.513020593
10/31/2017,7952,7.513046846
10/31/2017,7953,7.513073099
10/31/2017,7954,7.513099352
10/31/2017,7955,7.513125604
10/31/2017,7956,7.513151857
10/31/2017,7957,7.51317811
10/31/2017,7958,7.513204363
10/31/2017,7959,7.513230615
10/31/2017,7960,7.513256868
10/31/2017,7961,7.513283121
10/31/2017,7962,7.513309374
10/31/2017,7963,7.513335626
10/31/2017,7964,7.513361879
10/31/2017,7965,7.513388132
10/31/2017,7966,7.513414385
10/31/2017,7967,7.513440637
10/31/2017,7968,7.51346689
10/31/2017,7969,7.513493143
10/31/2017,7970,7.513519396
10/31/2017,7971,7.513545648
10/31/2017,7972,7.513571901
10/31/2017,7973,7.513598154
10/31/2017,7974,7.513624407
10/31/2017,7975,7.513650659
10/31/2017,7976,7.513676912
10/31/2017,7977,7.513703165
10/31/2017,7978,7.513729418
10/31/2017,7979,7.51375567
10/31/2017,7980,7.513781923
10/31/2017,7981,7.513808176
10/31/2017,7982,7.513834429
10/31/2017,7983,7.513860681
10/31/2017,7984,7.513886934
10/31/2017,7985,7.513913187
10/31/2017,7986,7.51393944
10/31/2017,7987,7.513965692
10/31/2017,7988,7.513991945
10/31/2017,7989,7.514018198
10/31/2017,7990,7.514044451
10/31/2017,7991,7.514070703
10/31/2017,7992,7.514096956
10/31/2017,7993,7.514123209
10/31/2017,7994,7.514149462
10/31/2017,7995,7.514175714
10/31/2017,7996,7.514201967
10/31/2017,7997,7.51422822
10/31/2017,7998,7.514254473
10/31/2017,7999,7.514280725
10/31/2017,8000,7.514306978
10/31/2017,8001,7.514333231
10/31/2017,8002,7.514359484
10/31/2017,8003,7.514385736
10/31/2017,8004,7.514411989
10/31/2017,8005,7.514438242
10/31/2017,8006,7.514464495
10/31/2017,8007,7.514490747
10/31/2017,8008,7.514517
10/31/2017,8009,7.514542467
10/31/2017,8010,7.514567934
10/31/2017,8011,7.514593401
10/31/2017,8012,7.514618868
10/31/2017,8013,7.514644335
10/31/2017,8014,7.514669802
10/31/2017,8015,7.514695269
10/31/2017,8016,7.514720736
10/31/2017,8017,7.514746203
10/31/2017,8018,7.51477167
10/31/2017,8019,7.514797137
10/31/2017,8020,7.514822604
10/31/2017,8021,7.514848071
10/31/2017,8022,7.514873538
10/31/2017,8023,7.514899005
10/31/2017,8024,7.514924473
10/31/2017,8025,7.51494994
10/31/2017,8026,7.514975407
10/31/2017,8027,7.515000874
10/31/2017,8028,7.515026341
10/31/2017,8029,7.515051808
10/31/2017,8030,7.515077275
10/31/2017,8031,7.515102742
10/31/2017,8032,7.515128209
10/31/2017,8033,7.515153676
10/31/2017,8034,7.515179143
10/31/2017,8035,7.51520461
10/31/2017,8036,7.515230077
10/31/2017,8037,7.515255544
10/31/2017,8038,7.515281011
10/31/2017,8039,7.515306478
10/31/2017,8040,7.515331945
10/31/2017,8041,7.515357412
10/31/2017,8042,7.515382879
10/31/2017,8043,7.515408346
10/31/2017,8044,7.515433813
10/31/2017,8045,7.51545928
10/31/2017,8046,7.515484747
10/31/2017,8047,7.515510214
10/31/2017,8048,7.515535681
10/31/2017,8049,7.515561148
10/31/2017,8050,7.515586615
10/31/2017,8051,7.515612082
10/31/2017,8052,7.515637549
10/31/2017,8053,7.515663016
10/31/2017,8054,7.515688484
10/31/2017,8055,7.515713951
10/31/2017,8056,7.515739418
10/31/2017,8057,7.515764885
10/31/2017,8058,7.515790352
10/31/2017,8059,7.515815819
10/31/2017,8060,7.515841286
10/31/2017,8061,7.515866753
10/31/2017,8062,7.51589222
10/31/2017,8063,7.515917687
10/31/2017,8064,7.515943154
10/31/2017,8065,7.515968621
10/31/2017,8066,7.515994088
10/31/2017,8067,7.516019555
10/31/2017,8068,7.516045022
10/31/2017,8069,7.516070489
10/31/2017,8070,7.516095956
10/31/2017,8071,7.516121423
10/31/2017,8072,7.51614689
10/31/2017,8073,7.516172357
10/31/2017,8074,7.516197824
10/31/2017,8075,7.516223291
10/31/2017,8076,7.516248758
10/31/2017,8077,7.516274225
10/31/2017,8078,7.516299692
10/31/2017,8079,7.516325159
10/31/2017,8080,7.516350626
10/31/2017,8081,7.516376093
10/31/2017,8082,7.51640156
10/31/2017,8083,7.516427027
10/31/2017,8084,7.516452495
10/31/2017,8085,7.516477962
10/31/2017,8086,7.516503429
10/31/2017,8087,7.516528896
10/31/2017,8088,7.516554363
10/31/2017,8089,7.51657983
10/31/2017,8090,7.516605297
10/31/2017,8091,7.516630764
10/31/2017,8092,7.516656231
10/31/2017,8093,7.516681698
10/31/2017,8094,7.516707165
10/31/2017,8095,7.516732632
10/31/2017,8096,7.516758099
10/31/2017,8097,7.516783566
10/31/2017,8098,7.516809033
10/31/2017,8099,7.5168345
10/31/2017,8100,7.516859967
10/31/2017,8101,7.516885434
10/31/2017,8102,7.516910901
10/31/2017,8103,7.516936368
10/31/2017,8104,7.516961835
10/31/2017,8105,7.516987302
10/31/2017,8106,7.517012769
10/31/2017,8107,7.517038236
10/31/2017,8108,7.517063703
10/31/2017,8109,7.51708917
10/31/2017,8110,7.517114637
10/31/2017,8111,7.517140104
10/31/2017,8112,7.517165571
10/31/2017,8113,7.517191038
10/31/2017,8114,7.517216505
10/31/2017,8115,7.517241973
10/31/2017,8116,7.51726744
10/31/2017,8117,7.517292907
10/31/2017,8118,7.517318374
10/31/2017,8119,7.517343841
10/31/2017,8120,7.517369308
10/31/2017,8121,7.517394775
10/31/2017,8122,7.517420242
10/31/2017,8123,7.517445709
10/31/2017,8124,7.517471176
10/31/2017,8125,7.517496643
10/31/2017,8126,7.51752211
10/31/2017,8127,7.517547577
10/31/2017,8128,7.517573044
10/31/2017,8129,7.517598511
10/31/2017,8130,7.517623978
10/31/2017,8131,7.517649445
10/31/2017,8132,7.517674912
10/31/2017,8133,7.517700379
10/31/2017,8134,7.517725846
10/31/2017,8135,7.517751313
10/31/2017,8136,7.51777678
10/31/2017,8137,7.517802247
10/31/2017,8138,7.517827714
10/31/2017,8139,7.517853181
10/31/2017,8140,7.517878648
10/31/2017,8141,7.517904115
10/31/2017,8142,7.517929582
10/31/2017,8143,7.517955049
10/31/2017,8144,7.517980516
10/31/2017,8145,7.518005984
10/31/2017,8146,7.518031451
10/31/2017,8147,7.518056918
10/31/2017,8148,7.518082385
10/31/2017,8149,7.518107852
10/31/2017,8150,7.518133319
10/31/2017,8151,7.518158786
10/31/2017,8152,7.518184253
10/31/2017,8153,7.51820972
10/31/2017,8154,7.518235187
10/31/2017,8155,7.518260654
10/31/2017,8156,7.518286121
10/31/2017,8157,7.518311588
10/31/2017,8158,7.518337055
10/31/2017,8159,7.518362522
10/31/2017,8160,7.518387989
10/31/2017,8161,7.518413456
10/31/2017,8162,7.518438923
10/31/2017,8163,7.51846439
10/31/2017,8164,7.518489857
10/31/2017,8165,7.518515324
10/31/2017,8166,7.518540791
10/31/2017,8167,7.518566258
10/31/2017,8168,7.518591725
10/31/2017,8169,7.518617192
10/31/2017,8170,7.518642659
10/31/2017,8171,7.518668126
10/31/2017,8172,7.518693593
10/31/2017,8173,7.51871906
10/31/2017,8174,7.518744527
10/31/2017,8175,7.518769995
10/31/2017,8176,7.518795462
10/31/2017,8177,7.518820929
10/31/2017,8178,7.518846396
10/31/2017,8179,7.518871863
10/31/2017,8180,7.51889733
10/31/2017,8181,7.518922797
10/31/2017,8182,7.518948264
10/31/2017,8183,7.518973731
10/31/2017,8184,7.518999198
10/31/2017,8185,7.519024665
10/31/2017,8186,7.519050132
10/31/2017,8187,7.519075599
10/31/2017,8188,7.519101066
10/31/2017,8189,7.519126533
10/31/2017,8190,7.519152
10/31/2017,8191,7.519176742
10/31/2017,8192,7.519201484
10/31/2017,8193,7.519226225
10/31/2017,8194,7.519250967
10/31/2017,8195,7.519275709
10/31/2017,8196,7.519300451
10/31/2017,8197,7.519325192
10/31/2017,8198,7.519349934
10/31/2017,8199,7.519374676
10/31/2017,8200,7.519399418
10/31/2017,8201,7.519424159
10/31/2017,8202,7.519448901
10/31/2017,8203,7.519473643
10/31/2017,8204,7.519498385
10/31/2017,8205,7.519523126
10/31/2017,8206,7.519547868
10/31/2017,8207,7.51957261
10/31/2017,8208,7.519597352
10/31/2017,8209,7.519622093
10/31/2017,8210,7.519646835
10/31/2017,8211,7.519671577
10/31/2017,8212,7.519696319
10/31/2017,8213,7.51972106
10/31/2017,8214,7.519745802
10/31/2017,8215,7.519770544
10/31/2017,8216,7.519795286
10/31/2017,8217,7.519820027
10/31/2017,8218,7.519844769
10/31/2017,8219,7.519869511
10/31/2017,8220,7.519894253
10/31/2017,8221,7.519918995
10/31/2017,8222,7.519943736
10/31/2017,8223,7.519968478
10/31/2017,8224,7.51999322
10/31/2017,8225,7.520017962
10/31/2017,8226,7.520042703
10/31/2017,8227,7.520067445
10/31/2017,8228,7.520092187
10/31/2017,8229,7.520116929
10/31/2017,8230,7.52014167
10/31/2017,8231,7.520166412
10/31/2017,8232,7.520191154
10/31/2017,8233,7.520215896
10/31/2017,8234,7.520240637
10/31/2017,8235,7.520265379
10/31/2017,8236,7.520290121
10/31/2017,8237,7.520314863
10/31/2017,8238,7.520339604
10/31/2017,8239,7.520364346
10/31/2017,8240,7.520389088
10/31/2017,8241,7.52041383
10/31/2017,8242,7.520438571
10/31/2017,8243,7.520463313
10/31/2017,8244,7.520488055
10/31/2017,8245,7.520512797
10/31/2017,8246,7.520537538
10/31/2017,8247,7.52056228
10/31/2017,8248,7.520587022
10/31/2017,8249,7.520611764
10/31/2017,8250,7.520636505
10/31/2017,8251,7.520661247
10/31/2017,8252,7.520685989
10/31/2017,8253,7.520710731
10/31/2017,8254,7.520735473
10/31/2017,8255,7.520760214
10/31/2017,8256,7.520784956
10/31/2017,8257,7.520809698
10/31/2017,8258,7.52083444
10/31/2017,8259,7.520859181
10/31/2017,8260,7.520883923
10/31/2017,8261,7.520908665
10/31/2017,8262,7.520933407
10/31/2017,8263,7.520958148
10/31/2017,8264,7.52098289
10/31/2017,8265,7.521007632
10/31/2017,8266,7.521032374
10/31/2017,8267,7.521057115
10/31/2017,8268,7.521081857
10/31/2017,8269,7.521106599
10/31/2017,8270,7.521131341
10/31/2017,8271,7.521156082
10/31/2017,8272,7.521180824
10/31/2017,8273,7.521205566
10/31/2017,8274,7.521230308
10/31/2017,8275,7.521255049
10/31/2017,8276,7.521279791
10/31/2017,8277,7.521304533
10/31/2017,8278,7.521329275
10/31/2017,8279,7.521354016
10/31/2017,8280,7.521378758
10/31/2017,8281,7.5214035
10/31/2017,8282,7.521428242
10/31/2017,8283,7.521452984
10/31/2017,8284,7.521477725
10/31/2017,8285,7.521502467
10/31/2017,8286,7.521527209
10/31/2017,8287,7.521551951
10/31/2017,8288,7.521576692
10/31/2017,8289,7.521601434
10/31/2017,8290,7.521626176
10/31/2017,8291,7.521650918
10/31/2017,8292,7.521675659
10/31/2017,8293,7.521700401
10/31/2017,8294,7.521725143
10/31/2017,8295,7.521749885
10/31/2017,8296,7.521774626
10/31/2017,8297,7.521799368
10/31/2017,8298,7.52182411
10/31/2017,8299,7.521848852
10/31/2017,8300,7.521873593
10/31/2017,8301,7.521898335
10/31/2017,8302,7.521923077
10/31/2017,8303,7.521947819
10/31/2017,8304,7.52197256
10/31/2017,8305,7.521997302
10/31/2017,8306,7.522022044
10/31/2017,8307,7.522046786
10/31/2017,8308,7.522071527
10/31/2017,8309,7.522096269
10/31/2017,8310,7.522121011
10/31/2017,8311,7.522145753
10/31/2017,8312,7.522170495
10/31/2017,8313,7.522195236
10/31/2017,8314,7.522219978
10/31/2017,8315,7.52224472
10/31/2017,8316,7.522269462
10/31/2017,8317,7.522294203
10/31/2017,8318,7.522318945
10/31/2017,8319,7.522343687
10/31/2017,8320,7.522368429
10/31/2017,8321,7.52239317
10/31/2017,8322,7.522417912
10/31/2017,8323,7.522442654
10/31/2017,8324,7.522467396
10/31/2017,8325,7.522492137
10/31/2017,8326,7.522516879
10/31/2017,8327,7.522541621
10/31/2017,8328,7.522566363
10/31/2017,8329,7.522591104
10/31/2017,8330,7.522615846
10/31/2017,8331,7.522640588
10/31/2017,8332,7.52266533
10/31/2017,8333,7.522690071
10/31/2017,8334,7.522714813
10/31/2017,8335,7.522739555
10/31/2017,8336,7.522764297
10/31/2017,8337,7.522789038
10/31/2017,8338,7.52281378
10/31/2017,8339,7.522838522
10/31/2017,8340,7.522863264
10/31/2017,8341,7.522888005
10/31/2017,8342,7.522912747
10/31/2017,8343,7.522937489
10/31/2017,8344,7.522962231
10/31/2017,8345,7.522986973
10/31/2017,8346,7.523011714
10/31/2017,8347,7.523036456
10/31/2017,8348,7.523061198
10/31/2017,8349,7.52308594
10/31/2017,8350,7.523110681
10/31/2017,8351,7.523135423
10/31/2017,8352,7.523160165
10/31/2017,8353,7.523184907
10/31/2017,8354,7.523209648
10/31/2017,8355,7.52323439
10/31/2017,8356,7.523259132
10/31/2017,8357,7.523283874
10/31/2017,8358,7.523308615
10/31/2017,8359,7.523333357
10/31/2017,8360,7.523358099
10/31/2017,8361,7.523382841
10/31/2017,8362,7.523407582
10/31/2017,8363,7.523432324
10/31/2017,8364,7.523457066
10/31/2017,8365,7.523481808
10/31/2017,8366,7.523506549
10/31/2017,8367,7.523531291
10/31/2017,8368,7.523556033
10/31/2017,8369,7.523580775
10/31/2017,8370,7.523605516
10/31/2017,8371,7.523630258
10/31/2017,8372,7.523655
10/31/2017,8373,7.523717187
10/31/2017,8374,7.523779374
10/31/2017,8375,7.52384156
10/31/2017,8376,7.523903747
10/31/2017,8377,7.523965934
10/31/2017,8378,7.524028121
10/31/2017,8379,7.524090308
10/31/2017,8380,7.524152495
10/31/2017,8381,7.524214681
10/31/2017,8382,7.524276868
10/31/2017,8383,7.524339055
10/31/2017,8384,7.524401242
10/31/2017,8385,7.524463429
10/31/2017,8386,7.524525615
10/31/2017,8387,7.524587802
10/31/2017,8388,7.524649989
10/31/2017,8389,7.524712176
10/31/2017,8390,7.524774363
10/31/2017,8391,7.524836549
10/31/2017,8392,7.524898736
10/31/2017,8393,7.524960923
10/31/2017,8394,7.52502311
10/31/2017,8395,7.525085297
10/31/2017,8396,7.525147484
10/31/2017,8397,7.52520967
10/31/2017,8398,7.525271857
10/31/2017,8399,7.525334044
10/31/2017,8400,7.525396231
10/31/2017,8401,7.525458418
10/31/2017,8402,7.525520604
10/31/2017,8403,7.525582791
10/31/2017,8404,7.525644978
10/31/2017,8405,7.525707165
10/31/2017,8406,7.525769352
10/31/2017,8407,7.525831538
10/31/2017,8408,7.525893725
10/31/2017,8409,7.525955912
10/31/2017,8410,7.526018099
10/31/2017,8411,7.526080286
10/31/2017,8412,7.526142473
10/31/2017,8413,7.526204659
10/31/2017,8414,7.526266846
10/31/2017,8415,7.526329033
10/31/2017,8416,7.52639122
10/31/2017,8417,7.526453407
10/31/2017,8418,7.526515593
10/31/2017,8419,7.52657778
10/31/2017,8420,7.526639967
10/31/2017,8421,7.526702154
10/31/2017,8422,7.526764341
10/31/2017,8423,7.526826527
10/31/2017,8424,7.526888714
10/31/2017,8425,7.526950901
10/31/2017,8426,7.527013088
10/31/2017,8427,7.527075275
10/31/2017,8428,7.527137462
10/31/2017,8429,7.527199648
10/31/2017,8430,7.527261835
10/31/2017,8431,7.527324022
10/31/2017,8432,7.527386209
10/31/2017,8433,7.527448396
10/31/2017,8434,7.527510582
10/31/2017,8435,7.527572769
10/31/2017,8436,7.527634956
10/31/2017,8437,7.527697143
10/31/2017,8438,7.52775933
10/31/2017,8439,7.527821516
10/31/2017,8440,7.527883703
10/31/2017,8441,7.52794589
10/31/2017,8442,7.528008077
10/31/2017,8443,7.528070264
10/31/2017,8444,7.528132451
10/31/2017,8445,7.528194637
10/31/2017,8446,7.528256824
10/31/2017,8447,7.528319011
10/31/2017,8448,7.528381198
10/31/2017,8449,7.528443385
10/31/2017,8450,7.528505571
10/31/2017,8451,7.528567758
10/31/2017,8452,7.528629945
10/31/2017,8453,7.528692132
10/31/2017,8454,7.528754319
10/31/2017,8455,7.528816505
10/31/2017,8456,7.528878692
10/31/2017,8457,7.528940879
10/31/2017,8458,7.529003066
10/31/2017,8459,7.529065253
10/31/2017,8460,7.52912744
10/31/2017,8461,7.529189626
10/31/2017,8462,7.529251813
10/31/2017,8463,7.529314
10/31/2017,8464,7.529376187
10/31/2017,8465,7.529438374
10/31/2017,8466,7.52950056
10/31/2017,8467,7.529562747
10/31/2017,8468,7.529624934
10/31/2017,8469,7.529687121
10/31/2017,8470,7.529749308
10/31/2017,8471,7.529811495
10/31/2017,8472,7.529873681
10/31/2017,8473,7.529935868
10/31/2017,8474,7.529998055
10/31/2017,8475,7.530060242
10/31/2017,8476,7.530122429
10/31/2017,8477,7.530184615
10/31/2017,8478,7.530246802
10/31/2017,8479,7.530308989
10/31/2017,8480,7.530371176
10/31/2017,8481,7.530433363
10/31/2017,8482,7.530495549
10/31/2017,8483,7.530557736
10/31/2017,8484,7.530619923
10/31/2017,8485,7.53068211
10/31/2017,8486,7.530744297
10/31/2017,8487,7.530806484
10/31/2017,8488,7.53086867
10/31/2017,8489,7.530930857
10/31/2017,8490,7.530993044
10/31/2017,8491,7.531055231
10/31/2017,8492,7.531117418
10/31/2017,8493,7.531179604
10/31/2017,8494,7.531241791
10/31/2017,8495,7.531303978
10/31/2017,8496,7.531366165
10/31/2017,8497,7.531428352
10/31/2017,8498,7.531490538
10/31/2017,8499,7.531552725
10/31/2017,8500,7.531614912
10/31/2017,8501,7.531677099
10/31/2017,8502,7.531739286
10/31/2017,8503,7.531801473
10/31/2017,8504,7.531863659
10/31/2017,8505,7.531925846
10/31/2017,8506,7.531988033
10/31/2017,8507,7.53205022
10/31/2017,8508,7.532112407
10/31/2017,8509,7.532174593
10/31/2017,8510,7.53223678
10/31/2017,8511,7.532298967
10/31/2017,8512,7.532361154
10/31/2017,8513,7.532423341
10/31/2017,8514,7.532485527
10/31/2017,8515,7.532547714
10/31/2017,8516,7.532609901
10/31/2017,8517,7.532672088
10/31/2017,8518,7.532734275
10/31/2017,8519,7.532796462
10/31/2017,8520,7.532858648
10/31/2017,8521,7.532920835
10/31/2017,8522,7.532983022
10/31/2017,8523,7.533045209
10/31/2017,8524,7.533107396
10/31/2017,8525,7.533169582
10/31/2017,8526,7.533231769
10/31/2017,8527,7.533293956
10/31/2017,8528,7.533356143
10/31/2017,8529,7.53341833
10/31/2017,8530,7.533480516
10/31/2017,8531,7.533542703
10/31/2017,8532,7.53360489
10/31/2017,8533,7.533667077
10/31/2017,8534,7.533729264
10/31/2017,8535,7.533791451
10/31/2017,8536,7.533853637
10/31/2017,8537,7.533915824
10/31/2017,8538,7.533978011
10/31/2017,8539,7.534040198
10/31/2017,8540,7.534102385
10/31/2017,8541,7.534164571
10/31/2017,8542,7.534226758
10/31/2017,8543,7.534288945
10/31/2017,8544,7.534351132
10/31/2017,8545,7.534413319
10/31/2017,8546,7.534475505
10/31/2017,8547,7.534537692
10/31/2017,8548,7.534599879
10/31/2017,8549,7.534662066
10/31/2017,8550,7.534724253
10/31/2017,8551,7.53478644
10/31/2017,8552,7.534848626
10/31/2017,8553,7.534910813
10/31/2017,8554,7.534973
10/31/2017,8555,7.534995901
10/31/2017,8556,7.535018802
10/31/2017,8557,7.535041703
10/31/2017,8558,7.535064604
10/31/2017,8559,7.535087505
10/31/2017,8560,7.535110407
10/31/2017,8561,7.535133308
10/31/2017,8562,7.535156209
10/31/2017,8563,7.53517911
10/31/2017,8564,7.535202011
10/31/2017,8565,7.535224912
10/31/2017,8566,7.535247813
10/31/2017,8567,7.535270714
10/31/2017,8568,7.535293615
10/31/2017,8569,7.535316516
10/31/2017,8570,7.535339418
10/31/2017,8571,7.535362319
10/31/2017,8572,7.53538522
10/31/2017,8573,7.535408121
10/31/2017,8574,7.535431022
10/31/2017,8575,7.535453923
10/31/2017,8576,7.535476824
10/31/2017,8577,7.535499725
10/31/2017,8578,7.535522626
10/31/2017,8579,7.535545527
10/31/2017,8580,7.535568429
10/31/2017,8581,7.53559133
10/31/2017,8582,7.535614231
10/31/2017,8583,7.535637132
10/31/2017,8584,7.535660033
10/31/2017,8585,7.535682934
10/31/2017,8586,7.535705835
10/31/2017,8587,7.535728736
10/31/2017,8588,7.535751637
10/31/2017,8589,7.535774538
10/31/2017,8590,7.53579744
10/31/2017,8591,7.535820341
10/31/2017,8592,7.535843242
10/31/2017,8593,7.535866143
10/31/2017,8594,7.535889044
10/31/2017,8595,7.535911945
10/31/2017,8596,7.535934846
10/31/2017,8597,7.535957747
10/31/2017,8598,7.535980648
10/31/2017,8599,7.536003549
10/31/2017,8600,7.536026451
10/31/2017,8601,7.536049352
10/31/2017,8602,7.536072253
10/31/2017,8603,7.536095154
10/31/2017,8604,7.536118055
10/31/2017,8605,7.536140956
10/31/2017,8606,7.536163857
10/31/2017,8607,7.536186758
10/31/2017,8608,7.536209659
10/31/2017,8609,7.53623256
10/31/2017,8610,7.536255462
10/31/2017,8611,7.536278363
10/31/2017,8612,7.536301264
10/31/2017,8613,7.536324165
10/31/2017,8614,7.536347066
10/31/2017,8615,7.536369967
10/31/2017,8616,7.536392868
10/31/2017,8617,7.536415769
10/31/2017,8618,7.53643867
10/31/2017,8619,7.536461571
10/31/2017,8620,7.536484473
10/31/2017,8621,7.536507374
10/31/2017,8622,7.536530275
10/31/2017,8623,7.536553176
10/31/2017,8624,7.536576077
10/31/2017,8625,7.536598978
10/31/2017,8626,7.536621879
10/31/2017,8627,7.53664478
10/31/2017,8628,7.536667681
10/31/2017,8629,7.536690582
10/31/2017,8630,7.536713484
10/31/2017,8631,7.536736385
10/31/2017,8632,7.536759286
10/31/2017,8633,7.536782187
10/31/2017,8634,7.536805088
10/31/2017,8635,7.536827989
10/31/2017,8636,7.53685089
10/31/2017,8637,7.536873791
10/31/2017,8638,7.536896692
10/31/2017,8639,7.536919593
10/31/2017,8640,7.536942495
10/31/2017,8641,7.536965396
10/31/2017,8642,7.536988297
10/31/2017,8643,7.537011198
10/31/2017,8644,7.537034099
10/31/2017,8645,7.537057
10/31/2017,8646,7.537079901
10/31/2017,8647,7.537102802
10/31/2017,8648,7.537125703
10/31/2017,8649,7.537148604
10/31/2017,8650,7.537171505
10/31/2017,8651,7.537194407
10/31/2017,8652,7.537217308
10/31/2017,8653,7.537240209
10/31/2017,8654,7.53726311
10/31/2017,8655,7.537286011
10/31/2017,8656,7.537308912
10/31/2017,8657,7.537331813
10/31/2017,8658,7.537354714
10/31/2017,8659,7.537377615
10/31/2017,8660,7.537400516
10/31/2017,8661,7.537423418
10/31/2017,8662,7.537446319
10/31/2017,8663,7.53746922
10/31/2017,8664,7.537492121
10/31/2017,8665,7.537515022
10/31/2017,8666,7.537537923
10/31/2017,8667,7.537560824
10/31/2017,8668,7.537583725
10/31/2017,8669,7.537606626
10/31/2017,8670,7.537629527
10/31/2017,8671,7.537652429
10/31/2017,8672,7.53767533
10/31/2017,8673,7.537698231
10/31/2017,8674,7.537721132
10/31/2017,8675,7.537744033
10/31/2017,8676,7.537766934
10/31/2017,8677,7.537789835
10/31/2017,8678,7.537812736
10/31/2017,8679,7.537835637
10/31/2017,8680,7.537858538
10/31/2017,8681,7.53788144
10/31/2017,8682,7.537904341
10/31/2017,8683,7.537927242
10/31/2017,8684,7.537950143
10/31/2017,8685,7.537973044
10/31/2017,8686,7.537995945
10/31/2017,8687,7.538018846
10/31/2017,8688,7.538041747
10/31/2017,8689,7.538064648
10/31/2017,8690,7.538087549
10/31/2017,8691,7.538110451
10/31/2017,8692,7.538133352
10/31/2017,8693,7.538156253
10/31/2017,8694,7.538179154
10/31/2017,8695,7.538202055
10/31/2017,8696,7.538224956
10/31/2017,8697,7.538247857
10/31/2017,8698,7.538270758
10/31/2017,8699,7.538293659
10/31/2017,8700,7.53831656
10/31/2017,8701,7.538339462
10/31/2017,8702,7.538362363
10/31/2017,8703,7.538385264
10/31/2017,8704,7.538408165
10/31/2017,8705,7.538431066
10/31/2017,8706,7.538453967
10/31/2017,8707,7.538476868
10/31/2017,8708,7.538499769
10/31/2017,8709,7.53852267
10/31/2017,8710,7.538545571
10/31/2017,8711,7.538568473
10/31/2017,8712,7.538591374
10/31/2017,8713,7.538614275
10/31/2017,8714,7.538637176
10/31/2017,8715,7.538660077
10/31/2017,8716,7.538682978
10/31/2017,8717,7.538705879
10/31/2017,8718,7.53872878
10/31/2017,8719,7.538751681
10/31/2017,8720,7.538774582
10/31/2017,8721,7.538797484
10/31/2017,8722,7.538820385
10/31/2017,8723,7.538843286
10/31/2017,8724,7.538866187
10/31/2017,8725,7.538889088
10/31/2017,8726,7.538911989
10/31/2017,8727,7.53893489
10/31/2017,8728,7.538957791
10/31/2017,8729,7.538980692
10/31/2017,8730,7.539003593
10/31/2017,8731,7.539026495
10/31/2017,8732,7.539049396
10/31/2017,8733,7.539072297
10/31/2017,8734,7.539095198
10/31/2017,8735,7.539118099
10/31/2017,8736,7.539141
10/31/2017,8737,7.539163242
10/31/2017,8738,7.539185484
10/31/2017,8739,7.539207725
10/31/2017,8740,7.539229967
10/31/2017,8741,7.539252209
10/31/2017,8742,7.539274451
10/31/2017,8743,7.539296692
10/31/2017,8744,7.539318934
10/31/2017,8745,7.539341176
10/31/2017,8746,7.539363418
10/31/2017,8747,7.539385659
10/31/2017,8748,7.539407901
10/31/2017,8749,7.539430143
10/31/2017,8750,7.539452385
10/31/2017,8751,7.539474626
10/31/2017,8752,7.539496868
10/31/2017,8753,7.53951911
10/31/2017,8754,7.539541352
10/31/2017,8755,7.539563593
10/31/2017,8756,7.539585835
10/31/2017,8757,7.539608077
10/31/2017,8758,7.539630319
10/31/2017,8759,7.53965256
10/31/2017,8760,7.539674802
10/31/2017,8761,7.539697044
10/31/2017,8762,7.539719286
10/31/2017,8763,7.539741527
10/31/2017,8764,7.539763769
10/31/2017,8765,7.539786011
10/31/2017,8766,7.539808253
10/31/2017,8767,7.539830495
10/31/2017,8768,7.539852736
10/31/2017,8769,7.539874978
10/31/2017,8770,7.53989722
10/31/2017,8771,7.539919462
10/31/2017,8772,7.539941703
10/31/2017,8773,7.539963945
10/31/2017,8774,7.539986187
10/31/2017,8775,7.540008429
10/31/2017,8776,7.54003067
10/31/2017,8777,7.540052912
10/31/2017,8778,7.540075154
10/31/2017,8779,7.540097396
10/31/2017,8780,7.540119637
10/31/2017,8781,7.540141879
10/31/2017,8782,7.540164121
10/31/2017,8783,7.540186363
10/31/2017,8784,7.540208604
10/31/2017,8785,7.540230846
10/31/2017,8786,7.540253088
10/31/2017,8787,7.54027533
10/31/2017,8788,7.540297571
10/31/2017,8789,7.540319813
10/31/2017,8790,7.540342055
10/31/2017,8791,7.540364297
10/31/2017,8792,7.540386538
10/31/2017,8793,7.54040878
10/31/2017,8794,7.540431022
10/31/2017,8795,7.540453264
10/31/2017,8796,7.540475505
10/31/2017,8797,7.540497747
10/31/2017,8798,7.540519989
10/31/2017,8799,7.540542231
10/31/2017,8800,7.540564473
10/31/2017,8801,7.540586714
10/31/2017,8802,7.540608956
10/31/2017,8803,7.540631198
10/31/2017,8804,7.54065344
10/31/2017,8805,7.540675681
10/31/2017,8806,7.540697923
10/31/2017,8807,7.540720165
10/31/2017,8808,7.540742407
10/31/2017,8809,7.540764648
10/31/2017,8810,7.54078689
10/31/2017,8811,7.540809132
10/31/2017,8812,7.540831374
10/31/2017,8813,7.540853615
10/31/2017,8814,7.540875857
10/31/2017,8815,7.540898099
10/31/2017,8816,7.540920341
10/31/2017,8817,7.540942582
10/31/2017,8818,7.540964824
10/31/2017,8819,7.540987066
10/31/2017,8820,7.541009308
10/31/2017,8821,7.541031549
10/31/2017,8822,7.541053791
10/31/2017,8823,7.541076033
10/31/2017,8824,7.541098275
10/31/2017,8825,7.541120516
10/31/2017,8826,7.541142758
10/31/2017,8827,7.541165
10/31/2017,8828,7.541187242
10/31/2017,8829,7.541209484
10/31/2017,8830,7.541231725
10/31/2017,8831,7.541253967
10/31/2017,8832,7.541276209
10/31/2017,8833,7.541298451
10/31/2017,8834,7.541320692
10/31/2017,8835,7.541342934
10/31/2017,8836,7.541365176
10/31/2017,8837,7.541387418
10/31/2017,8838,7.541409659
10/31/2017,8839,7.541431901
10/31/2017,8840,7.541454143
10/31/2017,8841,7.541476385
10/31/2017,8842,7.541498626
10/31/2017,8843,7.541520868
10/31/2017,8844,7.54154311
10/31/2017,8845,7.541565352
10/31/2017,8846,7.541587593
10/31/2017,8847,7.541609835
10/31/2017,8848,7.541632077
10/31/2017,8849,7.541654319
10/31/2017,8850,7.54167656
10/31/2017,8851,7.541698802
10/31/2017,8852,7.541721044
10/31/2017,8853,7.541743286
10/31/2017,8854,7.541765527
10/31/2017,8855,7.541787769
10/31/2017,8856,7.541810011
10/31/2017,8857,7.541832253
10/31/2017,8858,7.541854495
10/31/2017,8859,7.541876736
10/31/2017,8860,7.541898978
10/31/2017,8861,7.54192122
10/31/2017,8862,7.541943462
10/31/2017,8863,7.541965703
10/31/2017,8864,7.541987945
10/31/2017,8865,7.542010187
10/31/2017,8866,7.542032429
10/31/2017,8867,7.54205467
10/31/2017,8868,7.542076912
10/31/2017,8869,7.542099154
10/31/2017,8870,7.542121396
10/31/2017,8871,7.542143637
10/31/2017,8872,7.542165879
10/31/2017,8873,7.542188121
10/31/2017,8874,7.542210363
10/31/2017,8875,7.542232604
10/31/2017,8876,7.542254846
10/31/2017,8877,7.542277088
10/31/2017,8878,7.54229933
10/31/2017,8879,7.542321571
10/31/2017,8880,7.542343813
10/31/2017,8881,7.542366055
10/31/2017,8882,7.542388297
10/31/2017,8883,7.542410538
10/31/2017,8884,7.54243278
10/31/2017,8885,7.542455022
10/31/2017,8886,7.542477264
10/31/2017,8887,7.542499505
10/31/2017,8888,7.542521747
10/31/2017,8889,7.542543989
10/31/2017,8890,7.542566231
10/31/2017,8891,7.542588473
10/31/2017,8892,7.542610714
10/31/2017,8893,7.542632956
10/31/2017,8894,7.542655198
10/31/2017,8895,7.54267744
10/31/2017,8896,7.542699681
10/31/2017,8897,7.542721923
10/31/2017,8898,7.542744165
10/31/2017,8899,7.542766407
10/31/2017,8900,7.542788648
10/31/2017,8901,7.54281089
10/31/2017,8902,7.542833132
10/31/2017,8903,7.542855374
10/31/2017,8904,7.542877615
10/31/2017,8905,7.542899857
10/31/2017,8906,7.542922099
10/31/2017,8907,7.542944341
10/31/2017,8908,7.542966582
10/31/2017,8909,7.542988824
10/31/2017,8910,7.543011066
10/31/2017,8911,7.543033308
10/31/2017,8912,7.543055549
10/31/2017,8913,7.543077791
10/31/2017,8914,7.543100033
10/31/2017,8915,7.543122275
10/31/2017,8916,7.543144516
10/31/2017,8917,7.543166758
10/31/2017,8918,7.543189
10/31/2017,8919,7.543210593
10/31/2017,8920,7.543232187
10/31/2017,8921,7.54325378
10/31/2017,8922,7.543275374
10/31/2017,8923,7.543296967
10/31/2017,8924,7.54331856
10/31/2017,8925,7.543340154
10/31/2017,8926,7.543361747
10/31/2017,8927,7.543383341
10/31/2017,8928,7.543404934
10/31/2017,8929,7.543426527
10/31/2017,8930,7.543448121
10/31/2017,8931,7.543469714
10/31/2017,8932,7.543491308
10/31/2017,8933,7.543512901
10/31/2017,8934,7.543534495
10/31/2017,8935,7.543556088
10/31/2017,8936,7.543577681
10/31/2017,8937,7.543599275
10/31/2017,8938,7.543620868
10/31/2017,8939,7.543642462
10/31/2017,8940,7.543664055
10/31/2017,8941,7.543685648
10/31/2017,8942,7.543707242
10/31/2017,8943,7.543728835
10/31/2017,8944,7.543750429
10/31/2017,8945,7.543772022
10/31/2017,8946,7.543793615
10/31/2017,8947,7.543815209
10/31/2017,8948,7.543836802
10/31/2017,8949,7.543858396
10/31/2017,8950,7.543879989
10/31/2017,8951,7.543901582
10/31/2017,8952,7.543923176
10/31/2017,8953,7.543944769
10/31/2017,8954,7.543966363
10/31/2017,8955,7.543987956
10/31/2017,8956,7.544009549
10/31/2017,8957,7.544031143
10/31/2017,8958,7.544052736
10/31/2017,8959,7.54407433
10/31/2017,8960,7.544095923
10/31/2017,8961,7.544117516
10/31/2017,8962,7.54413911
10/31/2017,8963,7.544160703
10/31/2017,8964,7.544182297
10/31/2017,8965,7.54420389
10/31/2017,8966,7.544225484
10/31/2017,8967,7.544247077
10/31/2017,8968,7.54426867
10/31/2017,8969,7.544290264
10/31/2017,8970,7.544311857
10/31/2017,8971,7.544333451
10/31/2017,8972,7.544355044
10/31/2017,8973,7.544376637
10/31/2017,8974,7.544398231
10/31/2017,8975,7.544419824
10/31/2017,8976,7.544441418
10/31/2017,8977,7.544463011
10/31/2017,8978,7.544484604
10/31/2017,8979,7.544506198
10/31/2017,8980,7.544527791
10/31/2017,8981,7.544549385
10/31/2017,8982,7.544570978
10/31/2017,8983,7.544592571
10/31/2017,8984,7.544614165
10/31/2017,8985,7.544635758
10/31/2017,8986,7.544657352
10/31/2017,8987,7.544678945
10/31/2017,8988,7.544700538
10/31/2017,8989,7.544722132
10/31/2017,8990,7.544743725
10/31/2017,8991,7.544765319
10/31/2017,8992,7.544786912
10/31/2017,8993,7.544808505
10/31/2017,8994,7.544830099
10/31/2017,8995,7.544851692
10/31/2017,8996,7.544873286
10/31/2017,8997,7.544894879
10/31/2017,8998,7.544916473
10/31/2017,8999,7.544938066
10/31/2017,9000,7.544959659
10/31/2017,9001,7.544981253
10/31/2017,9002,7.545002846
10/31/2017,9003,7.54502444
10/31/2017,9004,7.545046033
10/31/2017,9005,7.545067626
10/31/2017,9006,7.54508922
10/31/2017,9007,7.545110813
10/31/2017,9008,7.545132407
10/31/2017,9009,7.545154
10/31/2017,9010,7.545175593
10/31/2017,9011,7.545197187
10/31/2017,9012,7.54521878
10/31/2017,9013,7.545240374
10/31/2017,9014,7.545261967
10/31/2017,9015,7.54528356
10/31/2017,9016,7.545305154
10/31/2017,9017,7.545326747
10/31/2017,9018,7.545348341
10/31/2017,9019,7.545369934
10/31/2017,9020,7.545391527
10/31/2017,9021,7.545413121
10/31/2017,9022,7.545434714
10/31/2017,9023,7.545456308
10/31/2017,9024,7.545477901
10/31/2017,9025,7.545499495
10/31/2017,9026,7.545521088
10/31/2017,9027,7.545542681
10/31/2017,9028,7.545564275
10/31/2017,9029,7.545585868
10/31/2017,9030,7.545607462
10/31/2017,9031,7.545629055
10/31/2017,9032,7.545650648
10/31/2017,9033,7.545672242
10/31/2017,9034,7.545693835
10/31/2017,9035,7.545715429
10/31/2017,9036,7.545737022
10/31/2017,9037,7.545758615
10/31/2017,9038,7.545780209
10/31/2017,9039,7.545801802
10/31/2017,9040,7.545823396
10/31/2017,9041,7.545844989
10/31/2017,9042,7.545866582
10/31/2017,9043,7.545888176
10/31/2017,9044,7.545909769
10/31/2017,9045,7.545931363
10/31/2017,9046,7.545952956
10/31/2017,9047,7.545974549
10/31/2017,9048,7.545996143
10/31/2017,9049,7.546017736
10/31/2017,9050,7.54603933
10/31/2017,9051,7.546060923
10/31/2017,9052,7.546082516
10/31/2017,9053,7.54610411
10/31/2017,9054,7.546125703
10/31/2017,9055,7.546147297
10/31/2017,9056,7.54616889
10/31/2017,9057,7.546190484
10/31/2017,9058,7.546212077
10/31/2017,9059,7.54623367
10/31/2017,9060,7.546255264
10/31/2017,9061,7.546276857
10/31/2017,9062,7.546298451
10/31/2017,9063,7.546320044
10/31/2017,9064,7.546341637
10/31/2017,9065,7.546363231
10/31/2017,9066,7.546384824
10/31/2017,9067,7.546406418
10/31/2017,9068,7.546428011
10/31/2017,9069,7.546449604
10/31/2017,9070,7.546471198
10/31/2017,9071,7.546492791
10/31/2017,9072,7.546514385
10/31/2017,9073,7.546535978
10/31/2017,9074,7.546557571
10/31/2017,9075,7.546579165
10/31/2017,9076,7.546600758
10/31/2017,9077,7.546622352
10/31/2017,9078,7.546643945
10/31/2017,9079,7.546665538
10/31/2017,9080,7.546687132
10/31/2017,9081,7.546708725
10/31/2017,9082,7.546730319
10/31/2017,9083,7.546751912
10/31/2017,9084,7.546773505
10/31/2017,9085,7.546795099
10/31/2017,9086,7.546816692
10/31/2017,9087,7.546838286
10/31/2017,9088,7.546859879
10/31/2017,9089,7.546881473
10/31/2017,9090,7.546903066
10/31/2017,9091,7.546924659
10/31/2017,9092,7.546946253
10/31/2017,9093,7.546967846
10/31/2017,9094,7.54698944
10/31/2017,9095,7.547011033
10/31/2017,9096,7.547032626
10/31/2017,9097,7.54705422
10/31/2017,9098,7.547075813
10/31/2017,9099,7.547097407
10/31/2017,9100,7.547119
10/31/2017,9101,7.54713467
10/31/2017,9102,7.547150341
10/31/2017,9103,7.547166011
10/31/2017,9104,7.547181681
10/31/2017,9105,7.547197352
10/31/2017,9106,7.547213022
10/31/2017,9107,7.547228692
10/31/2017,9108,7.547244363
10/31/2017,9109,7.547260033
10/31/2017,9110,7.547275703
10/31/2017,9111,7.547291374
10/31/2017,9112,7.547307044
10/31/2017,9113,7.547322714
10/31/2017,9114,7.547338385
10/31/2017,9115,7.547354055
10/31/2017,9116,7.547369725
10/31/2017,9117,7.547385396
10/31/2017,9118,7.547401066
10/31/2017,9119,7.547416736
10/31/2017,9120,7.547432407
10/31/2017,9121,7.547448077
10/31/2017,9122,7.547463747
10/31/2017,9123,7.547479418
10/31/2017,9124,7.547495088
10/31/2017,9125,7.547510758
10/31/2017,9126,7.547526429
10/31/2017,9127,7.547542099
10/31/2017,9128,7.547557769
10/31/2017,9129,7.54757344
10/31/2017,9130,7.54758911
10/31/2017,9131,7.54760478
10/31/2017,9132,7.547620451
10/31/2017,9133,7.547636121
10/31/2017,9134,7.547651791
10/31/2017,9135,7.547667462
10/31/2017,9136,7.547683132
10/31/2017,9137,7.547698802
10/31/2017,9138,7.547714473
10/31/2017,9139,7.547730143
10/31/2017,9140,7.547745813
10/31/2017,9141,7.547761484
10/31/2017,9142,7.547777154
10/31/2017,9143,7.547792824
10/31/2017,9144,7.547808495
10/31/2017,9145,7.547824165
10/31/2017,9146,7.547839835
10/31/2017,9147,7.547855505
10/31/2017,9148,7.547871176
10/31/2017,9149,7.547886846
10/31/2017,9150,7.547902516
10/31/2017,9151,7.547918187
10/31/2017,9152,7.547933857
10/31/2017,9153,7.547949527
10/31/2017,9154,7.547965198
10/31/2017,9155,7.547980868
10/31/2017,9156,7.547996538
10/31/2017,9157,7.548012209
10/31/2017,9158,7.548027879
10/31/2017,9159,7.548043549
10/31/2017,9160,7.54805922
10/31/2017,9161,7.54807489
10/31/2017,9162,7.54809056
10/31/2017,9163,7.548106231
10/31/2017,9164,7.548121901
10/31/2017,9165,7.548137571
10/31/2017,9166,7.548153242
10/31/2017,9167,7.548168912
10/31/2017,9168,7.548184582
10/31/2017,9169,7.548200253
10/31/2017,9170,7.548215923
10/31/2017,9171,7.548231593
10/31/2017,9172,7.548247264
10/31/2017,9173,7.548262934
10/31/2017,9174,7.548278604
10/31/2017,9175,7.548294275
10/31/2017,9176,7.548309945
10/31/2017,9177,7.548325615
10/31/2017,9178,7.548341286
10/31/2017,9179,7.548356956
10/31/2017,9180,7.548372626
10/31/2017,9181,7.548388297
10/31/2017,9182,7.548403967
10/31/2017,9183,7.548419637
10/31/2017,9184,7.548435308
10/31/2017,9185,7.548450978
10/31/2017,9186,7.548466648
10/31/2017,9187,7.548482319
10/31/2017,9188,7.548497989
10/31/2017,9189,7.548513659
10/31/2017,9190,7.54852933
10/31/2017,9191,7.548545
10/31/2017,9192,7.54856067
10/31/2017,9193,7.548576341
10/31/2017,9194,7.548592011
10/31/2017,9195,7.548607681
10/31/2017,9196,7.548623352
10/31/2017,9197,7.548639022
10/31/2017,9198,7.548654692
10/31/2017,9199,7.548670363
10/31/2017,9200,7.548686033
10/31/2017,9201,7.548701703
10/31/2017,9202,7.548717374
10/31/2017,9203,7.548733044
10/31/2017,9204,7.548748714
10/31/2017,9205,7.548764385
10/31/2017,9206,7.548780055
10/31/2017,9207,7.548795725
10/31/2017,9208,7.548811396
10/31/2017,9209,7.548827066
10/31/2017,9210,7.548842736
10/31/2017,9211,7.548858407
10/31/2017,9212,7.548874077
10/31/2017,9213,7.548889747
10/31/2017,9214,7.548905418
10/31/2017,9215,7.548921088
10/31/2017,9216,7.548936758
10/31/2017,9217,7.548952429
10/31/2017,9218,7.548968099
10/31/2017,9219,7.548983769
10/31/2017,9220,7.54899944
10/31/2017,9221,7.54901511
10/31/2017,9222,7.54903078
10/31/2017,9223,7.549046451
10/31/2017,9224,7.549062121
10/31/2017,9225,7.549077791
10/31/2017,9226,7.549093462
10/31/2017,9227,7.549109132
10/31/2017,9228,7.549124802
10/31/2017,9229,7.549140473
10/31/2017,9230,7.549156143
10/31/2017,9231,7.549171813
10/31/2017,9232,7.549187484
10/31/2017,9233,7.549203154
10/31/2017,9234,7.549218824
10/31/2017,9235,7.549234495
10/31/2017,9236,7.549250165
10/31/2017,9237,7.549265835
10/31/2017,9238,7.549281505
10/31/2017,9239,7.549297176
10/31/2017,9240,7.549312846
10/31/2017,9241,7.549328516
10/31/2017,9242,7.549344187
10/31/2017,9243,7.549359857
10/31/2017,9244,7.549375527
10/31/2017,9245,7.549391198
10/31/2017,9246,7.549406868
10/31/2017,9247,7.549422538
10/31/2017,9248,7.549438209
10/31/2017,9249,7.549453879
10/31/2017,9250,7.549469549
10/31/2017,9251,7.54948522
10/31/2017,9252,7.54950089
10/31/2017,9253,7.54951656
10/31/2017,9254,7.549532231
10/31/2017,9255,7.549547901
10/31/2017,9256,7.549563571
10/31/2017,9257,7.549579242
10/31/2017,9258,7.549594912
10/31/2017,9259,7.549610582
10/31/2017,9260,7.549626253
10/31/2017,9261,7.549641923
10/31/2017,9262,7.549657593
10/31/2017,9263,7.549673264
10/31/2017,9264,7.549688934
10/31/2017,9265,7.549704604
10/31/2017,9266,7.549720275
10/31/2017,9267,7.549735945
10/31/2017,9268,7.549751615
10/31/2017,9269,7.549767286
10/31/2017,9270,7.549782956
10/31/2017,9271,7.549798626
10/31/2017,9272,7.549814297
10/31/2017,9273,7.549829967
10/31/2017,9274,7.549845637
10/31/2017,9275,7.549861308
10/31/2017,9276,7.549876978
10/31/2017,9277,7.549892648
10/31/2017,9278,7.549908319
10/31/2017,9279,7.549923989
10/31/2017,9280,7.549939659
10/31/2017,9281,7.54995533
10/31/2017,9282,7.549971
10/31/2017,9283,7.54998461
10/31/2017,9284,7.54999822
10/31/2017,9285,7.55001183
10/31/2017,9286,7.55002544
10/31/2017,9287,7.550039049
10/31/2017,9288,7.550052659
10/31/2017,9289,7.550066269
10/31/2017,9290,7.550079879
10/31/2017,9291,7.550093489
10/31/2017,9292,7.550107099
10/31/2017,9293,7.550120709
10/31/2017,9294,7.550134319
10/31/2017,9295,7.550147929
10/31/2017,9296,7.550161538
10/31/2017,9297,7.550175148
10/31/2017,9298,7.550188758
10/31/2017,9299,7.550202368
10/31/2017,9300,7.550215978
10/31/2017,9301,7.550229588
10/31/2017,9302,7.550243198
10/31/2017,9303,7.550256808
10/31/2017,9304,7.550270418
10/31/2017,9305,7.550284027
10/31/2017,9306,7.550297637
10/31/2017,9307,7.550311247
10/31/2017,9308,7.550324857
10/31/2017,9309,7.550338467
10/31/2017,9310,7.550352077
10/31/2017,9311,7.550365687
10/31/2017,9312,7.550379297
10/31/2017,9313,7.550392907
10/31/2017,9314,7.550406516
10/31/2017,9315,7.550420126
10/31/2017,9316,7.550433736
10/31/2017,9317,7.550447346
10/31/2017,9318,7.550460956
10/31/2017,9319,7.550474566
10/31/2017,9320,7.550488176
10/31/2017,9321,7.550501786
10/31/2017,9322,7.550515396
10/31/2017,9323,7.550529005
10/31/2017,9324,7.550542615
10/31/2017,9325,7.550556225
10/31/2017,9326,7.550569835
10/31/2017,9327,7.550583445
10/31/2017,9328,7.550597055
10/31/2017,9329,7.550610665
10/31/2017,9330,7.550624275
10/31/2017,9331,7.550637885
10/31/2017,9332,7.550651495
10/31/2017,9333,7.550665104
10/31/2017,9334,7.550678714
10/31/2017,9335,7.550692324
10/31/2017,9336,7.550705934
10/31/2017,9337,7.550719544
10/31/2017,9338,7.550733154
10/31/2017,9339,7.550746764
10/31/2017,9340,7.550760374
10/31/2017,9341,7.550773984
10/31/2017,9342,7.550787593
10/31/2017,9343,7.550801203
10/31/2017,9344,7.550814813
10/31/2017,9345,7.550828423
10/31/2017,9346,7.550842033
10/31/2017,9347,7.550855643
10/31/2017,9348,7.550869253
10/31/2017,9349,7.550882863
10/31/2017,9350,7.550896473
10/31/2017,9351,7.550910082
10/31/2017,9352,7.550923692
10/31/2017,9353,7.550937302
10/31/2017,9354,7.550950912
10/31/2017,9355,7.550964522
10/31/2017,9356,7.550978132
10/31/2017,9357,7.550991742
10/31/2017,9358,7.551005352
10/31/2017,9359,7.551018962
10/31/2017,9360,7.551032571
10/31/2017,9361,7.551046181
10/31/2017,9362,7.551059791
10/31/2017,9363,7.551073401
10/31/2017,9364,7.551087011
10/31/2017,9365,7.551100621
10/31/2017,9366,7.551114231
10/31/2017,9367,7.551127841
10/31/2017,9368,7.551141451
10/31/2017,9369,7.55115506
10/31/2017,9370,7.55116867
10/31/2017,9371,7.55118228
10/31/2017,9372,7.55119589
10/31/2017,9373,7.5512095
10/31/2017,9374,7.55122311
10/31/2017,9375,7.55123672
10/31/2017,9376,7.55125033
10/31/2017,9377,7.55126394
10/31/2017,9378,7.551277549
10/31/2017,9379,7.551291159
10/31/2017,9380,7.551304769
10/31/2017,9381,7.551318379
10/31/2017,9382,7.551331989
10/31/2017,9383,7.551345599
10/31/2017,9384,7.551359209
10/31/2017,9385,7.551372819
10/31/2017,9386,7.551386429
10/31/2017,9387,7.551400038
10/31/2017,9388,7.551413648
10/31/2017,9389,7.551427258
10/31/2017,9390,7.551440868
10/31/2017,9391,7.551454478
10/31/2017,9392,7.551468088
10/31/2017,9393,7.551481698
10/31/2017,9394,7.551495308
10/31/2017,9395,7.551508918
10/31/2017,9396,7.551522527
10/31/2017,9397,7.551536137
10/31/2017,9398,7.551549747
10/31/2017,9399,7.551563357
10/31/2017,9400,7.551576967
10/31/2017,9401,7.551590577
10/31/2017,9402,7.551604187
10/31/2017,9403,7.551617797
10/31/2017,9404,7.551631407
10/31/2017,9405,7.551645016
10/31/2017,9406,7.551658626
10/31/2017,9407,7.551672236
10/31/2017,9408,7.551685846
10/31/2017,9409,7.551699456
10/31/2017,9410,7.551713066
10/31/2017,9411,7.551726676
10/31/2017,9412,7.551740286
10/31/2017,9413,7.551753896
10/31/2017,9414,7.551767505
10/31/2017,9415,7.551781115
10/31/2017,9416,7.551794725
10/31/2017,9417,7.551808335
10/31/2017,9418,7.551821945
10/31/2017,9419,7.551835555
10/31/2017,9420,7.551849165
10/31/2017,9421,7.551862775
10/31/2017,9422,7.551876385
10/31/2017,9423,7.551889995
10/31/2017,9424,7.551903604
10/31/2017,9425,7.551917214
10/31/2017,9426,7.551930824
10/31/2017,9427,7.551944434
10/31/2017,9428,7.551958044
10/31/2017,9429,7.551971654
10/31/2017,9430,7.551985264
10/31/2017,9431,7.551998874
10/31/2017,9432,7.552012484
10/31/2017,9433,7.552026093
10/31/2017,9434,7.552039703
10/31/2017,9435,7.552053313
10/31/2017,9436,7.552066923
10/31/2017,9437,7.552080533
10/31/2017,9438,7.552094143
10/31/2017,9439,7.552107753
10/31/2017,9440,7.552121363
10/31/2017,9441,7.552134973
10/31/2017,9442,7.552148582
10/31/2017,9443,7.552162192
10/31/2017,9444,7.552175802
10/31/2017,9445,7.552189412
10/31/2017,9446,7.552203022
10/31/2017,9447,7.552216632
10/31/2017,9448,7.552230242
10/31/2017,9449,7.552243852
10/31/2017,9450,7.552257462
10/31/2017,9451,7.552271071
10/31/2017,9452,7.552284681
10/31/2017,9453,7.552298291
10/31/2017,9454,7.552311901
10/31/2017,9455,7.552325511
10/31/2017,9456,7.552339121
10/31/2017,9457,7.552352731
10/31/2017,9458,7.552366341
10/31/2017,9459,7.552379951
10/31/2017,9460,7.55239356
10/31/2017,9461,7.55240717
10/31/2017,9462,7.55242078
10/31/2017,9463,7.55243439
10/31/2017,9464,7.552448
10/31/2017,9465,7.552461104
10/31/2017,9466,7.552474209
10/31/2017,9467,7.552487313
10/31/2017,9468,7.552500418
10/31/2017,9469,7.552513522
10/31/2017,9470,7.552526626
10/31/2017,9471,7.552539731
10/31/2017,9472,7.552552835
10/31/2017,9473,7.55256594
10/31/2017,9474,7.552579044
10/31/2017,9475,7.552592148
10/31/2017,9476,7.552605253
10/31/2017,9477,7.552618357
10/31/2017,9478,7.552631462
10/31/2017,9479,7.552644566
10/31/2017,9480,7.55265767
10/31/2017,9481,7.552670775
10/31/2017,9482,7.552683879
10/31/2017,9483,7.552696984
10/31/2017,9484,7.552710088
10/31/2017,9485,7.552723192
10/31/2017,9486,7.552736297
10/31/2017,9487,7.552749401
10/31/2017,9488,7.552762505
10/31/2017,9489,7.55277561
10/31/2017,9490,7.552788714
10/31/2017,9491,7.552801819
10/31/2017,9492,7.552814923
10/31/2017,9493,7.552828027
10/31/2017,9494,7.552841132
10/31/2017,9495,7.552854236
10/31/2017,9496,7.552867341
10/31/2017,9497,7.552880445
10/31/2017,9498,7.552893549
10/31/2017,9499,7.552906654
10/31/2017,9500,7.552919758
10/31/2017,9501,7.552932863
10/31/2017,9502,7.552945967
10/31/2017,9503,7.552959071
10/31/2017,9504,7.552972176
10/31/2017,9505,7.55298528
10/31/2017,9506,7.552998385
10/31/2017,9507,7.553011489
10/31/2017,9508,7.553024593
10/31/2017,9509,7.553037698
10/31/2017,9510,7.553050802
10/31/2017,9511,7.553063907
10/31/2017,9512,7.553077011
10/31/2017,9513,7.553090115
10/31/2017,9514,7.55310322
10/31/2017,9515,7.553116324
10/31/2017,9516,7.553129429
10/31/2017,9517,7.553142533
10/31/2017,9518,7.553155637
10/31/2017,9519,7.553168742
10/31/2017,9520,7.553181846
10/31/2017,9521,7.553194951
10/31/2017,9522,7.553208055
10/31/2017,9523,7.553221159
10/31/2017,9524,7.553234264
10/31/2017,9525,7.553247368
10/31/2017,9526,7.553260473
10/31/2017,9527,7.553273577
10/31/2017,9528,7.553286681
10/31/2017,9529,7.553299786
10/31/2017,9530,7.55331289
10/31/2017,9531,7.553325995
10/31/2017,9532,7.553339099
10/31/2017,9533,7.553352203
10/31/2017,9534,7.553365308
10/31/2017,9535,7.553378412
10/31/2017,9536,7.553391516
10/31/2017,9537,7.553404621
10/31/2017,9538,7.553417725
10/31/2017,9539,7.55343083
10/31/2017,9540,7.553443934
10/31/2017,9541,7.553457038
10/31/2017,9542,7.553470143
10/31/2017,9543,7.553483247
10/31/2017,9544,7.553496352
10/31/2017,9545,7.553509456
10/31/2017,9546,7.55352256
10/31/2017,9547,7.553535665
10/31/2017,9548,7.553548769
10/31/2017,9549,7.553561874
10/31/2017,9550,7.553574978
10/31/2017,9551,7.553588082
10/31/2017,9552,7.553601187
10/31/2017,9553,7.553614291
10/31/2017,9554,7.553627396
10/31/2017,9555,7.5536405
10/31/2017,9556,7.553653604
10/31/2017,9557,7.553666709
10/31/2017,9558,7.553679813
10/31/2017,9559,7.553692918
10/31/2017,9560,7.553706022
10/31/2017,9561,7.553719126
10/31/2017,9562,7.553732231
10/31/2017,9563,7.553745335
10/31/2017,9564,7.55375844
10/31/2017,9565,7.553771544
10/31/2017,9566,7.553784648
10/31/2017,9567,7.553797753
10/31/2017,9568,7.553810857
10/31/2017,9569,7.553823962
10/31/2017,9570,7.553837066
10/31/2017,9571,7.55385017
10/31/2017,9572,7.553863275
10/31/2017,9573,7.553876379
10/31/2017,9574,7.553889484
10/31/2017,9575,7.553902588
10/31/2017,9576,7.553915692
10/31/2017,9577,7.553928797
10/31/2017,9578,7.553941901
10/31/2017,9579,7.553955005
10/31/2017,9580,7.55396811
10/31/2017,9581,7.553981214
10/31/2017,9582,7.553994319
10/31/2017,9583,7.554007423
10/31/2017,9584,7.554020527
10/31/2017,9585,7.554033632
10/31/2017,9586,7.554046736
10/31/2017,9587,7.554059841
10/31/2017,9588,7.554072945
10/31/2017,9589,7.554086049
10/31/2017,9590,7.554099154
10/31/2017,9591,7.554112258
10/31/2017,9592,7.554125363
10/31/2017,9593,7.554138467
10/31/2017,9594,7.554151571
10/31/2017,9595,7.554164676
10/31/2017,9596,7.55417778
10/31/2017,9597,7.554190885
10/31/2017,9598,7.554203989
10/31/2017,9599,7.554217093
10/31/2017,9600,7.554230198
10/31/2017,9601,7.554243302
10/31/2017,9602,7.554256407
10/31/2017,9603,7.554269511
10/31/2017,9604,7.554282615
10/31/2017,9605,7.55429572
10/31/2017,9606,7.554308824
10/31/2017,9607,7.554321929
10/31/2017,9608,7.554335033
10/31/2017,9609,7.554348137
10/31/2017,9610,7.554361242
10/31/2017,9611,7.554374346
10/31/2017,9612,7.554387451
10/31/2017,9613,7.554400555
10/31/2017,9614,7.554413659
10/31/2017,9615,7.554426764
10/31/2017,9616,7.554439868
10/31/2017,9617,7.554452973
10/31/2017,9618,7.554466077
10/31/2017,9619,7.554479181
10/31/2017,9620,7.554492286
10/31/2017,9621,7.55450539
10/31/2017,9622,7.554518495
10/31/2017,9623,7.554531599
10/31/2017,9624,7.554544703
10/31/2017,9625,7.554557808
10/31/2017,9626,7.554570912
10/31/2017,9627,7.554584016
10/31/2017,9628,7.554597121
10/31/2017,9629,7.554610225
10/31/2017,9630,7.55462333
10/31/2017,9631,7.554636434
10/31/2017,9632,7.554649538
10/31/2017,9633,7.554662643
10/31/2017,9634,7.554675747
10/31/2017,9635,7.554688852
10/31/2017,9636,7.554701956
10/31/2017,9637,7.55471506
10/31/2017,9638,7.554728165
10/31/2017,9639,7.554741269
10/31/2017,9640,7.554754374
10/31/2017,9641,7.554767478
10/31/2017,9642,7.554780582
10/31/2017,9643,7.554793687
10/31/2017,9644,7.554806791
10/31/2017,9645,7.554819896
10/31/2017,9646,7.554833
10/31/2017,9647,7.55484567
10/31/2017,9648,7.554858341
10/31/2017,9649,7.554871011
10/31/2017,9650,7.554883681
10/31/2017,9651,7.554896352
10/31/2017,9652,7.554909022
10/31/2017,9653,7.554921692
10/31/2017,9654,7.554934363
10/31/2017,9655,7.554947033
10/31/2017,9656,7.554959703
10/31/2017,9657,7.554972374
10/31/2017,9658,7.554985044
10/31/2017,9659,7.554997714
10/31/2017,9660,7.555010385
10/31/2017,9661,7.555023055
10/31/2017,9662,7.555035725
10/31/2017,9663,7.555048396
10/31/2017,9664,7.555061066
10/31/2017,9665,7.555073736
10/31/2017,9666,7.555086407
10/31/2017,9667,7.555099077
10/31/2017,9668,7.555111747
10/31/2017,9669,7.555124418
10/31/2017,9670,7.555137088
10/31/2017,9671,7.555149758
10/31/2017,9672,7.555162429
10/31/2017,9673,7.555175099
10/31/2017,9674,7.555187769
10/31/2017,9675,7.55520044
10/31/2017,9676,7.55521311
10/31/2017,9677,7.55522578
10/31/2017,9678,7.555238451
10/31/2017,9679,7.555251121
10/31/2017,9680,7.555263791
10/31/2017,9681,7.555276462
10/31/2017,9682,7.555289132
10/31/2017,9683,7.555301802
10/31/2017,9684,7.555314473
10/31/2017,9685,7.555327143
10/31/2017,9686,7.555339813
10/31/2017,9687,7.555352484
10/31/2017,9688,7.555365154
10/31/2017,9689,7.555377824
10/31/2017,9690,7.555390495
10/31/2017,9691,7.555403165
10/31/2017,9692,7.555415835
10/31/2017,9693,7.555428505
10/31/2017,9694,7.555441176
10/31/2017,9695,7.555453846
10/31/2017,9696,7.555466516
10/31/2017,9697,7.555479187
10/31/2017,9698,7.555491857
10/31/2017,9699,7.555504527
10/31/2017,9700,7.555517198
10/31/2017,9701,7.555529868
10/31/2017,9702,7.555542538
10/31/2017,9703,7.555555209
10/31/2017,9704,7.555567879
10/31/2017,9705,7.555580549
10/31/2017,9706,7.55559322
10/31/2017,9707,7.55560589
10/31/2017,9708,7.55561856
10/31/2017,9709,7.555631231
10/31/2017,9710,7.555643901
10/31/2017,9711,7.555656571
10/31/2017,9712,7.555669242
10/31/2017,9713,7.555681912
10/31/2017,9714,7.555694582
10/31/2017,9715,7.555707253
10/31/2017,9716,7.555719923
10/31/2017,9717,7.555732593
10/31/2017,9718,7.555745264
10/31/2017,9719,7.555757934
10/31/2017,9720,7.555770604
10/31/2017,9721,7.555783275
10/31/2017,9722,7.555795945
10/31/2017,9723,7.555808615
10/31/2017,9724,7.555821286
10/31/2017,9725,7.555833956
10/31/2017,9726,7.555846626
10/31/2017,9727,7.555859297
10/31/2017,9728,7.555871967
10/31/2017,9729,7.555884637
10/31/2017,9730,7.555897308
10/31/2017,9731,7.555909978
10/31/2017,9732,7.555922648
10/31/2017,9733,7.555935319
10/31/2017,9734,7.555947989
10/31/2017,9735,7.555960659
10/31/2017,9736,7.55597333
10/31/2017,9737,7.555986
10/31/2017,9738,7.55599867
10/31/2017,9739,7.556011341
10/31/2017,9740,7.556024011
10/31/2017,9741,7.556036681
10/31/2017,9742,7.556049352
10/31/2017,9743,7.556062022
10/31/2017,9744,7.556074692
10/31/2017,9745,7.556087363
10/31/2017,9746,7.556100033
10/31/2017,9747,7.556112703
10/31/2017,9748,7.556125374
10/31/2017,9749,7.556138044
10/31/2017,9750,7.556150714
10/31/2017,9751,7.556163385
10/31/2017,9752,7.556176055
10/31/2017,9753,7.556188725
10/31/2017,9754,7.556201396
10/31/2017,9755,7.556214066
10/31/2017,9756,7.556226736
10/31/2017,9757,7.556239407
10/31/2017,9758,7.556252077
10/31/2017,9759,7.556264747
10/31/2017,9760,7.556277418
10/31/2017,9761,7.556290088
10/31/2017,9762,7.556302758
10/31/2017,9763,7.556315429
10/31/2017,9764,7.556328099
10/31/2017,9765,7.556340769
10/31/2017,9766,7.55635344
10/31/2017,9767,7.55636611
10/31/2017,9768,7.55637878
10/31/2017,9769,7.556391451
10/31/2017,9770,7.556404121
10/31/2017,9771,7.556416791
10/31/2017,9772,7.556429462
10/31/2017,9773,7.556442132
10/31/2017,9774,7.556454802
10/31/2017,9775,7.556467473
10/31/2017,9776,7.556480143
10/31/2017,9777,7.556492813
10/31/2017,9778,7.556505484
10/31/2017,9779,7.556518154
10/31/2017,9780,7.556530824
10/31/2017,9781,7.556543495
10/31/2017,9782,7.556556165
10/31/2017,9783,7.556568835
10/31/2017,9784,7.556581505
10/31/2017,9785,7.556594176
10/31/2017,9786,7.556606846
10/31/2017,9787,7.556619516
10/31/2017,9788,7.556632187
10/31/2017,9789,7.556644857
10/31/2017,9790,7.556657527
10/31/2017,9791,7.556670198
10/31/2017,9792,7.556682868
10/31/2017,9793,7.556695538
10/31/2017,9794,7.556708209
10/31/2017,9795,7.556720879
10/31/2017,9796,7.556733549
10/31/2017,9797,7.55674622
10/31/2017,9798,7.55675889
10/31/2017,9799,7.55677156
10/31/2017,9800,7.556784231
10/31/2017,9801,7.556796901
10/31/2017,9802,7.556809571
10/31/2017,9803,7.556822242
10/31/2017,9804,7.556834912
10/31/2017,9805,7.556847582
10/31/2017,9806,7.556860253
10/31/2017,9807,7.556872923
10/31/2017,9808,7.556885593
10/31/2017,9809,7.556898264
10/31/2017,9810,7.556910934
10/31/2017,9811,7.556923604
10/31/2017,9812,7.556936275
10/31/2017,9813,7.556948945
10/31/2017,9814,7.556961615
10/31/2017,9815,7.556974286
10/31/2017,9816,7.556986956
10/31/2017,9817,7.556999626
10/31/2017,9818,7.557012297
10/31/2017,9819,7.557024967
10/31/2017,9820,7.557037637
10/31/2017,9821,7.557050308
10/31/2017,9822,7.557062978
10/31/2017,9823,7.557075648
10/31/2017,9824,7.557088319
10/31/2017,9825,7.557100989
10/31/2017,9826,7.557113659
10/31/2017,9827,7.55712633
10/31/2017,9828,7.557139
10/31/2017,9829,7.557151247
10/31/2017,9830,7.557163495
10/31/2017,9831,7.557175742
10/31/2017,9832,7.557187989
10/31/2017,9833,7.557200236
10/31/2017,9834,7.557212484
10/31/2017,9835,7.557224731
10/31/2017,9836,7.557236978
10/31/2017,9837,7.557249225
10/31/2017,9838,7.557261473
10/31/2017,9839,7.55727372
10/31/2017,9840,7.557285967
10/31/2017,9841,7.557298214
10/31/2017,9842,7.557310462
10/31/2017,9843,7.557322709
10/31/2017,9844,7.557334956
10/31/2017,9845,7.557347203
10/31/2017,9846,7.557359451
10/31/2017,9847,7.557371698
10/31/2017,9848,7.557383945
10/31/2017,9849,7.557396192
10/31/2017,9850,7.55740844
10/31/2017,9851,7.557420687
10/31/2017,9852,7.557432934
10/31/2017,9853,7.557445181
10/31/2017,9854,7.557457429
10/31/2017,9855,7.557469676
10/31/2017,9856,7.557481923
10/31/2017,9857,7.55749417
10/31/2017,9858,7.557506418
10/31/2017,9859,7.557518665
10/31/2017,9860,7.557530912
10/31/2017,9861,7.557543159
10/31/2017,9862,7.557555407
10/31/2017,9863,7.557567654
10/31/2017,9864,7.557579901
10/31/2017,9865,7.557592148
10/31/2017,9866,7.557604396
10/31/2017,9867,7.557616643
10/31/2017,9868,7.55762889
10/31/2017,9869,7.557641137
10/31/2017,9870,7.557653385
10/31/2017,9871,7.557665632
10/31/2017,9872,7.557677879
10/31/2017,9873,7.557690126
10/31/2017,9874,7.557702374
10/31/2017,9875,7.557714621
10/31/2017,9876,7.557726868
10/31/2017,9877,7.557739115
10/31/2017,9878,7.557751363
10/31/2017,9879,7.55776361
10/31/2017,9880,7.557775857
10/31/2017,9881,7.557788104
10/31/2017,9882,7.557800352
10/31/2017,9883,7.557812599
10/31/2017,9884,7.557824846
10/31/2017,9885,7.557837093
10/31/2017,9886,7.557849341
10/31/2017,9887,7.557861588
10/31/2017,9888,7.557873835
10/31/2017,9889,7.557886082
10/31/2017,9890,7.55789833
10/31/2017,9891,7.557910577
10/31/2017,9892,7.557922824
10/31/2017,9893,7.557935071
10/31/2017,9894,7.557947319
10/31/2017,9895,7.557959566
10/31/2017,9896,7.557971813
10/31/2017,9897,7.55798406
10/31/2017,9898,7.557996308
10/31/2017,9899,7.558008555
10/31/2017,9900,7.558020802
10/31/2017,9901,7.558033049
10/31/2017,9902,7.558045297
10/31/2017,9903,7.558057544
10/31/2017,9904,7.558069791
10/31/2017,9905,7.558082038
10/31/2017,9906,7.558094286
10/31/2017,9907,7.558106533
10/31/2017,9908,7.55811878
10/31/2017,9909,7.558131027
10/31/2017,9910,7.558143275
10/31/2017,9911,7.558155522
10/31/2017,9912,7.558167769
10/31/2017,9913,7.558180016
10/31/2017,9914,7.558192264
10/31/2017,9915,7.558204511
10/31/2017,9916,7.558216758
10/31/2017,9917,7.558229005
10/31/2017,9918,7.558241253
10/31/2017,9919,7.5582535
10/31/2017,9920,7.558265747
10/31/2017,9921,7.558277995
10/31/2017,9922,7.558290242
10/31/2017,9923,7.558302489
10/31/2017,9924,7.558314736
10/31/2017,9925,7.558326984
10/31/2017,9926,7.558339231
10/31/2017,9927,7.558351478
10/31/2017,9928,7.558363725
10/31/2017,9929,7.558375973
10/31/2017,9930,7.55838822
10/31/2017,9931,7.558400467
10/31/2017,9932,7.558412714
10/31/2017,9933,7.558424962
10/31/2017,9934,7.558437209
10/31/2017,9935,7.558449456
10/31/2017,9936,7.558461703
10/31/2017,9937,7.558473951
10/31/2017,9938,7.558486198
10/31/2017,9939,7.558498445
10/31/2017,9940,7.558510692
10/31/2017,9941,7.55852294
10/31/2017,9942,7.558535187
10/31/2017,9943,7.558547434
10/31/2017,9944,7.558559681
10/31/2017,9945,7.558571929
10/31/2017,9946,7.558584176
10/31/2017,9947,7.558596423
10/31/2017,9948,7.55860867
10/31/2017,9949,7.558620918
10/31/2017,9950,7.558633165
10/31/2017,9951,7.558645412
10/31/2017,9952,7.558657659
10/31/2017,9953,7.558669907
10/31/2017,9954,7.558682154
10/31/2017,9955,7.558694401
10/31/2017,9956,7.558706648
10/31/2017,9957,7.558718896
10/31/2017,9958,7.558731143
10/31/2017,9959,7.55874339
10/31/2017,9960,7.558755637
10/31/2017,9961,7.558767885
10/31/2017,9962,7.558780132
10/31/2017,9963,7.558792379
10/31/2017,9964,7.558804626
10/31/2017,9965,7.558816874
10/31/2017,9966,7.558829121
10/31/2017,9967,7.558841368
10/31/2017,9968,7.558853615
10/31/2017,9969,7.558865863
10/31/2017,9970,7.55887811
10/31/2017,9971,7.558890357
10/31/2017,9972,7.558902604
10/31/2017,9973,7.558914852
10/31/2017,9974,7.558927099
10/31/2017,9975,7.558939346
10/31/2017,9976,7.558951593
10/31/2017,9977,7.558963841
10/31/2017,9978,7.558976088
10/31/2017,9979,7.558988335
10/31/2017,9980,7.559000582
10/31/2017,9981,7.55901283
10/31/2017,9982,7.559025077
10/31/2017,9983,7.559037324
10/31/2017,9984,7.559049571
10/31/2017,9985,7.559061819
10/31/2017,9986,7.559074066
10/31/2017,9987,7.559086313
10/31/2017,9988,7.55909856
10/31/2017,9989,7.559110808
10/31/2017,9990,7.559123055
10/31/2017,9991,7.559135302
10/31/2017,9992,7.559147549
10/31/2017,9993,7.559159797
10/31/2017,9994,7.559172044
10/31/2017,9995,7.559184291
10/31/2017,9996,7.559196538
10/31/2017,9997,7.559208786
10/31/2017,9998,7.559221033
10/31/2017,9999,7.55923328
10/31/2017,10000,7.559245527
10/31/2017,10001,7.559257775
10/31/2017,10002,7.559270022
10/31/2017,10003,7.559282269
10/31/2017,10004,7.559294516
10/31/2017,10005,7.559306764
10/31/2017,10006,7.559319011
10/31/2017,10007,7.559331258
10/31/2017,10008,7.559343505
10/31/2017,10009,7.559355753
10/31/2017,10010,7.559368
10/31/2017,10011,7.559368538
10/31/2017,10012,7.559369077
10/31/2017,10013,7.559369615
10/31/2017,10014,7.559370154
10/31/2017,10015,7.559370692
10/31/2017,10016,7.559371231
10/31/2017,10017,7.559371769
10/31/2017,10018,7.559372308
10/31/2017,10019,7.559372846
10/31/2017,10020,7.559373385
10/31/2017,10021,7.559373923
10/31/2017,10022,7.559374462
10/31/2017,10023,7.559375
10/31/2017,10024,7.559375538
10/31/2017,10025,7.559376077
10/31/2017,10026,7.559376615
10/31/2017,10027,7.559377154
10/31/2017,10028,7.559377692
10/31/2017,10029,7.559378231
10/31/2017,10030,7.559378769
10/31/2017,10031,7.559379308
10/31/2017,10032,7.559379846
10/31/2017,10033,7.559380385
10/31/2017,10034,7.559380923
10/31/2017,10035,7.559381462
10/31/2017,10036,7.559382
10/31/2017,10037,7.559382538
10/31/2017,10038,7.559383077
10/31/2017,10039,7.559383615
10/31/2017,10040,7.559384154
10/31/2017,10041,7.559384692
10/31/2017,10042,7.559385231
10/31/2017,10043,7.559385769
10/31/2017,10044,7.559386308
10/31/2017,10045,7.559386846
10/31/2017,10046,7.559387385
10/31/2017,10047,7.559387923
10/31/2017,10048,7.559388462
10/31/2017,10049,7.559389
10/31/2017,10050,7.559389538
10/31/2017,10051,7.559390077
10/31/2017,10052,7.559390615
10/31/2017,10053,7.559391154
10/31/2017,10054,7.559391692
10/31/2017,10055,7.559392231
10/31/2017,10056,7.559392769
10/31/2017,10057,7.559393308
10/31/2017,10058,7.559393846
10/31/2017,10059,7.559394385
10/31/2017,10060,7.559394923
10/31/2017,10061,7.559395462
10/31/2017,10062,7.559396
10/31/2017,10063,7.559396538
10/31/2017,10064,7.559397077
10/31/2017,10065,7.559397615
10/31/2017,10066,7.559398154
10/31/2017,10067,7.559398692
10/31/2017,10068,7.559399231
10/31/2017,10069,7.559399769
10/31/2017,10070,7.559400308
10/31/2017,10071,7.559400846
10/31/2017,10072,7.559401385
10/31/2017,10073,7.559401923
10/31/2017,10074,7.559402462
10/31/2017,10075,7.559403
10/31/2017,10076,7.559403538
10/31/2017,10077,7.559404077
10/31/2017,10078,7.559404615
10/31/2017,10079,7.559405154
10/31/2017,10080,7.559405692
10/31/2017,10081,7.559406231
10/31/2017,10082,7.559406769
10/31/2017,10083,7.559407308
10/31/2017,10084,7.559407846
10/31/2017,10085,7.559408385
10/31/2017,10086,7.559408923
10/31/2017,10087,7.559409462
10/31/2017,10088,7.55941
10/31/2017,10089,7.559410538
10/31/2017,10090,7.559411077
10/31/2017,10091,7.559411615
10/31/2017,10092,7.559412154
10/31/2017,10093,7.559412692
10/31/2017,10094,7.559413231
10/31/2017,10095,7.559413769
10/31/2017,10096,7.559414308
10/31/2017,10097,7.559414846
10/31/2017,10098,7.559415385
10/31/2017,10099,7.559415923
10/31/2017,10100,7.559416462
10/31/2017,10101,7.559417
10/31/2017,10102,7.559417538
10/31/2017,10103,7.559418077
10/31/2017,10104,7.559418615
10/31/2017,10105,7.559419154
10/31/2017,10106,7.559419692
10/31/2017,10107,7.559420231
10/31/2017,10108,7.559420769
10/31/2017,10109,7.559421308
10/31/2017,10110,7.559421846
10/31/2017,10111,7.559422385
10/31/2017,10112,7.559422923
10/31/2017,10113,7.559423462
10/31/2017,10114,7.559424
10/31/2017,10115,7.559424538
10/31/2017,10116,7.559425077
10/31/2017,10117,7.559425615
10/31/2017,10118,7.559426154
10/31/2017,10119,7.559426692
10/31/2017,10120,7.559427231
10/31/2017,10121,7.559427769
10/31/2017,10122,7.559428308
10/31/2017,10123,7.559428846
10/31/2017,10124,7.559429385
10/31/2017,10125,7.559429923
10/31/2017,10126,7.559430462
10/31/2017,10127,7.559431
10/31/2017,10128,7.559431538
10/31/2017,10129,7.559432077
10/31/2017,10130,7.559432615
10/31/2017,10131,7.559433154
10/31/2017,10132,7.559433692
10/31/2017,10133,7.559434231
10/31/2017,10134,7.559434769
10/31/2017,10135,7.559435308
10/31/2017,10136,7.559435846
10/31/2017,10137,7.559436385
10/31/2017,10138,7.559436923
10/31/2017,10139,7.559437462
10/31/2017,10140,7.559438
10/31/2017,10141,7.559438538
10/31/2017,10142,7.559439077
10/31/2017,10143,7.559439615
10/31/2017,10144,7.559440154
10/31/2017,10145,7.559440692
10/31/2017,10146,7.559441231
10/31/2017,10147,7.559441769
10/31/2017,10148,7.559442308
10/31/2017,10149,7.559442846
10/31/2017,10150,7.559443385
10/31/2017,10151,7.559443923
10/31/2017,10152,7.559444462
10/31/2017,10153,7.559445
10/31/2017,10154,7.559445538
10/31/2017,10155,7.559446077
10/31/2017,10156,7.559446615
10/31/2017,10157,7.559447154
10/31/2017,10158,7.559447692
10/31/2017,10159,7.559448231
10/31/2017,10160,7.559448769
10/31/2017,10161,7.559449308
10/31/2017,10162,7.559449846
10/31/2017,10163,7.559450385
10/31/2017,10164,7.559450923
10/31/2017,10165,7.559451462
10/31/2017,10166,7.559452
10/31/2017,10167,7.559452538
10/31/2017,10168,7.559453077
10/31/2017,10169,7.559453615
10/31/2017,10170,7.559454154
10/31/2017,10171,7.559454692
10/31/2017,10172,7.559455231
10/31/2017,10173,7.559455769
10/31/2017,10174,7.559456308
10/31/2017,10175,7.559456846
10/31/2017,10176,7.559457385
10/31/2017,10177,7.559457923
10/31/2017,10178,7.559458462
10/31/2017,10179,7.559459
10/31/2017,10180,7.559459538
10/31/2017,10181,7.559460077
10/31/2017,10182,7.559460615
10/31/2017,10183,7.559461154
10/31/2017,10184,7.559461692
10/31/2017,10185,7.559462231
10/31/2017,10186,7.559462769
10/31/2017,10187,7.559463308
10/31/2017,10188,7.559463846
10/31/2017,10189,7.559464385
10/31/2017,10190,7.559464923
10/31/2017,10191,7.559465462
10/31/2017,10192,7.559466
10/31/2017,10193,7.559477681
10/31/2017,10194,7.559489363
10/31/2017,10195,7.559501044
10/31/2017,10196,7.559512725
10/31/2017,10197,7.559524407
10/31/2017,10198,7.559536088
10/31/2017,10199,7.559547769
10/31/2017,10200,7.559559451
10/31/2017,10201,7.559571132
10/31/2017,10202,7.559582813
10/31/2017,10203,7.559594495
10/31/2017,10204,7.559606176
10/31/2017,10205,7.559617857
10/31/2017,10206,7.559629538
10/31/2017,10207,7.55964122
10/31/2017,10208,7.559652901
10/31/2017,10209,7.559664582
10/31/2017,10210,7.559676264
10/31/2017,10211,7.559687945
10/31/2017,10212,7.559699626
10/31/2017,10213,7.559711308
10/31/2017,10214,7.559722989
10/31/2017,10215,7.55973467
10/31/2017,10216,7.559746352
10/31/2017,10217,7.559758033
10/31/2017,10218,7.559769714
10/31/2017,10219,7.559781396
10/31/2017,10220,7.559793077
10/31/2017,10221,7.559804758
10/31/2017,10222,7.55981644
10/31/2017,10223,7.559828121
10/31/2017,10224,7.559839802
10/31/2017,10225,7.559851484
10/31/2017,10226,7.559863165
10/31/2017,10227,7.559874846
10/31/2017,10228,7.559886527
10/31/2017,10229,7.559898209
10/31/2017,10230,7.55990989
10/31/2017,10231,7.559921571
10/31/2017,10232,7.559933253
10/31/2017,10233,7.559944934
10/31/2017,10234,7.559956615
10/31/2017,10235,7.559968297
10/31/2017,10236,7.559979978
10/31/2017,10237,7.559991659
10/31/2017,10238,7.560003341
10/31/2017,10239,7.560015022
10/31/2017,10240,7.560026703
10/31/2017,10241,7.560038385
10/31/2017,10242,7.560050066
10/31/2017,10243,7.560061747
10/31/2017,10244,7.560073429
10/31/2017,10245,7.56008511
10/31/2017,10246,7.560096791
10/31/2017,10247,7.560108473
10/31/2017,10248,7.560120154
10/31/2017,10249,7.560131835
10/31/2017,10250,7.560143516
10/31/2017,10251,7.560155198
10/31/2017,10252,7.560166879
10/31/2017,10253,7.56017856
10/31/2017,10254,7.560190242
10/31/2017,10255,7.560201923
10/31/2017,10256,7.560213604
10/31/2017,10257,7.560225286
10/31/2017,10258,7.560236967
10/31/2017,10259,7.560248648
10/31/2017,10260,7.56026033
10/31/2017,10261,7.560272011
10/31/2017,10262,7.560283692
10/31/2017,10263,7.560295374
10/31/2017,10264,7.560307055
10/31/2017,10265,7.560318736
10/31/2017,10266,7.560330418
10/31/2017,10267,7.560342099
10/31/2017,10268,7.56035378
10/31/2017,10269,7.560365462
10/31/2017,10270,7.560377143
10/31/2017,10271,7.560388824
10/31/2017,10272,7.560400505
10/31/2017,10273,7.560412187
10/31/2017,10274,7.560423868
10/31/2017,10275,7.560435549
10/31/2017,10276,7.560447231
10/31/2017,10277,7.560458912
10/31/2017,10278,7.560470593
10/31/2017,10279,7.560482275
10/31/2017,10280,7.560493956
10/31/2017,10281,7.560505637
10/31/2017,10282,7.560517319
10/31/2017,10283,7.560529
10/31/2017,10284,7.560540681
10/31/2017,10285,7.560552363
10/31/2017,10286,7.560564044
10/31/2017,10287,7.560575725
10/31/2017,10288,7.560587407
10/31/2017,10289,7.560599088
10/31/2017,10290,7.560610769
10/31/2017,10291,7.560622451
10/31/2017,10292,7.560634132
10/31/2017,10293,7.560645813
10/31/2017,10294,7.560657495
10/31/2017,10295,7.560669176
10/31/2017,10296,7.560680857
10/31/2017,10297,7.560692538
10/31/2017,10298,7.56070422
10/31/2017,10299,7.560715901
10/31/2017,10300,7.560727582
10/31/2017,10301,7.560739264
10/31/2017,10302,7.560750945
10/31/2017,10303,7.560762626
10/31/2017,10304,7.560774308
10/31/2017,10305,7.560785989
10/31/2017,10306,7.56079767
10/31/2017,10307,7.560809352
10/31/2017,10308,7.560821033
10/31/2017,10309,7.560832714
10/31/2017,10310,7.560844396
10/31/2017,10311,7.560856077
10/31/2017,10312,7.560867758
10/31/2017,10313,7.56087944
10/31/2017,10314,7.560891121
10/31/2017,10315,7.560902802
10/31/2017,10316,7.560914484
10/31/2017,10317,7.560926165
10/31/2017,10318,7.560937846
10/31/2017,10319,7.560949527
10/31/2017,10320,7.560961209
10/31/2017,10321,7.56097289
10/31/2017,10322,7.560984571
10/31/2017,10323,7.560996253
10/31/2017,10324,7.561007934
10/31/2017,10325,7.561019615
10/31/2017,10326,7.561031297
10/31/2017,10327,7.561042978
10/31/2017,10328,7.561054659
10/31/2017,10329,7.561066341
10/31/2017,10330,7.561078022
10/31/2017,10331,7.561089703
10/31/2017,10332,7.561101385
10/31/2017,10333,7.561113066
10/31/2017,10334,7.561124747
10/31/2017,10335,7.561136429
10/31/2017,10336,7.56114811
10/31/2017,10337,7.561159791
10/31/2017,10338,7.561171473
10/31/2017,10339,7.561183154
10/31/2017,10340,7.561194835
10/31/2017,10341,7.561206516
10/31/2017,10342,7.561218198
10/31/2017,10343,7.561229879
10/31/2017,10344,7.56124156
10/31/2017,10345,7.561253242
10/31/2017,10346,7.561264923
10/31/2017,10347,7.561276604
10/31/2017,10348,7.561288286
10/31/2017,10349,7.561299967
10/31/2017,10350,7.561311648
10/31/2017,10351,7.56132333
10/31/2017,10352,7.561335011
10/31/2017,10353,7.561346692
10/31/2017,10354,7.561358374
10/31/2017,10355,7.561370055
10/31/2017,10356,7.561381736
10/31/2017,10357,7.561393418
10/31/2017,10358,7.561405099
10/31/2017,10359,7.56141678
10/31/2017,10360,7.561428462
10/31/2017,10361,7.561440143
10/31/2017,10362,7.561451824
10/31/2017,10363,7.561463505
10/31/2017,10364,7.561475187
10/31/2017,10365,7.561486868
10/31/2017,10366,7.561498549
10/31/2017,10367,7.561510231
10/31/2017,10368,7.561521912
10/31/2017,10369,7.561533593
10/31/2017,10370,7.561545275
10/31/2017,10371,7.561556956
10/31/2017,10372,7.561568637
10/31/2017,10373,7.561580319
10/31/2017,10374,7.561592
10/31/2017,10375,7.561603302
10/31/2017,10376,7.561614604
10/31/2017,10377,7.561625907
10/31/2017,10378,7.561637209
10/31/2017,10379,7.561648511
10/31/2017,10380,7.561659813
10/31/2017,10381,7.561671115
10/31/2017,10382,7.561682418
10/31/2017,10383,7.56169372
10/31/2017,10384,7.561705022
10/31/2017,10385,7.561716324
10/31/2017,10386,7.561727626
10/31/2017,10387,7.561738929
10/31/2017,10388,7.561750231
10/31/2017,10389,7.561761533
10/31/2017,10390,7.561772835
10/31/2017,10391,7.561784137
10/31/2017,10392,7.56179544
10/31/2017,10393,7.561806742
10/31/2017,10394,7.561818044
10/31/2017,10395,7.561829346
10/31/2017,10396,7.561840648
10/31/2017,10397,7.561851951
10/31/2017,10398,7.561863253
10/31/2017,10399,7.561874555
10/31/2017,10400,7.561885857
10/31/2017,10401,7.561897159
10/31/2017,10402,7.561908462
10/31/2017,10403,7.561919764
10/31/2017,10404,7.561931066
10/31/2017,10405,7.561942368
10/31/2017,10406,7.56195367
10/31/2017,10407,7.561964973
10/31/2017,10408,7.561976275
10/31/2017,10409,7.561987577
10/31/2017,10410,7.561998879
10/31/2017,10411,7.562010181
10/31/2017,10412,7.562021484
10/31/2017,10413,7.562032786
10/31/2017,10414,7.562044088
10/31/2017,10415,7.56205539
10/31/2017,10416,7.562066692
10/31/2017,10417,7.562077995
10/31/2017,10418,7.562089297
10/31/2017,10419,7.562100599
10/31/2017,10420,7.562111901
10/31/2017,10421,7.562123203
10/31/2017,10422,7.562134505
10/31/2017,10423,7.562145808
10/31/2017,10424,7.56215711
10/31/2017,10425,7.562168412
10/31/2017,10426,7.562179714
10/31/2017,10427,7.562191016
10/31/2017,10428,7.562202319
10/31/2017,10429,7.562213621
10/31/2017,10430,7.562224923
10/31/2017,10431,7.562236225
10/31/2017,10432,7.562247527
10/31/2017,10433,7.56225883
10/31/2017,10434,7.562270132
10/31/2017,10435,7.562281434
10/31/2017,10436,7.562292736
10/31/2017,10437,7.562304038
10/31/2017,10438,7.562315341
10/31/2017,10439,7.562326643
10/31/2017,10440,7.562337945
10/31/2017,10441,7.562349247
10/31/2017,10442,7.562360549
10/31/2017,10443,7.562371852
10/31/2017,10444,7.562383154
10/31/2017,10445,7.562394456
10/31/2017,10446,7.562405758
10/31/2017,10447,7.56241706
10/31/2017,10448,7.562428363
10/31/2017,10449,7.562439665
10/31/2017,10450,7.562450967
10/31/2017,10451,7.562462269
10/31/2017,10452,7.562473571
10/31/2017,10453,7.562484874
10/31/2017,10454,7.562496176
10/31/2017,10455,7.562507478
10/31/2017,10456,7.56251878
10/31/2017,10457,7.562530082
10/31/2017,10458,7.562541385
10/31/2017,10459,7.562552687
10/31/2017,10460,7.562563989
10/31/2017,10461,7.562575291
10/31/2017,10462,7.562586593
10/31/2017,10463,7.562597896
10/31/2017,10464,7.562609198
10/31/2017,10465,7.5626205
10/31/2017,10466,7.562631802
10/31/2017,10467,7.562643104
10/31/2017,10468,7.562654407
10/31/2017,10469,7.562665709
10/31/2017,10470,7.562677011
10/31/2017,10471,7.562688313
10/31/2017,10472,7.562699615
10/31/2017,10473,7.562710918
10/31/2017,10474,7.56272222
10/31/2017,10475,7.562733522
10/31/2017,10476,7.562744824
10/31/2017,10477,7.562756126
10/31/2017,10478,7.562767429
10/31/2017,10479,7.562778731
10/31/2017,10480,7.562790033
10/31/2017,10481,7.562801335
10/31/2017,10482,7.562812637
10/31/2017,10483,7.56282394
10/31/2017,10484,7.562835242
10/31/2017,10485,7.562846544
10/31/2017,10486,7.562857846
10/31/2017,10487,7.562869148
10/31/2017,10488,7.562880451
10/31/2017,10489,7.562891753
10/31/2017,10490,7.562903055
10/31/2017,10491,7.562914357
10/31/2017,10492,7.562925659
10/31/2017,10493,7.562936962
10/31/2017,10494,7.562948264
10/31/2017,10495,7.562959566
10/31/2017,10496,7.562970868
10/31/2017,10497,7.56298217
10/31/2017,10498,7.562993473
10/31/2017,10499,7.563004775
10/31/2017,10500,7.563016077
10/31/2017,10501,7.563027379
10/31/2017,10502,7.563038681
10/31/2017,10503,7.563049984
10/31/2017,10504,7.563061286
10/31/2017,10505,7.563072588
10/31/2017,10506,7.56308389
10/31/2017,10507,7.563095192
10/31/2017,10508,7.563106495
10/31/2017,10509,7.563117797
10/31/2017,10510,7.563129099
10/31/2017,10511,7.563140401
10/31/2017,10512,7.563151703
10/31/2017,10513,7.563163005
10/31/2017,10514,7.563174308
10/31/2017,10515,7.56318561
10/31/2017,10516,7.563196912
10/31/2017,10517,7.563208214
10/31/2017,10518,7.563219516
10/31/2017,10519,7.563230819
10/31/2017,10520,7.563242121
10/31/2017,10521,7.563253423
10/31/2017,10522,7.563264725
10/31/2017,10523,7.563276027
10/31/2017,10524,7.56328733
10/31/2017,10525,7.563298632
10/31/2017,10526,7.563309934
10/31/2017,10527,7.563321236
10/31/2017,10528,7.563332538
10/31/2017,10529,7.563343841
10/31/2017,10530,7.563355143
10/31/2017,10531,7.563366445
10/31/2017,10532,7.563377747
10/31/2017,10533,7.563389049
10/31/2017,10534,7.563400352
10/31/2017,10535,7.563411654
10/31/2017,10536,7.563422956
10/31/2017,10537,7.563434258
10/31/2017,10538,7.56344556
10/31/2017,10539,7.563456863
10/31/2017,10540,7.563468165
10/31/2017,10541,7.563479467
10/31/2017,10542,7.563490769
10/31/2017,10543,7.563502071
10/31/2017,10544,7.563513374
10/31/2017,10545,7.563524676
10/31/2017,10546,7.563535978
10/31/2017,10547,7.56354728
10/31/2017,10548,7.563558582
10/31/2017,10549,7.563569885
10/31/2017,10550,7.563581187
10/31/2017,10551,7.563592489
10/31/2017,10552,7.563603791
10/31/2017,10553,7.563615093
10/31/2017,10554,7.563626396
10/31/2017,10555,7.563637698
10/31/2017,10556,7.563649
10/31/2017,10557,7.563659962
10/31/2017,10558,7.563670923
10/31/2017,10559,7.563681885
10/31/2017,10560,7.563692846
10/31/2017,10561,7.563703808
10/31/2017,10562,7.563714769
10/31/2017,10563,7.563725731
10/31/2017,10564,7.563736692
10/31/2017,10565,7.563747654
10/31/2017,10566,7.563758615
10/31/2017,10567,7.563769577
10/31/2017,10568,7.563780538
10/31/2017,10569,7.5637915
10/31/2017,10570,7.563802462
10/31/2017,10571,7.563813423
10/31/2017,10572,7.563824385
10/31/2017,10573,7.563835346
10/31/2017,10574,7.563846308
10/31/2017,10575,7.563857269
10/31/2017,10576,7.563868231
10/31/2017,10577,7.563879192
10/31/2017,10578,7.563890154
10/31/2017,10579,7.563901115
10/31/2017,10580,7.563912077
10/31/2017,10581,7.563923038
10/31/2017,10582,7.563934
10/31/2017,10583,7.563944962
10/31/2017,10584,7.563955923
10/31/2017,10585,7.563966885
10/31/2017,10586,7.563977846
10/31/2017,10587,7.563988808
10/31/2017,10588,7.563999769
10/31/2017,10589,7.564010731
10/31/2017,10590,7.564021692
10/31/2017,10591,7.564032654
10/31/2017,10592,7.564043615
10/31/2017,10593,7.564054577
10/31/2017,10594,7.564065538
10/31/2017,10595,7.5640765
10/31/2017,10596,7.564087462
10/31/2017,10597,7.564098423
10/31/2017,10598,7.564109385
10/31/2017,10599,7.564120346
10/31/2017,10600,7.564131308
10/31/2017,10601,7.564142269
10/31/2017,10602,7.564153231
10/31/2017,10603,7.564164192
10/31/2017,10604,7.564175154
10/31/2017,10605,7.564186115
10/31/2017,10606,7.564197077
10/31/2017,10607,7.564208038
10/31/2017,10608,7.564219
10/31/2017,10609,7.564229962
10/31/2017,10610,7.564240923
10/31/2017,10611,7.564251885
10/31/2017,10612,7.564262846
10/31/2017,10613,7.564273808
10/31/2017,10614,7.564284769
10/31/2017,10615,7.564295731
10/31/2017,10616,7.564306692
10/31/2017,10617,7.564317654
10/31/2017,10618,7.564328615
10/31/2017,10619,7.564339577
10/31/2017,10620,7.564350538
10/31/2017,10621,7.5643615
10/31/2017,10622,7.564372462
10/31/2017,10623,7.564383423
10/31/2017,10624,7.564394385
10/31/2017,10625,7.564405346
10/31/2017,10626,7.564416308
10/31/2017,10627,7.564427269
10/31/2017,10628,7.564438231
10/31/2017,10629,7.564449192
10/31/2017,10630,7.564460154
10/31/2017,10631,7.564471115
10/31/2017,10632,7.564482077
10/31/2017,10633,7.564493038
10/31/2017,10634,7.564504
10/31/2017,10635,7.564514962
10/31/2017,10636,7.564525923
10/31/2017,10637,7.564536885
10/31/2017,10638,7.564547846
10/31/2017,10639,7.564558808
10/31/2017,10640,7.564569769
10/31/2017,10641,7.564580731
10/31/2017,10642,7.564591692
10/31/2017,10643,7.564602654
10/31/2017,10644,7.564613615
10/31/2017,10645,7.564624577
10/31/2017,10646,7.564635538
10/31/2017,10647,7.5646465
10/31/2017,10648,7.564657462
10/31/2017,10649,7.564668423
10/31/2017,10650,7.564679385
10/31/2017,10651,7.564690346
10/31/2017,10652,7.564701308
10/31/2017,10653,7.564712269
10/31/2017,10654,7.564723231
10/31/2017,10655,7.564734192
10/31/2017,10656,7.564745154
10/31/2017,10657,7.564756115
10/31/2017,10658,7.564767077
10/31/2017,10659,7.564778038
10/31/2017,10660,7.564789
10/31/2017,10661,7.564799962
10/31/2017,10662,7.564810923
10/31/2017,10663,7.564821885
10/31/2017,10664,7.564832846
10/31/2017,10665,7.564843808
10/31/2017,10666,7.564854769
10/31/2017,10667,7.564865731
10/31/2017,10668,7.564876692
10/31/2017,10669,7.564887654
10/31/2017,10670,7.564898615
10/31/2017,10671,7.564909577
10/31/2017,10672,7.564920538
10/31/2017,10673,7.5649315
10/31/2017,10674,7.564942462
10/31/2017,10675,7.564953423
10/31/2017,10676,7.564964385
10/31/2017,10677,7.564975346
10/31/2017,10678,7.564986308
10/31/2017,10679,7.564997269
10/31/2017,10680,7.565008231
10/31/2017,10681,7.565019192
10/31/2017,10682,7.565030154
10/31/2017,10683,7.565041115
10/31/2017,10684,7.565052077
10/31/2017,10685,7.565063038
10/31/2017,10686,7.565074
10/31/2017,10687,7.565084962
10/31/2017,10688,7.565095923
10/31/2017,10689,7.565106885
10/31/2017,10690,7.565117846
10/31/2017,10691,7.565128808
10/31/2017,10692,7.565139769
10/31/2017,10693,7.565150731
10/31/2017,10694,7.565161692
10/31/2017,10695,7.565172654
10/31/2017,10696,7.565183615
10/31/2017,10697,7.565194577
10/31/2017,10698,7.565205538
10/31/2017,10699,7.5652165
10/31/2017,10700,7.565227462
10/31/2017,10701,7.565238423
10/31/2017,10702,7.565249385
10/31/2017,10703,7.565260346
10/31/2017,10704,7.565271308
10/31/2017,10705,7.565282269
10/31/2017,10706,7.565293231
10/31/2017,10707,7.565304192
10/31/2017,10708,7.565315154
10/31/2017,10709,7.565326115
10/31/2017,10710,7.565337077
10/31/2017,10711,7.565348038
10/31/2017,10712,7.565359
10/31/2017,10713,7.565369962
10/31/2017,10714,7.565380923
10/31/2017,10715,7.565391885
10/31/2017,10716,7.565402846
10/31/2017,10717,7.565413808
10/31/2017,10718,7.565424769
10/31/2017,10719,7.565435731
10/31/2017,10720,7.565446692
10/31/2017,10721,7.565457654
10/31/2017,10722,7.565468615
10/31/2017,10723,7.565479577
10/31/2017,10724,7.565490538
10/31/2017,10725,7.5655015
10/31/2017,10726,7.565512462
10/31/2017,10727,7.565523423
10/31/2017,10728,7.565534385
10/31/2017,10729,7.565545346
10/31/2017,10730,7.565556308
10/31/2017,10731,7.565567269
10/31/2017,10732,7.565578231
10/31/2017,10733,7.565589192
10/31/2017,10734,7.565600154
10/31/2017,10735,7.565611115
10/31/2017,10736,7.565622077
10/31/2017,10737,7.565633038
10/31/2017,10738,7.565644
10/31/2017,10739,7.565654593
10/31/2017,10740,7.565665187
10/31/2017,10741,7.56567578
10/31/2017,10742,7.565686374
10/31/2017,10743,7.565696967
10/31/2017,10744,7.56570756
10/31/2017,10745,7.565718154
10/31/2017,10746,7.565728747
10/31/2017,10747,7.565739341
10/31/2017,10748,7.565749934
10/31/2017,10749,7.565760527
10/31/2017,10750,7.565771121
10/31/2017,10751,7.565781714
10/31/2017,10752,7.565792308
10/31/2017,10753,7.565802901
10/31/2017,10754,7.565813495
10/31/2017,10755,7.565824088
10/31/2017,10756,7.565834681
10/31/2017,10757,7.565845275
10/31/2017,10758,7.565855868
10/31/2017,10759,7.565866462
10/31/2017,10760,7.565877055
10/31/2017,10761,7.565887648
10/31/2017,10762,7.565898242
10/31/2017,10763,7.565908835
10/31/2017,10764,7.565919429
10/31/2017,10765,7.565930022
10/31/2017,10766,7.565940615
10/31/2017,10767,7.565951209
10/31/2017,10768,7.565961802
10/31/2017,10769,7.565972396
10/31/2017,10770,7.565982989
10/31/2017,10771,7.565993582
10/31/2017,10772,7.566004176
10/31/2017,10773,7.566014769
10/31/2017,10774,7.566025363
10/31/2017,10775,7.566035956
10/31/2017,10776,7.566046549
10/31/2017,10777,7.566057143
10/31/2017,10778,7.566067736
10/31/2017,10779,7.56607833
10/31/2017,10780,7.566088923
10/31/2017,10781,7.566099516
10/31/2017,10782,7.56611011
10/31/2017,10783,7.566120703
10/31/2017,10784,7.566131297
10/31/2017,10785,7.56614189
10/31/2017,10786,7.566152484
10/31/2017,10787,7.566163077
10/31/2017,10788,7.56617367
10/31/2017,10789,7.566184264
10/31/2017,10790,7.566194857
10/31/2017,10791,7.566205451
10/31/2017,10792,7.566216044
10/31/2017,10793,7.566226637
10/31/2017,10794,7.566237231
10/31/2017,10795,7.566247824
10/31/2017,10796,7.566258418
10/31/2017,10797,7.566269011
10/31/2017,10798,7.566279604
10/31/2017,10799,7.566290198
10/31/2017,10800,7.566300791
10/31/2017,10801,7.566311385
10/31/2017,10802,7.566321978
10/31/2017,10803,7.566332571
10/31/2017,10804,7.566343165
10/31/2017,10805,7.566353758
10/31/2017,10806,7.566364352
10/31/2017,10807,7.566374945
10/31/2017,10808,7.566385538
10/31/2017,10809,7.566396132
10/31/2017,10810,7.566406725
10/31/2017,10811,7.566417319
10/31/2017,10812,7.566427912
10/31/2017,10813,7.566438505
10/31/2017,10814,7.566449099
10/31/2017,10815,7.566459692
10/31/2017,10816,7.566470286
10/31/2017,10817,7.566480879
10/31/2017,10818,7.566491473
10/31/2017,10819,7.566502066
10/31/2017,10820,7.566512659
10/31/2017,10821,7.566523253
10/31/2017,10822,7.566533846
10/31/2017,10823,7.56654444
10/31/2017,10824,7.566555033
10/31/2017,10825,7.566565626
10/31/2017,10826,7.56657622
10/31/2017,10827,7.566586813
10/31/2017,10828,7.566597407
10/31/2017,10829,7.566608
10/31/2017,10830,7.566618593
10/31/2017,10831,7.566629187
10/31/2017,10832,7.56663978
10/31/2017,10833,7.566650374
10/31/2017,10834,7.566660967
10/31/2017,10835,7.56667156
10/31/2017,10836,7.566682154
10/31/2017,10837,7.566692747
10/31/2017,10838,7.566703341
10/31/2017,10839,7.566713934
10/31/2017,10840,7.566724527
10/31/2017,10841,7.566735121
10/31/2017,10842,7.566745714
10/31/2017,10843,7.566756308
10/31/2017,10844,7.566766901
10/31/2017,10845,7.566777495
10/31/2017,10846,7.566788088
10/31/2017,10847,7.566798681
10/31/2017,10848,7.566809275
10/31/2017,10849,7.566819868
10/31/2017,10850,7.566830462
10/31/2017,10851,7.566841055
10/31/2017,10852,7.566851648
10/31/2017,10853,7.566862242
10/31/2017,10854,7.566872835
10/31/2017,10855,7.566883429
10/31/2017,10856,7.566894022
10/31/2017,10857,7.566904615
10/31/2017,10858,7.566915209
10/31/2017,10859,7.566925802
10/31/2017,10860,7.566936396
10/31/2017,10861,7.566946989
10/31/2017,10862,7.566957582
10/31/2017,10863,7.566968176
10/31/2017,10864,7.566978769
10/31/2017,10865,7.566989363
10/31/2017,10866,7.566999956
10/31/2017,10867,7.567010549
10/31/2017,10868,7.567021143
10/31/2017,10869,7.567031736
10/31/2017,10870,7.56704233
10/31/2017,10871,7.567052923
10/31/2017,10872,7.567063516
10/31/2017,10873,7.56707411
10/31/2017,10874,7.567084703
10/31/2017,10875,7.567095297
10/31/2017,10876,7.56710589
10/31/2017,10877,7.567116484
10/31/2017,10878,7.567127077
10/31/2017,10879,7.56713767
10/31/2017,10880,7.567148264
10/31/2017,10881,7.567158857
10/31/2017,10882,7.567169451
10/31/2017,10883,7.567180044
10/31/2017,10884,7.567190637
10/31/2017,10885,7.567201231
10/31/2017,10886,7.567211824
10/31/2017,10887,7.567222418
10/31/2017,10888,7.567233011
10/31/2017,10889,7.567243604
10/31/2017,10890,7.567254198
10/31/2017,10891,7.567264791
10/31/2017,10892,7.567275385
10/31/2017,10893,7.567285978
10/31/2017,10894,7.567296571
10/31/2017,10895,7.567307165
10/31/2017,10896,7.567317758
10/31/2017,10897,7.567328352
10/31/2017,10898,7.567338945
10/31/2017,10899,7.567349538
10/31/2017,10900,7.567360132
10/31/2017,10901,7.567370725
10/31/2017,10902,7.567381319
10/31/2017,10903,7.567391912
10/31/2017,10904,7.567402505
10/31/2017,10905,7.567413099
10/31/2017,10906,7.567423692
10/31/2017,10907,7.567434286
10/31/2017,10908,7.567444879
10/31/2017,10909,7.567455473
10/31/2017,10910,7.567466066
10/31/2017,10911,7.567476659
10/31/2017,10912,7.567487253
10/31/2017,10913,7.567497846
10/31/2017,10914,7.56750844
10/31/2017,10915,7.567519033
10/31/2017,10916,7.567529626
10/31/2017,10917,7.56754022
10/31/2017,10918,7.567550813
10/31/2017,10919,7.567561407
10/31/2017,10920,7.567572
