FECHA,PLAZO,VALOR
29/09/2017,1,0.145009
29/09/2017,2,0.145009333
29/09/2017,3,0.145009667
29/09/2017,4,0.14501
29/09/2017,5,0.145010333
29/09/2017,6,0.145010667
29/09/2017,7,0.145011
29/09/2017,8,0.145011286
29/09/2017,9,0.145011571
29/09/2017,10,0.145011857
29/09/2017,11,0.145012143
29/09/2017,12,0.145012429
29/09/2017,13,0.145012714
29/09/2017,14,0.145013
29/09/2017,15,0.145013286
29/09/2017,16,0.145013571
29/09/2017,17,0.145013857
29/09/2017,18,0.145014143
29/09/2017,19,0.145014429
29/09/2017,20,0.145014714
29/09/2017,21,0.145015
29/09/2017,22,0.145015286
29/09/2017,23,0.145015571
29/09/2017,24,0.145015857
29/09/2017,25,0.145016143
29/09/2017,26,0.145016429
29/09/2017,27,0.145016714
29/09/2017,28,0.145017
29/09/2017,29,0.145780518
29/09/2017,30,0.146544036
29/09/2017,31,0.147307554
29/09/2017,32,0.148071071
29/09/2017,33,0.148834589
29/09/2017,34,0.149598107
29/09/2017,35,0.150361625
29/09/2017,36,0.151125143
29/09/2017,37,0.151888661
29/09/2017,38,0.152652179
29/09/2017,39,0.153415696
29/09/2017,40,0.154179214
29/09/2017,41,0.154942732
29/09/2017,42,0.15570625
29/09/2017,43,0.156469768
29/09/2017,44,0.157233286
29/09/2017,45,0.157996804
29/09/2017,46,0.158760321
29/09/2017,47,0.159523839
29/09/2017,48,0.160287357
29/09/2017,49,0.161050875
29/09/2017,50,0.161814393
29/09/2017,51,0.162577911
29/09/2017,52,0.163341429
29/09/2017,53,0.164104946
29/09/2017,54,0.164868464
29/09/2017,55,0.165631982
29/09/2017,56,0.1663955
29/09/2017,57,0.167159018
29/09/2017,58,0.167922536
29/09/2017,59,0.168686054
29/09/2017,60,0.169449571
29/09/2017,61,0.170213089
29/09/2017,62,0.170976607
29/09/2017,63,0.171740125
29/09/2017,64,0.172503643
29/09/2017,65,0.173267161
29/09/2017,66,0.174030679
29/09/2017,67,0.174794196
29/09/2017,68,0.175557714
29/09/2017,69,0.176321232
29/09/2017,70,0.17708475
29/09/2017,71,0.177848268
29/09/2017,72,0.178611786
29/09/2017,73,0.179375304
29/09/2017,74,0.180138821
29/09/2017,75,0.180902339
29/09/2017,76,0.181665857
29/09/2017,77,0.182429375
29/09/2017,78,0.183192893
29/09/2017,79,0.183956411
29/09/2017,80,0.184719929
29/09/2017,81,0.185483446
29/09/2017,82,0.186246964
29/09/2017,83,0.187010482
29/09/2017,84,0.187774
29/09/2017,85,0.193115714
29/09/2017,86,0.198457429
29/09/2017,87,0.203799143
29/09/2017,88,0.209140857
29/09/2017,89,0.214482571
29/09/2017,90,0.219824286
29/09/2017,91,0.225166
29/09/2017,92,0.230501857
29/09/2017,93,0.235837714
29/09/2017,94,0.241173571
29/09/2017,95,0.246509429
29/09/2017,96,0.251845286
29/09/2017,97,0.257181143
29/09/2017,98,0.262517
29/09/2017,99,0.267852857
29/09/2017,100,0.273188714
29/09/2017,101,0.278524571
29/09/2017,102,0.283860429
29/09/2017,103,0.289196286
29/09/2017,104,0.294532143
29/09/2017,105,0.299868
29/09/2017,106,0.305203857
29/09/2017,107,0.310539714
29/09/2017,108,0.315875571
29/09/2017,109,0.321211429
29/09/2017,110,0.326547286
29/09/2017,111,0.331883143
29/09/2017,112,0.337219
29/09/2017,113,0.342554857
29/09/2017,114,0.347890714
29/09/2017,115,0.353226571
29/09/2017,116,0.358562429
29/09/2017,117,0.363898286
29/09/2017,118,0.369234143
29/09/2017,119,0.37457
29/09/2017,120,0.379905857
29/09/2017,121,0.385241714
29/09/2017,122,0.390577571
29/09/2017,123,0.395913429
29/09/2017,124,0.401249286
29/09/2017,125,0.406585143
29/09/2017,126,0.411921
29/09/2017,127,0.417256857
29/09/2017,128,0.422592714
29/09/2017,129,0.427928571
29/09/2017,130,0.433264429
29/09/2017,131,0.438600286
29/09/2017,132,0.443936143
29/09/2017,133,0.449272
29/09/2017,134,0.454607857
29/09/2017,135,0.459943714
29/09/2017,136,0.465279571
29/09/2017,137,0.470615429
29/09/2017,138,0.475951286
29/09/2017,139,0.481287143
29/09/2017,140,0.486623
29/09/2017,141,0.491958857
29/09/2017,142,0.497294714
29/09/2017,143,0.502630571
29/09/2017,144,0.507966429
29/09/2017,145,0.513302286
29/09/2017,146,0.518638143
29/09/2017,147,0.523974
29/09/2017,148,0.529309857
29/09/2017,149,0.534645714
29/09/2017,150,0.539981571
29/09/2017,151,0.545317429
29/09/2017,152,0.550653286
29/09/2017,153,0.555989143
29/09/2017,154,0.561325
29/09/2017,155,0.566660857
29/09/2017,156,0.571996714
29/09/2017,157,0.577332571
29/09/2017,158,0.582668429
29/09/2017,159,0.588004286
29/09/2017,160,0.593340143
29/09/2017,161,0.598676
29/09/2017,162,0.604011857
29/09/2017,163,0.609347714
29/09/2017,164,0.614683571
29/09/2017,165,0.620019429
29/09/2017,166,0.625355286
29/09/2017,167,0.630691143
29/09/2017,168,0.636027
29/09/2017,169,0.6413565
29/09/2017,170,0.646686
29/09/2017,171,0.6520155
29/09/2017,172,0.657345
29/09/2017,173,0.6626745
29/09/2017,174,0.668004
29/09/2017,175,0.6733335
29/09/2017,176,0.678663
29/09/2017,177,0.6839925
29/09/2017,178,0.689322
29/09/2017,179,0.6946515
29/09/2017,180,0.699981
29/09/2017,181,0.7053105
29/09/2017,182,0.71064
29/09/2017,183,0.715903549
29/09/2017,184,0.721167099
29/09/2017,185,0.726430648
29/09/2017,186,0.731694198
29/09/2017,187,0.736957747
29/09/2017,188,0.742221297
29/09/2017,189,0.747484846
29/09/2017,190,0.752748396
29/09/2017,191,0.758011945
29/09/2017,192,0.763275495
29/09/2017,193,0.768539044
29/09/2017,194,0.773802593
29/09/2017,195,0.779066143
29/09/2017,196,0.784329692
29/09/2017,197,0.789593242
29/09/2017,198,0.794856791
29/09/2017,199,0.800120341
29/09/2017,200,0.80538389
29/09/2017,201,0.81064744
29/09/2017,202,0.815910989
29/09/2017,203,0.821174538
29/09/2017,204,0.826438088
29/09/2017,205,0.831701637
29/09/2017,206,0.836965187
29/09/2017,207,0.842228736
29/09/2017,208,0.847492286
29/09/2017,209,0.852755835
29/09/2017,210,0.858019385
29/09/2017,211,0.863282934
29/09/2017,212,0.868546484
29/09/2017,213,0.873810033
29/09/2017,214,0.879073582
29/09/2017,215,0.884337132
29/09/2017,216,0.889600681
29/09/2017,217,0.894864231
29/09/2017,218,0.90012778
29/09/2017,219,0.90539133
29/09/2017,220,0.910654879
29/09/2017,221,0.915918429
29/09/2017,222,0.921181978
29/09/2017,223,0.926445527
29/09/2017,224,0.931709077
29/09/2017,225,0.936972626
29/09/2017,226,0.942236176
29/09/2017,227,0.947499725
29/09/2017,228,0.952763275
29/09/2017,229,0.958026824
29/09/2017,230,0.963290374
29/09/2017,231,0.968553923
29/09/2017,232,0.973817473
29/09/2017,233,0.979081022
29/09/2017,234,0.984344571
29/09/2017,235,0.989608121
29/09/2017,236,0.99487167
29/09/2017,237,1.00013522
29/09/2017,238,1.005398769
29/09/2017,239,1.010662319
29/09/2017,240,1.015925868
29/09/2017,241,1.021189418
29/09/2017,242,1.026452967
29/09/2017,243,1.031716516
29/09/2017,244,1.036980066
29/09/2017,245,1.042243615
29/09/2017,246,1.047507165
29/09/2017,247,1.052770714
29/09/2017,248,1.058034264
29/09/2017,249,1.063297813
29/09/2017,250,1.068561363
29/09/2017,251,1.073824912
29/09/2017,252,1.079088462
29/09/2017,253,1.084352011
29/09/2017,254,1.08961556
29/09/2017,255,1.09487911
29/09/2017,256,1.100142659
29/09/2017,257,1.105406209
29/09/2017,258,1.110669758
29/09/2017,259,1.115933308
29/09/2017,260,1.121196857
29/09/2017,261,1.126460407
29/09/2017,262,1.131723956
29/09/2017,263,1.136987505
29/09/2017,264,1.142251055
29/09/2017,265,1.147514604
29/09/2017,266,1.152778154
29/09/2017,267,1.158041703
29/09/2017,268,1.163305253
29/09/2017,269,1.168568802
29/09/2017,270,1.173832352
29/09/2017,271,1.179095901
29/09/2017,272,1.184359451
29/09/2017,273,1.189623
29/09/2017,274,1.194886549
29/09/2017,275,1.200150099
29/09/2017,276,1.205413648
29/09/2017,277,1.210677198
29/09/2017,278,1.215940747
29/09/2017,279,1.221204297
29/09/2017,280,1.226467846
29/09/2017,281,1.231731396
29/09/2017,282,1.236994945
29/09/2017,283,1.242258495
29/09/2017,284,1.247522044
29/09/2017,285,1.252785593
29/09/2017,286,1.258049143
29/09/2017,287,1.263312692
29/09/2017,288,1.268576242
29/09/2017,289,1.273839791
29/09/2017,290,1.279103341
29/09/2017,291,1.28436689
29/09/2017,292,1.28963044
29/09/2017,293,1.294893989
29/09/2017,294,1.300157538
29/09/2017,295,1.305421088
29/09/2017,296,1.310684637
29/09/2017,297,1.315948187
29/09/2017,298,1.321211736
29/09/2017,299,1.326475286
29/09/2017,300,1.331738835
29/09/2017,301,1.337002385
29/09/2017,302,1.342265934
29/09/2017,303,1.347529484
29/09/2017,304,1.352793033
29/09/2017,305,1.358056582
29/09/2017,306,1.363320132
29/09/2017,307,1.368583681
29/09/2017,308,1.373847231
29/09/2017,309,1.37911078
29/09/2017,310,1.38437433
29/09/2017,311,1.389637879
29/09/2017,312,1.394901429
29/09/2017,313,1.400164978
29/09/2017,314,1.405428527
29/09/2017,315,1.410692077
29/09/2017,316,1.415955626
29/09/2017,317,1.421219176
29/09/2017,318,1.426482725
29/09/2017,319,1.431746275
29/09/2017,320,1.437009824
29/09/2017,321,1.442273374
29/09/2017,322,1.447536923
29/09/2017,323,1.452800473
29/09/2017,324,1.458064022
29/09/2017,325,1.463327571
29/09/2017,326,1.468591121
29/09/2017,327,1.47385467
29/09/2017,328,1.47911822
29/09/2017,329,1.484381769
29/09/2017,330,1.489645319
29/09/2017,331,1.494908868
29/09/2017,332,1.500172418
29/09/2017,333,1.505435967
29/09/2017,334,1.510699516
29/09/2017,335,1.515963066
29/09/2017,336,1.521226615
29/09/2017,337,1.526490165
29/09/2017,338,1.531753714
29/09/2017,339,1.537017264
29/09/2017,340,1.542280813
29/09/2017,341,1.547544363
29/09/2017,342,1.552807912
29/09/2017,343,1.558071462
29/09/2017,344,1.563335011
29/09/2017,345,1.56859856
29/09/2017,346,1.57386211
29/09/2017,347,1.579125659
29/09/2017,348,1.584389209
29/09/2017,349,1.589652758
29/09/2017,350,1.594916308
29/09/2017,351,1.600179857
29/09/2017,352,1.605443407
29/09/2017,353,1.610706956
29/09/2017,354,1.615970505
29/09/2017,355,1.621234055
29/09/2017,356,1.626497604
29/09/2017,357,1.631761154
29/09/2017,358,1.637024703
29/09/2017,359,1.642288253
29/09/2017,360,1.647551802
29/09/2017,361,1.652815352
29/09/2017,362,1.658078901
29/09/2017,363,1.663342451
29/09/2017,364,1.668606
29/09/2017,365,1.673808264
29/09/2017,366,1.679010527
29/09/2017,367,1.684212791
29/09/2017,368,1.689415055
29/09/2017,369,1.694617319
29/09/2017,370,1.699819582
29/09/2017,371,1.705021846
29/09/2017,372,1.71022411
29/09/2017,373,1.715426374
29/09/2017,374,1.720628637
29/09/2017,375,1.725830901
29/09/2017,376,1.731033165
29/09/2017,377,1.736235429
29/09/2017,378,1.741437692
29/09/2017,379,1.746639956
29/09/2017,380,1.75184222
29/09/2017,381,1.757044484
29/09/2017,382,1.762246747
29/09/2017,383,1.767449011
29/09/2017,384,1.772651275
29/09/2017,385,1.777853538
29/09/2017,386,1.783055802
29/09/2017,387,1.788258066
29/09/2017,388,1.79346033
29/09/2017,389,1.798662593
29/09/2017,390,1.803864857
29/09/2017,391,1.809067121
29/09/2017,392,1.814269385
29/09/2017,393,1.819471648
29/09/2017,394,1.824673912
29/09/2017,395,1.829876176
29/09/2017,396,1.83507844
29/09/2017,397,1.840280703
29/09/2017,398,1.845482967
29/09/2017,399,1.850685231
29/09/2017,400,1.855887495
29/09/2017,401,1.861089758
29/09/2017,402,1.866292022
29/09/2017,403,1.871494286
29/09/2017,404,1.876696549
29/09/2017,405,1.881898813
29/09/2017,406,1.887101077
29/09/2017,407,1.892303341
29/09/2017,408,1.897505604
29/09/2017,409,1.902707868
29/09/2017,410,1.907910132
29/09/2017,411,1.913112396
29/09/2017,412,1.918314659
29/09/2017,413,1.923516923
29/09/2017,414,1.928719187
29/09/2017,415,1.933921451
29/09/2017,416,1.939123714
29/09/2017,417,1.944325978
29/09/2017,418,1.949528242
29/09/2017,419,1.954730505
29/09/2017,420,1.959932769
29/09/2017,421,1.965135033
29/09/2017,422,1.970337297
29/09/2017,423,1.97553956
29/09/2017,424,1.980741824
29/09/2017,425,1.985944088
29/09/2017,426,1.991146352
29/09/2017,427,1.996348615
29/09/2017,428,2.001550879
29/09/2017,429,2.006753143
29/09/2017,430,2.011955407
29/09/2017,431,2.01715767
29/09/2017,432,2.022359934
29/09/2017,433,2.027562198
29/09/2017,434,2.032764462
29/09/2017,435,2.037966725
29/09/2017,436,2.043168989
29/09/2017,437,2.048371253
29/09/2017,438,2.053573516
29/09/2017,439,2.05877578
29/09/2017,440,2.063978044
29/09/2017,441,2.069180308
29/09/2017,442,2.074382571
29/09/2017,443,2.079584835
29/09/2017,444,2.084787099
29/09/2017,445,2.089989363
29/09/2017,446,2.095191626
29/09/2017,447,2.10039389
29/09/2017,448,2.105596154
29/09/2017,449,2.110798418
29/09/2017,450,2.116000681
29/09/2017,451,2.121202945
29/09/2017,452,2.126405209
29/09/2017,453,2.131607473
29/09/2017,454,2.136809736
29/09/2017,455,2.142012
29/09/2017,456,2.147214264
29/09/2017,457,2.152416527
29/09/2017,458,2.157618791
29/09/2017,459,2.162821055
29/09/2017,460,2.168023319
29/09/2017,461,2.173225582
29/09/2017,462,2.178427846
29/09/2017,463,2.18363011
29/09/2017,464,2.188832374
29/09/2017,465,2.194034637
29/09/2017,466,2.199236901
29/09/2017,467,2.204439165
29/09/2017,468,2.209641429
29/09/2017,469,2.214843692
29/09/2017,470,2.220045956
29/09/2017,471,2.22524822
29/09/2017,472,2.230450484
29/09/2017,473,2.235652747
29/09/2017,474,2.240855011
29/09/2017,475,2.246057275
29/09/2017,476,2.251259538
29/09/2017,477,2.256461802
29/09/2017,478,2.261664066
29/09/2017,479,2.26686633
29/09/2017,480,2.272068593
29/09/2017,481,2.277270857
29/09/2017,482,2.282473121
29/09/2017,483,2.287675385
29/09/2017,484,2.292877648
29/09/2017,485,2.298079912
29/09/2017,486,2.303282176
29/09/2017,487,2.30848444
29/09/2017,488,2.313686703
29/09/2017,489,2.318888967
29/09/2017,490,2.324091231
29/09/2017,491,2.329293495
29/09/2017,492,2.334495758
29/09/2017,493,2.339698022
29/09/2017,494,2.344900286
29/09/2017,495,2.350102549
29/09/2017,496,2.355304813
29/09/2017,497,2.360507077
29/09/2017,498,2.365709341
29/09/2017,499,2.370911604
29/09/2017,500,2.376113868
29/09/2017,501,2.381316132
29/09/2017,502,2.386518396
29/09/2017,503,2.391720659
29/09/2017,504,2.396922923
29/09/2017,505,2.402125187
29/09/2017,506,2.407327451
29/09/2017,507,2.412529714
29/09/2017,508,2.417731978
29/09/2017,509,2.422934242
29/09/2017,510,2.428136505
29/09/2017,511,2.433338769
29/09/2017,512,2.438541033
29/09/2017,513,2.443743297
29/09/2017,514,2.44894556
29/09/2017,515,2.454147824
29/09/2017,516,2.459350088
29/09/2017,517,2.464552352
29/09/2017,518,2.469754615
29/09/2017,519,2.474956879
29/09/2017,520,2.480159143
29/09/2017,521,2.485361407
29/09/2017,522,2.49056367
29/09/2017,523,2.495765934
29/09/2017,524,2.500968198
29/09/2017,525,2.506170462
29/09/2017,526,2.511372725
29/09/2017,527,2.516574989
29/09/2017,528,2.521777253
29/09/2017,529,2.526979516
29/09/2017,530,2.53218178
29/09/2017,531,2.537384044
29/09/2017,532,2.542586308
29/09/2017,533,2.547788571
29/09/2017,534,2.552990835
29/09/2017,535,2.558193099
29/09/2017,536,2.563395363
29/09/2017,537,2.568597626
29/09/2017,538,2.57379989
29/09/2017,539,2.579002154
29/09/2017,540,2.584204418
29/09/2017,541,2.589406681
29/09/2017,542,2.594608945
29/09/2017,543,2.599811209
29/09/2017,544,2.605013473
29/09/2017,545,2.610215736
29/09/2017,546,2.615418
29/09/2017,547,2.617574621
29/09/2017,548,2.619731242
29/09/2017,549,2.621887863
29/09/2017,550,2.624044484
29/09/2017,551,2.626201104
29/09/2017,552,2.628357725
29/09/2017,553,2.630514346
29/09/2017,554,2.632670967
29/09/2017,555,2.634827588
29/09/2017,556,2.636984209
29/09/2017,557,2.63914083
29/09/2017,558,2.641297451
29/09/2017,559,2.643454071
29/09/2017,560,2.645610692
29/09/2017,561,2.647767313
29/09/2017,562,2.649923934
29/09/2017,563,2.652080555
29/09/2017,564,2.654237176
29/09/2017,565,2.656393797
29/09/2017,566,2.658550418
29/09/2017,567,2.660707038
29/09/2017,568,2.662863659
29/09/2017,569,2.66502028
29/09/2017,570,2.667176901
29/09/2017,571,2.669333522
29/09/2017,572,2.671490143
29/09/2017,573,2.673646764
29/09/2017,574,2.675803385
29/09/2017,575,2.677960005
29/09/2017,576,2.680116626
29/09/2017,577,2.682273247
29/09/2017,578,2.684429868
29/09/2017,579,2.686586489
29/09/2017,580,2.68874311
29/09/2017,581,2.690899731
29/09/2017,582,2.693056352
29/09/2017,583,2.695212973
29/09/2017,584,2.697369593
29/09/2017,585,2.699526214
29/09/2017,586,2.701682835
29/09/2017,587,2.703839456
29/09/2017,588,2.705996077
29/09/2017,589,2.708152698
29/09/2017,590,2.710309319
29/09/2017,591,2.71246594
29/09/2017,592,2.71462256
29/09/2017,593,2.716779181
29/09/2017,594,2.718935802
29/09/2017,595,2.721092423
29/09/2017,596,2.723249044
29/09/2017,597,2.725405665
29/09/2017,598,2.727562286
29/09/2017,599,2.729718907
29/09/2017,600,2.731875527
29/09/2017,601,2.734032148
29/09/2017,602,2.736188769
29/09/2017,603,2.73834539
29/09/2017,604,2.740502011
29/09/2017,605,2.742658632
29/09/2017,606,2.744815253
29/09/2017,607,2.746971874
29/09/2017,608,2.749128495
29/09/2017,609,2.751285115
29/09/2017,610,2.753441736
29/09/2017,611,2.755598357
29/09/2017,612,2.757754978
29/09/2017,613,2.759911599
29/09/2017,614,2.76206822
29/09/2017,615,2.764224841
29/09/2017,616,2.766381462
29/09/2017,617,2.768538082
29/09/2017,618,2.770694703
29/09/2017,619,2.772851324
29/09/2017,620,2.775007945
29/09/2017,621,2.777164566
29/09/2017,622,2.779321187
29/09/2017,623,2.781477808
29/09/2017,624,2.783634429
29/09/2017,625,2.785791049
29/09/2017,626,2.78794767
29/09/2017,627,2.790104291
29/09/2017,628,2.792260912
29/09/2017,629,2.794417533
29/09/2017,630,2.796574154
29/09/2017,631,2.798730775
29/09/2017,632,2.800887396
29/09/2017,633,2.803044016
29/09/2017,634,2.805200637
29/09/2017,635,2.807357258
29/09/2017,636,2.809513879
29/09/2017,637,2.8116705
29/09/2017,638,2.813827121
29/09/2017,639,2.815983742
29/09/2017,640,2.818140363
29/09/2017,641,2.820296984
29/09/2017,642,2.822453604
29/09/2017,643,2.824610225
29/09/2017,644,2.826766846
29/09/2017,645,2.828923467
29/09/2017,646,2.831080088
29/09/2017,647,2.833236709
29/09/2017,648,2.83539333
29/09/2017,649,2.837549951
29/09/2017,650,2.839706571
29/09/2017,651,2.841863192
29/09/2017,652,2.844019813
29/09/2017,653,2.846176434
29/09/2017,654,2.848333055
29/09/2017,655,2.850489676
29/09/2017,656,2.852646297
29/09/2017,657,2.854802918
29/09/2017,658,2.856959538
29/09/2017,659,2.859116159
29/09/2017,660,2.86127278
29/09/2017,661,2.863429401
29/09/2017,662,2.865586022
29/09/2017,663,2.867742643
29/09/2017,664,2.869899264
29/09/2017,665,2.872055885
29/09/2017,666,2.874212505
29/09/2017,667,2.876369126
29/09/2017,668,2.878525747
29/09/2017,669,2.880682368
29/09/2017,670,2.882838989
29/09/2017,671,2.88499561
29/09/2017,672,2.887152231
29/09/2017,673,2.889308852
29/09/2017,674,2.891465473
29/09/2017,675,2.893622093
29/09/2017,676,2.895778714
29/09/2017,677,2.897935335
29/09/2017,678,2.900091956
29/09/2017,679,2.902248577
29/09/2017,680,2.904405198
29/09/2017,681,2.906561819
29/09/2017,682,2.90871844
29/09/2017,683,2.91087506
29/09/2017,684,2.913031681
29/09/2017,685,2.915188302
29/09/2017,686,2.917344923
29/09/2017,687,2.919501544
29/09/2017,688,2.921658165
29/09/2017,689,2.923814786
29/09/2017,690,2.925971407
29/09/2017,691,2.928128027
29/09/2017,692,2.930284648
29/09/2017,693,2.932441269
29/09/2017,694,2.93459789
29/09/2017,695,2.936754511
29/09/2017,696,2.938911132
29/09/2017,697,2.941067753
29/09/2017,698,2.943224374
29/09/2017,699,2.945380995
29/09/2017,700,2.947537615
29/09/2017,701,2.949694236
29/09/2017,702,2.951850857
29/09/2017,703,2.954007478
29/09/2017,704,2.956164099
29/09/2017,705,2.95832072
29/09/2017,706,2.960477341
29/09/2017,707,2.962633962
29/09/2017,708,2.964790582
29/09/2017,709,2.966947203
29/09/2017,710,2.969103824
29/09/2017,711,2.971260445
29/09/2017,712,2.973417066
29/09/2017,713,2.975573687
29/09/2017,714,2.977730308
29/09/2017,715,2.979886929
29/09/2017,716,2.982043549
29/09/2017,717,2.98420017
29/09/2017,718,2.986356791
29/09/2017,719,2.988513412
29/09/2017,720,2.990670033
29/09/2017,721,2.992826654
29/09/2017,722,2.994983275
29/09/2017,723,2.997139896
29/09/2017,724,2.999296516
29/09/2017,725,3.001453137
29/09/2017,726,3.003609758
29/09/2017,727,3.005766379
29/09/2017,728,3.007923
29/09/2017,729,3.007982747
29/09/2017,730,3.008042495
29/09/2017,731,3.008102242
29/09/2017,732,3.008161989
29/09/2017,733,3.008221736
29/09/2017,734,3.008281484
29/09/2017,735,3.008341231
29/09/2017,736,3.008400978
29/09/2017,737,3.008460725
29/09/2017,738,3.008520473
29/09/2017,739,3.00858022
29/09/2017,740,3.008639967
29/09/2017,741,3.008699714
29/09/2017,742,3.008759462
29/09/2017,743,3.008819209
29/09/2017,744,3.008878956
29/09/2017,745,3.008938703
29/09/2017,746,3.008998451
29/09/2017,747,3.009058198
29/09/2017,748,3.009117945
29/09/2017,749,3.009177692
29/09/2017,750,3.00923744
29/09/2017,751,3.009297187
29/09/2017,752,3.009356934
29/09/2017,753,3.009416681
29/09/2017,754,3.009476429
29/09/2017,755,3.009536176
29/09/2017,756,3.009595923
29/09/2017,757,3.00965567
29/09/2017,758,3.009715418
29/09/2017,759,3.009775165
29/09/2017,760,3.009834912
29/09/2017,761,3.009894659
29/09/2017,762,3.009954407
29/09/2017,763,3.010014154
29/09/2017,764,3.010073901
29/09/2017,765,3.010133648
29/09/2017,766,3.010193396
29/09/2017,767,3.010253143
29/09/2017,768,3.01031289
29/09/2017,769,3.010372637
29/09/2017,770,3.010432385
29/09/2017,771,3.010492132
29/09/2017,772,3.010551879
29/09/2017,773,3.010611626
29/09/2017,774,3.010671374
29/09/2017,775,3.010731121
29/09/2017,776,3.010790868
29/09/2017,777,3.010850615
29/09/2017,778,3.010910363
29/09/2017,779,3.01097011
29/09/2017,780,3.011029857
29/09/2017,781,3.011089604
29/09/2017,782,3.011149352
29/09/2017,783,3.011209099
29/09/2017,784,3.011268846
29/09/2017,785,3.011328593
29/09/2017,786,3.011388341
29/09/2017,787,3.011448088
29/09/2017,788,3.011507835
29/09/2017,789,3.011567582
29/09/2017,790,3.01162733
29/09/2017,791,3.011687077
29/09/2017,792,3.011746824
29/09/2017,793,3.011806571
29/09/2017,794,3.011866319
29/09/2017,795,3.011926066
29/09/2017,796,3.011985813
29/09/2017,797,3.01204556
29/09/2017,798,3.012105308
29/09/2017,799,3.012165055
29/09/2017,800,3.012224802
29/09/2017,801,3.012284549
29/09/2017,802,3.012344297
29/09/2017,803,3.012404044
29/09/2017,804,3.012463791
29/09/2017,805,3.012523538
29/09/2017,806,3.012583286
29/09/2017,807,3.012643033
29/09/2017,808,3.01270278
29/09/2017,809,3.012762527
29/09/2017,810,3.012822275
29/09/2017,811,3.012882022
29/09/2017,812,3.012941769
29/09/2017,813,3.013001516
29/09/2017,814,3.013061264
29/09/2017,815,3.013121011
29/09/2017,816,3.013180758
29/09/2017,817,3.013240505
29/09/2017,818,3.013300253
29/09/2017,819,3.01336
29/09/2017,820,3.013419747
29/09/2017,821,3.013479495
29/09/2017,822,3.013539242
29/09/2017,823,3.013598989
29/09/2017,824,3.013658736
29/09/2017,825,3.013718484
29/09/2017,826,3.013778231
29/09/2017,827,3.013837978
29/09/2017,828,3.013897725
29/09/2017,829,3.013957473
29/09/2017,830,3.01401722
29/09/2017,831,3.014076967
29/09/2017,832,3.014136714
29/09/2017,833,3.014196462
29/09/2017,834,3.014256209
29/09/2017,835,3.014315956
29/09/2017,836,3.014375703
29/09/2017,837,3.014435451
29/09/2017,838,3.014495198
29/09/2017,839,3.014554945
29/09/2017,840,3.014614692
29/09/2017,841,3.01467444
29/09/2017,842,3.014734187
29/09/2017,843,3.014793934
29/09/2017,844,3.014853681
29/09/2017,845,3.014913429
29/09/2017,846,3.014973176
29/09/2017,847,3.015032923
29/09/2017,848,3.01509267
29/09/2017,849,3.015152418
29/09/2017,850,3.015212165
29/09/2017,851,3.015271912
29/09/2017,852,3.015331659
29/09/2017,853,3.015391407
29/09/2017,854,3.015451154
29/09/2017,855,3.015510901
29/09/2017,856,3.015570648
29/09/2017,857,3.015630396
29/09/2017,858,3.015690143
29/09/2017,859,3.01574989
29/09/2017,860,3.015809637
29/09/2017,861,3.015869385
29/09/2017,862,3.015929132
29/09/2017,863,3.015988879
29/09/2017,864,3.016048626
29/09/2017,865,3.016108374
29/09/2017,866,3.016168121
29/09/2017,867,3.016227868
29/09/2017,868,3.016287615
29/09/2017,869,3.016347363
29/09/2017,870,3.01640711
29/09/2017,871,3.016466857
29/09/2017,872,3.016526604
29/09/2017,873,3.016586352
29/09/2017,874,3.016646099
29/09/2017,875,3.016705846
29/09/2017,876,3.016765593
29/09/2017,877,3.016825341
29/09/2017,878,3.016885088
29/09/2017,879,3.016944835
29/09/2017,880,3.017004582
29/09/2017,881,3.01706433
29/09/2017,882,3.017124077
29/09/2017,883,3.017183824
29/09/2017,884,3.017243571
29/09/2017,885,3.017303319
29/09/2017,886,3.017363066
29/09/2017,887,3.017422813
29/09/2017,888,3.01748256
29/09/2017,889,3.017542308
29/09/2017,890,3.017602055
29/09/2017,891,3.017661802
29/09/2017,892,3.017721549
29/09/2017,893,3.017781297
29/09/2017,894,3.017841044
29/09/2017,895,3.017900791
29/09/2017,896,3.017960538
29/09/2017,897,3.018020286
29/09/2017,898,3.018080033
29/09/2017,899,3.01813978
29/09/2017,900,3.018199527
29/09/2017,901,3.018259275
29/09/2017,902,3.018319022
29/09/2017,903,3.018378769
29/09/2017,904,3.018438516
29/09/2017,905,3.018498264
29/09/2017,906,3.018558011
29/09/2017,907,3.018617758
29/09/2017,908,3.018677505
29/09/2017,909,3.018737253
29/09/2017,910,3.018797
29/09/2017,911,3.01878733
29/09/2017,912,3.018777659
29/09/2017,913,3.018767989
29/09/2017,914,3.018758319
29/09/2017,915,3.018748648
29/09/2017,916,3.018738978
29/09/2017,917,3.018729308
29/09/2017,918,3.018719637
29/09/2017,919,3.018709967
29/09/2017,920,3.018700297
29/09/2017,921,3.018690626
29/09/2017,922,3.018680956
29/09/2017,923,3.018671286
29/09/2017,924,3.018661615
29/09/2017,925,3.018651945
29/09/2017,926,3.018642275
29/09/2017,927,3.018632604
29/09/2017,928,3.018622934
29/09/2017,929,3.018613264
29/09/2017,930,3.018603593
29/09/2017,931,3.018593923
29/09/2017,932,3.018584253
29/09/2017,933,3.018574582
29/09/2017,934,3.018564912
29/09/2017,935,3.018555242
29/09/2017,936,3.018545571
29/09/2017,937,3.018535901
29/09/2017,938,3.018526231
29/09/2017,939,3.01851656
29/09/2017,940,3.01850689
29/09/2017,941,3.01849722
29/09/2017,942,3.018487549
29/09/2017,943,3.018477879
29/09/2017,944,3.018468209
29/09/2017,945,3.018458538
29/09/2017,946,3.018448868
29/09/2017,947,3.018439198
29/09/2017,948,3.018429527
29/09/2017,949,3.018419857
29/09/2017,950,3.018410187
29/09/2017,951,3.018400516
29/09/2017,952,3.018390846
29/09/2017,953,3.018381176
29/09/2017,954,3.018371505
29/09/2017,955,3.018361835
29/09/2017,956,3.018352165
29/09/2017,957,3.018342495
29/09/2017,958,3.018332824
29/09/2017,959,3.018323154
29/09/2017,960,3.018313484
29/09/2017,961,3.018303813
29/09/2017,962,3.018294143
29/09/2017,963,3.018284473
29/09/2017,964,3.018274802
29/09/2017,965,3.018265132
29/09/2017,966,3.018255462
29/09/2017,967,3.018245791
29/09/2017,968,3.018236121
29/09/2017,969,3.018226451
29/09/2017,970,3.01821678
29/09/2017,971,3.01820711
29/09/2017,972,3.01819744
29/09/2017,973,3.018187769
29/09/2017,974,3.018178099
29/09/2017,975,3.018168429
29/09/2017,976,3.018158758
29/09/2017,977,3.018149088
29/09/2017,978,3.018139418
29/09/2017,979,3.018129747
29/09/2017,980,3.018120077
29/09/2017,981,3.018110407
29/09/2017,982,3.018100736
29/09/2017,983,3.018091066
29/09/2017,984,3.018081396
29/09/2017,985,3.018071725
29/09/2017,986,3.018062055
29/09/2017,987,3.018052385
29/09/2017,988,3.018042714
29/09/2017,989,3.018033044
29/09/2017,990,3.018023374
29/09/2017,991,3.018013703
29/09/2017,992,3.018004033
29/09/2017,993,3.017994363
29/09/2017,994,3.017984692
29/09/2017,995,3.017975022
29/09/2017,996,3.017965352
29/09/2017,997,3.017955681
29/09/2017,998,3.017946011
29/09/2017,999,3.017936341
29/09/2017,1000,3.01792667
29/09/2017,1001,3.017917
29/09/2017,1002,3.01790733
29/09/2017,1003,3.017897659
29/09/2017,1004,3.017887989
29/09/2017,1005,3.017878319
29/09/2017,1006,3.017868648
29/09/2017,1007,3.017858978
29/09/2017,1008,3.017849308
29/09/2017,1009,3.017839637
29/09/2017,1010,3.017829967
29/09/2017,1011,3.017820297
29/09/2017,1012,3.017810626
29/09/2017,1013,3.017800956
29/09/2017,1014,3.017791286
29/09/2017,1015,3.017781615
29/09/2017,1016,3.017771945
29/09/2017,1017,3.017762275
29/09/2017,1018,3.017752604
29/09/2017,1019,3.017742934
29/09/2017,1020,3.017733264
29/09/2017,1021,3.017723593
29/09/2017,1022,3.017713923
29/09/2017,1023,3.017704253
29/09/2017,1024,3.017694582
29/09/2017,1025,3.017684912
29/09/2017,1026,3.017675242
29/09/2017,1027,3.017665571
29/09/2017,1028,3.017655901
29/09/2017,1029,3.017646231
29/09/2017,1030,3.01763656
29/09/2017,1031,3.01762689
29/09/2017,1032,3.01761722
29/09/2017,1033,3.017607549
29/09/2017,1034,3.017597879
29/09/2017,1035,3.017588209
29/09/2017,1036,3.017578538
29/09/2017,1037,3.017568868
29/09/2017,1038,3.017559198
29/09/2017,1039,3.017549527
29/09/2017,1040,3.017539857
29/09/2017,1041,3.017530187
29/09/2017,1042,3.017520516
29/09/2017,1043,3.017510846
29/09/2017,1044,3.017501176
29/09/2017,1045,3.017491505
29/09/2017,1046,3.017481835
29/09/2017,1047,3.017472165
29/09/2017,1048,3.017462495
29/09/2017,1049,3.017452824
29/09/2017,1050,3.017443154
29/09/2017,1051,3.017433484
29/09/2017,1052,3.017423813
29/09/2017,1053,3.017414143
29/09/2017,1054,3.017404473
29/09/2017,1055,3.017394802
29/09/2017,1056,3.017385132
29/09/2017,1057,3.017375462
29/09/2017,1058,3.017365791
29/09/2017,1059,3.017356121
29/09/2017,1060,3.017346451
29/09/2017,1061,3.01733678
29/09/2017,1062,3.01732711
29/09/2017,1063,3.01731744
29/09/2017,1064,3.017307769
29/09/2017,1065,3.017298099
29/09/2017,1066,3.017288429
29/09/2017,1067,3.017278758
29/09/2017,1068,3.017269088
29/09/2017,1069,3.017259418
29/09/2017,1070,3.017249747
29/09/2017,1071,3.017240077
29/09/2017,1072,3.017230407
29/09/2017,1073,3.017220736
29/09/2017,1074,3.017211066
29/09/2017,1075,3.017201396
29/09/2017,1076,3.017191725
29/09/2017,1077,3.017182055
29/09/2017,1078,3.017172385
29/09/2017,1079,3.017162714
29/09/2017,1080,3.017153044
29/09/2017,1081,3.017143374
29/09/2017,1082,3.017133703
29/09/2017,1083,3.017124033
29/09/2017,1084,3.017114363
29/09/2017,1085,3.017104692
29/09/2017,1086,3.017095022
29/09/2017,1087,3.017085352
29/09/2017,1088,3.017075681
29/09/2017,1089,3.017066011
29/09/2017,1090,3.017056341
29/09/2017,1091,3.01704667
29/09/2017,1092,3.017037
29/09/2017,1093,3.017036637
29/09/2017,1094,3.017036275
29/09/2017,1095,3.017035912
29/09/2017,1096,3.017035549
29/09/2017,1097,3.017035187
29/09/2017,1098,3.017034824
29/09/2017,1099,3.017034462
29/09/2017,1100,3.017034099
29/09/2017,1101,3.017033736
29/09/2017,1102,3.017033374
29/09/2017,1103,3.017033011
29/09/2017,1104,3.017032648
29/09/2017,1105,3.017032286
29/09/2017,1106,3.017031923
29/09/2017,1107,3.01703156
29/09/2017,1108,3.017031198
29/09/2017,1109,3.017030835
29/09/2017,1110,3.017030473
29/09/2017,1111,3.01703011
29/09/2017,1112,3.017029747
29/09/2017,1113,3.017029385
29/09/2017,1114,3.017029022
29/09/2017,1115,3.017028659
29/09/2017,1116,3.017028297
29/09/2017,1117,3.017027934
29/09/2017,1118,3.017027571
29/09/2017,1119,3.017027209
29/09/2017,1120,3.017026846
29/09/2017,1121,3.017026484
29/09/2017,1122,3.017026121
29/09/2017,1123,3.017025758
29/09/2017,1124,3.017025396
29/09/2017,1125,3.017025033
29/09/2017,1126,3.01702467
29/09/2017,1127,3.017024308
29/09/2017,1128,3.017023945
29/09/2017,1129,3.017023582
29/09/2017,1130,3.01702322
29/09/2017,1131,3.017022857
29/09/2017,1132,3.017022495
29/09/2017,1133,3.017022132
29/09/2017,1134,3.017021769
29/09/2017,1135,3.017021407
29/09/2017,1136,3.017021044
29/09/2017,1137,3.017020681
29/09/2017,1138,3.017020319
29/09/2017,1139,3.017019956
29/09/2017,1140,3.017019593
29/09/2017,1141,3.017019231
29/09/2017,1142,3.017018868
29/09/2017,1143,3.017018505
29/09/2017,1144,3.017018143
29/09/2017,1145,3.01701778
29/09/2017,1146,3.017017418
29/09/2017,1147,3.017017055
29/09/2017,1148,3.017016692
29/09/2017,1149,3.01701633
29/09/2017,1150,3.017015967
29/09/2017,1151,3.017015604
29/09/2017,1152,3.017015242
29/09/2017,1153,3.017014879
29/09/2017,1154,3.017014516
29/09/2017,1155,3.017014154
29/09/2017,1156,3.017013791
29/09/2017,1157,3.017013429
29/09/2017,1158,3.017013066
29/09/2017,1159,3.017012703
29/09/2017,1160,3.017012341
29/09/2017,1161,3.017011978
29/09/2017,1162,3.017011615
29/09/2017,1163,3.017011253
29/09/2017,1164,3.01701089
29/09/2017,1165,3.017010527
29/09/2017,1166,3.017010165
29/09/2017,1167,3.017009802
29/09/2017,1168,3.01700944
29/09/2017,1169,3.017009077
29/09/2017,1170,3.017008714
29/09/2017,1171,3.017008352
29/09/2017,1172,3.017007989
29/09/2017,1173,3.017007626
29/09/2017,1174,3.017007264
29/09/2017,1175,3.017006901
29/09/2017,1176,3.017006538
29/09/2017,1177,3.017006176
29/09/2017,1178,3.017005813
29/09/2017,1179,3.017005451
29/09/2017,1180,3.017005088
29/09/2017,1181,3.017004725
29/09/2017,1182,3.017004363
29/09/2017,1183,3.017004
29/09/2017,1184,3.017003637
29/09/2017,1185,3.017003275
29/09/2017,1186,3.017002912
29/09/2017,1187,3.017002549
29/09/2017,1188,3.017002187
29/09/2017,1189,3.017001824
29/09/2017,1190,3.017001462
29/09/2017,1191,3.017001099
29/09/2017,1192,3.017000736
29/09/2017,1193,3.017000374
29/09/2017,1194,3.017000011
29/09/2017,1195,3.016999648
29/09/2017,1196,3.016999286
29/09/2017,1197,3.016998923
29/09/2017,1198,3.01699856
29/09/2017,1199,3.016998198
29/09/2017,1200,3.016997835
29/09/2017,1201,3.016997473
29/09/2017,1202,3.01699711
29/09/2017,1203,3.016996747
29/09/2017,1204,3.016996385
29/09/2017,1205,3.016996022
29/09/2017,1206,3.016995659
29/09/2017,1207,3.016995297
29/09/2017,1208,3.016994934
29/09/2017,1209,3.016994571
29/09/2017,1210,3.016994209
29/09/2017,1211,3.016993846
29/09/2017,1212,3.016993484
29/09/2017,1213,3.016993121
29/09/2017,1214,3.016992758
29/09/2017,1215,3.016992396
29/09/2017,1216,3.016992033
29/09/2017,1217,3.01699167
29/09/2017,1218,3.016991308
29/09/2017,1219,3.016990945
29/09/2017,1220,3.016990582
29/09/2017,1221,3.01699022
29/09/2017,1222,3.016989857
29/09/2017,1223,3.016989495
29/09/2017,1224,3.016989132
29/09/2017,1225,3.016988769
29/09/2017,1226,3.016988407
29/09/2017,1227,3.016988044
29/09/2017,1228,3.016987681
29/09/2017,1229,3.016987319
29/09/2017,1230,3.016986956
29/09/2017,1231,3.016986593
29/09/2017,1232,3.016986231
29/09/2017,1233,3.016985868
29/09/2017,1234,3.016985505
29/09/2017,1235,3.016985143
29/09/2017,1236,3.01698478
29/09/2017,1237,3.016984418
29/09/2017,1238,3.016984055
29/09/2017,1239,3.016983692
29/09/2017,1240,3.01698333
29/09/2017,1241,3.016982967
29/09/2017,1242,3.016982604
29/09/2017,1243,3.016982242
29/09/2017,1244,3.016981879
29/09/2017,1245,3.016981516
29/09/2017,1246,3.016981154
29/09/2017,1247,3.016980791
29/09/2017,1248,3.016980429
29/09/2017,1249,3.016980066
29/09/2017,1250,3.016979703
29/09/2017,1251,3.016979341
29/09/2017,1252,3.016978978
29/09/2017,1253,3.016978615
29/09/2017,1254,3.016978253
29/09/2017,1255,3.01697789
29/09/2017,1256,3.016977527
29/09/2017,1257,3.016977165
29/09/2017,1258,3.016976802
29/09/2017,1259,3.01697644
29/09/2017,1260,3.016976077
29/09/2017,1261,3.016975714
29/09/2017,1262,3.016975352
29/09/2017,1263,3.016974989
29/09/2017,1264,3.016974626
29/09/2017,1265,3.016974264
29/09/2017,1266,3.016973901
29/09/2017,1267,3.016973538
29/09/2017,1268,3.016973176
29/09/2017,1269,3.016972813
29/09/2017,1270,3.016972451
29/09/2017,1271,3.016972088
29/09/2017,1272,3.016971725
29/09/2017,1273,3.016971363
29/09/2017,1274,3.016971
29/09/2017,1275,3.016988198
29/09/2017,1276,3.017005396
29/09/2017,1277,3.017022593
29/09/2017,1278,3.017039791
29/09/2017,1279,3.017056989
29/09/2017,1280,3.017074187
29/09/2017,1281,3.017091385
29/09/2017,1282,3.017108582
29/09/2017,1283,3.01712578
29/09/2017,1284,3.017142978
29/09/2017,1285,3.017160176
29/09/2017,1286,3.017177374
29/09/2017,1287,3.017194571
29/09/2017,1288,3.017211769
29/09/2017,1289,3.017228967
29/09/2017,1290,3.017246165
29/09/2017,1291,3.017263363
29/09/2017,1292,3.01728056
29/09/2017,1293,3.017297758
29/09/2017,1294,3.017314956
29/09/2017,1295,3.017332154
29/09/2017,1296,3.017349352
29/09/2017,1297,3.017366549
29/09/2017,1298,3.017383747
29/09/2017,1299,3.017400945
29/09/2017,1300,3.017418143
29/09/2017,1301,3.017435341
29/09/2017,1302,3.017452538
29/09/2017,1303,3.017469736
29/09/2017,1304,3.017486934
29/09/2017,1305,3.017504132
29/09/2017,1306,3.01752133
29/09/2017,1307,3.017538527
29/09/2017,1308,3.017555725
29/09/2017,1309,3.017572923
29/09/2017,1310,3.017590121
29/09/2017,1311,3.017607319
29/09/2017,1312,3.017624516
29/09/2017,1313,3.017641714
29/09/2017,1314,3.017658912
29/09/2017,1315,3.01767611
29/09/2017,1316,3.017693308
29/09/2017,1317,3.017710505
29/09/2017,1318,3.017727703
29/09/2017,1319,3.017744901
29/09/2017,1320,3.017762099
29/09/2017,1321,3.017779297
29/09/2017,1322,3.017796495
29/09/2017,1323,3.017813692
29/09/2017,1324,3.01783089
29/09/2017,1325,3.017848088
29/09/2017,1326,3.017865286
29/09/2017,1327,3.017882484
29/09/2017,1328,3.017899681
29/09/2017,1329,3.017916879
29/09/2017,1330,3.017934077
29/09/2017,1331,3.017951275
29/09/2017,1332,3.017968473
29/09/2017,1333,3.01798567
29/09/2017,1334,3.018002868
29/09/2017,1335,3.018020066
29/09/2017,1336,3.018037264
29/09/2017,1337,3.018054462
29/09/2017,1338,3.018071659
29/09/2017,1339,3.018088857
29/09/2017,1340,3.018106055
29/09/2017,1341,3.018123253
29/09/2017,1342,3.018140451
29/09/2017,1343,3.018157648
29/09/2017,1344,3.018174846
29/09/2017,1345,3.018192044
29/09/2017,1346,3.018209242
29/09/2017,1347,3.01822644
29/09/2017,1348,3.018243637
29/09/2017,1349,3.018260835
29/09/2017,1350,3.018278033
29/09/2017,1351,3.018295231
29/09/2017,1352,3.018312429
29/09/2017,1353,3.018329626
29/09/2017,1354,3.018346824
29/09/2017,1355,3.018364022
29/09/2017,1356,3.01838122
29/09/2017,1357,3.018398418
29/09/2017,1358,3.018415615
29/09/2017,1359,3.018432813
29/09/2017,1360,3.018450011
29/09/2017,1361,3.018467209
29/09/2017,1362,3.018484407
29/09/2017,1363,3.018501604
29/09/2017,1364,3.018518802
29/09/2017,1365,3.018536
29/09/2017,1366,3.018553198
29/09/2017,1367,3.018570396
29/09/2017,1368,3.018587593
29/09/2017,1369,3.018604791
29/09/2017,1370,3.018621989
29/09/2017,1371,3.018639187
29/09/2017,1372,3.018656385
29/09/2017,1373,3.018673582
29/09/2017,1374,3.01869078
29/09/2017,1375,3.018707978
29/09/2017,1376,3.018725176
29/09/2017,1377,3.018742374
29/09/2017,1378,3.018759571
29/09/2017,1379,3.018776769
29/09/2017,1380,3.018793967
29/09/2017,1381,3.018811165
29/09/2017,1382,3.018828363
29/09/2017,1383,3.01884556
29/09/2017,1384,3.018862758
29/09/2017,1385,3.018879956
29/09/2017,1386,3.018897154
29/09/2017,1387,3.018914352
29/09/2017,1388,3.018931549
29/09/2017,1389,3.018948747
29/09/2017,1390,3.018965945
29/09/2017,1391,3.018983143
29/09/2017,1392,3.019000341
29/09/2017,1393,3.019017538
29/09/2017,1394,3.019034736
29/09/2017,1395,3.019051934
29/09/2017,1396,3.019069132
29/09/2017,1397,3.01908633
29/09/2017,1398,3.019103527
29/09/2017,1399,3.019120725
29/09/2017,1400,3.019137923
29/09/2017,1401,3.019155121
29/09/2017,1402,3.019172319
29/09/2017,1403,3.019189516
29/09/2017,1404,3.019206714
29/09/2017,1405,3.019223912
29/09/2017,1406,3.01924111
29/09/2017,1407,3.019258308
29/09/2017,1408,3.019275505
29/09/2017,1409,3.019292703
29/09/2017,1410,3.019309901
29/09/2017,1411,3.019327099
29/09/2017,1412,3.019344297
29/09/2017,1413,3.019361495
29/09/2017,1414,3.019378692
29/09/2017,1415,3.01939589
29/09/2017,1416,3.019413088
29/09/2017,1417,3.019430286
29/09/2017,1418,3.019447484
29/09/2017,1419,3.019464681
29/09/2017,1420,3.019481879
29/09/2017,1421,3.019499077
29/09/2017,1422,3.019516275
29/09/2017,1423,3.019533473
29/09/2017,1424,3.01955067
29/09/2017,1425,3.019567868
29/09/2017,1426,3.019585066
29/09/2017,1427,3.019602264
29/09/2017,1428,3.019619462
29/09/2017,1429,3.019636659
29/09/2017,1430,3.019653857
29/09/2017,1431,3.019671055
29/09/2017,1432,3.019688253
29/09/2017,1433,3.019705451
29/09/2017,1434,3.019722648
29/09/2017,1435,3.019739846
29/09/2017,1436,3.019757044
29/09/2017,1437,3.019774242
29/09/2017,1438,3.01979144
29/09/2017,1439,3.019808637
29/09/2017,1440,3.019825835
29/09/2017,1441,3.019843033
29/09/2017,1442,3.019860231
29/09/2017,1443,3.019877429
29/09/2017,1444,3.019894626
29/09/2017,1445,3.019911824
29/09/2017,1446,3.019929022
29/09/2017,1447,3.01994622
29/09/2017,1448,3.019963418
29/09/2017,1449,3.019980615
29/09/2017,1450,3.019997813
29/09/2017,1451,3.020015011
29/09/2017,1452,3.020032209
29/09/2017,1453,3.020049407
29/09/2017,1454,3.020066604
29/09/2017,1455,3.020083802
29/09/2017,1456,3.020101
29/09/2017,1457,3.020104857
29/09/2017,1458,3.020108714
29/09/2017,1459,3.020112571
29/09/2017,1460,3.020116429
29/09/2017,1461,3.020120286
29/09/2017,1462,3.020124143
29/09/2017,1463,3.020128
29/09/2017,1464,3.020131857
29/09/2017,1465,3.020135714
29/09/2017,1466,3.020139571
29/09/2017,1467,3.020143429
29/09/2017,1468,3.020147286
29/09/2017,1469,3.020151143
29/09/2017,1470,3.020155
29/09/2017,1471,3.020158857
29/09/2017,1472,3.020162714
29/09/2017,1473,3.020166571
29/09/2017,1474,3.020170429
29/09/2017,1475,3.020174286
29/09/2017,1476,3.020178143
29/09/2017,1477,3.020182
29/09/2017,1478,3.020185857
29/09/2017,1479,3.020189714
29/09/2017,1480,3.020193571
29/09/2017,1481,3.020197429
29/09/2017,1482,3.020201286
29/09/2017,1483,3.020205143
29/09/2017,1484,3.020209
29/09/2017,1485,3.020212857
29/09/2017,1486,3.020216714
29/09/2017,1487,3.020220571
29/09/2017,1488,3.020224429
29/09/2017,1489,3.020228286
29/09/2017,1490,3.020232143
29/09/2017,1491,3.020236
29/09/2017,1492,3.020239857
29/09/2017,1493,3.020243714
29/09/2017,1494,3.020247571
29/09/2017,1495,3.020251429
29/09/2017,1496,3.020255286
29/09/2017,1497,3.020259143
29/09/2017,1498,3.020263
29/09/2017,1499,3.020266857
29/09/2017,1500,3.020270714
29/09/2017,1501,3.020274571
29/09/2017,1502,3.020278429
29/09/2017,1503,3.020282286
29/09/2017,1504,3.020286143
29/09/2017,1505,3.02029
29/09/2017,1506,3.020293857
29/09/2017,1507,3.020297714
29/09/2017,1508,3.020301571
29/09/2017,1509,3.020305429
29/09/2017,1510,3.020309286
29/09/2017,1511,3.020313143
29/09/2017,1512,3.020317
29/09/2017,1513,3.020320857
29/09/2017,1514,3.020324714
29/09/2017,1515,3.020328571
29/09/2017,1516,3.020332429
29/09/2017,1517,3.020336286
29/09/2017,1518,3.020340143
29/09/2017,1519,3.020344
29/09/2017,1520,3.020347857
29/09/2017,1521,3.020351714
29/09/2017,1522,3.020355571
29/09/2017,1523,3.020359429
29/09/2017,1524,3.020363286
29/09/2017,1525,3.020367143
29/09/2017,1526,3.020371
29/09/2017,1527,3.020374857
29/09/2017,1528,3.020378714
29/09/2017,1529,3.020382571
29/09/2017,1530,3.020386429
29/09/2017,1531,3.020390286
29/09/2017,1532,3.020394143
29/09/2017,1533,3.020398
29/09/2017,1534,3.020401857
29/09/2017,1535,3.020405714
29/09/2017,1536,3.020409571
29/09/2017,1537,3.020413429
29/09/2017,1538,3.020417286
29/09/2017,1539,3.020421143
29/09/2017,1540,3.020425
29/09/2017,1541,3.020428857
29/09/2017,1542,3.020432714
29/09/2017,1543,3.020436571
29/09/2017,1544,3.020440429
29/09/2017,1545,3.020444286
29/09/2017,1546,3.020448143
29/09/2017,1547,3.020452
29/09/2017,1548,3.020455857
29/09/2017,1549,3.020459714
29/09/2017,1550,3.020463571
29/09/2017,1551,3.020467429
29/09/2017,1552,3.020471286
29/09/2017,1553,3.020475143
29/09/2017,1554,3.020479
29/09/2017,1555,3.020482857
29/09/2017,1556,3.020486714
29/09/2017,1557,3.020490571
29/09/2017,1558,3.020494429
29/09/2017,1559,3.020498286
29/09/2017,1560,3.020502143
29/09/2017,1561,3.020506
29/09/2017,1562,3.020509857
29/09/2017,1563,3.020513714
29/09/2017,1564,3.020517571
29/09/2017,1565,3.020521429
29/09/2017,1566,3.020525286
29/09/2017,1567,3.020529143
29/09/2017,1568,3.020533
29/09/2017,1569,3.020536857
29/09/2017,1570,3.020540714
29/09/2017,1571,3.020544571
29/09/2017,1572,3.020548429
29/09/2017,1573,3.020552286
29/09/2017,1574,3.020556143
29/09/2017,1575,3.02056
29/09/2017,1576,3.020563857
29/09/2017,1577,3.020567714
29/09/2017,1578,3.020571571
29/09/2017,1579,3.020575429
29/09/2017,1580,3.020579286
29/09/2017,1581,3.020583143
29/09/2017,1582,3.020587
29/09/2017,1583,3.020590857
29/09/2017,1584,3.020594714
29/09/2017,1585,3.020598571
29/09/2017,1586,3.020602429
29/09/2017,1587,3.020606286
29/09/2017,1588,3.020610143
29/09/2017,1589,3.020614
29/09/2017,1590,3.020617857
29/09/2017,1591,3.020621714
29/09/2017,1592,3.020625571
29/09/2017,1593,3.020629429
29/09/2017,1594,3.020633286
29/09/2017,1595,3.020637143
29/09/2017,1596,3.020641
29/09/2017,1597,3.020644857
29/09/2017,1598,3.020648714
29/09/2017,1599,3.020652571
29/09/2017,1600,3.020656429
29/09/2017,1601,3.020660286
29/09/2017,1602,3.020664143
29/09/2017,1603,3.020668
29/09/2017,1604,3.020671857
29/09/2017,1605,3.020675714
29/09/2017,1606,3.020679571
29/09/2017,1607,3.020683429
29/09/2017,1608,3.020687286
29/09/2017,1609,3.020691143
29/09/2017,1610,3.020695
29/09/2017,1611,3.020698857
29/09/2017,1612,3.020702714
29/09/2017,1613,3.020706571
29/09/2017,1614,3.020710429
29/09/2017,1615,3.020714286
29/09/2017,1616,3.020718143
29/09/2017,1617,3.020722
29/09/2017,1618,3.020725857
29/09/2017,1619,3.020729714
29/09/2017,1620,3.020733571
29/09/2017,1621,3.020737429
29/09/2017,1622,3.020741286
29/09/2017,1623,3.020745143
29/09/2017,1624,3.020749
29/09/2017,1625,3.020752857
29/09/2017,1626,3.020756714
29/09/2017,1627,3.020760571
29/09/2017,1628,3.020764429
29/09/2017,1629,3.020768286
29/09/2017,1630,3.020772143
29/09/2017,1631,3.020776
29/09/2017,1632,3.020779857
29/09/2017,1633,3.020783714
29/09/2017,1634,3.020787571
29/09/2017,1635,3.020791429
29/09/2017,1636,3.020795286
29/09/2017,1637,3.020799143
29/09/2017,1638,3.020803
29/09/2017,1639,3.020905258
29/09/2017,1640,3.021007516
29/09/2017,1641,3.021109775
29/09/2017,1642,3.021212033
29/09/2017,1643,3.021314291
29/09/2017,1644,3.021416549
29/09/2017,1645,3.021518808
29/09/2017,1646,3.021621066
29/09/2017,1647,3.021723324
29/09/2017,1648,3.021825582
29/09/2017,1649,3.021927841
29/09/2017,1650,3.022030099
29/09/2017,1651,3.022132357
29/09/2017,1652,3.022234615
29/09/2017,1653,3.022336874
29/09/2017,1654,3.022439132
29/09/2017,1655,3.02254139
29/09/2017,1656,3.022643648
29/09/2017,1657,3.022745907
29/09/2017,1658,3.022848165
29/09/2017,1659,3.022950423
29/09/2017,1660,3.023052681
29/09/2017,1661,3.02315494
29/09/2017,1662,3.023257198
29/09/2017,1663,3.023359456
29/09/2017,1664,3.023461714
29/09/2017,1665,3.023563973
29/09/2017,1666,3.023666231
29/09/2017,1667,3.023768489
29/09/2017,1668,3.023870747
29/09/2017,1669,3.023973005
29/09/2017,1670,3.024075264
29/09/2017,1671,3.024177522
29/09/2017,1672,3.02427978
29/09/2017,1673,3.024382038
29/09/2017,1674,3.024484297
29/09/2017,1675,3.024586555
29/09/2017,1676,3.024688813
29/09/2017,1677,3.024791071
29/09/2017,1678,3.02489333
29/09/2017,1679,3.024995588
29/09/2017,1680,3.025097846
29/09/2017,1681,3.025200104
29/09/2017,1682,3.025302363
29/09/2017,1683,3.025404621
29/09/2017,1684,3.025506879
29/09/2017,1685,3.025609137
29/09/2017,1686,3.025711396
29/09/2017,1687,3.025813654
29/09/2017,1688,3.025915912
29/09/2017,1689,3.02601817
29/09/2017,1690,3.026120429
29/09/2017,1691,3.026222687
29/09/2017,1692,3.026324945
29/09/2017,1693,3.026427203
29/09/2017,1694,3.026529462
29/09/2017,1695,3.02663172
29/09/2017,1696,3.026733978
29/09/2017,1697,3.026836236
29/09/2017,1698,3.026938495
29/09/2017,1699,3.027040753
29/09/2017,1700,3.027143011
29/09/2017,1701,3.027245269
29/09/2017,1702,3.027347527
29/09/2017,1703,3.027449786
29/09/2017,1704,3.027552044
29/09/2017,1705,3.027654302
29/09/2017,1706,3.02775656
29/09/2017,1707,3.027858819
29/09/2017,1708,3.027961077
29/09/2017,1709,3.028063335
29/09/2017,1710,3.028165593
29/09/2017,1711,3.028267852
29/09/2017,1712,3.02837011
29/09/2017,1713,3.028472368
29/09/2017,1714,3.028574626
29/09/2017,1715,3.028676885
29/09/2017,1716,3.028779143
29/09/2017,1717,3.028881401
29/09/2017,1718,3.028983659
29/09/2017,1719,3.029085918
29/09/2017,1720,3.029188176
29/09/2017,1721,3.029290434
29/09/2017,1722,3.029392692
29/09/2017,1723,3.029494951
29/09/2017,1724,3.029597209
29/09/2017,1725,3.029699467
29/09/2017,1726,3.029801725
29/09/2017,1727,3.029903984
29/09/2017,1728,3.030006242
29/09/2017,1729,3.0301085
29/09/2017,1730,3.030210758
29/09/2017,1731,3.030313016
29/09/2017,1732,3.030415275
29/09/2017,1733,3.030517533
29/09/2017,1734,3.030619791
29/09/2017,1735,3.030722049
29/09/2017,1736,3.030824308
29/09/2017,1737,3.030926566
29/09/2017,1738,3.031028824
29/09/2017,1739,3.031131082
29/09/2017,1740,3.031233341
29/09/2017,1741,3.031335599
29/09/2017,1742,3.031437857
29/09/2017,1743,3.031540115
29/09/2017,1744,3.031642374
29/09/2017,1745,3.031744632
29/09/2017,1746,3.03184689
29/09/2017,1747,3.031949148
29/09/2017,1748,3.032051407
29/09/2017,1749,3.032153665
29/09/2017,1750,3.032255923
29/09/2017,1751,3.032358181
29/09/2017,1752,3.03246044
29/09/2017,1753,3.032562698
29/09/2017,1754,3.032664956
29/09/2017,1755,3.032767214
29/09/2017,1756,3.032869473
29/09/2017,1757,3.032971731
29/09/2017,1758,3.033073989
29/09/2017,1759,3.033176247
29/09/2017,1760,3.033278505
29/09/2017,1761,3.033380764
29/09/2017,1762,3.033483022
29/09/2017,1763,3.03358528
29/09/2017,1764,3.033687538
29/09/2017,1765,3.033789797
29/09/2017,1766,3.033892055
29/09/2017,1767,3.033994313
29/09/2017,1768,3.034096571
29/09/2017,1769,3.03419883
29/09/2017,1770,3.034301088
29/09/2017,1771,3.034403346
29/09/2017,1772,3.034505604
29/09/2017,1773,3.034607863
29/09/2017,1774,3.034710121
29/09/2017,1775,3.034812379
29/09/2017,1776,3.034914637
29/09/2017,1777,3.035016896
29/09/2017,1778,3.035119154
29/09/2017,1779,3.035221412
29/09/2017,1780,3.03532367
29/09/2017,1781,3.035425929
29/09/2017,1782,3.035528187
29/09/2017,1783,3.035630445
29/09/2017,1784,3.035732703
29/09/2017,1785,3.035834962
29/09/2017,1786,3.03593722
29/09/2017,1787,3.036039478
29/09/2017,1788,3.036141736
29/09/2017,1789,3.036243995
29/09/2017,1790,3.036346253
29/09/2017,1791,3.036448511
29/09/2017,1792,3.036550769
29/09/2017,1793,3.036653027
29/09/2017,1794,3.036755286
29/09/2017,1795,3.036857544
29/09/2017,1796,3.036959802
29/09/2017,1797,3.03706206
29/09/2017,1798,3.037164319
29/09/2017,1799,3.037266577
29/09/2017,1800,3.037368835
29/09/2017,1801,3.037471093
29/09/2017,1802,3.037573352
29/09/2017,1803,3.03767561
29/09/2017,1804,3.037777868
29/09/2017,1805,3.037880126
29/09/2017,1806,3.037982385
29/09/2017,1807,3.038084643
29/09/2017,1808,3.038186901
29/09/2017,1809,3.038289159
29/09/2017,1810,3.038391418
29/09/2017,1811,3.038493676
29/09/2017,1812,3.038595934
29/09/2017,1813,3.038698192
29/09/2017,1814,3.038800451
29/09/2017,1815,3.038902709
29/09/2017,1816,3.039004967
29/09/2017,1817,3.039107225
29/09/2017,1818,3.039209484
29/09/2017,1819,3.039311742
29/09/2017,1820,3.039414
29/09/2017,1821,3.039504951
29/09/2017,1822,3.039595901
29/09/2017,1823,3.039686852
29/09/2017,1824,3.039777802
29/09/2017,1825,3.039868753
29/09/2017,1826,3.039959703
29/09/2017,1827,3.040050654
29/09/2017,1828,3.040141604
29/09/2017,1829,3.040232555
29/09/2017,1830,3.040323505
29/09/2017,1831,3.040414456
29/09/2017,1832,3.040505407
29/09/2017,1833,3.040596357
29/09/2017,1834,3.040687308
29/09/2017,1835,3.040778258
29/09/2017,1836,3.040869209
29/09/2017,1837,3.040960159
29/09/2017,1838,3.04105111
29/09/2017,1839,3.04114206
29/09/2017,1840,3.041233011
29/09/2017,1841,3.041323962
29/09/2017,1842,3.041414912
29/09/2017,1843,3.041505863
29/09/2017,1844,3.041596813
29/09/2017,1845,3.041687764
29/09/2017,1846,3.041778714
29/09/2017,1847,3.041869665
29/09/2017,1848,3.041960615
29/09/2017,1849,3.042051566
29/09/2017,1850,3.042142516
29/09/2017,1851,3.042233467
29/09/2017,1852,3.042324418
29/09/2017,1853,3.042415368
29/09/2017,1854,3.042506319
29/09/2017,1855,3.042597269
29/09/2017,1856,3.04268822
29/09/2017,1857,3.04277917
29/09/2017,1858,3.042870121
29/09/2017,1859,3.042961071
29/09/2017,1860,3.043052022
29/09/2017,1861,3.043142973
29/09/2017,1862,3.043233923
29/09/2017,1863,3.043324874
29/09/2017,1864,3.043415824
29/09/2017,1865,3.043506775
29/09/2017,1866,3.043597725
29/09/2017,1867,3.043688676
29/09/2017,1868,3.043779626
29/09/2017,1869,3.043870577
29/09/2017,1870,3.043961527
29/09/2017,1871,3.044052478
29/09/2017,1872,3.044143429
29/09/2017,1873,3.044234379
29/09/2017,1874,3.04432533
29/09/2017,1875,3.04441628
29/09/2017,1876,3.044507231
29/09/2017,1877,3.044598181
29/09/2017,1878,3.044689132
29/09/2017,1879,3.044780082
29/09/2017,1880,3.044871033
29/09/2017,1881,3.044961984
29/09/2017,1882,3.045052934
29/09/2017,1883,3.045143885
29/09/2017,1884,3.045234835
29/09/2017,1885,3.045325786
29/09/2017,1886,3.045416736
29/09/2017,1887,3.045507687
29/09/2017,1888,3.045598637
29/09/2017,1889,3.045689588
29/09/2017,1890,3.045780538
29/09/2017,1891,3.045871489
29/09/2017,1892,3.04596244
29/09/2017,1893,3.04605339
29/09/2017,1894,3.046144341
29/09/2017,1895,3.046235291
29/09/2017,1896,3.046326242
29/09/2017,1897,3.046417192
29/09/2017,1898,3.046508143
29/09/2017,1899,3.046599093
29/09/2017,1900,3.046690044
29/09/2017,1901,3.046780995
29/09/2017,1902,3.046871945
29/09/2017,1903,3.046962896
29/09/2017,1904,3.047053846
29/09/2017,1905,3.047144797
29/09/2017,1906,3.047235747
29/09/2017,1907,3.047326698
29/09/2017,1908,3.047417648
29/09/2017,1909,3.047508599
29/09/2017,1910,3.047599549
29/09/2017,1911,3.0476905
29/09/2017,1912,3.047781451
29/09/2017,1913,3.047872401
29/09/2017,1914,3.047963352
29/09/2017,1915,3.048054302
29/09/2017,1916,3.048145253
29/09/2017,1917,3.048236203
29/09/2017,1918,3.048327154
29/09/2017,1919,3.048418104
29/09/2017,1920,3.048509055
29/09/2017,1921,3.048600005
29/09/2017,1922,3.048690956
29/09/2017,1923,3.048781907
29/09/2017,1924,3.048872857
29/09/2017,1925,3.048963808
29/09/2017,1926,3.049054758
29/09/2017,1927,3.049145709
29/09/2017,1928,3.049236659
29/09/2017,1929,3.04932761
29/09/2017,1930,3.04941856
29/09/2017,1931,3.049509511
29/09/2017,1932,3.049600462
29/09/2017,1933,3.049691412
29/09/2017,1934,3.049782363
29/09/2017,1935,3.049873313
29/09/2017,1936,3.049964264
29/09/2017,1937,3.050055214
29/09/2017,1938,3.050146165
29/09/2017,1939,3.050237115
29/09/2017,1940,3.050328066
29/09/2017,1941,3.050419016
29/09/2017,1942,3.050509967
29/09/2017,1943,3.050600918
29/09/2017,1944,3.050691868
29/09/2017,1945,3.050782819
29/09/2017,1946,3.050873769
29/09/2017,1947,3.05096472
29/09/2017,1948,3.05105567
29/09/2017,1949,3.051146621
29/09/2017,1950,3.051237571
29/09/2017,1951,3.051328522
29/09/2017,1952,3.051419473
29/09/2017,1953,3.051510423
29/09/2017,1954,3.051601374
29/09/2017,1955,3.051692324
29/09/2017,1956,3.051783275
29/09/2017,1957,3.051874225
29/09/2017,1958,3.051965176
29/09/2017,1959,3.052056126
29/09/2017,1960,3.052147077
29/09/2017,1961,3.052238027
29/09/2017,1962,3.052328978
29/09/2017,1963,3.052419929
29/09/2017,1964,3.052510879
29/09/2017,1965,3.05260183
29/09/2017,1966,3.05269278
29/09/2017,1967,3.052783731
29/09/2017,1968,3.052874681
29/09/2017,1969,3.052965632
29/09/2017,1970,3.053056582
29/09/2017,1971,3.053147533
29/09/2017,1972,3.053238484
29/09/2017,1973,3.053329434
29/09/2017,1974,3.053420385
29/09/2017,1975,3.053511335
29/09/2017,1976,3.053602286
29/09/2017,1977,3.053693236
29/09/2017,1978,3.053784187
29/09/2017,1979,3.053875137
29/09/2017,1980,3.053966088
29/09/2017,1981,3.054057038
29/09/2017,1982,3.054147989
29/09/2017,1983,3.05423894
29/09/2017,1984,3.05432989
29/09/2017,1985,3.054420841
29/09/2017,1986,3.054511791
29/09/2017,1987,3.054602742
29/09/2017,1988,3.054693692
29/09/2017,1989,3.054784643
29/09/2017,1990,3.054875593
29/09/2017,1991,3.054966544
29/09/2017,1992,3.055057495
29/09/2017,1993,3.055148445
29/09/2017,1994,3.055239396
29/09/2017,1995,3.055330346
29/09/2017,1996,3.055421297
29/09/2017,1997,3.055512247
29/09/2017,1998,3.055603198
29/09/2017,1999,3.055694148
29/09/2017,2000,3.055785099
29/09/2017,2001,3.055876049
29/09/2017,2002,3.055967
29/09/2017,2003,3.05595261
29/09/2017,2004,3.05593822
29/09/2017,2005,3.05592383
29/09/2017,2006,3.05590944
29/09/2017,2007,3.055895049
29/09/2017,2008,3.055880659
29/09/2017,2009,3.055866269
29/09/2017,2010,3.055851879
29/09/2017,2011,3.055837489
29/09/2017,2012,3.055823099
29/09/2017,2013,3.055808709
29/09/2017,2014,3.055794319
29/09/2017,2015,3.055779929
29/09/2017,2016,3.055765538
29/09/2017,2017,3.055751148
29/09/2017,2018,3.055736758
29/09/2017,2019,3.055722368
29/09/2017,2020,3.055707978
29/09/2017,2021,3.055693588
29/09/2017,2022,3.055679198
29/09/2017,2023,3.055664808
29/09/2017,2024,3.055650418
29/09/2017,2025,3.055636027
29/09/2017,2026,3.055621637
29/09/2017,2027,3.055607247
29/09/2017,2028,3.055592857
29/09/2017,2029,3.055578467
29/09/2017,2030,3.055564077
29/09/2017,2031,3.055549687
29/09/2017,2032,3.055535297
29/09/2017,2033,3.055520907
29/09/2017,2034,3.055506516
29/09/2017,2035,3.055492126
29/09/2017,2036,3.055477736
29/09/2017,2037,3.055463346
29/09/2017,2038,3.055448956
29/09/2017,2039,3.055434566
29/09/2017,2040,3.055420176
29/09/2017,2041,3.055405786
29/09/2017,2042,3.055391396
29/09/2017,2043,3.055377005
29/09/2017,2044,3.055362615
29/09/2017,2045,3.055348225
29/09/2017,2046,3.055333835
29/09/2017,2047,3.055319445
29/09/2017,2048,3.055305055
29/09/2017,2049,3.055290665
29/09/2017,2050,3.055276275
29/09/2017,2051,3.055261885
29/09/2017,2052,3.055247495
29/09/2017,2053,3.055233104
29/09/2017,2054,3.055218714
29/09/2017,2055,3.055204324
29/09/2017,2056,3.055189934
29/09/2017,2057,3.055175544
29/09/2017,2058,3.055161154
29/09/2017,2059,3.055146764
29/09/2017,2060,3.055132374
29/09/2017,2061,3.055117984
29/09/2017,2062,3.055103593
29/09/2017,2063,3.055089203
29/09/2017,2064,3.055074813
29/09/2017,2065,3.055060423
29/09/2017,2066,3.055046033
29/09/2017,2067,3.055031643
29/09/2017,2068,3.055017253
29/09/2017,2069,3.055002863
29/09/2017,2070,3.054988473
29/09/2017,2071,3.054974082
29/09/2017,2072,3.054959692
29/09/2017,2073,3.054945302
29/09/2017,2074,3.054930912
29/09/2017,2075,3.054916522
29/09/2017,2076,3.054902132
29/09/2017,2077,3.054887742
29/09/2017,2078,3.054873352
29/09/2017,2079,3.054858962
29/09/2017,2080,3.054844571
29/09/2017,2081,3.054830181
29/09/2017,2082,3.054815791
29/09/2017,2083,3.054801401
29/09/2017,2084,3.054787011
29/09/2017,2085,3.054772621
29/09/2017,2086,3.054758231
29/09/2017,2087,3.054743841
29/09/2017,2088,3.054729451
29/09/2017,2089,3.05471506
29/09/2017,2090,3.05470067
29/09/2017,2091,3.05468628
29/09/2017,2092,3.05467189
29/09/2017,2093,3.0546575
29/09/2017,2094,3.05464311
29/09/2017,2095,3.05462872
29/09/2017,2096,3.05461433
29/09/2017,2097,3.05459994
29/09/2017,2098,3.054585549
29/09/2017,2099,3.054571159
29/09/2017,2100,3.054556769
29/09/2017,2101,3.054542379
29/09/2017,2102,3.054527989
29/09/2017,2103,3.054513599
29/09/2017,2104,3.054499209
29/09/2017,2105,3.054484819
29/09/2017,2106,3.054470429
29/09/2017,2107,3.054456038
29/09/2017,2108,3.054441648
29/09/2017,2109,3.054427258
29/09/2017,2110,3.054412868
29/09/2017,2111,3.054398478
29/09/2017,2112,3.054384088
29/09/2017,2113,3.054369698
29/09/2017,2114,3.054355308
29/09/2017,2115,3.054340918
29/09/2017,2116,3.054326527
29/09/2017,2117,3.054312137
29/09/2017,2118,3.054297747
29/09/2017,2119,3.054283357
29/09/2017,2120,3.054268967
29/09/2017,2121,3.054254577
29/09/2017,2122,3.054240187
29/09/2017,2123,3.054225797
29/09/2017,2124,3.054211407
29/09/2017,2125,3.054197016
29/09/2017,2126,3.054182626
29/09/2017,2127,3.054168236
29/09/2017,2128,3.054153846
29/09/2017,2129,3.054139456
29/09/2017,2130,3.054125066
29/09/2017,2131,3.054110676
29/09/2017,2132,3.054096286
29/09/2017,2133,3.054081896
29/09/2017,2134,3.054067505
29/09/2017,2135,3.054053115
29/09/2017,2136,3.054038725
29/09/2017,2137,3.054024335
29/09/2017,2138,3.054009945
29/09/2017,2139,3.053995555
29/09/2017,2140,3.053981165
29/09/2017,2141,3.053966775
29/09/2017,2142,3.053952385
29/09/2017,2143,3.053937995
29/09/2017,2144,3.053923604
29/09/2017,2145,3.053909214
29/09/2017,2146,3.053894824
29/09/2017,2147,3.053880434
29/09/2017,2148,3.053866044
29/09/2017,2149,3.053851654
29/09/2017,2150,3.053837264
29/09/2017,2151,3.053822874
29/09/2017,2152,3.053808484
29/09/2017,2153,3.053794093
29/09/2017,2154,3.053779703
29/09/2017,2155,3.053765313
29/09/2017,2156,3.053750923
29/09/2017,2157,3.053736533
29/09/2017,2158,3.053722143
29/09/2017,2159,3.053707753
29/09/2017,2160,3.053693363
29/09/2017,2161,3.053678973
29/09/2017,2162,3.053664582
29/09/2017,2163,3.053650192
29/09/2017,2164,3.053635802
29/09/2017,2165,3.053621412
29/09/2017,2166,3.053607022
29/09/2017,2167,3.053592632
29/09/2017,2168,3.053578242
29/09/2017,2169,3.053563852
29/09/2017,2170,3.053549462
29/09/2017,2171,3.053535071
29/09/2017,2172,3.053520681
29/09/2017,2173,3.053506291
29/09/2017,2174,3.053491901
29/09/2017,2175,3.053477511
29/09/2017,2176,3.053463121
29/09/2017,2177,3.053448731
29/09/2017,2178,3.053434341
29/09/2017,2179,3.053419951
29/09/2017,2180,3.05340556
29/09/2017,2181,3.05339117
29/09/2017,2182,3.05337678
29/09/2017,2183,3.05336239
29/09/2017,2184,3.053348
29/09/2017,2185,3.053325648
29/09/2017,2186,3.053303297
29/09/2017,2187,3.053280945
29/09/2017,2188,3.053258593
29/09/2017,2189,3.053236242
29/09/2017,2190,3.05321389
29/09/2017,2191,3.053191538
29/09/2017,2192,3.053169187
29/09/2017,2193,3.053146835
29/09/2017,2194,3.053124484
29/09/2017,2195,3.053102132
29/09/2017,2196,3.05307978
29/09/2017,2197,3.053057429
29/09/2017,2198,3.053035077
29/09/2017,2199,3.053012725
29/09/2017,2200,3.052990374
29/09/2017,2201,3.052968022
29/09/2017,2202,3.05294567
29/09/2017,2203,3.052923319
29/09/2017,2204,3.052900967
29/09/2017,2205,3.052878615
29/09/2017,2206,3.052856264
29/09/2017,2207,3.052833912
29/09/2017,2208,3.05281156
29/09/2017,2209,3.052789209
29/09/2017,2210,3.052766857
29/09/2017,2211,3.052744505
29/09/2017,2212,3.052722154
29/09/2017,2213,3.052699802
29/09/2017,2214,3.052677451
29/09/2017,2215,3.052655099
29/09/2017,2216,3.052632747
29/09/2017,2217,3.052610396
29/09/2017,2218,3.052588044
29/09/2017,2219,3.052565692
29/09/2017,2220,3.052543341
29/09/2017,2221,3.052520989
29/09/2017,2222,3.052498637
29/09/2017,2223,3.052476286
29/09/2017,2224,3.052453934
29/09/2017,2225,3.052431582
29/09/2017,2226,3.052409231
29/09/2017,2227,3.052386879
29/09/2017,2228,3.052364527
29/09/2017,2229,3.052342176
29/09/2017,2230,3.052319824
29/09/2017,2231,3.052297473
29/09/2017,2232,3.052275121
29/09/2017,2233,3.052252769
29/09/2017,2234,3.052230418
29/09/2017,2235,3.052208066
29/09/2017,2236,3.052185714
29/09/2017,2237,3.052163363
29/09/2017,2238,3.052141011
29/09/2017,2239,3.052118659
29/09/2017,2240,3.052096308
29/09/2017,2241,3.052073956
29/09/2017,2242,3.052051604
29/09/2017,2243,3.052029253
29/09/2017,2244,3.052006901
29/09/2017,2245,3.051984549
29/09/2017,2246,3.051962198
29/09/2017,2247,3.051939846
29/09/2017,2248,3.051917495
29/09/2017,2249,3.051895143
29/09/2017,2250,3.051872791
29/09/2017,2251,3.05185044
29/09/2017,2252,3.051828088
29/09/2017,2253,3.051805736
29/09/2017,2254,3.051783385
29/09/2017,2255,3.051761033
29/09/2017,2256,3.051738681
29/09/2017,2257,3.05171633
29/09/2017,2258,3.051693978
29/09/2017,2259,3.051671626
29/09/2017,2260,3.051649275
29/09/2017,2261,3.051626923
29/09/2017,2262,3.051604571
29/09/2017,2263,3.05158222
29/09/2017,2264,3.051559868
29/09/2017,2265,3.051537516
29/09/2017,2266,3.051515165
29/09/2017,2267,3.051492813
29/09/2017,2268,3.051470462
29/09/2017,2269,3.05144811
29/09/2017,2270,3.051425758
29/09/2017,2271,3.051403407
29/09/2017,2272,3.051381055
29/09/2017,2273,3.051358703
29/09/2017,2274,3.051336352
29/09/2017,2275,3.051314
29/09/2017,2276,3.051291648
29/09/2017,2277,3.051269297
29/09/2017,2278,3.051246945
29/09/2017,2279,3.051224593
29/09/2017,2280,3.051202242
29/09/2017,2281,3.05117989
29/09/2017,2282,3.051157538
29/09/2017,2283,3.051135187
29/09/2017,2284,3.051112835
29/09/2017,2285,3.051090484
29/09/2017,2286,3.051068132
29/09/2017,2287,3.05104578
29/09/2017,2288,3.051023429
29/09/2017,2289,3.051001077
29/09/2017,2290,3.050978725
29/09/2017,2291,3.050956374
29/09/2017,2292,3.050934022
29/09/2017,2293,3.05091167
29/09/2017,2294,3.050889319
29/09/2017,2295,3.050866967
29/09/2017,2296,3.050844615
29/09/2017,2297,3.050822264
29/09/2017,2298,3.050799912
29/09/2017,2299,3.05077756
29/09/2017,2300,3.050755209
29/09/2017,2301,3.050732857
29/09/2017,2302,3.050710505
29/09/2017,2303,3.050688154
29/09/2017,2304,3.050665802
29/09/2017,2305,3.050643451
29/09/2017,2306,3.050621099
29/09/2017,2307,3.050598747
29/09/2017,2308,3.050576396
29/09/2017,2309,3.050554044
29/09/2017,2310,3.050531692
29/09/2017,2311,3.050509341
29/09/2017,2312,3.050486989
29/09/2017,2313,3.050464637
29/09/2017,2314,3.050442286
29/09/2017,2315,3.050419934
29/09/2017,2316,3.050397582
29/09/2017,2317,3.050375231
29/09/2017,2318,3.050352879
29/09/2017,2319,3.050330527
29/09/2017,2320,3.050308176
29/09/2017,2321,3.050285824
29/09/2017,2322,3.050263473
29/09/2017,2323,3.050241121
29/09/2017,2324,3.050218769
29/09/2017,2325,3.050196418
29/09/2017,2326,3.050174066
29/09/2017,2327,3.050151714
29/09/2017,2328,3.050129363
29/09/2017,2329,3.050107011
29/09/2017,2330,3.050084659
29/09/2017,2331,3.050062308
29/09/2017,2332,3.050039956
29/09/2017,2333,3.050017604
29/09/2017,2334,3.049995253
29/09/2017,2335,3.049972901
29/09/2017,2336,3.049950549
29/09/2017,2337,3.049928198
29/09/2017,2338,3.049905846
29/09/2017,2339,3.049883495
29/09/2017,2340,3.049861143
29/09/2017,2341,3.049838791
29/09/2017,2342,3.04981644
29/09/2017,2343,3.049794088
29/09/2017,2344,3.049771736
29/09/2017,2345,3.049749385
29/09/2017,2346,3.049727033
29/09/2017,2347,3.049704681
29/09/2017,2348,3.04968233
29/09/2017,2349,3.049659978
29/09/2017,2350,3.049637626
29/09/2017,2351,3.049615275
29/09/2017,2352,3.049592923
29/09/2017,2353,3.049570571
29/09/2017,2354,3.04954822
29/09/2017,2355,3.049525868
29/09/2017,2356,3.049503516
29/09/2017,2357,3.049481165
29/09/2017,2358,3.049458813
29/09/2017,2359,3.049436462
29/09/2017,2360,3.04941411
29/09/2017,2361,3.049391758
29/09/2017,2362,3.049369407
29/09/2017,2363,3.049347055
29/09/2017,2364,3.049324703
29/09/2017,2365,3.049302352
29/09/2017,2366,3.04928
29/09/2017,2367,3.049273357
29/09/2017,2368,3.049266714
29/09/2017,2369,3.049260071
29/09/2017,2370,3.049253429
29/09/2017,2371,3.049246786
29/09/2017,2372,3.049240143
29/09/2017,2373,3.0492335
29/09/2017,2374,3.049226857
29/09/2017,2375,3.049220214
29/09/2017,2376,3.049213571
29/09/2017,2377,3.049206929
29/09/2017,2378,3.049200286
29/09/2017,2379,3.049193643
29/09/2017,2380,3.049187
29/09/2017,2381,3.049180357
29/09/2017,2382,3.049173714
29/09/2017,2383,3.049167071
29/09/2017,2384,3.049160429
29/09/2017,2385,3.049153786
29/09/2017,2386,3.049147143
29/09/2017,2387,3.0491405
29/09/2017,2388,3.049133857
29/09/2017,2389,3.049127214
29/09/2017,2390,3.049120571
29/09/2017,2391,3.049113929
29/09/2017,2392,3.049107286
29/09/2017,2393,3.049100643
29/09/2017,2394,3.049094
29/09/2017,2395,3.049087357
29/09/2017,2396,3.049080714
29/09/2017,2397,3.049074071
29/09/2017,2398,3.049067429
29/09/2017,2399,3.049060786
29/09/2017,2400,3.049054143
29/09/2017,2401,3.0490475
29/09/2017,2402,3.049040857
29/09/2017,2403,3.049034214
29/09/2017,2404,3.049027571
29/09/2017,2405,3.049020929
29/09/2017,2406,3.049014286
29/09/2017,2407,3.049007643
29/09/2017,2408,3.049001
29/09/2017,2409,3.048994357
29/09/2017,2410,3.048987714
29/09/2017,2411,3.048981071
29/09/2017,2412,3.048974429
29/09/2017,2413,3.048967786
29/09/2017,2414,3.048961143
29/09/2017,2415,3.0489545
29/09/2017,2416,3.048947857
29/09/2017,2417,3.048941214
29/09/2017,2418,3.048934571
29/09/2017,2419,3.048927929
29/09/2017,2420,3.048921286
29/09/2017,2421,3.048914643
29/09/2017,2422,3.048908
29/09/2017,2423,3.048901357
29/09/2017,2424,3.048894714
29/09/2017,2425,3.048888071
29/09/2017,2426,3.048881429
29/09/2017,2427,3.048874786
29/09/2017,2428,3.048868143
29/09/2017,2429,3.0488615
29/09/2017,2430,3.048854857
29/09/2017,2431,3.048848214
29/09/2017,2432,3.048841571
29/09/2017,2433,3.048834929
29/09/2017,2434,3.048828286
29/09/2017,2435,3.048821643
29/09/2017,2436,3.048815
29/09/2017,2437,3.048808357
29/09/2017,2438,3.048801714
29/09/2017,2439,3.048795071
29/09/2017,2440,3.048788429
29/09/2017,2441,3.048781786
29/09/2017,2442,3.048775143
29/09/2017,2443,3.0487685
29/09/2017,2444,3.048761857
29/09/2017,2445,3.048755214
29/09/2017,2446,3.048748571
29/09/2017,2447,3.048741929
29/09/2017,2448,3.048735286
29/09/2017,2449,3.048728643
29/09/2017,2450,3.048722
29/09/2017,2451,3.048715357
29/09/2017,2452,3.048708714
29/09/2017,2453,3.048702071
29/09/2017,2454,3.048695429
29/09/2017,2455,3.048688786
29/09/2017,2456,3.048682143
29/09/2017,2457,3.0486755
29/09/2017,2458,3.048668857
29/09/2017,2459,3.048662214
29/09/2017,2460,3.048655571
29/09/2017,2461,3.048648929
29/09/2017,2462,3.048642286
29/09/2017,2463,3.048635643
29/09/2017,2464,3.048629
29/09/2017,2465,3.048622357
29/09/2017,2466,3.048615714
29/09/2017,2467,3.048609071
29/09/2017,2468,3.048602429
29/09/2017,2469,3.048595786
29/09/2017,2470,3.048589143
29/09/2017,2471,3.0485825
29/09/2017,2472,3.048575857
29/09/2017,2473,3.048569214
29/09/2017,2474,3.048562571
29/09/2017,2475,3.048555929
29/09/2017,2476,3.048549286
29/09/2017,2477,3.048542643
29/09/2017,2478,3.048536
29/09/2017,2479,3.048529357
29/09/2017,2480,3.048522714
29/09/2017,2481,3.048516071
29/09/2017,2482,3.048509429
29/09/2017,2483,3.048502786
29/09/2017,2484,3.048496143
29/09/2017,2485,3.0484895
29/09/2017,2486,3.048482857
29/09/2017,2487,3.048476214
29/09/2017,2488,3.048469571
29/09/2017,2489,3.048462929
29/09/2017,2490,3.048456286
29/09/2017,2491,3.048449643
29/09/2017,2492,3.048443
29/09/2017,2493,3.048436357
29/09/2017,2494,3.048429714
29/09/2017,2495,3.048423071
29/09/2017,2496,3.048416429
29/09/2017,2497,3.048409786
29/09/2017,2498,3.048403143
29/09/2017,2499,3.0483965
29/09/2017,2500,3.048389857
29/09/2017,2501,3.048383214
29/09/2017,2502,3.048376571
29/09/2017,2503,3.048369929
29/09/2017,2504,3.048363286
29/09/2017,2505,3.048356643
29/09/2017,2506,3.04835
29/09/2017,2507,3.048343357
29/09/2017,2508,3.048336714
29/09/2017,2509,3.048330071
29/09/2017,2510,3.048323429
29/09/2017,2511,3.048316786
29/09/2017,2512,3.048310143
29/09/2017,2513,3.0483035
29/09/2017,2514,3.048296857
29/09/2017,2515,3.048290214
29/09/2017,2516,3.048283571
29/09/2017,2517,3.048276929
29/09/2017,2518,3.048270286
29/09/2017,2519,3.048263643
29/09/2017,2520,3.048257
29/09/2017,2521,3.048250357
29/09/2017,2522,3.048243714
29/09/2017,2523,3.048237071
29/09/2017,2524,3.048230429
29/09/2017,2525,3.048223786
29/09/2017,2526,3.048217143
29/09/2017,2527,3.0482105
29/09/2017,2528,3.048203857
29/09/2017,2529,3.048197214
29/09/2017,2530,3.048190571
29/09/2017,2531,3.048183929
29/09/2017,2532,3.048177286
29/09/2017,2533,3.048170643
29/09/2017,2534,3.048164
29/09/2017,2535,3.048157357
29/09/2017,2536,3.048150714
29/09/2017,2537,3.048144071
29/09/2017,2538,3.048137429
29/09/2017,2539,3.048130786
29/09/2017,2540,3.048124143
29/09/2017,2541,3.0481175
29/09/2017,2542,3.048110857
29/09/2017,2543,3.048104214
29/09/2017,2544,3.048097571
29/09/2017,2545,3.048090929
29/09/2017,2546,3.048084286
29/09/2017,2547,3.048077643
29/09/2017,2548,3.048071
29/09/2017,2549,3.048058121
29/09/2017,2550,3.048045242
29/09/2017,2551,3.048032363
29/09/2017,2552,3.048019484
29/09/2017,2553,3.048006604
29/09/2017,2554,3.047993725
29/09/2017,2555,3.047980846
29/09/2017,2556,3.047967967
29/09/2017,2557,3.047955088
29/09/2017,2558,3.047942209
29/09/2017,2559,3.04792933
29/09/2017,2560,3.047916451
29/09/2017,2561,3.047903571
29/09/2017,2562,3.047890692
29/09/2017,2563,3.047877813
29/09/2017,2564,3.047864934
29/09/2017,2565,3.047852055
29/09/2017,2566,3.047839176
29/09/2017,2567,3.047826297
29/09/2017,2568,3.047813418
29/09/2017,2569,3.047800538
29/09/2017,2570,3.047787659
29/09/2017,2571,3.04777478
29/09/2017,2572,3.047761901
29/09/2017,2573,3.047749022
29/09/2017,2574,3.047736143
29/09/2017,2575,3.047723264
29/09/2017,2576,3.047710385
29/09/2017,2577,3.047697505
29/09/2017,2578,3.047684626
29/09/2017,2579,3.047671747
29/09/2017,2580,3.047658868
29/09/2017,2581,3.047645989
29/09/2017,2582,3.04763311
29/09/2017,2583,3.047620231
29/09/2017,2584,3.047607352
29/09/2017,2585,3.047594473
29/09/2017,2586,3.047581593
29/09/2017,2587,3.047568714
29/09/2017,2588,3.047555835
29/09/2017,2589,3.047542956
29/09/2017,2590,3.047530077
29/09/2017,2591,3.047517198
29/09/2017,2592,3.047504319
29/09/2017,2593,3.04749144
29/09/2017,2594,3.04747856
29/09/2017,2595,3.047465681
29/09/2017,2596,3.047452802
29/09/2017,2597,3.047439923
29/09/2017,2598,3.047427044
29/09/2017,2599,3.047414165
29/09/2017,2600,3.047401286
29/09/2017,2601,3.047388407
29/09/2017,2602,3.047375527
29/09/2017,2603,3.047362648
29/09/2017,2604,3.047349769
29/09/2017,2605,3.04733689
29/09/2017,2606,3.047324011
29/09/2017,2607,3.047311132
29/09/2017,2608,3.047298253
29/09/2017,2609,3.047285374
29/09/2017,2610,3.047272495
29/09/2017,2611,3.047259615
29/09/2017,2612,3.047246736
29/09/2017,2613,3.047233857
29/09/2017,2614,3.047220978
29/09/2017,2615,3.047208099
29/09/2017,2616,3.04719522
29/09/2017,2617,3.047182341
29/09/2017,2618,3.047169462
29/09/2017,2619,3.047156582
29/09/2017,2620,3.047143703
29/09/2017,2621,3.047130824
29/09/2017,2622,3.047117945
29/09/2017,2623,3.047105066
29/09/2017,2624,3.047092187
29/09/2017,2625,3.047079308
29/09/2017,2626,3.047066429
29/09/2017,2627,3.047053549
29/09/2017,2628,3.04704067
29/09/2017,2629,3.047027791
29/09/2017,2630,3.047014912
29/09/2017,2631,3.047002033
29/09/2017,2632,3.046989154
29/09/2017,2633,3.046976275
29/09/2017,2634,3.046963396
29/09/2017,2635,3.046950516
29/09/2017,2636,3.046937637
29/09/2017,2637,3.046924758
29/09/2017,2638,3.046911879
29/09/2017,2639,3.046899
29/09/2017,2640,3.046886121
29/09/2017,2641,3.046873242
29/09/2017,2642,3.046860363
29/09/2017,2643,3.046847484
29/09/2017,2644,3.046834604
29/09/2017,2645,3.046821725
29/09/2017,2646,3.046808846
29/09/2017,2647,3.046795967
29/09/2017,2648,3.046783088
29/09/2017,2649,3.046770209
29/09/2017,2650,3.04675733
29/09/2017,2651,3.046744451
29/09/2017,2652,3.046731571
29/09/2017,2653,3.046718692
29/09/2017,2654,3.046705813
29/09/2017,2655,3.046692934
29/09/2017,2656,3.046680055
29/09/2017,2657,3.046667176
29/09/2017,2658,3.046654297
29/09/2017,2659,3.046641418
29/09/2017,2660,3.046628538
29/09/2017,2661,3.046615659
29/09/2017,2662,3.04660278
29/09/2017,2663,3.046589901
29/09/2017,2664,3.046577022
29/09/2017,2665,3.046564143
29/09/2017,2666,3.046551264
29/09/2017,2667,3.046538385
29/09/2017,2668,3.046525505
29/09/2017,2669,3.046512626
29/09/2017,2670,3.046499747
29/09/2017,2671,3.046486868
29/09/2017,2672,3.046473989
29/09/2017,2673,3.04646111
29/09/2017,2674,3.046448231
29/09/2017,2675,3.046435352
29/09/2017,2676,3.046422473
29/09/2017,2677,3.046409593
29/09/2017,2678,3.046396714
29/09/2017,2679,3.046383835
29/09/2017,2680,3.046370956
29/09/2017,2681,3.046358077
29/09/2017,2682,3.046345198
29/09/2017,2683,3.046332319
29/09/2017,2684,3.04631944
29/09/2017,2685,3.04630656
29/09/2017,2686,3.046293681
29/09/2017,2687,3.046280802
29/09/2017,2688,3.046267923
29/09/2017,2689,3.046255044
29/09/2017,2690,3.046242165
29/09/2017,2691,3.046229286
29/09/2017,2692,3.046216407
29/09/2017,2693,3.046203527
29/09/2017,2694,3.046190648
29/09/2017,2695,3.046177769
29/09/2017,2696,3.04616489
29/09/2017,2697,3.046152011
29/09/2017,2698,3.046139132
29/09/2017,2699,3.046126253
29/09/2017,2700,3.046113374
29/09/2017,2701,3.046100495
29/09/2017,2702,3.046087615
29/09/2017,2703,3.046074736
29/09/2017,2704,3.046061857
29/09/2017,2705,3.046048978
29/09/2017,2706,3.046036099
29/09/2017,2707,3.04602322
29/09/2017,2708,3.046010341
29/09/2017,2709,3.045997462
29/09/2017,2710,3.045984582
29/09/2017,2711,3.045971703
29/09/2017,2712,3.045958824
29/09/2017,2713,3.045945945
29/09/2017,2714,3.045933066
29/09/2017,2715,3.045920187
29/09/2017,2716,3.045907308
29/09/2017,2717,3.045894429
29/09/2017,2718,3.045881549
29/09/2017,2719,3.04586867
29/09/2017,2720,3.045855791
29/09/2017,2721,3.045842912
29/09/2017,2722,3.045830033
29/09/2017,2723,3.045817154
29/09/2017,2724,3.045804275
29/09/2017,2725,3.045791396
29/09/2017,2726,3.045778516
29/09/2017,2727,3.045765637
29/09/2017,2728,3.045752758
29/09/2017,2729,3.045739879
29/09/2017,2730,3.045727
29/09/2017,2731,3.04571989
29/09/2017,2732,3.04571278
29/09/2017,2733,3.04570567
29/09/2017,2734,3.04569856
29/09/2017,2735,3.045691451
29/09/2017,2736,3.045684341
29/09/2017,2737,3.045677231
29/09/2017,2738,3.045670121
29/09/2017,2739,3.045663011
29/09/2017,2740,3.045655901
29/09/2017,2741,3.045648791
29/09/2017,2742,3.045641681
29/09/2017,2743,3.045634571
29/09/2017,2744,3.045627462
29/09/2017,2745,3.045620352
29/09/2017,2746,3.045613242
29/09/2017,2747,3.045606132
29/09/2017,2748,3.045599022
29/09/2017,2749,3.045591912
29/09/2017,2750,3.045584802
29/09/2017,2751,3.045577692
29/09/2017,2752,3.045570582
29/09/2017,2753,3.045563473
29/09/2017,2754,3.045556363
29/09/2017,2755,3.045549253
29/09/2017,2756,3.045542143
29/09/2017,2757,3.045535033
29/09/2017,2758,3.045527923
29/09/2017,2759,3.045520813
29/09/2017,2760,3.045513703
29/09/2017,2761,3.045506593
29/09/2017,2762,3.045499484
29/09/2017,2763,3.045492374
29/09/2017,2764,3.045485264
29/09/2017,2765,3.045478154
29/09/2017,2766,3.045471044
29/09/2017,2767,3.045463934
29/09/2017,2768,3.045456824
29/09/2017,2769,3.045449714
29/09/2017,2770,3.045442604
29/09/2017,2771,3.045435495
29/09/2017,2772,3.045428385
29/09/2017,2773,3.045421275
29/09/2017,2774,3.045414165
29/09/2017,2775,3.045407055
29/09/2017,2776,3.045399945
29/09/2017,2777,3.045392835
29/09/2017,2778,3.045385725
29/09/2017,2779,3.045378615
29/09/2017,2780,3.045371505
29/09/2017,2781,3.045364396
29/09/2017,2782,3.045357286
29/09/2017,2783,3.045350176
29/09/2017,2784,3.045343066
29/09/2017,2785,3.045335956
29/09/2017,2786,3.045328846
29/09/2017,2787,3.045321736
29/09/2017,2788,3.045314626
29/09/2017,2789,3.045307516
29/09/2017,2790,3.045300407
29/09/2017,2791,3.045293297
29/09/2017,2792,3.045286187
29/09/2017,2793,3.045279077
29/09/2017,2794,3.045271967
29/09/2017,2795,3.045264857
29/09/2017,2796,3.045257747
29/09/2017,2797,3.045250637
29/09/2017,2798,3.045243527
29/09/2017,2799,3.045236418
29/09/2017,2800,3.045229308
29/09/2017,2801,3.045222198
29/09/2017,2802,3.045215088
29/09/2017,2803,3.045207978
29/09/2017,2804,3.045200868
29/09/2017,2805,3.045193758
29/09/2017,2806,3.045186648
29/09/2017,2807,3.045179538
29/09/2017,2808,3.045172429
29/09/2017,2809,3.045165319
29/09/2017,2810,3.045158209
29/09/2017,2811,3.045151099
29/09/2017,2812,3.045143989
29/09/2017,2813,3.045136879
29/09/2017,2814,3.045129769
29/09/2017,2815,3.045122659
29/09/2017,2816,3.045115549
29/09/2017,2817,3.04510844
29/09/2017,2818,3.04510133
29/09/2017,2819,3.04509422
29/09/2017,2820,3.04508711
29/09/2017,2821,3.04508
29/09/2017,2822,3.04507289
29/09/2017,2823,3.04506578
29/09/2017,2824,3.04505867
29/09/2017,2825,3.04505156
29/09/2017,2826,3.045044451
29/09/2017,2827,3.045037341
29/09/2017,2828,3.045030231
29/09/2017,2829,3.045023121
29/09/2017,2830,3.045016011
29/09/2017,2831,3.045008901
29/09/2017,2832,3.045001791
29/09/2017,2833,3.044994681
29/09/2017,2834,3.044987571
29/09/2017,2835,3.044980462
29/09/2017,2836,3.044973352
29/09/2017,2837,3.044966242
29/09/2017,2838,3.044959132
29/09/2017,2839,3.044952022
29/09/2017,2840,3.044944912
29/09/2017,2841,3.044937802
29/09/2017,2842,3.044930692
29/09/2017,2843,3.044923582
29/09/2017,2844,3.044916473
29/09/2017,2845,3.044909363
29/09/2017,2846,3.044902253
29/09/2017,2847,3.044895143
29/09/2017,2848,3.044888033
29/09/2017,2849,3.044880923
29/09/2017,2850,3.044873813
29/09/2017,2851,3.044866703
29/09/2017,2852,3.044859593
29/09/2017,2853,3.044852484
29/09/2017,2854,3.044845374
29/09/2017,2855,3.044838264
29/09/2017,2856,3.044831154
29/09/2017,2857,3.044824044
29/09/2017,2858,3.044816934
29/09/2017,2859,3.044809824
29/09/2017,2860,3.044802714
29/09/2017,2861,3.044795604
29/09/2017,2862,3.044788495
29/09/2017,2863,3.044781385
29/09/2017,2864,3.044774275
29/09/2017,2865,3.044767165
29/09/2017,2866,3.044760055
29/09/2017,2867,3.044752945
29/09/2017,2868,3.044745835
29/09/2017,2869,3.044738725
29/09/2017,2870,3.044731615
29/09/2017,2871,3.044724505
29/09/2017,2872,3.044717396
29/09/2017,2873,3.044710286
29/09/2017,2874,3.044703176
29/09/2017,2875,3.044696066
29/09/2017,2876,3.044688956
29/09/2017,2877,3.044681846
29/09/2017,2878,3.044674736
29/09/2017,2879,3.044667626
29/09/2017,2880,3.044660516
29/09/2017,2881,3.044653407
29/09/2017,2882,3.044646297
29/09/2017,2883,3.044639187
29/09/2017,2884,3.044632077
29/09/2017,2885,3.044624967
29/09/2017,2886,3.044617857
29/09/2017,2887,3.044610747
29/09/2017,2888,3.044603637
29/09/2017,2889,3.044596527
29/09/2017,2890,3.044589418
29/09/2017,2891,3.044582308
29/09/2017,2892,3.044575198
29/09/2017,2893,3.044568088
29/09/2017,2894,3.044560978
29/09/2017,2895,3.044553868
29/09/2017,2896,3.044546758
29/09/2017,2897,3.044539648
29/09/2017,2898,3.044532538
29/09/2017,2899,3.044525429
29/09/2017,2900,3.044518319
29/09/2017,2901,3.044511209
29/09/2017,2902,3.044504099
29/09/2017,2903,3.044496989
29/09/2017,2904,3.044489879
29/09/2017,2905,3.044482769
29/09/2017,2906,3.044475659
29/09/2017,2907,3.044468549
29/09/2017,2908,3.04446144
29/09/2017,2909,3.04445433
29/09/2017,2910,3.04444722
29/09/2017,2911,3.04444011
29/09/2017,2912,3.044433
29/09/2017,2913,3.044497973
29/09/2017,2914,3.044562945
29/09/2017,2915,3.044627918
29/09/2017,2916,3.04469289
29/09/2017,2917,3.044757863
29/09/2017,2918,3.044822835
29/09/2017,2919,3.044887808
29/09/2017,2920,3.04495278
29/09/2017,2921,3.045017753
29/09/2017,2922,3.045082725
29/09/2017,2923,3.045147698
29/09/2017,2924,3.04521267
29/09/2017,2925,3.045277643
29/09/2017,2926,3.045342615
29/09/2017,2927,3.045407588
29/09/2017,2928,3.04547256
29/09/2017,2929,3.045537533
29/09/2017,2930,3.045602505
29/09/2017,2931,3.045667478
29/09/2017,2932,3.045732451
29/09/2017,2933,3.045797423
29/09/2017,2934,3.045862396
29/09/2017,2935,3.045927368
29/09/2017,2936,3.045992341
29/09/2017,2937,3.046057313
29/09/2017,2938,3.046122286
29/09/2017,2939,3.046187258
29/09/2017,2940,3.046252231
29/09/2017,2941,3.046317203
29/09/2017,2942,3.046382176
29/09/2017,2943,3.046447148
29/09/2017,2944,3.046512121
29/09/2017,2945,3.046577093
29/09/2017,2946,3.046642066
29/09/2017,2947,3.046707038
29/09/2017,2948,3.046772011
29/09/2017,2949,3.046836984
29/09/2017,2950,3.046901956
29/09/2017,2951,3.046966929
29/09/2017,2952,3.047031901
29/09/2017,2953,3.047096874
29/09/2017,2954,3.047161846
29/09/2017,2955,3.047226819
29/09/2017,2956,3.047291791
29/09/2017,2957,3.047356764
29/09/2017,2958,3.047421736
29/09/2017,2959,3.047486709
29/09/2017,2960,3.047551681
29/09/2017,2961,3.047616654
29/09/2017,2962,3.047681626
29/09/2017,2963,3.047746599
29/09/2017,2964,3.047811571
29/09/2017,2965,3.047876544
29/09/2017,2966,3.047941516
29/09/2017,2967,3.048006489
29/09/2017,2968,3.048071462
29/09/2017,2969,3.048136434
29/09/2017,2970,3.048201407
29/09/2017,2971,3.048266379
29/09/2017,2972,3.048331352
29/09/2017,2973,3.048396324
29/09/2017,2974,3.048461297
29/09/2017,2975,3.048526269
29/09/2017,2976,3.048591242
29/09/2017,2977,3.048656214
29/09/2017,2978,3.048721187
29/09/2017,2979,3.048786159
29/09/2017,2980,3.048851132
29/09/2017,2981,3.048916104
29/09/2017,2982,3.048981077
29/09/2017,2983,3.049046049
29/09/2017,2984,3.049111022
29/09/2017,2985,3.049175995
29/09/2017,2986,3.049240967
29/09/2017,2987,3.04930594
29/09/2017,2988,3.049370912
29/09/2017,2989,3.049435885
29/09/2017,2990,3.049500857
29/09/2017,2991,3.04956583
29/09/2017,2992,3.049630802
29/09/2017,2993,3.049695775
29/09/2017,2994,3.049760747
29/09/2017,2995,3.04982572
29/09/2017,2996,3.049890692
29/09/2017,2997,3.049955665
29/09/2017,2998,3.050020637
29/09/2017,2999,3.05008561
29/09/2017,3000,3.050150582
29/09/2017,3001,3.050215555
29/09/2017,3002,3.050280527
29/09/2017,3003,3.0503455
29/09/2017,3004,3.050410473
29/09/2017,3005,3.050475445
29/09/2017,3006,3.050540418
29/09/2017,3007,3.05060539
29/09/2017,3008,3.050670363
29/09/2017,3009,3.050735335
29/09/2017,3010,3.050800308
29/09/2017,3011,3.05086528
29/09/2017,3012,3.050930253
29/09/2017,3013,3.050995225
29/09/2017,3014,3.051060198
29/09/2017,3015,3.05112517
29/09/2017,3016,3.051190143
29/09/2017,3017,3.051255115
29/09/2017,3018,3.051320088
29/09/2017,3019,3.05138506
29/09/2017,3020,3.051450033
29/09/2017,3021,3.051515005
29/09/2017,3022,3.051579978
29/09/2017,3023,3.051644951
29/09/2017,3024,3.051709923
29/09/2017,3025,3.051774896
29/09/2017,3026,3.051839868
29/09/2017,3027,3.051904841
29/09/2017,3028,3.051969813
29/09/2017,3029,3.052034786
29/09/2017,3030,3.052099758
29/09/2017,3031,3.052164731
29/09/2017,3032,3.052229703
29/09/2017,3033,3.052294676
29/09/2017,3034,3.052359648
29/09/2017,3035,3.052424621
29/09/2017,3036,3.052489593
29/09/2017,3037,3.052554566
29/09/2017,3038,3.052619538
29/09/2017,3039,3.052684511
29/09/2017,3040,3.052749484
29/09/2017,3041,3.052814456
29/09/2017,3042,3.052879429
29/09/2017,3043,3.052944401
29/09/2017,3044,3.053009374
29/09/2017,3045,3.053074346
29/09/2017,3046,3.053139319
29/09/2017,3047,3.053204291
29/09/2017,3048,3.053269264
29/09/2017,3049,3.053334236
29/09/2017,3050,3.053399209
29/09/2017,3051,3.053464181
29/09/2017,3052,3.053529154
29/09/2017,3053,3.053594126
29/09/2017,3054,3.053659099
29/09/2017,3055,3.053724071
29/09/2017,3056,3.053789044
29/09/2017,3057,3.053854016
29/09/2017,3058,3.053918989
29/09/2017,3059,3.053983962
29/09/2017,3060,3.054048934
29/09/2017,3061,3.054113907
29/09/2017,3062,3.054178879
29/09/2017,3063,3.054243852
29/09/2017,3064,3.054308824
29/09/2017,3065,3.054373797
29/09/2017,3066,3.054438769
29/09/2017,3067,3.054503742
29/09/2017,3068,3.054568714
29/09/2017,3069,3.054633687
29/09/2017,3070,3.054698659
29/09/2017,3071,3.054763632
29/09/2017,3072,3.054828604
29/09/2017,3073,3.054893577
29/09/2017,3074,3.054958549
29/09/2017,3075,3.055023522
29/09/2017,3076,3.055088495
29/09/2017,3077,3.055153467
29/09/2017,3078,3.05521844
29/09/2017,3079,3.055283412
29/09/2017,3080,3.055348385
29/09/2017,3081,3.055413357
29/09/2017,3082,3.05547833
29/09/2017,3083,3.055543302
29/09/2017,3084,3.055608275
29/09/2017,3085,3.055673247
29/09/2017,3086,3.05573822
29/09/2017,3087,3.055803192
29/09/2017,3088,3.055868165
29/09/2017,3089,3.055933137
29/09/2017,3090,3.05599811
29/09/2017,3091,3.056063082
29/09/2017,3092,3.056128055
29/09/2017,3093,3.056193027
29/09/2017,3094,3.056258
29/09/2017,3095,3.056373692
29/09/2017,3096,3.056489385
29/09/2017,3097,3.056605077
29/09/2017,3098,3.056720769
29/09/2017,3099,3.056836462
29/09/2017,3100,3.056952154
29/09/2017,3101,3.057067846
29/09/2017,3102,3.057183538
29/09/2017,3103,3.057299231
29/09/2017,3104,3.057414923
29/09/2017,3105,3.057530615
29/09/2017,3106,3.057646308
29/09/2017,3107,3.057762
29/09/2017,3108,3.057877692
29/09/2017,3109,3.057993385
29/09/2017,3110,3.058109077
29/09/2017,3111,3.058224769
29/09/2017,3112,3.058340462
29/09/2017,3113,3.058456154
29/09/2017,3114,3.058571846
29/09/2017,3115,3.058687538
29/09/2017,3116,3.058803231
29/09/2017,3117,3.058918923
29/09/2017,3118,3.059034615
29/09/2017,3119,3.059150308
29/09/2017,3120,3.059266
29/09/2017,3121,3.059381692
29/09/2017,3122,3.059497385
29/09/2017,3123,3.059613077
29/09/2017,3124,3.059728769
29/09/2017,3125,3.059844462
29/09/2017,3126,3.059960154
29/09/2017,3127,3.060075846
29/09/2017,3128,3.060191538
29/09/2017,3129,3.060307231
29/09/2017,3130,3.060422923
29/09/2017,3131,3.060538615
29/09/2017,3132,3.060654308
29/09/2017,3133,3.06077
29/09/2017,3134,3.060885692
29/09/2017,3135,3.061001385
29/09/2017,3136,3.061117077
29/09/2017,3137,3.061232769
29/09/2017,3138,3.061348462
29/09/2017,3139,3.061464154
29/09/2017,3140,3.061579846
29/09/2017,3141,3.061695538
29/09/2017,3142,3.061811231
29/09/2017,3143,3.061926923
29/09/2017,3144,3.062042615
29/09/2017,3145,3.062158308
29/09/2017,3146,3.062274
29/09/2017,3147,3.062389692
29/09/2017,3148,3.062505385
29/09/2017,3149,3.062621077
29/09/2017,3150,3.062736769
29/09/2017,3151,3.062852462
29/09/2017,3152,3.062968154
29/09/2017,3153,3.063083846
29/09/2017,3154,3.063199538
29/09/2017,3155,3.063315231
29/09/2017,3156,3.063430923
29/09/2017,3157,3.063546615
29/09/2017,3158,3.063662308
29/09/2017,3159,3.063778
29/09/2017,3160,3.063893692
29/09/2017,3161,3.064009385
29/09/2017,3162,3.064125077
29/09/2017,3163,3.064240769
29/09/2017,3164,3.064356462
29/09/2017,3165,3.064472154
29/09/2017,3166,3.064587846
29/09/2017,3167,3.064703538
29/09/2017,3168,3.064819231
29/09/2017,3169,3.064934923
29/09/2017,3170,3.065050615
29/09/2017,3171,3.065166308
29/09/2017,3172,3.065282
29/09/2017,3173,3.065397692
29/09/2017,3174,3.065513385
29/09/2017,3175,3.065629077
29/09/2017,3176,3.065744769
29/09/2017,3177,3.065860462
29/09/2017,3178,3.065976154
29/09/2017,3179,3.066091846
29/09/2017,3180,3.066207538
29/09/2017,3181,3.066323231
29/09/2017,3182,3.066438923
29/09/2017,3183,3.066554615
29/09/2017,3184,3.066670308
29/09/2017,3185,3.066786
29/09/2017,3186,3.066901692
29/09/2017,3187,3.067017385
29/09/2017,3188,3.067133077
29/09/2017,3189,3.067248769
29/09/2017,3190,3.067364462
29/09/2017,3191,3.067480154
29/09/2017,3192,3.067595846
29/09/2017,3193,3.067711538
29/09/2017,3194,3.067827231
29/09/2017,3195,3.067942923
29/09/2017,3196,3.068058615
29/09/2017,3197,3.068174308
29/09/2017,3198,3.06829
29/09/2017,3199,3.068405692
29/09/2017,3200,3.068521385
29/09/2017,3201,3.068637077
29/09/2017,3202,3.068752769
29/09/2017,3203,3.068868462
29/09/2017,3204,3.068984154
29/09/2017,3205,3.069099846
29/09/2017,3206,3.069215538
29/09/2017,3207,3.069331231
29/09/2017,3208,3.069446923
29/09/2017,3209,3.069562615
29/09/2017,3210,3.069678308
29/09/2017,3211,3.069794
29/09/2017,3212,3.069909692
29/09/2017,3213,3.070025385
29/09/2017,3214,3.070141077
29/09/2017,3215,3.070256769
29/09/2017,3216,3.070372462
29/09/2017,3217,3.070488154
29/09/2017,3218,3.070603846
29/09/2017,3219,3.070719538
29/09/2017,3220,3.070835231
29/09/2017,3221,3.070950923
29/09/2017,3222,3.071066615
29/09/2017,3223,3.071182308
29/09/2017,3224,3.071298
29/09/2017,3225,3.071413692
29/09/2017,3226,3.071529385
29/09/2017,3227,3.071645077
29/09/2017,3228,3.071760769
29/09/2017,3229,3.071876462
29/09/2017,3230,3.071992154
29/09/2017,3231,3.072107846
29/09/2017,3232,3.072223538
29/09/2017,3233,3.072339231
29/09/2017,3234,3.072454923
29/09/2017,3235,3.072570615
29/09/2017,3236,3.072686308
29/09/2017,3237,3.072802
29/09/2017,3238,3.072917692
29/09/2017,3239,3.073033385
29/09/2017,3240,3.073149077
29/09/2017,3241,3.073264769
29/09/2017,3242,3.073380462
29/09/2017,3243,3.073496154
29/09/2017,3244,3.073611846
29/09/2017,3245,3.073727538
29/09/2017,3246,3.073843231
29/09/2017,3247,3.073958923
29/09/2017,3248,3.074074615
29/09/2017,3249,3.074190308
29/09/2017,3250,3.074306
29/09/2017,3251,3.074421692
29/09/2017,3252,3.074537385
29/09/2017,3253,3.074653077
29/09/2017,3254,3.074768769
29/09/2017,3255,3.074884462
29/09/2017,3256,3.075000154
29/09/2017,3257,3.075115846
29/09/2017,3258,3.075231538
29/09/2017,3259,3.075347231
29/09/2017,3260,3.075462923
29/09/2017,3261,3.075578615
29/09/2017,3262,3.075694308
29/09/2017,3263,3.07581
29/09/2017,3264,3.075925692
29/09/2017,3265,3.076041385
29/09/2017,3266,3.076157077
29/09/2017,3267,3.076272769
29/09/2017,3268,3.076388462
29/09/2017,3269,3.076504154
29/09/2017,3270,3.076619846
29/09/2017,3271,3.076735538
29/09/2017,3272,3.076851231
29/09/2017,3273,3.076966923
29/09/2017,3274,3.077082615
29/09/2017,3275,3.077198308
29/09/2017,3276,3.077314
29/09/2017,3277,3.077429247
29/09/2017,3278,3.077544495
29/09/2017,3279,3.077659742
29/09/2017,3280,3.077774989
29/09/2017,3281,3.077890236
29/09/2017,3282,3.078005484
29/09/2017,3283,3.078120731
29/09/2017,3284,3.078235978
29/09/2017,3285,3.078351225
29/09/2017,3286,3.078466473
29/09/2017,3287,3.07858172
29/09/2017,3288,3.078696967
29/09/2017,3289,3.078812214
29/09/2017,3290,3.078927462
29/09/2017,3291,3.079042709
29/09/2017,3292,3.079157956
29/09/2017,3293,3.079273203
29/09/2017,3294,3.079388451
29/09/2017,3295,3.079503698
29/09/2017,3296,3.079618945
29/09/2017,3297,3.079734192
29/09/2017,3298,3.07984944
29/09/2017,3299,3.079964687
29/09/2017,3300,3.080079934
29/09/2017,3301,3.080195181
29/09/2017,3302,3.080310429
29/09/2017,3303,3.080425676
29/09/2017,3304,3.080540923
29/09/2017,3305,3.08065617
29/09/2017,3306,3.080771418
29/09/2017,3307,3.080886665
29/09/2017,3308,3.081001912
29/09/2017,3309,3.081117159
29/09/2017,3310,3.081232407
29/09/2017,3311,3.081347654
29/09/2017,3312,3.081462901
29/09/2017,3313,3.081578148
29/09/2017,3314,3.081693396
29/09/2017,3315,3.081808643
29/09/2017,3316,3.08192389
29/09/2017,3317,3.082039137
29/09/2017,3318,3.082154385
29/09/2017,3319,3.082269632
29/09/2017,3320,3.082384879
29/09/2017,3321,3.082500126
29/09/2017,3322,3.082615374
29/09/2017,3323,3.082730621
29/09/2017,3324,3.082845868
29/09/2017,3325,3.082961115
29/09/2017,3326,3.083076363
29/09/2017,3327,3.08319161
29/09/2017,3328,3.083306857
29/09/2017,3329,3.083422104
29/09/2017,3330,3.083537352
29/09/2017,3331,3.083652599
29/09/2017,3332,3.083767846
29/09/2017,3333,3.083883093
29/09/2017,3334,3.083998341
29/09/2017,3335,3.084113588
29/09/2017,3336,3.084228835
29/09/2017,3337,3.084344082
29/09/2017,3338,3.08445933
29/09/2017,3339,3.084574577
29/09/2017,3340,3.084689824
29/09/2017,3341,3.084805071
29/09/2017,3342,3.084920319
29/09/2017,3343,3.085035566
29/09/2017,3344,3.085150813
29/09/2017,3345,3.08526606
29/09/2017,3346,3.085381308
29/09/2017,3347,3.085496555
29/09/2017,3348,3.085611802
29/09/2017,3349,3.085727049
29/09/2017,3350,3.085842297
29/09/2017,3351,3.085957544
29/09/2017,3352,3.086072791
29/09/2017,3353,3.086188038
29/09/2017,3354,3.086303286
29/09/2017,3355,3.086418533
29/09/2017,3356,3.08653378
29/09/2017,3357,3.086649027
29/09/2017,3358,3.086764275
29/09/2017,3359,3.086879522
29/09/2017,3360,3.086994769
29/09/2017,3361,3.087110016
29/09/2017,3362,3.087225264
29/09/2017,3363,3.087340511
29/09/2017,3364,3.087455758
29/09/2017,3365,3.087571005
29/09/2017,3366,3.087686253
29/09/2017,3367,3.0878015
29/09/2017,3368,3.087916747
29/09/2017,3369,3.088031995
29/09/2017,3370,3.088147242
29/09/2017,3371,3.088262489
29/09/2017,3372,3.088377736
29/09/2017,3373,3.088492984
29/09/2017,3374,3.088608231
29/09/2017,3375,3.088723478
29/09/2017,3376,3.088838725
29/09/2017,3377,3.088953973
29/09/2017,3378,3.08906922
29/09/2017,3379,3.089184467
29/09/2017,3380,3.089299714
29/09/2017,3381,3.089414962
29/09/2017,3382,3.089530209
29/09/2017,3383,3.089645456
29/09/2017,3384,3.089760703
29/09/2017,3385,3.089875951
29/09/2017,3386,3.089991198
29/09/2017,3387,3.090106445
29/09/2017,3388,3.090221692
29/09/2017,3389,3.09033694
29/09/2017,3390,3.090452187
29/09/2017,3391,3.090567434
29/09/2017,3392,3.090682681
29/09/2017,3393,3.090797929
29/09/2017,3394,3.090913176
29/09/2017,3395,3.091028423
29/09/2017,3396,3.09114367
29/09/2017,3397,3.091258918
29/09/2017,3398,3.091374165
29/09/2017,3399,3.091489412
29/09/2017,3400,3.091604659
29/09/2017,3401,3.091719907
29/09/2017,3402,3.091835154
29/09/2017,3403,3.091950401
29/09/2017,3404,3.092065648
29/09/2017,3405,3.092180896
29/09/2017,3406,3.092296143
29/09/2017,3407,3.09241139
29/09/2017,3408,3.092526637
29/09/2017,3409,3.092641885
29/09/2017,3410,3.092757132
29/09/2017,3411,3.092872379
29/09/2017,3412,3.092987626
29/09/2017,3413,3.093102874
29/09/2017,3414,3.093218121
29/09/2017,3415,3.093333368
29/09/2017,3416,3.093448615
29/09/2017,3417,3.093563863
29/09/2017,3418,3.09367911
29/09/2017,3419,3.093794357
29/09/2017,3420,3.093909604
29/09/2017,3421,3.094024852
29/09/2017,3422,3.094140099
29/09/2017,3423,3.094255346
29/09/2017,3424,3.094370593
29/09/2017,3425,3.094485841
29/09/2017,3426,3.094601088
29/09/2017,3427,3.094716335
29/09/2017,3428,3.094831582
29/09/2017,3429,3.09494683
29/09/2017,3430,3.095062077
29/09/2017,3431,3.095177324
29/09/2017,3432,3.095292571
29/09/2017,3433,3.095407819
29/09/2017,3434,3.095523066
29/09/2017,3435,3.095638313
29/09/2017,3436,3.09575356
29/09/2017,3437,3.095868808
29/09/2017,3438,3.095984055
29/09/2017,3439,3.096099302
29/09/2017,3440,3.096214549
29/09/2017,3441,3.096329797
29/09/2017,3442,3.096445044
29/09/2017,3443,3.096560291
29/09/2017,3444,3.096675538
29/09/2017,3445,3.096790786
29/09/2017,3446,3.096906033
29/09/2017,3447,3.09702128
29/09/2017,3448,3.097136527
29/09/2017,3449,3.097251775
29/09/2017,3450,3.097367022
29/09/2017,3451,3.097482269
29/09/2017,3452,3.097597516
29/09/2017,3453,3.097712764
29/09/2017,3454,3.097828011
29/09/2017,3455,3.097943258
29/09/2017,3456,3.098058505
29/09/2017,3457,3.098173753
29/09/2017,3458,3.098289
29/09/2017,3459,3.098415027
29/09/2017,3460,3.098541055
29/09/2017,3461,3.098667082
29/09/2017,3462,3.09879311
29/09/2017,3463,3.098919137
29/09/2017,3464,3.099045165
29/09/2017,3465,3.099171192
29/09/2017,3466,3.09929722
29/09/2017,3467,3.099423247
29/09/2017,3468,3.099549275
29/09/2017,3469,3.099675302
29/09/2017,3470,3.09980133
29/09/2017,3471,3.099927357
29/09/2017,3472,3.100053385
29/09/2017,3473,3.100179412
29/09/2017,3474,3.10030544
29/09/2017,3475,3.100431467
29/09/2017,3476,3.100557495
29/09/2017,3477,3.100683522
29/09/2017,3478,3.100809549
29/09/2017,3479,3.100935577
29/09/2017,3480,3.101061604
29/09/2017,3481,3.101187632
29/09/2017,3482,3.101313659
29/09/2017,3483,3.101439687
29/09/2017,3484,3.101565714
29/09/2017,3485,3.101691742
29/09/2017,3486,3.101817769
29/09/2017,3487,3.101943797
29/09/2017,3488,3.102069824
29/09/2017,3489,3.102195852
29/09/2017,3490,3.102321879
29/09/2017,3491,3.102447907
29/09/2017,3492,3.102573934
29/09/2017,3493,3.102699962
29/09/2017,3494,3.102825989
29/09/2017,3495,3.102952016
29/09/2017,3496,3.103078044
29/09/2017,3497,3.103204071
29/09/2017,3498,3.103330099
29/09/2017,3499,3.103456126
29/09/2017,3500,3.103582154
29/09/2017,3501,3.103708181
29/09/2017,3502,3.103834209
29/09/2017,3503,3.103960236
29/09/2017,3504,3.104086264
29/09/2017,3505,3.104212291
29/09/2017,3506,3.104338319
29/09/2017,3507,3.104464346
29/09/2017,3508,3.104590374
29/09/2017,3509,3.104716401
29/09/2017,3510,3.104842429
29/09/2017,3511,3.104968456
29/09/2017,3512,3.105094484
29/09/2017,3513,3.105220511
29/09/2017,3514,3.105346538
29/09/2017,3515,3.105472566
29/09/2017,3516,3.105598593
29/09/2017,3517,3.105724621
29/09/2017,3518,3.105850648
29/09/2017,3519,3.105976676
29/09/2017,3520,3.106102703
29/09/2017,3521,3.106228731
29/09/2017,3522,3.106354758
29/09/2017,3523,3.106480786
29/09/2017,3524,3.106606813
29/09/2017,3525,3.106732841
29/09/2017,3526,3.106858868
29/09/2017,3527,3.106984896
29/09/2017,3528,3.107110923
29/09/2017,3529,3.107236951
29/09/2017,3530,3.107362978
29/09/2017,3531,3.107489005
29/09/2017,3532,3.107615033
29/09/2017,3533,3.10774106
29/09/2017,3534,3.107867088
29/09/2017,3535,3.107993115
29/09/2017,3536,3.108119143
29/09/2017,3537,3.10824517
29/09/2017,3538,3.108371198
29/09/2017,3539,3.108497225
29/09/2017,3540,3.108623253
29/09/2017,3541,3.10874928
29/09/2017,3542,3.108875308
29/09/2017,3543,3.109001335
29/09/2017,3544,3.109127363
29/09/2017,3545,3.10925339
29/09/2017,3546,3.109379418
29/09/2017,3547,3.109505445
29/09/2017,3548,3.109631473
29/09/2017,3549,3.1097575
29/09/2017,3550,3.109883527
29/09/2017,3551,3.110009555
29/09/2017,3552,3.110135582
29/09/2017,3553,3.11026161
29/09/2017,3554,3.110387637
29/09/2017,3555,3.110513665
29/09/2017,3556,3.110639692
29/09/2017,3557,3.11076572
29/09/2017,3558,3.110891747
29/09/2017,3559,3.111017775
29/09/2017,3560,3.111143802
29/09/2017,3561,3.11126983
29/09/2017,3562,3.111395857
29/09/2017,3563,3.111521885
29/09/2017,3564,3.111647912
29/09/2017,3565,3.11177394
29/09/2017,3566,3.111899967
29/09/2017,3567,3.112025995
29/09/2017,3568,3.112152022
29/09/2017,3569,3.112278049
29/09/2017,3570,3.112404077
29/09/2017,3571,3.112530104
29/09/2017,3572,3.112656132
29/09/2017,3573,3.112782159
29/09/2017,3574,3.112908187
29/09/2017,3575,3.113034214
29/09/2017,3576,3.113160242
29/09/2017,3577,3.113286269
29/09/2017,3578,3.113412297
29/09/2017,3579,3.113538324
29/09/2017,3580,3.113664352
29/09/2017,3581,3.113790379
29/09/2017,3582,3.113916407
29/09/2017,3583,3.114042434
29/09/2017,3584,3.114168462
29/09/2017,3585,3.114294489
29/09/2017,3586,3.114420516
29/09/2017,3587,3.114546544
29/09/2017,3588,3.114672571
29/09/2017,3589,3.114798599
29/09/2017,3590,3.114924626
29/09/2017,3591,3.115050654
29/09/2017,3592,3.115176681
29/09/2017,3593,3.115302709
29/09/2017,3594,3.115428736
29/09/2017,3595,3.115554764
29/09/2017,3596,3.115680791
29/09/2017,3597,3.115806819
29/09/2017,3598,3.115932846
29/09/2017,3599,3.116058874
29/09/2017,3600,3.116184901
29/09/2017,3601,3.116310929
29/09/2017,3602,3.116436956
29/09/2017,3603,3.116562984
29/09/2017,3604,3.116689011
29/09/2017,3605,3.116815038
29/09/2017,3606,3.116941066
29/09/2017,3607,3.117067093
29/09/2017,3608,3.117193121
29/09/2017,3609,3.117319148
29/09/2017,3610,3.117445176
29/09/2017,3611,3.117571203
29/09/2017,3612,3.117697231
29/09/2017,3613,3.117823258
29/09/2017,3614,3.117949286
29/09/2017,3615,3.118075313
29/09/2017,3616,3.118201341
29/09/2017,3617,3.118327368
29/09/2017,3618,3.118453396
29/09/2017,3619,3.118579423
29/09/2017,3620,3.118705451
29/09/2017,3621,3.118831478
29/09/2017,3622,3.118957505
29/09/2017,3623,3.119083533
29/09/2017,3624,3.11920956
29/09/2017,3625,3.119335588
29/09/2017,3626,3.119461615
29/09/2017,3627,3.119587643
29/09/2017,3628,3.11971367
29/09/2017,3629,3.119839698
29/09/2017,3630,3.119965725
29/09/2017,3631,3.120091753
29/09/2017,3632,3.12021778
29/09/2017,3633,3.120343808
29/09/2017,3634,3.120469835
29/09/2017,3635,3.120595863
29/09/2017,3636,3.12072189
29/09/2017,3637,3.120847918
29/09/2017,3638,3.120973945
29/09/2017,3639,3.121099973
29/09/2017,3640,3.121226
29/09/2017,3641,3.121342005
29/09/2017,3642,3.121458011
29/09/2017,3643,3.121574016
29/09/2017,3644,3.121690022
29/09/2017,3645,3.121806027
29/09/2017,3646,3.121922033
29/09/2017,3647,3.122038038
29/09/2017,3648,3.122154044
29/09/2017,3649,3.122270049
29/09/2017,3650,3.122386055
29/09/2017,3651,3.12250206
29/09/2017,3652,3.122618066
29/09/2017,3653,3.122734071
29/09/2017,3654,3.122850077
29/09/2017,3655,3.122966082
29/09/2017,3656,3.123082088
29/09/2017,3657,3.123198093
29/09/2017,3658,3.123314099
29/09/2017,3659,3.123430104
29/09/2017,3660,3.12354611
29/09/2017,3661,3.123662115
29/09/2017,3662,3.123778121
29/09/2017,3663,3.123894126
29/09/2017,3664,3.124010132
29/09/2017,3665,3.124126137
29/09/2017,3666,3.124242143
29/09/2017,3667,3.124358148
29/09/2017,3668,3.124474154
29/09/2017,3669,3.124590159
29/09/2017,3670,3.124706165
29/09/2017,3671,3.12482217
29/09/2017,3672,3.124938176
29/09/2017,3673,3.125054181
29/09/2017,3674,3.125170187
29/09/2017,3675,3.125286192
29/09/2017,3676,3.125402198
29/09/2017,3677,3.125518203
29/09/2017,3678,3.125634209
29/09/2017,3679,3.125750214
29/09/2017,3680,3.12586622
29/09/2017,3681,3.125982225
29/09/2017,3682,3.126098231
29/09/2017,3683,3.126214236
29/09/2017,3684,3.126330242
29/09/2017,3685,3.126446247
29/09/2017,3686,3.126562253
29/09/2017,3687,3.126678258
29/09/2017,3688,3.126794264
29/09/2017,3689,3.126910269
29/09/2017,3690,3.127026275
29/09/2017,3691,3.12714228
29/09/2017,3692,3.127258286
29/09/2017,3693,3.127374291
29/09/2017,3694,3.127490297
29/09/2017,3695,3.127606302
29/09/2017,3696,3.127722308
29/09/2017,3697,3.127838313
29/09/2017,3698,3.127954319
29/09/2017,3699,3.128070324
29/09/2017,3700,3.12818633
29/09/2017,3701,3.128302335
29/09/2017,3702,3.128418341
29/09/2017,3703,3.128534346
29/09/2017,3704,3.128650352
29/09/2017,3705,3.128766357
29/09/2017,3706,3.128882363
29/09/2017,3707,3.128998368
29/09/2017,3708,3.129114374
29/09/2017,3709,3.129230379
29/09/2017,3710,3.129346385
29/09/2017,3711,3.12946239
29/09/2017,3712,3.129578396
29/09/2017,3713,3.129694401
29/09/2017,3714,3.129810407
29/09/2017,3715,3.129926412
29/09/2017,3716,3.130042418
29/09/2017,3717,3.130158423
29/09/2017,3718,3.130274429
29/09/2017,3719,3.130390434
29/09/2017,3720,3.13050644
29/09/2017,3721,3.130622445
29/09/2017,3722,3.130738451
29/09/2017,3723,3.130854456
29/09/2017,3724,3.130970462
29/09/2017,3725,3.131086467
29/09/2017,3726,3.131202473
29/09/2017,3727,3.131318478
29/09/2017,3728,3.131434484
29/09/2017,3729,3.131550489
29/09/2017,3730,3.131666495
29/09/2017,3731,3.1317825
29/09/2017,3732,3.131898505
29/09/2017,3733,3.132014511
29/09/2017,3734,3.132130516
29/09/2017,3735,3.132246522
29/09/2017,3736,3.132362527
29/09/2017,3737,3.132478533
29/09/2017,3738,3.132594538
29/09/2017,3739,3.132710544
29/09/2017,3740,3.132826549
29/09/2017,3741,3.132942555
29/09/2017,3742,3.13305856
29/09/2017,3743,3.133174566
29/09/2017,3744,3.133290571
29/09/2017,3745,3.133406577
29/09/2017,3746,3.133522582
29/09/2017,3747,3.133638588
29/09/2017,3748,3.133754593
29/09/2017,3749,3.133870599
29/09/2017,3750,3.133986604
29/09/2017,3751,3.13410261
29/09/2017,3752,3.134218615
29/09/2017,3753,3.134334621
29/09/2017,3754,3.134450626
29/09/2017,3755,3.134566632
29/09/2017,3756,3.134682637
29/09/2017,3757,3.134798643
29/09/2017,3758,3.134914648
29/09/2017,3759,3.135030654
29/09/2017,3760,3.135146659
29/09/2017,3761,3.135262665
29/09/2017,3762,3.13537867
29/09/2017,3763,3.135494676
29/09/2017,3764,3.135610681
29/09/2017,3765,3.135726687
29/09/2017,3766,3.135842692
29/09/2017,3767,3.135958698
29/09/2017,3768,3.136074703
29/09/2017,3769,3.136190709
29/09/2017,3770,3.136306714
29/09/2017,3771,3.13642272
29/09/2017,3772,3.136538725
29/09/2017,3773,3.136654731
29/09/2017,3774,3.136770736
29/09/2017,3775,3.136886742
29/09/2017,3776,3.137002747
29/09/2017,3777,3.137118753
29/09/2017,3778,3.137234758
29/09/2017,3779,3.137350764
29/09/2017,3780,3.137466769
29/09/2017,3781,3.137582775
29/09/2017,3782,3.13769878
29/09/2017,3783,3.137814786
29/09/2017,3784,3.137930791
29/09/2017,3785,3.138046797
29/09/2017,3786,3.138162802
29/09/2017,3787,3.138278808
29/09/2017,3788,3.138394813
29/09/2017,3789,3.138510819
29/09/2017,3790,3.138626824
29/09/2017,3791,3.13874283
29/09/2017,3792,3.138858835
29/09/2017,3793,3.138974841
29/09/2017,3794,3.139090846
29/09/2017,3795,3.139206852
29/09/2017,3796,3.139322857
29/09/2017,3797,3.139438863
29/09/2017,3798,3.139554868
29/09/2017,3799,3.139670874
29/09/2017,3800,3.139786879
29/09/2017,3801,3.139902885
29/09/2017,3802,3.14001889
29/09/2017,3803,3.140134896
29/09/2017,3804,3.140250901
29/09/2017,3805,3.140366907
29/09/2017,3806,3.140482912
29/09/2017,3807,3.140598918
29/09/2017,3808,3.140714923
29/09/2017,3809,3.140830929
29/09/2017,3810,3.140946934
29/09/2017,3811,3.14106294
29/09/2017,3812,3.141178945
29/09/2017,3813,3.141294951
29/09/2017,3814,3.141410956
29/09/2017,3815,3.141526962
29/09/2017,3816,3.141642967
29/09/2017,3817,3.141758973
29/09/2017,3818,3.141874978
29/09/2017,3819,3.141990984
29/09/2017,3820,3.142106989
29/09/2017,3821,3.142222995
29/09/2017,3822,3.142339
29/09/2017,3823,3.142454165
29/09/2017,3824,3.14256933
29/09/2017,3825,3.142684495
29/09/2017,3826,3.142799659
29/09/2017,3827,3.142914824
29/09/2017,3828,3.143029989
29/09/2017,3829,3.143145154
29/09/2017,3830,3.143260319
29/09/2017,3831,3.143375484
29/09/2017,3832,3.143490648
29/09/2017,3833,3.143605813
29/09/2017,3834,3.143720978
29/09/2017,3835,3.143836143
29/09/2017,3836,3.143951308
29/09/2017,3837,3.144066473
29/09/2017,3838,3.144181637
29/09/2017,3839,3.144296802
29/09/2017,3840,3.144411967
29/09/2017,3841,3.144527132
29/09/2017,3842,3.144642297
29/09/2017,3843,3.144757462
29/09/2017,3844,3.144872626
29/09/2017,3845,3.144987791
29/09/2017,3846,3.145102956
29/09/2017,3847,3.145218121
29/09/2017,3848,3.145333286
29/09/2017,3849,3.145448451
29/09/2017,3850,3.145563615
29/09/2017,3851,3.14567878
29/09/2017,3852,3.145793945
29/09/2017,3853,3.14590911
29/09/2017,3854,3.146024275
29/09/2017,3855,3.14613944
29/09/2017,3856,3.146254604
29/09/2017,3857,3.146369769
29/09/2017,3858,3.146484934
29/09/2017,3859,3.146600099
29/09/2017,3860,3.146715264
29/09/2017,3861,3.146830429
29/09/2017,3862,3.146945593
29/09/2017,3863,3.147060758
29/09/2017,3864,3.147175923
29/09/2017,3865,3.147291088
29/09/2017,3866,3.147406253
29/09/2017,3867,3.147521418
29/09/2017,3868,3.147636582
29/09/2017,3869,3.147751747
29/09/2017,3870,3.147866912
29/09/2017,3871,3.147982077
29/09/2017,3872,3.148097242
29/09/2017,3873,3.148212407
29/09/2017,3874,3.148327571
29/09/2017,3875,3.148442736
29/09/2017,3876,3.148557901
29/09/2017,3877,3.148673066
29/09/2017,3878,3.148788231
29/09/2017,3879,3.148903396
29/09/2017,3880,3.14901856
29/09/2017,3881,3.149133725
29/09/2017,3882,3.14924889
29/09/2017,3883,3.149364055
29/09/2017,3884,3.14947922
29/09/2017,3885,3.149594385
29/09/2017,3886,3.149709549
29/09/2017,3887,3.149824714
29/09/2017,3888,3.149939879
29/09/2017,3889,3.150055044
29/09/2017,3890,3.150170209
29/09/2017,3891,3.150285374
29/09/2017,3892,3.150400538
29/09/2017,3893,3.150515703
29/09/2017,3894,3.150630868
29/09/2017,3895,3.150746033
29/09/2017,3896,3.150861198
29/09/2017,3897,3.150976363
29/09/2017,3898,3.151091527
29/09/2017,3899,3.151206692
29/09/2017,3900,3.151321857
29/09/2017,3901,3.151437022
29/09/2017,3902,3.151552187
29/09/2017,3903,3.151667352
29/09/2017,3904,3.151782516
29/09/2017,3905,3.151897681
29/09/2017,3906,3.152012846
29/09/2017,3907,3.152128011
29/09/2017,3908,3.152243176
29/09/2017,3909,3.152358341
29/09/2017,3910,3.152473505
29/09/2017,3911,3.15258867
29/09/2017,3912,3.152703835
29/09/2017,3913,3.152819
29/09/2017,3914,3.152934165
29/09/2017,3915,3.15304933
29/09/2017,3916,3.153164495
29/09/2017,3917,3.153279659
29/09/2017,3918,3.153394824
29/09/2017,3919,3.153509989
29/09/2017,3920,3.153625154
29/09/2017,3921,3.153740319
29/09/2017,3922,3.153855484
29/09/2017,3923,3.153970648
29/09/2017,3924,3.154085813
29/09/2017,3925,3.154200978
29/09/2017,3926,3.154316143
29/09/2017,3927,3.154431308
29/09/2017,3928,3.154546473
29/09/2017,3929,3.154661637
29/09/2017,3930,3.154776802
29/09/2017,3931,3.154891967
29/09/2017,3932,3.155007132
29/09/2017,3933,3.155122297
29/09/2017,3934,3.155237462
29/09/2017,3935,3.155352626
29/09/2017,3936,3.155467791
29/09/2017,3937,3.155582956
29/09/2017,3938,3.155698121
29/09/2017,3939,3.155813286
29/09/2017,3940,3.155928451
29/09/2017,3941,3.156043615
29/09/2017,3942,3.15615878
29/09/2017,3943,3.156273945
29/09/2017,3944,3.15638911
29/09/2017,3945,3.156504275
29/09/2017,3946,3.15661944
29/09/2017,3947,3.156734604
29/09/2017,3948,3.156849769
29/09/2017,3949,3.156964934
29/09/2017,3950,3.157080099
29/09/2017,3951,3.157195264
29/09/2017,3952,3.157310429
29/09/2017,3953,3.157425593
29/09/2017,3954,3.157540758
29/09/2017,3955,3.157655923
29/09/2017,3956,3.157771088
29/09/2017,3957,3.157886253
29/09/2017,3958,3.158001418
29/09/2017,3959,3.158116582
29/09/2017,3960,3.158231747
29/09/2017,3961,3.158346912
29/09/2017,3962,3.158462077
29/09/2017,3963,3.158577242
29/09/2017,3964,3.158692407
29/09/2017,3965,3.158807571
29/09/2017,3966,3.158922736
29/09/2017,3967,3.159037901
29/09/2017,3968,3.159153066
29/09/2017,3969,3.159268231
29/09/2017,3970,3.159383396
29/09/2017,3971,3.15949856
29/09/2017,3972,3.159613725
29/09/2017,3973,3.15972889
29/09/2017,3974,3.159844055
29/09/2017,3975,3.15995922
29/09/2017,3976,3.160074385
29/09/2017,3977,3.160189549
29/09/2017,3978,3.160304714
29/09/2017,3979,3.160419879
29/09/2017,3980,3.160535044
29/09/2017,3981,3.160650209
29/09/2017,3982,3.160765374
29/09/2017,3983,3.160880538
29/09/2017,3984,3.160995703
29/09/2017,3985,3.161110868
29/09/2017,3986,3.161226033
29/09/2017,3987,3.161341198
29/09/2017,3988,3.161456363
29/09/2017,3989,3.161571527
29/09/2017,3990,3.161686692
29/09/2017,3991,3.161801857
29/09/2017,3992,3.161917022
29/09/2017,3993,3.162032187
29/09/2017,3994,3.162147352
29/09/2017,3995,3.162262516
29/09/2017,3996,3.162377681
29/09/2017,3997,3.162492846
29/09/2017,3998,3.162608011
29/09/2017,3999,3.162723176
29/09/2017,4000,3.162838341
29/09/2017,4001,3.162953505
29/09/2017,4002,3.16306867
29/09/2017,4003,3.163183835
29/09/2017,4004,3.163299
29/09/2017,4005,3.163434231
29/09/2017,4006,3.163569462
29/09/2017,4007,3.163704692
29/09/2017,4008,3.163839923
29/09/2017,4009,3.163975154
29/09/2017,4010,3.164110385
29/09/2017,4011,3.164245615
29/09/2017,4012,3.164380846
29/09/2017,4013,3.164516077
29/09/2017,4014,3.164651308
29/09/2017,4015,3.164786538
29/09/2017,4016,3.164921769
29/09/2017,4017,3.165057
29/09/2017,4018,3.165192231
29/09/2017,4019,3.165327462
29/09/2017,4020,3.165462692
29/09/2017,4021,3.165597923
29/09/2017,4022,3.165733154
29/09/2017,4023,3.165868385
29/09/2017,4024,3.166003615
29/09/2017,4025,3.166138846
29/09/2017,4026,3.166274077
29/09/2017,4027,3.166409308
29/09/2017,4028,3.166544538
29/09/2017,4029,3.166679769
29/09/2017,4030,3.166815
29/09/2017,4031,3.166950231
29/09/2017,4032,3.167085462
29/09/2017,4033,3.167220692
29/09/2017,4034,3.167355923
29/09/2017,4035,3.167491154
29/09/2017,4036,3.167626385
29/09/2017,4037,3.167761615
29/09/2017,4038,3.167896846
29/09/2017,4039,3.168032077
29/09/2017,4040,3.168167308
29/09/2017,4041,3.168302538
29/09/2017,4042,3.168437769
29/09/2017,4043,3.168573
29/09/2017,4044,3.168708231
29/09/2017,4045,3.168843462
29/09/2017,4046,3.168978692
29/09/2017,4047,3.169113923
29/09/2017,4048,3.169249154
29/09/2017,4049,3.169384385
29/09/2017,4050,3.169519615
29/09/2017,4051,3.169654846
29/09/2017,4052,3.169790077
29/09/2017,4053,3.169925308
29/09/2017,4054,3.170060538
29/09/2017,4055,3.170195769
29/09/2017,4056,3.170331
29/09/2017,4057,3.170466231
29/09/2017,4058,3.170601462
29/09/2017,4059,3.170736692
29/09/2017,4060,3.170871923
29/09/2017,4061,3.171007154
29/09/2017,4062,3.171142385
29/09/2017,4063,3.171277615
29/09/2017,4064,3.171412846
29/09/2017,4065,3.171548077
29/09/2017,4066,3.171683308
29/09/2017,4067,3.171818538
29/09/2017,4068,3.171953769
29/09/2017,4069,3.172089
29/09/2017,4070,3.172224231
29/09/2017,4071,3.172359462
29/09/2017,4072,3.172494692
29/09/2017,4073,3.172629923
29/09/2017,4074,3.172765154
29/09/2017,4075,3.172900385
29/09/2017,4076,3.173035615
29/09/2017,4077,3.173170846
29/09/2017,4078,3.173306077
29/09/2017,4079,3.173441308
29/09/2017,4080,3.173576538
29/09/2017,4081,3.173711769
29/09/2017,4082,3.173847
29/09/2017,4083,3.173982231
29/09/2017,4084,3.174117462
29/09/2017,4085,3.174252692
29/09/2017,4086,3.174387923
29/09/2017,4087,3.174523154
29/09/2017,4088,3.174658385
29/09/2017,4089,3.174793615
29/09/2017,4090,3.174928846
29/09/2017,4091,3.175064077
29/09/2017,4092,3.175199308
29/09/2017,4093,3.175334538
29/09/2017,4094,3.175469769
29/09/2017,4095,3.175605
29/09/2017,4096,3.175740231
29/09/2017,4097,3.175875462
29/09/2017,4098,3.176010692
29/09/2017,4099,3.176145923
29/09/2017,4100,3.176281154
29/09/2017,4101,3.176416385
29/09/2017,4102,3.176551615
29/09/2017,4103,3.176686846
29/09/2017,4104,3.176822077
29/09/2017,4105,3.176957308
29/09/2017,4106,3.177092538
29/09/2017,4107,3.177227769
29/09/2017,4108,3.177363
29/09/2017,4109,3.177498231
29/09/2017,4110,3.177633462
29/09/2017,4111,3.177768692
29/09/2017,4112,3.177903923
29/09/2017,4113,3.178039154
29/09/2017,4114,3.178174385
29/09/2017,4115,3.178309615
29/09/2017,4116,3.178444846
29/09/2017,4117,3.178580077
29/09/2017,4118,3.178715308
29/09/2017,4119,3.178850538
29/09/2017,4120,3.178985769
29/09/2017,4121,3.179121
29/09/2017,4122,3.179256231
29/09/2017,4123,3.179391462
29/09/2017,4124,3.179526692
29/09/2017,4125,3.179661923
29/09/2017,4126,3.179797154
29/09/2017,4127,3.179932385
29/09/2017,4128,3.180067615
29/09/2017,4129,3.180202846
29/09/2017,4130,3.180338077
29/09/2017,4131,3.180473308
29/09/2017,4132,3.180608538
29/09/2017,4133,3.180743769
29/09/2017,4134,3.180879
29/09/2017,4135,3.181014231
29/09/2017,4136,3.181149462
29/09/2017,4137,3.181284692
29/09/2017,4138,3.181419923
29/09/2017,4139,3.181555154
29/09/2017,4140,3.181690385
29/09/2017,4141,3.181825615
29/09/2017,4142,3.181960846
29/09/2017,4143,3.182096077
29/09/2017,4144,3.182231308
29/09/2017,4145,3.182366538
29/09/2017,4146,3.182501769
29/09/2017,4147,3.182637
29/09/2017,4148,3.182772231
29/09/2017,4149,3.182907462
29/09/2017,4150,3.183042692
29/09/2017,4151,3.183177923
29/09/2017,4152,3.183313154
29/09/2017,4153,3.183448385
29/09/2017,4154,3.183583615
29/09/2017,4155,3.183718846
29/09/2017,4156,3.183854077
29/09/2017,4157,3.183989308
29/09/2017,4158,3.184124538
29/09/2017,4159,3.184259769
29/09/2017,4160,3.184395
29/09/2017,4161,3.184530231
29/09/2017,4162,3.184665462
29/09/2017,4163,3.184800692
29/09/2017,4164,3.184935923
29/09/2017,4165,3.185071154
29/09/2017,4166,3.185206385
29/09/2017,4167,3.185341615
29/09/2017,4168,3.185476846
29/09/2017,4169,3.185612077
29/09/2017,4170,3.185747308
29/09/2017,4171,3.185882538
29/09/2017,4172,3.186017769
29/09/2017,4173,3.186153
29/09/2017,4174,3.186288231
29/09/2017,4175,3.186423462
29/09/2017,4176,3.186558692
29/09/2017,4177,3.186693923
29/09/2017,4178,3.186829154
29/09/2017,4179,3.186964385
29/09/2017,4180,3.187099615
29/09/2017,4181,3.187234846
29/09/2017,4182,3.187370077
29/09/2017,4183,3.187505308
29/09/2017,4184,3.187640538
29/09/2017,4185,3.187775769
29/09/2017,4186,3.187911
29/09/2017,4187,3.188060187
29/09/2017,4188,3.188209374
29/09/2017,4189,3.18835856
29/09/2017,4190,3.188507747
29/09/2017,4191,3.188656934
29/09/2017,4192,3.188806121
29/09/2017,4193,3.188955308
29/09/2017,4194,3.189104495
29/09/2017,4195,3.189253681
29/09/2017,4196,3.189402868
29/09/2017,4197,3.189552055
29/09/2017,4198,3.189701242
29/09/2017,4199,3.189850429
29/09/2017,4200,3.189999615
29/09/2017,4201,3.190148802
29/09/2017,4202,3.190297989
29/09/2017,4203,3.190447176
29/09/2017,4204,3.190596363
29/09/2017,4205,3.190745549
29/09/2017,4206,3.190894736
29/09/2017,4207,3.191043923
29/09/2017,4208,3.19119311
29/09/2017,4209,3.191342297
29/09/2017,4210,3.191491484
29/09/2017,4211,3.19164067
29/09/2017,4212,3.191789857
29/09/2017,4213,3.191939044
29/09/2017,4214,3.192088231
29/09/2017,4215,3.192237418
29/09/2017,4216,3.192386604
29/09/2017,4217,3.192535791
29/09/2017,4218,3.192684978
29/09/2017,4219,3.192834165
29/09/2017,4220,3.192983352
29/09/2017,4221,3.193132538
29/09/2017,4222,3.193281725
29/09/2017,4223,3.193430912
29/09/2017,4224,3.193580099
29/09/2017,4225,3.193729286
29/09/2017,4226,3.193878473
29/09/2017,4227,3.194027659
29/09/2017,4228,3.194176846
29/09/2017,4229,3.194326033
29/09/2017,4230,3.19447522
29/09/2017,4231,3.194624407
29/09/2017,4232,3.194773593
29/09/2017,4233,3.19492278
29/09/2017,4234,3.195071967
29/09/2017,4235,3.195221154
29/09/2017,4236,3.195370341
29/09/2017,4237,3.195519527
29/09/2017,4238,3.195668714
29/09/2017,4239,3.195817901
29/09/2017,4240,3.195967088
29/09/2017,4241,3.196116275
29/09/2017,4242,3.196265462
29/09/2017,4243,3.196414648
29/09/2017,4244,3.196563835
29/09/2017,4245,3.196713022
29/09/2017,4246,3.196862209
29/09/2017,4247,3.197011396
29/09/2017,4248,3.197160582
29/09/2017,4249,3.197309769
29/09/2017,4250,3.197458956
29/09/2017,4251,3.197608143
29/09/2017,4252,3.19775733
29/09/2017,4253,3.197906516
29/09/2017,4254,3.198055703
29/09/2017,4255,3.19820489
29/09/2017,4256,3.198354077
29/09/2017,4257,3.198503264
29/09/2017,4258,3.198652451
29/09/2017,4259,3.198801637
29/09/2017,4260,3.198950824
29/09/2017,4261,3.199100011
29/09/2017,4262,3.199249198
29/09/2017,4263,3.199398385
29/09/2017,4264,3.199547571
29/09/2017,4265,3.199696758
29/09/2017,4266,3.199845945
29/09/2017,4267,3.199995132
29/09/2017,4268,3.200144319
29/09/2017,4269,3.200293505
29/09/2017,4270,3.200442692
29/09/2017,4271,3.200591879
29/09/2017,4272,3.200741066
29/09/2017,4273,3.200890253
29/09/2017,4274,3.20103944
29/09/2017,4275,3.201188626
29/09/2017,4276,3.201337813
29/09/2017,4277,3.201487
29/09/2017,4278,3.201636187
29/09/2017,4279,3.201785374
29/09/2017,4280,3.20193456
29/09/2017,4281,3.202083747
29/09/2017,4282,3.202232934
29/09/2017,4283,3.202382121
29/09/2017,4284,3.202531308
29/09/2017,4285,3.202680495
29/09/2017,4286,3.202829681
29/09/2017,4287,3.202978868
29/09/2017,4288,3.203128055
29/09/2017,4289,3.203277242
29/09/2017,4290,3.203426429
29/09/2017,4291,3.203575615
29/09/2017,4292,3.203724802
29/09/2017,4293,3.203873989
29/09/2017,4294,3.204023176
29/09/2017,4295,3.204172363
29/09/2017,4296,3.204321549
29/09/2017,4297,3.204470736
29/09/2017,4298,3.204619923
29/09/2017,4299,3.20476911
29/09/2017,4300,3.204918297
29/09/2017,4301,3.205067484
29/09/2017,4302,3.20521667
29/09/2017,4303,3.205365857
29/09/2017,4304,3.205515044
29/09/2017,4305,3.205664231
29/09/2017,4306,3.205813418
29/09/2017,4307,3.205962604
29/09/2017,4308,3.206111791
29/09/2017,4309,3.206260978
29/09/2017,4310,3.206410165
29/09/2017,4311,3.206559352
29/09/2017,4312,3.206708538
29/09/2017,4313,3.206857725
29/09/2017,4314,3.207006912
29/09/2017,4315,3.207156099
29/09/2017,4316,3.207305286
29/09/2017,4317,3.207454473
29/09/2017,4318,3.207603659
29/09/2017,4319,3.207752846
29/09/2017,4320,3.207902033
29/09/2017,4321,3.20805122
29/09/2017,4322,3.208200407
29/09/2017,4323,3.208349593
29/09/2017,4324,3.20849878
29/09/2017,4325,3.208647967
29/09/2017,4326,3.208797154
29/09/2017,4327,3.208946341
29/09/2017,4328,3.209095527
29/09/2017,4329,3.209244714
29/09/2017,4330,3.209393901
29/09/2017,4331,3.209543088
29/09/2017,4332,3.209692275
29/09/2017,4333,3.209841462
29/09/2017,4334,3.209990648
29/09/2017,4335,3.210139835
29/09/2017,4336,3.210289022
29/09/2017,4337,3.210438209
29/09/2017,4338,3.210587396
29/09/2017,4339,3.210736582
29/09/2017,4340,3.210885769
29/09/2017,4341,3.211034956
29/09/2017,4342,3.211184143
29/09/2017,4343,3.21133333
29/09/2017,4344,3.211482516
29/09/2017,4345,3.211631703
29/09/2017,4346,3.21178089
29/09/2017,4347,3.211930077
29/09/2017,4348,3.212079264
29/09/2017,4349,3.212228451
29/09/2017,4350,3.212377637
29/09/2017,4351,3.212526824
29/09/2017,4352,3.212676011
29/09/2017,4353,3.212825198
29/09/2017,4354,3.212974385
29/09/2017,4355,3.213123571
29/09/2017,4356,3.213272758
29/09/2017,4357,3.213421945
29/09/2017,4358,3.213571132
29/09/2017,4359,3.213720319
29/09/2017,4360,3.213869505
29/09/2017,4361,3.214018692
29/09/2017,4362,3.214167879
29/09/2017,4363,3.214317066
29/09/2017,4364,3.214466253
29/09/2017,4365,3.21461544
29/09/2017,4366,3.214764626
29/09/2017,4367,3.214913813
29/09/2017,4368,3.215063
29/09/2017,4369,3.215211297
29/09/2017,4370,3.215359593
29/09/2017,4371,3.21550789
29/09/2017,4372,3.215656187
29/09/2017,4373,3.215804484
29/09/2017,4374,3.21595278
29/09/2017,4375,3.216101077
29/09/2017,4376,3.216249374
29/09/2017,4377,3.21639767
29/09/2017,4378,3.216545967
29/09/2017,4379,3.216694264
29/09/2017,4380,3.21684256
29/09/2017,4381,3.216990857
29/09/2017,4382,3.217139154
29/09/2017,4383,3.217287451
29/09/2017,4384,3.217435747
29/09/2017,4385,3.217584044
29/09/2017,4386,3.217732341
29/09/2017,4387,3.217880637
29/09/2017,4388,3.218028934
29/09/2017,4389,3.218177231
29/09/2017,4390,3.218325527
29/09/2017,4391,3.218473824
29/09/2017,4392,3.218622121
29/09/2017,4393,3.218770418
29/09/2017,4394,3.218918714
29/09/2017,4395,3.219067011
29/09/2017,4396,3.219215308
29/09/2017,4397,3.219363604
29/09/2017,4398,3.219511901
29/09/2017,4399,3.219660198
29/09/2017,4400,3.219808495
29/09/2017,4401,3.219956791
29/09/2017,4402,3.220105088
29/09/2017,4403,3.220253385
29/09/2017,4404,3.220401681
29/09/2017,4405,3.220549978
29/09/2017,4406,3.220698275
29/09/2017,4407,3.220846571
29/09/2017,4408,3.220994868
29/09/2017,4409,3.221143165
29/09/2017,4410,3.221291462
29/09/2017,4411,3.221439758
29/09/2017,4412,3.221588055
29/09/2017,4413,3.221736352
29/09/2017,4414,3.221884648
29/09/2017,4415,3.222032945
29/09/2017,4416,3.222181242
29/09/2017,4417,3.222329538
29/09/2017,4418,3.222477835
29/09/2017,4419,3.222626132
29/09/2017,4420,3.222774429
29/09/2017,4421,3.222922725
29/09/2017,4422,3.223071022
29/09/2017,4423,3.223219319
29/09/2017,4424,3.223367615
29/09/2017,4425,3.223515912
29/09/2017,4426,3.223664209
29/09/2017,4427,3.223812505
29/09/2017,4428,3.223960802
29/09/2017,4429,3.224109099
29/09/2017,4430,3.224257396
29/09/2017,4431,3.224405692
29/09/2017,4432,3.224553989
29/09/2017,4433,3.224702286
29/09/2017,4434,3.224850582
29/09/2017,4435,3.224998879
29/09/2017,4436,3.225147176
29/09/2017,4437,3.225295473
29/09/2017,4438,3.225443769
29/09/2017,4439,3.225592066
29/09/2017,4440,3.225740363
29/09/2017,4441,3.225888659
29/09/2017,4442,3.226036956
29/09/2017,4443,3.226185253
29/09/2017,4444,3.226333549
29/09/2017,4445,3.226481846
29/09/2017,4446,3.226630143
29/09/2017,4447,3.22677844
29/09/2017,4448,3.226926736
29/09/2017,4449,3.227075033
29/09/2017,4450,3.22722333
29/09/2017,4451,3.227371626
29/09/2017,4452,3.227519923
29/09/2017,4453,3.22766822
29/09/2017,4454,3.227816516
29/09/2017,4455,3.227964813
29/09/2017,4456,3.22811311
29/09/2017,4457,3.228261407
29/09/2017,4458,3.228409703
29/09/2017,4459,3.228558
29/09/2017,4460,3.228706297
29/09/2017,4461,3.228854593
29/09/2017,4462,3.22900289
29/09/2017,4463,3.229151187
29/09/2017,4464,3.229299484
29/09/2017,4465,3.22944778
29/09/2017,4466,3.229596077
29/09/2017,4467,3.229744374
29/09/2017,4468,3.22989267
29/09/2017,4469,3.230040967
29/09/2017,4470,3.230189264
29/09/2017,4471,3.23033756
29/09/2017,4472,3.230485857
29/09/2017,4473,3.230634154
29/09/2017,4474,3.230782451
29/09/2017,4475,3.230930747
29/09/2017,4476,3.231079044
29/09/2017,4477,3.231227341
29/09/2017,4478,3.231375637
29/09/2017,4479,3.231523934
29/09/2017,4480,3.231672231
29/09/2017,4481,3.231820527
29/09/2017,4482,3.231968824
29/09/2017,4483,3.232117121
29/09/2017,4484,3.232265418
29/09/2017,4485,3.232413714
29/09/2017,4486,3.232562011
29/09/2017,4487,3.232710308
29/09/2017,4488,3.232858604
29/09/2017,4489,3.233006901
29/09/2017,4490,3.233155198
29/09/2017,4491,3.233303495
29/09/2017,4492,3.233451791
29/09/2017,4493,3.233600088
29/09/2017,4494,3.233748385
29/09/2017,4495,3.233896681
29/09/2017,4496,3.234044978
29/09/2017,4497,3.234193275
29/09/2017,4498,3.234341571
29/09/2017,4499,3.234489868
29/09/2017,4500,3.234638165
29/09/2017,4501,3.234786462
29/09/2017,4502,3.234934758
29/09/2017,4503,3.235083055
29/09/2017,4504,3.235231352
29/09/2017,4505,3.235379648
29/09/2017,4506,3.235527945
29/09/2017,4507,3.235676242
29/09/2017,4508,3.235824538
29/09/2017,4509,3.235972835
29/09/2017,4510,3.236121132
29/09/2017,4511,3.236269429
29/09/2017,4512,3.236417725
29/09/2017,4513,3.236566022
29/09/2017,4514,3.236714319
29/09/2017,4515,3.236862615
29/09/2017,4516,3.237010912
29/09/2017,4517,3.237159209
29/09/2017,4518,3.237307505
29/09/2017,4519,3.237455802
29/09/2017,4520,3.237604099
29/09/2017,4521,3.237752396
29/09/2017,4522,3.237900692
29/09/2017,4523,3.238048989
29/09/2017,4524,3.238197286
29/09/2017,4525,3.238345582
29/09/2017,4526,3.238493879
29/09/2017,4527,3.238642176
29/09/2017,4528,3.238790473
29/09/2017,4529,3.238938769
29/09/2017,4530,3.239087066
29/09/2017,4531,3.239235363
29/09/2017,4532,3.239383659
29/09/2017,4533,3.239531956
29/09/2017,4534,3.239680253
29/09/2017,4535,3.239828549
29/09/2017,4536,3.239976846
29/09/2017,4537,3.240125143
29/09/2017,4538,3.24027344
29/09/2017,4539,3.240421736
29/09/2017,4540,3.240570033
29/09/2017,4541,3.24071833
29/09/2017,4542,3.240866626
29/09/2017,4543,3.241014923
29/09/2017,4544,3.24116322
29/09/2017,4545,3.241311516
29/09/2017,4546,3.241459813
29/09/2017,4547,3.24160811
29/09/2017,4548,3.241756407
29/09/2017,4549,3.241904703
29/09/2017,4550,3.242053
29/09/2017,4551,3.242200352
29/09/2017,4552,3.242347703
29/09/2017,4553,3.242495055
29/09/2017,4554,3.242642407
29/09/2017,4555,3.242789758
29/09/2017,4556,3.24293711
29/09/2017,4557,3.243084462
29/09/2017,4558,3.243231813
29/09/2017,4559,3.243379165
29/09/2017,4560,3.243526516
29/09/2017,4561,3.243673868
29/09/2017,4562,3.24382122
29/09/2017,4563,3.243968571
29/09/2017,4564,3.244115923
29/09/2017,4565,3.244263275
29/09/2017,4566,3.244410626
29/09/2017,4567,3.244557978
29/09/2017,4568,3.24470533
29/09/2017,4569,3.244852681
29/09/2017,4570,3.245000033
29/09/2017,4571,3.245147385
29/09/2017,4572,3.245294736
29/09/2017,4573,3.245442088
29/09/2017,4574,3.24558944
29/09/2017,4575,3.245736791
29/09/2017,4576,3.245884143
29/09/2017,4577,3.246031495
29/09/2017,4578,3.246178846
29/09/2017,4579,3.246326198
29/09/2017,4580,3.246473549
29/09/2017,4581,3.246620901
29/09/2017,4582,3.246768253
29/09/2017,4583,3.246915604
29/09/2017,4584,3.247062956
29/09/2017,4585,3.247210308
29/09/2017,4586,3.247357659
29/09/2017,4587,3.247505011
29/09/2017,4588,3.247652363
29/09/2017,4589,3.247799714
29/09/2017,4590,3.247947066
29/09/2017,4591,3.248094418
29/09/2017,4592,3.248241769
29/09/2017,4593,3.248389121
29/09/2017,4594,3.248536473
29/09/2017,4595,3.248683824
29/09/2017,4596,3.248831176
29/09/2017,4597,3.248978527
29/09/2017,4598,3.249125879
29/09/2017,4599,3.249273231
29/09/2017,4600,3.249420582
29/09/2017,4601,3.249567934
29/09/2017,4602,3.249715286
29/09/2017,4603,3.249862637
29/09/2017,4604,3.250009989
29/09/2017,4605,3.250157341
29/09/2017,4606,3.250304692
29/09/2017,4607,3.250452044
29/09/2017,4608,3.250599396
29/09/2017,4609,3.250746747
29/09/2017,4610,3.250894099
29/09/2017,4611,3.251041451
29/09/2017,4612,3.251188802
29/09/2017,4613,3.251336154
29/09/2017,4614,3.251483505
29/09/2017,4615,3.251630857
29/09/2017,4616,3.251778209
29/09/2017,4617,3.25192556
29/09/2017,4618,3.252072912
29/09/2017,4619,3.252220264
29/09/2017,4620,3.252367615
29/09/2017,4621,3.252514967
29/09/2017,4622,3.252662319
29/09/2017,4623,3.25280967
29/09/2017,4624,3.252957022
29/09/2017,4625,3.253104374
29/09/2017,4626,3.253251725
29/09/2017,4627,3.253399077
29/09/2017,4628,3.253546429
29/09/2017,4629,3.25369378
29/09/2017,4630,3.253841132
29/09/2017,4631,3.253988484
29/09/2017,4632,3.254135835
29/09/2017,4633,3.254283187
29/09/2017,4634,3.254430538
29/09/2017,4635,3.25457789
29/09/2017,4636,3.254725242
29/09/2017,4637,3.254872593
29/09/2017,4638,3.255019945
29/09/2017,4639,3.255167297
29/09/2017,4640,3.255314648
29/09/2017,4641,3.255462
29/09/2017,4642,3.255609352
29/09/2017,4643,3.255756703
29/09/2017,4644,3.255904055
29/09/2017,4645,3.256051407
29/09/2017,4646,3.256198758
29/09/2017,4647,3.25634611
29/09/2017,4648,3.256493462
29/09/2017,4649,3.256640813
29/09/2017,4650,3.256788165
29/09/2017,4651,3.256935516
29/09/2017,4652,3.257082868
29/09/2017,4653,3.25723022
29/09/2017,4654,3.257377571
29/09/2017,4655,3.257524923
29/09/2017,4656,3.257672275
29/09/2017,4657,3.257819626
29/09/2017,4658,3.257966978
29/09/2017,4659,3.25811433
29/09/2017,4660,3.258261681
29/09/2017,4661,3.258409033
29/09/2017,4662,3.258556385
29/09/2017,4663,3.258703736
29/09/2017,4664,3.258851088
29/09/2017,4665,3.25899844
29/09/2017,4666,3.259145791
29/09/2017,4667,3.259293143
29/09/2017,4668,3.259440495
29/09/2017,4669,3.259587846
29/09/2017,4670,3.259735198
29/09/2017,4671,3.259882549
29/09/2017,4672,3.260029901
29/09/2017,4673,3.260177253
29/09/2017,4674,3.260324604
29/09/2017,4675,3.260471956
29/09/2017,4676,3.260619308
29/09/2017,4677,3.260766659
29/09/2017,4678,3.260914011
29/09/2017,4679,3.261061363
29/09/2017,4680,3.261208714
29/09/2017,4681,3.261356066
29/09/2017,4682,3.261503418
29/09/2017,4683,3.261650769
29/09/2017,4684,3.261798121
29/09/2017,4685,3.261945473
29/09/2017,4686,3.262092824
29/09/2017,4687,3.262240176
29/09/2017,4688,3.262387527
29/09/2017,4689,3.262534879
29/09/2017,4690,3.262682231
29/09/2017,4691,3.262829582
29/09/2017,4692,3.262976934
29/09/2017,4693,3.263124286
29/09/2017,4694,3.263271637
29/09/2017,4695,3.263418989
29/09/2017,4696,3.263566341
29/09/2017,4697,3.263713692
29/09/2017,4698,3.263861044
29/09/2017,4699,3.264008396
29/09/2017,4700,3.264155747
29/09/2017,4701,3.264303099
29/09/2017,4702,3.264450451
29/09/2017,4703,3.264597802
29/09/2017,4704,3.264745154
29/09/2017,4705,3.264892505
29/09/2017,4706,3.265039857
29/09/2017,4707,3.265187209
29/09/2017,4708,3.26533456
29/09/2017,4709,3.265481912
29/09/2017,4710,3.265629264
29/09/2017,4711,3.265776615
29/09/2017,4712,3.265923967
29/09/2017,4713,3.266071319
29/09/2017,4714,3.26621867
29/09/2017,4715,3.266366022
29/09/2017,4716,3.266513374
29/09/2017,4717,3.266660725
29/09/2017,4718,3.266808077
29/09/2017,4719,3.266955429
29/09/2017,4720,3.26710278
29/09/2017,4721,3.267250132
29/09/2017,4722,3.267397484
29/09/2017,4723,3.267544835
29/09/2017,4724,3.267692187
29/09/2017,4725,3.267839538
29/09/2017,4726,3.26798689
29/09/2017,4727,3.268134242
29/09/2017,4728,3.268281593
29/09/2017,4729,3.268428945
29/09/2017,4730,3.268576297
29/09/2017,4731,3.268723648
29/09/2017,4732,3.268871
29/09/2017,4733,3.26893044
29/09/2017,4734,3.268989879
29/09/2017,4735,3.269049319
29/09/2017,4736,3.269108758
29/09/2017,4737,3.269168198
29/09/2017,4738,3.269227637
29/09/2017,4739,3.269287077
29/09/2017,4740,3.269346516
29/09/2017,4741,3.269405956
29/09/2017,4742,3.269465396
29/09/2017,4743,3.269524835
29/09/2017,4744,3.269584275
29/09/2017,4745,3.269643714
29/09/2017,4746,3.269703154
29/09/2017,4747,3.269762593
29/09/2017,4748,3.269822033
29/09/2017,4749,3.269881473
29/09/2017,4750,3.269940912
29/09/2017,4751,3.270000352
29/09/2017,4752,3.270059791
29/09/2017,4753,3.270119231
29/09/2017,4754,3.27017867
29/09/2017,4755,3.27023811
29/09/2017,4756,3.270297549
29/09/2017,4757,3.270356989
29/09/2017,4758,3.270416429
29/09/2017,4759,3.270475868
29/09/2017,4760,3.270535308
29/09/2017,4761,3.270594747
29/09/2017,4762,3.270654187
29/09/2017,4763,3.270713626
29/09/2017,4764,3.270773066
29/09/2017,4765,3.270832505
29/09/2017,4766,3.270891945
29/09/2017,4767,3.270951385
29/09/2017,4768,3.271010824
29/09/2017,4769,3.271070264
29/09/2017,4770,3.271129703
29/09/2017,4771,3.271189143
29/09/2017,4772,3.271248582
29/09/2017,4773,3.271308022
29/09/2017,4774,3.271367462
29/09/2017,4775,3.271426901
29/09/2017,4776,3.271486341
29/09/2017,4777,3.27154578
29/09/2017,4778,3.27160522
29/09/2017,4779,3.271664659
29/09/2017,4780,3.271724099
29/09/2017,4781,3.271783538
29/09/2017,4782,3.271842978
29/09/2017,4783,3.271902418
29/09/2017,4784,3.271961857
29/09/2017,4785,3.272021297
29/09/2017,4786,3.272080736
29/09/2017,4787,3.272140176
29/09/2017,4788,3.272199615
29/09/2017,4789,3.272259055
29/09/2017,4790,3.272318495
29/09/2017,4791,3.272377934
29/09/2017,4792,3.272437374
29/09/2017,4793,3.272496813
29/09/2017,4794,3.272556253
29/09/2017,4795,3.272615692
29/09/2017,4796,3.272675132
29/09/2017,4797,3.272734571
29/09/2017,4798,3.272794011
29/09/2017,4799,3.272853451
29/09/2017,4800,3.27291289
29/09/2017,4801,3.27297233
29/09/2017,4802,3.273031769
29/09/2017,4803,3.273091209
29/09/2017,4804,3.273150648
29/09/2017,4805,3.273210088
29/09/2017,4806,3.273269527
29/09/2017,4807,3.273328967
29/09/2017,4808,3.273388407
29/09/2017,4809,3.273447846
29/09/2017,4810,3.273507286
29/09/2017,4811,3.273566725
29/09/2017,4812,3.273626165
29/09/2017,4813,3.273685604
29/09/2017,4814,3.273745044
29/09/2017,4815,3.273804484
29/09/2017,4816,3.273863923
29/09/2017,4817,3.273923363
29/09/2017,4818,3.273982802
29/09/2017,4819,3.274042242
29/09/2017,4820,3.274101681
29/09/2017,4821,3.274161121
29/09/2017,4822,3.27422056
29/09/2017,4823,3.27428
29/09/2017,4824,3.27433944
29/09/2017,4825,3.274398879
29/09/2017,4826,3.274458319
29/09/2017,4827,3.274517758
29/09/2017,4828,3.274577198
29/09/2017,4829,3.274636637
29/09/2017,4830,3.274696077
29/09/2017,4831,3.274755516
29/09/2017,4832,3.274814956
29/09/2017,4833,3.274874396
29/09/2017,4834,3.274933835
29/09/2017,4835,3.274993275
29/09/2017,4836,3.275052714
29/09/2017,4837,3.275112154
29/09/2017,4838,3.275171593
29/09/2017,4839,3.275231033
29/09/2017,4840,3.275290473
29/09/2017,4841,3.275349912
29/09/2017,4842,3.275409352
29/09/2017,4843,3.275468791
29/09/2017,4844,3.275528231
29/09/2017,4845,3.27558767
29/09/2017,4846,3.27564711
29/09/2017,4847,3.275706549
29/09/2017,4848,3.275765989
29/09/2017,4849,3.275825429
29/09/2017,4850,3.275884868
29/09/2017,4851,3.275944308
29/09/2017,4852,3.276003747
29/09/2017,4853,3.276063187
29/09/2017,4854,3.276122626
29/09/2017,4855,3.276182066
29/09/2017,4856,3.276241505
29/09/2017,4857,3.276300945
29/09/2017,4858,3.276360385
29/09/2017,4859,3.276419824
29/09/2017,4860,3.276479264
29/09/2017,4861,3.276538703
29/09/2017,4862,3.276598143
29/09/2017,4863,3.276657582
29/09/2017,4864,3.276717022
29/09/2017,4865,3.276776462
29/09/2017,4866,3.276835901
29/09/2017,4867,3.276895341
29/09/2017,4868,3.27695478
29/09/2017,4869,3.27701422
29/09/2017,4870,3.277073659
29/09/2017,4871,3.277133099
29/09/2017,4872,3.277192538
29/09/2017,4873,3.277251978
29/09/2017,4874,3.277311418
29/09/2017,4875,3.277370857
29/09/2017,4876,3.277430297
29/09/2017,4877,3.277489736
29/09/2017,4878,3.277549176
29/09/2017,4879,3.277608615
29/09/2017,4880,3.277668055
29/09/2017,4881,3.277727495
29/09/2017,4882,3.277786934
29/09/2017,4883,3.277846374
29/09/2017,4884,3.277905813
29/09/2017,4885,3.277965253
29/09/2017,4886,3.278024692
29/09/2017,4887,3.278084132
29/09/2017,4888,3.278143571
29/09/2017,4889,3.278203011
29/09/2017,4890,3.278262451
29/09/2017,4891,3.27832189
29/09/2017,4892,3.27838133
29/09/2017,4893,3.278440769
29/09/2017,4894,3.278500209
29/09/2017,4895,3.278559648
29/09/2017,4896,3.278619088
29/09/2017,4897,3.278678527
29/09/2017,4898,3.278737967
29/09/2017,4899,3.278797407
29/09/2017,4900,3.278856846
29/09/2017,4901,3.278916286
29/09/2017,4902,3.278975725
29/09/2017,4903,3.279035165
29/09/2017,4904,3.279094604
29/09/2017,4905,3.279154044
29/09/2017,4906,3.279213484
29/09/2017,4907,3.279272923
29/09/2017,4908,3.279332363
29/09/2017,4909,3.279391802
29/09/2017,4910,3.279451242
29/09/2017,4911,3.279510681
29/09/2017,4912,3.279570121
29/09/2017,4913,3.27962956
29/09/2017,4914,3.279689
29/09/2017,4915,3.279825951
29/09/2017,4916,3.279962901
29/09/2017,4917,3.280099852
29/09/2017,4918,3.280236802
29/09/2017,4919,3.280373753
29/09/2017,4920,3.280510703
29/09/2017,4921,3.280647654
29/09/2017,4922,3.280784604
29/09/2017,4923,3.280921555
29/09/2017,4924,3.281058505
29/09/2017,4925,3.281195456
29/09/2017,4926,3.281332407
29/09/2017,4927,3.281469357
29/09/2017,4928,3.281606308
29/09/2017,4929,3.281743258
29/09/2017,4930,3.281880209
29/09/2017,4931,3.282017159
29/09/2017,4932,3.28215411
29/09/2017,4933,3.28229106
29/09/2017,4934,3.282428011
29/09/2017,4935,3.282564962
29/09/2017,4936,3.282701912
29/09/2017,4937,3.282838863
29/09/2017,4938,3.282975813
29/09/2017,4939,3.283112764
29/09/2017,4940,3.283249714
29/09/2017,4941,3.283386665
29/09/2017,4942,3.283523615
29/09/2017,4943,3.283660566
29/09/2017,4944,3.283797516
29/09/2017,4945,3.283934467
29/09/2017,4946,3.284071418
29/09/2017,4947,3.284208368
29/09/2017,4948,3.284345319
29/09/2017,4949,3.284482269
29/09/2017,4950,3.28461922
29/09/2017,4951,3.28475617
29/09/2017,4952,3.284893121
29/09/2017,4953,3.285030071
29/09/2017,4954,3.285167022
29/09/2017,4955,3.285303973
29/09/2017,4956,3.285440923
29/09/2017,4957,3.285577874
29/09/2017,4958,3.285714824
29/09/2017,4959,3.285851775
29/09/2017,4960,3.285988725
29/09/2017,4961,3.286125676
29/09/2017,4962,3.286262626
29/09/2017,4963,3.286399577
29/09/2017,4964,3.286536527
29/09/2017,4965,3.286673478
29/09/2017,4966,3.286810429
29/09/2017,4967,3.286947379
29/09/2017,4968,3.28708433
29/09/2017,4969,3.28722128
29/09/2017,4970,3.287358231
29/09/2017,4971,3.287495181
29/09/2017,4972,3.287632132
29/09/2017,4973,3.287769082
29/09/2017,4974,3.287906033
29/09/2017,4975,3.288042984
29/09/2017,4976,3.288179934
29/09/2017,4977,3.288316885
29/09/2017,4978,3.288453835
29/09/2017,4979,3.288590786
29/09/2017,4980,3.288727736
29/09/2017,4981,3.288864687
29/09/2017,4982,3.289001637
29/09/2017,4983,3.289138588
29/09/2017,4984,3.289275538
29/09/2017,4985,3.289412489
29/09/2017,4986,3.28954944
29/09/2017,4987,3.28968639
29/09/2017,4988,3.289823341
29/09/2017,4989,3.289960291
29/09/2017,4990,3.290097242
29/09/2017,4991,3.290234192
29/09/2017,4992,3.290371143
29/09/2017,4993,3.290508093
29/09/2017,4994,3.290645044
29/09/2017,4995,3.290781995
29/09/2017,4996,3.290918945
29/09/2017,4997,3.291055896
29/09/2017,4998,3.291192846
29/09/2017,4999,3.291329797
29/09/2017,5000,3.291466747
29/09/2017,5001,3.291603698
29/09/2017,5002,3.291740648
29/09/2017,5003,3.291877599
29/09/2017,5004,3.292014549
29/09/2017,5005,3.2921515
29/09/2017,5006,3.292288451
29/09/2017,5007,3.292425401
29/09/2017,5008,3.292562352
29/09/2017,5009,3.292699302
29/09/2017,5010,3.292836253
29/09/2017,5011,3.292973203
29/09/2017,5012,3.293110154
29/09/2017,5013,3.293247104
29/09/2017,5014,3.293384055
29/09/2017,5015,3.293521005
29/09/2017,5016,3.293657956
29/09/2017,5017,3.293794907
29/09/2017,5018,3.293931857
29/09/2017,5019,3.294068808
29/09/2017,5020,3.294205758
29/09/2017,5021,3.294342709
29/09/2017,5022,3.294479659
29/09/2017,5023,3.29461661
29/09/2017,5024,3.29475356
29/09/2017,5025,3.294890511
29/09/2017,5026,3.295027462
29/09/2017,5027,3.295164412
29/09/2017,5028,3.295301363
29/09/2017,5029,3.295438313
29/09/2017,5030,3.295575264
29/09/2017,5031,3.295712214
29/09/2017,5032,3.295849165
29/09/2017,5033,3.295986115
29/09/2017,5034,3.296123066
29/09/2017,5035,3.296260016
29/09/2017,5036,3.296396967
29/09/2017,5037,3.296533918
29/09/2017,5038,3.296670868
29/09/2017,5039,3.296807819
29/09/2017,5040,3.296944769
29/09/2017,5041,3.29708172
29/09/2017,5042,3.29721867
29/09/2017,5043,3.297355621
29/09/2017,5044,3.297492571
29/09/2017,5045,3.297629522
29/09/2017,5046,3.297766473
29/09/2017,5047,3.297903423
29/09/2017,5048,3.298040374
29/09/2017,5049,3.298177324
29/09/2017,5050,3.298314275
29/09/2017,5051,3.298451225
29/09/2017,5052,3.298588176
29/09/2017,5053,3.298725126
29/09/2017,5054,3.298862077
29/09/2017,5055,3.298999027
29/09/2017,5056,3.299135978
29/09/2017,5057,3.299272929
29/09/2017,5058,3.299409879
29/09/2017,5059,3.29954683
29/09/2017,5060,3.29968378
29/09/2017,5061,3.299820731
29/09/2017,5062,3.299957681
29/09/2017,5063,3.300094632
29/09/2017,5064,3.300231582
29/09/2017,5065,3.300368533
29/09/2017,5066,3.300505484
29/09/2017,5067,3.300642434
29/09/2017,5068,3.300779385
29/09/2017,5069,3.300916335
29/09/2017,5070,3.301053286
29/09/2017,5071,3.301190236
29/09/2017,5072,3.301327187
29/09/2017,5073,3.301464137
29/09/2017,5074,3.301601088
29/09/2017,5075,3.301738038
29/09/2017,5076,3.301874989
29/09/2017,5077,3.30201194
29/09/2017,5078,3.30214889
29/09/2017,5079,3.302285841
29/09/2017,5080,3.302422791
29/09/2017,5081,3.302559742
29/09/2017,5082,3.302696692
29/09/2017,5083,3.302833643
29/09/2017,5084,3.302970593
29/09/2017,5085,3.303107544
29/09/2017,5086,3.303244495
29/09/2017,5087,3.303381445
29/09/2017,5088,3.303518396
29/09/2017,5089,3.303655346
29/09/2017,5090,3.303792297
29/09/2017,5091,3.303929247
29/09/2017,5092,3.304066198
29/09/2017,5093,3.304203148
29/09/2017,5094,3.304340099
29/09/2017,5095,3.304477049
29/09/2017,5096,3.304614
29/09/2017,5097,3.304749868
29/09/2017,5098,3.304885736
29/09/2017,5099,3.305021604
29/09/2017,5100,3.305157473
29/09/2017,5101,3.305293341
29/09/2017,5102,3.305429209
29/09/2017,5103,3.305565077
29/09/2017,5104,3.305700945
29/09/2017,5105,3.305836813
29/09/2017,5106,3.305972681
29/09/2017,5107,3.306108549
29/09/2017,5108,3.306244418
29/09/2017,5109,3.306380286
29/09/2017,5110,3.306516154
29/09/2017,5111,3.306652022
29/09/2017,5112,3.30678789
29/09/2017,5113,3.306923758
29/09/2017,5114,3.307059626
29/09/2017,5115,3.307195495
29/09/2017,5116,3.307331363
29/09/2017,5117,3.307467231
29/09/2017,5118,3.307603099
29/09/2017,5119,3.307738967
29/09/2017,5120,3.307874835
29/09/2017,5121,3.308010703
29/09/2017,5122,3.308146571
29/09/2017,5123,3.30828244
29/09/2017,5124,3.308418308
29/09/2017,5125,3.308554176
29/09/2017,5126,3.308690044
29/09/2017,5127,3.308825912
29/09/2017,5128,3.30896178
29/09/2017,5129,3.309097648
29/09/2017,5130,3.309233516
29/09/2017,5131,3.309369385
29/09/2017,5132,3.309505253
29/09/2017,5133,3.309641121
29/09/2017,5134,3.309776989
29/09/2017,5135,3.309912857
29/09/2017,5136,3.310048725
29/09/2017,5137,3.310184593
29/09/2017,5138,3.310320462
29/09/2017,5139,3.31045633
29/09/2017,5140,3.310592198
29/09/2017,5141,3.310728066
29/09/2017,5142,3.310863934
29/09/2017,5143,3.310999802
29/09/2017,5144,3.31113567
29/09/2017,5145,3.311271538
29/09/2017,5146,3.311407407
29/09/2017,5147,3.311543275
29/09/2017,5148,3.311679143
29/09/2017,5149,3.311815011
29/09/2017,5150,3.311950879
29/09/2017,5151,3.312086747
29/09/2017,5152,3.312222615
29/09/2017,5153,3.312358484
29/09/2017,5154,3.312494352
29/09/2017,5155,3.31263022
29/09/2017,5156,3.312766088
29/09/2017,5157,3.312901956
29/09/2017,5158,3.313037824
29/09/2017,5159,3.313173692
29/09/2017,5160,3.31330956
29/09/2017,5161,3.313445429
29/09/2017,5162,3.313581297
29/09/2017,5163,3.313717165
29/09/2017,5164,3.313853033
29/09/2017,5165,3.313988901
29/09/2017,5166,3.314124769
29/09/2017,5167,3.314260637
29/09/2017,5168,3.314396505
29/09/2017,5169,3.314532374
29/09/2017,5170,3.314668242
29/09/2017,5171,3.31480411
29/09/2017,5172,3.314939978
29/09/2017,5173,3.315075846
29/09/2017,5174,3.315211714
29/09/2017,5175,3.315347582
29/09/2017,5176,3.315483451
29/09/2017,5177,3.315619319
29/09/2017,5178,3.315755187
29/09/2017,5179,3.315891055
29/09/2017,5180,3.316026923
29/09/2017,5181,3.316162791
29/09/2017,5182,3.316298659
29/09/2017,5183,3.316434527
29/09/2017,5184,3.316570396
29/09/2017,5185,3.316706264
29/09/2017,5186,3.316842132
29/09/2017,5187,3.316978
29/09/2017,5188,3.317113868
29/09/2017,5189,3.317249736
29/09/2017,5190,3.317385604
29/09/2017,5191,3.317521473
29/09/2017,5192,3.317657341
29/09/2017,5193,3.317793209
29/09/2017,5194,3.317929077
29/09/2017,5195,3.318064945
29/09/2017,5196,3.318200813
29/09/2017,5197,3.318336681
29/09/2017,5198,3.318472549
29/09/2017,5199,3.318608418
29/09/2017,5200,3.318744286
29/09/2017,5201,3.318880154
29/09/2017,5202,3.319016022
29/09/2017,5203,3.31915189
29/09/2017,5204,3.319287758
29/09/2017,5205,3.319423626
29/09/2017,5206,3.319559495
29/09/2017,5207,3.319695363
29/09/2017,5208,3.319831231
29/09/2017,5209,3.319967099
29/09/2017,5210,3.320102967
29/09/2017,5211,3.320238835
29/09/2017,5212,3.320374703
29/09/2017,5213,3.320510571
29/09/2017,5214,3.32064644
29/09/2017,5215,3.320782308
29/09/2017,5216,3.320918176
29/09/2017,5217,3.321054044
29/09/2017,5218,3.321189912
29/09/2017,5219,3.32132578
29/09/2017,5220,3.321461648
29/09/2017,5221,3.321597516
29/09/2017,5222,3.321733385
29/09/2017,5223,3.321869253
29/09/2017,5224,3.322005121
29/09/2017,5225,3.322140989
29/09/2017,5226,3.322276857
29/09/2017,5227,3.322412725
29/09/2017,5228,3.322548593
29/09/2017,5229,3.322684462
29/09/2017,5230,3.32282033
29/09/2017,5231,3.322956198
29/09/2017,5232,3.323092066
29/09/2017,5233,3.323227934
29/09/2017,5234,3.323363802
29/09/2017,5235,3.32349967
29/09/2017,5236,3.323635538
29/09/2017,5237,3.323771407
29/09/2017,5238,3.323907275
29/09/2017,5239,3.324043143
29/09/2017,5240,3.324179011
29/09/2017,5241,3.324314879
29/09/2017,5242,3.324450747
29/09/2017,5243,3.324586615
29/09/2017,5244,3.324722484
29/09/2017,5245,3.324858352
29/09/2017,5246,3.32499422
29/09/2017,5247,3.325130088
29/09/2017,5248,3.325265956
29/09/2017,5249,3.325401824
29/09/2017,5250,3.325537692
29/09/2017,5251,3.32567356
29/09/2017,5252,3.325809429
29/09/2017,5253,3.325945297
29/09/2017,5254,3.326081165
29/09/2017,5255,3.326217033
29/09/2017,5256,3.326352901
29/09/2017,5257,3.326488769
29/09/2017,5258,3.326624637
29/09/2017,5259,3.326760505
29/09/2017,5260,3.326896374
29/09/2017,5261,3.327032242
29/09/2017,5262,3.32716811
29/09/2017,5263,3.327303978
29/09/2017,5264,3.327439846
29/09/2017,5265,3.327575714
29/09/2017,5266,3.327711582
29/09/2017,5267,3.327847451
29/09/2017,5268,3.327983319
29/09/2017,5269,3.328119187
29/09/2017,5270,3.328255055
29/09/2017,5271,3.328390923
29/09/2017,5272,3.328526791
29/09/2017,5273,3.328662659
29/09/2017,5274,3.328798527
29/09/2017,5275,3.328934396
29/09/2017,5276,3.329070264
29/09/2017,5277,3.329206132
29/09/2017,5278,3.329342
29/09/2017,5279,3.329476742
29/09/2017,5280,3.329611484
29/09/2017,5281,3.329746225
29/09/2017,5282,3.329880967
29/09/2017,5283,3.330015709
29/09/2017,5284,3.330150451
29/09/2017,5285,3.330285192
29/09/2017,5286,3.330419934
29/09/2017,5287,3.330554676
29/09/2017,5288,3.330689418
29/09/2017,5289,3.330824159
29/09/2017,5290,3.330958901
29/09/2017,5291,3.331093643
29/09/2017,5292,3.331228385
29/09/2017,5293,3.331363126
29/09/2017,5294,3.331497868
29/09/2017,5295,3.33163261
29/09/2017,5296,3.331767352
29/09/2017,5297,3.331902093
29/09/2017,5298,3.332036835
29/09/2017,5299,3.332171577
29/09/2017,5300,3.332306319
29/09/2017,5301,3.33244106
29/09/2017,5302,3.332575802
29/09/2017,5303,3.332710544
29/09/2017,5304,3.332845286
29/09/2017,5305,3.332980027
29/09/2017,5306,3.333114769
29/09/2017,5307,3.333249511
29/09/2017,5308,3.333384253
29/09/2017,5309,3.333518995
29/09/2017,5310,3.333653736
29/09/2017,5311,3.333788478
29/09/2017,5312,3.33392322
29/09/2017,5313,3.334057962
29/09/2017,5314,3.334192703
29/09/2017,5315,3.334327445
29/09/2017,5316,3.334462187
29/09/2017,5317,3.334596929
29/09/2017,5318,3.33473167
29/09/2017,5319,3.334866412
29/09/2017,5320,3.335001154
29/09/2017,5321,3.335135896
29/09/2017,5322,3.335270637
29/09/2017,5323,3.335405379
29/09/2017,5324,3.335540121
29/09/2017,5325,3.335674863
29/09/2017,5326,3.335809604
29/09/2017,5327,3.335944346
29/09/2017,5328,3.336079088
29/09/2017,5329,3.33621383
29/09/2017,5330,3.336348571
29/09/2017,5331,3.336483313
29/09/2017,5332,3.336618055
29/09/2017,5333,3.336752797
29/09/2017,5334,3.336887538
29/09/2017,5335,3.33702228
29/09/2017,5336,3.337157022
29/09/2017,5337,3.337291764
29/09/2017,5338,3.337426505
29/09/2017,5339,3.337561247
29/09/2017,5340,3.337695989
29/09/2017,5341,3.337830731
29/09/2017,5342,3.337965473
29/09/2017,5343,3.338100214
29/09/2017,5344,3.338234956
29/09/2017,5345,3.338369698
29/09/2017,5346,3.33850444
29/09/2017,5347,3.338639181
29/09/2017,5348,3.338773923
29/09/2017,5349,3.338908665
29/09/2017,5350,3.339043407
29/09/2017,5351,3.339178148
29/09/2017,5352,3.33931289
29/09/2017,5353,3.339447632
29/09/2017,5354,3.339582374
29/09/2017,5355,3.339717115
29/09/2017,5356,3.339851857
29/09/2017,5357,3.339986599
29/09/2017,5358,3.340121341
29/09/2017,5359,3.340256082
29/09/2017,5360,3.340390824
29/09/2017,5361,3.340525566
29/09/2017,5362,3.340660308
29/09/2017,5363,3.340795049
29/09/2017,5364,3.340929791
29/09/2017,5365,3.341064533
29/09/2017,5366,3.341199275
29/09/2017,5367,3.341334016
29/09/2017,5368,3.341468758
29/09/2017,5369,3.3416035
29/09/2017,5370,3.341738242
29/09/2017,5371,3.341872984
29/09/2017,5372,3.342007725
29/09/2017,5373,3.342142467
29/09/2017,5374,3.342277209
29/09/2017,5375,3.342411951
29/09/2017,5376,3.342546692
29/09/2017,5377,3.342681434
29/09/2017,5378,3.342816176
29/09/2017,5379,3.342950918
29/09/2017,5380,3.343085659
29/09/2017,5381,3.343220401
29/09/2017,5382,3.343355143
29/09/2017,5383,3.343489885
29/09/2017,5384,3.343624626
29/09/2017,5385,3.343759368
29/09/2017,5386,3.34389411
29/09/2017,5387,3.344028852
29/09/2017,5388,3.344163593
29/09/2017,5389,3.344298335
29/09/2017,5390,3.344433077
29/09/2017,5391,3.344567819
29/09/2017,5392,3.34470256
29/09/2017,5393,3.344837302
29/09/2017,5394,3.344972044
29/09/2017,5395,3.345106786
29/09/2017,5396,3.345241527
29/09/2017,5397,3.345376269
29/09/2017,5398,3.345511011
29/09/2017,5399,3.345645753
29/09/2017,5400,3.345780495
29/09/2017,5401,3.345915236
29/09/2017,5402,3.346049978
29/09/2017,5403,3.34618472
29/09/2017,5404,3.346319462
29/09/2017,5405,3.346454203
29/09/2017,5406,3.346588945
29/09/2017,5407,3.346723687
29/09/2017,5408,3.346858429
29/09/2017,5409,3.34699317
29/09/2017,5410,3.347127912
29/09/2017,5411,3.347262654
29/09/2017,5412,3.347397396
29/09/2017,5413,3.347532137
29/09/2017,5414,3.347666879
29/09/2017,5415,3.347801621
29/09/2017,5416,3.347936363
29/09/2017,5417,3.348071104
29/09/2017,5418,3.348205846
29/09/2017,5419,3.348340588
29/09/2017,5420,3.34847533
29/09/2017,5421,3.348610071
29/09/2017,5422,3.348744813
29/09/2017,5423,3.348879555
29/09/2017,5424,3.349014297
29/09/2017,5425,3.349149038
29/09/2017,5426,3.34928378
29/09/2017,5427,3.349418522
29/09/2017,5428,3.349553264
29/09/2017,5429,3.349688005
29/09/2017,5430,3.349822747
29/09/2017,5431,3.349957489
29/09/2017,5432,3.350092231
29/09/2017,5433,3.350226973
29/09/2017,5434,3.350361714
29/09/2017,5435,3.350496456
29/09/2017,5436,3.350631198
29/09/2017,5437,3.35076594
29/09/2017,5438,3.350900681
29/09/2017,5439,3.351035423
29/09/2017,5440,3.351170165
29/09/2017,5441,3.351304907
29/09/2017,5442,3.351439648
29/09/2017,5443,3.35157439
29/09/2017,5444,3.351709132
29/09/2017,5445,3.351843874
29/09/2017,5446,3.351978615
29/09/2017,5447,3.352113357
29/09/2017,5448,3.352248099
29/09/2017,5449,3.352382841
29/09/2017,5450,3.352517582
29/09/2017,5451,3.352652324
29/09/2017,5452,3.352787066
29/09/2017,5453,3.352921808
29/09/2017,5454,3.353056549
29/09/2017,5455,3.353191291
29/09/2017,5456,3.353326033
29/09/2017,5457,3.353460775
29/09/2017,5458,3.353595516
29/09/2017,5459,3.353730258
29/09/2017,5460,3.353865
29/09/2017,5461,3.353922522
29/09/2017,5462,3.353980044
29/09/2017,5463,3.354037566
29/09/2017,5464,3.354095088
29/09/2017,5465,3.35415261
29/09/2017,5466,3.354210132
29/09/2017,5467,3.354267654
29/09/2017,5468,3.354325176
29/09/2017,5469,3.354382698
29/09/2017,5470,3.35444022
29/09/2017,5471,3.354497742
29/09/2017,5472,3.354555264
29/09/2017,5473,3.354612786
29/09/2017,5474,3.354670308
29/09/2017,5475,3.35472783
29/09/2017,5476,3.354785352
29/09/2017,5477,3.354842874
29/09/2017,5478,3.354900396
29/09/2017,5479,3.354957918
29/09/2017,5480,3.35501544
29/09/2017,5481,3.355072962
29/09/2017,5482,3.355130484
29/09/2017,5483,3.355188005
29/09/2017,5484,3.355245527
29/09/2017,5485,3.355303049
29/09/2017,5486,3.355360571
29/09/2017,5487,3.355418093
29/09/2017,5488,3.355475615
29/09/2017,5489,3.355533137
29/09/2017,5490,3.355590659
29/09/2017,5491,3.355648181
29/09/2017,5492,3.355705703
29/09/2017,5493,3.355763225
29/09/2017,5494,3.355820747
29/09/2017,5495,3.355878269
29/09/2017,5496,3.355935791
29/09/2017,5497,3.355993313
29/09/2017,5498,3.356050835
29/09/2017,5499,3.356108357
29/09/2017,5500,3.356165879
29/09/2017,5501,3.356223401
29/09/2017,5502,3.356280923
29/09/2017,5503,3.356338445
29/09/2017,5504,3.356395967
29/09/2017,5505,3.356453489
29/09/2017,5506,3.356511011
29/09/2017,5507,3.356568533
29/09/2017,5508,3.356626055
29/09/2017,5509,3.356683577
29/09/2017,5510,3.356741099
29/09/2017,5511,3.356798621
29/09/2017,5512,3.356856143
29/09/2017,5513,3.356913665
29/09/2017,5514,3.356971187
29/09/2017,5515,3.357028709
29/09/2017,5516,3.357086231
29/09/2017,5517,3.357143753
29/09/2017,5518,3.357201275
29/09/2017,5519,3.357258797
29/09/2017,5520,3.357316319
29/09/2017,5521,3.357373841
29/09/2017,5522,3.357431363
29/09/2017,5523,3.357488885
29/09/2017,5524,3.357546407
29/09/2017,5525,3.357603929
29/09/2017,5526,3.357661451
29/09/2017,5527,3.357718973
29/09/2017,5528,3.357776495
29/09/2017,5529,3.357834016
29/09/2017,5530,3.357891538
29/09/2017,5531,3.35794906
29/09/2017,5532,3.358006582
29/09/2017,5533,3.358064104
29/09/2017,5534,3.358121626
29/09/2017,5535,3.358179148
29/09/2017,5536,3.35823667
29/09/2017,5537,3.358294192
29/09/2017,5538,3.358351714
29/09/2017,5539,3.358409236
29/09/2017,5540,3.358466758
29/09/2017,5541,3.35852428
29/09/2017,5542,3.358581802
29/09/2017,5543,3.358639324
29/09/2017,5544,3.358696846
29/09/2017,5545,3.358754368
29/09/2017,5546,3.35881189
29/09/2017,5547,3.358869412
29/09/2017,5548,3.358926934
29/09/2017,5549,3.358984456
29/09/2017,5550,3.359041978
29/09/2017,5551,3.3590995
29/09/2017,5552,3.359157022
29/09/2017,5553,3.359214544
29/09/2017,5554,3.359272066
29/09/2017,5555,3.359329588
29/09/2017,5556,3.35938711
29/09/2017,5557,3.359444632
29/09/2017,5558,3.359502154
29/09/2017,5559,3.359559676
29/09/2017,5560,3.359617198
29/09/2017,5561,3.35967472
29/09/2017,5562,3.359732242
29/09/2017,5563,3.359789764
29/09/2017,5564,3.359847286
29/09/2017,5565,3.359904808
29/09/2017,5566,3.35996233
29/09/2017,5567,3.360019852
29/09/2017,5568,3.360077374
29/09/2017,5569,3.360134896
29/09/2017,5570,3.360192418
29/09/2017,5571,3.36024994
29/09/2017,5572,3.360307462
29/09/2017,5573,3.360364984
29/09/2017,5574,3.360422505
29/09/2017,5575,3.360480027
29/09/2017,5576,3.360537549
29/09/2017,5577,3.360595071
29/09/2017,5578,3.360652593
29/09/2017,5579,3.360710115
29/09/2017,5580,3.360767637
29/09/2017,5581,3.360825159
29/09/2017,5582,3.360882681
29/09/2017,5583,3.360940203
29/09/2017,5584,3.360997725
29/09/2017,5585,3.361055247
29/09/2017,5586,3.361112769
29/09/2017,5587,3.361170291
29/09/2017,5588,3.361227813
29/09/2017,5589,3.361285335
29/09/2017,5590,3.361342857
29/09/2017,5591,3.361400379
29/09/2017,5592,3.361457901
29/09/2017,5593,3.361515423
29/09/2017,5594,3.361572945
29/09/2017,5595,3.361630467
29/09/2017,5596,3.361687989
29/09/2017,5597,3.361745511
29/09/2017,5598,3.361803033
29/09/2017,5599,3.361860555
29/09/2017,5600,3.361918077
29/09/2017,5601,3.361975599
29/09/2017,5602,3.362033121
29/09/2017,5603,3.362090643
29/09/2017,5604,3.362148165
29/09/2017,5605,3.362205687
29/09/2017,5606,3.362263209
29/09/2017,5607,3.362320731
29/09/2017,5608,3.362378253
29/09/2017,5609,3.362435775
29/09/2017,5610,3.362493297
29/09/2017,5611,3.362550819
29/09/2017,5612,3.362608341
29/09/2017,5613,3.362665863
29/09/2017,5614,3.362723385
29/09/2017,5615,3.362780907
29/09/2017,5616,3.362838429
29/09/2017,5617,3.362895951
29/09/2017,5618,3.362953473
29/09/2017,5619,3.363010995
29/09/2017,5620,3.363068516
29/09/2017,5621,3.363126038
29/09/2017,5622,3.36318356
29/09/2017,5623,3.363241082
29/09/2017,5624,3.363298604
29/09/2017,5625,3.363356126
29/09/2017,5626,3.363413648
29/09/2017,5627,3.36347117
29/09/2017,5628,3.363528692
29/09/2017,5629,3.363586214
29/09/2017,5630,3.363643736
29/09/2017,5631,3.363701258
29/09/2017,5632,3.36375878
29/09/2017,5633,3.363816302
29/09/2017,5634,3.363873824
29/09/2017,5635,3.363931346
29/09/2017,5636,3.363988868
29/09/2017,5637,3.36404639
29/09/2017,5638,3.364103912
29/09/2017,5639,3.364161434
29/09/2017,5640,3.364218956
29/09/2017,5641,3.364276478
29/09/2017,5642,3.364334
29/09/2017,5643,3.364443379
29/09/2017,5644,3.364552758
29/09/2017,5645,3.364662137
29/09/2017,5646,3.364771516
29/09/2017,5647,3.364880896
29/09/2017,5648,3.364990275
29/09/2017,5649,3.365099654
29/09/2017,5650,3.365209033
29/09/2017,5651,3.365318412
29/09/2017,5652,3.365427791
29/09/2017,5653,3.36553717
29/09/2017,5654,3.365646549
29/09/2017,5655,3.365755929
29/09/2017,5656,3.365865308
29/09/2017,5657,3.365974687
29/09/2017,5658,3.366084066
29/09/2017,5659,3.366193445
29/09/2017,5660,3.366302824
29/09/2017,5661,3.366412203
29/09/2017,5662,3.366521582
29/09/2017,5663,3.366630962
29/09/2017,5664,3.366740341
29/09/2017,5665,3.36684972
29/09/2017,5666,3.366959099
29/09/2017,5667,3.367068478
29/09/2017,5668,3.367177857
29/09/2017,5669,3.367287236
29/09/2017,5670,3.367396615
29/09/2017,5671,3.367505995
29/09/2017,5672,3.367615374
29/09/2017,5673,3.367724753
29/09/2017,5674,3.367834132
29/09/2017,5675,3.367943511
29/09/2017,5676,3.36805289
29/09/2017,5677,3.368162269
29/09/2017,5678,3.368271648
29/09/2017,5679,3.368381027
29/09/2017,5680,3.368490407
29/09/2017,5681,3.368599786
29/09/2017,5682,3.368709165
29/09/2017,5683,3.368818544
29/09/2017,5684,3.368927923
29/09/2017,5685,3.369037302
29/09/2017,5686,3.369146681
29/09/2017,5687,3.36925606
29/09/2017,5688,3.36936544
29/09/2017,5689,3.369474819
29/09/2017,5690,3.369584198
29/09/2017,5691,3.369693577
29/09/2017,5692,3.369802956
29/09/2017,5693,3.369912335
29/09/2017,5694,3.370021714
29/09/2017,5695,3.370131093
29/09/2017,5696,3.370240473
29/09/2017,5697,3.370349852
29/09/2017,5698,3.370459231
29/09/2017,5699,3.37056861
29/09/2017,5700,3.370677989
29/09/2017,5701,3.370787368
29/09/2017,5702,3.370896747
29/09/2017,5703,3.371006126
29/09/2017,5704,3.371115505
29/09/2017,5705,3.371224885
29/09/2017,5706,3.371334264
29/09/2017,5707,3.371443643
29/09/2017,5708,3.371553022
29/09/2017,5709,3.371662401
29/09/2017,5710,3.37177178
29/09/2017,5711,3.371881159
29/09/2017,5712,3.371990538
29/09/2017,5713,3.372099918
29/09/2017,5714,3.372209297
29/09/2017,5715,3.372318676
29/09/2017,5716,3.372428055
29/09/2017,5717,3.372537434
29/09/2017,5718,3.372646813
29/09/2017,5719,3.372756192
29/09/2017,5720,3.372865571
29/09/2017,5721,3.372974951
29/09/2017,5722,3.37308433
29/09/2017,5723,3.373193709
29/09/2017,5724,3.373303088
29/09/2017,5725,3.373412467
29/09/2017,5726,3.373521846
29/09/2017,5727,3.373631225
29/09/2017,5728,3.373740604
29/09/2017,5729,3.373849984
29/09/2017,5730,3.373959363
29/09/2017,5731,3.374068742
29/09/2017,5732,3.374178121
29/09/2017,5733,3.3742875
29/09/2017,5734,3.374396879
29/09/2017,5735,3.374506258
29/09/2017,5736,3.374615637
29/09/2017,5737,3.374725016
29/09/2017,5738,3.374834396
29/09/2017,5739,3.374943775
29/09/2017,5740,3.375053154
29/09/2017,5741,3.375162533
29/09/2017,5742,3.375271912
29/09/2017,5743,3.375381291
29/09/2017,5744,3.37549067
29/09/2017,5745,3.375600049
29/09/2017,5746,3.375709429
29/09/2017,5747,3.375818808
29/09/2017,5748,3.375928187
29/09/2017,5749,3.376037566
29/09/2017,5750,3.376146945
29/09/2017,5751,3.376256324
29/09/2017,5752,3.376365703
29/09/2017,5753,3.376475082
29/09/2017,5754,3.376584462
29/09/2017,5755,3.376693841
29/09/2017,5756,3.37680322
29/09/2017,5757,3.376912599
29/09/2017,5758,3.377021978
29/09/2017,5759,3.377131357
29/09/2017,5760,3.377240736
29/09/2017,5761,3.377350115
29/09/2017,5762,3.377459495
29/09/2017,5763,3.377568874
29/09/2017,5764,3.377678253
29/09/2017,5765,3.377787632
29/09/2017,5766,3.377897011
29/09/2017,5767,3.37800639
29/09/2017,5768,3.378115769
29/09/2017,5769,3.378225148
29/09/2017,5770,3.378334527
29/09/2017,5771,3.378443907
29/09/2017,5772,3.378553286
29/09/2017,5773,3.378662665
29/09/2017,5774,3.378772044
29/09/2017,5775,3.378881423
29/09/2017,5776,3.378990802
29/09/2017,5777,3.379100181
29/09/2017,5778,3.37920956
29/09/2017,5779,3.37931894
29/09/2017,5780,3.379428319
29/09/2017,5781,3.379537698
29/09/2017,5782,3.379647077
29/09/2017,5783,3.379756456
29/09/2017,5784,3.379865835
29/09/2017,5785,3.379975214
29/09/2017,5786,3.380084593
29/09/2017,5787,3.380193973
29/09/2017,5788,3.380303352
29/09/2017,5789,3.380412731
29/09/2017,5790,3.38052211
29/09/2017,5791,3.380631489
29/09/2017,5792,3.380740868
29/09/2017,5793,3.380850247
29/09/2017,5794,3.380959626
29/09/2017,5795,3.381069005
29/09/2017,5796,3.381178385
29/09/2017,5797,3.381287764
29/09/2017,5798,3.381397143
29/09/2017,5799,3.381506522
29/09/2017,5800,3.381615901
29/09/2017,5801,3.38172528
29/09/2017,5802,3.381834659
29/09/2017,5803,3.381944038
29/09/2017,5804,3.382053418
29/09/2017,5805,3.382162797
29/09/2017,5806,3.382272176
29/09/2017,5807,3.382381555
29/09/2017,5808,3.382490934
29/09/2017,5809,3.382600313
29/09/2017,5810,3.382709692
29/09/2017,5811,3.382819071
29/09/2017,5812,3.382928451
29/09/2017,5813,3.38303783
29/09/2017,5814,3.383147209
29/09/2017,5815,3.383256588
29/09/2017,5816,3.383365967
29/09/2017,5817,3.383475346
29/09/2017,5818,3.383584725
29/09/2017,5819,3.383694104
29/09/2017,5820,3.383803484
29/09/2017,5821,3.383912863
29/09/2017,5822,3.384022242
29/09/2017,5823,3.384131621
29/09/2017,5824,3.384241
29/09/2017,5825,3.384292165
29/09/2017,5826,3.38434333
29/09/2017,5827,3.384394495
29/09/2017,5828,3.384445659
29/09/2017,5829,3.384496824
29/09/2017,5830,3.384547989
29/09/2017,5831,3.384599154
29/09/2017,5832,3.384650319
29/09/2017,5833,3.384701484
29/09/2017,5834,3.384752648
29/09/2017,5835,3.384803813
29/09/2017,5836,3.384854978
29/09/2017,5837,3.384906143
29/09/2017,5838,3.384957308
29/09/2017,5839,3.385008473
29/09/2017,5840,3.385059637
29/09/2017,5841,3.385110802
29/09/2017,5842,3.385161967
29/09/2017,5843,3.385213132
29/09/2017,5844,3.385264297
29/09/2017,5845,3.385315462
29/09/2017,5846,3.385366626
29/09/2017,5847,3.385417791
29/09/2017,5848,3.385468956
29/09/2017,5849,3.385520121
29/09/2017,5850,3.385571286
29/09/2017,5851,3.385622451
29/09/2017,5852,3.385673615
29/09/2017,5853,3.38572478
29/09/2017,5854,3.385775945
29/09/2017,5855,3.38582711
29/09/2017,5856,3.385878275
29/09/2017,5857,3.38592944
29/09/2017,5858,3.385980604
29/09/2017,5859,3.386031769
29/09/2017,5860,3.386082934
29/09/2017,5861,3.386134099
29/09/2017,5862,3.386185264
29/09/2017,5863,3.386236429
29/09/2017,5864,3.386287593
29/09/2017,5865,3.386338758
29/09/2017,5866,3.386389923
29/09/2017,5867,3.386441088
29/09/2017,5868,3.386492253
29/09/2017,5869,3.386543418
29/09/2017,5870,3.386594582
29/09/2017,5871,3.386645747
29/09/2017,5872,3.386696912
29/09/2017,5873,3.386748077
29/09/2017,5874,3.386799242
29/09/2017,5875,3.386850407
29/09/2017,5876,3.386901571
29/09/2017,5877,3.386952736
29/09/2017,5878,3.387003901
29/09/2017,5879,3.387055066
29/09/2017,5880,3.387106231
29/09/2017,5881,3.387157396
29/09/2017,5882,3.38720856
29/09/2017,5883,3.387259725
29/09/2017,5884,3.38731089
29/09/2017,5885,3.387362055
29/09/2017,5886,3.38741322
29/09/2017,5887,3.387464385
29/09/2017,5888,3.387515549
29/09/2017,5889,3.387566714
29/09/2017,5890,3.387617879
29/09/2017,5891,3.387669044
29/09/2017,5892,3.387720209
29/09/2017,5893,3.387771374
29/09/2017,5894,3.387822538
29/09/2017,5895,3.387873703
29/09/2017,5896,3.387924868
29/09/2017,5897,3.387976033
29/09/2017,5898,3.388027198
29/09/2017,5899,3.388078363
29/09/2017,5900,3.388129527
29/09/2017,5901,3.388180692
29/09/2017,5902,3.388231857
29/09/2017,5903,3.388283022
29/09/2017,5904,3.388334187
29/09/2017,5905,3.388385352
29/09/2017,5906,3.388436516
29/09/2017,5907,3.388487681
29/09/2017,5908,3.388538846
29/09/2017,5909,3.388590011
29/09/2017,5910,3.388641176
29/09/2017,5911,3.388692341
29/09/2017,5912,3.388743505
29/09/2017,5913,3.38879467
29/09/2017,5914,3.388845835
29/09/2017,5915,3.388897
29/09/2017,5916,3.388948165
29/09/2017,5917,3.38899933
29/09/2017,5918,3.389050495
29/09/2017,5919,3.389101659
29/09/2017,5920,3.389152824
29/09/2017,5921,3.389203989
29/09/2017,5922,3.389255154
29/09/2017,5923,3.389306319
29/09/2017,5924,3.389357484
29/09/2017,5925,3.389408648
29/09/2017,5926,3.389459813
29/09/2017,5927,3.389510978
29/09/2017,5928,3.389562143
29/09/2017,5929,3.389613308
29/09/2017,5930,3.389664473
29/09/2017,5931,3.389715637
29/09/2017,5932,3.389766802
29/09/2017,5933,3.389817967
29/09/2017,5934,3.389869132
29/09/2017,5935,3.389920297
29/09/2017,5936,3.389971462
29/09/2017,5937,3.390022626
29/09/2017,5938,3.390073791
29/09/2017,5939,3.390124956
29/09/2017,5940,3.390176121
29/09/2017,5941,3.390227286
29/09/2017,5942,3.390278451
29/09/2017,5943,3.390329615
29/09/2017,5944,3.39038078
29/09/2017,5945,3.390431945
29/09/2017,5946,3.39048311
29/09/2017,5947,3.390534275
29/09/2017,5948,3.39058544
29/09/2017,5949,3.390636604
29/09/2017,5950,3.390687769
29/09/2017,5951,3.390738934
29/09/2017,5952,3.390790099
29/09/2017,5953,3.390841264
29/09/2017,5954,3.390892429
29/09/2017,5955,3.390943593
29/09/2017,5956,3.390994758
29/09/2017,5957,3.391045923
29/09/2017,5958,3.391097088
29/09/2017,5959,3.391148253
29/09/2017,5960,3.391199418
29/09/2017,5961,3.391250582
29/09/2017,5962,3.391301747
29/09/2017,5963,3.391352912
29/09/2017,5964,3.391404077
29/09/2017,5965,3.391455242
29/09/2017,5966,3.391506407
29/09/2017,5967,3.391557571
29/09/2017,5968,3.391608736
29/09/2017,5969,3.391659901
29/09/2017,5970,3.391711066
29/09/2017,5971,3.391762231
29/09/2017,5972,3.391813396
29/09/2017,5973,3.39186456
29/09/2017,5974,3.391915725
29/09/2017,5975,3.39196689
29/09/2017,5976,3.392018055
29/09/2017,5977,3.39206922
29/09/2017,5978,3.392120385
29/09/2017,5979,3.392171549
29/09/2017,5980,3.392222714
29/09/2017,5981,3.392273879
29/09/2017,5982,3.392325044
29/09/2017,5983,3.392376209
29/09/2017,5984,3.392427374
29/09/2017,5985,3.392478538
29/09/2017,5986,3.392529703
29/09/2017,5987,3.392580868
29/09/2017,5988,3.392632033
29/09/2017,5989,3.392683198
29/09/2017,5990,3.392734363
29/09/2017,5991,3.392785527
29/09/2017,5992,3.392836692
29/09/2017,5993,3.392887857
29/09/2017,5994,3.392939022
29/09/2017,5995,3.392990187
29/09/2017,5996,3.393041352
29/09/2017,5997,3.393092516
29/09/2017,5998,3.393143681
29/09/2017,5999,3.393194846
29/09/2017,6000,3.393246011
29/09/2017,6001,3.393297176
29/09/2017,6002,3.393348341
29/09/2017,6003,3.393399505
29/09/2017,6004,3.39345067
29/09/2017,6005,3.393501835
29/09/2017,6006,3.393553
29/09/2017,6007,3.393642319
29/09/2017,6008,3.393731637
29/09/2017,6009,3.393820956
29/09/2017,6010,3.393910275
29/09/2017,6011,3.393999593
29/09/2017,6012,3.394088912
29/09/2017,6013,3.394178231
29/09/2017,6014,3.394267549
29/09/2017,6015,3.394356868
29/09/2017,6016,3.394446187
29/09/2017,6017,3.394535505
29/09/2017,6018,3.394624824
29/09/2017,6019,3.394714143
29/09/2017,6020,3.394803462
29/09/2017,6021,3.39489278
29/09/2017,6022,3.394982099
29/09/2017,6023,3.395071418
29/09/2017,6024,3.395160736
29/09/2017,6025,3.395250055
29/09/2017,6026,3.395339374
29/09/2017,6027,3.395428692
29/09/2017,6028,3.395518011
29/09/2017,6029,3.39560733
29/09/2017,6030,3.395696648
29/09/2017,6031,3.395785967
29/09/2017,6032,3.395875286
29/09/2017,6033,3.395964604
29/09/2017,6034,3.396053923
29/09/2017,6035,3.396143242
29/09/2017,6036,3.39623256
29/09/2017,6037,3.396321879
29/09/2017,6038,3.396411198
29/09/2017,6039,3.396500516
29/09/2017,6040,3.396589835
29/09/2017,6041,3.396679154
29/09/2017,6042,3.396768473
29/09/2017,6043,3.396857791
29/09/2017,6044,3.39694711
29/09/2017,6045,3.397036429
29/09/2017,6046,3.397125747
29/09/2017,6047,3.397215066
29/09/2017,6048,3.397304385
29/09/2017,6049,3.397393703
29/09/2017,6050,3.397483022
29/09/2017,6051,3.397572341
29/09/2017,6052,3.397661659
29/09/2017,6053,3.397750978
29/09/2017,6054,3.397840297
29/09/2017,6055,3.397929615
29/09/2017,6056,3.398018934
29/09/2017,6057,3.398108253
29/09/2017,6058,3.398197571
29/09/2017,6059,3.39828689
29/09/2017,6060,3.398376209
29/09/2017,6061,3.398465527
29/09/2017,6062,3.398554846
29/09/2017,6063,3.398644165
29/09/2017,6064,3.398733484
29/09/2017,6065,3.398822802
29/09/2017,6066,3.398912121
29/09/2017,6067,3.39900144
29/09/2017,6068,3.399090758
29/09/2017,6069,3.399180077
29/09/2017,6070,3.399269396
29/09/2017,6071,3.399358714
29/09/2017,6072,3.399448033
29/09/2017,6073,3.399537352
29/09/2017,6074,3.39962667
29/09/2017,6075,3.399715989
29/09/2017,6076,3.399805308
29/09/2017,6077,3.399894626
29/09/2017,6078,3.399983945
29/09/2017,6079,3.400073264
29/09/2017,6080,3.400162582
29/09/2017,6081,3.400251901
29/09/2017,6082,3.40034122
29/09/2017,6083,3.400430538
29/09/2017,6084,3.400519857
29/09/2017,6085,3.400609176
29/09/2017,6086,3.400698495
29/09/2017,6087,3.400787813
29/09/2017,6088,3.400877132
29/09/2017,6089,3.400966451
29/09/2017,6090,3.401055769
29/09/2017,6091,3.401145088
29/09/2017,6092,3.401234407
29/09/2017,6093,3.401323725
29/09/2017,6094,3.401413044
29/09/2017,6095,3.401502363
29/09/2017,6096,3.401591681
29/09/2017,6097,3.401681
29/09/2017,6098,3.401770319
29/09/2017,6099,3.401859637
29/09/2017,6100,3.401948956
29/09/2017,6101,3.402038275
29/09/2017,6102,3.402127593
29/09/2017,6103,3.402216912
29/09/2017,6104,3.402306231
29/09/2017,6105,3.402395549
29/09/2017,6106,3.402484868
29/09/2017,6107,3.402574187
29/09/2017,6108,3.402663505
29/09/2017,6109,3.402752824
29/09/2017,6110,3.402842143
29/09/2017,6111,3.402931462
29/09/2017,6112,3.40302078
29/09/2017,6113,3.403110099
29/09/2017,6114,3.403199418
29/09/2017,6115,3.403288736
29/09/2017,6116,3.403378055
29/09/2017,6117,3.403467374
29/09/2017,6118,3.403556692
29/09/2017,6119,3.403646011
29/09/2017,6120,3.40373533
29/09/2017,6121,3.403824648
29/09/2017,6122,3.403913967
29/09/2017,6123,3.404003286
29/09/2017,6124,3.404092604
29/09/2017,6125,3.404181923
29/09/2017,6126,3.404271242
29/09/2017,6127,3.40436056
29/09/2017,6128,3.404449879
29/09/2017,6129,3.404539198
29/09/2017,6130,3.404628516
29/09/2017,6131,3.404717835
29/09/2017,6132,3.404807154
29/09/2017,6133,3.404896473
29/09/2017,6134,3.404985791
29/09/2017,6135,3.40507511
29/09/2017,6136,3.405164429
29/09/2017,6137,3.405253747
29/09/2017,6138,3.405343066
29/09/2017,6139,3.405432385
29/09/2017,6140,3.405521703
29/09/2017,6141,3.405611022
29/09/2017,6142,3.405700341
29/09/2017,6143,3.405789659
29/09/2017,6144,3.405878978
29/09/2017,6145,3.405968297
29/09/2017,6146,3.406057615
29/09/2017,6147,3.406146934
29/09/2017,6148,3.406236253
29/09/2017,6149,3.406325571
29/09/2017,6150,3.40641489
29/09/2017,6151,3.406504209
29/09/2017,6152,3.406593527
29/09/2017,6153,3.406682846
29/09/2017,6154,3.406772165
29/09/2017,6155,3.406861484
29/09/2017,6156,3.406950802
29/09/2017,6157,3.407040121
29/09/2017,6158,3.40712944
29/09/2017,6159,3.407218758
29/09/2017,6160,3.407308077
29/09/2017,6161,3.407397396
29/09/2017,6162,3.407486714
29/09/2017,6163,3.407576033
29/09/2017,6164,3.407665352
29/09/2017,6165,3.40775467
29/09/2017,6166,3.407843989
29/09/2017,6167,3.407933308
29/09/2017,6168,3.408022626
29/09/2017,6169,3.408111945
29/09/2017,6170,3.408201264
29/09/2017,6171,3.408290582
29/09/2017,6172,3.408379901
29/09/2017,6173,3.40846922
29/09/2017,6174,3.408558538
29/09/2017,6175,3.408647857
29/09/2017,6176,3.408737176
29/09/2017,6177,3.408826495
29/09/2017,6178,3.408915813
29/09/2017,6179,3.409005132
29/09/2017,6180,3.409094451
29/09/2017,6181,3.409183769
29/09/2017,6182,3.409273088
29/09/2017,6183,3.409362407
29/09/2017,6184,3.409451725
29/09/2017,6185,3.409541044
29/09/2017,6186,3.409630363
29/09/2017,6187,3.409719681
29/09/2017,6188,3.409809
29/09/2017,6189,3.40985872
29/09/2017,6190,3.40990844
29/09/2017,6191,3.409958159
29/09/2017,6192,3.410007879
29/09/2017,6193,3.410057599
29/09/2017,6194,3.410107319
29/09/2017,6195,3.410157038
29/09/2017,6196,3.410206758
29/09/2017,6197,3.410256478
29/09/2017,6198,3.410306198
29/09/2017,6199,3.410355918
29/09/2017,6200,3.410405637
29/09/2017,6201,3.410455357
29/09/2017,6202,3.410505077
29/09/2017,6203,3.410554797
29/09/2017,6204,3.410604516
29/09/2017,6205,3.410654236
29/09/2017,6206,3.410703956
29/09/2017,6207,3.410753676
29/09/2017,6208,3.410803396
29/09/2017,6209,3.410853115
29/09/2017,6210,3.410902835
29/09/2017,6211,3.410952555
29/09/2017,6212,3.411002275
29/09/2017,6213,3.411051995
29/09/2017,6214,3.411101714
29/09/2017,6215,3.411151434
29/09/2017,6216,3.411201154
29/09/2017,6217,3.411250874
29/09/2017,6218,3.411300593
29/09/2017,6219,3.411350313
29/09/2017,6220,3.411400033
29/09/2017,6221,3.411449753
29/09/2017,6222,3.411499473
29/09/2017,6223,3.411549192
29/09/2017,6224,3.411598912
29/09/2017,6225,3.411648632
29/09/2017,6226,3.411698352
29/09/2017,6227,3.411748071
29/09/2017,6228,3.411797791
29/09/2017,6229,3.411847511
29/09/2017,6230,3.411897231
29/09/2017,6231,3.411946951
29/09/2017,6232,3.41199667
29/09/2017,6233,3.41204639
29/09/2017,6234,3.41209611
29/09/2017,6235,3.41214583
29/09/2017,6236,3.412195549
29/09/2017,6237,3.412245269
29/09/2017,6238,3.412294989
29/09/2017,6239,3.412344709
29/09/2017,6240,3.412394429
29/09/2017,6241,3.412444148
29/09/2017,6242,3.412493868
29/09/2017,6243,3.412543588
29/09/2017,6244,3.412593308
29/09/2017,6245,3.412643027
29/09/2017,6246,3.412692747
29/09/2017,6247,3.412742467
29/09/2017,6248,3.412792187
29/09/2017,6249,3.412841907
29/09/2017,6250,3.412891626
29/09/2017,6251,3.412941346
29/09/2017,6252,3.412991066
29/09/2017,6253,3.413040786
29/09/2017,6254,3.413090505
29/09/2017,6255,3.413140225
29/09/2017,6256,3.413189945
29/09/2017,6257,3.413239665
29/09/2017,6258,3.413289385
29/09/2017,6259,3.413339104
29/09/2017,6260,3.413388824
29/09/2017,6261,3.413438544
29/09/2017,6262,3.413488264
29/09/2017,6263,3.413537984
29/09/2017,6264,3.413587703
29/09/2017,6265,3.413637423
29/09/2017,6266,3.413687143
29/09/2017,6267,3.413736863
29/09/2017,6268,3.413786582
29/09/2017,6269,3.413836302
29/09/2017,6270,3.413886022
29/09/2017,6271,3.413935742
29/09/2017,6272,3.413985462
29/09/2017,6273,3.414035181
29/09/2017,6274,3.414084901
29/09/2017,6275,3.414134621
29/09/2017,6276,3.414184341
29/09/2017,6277,3.41423406
29/09/2017,6278,3.41428378
29/09/2017,6279,3.4143335
29/09/2017,6280,3.41438322
29/09/2017,6281,3.41443294
29/09/2017,6282,3.414482659
29/09/2017,6283,3.414532379
29/09/2017,6284,3.414582099
29/09/2017,6285,3.414631819
29/09/2017,6286,3.414681538
29/09/2017,6287,3.414731258
29/09/2017,6288,3.414780978
29/09/2017,6289,3.414830698
29/09/2017,6290,3.414880418
29/09/2017,6291,3.414930137
29/09/2017,6292,3.414979857
29/09/2017,6293,3.415029577
29/09/2017,6294,3.415079297
29/09/2017,6295,3.415129016
29/09/2017,6296,3.415178736
29/09/2017,6297,3.415228456
29/09/2017,6298,3.415278176
29/09/2017,6299,3.415327896
29/09/2017,6300,3.415377615
29/09/2017,6301,3.415427335
29/09/2017,6302,3.415477055
29/09/2017,6303,3.415526775
29/09/2017,6304,3.415576495
29/09/2017,6305,3.415626214
29/09/2017,6306,3.415675934
29/09/2017,6307,3.415725654
29/09/2017,6308,3.415775374
29/09/2017,6309,3.415825093
29/09/2017,6310,3.415874813
29/09/2017,6311,3.415924533
29/09/2017,6312,3.415974253
29/09/2017,6313,3.416023973
29/09/2017,6314,3.416073692
29/09/2017,6315,3.416123412
29/09/2017,6316,3.416173132
29/09/2017,6317,3.416222852
29/09/2017,6318,3.416272571
29/09/2017,6319,3.416322291
29/09/2017,6320,3.416372011
29/09/2017,6321,3.416421731
29/09/2017,6322,3.416471451
29/09/2017,6323,3.41652117
29/09/2017,6324,3.41657089
29/09/2017,6325,3.41662061
29/09/2017,6326,3.41667033
29/09/2017,6327,3.416720049
29/09/2017,6328,3.416769769
29/09/2017,6329,3.416819489
29/09/2017,6330,3.416869209
29/09/2017,6331,3.416918929
29/09/2017,6332,3.416968648
29/09/2017,6333,3.417018368
29/09/2017,6334,3.417068088
29/09/2017,6335,3.417117808
29/09/2017,6336,3.417167527
29/09/2017,6337,3.417217247
29/09/2017,6338,3.417266967
29/09/2017,6339,3.417316687
29/09/2017,6340,3.417366407
29/09/2017,6341,3.417416126
29/09/2017,6342,3.417465846
29/09/2017,6343,3.417515566
29/09/2017,6344,3.417565286
29/09/2017,6345,3.417615005
29/09/2017,6346,3.417664725
29/09/2017,6347,3.417714445
29/09/2017,6348,3.417764165
29/09/2017,6349,3.417813885
29/09/2017,6350,3.417863604
29/09/2017,6351,3.417913324
29/09/2017,6352,3.417963044
29/09/2017,6353,3.418012764
29/09/2017,6354,3.418062484
29/09/2017,6355,3.418112203
29/09/2017,6356,3.418161923
29/09/2017,6357,3.418211643
29/09/2017,6358,3.418261363
29/09/2017,6359,3.418311082
29/09/2017,6360,3.418360802
29/09/2017,6361,3.418410522
29/09/2017,6362,3.418460242
29/09/2017,6363,3.418509962
29/09/2017,6364,3.418559681
29/09/2017,6365,3.418609401
29/09/2017,6366,3.418659121
29/09/2017,6367,3.418708841
29/09/2017,6368,3.41875856
29/09/2017,6369,3.41880828
29/09/2017,6370,3.418858
29/09/2017,6371,3.418944082
29/09/2017,6372,3.419030165
29/09/2017,6373,3.419116247
29/09/2017,6374,3.41920233
29/09/2017,6375,3.419288412
29/09/2017,6376,3.419374495
29/09/2017,6377,3.419460577
29/09/2017,6378,3.419546659
29/09/2017,6379,3.419632742
29/09/2017,6380,3.419718824
29/09/2017,6381,3.419804907
29/09/2017,6382,3.419890989
29/09/2017,6383,3.419977071
29/09/2017,6384,3.420063154
29/09/2017,6385,3.420149236
29/09/2017,6386,3.420235319
29/09/2017,6387,3.420321401
29/09/2017,6388,3.420407484
29/09/2017,6389,3.420493566
29/09/2017,6390,3.420579648
29/09/2017,6391,3.420665731
29/09/2017,6392,3.420751813
29/09/2017,6393,3.420837896
29/09/2017,6394,3.420923978
29/09/2017,6395,3.42101006
29/09/2017,6396,3.421096143
29/09/2017,6397,3.421182225
29/09/2017,6398,3.421268308
29/09/2017,6399,3.42135439
29/09/2017,6400,3.421440473
29/09/2017,6401,3.421526555
29/09/2017,6402,3.421612637
29/09/2017,6403,3.42169872
29/09/2017,6404,3.421784802
29/09/2017,6405,3.421870885
29/09/2017,6406,3.421956967
29/09/2017,6407,3.422043049
29/09/2017,6408,3.422129132
29/09/2017,6409,3.422215214
29/09/2017,6410,3.422301297
29/09/2017,6411,3.422387379
29/09/2017,6412,3.422473462
29/09/2017,6413,3.422559544
29/09/2017,6414,3.422645626
29/09/2017,6415,3.422731709
29/09/2017,6416,3.422817791
29/09/2017,6417,3.422903874
29/09/2017,6418,3.422989956
29/09/2017,6419,3.423076038
29/09/2017,6420,3.423162121
29/09/2017,6421,3.423248203
29/09/2017,6422,3.423334286
29/09/2017,6423,3.423420368
29/09/2017,6424,3.423506451
29/09/2017,6425,3.423592533
29/09/2017,6426,3.423678615
29/09/2017,6427,3.423764698
29/09/2017,6428,3.42385078
29/09/2017,6429,3.423936863
29/09/2017,6430,3.424022945
29/09/2017,6431,3.424109027
29/09/2017,6432,3.42419511
29/09/2017,6433,3.424281192
29/09/2017,6434,3.424367275
29/09/2017,6435,3.424453357
29/09/2017,6436,3.42453944
29/09/2017,6437,3.424625522
29/09/2017,6438,3.424711604
29/09/2017,6439,3.424797687
29/09/2017,6440,3.424883769
29/09/2017,6441,3.424969852
29/09/2017,6442,3.425055934
29/09/2017,6443,3.425142016
29/09/2017,6444,3.425228099
29/09/2017,6445,3.425314181
29/09/2017,6446,3.425400264
29/09/2017,6447,3.425486346
29/09/2017,6448,3.425572429
29/09/2017,6449,3.425658511
29/09/2017,6450,3.425744593
29/09/2017,6451,3.425830676
29/09/2017,6452,3.425916758
29/09/2017,6453,3.426002841
29/09/2017,6454,3.426088923
29/09/2017,6455,3.426175005
29/09/2017,6456,3.426261088
29/09/2017,6457,3.42634717
29/09/2017,6458,3.426433253
29/09/2017,6459,3.426519335
29/09/2017,6460,3.426605418
29/09/2017,6461,3.4266915
29/09/2017,6462,3.426777582
29/09/2017,6463,3.426863665
29/09/2017,6464,3.426949747
29/09/2017,6465,3.42703583
29/09/2017,6466,3.427121912
29/09/2017,6467,3.427207995
29/09/2017,6468,3.427294077
29/09/2017,6469,3.427380159
29/09/2017,6470,3.427466242
29/09/2017,6471,3.427552324
29/09/2017,6472,3.427638407
29/09/2017,6473,3.427724489
29/09/2017,6474,3.427810571
29/09/2017,6475,3.427896654
29/09/2017,6476,3.427982736
29/09/2017,6477,3.428068819
29/09/2017,6478,3.428154901
29/09/2017,6479,3.428240984
29/09/2017,6480,3.428327066
29/09/2017,6481,3.428413148
29/09/2017,6482,3.428499231
29/09/2017,6483,3.428585313
29/09/2017,6484,3.428671396
29/09/2017,6485,3.428757478
29/09/2017,6486,3.42884356
29/09/2017,6487,3.428929643
29/09/2017,6488,3.429015725
29/09/2017,6489,3.429101808
29/09/2017,6490,3.42918789
29/09/2017,6491,3.429273973
29/09/2017,6492,3.429360055
29/09/2017,6493,3.429446137
29/09/2017,6494,3.42953222
29/09/2017,6495,3.429618302
29/09/2017,6496,3.429704385
29/09/2017,6497,3.429790467
29/09/2017,6498,3.429876549
29/09/2017,6499,3.429962632
29/09/2017,6500,3.430048714
29/09/2017,6501,3.430134797
29/09/2017,6502,3.430220879
29/09/2017,6503,3.430306962
29/09/2017,6504,3.430393044
29/09/2017,6505,3.430479126
29/09/2017,6506,3.430565209
29/09/2017,6507,3.430651291
29/09/2017,6508,3.430737374
29/09/2017,6509,3.430823456
29/09/2017,6510,3.430909538
29/09/2017,6511,3.430995621
29/09/2017,6512,3.431081703
29/09/2017,6513,3.431167786
29/09/2017,6514,3.431253868
29/09/2017,6515,3.431339951
29/09/2017,6516,3.431426033
29/09/2017,6517,3.431512115
29/09/2017,6518,3.431598198
29/09/2017,6519,3.43168428
29/09/2017,6520,3.431770363
29/09/2017,6521,3.431856445
29/09/2017,6522,3.431942527
29/09/2017,6523,3.43202861
29/09/2017,6524,3.432114692
29/09/2017,6525,3.432200775
29/09/2017,6526,3.432286857
29/09/2017,6527,3.43237294
29/09/2017,6528,3.432459022
29/09/2017,6529,3.432545104
29/09/2017,6530,3.432631187
29/09/2017,6531,3.432717269
29/09/2017,6532,3.432803352
29/09/2017,6533,3.432889434
29/09/2017,6534,3.432975516
29/09/2017,6535,3.433061599
29/09/2017,6536,3.433147681
29/09/2017,6537,3.433233764
29/09/2017,6538,3.433319846
29/09/2017,6539,3.433405929
29/09/2017,6540,3.433492011
29/09/2017,6541,3.433578093
29/09/2017,6542,3.433664176
29/09/2017,6543,3.433750258
29/09/2017,6544,3.433836341
29/09/2017,6545,3.433922423
29/09/2017,6546,3.434008505
29/09/2017,6547,3.434094588
29/09/2017,6548,3.43418067
29/09/2017,6549,3.434266753
29/09/2017,6550,3.434352835
29/09/2017,6551,3.434438918
29/09/2017,6552,3.434525
29/09/2017,6553,3.434592055
29/09/2017,6554,3.43465911
29/09/2017,6555,3.434726165
29/09/2017,6556,3.43479322
29/09/2017,6557,3.434860275
29/09/2017,6558,3.43492733
29/09/2017,6559,3.434994385
29/09/2017,6560,3.43506144
29/09/2017,6561,3.435128495
29/09/2017,6562,3.435195549
29/09/2017,6563,3.435262604
29/09/2017,6564,3.435329659
29/09/2017,6565,3.435396714
29/09/2017,6566,3.435463769
29/09/2017,6567,3.435530824
29/09/2017,6568,3.435597879
29/09/2017,6569,3.435664934
29/09/2017,6570,3.435731989
29/09/2017,6571,3.435799044
29/09/2017,6572,3.435866099
29/09/2017,6573,3.435933154
29/09/2017,6574,3.436000209
29/09/2017,6575,3.436067264
29/09/2017,6576,3.436134319
29/09/2017,6577,3.436201374
29/09/2017,6578,3.436268429
29/09/2017,6579,3.436335484
29/09/2017,6580,3.436402538
29/09/2017,6581,3.436469593
29/09/2017,6582,3.436536648
29/09/2017,6583,3.436603703
29/09/2017,6584,3.436670758
29/09/2017,6585,3.436737813
29/09/2017,6586,3.436804868
29/09/2017,6587,3.436871923
29/09/2017,6588,3.436938978
29/09/2017,6589,3.437006033
29/09/2017,6590,3.437073088
29/09/2017,6591,3.437140143
29/09/2017,6592,3.437207198
29/09/2017,6593,3.437274253
29/09/2017,6594,3.437341308
29/09/2017,6595,3.437408363
29/09/2017,6596,3.437475418
29/09/2017,6597,3.437542473
29/09/2017,6598,3.437609527
29/09/2017,6599,3.437676582
29/09/2017,6600,3.437743637
29/09/2017,6601,3.437810692
29/09/2017,6602,3.437877747
29/09/2017,6603,3.437944802
29/09/2017,6604,3.438011857
29/09/2017,6605,3.438078912
29/09/2017,6606,3.438145967
29/09/2017,6607,3.438213022
29/09/2017,6608,3.438280077
29/09/2017,6609,3.438347132
29/09/2017,6610,3.438414187
29/09/2017,6611,3.438481242
29/09/2017,6612,3.438548297
29/09/2017,6613,3.438615352
29/09/2017,6614,3.438682407
29/09/2017,6615,3.438749462
29/09/2017,6616,3.438816516
29/09/2017,6617,3.438883571
29/09/2017,6618,3.438950626
29/09/2017,6619,3.439017681
29/09/2017,6620,3.439084736
29/09/2017,6621,3.439151791
29/09/2017,6622,3.439218846
29/09/2017,6623,3.439285901
29/09/2017,6624,3.439352956
29/09/2017,6625,3.439420011
29/09/2017,6626,3.439487066
29/09/2017,6627,3.439554121
29/09/2017,6628,3.439621176
29/09/2017,6629,3.439688231
29/09/2017,6630,3.439755286
29/09/2017,6631,3.439822341
29/09/2017,6632,3.439889396
29/09/2017,6633,3.439956451
29/09/2017,6634,3.440023505
29/09/2017,6635,3.44009056
29/09/2017,6636,3.440157615
29/09/2017,6637,3.44022467
29/09/2017,6638,3.440291725
29/09/2017,6639,3.44035878
29/09/2017,6640,3.440425835
29/09/2017,6641,3.44049289
29/09/2017,6642,3.440559945
29/09/2017,6643,3.440627
29/09/2017,6644,3.440694055
29/09/2017,6645,3.44076111
29/09/2017,6646,3.440828165
29/09/2017,6647,3.44089522
29/09/2017,6648,3.440962275
29/09/2017,6649,3.44102933
29/09/2017,6650,3.441096385
29/09/2017,6651,3.44116344
29/09/2017,6652,3.441230495
29/09/2017,6653,3.441297549
29/09/2017,6654,3.441364604
29/09/2017,6655,3.441431659
29/09/2017,6656,3.441498714
29/09/2017,6657,3.441565769
29/09/2017,6658,3.441632824
29/09/2017,6659,3.441699879
29/09/2017,6660,3.441766934
29/09/2017,6661,3.441833989
29/09/2017,6662,3.441901044
29/09/2017,6663,3.441968099
29/09/2017,6664,3.442035154
29/09/2017,6665,3.442102209
29/09/2017,6666,3.442169264
29/09/2017,6667,3.442236319
29/09/2017,6668,3.442303374
29/09/2017,6669,3.442370429
29/09/2017,6670,3.442437484
29/09/2017,6671,3.442504538
29/09/2017,6672,3.442571593
29/09/2017,6673,3.442638648
29/09/2017,6674,3.442705703
29/09/2017,6675,3.442772758
29/09/2017,6676,3.442839813
29/09/2017,6677,3.442906868
29/09/2017,6678,3.442973923
29/09/2017,6679,3.443040978
29/09/2017,6680,3.443108033
29/09/2017,6681,3.443175088
29/09/2017,6682,3.443242143
29/09/2017,6683,3.443309198
29/09/2017,6684,3.443376253
29/09/2017,6685,3.443443308
29/09/2017,6686,3.443510363
29/09/2017,6687,3.443577418
29/09/2017,6688,3.443644473
29/09/2017,6689,3.443711527
29/09/2017,6690,3.443778582
29/09/2017,6691,3.443845637
29/09/2017,6692,3.443912692
29/09/2017,6693,3.443979747
29/09/2017,6694,3.444046802
29/09/2017,6695,3.444113857
29/09/2017,6696,3.444180912
29/09/2017,6697,3.444247967
29/09/2017,6698,3.444315022
29/09/2017,6699,3.444382077
29/09/2017,6700,3.444449132
29/09/2017,6701,3.444516187
29/09/2017,6702,3.444583242
29/09/2017,6703,3.444650297
29/09/2017,6704,3.444717352
29/09/2017,6705,3.444784407
29/09/2017,6706,3.444851462
29/09/2017,6707,3.444918516
29/09/2017,6708,3.444985571
29/09/2017,6709,3.445052626
29/09/2017,6710,3.445119681
29/09/2017,6711,3.445186736
29/09/2017,6712,3.445253791
29/09/2017,6713,3.445320846
29/09/2017,6714,3.445387901
29/09/2017,6715,3.445454956
29/09/2017,6716,3.445522011
29/09/2017,6717,3.445589066
29/09/2017,6718,3.445656121
29/09/2017,6719,3.445723176
29/09/2017,6720,3.445790231
29/09/2017,6721,3.445857286
29/09/2017,6722,3.445924341
29/09/2017,6723,3.445991396
29/09/2017,6724,3.446058451
29/09/2017,6725,3.446125505
29/09/2017,6726,3.44619256
29/09/2017,6727,3.446259615
29/09/2017,6728,3.44632667
29/09/2017,6729,3.446393725
29/09/2017,6730,3.44646078
29/09/2017,6731,3.446527835
29/09/2017,6732,3.44659489
29/09/2017,6733,3.446661945
29/09/2017,6734,3.446729
29/09/2017,6735,3.446782407
29/09/2017,6736,3.446835813
29/09/2017,6737,3.44688922
29/09/2017,6738,3.446942626
29/09/2017,6739,3.446996033
29/09/2017,6740,3.44704944
29/09/2017,6741,3.447102846
29/09/2017,6742,3.447156253
29/09/2017,6743,3.447209659
29/09/2017,6744,3.447263066
29/09/2017,6745,3.447316473
29/09/2017,6746,3.447369879
29/09/2017,6747,3.447423286
29/09/2017,6748,3.447476692
29/09/2017,6749,3.447530099
29/09/2017,6750,3.447583505
29/09/2017,6751,3.447636912
29/09/2017,6752,3.447690319
29/09/2017,6753,3.447743725
29/09/2017,6754,3.447797132
29/09/2017,6755,3.447850538
29/09/2017,6756,3.447903945
29/09/2017,6757,3.447957352
29/09/2017,6758,3.448010758
29/09/2017,6759,3.448064165
29/09/2017,6760,3.448117571
29/09/2017,6761,3.448170978
29/09/2017,6762,3.448224385
29/09/2017,6763,3.448277791
29/09/2017,6764,3.448331198
29/09/2017,6765,3.448384604
29/09/2017,6766,3.448438011
29/09/2017,6767,3.448491418
29/09/2017,6768,3.448544824
29/09/2017,6769,3.448598231
29/09/2017,6770,3.448651637
29/09/2017,6771,3.448705044
29/09/2017,6772,3.448758451
29/09/2017,6773,3.448811857
29/09/2017,6774,3.448865264
29/09/2017,6775,3.44891867
29/09/2017,6776,3.448972077
29/09/2017,6777,3.449025484
29/09/2017,6778,3.44907889
29/09/2017,6779,3.449132297
29/09/2017,6780,3.449185703
29/09/2017,6781,3.44923911
29/09/2017,6782,3.449292516
29/09/2017,6783,3.449345923
29/09/2017,6784,3.44939933
29/09/2017,6785,3.449452736
29/09/2017,6786,3.449506143
29/09/2017,6787,3.449559549
29/09/2017,6788,3.449612956
29/09/2017,6789,3.449666363
29/09/2017,6790,3.449719769
29/09/2017,6791,3.449773176
29/09/2017,6792,3.449826582
29/09/2017,6793,3.449879989
29/09/2017,6794,3.449933396
29/09/2017,6795,3.449986802
29/09/2017,6796,3.450040209
29/09/2017,6797,3.450093615
29/09/2017,6798,3.450147022
29/09/2017,6799,3.450200429
29/09/2017,6800,3.450253835
29/09/2017,6801,3.450307242
29/09/2017,6802,3.450360648
29/09/2017,6803,3.450414055
29/09/2017,6804,3.450467462
29/09/2017,6805,3.450520868
29/09/2017,6806,3.450574275
29/09/2017,6807,3.450627681
29/09/2017,6808,3.450681088
29/09/2017,6809,3.450734495
29/09/2017,6810,3.450787901
29/09/2017,6811,3.450841308
29/09/2017,6812,3.450894714
29/09/2017,6813,3.450948121
29/09/2017,6814,3.451001527
29/09/2017,6815,3.451054934
29/09/2017,6816,3.451108341
29/09/2017,6817,3.451161747
29/09/2017,6818,3.451215154
29/09/2017,6819,3.45126856
29/09/2017,6820,3.451321967
29/09/2017,6821,3.451375374
29/09/2017,6822,3.45142878
29/09/2017,6823,3.451482187
29/09/2017,6824,3.451535593
29/09/2017,6825,3.451589
29/09/2017,6826,3.451642407
29/09/2017,6827,3.451695813
29/09/2017,6828,3.45174922
29/09/2017,6829,3.451802626
29/09/2017,6830,3.451856033
29/09/2017,6831,3.45190944
29/09/2017,6832,3.451962846
29/09/2017,6833,3.452016253
29/09/2017,6834,3.452069659
29/09/2017,6835,3.452123066
29/09/2017,6836,3.452176473
29/09/2017,6837,3.452229879
29/09/2017,6838,3.452283286
29/09/2017,6839,3.452336692
29/09/2017,6840,3.452390099
29/09/2017,6841,3.452443505
29/09/2017,6842,3.452496912
29/09/2017,6843,3.452550319
29/09/2017,6844,3.452603725
29/09/2017,6845,3.452657132
29/09/2017,6846,3.452710538
29/09/2017,6847,3.452763945
29/09/2017,6848,3.452817352
29/09/2017,6849,3.452870758
29/09/2017,6850,3.452924165
29/09/2017,6851,3.452977571
29/09/2017,6852,3.453030978
29/09/2017,6853,3.453084385
29/09/2017,6854,3.453137791
29/09/2017,6855,3.453191198
29/09/2017,6856,3.453244604
29/09/2017,6857,3.453298011
29/09/2017,6858,3.453351418
29/09/2017,6859,3.453404824
29/09/2017,6860,3.453458231
29/09/2017,6861,3.453511637
29/09/2017,6862,3.453565044
29/09/2017,6863,3.453618451
29/09/2017,6864,3.453671857
29/09/2017,6865,3.453725264
29/09/2017,6866,3.45377867
29/09/2017,6867,3.453832077
29/09/2017,6868,3.453885484
29/09/2017,6869,3.45393889
29/09/2017,6870,3.453992297
29/09/2017,6871,3.454045703
29/09/2017,6872,3.45409911
29/09/2017,6873,3.454152516
29/09/2017,6874,3.454205923
29/09/2017,6875,3.45425933
29/09/2017,6876,3.454312736
29/09/2017,6877,3.454366143
29/09/2017,6878,3.454419549
29/09/2017,6879,3.454472956
29/09/2017,6880,3.454526363
29/09/2017,6881,3.454579769
29/09/2017,6882,3.454633176
29/09/2017,6883,3.454686582
29/09/2017,6884,3.454739989
29/09/2017,6885,3.454793396
29/09/2017,6886,3.454846802
29/09/2017,6887,3.454900209
29/09/2017,6888,3.454953615
29/09/2017,6889,3.455007022
29/09/2017,6890,3.455060429
29/09/2017,6891,3.455113835
29/09/2017,6892,3.455167242
29/09/2017,6893,3.455220648
29/09/2017,6894,3.455274055
29/09/2017,6895,3.455327462
29/09/2017,6896,3.455380868
29/09/2017,6897,3.455434275
29/09/2017,6898,3.455487681
29/09/2017,6899,3.455541088
29/09/2017,6900,3.455594495
29/09/2017,6901,3.455647901
29/09/2017,6902,3.455701308
29/09/2017,6903,3.455754714
29/09/2017,6904,3.455808121
29/09/2017,6905,3.455861527
29/09/2017,6906,3.455914934
29/09/2017,6907,3.455968341
29/09/2017,6908,3.456021747
29/09/2017,6909,3.456075154
29/09/2017,6910,3.45612856
29/09/2017,6911,3.456181967
29/09/2017,6912,3.456235374
29/09/2017,6913,3.45628878
29/09/2017,6914,3.456342187
29/09/2017,6915,3.456395593
29/09/2017,6916,3.456449
29/09/2017,6917,3.45650172
29/09/2017,6918,3.45655444
29/09/2017,6919,3.456607159
29/09/2017,6920,3.456659879
29/09/2017,6921,3.456712599
29/09/2017,6922,3.456765319
29/09/2017,6923,3.456818038
29/09/2017,6924,3.456870758
29/09/2017,6925,3.456923478
29/09/2017,6926,3.456976198
29/09/2017,6927,3.457028918
29/09/2017,6928,3.457081637
29/09/2017,6929,3.457134357
29/09/2017,6930,3.457187077
29/09/2017,6931,3.457239797
29/09/2017,6932,3.457292516
29/09/2017,6933,3.457345236
29/09/2017,6934,3.457397956
29/09/2017,6935,3.457450676
29/09/2017,6936,3.457503396
29/09/2017,6937,3.457556115
29/09/2017,6938,3.457608835
29/09/2017,6939,3.457661555
29/09/2017,6940,3.457714275
29/09/2017,6941,3.457766995
29/09/2017,6942,3.457819714
29/09/2017,6943,3.457872434
29/09/2017,6944,3.457925154
29/09/2017,6945,3.457977874
29/09/2017,6946,3.458030593
29/09/2017,6947,3.458083313
29/09/2017,6948,3.458136033
29/09/2017,6949,3.458188753
29/09/2017,6950,3.458241473
29/09/2017,6951,3.458294192
29/09/2017,6952,3.458346912
29/09/2017,6953,3.458399632
29/09/2017,6954,3.458452352
29/09/2017,6955,3.458505071
29/09/2017,6956,3.458557791
29/09/2017,6957,3.458610511
29/09/2017,6958,3.458663231
29/09/2017,6959,3.458715951
29/09/2017,6960,3.45876867
29/09/2017,6961,3.45882139
29/09/2017,6962,3.45887411
29/09/2017,6963,3.45892683
29/09/2017,6964,3.458979549
29/09/2017,6965,3.459032269
29/09/2017,6966,3.459084989
29/09/2017,6967,3.459137709
29/09/2017,6968,3.459190429
29/09/2017,6969,3.459243148
29/09/2017,6970,3.459295868
29/09/2017,6971,3.459348588
29/09/2017,6972,3.459401308
29/09/2017,6973,3.459454027
29/09/2017,6974,3.459506747
29/09/2017,6975,3.459559467
29/09/2017,6976,3.459612187
29/09/2017,6977,3.459664907
29/09/2017,6978,3.459717626
29/09/2017,6979,3.459770346
29/09/2017,6980,3.459823066
29/09/2017,6981,3.459875786
29/09/2017,6982,3.459928505
29/09/2017,6983,3.459981225
29/09/2017,6984,3.460033945
29/09/2017,6985,3.460086665
29/09/2017,6986,3.460139385
29/09/2017,6987,3.460192104
29/09/2017,6988,3.460244824
29/09/2017,6989,3.460297544
29/09/2017,6990,3.460350264
29/09/2017,6991,3.460402984
29/09/2017,6992,3.460455703
29/09/2017,6993,3.460508423
29/09/2017,6994,3.460561143
29/09/2017,6995,3.460613863
29/09/2017,6996,3.460666582
29/09/2017,6997,3.460719302
29/09/2017,6998,3.460772022
29/09/2017,6999,3.460824742
29/09/2017,7000,3.460877462
29/09/2017,7001,3.460930181
29/09/2017,7002,3.460982901
29/09/2017,7003,3.461035621
29/09/2017,7004,3.461088341
29/09/2017,7005,3.46114106
29/09/2017,7006,3.46119378
29/09/2017,7007,3.4612465
29/09/2017,7008,3.46129922
29/09/2017,7009,3.46135194
29/09/2017,7010,3.461404659
29/09/2017,7011,3.461457379
29/09/2017,7012,3.461510099
29/09/2017,7013,3.461562819
29/09/2017,7014,3.461615538
29/09/2017,7015,3.461668258
29/09/2017,7016,3.461720978
29/09/2017,7017,3.461773698
29/09/2017,7018,3.461826418
29/09/2017,7019,3.461879137
29/09/2017,7020,3.461931857
29/09/2017,7021,3.461984577
29/09/2017,7022,3.462037297
29/09/2017,7023,3.462090016
29/09/2017,7024,3.462142736
29/09/2017,7025,3.462195456
29/09/2017,7026,3.462248176
29/09/2017,7027,3.462300896
29/09/2017,7028,3.462353615
29/09/2017,7029,3.462406335
29/09/2017,7030,3.462459055
29/09/2017,7031,3.462511775
29/09/2017,7032,3.462564495
29/09/2017,7033,3.462617214
29/09/2017,7034,3.462669934
29/09/2017,7035,3.462722654
29/09/2017,7036,3.462775374
29/09/2017,7037,3.462828093
29/09/2017,7038,3.462880813
29/09/2017,7039,3.462933533
29/09/2017,7040,3.462986253
29/09/2017,7041,3.463038973
29/09/2017,7042,3.463091692
29/09/2017,7043,3.463144412
29/09/2017,7044,3.463197132
29/09/2017,7045,3.463249852
29/09/2017,7046,3.463302571
29/09/2017,7047,3.463355291
29/09/2017,7048,3.463408011
29/09/2017,7049,3.463460731
29/09/2017,7050,3.463513451
29/09/2017,7051,3.46356617
29/09/2017,7052,3.46361889
29/09/2017,7053,3.46367161
29/09/2017,7054,3.46372433
29/09/2017,7055,3.463777049
29/09/2017,7056,3.463829769
29/09/2017,7057,3.463882489
29/09/2017,7058,3.463935209
29/09/2017,7059,3.463987929
29/09/2017,7060,3.464040648
29/09/2017,7061,3.464093368
29/09/2017,7062,3.464146088
29/09/2017,7063,3.464198808
29/09/2017,7064,3.464251527
29/09/2017,7065,3.464304247
29/09/2017,7066,3.464356967
29/09/2017,7067,3.464409687
29/09/2017,7068,3.464462407
29/09/2017,7069,3.464515126
29/09/2017,7070,3.464567846
29/09/2017,7071,3.464620566
29/09/2017,7072,3.464673286
29/09/2017,7073,3.464726005
29/09/2017,7074,3.464778725
29/09/2017,7075,3.464831445
29/09/2017,7076,3.464884165
29/09/2017,7077,3.464936885
29/09/2017,7078,3.464989604
29/09/2017,7079,3.465042324
29/09/2017,7080,3.465095044
29/09/2017,7081,3.465147764
29/09/2017,7082,3.465200484
29/09/2017,7083,3.465253203
29/09/2017,7084,3.465305923
29/09/2017,7085,3.465358643
29/09/2017,7086,3.465411363
29/09/2017,7087,3.465464082
29/09/2017,7088,3.465516802
29/09/2017,7089,3.465569522
29/09/2017,7090,3.465622242
29/09/2017,7091,3.465674962
29/09/2017,7092,3.465727681
29/09/2017,7093,3.465780401
29/09/2017,7094,3.465833121
29/09/2017,7095,3.465885841
29/09/2017,7096,3.46593856
29/09/2017,7097,3.46599128
29/09/2017,7098,3.466044
29/09/2017,7099,3.466096044
29/09/2017,7100,3.466148088
29/09/2017,7101,3.466200132
29/09/2017,7102,3.466252176
29/09/2017,7103,3.46630422
29/09/2017,7104,3.466356264
29/09/2017,7105,3.466408308
29/09/2017,7106,3.466460352
29/09/2017,7107,3.466512396
29/09/2017,7108,3.46656444
29/09/2017,7109,3.466616484
29/09/2017,7110,3.466668527
29/09/2017,7111,3.466720571
29/09/2017,7112,3.466772615
29/09/2017,7113,3.466824659
29/09/2017,7114,3.466876703
29/09/2017,7115,3.466928747
29/09/2017,7116,3.466980791
29/09/2017,7117,3.467032835
29/09/2017,7118,3.467084879
29/09/2017,7119,3.467136923
29/09/2017,7120,3.467188967
29/09/2017,7121,3.467241011
29/09/2017,7122,3.467293055
29/09/2017,7123,3.467345099
29/09/2017,7124,3.467397143
29/09/2017,7125,3.467449187
29/09/2017,7126,3.467501231
29/09/2017,7127,3.467553275
29/09/2017,7128,3.467605319
29/09/2017,7129,3.467657363
29/09/2017,7130,3.467709407
29/09/2017,7131,3.467761451
29/09/2017,7132,3.467813495
29/09/2017,7133,3.467865538
29/09/2017,7134,3.467917582
29/09/2017,7135,3.467969626
29/09/2017,7136,3.46802167
29/09/2017,7137,3.468073714
29/09/2017,7138,3.468125758
29/09/2017,7139,3.468177802
29/09/2017,7140,3.468229846
29/09/2017,7141,3.46828189
29/09/2017,7142,3.468333934
29/09/2017,7143,3.468385978
29/09/2017,7144,3.468438022
29/09/2017,7145,3.468490066
29/09/2017,7146,3.46854211
29/09/2017,7147,3.468594154
29/09/2017,7148,3.468646198
29/09/2017,7149,3.468698242
29/09/2017,7150,3.468750286
29/09/2017,7151,3.46880233
29/09/2017,7152,3.468854374
29/09/2017,7153,3.468906418
29/09/2017,7154,3.468958462
29/09/2017,7155,3.469010505
29/09/2017,7156,3.469062549
29/09/2017,7157,3.469114593
29/09/2017,7158,3.469166637
29/09/2017,7159,3.469218681
29/09/2017,7160,3.469270725
29/09/2017,7161,3.469322769
29/09/2017,7162,3.469374813
29/09/2017,7163,3.469426857
29/09/2017,7164,3.469478901
29/09/2017,7165,3.469530945
29/09/2017,7166,3.469582989
29/09/2017,7167,3.469635033
29/09/2017,7168,3.469687077
29/09/2017,7169,3.469739121
29/09/2017,7170,3.469791165
29/09/2017,7171,3.469843209
29/09/2017,7172,3.469895253
29/09/2017,7173,3.469947297
29/09/2017,7174,3.469999341
29/09/2017,7175,3.470051385
29/09/2017,7176,3.470103429
29/09/2017,7177,3.470155473
29/09/2017,7178,3.470207516
29/09/2017,7179,3.47025956
29/09/2017,7180,3.470311604
29/09/2017,7181,3.470363648
29/09/2017,7182,3.470415692
29/09/2017,7183,3.470467736
29/09/2017,7184,3.47051978
29/09/2017,7185,3.470571824
29/09/2017,7186,3.470623868
29/09/2017,7187,3.470675912
29/09/2017,7188,3.470727956
29/09/2017,7189,3.47078
29/09/2017,7190,3.470832044
29/09/2017,7191,3.470884088
29/09/2017,7192,3.470936132
29/09/2017,7193,3.470988176
29/09/2017,7194,3.47104022
29/09/2017,7195,3.471092264
29/09/2017,7196,3.471144308
29/09/2017,7197,3.471196352
29/09/2017,7198,3.471248396
29/09/2017,7199,3.47130044
29/09/2017,7200,3.471352484
29/09/2017,7201,3.471404527
29/09/2017,7202,3.471456571
29/09/2017,7203,3.471508615
29/09/2017,7204,3.471560659
29/09/2017,7205,3.471612703
29/09/2017,7206,3.471664747
29/09/2017,7207,3.471716791
29/09/2017,7208,3.471768835
29/09/2017,7209,3.471820879
29/09/2017,7210,3.471872923
29/09/2017,7211,3.471924967
29/09/2017,7212,3.471977011
29/09/2017,7213,3.472029055
29/09/2017,7214,3.472081099
29/09/2017,7215,3.472133143
29/09/2017,7216,3.472185187
29/09/2017,7217,3.472237231
29/09/2017,7218,3.472289275
29/09/2017,7219,3.472341319
29/09/2017,7220,3.472393363
29/09/2017,7221,3.472445407
29/09/2017,7222,3.472497451
29/09/2017,7223,3.472549495
29/09/2017,7224,3.472601538
29/09/2017,7225,3.472653582
29/09/2017,7226,3.472705626
29/09/2017,7227,3.47275767
29/09/2017,7228,3.472809714
29/09/2017,7229,3.472861758
29/09/2017,7230,3.472913802
29/09/2017,7231,3.472965846
29/09/2017,7232,3.47301789
29/09/2017,7233,3.473069934
29/09/2017,7234,3.473121978
29/09/2017,7235,3.473174022
29/09/2017,7236,3.473226066
29/09/2017,7237,3.47327811
29/09/2017,7238,3.473330154
29/09/2017,7239,3.473382198
29/09/2017,7240,3.473434242
29/09/2017,7241,3.473486286
29/09/2017,7242,3.47353833
29/09/2017,7243,3.473590374
29/09/2017,7244,3.473642418
29/09/2017,7245,3.473694462
29/09/2017,7246,3.473746505
29/09/2017,7247,3.473798549
29/09/2017,7248,3.473850593
29/09/2017,7249,3.473902637
29/09/2017,7250,3.473954681
29/09/2017,7251,3.474006725
29/09/2017,7252,3.474058769
29/09/2017,7253,3.474110813
29/09/2017,7254,3.474162857
29/09/2017,7255,3.474214901
29/09/2017,7256,3.474266945
29/09/2017,7257,3.474318989
29/09/2017,7258,3.474371033
29/09/2017,7259,3.474423077
29/09/2017,7260,3.474475121
29/09/2017,7261,3.474527165
29/09/2017,7262,3.474579209
29/09/2017,7263,3.474631253
29/09/2017,7264,3.474683297
29/09/2017,7265,3.474735341
29/09/2017,7266,3.474787385
29/09/2017,7267,3.474839429
29/09/2017,7268,3.474891473
29/09/2017,7269,3.474943516
29/09/2017,7270,3.47499556
29/09/2017,7271,3.475047604
29/09/2017,7272,3.475099648
29/09/2017,7273,3.475151692
29/09/2017,7274,3.475203736
29/09/2017,7275,3.47525578
29/09/2017,7276,3.475307824
29/09/2017,7277,3.475359868
29/09/2017,7278,3.475411912
29/09/2017,7279,3.475463956
29/09/2017,7280,3.475516
29/09/2017,7281,3.475567385
29/09/2017,7282,3.475618769
29/09/2017,7283,3.475670154
29/09/2017,7284,3.475721538
29/09/2017,7285,3.475772923
29/09/2017,7286,3.475824308
29/09/2017,7287,3.475875692
29/09/2017,7288,3.475927077
29/09/2017,7289,3.475978462
29/09/2017,7290,3.476029846
29/09/2017,7291,3.476081231
29/09/2017,7292,3.476132615
29/09/2017,7293,3.476184
29/09/2017,7294,3.476235385
29/09/2017,7295,3.476286769
29/09/2017,7296,3.476338154
29/09/2017,7297,3.476389538
29/09/2017,7298,3.476440923
29/09/2017,7299,3.476492308
29/09/2017,7300,3.476543692
29/09/2017,7301,3.476595077
29/09/2017,7302,3.476646462
29/09/2017,7303,3.476697846
29/09/2017,7304,3.476749231
29/09/2017,7305,3.476800615
29/09/2017,7306,3.476852
29/09/2017,7307,3.476903385
29/09/2017,7308,3.476954769
29/09/2017,7309,3.477006154
29/09/2017,7310,3.477057538
29/09/2017,7311,3.477108923
29/09/2017,7312,3.477160308
29/09/2017,7313,3.477211692
29/09/2017,7314,3.477263077
29/09/2017,7315,3.477314462
29/09/2017,7316,3.477365846
29/09/2017,7317,3.477417231
29/09/2017,7318,3.477468615
29/09/2017,7319,3.47752
29/09/2017,7320,3.477571385
29/09/2017,7321,3.477622769
29/09/2017,7322,3.477674154
29/09/2017,7323,3.477725538
29/09/2017,7324,3.477776923
29/09/2017,7325,3.477828308
29/09/2017,7326,3.477879692
29/09/2017,7327,3.477931077
29/09/2017,7328,3.477982462
29/09/2017,7329,3.478033846
29/09/2017,7330,3.478085231
29/09/2017,7331,3.478136615
29/09/2017,7332,3.478188
29/09/2017,7333,3.478239385
29/09/2017,7334,3.478290769
29/09/2017,7335,3.478342154
29/09/2017,7336,3.478393538
29/09/2017,7337,3.478444923
29/09/2017,7338,3.478496308
29/09/2017,7339,3.478547692
29/09/2017,7340,3.478599077
29/09/2017,7341,3.478650462
29/09/2017,7342,3.478701846
29/09/2017,7343,3.478753231
29/09/2017,7344,3.478804615
29/09/2017,7345,3.478856
29/09/2017,7346,3.478907385
29/09/2017,7347,3.478958769
29/09/2017,7348,3.479010154
29/09/2017,7349,3.479061538
29/09/2017,7350,3.479112923
29/09/2017,7351,3.479164308
29/09/2017,7352,3.479215692
29/09/2017,7353,3.479267077
29/09/2017,7354,3.479318462
29/09/2017,7355,3.479369846
29/09/2017,7356,3.479421231
29/09/2017,7357,3.479472615
29/09/2017,7358,3.479524
29/09/2017,7359,3.479575385
29/09/2017,7360,3.479626769
29/09/2017,7361,3.479678154
29/09/2017,7362,3.479729538
29/09/2017,7363,3.479780923
29/09/2017,7364,3.479832308
29/09/2017,7365,3.479883692
29/09/2017,7366,3.479935077
29/09/2017,7367,3.479986462
29/09/2017,7368,3.480037846
29/09/2017,7369,3.480089231
29/09/2017,7370,3.480140615
29/09/2017,7371,3.480192
29/09/2017,7372,3.480243385
29/09/2017,7373,3.480294769
29/09/2017,7374,3.480346154
29/09/2017,7375,3.480397538
29/09/2017,7376,3.480448923
29/09/2017,7377,3.480500308
29/09/2017,7378,3.480551692
29/09/2017,7379,3.480603077
29/09/2017,7380,3.480654462
29/09/2017,7381,3.480705846
29/09/2017,7382,3.480757231
29/09/2017,7383,3.480808615
29/09/2017,7384,3.48086
29/09/2017,7385,3.480911385
29/09/2017,7386,3.480962769
29/09/2017,7387,3.481014154
29/09/2017,7388,3.481065538
29/09/2017,7389,3.481116923
29/09/2017,7390,3.481168308
29/09/2017,7391,3.481219692
29/09/2017,7392,3.481271077
29/09/2017,7393,3.481322462
29/09/2017,7394,3.481373846
29/09/2017,7395,3.481425231
29/09/2017,7396,3.481476615
29/09/2017,7397,3.481528
29/09/2017,7398,3.481579385
29/09/2017,7399,3.481630769
29/09/2017,7400,3.481682154
29/09/2017,7401,3.481733538
29/09/2017,7402,3.481784923
29/09/2017,7403,3.481836308
29/09/2017,7404,3.481887692
29/09/2017,7405,3.481939077
29/09/2017,7406,3.481990462
29/09/2017,7407,3.482041846
29/09/2017,7408,3.482093231
29/09/2017,7409,3.482144615
29/09/2017,7410,3.482196
29/09/2017,7411,3.482247385
29/09/2017,7412,3.482298769
29/09/2017,7413,3.482350154
29/09/2017,7414,3.482401538
29/09/2017,7415,3.482452923
29/09/2017,7416,3.482504308
29/09/2017,7417,3.482555692
29/09/2017,7418,3.482607077
29/09/2017,7419,3.482658462
29/09/2017,7420,3.482709846
29/09/2017,7421,3.482761231
29/09/2017,7422,3.482812615
29/09/2017,7423,3.482864
29/09/2017,7424,3.482915385
29/09/2017,7425,3.482966769
29/09/2017,7426,3.483018154
29/09/2017,7427,3.483069538
29/09/2017,7428,3.483120923
29/09/2017,7429,3.483172308
29/09/2017,7430,3.483223692
29/09/2017,7431,3.483275077
29/09/2017,7432,3.483326462
29/09/2017,7433,3.483377846
29/09/2017,7434,3.483429231
29/09/2017,7435,3.483480615
29/09/2017,7436,3.483532
29/09/2017,7437,3.483583385
29/09/2017,7438,3.483634769
29/09/2017,7439,3.483686154
29/09/2017,7440,3.483737538
29/09/2017,7441,3.483788923
29/09/2017,7442,3.483840308
29/09/2017,7443,3.483891692
29/09/2017,7444,3.483943077
29/09/2017,7445,3.483994462
29/09/2017,7446,3.484045846
29/09/2017,7447,3.484097231
29/09/2017,7448,3.484148615
29/09/2017,7449,3.4842
29/09/2017,7450,3.484251385
29/09/2017,7451,3.484302769
29/09/2017,7452,3.484354154
29/09/2017,7453,3.484405538
29/09/2017,7454,3.484456923
29/09/2017,7455,3.484508308
29/09/2017,7456,3.484559692
29/09/2017,7457,3.484611077
29/09/2017,7458,3.484662462
29/09/2017,7459,3.484713846
29/09/2017,7460,3.484765231
29/09/2017,7461,3.484816615
29/09/2017,7462,3.484868
29/09/2017,7463,3.484962473
29/09/2017,7464,3.485056945
29/09/2017,7465,3.485151418
29/09/2017,7466,3.48524589
29/09/2017,7467,3.485340363
29/09/2017,7468,3.485434835
29/09/2017,7469,3.485529308
29/09/2017,7470,3.48562378
29/09/2017,7471,3.485718253
29/09/2017,7472,3.485812725
29/09/2017,7473,3.485907198
29/09/2017,7474,3.48600167
29/09/2017,7475,3.486096143
29/09/2017,7476,3.486190615
29/09/2017,7477,3.486285088
29/09/2017,7478,3.48637956
29/09/2017,7479,3.486474033
29/09/2017,7480,3.486568505
29/09/2017,7481,3.486662978
29/09/2017,7482,3.486757451
29/09/2017,7483,3.486851923
29/09/2017,7484,3.486946396
29/09/2017,7485,3.487040868
29/09/2017,7486,3.487135341
29/09/2017,7487,3.487229813
29/09/2017,7488,3.487324286
29/09/2017,7489,3.487418758
29/09/2017,7490,3.487513231
29/09/2017,7491,3.487607703
29/09/2017,7492,3.487702176
29/09/2017,7493,3.487796648
29/09/2017,7494,3.487891121
29/09/2017,7495,3.487985593
29/09/2017,7496,3.488080066
29/09/2017,7497,3.488174538
29/09/2017,7498,3.488269011
29/09/2017,7499,3.488363484
29/09/2017,7500,3.488457956
29/09/2017,7501,3.488552429
29/09/2017,7502,3.488646901
29/09/2017,7503,3.488741374
29/09/2017,7504,3.488835846
29/09/2017,7505,3.488930319
29/09/2017,7506,3.489024791
29/09/2017,7507,3.489119264
29/09/2017,7508,3.489213736
29/09/2017,7509,3.489308209
29/09/2017,7510,3.489402681
29/09/2017,7511,3.489497154
29/09/2017,7512,3.489591626
29/09/2017,7513,3.489686099
29/09/2017,7514,3.489780571
29/09/2017,7515,3.489875044
29/09/2017,7516,3.489969516
29/09/2017,7517,3.490063989
29/09/2017,7518,3.490158462
29/09/2017,7519,3.490252934
29/09/2017,7520,3.490347407
29/09/2017,7521,3.490441879
29/09/2017,7522,3.490536352
29/09/2017,7523,3.490630824
29/09/2017,7524,3.490725297
29/09/2017,7525,3.490819769
29/09/2017,7526,3.490914242
29/09/2017,7527,3.491008714
29/09/2017,7528,3.491103187
29/09/2017,7529,3.491197659
29/09/2017,7530,3.491292132
29/09/2017,7531,3.491386604
29/09/2017,7532,3.491481077
29/09/2017,7533,3.491575549
29/09/2017,7534,3.491670022
29/09/2017,7535,3.491764495
29/09/2017,7536,3.491858967
29/09/2017,7537,3.49195344
29/09/2017,7538,3.492047912
29/09/2017,7539,3.492142385
29/09/2017,7540,3.492236857
29/09/2017,7541,3.49233133
29/09/2017,7542,3.492425802
29/09/2017,7543,3.492520275
29/09/2017,7544,3.492614747
29/09/2017,7545,3.49270922
29/09/2017,7546,3.492803692
29/09/2017,7547,3.492898165
29/09/2017,7548,3.492992637
29/09/2017,7549,3.49308711
29/09/2017,7550,3.493181582
29/09/2017,7551,3.493276055
29/09/2017,7552,3.493370527
29/09/2017,7553,3.493465
29/09/2017,7554,3.493559473
29/09/2017,7555,3.493653945
29/09/2017,7556,3.493748418
29/09/2017,7557,3.49384289
29/09/2017,7558,3.493937363
29/09/2017,7559,3.494031835
29/09/2017,7560,3.494126308
29/09/2017,7561,3.49422078
29/09/2017,7562,3.494315253
29/09/2017,7563,3.494409725
29/09/2017,7564,3.494504198
29/09/2017,7565,3.49459867
29/09/2017,7566,3.494693143
29/09/2017,7567,3.494787615
29/09/2017,7568,3.494882088
29/09/2017,7569,3.49497656
29/09/2017,7570,3.495071033
29/09/2017,7571,3.495165505
29/09/2017,7572,3.495259978
29/09/2017,7573,3.495354451
29/09/2017,7574,3.495448923
29/09/2017,7575,3.495543396
29/09/2017,7576,3.495637868
29/09/2017,7577,3.495732341
29/09/2017,7578,3.495826813
29/09/2017,7579,3.495921286
29/09/2017,7580,3.496015758
29/09/2017,7581,3.496110231
29/09/2017,7582,3.496204703
29/09/2017,7583,3.496299176
29/09/2017,7584,3.496393648
29/09/2017,7585,3.496488121
29/09/2017,7586,3.496582593
29/09/2017,7587,3.496677066
29/09/2017,7588,3.496771538
29/09/2017,7589,3.496866011
29/09/2017,7590,3.496960484
29/09/2017,7591,3.497054956
29/09/2017,7592,3.497149429
29/09/2017,7593,3.497243901
29/09/2017,7594,3.497338374
29/09/2017,7595,3.497432846
29/09/2017,7596,3.497527319
29/09/2017,7597,3.497621791
29/09/2017,7598,3.497716264
29/09/2017,7599,3.497810736
29/09/2017,7600,3.497905209
29/09/2017,7601,3.497999681
29/09/2017,7602,3.498094154
29/09/2017,7603,3.498188626
29/09/2017,7604,3.498283099
29/09/2017,7605,3.498377571
29/09/2017,7606,3.498472044
29/09/2017,7607,3.498566516
29/09/2017,7608,3.498660989
29/09/2017,7609,3.498755462
29/09/2017,7610,3.498849934
29/09/2017,7611,3.498944407
29/09/2017,7612,3.499038879
29/09/2017,7613,3.499133352
29/09/2017,7614,3.499227824
29/09/2017,7615,3.499322297
29/09/2017,7616,3.499416769
29/09/2017,7617,3.499511242
29/09/2017,7618,3.499605714
29/09/2017,7619,3.499700187
29/09/2017,7620,3.499794659
29/09/2017,7621,3.499889132
29/09/2017,7622,3.499983604
29/09/2017,7623,3.500078077
29/09/2017,7624,3.500172549
29/09/2017,7625,3.500267022
29/09/2017,7626,3.500361495
29/09/2017,7627,3.500455967
29/09/2017,7628,3.50055044
29/09/2017,7629,3.500644912
29/09/2017,7630,3.500739385
29/09/2017,7631,3.500833857
29/09/2017,7632,3.50092833
29/09/2017,7633,3.501022802
29/09/2017,7634,3.501117275
29/09/2017,7635,3.501211747
29/09/2017,7636,3.50130622
29/09/2017,7637,3.501400692
29/09/2017,7638,3.501495165
29/09/2017,7639,3.501589637
29/09/2017,7640,3.50168411
29/09/2017,7641,3.501778582
29/09/2017,7642,3.501873055
29/09/2017,7643,3.501967527
29/09/2017,7644,3.502062
29/09/2017,7645,3.502112687
29/09/2017,7646,3.502163374
29/09/2017,7647,3.50221406
29/09/2017,7648,3.502264747
29/09/2017,7649,3.502315434
29/09/2017,7650,3.502366121
29/09/2017,7651,3.502416808
29/09/2017,7652,3.502467495
29/09/2017,7653,3.502518181
29/09/2017,7654,3.502568868
29/09/2017,7655,3.502619555
29/09/2017,7656,3.502670242
29/09/2017,7657,3.502720929
29/09/2017,7658,3.502771615
29/09/2017,7659,3.502822302
29/09/2017,7660,3.502872989
29/09/2017,7661,3.502923676
29/09/2017,7662,3.502974363
29/09/2017,7663,3.503025049
29/09/2017,7664,3.503075736
29/09/2017,7665,3.503126423
29/09/2017,7666,3.50317711
29/09/2017,7667,3.503227797
29/09/2017,7668,3.503278484
29/09/2017,7669,3.50332917
29/09/2017,7670,3.503379857
29/09/2017,7671,3.503430544
29/09/2017,7672,3.503481231
29/09/2017,7673,3.503531918
29/09/2017,7674,3.503582604
29/09/2017,7675,3.503633291
29/09/2017,7676,3.503683978
29/09/2017,7677,3.503734665
29/09/2017,7678,3.503785352
29/09/2017,7679,3.503836038
29/09/2017,7680,3.503886725
29/09/2017,7681,3.503937412
29/09/2017,7682,3.503988099
29/09/2017,7683,3.504038786
29/09/2017,7684,3.504089473
29/09/2017,7685,3.504140159
29/09/2017,7686,3.504190846
29/09/2017,7687,3.504241533
29/09/2017,7688,3.50429222
29/09/2017,7689,3.504342907
29/09/2017,7690,3.504393593
29/09/2017,7691,3.50444428
29/09/2017,7692,3.504494967
29/09/2017,7693,3.504545654
29/09/2017,7694,3.504596341
29/09/2017,7695,3.504647027
29/09/2017,7696,3.504697714
29/09/2017,7697,3.504748401
29/09/2017,7698,3.504799088
29/09/2017,7699,3.504849775
29/09/2017,7700,3.504900462
29/09/2017,7701,3.504951148
29/09/2017,7702,3.505001835
29/09/2017,7703,3.505052522
29/09/2017,7704,3.505103209
29/09/2017,7705,3.505153896
29/09/2017,7706,3.505204582
29/09/2017,7707,3.505255269
29/09/2017,7708,3.505305956
29/09/2017,7709,3.505356643
29/09/2017,7710,3.50540733
29/09/2017,7711,3.505458016
29/09/2017,7712,3.505508703
29/09/2017,7713,3.50555939
29/09/2017,7714,3.505610077
29/09/2017,7715,3.505660764
29/09/2017,7716,3.505711451
29/09/2017,7717,3.505762137
29/09/2017,7718,3.505812824
29/09/2017,7719,3.505863511
29/09/2017,7720,3.505914198
29/09/2017,7721,3.505964885
29/09/2017,7722,3.506015571
29/09/2017,7723,3.506066258
29/09/2017,7724,3.506116945
29/09/2017,7725,3.506167632
29/09/2017,7726,3.506218319
29/09/2017,7727,3.506269005
29/09/2017,7728,3.506319692
29/09/2017,7729,3.506370379
29/09/2017,7730,3.506421066
29/09/2017,7731,3.506471753
29/09/2017,7732,3.50652244
29/09/2017,7733,3.506573126
29/09/2017,7734,3.506623813
29/09/2017,7735,3.5066745
29/09/2017,7736,3.506725187
29/09/2017,7737,3.506775874
29/09/2017,7738,3.50682656
29/09/2017,7739,3.506877247
29/09/2017,7740,3.506927934
29/09/2017,7741,3.506978621
29/09/2017,7742,3.507029308
29/09/2017,7743,3.507079995
29/09/2017,7744,3.507130681
29/09/2017,7745,3.507181368
29/09/2017,7746,3.507232055
29/09/2017,7747,3.507282742
29/09/2017,7748,3.507333429
29/09/2017,7749,3.507384115
29/09/2017,7750,3.507434802
29/09/2017,7751,3.507485489
29/09/2017,7752,3.507536176
29/09/2017,7753,3.507586863
29/09/2017,7754,3.507637549
29/09/2017,7755,3.507688236
29/09/2017,7756,3.507738923
29/09/2017,7757,3.50778961
29/09/2017,7758,3.507840297
29/09/2017,7759,3.507890984
29/09/2017,7760,3.50794167
29/09/2017,7761,3.507992357
29/09/2017,7762,3.508043044
29/09/2017,7763,3.508093731
29/09/2017,7764,3.508144418
29/09/2017,7765,3.508195104
29/09/2017,7766,3.508245791
29/09/2017,7767,3.508296478
29/09/2017,7768,3.508347165
29/09/2017,7769,3.508397852
29/09/2017,7770,3.508448538
29/09/2017,7771,3.508499225
29/09/2017,7772,3.508549912
29/09/2017,7773,3.508600599
29/09/2017,7774,3.508651286
29/09/2017,7775,3.508701973
29/09/2017,7776,3.508752659
29/09/2017,7777,3.508803346
29/09/2017,7778,3.508854033
29/09/2017,7779,3.50890472
29/09/2017,7780,3.508955407
29/09/2017,7781,3.509006093
29/09/2017,7782,3.50905678
29/09/2017,7783,3.509107467
29/09/2017,7784,3.509158154
29/09/2017,7785,3.509208841
29/09/2017,7786,3.509259527
29/09/2017,7787,3.509310214
29/09/2017,7788,3.509360901
29/09/2017,7789,3.509411588
29/09/2017,7790,3.509462275
29/09/2017,7791,3.509512962
29/09/2017,7792,3.509563648
29/09/2017,7793,3.509614335
29/09/2017,7794,3.509665022
29/09/2017,7795,3.509715709
29/09/2017,7796,3.509766396
29/09/2017,7797,3.509817082
29/09/2017,7798,3.509867769
29/09/2017,7799,3.509918456
29/09/2017,7800,3.509969143
29/09/2017,7801,3.51001983
29/09/2017,7802,3.510070516
29/09/2017,7803,3.510121203
29/09/2017,7804,3.51017189
29/09/2017,7805,3.510222577
29/09/2017,7806,3.510273264
29/09/2017,7807,3.510323951
29/09/2017,7808,3.510374637
29/09/2017,7809,3.510425324
29/09/2017,7810,3.510476011
29/09/2017,7811,3.510526698
29/09/2017,7812,3.510577385
29/09/2017,7813,3.510628071
29/09/2017,7814,3.510678758
29/09/2017,7815,3.510729445
29/09/2017,7816,3.510780132
29/09/2017,7817,3.510830819
29/09/2017,7818,3.510881505
29/09/2017,7819,3.510932192
29/09/2017,7820,3.510982879
29/09/2017,7821,3.511033566
29/09/2017,7822,3.511084253
29/09/2017,7823,3.51113494
29/09/2017,7824,3.511185626
29/09/2017,7825,3.511236313
29/09/2017,7826,3.511287
29/09/2017,7827,3.511337093
29/09/2017,7828,3.511387187
29/09/2017,7829,3.51143728
29/09/2017,7830,3.511487374
29/09/2017,7831,3.511537467
29/09/2017,7832,3.51158756
29/09/2017,7833,3.511637654
29/09/2017,7834,3.511687747
29/09/2017,7835,3.511737841
29/09/2017,7836,3.511787934
29/09/2017,7837,3.511838027
29/09/2017,7838,3.511888121
29/09/2017,7839,3.511938214
29/09/2017,7840,3.511988308
29/09/2017,7841,3.512038401
29/09/2017,7842,3.512088495
29/09/2017,7843,3.512138588
29/09/2017,7844,3.512188681
29/09/2017,7845,3.512238775
29/09/2017,7846,3.512288868
29/09/2017,7847,3.512338962
29/09/2017,7848,3.512389055
29/09/2017,7849,3.512439148
29/09/2017,7850,3.512489242
29/09/2017,7851,3.512539335
29/09/2017,7852,3.512589429
29/09/2017,7853,3.512639522
29/09/2017,7854,3.512689615
29/09/2017,7855,3.512739709
29/09/2017,7856,3.512789802
29/09/2017,7857,3.512839896
29/09/2017,7858,3.512889989
29/09/2017,7859,3.512940082
29/09/2017,7860,3.512990176
29/09/2017,7861,3.513040269
29/09/2017,7862,3.513090363
29/09/2017,7863,3.513140456
29/09/2017,7864,3.513190549
29/09/2017,7865,3.513240643
29/09/2017,7866,3.513290736
29/09/2017,7867,3.51334083
29/09/2017,7868,3.513390923
29/09/2017,7869,3.513441016
29/09/2017,7870,3.51349111
29/09/2017,7871,3.513541203
29/09/2017,7872,3.513591297
29/09/2017,7873,3.51364139
29/09/2017,7874,3.513691484
29/09/2017,7875,3.513741577
29/09/2017,7876,3.51379167
29/09/2017,7877,3.513841764
29/09/2017,7878,3.513891857
29/09/2017,7879,3.513941951
29/09/2017,7880,3.513992044
29/09/2017,7881,3.514042137
29/09/2017,7882,3.514092231
29/09/2017,7883,3.514142324
29/09/2017,7884,3.514192418
29/09/2017,7885,3.514242511
29/09/2017,7886,3.514292604
29/09/2017,7887,3.514342698
29/09/2017,7888,3.514392791
29/09/2017,7889,3.514442885
29/09/2017,7890,3.514492978
29/09/2017,7891,3.514543071
29/09/2017,7892,3.514593165
29/09/2017,7893,3.514643258
29/09/2017,7894,3.514693352
29/09/2017,7895,3.514743445
29/09/2017,7896,3.514793538
29/09/2017,7897,3.514843632
29/09/2017,7898,3.514893725
29/09/2017,7899,3.514943819
29/09/2017,7900,3.514993912
29/09/2017,7901,3.515044005
29/09/2017,7902,3.515094099
29/09/2017,7903,3.515144192
29/09/2017,7904,3.515194286
29/09/2017,7905,3.515244379
29/09/2017,7906,3.515294473
29/09/2017,7907,3.515344566
29/09/2017,7908,3.515394659
29/09/2017,7909,3.515444753
29/09/2017,7910,3.515494846
29/09/2017,7911,3.51554494
29/09/2017,7912,3.515595033
29/09/2017,7913,3.515645126
29/09/2017,7914,3.51569522
29/09/2017,7915,3.515745313
29/09/2017,7916,3.515795407
29/09/2017,7917,3.5158455
29/09/2017,7918,3.515895593
29/09/2017,7919,3.515945687
29/09/2017,7920,3.51599578
29/09/2017,7921,3.516045874
29/09/2017,7922,3.516095967
29/09/2017,7923,3.51614606
29/09/2017,7924,3.516196154
29/09/2017,7925,3.516246247
29/09/2017,7926,3.516296341
29/09/2017,7927,3.516346434
29/09/2017,7928,3.516396527
29/09/2017,7929,3.516446621
29/09/2017,7930,3.516496714
29/09/2017,7931,3.516546808
29/09/2017,7932,3.516596901
29/09/2017,7933,3.516646995
29/09/2017,7934,3.516697088
29/09/2017,7935,3.516747181
29/09/2017,7936,3.516797275
29/09/2017,7937,3.516847368
29/09/2017,7938,3.516897462
29/09/2017,7939,3.516947555
29/09/2017,7940,3.516997648
29/09/2017,7941,3.517047742
29/09/2017,7942,3.517097835
29/09/2017,7943,3.517147929
29/09/2017,7944,3.517198022
29/09/2017,7945,3.517248115
29/09/2017,7946,3.517298209
29/09/2017,7947,3.517348302
29/09/2017,7948,3.517398396
29/09/2017,7949,3.517448489
29/09/2017,7950,3.517498582
29/09/2017,7951,3.517548676
29/09/2017,7952,3.517598769
29/09/2017,7953,3.517648863
29/09/2017,7954,3.517698956
29/09/2017,7955,3.517749049
29/09/2017,7956,3.517799143
29/09/2017,7957,3.517849236
29/09/2017,7958,3.51789933
29/09/2017,7959,3.517949423
29/09/2017,7960,3.517999516
29/09/2017,7961,3.51804961
29/09/2017,7962,3.518099703
29/09/2017,7963,3.518149797
29/09/2017,7964,3.51819989
29/09/2017,7965,3.518249984
29/09/2017,7966,3.518300077
29/09/2017,7967,3.51835017
29/09/2017,7968,3.518400264
29/09/2017,7969,3.518450357
29/09/2017,7970,3.518500451
29/09/2017,7971,3.518550544
29/09/2017,7972,3.518600637
29/09/2017,7973,3.518650731
29/09/2017,7974,3.518700824
29/09/2017,7975,3.518750918
29/09/2017,7976,3.518801011
29/09/2017,7977,3.518851104
29/09/2017,7978,3.518901198
29/09/2017,7979,3.518951291
29/09/2017,7980,3.519001385
29/09/2017,7981,3.519051478
29/09/2017,7982,3.519101571
29/09/2017,7983,3.519151665
29/09/2017,7984,3.519201758
29/09/2017,7985,3.519251852
29/09/2017,7986,3.519301945
29/09/2017,7987,3.519352038
29/09/2017,7988,3.519402132
29/09/2017,7989,3.519452225
29/09/2017,7990,3.519502319
29/09/2017,7991,3.519552412
29/09/2017,7992,3.519602505
29/09/2017,7993,3.519652599
29/09/2017,7994,3.519702692
29/09/2017,7995,3.519752786
29/09/2017,7996,3.519802879
29/09/2017,7997,3.519852973
29/09/2017,7998,3.519903066
29/09/2017,7999,3.519953159
29/09/2017,8000,3.520003253
29/09/2017,8001,3.520053346
29/09/2017,8002,3.52010344
29/09/2017,8003,3.520153533
29/09/2017,8004,3.520203626
29/09/2017,8005,3.52025372
29/09/2017,8006,3.520303813
29/09/2017,8007,3.520353907
29/09/2017,8008,3.520404
29/09/2017,8009,3.520453516
29/09/2017,8010,3.520503033
29/09/2017,8011,3.520552549
29/09/2017,8012,3.520602066
29/09/2017,8013,3.520651582
29/09/2017,8014,3.520701099
29/09/2017,8015,3.520750615
29/09/2017,8016,3.520800132
29/09/2017,8017,3.520849648
29/09/2017,8018,3.520899165
29/09/2017,8019,3.520948681
29/09/2017,8020,3.520998198
29/09/2017,8021,3.521047714
29/09/2017,8022,3.521097231
29/09/2017,8023,3.521146747
29/09/2017,8024,3.521196264
29/09/2017,8025,3.52124578
29/09/2017,8026,3.521295297
29/09/2017,8027,3.521344813
29/09/2017,8028,3.52139433
29/09/2017,8029,3.521443846
29/09/2017,8030,3.521493363
29/09/2017,8031,3.521542879
29/09/2017,8032,3.521592396
29/09/2017,8033,3.521641912
29/09/2017,8034,3.521691429
29/09/2017,8035,3.521740945
29/09/2017,8036,3.521790462
29/09/2017,8037,3.521839978
29/09/2017,8038,3.521889495
29/09/2017,8039,3.521939011
29/09/2017,8040,3.521988527
29/09/2017,8041,3.522038044
29/09/2017,8042,3.52208756
29/09/2017,8043,3.522137077
29/09/2017,8044,3.522186593
29/09/2017,8045,3.52223611
29/09/2017,8046,3.522285626
29/09/2017,8047,3.522335143
29/09/2017,8048,3.522384659
29/09/2017,8049,3.522434176
29/09/2017,8050,3.522483692
29/09/2017,8051,3.522533209
29/09/2017,8052,3.522582725
29/09/2017,8053,3.522632242
29/09/2017,8054,3.522681758
29/09/2017,8055,3.522731275
29/09/2017,8056,3.522780791
29/09/2017,8057,3.522830308
29/09/2017,8058,3.522879824
29/09/2017,8059,3.522929341
29/09/2017,8060,3.522978857
29/09/2017,8061,3.523028374
29/09/2017,8062,3.52307789
29/09/2017,8063,3.523127407
29/09/2017,8064,3.523176923
29/09/2017,8065,3.52322644
29/09/2017,8066,3.523275956
29/09/2017,8067,3.523325473
29/09/2017,8068,3.523374989
29/09/2017,8069,3.523424505
29/09/2017,8070,3.523474022
29/09/2017,8071,3.523523538
29/09/2017,8072,3.523573055
29/09/2017,8073,3.523622571
29/09/2017,8074,3.523672088
29/09/2017,8075,3.523721604
29/09/2017,8076,3.523771121
29/09/2017,8077,3.523820637
29/09/2017,8078,3.523870154
29/09/2017,8079,3.52391967
29/09/2017,8080,3.523969187
29/09/2017,8081,3.524018703
29/09/2017,8082,3.52406822
29/09/2017,8083,3.524117736
29/09/2017,8084,3.524167253
29/09/2017,8085,3.524216769
29/09/2017,8086,3.524266286
29/09/2017,8087,3.524315802
29/09/2017,8088,3.524365319
29/09/2017,8089,3.524414835
29/09/2017,8090,3.524464352
29/09/2017,8091,3.524513868
29/09/2017,8092,3.524563385
29/09/2017,8093,3.524612901
29/09/2017,8094,3.524662418
29/09/2017,8095,3.524711934
29/09/2017,8096,3.524761451
29/09/2017,8097,3.524810967
29/09/2017,8098,3.524860484
29/09/2017,8099,3.52491
29/09/2017,8100,3.524959516
29/09/2017,8101,3.525009033
29/09/2017,8102,3.525058549
29/09/2017,8103,3.525108066
29/09/2017,8104,3.525157582
29/09/2017,8105,3.525207099
29/09/2017,8106,3.525256615
29/09/2017,8107,3.525306132
29/09/2017,8108,3.525355648
29/09/2017,8109,3.525405165
29/09/2017,8110,3.525454681
29/09/2017,8111,3.525504198
29/09/2017,8112,3.525553714
29/09/2017,8113,3.525603231
29/09/2017,8114,3.525652747
29/09/2017,8115,3.525702264
29/09/2017,8116,3.52575178
29/09/2017,8117,3.525801297
29/09/2017,8118,3.525850813
29/09/2017,8119,3.52590033
29/09/2017,8120,3.525949846
29/09/2017,8121,3.525999363
29/09/2017,8122,3.526048879
29/09/2017,8123,3.526098396
29/09/2017,8124,3.526147912
29/09/2017,8125,3.526197429
29/09/2017,8126,3.526246945
29/09/2017,8127,3.526296462
29/09/2017,8128,3.526345978
29/09/2017,8129,3.526395495
29/09/2017,8130,3.526445011
29/09/2017,8131,3.526494527
29/09/2017,8132,3.526544044
29/09/2017,8133,3.52659356
29/09/2017,8134,3.526643077
29/09/2017,8135,3.526692593
29/09/2017,8136,3.52674211
29/09/2017,8137,3.526791626
29/09/2017,8138,3.526841143
29/09/2017,8139,3.526890659
29/09/2017,8140,3.526940176
29/09/2017,8141,3.526989692
29/09/2017,8142,3.527039209
29/09/2017,8143,3.527088725
29/09/2017,8144,3.527138242
29/09/2017,8145,3.527187758
29/09/2017,8146,3.527237275
29/09/2017,8147,3.527286791
29/09/2017,8148,3.527336308
29/09/2017,8149,3.527385824
29/09/2017,8150,3.527435341
29/09/2017,8151,3.527484857
29/09/2017,8152,3.527534374
29/09/2017,8153,3.52758389
29/09/2017,8154,3.527633407
29/09/2017,8155,3.527682923
29/09/2017,8156,3.52773244
29/09/2017,8157,3.527781956
29/09/2017,8158,3.527831473
29/09/2017,8159,3.527880989
29/09/2017,8160,3.527930505
29/09/2017,8161,3.527980022
29/09/2017,8162,3.528029538
29/09/2017,8163,3.528079055
29/09/2017,8164,3.528128571
29/09/2017,8165,3.528178088
29/09/2017,8166,3.528227604
29/09/2017,8167,3.528277121
29/09/2017,8168,3.528326637
29/09/2017,8169,3.528376154
29/09/2017,8170,3.52842567
29/09/2017,8171,3.528475187
29/09/2017,8172,3.528524703
29/09/2017,8173,3.52857422
29/09/2017,8174,3.528623736
29/09/2017,8175,3.528673253
29/09/2017,8176,3.528722769
29/09/2017,8177,3.528772286
29/09/2017,8178,3.528821802
29/09/2017,8179,3.528871319
29/09/2017,8180,3.528920835
29/09/2017,8181,3.528970352
29/09/2017,8182,3.529019868
29/09/2017,8183,3.529069385
29/09/2017,8184,3.529118901
29/09/2017,8185,3.529168418
29/09/2017,8186,3.529217934
29/09/2017,8187,3.529267451
29/09/2017,8188,3.529316967
29/09/2017,8189,3.529366484
29/09/2017,8190,3.529416
29/09/2017,8191,3.52946494
29/09/2017,8192,3.529513879
29/09/2017,8193,3.529562819
29/09/2017,8194,3.529611758
29/09/2017,8195,3.529660698
29/09/2017,8196,3.529709637
29/09/2017,8197,3.529758577
29/09/2017,8198,3.529807516
29/09/2017,8199,3.529856456
29/09/2017,8200,3.529905396
29/09/2017,8201,3.529954335
29/09/2017,8202,3.530003275
29/09/2017,8203,3.530052214
29/09/2017,8204,3.530101154
29/09/2017,8205,3.530150093
29/09/2017,8206,3.530199033
29/09/2017,8207,3.530247973
29/09/2017,8208,3.530296912
29/09/2017,8209,3.530345852
29/09/2017,8210,3.530394791
29/09/2017,8211,3.530443731
29/09/2017,8212,3.53049267
29/09/2017,8213,3.53054161
29/09/2017,8214,3.530590549
29/09/2017,8215,3.530639489
29/09/2017,8216,3.530688429
29/09/2017,8217,3.530737368
29/09/2017,8218,3.530786308
29/09/2017,8219,3.530835247
29/09/2017,8220,3.530884187
29/09/2017,8221,3.530933126
29/09/2017,8222,3.530982066
29/09/2017,8223,3.531031005
29/09/2017,8224,3.531079945
29/09/2017,8225,3.531128885
29/09/2017,8226,3.531177824
29/09/2017,8227,3.531226764
29/09/2017,8228,3.531275703
29/09/2017,8229,3.531324643
29/09/2017,8230,3.531373582
29/09/2017,8231,3.531422522
29/09/2017,8232,3.531471462
29/09/2017,8233,3.531520401
29/09/2017,8234,3.531569341
29/09/2017,8235,3.53161828
29/09/2017,8236,3.53166722
29/09/2017,8237,3.531716159
29/09/2017,8238,3.531765099
29/09/2017,8239,3.531814038
29/09/2017,8240,3.531862978
29/09/2017,8241,3.531911918
29/09/2017,8242,3.531960857
29/09/2017,8243,3.532009797
29/09/2017,8244,3.532058736
29/09/2017,8245,3.532107676
29/09/2017,8246,3.532156615
29/09/2017,8247,3.532205555
29/09/2017,8248,3.532254495
29/09/2017,8249,3.532303434
29/09/2017,8250,3.532352374
29/09/2017,8251,3.532401313
29/09/2017,8252,3.532450253
29/09/2017,8253,3.532499192
29/09/2017,8254,3.532548132
29/09/2017,8255,3.532597071
29/09/2017,8256,3.532646011
29/09/2017,8257,3.532694951
29/09/2017,8258,3.53274389
29/09/2017,8259,3.53279283
29/09/2017,8260,3.532841769
29/09/2017,8261,3.532890709
29/09/2017,8262,3.532939648
29/09/2017,8263,3.532988588
29/09/2017,8264,3.533037527
29/09/2017,8265,3.533086467
29/09/2017,8266,3.533135407
29/09/2017,8267,3.533184346
29/09/2017,8268,3.533233286
29/09/2017,8269,3.533282225
29/09/2017,8270,3.533331165
29/09/2017,8271,3.533380104
29/09/2017,8272,3.533429044
29/09/2017,8273,3.533477984
29/09/2017,8274,3.533526923
29/09/2017,8275,3.533575863
29/09/2017,8276,3.533624802
29/09/2017,8277,3.533673742
29/09/2017,8278,3.533722681
29/09/2017,8279,3.533771621
29/09/2017,8280,3.53382056
29/09/2017,8281,3.5338695
29/09/2017,8282,3.53391844
29/09/2017,8283,3.533967379
29/09/2017,8284,3.534016319
29/09/2017,8285,3.534065258
29/09/2017,8286,3.534114198
29/09/2017,8287,3.534163137
29/09/2017,8288,3.534212077
29/09/2017,8289,3.534261016
29/09/2017,8290,3.534309956
29/09/2017,8291,3.534358896
29/09/2017,8292,3.534407835
29/09/2017,8293,3.534456775
29/09/2017,8294,3.534505714
29/09/2017,8295,3.534554654
29/09/2017,8296,3.534603593
29/09/2017,8297,3.534652533
29/09/2017,8298,3.534701473
29/09/2017,8299,3.534750412
29/09/2017,8300,3.534799352
29/09/2017,8301,3.534848291
29/09/2017,8302,3.534897231
29/09/2017,8303,3.53494617
29/09/2017,8304,3.53499511
29/09/2017,8305,3.535044049
29/09/2017,8306,3.535092989
29/09/2017,8307,3.535141929
29/09/2017,8308,3.535190868
29/09/2017,8309,3.535239808
29/09/2017,8310,3.535288747
29/09/2017,8311,3.535337687
29/09/2017,8312,3.535386626
29/09/2017,8313,3.535435566
29/09/2017,8314,3.535484505
29/09/2017,8315,3.535533445
29/09/2017,8316,3.535582385
29/09/2017,8317,3.535631324
29/09/2017,8318,3.535680264
29/09/2017,8319,3.535729203
29/09/2017,8320,3.535778143
29/09/2017,8321,3.535827082
29/09/2017,8322,3.535876022
29/09/2017,8323,3.535924962
29/09/2017,8324,3.535973901
29/09/2017,8325,3.536022841
29/09/2017,8326,3.53607178
29/09/2017,8327,3.53612072
29/09/2017,8328,3.536169659
29/09/2017,8329,3.536218599
29/09/2017,8330,3.536267538
29/09/2017,8331,3.536316478
29/09/2017,8332,3.536365418
29/09/2017,8333,3.536414357
29/09/2017,8334,3.536463297
29/09/2017,8335,3.536512236
29/09/2017,8336,3.536561176
29/09/2017,8337,3.536610115
29/09/2017,8338,3.536659055
29/09/2017,8339,3.536707995
29/09/2017,8340,3.536756934
29/09/2017,8341,3.536805874
29/09/2017,8342,3.536854813
29/09/2017,8343,3.536903753
29/09/2017,8344,3.536952692
29/09/2017,8345,3.537001632
29/09/2017,8346,3.537050571
29/09/2017,8347,3.537099511
29/09/2017,8348,3.537148451
29/09/2017,8349,3.53719739
29/09/2017,8350,3.53724633
29/09/2017,8351,3.537295269
29/09/2017,8352,3.537344209
29/09/2017,8353,3.537393148
29/09/2017,8354,3.537442088
29/09/2017,8355,3.537491027
29/09/2017,8356,3.537539967
29/09/2017,8357,3.537588907
29/09/2017,8358,3.537637846
29/09/2017,8359,3.537686786
29/09/2017,8360,3.537735725
29/09/2017,8361,3.537784665
29/09/2017,8362,3.537833604
29/09/2017,8363,3.537882544
29/09/2017,8364,3.537931484
29/09/2017,8365,3.537980423
29/09/2017,8366,3.538029363
29/09/2017,8367,3.538078302
29/09/2017,8368,3.538127242
29/09/2017,8369,3.538176181
29/09/2017,8370,3.538225121
29/09/2017,8371,3.53827406
29/09/2017,8372,3.538323
29/09/2017,8373,3.538349368
29/09/2017,8374,3.538375736
29/09/2017,8375,3.538402104
29/09/2017,8376,3.538428473
29/09/2017,8377,3.538454841
29/09/2017,8378,3.538481209
29/09/2017,8379,3.538507577
29/09/2017,8380,3.538533945
29/09/2017,8381,3.538560313
29/09/2017,8382,3.538586681
29/09/2017,8383,3.538613049
29/09/2017,8384,3.538639418
29/09/2017,8385,3.538665786
29/09/2017,8386,3.538692154
29/09/2017,8387,3.538718522
29/09/2017,8388,3.53874489
29/09/2017,8389,3.538771258
29/09/2017,8390,3.538797626
29/09/2017,8391,3.538823995
29/09/2017,8392,3.538850363
29/09/2017,8393,3.538876731
29/09/2017,8394,3.538903099
29/09/2017,8395,3.538929467
29/09/2017,8396,3.538955835
29/09/2017,8397,3.538982203
29/09/2017,8398,3.539008571
29/09/2017,8399,3.53903494
29/09/2017,8400,3.539061308
29/09/2017,8401,3.539087676
29/09/2017,8402,3.539114044
29/09/2017,8403,3.539140412
29/09/2017,8404,3.53916678
29/09/2017,8405,3.539193148
29/09/2017,8406,3.539219516
29/09/2017,8407,3.539245885
29/09/2017,8408,3.539272253
29/09/2017,8409,3.539298621
29/09/2017,8410,3.539324989
29/09/2017,8411,3.539351357
29/09/2017,8412,3.539377725
29/09/2017,8413,3.539404093
29/09/2017,8414,3.539430462
29/09/2017,8415,3.53945683
29/09/2017,8416,3.539483198
29/09/2017,8417,3.539509566
29/09/2017,8418,3.539535934
29/09/2017,8419,3.539562302
29/09/2017,8420,3.53958867
29/09/2017,8421,3.539615038
29/09/2017,8422,3.539641407
29/09/2017,8423,3.539667775
29/09/2017,8424,3.539694143
29/09/2017,8425,3.539720511
29/09/2017,8426,3.539746879
29/09/2017,8427,3.539773247
29/09/2017,8428,3.539799615
29/09/2017,8429,3.539825984
29/09/2017,8430,3.539852352
29/09/2017,8431,3.53987872
29/09/2017,8432,3.539905088
29/09/2017,8433,3.539931456
29/09/2017,8434,3.539957824
29/09/2017,8435,3.539984192
29/09/2017,8436,3.54001056
29/09/2017,8437,3.540036929
29/09/2017,8438,3.540063297
29/09/2017,8439,3.540089665
29/09/2017,8440,3.540116033
29/09/2017,8441,3.540142401
29/09/2017,8442,3.540168769
29/09/2017,8443,3.540195137
29/09/2017,8444,3.540221505
29/09/2017,8445,3.540247874
29/09/2017,8446,3.540274242
29/09/2017,8447,3.54030061
29/09/2017,8448,3.540326978
29/09/2017,8449,3.540353346
29/09/2017,8450,3.540379714
29/09/2017,8451,3.540406082
29/09/2017,8452,3.540432451
29/09/2017,8453,3.540458819
29/09/2017,8454,3.540485187
29/09/2017,8455,3.540511555
29/09/2017,8456,3.540537923
29/09/2017,8457,3.540564291
29/09/2017,8458,3.540590659
29/09/2017,8459,3.540617027
29/09/2017,8460,3.540643396
29/09/2017,8461,3.540669764
29/09/2017,8462,3.540696132
29/09/2017,8463,3.5407225
29/09/2017,8464,3.540748868
29/09/2017,8465,3.540775236
29/09/2017,8466,3.540801604
29/09/2017,8467,3.540827973
29/09/2017,8468,3.540854341
29/09/2017,8469,3.540880709
29/09/2017,8470,3.540907077
29/09/2017,8471,3.540933445
29/09/2017,8472,3.540959813
29/09/2017,8473,3.540986181
29/09/2017,8474,3.541012549
29/09/2017,8475,3.541038918
29/09/2017,8476,3.541065286
29/09/2017,8477,3.541091654
29/09/2017,8478,3.541118022
29/09/2017,8479,3.54114439
29/09/2017,8480,3.541170758
29/09/2017,8481,3.541197126
29/09/2017,8482,3.541223495
29/09/2017,8483,3.541249863
29/09/2017,8484,3.541276231
29/09/2017,8485,3.541302599
29/09/2017,8486,3.541328967
29/09/2017,8487,3.541355335
29/09/2017,8488,3.541381703
29/09/2017,8489,3.541408071
29/09/2017,8490,3.54143444
29/09/2017,8491,3.541460808
29/09/2017,8492,3.541487176
29/09/2017,8493,3.541513544
29/09/2017,8494,3.541539912
29/09/2017,8495,3.54156628
29/09/2017,8496,3.541592648
29/09/2017,8497,3.541619016
29/09/2017,8498,3.541645385
29/09/2017,8499,3.541671753
29/09/2017,8500,3.541698121
29/09/2017,8501,3.541724489
29/09/2017,8502,3.541750857
29/09/2017,8503,3.541777225
29/09/2017,8504,3.541803593
29/09/2017,8505,3.541829962
29/09/2017,8506,3.54185633
29/09/2017,8507,3.541882698
29/09/2017,8508,3.541909066
29/09/2017,8509,3.541935434
29/09/2017,8510,3.541961802
29/09/2017,8511,3.54198817
29/09/2017,8512,3.542014538
29/09/2017,8513,3.542040907
29/09/2017,8514,3.542067275
29/09/2017,8515,3.542093643
29/09/2017,8516,3.542120011
29/09/2017,8517,3.542146379
29/09/2017,8518,3.542172747
29/09/2017,8519,3.542199115
29/09/2017,8520,3.542225484
29/09/2017,8521,3.542251852
29/09/2017,8522,3.54227822
29/09/2017,8523,3.542304588
29/09/2017,8524,3.542330956
29/09/2017,8525,3.542357324
29/09/2017,8526,3.542383692
29/09/2017,8527,3.54241006
29/09/2017,8528,3.542436429
29/09/2017,8529,3.542462797
29/09/2017,8530,3.542489165
29/09/2017,8531,3.542515533
29/09/2017,8532,3.542541901
29/09/2017,8533,3.542568269
29/09/2017,8534,3.542594637
29/09/2017,8535,3.542621005
29/09/2017,8536,3.542647374
29/09/2017,8537,3.542673742
29/09/2017,8538,3.54270011
29/09/2017,8539,3.542726478
29/09/2017,8540,3.542752846
29/09/2017,8541,3.542779214
29/09/2017,8542,3.542805582
29/09/2017,8543,3.542831951
29/09/2017,8544,3.542858319
29/09/2017,8545,3.542884687
29/09/2017,8546,3.542911055
29/09/2017,8547,3.542937423
29/09/2017,8548,3.542963791
29/09/2017,8549,3.542990159
29/09/2017,8550,3.543016527
29/09/2017,8551,3.543042896
29/09/2017,8552,3.543069264
29/09/2017,8553,3.543095632
29/09/2017,8554,3.543122
29/09/2017,8555,3.543132286
29/09/2017,8556,3.543142571
29/09/2017,8557,3.543152857
29/09/2017,8558,3.543163143
29/09/2017,8559,3.543173429
29/09/2017,8560,3.543183714
29/09/2017,8561,3.543194
29/09/2017,8562,3.543204286
29/09/2017,8563,3.543214571
29/09/2017,8564,3.543224857
29/09/2017,8565,3.543235143
29/09/2017,8566,3.543245429
29/09/2017,8567,3.543255714
29/09/2017,8568,3.543266
29/09/2017,8569,3.543276286
29/09/2017,8570,3.543286571
29/09/2017,8571,3.543296857
29/09/2017,8572,3.543307143
29/09/2017,8573,3.543317429
29/09/2017,8574,3.543327714
29/09/2017,8575,3.543338
29/09/2017,8576,3.543348286
29/09/2017,8577,3.543358571
29/09/2017,8578,3.543368857
29/09/2017,8579,3.543379143
29/09/2017,8580,3.543389429
29/09/2017,8581,3.543399714
29/09/2017,8582,3.54341
29/09/2017,8583,3.543420286
29/09/2017,8584,3.543430571
29/09/2017,8585,3.543440857
29/09/2017,8586,3.543451143
29/09/2017,8587,3.543461429
29/09/2017,8588,3.543471714
29/09/2017,8589,3.543482
29/09/2017,8590,3.543492286
29/09/2017,8591,3.543502571
29/09/2017,8592,3.543512857
29/09/2017,8593,3.543523143
29/09/2017,8594,3.543533429
29/09/2017,8595,3.543543714
29/09/2017,8596,3.543554
29/09/2017,8597,3.543564286
29/09/2017,8598,3.543574571
29/09/2017,8599,3.543584857
29/09/2017,8600,3.543595143
29/09/2017,8601,3.543605429
29/09/2017,8602,3.543615714
29/09/2017,8603,3.543626
29/09/2017,8604,3.543636286
29/09/2017,8605,3.543646571
29/09/2017,8606,3.543656857
29/09/2017,8607,3.543667143
29/09/2017,8608,3.543677429
29/09/2017,8609,3.543687714
29/09/2017,8610,3.543698
29/09/2017,8611,3.543708286
29/09/2017,8612,3.543718571
29/09/2017,8613,3.543728857
29/09/2017,8614,3.543739143
29/09/2017,8615,3.543749429
29/09/2017,8616,3.543759714
29/09/2017,8617,3.54377
29/09/2017,8618,3.543780286
29/09/2017,8619,3.543790571
29/09/2017,8620,3.543800857
29/09/2017,8621,3.543811143
29/09/2017,8622,3.543821429
29/09/2017,8623,3.543831714
29/09/2017,8624,3.543842
29/09/2017,8625,3.543852286
29/09/2017,8626,3.543862571
29/09/2017,8627,3.543872857
29/09/2017,8628,3.543883143
29/09/2017,8629,3.543893429
29/09/2017,8630,3.543903714
29/09/2017,8631,3.543914
29/09/2017,8632,3.543924286
29/09/2017,8633,3.543934571
29/09/2017,8634,3.543944857
29/09/2017,8635,3.543955143
29/09/2017,8636,3.543965429
29/09/2017,8637,3.543975714
29/09/2017,8638,3.543986
29/09/2017,8639,3.543996286
29/09/2017,8640,3.544006571
29/09/2017,8641,3.544016857
29/09/2017,8642,3.544027143
29/09/2017,8643,3.544037429
29/09/2017,8644,3.544047714
29/09/2017,8645,3.544058
29/09/2017,8646,3.544068286
29/09/2017,8647,3.544078571
29/09/2017,8648,3.544088857
29/09/2017,8649,3.544099143
29/09/2017,8650,3.544109429
29/09/2017,8651,3.544119714
29/09/2017,8652,3.54413
29/09/2017,8653,3.544140286
29/09/2017,8654,3.544150571
29/09/2017,8655,3.544160857
29/09/2017,8656,3.544171143
29/09/2017,8657,3.544181429
29/09/2017,8658,3.544191714
29/09/2017,8659,3.544202
29/09/2017,8660,3.544212286
29/09/2017,8661,3.544222571
29/09/2017,8662,3.544232857
29/09/2017,8663,3.544243143
29/09/2017,8664,3.544253429
29/09/2017,8665,3.544263714
29/09/2017,8666,3.544274
29/09/2017,8667,3.544284286
29/09/2017,8668,3.544294571
29/09/2017,8669,3.544304857
29/09/2017,8670,3.544315143
29/09/2017,8671,3.544325429
29/09/2017,8672,3.544335714
29/09/2017,8673,3.544346
29/09/2017,8674,3.544356286
29/09/2017,8675,3.544366571
29/09/2017,8676,3.544376857
29/09/2017,8677,3.544387143
29/09/2017,8678,3.544397429
29/09/2017,8679,3.544407714
29/09/2017,8680,3.544418
29/09/2017,8681,3.544428286
29/09/2017,8682,3.544438571
29/09/2017,8683,3.544448857
29/09/2017,8684,3.544459143
29/09/2017,8685,3.544469429
29/09/2017,8686,3.544479714
29/09/2017,8687,3.54449
29/09/2017,8688,3.544500286
29/09/2017,8689,3.544510571
29/09/2017,8690,3.544520857
29/09/2017,8691,3.544531143
29/09/2017,8692,3.544541429
29/09/2017,8693,3.544551714
29/09/2017,8694,3.544562
29/09/2017,8695,3.544572286
29/09/2017,8696,3.544582571
29/09/2017,8697,3.544592857
29/09/2017,8698,3.544603143
29/09/2017,8699,3.544613429
29/09/2017,8700,3.544623714
29/09/2017,8701,3.544634
29/09/2017,8702,3.544644286
29/09/2017,8703,3.544654571
29/09/2017,8704,3.544664857
29/09/2017,8705,3.544675143
29/09/2017,8706,3.544685429
29/09/2017,8707,3.544695714
29/09/2017,8708,3.544706
29/09/2017,8709,3.544716286
29/09/2017,8710,3.544726571
29/09/2017,8711,3.544736857
29/09/2017,8712,3.544747143
29/09/2017,8713,3.544757429
29/09/2017,8714,3.544767714
29/09/2017,8715,3.544778
29/09/2017,8716,3.544788286
29/09/2017,8717,3.544798571
29/09/2017,8718,3.544808857
29/09/2017,8719,3.544819143
29/09/2017,8720,3.544829429
29/09/2017,8721,3.544839714
29/09/2017,8722,3.54485
29/09/2017,8723,3.544860286
29/09/2017,8724,3.544870571
29/09/2017,8725,3.544880857
29/09/2017,8726,3.544891143
29/09/2017,8727,3.544901429
29/09/2017,8728,3.544911714
29/09/2017,8729,3.544922
29/09/2017,8730,3.544932286
29/09/2017,8731,3.544942571
29/09/2017,8732,3.544952857
29/09/2017,8733,3.544963143
29/09/2017,8734,3.544973429
29/09/2017,8735,3.544983714
29/09/2017,8736,3.544994
29/09/2017,8737,3.545003901
29/09/2017,8738,3.545013802
29/09/2017,8739,3.545023703
29/09/2017,8740,3.545033604
29/09/2017,8741,3.545043505
29/09/2017,8742,3.545053407
29/09/2017,8743,3.545063308
29/09/2017,8744,3.545073209
29/09/2017,8745,3.54508311
29/09/2017,8746,3.545093011
29/09/2017,8747,3.545102912
29/09/2017,8748,3.545112813
29/09/2017,8749,3.545122714
29/09/2017,8750,3.545132615
29/09/2017,8751,3.545142516
29/09/2017,8752,3.545152418
29/09/2017,8753,3.545162319
29/09/2017,8754,3.54517222
29/09/2017,8755,3.545182121
29/09/2017,8756,3.545192022
29/09/2017,8757,3.545201923
29/09/2017,8758,3.545211824
29/09/2017,8759,3.545221725
29/09/2017,8760,3.545231626
29/09/2017,8761,3.545241527
29/09/2017,8762,3.545251429
29/09/2017,8763,3.54526133
29/09/2017,8764,3.545271231
29/09/2017,8765,3.545281132
29/09/2017,8766,3.545291033
29/09/2017,8767,3.545300934
29/09/2017,8768,3.545310835
29/09/2017,8769,3.545320736
29/09/2017,8770,3.545330637
29/09/2017,8771,3.545340538
29/09/2017,8772,3.54535044
29/09/2017,8773,3.545360341
29/09/2017,8774,3.545370242
29/09/2017,8775,3.545380143
29/09/2017,8776,3.545390044
29/09/2017,8777,3.545399945
29/09/2017,8778,3.545409846
29/09/2017,8779,3.545419747
29/09/2017,8780,3.545429648
29/09/2017,8781,3.545439549
29/09/2017,8782,3.545449451
29/09/2017,8783,3.545459352
29/09/2017,8784,3.545469253
29/09/2017,8785,3.545479154
29/09/2017,8786,3.545489055
29/09/2017,8787,3.545498956
29/09/2017,8788,3.545508857
29/09/2017,8789,3.545518758
29/09/2017,8790,3.545528659
29/09/2017,8791,3.54553856
29/09/2017,8792,3.545548462
29/09/2017,8793,3.545558363
29/09/2017,8794,3.545568264
29/09/2017,8795,3.545578165
29/09/2017,8796,3.545588066
29/09/2017,8797,3.545597967
29/09/2017,8798,3.545607868
29/09/2017,8799,3.545617769
29/09/2017,8800,3.54562767
29/09/2017,8801,3.545637571
29/09/2017,8802,3.545647473
29/09/2017,8803,3.545657374
29/09/2017,8804,3.545667275
29/09/2017,8805,3.545677176
29/09/2017,8806,3.545687077
29/09/2017,8807,3.545696978
29/09/2017,8808,3.545706879
29/09/2017,8809,3.54571678
29/09/2017,8810,3.545726681
29/09/2017,8811,3.545736582
29/09/2017,8812,3.545746484
29/09/2017,8813,3.545756385
29/09/2017,8814,3.545766286
29/09/2017,8815,3.545776187
29/09/2017,8816,3.545786088
29/09/2017,8817,3.545795989
29/09/2017,8818,3.54580589
29/09/2017,8819,3.545815791
29/09/2017,8820,3.545825692
29/09/2017,8821,3.545835593
29/09/2017,8822,3.545845495
29/09/2017,8823,3.545855396
29/09/2017,8824,3.545865297
29/09/2017,8825,3.545875198
29/09/2017,8826,3.545885099
29/09/2017,8827,3.545895
29/09/2017,8828,3.545904901
29/09/2017,8829,3.545914802
29/09/2017,8830,3.545924703
29/09/2017,8831,3.545934604
29/09/2017,8832,3.545944505
29/09/2017,8833,3.545954407
29/09/2017,8834,3.545964308
29/09/2017,8835,3.545974209
29/09/2017,8836,3.54598411
29/09/2017,8837,3.545994011
29/09/2017,8838,3.546003912
29/09/2017,8839,3.546013813
29/09/2017,8840,3.546023714
29/09/2017,8841,3.546033615
29/09/2017,8842,3.546043516
29/09/2017,8843,3.546053418
29/09/2017,8844,3.546063319
29/09/2017,8845,3.54607322
29/09/2017,8846,3.546083121
29/09/2017,8847,3.546093022
29/09/2017,8848,3.546102923
29/09/2017,8849,3.546112824
29/09/2017,8850,3.546122725
29/09/2017,8851,3.546132626
29/09/2017,8852,3.546142527
29/09/2017,8853,3.546152429
29/09/2017,8854,3.54616233
29/09/2017,8855,3.546172231
29/09/2017,8856,3.546182132
29/09/2017,8857,3.546192033
29/09/2017,8858,3.546201934
29/09/2017,8859,3.546211835
29/09/2017,8860,3.546221736
29/09/2017,8861,3.546231637
29/09/2017,8862,3.546241538
29/09/2017,8863,3.54625144
29/09/2017,8864,3.546261341
29/09/2017,8865,3.546271242
29/09/2017,8866,3.546281143
29/09/2017,8867,3.546291044
29/09/2017,8868,3.546300945
29/09/2017,8869,3.546310846
29/09/2017,8870,3.546320747
29/09/2017,8871,3.546330648
29/09/2017,8872,3.546340549
29/09/2017,8873,3.546350451
29/09/2017,8874,3.546360352
29/09/2017,8875,3.546370253
29/09/2017,8876,3.546380154
29/09/2017,8877,3.546390055
29/09/2017,8878,3.546399956
29/09/2017,8879,3.546409857
29/09/2017,8880,3.546419758
29/09/2017,8881,3.546429659
29/09/2017,8882,3.54643956
29/09/2017,8883,3.546449462
29/09/2017,8884,3.546459363
29/09/2017,8885,3.546469264
29/09/2017,8886,3.546479165
29/09/2017,8887,3.546489066
29/09/2017,8888,3.546498967
29/09/2017,8889,3.546508868
29/09/2017,8890,3.546518769
29/09/2017,8891,3.54652867
29/09/2017,8892,3.546538571
29/09/2017,8893,3.546548473
29/09/2017,8894,3.546558374
29/09/2017,8895,3.546568275
29/09/2017,8896,3.546578176
29/09/2017,8897,3.546588077
29/09/2017,8898,3.546597978
29/09/2017,8899,3.546607879
29/09/2017,8900,3.54661778
29/09/2017,8901,3.546627681
29/09/2017,8902,3.546637582
29/09/2017,8903,3.546647484
29/09/2017,8904,3.546657385
29/09/2017,8905,3.546667286
29/09/2017,8906,3.546677187
29/09/2017,8907,3.546687088
29/09/2017,8908,3.546696989
29/09/2017,8909,3.54670689
29/09/2017,8910,3.546716791
29/09/2017,8911,3.546726692
29/09/2017,8912,3.546736593
29/09/2017,8913,3.546746495
29/09/2017,8914,3.546756396
29/09/2017,8915,3.546766297
29/09/2017,8916,3.546776198
29/09/2017,8917,3.546786099
29/09/2017,8918,3.546796
29/09/2017,8919,3.546805544
29/09/2017,8920,3.546815088
29/09/2017,8921,3.546824632
29/09/2017,8922,3.546834176
29/09/2017,8923,3.54684372
29/09/2017,8924,3.546853264
29/09/2017,8925,3.546862808
29/09/2017,8926,3.546872352
29/09/2017,8927,3.546881896
29/09/2017,8928,3.54689144
29/09/2017,8929,3.546900984
29/09/2017,8930,3.546910527
29/09/2017,8931,3.546920071
29/09/2017,8932,3.546929615
29/09/2017,8933,3.546939159
29/09/2017,8934,3.546948703
29/09/2017,8935,3.546958247
29/09/2017,8936,3.546967791
29/09/2017,8937,3.546977335
29/09/2017,8938,3.546986879
29/09/2017,8939,3.546996423
29/09/2017,8940,3.547005967
29/09/2017,8941,3.547015511
29/09/2017,8942,3.547025055
29/09/2017,8943,3.547034599
29/09/2017,8944,3.547044143
29/09/2017,8945,3.547053687
29/09/2017,8946,3.547063231
29/09/2017,8947,3.547072775
29/09/2017,8948,3.547082319
29/09/2017,8949,3.547091863
29/09/2017,8950,3.547101407
29/09/2017,8951,3.547110951
29/09/2017,8952,3.547120495
29/09/2017,8953,3.547130038
29/09/2017,8954,3.547139582
29/09/2017,8955,3.547149126
29/09/2017,8956,3.54715867
29/09/2017,8957,3.547168214
29/09/2017,8958,3.547177758
29/09/2017,8959,3.547187302
29/09/2017,8960,3.547196846
29/09/2017,8961,3.54720639
29/09/2017,8962,3.547215934
29/09/2017,8963,3.547225478
29/09/2017,8964,3.547235022
29/09/2017,8965,3.547244566
29/09/2017,8966,3.54725411
29/09/2017,8967,3.547263654
29/09/2017,8968,3.547273198
29/09/2017,8969,3.547282742
29/09/2017,8970,3.547292286
29/09/2017,8971,3.54730183
29/09/2017,8972,3.547311374
29/09/2017,8973,3.547320918
29/09/2017,8974,3.547330462
29/09/2017,8975,3.547340005
29/09/2017,8976,3.547349549
29/09/2017,8977,3.547359093
29/09/2017,8978,3.547368637
29/09/2017,8979,3.547378181
29/09/2017,8980,3.547387725
29/09/2017,8981,3.547397269
29/09/2017,8982,3.547406813
29/09/2017,8983,3.547416357
29/09/2017,8984,3.547425901
29/09/2017,8985,3.547435445
29/09/2017,8986,3.547444989
29/09/2017,8987,3.547454533
29/09/2017,8988,3.547464077
29/09/2017,8989,3.547473621
29/09/2017,8990,3.547483165
29/09/2017,8991,3.547492709
29/09/2017,8992,3.547502253
29/09/2017,8993,3.547511797
29/09/2017,8994,3.547521341
29/09/2017,8995,3.547530885
29/09/2017,8996,3.547540429
29/09/2017,8997,3.547549973
29/09/2017,8998,3.547559516
29/09/2017,8999,3.54756906
29/09/2017,9000,3.547578604
29/09/2017,9001,3.547588148
29/09/2017,9002,3.547597692
29/09/2017,9003,3.547607236
29/09/2017,9004,3.54761678
29/09/2017,9005,3.547626324
29/09/2017,9006,3.547635868
29/09/2017,9007,3.547645412
29/09/2017,9008,3.547654956
29/09/2017,9009,3.5476645
29/09/2017,9010,3.547674044
29/09/2017,9011,3.547683588
29/09/2017,9012,3.547693132
29/09/2017,9013,3.547702676
29/09/2017,9014,3.54771222
29/09/2017,9015,3.547721764
29/09/2017,9016,3.547731308
29/09/2017,9017,3.547740852
29/09/2017,9018,3.547750396
29/09/2017,9019,3.54775994
29/09/2017,9020,3.547769484
29/09/2017,9021,3.547779027
29/09/2017,9022,3.547788571
29/09/2017,9023,3.547798115
29/09/2017,9024,3.547807659
29/09/2017,9025,3.547817203
29/09/2017,9026,3.547826747
29/09/2017,9027,3.547836291
29/09/2017,9028,3.547845835
29/09/2017,9029,3.547855379
29/09/2017,9030,3.547864923
29/09/2017,9031,3.547874467
29/09/2017,9032,3.547884011
29/09/2017,9033,3.547893555
29/09/2017,9034,3.547903099
29/09/2017,9035,3.547912643
29/09/2017,9036,3.547922187
29/09/2017,9037,3.547931731
29/09/2017,9038,3.547941275
29/09/2017,9039,3.547950819
29/09/2017,9040,3.547960363
29/09/2017,9041,3.547969907
29/09/2017,9042,3.547979451
29/09/2017,9043,3.547988995
29/09/2017,9044,3.547998538
29/09/2017,9045,3.548008082
29/09/2017,9046,3.548017626
29/09/2017,9047,3.54802717
29/09/2017,9048,3.548036714
29/09/2017,9049,3.548046258
29/09/2017,9050,3.548055802
29/09/2017,9051,3.548065346
29/09/2017,9052,3.54807489
29/09/2017,9053,3.548084434
29/09/2017,9054,3.548093978
29/09/2017,9055,3.548103522
29/09/2017,9056,3.548113066
29/09/2017,9057,3.54812261
29/09/2017,9058,3.548132154
29/09/2017,9059,3.548141698
29/09/2017,9060,3.548151242
29/09/2017,9061,3.548160786
29/09/2017,9062,3.54817033
29/09/2017,9063,3.548179874
29/09/2017,9064,3.548189418
29/09/2017,9065,3.548198962
29/09/2017,9066,3.548208505
29/09/2017,9067,3.548218049
29/09/2017,9068,3.548227593
29/09/2017,9069,3.548237137
29/09/2017,9070,3.548246681
29/09/2017,9071,3.548256225
29/09/2017,9072,3.548265769
29/09/2017,9073,3.548275313
29/09/2017,9074,3.548284857
29/09/2017,9075,3.548294401
29/09/2017,9076,3.548303945
29/09/2017,9077,3.548313489
29/09/2017,9078,3.548323033
29/09/2017,9079,3.548332577
29/09/2017,9080,3.548342121
29/09/2017,9081,3.548351665
29/09/2017,9082,3.548361209
29/09/2017,9083,3.548370753
29/09/2017,9084,3.548380297
29/09/2017,9085,3.548389841
29/09/2017,9086,3.548399385
29/09/2017,9087,3.548408929
29/09/2017,9088,3.548418473
29/09/2017,9089,3.548428016
29/09/2017,9090,3.54843756
29/09/2017,9091,3.548447104
29/09/2017,9092,3.548456648
29/09/2017,9093,3.548466192
29/09/2017,9094,3.548475736
29/09/2017,9095,3.54848528
29/09/2017,9096,3.548494824
29/09/2017,9097,3.548504368
29/09/2017,9098,3.548513912
29/09/2017,9099,3.548523456
29/09/2017,9100,3.548533
29/09/2017,9101,3.548542198
29/09/2017,9102,3.548551396
29/09/2017,9103,3.548560593
29/09/2017,9104,3.548569791
29/09/2017,9105,3.548578989
29/09/2017,9106,3.548588187
29/09/2017,9107,3.548597385
29/09/2017,9108,3.548606582
29/09/2017,9109,3.54861578
29/09/2017,9110,3.548624978
29/09/2017,9111,3.548634176
29/09/2017,9112,3.548643374
29/09/2017,9113,3.548652571
29/09/2017,9114,3.548661769
29/09/2017,9115,3.548670967
29/09/2017,9116,3.548680165
29/09/2017,9117,3.548689363
29/09/2017,9118,3.54869856
29/09/2017,9119,3.548707758
29/09/2017,9120,3.548716956
29/09/2017,9121,3.548726154
29/09/2017,9122,3.548735352
29/09/2017,9123,3.548744549
29/09/2017,9124,3.548753747
29/09/2017,9125,3.548762945
29/09/2017,9126,3.548772143
29/09/2017,9127,3.548781341
29/09/2017,9128,3.548790538
29/09/2017,9129,3.548799736
29/09/2017,9130,3.548808934
29/09/2017,9131,3.548818132
29/09/2017,9132,3.54882733
29/09/2017,9133,3.548836527
29/09/2017,9134,3.548845725
29/09/2017,9135,3.548854923
29/09/2017,9136,3.548864121
29/09/2017,9137,3.548873319
29/09/2017,9138,3.548882516
29/09/2017,9139,3.548891714
29/09/2017,9140,3.548900912
29/09/2017,9141,3.54891011
29/09/2017,9142,3.548919308
29/09/2017,9143,3.548928505
29/09/2017,9144,3.548937703
29/09/2017,9145,3.548946901
29/09/2017,9146,3.548956099
29/09/2017,9147,3.548965297
29/09/2017,9148,3.548974495
29/09/2017,9149,3.548983692
29/09/2017,9150,3.54899289
29/09/2017,9151,3.549002088
29/09/2017,9152,3.549011286
29/09/2017,9153,3.549020484
29/09/2017,9154,3.549029681
29/09/2017,9155,3.549038879
29/09/2017,9156,3.549048077
29/09/2017,9157,3.549057275
29/09/2017,9158,3.549066473
29/09/2017,9159,3.54907567
29/09/2017,9160,3.549084868
29/09/2017,9161,3.549094066
29/09/2017,9162,3.549103264
29/09/2017,9163,3.549112462
29/09/2017,9164,3.549121659
29/09/2017,9165,3.549130857
29/09/2017,9166,3.549140055
29/09/2017,9167,3.549149253
29/09/2017,9168,3.549158451
29/09/2017,9169,3.549167648
29/09/2017,9170,3.549176846
29/09/2017,9171,3.549186044
29/09/2017,9172,3.549195242
29/09/2017,9173,3.54920444
29/09/2017,9174,3.549213637
29/09/2017,9175,3.549222835
29/09/2017,9176,3.549232033
29/09/2017,9177,3.549241231
29/09/2017,9178,3.549250429
29/09/2017,9179,3.549259626
29/09/2017,9180,3.549268824
29/09/2017,9181,3.549278022
29/09/2017,9182,3.54928722
29/09/2017,9183,3.549296418
29/09/2017,9184,3.549305615
29/09/2017,9185,3.549314813
29/09/2017,9186,3.549324011
29/09/2017,9187,3.549333209
29/09/2017,9188,3.549342407
29/09/2017,9189,3.549351604
29/09/2017,9190,3.549360802
29/09/2017,9191,3.54937
29/09/2017,9192,3.549379198
29/09/2017,9193,3.549388396
29/09/2017,9194,3.549397593
29/09/2017,9195,3.549406791
29/09/2017,9196,3.549415989
29/09/2017,9197,3.549425187
29/09/2017,9198,3.549434385
29/09/2017,9199,3.549443582
29/09/2017,9200,3.54945278
29/09/2017,9201,3.549461978
29/09/2017,9202,3.549471176
29/09/2017,9203,3.549480374
29/09/2017,9204,3.549489571
29/09/2017,9205,3.549498769
29/09/2017,9206,3.549507967
29/09/2017,9207,3.549517165
29/09/2017,9208,3.549526363
29/09/2017,9209,3.54953556
29/09/2017,9210,3.549544758
29/09/2017,9211,3.549553956
29/09/2017,9212,3.549563154
29/09/2017,9213,3.549572352
29/09/2017,9214,3.549581549
29/09/2017,9215,3.549590747
29/09/2017,9216,3.549599945
29/09/2017,9217,3.549609143
29/09/2017,9218,3.549618341
29/09/2017,9219,3.549627538
29/09/2017,9220,3.549636736
29/09/2017,9221,3.549645934
29/09/2017,9222,3.549655132
29/09/2017,9223,3.54966433
29/09/2017,9224,3.549673527
29/09/2017,9225,3.549682725
29/09/2017,9226,3.549691923
29/09/2017,9227,3.549701121
29/09/2017,9228,3.549710319
29/09/2017,9229,3.549719516
29/09/2017,9230,3.549728714
29/09/2017,9231,3.549737912
29/09/2017,9232,3.54974711
29/09/2017,9233,3.549756308
29/09/2017,9234,3.549765505
29/09/2017,9235,3.549774703
29/09/2017,9236,3.549783901
29/09/2017,9237,3.549793099
29/09/2017,9238,3.549802297
29/09/2017,9239,3.549811495
29/09/2017,9240,3.549820692
29/09/2017,9241,3.54982989
29/09/2017,9242,3.549839088
29/09/2017,9243,3.549848286
29/09/2017,9244,3.549857484
29/09/2017,9245,3.549866681
29/09/2017,9246,3.549875879
29/09/2017,9247,3.549885077
29/09/2017,9248,3.549894275
29/09/2017,9249,3.549903473
29/09/2017,9250,3.54991267
29/09/2017,9251,3.549921868
29/09/2017,9252,3.549931066
29/09/2017,9253,3.549940264
29/09/2017,9254,3.549949462
29/09/2017,9255,3.549958659
29/09/2017,9256,3.549967857
29/09/2017,9257,3.549977055
29/09/2017,9258,3.549986253
29/09/2017,9259,3.549995451
29/09/2017,9260,3.550004648
29/09/2017,9261,3.550013846
29/09/2017,9262,3.550023044
29/09/2017,9263,3.550032242
29/09/2017,9264,3.55004144
29/09/2017,9265,3.550050637
29/09/2017,9266,3.550059835
29/09/2017,9267,3.550069033
29/09/2017,9268,3.550078231
29/09/2017,9269,3.550087429
29/09/2017,9270,3.550096626
29/09/2017,9271,3.550105824
29/09/2017,9272,3.550115022
29/09/2017,9273,3.55012422
29/09/2017,9274,3.550133418
29/09/2017,9275,3.550142615
29/09/2017,9276,3.550151813
29/09/2017,9277,3.550161011
29/09/2017,9278,3.550170209
29/09/2017,9279,3.550179407
29/09/2017,9280,3.550188604
29/09/2017,9281,3.550197802
29/09/2017,9282,3.550207
29/09/2017,9283,3.550215885
29/09/2017,9284,3.550224769
29/09/2017,9285,3.550233654
29/09/2017,9286,3.550242538
29/09/2017,9287,3.550251423
29/09/2017,9288,3.550260308
29/09/2017,9289,3.550269192
29/09/2017,9290,3.550278077
29/09/2017,9291,3.550286962
29/09/2017,9292,3.550295846
29/09/2017,9293,3.550304731
29/09/2017,9294,3.550313615
29/09/2017,9295,3.5503225
29/09/2017,9296,3.550331385
29/09/2017,9297,3.550340269
29/09/2017,9298,3.550349154
29/09/2017,9299,3.550358038
29/09/2017,9300,3.550366923
29/09/2017,9301,3.550375808
29/09/2017,9302,3.550384692
29/09/2017,9303,3.550393577
29/09/2017,9304,3.550402462
29/09/2017,9305,3.550411346
29/09/2017,9306,3.550420231
29/09/2017,9307,3.550429115
29/09/2017,9308,3.550438
29/09/2017,9309,3.550446885
29/09/2017,9310,3.550455769
29/09/2017,9311,3.550464654
29/09/2017,9312,3.550473538
29/09/2017,9313,3.550482423
29/09/2017,9314,3.550491308
29/09/2017,9315,3.550500192
29/09/2017,9316,3.550509077
29/09/2017,9317,3.550517962
29/09/2017,9318,3.550526846
29/09/2017,9319,3.550535731
29/09/2017,9320,3.550544615
29/09/2017,9321,3.5505535
29/09/2017,9322,3.550562385
29/09/2017,9323,3.550571269
29/09/2017,9324,3.550580154
29/09/2017,9325,3.550589038
29/09/2017,9326,3.550597923
29/09/2017,9327,3.550606808
29/09/2017,9328,3.550615692
29/09/2017,9329,3.550624577
29/09/2017,9330,3.550633462
29/09/2017,9331,3.550642346
29/09/2017,9332,3.550651231
29/09/2017,9333,3.550660115
29/09/2017,9334,3.550669
29/09/2017,9335,3.550677885
29/09/2017,9336,3.550686769
29/09/2017,9337,3.550695654
29/09/2017,9338,3.550704538
29/09/2017,9339,3.550713423
29/09/2017,9340,3.550722308
29/09/2017,9341,3.550731192
29/09/2017,9342,3.550740077
29/09/2017,9343,3.550748962
29/09/2017,9344,3.550757846
29/09/2017,9345,3.550766731
29/09/2017,9346,3.550775615
29/09/2017,9347,3.5507845
29/09/2017,9348,3.550793385
29/09/2017,9349,3.550802269
29/09/2017,9350,3.550811154
29/09/2017,9351,3.550820038
29/09/2017,9352,3.550828923
29/09/2017,9353,3.550837808
29/09/2017,9354,3.550846692
29/09/2017,9355,3.550855577
29/09/2017,9356,3.550864462
29/09/2017,9357,3.550873346
29/09/2017,9358,3.550882231
29/09/2017,9359,3.550891115
29/09/2017,9360,3.5509
29/09/2017,9361,3.550908885
29/09/2017,9362,3.550917769
29/09/2017,9363,3.550926654
29/09/2017,9364,3.550935538
29/09/2017,9365,3.550944423
29/09/2017,9366,3.550953308
29/09/2017,9367,3.550962192
29/09/2017,9368,3.550971077
29/09/2017,9369,3.550979962
29/09/2017,9370,3.550988846
29/09/2017,9371,3.550997731
29/09/2017,9372,3.551006615
29/09/2017,9373,3.5510155
29/09/2017,9374,3.551024385
29/09/2017,9375,3.551033269
29/09/2017,9376,3.551042154
29/09/2017,9377,3.551051038
29/09/2017,9378,3.551059923
29/09/2017,9379,3.551068808
29/09/2017,9380,3.551077692
29/09/2017,9381,3.551086577
29/09/2017,9382,3.551095462
29/09/2017,9383,3.551104346
29/09/2017,9384,3.551113231
29/09/2017,9385,3.551122115
29/09/2017,9386,3.551131
29/09/2017,9387,3.551139885
29/09/2017,9388,3.551148769
29/09/2017,9389,3.551157654
29/09/2017,9390,3.551166538
29/09/2017,9391,3.551175423
29/09/2017,9392,3.551184308
29/09/2017,9393,3.551193192
29/09/2017,9394,3.551202077
29/09/2017,9395,3.551210962
29/09/2017,9396,3.551219846
29/09/2017,9397,3.551228731
29/09/2017,9398,3.551237615
29/09/2017,9399,3.5512465
29/09/2017,9400,3.551255385
29/09/2017,9401,3.551264269
29/09/2017,9402,3.551273154
29/09/2017,9403,3.551282038
29/09/2017,9404,3.551290923
29/09/2017,9405,3.551299808
29/09/2017,9406,3.551308692
29/09/2017,9407,3.551317577
29/09/2017,9408,3.551326462
29/09/2017,9409,3.551335346
29/09/2017,9410,3.551344231
29/09/2017,9411,3.551353115
29/09/2017,9412,3.551362
29/09/2017,9413,3.551370885
29/09/2017,9414,3.551379769
29/09/2017,9415,3.551388654
29/09/2017,9416,3.551397538
29/09/2017,9417,3.551406423
29/09/2017,9418,3.551415308
29/09/2017,9419,3.551424192
29/09/2017,9420,3.551433077
29/09/2017,9421,3.551441962
29/09/2017,9422,3.551450846
29/09/2017,9423,3.551459731
29/09/2017,9424,3.551468615
29/09/2017,9425,3.5514775
29/09/2017,9426,3.551486385
29/09/2017,9427,3.551495269
29/09/2017,9428,3.551504154
29/09/2017,9429,3.551513038
29/09/2017,9430,3.551521923
29/09/2017,9431,3.551530808
29/09/2017,9432,3.551539692
29/09/2017,9433,3.551548577
29/09/2017,9434,3.551557462
29/09/2017,9435,3.551566346
29/09/2017,9436,3.551575231
29/09/2017,9437,3.551584115
29/09/2017,9438,3.551593
29/09/2017,9439,3.551601885
29/09/2017,9440,3.551610769
29/09/2017,9441,3.551619654
29/09/2017,9442,3.551628538
29/09/2017,9443,3.551637423
29/09/2017,9444,3.551646308
29/09/2017,9445,3.551655192
29/09/2017,9446,3.551664077
29/09/2017,9447,3.551672962
29/09/2017,9448,3.551681846
29/09/2017,9449,3.551690731
29/09/2017,9450,3.551699615
29/09/2017,9451,3.5517085
29/09/2017,9452,3.551717385
29/09/2017,9453,3.551726269
29/09/2017,9454,3.551735154
29/09/2017,9455,3.551744038
29/09/2017,9456,3.551752923
29/09/2017,9457,3.551761808
29/09/2017,9458,3.551770692
29/09/2017,9459,3.551779577
29/09/2017,9460,3.551788462
29/09/2017,9461,3.551797346
29/09/2017,9462,3.551806231
29/09/2017,9463,3.551815115
29/09/2017,9464,3.551824
29/09/2017,9465,3.551832577
29/09/2017,9466,3.551841154
29/09/2017,9467,3.551849731
29/09/2017,9468,3.551858308
29/09/2017,9469,3.551866885
29/09/2017,9470,3.551875462
29/09/2017,9471,3.551884038
29/09/2017,9472,3.551892615
29/09/2017,9473,3.551901192
29/09/2017,9474,3.551909769
29/09/2017,9475,3.551918346
29/09/2017,9476,3.551926923
29/09/2017,9477,3.5519355
29/09/2017,9478,3.551944077
29/09/2017,9479,3.551952654
29/09/2017,9480,3.551961231
29/09/2017,9481,3.551969808
29/09/2017,9482,3.551978385
29/09/2017,9483,3.551986962
29/09/2017,9484,3.551995538
29/09/2017,9485,3.552004115
29/09/2017,9486,3.552012692
29/09/2017,9487,3.552021269
29/09/2017,9488,3.552029846
29/09/2017,9489,3.552038423
29/09/2017,9490,3.552047
29/09/2017,9491,3.552055577
29/09/2017,9492,3.552064154
29/09/2017,9493,3.552072731
29/09/2017,9494,3.552081308
29/09/2017,9495,3.552089885
29/09/2017,9496,3.552098462
29/09/2017,9497,3.552107038
29/09/2017,9498,3.552115615
29/09/2017,9499,3.552124192
29/09/2017,9500,3.552132769
29/09/2017,9501,3.552141346
29/09/2017,9502,3.552149923
29/09/2017,9503,3.5521585
29/09/2017,9504,3.552167077
29/09/2017,9505,3.552175654
29/09/2017,9506,3.552184231
29/09/2017,9507,3.552192808
29/09/2017,9508,3.552201385
29/09/2017,9509,3.552209962
29/09/2017,9510,3.552218538
29/09/2017,9511,3.552227115
29/09/2017,9512,3.552235692
29/09/2017,9513,3.552244269
29/09/2017,9514,3.552252846
29/09/2017,9515,3.552261423
29/09/2017,9516,3.55227
29/09/2017,9517,3.552278577
29/09/2017,9518,3.552287154
29/09/2017,9519,3.552295731
29/09/2017,9520,3.552304308
29/09/2017,9521,3.552312885
29/09/2017,9522,3.552321462
29/09/2017,9523,3.552330038
29/09/2017,9524,3.552338615
29/09/2017,9525,3.552347192
29/09/2017,9526,3.552355769
29/09/2017,9527,3.552364346
29/09/2017,9528,3.552372923
29/09/2017,9529,3.5523815
29/09/2017,9530,3.552390077
29/09/2017,9531,3.552398654
29/09/2017,9532,3.552407231
29/09/2017,9533,3.552415808
29/09/2017,9534,3.552424385
29/09/2017,9535,3.552432962
29/09/2017,9536,3.552441538
29/09/2017,9537,3.552450115
29/09/2017,9538,3.552458692
29/09/2017,9539,3.552467269
29/09/2017,9540,3.552475846
29/09/2017,9541,3.552484423
29/09/2017,9542,3.552493
29/09/2017,9543,3.552501577
29/09/2017,9544,3.552510154
29/09/2017,9545,3.552518731
29/09/2017,9546,3.552527308
29/09/2017,9547,3.552535885
29/09/2017,9548,3.552544462
29/09/2017,9549,3.552553038
29/09/2017,9550,3.552561615
29/09/2017,9551,3.552570192
29/09/2017,9552,3.552578769
29/09/2017,9553,3.552587346
29/09/2017,9554,3.552595923
29/09/2017,9555,3.5526045
29/09/2017,9556,3.552613077
29/09/2017,9557,3.552621654
29/09/2017,9558,3.552630231
29/09/2017,9559,3.552638808
29/09/2017,9560,3.552647385
29/09/2017,9561,3.552655962
29/09/2017,9562,3.552664538
29/09/2017,9563,3.552673115
29/09/2017,9564,3.552681692
29/09/2017,9565,3.552690269
29/09/2017,9566,3.552698846
29/09/2017,9567,3.552707423
29/09/2017,9568,3.552716
29/09/2017,9569,3.552724577
29/09/2017,9570,3.552733154
29/09/2017,9571,3.552741731
29/09/2017,9572,3.552750308
29/09/2017,9573,3.552758885
29/09/2017,9574,3.552767462
29/09/2017,9575,3.552776038
29/09/2017,9576,3.552784615
29/09/2017,9577,3.552793192
29/09/2017,9578,3.552801769
29/09/2017,9579,3.552810346
29/09/2017,9580,3.552818923
29/09/2017,9581,3.5528275
29/09/2017,9582,3.552836077
29/09/2017,9583,3.552844654
29/09/2017,9584,3.552853231
29/09/2017,9585,3.552861808
29/09/2017,9586,3.552870385
29/09/2017,9587,3.552878962
29/09/2017,9588,3.552887538
29/09/2017,9589,3.552896115
29/09/2017,9590,3.552904692
29/09/2017,9591,3.552913269
29/09/2017,9592,3.552921846
29/09/2017,9593,3.552930423
29/09/2017,9594,3.552939
29/09/2017,9595,3.552947577
29/09/2017,9596,3.552956154
29/09/2017,9597,3.552964731
29/09/2017,9598,3.552973308
29/09/2017,9599,3.552981885
29/09/2017,9600,3.552990462
29/09/2017,9601,3.552999038
29/09/2017,9602,3.553007615
29/09/2017,9603,3.553016192
29/09/2017,9604,3.553024769
29/09/2017,9605,3.553033346
29/09/2017,9606,3.553041923
29/09/2017,9607,3.5530505
29/09/2017,9608,3.553059077
29/09/2017,9609,3.553067654
29/09/2017,9610,3.553076231
29/09/2017,9611,3.553084808
29/09/2017,9612,3.553093385
29/09/2017,9613,3.553101962
29/09/2017,9614,3.553110538
29/09/2017,9615,3.553119115
29/09/2017,9616,3.553127692
29/09/2017,9617,3.553136269
29/09/2017,9618,3.553144846
29/09/2017,9619,3.553153423
29/09/2017,9620,3.553162
29/09/2017,9621,3.553170577
29/09/2017,9622,3.553179154
29/09/2017,9623,3.553187731
29/09/2017,9624,3.553196308
29/09/2017,9625,3.553204885
29/09/2017,9626,3.553213462
29/09/2017,9627,3.553222038
29/09/2017,9628,3.553230615
29/09/2017,9629,3.553239192
29/09/2017,9630,3.553247769
29/09/2017,9631,3.553256346
29/09/2017,9632,3.553264923
29/09/2017,9633,3.5532735
29/09/2017,9634,3.553282077
29/09/2017,9635,3.553290654
29/09/2017,9636,3.553299231
29/09/2017,9637,3.553307808
29/09/2017,9638,3.553316385
29/09/2017,9639,3.553324962
29/09/2017,9640,3.553333538
29/09/2017,9641,3.553342115
29/09/2017,9642,3.553350692
29/09/2017,9643,3.553359269
29/09/2017,9644,3.553367846
29/09/2017,9645,3.553376423
29/09/2017,9646,3.553385
29/09/2017,9647,3.553393291
29/09/2017,9648,3.553401582
29/09/2017,9649,3.553409874
29/09/2017,9650,3.553418165
29/09/2017,9651,3.553426456
29/09/2017,9652,3.553434747
29/09/2017,9653,3.553443038
29/09/2017,9654,3.55345133
29/09/2017,9655,3.553459621
29/09/2017,9656,3.553467912
29/09/2017,9657,3.553476203
29/09/2017,9658,3.553484495
29/09/2017,9659,3.553492786
29/09/2017,9660,3.553501077
29/09/2017,9661,3.553509368
29/09/2017,9662,3.553517659
29/09/2017,9663,3.553525951
29/09/2017,9664,3.553534242
29/09/2017,9665,3.553542533
29/09/2017,9666,3.553550824
29/09/2017,9667,3.553559115
29/09/2017,9668,3.553567407
29/09/2017,9669,3.553575698
29/09/2017,9670,3.553583989
29/09/2017,9671,3.55359228
29/09/2017,9672,3.553600571
29/09/2017,9673,3.553608863
29/09/2017,9674,3.553617154
29/09/2017,9675,3.553625445
29/09/2017,9676,3.553633736
29/09/2017,9677,3.553642027
29/09/2017,9678,3.553650319
29/09/2017,9679,3.55365861
29/09/2017,9680,3.553666901
29/09/2017,9681,3.553675192
29/09/2017,9682,3.553683484
29/09/2017,9683,3.553691775
29/09/2017,9684,3.553700066
29/09/2017,9685,3.553708357
29/09/2017,9686,3.553716648
29/09/2017,9687,3.55372494
29/09/2017,9688,3.553733231
29/09/2017,9689,3.553741522
29/09/2017,9690,3.553749813
29/09/2017,9691,3.553758104
29/09/2017,9692,3.553766396
29/09/2017,9693,3.553774687
29/09/2017,9694,3.553782978
29/09/2017,9695,3.553791269
29/09/2017,9696,3.55379956
29/09/2017,9697,3.553807852
29/09/2017,9698,3.553816143
29/09/2017,9699,3.553824434
29/09/2017,9700,3.553832725
29/09/2017,9701,3.553841016
29/09/2017,9702,3.553849308
29/09/2017,9703,3.553857599
29/09/2017,9704,3.55386589
29/09/2017,9705,3.553874181
29/09/2017,9706,3.553882473
29/09/2017,9707,3.553890764
29/09/2017,9708,3.553899055
29/09/2017,9709,3.553907346
29/09/2017,9710,3.553915637
29/09/2017,9711,3.553923929
29/09/2017,9712,3.55393222
29/09/2017,9713,3.553940511
29/09/2017,9714,3.553948802
29/09/2017,9715,3.553957093
29/09/2017,9716,3.553965385
29/09/2017,9717,3.553973676
29/09/2017,9718,3.553981967
29/09/2017,9719,3.553990258
29/09/2017,9720,3.553998549
29/09/2017,9721,3.554006841
29/09/2017,9722,3.554015132
29/09/2017,9723,3.554023423
29/09/2017,9724,3.554031714
29/09/2017,9725,3.554040005
29/09/2017,9726,3.554048297
29/09/2017,9727,3.554056588
29/09/2017,9728,3.554064879
29/09/2017,9729,3.55407317
29/09/2017,9730,3.554081462
29/09/2017,9731,3.554089753
29/09/2017,9732,3.554098044
29/09/2017,9733,3.554106335
29/09/2017,9734,3.554114626
29/09/2017,9735,3.554122918
29/09/2017,9736,3.554131209
29/09/2017,9737,3.5541395
29/09/2017,9738,3.554147791
29/09/2017,9739,3.554156082
29/09/2017,9740,3.554164374
29/09/2017,9741,3.554172665
29/09/2017,9742,3.554180956
29/09/2017,9743,3.554189247
29/09/2017,9744,3.554197538
29/09/2017,9745,3.55420583
29/09/2017,9746,3.554214121
29/09/2017,9747,3.554222412
29/09/2017,9748,3.554230703
29/09/2017,9749,3.554238995
29/09/2017,9750,3.554247286
29/09/2017,9751,3.554255577
29/09/2017,9752,3.554263868
29/09/2017,9753,3.554272159
29/09/2017,9754,3.554280451
29/09/2017,9755,3.554288742
29/09/2017,9756,3.554297033
29/09/2017,9757,3.554305324
29/09/2017,9758,3.554313615
29/09/2017,9759,3.554321907
29/09/2017,9760,3.554330198
29/09/2017,9761,3.554338489
29/09/2017,9762,3.55434678
29/09/2017,9763,3.554355071
29/09/2017,9764,3.554363363
29/09/2017,9765,3.554371654
29/09/2017,9766,3.554379945
29/09/2017,9767,3.554388236
29/09/2017,9768,3.554396527
29/09/2017,9769,3.554404819
29/09/2017,9770,3.55441311
29/09/2017,9771,3.554421401
29/09/2017,9772,3.554429692
29/09/2017,9773,3.554437984
29/09/2017,9774,3.554446275
29/09/2017,9775,3.554454566
29/09/2017,9776,3.554462857
29/09/2017,9777,3.554471148
29/09/2017,9778,3.55447944
29/09/2017,9779,3.554487731
29/09/2017,9780,3.554496022
29/09/2017,9781,3.554504313
29/09/2017,9782,3.554512604
29/09/2017,9783,3.554520896
29/09/2017,9784,3.554529187
29/09/2017,9785,3.554537478
29/09/2017,9786,3.554545769
29/09/2017,9787,3.55455406
29/09/2017,9788,3.554562352
29/09/2017,9789,3.554570643
29/09/2017,9790,3.554578934
29/09/2017,9791,3.554587225
29/09/2017,9792,3.554595516
29/09/2017,9793,3.554603808
29/09/2017,9794,3.554612099
29/09/2017,9795,3.55462039
29/09/2017,9796,3.554628681
29/09/2017,9797,3.554636973
29/09/2017,9798,3.554645264
29/09/2017,9799,3.554653555
29/09/2017,9800,3.554661846
29/09/2017,9801,3.554670137
29/09/2017,9802,3.554678429
29/09/2017,9803,3.55468672
29/09/2017,9804,3.554695011
29/09/2017,9805,3.554703302
29/09/2017,9806,3.554711593
29/09/2017,9807,3.554719885
29/09/2017,9808,3.554728176
29/09/2017,9809,3.554736467
29/09/2017,9810,3.554744758
29/09/2017,9811,3.554753049
29/09/2017,9812,3.554761341
29/09/2017,9813,3.554769632
29/09/2017,9814,3.554777923
29/09/2017,9815,3.554786214
29/09/2017,9816,3.554794505
29/09/2017,9817,3.554802797
29/09/2017,9818,3.554811088
29/09/2017,9819,3.554819379
29/09/2017,9820,3.55482767
29/09/2017,9821,3.554835962
29/09/2017,9822,3.554844253
29/09/2017,9823,3.554852544
29/09/2017,9824,3.554860835
29/09/2017,9825,3.554869126
29/09/2017,9826,3.554877418
29/09/2017,9827,3.554885709
29/09/2017,9828,3.554894
29/09/2017,9829,3.554902016
29/09/2017,9830,3.554910033
29/09/2017,9831,3.554918049
29/09/2017,9832,3.554926066
29/09/2017,9833,3.554934082
29/09/2017,9834,3.554942099
29/09/2017,9835,3.554950115
29/09/2017,9836,3.554958132
29/09/2017,9837,3.554966148
29/09/2017,9838,3.554974165
29/09/2017,9839,3.554982181
29/09/2017,9840,3.554990198
29/09/2017,9841,3.554998214
29/09/2017,9842,3.555006231
29/09/2017,9843,3.555014247
29/09/2017,9844,3.555022264
29/09/2017,9845,3.55503028
29/09/2017,9846,3.555038297
29/09/2017,9847,3.555046313
29/09/2017,9848,3.55505433
29/09/2017,9849,3.555062346
29/09/2017,9850,3.555070363
29/09/2017,9851,3.555078379
29/09/2017,9852,3.555086396
29/09/2017,9853,3.555094412
29/09/2017,9854,3.555102429
29/09/2017,9855,3.555110445
29/09/2017,9856,3.555118462
29/09/2017,9857,3.555126478
29/09/2017,9858,3.555134495
29/09/2017,9859,3.555142511
29/09/2017,9860,3.555150527
29/09/2017,9861,3.555158544
29/09/2017,9862,3.55516656
29/09/2017,9863,3.555174577
29/09/2017,9864,3.555182593
29/09/2017,9865,3.55519061
29/09/2017,9866,3.555198626
29/09/2017,9867,3.555206643
29/09/2017,9868,3.555214659
29/09/2017,9869,3.555222676
29/09/2017,9870,3.555230692
29/09/2017,9871,3.555238709
29/09/2017,9872,3.555246725
29/09/2017,9873,3.555254742
29/09/2017,9874,3.555262758
29/09/2017,9875,3.555270775
29/09/2017,9876,3.555278791
29/09/2017,9877,3.555286808
29/09/2017,9878,3.555294824
29/09/2017,9879,3.555302841
29/09/2017,9880,3.555310857
29/09/2017,9881,3.555318874
29/09/2017,9882,3.55532689
29/09/2017,9883,3.555334907
29/09/2017,9884,3.555342923
29/09/2017,9885,3.55535094
29/09/2017,9886,3.555358956
29/09/2017,9887,3.555366973
29/09/2017,9888,3.555374989
29/09/2017,9889,3.555383005
29/09/2017,9890,3.555391022
29/09/2017,9891,3.555399038
29/09/2017,9892,3.555407055
29/09/2017,9893,3.555415071
29/09/2017,9894,3.555423088
29/09/2017,9895,3.555431104
29/09/2017,9896,3.555439121
29/09/2017,9897,3.555447137
29/09/2017,9898,3.555455154
29/09/2017,9899,3.55546317
29/09/2017,9900,3.555471187
29/09/2017,9901,3.555479203
29/09/2017,9902,3.55548722
29/09/2017,9903,3.555495236
29/09/2017,9904,3.555503253
29/09/2017,9905,3.555511269
29/09/2017,9906,3.555519286
29/09/2017,9907,3.555527302
29/09/2017,9908,3.555535319
29/09/2017,9909,3.555543335
29/09/2017,9910,3.555551352
29/09/2017,9911,3.555559368
29/09/2017,9912,3.555567385
29/09/2017,9913,3.555575401
29/09/2017,9914,3.555583418
29/09/2017,9915,3.555591434
29/09/2017,9916,3.555599451
29/09/2017,9917,3.555607467
29/09/2017,9918,3.555615484
29/09/2017,9919,3.5556235
29/09/2017,9920,3.555631516
29/09/2017,9921,3.555639533
29/09/2017,9922,3.555647549
29/09/2017,9923,3.555655566
29/09/2017,9924,3.555663582
29/09/2017,9925,3.555671599
29/09/2017,9926,3.555679615
29/09/2017,9927,3.555687632
29/09/2017,9928,3.555695648
29/09/2017,9929,3.555703665
29/09/2017,9930,3.555711681
29/09/2017,9931,3.555719698
29/09/2017,9932,3.555727714
29/09/2017,9933,3.555735731
29/09/2017,9934,3.555743747
29/09/2017,9935,3.555751764
29/09/2017,9936,3.55575978
29/09/2017,9937,3.555767797
29/09/2017,9938,3.555775813
29/09/2017,9939,3.55578383
29/09/2017,9940,3.555791846
29/09/2017,9941,3.555799863
29/09/2017,9942,3.555807879
29/09/2017,9943,3.555815896
29/09/2017,9944,3.555823912
29/09/2017,9945,3.555831929
29/09/2017,9946,3.555839945
29/09/2017,9947,3.555847962
29/09/2017,9948,3.555855978
29/09/2017,9949,3.555863995
29/09/2017,9950,3.555872011
29/09/2017,9951,3.555880027
29/09/2017,9952,3.555888044
29/09/2017,9953,3.55589606
29/09/2017,9954,3.555904077
29/09/2017,9955,3.555912093
29/09/2017,9956,3.55592011
29/09/2017,9957,3.555928126
29/09/2017,9958,3.555936143
29/09/2017,9959,3.555944159
29/09/2017,9960,3.555952176
29/09/2017,9961,3.555960192
29/09/2017,9962,3.555968209
29/09/2017,9963,3.555976225
29/09/2017,9964,3.555984242
29/09/2017,9965,3.555992258
29/09/2017,9966,3.556000275
29/09/2017,9967,3.556008291
29/09/2017,9968,3.556016308
29/09/2017,9969,3.556024324
29/09/2017,9970,3.556032341
29/09/2017,9971,3.556040357
29/09/2017,9972,3.556048374
29/09/2017,9973,3.55605639
29/09/2017,9974,3.556064407
29/09/2017,9975,3.556072423
29/09/2017,9976,3.55608044
29/09/2017,9977,3.556088456
29/09/2017,9978,3.556096473
29/09/2017,9979,3.556104489
29/09/2017,9980,3.556112505
29/09/2017,9981,3.556120522
29/09/2017,9982,3.556128538
29/09/2017,9983,3.556136555
29/09/2017,9984,3.556144571
29/09/2017,9985,3.556152588
29/09/2017,9986,3.556160604
29/09/2017,9987,3.556168621
29/09/2017,9988,3.556176637
29/09/2017,9989,3.556184654
29/09/2017,9990,3.55619267
29/09/2017,9991,3.556200687
29/09/2017,9992,3.556208703
29/09/2017,9993,3.55621672
29/09/2017,9994,3.556224736
29/09/2017,9995,3.556232753
29/09/2017,9996,3.556240769
29/09/2017,9997,3.556248786
29/09/2017,9998,3.556256802
29/09/2017,9999,3.556264819
29/09/2017,10000,3.556272835
29/09/2017,10001,3.556280852
29/09/2017,10002,3.556288868
29/09/2017,10003,3.556296885
29/09/2017,10004,3.556304901
29/09/2017,10005,3.556312918
29/09/2017,10006,3.556320934
29/09/2017,10007,3.556328951
29/09/2017,10008,3.556336967
29/09/2017,10009,3.556344984
29/09/2017,10010,3.556353
29/09/2017,10011,3.556360758
29/09/2017,10012,3.556368516
29/09/2017,10013,3.556376275
29/09/2017,10014,3.556384033
29/09/2017,10015,3.556391791
29/09/2017,10016,3.556399549
29/09/2017,10017,3.556407308
29/09/2017,10018,3.556415066
29/09/2017,10019,3.556422824
29/09/2017,10020,3.556430582
29/09/2017,10021,3.556438341
29/09/2017,10022,3.556446099
29/09/2017,10023,3.556453857
29/09/2017,10024,3.556461615
29/09/2017,10025,3.556469374
29/09/2017,10026,3.556477132
29/09/2017,10027,3.55648489
29/09/2017,10028,3.556492648
29/09/2017,10029,3.556500407
29/09/2017,10030,3.556508165
29/09/2017,10031,3.556515923
29/09/2017,10032,3.556523681
29/09/2017,10033,3.55653144
29/09/2017,10034,3.556539198
29/09/2017,10035,3.556546956
29/09/2017,10036,3.556554714
29/09/2017,10037,3.556562473
29/09/2017,10038,3.556570231
29/09/2017,10039,3.556577989
29/09/2017,10040,3.556585747
29/09/2017,10041,3.556593505
29/09/2017,10042,3.556601264
29/09/2017,10043,3.556609022
29/09/2017,10044,3.55661678
29/09/2017,10045,3.556624538
29/09/2017,10046,3.556632297
29/09/2017,10047,3.556640055
29/09/2017,10048,3.556647813
29/09/2017,10049,3.556655571
29/09/2017,10050,3.55666333
29/09/2017,10051,3.556671088
29/09/2017,10052,3.556678846
29/09/2017,10053,3.556686604
29/09/2017,10054,3.556694363
29/09/2017,10055,3.556702121
29/09/2017,10056,3.556709879
29/09/2017,10057,3.556717637
29/09/2017,10058,3.556725396
29/09/2017,10059,3.556733154
29/09/2017,10060,3.556740912
29/09/2017,10061,3.55674867
29/09/2017,10062,3.556756429
29/09/2017,10063,3.556764187
29/09/2017,10064,3.556771945
29/09/2017,10065,3.556779703
29/09/2017,10066,3.556787462
29/09/2017,10067,3.55679522
29/09/2017,10068,3.556802978
29/09/2017,10069,3.556810736
29/09/2017,10070,3.556818495
29/09/2017,10071,3.556826253
29/09/2017,10072,3.556834011
29/09/2017,10073,3.556841769
29/09/2017,10074,3.556849527
29/09/2017,10075,3.556857286
29/09/2017,10076,3.556865044
29/09/2017,10077,3.556872802
29/09/2017,10078,3.55688056
29/09/2017,10079,3.556888319
29/09/2017,10080,3.556896077
29/09/2017,10081,3.556903835
29/09/2017,10082,3.556911593
29/09/2017,10083,3.556919352
29/09/2017,10084,3.55692711
29/09/2017,10085,3.556934868
29/09/2017,10086,3.556942626
29/09/2017,10087,3.556950385
29/09/2017,10088,3.556958143
29/09/2017,10089,3.556965901
29/09/2017,10090,3.556973659
29/09/2017,10091,3.556981418
29/09/2017,10092,3.556989176
29/09/2017,10093,3.556996934
29/09/2017,10094,3.557004692
29/09/2017,10095,3.557012451
29/09/2017,10096,3.557020209
29/09/2017,10097,3.557027967
29/09/2017,10098,3.557035725
29/09/2017,10099,3.557043484
29/09/2017,10100,3.557051242
29/09/2017,10101,3.557059
29/09/2017,10102,3.557066758
29/09/2017,10103,3.557074516
29/09/2017,10104,3.557082275
29/09/2017,10105,3.557090033
29/09/2017,10106,3.557097791
29/09/2017,10107,3.557105549
29/09/2017,10108,3.557113308
29/09/2017,10109,3.557121066
29/09/2017,10110,3.557128824
29/09/2017,10111,3.557136582
29/09/2017,10112,3.557144341
29/09/2017,10113,3.557152099
29/09/2017,10114,3.557159857
29/09/2017,10115,3.557167615
29/09/2017,10116,3.557175374
29/09/2017,10117,3.557183132
29/09/2017,10118,3.55719089
29/09/2017,10119,3.557198648
29/09/2017,10120,3.557206407
29/09/2017,10121,3.557214165
29/09/2017,10122,3.557221923
29/09/2017,10123,3.557229681
29/09/2017,10124,3.55723744
29/09/2017,10125,3.557245198
29/09/2017,10126,3.557252956
29/09/2017,10127,3.557260714
29/09/2017,10128,3.557268473
29/09/2017,10129,3.557276231
29/09/2017,10130,3.557283989
29/09/2017,10131,3.557291747
29/09/2017,10132,3.557299505
29/09/2017,10133,3.557307264
29/09/2017,10134,3.557315022
29/09/2017,10135,3.55732278
29/09/2017,10136,3.557330538
29/09/2017,10137,3.557338297
29/09/2017,10138,3.557346055
29/09/2017,10139,3.557353813
29/09/2017,10140,3.557361571
29/09/2017,10141,3.55736933
29/09/2017,10142,3.557377088
29/09/2017,10143,3.557384846
29/09/2017,10144,3.557392604
29/09/2017,10145,3.557400363
29/09/2017,10146,3.557408121
29/09/2017,10147,3.557415879
29/09/2017,10148,3.557423637
29/09/2017,10149,3.557431396
29/09/2017,10150,3.557439154
29/09/2017,10151,3.557446912
29/09/2017,10152,3.55745467
29/09/2017,10153,3.557462429
29/09/2017,10154,3.557470187
29/09/2017,10155,3.557477945
29/09/2017,10156,3.557485703
29/09/2017,10157,3.557493462
29/09/2017,10158,3.55750122
29/09/2017,10159,3.557508978
29/09/2017,10160,3.557516736
29/09/2017,10161,3.557524495
29/09/2017,10162,3.557532253
29/09/2017,10163,3.557540011
29/09/2017,10164,3.557547769
29/09/2017,10165,3.557555527
29/09/2017,10166,3.557563286
29/09/2017,10167,3.557571044
29/09/2017,10168,3.557578802
29/09/2017,10169,3.55758656
29/09/2017,10170,3.557594319
29/09/2017,10171,3.557602077
29/09/2017,10172,3.557609835
29/09/2017,10173,3.557617593
29/09/2017,10174,3.557625352
29/09/2017,10175,3.55763311
29/09/2017,10176,3.557640868
29/09/2017,10177,3.557648626
29/09/2017,10178,3.557656385
29/09/2017,10179,3.557664143
29/09/2017,10180,3.557671901
29/09/2017,10181,3.557679659
29/09/2017,10182,3.557687418
29/09/2017,10183,3.557695176
29/09/2017,10184,3.557702934
29/09/2017,10185,3.557710692
29/09/2017,10186,3.557718451
29/09/2017,10187,3.557726209
29/09/2017,10188,3.557733967
29/09/2017,10189,3.557741725
29/09/2017,10190,3.557749484
29/09/2017,10191,3.557757242
29/09/2017,10192,3.557765
29/09/2017,10193,3.557772516
29/09/2017,10194,3.557780033
29/09/2017,10195,3.557787549
29/09/2017,10196,3.557795066
29/09/2017,10197,3.557802582
29/09/2017,10198,3.557810099
29/09/2017,10199,3.557817615
29/09/2017,10200,3.557825132
29/09/2017,10201,3.557832648
29/09/2017,10202,3.557840165
29/09/2017,10203,3.557847681
29/09/2017,10204,3.557855198
29/09/2017,10205,3.557862714
29/09/2017,10206,3.557870231
29/09/2017,10207,3.557877747
29/09/2017,10208,3.557885264
29/09/2017,10209,3.55789278
29/09/2017,10210,3.557900297
29/09/2017,10211,3.557907813
29/09/2017,10212,3.55791533
29/09/2017,10213,3.557922846
29/09/2017,10214,3.557930363
29/09/2017,10215,3.557937879
29/09/2017,10216,3.557945396
29/09/2017,10217,3.557952912
29/09/2017,10218,3.557960429
29/09/2017,10219,3.557967945
29/09/2017,10220,3.557975462
29/09/2017,10221,3.557982978
29/09/2017,10222,3.557990495
29/09/2017,10223,3.557998011
29/09/2017,10224,3.558005527
29/09/2017,10225,3.558013044
29/09/2017,10226,3.55802056
29/09/2017,10227,3.558028077
29/09/2017,10228,3.558035593
29/09/2017,10229,3.55804311
29/09/2017,10230,3.558050626
29/09/2017,10231,3.558058143
29/09/2017,10232,3.558065659
29/09/2017,10233,3.558073176
29/09/2017,10234,3.558080692
29/09/2017,10235,3.558088209
29/09/2017,10236,3.558095725
29/09/2017,10237,3.558103242
29/09/2017,10238,3.558110758
29/09/2017,10239,3.558118275
29/09/2017,10240,3.558125791
29/09/2017,10241,3.558133308
29/09/2017,10242,3.558140824
29/09/2017,10243,3.558148341
29/09/2017,10244,3.558155857
29/09/2017,10245,3.558163374
29/09/2017,10246,3.55817089
29/09/2017,10247,3.558178407
29/09/2017,10248,3.558185923
29/09/2017,10249,3.55819344
29/09/2017,10250,3.558200956
29/09/2017,10251,3.558208473
29/09/2017,10252,3.558215989
29/09/2017,10253,3.558223505
29/09/2017,10254,3.558231022
29/09/2017,10255,3.558238538
29/09/2017,10256,3.558246055
29/09/2017,10257,3.558253571
29/09/2017,10258,3.558261088
29/09/2017,10259,3.558268604
29/09/2017,10260,3.558276121
29/09/2017,10261,3.558283637
29/09/2017,10262,3.558291154
29/09/2017,10263,3.55829867
29/09/2017,10264,3.558306187
29/09/2017,10265,3.558313703
29/09/2017,10266,3.55832122
29/09/2017,10267,3.558328736
29/09/2017,10268,3.558336253
29/09/2017,10269,3.558343769
29/09/2017,10270,3.558351286
29/09/2017,10271,3.558358802
29/09/2017,10272,3.558366319
29/09/2017,10273,3.558373835
29/09/2017,10274,3.558381352
29/09/2017,10275,3.558388868
29/09/2017,10276,3.558396385
29/09/2017,10277,3.558403901
29/09/2017,10278,3.558411418
29/09/2017,10279,3.558418934
29/09/2017,10280,3.558426451
29/09/2017,10281,3.558433967
29/09/2017,10282,3.558441484
29/09/2017,10283,3.558449
29/09/2017,10284,3.558456516
29/09/2017,10285,3.558464033
29/09/2017,10286,3.558471549
29/09/2017,10287,3.558479066
29/09/2017,10288,3.558486582
29/09/2017,10289,3.558494099
29/09/2017,10290,3.558501615
29/09/2017,10291,3.558509132
29/09/2017,10292,3.558516648
29/09/2017,10293,3.558524165
29/09/2017,10294,3.558531681
29/09/2017,10295,3.558539198
29/09/2017,10296,3.558546714
29/09/2017,10297,3.558554231
29/09/2017,10298,3.558561747
29/09/2017,10299,3.558569264
29/09/2017,10300,3.55857678
29/09/2017,10301,3.558584297
29/09/2017,10302,3.558591813
29/09/2017,10303,3.55859933
29/09/2017,10304,3.558606846
29/09/2017,10305,3.558614363
29/09/2017,10306,3.558621879
29/09/2017,10307,3.558629396
29/09/2017,10308,3.558636912
29/09/2017,10309,3.558644429
29/09/2017,10310,3.558651945
29/09/2017,10311,3.558659462
29/09/2017,10312,3.558666978
29/09/2017,10313,3.558674495
29/09/2017,10314,3.558682011
29/09/2017,10315,3.558689527
29/09/2017,10316,3.558697044
29/09/2017,10317,3.55870456
29/09/2017,10318,3.558712077
29/09/2017,10319,3.558719593
29/09/2017,10320,3.55872711
29/09/2017,10321,3.558734626
29/09/2017,10322,3.558742143
29/09/2017,10323,3.558749659
29/09/2017,10324,3.558757176
29/09/2017,10325,3.558764692
29/09/2017,10326,3.558772209
29/09/2017,10327,3.558779725
29/09/2017,10328,3.558787242
29/09/2017,10329,3.558794758
29/09/2017,10330,3.558802275
29/09/2017,10331,3.558809791
29/09/2017,10332,3.558817308
29/09/2017,10333,3.558824824
29/09/2017,10334,3.558832341
29/09/2017,10335,3.558839857
29/09/2017,10336,3.558847374
29/09/2017,10337,3.55885489
29/09/2017,10338,3.558862407
29/09/2017,10339,3.558869923
29/09/2017,10340,3.55887744
29/09/2017,10341,3.558884956
29/09/2017,10342,3.558892473
29/09/2017,10343,3.558899989
29/09/2017,10344,3.558907505
29/09/2017,10345,3.558915022
29/09/2017,10346,3.558922538
29/09/2017,10347,3.558930055
29/09/2017,10348,3.558937571
29/09/2017,10349,3.558945088
29/09/2017,10350,3.558952604
29/09/2017,10351,3.558960121
29/09/2017,10352,3.558967637
29/09/2017,10353,3.558975154
29/09/2017,10354,3.55898267
29/09/2017,10355,3.558990187
29/09/2017,10356,3.558997703
29/09/2017,10357,3.55900522
29/09/2017,10358,3.559012736
29/09/2017,10359,3.559020253
29/09/2017,10360,3.559027769
29/09/2017,10361,3.559035286
29/09/2017,10362,3.559042802
29/09/2017,10363,3.559050319
29/09/2017,10364,3.559057835
29/09/2017,10365,3.559065352
29/09/2017,10366,3.559072868
29/09/2017,10367,3.559080385
29/09/2017,10368,3.559087901
29/09/2017,10369,3.559095418
29/09/2017,10370,3.559102934
29/09/2017,10371,3.559110451
29/09/2017,10372,3.559117967
29/09/2017,10373,3.559125484
29/09/2017,10374,3.559133
29/09/2017,10375,3.55914028
29/09/2017,10376,3.55914756
29/09/2017,10377,3.559154841
29/09/2017,10378,3.559162121
29/09/2017,10379,3.559169401
29/09/2017,10380,3.559176681
29/09/2017,10381,3.559183962
29/09/2017,10382,3.559191242
29/09/2017,10383,3.559198522
29/09/2017,10384,3.559205802
29/09/2017,10385,3.559213082
29/09/2017,10386,3.559220363
29/09/2017,10387,3.559227643
29/09/2017,10388,3.559234923
29/09/2017,10389,3.559242203
29/09/2017,10390,3.559249484
29/09/2017,10391,3.559256764
29/09/2017,10392,3.559264044
29/09/2017,10393,3.559271324
29/09/2017,10394,3.559278604
29/09/2017,10395,3.559285885
29/09/2017,10396,3.559293165
29/09/2017,10397,3.559300445
29/09/2017,10398,3.559307725
29/09/2017,10399,3.559315005
29/09/2017,10400,3.559322286
29/09/2017,10401,3.559329566
29/09/2017,10402,3.559336846
29/09/2017,10403,3.559344126
29/09/2017,10404,3.559351407
29/09/2017,10405,3.559358687
29/09/2017,10406,3.559365967
29/09/2017,10407,3.559373247
29/09/2017,10408,3.559380527
29/09/2017,10409,3.559387808
29/09/2017,10410,3.559395088
29/09/2017,10411,3.559402368
29/09/2017,10412,3.559409648
29/09/2017,10413,3.559416929
29/09/2017,10414,3.559424209
29/09/2017,10415,3.559431489
29/09/2017,10416,3.559438769
29/09/2017,10417,3.559446049
29/09/2017,10418,3.55945333
29/09/2017,10419,3.55946061
29/09/2017,10420,3.55946789
29/09/2017,10421,3.55947517
29/09/2017,10422,3.559482451
29/09/2017,10423,3.559489731
29/09/2017,10424,3.559497011
29/09/2017,10425,3.559504291
29/09/2017,10426,3.559511571
29/09/2017,10427,3.559518852
29/09/2017,10428,3.559526132
29/09/2017,10429,3.559533412
29/09/2017,10430,3.559540692
29/09/2017,10431,3.559547973
29/09/2017,10432,3.559555253
29/09/2017,10433,3.559562533
29/09/2017,10434,3.559569813
29/09/2017,10435,3.559577093
29/09/2017,10436,3.559584374
29/09/2017,10437,3.559591654
29/09/2017,10438,3.559598934
29/09/2017,10439,3.559606214
29/09/2017,10440,3.559613495
29/09/2017,10441,3.559620775
29/09/2017,10442,3.559628055
29/09/2017,10443,3.559635335
29/09/2017,10444,3.559642615
29/09/2017,10445,3.559649896
29/09/2017,10446,3.559657176
29/09/2017,10447,3.559664456
29/09/2017,10448,3.559671736
29/09/2017,10449,3.559679016
29/09/2017,10450,3.559686297
29/09/2017,10451,3.559693577
29/09/2017,10452,3.559700857
29/09/2017,10453,3.559708137
29/09/2017,10454,3.559715418
29/09/2017,10455,3.559722698
29/09/2017,10456,3.559729978
29/09/2017,10457,3.559737258
29/09/2017,10458,3.559744538
29/09/2017,10459,3.559751819
29/09/2017,10460,3.559759099
29/09/2017,10461,3.559766379
29/09/2017,10462,3.559773659
29/09/2017,10463,3.55978094
29/09/2017,10464,3.55978822
29/09/2017,10465,3.5597955
29/09/2017,10466,3.55980278
29/09/2017,10467,3.55981006
29/09/2017,10468,3.559817341
29/09/2017,10469,3.559824621
29/09/2017,10470,3.559831901
29/09/2017,10471,3.559839181
29/09/2017,10472,3.559846462
29/09/2017,10473,3.559853742
29/09/2017,10474,3.559861022
29/09/2017,10475,3.559868302
29/09/2017,10476,3.559875582
29/09/2017,10477,3.559882863
29/09/2017,10478,3.559890143
29/09/2017,10479,3.559897423
29/09/2017,10480,3.559904703
29/09/2017,10481,3.559911984
29/09/2017,10482,3.559919264
29/09/2017,10483,3.559926544
29/09/2017,10484,3.559933824
29/09/2017,10485,3.559941104
29/09/2017,10486,3.559948385
29/09/2017,10487,3.559955665
29/09/2017,10488,3.559962945
29/09/2017,10489,3.559970225
29/09/2017,10490,3.559977505
29/09/2017,10491,3.559984786
29/09/2017,10492,3.559992066
29/09/2017,10493,3.559999346
29/09/2017,10494,3.560006626
29/09/2017,10495,3.560013907
29/09/2017,10496,3.560021187
29/09/2017,10497,3.560028467
29/09/2017,10498,3.560035747
29/09/2017,10499,3.560043027
29/09/2017,10500,3.560050308
29/09/2017,10501,3.560057588
29/09/2017,10502,3.560064868
29/09/2017,10503,3.560072148
29/09/2017,10504,3.560079429
29/09/2017,10505,3.560086709
29/09/2017,10506,3.560093989
29/09/2017,10507,3.560101269
29/09/2017,10508,3.560108549
29/09/2017,10509,3.56011583
29/09/2017,10510,3.56012311
29/09/2017,10511,3.56013039
29/09/2017,10512,3.56013767
29/09/2017,10513,3.560144951
29/09/2017,10514,3.560152231
29/09/2017,10515,3.560159511
29/09/2017,10516,3.560166791
29/09/2017,10517,3.560174071
29/09/2017,10518,3.560181352
29/09/2017,10519,3.560188632
29/09/2017,10520,3.560195912
29/09/2017,10521,3.560203192
29/09/2017,10522,3.560210473
29/09/2017,10523,3.560217753
29/09/2017,10524,3.560225033
29/09/2017,10525,3.560232313
29/09/2017,10526,3.560239593
29/09/2017,10527,3.560246874
29/09/2017,10528,3.560254154
29/09/2017,10529,3.560261434
29/09/2017,10530,3.560268714
29/09/2017,10531,3.560275995
29/09/2017,10532,3.560283275
29/09/2017,10533,3.560290555
29/09/2017,10534,3.560297835
29/09/2017,10535,3.560305115
29/09/2017,10536,3.560312396
29/09/2017,10537,3.560319676
29/09/2017,10538,3.560326956
29/09/2017,10539,3.560334236
29/09/2017,10540,3.560341516
29/09/2017,10541,3.560348797
29/09/2017,10542,3.560356077
29/09/2017,10543,3.560363357
29/09/2017,10544,3.560370637
29/09/2017,10545,3.560377918
29/09/2017,10546,3.560385198
29/09/2017,10547,3.560392478
29/09/2017,10548,3.560399758
29/09/2017,10549,3.560407038
29/09/2017,10550,3.560414319
29/09/2017,10551,3.560421599
29/09/2017,10552,3.560428879
29/09/2017,10553,3.560436159
29/09/2017,10554,3.56044344
29/09/2017,10555,3.56045072
29/09/2017,10556,3.560458
29/09/2017,10557,3.560464308
29/09/2017,10558,3.560470615
29/09/2017,10559,3.560476923
29/09/2017,10560,3.560483231
29/09/2017,10561,3.560489538
29/09/2017,10562,3.560495846
29/09/2017,10563,3.560502154
29/09/2017,10564,3.560508462
29/09/2017,10565,3.560514769
29/09/2017,10566,3.560521077
29/09/2017,10567,3.560527385
29/09/2017,10568,3.560533692
29/09/2017,10569,3.56054
29/09/2017,10570,3.560546308
29/09/2017,10571,3.560552615
29/09/2017,10572,3.560558923
29/09/2017,10573,3.560565231
29/09/2017,10574,3.560571538
29/09/2017,10575,3.560577846
29/09/2017,10576,3.560584154
29/09/2017,10577,3.560590462
29/09/2017,10578,3.560596769
29/09/2017,10579,3.560603077
29/09/2017,10580,3.560609385
29/09/2017,10581,3.560615692
29/09/2017,10582,3.560622
29/09/2017,10583,3.560628308
29/09/2017,10584,3.560634615
29/09/2017,10585,3.560640923
29/09/2017,10586,3.560647231
29/09/2017,10587,3.560653538
29/09/2017,10588,3.560659846
29/09/2017,10589,3.560666154
29/09/2017,10590,3.560672462
29/09/2017,10591,3.560678769
29/09/2017,10592,3.560685077
29/09/2017,10593,3.560691385
29/09/2017,10594,3.560697692
29/09/2017,10595,3.560704
29/09/2017,10596,3.560710308
29/09/2017,10597,3.560716615
29/09/2017,10598,3.560722923
29/09/2017,10599,3.560729231
29/09/2017,10600,3.560735538
29/09/2017,10601,3.560741846
29/09/2017,10602,3.560748154
29/09/2017,10603,3.560754462
29/09/2017,10604,3.560760769
29/09/2017,10605,3.560767077
29/09/2017,10606,3.560773385
29/09/2017,10607,3.560779692
29/09/2017,10608,3.560786
29/09/2017,10609,3.560792308
29/09/2017,10610,3.560798615
29/09/2017,10611,3.560804923
29/09/2017,10612,3.560811231
29/09/2017,10613,3.560817538
29/09/2017,10614,3.560823846
29/09/2017,10615,3.560830154
29/09/2017,10616,3.560836462
29/09/2017,10617,3.560842769
29/09/2017,10618,3.560849077
29/09/2017,10619,3.560855385
29/09/2017,10620,3.560861692
29/09/2017,10621,3.560868
29/09/2017,10622,3.560874308
29/09/2017,10623,3.560880615
29/09/2017,10624,3.560886923
29/09/2017,10625,3.560893231
29/09/2017,10626,3.560899538
29/09/2017,10627,3.560905846
29/09/2017,10628,3.560912154
29/09/2017,10629,3.560918462
29/09/2017,10630,3.560924769
29/09/2017,10631,3.560931077
29/09/2017,10632,3.560937385
29/09/2017,10633,3.560943692
29/09/2017,10634,3.56095
29/09/2017,10635,3.560956308
29/09/2017,10636,3.560962615
29/09/2017,10637,3.560968923
29/09/2017,10638,3.560975231
29/09/2017,10639,3.560981538
29/09/2017,10640,3.560987846
29/09/2017,10641,3.560994154
29/09/2017,10642,3.561000462
29/09/2017,10643,3.561006769
29/09/2017,10644,3.561013077
29/09/2017,10645,3.561019385
29/09/2017,10646,3.561025692
29/09/2017,10647,3.561032
29/09/2017,10648,3.561038308
29/09/2017,10649,3.561044615
29/09/2017,10650,3.561050923
29/09/2017,10651,3.561057231
29/09/2017,10652,3.561063538
29/09/2017,10653,3.561069846
29/09/2017,10654,3.561076154
29/09/2017,10655,3.561082462
29/09/2017,10656,3.561088769
29/09/2017,10657,3.561095077
29/09/2017,10658,3.561101385
29/09/2017,10659,3.561107692
29/09/2017,10660,3.561114
29/09/2017,10661,3.561120308
29/09/2017,10662,3.561126615
29/09/2017,10663,3.561132923
29/09/2017,10664,3.561139231
29/09/2017,10665,3.561145538
29/09/2017,10666,3.561151846
29/09/2017,10667,3.561158154
29/09/2017,10668,3.561164462
29/09/2017,10669,3.561170769
29/09/2017,10670,3.561177077
29/09/2017,10671,3.561183385
29/09/2017,10672,3.561189692
29/09/2017,10673,3.561196
29/09/2017,10674,3.561202308
29/09/2017,10675,3.561208615
29/09/2017,10676,3.561214923
29/09/2017,10677,3.561221231
29/09/2017,10678,3.561227538
29/09/2017,10679,3.561233846
29/09/2017,10680,3.561240154
29/09/2017,10681,3.561246462
29/09/2017,10682,3.561252769
29/09/2017,10683,3.561259077
29/09/2017,10684,3.561265385
29/09/2017,10685,3.561271692
29/09/2017,10686,3.561278
29/09/2017,10687,3.561284308
29/09/2017,10688,3.561290615
29/09/2017,10689,3.561296923
29/09/2017,10690,3.561303231
29/09/2017,10691,3.561309538
29/09/2017,10692,3.561315846
29/09/2017,10693,3.561322154
29/09/2017,10694,3.561328462
29/09/2017,10695,3.561334769
29/09/2017,10696,3.561341077
29/09/2017,10697,3.561347385
29/09/2017,10698,3.561353692
29/09/2017,10699,3.56136
29/09/2017,10700,3.561366308
29/09/2017,10701,3.561372615
29/09/2017,10702,3.561378923
29/09/2017,10703,3.561385231
29/09/2017,10704,3.561391538
29/09/2017,10705,3.561397846
29/09/2017,10706,3.561404154
29/09/2017,10707,3.561410462
29/09/2017,10708,3.561416769
29/09/2017,10709,3.561423077
29/09/2017,10710,3.561429385
29/09/2017,10711,3.561435692
29/09/2017,10712,3.561442
29/09/2017,10713,3.561448308
29/09/2017,10714,3.561454615
29/09/2017,10715,3.561460923
29/09/2017,10716,3.561467231
29/09/2017,10717,3.561473538
29/09/2017,10718,3.561479846
29/09/2017,10719,3.561486154
29/09/2017,10720,3.561492462
29/09/2017,10721,3.561498769
29/09/2017,10722,3.561505077
29/09/2017,10723,3.561511385
29/09/2017,10724,3.561517692
29/09/2017,10725,3.561524
29/09/2017,10726,3.561530308
29/09/2017,10727,3.561536615
29/09/2017,10728,3.561542923
29/09/2017,10729,3.561549231
29/09/2017,10730,3.561555538
29/09/2017,10731,3.561561846
29/09/2017,10732,3.561568154
29/09/2017,10733,3.561574462
29/09/2017,10734,3.561580769
29/09/2017,10735,3.561587077
29/09/2017,10736,3.561593385
29/09/2017,10737,3.561599692
29/09/2017,10738,3.561606
29/09/2017,10739,3.56161156
29/09/2017,10740,3.561617121
29/09/2017,10741,3.561622681
29/09/2017,10742,3.561628242
29/09/2017,10743,3.561633802
29/09/2017,10744,3.561639363
29/09/2017,10745,3.561644923
29/09/2017,10746,3.561650484
29/09/2017,10747,3.561656044
29/09/2017,10748,3.561661604
29/09/2017,10749,3.561667165
29/09/2017,10750,3.561672725
29/09/2017,10751,3.561678286
29/09/2017,10752,3.561683846
29/09/2017,10753,3.561689407
29/09/2017,10754,3.561694967
29/09/2017,10755,3.561700527
29/09/2017,10756,3.561706088
29/09/2017,10757,3.561711648
29/09/2017,10758,3.561717209
29/09/2017,10759,3.561722769
29/09/2017,10760,3.56172833
29/09/2017,10761,3.56173389
29/09/2017,10762,3.561739451
29/09/2017,10763,3.561745011
29/09/2017,10764,3.561750571
29/09/2017,10765,3.561756132
29/09/2017,10766,3.561761692
29/09/2017,10767,3.561767253
29/09/2017,10768,3.561772813
29/09/2017,10769,3.561778374
29/09/2017,10770,3.561783934
29/09/2017,10771,3.561789495
29/09/2017,10772,3.561795055
29/09/2017,10773,3.561800615
29/09/2017,10774,3.561806176
29/09/2017,10775,3.561811736
29/09/2017,10776,3.561817297
29/09/2017,10777,3.561822857
29/09/2017,10778,3.561828418
29/09/2017,10779,3.561833978
29/09/2017,10780,3.561839538
29/09/2017,10781,3.561845099
29/09/2017,10782,3.561850659
29/09/2017,10783,3.56185622
29/09/2017,10784,3.56186178
29/09/2017,10785,3.561867341
29/09/2017,10786,3.561872901
29/09/2017,10787,3.561878462
29/09/2017,10788,3.561884022
29/09/2017,10789,3.561889582
29/09/2017,10790,3.561895143
29/09/2017,10791,3.561900703
29/09/2017,10792,3.561906264
29/09/2017,10793,3.561911824
29/09/2017,10794,3.561917385
29/09/2017,10795,3.561922945
29/09/2017,10796,3.561928505
29/09/2017,10797,3.561934066
29/09/2017,10798,3.561939626
29/09/2017,10799,3.561945187
29/09/2017,10800,3.561950747
29/09/2017,10801,3.561956308
29/09/2017,10802,3.561961868
29/09/2017,10803,3.561967429
29/09/2017,10804,3.561972989
29/09/2017,10805,3.561978549
29/09/2017,10806,3.56198411
29/09/2017,10807,3.56198967
29/09/2017,10808,3.561995231
29/09/2017,10809,3.562000791
29/09/2017,10810,3.562006352
29/09/2017,10811,3.562011912
29/09/2017,10812,3.562017473
29/09/2017,10813,3.562023033
29/09/2017,10814,3.562028593
29/09/2017,10815,3.562034154
29/09/2017,10816,3.562039714
29/09/2017,10817,3.562045275
29/09/2017,10818,3.562050835
29/09/2017,10819,3.562056396
29/09/2017,10820,3.562061956
29/09/2017,10821,3.562067516
29/09/2017,10822,3.562073077
29/09/2017,10823,3.562078637
29/09/2017,10824,3.562084198
29/09/2017,10825,3.562089758
29/09/2017,10826,3.562095319
29/09/2017,10827,3.562100879
29/09/2017,10828,3.56210644
29/09/2017,10829,3.562112
29/09/2017,10830,3.56211756
29/09/2017,10831,3.562123121
29/09/2017,10832,3.562128681
29/09/2017,10833,3.562134242
29/09/2017,10834,3.562139802
29/09/2017,10835,3.562145363
29/09/2017,10836,3.562150923
29/09/2017,10837,3.562156484
29/09/2017,10838,3.562162044
29/09/2017,10839,3.562167604
29/09/2017,10840,3.562173165
29/09/2017,10841,3.562178725
29/09/2017,10842,3.562184286
29/09/2017,10843,3.562189846
29/09/2017,10844,3.562195407
29/09/2017,10845,3.562200967
29/09/2017,10846,3.562206527
29/09/2017,10847,3.562212088
29/09/2017,10848,3.562217648
29/09/2017,10849,3.562223209
29/09/2017,10850,3.562228769
29/09/2017,10851,3.56223433
29/09/2017,10852,3.56223989
29/09/2017,10853,3.562245451
29/09/2017,10854,3.562251011
29/09/2017,10855,3.562256571
29/09/2017,10856,3.562262132
29/09/2017,10857,3.562267692
29/09/2017,10858,3.562273253
29/09/2017,10859,3.562278813
29/09/2017,10860,3.562284374
29/09/2017,10861,3.562289934
29/09/2017,10862,3.562295495
29/09/2017,10863,3.562301055
29/09/2017,10864,3.562306615
29/09/2017,10865,3.562312176
29/09/2017,10866,3.562317736
29/09/2017,10867,3.562323297
29/09/2017,10868,3.562328857
29/09/2017,10869,3.562334418
29/09/2017,10870,3.562339978
29/09/2017,10871,3.562345538
29/09/2017,10872,3.562351099
29/09/2017,10873,3.562356659
29/09/2017,10874,3.56236222
29/09/2017,10875,3.56236778
29/09/2017,10876,3.562373341
29/09/2017,10877,3.562378901
29/09/2017,10878,3.562384462
29/09/2017,10879,3.562390022
29/09/2017,10880,3.562395582
29/09/2017,10881,3.562401143
29/09/2017,10882,3.562406703
29/09/2017,10883,3.562412264
29/09/2017,10884,3.562417824
29/09/2017,10885,3.562423385
29/09/2017,10886,3.562428945
29/09/2017,10887,3.562434505
29/09/2017,10888,3.562440066
29/09/2017,10889,3.562445626
29/09/2017,10890,3.562451187
29/09/2017,10891,3.562456747
29/09/2017,10892,3.562462308
29/09/2017,10893,3.562467868
29/09/2017,10894,3.562473429
29/09/2017,10895,3.562478989
29/09/2017,10896,3.562484549
29/09/2017,10897,3.56249011
29/09/2017,10898,3.56249567
29/09/2017,10899,3.562501231
29/09/2017,10900,3.562506791
29/09/2017,10901,3.562512352
29/09/2017,10902,3.562517912
29/09/2017,10903,3.562523473
29/09/2017,10904,3.562529033
29/09/2017,10905,3.562534593
29/09/2017,10906,3.562540154
29/09/2017,10907,3.562545714
29/09/2017,10908,3.562551275
29/09/2017,10909,3.562556835
29/09/2017,10910,3.562562396
29/09/2017,10911,3.562567956
29/09/2017,10912,3.562573516
29/09/2017,10913,3.562579077
29/09/2017,10914,3.562584637
29/09/2017,10915,3.562590198
29/09/2017,10916,3.562595758
29/09/2017,10917,3.562601319
29/09/2017,10918,3.562606879
29/09/2017,10919,3.56261244
29/09/2017,10920,3.562618
29/09/2017,10921,3.562618
29/09/2017,10922,3.562618
29/09/2017,10923,3.562618
29/09/2017,10924,3.562618
29/09/2017,10925,3.562618
29/09/2017,10926,3.562618
29/09/2017,10927,3.562618
29/09/2017,10928,3.562618
29/09/2017,10929,3.562618
29/09/2017,10930,3.562618
29/09/2017,10931,3.562618
29/09/2017,10932,3.562618
29/09/2017,10933,3.562618
29/09/2017,10934,3.562618
29/09/2017,10935,3.562618
29/09/2017,10936,3.562618
29/09/2017,10937,3.562618
29/09/2017,10938,3.562618
29/09/2017,10939,3.562618
29/09/2017,10940,3.562618
29/09/2017,10941,3.562618
29/09/2017,10942,3.562618
29/09/2017,10943,3.562618
29/09/2017,10944,3.562618
29/09/2017,10945,3.562618
29/09/2017,10946,3.562618
29/09/2017,10947,3.562618
29/09/2017,10948,3.562618
29/09/2017,10949,3.562618
29/09/2017,10950,3.562618
29/09/2017,10951,3.562618
29/09/2017,10952,3.562618
29/09/2017,10953,3.562618
29/09/2017,10954,3.562618
29/09/2017,10955,3.562618
29/09/2017,10956,3.562618
29/09/2017,10957,3.562618
29/09/2017,10958,3.562618
29/09/2017,10959,3.562618
29/09/2017,10960,3.562618
29/09/2017,10961,3.562618
29/09/2017,10962,3.562618
29/09/2017,10963,3.562618
29/09/2017,10964,3.562618
29/09/2017,10965,3.562618
29/09/2017,10966,3.562618
29/09/2017,10967,3.562618
29/09/2017,10968,3.562618
29/09/2017,10969,3.562618
29/09/2017,10970,3.562618
29/09/2017,10971,3.562618
29/09/2017,10972,3.562618
29/09/2017,10973,3.562618
29/09/2017,10974,3.562618
29/09/2017,10975,3.562618
29/09/2017,10976,3.562618
29/09/2017,10977,3.562618
29/09/2017,10978,3.562618
29/09/2017,10979,3.562618
29/09/2017,10980,3.562618
29/09/2017,10981,3.562618
29/09/2017,10982,3.562618
29/09/2017,10983,3.562618
29/09/2017,10984,3.562618
29/09/2017,10985,3.562618
29/09/2017,10986,3.562618
29/09/2017,10987,3.562618
29/09/2017,10988,3.562618
29/09/2017,10989,3.562618
29/09/2017,10990,3.562618
29/09/2017,10991,3.562618
29/09/2017,10992,3.562618
29/09/2017,10993,3.562618
29/09/2017,10994,3.562618
29/09/2017,10995,3.562618
29/09/2017,10996,3.562618
29/09/2017,10997,3.562618
29/09/2017,10998,3.562618
29/09/2017,10999,3.562618
29/09/2017,11000,3.562618
29/09/2017,11001,3.562618
29/09/2017,11002,3.562618
29/09/2017,11003,3.562618
29/09/2017,11004,3.562618
29/09/2017,11005,3.562618
29/09/2017,11006,3.562618
29/09/2017,11007,3.562618
29/09/2017,11008,3.562618
29/09/2017,11009,3.562618
29/09/2017,11010,3.562618
29/09/2017,11011,3.562618
29/09/2017,11012,3.562618
29/09/2017,11013,3.562618
29/09/2017,11014,3.562618
29/09/2017,11015,3.562618
29/09/2017,11016,3.562618
29/09/2017,11017,3.562618
29/09/2017,11018,3.562618
29/09/2017,11019,3.562618
29/09/2017,11020,3.562618
29/09/2017,11021,3.562618
29/09/2017,11022,3.562618
29/09/2017,11023,3.562618
29/09/2017,11024,3.562618
29/09/2017,11025,3.562618
29/09/2017,11026,3.562618
29/09/2017,11027,3.562618
29/09/2017,11028,3.562618
29/09/2017,11029,3.562618
29/09/2017,11030,3.562618
29/09/2017,11031,3.562618
29/09/2017,11032,3.562618
29/09/2017,11033,3.562618
29/09/2017,11034,3.562618
29/09/2017,11035,3.562618
29/09/2017,11036,3.562618
29/09/2017,11037,3.562618
29/09/2017,11038,3.562618
29/09/2017,11039,3.562618
29/09/2017,11040,3.562618
29/09/2017,11041,3.562618
29/09/2017,11042,3.562618
29/09/2017,11043,3.562618
29/09/2017,11044,3.562618
29/09/2017,11045,3.562618
29/09/2017,11046,3.562618
29/09/2017,11047,3.562618
29/09/2017,11048,3.562618
29/09/2017,11049,3.562618
29/09/2017,11050,3.562618
29/09/2017,11051,3.562618
29/09/2017,11052,3.562618
29/09/2017,11053,3.562618
29/09/2017,11054,3.562618
29/09/2017,11055,3.562618
29/09/2017,11056,3.562618
29/09/2017,11057,3.562618
29/09/2017,11058,3.562618
29/09/2017,11059,3.562618
29/09/2017,11060,3.562618
29/09/2017,11061,3.562618
29/09/2017,11062,3.562618
29/09/2017,11063,3.562618
29/09/2017,11064,3.562618
29/09/2017,11065,3.562618
29/09/2017,11066,3.562618
29/09/2017,11067,3.562618
29/09/2017,11068,3.562618
29/09/2017,11069,3.562618
29/09/2017,11070,3.562618
29/09/2017,11071,3.562618
29/09/2017,11072,3.562618
29/09/2017,11073,3.562618
29/09/2017,11074,3.562618
29/09/2017,11075,3.562618
29/09/2017,11076,3.562618
29/09/2017,11077,3.562618
29/09/2017,11078,3.562618
29/09/2017,11079,3.562618
29/09/2017,11080,3.562618
29/09/2017,11081,3.562618
29/09/2017,11082,3.562618
29/09/2017,11083,3.562618
29/09/2017,11084,3.562618
29/09/2017,11085,3.562618
29/09/2017,11086,3.562618
29/09/2017,11087,3.562618
29/09/2017,11088,3.562618
29/09/2017,11089,3.562618
29/09/2017,11090,3.562618
29/09/2017,11091,3.562618
29/09/2017,11092,3.562618
29/09/2017,11093,3.562618
29/09/2017,11094,3.562618
29/09/2017,11095,3.562618
29/09/2017,11096,3.562618
29/09/2017,11097,3.562618
29/09/2017,11098,3.562618
29/09/2017,11099,3.562618
29/09/2017,11100,3.562618
29/09/2017,11101,3.562618
29/09/2017,11102,3.562618
29/09/2017,11103,3.562618
29/09/2017,11104,3.562618
29/09/2017,11105,3.562618
29/09/2017,11106,3.562618
29/09/2017,11107,3.562618
29/09/2017,11108,3.562618
29/09/2017,11109,3.562618
29/09/2017,11110,3.562618
29/09/2017,11111,3.562618
29/09/2017,11112,3.562618
29/09/2017,11113,3.562618
29/09/2017,11114,3.562618
29/09/2017,11115,3.562618
29/09/2017,11116,3.562618
29/09/2017,11117,3.562618
29/09/2017,11118,3.562618
29/09/2017,11119,3.562618
29/09/2017,11120,3.562618
29/09/2017,11121,3.562618
29/09/2017,11122,3.562618
29/09/2017,11123,3.562618
29/09/2017,11124,3.562618
29/09/2017,11125,3.562618
29/09/2017,11126,3.562618
29/09/2017,11127,3.562618
29/09/2017,11128,3.562618
29/09/2017,11129,3.562618
29/09/2017,11130,3.562618
29/09/2017,11131,3.562618
29/09/2017,11132,3.562618
29/09/2017,11133,3.562618
29/09/2017,11134,3.562618
29/09/2017,11135,3.562618
29/09/2017,11136,3.562618
29/09/2017,11137,3.562618
29/09/2017,11138,3.562618
29/09/2017,11139,3.562618
29/09/2017,11140,3.562618
29/09/2017,11141,3.562618
29/09/2017,11142,3.562618
29/09/2017,11143,3.562618
29/09/2017,11144,3.562618
29/09/2017,11145,3.562618
29/09/2017,11146,3.562618
29/09/2017,11147,3.562618
29/09/2017,11148,3.562618
29/09/2017,11149,3.562618
29/09/2017,11150,3.562618
29/09/2017,11151,3.562618
29/09/2017,11152,3.562618
29/09/2017,11153,3.562618
29/09/2017,11154,3.562618
29/09/2017,11155,3.562618
29/09/2017,11156,3.562618
29/09/2017,11157,3.562618
29/09/2017,11158,3.562618
29/09/2017,11159,3.562618
29/09/2017,11160,3.562618
29/09/2017,11161,3.562618
29/09/2017,11162,3.562618
29/09/2017,11163,3.562618
29/09/2017,11164,3.562618
29/09/2017,11165,3.562618
29/09/2017,11166,3.562618
29/09/2017,11167,3.562618
29/09/2017,11168,3.562618
29/09/2017,11169,3.562618
29/09/2017,11170,3.562618
29/09/2017,11171,3.562618
29/09/2017,11172,3.562618
29/09/2017,11173,3.562618
29/09/2017,11174,3.562618
29/09/2017,11175,3.562618
29/09/2017,11176,3.562618
29/09/2017,11177,3.562618
29/09/2017,11178,3.562618
29/09/2017,11179,3.562618
29/09/2017,11180,3.562618
29/09/2017,11181,3.562618
29/09/2017,11182,3.562618
29/09/2017,11183,3.562618
29/09/2017,11184,3.562618
29/09/2017,11185,3.562618
29/09/2017,11186,3.562618
29/09/2017,11187,3.562618
29/09/2017,11188,3.562618
29/09/2017,11189,3.562618
29/09/2017,11190,3.562618
29/09/2017,11191,3.562618
29/09/2017,11192,3.562618
29/09/2017,11193,3.562618
29/09/2017,11194,3.562618
29/09/2017,11195,3.562618
29/09/2017,11196,3.562618
29/09/2017,11197,3.562618
29/09/2017,11198,3.562618
29/09/2017,11199,3.562618
29/09/2017,11200,3.562618
29/09/2017,11201,3.562618
29/09/2017,11202,3.562618
29/09/2017,11203,3.562618
29/09/2017,11204,3.562618
29/09/2017,11205,3.562618
29/09/2017,11206,3.562618
29/09/2017,11207,3.562618
29/09/2017,11208,3.562618
29/09/2017,11209,3.562618
29/09/2017,11210,3.562618
29/09/2017,11211,3.562618
29/09/2017,11212,3.562618
29/09/2017,11213,3.562618
29/09/2017,11214,3.562618
29/09/2017,11215,3.562618
29/09/2017,11216,3.562618
29/09/2017,11217,3.562618
29/09/2017,11218,3.562618
29/09/2017,11219,3.562618
29/09/2017,11220,3.562618
29/09/2017,11221,3.562618
29/09/2017,11222,3.562618
29/09/2017,11223,3.562618
29/09/2017,11224,3.562618
29/09/2017,11225,3.562618
29/09/2017,11226,3.562618
29/09/2017,11227,3.562618
29/09/2017,11228,3.562618
29/09/2017,11229,3.562618
29/09/2017,11230,3.562618
29/09/2017,11231,3.562618
29/09/2017,11232,3.562618
29/09/2017,11233,3.562618
29/09/2017,11234,3.562618
29/09/2017,11235,3.562618
29/09/2017,11236,3.562618
29/09/2017,11237,3.562618
29/09/2017,11238,3.562618
29/09/2017,11239,3.562618
29/09/2017,11240,3.562618
29/09/2017,11241,3.562618
29/09/2017,11242,3.562618
29/09/2017,11243,3.562618
29/09/2017,11244,3.562618
29/09/2017,11245,3.562618
29/09/2017,11246,3.562618
29/09/2017,11247,3.562618
29/09/2017,11248,3.562618
29/09/2017,11249,3.562618
29/09/2017,11250,3.562618
29/09/2017,11251,3.562618
29/09/2017,11252,3.562618
29/09/2017,11253,3.562618
29/09/2017,11254,3.562618
29/09/2017,11255,3.562618
29/09/2017,11256,3.562618
29/09/2017,11257,3.562618
29/09/2017,11258,3.562618
29/09/2017,11259,3.562618
29/09/2017,11260,3.562618
29/09/2017,11261,3.562618
29/09/2017,11262,3.562618
29/09/2017,11263,3.562618
29/09/2017,11264,3.562618
29/09/2017,11265,3.562618
29/09/2017,11266,3.562618
29/09/2017,11267,3.562618
29/09/2017,11268,3.562618
29/09/2017,11269,3.562618
29/09/2017,11270,3.562618
29/09/2017,11271,3.562618
29/09/2017,11272,3.562618
29/09/2017,11273,3.562618
29/09/2017,11274,3.562618
29/09/2017,11275,3.562618
29/09/2017,11276,3.562618
29/09/2017,11277,3.562618
29/09/2017,11278,3.562618
29/09/2017,11279,3.562618
29/09/2017,11280,3.562618
29/09/2017,11281,3.562618
29/09/2017,11282,3.562618
29/09/2017,11283,3.562618
29/09/2017,11284,3.562618
29/09/2017,11285,3.562618
29/09/2017,11286,3.562618
29/09/2017,11287,3.562618
29/09/2017,11288,3.562618
29/09/2017,11289,3.562618
29/09/2017,11290,3.562618
29/09/2017,11291,3.562618
29/09/2017,11292,3.562618
29/09/2017,11293,3.562618
29/09/2017,11294,3.562618
29/09/2017,11295,3.562618
29/09/2017,11296,3.562618
29/09/2017,11297,3.562618
29/09/2017,11298,3.562618
29/09/2017,11299,3.562618
29/09/2017,11300,3.562618
29/09/2017,11301,3.562618
29/09/2017,11302,3.562618
29/09/2017,11303,3.562618
29/09/2017,11304,3.562618
29/09/2017,11305,3.562618
29/09/2017,11306,3.562618
29/09/2017,11307,3.562618
29/09/2017,11308,3.562618
29/09/2017,11309,3.562618
29/09/2017,11310,3.562618
29/09/2017,11311,3.562618
29/09/2017,11312,3.562618
29/09/2017,11313,3.562618
29/09/2017,11314,3.562618
29/09/2017,11315,3.562618
29/09/2017,11316,3.562618
29/09/2017,11317,3.562618
29/09/2017,11318,3.562618
29/09/2017,11319,3.562618
29/09/2017,11320,3.562618
29/09/2017,11321,3.562618
29/09/2017,11322,3.562618
29/09/2017,11323,3.562618
29/09/2017,11324,3.562618
29/09/2017,11325,3.562618
29/09/2017,11326,3.562618
29/09/2017,11327,3.562618
29/09/2017,11328,3.562618
29/09/2017,11329,3.562618
29/09/2017,11330,3.562618
29/09/2017,11331,3.562618
29/09/2017,11332,3.562618
29/09/2017,11333,3.562618
29/09/2017,11334,3.562618
29/09/2017,11335,3.562618
29/09/2017,11336,3.562618
29/09/2017,11337,3.562618
29/09/2017,11338,3.562618
29/09/2017,11339,3.562618
29/09/2017,11340,3.562618
29/09/2017,11341,3.562618
29/09/2017,11342,3.562618
29/09/2017,11343,3.562618
29/09/2017,11344,3.562618
29/09/2017,11345,3.562618
29/09/2017,11346,3.562618
29/09/2017,11347,3.562618
29/09/2017,11348,3.562618
29/09/2017,11349,3.562618
29/09/2017,11350,3.562618
29/09/2017,11351,3.562618
29/09/2017,11352,3.562618
29/09/2017,11353,3.562618
29/09/2017,11354,3.562618
29/09/2017,11355,3.562618
29/09/2017,11356,3.562618
29/09/2017,11357,3.562618
29/09/2017,11358,3.562618
29/09/2017,11359,3.562618
29/09/2017,11360,3.562618
29/09/2017,11361,3.562618
29/09/2017,11362,3.562618
29/09/2017,11363,3.562618
29/09/2017,11364,3.562618
29/09/2017,11365,3.562618
29/09/2017,11366,3.562618
29/09/2017,11367,3.562618
29/09/2017,11368,3.562618
29/09/2017,11369,3.562618
29/09/2017,11370,3.562618
29/09/2017,11371,3.562618
29/09/2017,11372,3.562618
29/09/2017,11373,3.562618
29/09/2017,11374,3.562618
29/09/2017,11375,3.562618
29/09/2017,11376,3.562618
29/09/2017,11377,3.562618
29/09/2017,11378,3.562618
29/09/2017,11379,3.562618
29/09/2017,11380,3.562618
29/09/2017,11381,3.562618
29/09/2017,11382,3.562618
29/09/2017,11383,3.562618
29/09/2017,11384,3.562618
29/09/2017,11385,3.562618
29/09/2017,11386,3.562618
29/09/2017,11387,3.562618
29/09/2017,11388,3.562618
29/09/2017,11389,3.562618
29/09/2017,11390,3.562618
29/09/2017,11391,3.562618
29/09/2017,11392,3.562618
29/09/2017,11393,3.562618
29/09/2017,11394,3.562618
29/09/2017,11395,3.562618
29/09/2017,11396,3.562618
29/09/2017,11397,3.562618
29/09/2017,11398,3.562618
29/09/2017,11399,3.562618
29/09/2017,11400,3.562618
29/09/2017,11401,3.562618
29/09/2017,11402,3.562618
29/09/2017,11403,3.562618
29/09/2017,11404,3.562618
29/09/2017,11405,3.562618
29/09/2017,11406,3.562618
29/09/2017,11407,3.562618
29/09/2017,11408,3.562618
29/09/2017,11409,3.562618
29/09/2017,11410,3.562618
29/09/2017,11411,3.562618
29/09/2017,11412,3.562618
29/09/2017,11413,3.562618
29/09/2017,11414,3.562618
29/09/2017,11415,3.562618
29/09/2017,11416,3.562618
29/09/2017,11417,3.562618
29/09/2017,11418,3.562618
29/09/2017,11419,3.562618
29/09/2017,11420,3.562618
29/09/2017,11421,3.562618
29/09/2017,11422,3.562618
29/09/2017,11423,3.562618
29/09/2017,11424,3.562618
29/09/2017,11425,3.562618
29/09/2017,11426,3.562618
29/09/2017,11427,3.562618
29/09/2017,11428,3.562618
29/09/2017,11429,3.562618
29/09/2017,11430,3.562618
29/09/2017,11431,3.562618
29/09/2017,11432,3.562618
29/09/2017,11433,3.562618
29/09/2017,11434,3.562618
29/09/2017,11435,3.562618
29/09/2017,11436,3.562618
29/09/2017,11437,3.562618
29/09/2017,11438,3.562618
29/09/2017,11439,3.562618
29/09/2017,11440,3.562618
29/09/2017,11441,3.562618
29/09/2017,11442,3.562618
29/09/2017,11443,3.562618
29/09/2017,11444,3.562618
29/09/2017,11445,3.562618
29/09/2017,11446,3.562618
29/09/2017,11447,3.562618
29/09/2017,11448,3.562618
29/09/2017,11449,3.562618
29/09/2017,11450,3.562618
29/09/2017,11451,3.562618
29/09/2017,11452,3.562618
29/09/2017,11453,3.562618
29/09/2017,11454,3.562618
29/09/2017,11455,3.562618
29/09/2017,11456,3.562618
29/09/2017,11457,3.562618
29/09/2017,11458,3.562618
29/09/2017,11459,3.562618
29/09/2017,11460,3.562618
29/09/2017,11461,3.562618
29/09/2017,11462,3.562618
29/09/2017,11463,3.562618
29/09/2017,11464,3.562618
29/09/2017,11465,3.562618
29/09/2017,11466,3.562618
29/09/2017,11467,3.562618
29/09/2017,11468,3.562618
29/09/2017,11469,3.562618
29/09/2017,11470,3.562618
29/09/2017,11471,3.562618
29/09/2017,11472,3.562618
29/09/2017,11473,3.562618
29/09/2017,11474,3.562618
29/09/2017,11475,3.562618
29/09/2017,11476,3.562618
29/09/2017,11477,3.562618
29/09/2017,11478,3.562618
29/09/2017,11479,3.562618
29/09/2017,11480,3.562618
29/09/2017,11481,3.562618
29/09/2017,11482,3.562618
29/09/2017,11483,3.562618
29/09/2017,11484,3.562618
29/09/2017,11485,3.562618
29/09/2017,11486,3.562618
29/09/2017,11487,3.562618
29/09/2017,11488,3.562618
29/09/2017,11489,3.562618
29/09/2017,11490,3.562618
29/09/2017,11491,3.562618
29/09/2017,11492,3.562618
29/09/2017,11493,3.562618
29/09/2017,11494,3.562618
29/09/2017,11495,3.562618
29/09/2017,11496,3.562618
29/09/2017,11497,3.562618
29/09/2017,11498,3.562618
29/09/2017,11499,3.562618
29/09/2017,11500,3.562618
29/09/2017,11501,3.562618
29/09/2017,11502,3.562618
29/09/2017,11503,3.562618
29/09/2017,11504,3.562618
29/09/2017,11505,3.562618
29/09/2017,11506,3.562618
29/09/2017,11507,3.562618
29/09/2017,11508,3.562618
29/09/2017,11509,3.562618
29/09/2017,11510,3.562618
29/09/2017,11511,3.562618
29/09/2017,11512,3.562618
29/09/2017,11513,3.562618
29/09/2017,11514,3.562618
29/09/2017,11515,3.562618
29/09/2017,11516,3.562618
29/09/2017,11517,3.562618
29/09/2017,11518,3.562618
29/09/2017,11519,3.562618
29/09/2017,11520,3.562618
29/09/2017,11521,3.562618
29/09/2017,11522,3.562618
29/09/2017,11523,3.562618
29/09/2017,11524,3.562618
29/09/2017,11525,3.562618
29/09/2017,11526,3.562618
29/09/2017,11527,3.562618
29/09/2017,11528,3.562618
29/09/2017,11529,3.562618
29/09/2017,11530,3.562618
29/09/2017,11531,3.562618
29/09/2017,11532,3.562618
29/09/2017,11533,3.562618
29/09/2017,11534,3.562618
29/09/2017,11535,3.562618
29/09/2017,11536,3.562618
29/09/2017,11537,3.562618
29/09/2017,11538,3.562618
29/09/2017,11539,3.562618
29/09/2017,11540,3.562618
29/09/2017,11541,3.562618
29/09/2017,11542,3.562618
29/09/2017,11543,3.562618
29/09/2017,11544,3.562618
29/09/2017,11545,3.562618
29/09/2017,11546,3.562618
29/09/2017,11547,3.562618
29/09/2017,11548,3.562618
29/09/2017,11549,3.562618
29/09/2017,11550,3.562618
29/09/2017,11551,3.562618
29/09/2017,11552,3.562618
29/09/2017,11553,3.562618
29/09/2017,11554,3.562618
29/09/2017,11555,3.562618
29/09/2017,11556,3.562618
29/09/2017,11557,3.562618
29/09/2017,11558,3.562618
29/09/2017,11559,3.562618
29/09/2017,11560,3.562618
29/09/2017,11561,3.562618
29/09/2017,11562,3.562618
29/09/2017,11563,3.562618
29/09/2017,11564,3.562618
29/09/2017,11565,3.562618
29/09/2017,11566,3.562618
29/09/2017,11567,3.562618
29/09/2017,11568,3.562618
29/09/2017,11569,3.562618
29/09/2017,11570,3.562618
29/09/2017,11571,3.562618
29/09/2017,11572,3.562618
29/09/2017,11573,3.562618
29/09/2017,11574,3.562618
29/09/2017,11575,3.562618
29/09/2017,11576,3.562618
29/09/2017,11577,3.562618
29/09/2017,11578,3.562618
29/09/2017,11579,3.562618
29/09/2017,11580,3.562618
29/09/2017,11581,3.562618
29/09/2017,11582,3.562618
29/09/2017,11583,3.562618
29/09/2017,11584,3.562618
29/09/2017,11585,3.562618
29/09/2017,11586,3.562618
29/09/2017,11587,3.562618
29/09/2017,11588,3.562618
29/09/2017,11589,3.562618
29/09/2017,11590,3.562618
29/09/2017,11591,3.562618
29/09/2017,11592,3.562618
29/09/2017,11593,3.562618
29/09/2017,11594,3.562618
29/09/2017,11595,3.562618
29/09/2017,11596,3.562618
29/09/2017,11597,3.562618
29/09/2017,11598,3.562618
29/09/2017,11599,3.562618
29/09/2017,11600,3.562618
29/09/2017,11601,3.562618
29/09/2017,11602,3.562618
29/09/2017,11603,3.562618
29/09/2017,11604,3.562618
29/09/2017,11605,3.562618
29/09/2017,11606,3.562618
29/09/2017,11607,3.562618
29/09/2017,11608,3.562618
29/09/2017,11609,3.562618
29/09/2017,11610,3.562618
29/09/2017,11611,3.562618
29/09/2017,11612,3.562618
29/09/2017,11613,3.562618
29/09/2017,11614,3.562618
29/09/2017,11615,3.562618
29/09/2017,11616,3.562618
29/09/2017,11617,3.562618
29/09/2017,11618,3.562618
29/09/2017,11619,3.562618
29/09/2017,11620,3.562618
29/09/2017,11621,3.562618
29/09/2017,11622,3.562618
29/09/2017,11623,3.562618
29/09/2017,11624,3.562618
29/09/2017,11625,3.562618
29/09/2017,11626,3.562618
29/09/2017,11627,3.562618
29/09/2017,11628,3.562618
29/09/2017,11629,3.562618
29/09/2017,11630,3.562618
29/09/2017,11631,3.562618
29/09/2017,11632,3.562618
29/09/2017,11633,3.562618
29/09/2017,11634,3.562618
29/09/2017,11635,3.562618
29/09/2017,11636,3.562618
29/09/2017,11637,3.562618
29/09/2017,11638,3.562618
29/09/2017,11639,3.562618
29/09/2017,11640,3.562618
29/09/2017,11641,3.562618
29/09/2017,11642,3.562618
29/09/2017,11643,3.562618
29/09/2017,11644,3.562618
29/09/2017,11645,3.562618
29/09/2017,11646,3.562618
29/09/2017,11647,3.562618
29/09/2017,11648,3.562618
29/09/2017,11649,3.562618
29/09/2017,11650,3.562618
29/09/2017,11651,3.562618
29/09/2017,11652,3.562618
29/09/2017,11653,3.562618
29/09/2017,11654,3.562618
29/09/2017,11655,3.562618
29/09/2017,11656,3.562618
29/09/2017,11657,3.562618
29/09/2017,11658,3.562618
29/09/2017,11659,3.562618
29/09/2017,11660,3.562618
29/09/2017,11661,3.562618
29/09/2017,11662,3.562618
29/09/2017,11663,3.562618
29/09/2017,11664,3.562618
29/09/2017,11665,3.562618
29/09/2017,11666,3.562618
29/09/2017,11667,3.562618
29/09/2017,11668,3.562618
29/09/2017,11669,3.562618
29/09/2017,11670,3.562618
29/09/2017,11671,3.562618
29/09/2017,11672,3.562618
29/09/2017,11673,3.562618
29/09/2017,11674,3.562618
29/09/2017,11675,3.562618
29/09/2017,11676,3.562618
29/09/2017,11677,3.562618
29/09/2017,11678,3.562618
29/09/2017,11679,3.562618
29/09/2017,11680,3.562618
29/09/2017,11681,3.562618
29/09/2017,11682,3.562618
29/09/2017,11683,3.562618
29/09/2017,11684,3.562618
29/09/2017,11685,3.562618
29/09/2017,11686,3.562618
29/09/2017,11687,3.562618
29/09/2017,11688,3.562618
29/09/2017,11689,3.562618
29/09/2017,11690,3.562618
29/09/2017,11691,3.562618
29/09/2017,11692,3.562618
29/09/2017,11693,3.562618
29/09/2017,11694,3.562618
29/09/2017,11695,3.562618
29/09/2017,11696,3.562618
29/09/2017,11697,3.562618
29/09/2017,11698,3.562618
29/09/2017,11699,3.562618
29/09/2017,11700,3.562618
29/09/2017,11701,3.562618
29/09/2017,11702,3.562618
29/09/2017,11703,3.562618
29/09/2017,11704,3.562618
29/09/2017,11705,3.562618
29/09/2017,11706,3.562618
29/09/2017,11707,3.562618
29/09/2017,11708,3.562618
29/09/2017,11709,3.562618
29/09/2017,11710,3.562618
29/09/2017,11711,3.562618
29/09/2017,11712,3.562618
29/09/2017,11713,3.562618
29/09/2017,11714,3.562618
29/09/2017,11715,3.562618
29/09/2017,11716,3.562618
29/09/2017,11717,3.562618
29/09/2017,11718,3.562618
29/09/2017,11719,3.562618
29/09/2017,11720,3.562618
29/09/2017,11721,3.562618
29/09/2017,11722,3.562618
29/09/2017,11723,3.562618
29/09/2017,11724,3.562618
29/09/2017,11725,3.562618
29/09/2017,11726,3.562618
29/09/2017,11727,3.562618
29/09/2017,11728,3.562618
29/09/2017,11729,3.562618
29/09/2017,11730,3.562618
29/09/2017,11731,3.562618
29/09/2017,11732,3.562618
29/09/2017,11733,3.562618
29/09/2017,11734,3.562618
29/09/2017,11735,3.562618
29/09/2017,11736,3.562618
29/09/2017,11737,3.562618
29/09/2017,11738,3.562618
29/09/2017,11739,3.562618
29/09/2017,11740,3.562618
29/09/2017,11741,3.562618
29/09/2017,11742,3.562618
29/09/2017,11743,3.562618
29/09/2017,11744,3.562618
29/09/2017,11745,3.562618
29/09/2017,11746,3.562618
29/09/2017,11747,3.562618
29/09/2017,11748,3.562618
29/09/2017,11749,3.562618
29/09/2017,11750,3.562618
29/09/2017,11751,3.562618
29/09/2017,11752,3.562618
29/09/2017,11753,3.562618
29/09/2017,11754,3.562618
29/09/2017,11755,3.562618
29/09/2017,11756,3.562618
29/09/2017,11757,3.562618
29/09/2017,11758,3.562618
29/09/2017,11759,3.562618
29/09/2017,11760,3.562618
29/09/2017,11761,3.562618
29/09/2017,11762,3.562618
29/09/2017,11763,3.562618
29/09/2017,11764,3.562618
29/09/2017,11765,3.562618
29/09/2017,11766,3.562618
29/09/2017,11767,3.562618
29/09/2017,11768,3.562618
29/09/2017,11769,3.562618
29/09/2017,11770,3.562618
29/09/2017,11771,3.562618
29/09/2017,11772,3.562618
29/09/2017,11773,3.562618
29/09/2017,11774,3.562618
29/09/2017,11775,3.562618
29/09/2017,11776,3.562618
29/09/2017,11777,3.562618
29/09/2017,11778,3.562618
29/09/2017,11779,3.562618
29/09/2017,11780,3.562618
29/09/2017,11781,3.562618
29/09/2017,11782,3.562618
29/09/2017,11783,3.562618
29/09/2017,11784,3.562618
29/09/2017,11785,3.562618
29/09/2017,11786,3.562618
29/09/2017,11787,3.562618
29/09/2017,11788,3.562618
29/09/2017,11789,3.562618
29/09/2017,11790,3.562618
29/09/2017,11791,3.562618
29/09/2017,11792,3.562618
29/09/2017,11793,3.562618
29/09/2017,11794,3.562618
29/09/2017,11795,3.562618
29/09/2017,11796,3.562618
29/09/2017,11797,3.562618
29/09/2017,11798,3.562618
29/09/2017,11799,3.562618
29/09/2017,11800,3.562618
29/09/2017,11801,3.562618
29/09/2017,11802,3.562618
29/09/2017,11803,3.562618
29/09/2017,11804,3.562618
29/09/2017,11805,3.562618
29/09/2017,11806,3.562618
29/09/2017,11807,3.562618
29/09/2017,11808,3.562618
29/09/2017,11809,3.562618
29/09/2017,11810,3.562618
29/09/2017,11811,3.562618
29/09/2017,11812,3.562618
29/09/2017,11813,3.562618
29/09/2017,11814,3.562618
29/09/2017,11815,3.562618
29/09/2017,11816,3.562618
29/09/2017,11817,3.562618
29/09/2017,11818,3.562618
29/09/2017,11819,3.562618
29/09/2017,11820,3.562618
29/09/2017,11821,3.562618
29/09/2017,11822,3.562618
29/09/2017,11823,3.562618
29/09/2017,11824,3.562618
29/09/2017,11825,3.562618
29/09/2017,11826,3.562618
29/09/2017,11827,3.562618
29/09/2017,11828,3.562618
29/09/2017,11829,3.562618
29/09/2017,11830,3.562618
29/09/2017,11831,3.562618
29/09/2017,11832,3.562618
29/09/2017,11833,3.562618
29/09/2017,11834,3.562618
29/09/2017,11835,3.562618
29/09/2017,11836,3.562618
29/09/2017,11837,3.562618
29/09/2017,11838,3.562618
29/09/2017,11839,3.562618
29/09/2017,11840,3.562618
