FECHA,PLAZO,VALOR
30/06/2011,1,1.4492
30/06/2011,2,1.4492
30/06/2011,3,1.4492
30/06/2011,4,1.4492
30/06/2011,5,1.4492
30/06/2011,6,1.4492
30/06/2011,7,1.4492
30/06/2011,8,1.4492
30/06/2011,9,1.4492
30/06/2011,10,1.4492
30/06/2011,11,1.4492
30/06/2011,12,1.4492
30/06/2011,13,1.4492
30/06/2011,14,1.4492
30/06/2011,15,1.4492
30/06/2011,16,1.4492
30/06/2011,17,1.4492
30/06/2011,18,1.4492
30/06/2011,19,1.4492
30/06/2011,20,1.4492
30/06/2011,21,1.4492
30/06/2011,22,1.4492
30/06/2011,23,1.4492
30/06/2011,24,1.4492
30/06/2011,25,1.4492
30/06/2011,26,1.4492
30/06/2011,27,1.4492
30/06/2011,28,1.4492
30/06/2011,29,1.4492
30/06/2011,30,1.4492
30/06/2011,31,1.4492
30/06/2011,32,1.4492
30/06/2011,33,1.4492
30/06/2011,34,1.4492
30/06/2011,35,1.4492
30/06/2011,36,1.4492
30/06/2011,37,1.4492
30/06/2011,38,1.4492
30/06/2011,39,1.4492
30/06/2011,40,1.4492
30/06/2011,41,1.4492
30/06/2011,42,1.4492
30/06/2011,43,1.4492
30/06/2011,44,1.4492
30/06/2011,45,1.4492
30/06/2011,46,1.4492
30/06/2011,47,1.4492
30/06/2011,48,1.4492
30/06/2011,49,1.4492
30/06/2011,50,1.4492
30/06/2011,51,1.4492
30/06/2011,52,1.4492
30/06/2011,53,1.4492
30/06/2011,54,1.4492
30/06/2011,55,1.4492
30/06/2011,56,1.4492
30/06/2011,57,1.4492
30/06/2011,58,1.4492
30/06/2011,59,1.4492
30/06/2011,60,1.4492
30/06/2011,61,1.4492
30/06/2011,62,1.4492
30/06/2011,63,1.4492
30/06/2011,64,1.4492
30/06/2011,65,1.4492
30/06/2011,66,1.4492
30/06/2011,67,1.4492
30/06/2011,68,1.4492
30/06/2011,69,1.4492
30/06/2011,70,1.4492
30/06/2011,71,1.4492
30/06/2011,72,1.4492
30/06/2011,73,1.4492
30/06/2011,74,1.4492
30/06/2011,75,1.4492
30/06/2011,76,1.4492
30/06/2011,77,1.4492
30/06/2011,78,1.4492
30/06/2011,79,1.4492
30/06/2011,80,1.4492
30/06/2011,81,1.4492
30/06/2011,82,1.4492
30/06/2011,83,1.4492
30/06/2011,84,1.4492
30/06/2011,85,1.4492
30/06/2011,86,1.4492
30/06/2011,87,1.4492
30/06/2011,88,1.4492
30/06/2011,89,1.4492
30/06/2011,90,1.4492
30/06/2011,91,1.4492
30/06/2011,92,1.4492
30/06/2011,93,1.4492
30/06/2011,94,1.4492
30/06/2011,95,1.4492
30/06/2011,96,1.4492
30/06/2011,97,1.4492
30/06/2011,98,1.4492
30/06/2011,99,1.4492
30/06/2011,100,1.4492
30/06/2011,101,1.4492
30/06/2011,102,1.4492
30/06/2011,103,1.4492
30/06/2011,104,1.4492
30/06/2011,105,1.4492
30/06/2011,106,1.4492
30/06/2011,107,1.4492
30/06/2011,108,1.4492
30/06/2011,109,1.4492
30/06/2011,110,1.4492
30/06/2011,111,1.4492
30/06/2011,112,1.4492
30/06/2011,113,1.4492
30/06/2011,114,1.4492
30/06/2011,115,1.4492
30/06/2011,116,1.4492
30/06/2011,117,1.4492
30/06/2011,118,1.4492
30/06/2011,119,1.4492
30/06/2011,120,1.4492
30/06/2011,121,1.4492
30/06/2011,122,1.4492
30/06/2011,123,1.4492
30/06/2011,124,1.4492
30/06/2011,125,1.4492
30/06/2011,126,1.4492
30/06/2011,127,1.4492
30/06/2011,128,1.4492
30/06/2011,129,1.4492
30/06/2011,130,1.4492
30/06/2011,131,1.4492
30/06/2011,132,1.4492
30/06/2011,133,1.4492
30/06/2011,134,1.4492
30/06/2011,135,1.4492
30/06/2011,136,1.4492
30/06/2011,137,1.4492
30/06/2011,138,1.4492
30/06/2011,139,1.4492
30/06/2011,140,1.4492
30/06/2011,141,1.4492
30/06/2011,142,1.4492
30/06/2011,143,1.4492
30/06/2011,144,1.4492
30/06/2011,145,1.4492
30/06/2011,146,1.4492
30/06/2011,147,1.4492
30/06/2011,148,1.4492
30/06/2011,149,1.4492
30/06/2011,150,1.4492
30/06/2011,151,1.4492
30/06/2011,152,1.4492
30/06/2011,153,1.4492
30/06/2011,154,1.4492
30/06/2011,155,1.4492
30/06/2011,156,1.4492
30/06/2011,157,1.4492
30/06/2011,158,1.4492
30/06/2011,159,1.4492
30/06/2011,160,1.4492
30/06/2011,161,1.4492
30/06/2011,162,1.4492
30/06/2011,163,1.4492
30/06/2011,164,1.4492
30/06/2011,165,1.4492
30/06/2011,166,1.4492
30/06/2011,167,1.4492
30/06/2011,168,1.4492
30/06/2011,169,1.4492
30/06/2011,170,1.4492
30/06/2011,171,1.4492
30/06/2011,172,1.4492
30/06/2011,173,1.4492
30/06/2011,174,1.4492
30/06/2011,175,1.4492
30/06/2011,176,1.4492
30/06/2011,177,1.4492
30/06/2011,178,1.4492
30/06/2011,179,1.4492
30/06/2011,180,1.4492
30/06/2011,181,1.4492
30/06/2011,182,1.4492
30/06/2011,183,1.443801648
30/06/2011,184,1.438403297
30/06/2011,185,1.433004945
30/06/2011,186,1.427606593
30/06/2011,187,1.422208242
30/06/2011,188,1.41680989
30/06/2011,189,1.411411538
30/06/2011,190,1.406013187
30/06/2011,191,1.400614835
30/06/2011,192,1.395216484
30/06/2011,193,1.389818132
30/06/2011,194,1.38441978
30/06/2011,195,1.379021429
30/06/2011,196,1.373623077
30/06/2011,197,1.368224725
30/06/2011,198,1.362826374
30/06/2011,199,1.357428022
30/06/2011,200,1.35202967
30/06/2011,201,1.346631319
30/06/2011,202,1.341232967
30/06/2011,203,1.335834615
30/06/2011,204,1.330436264
30/06/2011,205,1.325037912
30/06/2011,206,1.31963956
30/06/2011,207,1.314241209
30/06/2011,208,1.308842857
30/06/2011,209,1.303444505
30/06/2011,210,1.298046154
30/06/2011,211,1.292647802
30/06/2011,212,1.287249451
30/06/2011,213,1.281851099
30/06/2011,214,1.276452747
30/06/2011,215,1.271054396
30/06/2011,216,1.265656044
30/06/2011,217,1.260257692
30/06/2011,218,1.254859341
30/06/2011,219,1.249460989
30/06/2011,220,1.244062637
30/06/2011,221,1.238664286
30/06/2011,222,1.233265934
30/06/2011,223,1.227867582
30/06/2011,224,1.222469231
30/06/2011,225,1.217070879
30/06/2011,226,1.211672527
30/06/2011,227,1.206274176
30/06/2011,228,1.200875824
30/06/2011,229,1.195477473
30/06/2011,230,1.190079121
30/06/2011,231,1.184680769
30/06/2011,232,1.179282418
30/06/2011,233,1.173884066
30/06/2011,234,1.168485714
30/06/2011,235,1.163087363
30/06/2011,236,1.157689011
30/06/2011,237,1.152290659
30/06/2011,238,1.146892308
30/06/2011,239,1.141493956
30/06/2011,240,1.136095604
30/06/2011,241,1.130697253
30/06/2011,242,1.125298901
30/06/2011,243,1.119900549
30/06/2011,244,1.114502198
30/06/2011,245,1.109103846
30/06/2011,246,1.103705495
30/06/2011,247,1.098307143
30/06/2011,248,1.092908791
30/06/2011,249,1.08751044
30/06/2011,250,1.082112088
30/06/2011,251,1.076713736
30/06/2011,252,1.071315385
30/06/2011,253,1.065917033
30/06/2011,254,1.060518681
30/06/2011,255,1.05512033
30/06/2011,256,1.049721978
30/06/2011,257,1.044323626
30/06/2011,258,1.038925275
30/06/2011,259,1.033526923
30/06/2011,260,1.028128571
30/06/2011,261,1.02273022
30/06/2011,262,1.017331868
30/06/2011,263,1.011933516
30/06/2011,264,1.006535165
30/06/2011,265,1.001136813
30/06/2011,266,0.995738462
30/06/2011,267,0.99034011
30/06/2011,268,0.984941758
30/06/2011,269,0.979543407
30/06/2011,270,0.974145055
30/06/2011,271,0.968746703
30/06/2011,272,0.963348352
30/06/2011,273,0.95795
30/06/2011,274,0.952551648
30/06/2011,275,0.947153297
30/06/2011,276,0.941754945
30/06/2011,277,0.936356593
30/06/2011,278,0.930958242
30/06/2011,279,0.92555989
30/06/2011,280,0.920161538
30/06/2011,281,0.914763187
30/06/2011,282,0.909364835
30/06/2011,283,0.903966484
30/06/2011,284,0.898568132
30/06/2011,285,0.89316978
30/06/2011,286,0.887771429
30/06/2011,287,0.882373077
30/06/2011,288,0.876974725
30/06/2011,289,0.871576374
30/06/2011,290,0.866178022
30/06/2011,291,0.86077967
30/06/2011,292,0.855381319
30/06/2011,293,0.849982967
30/06/2011,294,0.844584615
30/06/2011,295,0.839186264
30/06/2011,296,0.833787912
30/06/2011,297,0.82838956
30/06/2011,298,0.822991209
30/06/2011,299,0.817592857
30/06/2011,300,0.812194505
30/06/2011,301,0.806796154
30/06/2011,302,0.801397802
30/06/2011,303,0.795999451
30/06/2011,304,0.790601099
30/06/2011,305,0.785202747
30/06/2011,306,0.779804396
30/06/2011,307,0.774406044
30/06/2011,308,0.769007692
30/06/2011,309,0.763609341
30/06/2011,310,0.758210989
30/06/2011,311,0.752812637
30/06/2011,312,0.747414286
30/06/2011,313,0.742015934
30/06/2011,314,0.736617582
30/06/2011,315,0.731219231
30/06/2011,316,0.725820879
30/06/2011,317,0.720422527
30/06/2011,318,0.715024176
30/06/2011,319,0.709625824
30/06/2011,320,0.704227473
30/06/2011,321,0.698829121
30/06/2011,322,0.693430769
30/06/2011,323,0.688032418
30/06/2011,324,0.682634066
30/06/2011,325,0.677235714
30/06/2011,326,0.671837363
30/06/2011,327,0.666439011
30/06/2011,328,0.661040659
30/06/2011,329,0.655642308
30/06/2011,330,0.650243956
30/06/2011,331,0.644845604
30/06/2011,332,0.639447253
30/06/2011,333,0.634048901
30/06/2011,334,0.628650549
30/06/2011,335,0.623252198
30/06/2011,336,0.617853846
30/06/2011,337,0.612455495
30/06/2011,338,0.607057143
30/06/2011,339,0.601658791
30/06/2011,340,0.59626044
30/06/2011,341,0.590862088
30/06/2011,342,0.585463736
30/06/2011,343,0.580065385
30/06/2011,344,0.574667033
30/06/2011,345,0.569268681
30/06/2011,346,0.56387033
30/06/2011,347,0.558471978
30/06/2011,348,0.553073626
30/06/2011,349,0.547675275
30/06/2011,350,0.542276923
30/06/2011,351,0.536878571
30/06/2011,352,0.53148022
30/06/2011,353,0.526081868
30/06/2011,354,0.520683516
30/06/2011,355,0.515285165
30/06/2011,356,0.509886813
30/06/2011,357,0.504488462
30/06/2011,358,0.49909011
30/06/2011,359,0.493691758
30/06/2011,360,0.488293407
30/06/2011,361,0.482895055
30/06/2011,362,0.477496703
30/06/2011,363,0.472098352
30/06/2011,364,0.4667
30/06/2011,365,0.468692857
30/06/2011,366,0.470685714
30/06/2011,367,0.472678571
30/06/2011,368,0.474671429
30/06/2011,369,0.476664286
30/06/2011,370,0.478657143
30/06/2011,371,0.48065
30/06/2011,372,0.482642857
30/06/2011,373,0.484635714
30/06/2011,374,0.486628571
30/06/2011,375,0.488621429
30/06/2011,376,0.490614286
30/06/2011,377,0.492607143
30/06/2011,378,0.4946
30/06/2011,379,0.496592857
30/06/2011,380,0.498585714
30/06/2011,381,0.500578571
30/06/2011,382,0.502571429
30/06/2011,383,0.504564286
30/06/2011,384,0.506557143
30/06/2011,385,0.50855
30/06/2011,386,0.510542857
30/06/2011,387,0.512535714
30/06/2011,388,0.514528571
30/06/2011,389,0.516521429
30/06/2011,390,0.518514286
30/06/2011,391,0.520507143
30/06/2011,392,0.5225
30/06/2011,393,0.524492857
30/06/2011,394,0.526485714
30/06/2011,395,0.528478571
30/06/2011,396,0.530471429
30/06/2011,397,0.532464286
30/06/2011,398,0.534457143
30/06/2011,399,0.53645
30/06/2011,400,0.538442857
30/06/2011,401,0.540435714
30/06/2011,402,0.542428571
30/06/2011,403,0.544421429
30/06/2011,404,0.546414286
30/06/2011,405,0.548407143
30/06/2011,406,0.5504
30/06/2011,407,0.552392857
30/06/2011,408,0.554385714
30/06/2011,409,0.556378571
30/06/2011,410,0.558371429
30/06/2011,411,0.560364286
30/06/2011,412,0.562357143
30/06/2011,413,0.56435
30/06/2011,414,0.566342857
30/06/2011,415,0.568335714
30/06/2011,416,0.570328571
30/06/2011,417,0.572321429
30/06/2011,418,0.574314286
30/06/2011,419,0.576307143
30/06/2011,420,0.5783
30/06/2011,421,0.580292857
30/06/2011,422,0.582285714
30/06/2011,423,0.584278571
30/06/2011,424,0.586271429
30/06/2011,425,0.588264286
30/06/2011,426,0.590257143
30/06/2011,427,0.59225
30/06/2011,428,0.594242857
30/06/2011,429,0.596235714
30/06/2011,430,0.598228571
30/06/2011,431,0.600221429
30/06/2011,432,0.602214286
30/06/2011,433,0.604207143
30/06/2011,434,0.6062
30/06/2011,435,0.608192857
30/06/2011,436,0.610185714
30/06/2011,437,0.612178571
30/06/2011,438,0.614171429
30/06/2011,439,0.616164286
30/06/2011,440,0.618157143
30/06/2011,441,0.62015
30/06/2011,442,0.622142857
30/06/2011,443,0.624135714
30/06/2011,444,0.626128571
30/06/2011,445,0.628121429
30/06/2011,446,0.630114286
30/06/2011,447,0.632107143
30/06/2011,448,0.6341
30/06/2011,449,0.636092857
30/06/2011,450,0.638085714
30/06/2011,451,0.640078571
30/06/2011,452,0.642071429
30/06/2011,453,0.644064286
30/06/2011,454,0.646057143
30/06/2011,455,0.64805
30/06/2011,456,0.650042857
30/06/2011,457,0.652035714
30/06/2011,458,0.654028571
30/06/2011,459,0.656021429
30/06/2011,460,0.658014286
30/06/2011,461,0.660007143
30/06/2011,462,0.662
30/06/2011,463,0.663992857
30/06/2011,464,0.665985714
30/06/2011,465,0.667978571
30/06/2011,466,0.669971429
30/06/2011,467,0.671964286
30/06/2011,468,0.673957143
30/06/2011,469,0.67595
30/06/2011,470,0.677942857
30/06/2011,471,0.679935714
30/06/2011,472,0.681928571
30/06/2011,473,0.683921429
30/06/2011,474,0.685914286
30/06/2011,475,0.687907143
30/06/2011,476,0.6899
30/06/2011,477,0.691892857
30/06/2011,478,0.693885714
30/06/2011,479,0.695878571
30/06/2011,480,0.697871429
30/06/2011,481,0.699864286
30/06/2011,482,0.701857143
30/06/2011,483,0.70385
30/06/2011,484,0.705842857
30/06/2011,485,0.707835714
30/06/2011,486,0.709828571
30/06/2011,487,0.711821429
30/06/2011,488,0.713814286
30/06/2011,489,0.715807143
30/06/2011,490,0.7178
30/06/2011,491,0.719792857
30/06/2011,492,0.721785714
30/06/2011,493,0.723778571
30/06/2011,494,0.725771429
30/06/2011,495,0.727764286
30/06/2011,496,0.729757143
30/06/2011,497,0.73175
30/06/2011,498,0.733742857
30/06/2011,499,0.735735714
30/06/2011,500,0.737728571
30/06/2011,501,0.739721429
30/06/2011,502,0.741714286
30/06/2011,503,0.743707143
30/06/2011,504,0.7457
30/06/2011,505,0.747692857
30/06/2011,506,0.749685714
30/06/2011,507,0.751678571
30/06/2011,508,0.753671429
30/06/2011,509,0.755664286
30/06/2011,510,0.757657143
30/06/2011,511,0.75965
30/06/2011,512,0.761642857
30/06/2011,513,0.763635714
30/06/2011,514,0.765628571
30/06/2011,515,0.767621429
30/06/2011,516,0.769614286
30/06/2011,517,0.771607143
30/06/2011,518,0.7736
30/06/2011,519,0.775592857
30/06/2011,520,0.777585714
30/06/2011,521,0.779578571
30/06/2011,522,0.781571429
30/06/2011,523,0.783564286
30/06/2011,524,0.785557143
30/06/2011,525,0.78755
30/06/2011,526,0.789542857
30/06/2011,527,0.791535714
30/06/2011,528,0.793528571
30/06/2011,529,0.795521429
30/06/2011,530,0.797514286
30/06/2011,531,0.799507143
30/06/2011,532,0.8015
30/06/2011,533,0.803492857
30/06/2011,534,0.805485714
30/06/2011,535,0.807478571
30/06/2011,536,0.809471429
30/06/2011,537,0.811464286
30/06/2011,538,0.813457143
30/06/2011,539,0.81545
30/06/2011,540,0.817442857
30/06/2011,541,0.819435714
30/06/2011,542,0.821428571
30/06/2011,543,0.823421429
30/06/2011,544,0.825414286
30/06/2011,545,0.827407143
30/06/2011,546,0.8294
30/06/2011,547,0.830710989
30/06/2011,548,0.832021978
30/06/2011,549,0.833332967
30/06/2011,550,0.834643956
30/06/2011,551,0.835954945
30/06/2011,552,0.837265934
30/06/2011,553,0.838576923
30/06/2011,554,0.839887912
30/06/2011,555,0.841198901
30/06/2011,556,0.84250989
30/06/2011,557,0.843820879
30/06/2011,558,0.845131868
30/06/2011,559,0.846442857
30/06/2011,560,0.847753846
30/06/2011,561,0.849064835
30/06/2011,562,0.850375824
30/06/2011,563,0.851686813
30/06/2011,564,0.852997802
30/06/2011,565,0.854308791
30/06/2011,566,0.85561978
30/06/2011,567,0.856930769
30/06/2011,568,0.858241758
30/06/2011,569,0.859552747
30/06/2011,570,0.860863736
30/06/2011,571,0.862174725
30/06/2011,572,0.863485714
30/06/2011,573,0.864796703
30/06/2011,574,0.866107692
30/06/2011,575,0.867418681
30/06/2011,576,0.86872967
30/06/2011,577,0.870040659
30/06/2011,578,0.871351648
30/06/2011,579,0.872662637
30/06/2011,580,0.873973626
30/06/2011,581,0.875284615
30/06/2011,582,0.876595604
30/06/2011,583,0.877906593
30/06/2011,584,0.879217582
30/06/2011,585,0.880528571
30/06/2011,586,0.88183956
30/06/2011,587,0.883150549
30/06/2011,588,0.884461538
30/06/2011,589,0.885772527
30/06/2011,590,0.887083516
30/06/2011,591,0.888394505
30/06/2011,592,0.889705495
30/06/2011,593,0.891016484
30/06/2011,594,0.892327473
30/06/2011,595,0.893638462
30/06/2011,596,0.894949451
30/06/2011,597,0.89626044
30/06/2011,598,0.897571429
30/06/2011,599,0.898882418
30/06/2011,600,0.900193407
30/06/2011,601,0.901504396
30/06/2011,602,0.902815385
30/06/2011,603,0.904126374
30/06/2011,604,0.905437363
30/06/2011,605,0.906748352
30/06/2011,606,0.908059341
30/06/2011,607,0.90937033
30/06/2011,608,0.910681319
30/06/2011,609,0.911992308
30/06/2011,610,0.913303297
30/06/2011,611,0.914614286
30/06/2011,612,0.915925275
30/06/2011,613,0.917236264
30/06/2011,614,0.918547253
30/06/2011,615,0.919858242
30/06/2011,616,0.921169231
30/06/2011,617,0.92248022
30/06/2011,618,0.923791209
30/06/2011,619,0.925102198
30/06/2011,620,0.926413187
30/06/2011,621,0.927724176
30/06/2011,622,0.929035165
30/06/2011,623,0.930346154
30/06/2011,624,0.931657143
30/06/2011,625,0.932968132
30/06/2011,626,0.934279121
30/06/2011,627,0.93559011
30/06/2011,628,0.936901099
30/06/2011,629,0.938212088
30/06/2011,630,0.939523077
30/06/2011,631,0.940834066
30/06/2011,632,0.942145055
30/06/2011,633,0.943456044
30/06/2011,634,0.944767033
30/06/2011,635,0.946078022
30/06/2011,636,0.947389011
30/06/2011,637,0.9487
30/06/2011,638,0.950010989
30/06/2011,639,0.951321978
30/06/2011,640,0.952632967
30/06/2011,641,0.953943956
30/06/2011,642,0.955254945
30/06/2011,643,0.956565934
30/06/2011,644,0.957876923
30/06/2011,645,0.959187912
30/06/2011,646,0.960498901
30/06/2011,647,0.96180989
30/06/2011,648,0.963120879
30/06/2011,649,0.964431868
30/06/2011,650,0.965742857
30/06/2011,651,0.967053846
30/06/2011,652,0.968364835
30/06/2011,653,0.969675824
30/06/2011,654,0.970986813
30/06/2011,655,0.972297802
30/06/2011,656,0.973608791
30/06/2011,657,0.97491978
30/06/2011,658,0.976230769
30/06/2011,659,0.977541758
30/06/2011,660,0.978852747
30/06/2011,661,0.980163736
30/06/2011,662,0.981474725
30/06/2011,663,0.982785714
30/06/2011,664,0.984096703
30/06/2011,665,0.985407692
30/06/2011,666,0.986718681
30/06/2011,667,0.98802967
30/06/2011,668,0.989340659
30/06/2011,669,0.990651648
30/06/2011,670,0.991962637
30/06/2011,671,0.993273626
30/06/2011,672,0.994584615
30/06/2011,673,0.995895604
30/06/2011,674,0.997206593
30/06/2011,675,0.998517582
30/06/2011,676,0.999828571
30/06/2011,677,1.00113956
30/06/2011,678,1.002450549
30/06/2011,679,1.003761538
30/06/2011,680,1.005072527
30/06/2011,681,1.006383516
30/06/2011,682,1.007694505
30/06/2011,683,1.009005495
30/06/2011,684,1.010316484
30/06/2011,685,1.011627473
30/06/2011,686,1.012938462
30/06/2011,687,1.014249451
30/06/2011,688,1.01556044
30/06/2011,689,1.016871429
30/06/2011,690,1.018182418
30/06/2011,691,1.019493407
30/06/2011,692,1.020804396
30/06/2011,693,1.022115385
30/06/2011,694,1.023426374
30/06/2011,695,1.024737363
30/06/2011,696,1.026048352
30/06/2011,697,1.027359341
30/06/2011,698,1.02867033
30/06/2011,699,1.029981319
30/06/2011,700,1.031292308
30/06/2011,701,1.032603297
30/06/2011,702,1.033914286
30/06/2011,703,1.035225275
30/06/2011,704,1.036536264
30/06/2011,705,1.037847253
30/06/2011,706,1.039158242
30/06/2011,707,1.040469231
30/06/2011,708,1.04178022
30/06/2011,709,1.043091209
30/06/2011,710,1.044402198
30/06/2011,711,1.045713187
30/06/2011,712,1.047024176
30/06/2011,713,1.048335165
30/06/2011,714,1.049646154
30/06/2011,715,1.050957143
30/06/2011,716,1.052268132
30/06/2011,717,1.053579121
30/06/2011,718,1.05489011
30/06/2011,719,1.056201099
30/06/2011,720,1.057512088
30/06/2011,721,1.058823077
30/06/2011,722,1.060134066
30/06/2011,723,1.061445055
30/06/2011,724,1.062756044
30/06/2011,725,1.064067033
30/06/2011,726,1.065378022
30/06/2011,727,1.066689011
30/06/2011,728,1.068
30/06/2011,729,1.069295055
30/06/2011,730,1.07059011
30/06/2011,731,1.071885165
30/06/2011,732,1.07318022
30/06/2011,733,1.074475275
30/06/2011,734,1.07577033
30/06/2011,735,1.077065385
30/06/2011,736,1.07836044
30/06/2011,737,1.079655495
30/06/2011,738,1.080950549
30/06/2011,739,1.082245604
30/06/2011,740,1.083540659
30/06/2011,741,1.084835714
30/06/2011,742,1.086130769
30/06/2011,743,1.087425824
30/06/2011,744,1.088720879
30/06/2011,745,1.090015934
30/06/2011,746,1.091310989
30/06/2011,747,1.092606044
30/06/2011,748,1.093901099
30/06/2011,749,1.095196154
30/06/2011,750,1.096491209
30/06/2011,751,1.097786264
30/06/2011,752,1.099081319
30/06/2011,753,1.100376374
30/06/2011,754,1.101671429
30/06/2011,755,1.102966484
30/06/2011,756,1.104261538
30/06/2011,757,1.105556593
30/06/2011,758,1.106851648
30/06/2011,759,1.108146703
30/06/2011,760,1.109441758
30/06/2011,761,1.110736813
30/06/2011,762,1.112031868
30/06/2011,763,1.113326923
30/06/2011,764,1.114621978
30/06/2011,765,1.115917033
30/06/2011,766,1.117212088
30/06/2011,767,1.118507143
30/06/2011,768,1.119802198
30/06/2011,769,1.121097253
30/06/2011,770,1.122392308
30/06/2011,771,1.123687363
30/06/2011,772,1.124982418
30/06/2011,773,1.126277473
30/06/2011,774,1.127572527
30/06/2011,775,1.128867582
30/06/2011,776,1.130162637
30/06/2011,777,1.131457692
30/06/2011,778,1.132752747
30/06/2011,779,1.134047802
30/06/2011,780,1.135342857
30/06/2011,781,1.136637912
30/06/2011,782,1.137932967
30/06/2011,783,1.139228022
30/06/2011,784,1.140523077
30/06/2011,785,1.141818132
30/06/2011,786,1.143113187
30/06/2011,787,1.144408242
30/06/2011,788,1.145703297
30/06/2011,789,1.146998352
30/06/2011,790,1.148293407
30/06/2011,791,1.149588462
30/06/2011,792,1.150883516
30/06/2011,793,1.152178571
30/06/2011,794,1.153473626
30/06/2011,795,1.154768681
30/06/2011,796,1.156063736
30/06/2011,797,1.157358791
30/06/2011,798,1.158653846
30/06/2011,799,1.159948901
30/06/2011,800,1.161243956
30/06/2011,801,1.162539011
30/06/2011,802,1.163834066
30/06/2011,803,1.165129121
30/06/2011,804,1.166424176
30/06/2011,805,1.167719231
30/06/2011,806,1.169014286
30/06/2011,807,1.170309341
30/06/2011,808,1.171604396
30/06/2011,809,1.172899451
30/06/2011,810,1.174194505
30/06/2011,811,1.17548956
30/06/2011,812,1.176784615
30/06/2011,813,1.17807967
30/06/2011,814,1.179374725
30/06/2011,815,1.18066978
30/06/2011,816,1.181964835
30/06/2011,817,1.18325989
30/06/2011,818,1.184554945
30/06/2011,819,1.18585
30/06/2011,820,1.187145055
30/06/2011,821,1.18844011
30/06/2011,822,1.189735165
30/06/2011,823,1.19103022
30/06/2011,824,1.192325275
30/06/2011,825,1.19362033
30/06/2011,826,1.194915385
30/06/2011,827,1.19621044
30/06/2011,828,1.197505495
30/06/2011,829,1.198800549
30/06/2011,830,1.200095604
30/06/2011,831,1.201390659
30/06/2011,832,1.202685714
30/06/2011,833,1.203980769
30/06/2011,834,1.205275824
30/06/2011,835,1.206570879
30/06/2011,836,1.207865934
30/06/2011,837,1.209160989
30/06/2011,838,1.210456044
30/06/2011,839,1.211751099
30/06/2011,840,1.213046154
30/06/2011,841,1.214341209
30/06/2011,842,1.215636264
30/06/2011,843,1.216931319
30/06/2011,844,1.218226374
30/06/2011,845,1.219521429
30/06/2011,846,1.220816484
30/06/2011,847,1.222111538
30/06/2011,848,1.223406593
30/06/2011,849,1.224701648
30/06/2011,850,1.225996703
30/06/2011,851,1.227291758
30/06/2011,852,1.228586813
30/06/2011,853,1.229881868
30/06/2011,854,1.231176923
30/06/2011,855,1.232471978
30/06/2011,856,1.233767033
30/06/2011,857,1.235062088
30/06/2011,858,1.236357143
30/06/2011,859,1.237652198
30/06/2011,860,1.238947253
30/06/2011,861,1.240242308
30/06/2011,862,1.241537363
30/06/2011,863,1.242832418
30/06/2011,864,1.244127473
30/06/2011,865,1.245422527
30/06/2011,866,1.246717582
30/06/2011,867,1.248012637
30/06/2011,868,1.249307692
30/06/2011,869,1.250602747
30/06/2011,870,1.251897802
30/06/2011,871,1.253192857
30/06/2011,872,1.254487912
30/06/2011,873,1.255782967
30/06/2011,874,1.257078022
30/06/2011,875,1.258373077
30/06/2011,876,1.259668132
30/06/2011,877,1.260963187
30/06/2011,878,1.262258242
30/06/2011,879,1.263553297
30/06/2011,880,1.264848352
30/06/2011,881,1.266143407
30/06/2011,882,1.267438462
30/06/2011,883,1.268733516
30/06/2011,884,1.270028571
30/06/2011,885,1.271323626
30/06/2011,886,1.272618681
30/06/2011,887,1.273913736
30/06/2011,888,1.275208791
30/06/2011,889,1.276503846
30/06/2011,890,1.277798901
30/06/2011,891,1.279093956
30/06/2011,892,1.280389011
30/06/2011,893,1.281684066
30/06/2011,894,1.282979121
30/06/2011,895,1.284274176
30/06/2011,896,1.285569231
30/06/2011,897,1.286864286
30/06/2011,898,1.288159341
30/06/2011,899,1.289454396
30/06/2011,900,1.290749451
30/06/2011,901,1.292044505
30/06/2011,902,1.29333956
30/06/2011,903,1.294634615
30/06/2011,904,1.29592967
30/06/2011,905,1.297224725
30/06/2011,906,1.29851978
30/06/2011,907,1.299814835
30/06/2011,908,1.30110989
30/06/2011,909,1.302404945
30/06/2011,910,1.3037
30/06/2011,911,1.304847802
30/06/2011,912,1.305995604
30/06/2011,913,1.307143407
30/06/2011,914,1.308291209
30/06/2011,915,1.309439011
30/06/2011,916,1.310586813
30/06/2011,917,1.311734615
30/06/2011,918,1.312882418
30/06/2011,919,1.31403022
30/06/2011,920,1.315178022
30/06/2011,921,1.316325824
30/06/2011,922,1.317473626
30/06/2011,923,1.318621429
30/06/2011,924,1.319769231
30/06/2011,925,1.320917033
30/06/2011,926,1.322064835
30/06/2011,927,1.323212637
30/06/2011,928,1.32436044
30/06/2011,929,1.325508242
30/06/2011,930,1.326656044
30/06/2011,931,1.327803846
30/06/2011,932,1.328951648
30/06/2011,933,1.330099451
30/06/2011,934,1.331247253
30/06/2011,935,1.332395055
30/06/2011,936,1.333542857
30/06/2011,937,1.334690659
30/06/2011,938,1.335838462
30/06/2011,939,1.336986264
30/06/2011,940,1.338134066
30/06/2011,941,1.339281868
30/06/2011,942,1.34042967
30/06/2011,943,1.341577473
30/06/2011,944,1.342725275
30/06/2011,945,1.343873077
30/06/2011,946,1.345020879
30/06/2011,947,1.346168681
30/06/2011,948,1.347316484
30/06/2011,949,1.348464286
30/06/2011,950,1.349612088
30/06/2011,951,1.35075989
30/06/2011,952,1.351907692
30/06/2011,953,1.353055495
30/06/2011,954,1.354203297
30/06/2011,955,1.355351099
30/06/2011,956,1.356498901
30/06/2011,957,1.357646703
30/06/2011,958,1.358794505
30/06/2011,959,1.359942308
30/06/2011,960,1.36109011
30/06/2011,961,1.362237912
30/06/2011,962,1.363385714
30/06/2011,963,1.364533516
30/06/2011,964,1.365681319
30/06/2011,965,1.366829121
30/06/2011,966,1.367976923
30/06/2011,967,1.369124725
30/06/2011,968,1.370272527
30/06/2011,969,1.37142033
30/06/2011,970,1.372568132
30/06/2011,971,1.373715934
30/06/2011,972,1.374863736
30/06/2011,973,1.376011538
30/06/2011,974,1.377159341
30/06/2011,975,1.378307143
30/06/2011,976,1.379454945
30/06/2011,977,1.380602747
30/06/2011,978,1.381750549
30/06/2011,979,1.382898352
30/06/2011,980,1.384046154
30/06/2011,981,1.385193956
30/06/2011,982,1.386341758
30/06/2011,983,1.38748956
30/06/2011,984,1.388637363
30/06/2011,985,1.389785165
30/06/2011,986,1.390932967
30/06/2011,987,1.392080769
30/06/2011,988,1.393228571
30/06/2011,989,1.394376374
30/06/2011,990,1.395524176
30/06/2011,991,1.396671978
30/06/2011,992,1.39781978
30/06/2011,993,1.398967582
30/06/2011,994,1.400115385
30/06/2011,995,1.401263187
30/06/2011,996,1.402410989
30/06/2011,997,1.403558791
30/06/2011,998,1.404706593
30/06/2011,999,1.405854396
30/06/2011,1000,1.407002198
30/06/2011,1001,1.40815
30/06/2011,1002,1.409297802
30/06/2011,1003,1.410445604
30/06/2011,1004,1.411593407
30/06/2011,1005,1.412741209
30/06/2011,1006,1.413889011
30/06/2011,1007,1.415036813
30/06/2011,1008,1.416184615
30/06/2011,1009,1.417332418
30/06/2011,1010,1.41848022
30/06/2011,1011,1.419628022
30/06/2011,1012,1.420775824
30/06/2011,1013,1.421923626
30/06/2011,1014,1.423071429
30/06/2011,1015,1.424219231
30/06/2011,1016,1.425367033
30/06/2011,1017,1.426514835
30/06/2011,1018,1.427662637
30/06/2011,1019,1.42881044
30/06/2011,1020,1.429958242
30/06/2011,1021,1.431106044
30/06/2011,1022,1.432253846
30/06/2011,1023,1.433401648
30/06/2011,1024,1.434549451
30/06/2011,1025,1.435697253
30/06/2011,1026,1.436845055
30/06/2011,1027,1.437992857
30/06/2011,1028,1.439140659
30/06/2011,1029,1.440288462
30/06/2011,1030,1.441436264
30/06/2011,1031,1.442584066
30/06/2011,1032,1.443731868
30/06/2011,1033,1.44487967
30/06/2011,1034,1.446027473
30/06/2011,1035,1.447175275
30/06/2011,1036,1.448323077
30/06/2011,1037,1.449470879
30/06/2011,1038,1.450618681
30/06/2011,1039,1.451766484
30/06/2011,1040,1.452914286
30/06/2011,1041,1.454062088
30/06/2011,1042,1.45520989
30/06/2011,1043,1.456357692
30/06/2011,1044,1.457505495
30/06/2011,1045,1.458653297
30/06/2011,1046,1.459801099
30/06/2011,1047,1.460948901
30/06/2011,1048,1.462096703
30/06/2011,1049,1.463244505
30/06/2011,1050,1.464392308
30/06/2011,1051,1.46554011
30/06/2011,1052,1.466687912
30/06/2011,1053,1.467835714
30/06/2011,1054,1.468983516
30/06/2011,1055,1.470131319
30/06/2011,1056,1.471279121
30/06/2011,1057,1.472426923
30/06/2011,1058,1.473574725
30/06/2011,1059,1.474722527
30/06/2011,1060,1.47587033
30/06/2011,1061,1.477018132
30/06/2011,1062,1.478165934
30/06/2011,1063,1.479313736
30/06/2011,1064,1.480461538
30/06/2011,1065,1.481609341
30/06/2011,1066,1.482757143
30/06/2011,1067,1.483904945
30/06/2011,1068,1.485052747
30/06/2011,1069,1.486200549
30/06/2011,1070,1.487348352
30/06/2011,1071,1.488496154
30/06/2011,1072,1.489643956
30/06/2011,1073,1.490791758
30/06/2011,1074,1.49193956
30/06/2011,1075,1.493087363
30/06/2011,1076,1.494235165
30/06/2011,1077,1.495382967
30/06/2011,1078,1.496530769
30/06/2011,1079,1.497678571
30/06/2011,1080,1.498826374
30/06/2011,1081,1.499974176
30/06/2011,1082,1.501121978
30/06/2011,1083,1.50226978
30/06/2011,1084,1.503417582
30/06/2011,1085,1.504565385
30/06/2011,1086,1.505713187
30/06/2011,1087,1.506860989
30/06/2011,1088,1.508008791
30/06/2011,1089,1.509156593
30/06/2011,1090,1.510304396
30/06/2011,1091,1.511452198
30/06/2011,1092,1.5126
30/06/2011,1093,1.51371978
30/06/2011,1094,1.51483956
30/06/2011,1095,1.515959341
30/06/2011,1096,1.517079121
30/06/2011,1097,1.518198901
30/06/2011,1098,1.519318681
30/06/2011,1099,1.520438462
30/06/2011,1100,1.521558242
30/06/2011,1101,1.522678022
30/06/2011,1102,1.523797802
30/06/2011,1103,1.524917582
30/06/2011,1104,1.526037363
30/06/2011,1105,1.527157143
30/06/2011,1106,1.528276923
30/06/2011,1107,1.529396703
30/06/2011,1108,1.530516484
30/06/2011,1109,1.531636264
30/06/2011,1110,1.532756044
30/06/2011,1111,1.533875824
30/06/2011,1112,1.534995604
30/06/2011,1113,1.536115385
30/06/2011,1114,1.537235165
30/06/2011,1115,1.538354945
30/06/2011,1116,1.539474725
30/06/2011,1117,1.540594505
30/06/2011,1118,1.541714286
30/06/2011,1119,1.542834066
30/06/2011,1120,1.543953846
30/06/2011,1121,1.545073626
30/06/2011,1122,1.546193407
30/06/2011,1123,1.547313187
30/06/2011,1124,1.548432967
30/06/2011,1125,1.549552747
30/06/2011,1126,1.550672527
30/06/2011,1127,1.551792308
30/06/2011,1128,1.552912088
30/06/2011,1129,1.554031868
30/06/2011,1130,1.555151648
30/06/2011,1131,1.556271429
30/06/2011,1132,1.557391209
30/06/2011,1133,1.558510989
30/06/2011,1134,1.559630769
30/06/2011,1135,1.560750549
30/06/2011,1136,1.56187033
30/06/2011,1137,1.56299011
30/06/2011,1138,1.56410989
30/06/2011,1139,1.56522967
30/06/2011,1140,1.566349451
30/06/2011,1141,1.567469231
30/06/2011,1142,1.568589011
30/06/2011,1143,1.569708791
30/06/2011,1144,1.570828571
30/06/2011,1145,1.571948352
30/06/2011,1146,1.573068132
30/06/2011,1147,1.574187912
30/06/2011,1148,1.575307692
30/06/2011,1149,1.576427473
30/06/2011,1150,1.577547253
30/06/2011,1151,1.578667033
30/06/2011,1152,1.579786813
30/06/2011,1153,1.580906593
30/06/2011,1154,1.582026374
30/06/2011,1155,1.583146154
30/06/2011,1156,1.584265934
30/06/2011,1157,1.585385714
30/06/2011,1158,1.586505495
30/06/2011,1159,1.587625275
30/06/2011,1160,1.588745055
30/06/2011,1161,1.589864835
30/06/2011,1162,1.590984615
30/06/2011,1163,1.592104396
30/06/2011,1164,1.593224176
30/06/2011,1165,1.594343956
30/06/2011,1166,1.595463736
30/06/2011,1167,1.596583516
30/06/2011,1168,1.597703297
30/06/2011,1169,1.598823077
30/06/2011,1170,1.599942857
30/06/2011,1171,1.601062637
30/06/2011,1172,1.602182418
30/06/2011,1173,1.603302198
30/06/2011,1174,1.604421978
30/06/2011,1175,1.605541758
30/06/2011,1176,1.606661538
30/06/2011,1177,1.607781319
30/06/2011,1178,1.608901099
30/06/2011,1179,1.610020879
30/06/2011,1180,1.611140659
30/06/2011,1181,1.61226044
30/06/2011,1182,1.61338022
30/06/2011,1183,1.6145
30/06/2011,1184,1.61561978
30/06/2011,1185,1.61673956
30/06/2011,1186,1.617859341
30/06/2011,1187,1.618979121
30/06/2011,1188,1.620098901
30/06/2011,1189,1.621218681
30/06/2011,1190,1.622338462
30/06/2011,1191,1.623458242
30/06/2011,1192,1.624578022
30/06/2011,1193,1.625697802
30/06/2011,1194,1.626817582
30/06/2011,1195,1.627937363
30/06/2011,1196,1.629057143
30/06/2011,1197,1.630176923
30/06/2011,1198,1.631296703
30/06/2011,1199,1.632416484
30/06/2011,1200,1.633536264
30/06/2011,1201,1.634656044
30/06/2011,1202,1.635775824
30/06/2011,1203,1.636895604
30/06/2011,1204,1.638015385
30/06/2011,1205,1.639135165
30/06/2011,1206,1.640254945
30/06/2011,1207,1.641374725
30/06/2011,1208,1.642494505
30/06/2011,1209,1.643614286
30/06/2011,1210,1.644734066
30/06/2011,1211,1.645853846
30/06/2011,1212,1.646973626
30/06/2011,1213,1.648093407
30/06/2011,1214,1.649213187
30/06/2011,1215,1.650332967
30/06/2011,1216,1.651452747
30/06/2011,1217,1.652572527
30/06/2011,1218,1.653692308
30/06/2011,1219,1.654812088
30/06/2011,1220,1.655931868
30/06/2011,1221,1.657051648
30/06/2011,1222,1.658171429
30/06/2011,1223,1.659291209
30/06/2011,1224,1.660410989
30/06/2011,1225,1.661530769
30/06/2011,1226,1.662650549
30/06/2011,1227,1.66377033
30/06/2011,1228,1.66489011
30/06/2011,1229,1.66600989
30/06/2011,1230,1.66712967
30/06/2011,1231,1.668249451
30/06/2011,1232,1.669369231
30/06/2011,1233,1.670489011
30/06/2011,1234,1.671608791
30/06/2011,1235,1.672728571
30/06/2011,1236,1.673848352
30/06/2011,1237,1.674968132
30/06/2011,1238,1.676087912
30/06/2011,1239,1.677207692
30/06/2011,1240,1.678327473
30/06/2011,1241,1.679447253
30/06/2011,1242,1.680567033
30/06/2011,1243,1.681686813
30/06/2011,1244,1.682806593
30/06/2011,1245,1.683926374
30/06/2011,1246,1.685046154
30/06/2011,1247,1.686165934
30/06/2011,1248,1.687285714
30/06/2011,1249,1.688405495
30/06/2011,1250,1.689525275
30/06/2011,1251,1.690645055
30/06/2011,1252,1.691764835
30/06/2011,1253,1.692884615
30/06/2011,1254,1.694004396
30/06/2011,1255,1.695124176
30/06/2011,1256,1.696243956
30/06/2011,1257,1.697363736
30/06/2011,1258,1.698483516
30/06/2011,1259,1.699603297
30/06/2011,1260,1.700723077
30/06/2011,1261,1.701842857
30/06/2011,1262,1.702962637
30/06/2011,1263,1.704082418
30/06/2011,1264,1.705202198
30/06/2011,1265,1.706321978
30/06/2011,1266,1.707441758
30/06/2011,1267,1.708561538
30/06/2011,1268,1.709681319
30/06/2011,1269,1.710801099
30/06/2011,1270,1.711920879
30/06/2011,1271,1.713040659
30/06/2011,1272,1.71416044
30/06/2011,1273,1.71528022
30/06/2011,1274,1.7164
30/06/2011,1275,1.717137912
30/06/2011,1276,1.717875824
30/06/2011,1277,1.718613736
30/06/2011,1278,1.719351648
30/06/2011,1279,1.72008956
30/06/2011,1280,1.720827473
30/06/2011,1281,1.721565385
30/06/2011,1282,1.722303297
30/06/2011,1283,1.723041209
30/06/2011,1284,1.723779121
30/06/2011,1285,1.724517033
30/06/2011,1286,1.725254945
30/06/2011,1287,1.725992857
30/06/2011,1288,1.726730769
30/06/2011,1289,1.727468681
30/06/2011,1290,1.728206593
30/06/2011,1291,1.728944505
30/06/2011,1292,1.729682418
30/06/2011,1293,1.73042033
30/06/2011,1294,1.731158242
30/06/2011,1295,1.731896154
30/06/2011,1296,1.732634066
30/06/2011,1297,1.733371978
30/06/2011,1298,1.73410989
30/06/2011,1299,1.734847802
30/06/2011,1300,1.735585714
30/06/2011,1301,1.736323626
30/06/2011,1302,1.737061538
30/06/2011,1303,1.737799451
30/06/2011,1304,1.738537363
30/06/2011,1305,1.739275275
30/06/2011,1306,1.740013187
30/06/2011,1307,1.740751099
30/06/2011,1308,1.741489011
30/06/2011,1309,1.742226923
30/06/2011,1310,1.742964835
30/06/2011,1311,1.743702747
30/06/2011,1312,1.744440659
30/06/2011,1313,1.745178571
30/06/2011,1314,1.745916484
30/06/2011,1315,1.746654396
30/06/2011,1316,1.747392308
30/06/2011,1317,1.74813022
30/06/2011,1318,1.748868132
30/06/2011,1319,1.749606044
30/06/2011,1320,1.750343956
30/06/2011,1321,1.751081868
30/06/2011,1322,1.75181978
30/06/2011,1323,1.752557692
30/06/2011,1324,1.753295604
30/06/2011,1325,1.754033516
30/06/2011,1326,1.754771429
30/06/2011,1327,1.755509341
30/06/2011,1328,1.756247253
30/06/2011,1329,1.756985165
30/06/2011,1330,1.757723077
30/06/2011,1331,1.758460989
30/06/2011,1332,1.759198901
30/06/2011,1333,1.759936813
30/06/2011,1334,1.760674725
30/06/2011,1335,1.761412637
30/06/2011,1336,1.762150549
30/06/2011,1337,1.762888462
30/06/2011,1338,1.763626374
30/06/2011,1339,1.764364286
30/06/2011,1340,1.765102198
30/06/2011,1341,1.76584011
30/06/2011,1342,1.766578022
30/06/2011,1343,1.767315934
30/06/2011,1344,1.768053846
30/06/2011,1345,1.768791758
30/06/2011,1346,1.76952967
30/06/2011,1347,1.770267582
30/06/2011,1348,1.771005495
30/06/2011,1349,1.771743407
30/06/2011,1350,1.772481319
30/06/2011,1351,1.773219231
30/06/2011,1352,1.773957143
30/06/2011,1353,1.774695055
30/06/2011,1354,1.775432967
30/06/2011,1355,1.776170879
30/06/2011,1356,1.776908791
30/06/2011,1357,1.777646703
30/06/2011,1358,1.778384615
30/06/2011,1359,1.779122527
30/06/2011,1360,1.77986044
30/06/2011,1361,1.780598352
30/06/2011,1362,1.781336264
30/06/2011,1363,1.782074176
30/06/2011,1364,1.782812088
30/06/2011,1365,1.78355
30/06/2011,1366,1.784287912
30/06/2011,1367,1.785025824
30/06/2011,1368,1.785763736
30/06/2011,1369,1.786501648
30/06/2011,1370,1.78723956
30/06/2011,1371,1.787977473
30/06/2011,1372,1.788715385
30/06/2011,1373,1.789453297
30/06/2011,1374,1.790191209
30/06/2011,1375,1.790929121
30/06/2011,1376,1.791667033
30/06/2011,1377,1.792404945
30/06/2011,1378,1.793142857
30/06/2011,1379,1.793880769
30/06/2011,1380,1.794618681
30/06/2011,1381,1.795356593
30/06/2011,1382,1.796094505
30/06/2011,1383,1.796832418
30/06/2011,1384,1.79757033
30/06/2011,1385,1.798308242
30/06/2011,1386,1.799046154
30/06/2011,1387,1.799784066
30/06/2011,1388,1.800521978
30/06/2011,1389,1.80125989
30/06/2011,1390,1.801997802
30/06/2011,1391,1.802735714
30/06/2011,1392,1.803473626
30/06/2011,1393,1.804211538
30/06/2011,1394,1.804949451
30/06/2011,1395,1.805687363
30/06/2011,1396,1.806425275
30/06/2011,1397,1.807163187
30/06/2011,1398,1.807901099
30/06/2011,1399,1.808639011
30/06/2011,1400,1.809376923
30/06/2011,1401,1.810114835
30/06/2011,1402,1.810852747
30/06/2011,1403,1.811590659
30/06/2011,1404,1.812328571
30/06/2011,1405,1.813066484
30/06/2011,1406,1.813804396
30/06/2011,1407,1.814542308
30/06/2011,1408,1.81528022
30/06/2011,1409,1.816018132
30/06/2011,1410,1.816756044
30/06/2011,1411,1.817493956
30/06/2011,1412,1.818231868
30/06/2011,1413,1.81896978
30/06/2011,1414,1.819707692
30/06/2011,1415,1.820445604
30/06/2011,1416,1.821183516
30/06/2011,1417,1.821921429
30/06/2011,1418,1.822659341
30/06/2011,1419,1.823397253
30/06/2011,1420,1.824135165
30/06/2011,1421,1.824873077
30/06/2011,1422,1.825610989
30/06/2011,1423,1.826348901
30/06/2011,1424,1.827086813
30/06/2011,1425,1.827824725
30/06/2011,1426,1.828562637
30/06/2011,1427,1.829300549
30/06/2011,1428,1.830038462
30/06/2011,1429,1.830776374
30/06/2011,1430,1.831514286
30/06/2011,1431,1.832252198
30/06/2011,1432,1.83299011
30/06/2011,1433,1.833728022
30/06/2011,1434,1.834465934
30/06/2011,1435,1.835203846
30/06/2011,1436,1.835941758
30/06/2011,1437,1.83667967
30/06/2011,1438,1.837417582
30/06/2011,1439,1.838155495
30/06/2011,1440,1.838893407
30/06/2011,1441,1.839631319
30/06/2011,1442,1.840369231
30/06/2011,1443,1.841107143
30/06/2011,1444,1.841845055
30/06/2011,1445,1.842582967
30/06/2011,1446,1.843320879
30/06/2011,1447,1.844058791
30/06/2011,1448,1.844796703
30/06/2011,1449,1.845534615
30/06/2011,1450,1.846272527
30/06/2011,1451,1.84701044
30/06/2011,1452,1.847748352
30/06/2011,1453,1.848486264
30/06/2011,1454,1.849224176
30/06/2011,1455,1.849962088
30/06/2011,1456,1.8507
30/06/2011,1457,1.851427473
30/06/2011,1458,1.852154945
30/06/2011,1459,1.852882418
30/06/2011,1460,1.85360989
30/06/2011,1461,1.854337363
30/06/2011,1462,1.855064835
30/06/2011,1463,1.855792308
30/06/2011,1464,1.85651978
30/06/2011,1465,1.857247253
30/06/2011,1466,1.857974725
30/06/2011,1467,1.858702198
30/06/2011,1468,1.85942967
30/06/2011,1469,1.860157143
30/06/2011,1470,1.860884615
30/06/2011,1471,1.861612088
30/06/2011,1472,1.86233956
30/06/2011,1473,1.863067033
30/06/2011,1474,1.863794505
30/06/2011,1475,1.864521978
30/06/2011,1476,1.865249451
30/06/2011,1477,1.865976923
30/06/2011,1478,1.866704396
30/06/2011,1479,1.867431868
30/06/2011,1480,1.868159341
30/06/2011,1481,1.868886813
30/06/2011,1482,1.869614286
30/06/2011,1483,1.870341758
30/06/2011,1484,1.871069231
30/06/2011,1485,1.871796703
30/06/2011,1486,1.872524176
30/06/2011,1487,1.873251648
30/06/2011,1488,1.873979121
30/06/2011,1489,1.874706593
30/06/2011,1490,1.875434066
30/06/2011,1491,1.876161538
30/06/2011,1492,1.876889011
30/06/2011,1493,1.877616484
30/06/2011,1494,1.878343956
30/06/2011,1495,1.879071429
30/06/2011,1496,1.879798901
30/06/2011,1497,1.880526374
30/06/2011,1498,1.881253846
30/06/2011,1499,1.881981319
30/06/2011,1500,1.882708791
30/06/2011,1501,1.883436264
30/06/2011,1502,1.884163736
30/06/2011,1503,1.884891209
30/06/2011,1504,1.885618681
30/06/2011,1505,1.886346154
30/06/2011,1506,1.887073626
30/06/2011,1507,1.887801099
30/06/2011,1508,1.888528571
30/06/2011,1509,1.889256044
30/06/2011,1510,1.889983516
30/06/2011,1511,1.890710989
30/06/2011,1512,1.891438462
30/06/2011,1513,1.892165934
30/06/2011,1514,1.892893407
30/06/2011,1515,1.893620879
30/06/2011,1516,1.894348352
30/06/2011,1517,1.895075824
30/06/2011,1518,1.895803297
30/06/2011,1519,1.896530769
30/06/2011,1520,1.897258242
30/06/2011,1521,1.897985714
30/06/2011,1522,1.898713187
30/06/2011,1523,1.899440659
30/06/2011,1524,1.900168132
30/06/2011,1525,1.900895604
30/06/2011,1526,1.901623077
30/06/2011,1527,1.902350549
30/06/2011,1528,1.903078022
30/06/2011,1529,1.903805495
30/06/2011,1530,1.904532967
30/06/2011,1531,1.90526044
30/06/2011,1532,1.905987912
30/06/2011,1533,1.906715385
30/06/2011,1534,1.907442857
30/06/2011,1535,1.90817033
30/06/2011,1536,1.908897802
30/06/2011,1537,1.909625275
30/06/2011,1538,1.910352747
30/06/2011,1539,1.91108022
30/06/2011,1540,1.911807692
30/06/2011,1541,1.912535165
30/06/2011,1542,1.913262637
30/06/2011,1543,1.91399011
30/06/2011,1544,1.914717582
30/06/2011,1545,1.915445055
30/06/2011,1546,1.916172527
30/06/2011,1547,1.9169
30/06/2011,1548,1.917627473
30/06/2011,1549,1.918354945
30/06/2011,1550,1.919082418
30/06/2011,1551,1.91980989
30/06/2011,1552,1.920537363
30/06/2011,1553,1.921264835
30/06/2011,1554,1.921992308
30/06/2011,1555,1.92271978
30/06/2011,1556,1.923447253
30/06/2011,1557,1.924174725
30/06/2011,1558,1.924902198
30/06/2011,1559,1.92562967
30/06/2011,1560,1.926357143
30/06/2011,1561,1.927084615
30/06/2011,1562,1.927812088
30/06/2011,1563,1.92853956
30/06/2011,1564,1.929267033
30/06/2011,1565,1.929994505
30/06/2011,1566,1.930721978
30/06/2011,1567,1.931449451
30/06/2011,1568,1.932176923
30/06/2011,1569,1.932904396
30/06/2011,1570,1.933631868
30/06/2011,1571,1.934359341
30/06/2011,1572,1.935086813
30/06/2011,1573,1.935814286
30/06/2011,1574,1.936541758
30/06/2011,1575,1.937269231
30/06/2011,1576,1.937996703
30/06/2011,1577,1.938724176
30/06/2011,1578,1.939451648
30/06/2011,1579,1.940179121
30/06/2011,1580,1.940906593
30/06/2011,1581,1.941634066
30/06/2011,1582,1.942361538
30/06/2011,1583,1.943089011
30/06/2011,1584,1.943816484
30/06/2011,1585,1.944543956
30/06/2011,1586,1.945271429
30/06/2011,1587,1.945998901
30/06/2011,1588,1.946726374
30/06/2011,1589,1.947453846
30/06/2011,1590,1.948181319
30/06/2011,1591,1.948908791
30/06/2011,1592,1.949636264
30/06/2011,1593,1.950363736
30/06/2011,1594,1.951091209
30/06/2011,1595,1.951818681
30/06/2011,1596,1.952546154
30/06/2011,1597,1.953273626
30/06/2011,1598,1.954001099
30/06/2011,1599,1.954728571
30/06/2011,1600,1.955456044
30/06/2011,1601,1.956183516
30/06/2011,1602,1.956910989
30/06/2011,1603,1.957638462
30/06/2011,1604,1.958365934
30/06/2011,1605,1.959093407
30/06/2011,1606,1.959820879
30/06/2011,1607,1.960548352
30/06/2011,1608,1.961275824
30/06/2011,1609,1.962003297
30/06/2011,1610,1.962730769
30/06/2011,1611,1.963458242
30/06/2011,1612,1.964185714
30/06/2011,1613,1.964913187
30/06/2011,1614,1.965640659
30/06/2011,1615,1.966368132
30/06/2011,1616,1.967095604
30/06/2011,1617,1.967823077
30/06/2011,1618,1.968550549
30/06/2011,1619,1.969278022
30/06/2011,1620,1.970005495
30/06/2011,1621,1.970732967
30/06/2011,1622,1.97146044
30/06/2011,1623,1.972187912
30/06/2011,1624,1.972915385
30/06/2011,1625,1.973642857
30/06/2011,1626,1.97437033
30/06/2011,1627,1.975097802
30/06/2011,1628,1.975825275
30/06/2011,1629,1.976552747
30/06/2011,1630,1.97728022
30/06/2011,1631,1.978007692
30/06/2011,1632,1.978735165
30/06/2011,1633,1.979462637
30/06/2011,1634,1.98019011
30/06/2011,1635,1.980917582
30/06/2011,1636,1.981645055
30/06/2011,1637,1.982372527
30/06/2011,1638,1.9831
30/06/2011,1639,1.983806044
30/06/2011,1640,1.984512088
30/06/2011,1641,1.985218132
30/06/2011,1642,1.985924176
30/06/2011,1643,1.98663022
30/06/2011,1644,1.987336264
30/06/2011,1645,1.988042308
30/06/2011,1646,1.988748352
30/06/2011,1647,1.989454396
30/06/2011,1648,1.99016044
30/06/2011,1649,1.990866484
30/06/2011,1650,1.991572527
30/06/2011,1651,1.992278571
30/06/2011,1652,1.992984615
30/06/2011,1653,1.993690659
30/06/2011,1654,1.994396703
30/06/2011,1655,1.995102747
30/06/2011,1656,1.995808791
30/06/2011,1657,1.996514835
30/06/2011,1658,1.997220879
30/06/2011,1659,1.997926923
30/06/2011,1660,1.998632967
30/06/2011,1661,1.999339011
30/06/2011,1662,2.000045055
30/06/2011,1663,2.000751099
30/06/2011,1664,2.001457143
30/06/2011,1665,2.002163187
30/06/2011,1666,2.002869231
30/06/2011,1667,2.003575275
30/06/2011,1668,2.004281319
30/06/2011,1669,2.004987363
30/06/2011,1670,2.005693407
30/06/2011,1671,2.006399451
30/06/2011,1672,2.007105495
30/06/2011,1673,2.007811538
30/06/2011,1674,2.008517582
30/06/2011,1675,2.009223626
30/06/2011,1676,2.00992967
30/06/2011,1677,2.010635714
30/06/2011,1678,2.011341758
30/06/2011,1679,2.012047802
30/06/2011,1680,2.012753846
30/06/2011,1681,2.01345989
30/06/2011,1682,2.014165934
30/06/2011,1683,2.014871978
30/06/2011,1684,2.015578022
30/06/2011,1685,2.016284066
30/06/2011,1686,2.01699011
30/06/2011,1687,2.017696154
30/06/2011,1688,2.018402198
30/06/2011,1689,2.019108242
30/06/2011,1690,2.019814286
30/06/2011,1691,2.02052033
30/06/2011,1692,2.021226374
30/06/2011,1693,2.021932418
30/06/2011,1694,2.022638462
30/06/2011,1695,2.023344505
30/06/2011,1696,2.024050549
30/06/2011,1697,2.024756593
30/06/2011,1698,2.025462637
30/06/2011,1699,2.026168681
30/06/2011,1700,2.026874725
30/06/2011,1701,2.027580769
30/06/2011,1702,2.028286813
30/06/2011,1703,2.028992857
30/06/2011,1704,2.029698901
30/06/2011,1705,2.030404945
30/06/2011,1706,2.031110989
30/06/2011,1707,2.031817033
30/06/2011,1708,2.032523077
30/06/2011,1709,2.033229121
30/06/2011,1710,2.033935165
30/06/2011,1711,2.034641209
30/06/2011,1712,2.035347253
30/06/2011,1713,2.036053297
30/06/2011,1714,2.036759341
30/06/2011,1715,2.037465385
30/06/2011,1716,2.038171429
30/06/2011,1717,2.038877473
30/06/2011,1718,2.039583516
30/06/2011,1719,2.04028956
30/06/2011,1720,2.040995604
30/06/2011,1721,2.041701648
30/06/2011,1722,2.042407692
30/06/2011,1723,2.043113736
30/06/2011,1724,2.04381978
30/06/2011,1725,2.044525824
30/06/2011,1726,2.045231868
30/06/2011,1727,2.045937912
30/06/2011,1728,2.046643956
30/06/2011,1729,2.04735
30/06/2011,1730,2.048056044
30/06/2011,1731,2.048762088
30/06/2011,1732,2.049468132
30/06/2011,1733,2.050174176
30/06/2011,1734,2.05088022
30/06/2011,1735,2.051586264
30/06/2011,1736,2.052292308
30/06/2011,1737,2.052998352
30/06/2011,1738,2.053704396
30/06/2011,1739,2.05441044
30/06/2011,1740,2.055116484
30/06/2011,1741,2.055822527
30/06/2011,1742,2.056528571
30/06/2011,1743,2.057234615
30/06/2011,1744,2.057940659
30/06/2011,1745,2.058646703
30/06/2011,1746,2.059352747
30/06/2011,1747,2.060058791
30/06/2011,1748,2.060764835
30/06/2011,1749,2.061470879
30/06/2011,1750,2.062176923
30/06/2011,1751,2.062882967
30/06/2011,1752,2.063589011
30/06/2011,1753,2.064295055
30/06/2011,1754,2.065001099
30/06/2011,1755,2.065707143
30/06/2011,1756,2.066413187
30/06/2011,1757,2.067119231
30/06/2011,1758,2.067825275
30/06/2011,1759,2.068531319
30/06/2011,1760,2.069237363
30/06/2011,1761,2.069943407
30/06/2011,1762,2.070649451
30/06/2011,1763,2.071355495
30/06/2011,1764,2.072061538
30/06/2011,1765,2.072767582
30/06/2011,1766,2.073473626
30/06/2011,1767,2.07417967
30/06/2011,1768,2.074885714
30/06/2011,1769,2.075591758
30/06/2011,1770,2.076297802
30/06/2011,1771,2.077003846
30/06/2011,1772,2.07770989
30/06/2011,1773,2.078415934
30/06/2011,1774,2.079121978
30/06/2011,1775,2.079828022
30/06/2011,1776,2.080534066
30/06/2011,1777,2.08124011
30/06/2011,1778,2.081946154
30/06/2011,1779,2.082652198
30/06/2011,1780,2.083358242
30/06/2011,1781,2.084064286
30/06/2011,1782,2.08477033
30/06/2011,1783,2.085476374
30/06/2011,1784,2.086182418
30/06/2011,1785,2.086888462
30/06/2011,1786,2.087594505
30/06/2011,1787,2.088300549
30/06/2011,1788,2.089006593
30/06/2011,1789,2.089712637
30/06/2011,1790,2.090418681
30/06/2011,1791,2.091124725
30/06/2011,1792,2.091830769
30/06/2011,1793,2.092536813
30/06/2011,1794,2.093242857
30/06/2011,1795,2.093948901
30/06/2011,1796,2.094654945
30/06/2011,1797,2.095360989
30/06/2011,1798,2.096067033
30/06/2011,1799,2.096773077
30/06/2011,1800,2.097479121
30/06/2011,1801,2.098185165
30/06/2011,1802,2.098891209
30/06/2011,1803,2.099597253
30/06/2011,1804,2.100303297
30/06/2011,1805,2.101009341
30/06/2011,1806,2.101715385
30/06/2011,1807,2.102421429
30/06/2011,1808,2.103127473
30/06/2011,1809,2.103833516
30/06/2011,1810,2.10453956
30/06/2011,1811,2.105245604
30/06/2011,1812,2.105951648
30/06/2011,1813,2.106657692
30/06/2011,1814,2.107363736
30/06/2011,1815,2.10806978
30/06/2011,1816,2.108775824
30/06/2011,1817,2.109481868
30/06/2011,1818,2.110187912
30/06/2011,1819,2.110893956
30/06/2011,1820,2.1116
30/06/2011,1821,2.112037912
30/06/2011,1822,2.112475824
30/06/2011,1823,2.112913736
30/06/2011,1824,2.113351648
30/06/2011,1825,2.11378956
30/06/2011,1826,2.114227473
30/06/2011,1827,2.114665385
30/06/2011,1828,2.115103297
30/06/2011,1829,2.115541209
30/06/2011,1830,2.115979121
30/06/2011,1831,2.116417033
30/06/2011,1832,2.116854945
30/06/2011,1833,2.117292857
30/06/2011,1834,2.117730769
30/06/2011,1835,2.118168681
30/06/2011,1836,2.118606593
30/06/2011,1837,2.119044505
30/06/2011,1838,2.119482418
30/06/2011,1839,2.11992033
30/06/2011,1840,2.120358242
30/06/2011,1841,2.120796154
30/06/2011,1842,2.121234066
30/06/2011,1843,2.121671978
30/06/2011,1844,2.12210989
30/06/2011,1845,2.122547802
30/06/2011,1846,2.122985714
30/06/2011,1847,2.123423626
30/06/2011,1848,2.123861538
30/06/2011,1849,2.124299451
30/06/2011,1850,2.124737363
30/06/2011,1851,2.125175275
30/06/2011,1852,2.125613187
30/06/2011,1853,2.126051099
30/06/2011,1854,2.126489011
30/06/2011,1855,2.126926923
30/06/2011,1856,2.127364835
30/06/2011,1857,2.127802747
30/06/2011,1858,2.128240659
30/06/2011,1859,2.128678571
30/06/2011,1860,2.129116484
30/06/2011,1861,2.129554396
30/06/2011,1862,2.129992308
30/06/2011,1863,2.13043022
30/06/2011,1864,2.130868132
30/06/2011,1865,2.131306044
30/06/2011,1866,2.131743956
30/06/2011,1867,2.132181868
30/06/2011,1868,2.13261978
30/06/2011,1869,2.133057692
30/06/2011,1870,2.133495604
30/06/2011,1871,2.133933516
30/06/2011,1872,2.134371429
30/06/2011,1873,2.134809341
30/06/2011,1874,2.135247253
30/06/2011,1875,2.135685165
30/06/2011,1876,2.136123077
30/06/2011,1877,2.136560989
30/06/2011,1878,2.136998901
30/06/2011,1879,2.137436813
30/06/2011,1880,2.137874725
30/06/2011,1881,2.138312637
30/06/2011,1882,2.138750549
30/06/2011,1883,2.139188462
30/06/2011,1884,2.139626374
30/06/2011,1885,2.140064286
30/06/2011,1886,2.140502198
30/06/2011,1887,2.14094011
30/06/2011,1888,2.141378022
30/06/2011,1889,2.141815934
30/06/2011,1890,2.142253846
30/06/2011,1891,2.142691758
30/06/2011,1892,2.14312967
30/06/2011,1893,2.143567582
30/06/2011,1894,2.144005495
30/06/2011,1895,2.144443407
30/06/2011,1896,2.144881319
30/06/2011,1897,2.145319231
30/06/2011,1898,2.145757143
30/06/2011,1899,2.146195055
30/06/2011,1900,2.146632967
30/06/2011,1901,2.147070879
30/06/2011,1902,2.147508791
30/06/2011,1903,2.147946703
30/06/2011,1904,2.148384615
30/06/2011,1905,2.148822527
30/06/2011,1906,2.14926044
30/06/2011,1907,2.149698352
30/06/2011,1908,2.150136264
30/06/2011,1909,2.150574176
30/06/2011,1910,2.151012088
30/06/2011,1911,2.15145
30/06/2011,1912,2.151887912
30/06/2011,1913,2.152325824
30/06/2011,1914,2.152763736
30/06/2011,1915,2.153201648
30/06/2011,1916,2.15363956
30/06/2011,1917,2.154077473
30/06/2011,1918,2.154515385
30/06/2011,1919,2.154953297
30/06/2011,1920,2.155391209
30/06/2011,1921,2.155829121
30/06/2011,1922,2.156267033
30/06/2011,1923,2.156704945
30/06/2011,1924,2.157142857
30/06/2011,1925,2.157580769
30/06/2011,1926,2.158018681
30/06/2011,1927,2.158456593
30/06/2011,1928,2.158894505
30/06/2011,1929,2.159332418
30/06/2011,1930,2.15977033
30/06/2011,1931,2.160208242
30/06/2011,1932,2.160646154
30/06/2011,1933,2.161084066
30/06/2011,1934,2.161521978
30/06/2011,1935,2.16195989
30/06/2011,1936,2.162397802
30/06/2011,1937,2.162835714
30/06/2011,1938,2.163273626
30/06/2011,1939,2.163711538
30/06/2011,1940,2.164149451
30/06/2011,1941,2.164587363
30/06/2011,1942,2.165025275
30/06/2011,1943,2.165463187
30/06/2011,1944,2.165901099
30/06/2011,1945,2.166339011
30/06/2011,1946,2.166776923
30/06/2011,1947,2.167214835
30/06/2011,1948,2.167652747
30/06/2011,1949,2.168090659
30/06/2011,1950,2.168528571
30/06/2011,1951,2.168966484
30/06/2011,1952,2.169404396
30/06/2011,1953,2.169842308
30/06/2011,1954,2.17028022
30/06/2011,1955,2.170718132
30/06/2011,1956,2.171156044
30/06/2011,1957,2.171593956
30/06/2011,1958,2.172031868
30/06/2011,1959,2.17246978
30/06/2011,1960,2.172907692
30/06/2011,1961,2.173345604
30/06/2011,1962,2.173783516
30/06/2011,1963,2.174221429
30/06/2011,1964,2.174659341
30/06/2011,1965,2.175097253
30/06/2011,1966,2.175535165
30/06/2011,1967,2.175973077
30/06/2011,1968,2.176410989
30/06/2011,1969,2.176848901
30/06/2011,1970,2.177286813
30/06/2011,1971,2.177724725
30/06/2011,1972,2.178162637
30/06/2011,1973,2.178600549
30/06/2011,1974,2.179038462
30/06/2011,1975,2.179476374
30/06/2011,1976,2.179914286
30/06/2011,1977,2.180352198
30/06/2011,1978,2.18079011
30/06/2011,1979,2.181228022
30/06/2011,1980,2.181665934
30/06/2011,1981,2.182103846
30/06/2011,1982,2.182541758
30/06/2011,1983,2.18297967
30/06/2011,1984,2.183417582
30/06/2011,1985,2.183855495
30/06/2011,1986,2.184293407
30/06/2011,1987,2.184731319
30/06/2011,1988,2.185169231
30/06/2011,1989,2.185607143
30/06/2011,1990,2.186045055
30/06/2011,1991,2.186482967
30/06/2011,1992,2.186920879
30/06/2011,1993,2.187358791
30/06/2011,1994,2.187796703
30/06/2011,1995,2.188234615
30/06/2011,1996,2.188672527
30/06/2011,1997,2.18911044
30/06/2011,1998,2.189548352
30/06/2011,1999,2.189986264
30/06/2011,2000,2.190424176
30/06/2011,2001,2.190862088
30/06/2011,2002,2.1913
30/06/2011,2003,2.19172967
30/06/2011,2004,2.192159341
30/06/2011,2005,2.192589011
30/06/2011,2006,2.193018681
30/06/2011,2007,2.193448352
30/06/2011,2008,2.193878022
30/06/2011,2009,2.194307692
30/06/2011,2010,2.194737363
30/06/2011,2011,2.195167033
30/06/2011,2012,2.195596703
30/06/2011,2013,2.196026374
30/06/2011,2014,2.196456044
30/06/2011,2015,2.196885714
30/06/2011,2016,2.197315385
30/06/2011,2017,2.197745055
30/06/2011,2018,2.198174725
30/06/2011,2019,2.198604396
30/06/2011,2020,2.199034066
30/06/2011,2021,2.199463736
30/06/2011,2022,2.199893407
30/06/2011,2023,2.200323077
30/06/2011,2024,2.200752747
30/06/2011,2025,2.201182418
30/06/2011,2026,2.201612088
30/06/2011,2027,2.202041758
30/06/2011,2028,2.202471429
30/06/2011,2029,2.202901099
30/06/2011,2030,2.203330769
30/06/2011,2031,2.20376044
30/06/2011,2032,2.20419011
30/06/2011,2033,2.20461978
30/06/2011,2034,2.205049451
30/06/2011,2035,2.205479121
30/06/2011,2036,2.205908791
30/06/2011,2037,2.206338462
30/06/2011,2038,2.206768132
30/06/2011,2039,2.207197802
30/06/2011,2040,2.207627473
30/06/2011,2041,2.208057143
30/06/2011,2042,2.208486813
30/06/2011,2043,2.208916484
30/06/2011,2044,2.209346154
30/06/2011,2045,2.209775824
30/06/2011,2046,2.210205495
30/06/2011,2047,2.210635165
30/06/2011,2048,2.211064835
30/06/2011,2049,2.211494505
30/06/2011,2050,2.211924176
30/06/2011,2051,2.212353846
30/06/2011,2052,2.212783516
30/06/2011,2053,2.213213187
30/06/2011,2054,2.213642857
30/06/2011,2055,2.214072527
30/06/2011,2056,2.214502198
30/06/2011,2057,2.214931868
30/06/2011,2058,2.215361538
30/06/2011,2059,2.215791209
30/06/2011,2060,2.216220879
30/06/2011,2061,2.216650549
30/06/2011,2062,2.21708022
30/06/2011,2063,2.21750989
30/06/2011,2064,2.21793956
30/06/2011,2065,2.218369231
30/06/2011,2066,2.218798901
30/06/2011,2067,2.219228571
30/06/2011,2068,2.219658242
30/06/2011,2069,2.220087912
30/06/2011,2070,2.220517582
30/06/2011,2071,2.220947253
30/06/2011,2072,2.221376923
30/06/2011,2073,2.221806593
30/06/2011,2074,2.222236264
30/06/2011,2075,2.222665934
30/06/2011,2076,2.223095604
30/06/2011,2077,2.223525275
30/06/2011,2078,2.223954945
30/06/2011,2079,2.224384615
30/06/2011,2080,2.224814286
30/06/2011,2081,2.225243956
30/06/2011,2082,2.225673626
30/06/2011,2083,2.226103297
30/06/2011,2084,2.226532967
30/06/2011,2085,2.226962637
30/06/2011,2086,2.227392308
30/06/2011,2087,2.227821978
30/06/2011,2088,2.228251648
30/06/2011,2089,2.228681319
30/06/2011,2090,2.229110989
30/06/2011,2091,2.229540659
30/06/2011,2092,2.22997033
30/06/2011,2093,2.2304
30/06/2011,2094,2.23082967
30/06/2011,2095,2.231259341
30/06/2011,2096,2.231689011
30/06/2011,2097,2.232118681
30/06/2011,2098,2.232548352
30/06/2011,2099,2.232978022
30/06/2011,2100,2.233407692
30/06/2011,2101,2.233837363
30/06/2011,2102,2.234267033
30/06/2011,2103,2.234696703
30/06/2011,2104,2.235126374
30/06/2011,2105,2.235556044
30/06/2011,2106,2.235985714
30/06/2011,2107,2.236415385
30/06/2011,2108,2.236845055
30/06/2011,2109,2.237274725
30/06/2011,2110,2.237704396
30/06/2011,2111,2.238134066
30/06/2011,2112,2.238563736
30/06/2011,2113,2.238993407
30/06/2011,2114,2.239423077
30/06/2011,2115,2.239852747
30/06/2011,2116,2.240282418
30/06/2011,2117,2.240712088
30/06/2011,2118,2.241141758
30/06/2011,2119,2.241571429
30/06/2011,2120,2.242001099
30/06/2011,2121,2.242430769
30/06/2011,2122,2.24286044
30/06/2011,2123,2.24329011
30/06/2011,2124,2.24371978
30/06/2011,2125,2.244149451
30/06/2011,2126,2.244579121
30/06/2011,2127,2.245008791
30/06/2011,2128,2.245438462
30/06/2011,2129,2.245868132
30/06/2011,2130,2.246297802
30/06/2011,2131,2.246727473
30/06/2011,2132,2.247157143
30/06/2011,2133,2.247586813
30/06/2011,2134,2.248016484
30/06/2011,2135,2.248446154
30/06/2011,2136,2.248875824
30/06/2011,2137,2.249305495
30/06/2011,2138,2.249735165
30/06/2011,2139,2.250164835
30/06/2011,2140,2.250594505
30/06/2011,2141,2.251024176
30/06/2011,2142,2.251453846
30/06/2011,2143,2.251883516
30/06/2011,2144,2.252313187
30/06/2011,2145,2.252742857
30/06/2011,2146,2.253172527
30/06/2011,2147,2.253602198
30/06/2011,2148,2.254031868
30/06/2011,2149,2.254461538
30/06/2011,2150,2.254891209
30/06/2011,2151,2.255320879
30/06/2011,2152,2.255750549
30/06/2011,2153,2.25618022
30/06/2011,2154,2.25660989
30/06/2011,2155,2.25703956
30/06/2011,2156,2.257469231
30/06/2011,2157,2.257898901
30/06/2011,2158,2.258328571
30/06/2011,2159,2.258758242
30/06/2011,2160,2.259187912
30/06/2011,2161,2.259617582
30/06/2011,2162,2.260047253
30/06/2011,2163,2.260476923
30/06/2011,2164,2.260906593
30/06/2011,2165,2.261336264
30/06/2011,2166,2.261765934
30/06/2011,2167,2.262195604
30/06/2011,2168,2.262625275
30/06/2011,2169,2.263054945
30/06/2011,2170,2.263484615
30/06/2011,2171,2.263914286
30/06/2011,2172,2.264343956
30/06/2011,2173,2.264773626
30/06/2011,2174,2.265203297
30/06/2011,2175,2.265632967
30/06/2011,2176,2.266062637
30/06/2011,2177,2.266492308
30/06/2011,2178,2.266921978
30/06/2011,2179,2.267351648
30/06/2011,2180,2.267781319
30/06/2011,2181,2.268210989
30/06/2011,2182,2.268640659
30/06/2011,2183,2.26907033
30/06/2011,2184,2.2695
30/06/2011,2185,2.269928022
30/06/2011,2186,2.270356044
30/06/2011,2187,2.270784066
30/06/2011,2188,2.271212088
30/06/2011,2189,2.27164011
30/06/2011,2190,2.272068132
30/06/2011,2191,2.272496154
30/06/2011,2192,2.272924176
30/06/2011,2193,2.273352198
30/06/2011,2194,2.27378022
30/06/2011,2195,2.274208242
30/06/2011,2196,2.274636264
30/06/2011,2197,2.275064286
30/06/2011,2198,2.275492308
30/06/2011,2199,2.27592033
30/06/2011,2200,2.276348352
30/06/2011,2201,2.276776374
30/06/2011,2202,2.277204396
30/06/2011,2203,2.277632418
30/06/2011,2204,2.27806044
30/06/2011,2205,2.278488462
30/06/2011,2206,2.278916484
30/06/2011,2207,2.279344505
30/06/2011,2208,2.279772527
30/06/2011,2209,2.280200549
30/06/2011,2210,2.280628571
30/06/2011,2211,2.281056593
30/06/2011,2212,2.281484615
30/06/2011,2213,2.281912637
30/06/2011,2214,2.282340659
30/06/2011,2215,2.282768681
30/06/2011,2216,2.283196703
30/06/2011,2217,2.283624725
30/06/2011,2218,2.284052747
30/06/2011,2219,2.284480769
30/06/2011,2220,2.284908791
30/06/2011,2221,2.285336813
30/06/2011,2222,2.285764835
30/06/2011,2223,2.286192857
30/06/2011,2224,2.286620879
30/06/2011,2225,2.287048901
30/06/2011,2226,2.287476923
30/06/2011,2227,2.287904945
30/06/2011,2228,2.288332967
30/06/2011,2229,2.288760989
30/06/2011,2230,2.289189011
30/06/2011,2231,2.289617033
30/06/2011,2232,2.290045055
30/06/2011,2233,2.290473077
30/06/2011,2234,2.290901099
30/06/2011,2235,2.291329121
30/06/2011,2236,2.291757143
30/06/2011,2237,2.292185165
30/06/2011,2238,2.292613187
30/06/2011,2239,2.293041209
30/06/2011,2240,2.293469231
30/06/2011,2241,2.293897253
30/06/2011,2242,2.294325275
30/06/2011,2243,2.294753297
30/06/2011,2244,2.295181319
30/06/2011,2245,2.295609341
30/06/2011,2246,2.296037363
30/06/2011,2247,2.296465385
30/06/2011,2248,2.296893407
30/06/2011,2249,2.297321429
30/06/2011,2250,2.297749451
30/06/2011,2251,2.298177473
30/06/2011,2252,2.298605495
30/06/2011,2253,2.299033516
30/06/2011,2254,2.299461538
30/06/2011,2255,2.29988956
30/06/2011,2256,2.300317582
30/06/2011,2257,2.300745604
30/06/2011,2258,2.301173626
30/06/2011,2259,2.301601648
30/06/2011,2260,2.30202967
30/06/2011,2261,2.302457692
30/06/2011,2262,2.302885714
30/06/2011,2263,2.303313736
30/06/2011,2264,2.303741758
30/06/2011,2265,2.30416978
30/06/2011,2266,2.304597802
30/06/2011,2267,2.305025824
30/06/2011,2268,2.305453846
30/06/2011,2269,2.305881868
30/06/2011,2270,2.30630989
30/06/2011,2271,2.306737912
30/06/2011,2272,2.307165934
30/06/2011,2273,2.307593956
30/06/2011,2274,2.308021978
30/06/2011,2275,2.30845
30/06/2011,2276,2.308878022
30/06/2011,2277,2.309306044
30/06/2011,2278,2.309734066
30/06/2011,2279,2.310162088
30/06/2011,2280,2.31059011
30/06/2011,2281,2.311018132
30/06/2011,2282,2.311446154
30/06/2011,2283,2.311874176
30/06/2011,2284,2.312302198
30/06/2011,2285,2.31273022
30/06/2011,2286,2.313158242
30/06/2011,2287,2.313586264
30/06/2011,2288,2.314014286
30/06/2011,2289,2.314442308
30/06/2011,2290,2.31487033
30/06/2011,2291,2.315298352
30/06/2011,2292,2.315726374
30/06/2011,2293,2.316154396
30/06/2011,2294,2.316582418
30/06/2011,2295,2.31701044
30/06/2011,2296,2.317438462
30/06/2011,2297,2.317866484
30/06/2011,2298,2.318294505
30/06/2011,2299,2.318722527
30/06/2011,2300,2.319150549
30/06/2011,2301,2.319578571
30/06/2011,2302,2.320006593
30/06/2011,2303,2.320434615
30/06/2011,2304,2.320862637
30/06/2011,2305,2.321290659
30/06/2011,2306,2.321718681
30/06/2011,2307,2.322146703
30/06/2011,2308,2.322574725
30/06/2011,2309,2.323002747
30/06/2011,2310,2.323430769
30/06/2011,2311,2.323858791
30/06/2011,2312,2.324286813
30/06/2011,2313,2.324714835
30/06/2011,2314,2.325142857
30/06/2011,2315,2.325570879
30/06/2011,2316,2.325998901
30/06/2011,2317,2.326426923
30/06/2011,2318,2.326854945
30/06/2011,2319,2.327282967
30/06/2011,2320,2.327710989
30/06/2011,2321,2.328139011
30/06/2011,2322,2.328567033
30/06/2011,2323,2.328995055
30/06/2011,2324,2.329423077
30/06/2011,2325,2.329851099
30/06/2011,2326,2.330279121
30/06/2011,2327,2.330707143
30/06/2011,2328,2.331135165
30/06/2011,2329,2.331563187
30/06/2011,2330,2.331991209
30/06/2011,2331,2.332419231
30/06/2011,2332,2.332847253
30/06/2011,2333,2.333275275
30/06/2011,2334,2.333703297
30/06/2011,2335,2.334131319
30/06/2011,2336,2.334559341
30/06/2011,2337,2.334987363
30/06/2011,2338,2.335415385
30/06/2011,2339,2.335843407
30/06/2011,2340,2.336271429
30/06/2011,2341,2.336699451
30/06/2011,2342,2.337127473
30/06/2011,2343,2.337555495
30/06/2011,2344,2.337983516
30/06/2011,2345,2.338411538
30/06/2011,2346,2.33883956
30/06/2011,2347,2.339267582
30/06/2011,2348,2.339695604
30/06/2011,2349,2.340123626
30/06/2011,2350,2.340551648
30/06/2011,2351,2.34097967
30/06/2011,2352,2.341407692
30/06/2011,2353,2.341835714
30/06/2011,2354,2.342263736
30/06/2011,2355,2.342691758
30/06/2011,2356,2.34311978
30/06/2011,2357,2.343547802
30/06/2011,2358,2.343975824
30/06/2011,2359,2.344403846
30/06/2011,2360,2.344831868
30/06/2011,2361,2.34525989
30/06/2011,2362,2.345687912
30/06/2011,2363,2.346115934
30/06/2011,2364,2.346543956
30/06/2011,2365,2.346971978
30/06/2011,2366,2.3474
30/06/2011,2367,2.347958791
30/06/2011,2368,2.348517582
30/06/2011,2369,2.349076374
30/06/2011,2370,2.349635165
30/06/2011,2371,2.350193956
30/06/2011,2372,2.350752747
30/06/2011,2373,2.351311538
30/06/2011,2374,2.35187033
30/06/2011,2375,2.352429121
30/06/2011,2376,2.352987912
30/06/2011,2377,2.353546703
30/06/2011,2378,2.354105495
30/06/2011,2379,2.354664286
30/06/2011,2380,2.355223077
30/06/2011,2381,2.355781868
30/06/2011,2382,2.356340659
30/06/2011,2383,2.356899451
30/06/2011,2384,2.357458242
30/06/2011,2385,2.358017033
30/06/2011,2386,2.358575824
30/06/2011,2387,2.359134615
30/06/2011,2388,2.359693407
30/06/2011,2389,2.360252198
30/06/2011,2390,2.360810989
30/06/2011,2391,2.36136978
30/06/2011,2392,2.361928571
30/06/2011,2393,2.362487363
30/06/2011,2394,2.363046154
30/06/2011,2395,2.363604945
30/06/2011,2396,2.364163736
30/06/2011,2397,2.364722527
30/06/2011,2398,2.365281319
30/06/2011,2399,2.36584011
30/06/2011,2400,2.366398901
30/06/2011,2401,2.366957692
30/06/2011,2402,2.367516484
30/06/2011,2403,2.368075275
30/06/2011,2404,2.368634066
30/06/2011,2405,2.369192857
30/06/2011,2406,2.369751648
30/06/2011,2407,2.37031044
30/06/2011,2408,2.370869231
30/06/2011,2409,2.371428022
30/06/2011,2410,2.371986813
30/06/2011,2411,2.372545604
30/06/2011,2412,2.373104396
30/06/2011,2413,2.373663187
30/06/2011,2414,2.374221978
30/06/2011,2415,2.374780769
30/06/2011,2416,2.37533956
30/06/2011,2417,2.375898352
30/06/2011,2418,2.376457143
30/06/2011,2419,2.377015934
30/06/2011,2420,2.377574725
30/06/2011,2421,2.378133516
30/06/2011,2422,2.378692308
30/06/2011,2423,2.379251099
30/06/2011,2424,2.37980989
30/06/2011,2425,2.380368681
30/06/2011,2426,2.380927473
30/06/2011,2427,2.381486264
30/06/2011,2428,2.382045055
30/06/2011,2429,2.382603846
30/06/2011,2430,2.383162637
30/06/2011,2431,2.383721429
30/06/2011,2432,2.38428022
30/06/2011,2433,2.384839011
30/06/2011,2434,2.385397802
30/06/2011,2435,2.385956593
30/06/2011,2436,2.386515385
30/06/2011,2437,2.387074176
30/06/2011,2438,2.387632967
30/06/2011,2439,2.388191758
30/06/2011,2440,2.388750549
30/06/2011,2441,2.389309341
30/06/2011,2442,2.389868132
30/06/2011,2443,2.390426923
30/06/2011,2444,2.390985714
30/06/2011,2445,2.391544505
30/06/2011,2446,2.392103297
30/06/2011,2447,2.392662088
30/06/2011,2448,2.393220879
30/06/2011,2449,2.39377967
30/06/2011,2450,2.394338462
30/06/2011,2451,2.394897253
30/06/2011,2452,2.395456044
30/06/2011,2453,2.396014835
30/06/2011,2454,2.396573626
30/06/2011,2455,2.397132418
30/06/2011,2456,2.397691209
30/06/2011,2457,2.39825
30/06/2011,2458,2.398808791
30/06/2011,2459,2.399367582
30/06/2011,2460,2.399926374
30/06/2011,2461,2.400485165
30/06/2011,2462,2.401043956
30/06/2011,2463,2.401602747
30/06/2011,2464,2.402161538
30/06/2011,2465,2.40272033
30/06/2011,2466,2.403279121
30/06/2011,2467,2.403837912
30/06/2011,2468,2.404396703
30/06/2011,2469,2.404955495
30/06/2011,2470,2.405514286
30/06/2011,2471,2.406073077
30/06/2011,2472,2.406631868
30/06/2011,2473,2.407190659
30/06/2011,2474,2.407749451
30/06/2011,2475,2.408308242
30/06/2011,2476,2.408867033
30/06/2011,2477,2.409425824
30/06/2011,2478,2.409984615
30/06/2011,2479,2.410543407
30/06/2011,2480,2.411102198
30/06/2011,2481,2.411660989
30/06/2011,2482,2.41221978
30/06/2011,2483,2.412778571
30/06/2011,2484,2.413337363
30/06/2011,2485,2.413896154
30/06/2011,2486,2.414454945
30/06/2011,2487,2.415013736
30/06/2011,2488,2.415572527
30/06/2011,2489,2.416131319
30/06/2011,2490,2.41669011
30/06/2011,2491,2.417248901
30/06/2011,2492,2.417807692
30/06/2011,2493,2.418366484
30/06/2011,2494,2.418925275
30/06/2011,2495,2.419484066
30/06/2011,2496,2.420042857
30/06/2011,2497,2.420601648
30/06/2011,2498,2.42116044
30/06/2011,2499,2.421719231
30/06/2011,2500,2.422278022
30/06/2011,2501,2.422836813
30/06/2011,2502,2.423395604
30/06/2011,2503,2.423954396
30/06/2011,2504,2.424513187
30/06/2011,2505,2.425071978
30/06/2011,2506,2.425630769
30/06/2011,2507,2.42618956
30/06/2011,2508,2.426748352
30/06/2011,2509,2.427307143
30/06/2011,2510,2.427865934
30/06/2011,2511,2.428424725
30/06/2011,2512,2.428983516
30/06/2011,2513,2.429542308
30/06/2011,2514,2.430101099
30/06/2011,2515,2.43065989
30/06/2011,2516,2.431218681
30/06/2011,2517,2.431777473
30/06/2011,2518,2.432336264
30/06/2011,2519,2.432895055
30/06/2011,2520,2.433453846
30/06/2011,2521,2.434012637
30/06/2011,2522,2.434571429
30/06/2011,2523,2.43513022
30/06/2011,2524,2.435689011
30/06/2011,2525,2.436247802
30/06/2011,2526,2.436806593
30/06/2011,2527,2.437365385
30/06/2011,2528,2.437924176
30/06/2011,2529,2.438482967
30/06/2011,2530,2.439041758
30/06/2011,2531,2.439600549
30/06/2011,2532,2.440159341
30/06/2011,2533,2.440718132
30/06/2011,2534,2.441276923
30/06/2011,2535,2.441835714
30/06/2011,2536,2.442394505
30/06/2011,2537,2.442953297
30/06/2011,2538,2.443512088
30/06/2011,2539,2.444070879
30/06/2011,2540,2.44462967
30/06/2011,2541,2.445188462
30/06/2011,2542,2.445747253
30/06/2011,2543,2.446306044
30/06/2011,2544,2.446864835
30/06/2011,2545,2.447423626
30/06/2011,2546,2.447982418
30/06/2011,2547,2.448541209
30/06/2011,2548,2.4491
30/06/2011,2549,2.449652747
30/06/2011,2550,2.450205495
30/06/2011,2551,2.450758242
30/06/2011,2552,2.451310989
30/06/2011,2553,2.451863736
30/06/2011,2554,2.452416484
30/06/2011,2555,2.452969231
30/06/2011,2556,2.453521978
30/06/2011,2557,2.454074725
30/06/2011,2558,2.454627473
30/06/2011,2559,2.45518022
30/06/2011,2560,2.455732967
30/06/2011,2561,2.456285714
30/06/2011,2562,2.456838462
30/06/2011,2563,2.457391209
30/06/2011,2564,2.457943956
30/06/2011,2565,2.458496703
30/06/2011,2566,2.459049451
30/06/2011,2567,2.459602198
30/06/2011,2568,2.460154945
30/06/2011,2569,2.460707692
30/06/2011,2570,2.46126044
30/06/2011,2571,2.461813187
30/06/2011,2572,2.462365934
30/06/2011,2573,2.462918681
30/06/2011,2574,2.463471429
30/06/2011,2575,2.464024176
30/06/2011,2576,2.464576923
30/06/2011,2577,2.46512967
30/06/2011,2578,2.465682418
30/06/2011,2579,2.466235165
30/06/2011,2580,2.466787912
30/06/2011,2581,2.467340659
30/06/2011,2582,2.467893407
30/06/2011,2583,2.468446154
30/06/2011,2584,2.468998901
30/06/2011,2585,2.469551648
30/06/2011,2586,2.470104396
30/06/2011,2587,2.470657143
30/06/2011,2588,2.47120989
30/06/2011,2589,2.471762637
30/06/2011,2590,2.472315385
30/06/2011,2591,2.472868132
30/06/2011,2592,2.473420879
30/06/2011,2593,2.473973626
30/06/2011,2594,2.474526374
30/06/2011,2595,2.475079121
30/06/2011,2596,2.475631868
30/06/2011,2597,2.476184615
30/06/2011,2598,2.476737363
30/06/2011,2599,2.47729011
30/06/2011,2600,2.477842857
30/06/2011,2601,2.478395604
30/06/2011,2602,2.478948352
30/06/2011,2603,2.479501099
30/06/2011,2604,2.480053846
30/06/2011,2605,2.480606593
30/06/2011,2606,2.481159341
30/06/2011,2607,2.481712088
30/06/2011,2608,2.482264835
30/06/2011,2609,2.482817582
30/06/2011,2610,2.48337033
30/06/2011,2611,2.483923077
30/06/2011,2612,2.484475824
30/06/2011,2613,2.485028571
30/06/2011,2614,2.485581319
30/06/2011,2615,2.486134066
30/06/2011,2616,2.486686813
30/06/2011,2617,2.48723956
30/06/2011,2618,2.487792308
30/06/2011,2619,2.488345055
30/06/2011,2620,2.488897802
30/06/2011,2621,2.489450549
30/06/2011,2622,2.490003297
30/06/2011,2623,2.490556044
30/06/2011,2624,2.491108791
30/06/2011,2625,2.491661538
30/06/2011,2626,2.492214286
30/06/2011,2627,2.492767033
30/06/2011,2628,2.49331978
30/06/2011,2629,2.493872527
30/06/2011,2630,2.494425275
30/06/2011,2631,2.494978022
30/06/2011,2632,2.495530769
30/06/2011,2633,2.496083516
30/06/2011,2634,2.496636264
30/06/2011,2635,2.497189011
30/06/2011,2636,2.497741758
30/06/2011,2637,2.498294505
30/06/2011,2638,2.498847253
30/06/2011,2639,2.4994
30/06/2011,2640,2.499952747
30/06/2011,2641,2.500505495
30/06/2011,2642,2.501058242
30/06/2011,2643,2.501610989
30/06/2011,2644,2.502163736
30/06/2011,2645,2.502716484
30/06/2011,2646,2.503269231
30/06/2011,2647,2.503821978
30/06/2011,2648,2.504374725
30/06/2011,2649,2.504927473
30/06/2011,2650,2.50548022
30/06/2011,2651,2.506032967
30/06/2011,2652,2.506585714
30/06/2011,2653,2.507138462
30/06/2011,2654,2.507691209
30/06/2011,2655,2.508243956
30/06/2011,2656,2.508796703
30/06/2011,2657,2.509349451
30/06/2011,2658,2.509902198
30/06/2011,2659,2.510454945
30/06/2011,2660,2.511007692
30/06/2011,2661,2.51156044
30/06/2011,2662,2.512113187
30/06/2011,2663,2.512665934
30/06/2011,2664,2.513218681
30/06/2011,2665,2.513771429
30/06/2011,2666,2.514324176
30/06/2011,2667,2.514876923
30/06/2011,2668,2.51542967
30/06/2011,2669,2.515982418
30/06/2011,2670,2.516535165
30/06/2011,2671,2.517087912
30/06/2011,2672,2.517640659
30/06/2011,2673,2.518193407
30/06/2011,2674,2.518746154
30/06/2011,2675,2.519298901
30/06/2011,2676,2.519851648
30/06/2011,2677,2.520404396
30/06/2011,2678,2.520957143
30/06/2011,2679,2.52150989
30/06/2011,2680,2.522062637
30/06/2011,2681,2.522615385
30/06/2011,2682,2.523168132
30/06/2011,2683,2.523720879
30/06/2011,2684,2.524273626
30/06/2011,2685,2.524826374
30/06/2011,2686,2.525379121
30/06/2011,2687,2.525931868
30/06/2011,2688,2.526484615
30/06/2011,2689,2.527037363
30/06/2011,2690,2.52759011
30/06/2011,2691,2.528142857
30/06/2011,2692,2.528695604
30/06/2011,2693,2.529248352
30/06/2011,2694,2.529801099
30/06/2011,2695,2.530353846
30/06/2011,2696,2.530906593
30/06/2011,2697,2.531459341
30/06/2011,2698,2.532012088
30/06/2011,2699,2.532564835
30/06/2011,2700,2.533117582
30/06/2011,2701,2.53367033
30/06/2011,2702,2.534223077
30/06/2011,2703,2.534775824
30/06/2011,2704,2.535328571
30/06/2011,2705,2.535881319
30/06/2011,2706,2.536434066
30/06/2011,2707,2.536986813
30/06/2011,2708,2.53753956
30/06/2011,2709,2.538092308
30/06/2011,2710,2.538645055
30/06/2011,2711,2.539197802
30/06/2011,2712,2.539750549
30/06/2011,2713,2.540303297
30/06/2011,2714,2.540856044
30/06/2011,2715,2.541408791
30/06/2011,2716,2.541961538
30/06/2011,2717,2.542514286
30/06/2011,2718,2.543067033
30/06/2011,2719,2.54361978
30/06/2011,2720,2.544172527
30/06/2011,2721,2.544725275
30/06/2011,2722,2.545278022
30/06/2011,2723,2.545830769
30/06/2011,2724,2.546383516
30/06/2011,2725,2.546936264
30/06/2011,2726,2.547489011
30/06/2011,2727,2.548041758
30/06/2011,2728,2.548594505
30/06/2011,2729,2.549147253
30/06/2011,2730,2.5497
30/06/2011,2731,2.550234066
30/06/2011,2732,2.550768132
30/06/2011,2733,2.551302198
30/06/2011,2734,2.551836264
30/06/2011,2735,2.55237033
30/06/2011,2736,2.552904396
30/06/2011,2737,2.553438462
30/06/2011,2738,2.553972527
30/06/2011,2739,2.554506593
30/06/2011,2740,2.555040659
30/06/2011,2741,2.555574725
30/06/2011,2742,2.556108791
30/06/2011,2743,2.556642857
30/06/2011,2744,2.557176923
30/06/2011,2745,2.557710989
30/06/2011,2746,2.558245055
30/06/2011,2747,2.558779121
30/06/2011,2748,2.559313187
30/06/2011,2749,2.559847253
30/06/2011,2750,2.560381319
30/06/2011,2751,2.560915385
30/06/2011,2752,2.561449451
30/06/2011,2753,2.561983516
30/06/2011,2754,2.562517582
30/06/2011,2755,2.563051648
30/06/2011,2756,2.563585714
30/06/2011,2757,2.56411978
30/06/2011,2758,2.564653846
30/06/2011,2759,2.565187912
30/06/2011,2760,2.565721978
30/06/2011,2761,2.566256044
30/06/2011,2762,2.56679011
30/06/2011,2763,2.567324176
30/06/2011,2764,2.567858242
30/06/2011,2765,2.568392308
30/06/2011,2766,2.568926374
30/06/2011,2767,2.56946044
30/06/2011,2768,2.569994505
30/06/2011,2769,2.570528571
30/06/2011,2770,2.571062637
30/06/2011,2771,2.571596703
30/06/2011,2772,2.572130769
30/06/2011,2773,2.572664835
30/06/2011,2774,2.573198901
30/06/2011,2775,2.573732967
30/06/2011,2776,2.574267033
30/06/2011,2777,2.574801099
30/06/2011,2778,2.575335165
30/06/2011,2779,2.575869231
30/06/2011,2780,2.576403297
30/06/2011,2781,2.576937363
30/06/2011,2782,2.577471429
30/06/2011,2783,2.578005495
30/06/2011,2784,2.57853956
30/06/2011,2785,2.579073626
30/06/2011,2786,2.579607692
30/06/2011,2787,2.580141758
30/06/2011,2788,2.580675824
30/06/2011,2789,2.58120989
30/06/2011,2790,2.581743956
30/06/2011,2791,2.582278022
30/06/2011,2792,2.582812088
30/06/2011,2793,2.583346154
30/06/2011,2794,2.58388022
30/06/2011,2795,2.584414286
30/06/2011,2796,2.584948352
30/06/2011,2797,2.585482418
30/06/2011,2798,2.586016484
30/06/2011,2799,2.586550549
30/06/2011,2800,2.587084615
30/06/2011,2801,2.587618681
30/06/2011,2802,2.588152747
30/06/2011,2803,2.588686813
30/06/2011,2804,2.589220879
30/06/2011,2805,2.589754945
30/06/2011,2806,2.590289011
30/06/2011,2807,2.590823077
30/06/2011,2808,2.591357143
30/06/2011,2809,2.591891209
30/06/2011,2810,2.592425275
30/06/2011,2811,2.592959341
30/06/2011,2812,2.593493407
30/06/2011,2813,2.594027473
30/06/2011,2814,2.594561538
30/06/2011,2815,2.595095604
30/06/2011,2816,2.59562967
30/06/2011,2817,2.596163736
30/06/2011,2818,2.596697802
30/06/2011,2819,2.597231868
30/06/2011,2820,2.597765934
30/06/2011,2821,2.5983
30/06/2011,2822,2.598834066
30/06/2011,2823,2.599368132
30/06/2011,2824,2.599902198
30/06/2011,2825,2.600436264
30/06/2011,2826,2.60097033
30/06/2011,2827,2.601504396
30/06/2011,2828,2.602038462
30/06/2011,2829,2.602572527
30/06/2011,2830,2.603106593
30/06/2011,2831,2.603640659
30/06/2011,2832,2.604174725
30/06/2011,2833,2.604708791
30/06/2011,2834,2.605242857
30/06/2011,2835,2.605776923
30/06/2011,2836,2.606310989
30/06/2011,2837,2.606845055
30/06/2011,2838,2.607379121
30/06/2011,2839,2.607913187
30/06/2011,2840,2.608447253
30/06/2011,2841,2.608981319
30/06/2011,2842,2.609515385
30/06/2011,2843,2.610049451
30/06/2011,2844,2.610583516
30/06/2011,2845,2.611117582
30/06/2011,2846,2.611651648
30/06/2011,2847,2.612185714
30/06/2011,2848,2.61271978
30/06/2011,2849,2.613253846
30/06/2011,2850,2.613787912
30/06/2011,2851,2.614321978
30/06/2011,2852,2.614856044
30/06/2011,2853,2.61539011
30/06/2011,2854,2.615924176
30/06/2011,2855,2.616458242
30/06/2011,2856,2.616992308
30/06/2011,2857,2.617526374
30/06/2011,2858,2.61806044
30/06/2011,2859,2.618594505
30/06/2011,2860,2.619128571
30/06/2011,2861,2.619662637
30/06/2011,2862,2.620196703
30/06/2011,2863,2.620730769
30/06/2011,2864,2.621264835
30/06/2011,2865,2.621798901
30/06/2011,2866,2.622332967
30/06/2011,2867,2.622867033
30/06/2011,2868,2.623401099
30/06/2011,2869,2.623935165
30/06/2011,2870,2.624469231
30/06/2011,2871,2.625003297
30/06/2011,2872,2.625537363
30/06/2011,2873,2.626071429
30/06/2011,2874,2.626605495
30/06/2011,2875,2.62713956
30/06/2011,2876,2.627673626
30/06/2011,2877,2.628207692
30/06/2011,2878,2.628741758
30/06/2011,2879,2.629275824
30/06/2011,2880,2.62980989
30/06/2011,2881,2.630343956
30/06/2011,2882,2.630878022
30/06/2011,2883,2.631412088
30/06/2011,2884,2.631946154
30/06/2011,2885,2.63248022
30/06/2011,2886,2.633014286
30/06/2011,2887,2.633548352
30/06/2011,2888,2.634082418
30/06/2011,2889,2.634616484
30/06/2011,2890,2.635150549
30/06/2011,2891,2.635684615
30/06/2011,2892,2.636218681
30/06/2011,2893,2.636752747
30/06/2011,2894,2.637286813
30/06/2011,2895,2.637820879
30/06/2011,2896,2.638354945
30/06/2011,2897,2.638889011
30/06/2011,2898,2.639423077
30/06/2011,2899,2.639957143
30/06/2011,2900,2.640491209
30/06/2011,2901,2.641025275
30/06/2011,2902,2.641559341
30/06/2011,2903,2.642093407
30/06/2011,2904,2.642627473
30/06/2011,2905,2.643161538
30/06/2011,2906,2.643695604
30/06/2011,2907,2.64422967
30/06/2011,2908,2.644763736
30/06/2011,2909,2.645297802
30/06/2011,2910,2.645831868
30/06/2011,2911,2.646365934
30/06/2011,2912,2.6469
30/06/2011,2913,2.647132967
30/06/2011,2914,2.647365934
30/06/2011,2915,2.647598901
30/06/2011,2916,2.647831868
30/06/2011,2917,2.648064835
30/06/2011,2918,2.648297802
30/06/2011,2919,2.648530769
30/06/2011,2920,2.648763736
30/06/2011,2921,2.648996703
30/06/2011,2922,2.64922967
30/06/2011,2923,2.649462637
30/06/2011,2924,2.649695604
30/06/2011,2925,2.649928571
30/06/2011,2926,2.650161538
30/06/2011,2927,2.650394505
30/06/2011,2928,2.650627473
30/06/2011,2929,2.65086044
30/06/2011,2930,2.651093407
30/06/2011,2931,2.651326374
30/06/2011,2932,2.651559341
30/06/2011,2933,2.651792308
30/06/2011,2934,2.652025275
30/06/2011,2935,2.652258242
30/06/2011,2936,2.652491209
30/06/2011,2937,2.652724176
30/06/2011,2938,2.652957143
30/06/2011,2939,2.65319011
30/06/2011,2940,2.653423077
30/06/2011,2941,2.653656044
30/06/2011,2942,2.653889011
30/06/2011,2943,2.654121978
30/06/2011,2944,2.654354945
30/06/2011,2945,2.654587912
30/06/2011,2946,2.654820879
30/06/2011,2947,2.655053846
30/06/2011,2948,2.655286813
30/06/2011,2949,2.65551978
30/06/2011,2950,2.655752747
30/06/2011,2951,2.655985714
30/06/2011,2952,2.656218681
30/06/2011,2953,2.656451648
30/06/2011,2954,2.656684615
30/06/2011,2955,2.656917582
30/06/2011,2956,2.657150549
30/06/2011,2957,2.657383516
30/06/2011,2958,2.657616484
30/06/2011,2959,2.657849451
30/06/2011,2960,2.658082418
30/06/2011,2961,2.658315385
30/06/2011,2962,2.658548352
30/06/2011,2963,2.658781319
30/06/2011,2964,2.659014286
30/06/2011,2965,2.659247253
30/06/2011,2966,2.65948022
30/06/2011,2967,2.659713187
30/06/2011,2968,2.659946154
30/06/2011,2969,2.660179121
30/06/2011,2970,2.660412088
30/06/2011,2971,2.660645055
30/06/2011,2972,2.660878022
30/06/2011,2973,2.661110989
30/06/2011,2974,2.661343956
30/06/2011,2975,2.661576923
30/06/2011,2976,2.66180989
30/06/2011,2977,2.662042857
30/06/2011,2978,2.662275824
30/06/2011,2979,2.662508791
30/06/2011,2980,2.662741758
30/06/2011,2981,2.662974725
30/06/2011,2982,2.663207692
30/06/2011,2983,2.663440659
30/06/2011,2984,2.663673626
30/06/2011,2985,2.663906593
30/06/2011,2986,2.66413956
30/06/2011,2987,2.664372527
30/06/2011,2988,2.664605495
30/06/2011,2989,2.664838462
30/06/2011,2990,2.665071429
30/06/2011,2991,2.665304396
30/06/2011,2992,2.665537363
30/06/2011,2993,2.66577033
30/06/2011,2994,2.666003297
30/06/2011,2995,2.666236264
30/06/2011,2996,2.666469231
30/06/2011,2997,2.666702198
30/06/2011,2998,2.666935165
30/06/2011,2999,2.667168132
30/06/2011,3000,2.667401099
30/06/2011,3001,2.667634066
30/06/2011,3002,2.667867033
30/06/2011,3003,2.6681
30/06/2011,3004,2.668332967
30/06/2011,3005,2.668565934
30/06/2011,3006,2.668798901
30/06/2011,3007,2.669031868
30/06/2011,3008,2.669264835
30/06/2011,3009,2.669497802
30/06/2011,3010,2.669730769
30/06/2011,3011,2.669963736
30/06/2011,3012,2.670196703
30/06/2011,3013,2.67042967
30/06/2011,3014,2.670662637
30/06/2011,3015,2.670895604
30/06/2011,3016,2.671128571
30/06/2011,3017,2.671361538
30/06/2011,3018,2.671594505
30/06/2011,3019,2.671827473
30/06/2011,3020,2.67206044
30/06/2011,3021,2.672293407
30/06/2011,3022,2.672526374
30/06/2011,3023,2.672759341
30/06/2011,3024,2.672992308
30/06/2011,3025,2.673225275
30/06/2011,3026,2.673458242
30/06/2011,3027,2.673691209
30/06/2011,3028,2.673924176
30/06/2011,3029,2.674157143
30/06/2011,3030,2.67439011
30/06/2011,3031,2.674623077
30/06/2011,3032,2.674856044
30/06/2011,3033,2.675089011
30/06/2011,3034,2.675321978
30/06/2011,3035,2.675554945
30/06/2011,3036,2.675787912
30/06/2011,3037,2.676020879
30/06/2011,3038,2.676253846
30/06/2011,3039,2.676486813
30/06/2011,3040,2.67671978
30/06/2011,3041,2.676952747
30/06/2011,3042,2.677185714
30/06/2011,3043,2.677418681
30/06/2011,3044,2.677651648
30/06/2011,3045,2.677884615
30/06/2011,3046,2.678117582
30/06/2011,3047,2.678350549
30/06/2011,3048,2.678583516
30/06/2011,3049,2.678816484
30/06/2011,3050,2.679049451
30/06/2011,3051,2.679282418
30/06/2011,3052,2.679515385
30/06/2011,3053,2.679748352
30/06/2011,3054,2.679981319
30/06/2011,3055,2.680214286
30/06/2011,3056,2.680447253
30/06/2011,3057,2.68068022
30/06/2011,3058,2.680913187
30/06/2011,3059,2.681146154
30/06/2011,3060,2.681379121
30/06/2011,3061,2.681612088
30/06/2011,3062,2.681845055
30/06/2011,3063,2.682078022
30/06/2011,3064,2.682310989
30/06/2011,3065,2.682543956
30/06/2011,3066,2.682776923
30/06/2011,3067,2.68300989
30/06/2011,3068,2.683242857
30/06/2011,3069,2.683475824
30/06/2011,3070,2.683708791
30/06/2011,3071,2.683941758
30/06/2011,3072,2.684174725
30/06/2011,3073,2.684407692
30/06/2011,3074,2.684640659
30/06/2011,3075,2.684873626
30/06/2011,3076,2.685106593
30/06/2011,3077,2.68533956
30/06/2011,3078,2.685572527
30/06/2011,3079,2.685805495
30/06/2011,3080,2.686038462
30/06/2011,3081,2.686271429
30/06/2011,3082,2.686504396
30/06/2011,3083,2.686737363
30/06/2011,3084,2.68697033
30/06/2011,3085,2.687203297
30/06/2011,3086,2.687436264
30/06/2011,3087,2.687669231
30/06/2011,3088,2.687902198
30/06/2011,3089,2.688135165
30/06/2011,3090,2.688368132
30/06/2011,3091,2.688601099
30/06/2011,3092,2.688834066
30/06/2011,3093,2.689067033
30/06/2011,3094,2.6893
30/06/2011,3095,2.689526923
30/06/2011,3096,2.689753846
30/06/2011,3097,2.689980769
30/06/2011,3098,2.690207692
30/06/2011,3099,2.690434615
30/06/2011,3100,2.690661538
30/06/2011,3101,2.690888462
30/06/2011,3102,2.691115385
30/06/2011,3103,2.691342308
30/06/2011,3104,2.691569231
30/06/2011,3105,2.691796154
30/06/2011,3106,2.692023077
30/06/2011,3107,2.69225
30/06/2011,3108,2.692476923
30/06/2011,3109,2.692703846
30/06/2011,3110,2.692930769
30/06/2011,3111,2.693157692
30/06/2011,3112,2.693384615
30/06/2011,3113,2.693611538
30/06/2011,3114,2.693838462
30/06/2011,3115,2.694065385
30/06/2011,3116,2.694292308
30/06/2011,3117,2.694519231
30/06/2011,3118,2.694746154
30/06/2011,3119,2.694973077
30/06/2011,3120,2.6952
30/06/2011,3121,2.695426923
30/06/2011,3122,2.695653846
30/06/2011,3123,2.695880769
30/06/2011,3124,2.696107692
30/06/2011,3125,2.696334615
30/06/2011,3126,2.696561538
30/06/2011,3127,2.696788462
30/06/2011,3128,2.697015385
30/06/2011,3129,2.697242308
30/06/2011,3130,2.697469231
30/06/2011,3131,2.697696154
30/06/2011,3132,2.697923077
30/06/2011,3133,2.69815
30/06/2011,3134,2.698376923
30/06/2011,3135,2.698603846
30/06/2011,3136,2.698830769
30/06/2011,3137,2.699057692
30/06/2011,3138,2.699284615
30/06/2011,3139,2.699511538
30/06/2011,3140,2.699738462
30/06/2011,3141,2.699965385
30/06/2011,3142,2.700192308
30/06/2011,3143,2.700419231
30/06/2011,3144,2.700646154
30/06/2011,3145,2.700873077
30/06/2011,3146,2.7011
30/06/2011,3147,2.701326923
30/06/2011,3148,2.701553846
30/06/2011,3149,2.701780769
30/06/2011,3150,2.702007692
30/06/2011,3151,2.702234615
30/06/2011,3152,2.702461538
30/06/2011,3153,2.702688462
30/06/2011,3154,2.702915385
30/06/2011,3155,2.703142308
30/06/2011,3156,2.703369231
30/06/2011,3157,2.703596154
30/06/2011,3158,2.703823077
30/06/2011,3159,2.70405
30/06/2011,3160,2.704276923
30/06/2011,3161,2.704503846
30/06/2011,3162,2.704730769
30/06/2011,3163,2.704957692
30/06/2011,3164,2.705184615
30/06/2011,3165,2.705411538
30/06/2011,3166,2.705638462
30/06/2011,3167,2.705865385
30/06/2011,3168,2.706092308
30/06/2011,3169,2.706319231
30/06/2011,3170,2.706546154
30/06/2011,3171,2.706773077
30/06/2011,3172,2.707
30/06/2011,3173,2.707226923
30/06/2011,3174,2.707453846
30/06/2011,3175,2.707680769
30/06/2011,3176,2.707907692
30/06/2011,3177,2.708134615
30/06/2011,3178,2.708361538
30/06/2011,3179,2.708588462
30/06/2011,3180,2.708815385
30/06/2011,3181,2.709042308
30/06/2011,3182,2.709269231
30/06/2011,3183,2.709496154
30/06/2011,3184,2.709723077
30/06/2011,3185,2.70995
30/06/2011,3186,2.710176923
30/06/2011,3187,2.710403846
30/06/2011,3188,2.710630769
30/06/2011,3189,2.710857692
30/06/2011,3190,2.711084615
30/06/2011,3191,2.711311538
30/06/2011,3192,2.711538462
30/06/2011,3193,2.711765385
30/06/2011,3194,2.711992308
30/06/2011,3195,2.712219231
30/06/2011,3196,2.712446154
30/06/2011,3197,2.712673077
30/06/2011,3198,2.7129
30/06/2011,3199,2.713126923
30/06/2011,3200,2.713353846
30/06/2011,3201,2.713580769
30/06/2011,3202,2.713807692
30/06/2011,3203,2.714034615
30/06/2011,3204,2.714261538
30/06/2011,3205,2.714488462
30/06/2011,3206,2.714715385
30/06/2011,3207,2.714942308
30/06/2011,3208,2.715169231
30/06/2011,3209,2.715396154
30/06/2011,3210,2.715623077
30/06/2011,3211,2.71585
30/06/2011,3212,2.716076923
30/06/2011,3213,2.716303846
30/06/2011,3214,2.716530769
30/06/2011,3215,2.716757692
30/06/2011,3216,2.716984615
30/06/2011,3217,2.717211538
30/06/2011,3218,2.717438462
30/06/2011,3219,2.717665385
30/06/2011,3220,2.717892308
30/06/2011,3221,2.718119231
30/06/2011,3222,2.718346154
30/06/2011,3223,2.718573077
30/06/2011,3224,2.7188
30/06/2011,3225,2.719026923
30/06/2011,3226,2.719253846
30/06/2011,3227,2.719480769
30/06/2011,3228,2.719707692
30/06/2011,3229,2.719934615
30/06/2011,3230,2.720161538
30/06/2011,3231,2.720388462
30/06/2011,3232,2.720615385
30/06/2011,3233,2.720842308
30/06/2011,3234,2.721069231
30/06/2011,3235,2.721296154
30/06/2011,3236,2.721523077
30/06/2011,3237,2.72175
30/06/2011,3238,2.721976923
30/06/2011,3239,2.722203846
30/06/2011,3240,2.722430769
30/06/2011,3241,2.722657692
30/06/2011,3242,2.722884615
30/06/2011,3243,2.723111538
30/06/2011,3244,2.723338462
30/06/2011,3245,2.723565385
30/06/2011,3246,2.723792308
30/06/2011,3247,2.724019231
30/06/2011,3248,2.724246154
30/06/2011,3249,2.724473077
30/06/2011,3250,2.7247
30/06/2011,3251,2.724926923
30/06/2011,3252,2.725153846
30/06/2011,3253,2.725380769
30/06/2011,3254,2.725607692
30/06/2011,3255,2.725834615
30/06/2011,3256,2.726061538
30/06/2011,3257,2.726288462
30/06/2011,3258,2.726515385
30/06/2011,3259,2.726742308
30/06/2011,3260,2.726969231
30/06/2011,3261,2.727196154
30/06/2011,3262,2.727423077
30/06/2011,3263,2.72765
30/06/2011,3264,2.727876923
30/06/2011,3265,2.728103846
30/06/2011,3266,2.728330769
30/06/2011,3267,2.728557692
30/06/2011,3268,2.728784615
30/06/2011,3269,2.729011538
30/06/2011,3270,2.729238462
30/06/2011,3271,2.729465385
30/06/2011,3272,2.729692308
30/06/2011,3273,2.729919231
30/06/2011,3274,2.730146154
30/06/2011,3275,2.730373077
30/06/2011,3276,2.7306
30/06/2011,3277,2.730826923
30/06/2011,3278,2.731053846
30/06/2011,3279,2.731280769
30/06/2011,3280,2.731507692
30/06/2011,3281,2.731734615
30/06/2011,3282,2.731961538
30/06/2011,3283,2.732188462
30/06/2011,3284,2.732415385
30/06/2011,3285,2.732642308
30/06/2011,3286,2.732869231
30/06/2011,3287,2.733096154
30/06/2011,3288,2.733323077
30/06/2011,3289,2.73355
30/06/2011,3290,2.733776923
30/06/2011,3291,2.734003846
30/06/2011,3292,2.734230769
30/06/2011,3293,2.734457692
30/06/2011,3294,2.734684615
30/06/2011,3295,2.734911538
30/06/2011,3296,2.735138462
30/06/2011,3297,2.735365385
30/06/2011,3298,2.735592308
30/06/2011,3299,2.735819231
30/06/2011,3300,2.736046154
30/06/2011,3301,2.736273077
30/06/2011,3302,2.7365
30/06/2011,3303,2.736726923
30/06/2011,3304,2.736953846
30/06/2011,3305,2.737180769
30/06/2011,3306,2.737407692
30/06/2011,3307,2.737634615
30/06/2011,3308,2.737861538
30/06/2011,3309,2.738088462
30/06/2011,3310,2.738315385
30/06/2011,3311,2.738542308
30/06/2011,3312,2.738769231
30/06/2011,3313,2.738996154
30/06/2011,3314,2.739223077
30/06/2011,3315,2.73945
30/06/2011,3316,2.739676923
30/06/2011,3317,2.739903846
30/06/2011,3318,2.740130769
30/06/2011,3319,2.740357692
30/06/2011,3320,2.740584615
30/06/2011,3321,2.740811538
30/06/2011,3322,2.741038462
30/06/2011,3323,2.741265385
30/06/2011,3324,2.741492308
30/06/2011,3325,2.741719231
30/06/2011,3326,2.741946154
30/06/2011,3327,2.742173077
30/06/2011,3328,2.7424
30/06/2011,3329,2.742626923
30/06/2011,3330,2.742853846
30/06/2011,3331,2.743080769
30/06/2011,3332,2.743307692
30/06/2011,3333,2.743534615
30/06/2011,3334,2.743761538
30/06/2011,3335,2.743988462
30/06/2011,3336,2.744215385
30/06/2011,3337,2.744442308
30/06/2011,3338,2.744669231
30/06/2011,3339,2.744896154
30/06/2011,3340,2.745123077
30/06/2011,3341,2.74535
30/06/2011,3342,2.745576923
30/06/2011,3343,2.745803846
30/06/2011,3344,2.746030769
30/06/2011,3345,2.746257692
30/06/2011,3346,2.746484615
30/06/2011,3347,2.746711538
30/06/2011,3348,2.746938462
30/06/2011,3349,2.747165385
30/06/2011,3350,2.747392308
30/06/2011,3351,2.747619231
30/06/2011,3352,2.747846154
30/06/2011,3353,2.748073077
30/06/2011,3354,2.7483
30/06/2011,3355,2.748526923
30/06/2011,3356,2.748753846
30/06/2011,3357,2.748980769
30/06/2011,3358,2.749207692
30/06/2011,3359,2.749434615
30/06/2011,3360,2.749661538
30/06/2011,3361,2.749888462
30/06/2011,3362,2.750115385
30/06/2011,3363,2.750342308
30/06/2011,3364,2.750569231
30/06/2011,3365,2.750796154
30/06/2011,3366,2.751023077
30/06/2011,3367,2.75125
30/06/2011,3368,2.751476923
30/06/2011,3369,2.751703846
30/06/2011,3370,2.751930769
30/06/2011,3371,2.752157692
30/06/2011,3372,2.752384615
30/06/2011,3373,2.752611538
30/06/2011,3374,2.752838462
30/06/2011,3375,2.753065385
30/06/2011,3376,2.753292308
30/06/2011,3377,2.753519231
30/06/2011,3378,2.753746154
30/06/2011,3379,2.753973077
30/06/2011,3380,2.7542
30/06/2011,3381,2.754426923
30/06/2011,3382,2.754653846
30/06/2011,3383,2.754880769
30/06/2011,3384,2.755107692
30/06/2011,3385,2.755334615
30/06/2011,3386,2.755561538
30/06/2011,3387,2.755788462
30/06/2011,3388,2.756015385
30/06/2011,3389,2.756242308
30/06/2011,3390,2.756469231
30/06/2011,3391,2.756696154
30/06/2011,3392,2.756923077
30/06/2011,3393,2.75715
30/06/2011,3394,2.757376923
30/06/2011,3395,2.757603846
30/06/2011,3396,2.757830769
30/06/2011,3397,2.758057692
30/06/2011,3398,2.758284615
30/06/2011,3399,2.758511538
30/06/2011,3400,2.758738462
30/06/2011,3401,2.758965385
30/06/2011,3402,2.759192308
30/06/2011,3403,2.759419231
30/06/2011,3404,2.759646154
30/06/2011,3405,2.759873077
30/06/2011,3406,2.7601
30/06/2011,3407,2.760326923
30/06/2011,3408,2.760553846
30/06/2011,3409,2.760780769
30/06/2011,3410,2.761007692
30/06/2011,3411,2.761234615
30/06/2011,3412,2.761461538
30/06/2011,3413,2.761688462
30/06/2011,3414,2.761915385
30/06/2011,3415,2.762142308
30/06/2011,3416,2.762369231
30/06/2011,3417,2.762596154
30/06/2011,3418,2.762823077
30/06/2011,3419,2.76305
30/06/2011,3420,2.763276923
30/06/2011,3421,2.763503846
30/06/2011,3422,2.763730769
30/06/2011,3423,2.763957692
30/06/2011,3424,2.764184615
30/06/2011,3425,2.764411538
30/06/2011,3426,2.764638462
30/06/2011,3427,2.764865385
30/06/2011,3428,2.765092308
30/06/2011,3429,2.765319231
30/06/2011,3430,2.765546154
30/06/2011,3431,2.765773077
30/06/2011,3432,2.766
30/06/2011,3433,2.766226923
30/06/2011,3434,2.766453846
30/06/2011,3435,2.766680769
30/06/2011,3436,2.766907692
30/06/2011,3437,2.767134615
30/06/2011,3438,2.767361538
30/06/2011,3439,2.767588462
30/06/2011,3440,2.767815385
30/06/2011,3441,2.768042308
30/06/2011,3442,2.768269231
30/06/2011,3443,2.768496154
30/06/2011,3444,2.768723077
30/06/2011,3445,2.76895
30/06/2011,3446,2.769176923
30/06/2011,3447,2.769403846
30/06/2011,3448,2.769630769
30/06/2011,3449,2.769857692
30/06/2011,3450,2.770084615
30/06/2011,3451,2.770311538
30/06/2011,3452,2.770538462
30/06/2011,3453,2.770765385
30/06/2011,3454,2.770992308
30/06/2011,3455,2.771219231
30/06/2011,3456,2.771446154
30/06/2011,3457,2.771673077
30/06/2011,3458,2.7719
30/06/2011,3459,2.772237912
30/06/2011,3460,2.772575824
30/06/2011,3461,2.772913736
30/06/2011,3462,2.773251648
30/06/2011,3463,2.77358956
30/06/2011,3464,2.773927473
30/06/2011,3465,2.774265385
30/06/2011,3466,2.774603297
30/06/2011,3467,2.774941209
30/06/2011,3468,2.775279121
30/06/2011,3469,2.775617033
30/06/2011,3470,2.775954945
30/06/2011,3471,2.776292857
30/06/2011,3472,2.776630769
30/06/2011,3473,2.776968681
30/06/2011,3474,2.777306593
30/06/2011,3475,2.777644505
30/06/2011,3476,2.777982418
30/06/2011,3477,2.77832033
30/06/2011,3478,2.778658242
30/06/2011,3479,2.778996154
30/06/2011,3480,2.779334066
30/06/2011,3481,2.779671978
30/06/2011,3482,2.78000989
30/06/2011,3483,2.780347802
30/06/2011,3484,2.780685714
30/06/2011,3485,2.781023626
30/06/2011,3486,2.781361538
30/06/2011,3487,2.781699451
30/06/2011,3488,2.782037363
30/06/2011,3489,2.782375275
30/06/2011,3490,2.782713187
30/06/2011,3491,2.783051099
30/06/2011,3492,2.783389011
30/06/2011,3493,2.783726923
30/06/2011,3494,2.784064835
30/06/2011,3495,2.784402747
30/06/2011,3496,2.784740659
30/06/2011,3497,2.785078571
30/06/2011,3498,2.785416484
30/06/2011,3499,2.785754396
30/06/2011,3500,2.786092308
30/06/2011,3501,2.78643022
30/06/2011,3502,2.786768132
30/06/2011,3503,2.787106044
30/06/2011,3504,2.787443956
30/06/2011,3505,2.787781868
30/06/2011,3506,2.78811978
30/06/2011,3507,2.788457692
30/06/2011,3508,2.788795604
30/06/2011,3509,2.789133516
30/06/2011,3510,2.789471429
30/06/2011,3511,2.789809341
30/06/2011,3512,2.790147253
30/06/2011,3513,2.790485165
30/06/2011,3514,2.790823077
30/06/2011,3515,2.791160989
30/06/2011,3516,2.791498901
30/06/2011,3517,2.791836813
30/06/2011,3518,2.792174725
30/06/2011,3519,2.792512637
30/06/2011,3520,2.792850549
30/06/2011,3521,2.793188462
30/06/2011,3522,2.793526374
30/06/2011,3523,2.793864286
30/06/2011,3524,2.794202198
30/06/2011,3525,2.79454011
30/06/2011,3526,2.794878022
30/06/2011,3527,2.795215934
30/06/2011,3528,2.795553846
30/06/2011,3529,2.795891758
30/06/2011,3530,2.79622967
30/06/2011,3531,2.796567582
30/06/2011,3532,2.796905495
30/06/2011,3533,2.797243407
30/06/2011,3534,2.797581319
30/06/2011,3535,2.797919231
30/06/2011,3536,2.798257143
30/06/2011,3537,2.798595055
30/06/2011,3538,2.798932967
30/06/2011,3539,2.799270879
30/06/2011,3540,2.799608791
30/06/2011,3541,2.799946703
30/06/2011,3542,2.800284615
30/06/2011,3543,2.800622527
30/06/2011,3544,2.80096044
30/06/2011,3545,2.801298352
30/06/2011,3546,2.801636264
30/06/2011,3547,2.801974176
30/06/2011,3548,2.802312088
30/06/2011,3549,2.80265
30/06/2011,3550,2.802987912
30/06/2011,3551,2.803325824
30/06/2011,3552,2.803663736
30/06/2011,3553,2.804001648
30/06/2011,3554,2.80433956
30/06/2011,3555,2.804677473
30/06/2011,3556,2.805015385
30/06/2011,3557,2.805353297
30/06/2011,3558,2.805691209
30/06/2011,3559,2.806029121
30/06/2011,3560,2.806367033
30/06/2011,3561,2.806704945
30/06/2011,3562,2.807042857
30/06/2011,3563,2.807380769
30/06/2011,3564,2.807718681
30/06/2011,3565,2.808056593
30/06/2011,3566,2.808394505
30/06/2011,3567,2.808732418
30/06/2011,3568,2.80907033
30/06/2011,3569,2.809408242
30/06/2011,3570,2.809746154
30/06/2011,3571,2.810084066
30/06/2011,3572,2.810421978
30/06/2011,3573,2.81075989
30/06/2011,3574,2.811097802
30/06/2011,3575,2.811435714
30/06/2011,3576,2.811773626
30/06/2011,3577,2.812111538
30/06/2011,3578,2.812449451
30/06/2011,3579,2.812787363
30/06/2011,3580,2.813125275
30/06/2011,3581,2.813463187
30/06/2011,3582,2.813801099
30/06/2011,3583,2.814139011
30/06/2011,3584,2.814476923
30/06/2011,3585,2.814814835
30/06/2011,3586,2.815152747
30/06/2011,3587,2.815490659
30/06/2011,3588,2.815828571
30/06/2011,3589,2.816166484
30/06/2011,3590,2.816504396
30/06/2011,3591,2.816842308
30/06/2011,3592,2.81718022
30/06/2011,3593,2.817518132
30/06/2011,3594,2.817856044
30/06/2011,3595,2.818193956
30/06/2011,3596,2.818531868
30/06/2011,3597,2.81886978
30/06/2011,3598,2.819207692
30/06/2011,3599,2.819545604
30/06/2011,3600,2.819883516
30/06/2011,3601,2.820221429
30/06/2011,3602,2.820559341
30/06/2011,3603,2.820897253
30/06/2011,3604,2.821235165
30/06/2011,3605,2.821573077
30/06/2011,3606,2.821910989
30/06/2011,3607,2.822248901
30/06/2011,3608,2.822586813
30/06/2011,3609,2.822924725
30/06/2011,3610,2.823262637
30/06/2011,3611,2.823600549
30/06/2011,3612,2.823938462
30/06/2011,3613,2.824276374
30/06/2011,3614,2.824614286
30/06/2011,3615,2.824952198
30/06/2011,3616,2.82529011
30/06/2011,3617,2.825628022
30/06/2011,3618,2.825965934
30/06/2011,3619,2.826303846
30/06/2011,3620,2.826641758
30/06/2011,3621,2.82697967
30/06/2011,3622,2.827317582
30/06/2011,3623,2.827655495
30/06/2011,3624,2.827993407
30/06/2011,3625,2.828331319
30/06/2011,3626,2.828669231
30/06/2011,3627,2.829007143
30/06/2011,3628,2.829345055
30/06/2011,3629,2.829682967
30/06/2011,3630,2.830020879
30/06/2011,3631,2.830358791
30/06/2011,3632,2.830696703
30/06/2011,3633,2.831034615
30/06/2011,3634,2.831372527
30/06/2011,3635,2.83171044
30/06/2011,3636,2.832048352
30/06/2011,3637,2.832386264
30/06/2011,3638,2.832724176
30/06/2011,3639,2.833062088
30/06/2011,3640,2.8334
30/06/2011,3641,2.833733516
30/06/2011,3642,2.834067033
30/06/2011,3643,2.834400549
30/06/2011,3644,2.834734066
30/06/2011,3645,2.835067582
30/06/2011,3646,2.835401099
30/06/2011,3647,2.835734615
30/06/2011,3648,2.836068132
30/06/2011,3649,2.836401648
30/06/2011,3650,2.836735165
30/06/2011,3651,2.837068681
30/06/2011,3652,2.837402198
30/06/2011,3653,2.837735714
30/06/2011,3654,2.838069231
30/06/2011,3655,2.838402747
30/06/2011,3656,2.838736264
30/06/2011,3657,2.83906978
30/06/2011,3658,2.839403297
30/06/2011,3659,2.839736813
30/06/2011,3660,2.84007033
30/06/2011,3661,2.840403846
30/06/2011,3662,2.840737363
30/06/2011,3663,2.841070879
30/06/2011,3664,2.841404396
30/06/2011,3665,2.841737912
30/06/2011,3666,2.842071429
30/06/2011,3667,2.842404945
30/06/2011,3668,2.842738462
30/06/2011,3669,2.843071978
30/06/2011,3670,2.843405495
30/06/2011,3671,2.843739011
30/06/2011,3672,2.844072527
30/06/2011,3673,2.844406044
30/06/2011,3674,2.84473956
30/06/2011,3675,2.845073077
30/06/2011,3676,2.845406593
30/06/2011,3677,2.84574011
30/06/2011,3678,2.846073626
30/06/2011,3679,2.846407143
30/06/2011,3680,2.846740659
30/06/2011,3681,2.847074176
30/06/2011,3682,2.847407692
30/06/2011,3683,2.847741209
30/06/2011,3684,2.848074725
30/06/2011,3685,2.848408242
30/06/2011,3686,2.848741758
30/06/2011,3687,2.849075275
30/06/2011,3688,2.849408791
30/06/2011,3689,2.849742308
30/06/2011,3690,2.850075824
30/06/2011,3691,2.850409341
30/06/2011,3692,2.850742857
30/06/2011,3693,2.851076374
30/06/2011,3694,2.85140989
30/06/2011,3695,2.851743407
30/06/2011,3696,2.852076923
30/06/2011,3697,2.85241044
30/06/2011,3698,2.852743956
30/06/2011,3699,2.853077473
30/06/2011,3700,2.853410989
30/06/2011,3701,2.853744505
30/06/2011,3702,2.854078022
30/06/2011,3703,2.854411538
30/06/2011,3704,2.854745055
30/06/2011,3705,2.855078571
30/06/2011,3706,2.855412088
30/06/2011,3707,2.855745604
30/06/2011,3708,2.856079121
30/06/2011,3709,2.856412637
30/06/2011,3710,2.856746154
30/06/2011,3711,2.85707967
30/06/2011,3712,2.857413187
30/06/2011,3713,2.857746703
30/06/2011,3714,2.85808022
30/06/2011,3715,2.858413736
30/06/2011,3716,2.858747253
30/06/2011,3717,2.859080769
30/06/2011,3718,2.859414286
30/06/2011,3719,2.859747802
30/06/2011,3720,2.860081319
30/06/2011,3721,2.860414835
30/06/2011,3722,2.860748352
30/06/2011,3723,2.861081868
30/06/2011,3724,2.861415385
30/06/2011,3725,2.861748901
30/06/2011,3726,2.862082418
30/06/2011,3727,2.862415934
30/06/2011,3728,2.862749451
30/06/2011,3729,2.863082967
30/06/2011,3730,2.863416484
30/06/2011,3731,2.86375
30/06/2011,3732,2.864083516
30/06/2011,3733,2.864417033
30/06/2011,3734,2.864750549
30/06/2011,3735,2.865084066
30/06/2011,3736,2.865417582
30/06/2011,3737,2.865751099
30/06/2011,3738,2.866084615
30/06/2011,3739,2.866418132
30/06/2011,3740,2.866751648
30/06/2011,3741,2.867085165
30/06/2011,3742,2.867418681
30/06/2011,3743,2.867752198
30/06/2011,3744,2.868085714
30/06/2011,3745,2.868419231
30/06/2011,3746,2.868752747
30/06/2011,3747,2.869086264
30/06/2011,3748,2.86941978
30/06/2011,3749,2.869753297
30/06/2011,3750,2.870086813
30/06/2011,3751,2.87042033
30/06/2011,3752,2.870753846
30/06/2011,3753,2.871087363
30/06/2011,3754,2.871420879
30/06/2011,3755,2.871754396
30/06/2011,3756,2.872087912
30/06/2011,3757,2.872421429
30/06/2011,3758,2.872754945
30/06/2011,3759,2.873088462
30/06/2011,3760,2.873421978
30/06/2011,3761,2.873755495
30/06/2011,3762,2.874089011
30/06/2011,3763,2.874422527
30/06/2011,3764,2.874756044
30/06/2011,3765,2.87508956
30/06/2011,3766,2.875423077
30/06/2011,3767,2.875756593
30/06/2011,3768,2.87609011
30/06/2011,3769,2.876423626
30/06/2011,3770,2.876757143
30/06/2011,3771,2.877090659
30/06/2011,3772,2.877424176
30/06/2011,3773,2.877757692
30/06/2011,3774,2.878091209
30/06/2011,3775,2.878424725
30/06/2011,3776,2.878758242
30/06/2011,3777,2.879091758
30/06/2011,3778,2.879425275
30/06/2011,3779,2.879758791
30/06/2011,3780,2.880092308
30/06/2011,3781,2.880425824
30/06/2011,3782,2.880759341
30/06/2011,3783,2.881092857
30/06/2011,3784,2.881426374
30/06/2011,3785,2.88175989
30/06/2011,3786,2.882093407
30/06/2011,3787,2.882426923
30/06/2011,3788,2.88276044
30/06/2011,3789,2.883093956
30/06/2011,3790,2.883427473
30/06/2011,3791,2.883760989
30/06/2011,3792,2.884094505
30/06/2011,3793,2.884428022
30/06/2011,3794,2.884761538
30/06/2011,3795,2.885095055
30/06/2011,3796,2.885428571
30/06/2011,3797,2.885762088
30/06/2011,3798,2.886095604
30/06/2011,3799,2.886429121
30/06/2011,3800,2.886762637
30/06/2011,3801,2.887096154
30/06/2011,3802,2.88742967
30/06/2011,3803,2.887763187
30/06/2011,3804,2.888096703
30/06/2011,3805,2.88843022
30/06/2011,3806,2.888763736
30/06/2011,3807,2.889097253
30/06/2011,3808,2.889430769
30/06/2011,3809,2.889764286
30/06/2011,3810,2.890097802
30/06/2011,3811,2.890431319
30/06/2011,3812,2.890764835
30/06/2011,3813,2.891098352
30/06/2011,3814,2.891431868
30/06/2011,3815,2.891765385
30/06/2011,3816,2.892098901
30/06/2011,3817,2.892432418
30/06/2011,3818,2.892765934
30/06/2011,3819,2.893099451
30/06/2011,3820,2.893432967
30/06/2011,3821,2.893766484
30/06/2011,3822,2.8941
30/06/2011,3823,2.894429121
30/06/2011,3824,2.894758242
30/06/2011,3825,2.895087363
30/06/2011,3826,2.895416484
30/06/2011,3827,2.895745604
30/06/2011,3828,2.896074725
30/06/2011,3829,2.896403846
30/06/2011,3830,2.896732967
30/06/2011,3831,2.897062088
30/06/2011,3832,2.897391209
30/06/2011,3833,2.89772033
30/06/2011,3834,2.898049451
30/06/2011,3835,2.898378571
30/06/2011,3836,2.898707692
30/06/2011,3837,2.899036813
30/06/2011,3838,2.899365934
30/06/2011,3839,2.899695055
30/06/2011,3840,2.900024176
30/06/2011,3841,2.900353297
30/06/2011,3842,2.900682418
30/06/2011,3843,2.901011538
30/06/2011,3844,2.901340659
30/06/2011,3845,2.90166978
30/06/2011,3846,2.901998901
30/06/2011,3847,2.902328022
30/06/2011,3848,2.902657143
30/06/2011,3849,2.902986264
30/06/2011,3850,2.903315385
30/06/2011,3851,2.903644505
30/06/2011,3852,2.903973626
30/06/2011,3853,2.904302747
30/06/2011,3854,2.904631868
30/06/2011,3855,2.904960989
30/06/2011,3856,2.90529011
30/06/2011,3857,2.905619231
30/06/2011,3858,2.905948352
30/06/2011,3859,2.906277473
30/06/2011,3860,2.906606593
30/06/2011,3861,2.906935714
30/06/2011,3862,2.907264835
30/06/2011,3863,2.907593956
30/06/2011,3864,2.907923077
30/06/2011,3865,2.908252198
30/06/2011,3866,2.908581319
30/06/2011,3867,2.90891044
30/06/2011,3868,2.90923956
30/06/2011,3869,2.909568681
30/06/2011,3870,2.909897802
30/06/2011,3871,2.910226923
30/06/2011,3872,2.910556044
30/06/2011,3873,2.910885165
30/06/2011,3874,2.911214286
30/06/2011,3875,2.911543407
30/06/2011,3876,2.911872527
30/06/2011,3877,2.912201648
30/06/2011,3878,2.912530769
30/06/2011,3879,2.91285989
30/06/2011,3880,2.913189011
30/06/2011,3881,2.913518132
30/06/2011,3882,2.913847253
30/06/2011,3883,2.914176374
30/06/2011,3884,2.914505495
30/06/2011,3885,2.914834615
30/06/2011,3886,2.915163736
30/06/2011,3887,2.915492857
30/06/2011,3888,2.915821978
30/06/2011,3889,2.916151099
30/06/2011,3890,2.91648022
30/06/2011,3891,2.916809341
30/06/2011,3892,2.917138462
30/06/2011,3893,2.917467582
30/06/2011,3894,2.917796703
30/06/2011,3895,2.918125824
30/06/2011,3896,2.918454945
30/06/2011,3897,2.918784066
30/06/2011,3898,2.919113187
30/06/2011,3899,2.919442308
30/06/2011,3900,2.919771429
30/06/2011,3901,2.920100549
30/06/2011,3902,2.92042967
30/06/2011,3903,2.920758791
30/06/2011,3904,2.921087912
30/06/2011,3905,2.921417033
30/06/2011,3906,2.921746154
30/06/2011,3907,2.922075275
30/06/2011,3908,2.922404396
30/06/2011,3909,2.922733516
30/06/2011,3910,2.923062637
30/06/2011,3911,2.923391758
30/06/2011,3912,2.923720879
30/06/2011,3913,2.92405
30/06/2011,3914,2.924379121
30/06/2011,3915,2.924708242
30/06/2011,3916,2.925037363
30/06/2011,3917,2.925366484
30/06/2011,3918,2.925695604
30/06/2011,3919,2.926024725
30/06/2011,3920,2.926353846
30/06/2011,3921,2.926682967
30/06/2011,3922,2.927012088
30/06/2011,3923,2.927341209
30/06/2011,3924,2.92767033
30/06/2011,3925,2.927999451
30/06/2011,3926,2.928328571
30/06/2011,3927,2.928657692
30/06/2011,3928,2.928986813
30/06/2011,3929,2.929315934
30/06/2011,3930,2.929645055
30/06/2011,3931,2.929974176
30/06/2011,3932,2.930303297
30/06/2011,3933,2.930632418
30/06/2011,3934,2.930961538
30/06/2011,3935,2.931290659
30/06/2011,3936,2.93161978
30/06/2011,3937,2.931948901
30/06/2011,3938,2.932278022
30/06/2011,3939,2.932607143
30/06/2011,3940,2.932936264
30/06/2011,3941,2.933265385
30/06/2011,3942,2.933594505
30/06/2011,3943,2.933923626
30/06/2011,3944,2.934252747
30/06/2011,3945,2.934581868
30/06/2011,3946,2.934910989
30/06/2011,3947,2.93524011
30/06/2011,3948,2.935569231
30/06/2011,3949,2.935898352
30/06/2011,3950,2.936227473
30/06/2011,3951,2.936556593
30/06/2011,3952,2.936885714
30/06/2011,3953,2.937214835
30/06/2011,3954,2.937543956
30/06/2011,3955,2.937873077
30/06/2011,3956,2.938202198
30/06/2011,3957,2.938531319
30/06/2011,3958,2.93886044
30/06/2011,3959,2.93918956
30/06/2011,3960,2.939518681
30/06/2011,3961,2.939847802
30/06/2011,3962,2.940176923
30/06/2011,3963,2.940506044
30/06/2011,3964,2.940835165
30/06/2011,3965,2.941164286
30/06/2011,3966,2.941493407
30/06/2011,3967,2.941822527
30/06/2011,3968,2.942151648
30/06/2011,3969,2.942480769
30/06/2011,3970,2.94280989
30/06/2011,3971,2.943139011
30/06/2011,3972,2.943468132
30/06/2011,3973,2.943797253
30/06/2011,3974,2.944126374
30/06/2011,3975,2.944455495
30/06/2011,3976,2.944784615
30/06/2011,3977,2.945113736
30/06/2011,3978,2.945442857
30/06/2011,3979,2.945771978
30/06/2011,3980,2.946101099
30/06/2011,3981,2.94643022
30/06/2011,3982,2.946759341
30/06/2011,3983,2.947088462
30/06/2011,3984,2.947417582
30/06/2011,3985,2.947746703
30/06/2011,3986,2.948075824
30/06/2011,3987,2.948404945
30/06/2011,3988,2.948734066
30/06/2011,3989,2.949063187
30/06/2011,3990,2.949392308
30/06/2011,3991,2.949721429
30/06/2011,3992,2.950050549
30/06/2011,3993,2.95037967
30/06/2011,3994,2.950708791
30/06/2011,3995,2.951037912
30/06/2011,3996,2.951367033
30/06/2011,3997,2.951696154
30/06/2011,3998,2.952025275
30/06/2011,3999,2.952354396
30/06/2011,4000,2.952683516
30/06/2011,4001,2.953012637
30/06/2011,4002,2.953341758
30/06/2011,4003,2.953670879
30/06/2011,4004,2.954
30/06/2011,4005,2.954309341
30/06/2011,4006,2.954618681
30/06/2011,4007,2.954928022
30/06/2011,4008,2.955237363
30/06/2011,4009,2.955546703
30/06/2011,4010,2.955856044
30/06/2011,4011,2.956165385
30/06/2011,4012,2.956474725
30/06/2011,4013,2.956784066
30/06/2011,4014,2.957093407
30/06/2011,4015,2.957402747
30/06/2011,4016,2.957712088
30/06/2011,4017,2.958021429
30/06/2011,4018,2.958330769
30/06/2011,4019,2.95864011
30/06/2011,4020,2.958949451
30/06/2011,4021,2.959258791
30/06/2011,4022,2.959568132
30/06/2011,4023,2.959877473
30/06/2011,4024,2.960186813
30/06/2011,4025,2.960496154
30/06/2011,4026,2.960805495
30/06/2011,4027,2.961114835
30/06/2011,4028,2.961424176
30/06/2011,4029,2.961733516
30/06/2011,4030,2.962042857
30/06/2011,4031,2.962352198
30/06/2011,4032,2.962661538
30/06/2011,4033,2.962970879
30/06/2011,4034,2.96328022
30/06/2011,4035,2.96358956
30/06/2011,4036,2.963898901
30/06/2011,4037,2.964208242
30/06/2011,4038,2.964517582
30/06/2011,4039,2.964826923
30/06/2011,4040,2.965136264
30/06/2011,4041,2.965445604
30/06/2011,4042,2.965754945
30/06/2011,4043,2.966064286
30/06/2011,4044,2.966373626
30/06/2011,4045,2.966682967
30/06/2011,4046,2.966992308
30/06/2011,4047,2.967301648
30/06/2011,4048,2.967610989
30/06/2011,4049,2.96792033
30/06/2011,4050,2.96822967
30/06/2011,4051,2.968539011
30/06/2011,4052,2.968848352
30/06/2011,4053,2.969157692
30/06/2011,4054,2.969467033
30/06/2011,4055,2.969776374
30/06/2011,4056,2.970085714
30/06/2011,4057,2.970395055
30/06/2011,4058,2.970704396
30/06/2011,4059,2.971013736
30/06/2011,4060,2.971323077
30/06/2011,4061,2.971632418
30/06/2011,4062,2.971941758
30/06/2011,4063,2.972251099
30/06/2011,4064,2.97256044
30/06/2011,4065,2.97286978
30/06/2011,4066,2.973179121
30/06/2011,4067,2.973488462
30/06/2011,4068,2.973797802
30/06/2011,4069,2.974107143
30/06/2011,4070,2.974416484
30/06/2011,4071,2.974725824
30/06/2011,4072,2.975035165
30/06/2011,4073,2.975344505
30/06/2011,4074,2.975653846
30/06/2011,4075,2.975963187
30/06/2011,4076,2.976272527
30/06/2011,4077,2.976581868
30/06/2011,4078,2.976891209
30/06/2011,4079,2.977200549
30/06/2011,4080,2.97750989
30/06/2011,4081,2.977819231
30/06/2011,4082,2.978128571
30/06/2011,4083,2.978437912
30/06/2011,4084,2.978747253
30/06/2011,4085,2.979056593
30/06/2011,4086,2.979365934
30/06/2011,4087,2.979675275
30/06/2011,4088,2.979984615
30/06/2011,4089,2.980293956
30/06/2011,4090,2.980603297
30/06/2011,4091,2.980912637
30/06/2011,4092,2.981221978
30/06/2011,4093,2.981531319
30/06/2011,4094,2.981840659
30/06/2011,4095,2.98215
30/06/2011,4096,2.982459341
30/06/2011,4097,2.982768681
30/06/2011,4098,2.983078022
30/06/2011,4099,2.983387363
30/06/2011,4100,2.983696703
30/06/2011,4101,2.984006044
30/06/2011,4102,2.984315385
30/06/2011,4103,2.984624725
30/06/2011,4104,2.984934066
30/06/2011,4105,2.985243407
30/06/2011,4106,2.985552747
30/06/2011,4107,2.985862088
30/06/2011,4108,2.986171429
30/06/2011,4109,2.986480769
30/06/2011,4110,2.98679011
30/06/2011,4111,2.987099451
30/06/2011,4112,2.987408791
30/06/2011,4113,2.987718132
30/06/2011,4114,2.988027473
30/06/2011,4115,2.988336813
30/06/2011,4116,2.988646154
30/06/2011,4117,2.988955495
30/06/2011,4118,2.989264835
30/06/2011,4119,2.989574176
30/06/2011,4120,2.989883516
30/06/2011,4121,2.990192857
30/06/2011,4122,2.990502198
30/06/2011,4123,2.990811538
30/06/2011,4124,2.991120879
30/06/2011,4125,2.99143022
30/06/2011,4126,2.99173956
30/06/2011,4127,2.992048901
30/06/2011,4128,2.992358242
30/06/2011,4129,2.992667582
30/06/2011,4130,2.992976923
30/06/2011,4131,2.993286264
30/06/2011,4132,2.993595604
30/06/2011,4133,2.993904945
30/06/2011,4134,2.994214286
30/06/2011,4135,2.994523626
30/06/2011,4136,2.994832967
30/06/2011,4137,2.995142308
30/06/2011,4138,2.995451648
30/06/2011,4139,2.995760989
30/06/2011,4140,2.99607033
30/06/2011,4141,2.99637967
30/06/2011,4142,2.996689011
30/06/2011,4143,2.996998352
30/06/2011,4144,2.997307692
30/06/2011,4145,2.997617033
30/06/2011,4146,2.997926374
30/06/2011,4147,2.998235714
30/06/2011,4148,2.998545055
30/06/2011,4149,2.998854396
30/06/2011,4150,2.999163736
30/06/2011,4151,2.999473077
30/06/2011,4152,2.999782418
30/06/2011,4153,3.000091758
30/06/2011,4154,3.000401099
30/06/2011,4155,3.00071044
30/06/2011,4156,3.00101978
30/06/2011,4157,3.001329121
30/06/2011,4158,3.001638462
30/06/2011,4159,3.001947802
30/06/2011,4160,3.002257143
30/06/2011,4161,3.002566484
30/06/2011,4162,3.002875824
30/06/2011,4163,3.003185165
30/06/2011,4164,3.003494505
30/06/2011,4165,3.003803846
30/06/2011,4166,3.004113187
30/06/2011,4167,3.004422527
30/06/2011,4168,3.004731868
30/06/2011,4169,3.005041209
30/06/2011,4170,3.005350549
30/06/2011,4171,3.00565989
30/06/2011,4172,3.005969231
30/06/2011,4173,3.006278571
30/06/2011,4174,3.006587912
30/06/2011,4175,3.006897253
30/06/2011,4176,3.007206593
30/06/2011,4177,3.007515934
30/06/2011,4178,3.007825275
30/06/2011,4179,3.008134615
30/06/2011,4180,3.008443956
30/06/2011,4181,3.008753297
30/06/2011,4182,3.009062637
30/06/2011,4183,3.009371978
30/06/2011,4184,3.009681319
30/06/2011,4185,3.009990659
30/06/2011,4186,3.0103
30/06/2011,4187,3.010226374
30/06/2011,4188,3.010152747
30/06/2011,4189,3.010079121
30/06/2011,4190,3.010005495
30/06/2011,4191,3.009931868
30/06/2011,4192,3.009858242
30/06/2011,4193,3.009784615
30/06/2011,4194,3.009710989
30/06/2011,4195,3.009637363
30/06/2011,4196,3.009563736
30/06/2011,4197,3.00949011
30/06/2011,4198,3.009416484
30/06/2011,4199,3.009342857
30/06/2011,4200,3.009269231
30/06/2011,4201,3.009195604
30/06/2011,4202,3.009121978
30/06/2011,4203,3.009048352
30/06/2011,4204,3.008974725
30/06/2011,4205,3.008901099
30/06/2011,4206,3.008827473
30/06/2011,4207,3.008753846
30/06/2011,4208,3.00868022
30/06/2011,4209,3.008606593
30/06/2011,4210,3.008532967
30/06/2011,4211,3.008459341
30/06/2011,4212,3.008385714
30/06/2011,4213,3.008312088
30/06/2011,4214,3.008238462
30/06/2011,4215,3.008164835
30/06/2011,4216,3.008091209
30/06/2011,4217,3.008017582
30/06/2011,4218,3.007943956
30/06/2011,4219,3.00787033
30/06/2011,4220,3.007796703
30/06/2011,4221,3.007723077
30/06/2011,4222,3.007649451
30/06/2011,4223,3.007575824
30/06/2011,4224,3.007502198
30/06/2011,4225,3.007428571
30/06/2011,4226,3.007354945
30/06/2011,4227,3.007281319
30/06/2011,4228,3.007207692
30/06/2011,4229,3.007134066
30/06/2011,4230,3.00706044
30/06/2011,4231,3.006986813
30/06/2011,4232,3.006913187
30/06/2011,4233,3.00683956
30/06/2011,4234,3.006765934
30/06/2011,4235,3.006692308
30/06/2011,4236,3.006618681
30/06/2011,4237,3.006545055
30/06/2011,4238,3.006471429
30/06/2011,4239,3.006397802
30/06/2011,4240,3.006324176
30/06/2011,4241,3.006250549
30/06/2011,4242,3.006176923
30/06/2011,4243,3.006103297
30/06/2011,4244,3.00602967
30/06/2011,4245,3.005956044
30/06/2011,4246,3.005882418
30/06/2011,4247,3.005808791
30/06/2011,4248,3.005735165
30/06/2011,4249,3.005661538
30/06/2011,4250,3.005587912
30/06/2011,4251,3.005514286
30/06/2011,4252,3.005440659
30/06/2011,4253,3.005367033
30/06/2011,4254,3.005293407
30/06/2011,4255,3.00521978
30/06/2011,4256,3.005146154
30/06/2011,4257,3.005072527
30/06/2011,4258,3.004998901
30/06/2011,4259,3.004925275
30/06/2011,4260,3.004851648
30/06/2011,4261,3.004778022
30/06/2011,4262,3.004704396
30/06/2011,4263,3.004630769
30/06/2011,4264,3.004557143
30/06/2011,4265,3.004483516
30/06/2011,4266,3.00440989
30/06/2011,4267,3.004336264
30/06/2011,4268,3.004262637
30/06/2011,4269,3.004189011
30/06/2011,4270,3.004115385
30/06/2011,4271,3.004041758
30/06/2011,4272,3.003968132
30/06/2011,4273,3.003894505
30/06/2011,4274,3.003820879
30/06/2011,4275,3.003747253
30/06/2011,4276,3.003673626
30/06/2011,4277,3.0036
30/06/2011,4278,3.003526374
30/06/2011,4279,3.003452747
30/06/2011,4280,3.003379121
30/06/2011,4281,3.003305495
30/06/2011,4282,3.003231868
30/06/2011,4283,3.003158242
30/06/2011,4284,3.003084615
30/06/2011,4285,3.003010989
30/06/2011,4286,3.002937363
30/06/2011,4287,3.002863736
30/06/2011,4288,3.00279011
30/06/2011,4289,3.002716484
30/06/2011,4290,3.002642857
30/06/2011,4291,3.002569231
30/06/2011,4292,3.002495604
30/06/2011,4293,3.002421978
30/06/2011,4294,3.002348352
30/06/2011,4295,3.002274725
30/06/2011,4296,3.002201099
30/06/2011,4297,3.002127473
30/06/2011,4298,3.002053846
30/06/2011,4299,3.00198022
30/06/2011,4300,3.001906593
30/06/2011,4301,3.001832967
30/06/2011,4302,3.001759341
30/06/2011,4303,3.001685714
30/06/2011,4304,3.001612088
30/06/2011,4305,3.001538462
30/06/2011,4306,3.001464835
30/06/2011,4307,3.001391209
30/06/2011,4308,3.001317582
30/06/2011,4309,3.001243956
30/06/2011,4310,3.00117033
30/06/2011,4311,3.001096703
30/06/2011,4312,3.001023077
30/06/2011,4313,3.000949451
30/06/2011,4314,3.000875824
30/06/2011,4315,3.000802198
30/06/2011,4316,3.000728571
30/06/2011,4317,3.000654945
30/06/2011,4318,3.000581319
30/06/2011,4319,3.000507692
30/06/2011,4320,3.000434066
30/06/2011,4321,3.00036044
30/06/2011,4322,3.000286813
30/06/2011,4323,3.000213187
30/06/2011,4324,3.00013956
30/06/2011,4325,3.000065934
30/06/2011,4326,2.999992308
30/06/2011,4327,2.999918681
30/06/2011,4328,2.999845055
30/06/2011,4329,2.999771429
30/06/2011,4330,2.999697802
30/06/2011,4331,2.999624176
30/06/2011,4332,2.999550549
30/06/2011,4333,2.999476923
30/06/2011,4334,2.999403297
30/06/2011,4335,2.99932967
30/06/2011,4336,2.999256044
30/06/2011,4337,2.999182418
30/06/2011,4338,2.999108791
30/06/2011,4339,2.999035165
30/06/2011,4340,2.998961538
30/06/2011,4341,2.998887912
30/06/2011,4342,2.998814286
30/06/2011,4343,2.998740659
30/06/2011,4344,2.998667033
30/06/2011,4345,2.998593407
30/06/2011,4346,2.99851978
30/06/2011,4347,2.998446154
30/06/2011,4348,2.998372527
30/06/2011,4349,2.998298901
30/06/2011,4350,2.998225275
30/06/2011,4351,2.998151648
30/06/2011,4352,2.998078022
30/06/2011,4353,2.998004396
30/06/2011,4354,2.997930769
30/06/2011,4355,2.997857143
30/06/2011,4356,2.997783516
30/06/2011,4357,2.99770989
30/06/2011,4358,2.997636264
30/06/2011,4359,2.997562637
30/06/2011,4360,2.997489011
30/06/2011,4361,2.997415385
30/06/2011,4362,2.997341758
30/06/2011,4363,2.997268132
30/06/2011,4364,2.997194505
30/06/2011,4365,2.997120879
30/06/2011,4366,2.997047253
30/06/2011,4367,2.996973626
30/06/2011,4368,2.9969
30/06/2011,4369,2.996831319
30/06/2011,4370,2.996762637
30/06/2011,4371,2.996693956
30/06/2011,4372,2.996625275
30/06/2011,4373,2.996556593
30/06/2011,4374,2.996487912
30/06/2011,4375,2.996419231
30/06/2011,4376,2.996350549
30/06/2011,4377,2.996281868
30/06/2011,4378,2.996213187
30/06/2011,4379,2.996144505
30/06/2011,4380,2.996075824
30/06/2011,4381,2.996007143
30/06/2011,4382,2.995938462
30/06/2011,4383,2.99586978
30/06/2011,4384,2.995801099
30/06/2011,4385,2.995732418
30/06/2011,4386,2.995663736
30/06/2011,4387,2.995595055
30/06/2011,4388,2.995526374
30/06/2011,4389,2.995457692
30/06/2011,4390,2.995389011
30/06/2011,4391,2.99532033
30/06/2011,4392,2.995251648
30/06/2011,4393,2.995182967
30/06/2011,4394,2.995114286
30/06/2011,4395,2.995045604
30/06/2011,4396,2.994976923
30/06/2011,4397,2.994908242
30/06/2011,4398,2.99483956
30/06/2011,4399,2.994770879
30/06/2011,4400,2.994702198
30/06/2011,4401,2.994633516
30/06/2011,4402,2.994564835
30/06/2011,4403,2.994496154
30/06/2011,4404,2.994427473
30/06/2011,4405,2.994358791
30/06/2011,4406,2.99429011
30/06/2011,4407,2.994221429
30/06/2011,4408,2.994152747
30/06/2011,4409,2.994084066
30/06/2011,4410,2.994015385
30/06/2011,4411,2.993946703
30/06/2011,4412,2.993878022
30/06/2011,4413,2.993809341
30/06/2011,4414,2.993740659
30/06/2011,4415,2.993671978
30/06/2011,4416,2.993603297
30/06/2011,4417,2.993534615
30/06/2011,4418,2.993465934
30/06/2011,4419,2.993397253
30/06/2011,4420,2.993328571
30/06/2011,4421,2.99325989
30/06/2011,4422,2.993191209
30/06/2011,4423,2.993122527
30/06/2011,4424,2.993053846
30/06/2011,4425,2.992985165
30/06/2011,4426,2.992916484
30/06/2011,4427,2.992847802
30/06/2011,4428,2.992779121
30/06/2011,4429,2.99271044
30/06/2011,4430,2.992641758
30/06/2011,4431,2.992573077
30/06/2011,4432,2.992504396
30/06/2011,4433,2.992435714
30/06/2011,4434,2.992367033
30/06/2011,4435,2.992298352
30/06/2011,4436,2.99222967
30/06/2011,4437,2.992160989
30/06/2011,4438,2.992092308
30/06/2011,4439,2.992023626
30/06/2011,4440,2.991954945
30/06/2011,4441,2.991886264
30/06/2011,4442,2.991817582
30/06/2011,4443,2.991748901
30/06/2011,4444,2.99168022
30/06/2011,4445,2.991611538
30/06/2011,4446,2.991542857
30/06/2011,4447,2.991474176
30/06/2011,4448,2.991405495
30/06/2011,4449,2.991336813
30/06/2011,4450,2.991268132
30/06/2011,4451,2.991199451
30/06/2011,4452,2.991130769
30/06/2011,4453,2.991062088
30/06/2011,4454,2.990993407
30/06/2011,4455,2.990924725
30/06/2011,4456,2.990856044
30/06/2011,4457,2.990787363
30/06/2011,4458,2.990718681
30/06/2011,4459,2.99065
30/06/2011,4460,2.990581319
30/06/2011,4461,2.990512637
30/06/2011,4462,2.990443956
30/06/2011,4463,2.990375275
30/06/2011,4464,2.990306593
30/06/2011,4465,2.990237912
30/06/2011,4466,2.990169231
30/06/2011,4467,2.990100549
30/06/2011,4468,2.990031868
30/06/2011,4469,2.989963187
30/06/2011,4470,2.989894505
30/06/2011,4471,2.989825824
30/06/2011,4472,2.989757143
30/06/2011,4473,2.989688462
30/06/2011,4474,2.98961978
30/06/2011,4475,2.989551099
30/06/2011,4476,2.989482418
30/06/2011,4477,2.989413736
30/06/2011,4478,2.989345055
30/06/2011,4479,2.989276374
30/06/2011,4480,2.989207692
30/06/2011,4481,2.989139011
30/06/2011,4482,2.98907033
30/06/2011,4483,2.989001648
30/06/2011,4484,2.988932967
30/06/2011,4485,2.988864286
30/06/2011,4486,2.988795604
30/06/2011,4487,2.988726923
30/06/2011,4488,2.988658242
30/06/2011,4489,2.98858956
30/06/2011,4490,2.988520879
30/06/2011,4491,2.988452198
30/06/2011,4492,2.988383516
30/06/2011,4493,2.988314835
30/06/2011,4494,2.988246154
30/06/2011,4495,2.988177473
30/06/2011,4496,2.988108791
30/06/2011,4497,2.98804011
30/06/2011,4498,2.987971429
30/06/2011,4499,2.987902747
30/06/2011,4500,2.987834066
30/06/2011,4501,2.987765385
30/06/2011,4502,2.987696703
30/06/2011,4503,2.987628022
30/06/2011,4504,2.987559341
30/06/2011,4505,2.987490659
30/06/2011,4506,2.987421978
30/06/2011,4507,2.987353297
30/06/2011,4508,2.987284615
30/06/2011,4509,2.987215934
30/06/2011,4510,2.987147253
30/06/2011,4511,2.987078571
30/06/2011,4512,2.98700989
30/06/2011,4513,2.986941209
30/06/2011,4514,2.986872527
30/06/2011,4515,2.986803846
30/06/2011,4516,2.986735165
30/06/2011,4517,2.986666484
30/06/2011,4518,2.986597802
30/06/2011,4519,2.986529121
30/06/2011,4520,2.98646044
30/06/2011,4521,2.986391758
30/06/2011,4522,2.986323077
30/06/2011,4523,2.986254396
30/06/2011,4524,2.986185714
30/06/2011,4525,2.986117033
30/06/2011,4526,2.986048352
30/06/2011,4527,2.98597967
30/06/2011,4528,2.985910989
30/06/2011,4529,2.985842308
30/06/2011,4530,2.985773626
30/06/2011,4531,2.985704945
30/06/2011,4532,2.985636264
30/06/2011,4533,2.985567582
30/06/2011,4534,2.985498901
30/06/2011,4535,2.98543022
30/06/2011,4536,2.985361538
30/06/2011,4537,2.985292857
30/06/2011,4538,2.985224176
30/06/2011,4539,2.985155495
30/06/2011,4540,2.985086813
30/06/2011,4541,2.985018132
30/06/2011,4542,2.984949451
30/06/2011,4543,2.984880769
30/06/2011,4544,2.984812088
30/06/2011,4545,2.984743407
30/06/2011,4546,2.984674725
30/06/2011,4547,2.984606044
30/06/2011,4548,2.984537363
30/06/2011,4549,2.984468681
30/06/2011,4550,2.9844
30/06/2011,4551,2.984564286
30/06/2011,4552,2.984728571
30/06/2011,4553,2.984892857
30/06/2011,4554,2.985057143
30/06/2011,4555,2.985221429
30/06/2011,4556,2.985385714
30/06/2011,4557,2.98555
30/06/2011,4558,2.985714286
30/06/2011,4559,2.985878571
30/06/2011,4560,2.986042857
30/06/2011,4561,2.986207143
30/06/2011,4562,2.986371429
30/06/2011,4563,2.986535714
30/06/2011,4564,2.9867
30/06/2011,4565,2.986864286
30/06/2011,4566,2.987028571
30/06/2011,4567,2.987192857
30/06/2011,4568,2.987357143
30/06/2011,4569,2.987521429
30/06/2011,4570,2.987685714
30/06/2011,4571,2.98785
30/06/2011,4572,2.988014286
30/06/2011,4573,2.988178571
30/06/2011,4574,2.988342857
30/06/2011,4575,2.988507143
30/06/2011,4576,2.988671429
30/06/2011,4577,2.988835714
30/06/2011,4578,2.989
30/06/2011,4579,2.989164286
30/06/2011,4580,2.989328571
30/06/2011,4581,2.989492857
30/06/2011,4582,2.989657143
30/06/2011,4583,2.989821429
30/06/2011,4584,2.989985714
30/06/2011,4585,2.99015
30/06/2011,4586,2.990314286
30/06/2011,4587,2.990478571
30/06/2011,4588,2.990642857
30/06/2011,4589,2.990807143
30/06/2011,4590,2.990971429
30/06/2011,4591,2.991135714
30/06/2011,4592,2.9913
30/06/2011,4593,2.991464286
30/06/2011,4594,2.991628571
30/06/2011,4595,2.991792857
30/06/2011,4596,2.991957143
30/06/2011,4597,2.992121429
30/06/2011,4598,2.992285714
30/06/2011,4599,2.99245
30/06/2011,4600,2.992614286
30/06/2011,4601,2.992778571
30/06/2011,4602,2.992942857
30/06/2011,4603,2.993107143
30/06/2011,4604,2.993271429
30/06/2011,4605,2.993435714
30/06/2011,4606,2.9936
30/06/2011,4607,2.993764286
30/06/2011,4608,2.993928571
30/06/2011,4609,2.994092857
30/06/2011,4610,2.994257143
30/06/2011,4611,2.994421429
30/06/2011,4612,2.994585714
30/06/2011,4613,2.99475
30/06/2011,4614,2.994914286
30/06/2011,4615,2.995078571
30/06/2011,4616,2.995242857
30/06/2011,4617,2.995407143
30/06/2011,4618,2.995571429
30/06/2011,4619,2.995735714
30/06/2011,4620,2.9959
30/06/2011,4621,2.996064286
30/06/2011,4622,2.996228571
30/06/2011,4623,2.996392857
30/06/2011,4624,2.996557143
30/06/2011,4625,2.996721429
30/06/2011,4626,2.996885714
30/06/2011,4627,2.99705
30/06/2011,4628,2.997214286
30/06/2011,4629,2.997378571
30/06/2011,4630,2.997542857
30/06/2011,4631,2.997707143
30/06/2011,4632,2.997871429
30/06/2011,4633,2.998035714
30/06/2011,4634,2.9982
30/06/2011,4635,2.998364286
30/06/2011,4636,2.998528571
30/06/2011,4637,2.998692857
30/06/2011,4638,2.998857143
30/06/2011,4639,2.999021429
30/06/2011,4640,2.999185714
30/06/2011,4641,2.99935
30/06/2011,4642,2.999514286
30/06/2011,4643,2.999678571
30/06/2011,4644,2.999842857
30/06/2011,4645,3.000007143
30/06/2011,4646,3.000171429
30/06/2011,4647,3.000335714
30/06/2011,4648,3.0005
30/06/2011,4649,3.000664286
30/06/2011,4650,3.000828571
30/06/2011,4651,3.000992857
30/06/2011,4652,3.001157143
30/06/2011,4653,3.001321429
30/06/2011,4654,3.001485714
30/06/2011,4655,3.00165
30/06/2011,4656,3.001814286
30/06/2011,4657,3.001978571
30/06/2011,4658,3.002142857
30/06/2011,4659,3.002307143
30/06/2011,4660,3.002471429
30/06/2011,4661,3.002635714
30/06/2011,4662,3.0028
30/06/2011,4663,3.002964286
30/06/2011,4664,3.003128571
30/06/2011,4665,3.003292857
30/06/2011,4666,3.003457143
30/06/2011,4667,3.003621429
30/06/2011,4668,3.003785714
30/06/2011,4669,3.00395
30/06/2011,4670,3.004114286
30/06/2011,4671,3.004278571
30/06/2011,4672,3.004442857
30/06/2011,4673,3.004607143
30/06/2011,4674,3.004771429
30/06/2011,4675,3.004935714
30/06/2011,4676,3.0051
30/06/2011,4677,3.005264286
30/06/2011,4678,3.005428571
30/06/2011,4679,3.005592857
30/06/2011,4680,3.005757143
30/06/2011,4681,3.005921429
30/06/2011,4682,3.006085714
30/06/2011,4683,3.00625
30/06/2011,4684,3.006414286
30/06/2011,4685,3.006578571
30/06/2011,4686,3.006742857
30/06/2011,4687,3.006907143
30/06/2011,4688,3.007071429
30/06/2011,4689,3.007235714
30/06/2011,4690,3.0074
30/06/2011,4691,3.007564286
30/06/2011,4692,3.007728571
30/06/2011,4693,3.007892857
30/06/2011,4694,3.008057143
30/06/2011,4695,3.008221429
30/06/2011,4696,3.008385714
30/06/2011,4697,3.00855
30/06/2011,4698,3.008714286
30/06/2011,4699,3.008878571
30/06/2011,4700,3.009042857
30/06/2011,4701,3.009207143
30/06/2011,4702,3.009371429
30/06/2011,4703,3.009535714
30/06/2011,4704,3.0097
30/06/2011,4705,3.009864286
30/06/2011,4706,3.010028571
30/06/2011,4707,3.010192857
30/06/2011,4708,3.010357143
30/06/2011,4709,3.010521429
30/06/2011,4710,3.010685714
30/06/2011,4711,3.01085
30/06/2011,4712,3.011014286
30/06/2011,4713,3.011178571
30/06/2011,4714,3.011342857
30/06/2011,4715,3.011507143
30/06/2011,4716,3.011671429
30/06/2011,4717,3.011835714
30/06/2011,4718,3.012
30/06/2011,4719,3.012164286
30/06/2011,4720,3.012328571
30/06/2011,4721,3.012492857
30/06/2011,4722,3.012657143
30/06/2011,4723,3.012821429
30/06/2011,4724,3.012985714
30/06/2011,4725,3.01315
30/06/2011,4726,3.013314286
30/06/2011,4727,3.013478571
30/06/2011,4728,3.013642857
30/06/2011,4729,3.013807143
30/06/2011,4730,3.013971429
30/06/2011,4731,3.014135714
30/06/2011,4732,3.0143
30/06/2011,4733,3.014461538
30/06/2011,4734,3.014623077
30/06/2011,4735,3.014784615
30/06/2011,4736,3.014946154
30/06/2011,4737,3.015107692
30/06/2011,4738,3.015269231
30/06/2011,4739,3.015430769
30/06/2011,4740,3.015592308
30/06/2011,4741,3.015753846
30/06/2011,4742,3.015915385
30/06/2011,4743,3.016076923
30/06/2011,4744,3.016238462
30/06/2011,4745,3.0164
30/06/2011,4746,3.016561538
30/06/2011,4747,3.016723077
30/06/2011,4748,3.016884615
30/06/2011,4749,3.017046154
30/06/2011,4750,3.017207692
30/06/2011,4751,3.017369231
30/06/2011,4752,3.017530769
30/06/2011,4753,3.017692308
30/06/2011,4754,3.017853846
30/06/2011,4755,3.018015385
30/06/2011,4756,3.018176923
30/06/2011,4757,3.018338462
30/06/2011,4758,3.0185
30/06/2011,4759,3.018661538
30/06/2011,4760,3.018823077
30/06/2011,4761,3.018984615
30/06/2011,4762,3.019146154
30/06/2011,4763,3.019307692
30/06/2011,4764,3.019469231
30/06/2011,4765,3.019630769
30/06/2011,4766,3.019792308
30/06/2011,4767,3.019953846
30/06/2011,4768,3.020115385
30/06/2011,4769,3.020276923
30/06/2011,4770,3.020438462
30/06/2011,4771,3.0206
30/06/2011,4772,3.020761538
30/06/2011,4773,3.020923077
30/06/2011,4774,3.021084615
30/06/2011,4775,3.021246154
30/06/2011,4776,3.021407692
30/06/2011,4777,3.021569231
30/06/2011,4778,3.021730769
30/06/2011,4779,3.021892308
30/06/2011,4780,3.022053846
30/06/2011,4781,3.022215385
30/06/2011,4782,3.022376923
30/06/2011,4783,3.022538462
30/06/2011,4784,3.0227
30/06/2011,4785,3.022861538
30/06/2011,4786,3.023023077
30/06/2011,4787,3.023184615
30/06/2011,4788,3.023346154
30/06/2011,4789,3.023507692
30/06/2011,4790,3.023669231
30/06/2011,4791,3.023830769
30/06/2011,4792,3.023992308
30/06/2011,4793,3.024153846
30/06/2011,4794,3.024315385
30/06/2011,4795,3.024476923
30/06/2011,4796,3.024638462
30/06/2011,4797,3.0248
30/06/2011,4798,3.024961538
30/06/2011,4799,3.025123077
30/06/2011,4800,3.025284615
30/06/2011,4801,3.025446154
30/06/2011,4802,3.025607692
30/06/2011,4803,3.025769231
30/06/2011,4804,3.025930769
30/06/2011,4805,3.026092308
30/06/2011,4806,3.026253846
30/06/2011,4807,3.026415385
30/06/2011,4808,3.026576923
30/06/2011,4809,3.026738462
30/06/2011,4810,3.0269
30/06/2011,4811,3.027061538
30/06/2011,4812,3.027223077
30/06/2011,4813,3.027384615
30/06/2011,4814,3.027546154
30/06/2011,4815,3.027707692
30/06/2011,4816,3.027869231
30/06/2011,4817,3.028030769
30/06/2011,4818,3.028192308
30/06/2011,4819,3.028353846
30/06/2011,4820,3.028515385
30/06/2011,4821,3.028676923
30/06/2011,4822,3.028838462
30/06/2011,4823,3.029
30/06/2011,4824,3.029161538
30/06/2011,4825,3.029323077
30/06/2011,4826,3.029484615
30/06/2011,4827,3.029646154
30/06/2011,4828,3.029807692
30/06/2011,4829,3.029969231
30/06/2011,4830,3.030130769
30/06/2011,4831,3.030292308
30/06/2011,4832,3.030453846
30/06/2011,4833,3.030615385
30/06/2011,4834,3.030776923
30/06/2011,4835,3.030938462
30/06/2011,4836,3.0311
30/06/2011,4837,3.031261538
30/06/2011,4838,3.031423077
30/06/2011,4839,3.031584615
30/06/2011,4840,3.031746154
30/06/2011,4841,3.031907692
30/06/2011,4842,3.032069231
30/06/2011,4843,3.032230769
30/06/2011,4844,3.032392308
30/06/2011,4845,3.032553846
30/06/2011,4846,3.032715385
30/06/2011,4847,3.032876923
30/06/2011,4848,3.033038462
30/06/2011,4849,3.0332
30/06/2011,4850,3.033361538
30/06/2011,4851,3.033523077
30/06/2011,4852,3.033684615
30/06/2011,4853,3.033846154
30/06/2011,4854,3.034007692
30/06/2011,4855,3.034169231
30/06/2011,4856,3.034330769
30/06/2011,4857,3.034492308
30/06/2011,4858,3.034653846
30/06/2011,4859,3.034815385
30/06/2011,4860,3.034976923
30/06/2011,4861,3.035138462
30/06/2011,4862,3.0353
30/06/2011,4863,3.035461538
30/06/2011,4864,3.035623077
30/06/2011,4865,3.035784615
30/06/2011,4866,3.035946154
30/06/2011,4867,3.036107692
30/06/2011,4868,3.036269231
30/06/2011,4869,3.036430769
30/06/2011,4870,3.036592308
30/06/2011,4871,3.036753846
30/06/2011,4872,3.036915385
30/06/2011,4873,3.037076923
30/06/2011,4874,3.037238462
30/06/2011,4875,3.0374
30/06/2011,4876,3.037561538
30/06/2011,4877,3.037723077
30/06/2011,4878,3.037884615
30/06/2011,4879,3.038046154
30/06/2011,4880,3.038207692
30/06/2011,4881,3.038369231
30/06/2011,4882,3.038530769
30/06/2011,4883,3.038692308
30/06/2011,4884,3.038853846
30/06/2011,4885,3.039015385
30/06/2011,4886,3.039176923
30/06/2011,4887,3.039338462
30/06/2011,4888,3.0395
30/06/2011,4889,3.039661538
30/06/2011,4890,3.039823077
30/06/2011,4891,3.039984615
30/06/2011,4892,3.040146154
30/06/2011,4893,3.040307692
30/06/2011,4894,3.040469231
30/06/2011,4895,3.040630769
30/06/2011,4896,3.040792308
30/06/2011,4897,3.040953846
30/06/2011,4898,3.041115385
30/06/2011,4899,3.041276923
30/06/2011,4900,3.041438462
30/06/2011,4901,3.0416
30/06/2011,4902,3.041761538
30/06/2011,4903,3.041923077
30/06/2011,4904,3.042084615
30/06/2011,4905,3.042246154
30/06/2011,4906,3.042407692
30/06/2011,4907,3.042569231
30/06/2011,4908,3.042730769
30/06/2011,4909,3.042892308
30/06/2011,4910,3.043053846
30/06/2011,4911,3.043215385
30/06/2011,4912,3.043376923
30/06/2011,4913,3.043538462
30/06/2011,4914,3.0437
30/06/2011,4915,3.043859341
30/06/2011,4916,3.044018681
30/06/2011,4917,3.044178022
30/06/2011,4918,3.044337363
30/06/2011,4919,3.044496703
30/06/2011,4920,3.044656044
30/06/2011,4921,3.044815385
30/06/2011,4922,3.044974725
30/06/2011,4923,3.045134066
30/06/2011,4924,3.045293407
30/06/2011,4925,3.045452747
30/06/2011,4926,3.045612088
30/06/2011,4927,3.045771429
30/06/2011,4928,3.045930769
30/06/2011,4929,3.04609011
30/06/2011,4930,3.046249451
30/06/2011,4931,3.046408791
30/06/2011,4932,3.046568132
30/06/2011,4933,3.046727473
30/06/2011,4934,3.046886813
30/06/2011,4935,3.047046154
30/06/2011,4936,3.047205495
30/06/2011,4937,3.047364835
30/06/2011,4938,3.047524176
30/06/2011,4939,3.047683516
30/06/2011,4940,3.047842857
30/06/2011,4941,3.048002198
30/06/2011,4942,3.048161538
30/06/2011,4943,3.048320879
30/06/2011,4944,3.04848022
30/06/2011,4945,3.04863956
30/06/2011,4946,3.048798901
30/06/2011,4947,3.048958242
30/06/2011,4948,3.049117582
30/06/2011,4949,3.049276923
30/06/2011,4950,3.049436264
30/06/2011,4951,3.049595604
30/06/2011,4952,3.049754945
30/06/2011,4953,3.049914286
30/06/2011,4954,3.050073626
30/06/2011,4955,3.050232967
30/06/2011,4956,3.050392308
30/06/2011,4957,3.050551648
30/06/2011,4958,3.050710989
30/06/2011,4959,3.05087033
30/06/2011,4960,3.05102967
30/06/2011,4961,3.051189011
30/06/2011,4962,3.051348352
30/06/2011,4963,3.051507692
30/06/2011,4964,3.051667033
30/06/2011,4965,3.051826374
30/06/2011,4966,3.051985714
30/06/2011,4967,3.052145055
30/06/2011,4968,3.052304396
30/06/2011,4969,3.052463736
30/06/2011,4970,3.052623077
30/06/2011,4971,3.052782418
30/06/2011,4972,3.052941758
30/06/2011,4973,3.053101099
30/06/2011,4974,3.05326044
30/06/2011,4975,3.05341978
30/06/2011,4976,3.053579121
30/06/2011,4977,3.053738462
30/06/2011,4978,3.053897802
30/06/2011,4979,3.054057143
30/06/2011,4980,3.054216484
30/06/2011,4981,3.054375824
30/06/2011,4982,3.054535165
30/06/2011,4983,3.054694505
30/06/2011,4984,3.054853846
30/06/2011,4985,3.055013187
30/06/2011,4986,3.055172527
30/06/2011,4987,3.055331868
30/06/2011,4988,3.055491209
30/06/2011,4989,3.055650549
30/06/2011,4990,3.05580989
30/06/2011,4991,3.055969231
30/06/2011,4992,3.056128571
30/06/2011,4993,3.056287912
30/06/2011,4994,3.056447253
30/06/2011,4995,3.056606593
30/06/2011,4996,3.056765934
30/06/2011,4997,3.056925275
30/06/2011,4998,3.057084615
30/06/2011,4999,3.057243956
30/06/2011,5000,3.057403297
30/06/2011,5001,3.057562637
30/06/2011,5002,3.057721978
30/06/2011,5003,3.057881319
30/06/2011,5004,3.058040659
30/06/2011,5005,3.0582
30/06/2011,5006,3.058359341
30/06/2011,5007,3.058518681
30/06/2011,5008,3.058678022
30/06/2011,5009,3.058837363
30/06/2011,5010,3.058996703
30/06/2011,5011,3.059156044
30/06/2011,5012,3.059315385
30/06/2011,5013,3.059474725
30/06/2011,5014,3.059634066
30/06/2011,5015,3.059793407
30/06/2011,5016,3.059952747
30/06/2011,5017,3.060112088
30/06/2011,5018,3.060271429
30/06/2011,5019,3.060430769
30/06/2011,5020,3.06059011
30/06/2011,5021,3.060749451
30/06/2011,5022,3.060908791
30/06/2011,5023,3.061068132
30/06/2011,5024,3.061227473
30/06/2011,5025,3.061386813
30/06/2011,5026,3.061546154
30/06/2011,5027,3.061705495
30/06/2011,5028,3.061864835
30/06/2011,5029,3.062024176
30/06/2011,5030,3.062183516
30/06/2011,5031,3.062342857
30/06/2011,5032,3.062502198
30/06/2011,5033,3.062661538
30/06/2011,5034,3.062820879
30/06/2011,5035,3.06298022
30/06/2011,5036,3.06313956
30/06/2011,5037,3.063298901
30/06/2011,5038,3.063458242
30/06/2011,5039,3.063617582
30/06/2011,5040,3.063776923
30/06/2011,5041,3.063936264
30/06/2011,5042,3.064095604
30/06/2011,5043,3.064254945
30/06/2011,5044,3.064414286
30/06/2011,5045,3.064573626
30/06/2011,5046,3.064732967
30/06/2011,5047,3.064892308
30/06/2011,5048,3.065051648
30/06/2011,5049,3.065210989
30/06/2011,5050,3.06537033
30/06/2011,5051,3.06552967
30/06/2011,5052,3.065689011
30/06/2011,5053,3.065848352
30/06/2011,5054,3.066007692
30/06/2011,5055,3.066167033
30/06/2011,5056,3.066326374
30/06/2011,5057,3.066485714
30/06/2011,5058,3.066645055
30/06/2011,5059,3.066804396
30/06/2011,5060,3.066963736
30/06/2011,5061,3.067123077
30/06/2011,5062,3.067282418
30/06/2011,5063,3.067441758
30/06/2011,5064,3.067601099
30/06/2011,5065,3.06776044
30/06/2011,5066,3.06791978
30/06/2011,5067,3.068079121
30/06/2011,5068,3.068238462
30/06/2011,5069,3.068397802
30/06/2011,5070,3.068557143
30/06/2011,5071,3.068716484
30/06/2011,5072,3.068875824
30/06/2011,5073,3.069035165
30/06/2011,5074,3.069194505
30/06/2011,5075,3.069353846
30/06/2011,5076,3.069513187
30/06/2011,5077,3.069672527
30/06/2011,5078,3.069831868
30/06/2011,5079,3.069991209
30/06/2011,5080,3.070150549
30/06/2011,5081,3.07030989
30/06/2011,5082,3.070469231
30/06/2011,5083,3.070628571
30/06/2011,5084,3.070787912
30/06/2011,5085,3.070947253
30/06/2011,5086,3.071106593
30/06/2011,5087,3.071265934
30/06/2011,5088,3.071425275
30/06/2011,5089,3.071584615
30/06/2011,5090,3.071743956
30/06/2011,5091,3.071903297
30/06/2011,5092,3.072062637
30/06/2011,5093,3.072221978
30/06/2011,5094,3.072381319
30/06/2011,5095,3.072540659
30/06/2011,5096,3.0727
30/06/2011,5097,3.07285989
30/06/2011,5098,3.07301978
30/06/2011,5099,3.07317967
30/06/2011,5100,3.07333956
30/06/2011,5101,3.073499451
30/06/2011,5102,3.073659341
30/06/2011,5103,3.073819231
30/06/2011,5104,3.073979121
30/06/2011,5105,3.074139011
30/06/2011,5106,3.074298901
30/06/2011,5107,3.074458791
30/06/2011,5108,3.074618681
30/06/2011,5109,3.074778571
30/06/2011,5110,3.074938462
30/06/2011,5111,3.075098352
30/06/2011,5112,3.075258242
30/06/2011,5113,3.075418132
30/06/2011,5114,3.075578022
30/06/2011,5115,3.075737912
30/06/2011,5116,3.075897802
30/06/2011,5117,3.076057692
30/06/2011,5118,3.076217582
30/06/2011,5119,3.076377473
30/06/2011,5120,3.076537363
30/06/2011,5121,3.076697253
30/06/2011,5122,3.076857143
30/06/2011,5123,3.077017033
30/06/2011,5124,3.077176923
30/06/2011,5125,3.077336813
30/06/2011,5126,3.077496703
30/06/2011,5127,3.077656593
30/06/2011,5128,3.077816484
30/06/2011,5129,3.077976374
30/06/2011,5130,3.078136264
30/06/2011,5131,3.078296154
30/06/2011,5132,3.078456044
30/06/2011,5133,3.078615934
30/06/2011,5134,3.078775824
30/06/2011,5135,3.078935714
30/06/2011,5136,3.079095604
30/06/2011,5137,3.079255495
30/06/2011,5138,3.079415385
30/06/2011,5139,3.079575275
30/06/2011,5140,3.079735165
30/06/2011,5141,3.079895055
30/06/2011,5142,3.080054945
30/06/2011,5143,3.080214835
30/06/2011,5144,3.080374725
30/06/2011,5145,3.080534615
30/06/2011,5146,3.080694505
30/06/2011,5147,3.080854396
30/06/2011,5148,3.081014286
30/06/2011,5149,3.081174176
30/06/2011,5150,3.081334066
30/06/2011,5151,3.081493956
30/06/2011,5152,3.081653846
30/06/2011,5153,3.081813736
30/06/2011,5154,3.081973626
30/06/2011,5155,3.082133516
30/06/2011,5156,3.082293407
30/06/2011,5157,3.082453297
30/06/2011,5158,3.082613187
30/06/2011,5159,3.082773077
30/06/2011,5160,3.082932967
30/06/2011,5161,3.083092857
30/06/2011,5162,3.083252747
30/06/2011,5163,3.083412637
30/06/2011,5164,3.083572527
30/06/2011,5165,3.083732418
30/06/2011,5166,3.083892308
30/06/2011,5167,3.084052198
30/06/2011,5168,3.084212088
30/06/2011,5169,3.084371978
30/06/2011,5170,3.084531868
30/06/2011,5171,3.084691758
30/06/2011,5172,3.084851648
30/06/2011,5173,3.085011538
30/06/2011,5174,3.085171429
30/06/2011,5175,3.085331319
30/06/2011,5176,3.085491209
30/06/2011,5177,3.085651099
30/06/2011,5178,3.085810989
30/06/2011,5179,3.085970879
30/06/2011,5180,3.086130769
30/06/2011,5181,3.086290659
30/06/2011,5182,3.086450549
30/06/2011,5183,3.08661044
30/06/2011,5184,3.08677033
30/06/2011,5185,3.08693022
30/06/2011,5186,3.08709011
30/06/2011,5187,3.08725
30/06/2011,5188,3.08740989
30/06/2011,5189,3.08756978
30/06/2011,5190,3.08772967
30/06/2011,5191,3.08788956
30/06/2011,5192,3.088049451
30/06/2011,5193,3.088209341
30/06/2011,5194,3.088369231
30/06/2011,5195,3.088529121
30/06/2011,5196,3.088689011
30/06/2011,5197,3.088848901
30/06/2011,5198,3.089008791
30/06/2011,5199,3.089168681
30/06/2011,5200,3.089328571
30/06/2011,5201,3.089488462
30/06/2011,5202,3.089648352
30/06/2011,5203,3.089808242
30/06/2011,5204,3.089968132
30/06/2011,5205,3.090128022
30/06/2011,5206,3.090287912
30/06/2011,5207,3.090447802
30/06/2011,5208,3.090607692
30/06/2011,5209,3.090767582
30/06/2011,5210,3.090927473
30/06/2011,5211,3.091087363
30/06/2011,5212,3.091247253
30/06/2011,5213,3.091407143
30/06/2011,5214,3.091567033
30/06/2011,5215,3.091726923
30/06/2011,5216,3.091886813
30/06/2011,5217,3.092046703
30/06/2011,5218,3.092206593
30/06/2011,5219,3.092366484
30/06/2011,5220,3.092526374
30/06/2011,5221,3.092686264
30/06/2011,5222,3.092846154
30/06/2011,5223,3.093006044
30/06/2011,5224,3.093165934
30/06/2011,5225,3.093325824
30/06/2011,5226,3.093485714
30/06/2011,5227,3.093645604
30/06/2011,5228,3.093805495
30/06/2011,5229,3.093965385
30/06/2011,5230,3.094125275
30/06/2011,5231,3.094285165
30/06/2011,5232,3.094445055
30/06/2011,5233,3.094604945
30/06/2011,5234,3.094764835
30/06/2011,5235,3.094924725
30/06/2011,5236,3.095084615
30/06/2011,5237,3.095244505
30/06/2011,5238,3.095404396
30/06/2011,5239,3.095564286
30/06/2011,5240,3.095724176
30/06/2011,5241,3.095884066
30/06/2011,5242,3.096043956
30/06/2011,5243,3.096203846
30/06/2011,5244,3.096363736
30/06/2011,5245,3.096523626
30/06/2011,5246,3.096683516
30/06/2011,5247,3.096843407
30/06/2011,5248,3.097003297
30/06/2011,5249,3.097163187
30/06/2011,5250,3.097323077
30/06/2011,5251,3.097482967
30/06/2011,5252,3.097642857
30/06/2011,5253,3.097802747
30/06/2011,5254,3.097962637
30/06/2011,5255,3.098122527
30/06/2011,5256,3.098282418
30/06/2011,5257,3.098442308
30/06/2011,5258,3.098602198
30/06/2011,5259,3.098762088
30/06/2011,5260,3.098921978
30/06/2011,5261,3.099081868
30/06/2011,5262,3.099241758
30/06/2011,5263,3.099401648
30/06/2011,5264,3.099561538
30/06/2011,5265,3.099721429
30/06/2011,5266,3.099881319
30/06/2011,5267,3.100041209
30/06/2011,5268,3.100201099
30/06/2011,5269,3.100360989
30/06/2011,5270,3.100520879
30/06/2011,5271,3.100680769
30/06/2011,5272,3.100840659
30/06/2011,5273,3.101000549
30/06/2011,5274,3.10116044
30/06/2011,5275,3.10132033
30/06/2011,5276,3.10148022
30/06/2011,5277,3.10164011
30/06/2011,5278,3.1018
30/06/2011,5279,3.102046703
30/06/2011,5280,3.102293407
30/06/2011,5281,3.10254011
30/06/2011,5282,3.102786813
30/06/2011,5283,3.103033516
30/06/2011,5284,3.10328022
30/06/2011,5285,3.103526923
30/06/2011,5286,3.103773626
30/06/2011,5287,3.10402033
30/06/2011,5288,3.104267033
30/06/2011,5289,3.104513736
30/06/2011,5290,3.10476044
30/06/2011,5291,3.105007143
30/06/2011,5292,3.105253846
30/06/2011,5293,3.105500549
30/06/2011,5294,3.105747253
30/06/2011,5295,3.105993956
30/06/2011,5296,3.106240659
30/06/2011,5297,3.106487363
30/06/2011,5298,3.106734066
30/06/2011,5299,3.106980769
30/06/2011,5300,3.107227473
30/06/2011,5301,3.107474176
30/06/2011,5302,3.107720879
30/06/2011,5303,3.107967582
30/06/2011,5304,3.108214286
30/06/2011,5305,3.108460989
30/06/2011,5306,3.108707692
30/06/2011,5307,3.108954396
30/06/2011,5308,3.109201099
30/06/2011,5309,3.109447802
30/06/2011,5310,3.109694505
30/06/2011,5311,3.109941209
30/06/2011,5312,3.110187912
30/06/2011,5313,3.110434615
30/06/2011,5314,3.110681319
30/06/2011,5315,3.110928022
30/06/2011,5316,3.111174725
30/06/2011,5317,3.111421429
30/06/2011,5318,3.111668132
30/06/2011,5319,3.111914835
30/06/2011,5320,3.112161538
30/06/2011,5321,3.112408242
30/06/2011,5322,3.112654945
30/06/2011,5323,3.112901648
30/06/2011,5324,3.113148352
30/06/2011,5325,3.113395055
30/06/2011,5326,3.113641758
30/06/2011,5327,3.113888462
30/06/2011,5328,3.114135165
30/06/2011,5329,3.114381868
30/06/2011,5330,3.114628571
30/06/2011,5331,3.114875275
30/06/2011,5332,3.115121978
30/06/2011,5333,3.115368681
30/06/2011,5334,3.115615385
30/06/2011,5335,3.115862088
30/06/2011,5336,3.116108791
30/06/2011,5337,3.116355495
30/06/2011,5338,3.116602198
30/06/2011,5339,3.116848901
30/06/2011,5340,3.117095604
30/06/2011,5341,3.117342308
30/06/2011,5342,3.117589011
30/06/2011,5343,3.117835714
30/06/2011,5344,3.118082418
30/06/2011,5345,3.118329121
30/06/2011,5346,3.118575824
30/06/2011,5347,3.118822527
30/06/2011,5348,3.119069231
30/06/2011,5349,3.119315934
30/06/2011,5350,3.119562637
30/06/2011,5351,3.119809341
30/06/2011,5352,3.120056044
30/06/2011,5353,3.120302747
30/06/2011,5354,3.120549451
30/06/2011,5355,3.120796154
30/06/2011,5356,3.121042857
30/06/2011,5357,3.12128956
30/06/2011,5358,3.121536264
30/06/2011,5359,3.121782967
30/06/2011,5360,3.12202967
30/06/2011,5361,3.122276374
30/06/2011,5362,3.122523077
30/06/2011,5363,3.12276978
30/06/2011,5364,3.123016484
30/06/2011,5365,3.123263187
30/06/2011,5366,3.12350989
30/06/2011,5367,3.123756593
30/06/2011,5368,3.124003297
30/06/2011,5369,3.12425
30/06/2011,5370,3.124496703
30/06/2011,5371,3.124743407
30/06/2011,5372,3.12499011
30/06/2011,5373,3.125236813
30/06/2011,5374,3.125483516
30/06/2011,5375,3.12573022
30/06/2011,5376,3.125976923
30/06/2011,5377,3.126223626
30/06/2011,5378,3.12647033
30/06/2011,5379,3.126717033
30/06/2011,5380,3.126963736
30/06/2011,5381,3.12721044
30/06/2011,5382,3.127457143
30/06/2011,5383,3.127703846
30/06/2011,5384,3.127950549
30/06/2011,5385,3.128197253
30/06/2011,5386,3.128443956
30/06/2011,5387,3.128690659
30/06/2011,5388,3.128937363
30/06/2011,5389,3.129184066
30/06/2011,5390,3.129430769
30/06/2011,5391,3.129677473
30/06/2011,5392,3.129924176
30/06/2011,5393,3.130170879
30/06/2011,5394,3.130417582
30/06/2011,5395,3.130664286
30/06/2011,5396,3.130910989
30/06/2011,5397,3.131157692
30/06/2011,5398,3.131404396
30/06/2011,5399,3.131651099
30/06/2011,5400,3.131897802
30/06/2011,5401,3.132144505
30/06/2011,5402,3.132391209
30/06/2011,5403,3.132637912
30/06/2011,5404,3.132884615
30/06/2011,5405,3.133131319
30/06/2011,5406,3.133378022
30/06/2011,5407,3.133624725
30/06/2011,5408,3.133871429
30/06/2011,5409,3.134118132
30/06/2011,5410,3.134364835
30/06/2011,5411,3.134611538
30/06/2011,5412,3.134858242
30/06/2011,5413,3.135104945
30/06/2011,5414,3.135351648
30/06/2011,5415,3.135598352
30/06/2011,5416,3.135845055
30/06/2011,5417,3.136091758
30/06/2011,5418,3.136338462
30/06/2011,5419,3.136585165
30/06/2011,5420,3.136831868
30/06/2011,5421,3.137078571
30/06/2011,5422,3.137325275
30/06/2011,5423,3.137571978
30/06/2011,5424,3.137818681
30/06/2011,5425,3.138065385
30/06/2011,5426,3.138312088
30/06/2011,5427,3.138558791
30/06/2011,5428,3.138805495
30/06/2011,5429,3.139052198
30/06/2011,5430,3.139298901
30/06/2011,5431,3.139545604
30/06/2011,5432,3.139792308
30/06/2011,5433,3.140039011
30/06/2011,5434,3.140285714
30/06/2011,5435,3.140532418
30/06/2011,5436,3.140779121
30/06/2011,5437,3.141025824
30/06/2011,5438,3.141272527
30/06/2011,5439,3.141519231
30/06/2011,5440,3.141765934
30/06/2011,5441,3.142012637
30/06/2011,5442,3.142259341
30/06/2011,5443,3.142506044
30/06/2011,5444,3.142752747
30/06/2011,5445,3.142999451
30/06/2011,5446,3.143246154
30/06/2011,5447,3.143492857
30/06/2011,5448,3.14373956
30/06/2011,5449,3.143986264
30/06/2011,5450,3.144232967
30/06/2011,5451,3.14447967
30/06/2011,5452,3.144726374
30/06/2011,5453,3.144973077
30/06/2011,5454,3.14521978
30/06/2011,5455,3.145466484
30/06/2011,5456,3.145713187
30/06/2011,5457,3.14595989
30/06/2011,5458,3.146206593
30/06/2011,5459,3.146453297
30/06/2011,5460,3.1467
30/06/2011,5461,3.146944505
30/06/2011,5462,3.147189011
30/06/2011,5463,3.147433516
30/06/2011,5464,3.147678022
30/06/2011,5465,3.147922527
30/06/2011,5466,3.148167033
30/06/2011,5467,3.148411538
30/06/2011,5468,3.148656044
30/06/2011,5469,3.148900549
30/06/2011,5470,3.149145055
30/06/2011,5471,3.14938956
30/06/2011,5472,3.149634066
30/06/2011,5473,3.149878571
30/06/2011,5474,3.150123077
30/06/2011,5475,3.150367582
30/06/2011,5476,3.150612088
30/06/2011,5477,3.150856593
30/06/2011,5478,3.151101099
30/06/2011,5479,3.151345604
30/06/2011,5480,3.15159011
30/06/2011,5481,3.151834615
30/06/2011,5482,3.152079121
30/06/2011,5483,3.152323626
30/06/2011,5484,3.152568132
30/06/2011,5485,3.152812637
30/06/2011,5486,3.153057143
30/06/2011,5487,3.153301648
30/06/2011,5488,3.153546154
30/06/2011,5489,3.153790659
30/06/2011,5490,3.154035165
30/06/2011,5491,3.15427967
30/06/2011,5492,3.154524176
30/06/2011,5493,3.154768681
30/06/2011,5494,3.155013187
30/06/2011,5495,3.155257692
30/06/2011,5496,3.155502198
30/06/2011,5497,3.155746703
30/06/2011,5498,3.155991209
30/06/2011,5499,3.156235714
30/06/2011,5500,3.15648022
30/06/2011,5501,3.156724725
30/06/2011,5502,3.156969231
30/06/2011,5503,3.157213736
30/06/2011,5504,3.157458242
30/06/2011,5505,3.157702747
30/06/2011,5506,3.157947253
30/06/2011,5507,3.158191758
30/06/2011,5508,3.158436264
30/06/2011,5509,3.158680769
30/06/2011,5510,3.158925275
30/06/2011,5511,3.15916978
30/06/2011,5512,3.159414286
30/06/2011,5513,3.159658791
30/06/2011,5514,3.159903297
30/06/2011,5515,3.160147802
30/06/2011,5516,3.160392308
30/06/2011,5517,3.160636813
30/06/2011,5518,3.160881319
30/06/2011,5519,3.161125824
30/06/2011,5520,3.16137033
30/06/2011,5521,3.161614835
30/06/2011,5522,3.161859341
30/06/2011,5523,3.162103846
30/06/2011,5524,3.162348352
30/06/2011,5525,3.162592857
30/06/2011,5526,3.162837363
30/06/2011,5527,3.163081868
30/06/2011,5528,3.163326374
30/06/2011,5529,3.163570879
30/06/2011,5530,3.163815385
30/06/2011,5531,3.16405989
30/06/2011,5532,3.164304396
30/06/2011,5533,3.164548901
30/06/2011,5534,3.164793407
30/06/2011,5535,3.165037912
30/06/2011,5536,3.165282418
30/06/2011,5537,3.165526923
30/06/2011,5538,3.165771429
30/06/2011,5539,3.166015934
30/06/2011,5540,3.16626044
30/06/2011,5541,3.166504945
30/06/2011,5542,3.166749451
30/06/2011,5543,3.166993956
30/06/2011,5544,3.167238462
30/06/2011,5545,3.167482967
30/06/2011,5546,3.167727473
30/06/2011,5547,3.167971978
30/06/2011,5548,3.168216484
30/06/2011,5549,3.168460989
30/06/2011,5550,3.168705495
30/06/2011,5551,3.16895
30/06/2011,5552,3.169194505
30/06/2011,5553,3.169439011
30/06/2011,5554,3.169683516
30/06/2011,5555,3.169928022
30/06/2011,5556,3.170172527
30/06/2011,5557,3.170417033
30/06/2011,5558,3.170661538
30/06/2011,5559,3.170906044
30/06/2011,5560,3.171150549
30/06/2011,5561,3.171395055
30/06/2011,5562,3.17163956
30/06/2011,5563,3.171884066
30/06/2011,5564,3.172128571
30/06/2011,5565,3.172373077
30/06/2011,5566,3.172617582
30/06/2011,5567,3.172862088
30/06/2011,5568,3.173106593
30/06/2011,5569,3.173351099
30/06/2011,5570,3.173595604
30/06/2011,5571,3.17384011
30/06/2011,5572,3.174084615
30/06/2011,5573,3.174329121
30/06/2011,5574,3.174573626
30/06/2011,5575,3.174818132
30/06/2011,5576,3.175062637
30/06/2011,5577,3.175307143
30/06/2011,5578,3.175551648
30/06/2011,5579,3.175796154
30/06/2011,5580,3.176040659
30/06/2011,5581,3.176285165
30/06/2011,5582,3.17652967
30/06/2011,5583,3.176774176
30/06/2011,5584,3.177018681
30/06/2011,5585,3.177263187
30/06/2011,5586,3.177507692
30/06/2011,5587,3.177752198
30/06/2011,5588,3.177996703
30/06/2011,5589,3.178241209
30/06/2011,5590,3.178485714
30/06/2011,5591,3.17873022
30/06/2011,5592,3.178974725
30/06/2011,5593,3.179219231
30/06/2011,5594,3.179463736
30/06/2011,5595,3.179708242
30/06/2011,5596,3.179952747
30/06/2011,5597,3.180197253
30/06/2011,5598,3.180441758
30/06/2011,5599,3.180686264
30/06/2011,5600,3.180930769
30/06/2011,5601,3.181175275
30/06/2011,5602,3.18141978
30/06/2011,5603,3.181664286
30/06/2011,5604,3.181908791
30/06/2011,5605,3.182153297
30/06/2011,5606,3.182397802
30/06/2011,5607,3.182642308
30/06/2011,5608,3.182886813
30/06/2011,5609,3.183131319
30/06/2011,5610,3.183375824
30/06/2011,5611,3.18362033
30/06/2011,5612,3.183864835
30/06/2011,5613,3.184109341
30/06/2011,5614,3.184353846
30/06/2011,5615,3.184598352
30/06/2011,5616,3.184842857
30/06/2011,5617,3.185087363
30/06/2011,5618,3.185331868
30/06/2011,5619,3.185576374
30/06/2011,5620,3.185820879
30/06/2011,5621,3.186065385
30/06/2011,5622,3.18630989
30/06/2011,5623,3.186554396
30/06/2011,5624,3.186798901
30/06/2011,5625,3.187043407
30/06/2011,5626,3.187287912
30/06/2011,5627,3.187532418
30/06/2011,5628,3.187776923
30/06/2011,5629,3.188021429
30/06/2011,5630,3.188265934
30/06/2011,5631,3.18851044
30/06/2011,5632,3.188754945
30/06/2011,5633,3.188999451
30/06/2011,5634,3.189243956
30/06/2011,5635,3.189488462
30/06/2011,5636,3.189732967
30/06/2011,5637,3.189977473
30/06/2011,5638,3.190221978
30/06/2011,5639,3.190466484
30/06/2011,5640,3.190710989
30/06/2011,5641,3.190955495
30/06/2011,5642,3.1912
30/06/2011,5643,3.191441209
30/06/2011,5644,3.191682418
30/06/2011,5645,3.191923626
30/06/2011,5646,3.192164835
30/06/2011,5647,3.192406044
30/06/2011,5648,3.192647253
30/06/2011,5649,3.192888462
30/06/2011,5650,3.19312967
30/06/2011,5651,3.193370879
30/06/2011,5652,3.193612088
30/06/2011,5653,3.193853297
30/06/2011,5654,3.194094505
30/06/2011,5655,3.194335714
30/06/2011,5656,3.194576923
30/06/2011,5657,3.194818132
30/06/2011,5658,3.195059341
30/06/2011,5659,3.195300549
30/06/2011,5660,3.195541758
30/06/2011,5661,3.195782967
30/06/2011,5662,3.196024176
30/06/2011,5663,3.196265385
30/06/2011,5664,3.196506593
30/06/2011,5665,3.196747802
30/06/2011,5666,3.196989011
30/06/2011,5667,3.19723022
30/06/2011,5668,3.197471429
30/06/2011,5669,3.197712637
30/06/2011,5670,3.197953846
30/06/2011,5671,3.198195055
30/06/2011,5672,3.198436264
30/06/2011,5673,3.198677473
30/06/2011,5674,3.198918681
30/06/2011,5675,3.19915989
30/06/2011,5676,3.199401099
30/06/2011,5677,3.199642308
30/06/2011,5678,3.199883516
30/06/2011,5679,3.200124725
30/06/2011,5680,3.200365934
30/06/2011,5681,3.200607143
30/06/2011,5682,3.200848352
30/06/2011,5683,3.20108956
30/06/2011,5684,3.201330769
30/06/2011,5685,3.201571978
30/06/2011,5686,3.201813187
30/06/2011,5687,3.202054396
30/06/2011,5688,3.202295604
30/06/2011,5689,3.202536813
30/06/2011,5690,3.202778022
30/06/2011,5691,3.203019231
30/06/2011,5692,3.20326044
30/06/2011,5693,3.203501648
30/06/2011,5694,3.203742857
30/06/2011,5695,3.203984066
30/06/2011,5696,3.204225275
30/06/2011,5697,3.204466484
30/06/2011,5698,3.204707692
30/06/2011,5699,3.204948901
30/06/2011,5700,3.20519011
30/06/2011,5701,3.205431319
30/06/2011,5702,3.205672527
30/06/2011,5703,3.205913736
30/06/2011,5704,3.206154945
30/06/2011,5705,3.206396154
30/06/2011,5706,3.206637363
30/06/2011,5707,3.206878571
30/06/2011,5708,3.20711978
30/06/2011,5709,3.207360989
30/06/2011,5710,3.207602198
30/06/2011,5711,3.207843407
30/06/2011,5712,3.208084615
30/06/2011,5713,3.208325824
30/06/2011,5714,3.208567033
30/06/2011,5715,3.208808242
30/06/2011,5716,3.209049451
30/06/2011,5717,3.209290659
30/06/2011,5718,3.209531868
30/06/2011,5719,3.209773077
30/06/2011,5720,3.210014286
30/06/2011,5721,3.210255495
30/06/2011,5722,3.210496703
30/06/2011,5723,3.210737912
30/06/2011,5724,3.210979121
30/06/2011,5725,3.21122033
30/06/2011,5726,3.211461538
30/06/2011,5727,3.211702747
30/06/2011,5728,3.211943956
30/06/2011,5729,3.212185165
30/06/2011,5730,3.212426374
30/06/2011,5731,3.212667582
30/06/2011,5732,3.212908791
30/06/2011,5733,3.21315
30/06/2011,5734,3.213391209
30/06/2011,5735,3.213632418
30/06/2011,5736,3.213873626
30/06/2011,5737,3.214114835
30/06/2011,5738,3.214356044
30/06/2011,5739,3.214597253
30/06/2011,5740,3.214838462
30/06/2011,5741,3.21507967
30/06/2011,5742,3.215320879
30/06/2011,5743,3.215562088
30/06/2011,5744,3.215803297
30/06/2011,5745,3.216044505
30/06/2011,5746,3.216285714
30/06/2011,5747,3.216526923
30/06/2011,5748,3.216768132
30/06/2011,5749,3.217009341
30/06/2011,5750,3.217250549
30/06/2011,5751,3.217491758
30/06/2011,5752,3.217732967
30/06/2011,5753,3.217974176
30/06/2011,5754,3.218215385
30/06/2011,5755,3.218456593
30/06/2011,5756,3.218697802
30/06/2011,5757,3.218939011
30/06/2011,5758,3.21918022
30/06/2011,5759,3.219421429
30/06/2011,5760,3.219662637
30/06/2011,5761,3.219903846
30/06/2011,5762,3.220145055
30/06/2011,5763,3.220386264
30/06/2011,5764,3.220627473
30/06/2011,5765,3.220868681
30/06/2011,5766,3.22110989
30/06/2011,5767,3.221351099
30/06/2011,5768,3.221592308
30/06/2011,5769,3.221833516
30/06/2011,5770,3.222074725
30/06/2011,5771,3.222315934
30/06/2011,5772,3.222557143
30/06/2011,5773,3.222798352
30/06/2011,5774,3.22303956
30/06/2011,5775,3.223280769
30/06/2011,5776,3.223521978
30/06/2011,5777,3.223763187
30/06/2011,5778,3.224004396
30/06/2011,5779,3.224245604
30/06/2011,5780,3.224486813
30/06/2011,5781,3.224728022
30/06/2011,5782,3.224969231
30/06/2011,5783,3.22521044
30/06/2011,5784,3.225451648
30/06/2011,5785,3.225692857
30/06/2011,5786,3.225934066
30/06/2011,5787,3.226175275
30/06/2011,5788,3.226416484
30/06/2011,5789,3.226657692
30/06/2011,5790,3.226898901
30/06/2011,5791,3.22714011
30/06/2011,5792,3.227381319
30/06/2011,5793,3.227622527
30/06/2011,5794,3.227863736
30/06/2011,5795,3.228104945
30/06/2011,5796,3.228346154
30/06/2011,5797,3.228587363
30/06/2011,5798,3.228828571
30/06/2011,5799,3.22906978
30/06/2011,5800,3.229310989
30/06/2011,5801,3.229552198
30/06/2011,5802,3.229793407
30/06/2011,5803,3.230034615
30/06/2011,5804,3.230275824
30/06/2011,5805,3.230517033
30/06/2011,5806,3.230758242
30/06/2011,5807,3.230999451
30/06/2011,5808,3.231240659
30/06/2011,5809,3.231481868
30/06/2011,5810,3.231723077
30/06/2011,5811,3.231964286
30/06/2011,5812,3.232205495
30/06/2011,5813,3.232446703
30/06/2011,5814,3.232687912
30/06/2011,5815,3.232929121
30/06/2011,5816,3.23317033
30/06/2011,5817,3.233411538
30/06/2011,5818,3.233652747
30/06/2011,5819,3.233893956
30/06/2011,5820,3.234135165
30/06/2011,5821,3.234376374
30/06/2011,5822,3.234617582
30/06/2011,5823,3.234858791
30/06/2011,5824,3.2351
30/06/2011,5825,3.235338462
30/06/2011,5826,3.235576923
30/06/2011,5827,3.235815385
30/06/2011,5828,3.236053846
30/06/2011,5829,3.236292308
30/06/2011,5830,3.236530769
30/06/2011,5831,3.236769231
30/06/2011,5832,3.237007692
30/06/2011,5833,3.237246154
30/06/2011,5834,3.237484615
30/06/2011,5835,3.237723077
30/06/2011,5836,3.237961538
30/06/2011,5837,3.2382
30/06/2011,5838,3.238438462
30/06/2011,5839,3.238676923
30/06/2011,5840,3.238915385
30/06/2011,5841,3.239153846
30/06/2011,5842,3.239392308
30/06/2011,5843,3.239630769
30/06/2011,5844,3.239869231
30/06/2011,5845,3.240107692
30/06/2011,5846,3.240346154
30/06/2011,5847,3.240584615
30/06/2011,5848,3.240823077
30/06/2011,5849,3.241061538
30/06/2011,5850,3.2413
30/06/2011,5851,3.241538462
30/06/2011,5852,3.241776923
30/06/2011,5853,3.242015385
30/06/2011,5854,3.242253846
30/06/2011,5855,3.242492308
30/06/2011,5856,3.242730769
30/06/2011,5857,3.242969231
30/06/2011,5858,3.243207692
30/06/2011,5859,3.243446154
30/06/2011,5860,3.243684615
30/06/2011,5861,3.243923077
30/06/2011,5862,3.244161538
30/06/2011,5863,3.2444
30/06/2011,5864,3.244638462
30/06/2011,5865,3.244876923
30/06/2011,5866,3.245115385
30/06/2011,5867,3.245353846
30/06/2011,5868,3.245592308
30/06/2011,5869,3.245830769
30/06/2011,5870,3.246069231
30/06/2011,5871,3.246307692
30/06/2011,5872,3.246546154
30/06/2011,5873,3.246784615
30/06/2011,5874,3.247023077
30/06/2011,5875,3.247261538
30/06/2011,5876,3.2475
30/06/2011,5877,3.247738462
30/06/2011,5878,3.247976923
30/06/2011,5879,3.248215385
30/06/2011,5880,3.248453846
30/06/2011,5881,3.248692308
30/06/2011,5882,3.248930769
30/06/2011,5883,3.249169231
30/06/2011,5884,3.249407692
30/06/2011,5885,3.249646154
30/06/2011,5886,3.249884615
30/06/2011,5887,3.250123077
30/06/2011,5888,3.250361538
30/06/2011,5889,3.2506
30/06/2011,5890,3.250838462
30/06/2011,5891,3.251076923
30/06/2011,5892,3.251315385
30/06/2011,5893,3.251553846
30/06/2011,5894,3.251792308
30/06/2011,5895,3.252030769
30/06/2011,5896,3.252269231
30/06/2011,5897,3.252507692
30/06/2011,5898,3.252746154
30/06/2011,5899,3.252984615
30/06/2011,5900,3.253223077
30/06/2011,5901,3.253461538
30/06/2011,5902,3.2537
30/06/2011,5903,3.253938462
30/06/2011,5904,3.254176923
30/06/2011,5905,3.254415385
30/06/2011,5906,3.254653846
30/06/2011,5907,3.254892308
30/06/2011,5908,3.255130769
30/06/2011,5909,3.255369231
30/06/2011,5910,3.255607692
30/06/2011,5911,3.255846154
30/06/2011,5912,3.256084615
30/06/2011,5913,3.256323077
30/06/2011,5914,3.256561538
30/06/2011,5915,3.2568
30/06/2011,5916,3.257038462
30/06/2011,5917,3.257276923
30/06/2011,5918,3.257515385
30/06/2011,5919,3.257753846
30/06/2011,5920,3.257992308
30/06/2011,5921,3.258230769
30/06/2011,5922,3.258469231
30/06/2011,5923,3.258707692
30/06/2011,5924,3.258946154
30/06/2011,5925,3.259184615
30/06/2011,5926,3.259423077
30/06/2011,5927,3.259661538
30/06/2011,5928,3.2599
30/06/2011,5929,3.260138462
30/06/2011,5930,3.260376923
30/06/2011,5931,3.260615385
30/06/2011,5932,3.260853846
30/06/2011,5933,3.261092308
30/06/2011,5934,3.261330769
30/06/2011,5935,3.261569231
30/06/2011,5936,3.261807692
30/06/2011,5937,3.262046154
30/06/2011,5938,3.262284615
30/06/2011,5939,3.262523077
30/06/2011,5940,3.262761538
30/06/2011,5941,3.263
30/06/2011,5942,3.263238462
30/06/2011,5943,3.263476923
30/06/2011,5944,3.263715385
30/06/2011,5945,3.263953846
30/06/2011,5946,3.264192308
30/06/2011,5947,3.264430769
30/06/2011,5948,3.264669231
30/06/2011,5949,3.264907692
30/06/2011,5950,3.265146154
30/06/2011,5951,3.265384615
30/06/2011,5952,3.265623077
30/06/2011,5953,3.265861538
30/06/2011,5954,3.2661
30/06/2011,5955,3.266338462
30/06/2011,5956,3.266576923
30/06/2011,5957,3.266815385
30/06/2011,5958,3.267053846
30/06/2011,5959,3.267292308
30/06/2011,5960,3.267530769
30/06/2011,5961,3.267769231
30/06/2011,5962,3.268007692
30/06/2011,5963,3.268246154
30/06/2011,5964,3.268484615
30/06/2011,5965,3.268723077
30/06/2011,5966,3.268961538
30/06/2011,5967,3.2692
30/06/2011,5968,3.269438462
30/06/2011,5969,3.269676923
30/06/2011,5970,3.269915385
30/06/2011,5971,3.270153846
30/06/2011,5972,3.270392308
30/06/2011,5973,3.270630769
30/06/2011,5974,3.270869231
30/06/2011,5975,3.271107692
30/06/2011,5976,3.271346154
30/06/2011,5977,3.271584615
30/06/2011,5978,3.271823077
30/06/2011,5979,3.272061538
30/06/2011,5980,3.2723
30/06/2011,5981,3.272538462
30/06/2011,5982,3.272776923
30/06/2011,5983,3.273015385
30/06/2011,5984,3.273253846
30/06/2011,5985,3.273492308
30/06/2011,5986,3.273730769
30/06/2011,5987,3.273969231
30/06/2011,5988,3.274207692
30/06/2011,5989,3.274446154
30/06/2011,5990,3.274684615
30/06/2011,5991,3.274923077
30/06/2011,5992,3.275161538
30/06/2011,5993,3.2754
30/06/2011,5994,3.275638462
30/06/2011,5995,3.275876923
30/06/2011,5996,3.276115385
30/06/2011,5997,3.276353846
30/06/2011,5998,3.276592308
30/06/2011,5999,3.276830769
30/06/2011,6000,3.277069231
30/06/2011,6001,3.277307692
30/06/2011,6002,3.277546154
30/06/2011,6003,3.277784615
30/06/2011,6004,3.278023077
30/06/2011,6005,3.278261538
30/06/2011,6006,3.2785
30/06/2011,6007,3.278735714
30/06/2011,6008,3.278971429
30/06/2011,6009,3.279207143
30/06/2011,6010,3.279442857
30/06/2011,6011,3.279678571
30/06/2011,6012,3.279914286
30/06/2011,6013,3.28015
30/06/2011,6014,3.280385714
30/06/2011,6015,3.280621429
30/06/2011,6016,3.280857143
30/06/2011,6017,3.281092857
30/06/2011,6018,3.281328571
30/06/2011,6019,3.281564286
30/06/2011,6020,3.2818
30/06/2011,6021,3.282035714
30/06/2011,6022,3.282271429
30/06/2011,6023,3.282507143
30/06/2011,6024,3.282742857
30/06/2011,6025,3.282978571
30/06/2011,6026,3.283214286
30/06/2011,6027,3.28345
30/06/2011,6028,3.283685714
30/06/2011,6029,3.283921429
30/06/2011,6030,3.284157143
30/06/2011,6031,3.284392857
30/06/2011,6032,3.284628571
30/06/2011,6033,3.284864286
30/06/2011,6034,3.2851
30/06/2011,6035,3.285335714
30/06/2011,6036,3.285571429
30/06/2011,6037,3.285807143
30/06/2011,6038,3.286042857
30/06/2011,6039,3.286278571
30/06/2011,6040,3.286514286
30/06/2011,6041,3.28675
30/06/2011,6042,3.286985714
30/06/2011,6043,3.287221429
30/06/2011,6044,3.287457143
30/06/2011,6045,3.287692857
30/06/2011,6046,3.287928571
30/06/2011,6047,3.288164286
30/06/2011,6048,3.2884
30/06/2011,6049,3.288635714
30/06/2011,6050,3.288871429
30/06/2011,6051,3.289107143
30/06/2011,6052,3.289342857
30/06/2011,6053,3.289578571
30/06/2011,6054,3.289814286
30/06/2011,6055,3.29005
30/06/2011,6056,3.290285714
30/06/2011,6057,3.290521429
30/06/2011,6058,3.290757143
30/06/2011,6059,3.290992857
30/06/2011,6060,3.291228571
30/06/2011,6061,3.291464286
30/06/2011,6062,3.2917
30/06/2011,6063,3.291935714
30/06/2011,6064,3.292171429
30/06/2011,6065,3.292407143
30/06/2011,6066,3.292642857
30/06/2011,6067,3.292878571
30/06/2011,6068,3.293114286
30/06/2011,6069,3.29335
30/06/2011,6070,3.293585714
30/06/2011,6071,3.293821429
30/06/2011,6072,3.294057143
30/06/2011,6073,3.294292857
30/06/2011,6074,3.294528571
30/06/2011,6075,3.294764286
30/06/2011,6076,3.295
30/06/2011,6077,3.295235714
30/06/2011,6078,3.295471429
30/06/2011,6079,3.295707143
30/06/2011,6080,3.295942857
30/06/2011,6081,3.296178571
30/06/2011,6082,3.296414286
30/06/2011,6083,3.29665
30/06/2011,6084,3.296885714
30/06/2011,6085,3.297121429
30/06/2011,6086,3.297357143
30/06/2011,6087,3.297592857
30/06/2011,6088,3.297828571
30/06/2011,6089,3.298064286
30/06/2011,6090,3.2983
30/06/2011,6091,3.298535714
30/06/2011,6092,3.298771429
30/06/2011,6093,3.299007143
30/06/2011,6094,3.299242857
30/06/2011,6095,3.299478571
30/06/2011,6096,3.299714286
30/06/2011,6097,3.29995
30/06/2011,6098,3.300185714
30/06/2011,6099,3.300421429
30/06/2011,6100,3.300657143
30/06/2011,6101,3.300892857
30/06/2011,6102,3.301128571
30/06/2011,6103,3.301364286
30/06/2011,6104,3.3016
30/06/2011,6105,3.301835714
30/06/2011,6106,3.302071429
30/06/2011,6107,3.302307143
30/06/2011,6108,3.302542857
30/06/2011,6109,3.302778571
30/06/2011,6110,3.303014286
30/06/2011,6111,3.30325
30/06/2011,6112,3.303485714
30/06/2011,6113,3.303721429
30/06/2011,6114,3.303957143
30/06/2011,6115,3.304192857
30/06/2011,6116,3.304428571
30/06/2011,6117,3.304664286
30/06/2011,6118,3.3049
30/06/2011,6119,3.305135714
30/06/2011,6120,3.305371429
30/06/2011,6121,3.305607143
30/06/2011,6122,3.305842857
30/06/2011,6123,3.306078571
30/06/2011,6124,3.306314286
30/06/2011,6125,3.30655
30/06/2011,6126,3.306785714
30/06/2011,6127,3.307021429
30/06/2011,6128,3.307257143
30/06/2011,6129,3.307492857
30/06/2011,6130,3.307728571
30/06/2011,6131,3.307964286
30/06/2011,6132,3.3082
30/06/2011,6133,3.308435714
30/06/2011,6134,3.308671429
30/06/2011,6135,3.308907143
30/06/2011,6136,3.309142857
30/06/2011,6137,3.309378571
30/06/2011,6138,3.309614286
30/06/2011,6139,3.30985
30/06/2011,6140,3.310085714
30/06/2011,6141,3.310321429
30/06/2011,6142,3.310557143
30/06/2011,6143,3.310792857
30/06/2011,6144,3.311028571
30/06/2011,6145,3.311264286
30/06/2011,6146,3.3115
30/06/2011,6147,3.311735714
30/06/2011,6148,3.311971429
30/06/2011,6149,3.312207143
30/06/2011,6150,3.312442857
30/06/2011,6151,3.312678571
30/06/2011,6152,3.312914286
30/06/2011,6153,3.31315
30/06/2011,6154,3.313385714
30/06/2011,6155,3.313621429
30/06/2011,6156,3.313857143
30/06/2011,6157,3.314092857
30/06/2011,6158,3.314328571
30/06/2011,6159,3.314564286
30/06/2011,6160,3.3148
30/06/2011,6161,3.315035714
30/06/2011,6162,3.315271429
30/06/2011,6163,3.315507143
30/06/2011,6164,3.315742857
30/06/2011,6165,3.315978571
30/06/2011,6166,3.316214286
30/06/2011,6167,3.31645
30/06/2011,6168,3.316685714
30/06/2011,6169,3.316921429
30/06/2011,6170,3.317157143
30/06/2011,6171,3.317392857
30/06/2011,6172,3.317628571
30/06/2011,6173,3.317864286
30/06/2011,6174,3.3181
30/06/2011,6175,3.318335714
30/06/2011,6176,3.318571429
30/06/2011,6177,3.318807143
30/06/2011,6178,3.319042857
30/06/2011,6179,3.319278571
30/06/2011,6180,3.319514286
30/06/2011,6181,3.31975
30/06/2011,6182,3.319985714
30/06/2011,6183,3.320221429
30/06/2011,6184,3.320457143
30/06/2011,6185,3.320692857
30/06/2011,6186,3.320928571
30/06/2011,6187,3.321164286
30/06/2011,6188,3.3214
30/06/2011,6189,3.321632418
30/06/2011,6190,3.321864835
30/06/2011,6191,3.322097253
30/06/2011,6192,3.32232967
30/06/2011,6193,3.322562088
30/06/2011,6194,3.322794505
30/06/2011,6195,3.323026923
30/06/2011,6196,3.323259341
30/06/2011,6197,3.323491758
30/06/2011,6198,3.323724176
30/06/2011,6199,3.323956593
30/06/2011,6200,3.324189011
30/06/2011,6201,3.324421429
30/06/2011,6202,3.324653846
30/06/2011,6203,3.324886264
30/06/2011,6204,3.325118681
30/06/2011,6205,3.325351099
30/06/2011,6206,3.325583516
30/06/2011,6207,3.325815934
30/06/2011,6208,3.326048352
30/06/2011,6209,3.326280769
30/06/2011,6210,3.326513187
30/06/2011,6211,3.326745604
30/06/2011,6212,3.326978022
30/06/2011,6213,3.32721044
30/06/2011,6214,3.327442857
30/06/2011,6215,3.327675275
30/06/2011,6216,3.327907692
30/06/2011,6217,3.32814011
30/06/2011,6218,3.328372527
30/06/2011,6219,3.328604945
30/06/2011,6220,3.328837363
30/06/2011,6221,3.32906978
30/06/2011,6222,3.329302198
30/06/2011,6223,3.329534615
30/06/2011,6224,3.329767033
30/06/2011,6225,3.329999451
30/06/2011,6226,3.330231868
30/06/2011,6227,3.330464286
30/06/2011,6228,3.330696703
30/06/2011,6229,3.330929121
30/06/2011,6230,3.331161538
30/06/2011,6231,3.331393956
30/06/2011,6232,3.331626374
30/06/2011,6233,3.331858791
30/06/2011,6234,3.332091209
30/06/2011,6235,3.332323626
30/06/2011,6236,3.332556044
30/06/2011,6237,3.332788462
30/06/2011,6238,3.333020879
30/06/2011,6239,3.333253297
30/06/2011,6240,3.333485714
30/06/2011,6241,3.333718132
30/06/2011,6242,3.333950549
30/06/2011,6243,3.334182967
30/06/2011,6244,3.334415385
30/06/2011,6245,3.334647802
30/06/2011,6246,3.33488022
30/06/2011,6247,3.335112637
30/06/2011,6248,3.335345055
30/06/2011,6249,3.335577473
30/06/2011,6250,3.33580989
30/06/2011,6251,3.336042308
30/06/2011,6252,3.336274725
30/06/2011,6253,3.336507143
30/06/2011,6254,3.33673956
30/06/2011,6255,3.336971978
30/06/2011,6256,3.337204396
30/06/2011,6257,3.337436813
30/06/2011,6258,3.337669231
30/06/2011,6259,3.337901648
30/06/2011,6260,3.338134066
30/06/2011,6261,3.338366484
30/06/2011,6262,3.338598901
30/06/2011,6263,3.338831319
30/06/2011,6264,3.339063736
30/06/2011,6265,3.339296154
30/06/2011,6266,3.339528571
30/06/2011,6267,3.339760989
30/06/2011,6268,3.339993407
30/06/2011,6269,3.340225824
30/06/2011,6270,3.340458242
30/06/2011,6271,3.340690659
30/06/2011,6272,3.340923077
30/06/2011,6273,3.341155495
30/06/2011,6274,3.341387912
30/06/2011,6275,3.34162033
30/06/2011,6276,3.341852747
30/06/2011,6277,3.342085165
30/06/2011,6278,3.342317582
30/06/2011,6279,3.34255
30/06/2011,6280,3.342782418
30/06/2011,6281,3.343014835
30/06/2011,6282,3.343247253
30/06/2011,6283,3.34347967
30/06/2011,6284,3.343712088
30/06/2011,6285,3.343944505
30/06/2011,6286,3.344176923
30/06/2011,6287,3.344409341
30/06/2011,6288,3.344641758
30/06/2011,6289,3.344874176
30/06/2011,6290,3.345106593
30/06/2011,6291,3.345339011
30/06/2011,6292,3.345571429
30/06/2011,6293,3.345803846
30/06/2011,6294,3.346036264
30/06/2011,6295,3.346268681
30/06/2011,6296,3.346501099
30/06/2011,6297,3.346733516
30/06/2011,6298,3.346965934
30/06/2011,6299,3.347198352
30/06/2011,6300,3.347430769
30/06/2011,6301,3.347663187
30/06/2011,6302,3.347895604
30/06/2011,6303,3.348128022
30/06/2011,6304,3.34836044
30/06/2011,6305,3.348592857
30/06/2011,6306,3.348825275
30/06/2011,6307,3.349057692
30/06/2011,6308,3.34929011
30/06/2011,6309,3.349522527
30/06/2011,6310,3.349754945
30/06/2011,6311,3.349987363
30/06/2011,6312,3.35021978
30/06/2011,6313,3.350452198
30/06/2011,6314,3.350684615
30/06/2011,6315,3.350917033
30/06/2011,6316,3.351149451
30/06/2011,6317,3.351381868
30/06/2011,6318,3.351614286
30/06/2011,6319,3.351846703
30/06/2011,6320,3.352079121
30/06/2011,6321,3.352311538
30/06/2011,6322,3.352543956
30/06/2011,6323,3.352776374
30/06/2011,6324,3.353008791
30/06/2011,6325,3.353241209
30/06/2011,6326,3.353473626
30/06/2011,6327,3.353706044
30/06/2011,6328,3.353938462
30/06/2011,6329,3.354170879
30/06/2011,6330,3.354403297
30/06/2011,6331,3.354635714
30/06/2011,6332,3.354868132
30/06/2011,6333,3.355100549
30/06/2011,6334,3.355332967
30/06/2011,6335,3.355565385
30/06/2011,6336,3.355797802
30/06/2011,6337,3.35603022
30/06/2011,6338,3.356262637
30/06/2011,6339,3.356495055
30/06/2011,6340,3.356727473
30/06/2011,6341,3.35695989
30/06/2011,6342,3.357192308
30/06/2011,6343,3.357424725
30/06/2011,6344,3.357657143
30/06/2011,6345,3.35788956
30/06/2011,6346,3.358121978
30/06/2011,6347,3.358354396
30/06/2011,6348,3.358586813
30/06/2011,6349,3.358819231
30/06/2011,6350,3.359051648
30/06/2011,6351,3.359284066
30/06/2011,6352,3.359516484
30/06/2011,6353,3.359748901
30/06/2011,6354,3.359981319
30/06/2011,6355,3.360213736
30/06/2011,6356,3.360446154
30/06/2011,6357,3.360678571
30/06/2011,6358,3.360910989
30/06/2011,6359,3.361143407
30/06/2011,6360,3.361375824
30/06/2011,6361,3.361608242
30/06/2011,6362,3.361840659
30/06/2011,6363,3.362073077
30/06/2011,6364,3.362305495
30/06/2011,6365,3.362537912
30/06/2011,6366,3.36277033
30/06/2011,6367,3.363002747
30/06/2011,6368,3.363235165
30/06/2011,6369,3.363467582
30/06/2011,6370,3.3637
30/06/2011,6371,3.36392967
30/06/2011,6372,3.364159341
30/06/2011,6373,3.364389011
30/06/2011,6374,3.364618681
30/06/2011,6375,3.364848352
30/06/2011,6376,3.365078022
30/06/2011,6377,3.365307692
30/06/2011,6378,3.365537363
30/06/2011,6379,3.365767033
30/06/2011,6380,3.365996703
30/06/2011,6381,3.366226374
30/06/2011,6382,3.366456044
30/06/2011,6383,3.366685714
30/06/2011,6384,3.366915385
30/06/2011,6385,3.367145055
30/06/2011,6386,3.367374725
30/06/2011,6387,3.367604396
30/06/2011,6388,3.367834066
30/06/2011,6389,3.368063736
30/06/2011,6390,3.368293407
30/06/2011,6391,3.368523077
30/06/2011,6392,3.368752747
30/06/2011,6393,3.368982418
30/06/2011,6394,3.369212088
30/06/2011,6395,3.369441758
30/06/2011,6396,3.369671429
30/06/2011,6397,3.369901099
30/06/2011,6398,3.370130769
30/06/2011,6399,3.37036044
30/06/2011,6400,3.37059011
30/06/2011,6401,3.37081978
30/06/2011,6402,3.371049451
30/06/2011,6403,3.371279121
30/06/2011,6404,3.371508791
30/06/2011,6405,3.371738462
30/06/2011,6406,3.371968132
30/06/2011,6407,3.372197802
30/06/2011,6408,3.372427473
30/06/2011,6409,3.372657143
30/06/2011,6410,3.372886813
30/06/2011,6411,3.373116484
30/06/2011,6412,3.373346154
30/06/2011,6413,3.373575824
30/06/2011,6414,3.373805495
30/06/2011,6415,3.374035165
30/06/2011,6416,3.374264835
30/06/2011,6417,3.374494505
30/06/2011,6418,3.374724176
30/06/2011,6419,3.374953846
30/06/2011,6420,3.375183516
30/06/2011,6421,3.375413187
30/06/2011,6422,3.375642857
30/06/2011,6423,3.375872527
30/06/2011,6424,3.376102198
30/06/2011,6425,3.376331868
30/06/2011,6426,3.376561538
30/06/2011,6427,3.376791209
30/06/2011,6428,3.377020879
30/06/2011,6429,3.377250549
30/06/2011,6430,3.37748022
30/06/2011,6431,3.37770989
30/06/2011,6432,3.37793956
30/06/2011,6433,3.378169231
30/06/2011,6434,3.378398901
30/06/2011,6435,3.378628571
30/06/2011,6436,3.378858242
30/06/2011,6437,3.379087912
30/06/2011,6438,3.379317582
30/06/2011,6439,3.379547253
30/06/2011,6440,3.379776923
30/06/2011,6441,3.380006593
30/06/2011,6442,3.380236264
30/06/2011,6443,3.380465934
30/06/2011,6444,3.380695604
30/06/2011,6445,3.380925275
30/06/2011,6446,3.381154945
30/06/2011,6447,3.381384615
30/06/2011,6448,3.381614286
30/06/2011,6449,3.381843956
30/06/2011,6450,3.382073626
30/06/2011,6451,3.382303297
30/06/2011,6452,3.382532967
30/06/2011,6453,3.382762637
30/06/2011,6454,3.382992308
30/06/2011,6455,3.383221978
30/06/2011,6456,3.383451648
30/06/2011,6457,3.383681319
30/06/2011,6458,3.383910989
30/06/2011,6459,3.384140659
30/06/2011,6460,3.38437033
30/06/2011,6461,3.3846
30/06/2011,6462,3.38482967
30/06/2011,6463,3.385059341
30/06/2011,6464,3.385289011
30/06/2011,6465,3.385518681
30/06/2011,6466,3.385748352
30/06/2011,6467,3.385978022
30/06/2011,6468,3.386207692
30/06/2011,6469,3.386437363
30/06/2011,6470,3.386667033
30/06/2011,6471,3.386896703
30/06/2011,6472,3.387126374
30/06/2011,6473,3.387356044
30/06/2011,6474,3.387585714
30/06/2011,6475,3.387815385
30/06/2011,6476,3.388045055
30/06/2011,6477,3.388274725
30/06/2011,6478,3.388504396
30/06/2011,6479,3.388734066
30/06/2011,6480,3.388963736
30/06/2011,6481,3.389193407
30/06/2011,6482,3.389423077
30/06/2011,6483,3.389652747
30/06/2011,6484,3.389882418
30/06/2011,6485,3.390112088
30/06/2011,6486,3.390341758
30/06/2011,6487,3.390571429
30/06/2011,6488,3.390801099
30/06/2011,6489,3.391030769
30/06/2011,6490,3.39126044
30/06/2011,6491,3.39149011
30/06/2011,6492,3.39171978
30/06/2011,6493,3.391949451
30/06/2011,6494,3.392179121
30/06/2011,6495,3.392408791
30/06/2011,6496,3.392638462
30/06/2011,6497,3.392868132
30/06/2011,6498,3.393097802
30/06/2011,6499,3.393327473
30/06/2011,6500,3.393557143
30/06/2011,6501,3.393786813
30/06/2011,6502,3.394016484
30/06/2011,6503,3.394246154
30/06/2011,6504,3.394475824
30/06/2011,6505,3.394705495
30/06/2011,6506,3.394935165
30/06/2011,6507,3.395164835
30/06/2011,6508,3.395394505
30/06/2011,6509,3.395624176
30/06/2011,6510,3.395853846
30/06/2011,6511,3.396083516
30/06/2011,6512,3.396313187
30/06/2011,6513,3.396542857
30/06/2011,6514,3.396772527
30/06/2011,6515,3.397002198
30/06/2011,6516,3.397231868
30/06/2011,6517,3.397461538
30/06/2011,6518,3.397691209
30/06/2011,6519,3.397920879
30/06/2011,6520,3.398150549
30/06/2011,6521,3.39838022
30/06/2011,6522,3.39860989
30/06/2011,6523,3.39883956
30/06/2011,6524,3.399069231
30/06/2011,6525,3.399298901
30/06/2011,6526,3.399528571
30/06/2011,6527,3.399758242
30/06/2011,6528,3.399987912
30/06/2011,6529,3.400217582
30/06/2011,6530,3.400447253
30/06/2011,6531,3.400676923
30/06/2011,6532,3.400906593
30/06/2011,6533,3.401136264
30/06/2011,6534,3.401365934
30/06/2011,6535,3.401595604
30/06/2011,6536,3.401825275
30/06/2011,6537,3.402054945
30/06/2011,6538,3.402284615
30/06/2011,6539,3.402514286
30/06/2011,6540,3.402743956
30/06/2011,6541,3.402973626
30/06/2011,6542,3.403203297
30/06/2011,6543,3.403432967
30/06/2011,6544,3.403662637
30/06/2011,6545,3.403892308
30/06/2011,6546,3.404121978
30/06/2011,6547,3.404351648
30/06/2011,6548,3.404581319
30/06/2011,6549,3.404810989
30/06/2011,6550,3.405040659
30/06/2011,6551,3.40527033
30/06/2011,6552,3.4055
30/06/2011,6553,3.405726923
30/06/2011,6554,3.405953846
30/06/2011,6555,3.406180769
30/06/2011,6556,3.406407692
30/06/2011,6557,3.406634615
30/06/2011,6558,3.406861538
30/06/2011,6559,3.407088462
30/06/2011,6560,3.407315385
30/06/2011,6561,3.407542308
30/06/2011,6562,3.407769231
30/06/2011,6563,3.407996154
30/06/2011,6564,3.408223077
30/06/2011,6565,3.40845
30/06/2011,6566,3.408676923
30/06/2011,6567,3.408903846
30/06/2011,6568,3.409130769
30/06/2011,6569,3.409357692
30/06/2011,6570,3.409584615
30/06/2011,6571,3.409811538
30/06/2011,6572,3.410038462
30/06/2011,6573,3.410265385
30/06/2011,6574,3.410492308
30/06/2011,6575,3.410719231
30/06/2011,6576,3.410946154
30/06/2011,6577,3.411173077
30/06/2011,6578,3.4114
30/06/2011,6579,3.411626923
30/06/2011,6580,3.411853846
30/06/2011,6581,3.412080769
30/06/2011,6582,3.412307692
30/06/2011,6583,3.412534615
30/06/2011,6584,3.412761538
30/06/2011,6585,3.412988462
30/06/2011,6586,3.413215385
30/06/2011,6587,3.413442308
30/06/2011,6588,3.413669231
30/06/2011,6589,3.413896154
30/06/2011,6590,3.414123077
30/06/2011,6591,3.41435
30/06/2011,6592,3.414576923
30/06/2011,6593,3.414803846
30/06/2011,6594,3.415030769
30/06/2011,6595,3.415257692
30/06/2011,6596,3.415484615
30/06/2011,6597,3.415711538
30/06/2011,6598,3.415938462
30/06/2011,6599,3.416165385
30/06/2011,6600,3.416392308
30/06/2011,6601,3.416619231
30/06/2011,6602,3.416846154
30/06/2011,6603,3.417073077
30/06/2011,6604,3.4173
30/06/2011,6605,3.417526923
30/06/2011,6606,3.417753846
30/06/2011,6607,3.417980769
30/06/2011,6608,3.418207692
30/06/2011,6609,3.418434615
30/06/2011,6610,3.418661538
30/06/2011,6611,3.418888462
30/06/2011,6612,3.419115385
30/06/2011,6613,3.419342308
30/06/2011,6614,3.419569231
30/06/2011,6615,3.419796154
30/06/2011,6616,3.420023077
30/06/2011,6617,3.42025
30/06/2011,6618,3.420476923
30/06/2011,6619,3.420703846
30/06/2011,6620,3.420930769
30/06/2011,6621,3.421157692
30/06/2011,6622,3.421384615
30/06/2011,6623,3.421611538
30/06/2011,6624,3.421838462
30/06/2011,6625,3.422065385
30/06/2011,6626,3.422292308
30/06/2011,6627,3.422519231
30/06/2011,6628,3.422746154
30/06/2011,6629,3.422973077
30/06/2011,6630,3.4232
30/06/2011,6631,3.423426923
30/06/2011,6632,3.423653846
30/06/2011,6633,3.423880769
30/06/2011,6634,3.424107692
30/06/2011,6635,3.424334615
30/06/2011,6636,3.424561538
30/06/2011,6637,3.424788462
30/06/2011,6638,3.425015385
30/06/2011,6639,3.425242308
30/06/2011,6640,3.425469231
30/06/2011,6641,3.425696154
30/06/2011,6642,3.425923077
30/06/2011,6643,3.42615
30/06/2011,6644,3.426376923
30/06/2011,6645,3.426603846
30/06/2011,6646,3.426830769
30/06/2011,6647,3.427057692
30/06/2011,6648,3.427284615
30/06/2011,6649,3.427511538
30/06/2011,6650,3.427738462
30/06/2011,6651,3.427965385
30/06/2011,6652,3.428192308
30/06/2011,6653,3.428419231
30/06/2011,6654,3.428646154
30/06/2011,6655,3.428873077
30/06/2011,6656,3.4291
30/06/2011,6657,3.429326923
30/06/2011,6658,3.429553846
30/06/2011,6659,3.429780769
30/06/2011,6660,3.430007692
30/06/2011,6661,3.430234615
30/06/2011,6662,3.430461538
30/06/2011,6663,3.430688462
30/06/2011,6664,3.430915385
30/06/2011,6665,3.431142308
30/06/2011,6666,3.431369231
30/06/2011,6667,3.431596154
30/06/2011,6668,3.431823077
30/06/2011,6669,3.43205
30/06/2011,6670,3.432276923
30/06/2011,6671,3.432503846
30/06/2011,6672,3.432730769
30/06/2011,6673,3.432957692
30/06/2011,6674,3.433184615
30/06/2011,6675,3.433411538
30/06/2011,6676,3.433638462
30/06/2011,6677,3.433865385
30/06/2011,6678,3.434092308
30/06/2011,6679,3.434319231
30/06/2011,6680,3.434546154
30/06/2011,6681,3.434773077
30/06/2011,6682,3.435
30/06/2011,6683,3.435226923
30/06/2011,6684,3.435453846
30/06/2011,6685,3.435680769
30/06/2011,6686,3.435907692
30/06/2011,6687,3.436134615
30/06/2011,6688,3.436361538
30/06/2011,6689,3.436588462
30/06/2011,6690,3.436815385
30/06/2011,6691,3.437042308
30/06/2011,6692,3.437269231
30/06/2011,6693,3.437496154
30/06/2011,6694,3.437723077
30/06/2011,6695,3.43795
30/06/2011,6696,3.438176923
30/06/2011,6697,3.438403846
30/06/2011,6698,3.438630769
30/06/2011,6699,3.438857692
30/06/2011,6700,3.439084615
30/06/2011,6701,3.439311538
30/06/2011,6702,3.439538462
30/06/2011,6703,3.439765385
30/06/2011,6704,3.439992308
30/06/2011,6705,3.440219231
30/06/2011,6706,3.440446154
30/06/2011,6707,3.440673077
30/06/2011,6708,3.4409
30/06/2011,6709,3.441126923
30/06/2011,6710,3.441353846
30/06/2011,6711,3.441580769
30/06/2011,6712,3.441807692
30/06/2011,6713,3.442034615
30/06/2011,6714,3.442261538
30/06/2011,6715,3.442488462
30/06/2011,6716,3.442715385
30/06/2011,6717,3.442942308
30/06/2011,6718,3.443169231
30/06/2011,6719,3.443396154
30/06/2011,6720,3.443623077
30/06/2011,6721,3.44385
30/06/2011,6722,3.444076923
30/06/2011,6723,3.444303846
30/06/2011,6724,3.444530769
30/06/2011,6725,3.444757692
30/06/2011,6726,3.444984615
30/06/2011,6727,3.445211538
30/06/2011,6728,3.445438462
30/06/2011,6729,3.445665385
30/06/2011,6730,3.445892308
30/06/2011,6731,3.446119231
30/06/2011,6732,3.446346154
30/06/2011,6733,3.446573077
30/06/2011,6734,3.4468
30/06/2011,6735,3.447023626
30/06/2011,6736,3.447247253
30/06/2011,6737,3.447470879
30/06/2011,6738,3.447694505
30/06/2011,6739,3.447918132
30/06/2011,6740,3.448141758
30/06/2011,6741,3.448365385
30/06/2011,6742,3.448589011
30/06/2011,6743,3.448812637
30/06/2011,6744,3.449036264
30/06/2011,6745,3.44925989
30/06/2011,6746,3.449483516
30/06/2011,6747,3.449707143
30/06/2011,6748,3.449930769
30/06/2011,6749,3.450154396
30/06/2011,6750,3.450378022
30/06/2011,6751,3.450601648
30/06/2011,6752,3.450825275
30/06/2011,6753,3.451048901
30/06/2011,6754,3.451272527
30/06/2011,6755,3.451496154
30/06/2011,6756,3.45171978
30/06/2011,6757,3.451943407
30/06/2011,6758,3.452167033
30/06/2011,6759,3.452390659
30/06/2011,6760,3.452614286
30/06/2011,6761,3.452837912
30/06/2011,6762,3.453061538
30/06/2011,6763,3.453285165
30/06/2011,6764,3.453508791
30/06/2011,6765,3.453732418
30/06/2011,6766,3.453956044
30/06/2011,6767,3.45417967
30/06/2011,6768,3.454403297
30/06/2011,6769,3.454626923
30/06/2011,6770,3.454850549
30/06/2011,6771,3.455074176
30/06/2011,6772,3.455297802
30/06/2011,6773,3.455521429
30/06/2011,6774,3.455745055
30/06/2011,6775,3.455968681
30/06/2011,6776,3.456192308
30/06/2011,6777,3.456415934
30/06/2011,6778,3.45663956
30/06/2011,6779,3.456863187
30/06/2011,6780,3.457086813
30/06/2011,6781,3.45731044
30/06/2011,6782,3.457534066
30/06/2011,6783,3.457757692
30/06/2011,6784,3.457981319
30/06/2011,6785,3.458204945
30/06/2011,6786,3.458428571
30/06/2011,6787,3.458652198
30/06/2011,6788,3.458875824
30/06/2011,6789,3.459099451
30/06/2011,6790,3.459323077
30/06/2011,6791,3.459546703
30/06/2011,6792,3.45977033
30/06/2011,6793,3.459993956
30/06/2011,6794,3.460217582
30/06/2011,6795,3.460441209
30/06/2011,6796,3.460664835
30/06/2011,6797,3.460888462
30/06/2011,6798,3.461112088
30/06/2011,6799,3.461335714
30/06/2011,6800,3.461559341
30/06/2011,6801,3.461782967
30/06/2011,6802,3.462006593
30/06/2011,6803,3.46223022
30/06/2011,6804,3.462453846
30/06/2011,6805,3.462677473
30/06/2011,6806,3.462901099
30/06/2011,6807,3.463124725
30/06/2011,6808,3.463348352
30/06/2011,6809,3.463571978
30/06/2011,6810,3.463795604
30/06/2011,6811,3.464019231
30/06/2011,6812,3.464242857
30/06/2011,6813,3.464466484
30/06/2011,6814,3.46469011
30/06/2011,6815,3.464913736
30/06/2011,6816,3.465137363
30/06/2011,6817,3.465360989
30/06/2011,6818,3.465584615
30/06/2011,6819,3.465808242
30/06/2011,6820,3.466031868
30/06/2011,6821,3.466255495
30/06/2011,6822,3.466479121
30/06/2011,6823,3.466702747
30/06/2011,6824,3.466926374
30/06/2011,6825,3.46715
30/06/2011,6826,3.467373626
30/06/2011,6827,3.467597253
30/06/2011,6828,3.467820879
30/06/2011,6829,3.468044505
30/06/2011,6830,3.468268132
30/06/2011,6831,3.468491758
30/06/2011,6832,3.468715385
30/06/2011,6833,3.468939011
30/06/2011,6834,3.469162637
30/06/2011,6835,3.469386264
30/06/2011,6836,3.46960989
30/06/2011,6837,3.469833516
30/06/2011,6838,3.470057143
30/06/2011,6839,3.470280769
30/06/2011,6840,3.470504396
30/06/2011,6841,3.470728022
30/06/2011,6842,3.470951648
30/06/2011,6843,3.471175275
30/06/2011,6844,3.471398901
30/06/2011,6845,3.471622527
30/06/2011,6846,3.471846154
30/06/2011,6847,3.47206978
30/06/2011,6848,3.472293407
30/06/2011,6849,3.472517033
30/06/2011,6850,3.472740659
30/06/2011,6851,3.472964286
30/06/2011,6852,3.473187912
30/06/2011,6853,3.473411538
30/06/2011,6854,3.473635165
30/06/2011,6855,3.473858791
30/06/2011,6856,3.474082418
30/06/2011,6857,3.474306044
30/06/2011,6858,3.47452967
30/06/2011,6859,3.474753297
30/06/2011,6860,3.474976923
30/06/2011,6861,3.475200549
30/06/2011,6862,3.475424176
30/06/2011,6863,3.475647802
30/06/2011,6864,3.475871429
30/06/2011,6865,3.476095055
30/06/2011,6866,3.476318681
30/06/2011,6867,3.476542308
30/06/2011,6868,3.476765934
30/06/2011,6869,3.47698956
30/06/2011,6870,3.477213187
30/06/2011,6871,3.477436813
30/06/2011,6872,3.47766044
30/06/2011,6873,3.477884066
30/06/2011,6874,3.478107692
30/06/2011,6875,3.478331319
30/06/2011,6876,3.478554945
30/06/2011,6877,3.478778571
30/06/2011,6878,3.479002198
30/06/2011,6879,3.479225824
30/06/2011,6880,3.479449451
30/06/2011,6881,3.479673077
30/06/2011,6882,3.479896703
30/06/2011,6883,3.48012033
30/06/2011,6884,3.480343956
30/06/2011,6885,3.480567582
30/06/2011,6886,3.480791209
30/06/2011,6887,3.481014835
30/06/2011,6888,3.481238462
30/06/2011,6889,3.481462088
30/06/2011,6890,3.481685714
30/06/2011,6891,3.481909341
30/06/2011,6892,3.482132967
30/06/2011,6893,3.482356593
30/06/2011,6894,3.48258022
30/06/2011,6895,3.482803846
30/06/2011,6896,3.483027473
30/06/2011,6897,3.483251099
30/06/2011,6898,3.483474725
30/06/2011,6899,3.483698352
30/06/2011,6900,3.483921978
30/06/2011,6901,3.484145604
30/06/2011,6902,3.484369231
30/06/2011,6903,3.484592857
30/06/2011,6904,3.484816484
30/06/2011,6905,3.48504011
30/06/2011,6906,3.485263736
30/06/2011,6907,3.485487363
30/06/2011,6908,3.485710989
30/06/2011,6909,3.485934615
30/06/2011,6910,3.486158242
30/06/2011,6911,3.486381868
30/06/2011,6912,3.486605495
30/06/2011,6913,3.486829121
30/06/2011,6914,3.487052747
30/06/2011,6915,3.487276374
30/06/2011,6916,3.4875
30/06/2011,6917,3.48772033
30/06/2011,6918,3.487940659
30/06/2011,6919,3.488160989
30/06/2011,6920,3.488381319
30/06/2011,6921,3.488601648
30/06/2011,6922,3.488821978
30/06/2011,6923,3.489042308
30/06/2011,6924,3.489262637
30/06/2011,6925,3.489482967
30/06/2011,6926,3.489703297
30/06/2011,6927,3.489923626
30/06/2011,6928,3.490143956
30/06/2011,6929,3.490364286
30/06/2011,6930,3.490584615
30/06/2011,6931,3.490804945
30/06/2011,6932,3.491025275
30/06/2011,6933,3.491245604
30/06/2011,6934,3.491465934
30/06/2011,6935,3.491686264
30/06/2011,6936,3.491906593
30/06/2011,6937,3.492126923
30/06/2011,6938,3.492347253
30/06/2011,6939,3.492567582
30/06/2011,6940,3.492787912
30/06/2011,6941,3.493008242
30/06/2011,6942,3.493228571
30/06/2011,6943,3.493448901
30/06/2011,6944,3.493669231
30/06/2011,6945,3.49388956
30/06/2011,6946,3.49410989
30/06/2011,6947,3.49433022
30/06/2011,6948,3.494550549
30/06/2011,6949,3.494770879
30/06/2011,6950,3.494991209
30/06/2011,6951,3.495211538
30/06/2011,6952,3.495431868
30/06/2011,6953,3.495652198
30/06/2011,6954,3.495872527
30/06/2011,6955,3.496092857
30/06/2011,6956,3.496313187
30/06/2011,6957,3.496533516
30/06/2011,6958,3.496753846
30/06/2011,6959,3.496974176
30/06/2011,6960,3.497194505
30/06/2011,6961,3.497414835
30/06/2011,6962,3.497635165
30/06/2011,6963,3.497855495
30/06/2011,6964,3.498075824
30/06/2011,6965,3.498296154
30/06/2011,6966,3.498516484
30/06/2011,6967,3.498736813
30/06/2011,6968,3.498957143
30/06/2011,6969,3.499177473
30/06/2011,6970,3.499397802
30/06/2011,6971,3.499618132
30/06/2011,6972,3.499838462
30/06/2011,6973,3.500058791
30/06/2011,6974,3.500279121
30/06/2011,6975,3.500499451
30/06/2011,6976,3.50071978
30/06/2011,6977,3.50094011
30/06/2011,6978,3.50116044
30/06/2011,6979,3.501380769
30/06/2011,6980,3.501601099
30/06/2011,6981,3.501821429
30/06/2011,6982,3.502041758
30/06/2011,6983,3.502262088
30/06/2011,6984,3.502482418
30/06/2011,6985,3.502702747
30/06/2011,6986,3.502923077
30/06/2011,6987,3.503143407
30/06/2011,6988,3.503363736
30/06/2011,6989,3.503584066
30/06/2011,6990,3.503804396
30/06/2011,6991,3.504024725
30/06/2011,6992,3.504245055
30/06/2011,6993,3.504465385
30/06/2011,6994,3.504685714
30/06/2011,6995,3.504906044
30/06/2011,6996,3.505126374
30/06/2011,6997,3.505346703
30/06/2011,6998,3.505567033
30/06/2011,6999,3.505787363
30/06/2011,7000,3.506007692
30/06/2011,7001,3.506228022
30/06/2011,7002,3.506448352
30/06/2011,7003,3.506668681
30/06/2011,7004,3.506889011
30/06/2011,7005,3.507109341
30/06/2011,7006,3.50732967
30/06/2011,7007,3.50755
30/06/2011,7008,3.50777033
30/06/2011,7009,3.507990659
30/06/2011,7010,3.508210989
30/06/2011,7011,3.508431319
30/06/2011,7012,3.508651648
30/06/2011,7013,3.508871978
30/06/2011,7014,3.509092308
30/06/2011,7015,3.509312637
30/06/2011,7016,3.509532967
30/06/2011,7017,3.509753297
30/06/2011,7018,3.509973626
30/06/2011,7019,3.510193956
30/06/2011,7020,3.510414286
30/06/2011,7021,3.510634615
30/06/2011,7022,3.510854945
30/06/2011,7023,3.511075275
30/06/2011,7024,3.511295604
30/06/2011,7025,3.511515934
30/06/2011,7026,3.511736264
30/06/2011,7027,3.511956593
30/06/2011,7028,3.512176923
30/06/2011,7029,3.512397253
30/06/2011,7030,3.512617582
30/06/2011,7031,3.512837912
30/06/2011,7032,3.513058242
30/06/2011,7033,3.513278571
30/06/2011,7034,3.513498901
30/06/2011,7035,3.513719231
30/06/2011,7036,3.51393956
30/06/2011,7037,3.51415989
30/06/2011,7038,3.51438022
30/06/2011,7039,3.514600549
30/06/2011,7040,3.514820879
30/06/2011,7041,3.515041209
30/06/2011,7042,3.515261538
30/06/2011,7043,3.515481868
30/06/2011,7044,3.515702198
30/06/2011,7045,3.515922527
30/06/2011,7046,3.516142857
30/06/2011,7047,3.516363187
30/06/2011,7048,3.516583516
30/06/2011,7049,3.516803846
30/06/2011,7050,3.517024176
30/06/2011,7051,3.517244505
30/06/2011,7052,3.517464835
30/06/2011,7053,3.517685165
30/06/2011,7054,3.517905495
30/06/2011,7055,3.518125824
30/06/2011,7056,3.518346154
30/06/2011,7057,3.518566484
30/06/2011,7058,3.518786813
30/06/2011,7059,3.519007143
30/06/2011,7060,3.519227473
30/06/2011,7061,3.519447802
30/06/2011,7062,3.519668132
30/06/2011,7063,3.519888462
30/06/2011,7064,3.520108791
30/06/2011,7065,3.520329121
30/06/2011,7066,3.520549451
30/06/2011,7067,3.52076978
30/06/2011,7068,3.52099011
30/06/2011,7069,3.52121044
30/06/2011,7070,3.521430769
30/06/2011,7071,3.521651099
30/06/2011,7072,3.521871429
30/06/2011,7073,3.522091758
30/06/2011,7074,3.522312088
30/06/2011,7075,3.522532418
30/06/2011,7076,3.522752747
30/06/2011,7077,3.522973077
30/06/2011,7078,3.523193407
30/06/2011,7079,3.523413736
30/06/2011,7080,3.523634066
30/06/2011,7081,3.523854396
30/06/2011,7082,3.524074725
30/06/2011,7083,3.524295055
30/06/2011,7084,3.524515385
30/06/2011,7085,3.524735714
30/06/2011,7086,3.524956044
30/06/2011,7087,3.525176374
30/06/2011,7088,3.525396703
30/06/2011,7089,3.525617033
30/06/2011,7090,3.525837363
30/06/2011,7091,3.526057692
30/06/2011,7092,3.526278022
30/06/2011,7093,3.526498352
30/06/2011,7094,3.526718681
30/06/2011,7095,3.526939011
30/06/2011,7096,3.527159341
30/06/2011,7097,3.52737967
30/06/2011,7098,3.5276
30/06/2011,7099,3.527817033
30/06/2011,7100,3.528034066
30/06/2011,7101,3.528251099
30/06/2011,7102,3.528468132
30/06/2011,7103,3.528685165
30/06/2011,7104,3.528902198
30/06/2011,7105,3.529119231
30/06/2011,7106,3.529336264
30/06/2011,7107,3.529553297
30/06/2011,7108,3.52977033
30/06/2011,7109,3.529987363
30/06/2011,7110,3.530204396
30/06/2011,7111,3.530421429
30/06/2011,7112,3.530638462
30/06/2011,7113,3.530855495
30/06/2011,7114,3.531072527
30/06/2011,7115,3.53128956
30/06/2011,7116,3.531506593
30/06/2011,7117,3.531723626
30/06/2011,7118,3.531940659
30/06/2011,7119,3.532157692
30/06/2011,7120,3.532374725
30/06/2011,7121,3.532591758
30/06/2011,7122,3.532808791
30/06/2011,7123,3.533025824
30/06/2011,7124,3.533242857
30/06/2011,7125,3.53345989
30/06/2011,7126,3.533676923
30/06/2011,7127,3.533893956
30/06/2011,7128,3.534110989
30/06/2011,7129,3.534328022
30/06/2011,7130,3.534545055
30/06/2011,7131,3.534762088
30/06/2011,7132,3.534979121
30/06/2011,7133,3.535196154
30/06/2011,7134,3.535413187
30/06/2011,7135,3.53563022
30/06/2011,7136,3.535847253
30/06/2011,7137,3.536064286
30/06/2011,7138,3.536281319
30/06/2011,7139,3.536498352
30/06/2011,7140,3.536715385
30/06/2011,7141,3.536932418
30/06/2011,7142,3.537149451
30/06/2011,7143,3.537366484
30/06/2011,7144,3.537583516
30/06/2011,7145,3.537800549
30/06/2011,7146,3.538017582
30/06/2011,7147,3.538234615
30/06/2011,7148,3.538451648
30/06/2011,7149,3.538668681
30/06/2011,7150,3.538885714
30/06/2011,7151,3.539102747
30/06/2011,7152,3.53931978
30/06/2011,7153,3.539536813
30/06/2011,7154,3.539753846
30/06/2011,7155,3.539970879
30/06/2011,7156,3.540187912
30/06/2011,7157,3.540404945
30/06/2011,7158,3.540621978
30/06/2011,7159,3.540839011
30/06/2011,7160,3.541056044
30/06/2011,7161,3.541273077
30/06/2011,7162,3.54149011
30/06/2011,7163,3.541707143
30/06/2011,7164,3.541924176
30/06/2011,7165,3.542141209
30/06/2011,7166,3.542358242
30/06/2011,7167,3.542575275
30/06/2011,7168,3.542792308
30/06/2011,7169,3.543009341
30/06/2011,7170,3.543226374
30/06/2011,7171,3.543443407
30/06/2011,7172,3.54366044
30/06/2011,7173,3.543877473
30/06/2011,7174,3.544094505
30/06/2011,7175,3.544311538
30/06/2011,7176,3.544528571
30/06/2011,7177,3.544745604
30/06/2011,7178,3.544962637
30/06/2011,7179,3.54517967
30/06/2011,7180,3.545396703
30/06/2011,7181,3.545613736
30/06/2011,7182,3.545830769
30/06/2011,7183,3.546047802
30/06/2011,7184,3.546264835
30/06/2011,7185,3.546481868
30/06/2011,7186,3.546698901
30/06/2011,7187,3.546915934
30/06/2011,7188,3.547132967
30/06/2011,7189,3.54735
30/06/2011,7190,3.547567033
30/06/2011,7191,3.547784066
30/06/2011,7192,3.548001099
30/06/2011,7193,3.548218132
30/06/2011,7194,3.548435165
30/06/2011,7195,3.548652198
30/06/2011,7196,3.548869231
30/06/2011,7197,3.549086264
30/06/2011,7198,3.549303297
30/06/2011,7199,3.54952033
30/06/2011,7200,3.549737363
30/06/2011,7201,3.549954396
30/06/2011,7202,3.550171429
30/06/2011,7203,3.550388462
30/06/2011,7204,3.550605495
30/06/2011,7205,3.550822527
30/06/2011,7206,3.55103956
30/06/2011,7207,3.551256593
30/06/2011,7208,3.551473626
30/06/2011,7209,3.551690659
30/06/2011,7210,3.551907692
30/06/2011,7211,3.552124725
30/06/2011,7212,3.552341758
30/06/2011,7213,3.552558791
30/06/2011,7214,3.552775824
30/06/2011,7215,3.552992857
30/06/2011,7216,3.55320989
30/06/2011,7217,3.553426923
30/06/2011,7218,3.553643956
30/06/2011,7219,3.553860989
30/06/2011,7220,3.554078022
30/06/2011,7221,3.554295055
30/06/2011,7222,3.554512088
30/06/2011,7223,3.554729121
30/06/2011,7224,3.554946154
30/06/2011,7225,3.555163187
30/06/2011,7226,3.55538022
30/06/2011,7227,3.555597253
30/06/2011,7228,3.555814286
30/06/2011,7229,3.556031319
30/06/2011,7230,3.556248352
30/06/2011,7231,3.556465385
30/06/2011,7232,3.556682418
30/06/2011,7233,3.556899451
30/06/2011,7234,3.557116484
30/06/2011,7235,3.557333516
30/06/2011,7236,3.557550549
30/06/2011,7237,3.557767582
30/06/2011,7238,3.557984615
30/06/2011,7239,3.558201648
30/06/2011,7240,3.558418681
30/06/2011,7241,3.558635714
30/06/2011,7242,3.558852747
30/06/2011,7243,3.55906978
30/06/2011,7244,3.559286813
30/06/2011,7245,3.559503846
30/06/2011,7246,3.559720879
30/06/2011,7247,3.559937912
30/06/2011,7248,3.560154945
30/06/2011,7249,3.560371978
30/06/2011,7250,3.560589011
30/06/2011,7251,3.560806044
30/06/2011,7252,3.561023077
30/06/2011,7253,3.56124011
30/06/2011,7254,3.561457143
30/06/2011,7255,3.561674176
30/06/2011,7256,3.561891209
30/06/2011,7257,3.562108242
30/06/2011,7258,3.562325275
30/06/2011,7259,3.562542308
30/06/2011,7260,3.562759341
30/06/2011,7261,3.562976374
30/06/2011,7262,3.563193407
30/06/2011,7263,3.56341044
30/06/2011,7264,3.563627473
30/06/2011,7265,3.563844505
30/06/2011,7266,3.564061538
30/06/2011,7267,3.564278571
30/06/2011,7268,3.564495604
30/06/2011,7269,3.564712637
30/06/2011,7270,3.56492967
30/06/2011,7271,3.565146703
30/06/2011,7272,3.565363736
30/06/2011,7273,3.565580769
30/06/2011,7274,3.565797802
30/06/2011,7275,3.566014835
30/06/2011,7276,3.566231868
30/06/2011,7277,3.566448901
30/06/2011,7278,3.566665934
30/06/2011,7279,3.566882967
30/06/2011,7280,3.5671
30/06/2011,7281,3.567313736
30/06/2011,7282,3.567527473
30/06/2011,7283,3.567741209
30/06/2011,7284,3.567954945
30/06/2011,7285,3.568168681
30/06/2011,7286,3.568382418
30/06/2011,7287,3.568596154
30/06/2011,7288,3.56880989
30/06/2011,7289,3.569023626
30/06/2011,7290,3.569237363
30/06/2011,7291,3.569451099
30/06/2011,7292,3.569664835
30/06/2011,7293,3.569878571
30/06/2011,7294,3.570092308
30/06/2011,7295,3.570306044
30/06/2011,7296,3.57051978
30/06/2011,7297,3.570733516
30/06/2011,7298,3.570947253
30/06/2011,7299,3.571160989
30/06/2011,7300,3.571374725
30/06/2011,7301,3.571588462
30/06/2011,7302,3.571802198
30/06/2011,7303,3.572015934
30/06/2011,7304,3.57222967
30/06/2011,7305,3.572443407
30/06/2011,7306,3.572657143
30/06/2011,7307,3.572870879
30/06/2011,7308,3.573084615
30/06/2011,7309,3.573298352
30/06/2011,7310,3.573512088
30/06/2011,7311,3.573725824
30/06/2011,7312,3.57393956
30/06/2011,7313,3.574153297
30/06/2011,7314,3.574367033
30/06/2011,7315,3.574580769
30/06/2011,7316,3.574794505
30/06/2011,7317,3.575008242
30/06/2011,7318,3.575221978
30/06/2011,7319,3.575435714
30/06/2011,7320,3.575649451
30/06/2011,7321,3.575863187
30/06/2011,7322,3.576076923
30/06/2011,7323,3.576290659
30/06/2011,7324,3.576504396
30/06/2011,7325,3.576718132
30/06/2011,7326,3.576931868
30/06/2011,7327,3.577145604
30/06/2011,7328,3.577359341
30/06/2011,7329,3.577573077
30/06/2011,7330,3.577786813
30/06/2011,7331,3.578000549
30/06/2011,7332,3.578214286
30/06/2011,7333,3.578428022
30/06/2011,7334,3.578641758
30/06/2011,7335,3.578855495
30/06/2011,7336,3.579069231
30/06/2011,7337,3.579282967
30/06/2011,7338,3.579496703
30/06/2011,7339,3.57971044
30/06/2011,7340,3.579924176
30/06/2011,7341,3.580137912
30/06/2011,7342,3.580351648
30/06/2011,7343,3.580565385
30/06/2011,7344,3.580779121
30/06/2011,7345,3.580992857
30/06/2011,7346,3.581206593
30/06/2011,7347,3.58142033
30/06/2011,7348,3.581634066
30/06/2011,7349,3.581847802
30/06/2011,7350,3.582061538
30/06/2011,7351,3.582275275
30/06/2011,7352,3.582489011
30/06/2011,7353,3.582702747
30/06/2011,7354,3.582916484
30/06/2011,7355,3.58313022
30/06/2011,7356,3.583343956
30/06/2011,7357,3.583557692
30/06/2011,7358,3.583771429
30/06/2011,7359,3.583985165
30/06/2011,7360,3.584198901
30/06/2011,7361,3.584412637
30/06/2011,7362,3.584626374
30/06/2011,7363,3.58484011
30/06/2011,7364,3.585053846
30/06/2011,7365,3.585267582
30/06/2011,7366,3.585481319
30/06/2011,7367,3.585695055
30/06/2011,7368,3.585908791
30/06/2011,7369,3.586122527
30/06/2011,7370,3.586336264
30/06/2011,7371,3.58655
30/06/2011,7372,3.586763736
30/06/2011,7373,3.586977473
30/06/2011,7374,3.587191209
30/06/2011,7375,3.587404945
30/06/2011,7376,3.587618681
30/06/2011,7377,3.587832418
30/06/2011,7378,3.588046154
30/06/2011,7379,3.58825989
30/06/2011,7380,3.588473626
30/06/2011,7381,3.588687363
30/06/2011,7382,3.588901099
30/06/2011,7383,3.589114835
30/06/2011,7384,3.589328571
30/06/2011,7385,3.589542308
30/06/2011,7386,3.589756044
30/06/2011,7387,3.58996978
30/06/2011,7388,3.590183516
30/06/2011,7389,3.590397253
30/06/2011,7390,3.590610989
30/06/2011,7391,3.590824725
30/06/2011,7392,3.591038462
30/06/2011,7393,3.591252198
30/06/2011,7394,3.591465934
30/06/2011,7395,3.59167967
30/06/2011,7396,3.591893407
30/06/2011,7397,3.592107143
30/06/2011,7398,3.592320879
30/06/2011,7399,3.592534615
30/06/2011,7400,3.592748352
30/06/2011,7401,3.592962088
30/06/2011,7402,3.593175824
30/06/2011,7403,3.59338956
30/06/2011,7404,3.593603297
30/06/2011,7405,3.593817033
30/06/2011,7406,3.594030769
30/06/2011,7407,3.594244505
30/06/2011,7408,3.594458242
30/06/2011,7409,3.594671978
30/06/2011,7410,3.594885714
30/06/2011,7411,3.595099451
30/06/2011,7412,3.595313187
30/06/2011,7413,3.595526923
30/06/2011,7414,3.595740659
30/06/2011,7415,3.595954396
30/06/2011,7416,3.596168132
30/06/2011,7417,3.596381868
30/06/2011,7418,3.596595604
30/06/2011,7419,3.596809341
30/06/2011,7420,3.597023077
30/06/2011,7421,3.597236813
30/06/2011,7422,3.597450549
30/06/2011,7423,3.597664286
30/06/2011,7424,3.597878022
30/06/2011,7425,3.598091758
30/06/2011,7426,3.598305495
30/06/2011,7427,3.598519231
30/06/2011,7428,3.598732967
30/06/2011,7429,3.598946703
30/06/2011,7430,3.59916044
30/06/2011,7431,3.599374176
30/06/2011,7432,3.599587912
30/06/2011,7433,3.599801648
30/06/2011,7434,3.600015385
30/06/2011,7435,3.600229121
30/06/2011,7436,3.600442857
30/06/2011,7437,3.600656593
30/06/2011,7438,3.60087033
30/06/2011,7439,3.601084066
30/06/2011,7440,3.601297802
30/06/2011,7441,3.601511538
30/06/2011,7442,3.601725275
30/06/2011,7443,3.601939011
30/06/2011,7444,3.602152747
30/06/2011,7445,3.602366484
30/06/2011,7446,3.60258022
30/06/2011,7447,3.602793956
30/06/2011,7448,3.603007692
30/06/2011,7449,3.603221429
30/06/2011,7450,3.603435165
30/06/2011,7451,3.603648901
30/06/2011,7452,3.603862637
30/06/2011,7453,3.604076374
30/06/2011,7454,3.60429011
30/06/2011,7455,3.604503846
30/06/2011,7456,3.604717582
30/06/2011,7457,3.604931319
30/06/2011,7458,3.605145055
30/06/2011,7459,3.605358791
30/06/2011,7460,3.605572527
30/06/2011,7461,3.605786264
30/06/2011,7462,3.606
30/06/2011,7463,3.60621044
30/06/2011,7464,3.606420879
30/06/2011,7465,3.606631319
30/06/2011,7466,3.606841758
30/06/2011,7467,3.607052198
30/06/2011,7468,3.607262637
30/06/2011,7469,3.607473077
30/06/2011,7470,3.607683516
30/06/2011,7471,3.607893956
30/06/2011,7472,3.608104396
30/06/2011,7473,3.608314835
30/06/2011,7474,3.608525275
30/06/2011,7475,3.608735714
30/06/2011,7476,3.608946154
30/06/2011,7477,3.609156593
30/06/2011,7478,3.609367033
30/06/2011,7479,3.609577473
30/06/2011,7480,3.609787912
30/06/2011,7481,3.609998352
30/06/2011,7482,3.610208791
30/06/2011,7483,3.610419231
30/06/2011,7484,3.61062967
30/06/2011,7485,3.61084011
30/06/2011,7486,3.611050549
30/06/2011,7487,3.611260989
30/06/2011,7488,3.611471429
30/06/2011,7489,3.611681868
30/06/2011,7490,3.611892308
30/06/2011,7491,3.612102747
30/06/2011,7492,3.612313187
30/06/2011,7493,3.612523626
30/06/2011,7494,3.612734066
30/06/2011,7495,3.612944505
30/06/2011,7496,3.613154945
30/06/2011,7497,3.613365385
30/06/2011,7498,3.613575824
30/06/2011,7499,3.613786264
30/06/2011,7500,3.613996703
30/06/2011,7501,3.614207143
30/06/2011,7502,3.614417582
30/06/2011,7503,3.614628022
30/06/2011,7504,3.614838462
30/06/2011,7505,3.615048901
30/06/2011,7506,3.615259341
30/06/2011,7507,3.61546978
30/06/2011,7508,3.61568022
30/06/2011,7509,3.615890659
30/06/2011,7510,3.616101099
30/06/2011,7511,3.616311538
30/06/2011,7512,3.616521978
30/06/2011,7513,3.616732418
30/06/2011,7514,3.616942857
30/06/2011,7515,3.617153297
30/06/2011,7516,3.617363736
30/06/2011,7517,3.617574176
30/06/2011,7518,3.617784615
30/06/2011,7519,3.617995055
30/06/2011,7520,3.618205495
30/06/2011,7521,3.618415934
30/06/2011,7522,3.618626374
30/06/2011,7523,3.618836813
30/06/2011,7524,3.619047253
30/06/2011,7525,3.619257692
30/06/2011,7526,3.619468132
30/06/2011,7527,3.619678571
30/06/2011,7528,3.619889011
30/06/2011,7529,3.620099451
30/06/2011,7530,3.62030989
30/06/2011,7531,3.62052033
30/06/2011,7532,3.620730769
30/06/2011,7533,3.620941209
30/06/2011,7534,3.621151648
30/06/2011,7535,3.621362088
30/06/2011,7536,3.621572527
30/06/2011,7537,3.621782967
30/06/2011,7538,3.621993407
30/06/2011,7539,3.622203846
30/06/2011,7540,3.622414286
30/06/2011,7541,3.622624725
30/06/2011,7542,3.622835165
30/06/2011,7543,3.623045604
30/06/2011,7544,3.623256044
30/06/2011,7545,3.623466484
30/06/2011,7546,3.623676923
30/06/2011,7547,3.623887363
30/06/2011,7548,3.624097802
30/06/2011,7549,3.624308242
30/06/2011,7550,3.624518681
30/06/2011,7551,3.624729121
30/06/2011,7552,3.62493956
30/06/2011,7553,3.62515
30/06/2011,7554,3.62536044
30/06/2011,7555,3.625570879
30/06/2011,7556,3.625781319
30/06/2011,7557,3.625991758
30/06/2011,7558,3.626202198
30/06/2011,7559,3.626412637
30/06/2011,7560,3.626623077
30/06/2011,7561,3.626833516
30/06/2011,7562,3.627043956
30/06/2011,7563,3.627254396
30/06/2011,7564,3.627464835
30/06/2011,7565,3.627675275
30/06/2011,7566,3.627885714
30/06/2011,7567,3.628096154
30/06/2011,7568,3.628306593
30/06/2011,7569,3.628517033
30/06/2011,7570,3.628727473
30/06/2011,7571,3.628937912
30/06/2011,7572,3.629148352
30/06/2011,7573,3.629358791
30/06/2011,7574,3.629569231
30/06/2011,7575,3.62977967
30/06/2011,7576,3.62999011
30/06/2011,7577,3.630200549
30/06/2011,7578,3.630410989
30/06/2011,7579,3.630621429
30/06/2011,7580,3.630831868
30/06/2011,7581,3.631042308
30/06/2011,7582,3.631252747
30/06/2011,7583,3.631463187
30/06/2011,7584,3.631673626
30/06/2011,7585,3.631884066
30/06/2011,7586,3.632094505
30/06/2011,7587,3.632304945
30/06/2011,7588,3.632515385
30/06/2011,7589,3.632725824
30/06/2011,7590,3.632936264
30/06/2011,7591,3.633146703
30/06/2011,7592,3.633357143
30/06/2011,7593,3.633567582
30/06/2011,7594,3.633778022
30/06/2011,7595,3.633988462
30/06/2011,7596,3.634198901
30/06/2011,7597,3.634409341
30/06/2011,7598,3.63461978
30/06/2011,7599,3.63483022
30/06/2011,7600,3.635040659
30/06/2011,7601,3.635251099
30/06/2011,7602,3.635461538
30/06/2011,7603,3.635671978
30/06/2011,7604,3.635882418
30/06/2011,7605,3.636092857
30/06/2011,7606,3.636303297
30/06/2011,7607,3.636513736
30/06/2011,7608,3.636724176
30/06/2011,7609,3.636934615
30/06/2011,7610,3.637145055
30/06/2011,7611,3.637355495
30/06/2011,7612,3.637565934
30/06/2011,7613,3.637776374
30/06/2011,7614,3.637986813
30/06/2011,7615,3.638197253
30/06/2011,7616,3.638407692
30/06/2011,7617,3.638618132
30/06/2011,7618,3.638828571
30/06/2011,7619,3.639039011
30/06/2011,7620,3.639249451
30/06/2011,7621,3.63945989
30/06/2011,7622,3.63967033
30/06/2011,7623,3.639880769
30/06/2011,7624,3.640091209
30/06/2011,7625,3.640301648
30/06/2011,7626,3.640512088
30/06/2011,7627,3.640722527
30/06/2011,7628,3.640932967
30/06/2011,7629,3.641143407
30/06/2011,7630,3.641353846
30/06/2011,7631,3.641564286
30/06/2011,7632,3.641774725
30/06/2011,7633,3.641985165
30/06/2011,7634,3.642195604
30/06/2011,7635,3.642406044
30/06/2011,7636,3.642616484
30/06/2011,7637,3.642826923
30/06/2011,7638,3.643037363
30/06/2011,7639,3.643247802
30/06/2011,7640,3.643458242
30/06/2011,7641,3.643668681
30/06/2011,7642,3.643879121
30/06/2011,7643,3.64408956
30/06/2011,7644,3.6443
30/06/2011,7645,3.644496154
30/06/2011,7646,3.644692308
30/06/2011,7647,3.644888462
30/06/2011,7648,3.645084615
30/06/2011,7649,3.645280769
30/06/2011,7650,3.645476923
30/06/2011,7651,3.645673077
30/06/2011,7652,3.645869231
30/06/2011,7653,3.646065385
30/06/2011,7654,3.646261538
30/06/2011,7655,3.646457692
30/06/2011,7656,3.646653846
30/06/2011,7657,3.64685
30/06/2011,7658,3.647046154
30/06/2011,7659,3.647242308
30/06/2011,7660,3.647438462
30/06/2011,7661,3.647634615
30/06/2011,7662,3.647830769
30/06/2011,7663,3.648026923
30/06/2011,7664,3.648223077
30/06/2011,7665,3.648419231
30/06/2011,7666,3.648615385
30/06/2011,7667,3.648811538
30/06/2011,7668,3.649007692
30/06/2011,7669,3.649203846
30/06/2011,7670,3.6494
30/06/2011,7671,3.649596154
30/06/2011,7672,3.649792308
30/06/2011,7673,3.649988462
30/06/2011,7674,3.650184615
30/06/2011,7675,3.650380769
30/06/2011,7676,3.650576923
30/06/2011,7677,3.650773077
30/06/2011,7678,3.650969231
30/06/2011,7679,3.651165385
30/06/2011,7680,3.651361538
30/06/2011,7681,3.651557692
30/06/2011,7682,3.651753846
30/06/2011,7683,3.65195
30/06/2011,7684,3.652146154
30/06/2011,7685,3.652342308
30/06/2011,7686,3.652538462
30/06/2011,7687,3.652734615
30/06/2011,7688,3.652930769
30/06/2011,7689,3.653126923
30/06/2011,7690,3.653323077
30/06/2011,7691,3.653519231
30/06/2011,7692,3.653715385
30/06/2011,7693,3.653911538
30/06/2011,7694,3.654107692
30/06/2011,7695,3.654303846
30/06/2011,7696,3.6545
30/06/2011,7697,3.654696154
30/06/2011,7698,3.654892308
30/06/2011,7699,3.655088462
30/06/2011,7700,3.655284615
30/06/2011,7701,3.655480769
30/06/2011,7702,3.655676923
30/06/2011,7703,3.655873077
30/06/2011,7704,3.656069231
30/06/2011,7705,3.656265385
30/06/2011,7706,3.656461538
30/06/2011,7707,3.656657692
30/06/2011,7708,3.656853846
30/06/2011,7709,3.65705
30/06/2011,7710,3.657246154
30/06/2011,7711,3.657442308
30/06/2011,7712,3.657638462
30/06/2011,7713,3.657834615
30/06/2011,7714,3.658030769
30/06/2011,7715,3.658226923
30/06/2011,7716,3.658423077
30/06/2011,7717,3.658619231
30/06/2011,7718,3.658815385
30/06/2011,7719,3.659011538
30/06/2011,7720,3.659207692
30/06/2011,7721,3.659403846
30/06/2011,7722,3.6596
30/06/2011,7723,3.659796154
30/06/2011,7724,3.659992308
30/06/2011,7725,3.660188462
30/06/2011,7726,3.660384615
30/06/2011,7727,3.660580769
30/06/2011,7728,3.660776923
30/06/2011,7729,3.660973077
30/06/2011,7730,3.661169231
30/06/2011,7731,3.661365385
30/06/2011,7732,3.661561538
30/06/2011,7733,3.661757692
30/06/2011,7734,3.661953846
30/06/2011,7735,3.66215
30/06/2011,7736,3.662346154
30/06/2011,7737,3.662542308
30/06/2011,7738,3.662738462
30/06/2011,7739,3.662934615
30/06/2011,7740,3.663130769
30/06/2011,7741,3.663326923
30/06/2011,7742,3.663523077
30/06/2011,7743,3.663719231
30/06/2011,7744,3.663915385
30/06/2011,7745,3.664111538
30/06/2011,7746,3.664307692
30/06/2011,7747,3.664503846
30/06/2011,7748,3.6647
30/06/2011,7749,3.664896154
30/06/2011,7750,3.665092308
30/06/2011,7751,3.665288462
30/06/2011,7752,3.665484615
30/06/2011,7753,3.665680769
30/06/2011,7754,3.665876923
30/06/2011,7755,3.666073077
30/06/2011,7756,3.666269231
30/06/2011,7757,3.666465385
30/06/2011,7758,3.666661538
30/06/2011,7759,3.666857692
30/06/2011,7760,3.667053846
30/06/2011,7761,3.66725
30/06/2011,7762,3.667446154
30/06/2011,7763,3.667642308
30/06/2011,7764,3.667838462
30/06/2011,7765,3.668034615
30/06/2011,7766,3.668230769
30/06/2011,7767,3.668426923
30/06/2011,7768,3.668623077
30/06/2011,7769,3.668819231
30/06/2011,7770,3.669015385
30/06/2011,7771,3.669211538
30/06/2011,7772,3.669407692
30/06/2011,7773,3.669603846
30/06/2011,7774,3.6698
30/06/2011,7775,3.669996154
30/06/2011,7776,3.670192308
30/06/2011,7777,3.670388462
30/06/2011,7778,3.670584615
30/06/2011,7779,3.670780769
30/06/2011,7780,3.670976923
30/06/2011,7781,3.671173077
30/06/2011,7782,3.671369231
30/06/2011,7783,3.671565385
30/06/2011,7784,3.671761538
30/06/2011,7785,3.671957692
30/06/2011,7786,3.672153846
30/06/2011,7787,3.67235
30/06/2011,7788,3.672546154
30/06/2011,7789,3.672742308
30/06/2011,7790,3.672938462
30/06/2011,7791,3.673134615
30/06/2011,7792,3.673330769
30/06/2011,7793,3.673526923
30/06/2011,7794,3.673723077
30/06/2011,7795,3.673919231
30/06/2011,7796,3.674115385
30/06/2011,7797,3.674311538
30/06/2011,7798,3.674507692
30/06/2011,7799,3.674703846
30/06/2011,7800,3.6749
30/06/2011,7801,3.675096154
30/06/2011,7802,3.675292308
30/06/2011,7803,3.675488462
30/06/2011,7804,3.675684615
30/06/2011,7805,3.675880769
30/06/2011,7806,3.676076923
30/06/2011,7807,3.676273077
30/06/2011,7808,3.676469231
30/06/2011,7809,3.676665385
30/06/2011,7810,3.676861538
30/06/2011,7811,3.677057692
30/06/2011,7812,3.677253846
30/06/2011,7813,3.67745
30/06/2011,7814,3.677646154
30/06/2011,7815,3.677842308
30/06/2011,7816,3.678038462
30/06/2011,7817,3.678234615
30/06/2011,7818,3.678430769
30/06/2011,7819,3.678626923
30/06/2011,7820,3.678823077
30/06/2011,7821,3.679019231
30/06/2011,7822,3.679215385
30/06/2011,7823,3.679411538
30/06/2011,7824,3.679607692
30/06/2011,7825,3.679803846
30/06/2011,7826,3.68
30/06/2011,7827,3.679912088
30/06/2011,7828,3.679824176
30/06/2011,7829,3.679736264
30/06/2011,7830,3.679648352
30/06/2011,7831,3.67956044
30/06/2011,7832,3.679472527
30/06/2011,7833,3.679384615
30/06/2011,7834,3.679296703
30/06/2011,7835,3.679208791
30/06/2011,7836,3.679120879
30/06/2011,7837,3.679032967
30/06/2011,7838,3.678945055
30/06/2011,7839,3.678857143
30/06/2011,7840,3.678769231
30/06/2011,7841,3.678681319
30/06/2011,7842,3.678593407
30/06/2011,7843,3.678505495
30/06/2011,7844,3.678417582
30/06/2011,7845,3.67832967
30/06/2011,7846,3.678241758
30/06/2011,7847,3.678153846
30/06/2011,7848,3.678065934
30/06/2011,7849,3.677978022
30/06/2011,7850,3.67789011
30/06/2011,7851,3.677802198
30/06/2011,7852,3.677714286
30/06/2011,7853,3.677626374
30/06/2011,7854,3.677538462
30/06/2011,7855,3.677450549
30/06/2011,7856,3.677362637
30/06/2011,7857,3.677274725
30/06/2011,7858,3.677186813
30/06/2011,7859,3.677098901
30/06/2011,7860,3.677010989
30/06/2011,7861,3.676923077
30/06/2011,7862,3.676835165
30/06/2011,7863,3.676747253
30/06/2011,7864,3.676659341
30/06/2011,7865,3.676571429
30/06/2011,7866,3.676483516
30/06/2011,7867,3.676395604
30/06/2011,7868,3.676307692
30/06/2011,7869,3.67621978
30/06/2011,7870,3.676131868
30/06/2011,7871,3.676043956
30/06/2011,7872,3.675956044
30/06/2011,7873,3.675868132
30/06/2011,7874,3.67578022
30/06/2011,7875,3.675692308
30/06/2011,7876,3.675604396
30/06/2011,7877,3.675516484
30/06/2011,7878,3.675428571
30/06/2011,7879,3.675340659
30/06/2011,7880,3.675252747
30/06/2011,7881,3.675164835
30/06/2011,7882,3.675076923
30/06/2011,7883,3.674989011
30/06/2011,7884,3.674901099
30/06/2011,7885,3.674813187
30/06/2011,7886,3.674725275
30/06/2011,7887,3.674637363
30/06/2011,7888,3.674549451
30/06/2011,7889,3.674461538
30/06/2011,7890,3.674373626
30/06/2011,7891,3.674285714
30/06/2011,7892,3.674197802
30/06/2011,7893,3.67410989
30/06/2011,7894,3.674021978
30/06/2011,7895,3.673934066
30/06/2011,7896,3.673846154
30/06/2011,7897,3.673758242
30/06/2011,7898,3.67367033
30/06/2011,7899,3.673582418
30/06/2011,7900,3.673494505
30/06/2011,7901,3.673406593
30/06/2011,7902,3.673318681
30/06/2011,7903,3.673230769
30/06/2011,7904,3.673142857
30/06/2011,7905,3.673054945
30/06/2011,7906,3.672967033
30/06/2011,7907,3.672879121
30/06/2011,7908,3.672791209
30/06/2011,7909,3.672703297
30/06/2011,7910,3.672615385
30/06/2011,7911,3.672527473
30/06/2011,7912,3.67243956
30/06/2011,7913,3.672351648
30/06/2011,7914,3.672263736
30/06/2011,7915,3.672175824
30/06/2011,7916,3.672087912
30/06/2011,7917,3.672
30/06/2011,7918,3.671912088
30/06/2011,7919,3.671824176
30/06/2011,7920,3.671736264
30/06/2011,7921,3.671648352
30/06/2011,7922,3.67156044
30/06/2011,7923,3.671472527
30/06/2011,7924,3.671384615
30/06/2011,7925,3.671296703
30/06/2011,7926,3.671208791
30/06/2011,7927,3.671120879
30/06/2011,7928,3.671032967
30/06/2011,7929,3.670945055
30/06/2011,7930,3.670857143
30/06/2011,7931,3.670769231
30/06/2011,7932,3.670681319
30/06/2011,7933,3.670593407
30/06/2011,7934,3.670505495
30/06/2011,7935,3.670417582
30/06/2011,7936,3.67032967
30/06/2011,7937,3.670241758
30/06/2011,7938,3.670153846
30/06/2011,7939,3.670065934
30/06/2011,7940,3.669978022
30/06/2011,7941,3.66989011
30/06/2011,7942,3.669802198
30/06/2011,7943,3.669714286
30/06/2011,7944,3.669626374
30/06/2011,7945,3.669538462
30/06/2011,7946,3.669450549
30/06/2011,7947,3.669362637
30/06/2011,7948,3.669274725
30/06/2011,7949,3.669186813
30/06/2011,7950,3.669098901
30/06/2011,7951,3.669010989
30/06/2011,7952,3.668923077
30/06/2011,7953,3.668835165
30/06/2011,7954,3.668747253
30/06/2011,7955,3.668659341
30/06/2011,7956,3.668571429
30/06/2011,7957,3.668483516
30/06/2011,7958,3.668395604
30/06/2011,7959,3.668307692
30/06/2011,7960,3.66821978
30/06/2011,7961,3.668131868
30/06/2011,7962,3.668043956
30/06/2011,7963,3.667956044
30/06/2011,7964,3.667868132
30/06/2011,7965,3.66778022
30/06/2011,7966,3.667692308
30/06/2011,7967,3.667604396
30/06/2011,7968,3.667516484
30/06/2011,7969,3.667428571
30/06/2011,7970,3.667340659
30/06/2011,7971,3.667252747
30/06/2011,7972,3.667164835
30/06/2011,7973,3.667076923
30/06/2011,7974,3.666989011
30/06/2011,7975,3.666901099
30/06/2011,7976,3.666813187
30/06/2011,7977,3.666725275
30/06/2011,7978,3.666637363
30/06/2011,7979,3.666549451
30/06/2011,7980,3.666461538
30/06/2011,7981,3.666373626
30/06/2011,7982,3.666285714
30/06/2011,7983,3.666197802
30/06/2011,7984,3.66610989
30/06/2011,7985,3.666021978
30/06/2011,7986,3.665934066
30/06/2011,7987,3.665846154
30/06/2011,7988,3.665758242
30/06/2011,7989,3.66567033
30/06/2011,7990,3.665582418
30/06/2011,7991,3.665494505
30/06/2011,7992,3.665406593
30/06/2011,7993,3.665318681
30/06/2011,7994,3.665230769
30/06/2011,7995,3.665142857
30/06/2011,7996,3.665054945
30/06/2011,7997,3.664967033
30/06/2011,7998,3.664879121
30/06/2011,7999,3.664791209
30/06/2011,8000,3.664703297
30/06/2011,8001,3.664615385
30/06/2011,8002,3.664527473
30/06/2011,8003,3.66443956
30/06/2011,8004,3.664351648
30/06/2011,8005,3.664263736
30/06/2011,8006,3.664175824
30/06/2011,8007,3.664087912
30/06/2011,8008,3.664
30/06/2011,8009,3.663918132
30/06/2011,8010,3.663836264
30/06/2011,8011,3.663754396
30/06/2011,8012,3.663672527
30/06/2011,8013,3.663590659
30/06/2011,8014,3.663508791
30/06/2011,8015,3.663426923
30/06/2011,8016,3.663345055
30/06/2011,8017,3.663263187
30/06/2011,8018,3.663181319
30/06/2011,8019,3.663099451
30/06/2011,8020,3.663017582
30/06/2011,8021,3.662935714
30/06/2011,8022,3.662853846
30/06/2011,8023,3.662771978
30/06/2011,8024,3.66269011
30/06/2011,8025,3.662608242
30/06/2011,8026,3.662526374
30/06/2011,8027,3.662444505
30/06/2011,8028,3.662362637
30/06/2011,8029,3.662280769
30/06/2011,8030,3.662198901
30/06/2011,8031,3.662117033
30/06/2011,8032,3.662035165
30/06/2011,8033,3.661953297
30/06/2011,8034,3.661871429
30/06/2011,8035,3.66178956
30/06/2011,8036,3.661707692
30/06/2011,8037,3.661625824
30/06/2011,8038,3.661543956
30/06/2011,8039,3.661462088
30/06/2011,8040,3.66138022
30/06/2011,8041,3.661298352
30/06/2011,8042,3.661216484
30/06/2011,8043,3.661134615
30/06/2011,8044,3.661052747
30/06/2011,8045,3.660970879
30/06/2011,8046,3.660889011
30/06/2011,8047,3.660807143
30/06/2011,8048,3.660725275
30/06/2011,8049,3.660643407
30/06/2011,8050,3.660561538
30/06/2011,8051,3.66047967
30/06/2011,8052,3.660397802
30/06/2011,8053,3.660315934
30/06/2011,8054,3.660234066
30/06/2011,8055,3.660152198
30/06/2011,8056,3.66007033
30/06/2011,8057,3.659988462
30/06/2011,8058,3.659906593
30/06/2011,8059,3.659824725
30/06/2011,8060,3.659742857
30/06/2011,8061,3.659660989
30/06/2011,8062,3.659579121
30/06/2011,8063,3.659497253
30/06/2011,8064,3.659415385
30/06/2011,8065,3.659333516
30/06/2011,8066,3.659251648
30/06/2011,8067,3.65916978
30/06/2011,8068,3.659087912
30/06/2011,8069,3.659006044
30/06/2011,8070,3.658924176
30/06/2011,8071,3.658842308
30/06/2011,8072,3.65876044
30/06/2011,8073,3.658678571
30/06/2011,8074,3.658596703
30/06/2011,8075,3.658514835
30/06/2011,8076,3.658432967
30/06/2011,8077,3.658351099
30/06/2011,8078,3.658269231
30/06/2011,8079,3.658187363
30/06/2011,8080,3.658105495
30/06/2011,8081,3.658023626
30/06/2011,8082,3.657941758
30/06/2011,8083,3.65785989
30/06/2011,8084,3.657778022
30/06/2011,8085,3.657696154
30/06/2011,8086,3.657614286
30/06/2011,8087,3.657532418
30/06/2011,8088,3.657450549
30/06/2011,8089,3.657368681
30/06/2011,8090,3.657286813
30/06/2011,8091,3.657204945
30/06/2011,8092,3.657123077
30/06/2011,8093,3.657041209
30/06/2011,8094,3.656959341
30/06/2011,8095,3.656877473
30/06/2011,8096,3.656795604
30/06/2011,8097,3.656713736
30/06/2011,8098,3.656631868
30/06/2011,8099,3.65655
30/06/2011,8100,3.656468132
30/06/2011,8101,3.656386264
30/06/2011,8102,3.656304396
30/06/2011,8103,3.656222527
30/06/2011,8104,3.656140659
30/06/2011,8105,3.656058791
30/06/2011,8106,3.655976923
30/06/2011,8107,3.655895055
30/06/2011,8108,3.655813187
30/06/2011,8109,3.655731319
30/06/2011,8110,3.655649451
30/06/2011,8111,3.655567582
30/06/2011,8112,3.655485714
30/06/2011,8113,3.655403846
30/06/2011,8114,3.655321978
30/06/2011,8115,3.65524011
30/06/2011,8116,3.655158242
30/06/2011,8117,3.655076374
30/06/2011,8118,3.654994505
30/06/2011,8119,3.654912637
30/06/2011,8120,3.654830769
30/06/2011,8121,3.654748901
30/06/2011,8122,3.654667033
30/06/2011,8123,3.654585165
30/06/2011,8124,3.654503297
30/06/2011,8125,3.654421429
30/06/2011,8126,3.65433956
30/06/2011,8127,3.654257692
30/06/2011,8128,3.654175824
30/06/2011,8129,3.654093956
30/06/2011,8130,3.654012088
30/06/2011,8131,3.65393022
30/06/2011,8132,3.653848352
30/06/2011,8133,3.653766484
30/06/2011,8134,3.653684615
30/06/2011,8135,3.653602747
30/06/2011,8136,3.653520879
30/06/2011,8137,3.653439011
30/06/2011,8138,3.653357143
30/06/2011,8139,3.653275275
30/06/2011,8140,3.653193407
30/06/2011,8141,3.653111538
30/06/2011,8142,3.65302967
30/06/2011,8143,3.652947802
30/06/2011,8144,3.652865934
30/06/2011,8145,3.652784066
30/06/2011,8146,3.652702198
30/06/2011,8147,3.65262033
30/06/2011,8148,3.652538462
30/06/2011,8149,3.652456593
30/06/2011,8150,3.652374725
30/06/2011,8151,3.652292857
30/06/2011,8152,3.652210989
30/06/2011,8153,3.652129121
30/06/2011,8154,3.652047253
30/06/2011,8155,3.651965385
30/06/2011,8156,3.651883516
30/06/2011,8157,3.651801648
30/06/2011,8158,3.65171978
30/06/2011,8159,3.651637912
30/06/2011,8160,3.651556044
30/06/2011,8161,3.651474176
30/06/2011,8162,3.651392308
30/06/2011,8163,3.65131044
30/06/2011,8164,3.651228571
30/06/2011,8165,3.651146703
30/06/2011,8166,3.651064835
30/06/2011,8167,3.650982967
30/06/2011,8168,3.650901099
30/06/2011,8169,3.650819231
30/06/2011,8170,3.650737363
30/06/2011,8171,3.650655495
30/06/2011,8172,3.650573626
30/06/2011,8173,3.650491758
30/06/2011,8174,3.65040989
30/06/2011,8175,3.650328022
30/06/2011,8176,3.650246154
30/06/2011,8177,3.650164286
30/06/2011,8178,3.650082418
30/06/2011,8179,3.650000549
30/06/2011,8180,3.649918681
30/06/2011,8181,3.649836813
30/06/2011,8182,3.649754945
30/06/2011,8183,3.649673077
30/06/2011,8184,3.649591209
30/06/2011,8185,3.649509341
30/06/2011,8186,3.649427473
30/06/2011,8187,3.649345604
30/06/2011,8188,3.649263736
30/06/2011,8189,3.649181868
30/06/2011,8190,3.6491
30/06/2011,8191,3.649262088
30/06/2011,8192,3.649424176
30/06/2011,8193,3.649586264
30/06/2011,8194,3.649748352
30/06/2011,8195,3.64991044
30/06/2011,8196,3.650072527
30/06/2011,8197,3.650234615
30/06/2011,8198,3.650396703
30/06/2011,8199,3.650558791
30/06/2011,8200,3.650720879
30/06/2011,8201,3.650882967
30/06/2011,8202,3.651045055
30/06/2011,8203,3.651207143
30/06/2011,8204,3.651369231
30/06/2011,8205,3.651531319
30/06/2011,8206,3.651693407
30/06/2011,8207,3.651855495
30/06/2011,8208,3.652017582
30/06/2011,8209,3.65217967
30/06/2011,8210,3.652341758
30/06/2011,8211,3.652503846
30/06/2011,8212,3.652665934
30/06/2011,8213,3.652828022
30/06/2011,8214,3.65299011
30/06/2011,8215,3.653152198
30/06/2011,8216,3.653314286
30/06/2011,8217,3.653476374
30/06/2011,8218,3.653638462
30/06/2011,8219,3.653800549
30/06/2011,8220,3.653962637
30/06/2011,8221,3.654124725
30/06/2011,8222,3.654286813
30/06/2011,8223,3.654448901
30/06/2011,8224,3.654610989
30/06/2011,8225,3.654773077
30/06/2011,8226,3.654935165
30/06/2011,8227,3.655097253
30/06/2011,8228,3.655259341
30/06/2011,8229,3.655421429
30/06/2011,8230,3.655583516
30/06/2011,8231,3.655745604
30/06/2011,8232,3.655907692
30/06/2011,8233,3.65606978
30/06/2011,8234,3.656231868
30/06/2011,8235,3.656393956
30/06/2011,8236,3.656556044
30/06/2011,8237,3.656718132
30/06/2011,8238,3.65688022
30/06/2011,8239,3.657042308
30/06/2011,8240,3.657204396
30/06/2011,8241,3.657366484
30/06/2011,8242,3.657528571
30/06/2011,8243,3.657690659
30/06/2011,8244,3.657852747
30/06/2011,8245,3.658014835
30/06/2011,8246,3.658176923
30/06/2011,8247,3.658339011
30/06/2011,8248,3.658501099
30/06/2011,8249,3.658663187
30/06/2011,8250,3.658825275
30/06/2011,8251,3.658987363
30/06/2011,8252,3.659149451
30/06/2011,8253,3.659311538
30/06/2011,8254,3.659473626
30/06/2011,8255,3.659635714
30/06/2011,8256,3.659797802
30/06/2011,8257,3.65995989
30/06/2011,8258,3.660121978
30/06/2011,8259,3.660284066
30/06/2011,8260,3.660446154
30/06/2011,8261,3.660608242
30/06/2011,8262,3.66077033
30/06/2011,8263,3.660932418
30/06/2011,8264,3.661094505
30/06/2011,8265,3.661256593
30/06/2011,8266,3.661418681
30/06/2011,8267,3.661580769
30/06/2011,8268,3.661742857
30/06/2011,8269,3.661904945
30/06/2011,8270,3.662067033
30/06/2011,8271,3.662229121
30/06/2011,8272,3.662391209
30/06/2011,8273,3.662553297
30/06/2011,8274,3.662715385
30/06/2011,8275,3.662877473
30/06/2011,8276,3.66303956
30/06/2011,8277,3.663201648
30/06/2011,8278,3.663363736
30/06/2011,8279,3.663525824
30/06/2011,8280,3.663687912
30/06/2011,8281,3.66385
30/06/2011,8282,3.664012088
30/06/2011,8283,3.664174176
30/06/2011,8284,3.664336264
30/06/2011,8285,3.664498352
30/06/2011,8286,3.66466044
30/06/2011,8287,3.664822527
30/06/2011,8288,3.664984615
30/06/2011,8289,3.665146703
30/06/2011,8290,3.665308791
30/06/2011,8291,3.665470879
30/06/2011,8292,3.665632967
30/06/2011,8293,3.665795055
30/06/2011,8294,3.665957143
30/06/2011,8295,3.666119231
30/06/2011,8296,3.666281319
30/06/2011,8297,3.666443407
30/06/2011,8298,3.666605495
30/06/2011,8299,3.666767582
30/06/2011,8300,3.66692967
30/06/2011,8301,3.667091758
30/06/2011,8302,3.667253846
30/06/2011,8303,3.667415934
30/06/2011,8304,3.667578022
30/06/2011,8305,3.66774011
30/06/2011,8306,3.667902198
30/06/2011,8307,3.668064286
30/06/2011,8308,3.668226374
30/06/2011,8309,3.668388462
30/06/2011,8310,3.668550549
30/06/2011,8311,3.668712637
30/06/2011,8312,3.668874725
30/06/2011,8313,3.669036813
30/06/2011,8314,3.669198901
30/06/2011,8315,3.669360989
30/06/2011,8316,3.669523077
30/06/2011,8317,3.669685165
30/06/2011,8318,3.669847253
30/06/2011,8319,3.670009341
30/06/2011,8320,3.670171429
30/06/2011,8321,3.670333516
30/06/2011,8322,3.670495604
30/06/2011,8323,3.670657692
30/06/2011,8324,3.67081978
30/06/2011,8325,3.670981868
30/06/2011,8326,3.671143956
30/06/2011,8327,3.671306044
30/06/2011,8328,3.671468132
30/06/2011,8329,3.67163022
30/06/2011,8330,3.671792308
30/06/2011,8331,3.671954396
30/06/2011,8332,3.672116484
30/06/2011,8333,3.672278571
30/06/2011,8334,3.672440659
30/06/2011,8335,3.672602747
30/06/2011,8336,3.672764835
30/06/2011,8337,3.672926923
30/06/2011,8338,3.673089011
30/06/2011,8339,3.673251099
30/06/2011,8340,3.673413187
30/06/2011,8341,3.673575275
30/06/2011,8342,3.673737363
30/06/2011,8343,3.673899451
30/06/2011,8344,3.674061538
30/06/2011,8345,3.674223626
30/06/2011,8346,3.674385714
30/06/2011,8347,3.674547802
30/06/2011,8348,3.67470989
30/06/2011,8349,3.674871978
30/06/2011,8350,3.675034066
30/06/2011,8351,3.675196154
30/06/2011,8352,3.675358242
30/06/2011,8353,3.67552033
30/06/2011,8354,3.675682418
30/06/2011,8355,3.675844505
30/06/2011,8356,3.676006593
30/06/2011,8357,3.676168681
30/06/2011,8358,3.676330769
30/06/2011,8359,3.676492857
30/06/2011,8360,3.676654945
30/06/2011,8361,3.676817033
30/06/2011,8362,3.676979121
30/06/2011,8363,3.677141209
30/06/2011,8364,3.677303297
30/06/2011,8365,3.677465385
30/06/2011,8366,3.677627473
30/06/2011,8367,3.67778956
30/06/2011,8368,3.677951648
30/06/2011,8369,3.678113736
30/06/2011,8370,3.678275824
30/06/2011,8371,3.678437912
30/06/2011,8372,3.6786
30/06/2011,8373,3.67875989
30/06/2011,8374,3.67891978
30/06/2011,8375,3.67907967
30/06/2011,8376,3.67923956
30/06/2011,8377,3.679399451
30/06/2011,8378,3.679559341
30/06/2011,8379,3.679719231
30/06/2011,8380,3.679879121
30/06/2011,8381,3.680039011
30/06/2011,8382,3.680198901
30/06/2011,8383,3.680358791
30/06/2011,8384,3.680518681
30/06/2011,8385,3.680678571
30/06/2011,8386,3.680838462
30/06/2011,8387,3.680998352
30/06/2011,8388,3.681158242
30/06/2011,8389,3.681318132
30/06/2011,8390,3.681478022
30/06/2011,8391,3.681637912
30/06/2011,8392,3.681797802
30/06/2011,8393,3.681957692
30/06/2011,8394,3.682117582
30/06/2011,8395,3.682277473
30/06/2011,8396,3.682437363
30/06/2011,8397,3.682597253
30/06/2011,8398,3.682757143
30/06/2011,8399,3.682917033
30/06/2011,8400,3.683076923
30/06/2011,8401,3.683236813
30/06/2011,8402,3.683396703
30/06/2011,8403,3.683556593
30/06/2011,8404,3.683716484
30/06/2011,8405,3.683876374
30/06/2011,8406,3.684036264
30/06/2011,8407,3.684196154
30/06/2011,8408,3.684356044
30/06/2011,8409,3.684515934
30/06/2011,8410,3.684675824
30/06/2011,8411,3.684835714
30/06/2011,8412,3.684995604
30/06/2011,8413,3.685155495
30/06/2011,8414,3.685315385
30/06/2011,8415,3.685475275
30/06/2011,8416,3.685635165
30/06/2011,8417,3.685795055
30/06/2011,8418,3.685954945
30/06/2011,8419,3.686114835
30/06/2011,8420,3.686274725
30/06/2011,8421,3.686434615
30/06/2011,8422,3.686594505
30/06/2011,8423,3.686754396
30/06/2011,8424,3.686914286
30/06/2011,8425,3.687074176
30/06/2011,8426,3.687234066
30/06/2011,8427,3.687393956
30/06/2011,8428,3.687553846
30/06/2011,8429,3.687713736
30/06/2011,8430,3.687873626
30/06/2011,8431,3.688033516
30/06/2011,8432,3.688193407
30/06/2011,8433,3.688353297
30/06/2011,8434,3.688513187
30/06/2011,8435,3.688673077
30/06/2011,8436,3.688832967
30/06/2011,8437,3.688992857
30/06/2011,8438,3.689152747
30/06/2011,8439,3.689312637
30/06/2011,8440,3.689472527
30/06/2011,8441,3.689632418
30/06/2011,8442,3.689792308
30/06/2011,8443,3.689952198
30/06/2011,8444,3.690112088
30/06/2011,8445,3.690271978
30/06/2011,8446,3.690431868
30/06/2011,8447,3.690591758
30/06/2011,8448,3.690751648
30/06/2011,8449,3.690911538
30/06/2011,8450,3.691071429
30/06/2011,8451,3.691231319
30/06/2011,8452,3.691391209
30/06/2011,8453,3.691551099
30/06/2011,8454,3.691710989
30/06/2011,8455,3.691870879
30/06/2011,8456,3.692030769
30/06/2011,8457,3.692190659
30/06/2011,8458,3.692350549
30/06/2011,8459,3.69251044
30/06/2011,8460,3.69267033
30/06/2011,8461,3.69283022
30/06/2011,8462,3.69299011
30/06/2011,8463,3.69315
30/06/2011,8464,3.69330989
30/06/2011,8465,3.69346978
30/06/2011,8466,3.69362967
30/06/2011,8467,3.69378956
30/06/2011,8468,3.693949451
30/06/2011,8469,3.694109341
30/06/2011,8470,3.694269231
30/06/2011,8471,3.694429121
30/06/2011,8472,3.694589011
30/06/2011,8473,3.694748901
30/06/2011,8474,3.694908791
30/06/2011,8475,3.695068681
30/06/2011,8476,3.695228571
30/06/2011,8477,3.695388462
30/06/2011,8478,3.695548352
30/06/2011,8479,3.695708242
30/06/2011,8480,3.695868132
30/06/2011,8481,3.696028022
30/06/2011,8482,3.696187912
30/06/2011,8483,3.696347802
30/06/2011,8484,3.696507692
30/06/2011,8485,3.696667582
30/06/2011,8486,3.696827473
30/06/2011,8487,3.696987363
30/06/2011,8488,3.697147253
30/06/2011,8489,3.697307143
30/06/2011,8490,3.697467033
30/06/2011,8491,3.697626923
30/06/2011,8492,3.697786813
30/06/2011,8493,3.697946703
30/06/2011,8494,3.698106593
30/06/2011,8495,3.698266484
30/06/2011,8496,3.698426374
30/06/2011,8497,3.698586264
30/06/2011,8498,3.698746154
30/06/2011,8499,3.698906044
30/06/2011,8500,3.699065934
30/06/2011,8501,3.699225824
30/06/2011,8502,3.699385714
30/06/2011,8503,3.699545604
30/06/2011,8504,3.699705495
30/06/2011,8505,3.699865385
30/06/2011,8506,3.700025275
30/06/2011,8507,3.700185165
30/06/2011,8508,3.700345055
30/06/2011,8509,3.700504945
30/06/2011,8510,3.700664835
30/06/2011,8511,3.700824725
30/06/2011,8512,3.700984615
30/06/2011,8513,3.701144505
30/06/2011,8514,3.701304396
30/06/2011,8515,3.701464286
30/06/2011,8516,3.701624176
30/06/2011,8517,3.701784066
30/06/2011,8518,3.701943956
30/06/2011,8519,3.702103846
30/06/2011,8520,3.702263736
30/06/2011,8521,3.702423626
30/06/2011,8522,3.702583516
30/06/2011,8523,3.702743407
30/06/2011,8524,3.702903297
30/06/2011,8525,3.703063187
30/06/2011,8526,3.703223077
30/06/2011,8527,3.703382967
30/06/2011,8528,3.703542857
30/06/2011,8529,3.703702747
30/06/2011,8530,3.703862637
30/06/2011,8531,3.704022527
30/06/2011,8532,3.704182418
30/06/2011,8533,3.704342308
30/06/2011,8534,3.704502198
30/06/2011,8535,3.704662088
30/06/2011,8536,3.704821978
30/06/2011,8537,3.704981868
30/06/2011,8538,3.705141758
30/06/2011,8539,3.705301648
30/06/2011,8540,3.705461538
30/06/2011,8541,3.705621429
30/06/2011,8542,3.705781319
30/06/2011,8543,3.705941209
30/06/2011,8544,3.706101099
30/06/2011,8545,3.706260989
30/06/2011,8546,3.706420879
30/06/2011,8547,3.706580769
30/06/2011,8548,3.706740659
30/06/2011,8549,3.706900549
30/06/2011,8550,3.70706044
30/06/2011,8551,3.70722033
30/06/2011,8552,3.70738022
30/06/2011,8553,3.70754011
30/06/2011,8554,3.7077
30/06/2011,8555,3.707857143
30/06/2011,8556,3.708014286
30/06/2011,8557,3.708171429
30/06/2011,8558,3.708328571
30/06/2011,8559,3.708485714
30/06/2011,8560,3.708642857
30/06/2011,8561,3.7088
30/06/2011,8562,3.708957143
30/06/2011,8563,3.709114286
30/06/2011,8564,3.709271429
30/06/2011,8565,3.709428571
30/06/2011,8566,3.709585714
30/06/2011,8567,3.709742857
30/06/2011,8568,3.7099
30/06/2011,8569,3.710057143
30/06/2011,8570,3.710214286
30/06/2011,8571,3.710371429
30/06/2011,8572,3.710528571
30/06/2011,8573,3.710685714
30/06/2011,8574,3.710842857
30/06/2011,8575,3.711
30/06/2011,8576,3.711157143
30/06/2011,8577,3.711314286
30/06/2011,8578,3.711471429
30/06/2011,8579,3.711628571
30/06/2011,8580,3.711785714
30/06/2011,8581,3.711942857
30/06/2011,8582,3.7121
30/06/2011,8583,3.712257143
30/06/2011,8584,3.712414286
30/06/2011,8585,3.712571429
30/06/2011,8586,3.712728571
30/06/2011,8587,3.712885714
30/06/2011,8588,3.713042857
30/06/2011,8589,3.7132
30/06/2011,8590,3.713357143
30/06/2011,8591,3.713514286
30/06/2011,8592,3.713671429
30/06/2011,8593,3.713828571
30/06/2011,8594,3.713985714
30/06/2011,8595,3.714142857
30/06/2011,8596,3.7143
30/06/2011,8597,3.714457143
30/06/2011,8598,3.714614286
30/06/2011,8599,3.714771429
30/06/2011,8600,3.714928571
30/06/2011,8601,3.715085714
30/06/2011,8602,3.715242857
30/06/2011,8603,3.7154
30/06/2011,8604,3.715557143
30/06/2011,8605,3.715714286
30/06/2011,8606,3.715871429
30/06/2011,8607,3.716028571
30/06/2011,8608,3.716185714
30/06/2011,8609,3.716342857
30/06/2011,8610,3.7165
30/06/2011,8611,3.716657143
30/06/2011,8612,3.716814286
30/06/2011,8613,3.716971429
30/06/2011,8614,3.717128571
30/06/2011,8615,3.717285714
30/06/2011,8616,3.717442857
30/06/2011,8617,3.7176
30/06/2011,8618,3.717757143
30/06/2011,8619,3.717914286
30/06/2011,8620,3.718071429
30/06/2011,8621,3.718228571
30/06/2011,8622,3.718385714
30/06/2011,8623,3.718542857
30/06/2011,8624,3.7187
30/06/2011,8625,3.718857143
30/06/2011,8626,3.719014286
30/06/2011,8627,3.719171429
30/06/2011,8628,3.719328571
30/06/2011,8629,3.719485714
30/06/2011,8630,3.719642857
30/06/2011,8631,3.7198
30/06/2011,8632,3.719957143
30/06/2011,8633,3.720114286
30/06/2011,8634,3.720271429
30/06/2011,8635,3.720428571
30/06/2011,8636,3.720585714
30/06/2011,8637,3.720742857
30/06/2011,8638,3.7209
30/06/2011,8639,3.721057143
30/06/2011,8640,3.721214286
30/06/2011,8641,3.721371429
30/06/2011,8642,3.721528571
30/06/2011,8643,3.721685714
30/06/2011,8644,3.721842857
30/06/2011,8645,3.722
30/06/2011,8646,3.722157143
30/06/2011,8647,3.722314286
30/06/2011,8648,3.722471429
30/06/2011,8649,3.722628571
30/06/2011,8650,3.722785714
30/06/2011,8651,3.722942857
30/06/2011,8652,3.7231
30/06/2011,8653,3.723257143
30/06/2011,8654,3.723414286
30/06/2011,8655,3.723571429
30/06/2011,8656,3.723728571
30/06/2011,8657,3.723885714
30/06/2011,8658,3.724042857
30/06/2011,8659,3.7242
30/06/2011,8660,3.724357143
30/06/2011,8661,3.724514286
30/06/2011,8662,3.724671429
30/06/2011,8663,3.724828571
30/06/2011,8664,3.724985714
30/06/2011,8665,3.725142857
30/06/2011,8666,3.7253
30/06/2011,8667,3.725457143
30/06/2011,8668,3.725614286
30/06/2011,8669,3.725771429
30/06/2011,8670,3.725928571
30/06/2011,8671,3.726085714
30/06/2011,8672,3.726242857
30/06/2011,8673,3.7264
30/06/2011,8674,3.726557143
30/06/2011,8675,3.726714286
30/06/2011,8676,3.726871429
30/06/2011,8677,3.727028571
30/06/2011,8678,3.727185714
30/06/2011,8679,3.727342857
30/06/2011,8680,3.7275
30/06/2011,8681,3.727657143
30/06/2011,8682,3.727814286
30/06/2011,8683,3.727971429
30/06/2011,8684,3.728128571
30/06/2011,8685,3.728285714
30/06/2011,8686,3.728442857
30/06/2011,8687,3.7286
30/06/2011,8688,3.728757143
30/06/2011,8689,3.728914286
30/06/2011,8690,3.729071429
30/06/2011,8691,3.729228571
30/06/2011,8692,3.729385714
30/06/2011,8693,3.729542857
30/06/2011,8694,3.7297
30/06/2011,8695,3.729857143
30/06/2011,8696,3.730014286
30/06/2011,8697,3.730171429
30/06/2011,8698,3.730328571
30/06/2011,8699,3.730485714
30/06/2011,8700,3.730642857
30/06/2011,8701,3.7308
30/06/2011,8702,3.730957143
30/06/2011,8703,3.731114286
30/06/2011,8704,3.731271429
30/06/2011,8705,3.731428571
30/06/2011,8706,3.731585714
30/06/2011,8707,3.731742857
30/06/2011,8708,3.7319
30/06/2011,8709,3.732057143
30/06/2011,8710,3.732214286
30/06/2011,8711,3.732371429
30/06/2011,8712,3.732528571
30/06/2011,8713,3.732685714
30/06/2011,8714,3.732842857
30/06/2011,8715,3.733
30/06/2011,8716,3.733157143
30/06/2011,8717,3.733314286
30/06/2011,8718,3.733471429
30/06/2011,8719,3.733628571
30/06/2011,8720,3.733785714
30/06/2011,8721,3.733942857
30/06/2011,8722,3.7341
30/06/2011,8723,3.734257143
30/06/2011,8724,3.734414286
30/06/2011,8725,3.734571429
30/06/2011,8726,3.734728571
30/06/2011,8727,3.734885714
30/06/2011,8728,3.735042857
30/06/2011,8729,3.7352
30/06/2011,8730,3.735357143
30/06/2011,8731,3.735514286
30/06/2011,8732,3.735671429
30/06/2011,8733,3.735828571
30/06/2011,8734,3.735985714
30/06/2011,8735,3.736142857
30/06/2011,8736,3.7363
30/06/2011,8737,3.736450549
30/06/2011,8738,3.736601099
30/06/2011,8739,3.736751648
30/06/2011,8740,3.736902198
30/06/2011,8741,3.737052747
30/06/2011,8742,3.737203297
30/06/2011,8743,3.737353846
30/06/2011,8744,3.737504396
30/06/2011,8745,3.737654945
30/06/2011,8746,3.737805495
30/06/2011,8747,3.737956044
30/06/2011,8748,3.738106593
30/06/2011,8749,3.738257143
30/06/2011,8750,3.738407692
30/06/2011,8751,3.738558242
30/06/2011,8752,3.738708791
30/06/2011,8753,3.738859341
30/06/2011,8754,3.73900989
30/06/2011,8755,3.73916044
30/06/2011,8756,3.739310989
30/06/2011,8757,3.739461538
30/06/2011,8758,3.739612088
30/06/2011,8759,3.739762637
30/06/2011,8760,3.739913187
30/06/2011,8761,3.740063736
30/06/2011,8762,3.740214286
30/06/2011,8763,3.740364835
30/06/2011,8764,3.740515385
30/06/2011,8765,3.740665934
30/06/2011,8766,3.740816484
30/06/2011,8767,3.740967033
30/06/2011,8768,3.741117582
30/06/2011,8769,3.741268132
30/06/2011,8770,3.741418681
30/06/2011,8771,3.741569231
30/06/2011,8772,3.74171978
30/06/2011,8773,3.74187033
30/06/2011,8774,3.742020879
30/06/2011,8775,3.742171429
30/06/2011,8776,3.742321978
30/06/2011,8777,3.742472527
30/06/2011,8778,3.742623077
30/06/2011,8779,3.742773626
30/06/2011,8780,3.742924176
30/06/2011,8781,3.743074725
30/06/2011,8782,3.743225275
30/06/2011,8783,3.743375824
30/06/2011,8784,3.743526374
30/06/2011,8785,3.743676923
30/06/2011,8786,3.743827473
30/06/2011,8787,3.743978022
30/06/2011,8788,3.744128571
30/06/2011,8789,3.744279121
30/06/2011,8790,3.74442967
30/06/2011,8791,3.74458022
30/06/2011,8792,3.744730769
30/06/2011,8793,3.744881319
30/06/2011,8794,3.745031868
30/06/2011,8795,3.745182418
30/06/2011,8796,3.745332967
30/06/2011,8797,3.745483516
30/06/2011,8798,3.745634066
30/06/2011,8799,3.745784615
30/06/2011,8800,3.745935165
30/06/2011,8801,3.746085714
30/06/2011,8802,3.746236264
30/06/2011,8803,3.746386813
30/06/2011,8804,3.746537363
30/06/2011,8805,3.746687912
30/06/2011,8806,3.746838462
30/06/2011,8807,3.746989011
30/06/2011,8808,3.74713956
30/06/2011,8809,3.74729011
30/06/2011,8810,3.747440659
30/06/2011,8811,3.747591209
30/06/2011,8812,3.747741758
30/06/2011,8813,3.747892308
30/06/2011,8814,3.748042857
30/06/2011,8815,3.748193407
30/06/2011,8816,3.748343956
30/06/2011,8817,3.748494505
30/06/2011,8818,3.748645055
30/06/2011,8819,3.748795604
30/06/2011,8820,3.748946154
30/06/2011,8821,3.749096703
30/06/2011,8822,3.749247253
30/06/2011,8823,3.749397802
30/06/2011,8824,3.749548352
30/06/2011,8825,3.749698901
30/06/2011,8826,3.749849451
30/06/2011,8827,3.75
30/06/2011,8828,3.750150549
30/06/2011,8829,3.750301099
30/06/2011,8830,3.750451648
30/06/2011,8831,3.750602198
30/06/2011,8832,3.750752747
30/06/2011,8833,3.750903297
30/06/2011,8834,3.751053846
30/06/2011,8835,3.751204396
30/06/2011,8836,3.751354945
30/06/2011,8837,3.751505495
30/06/2011,8838,3.751656044
30/06/2011,8839,3.751806593
30/06/2011,8840,3.751957143
30/06/2011,8841,3.752107692
30/06/2011,8842,3.752258242
30/06/2011,8843,3.752408791
30/06/2011,8844,3.752559341
30/06/2011,8845,3.75270989
30/06/2011,8846,3.75286044
30/06/2011,8847,3.753010989
30/06/2011,8848,3.753161538
30/06/2011,8849,3.753312088
30/06/2011,8850,3.753462637
30/06/2011,8851,3.753613187
30/06/2011,8852,3.753763736
30/06/2011,8853,3.753914286
30/06/2011,8854,3.754064835
30/06/2011,8855,3.754215385
30/06/2011,8856,3.754365934
30/06/2011,8857,3.754516484
30/06/2011,8858,3.754667033
30/06/2011,8859,3.754817582
30/06/2011,8860,3.754968132
30/06/2011,8861,3.755118681
30/06/2011,8862,3.755269231
30/06/2011,8863,3.75541978
30/06/2011,8864,3.75557033
30/06/2011,8865,3.755720879
30/06/2011,8866,3.755871429
30/06/2011,8867,3.756021978
30/06/2011,8868,3.756172527
30/06/2011,8869,3.756323077
30/06/2011,8870,3.756473626
30/06/2011,8871,3.756624176
30/06/2011,8872,3.756774725
30/06/2011,8873,3.756925275
30/06/2011,8874,3.757075824
30/06/2011,8875,3.757226374
30/06/2011,8876,3.757376923
30/06/2011,8877,3.757527473
30/06/2011,8878,3.757678022
30/06/2011,8879,3.757828571
30/06/2011,8880,3.757979121
30/06/2011,8881,3.75812967
30/06/2011,8882,3.75828022
30/06/2011,8883,3.758430769
30/06/2011,8884,3.758581319
30/06/2011,8885,3.758731868
30/06/2011,8886,3.758882418
30/06/2011,8887,3.759032967
30/06/2011,8888,3.759183516
30/06/2011,8889,3.759334066
30/06/2011,8890,3.759484615
30/06/2011,8891,3.759635165
30/06/2011,8892,3.759785714
30/06/2011,8893,3.759936264
30/06/2011,8894,3.760086813
30/06/2011,8895,3.760237363
30/06/2011,8896,3.760387912
30/06/2011,8897,3.760538462
30/06/2011,8898,3.760689011
30/06/2011,8899,3.76083956
30/06/2011,8900,3.76099011
30/06/2011,8901,3.761140659
30/06/2011,8902,3.761291209
30/06/2011,8903,3.761441758
30/06/2011,8904,3.761592308
30/06/2011,8905,3.761742857
30/06/2011,8906,3.761893407
30/06/2011,8907,3.762043956
30/06/2011,8908,3.762194505
30/06/2011,8909,3.762345055
30/06/2011,8910,3.762495604
30/06/2011,8911,3.762646154
30/06/2011,8912,3.762796703
30/06/2011,8913,3.762947253
30/06/2011,8914,3.763097802
30/06/2011,8915,3.763248352
30/06/2011,8916,3.763398901
30/06/2011,8917,3.763549451
30/06/2011,8918,3.7637
30/06/2011,8919,3.763752747
30/06/2011,8920,3.763805495
30/06/2011,8921,3.763858242
30/06/2011,8922,3.763910989
30/06/2011,8923,3.763963736
30/06/2011,8924,3.764016484
30/06/2011,8925,3.764069231
30/06/2011,8926,3.764121978
30/06/2011,8927,3.764174725
30/06/2011,8928,3.764227473
30/06/2011,8929,3.76428022
30/06/2011,8930,3.764332967
30/06/2011,8931,3.764385714
30/06/2011,8932,3.764438462
30/06/2011,8933,3.764491209
30/06/2011,8934,3.764543956
30/06/2011,8935,3.764596703
30/06/2011,8936,3.764649451
30/06/2011,8937,3.764702198
30/06/2011,8938,3.764754945
30/06/2011,8939,3.764807692
30/06/2011,8940,3.76486044
30/06/2011,8941,3.764913187
30/06/2011,8942,3.764965934
30/06/2011,8943,3.765018681
30/06/2011,8944,3.765071429
30/06/2011,8945,3.765124176
30/06/2011,8946,3.765176923
30/06/2011,8947,3.76522967
30/06/2011,8948,3.765282418
30/06/2011,8949,3.765335165
30/06/2011,8950,3.765387912
30/06/2011,8951,3.765440659
30/06/2011,8952,3.765493407
30/06/2011,8953,3.765546154
30/06/2011,8954,3.765598901
30/06/2011,8955,3.765651648
30/06/2011,8956,3.765704396
30/06/2011,8957,3.765757143
30/06/2011,8958,3.76580989
30/06/2011,8959,3.765862637
30/06/2011,8960,3.765915385
30/06/2011,8961,3.765968132
30/06/2011,8962,3.766020879
30/06/2011,8963,3.766073626
30/06/2011,8964,3.766126374
30/06/2011,8965,3.766179121
30/06/2011,8966,3.766231868
30/06/2011,8967,3.766284615
30/06/2011,8968,3.766337363
30/06/2011,8969,3.76639011
30/06/2011,8970,3.766442857
30/06/2011,8971,3.766495604
30/06/2011,8972,3.766548352
30/06/2011,8973,3.766601099
30/06/2011,8974,3.766653846
30/06/2011,8975,3.766706593
30/06/2011,8976,3.766759341
30/06/2011,8977,3.766812088
30/06/2011,8978,3.766864835
30/06/2011,8979,3.766917582
30/06/2011,8980,3.76697033
30/06/2011,8981,3.767023077
30/06/2011,8982,3.767075824
30/06/2011,8983,3.767128571
30/06/2011,8984,3.767181319
30/06/2011,8985,3.767234066
30/06/2011,8986,3.767286813
30/06/2011,8987,3.76733956
30/06/2011,8988,3.767392308
30/06/2011,8989,3.767445055
30/06/2011,8990,3.767497802
30/06/2011,8991,3.767550549
30/06/2011,8992,3.767603297
30/06/2011,8993,3.767656044
30/06/2011,8994,3.767708791
30/06/2011,8995,3.767761538
30/06/2011,8996,3.767814286
30/06/2011,8997,3.767867033
30/06/2011,8998,3.76791978
30/06/2011,8999,3.767972527
30/06/2011,9000,3.768025275
30/06/2011,9001,3.768078022
30/06/2011,9002,3.768130769
30/06/2011,9003,3.768183516
30/06/2011,9004,3.768236264
30/06/2011,9005,3.768289011
30/06/2011,9006,3.768341758
30/06/2011,9007,3.768394505
30/06/2011,9008,3.768447253
30/06/2011,9009,3.7685
30/06/2011,9010,3.768552747
30/06/2011,9011,3.768605495
30/06/2011,9012,3.768658242
30/06/2011,9013,3.768710989
30/06/2011,9014,3.768763736
30/06/2011,9015,3.768816484
30/06/2011,9016,3.768869231
30/06/2011,9017,3.768921978
30/06/2011,9018,3.768974725
30/06/2011,9019,3.769027473
30/06/2011,9020,3.76908022
30/06/2011,9021,3.769132967
30/06/2011,9022,3.769185714
30/06/2011,9023,3.769238462
30/06/2011,9024,3.769291209
30/06/2011,9025,3.769343956
30/06/2011,9026,3.769396703
30/06/2011,9027,3.769449451
30/06/2011,9028,3.769502198
30/06/2011,9029,3.769554945
30/06/2011,9030,3.769607692
30/06/2011,9031,3.76966044
30/06/2011,9032,3.769713187
30/06/2011,9033,3.769765934
30/06/2011,9034,3.769818681
30/06/2011,9035,3.769871429
30/06/2011,9036,3.769924176
30/06/2011,9037,3.769976923
30/06/2011,9038,3.77002967
30/06/2011,9039,3.770082418
30/06/2011,9040,3.770135165
30/06/2011,9041,3.770187912
30/06/2011,9042,3.770240659
30/06/2011,9043,3.770293407
30/06/2011,9044,3.770346154
30/06/2011,9045,3.770398901
30/06/2011,9046,3.770451648
30/06/2011,9047,3.770504396
30/06/2011,9048,3.770557143
30/06/2011,9049,3.77060989
30/06/2011,9050,3.770662637
30/06/2011,9051,3.770715385
30/06/2011,9052,3.770768132
30/06/2011,9053,3.770820879
30/06/2011,9054,3.770873626
30/06/2011,9055,3.770926374
30/06/2011,9056,3.770979121
30/06/2011,9057,3.771031868
30/06/2011,9058,3.771084615
30/06/2011,9059,3.771137363
30/06/2011,9060,3.77119011
30/06/2011,9061,3.771242857
30/06/2011,9062,3.771295604
30/06/2011,9063,3.771348352
30/06/2011,9064,3.771401099
30/06/2011,9065,3.771453846
30/06/2011,9066,3.771506593
30/06/2011,9067,3.771559341
30/06/2011,9068,3.771612088
30/06/2011,9069,3.771664835
30/06/2011,9070,3.771717582
30/06/2011,9071,3.77177033
30/06/2011,9072,3.771823077
30/06/2011,9073,3.771875824
30/06/2011,9074,3.771928571
30/06/2011,9075,3.771981319
30/06/2011,9076,3.772034066
30/06/2011,9077,3.772086813
30/06/2011,9078,3.77213956
30/06/2011,9079,3.772192308
30/06/2011,9080,3.772245055
30/06/2011,9081,3.772297802
30/06/2011,9082,3.772350549
30/06/2011,9083,3.772403297
30/06/2011,9084,3.772456044
30/06/2011,9085,3.772508791
30/06/2011,9086,3.772561538
30/06/2011,9087,3.772614286
30/06/2011,9088,3.772667033
30/06/2011,9089,3.77271978
30/06/2011,9090,3.772772527
30/06/2011,9091,3.772825275
30/06/2011,9092,3.772878022
30/06/2011,9093,3.772930769
30/06/2011,9094,3.772983516
30/06/2011,9095,3.773036264
30/06/2011,9096,3.773089011
30/06/2011,9097,3.773141758
30/06/2011,9098,3.773194505
30/06/2011,9099,3.773247253
30/06/2011,9100,3.7733
30/06/2011,9101,3.773350549
30/06/2011,9102,3.773401099
30/06/2011,9103,3.773451648
30/06/2011,9104,3.773502198
30/06/2011,9105,3.773552747
30/06/2011,9106,3.773603297
30/06/2011,9107,3.773653846
30/06/2011,9108,3.773704396
30/06/2011,9109,3.773754945
30/06/2011,9110,3.773805495
30/06/2011,9111,3.773856044
30/06/2011,9112,3.773906593
30/06/2011,9113,3.773957143
30/06/2011,9114,3.774007692
30/06/2011,9115,3.774058242
30/06/2011,9116,3.774108791
30/06/2011,9117,3.774159341
30/06/2011,9118,3.77420989
30/06/2011,9119,3.77426044
30/06/2011,9120,3.774310989
30/06/2011,9121,3.774361538
30/06/2011,9122,3.774412088
30/06/2011,9123,3.774462637
30/06/2011,9124,3.774513187
30/06/2011,9125,3.774563736
30/06/2011,9126,3.774614286
30/06/2011,9127,3.774664835
30/06/2011,9128,3.774715385
30/06/2011,9129,3.774765934
30/06/2011,9130,3.774816484
30/06/2011,9131,3.774867033
30/06/2011,9132,3.774917582
30/06/2011,9133,3.774968132
30/06/2011,9134,3.775018681
30/06/2011,9135,3.775069231
30/06/2011,9136,3.77511978
30/06/2011,9137,3.77517033
30/06/2011,9138,3.775220879
30/06/2011,9139,3.775271429
30/06/2011,9140,3.775321978
30/06/2011,9141,3.775372527
30/06/2011,9142,3.775423077
30/06/2011,9143,3.775473626
30/06/2011,9144,3.775524176
30/06/2011,9145,3.775574725
30/06/2011,9146,3.775625275
30/06/2011,9147,3.775675824
30/06/2011,9148,3.775726374
30/06/2011,9149,3.775776923
30/06/2011,9150,3.775827473
30/06/2011,9151,3.775878022
30/06/2011,9152,3.775928571
30/06/2011,9153,3.775979121
30/06/2011,9154,3.77602967
30/06/2011,9155,3.77608022
30/06/2011,9156,3.776130769
30/06/2011,9157,3.776181319
30/06/2011,9158,3.776231868
30/06/2011,9159,3.776282418
30/06/2011,9160,3.776332967
30/06/2011,9161,3.776383516
30/06/2011,9162,3.776434066
30/06/2011,9163,3.776484615
30/06/2011,9164,3.776535165
30/06/2011,9165,3.776585714
30/06/2011,9166,3.776636264
30/06/2011,9167,3.776686813
30/06/2011,9168,3.776737363
30/06/2011,9169,3.776787912
30/06/2011,9170,3.776838462
30/06/2011,9171,3.776889011
30/06/2011,9172,3.77693956
30/06/2011,9173,3.77699011
30/06/2011,9174,3.777040659
30/06/2011,9175,3.777091209
30/06/2011,9176,3.777141758
30/06/2011,9177,3.777192308
30/06/2011,9178,3.777242857
30/06/2011,9179,3.777293407
30/06/2011,9180,3.777343956
30/06/2011,9181,3.777394505
30/06/2011,9182,3.777445055
30/06/2011,9183,3.777495604
30/06/2011,9184,3.777546154
30/06/2011,9185,3.777596703
30/06/2011,9186,3.777647253
30/06/2011,9187,3.777697802
30/06/2011,9188,3.777748352
30/06/2011,9189,3.777798901
30/06/2011,9190,3.777849451
30/06/2011,9191,3.7779
30/06/2011,9192,3.777950549
30/06/2011,9193,3.778001099
30/06/2011,9194,3.778051648
30/06/2011,9195,3.778102198
30/06/2011,9196,3.778152747
30/06/2011,9197,3.778203297
30/06/2011,9198,3.778253846
30/06/2011,9199,3.778304396
30/06/2011,9200,3.778354945
30/06/2011,9201,3.778405495
30/06/2011,9202,3.778456044
30/06/2011,9203,3.778506593
30/06/2011,9204,3.778557143
30/06/2011,9205,3.778607692
30/06/2011,9206,3.778658242
30/06/2011,9207,3.778708791
30/06/2011,9208,3.778759341
30/06/2011,9209,3.77880989
30/06/2011,9210,3.77886044
30/06/2011,9211,3.778910989
30/06/2011,9212,3.778961538
30/06/2011,9213,3.779012088
30/06/2011,9214,3.779062637
30/06/2011,9215,3.779113187
30/06/2011,9216,3.779163736
30/06/2011,9217,3.779214286
30/06/2011,9218,3.779264835
30/06/2011,9219,3.779315385
30/06/2011,9220,3.779365934
30/06/2011,9221,3.779416484
30/06/2011,9222,3.779467033
30/06/2011,9223,3.779517582
30/06/2011,9224,3.779568132
30/06/2011,9225,3.779618681
30/06/2011,9226,3.779669231
30/06/2011,9227,3.77971978
30/06/2011,9228,3.77977033
30/06/2011,9229,3.779820879
30/06/2011,9230,3.779871429
30/06/2011,9231,3.779921978
30/06/2011,9232,3.779972527
30/06/2011,9233,3.780023077
30/06/2011,9234,3.780073626
30/06/2011,9235,3.780124176
30/06/2011,9236,3.780174725
30/06/2011,9237,3.780225275
30/06/2011,9238,3.780275824
30/06/2011,9239,3.780326374
30/06/2011,9240,3.780376923
30/06/2011,9241,3.780427473
30/06/2011,9242,3.780478022
30/06/2011,9243,3.780528571
30/06/2011,9244,3.780579121
30/06/2011,9245,3.78062967
30/06/2011,9246,3.78068022
30/06/2011,9247,3.780730769
30/06/2011,9248,3.780781319
30/06/2011,9249,3.780831868
30/06/2011,9250,3.780882418
30/06/2011,9251,3.780932967
30/06/2011,9252,3.780983516
30/06/2011,9253,3.781034066
30/06/2011,9254,3.781084615
30/06/2011,9255,3.781135165
30/06/2011,9256,3.781185714
30/06/2011,9257,3.781236264
30/06/2011,9258,3.781286813
30/06/2011,9259,3.781337363
30/06/2011,9260,3.781387912
30/06/2011,9261,3.781438462
30/06/2011,9262,3.781489011
30/06/2011,9263,3.78153956
30/06/2011,9264,3.78159011
30/06/2011,9265,3.781640659
30/06/2011,9266,3.781691209
30/06/2011,9267,3.781741758
30/06/2011,9268,3.781792308
30/06/2011,9269,3.781842857
30/06/2011,9270,3.781893407
30/06/2011,9271,3.781943956
30/06/2011,9272,3.781994505
30/06/2011,9273,3.782045055
30/06/2011,9274,3.782095604
30/06/2011,9275,3.782146154
30/06/2011,9276,3.782196703
30/06/2011,9277,3.782247253
30/06/2011,9278,3.782297802
30/06/2011,9279,3.782348352
30/06/2011,9280,3.782398901
30/06/2011,9281,3.782449451
30/06/2011,9282,3.7825
30/06/2011,9283,3.782548901
30/06/2011,9284,3.782597802
30/06/2011,9285,3.782646703
30/06/2011,9286,3.782695604
30/06/2011,9287,3.782744505
30/06/2011,9288,3.782793407
30/06/2011,9289,3.782842308
30/06/2011,9290,3.782891209
30/06/2011,9291,3.78294011
30/06/2011,9292,3.782989011
30/06/2011,9293,3.783037912
30/06/2011,9294,3.783086813
30/06/2011,9295,3.783135714
30/06/2011,9296,3.783184615
30/06/2011,9297,3.783233516
30/06/2011,9298,3.783282418
30/06/2011,9299,3.783331319
30/06/2011,9300,3.78338022
30/06/2011,9301,3.783429121
30/06/2011,9302,3.783478022
30/06/2011,9303,3.783526923
30/06/2011,9304,3.783575824
30/06/2011,9305,3.783624725
30/06/2011,9306,3.783673626
30/06/2011,9307,3.783722527
30/06/2011,9308,3.783771429
30/06/2011,9309,3.78382033
30/06/2011,9310,3.783869231
30/06/2011,9311,3.783918132
30/06/2011,9312,3.783967033
30/06/2011,9313,3.784015934
30/06/2011,9314,3.784064835
30/06/2011,9315,3.784113736
30/06/2011,9316,3.784162637
30/06/2011,9317,3.784211538
30/06/2011,9318,3.78426044
30/06/2011,9319,3.784309341
30/06/2011,9320,3.784358242
30/06/2011,9321,3.784407143
30/06/2011,9322,3.784456044
30/06/2011,9323,3.784504945
30/06/2011,9324,3.784553846
30/06/2011,9325,3.784602747
30/06/2011,9326,3.784651648
30/06/2011,9327,3.784700549
30/06/2011,9328,3.784749451
30/06/2011,9329,3.784798352
30/06/2011,9330,3.784847253
30/06/2011,9331,3.784896154
30/06/2011,9332,3.784945055
30/06/2011,9333,3.784993956
30/06/2011,9334,3.785042857
30/06/2011,9335,3.785091758
30/06/2011,9336,3.785140659
30/06/2011,9337,3.78518956
30/06/2011,9338,3.785238462
30/06/2011,9339,3.785287363
30/06/2011,9340,3.785336264
30/06/2011,9341,3.785385165
30/06/2011,9342,3.785434066
30/06/2011,9343,3.785482967
30/06/2011,9344,3.785531868
30/06/2011,9345,3.785580769
30/06/2011,9346,3.78562967
30/06/2011,9347,3.785678571
30/06/2011,9348,3.785727473
30/06/2011,9349,3.785776374
30/06/2011,9350,3.785825275
30/06/2011,9351,3.785874176
30/06/2011,9352,3.785923077
30/06/2011,9353,3.785971978
30/06/2011,9354,3.786020879
30/06/2011,9355,3.78606978
30/06/2011,9356,3.786118681
30/06/2011,9357,3.786167582
30/06/2011,9358,3.786216484
30/06/2011,9359,3.786265385
30/06/2011,9360,3.786314286
30/06/2011,9361,3.786363187
30/06/2011,9362,3.786412088
30/06/2011,9363,3.786460989
30/06/2011,9364,3.78650989
30/06/2011,9365,3.786558791
30/06/2011,9366,3.786607692
30/06/2011,9367,3.786656593
30/06/2011,9368,3.786705495
30/06/2011,9369,3.786754396
30/06/2011,9370,3.786803297
30/06/2011,9371,3.786852198
30/06/2011,9372,3.786901099
30/06/2011,9373,3.78695
30/06/2011,9374,3.786998901
30/06/2011,9375,3.787047802
30/06/2011,9376,3.787096703
30/06/2011,9377,3.787145604
30/06/2011,9378,3.787194505
30/06/2011,9379,3.787243407
30/06/2011,9380,3.787292308
30/06/2011,9381,3.787341209
30/06/2011,9382,3.78739011
30/06/2011,9383,3.787439011
30/06/2011,9384,3.787487912
30/06/2011,9385,3.787536813
30/06/2011,9386,3.787585714
30/06/2011,9387,3.787634615
30/06/2011,9388,3.787683516
30/06/2011,9389,3.787732418
30/06/2011,9390,3.787781319
30/06/2011,9391,3.78783022
30/06/2011,9392,3.787879121
30/06/2011,9393,3.787928022
30/06/2011,9394,3.787976923
30/06/2011,9395,3.788025824
30/06/2011,9396,3.788074725
30/06/2011,9397,3.788123626
30/06/2011,9398,3.788172527
30/06/2011,9399,3.788221429
30/06/2011,9400,3.78827033
30/06/2011,9401,3.788319231
30/06/2011,9402,3.788368132
30/06/2011,9403,3.788417033
30/06/2011,9404,3.788465934
30/06/2011,9405,3.788514835
30/06/2011,9406,3.788563736
30/06/2011,9407,3.788612637
30/06/2011,9408,3.788661538
30/06/2011,9409,3.78871044
30/06/2011,9410,3.788759341
30/06/2011,9411,3.788808242
30/06/2011,9412,3.788857143
30/06/2011,9413,3.788906044
30/06/2011,9414,3.788954945
30/06/2011,9415,3.789003846
30/06/2011,9416,3.789052747
30/06/2011,9417,3.789101648
30/06/2011,9418,3.789150549
30/06/2011,9419,3.789199451
30/06/2011,9420,3.789248352
30/06/2011,9421,3.789297253
30/06/2011,9422,3.789346154
30/06/2011,9423,3.789395055
30/06/2011,9424,3.789443956
30/06/2011,9425,3.789492857
30/06/2011,9426,3.789541758
30/06/2011,9427,3.789590659
30/06/2011,9428,3.78963956
30/06/2011,9429,3.789688462
30/06/2011,9430,3.789737363
30/06/2011,9431,3.789786264
30/06/2011,9432,3.789835165
30/06/2011,9433,3.789884066
30/06/2011,9434,3.789932967
30/06/2011,9435,3.789981868
30/06/2011,9436,3.790030769
30/06/2011,9437,3.79007967
30/06/2011,9438,3.790128571
30/06/2011,9439,3.790177473
30/06/2011,9440,3.790226374
30/06/2011,9441,3.790275275
30/06/2011,9442,3.790324176
30/06/2011,9443,3.790373077
30/06/2011,9444,3.790421978
30/06/2011,9445,3.790470879
30/06/2011,9446,3.79051978
30/06/2011,9447,3.790568681
30/06/2011,9448,3.790617582
30/06/2011,9449,3.790666484
30/06/2011,9450,3.790715385
30/06/2011,9451,3.790764286
30/06/2011,9452,3.790813187
30/06/2011,9453,3.790862088
30/06/2011,9454,3.790910989
30/06/2011,9455,3.79095989
30/06/2011,9456,3.791008791
30/06/2011,9457,3.791057692
30/06/2011,9458,3.791106593
30/06/2011,9459,3.791155495
30/06/2011,9460,3.791204396
30/06/2011,9461,3.791253297
30/06/2011,9462,3.791302198
30/06/2011,9463,3.791351099
30/06/2011,9464,3.7914
30/06/2011,9465,3.791447253
30/06/2011,9466,3.791494505
30/06/2011,9467,3.791541758
30/06/2011,9468,3.791589011
30/06/2011,9469,3.791636264
30/06/2011,9470,3.791683516
30/06/2011,9471,3.791730769
30/06/2011,9472,3.791778022
30/06/2011,9473,3.791825275
30/06/2011,9474,3.791872527
30/06/2011,9475,3.79191978
30/06/2011,9476,3.791967033
30/06/2011,9477,3.792014286
30/06/2011,9478,3.792061538
30/06/2011,9479,3.792108791
30/06/2011,9480,3.792156044
30/06/2011,9481,3.792203297
30/06/2011,9482,3.792250549
30/06/2011,9483,3.792297802
30/06/2011,9484,3.792345055
30/06/2011,9485,3.792392308
30/06/2011,9486,3.79243956
30/06/2011,9487,3.792486813
30/06/2011,9488,3.792534066
30/06/2011,9489,3.792581319
30/06/2011,9490,3.792628571
30/06/2011,9491,3.792675824
30/06/2011,9492,3.792723077
30/06/2011,9493,3.79277033
30/06/2011,9494,3.792817582
30/06/2011,9495,3.792864835
30/06/2011,9496,3.792912088
30/06/2011,9497,3.792959341
30/06/2011,9498,3.793006593
30/06/2011,9499,3.793053846
30/06/2011,9500,3.793101099
30/06/2011,9501,3.793148352
30/06/2011,9502,3.793195604
30/06/2011,9503,3.793242857
30/06/2011,9504,3.79329011
30/06/2011,9505,3.793337363
30/06/2011,9506,3.793384615
30/06/2011,9507,3.793431868
30/06/2011,9508,3.793479121
30/06/2011,9509,3.793526374
30/06/2011,9510,3.793573626
30/06/2011,9511,3.793620879
30/06/2011,9512,3.793668132
30/06/2011,9513,3.793715385
30/06/2011,9514,3.793762637
30/06/2011,9515,3.79380989
30/06/2011,9516,3.793857143
30/06/2011,9517,3.793904396
30/06/2011,9518,3.793951648
30/06/2011,9519,3.793998901
30/06/2011,9520,3.794046154
30/06/2011,9521,3.794093407
30/06/2011,9522,3.794140659
30/06/2011,9523,3.794187912
30/06/2011,9524,3.794235165
30/06/2011,9525,3.794282418
30/06/2011,9526,3.79432967
30/06/2011,9527,3.794376923
30/06/2011,9528,3.794424176
30/06/2011,9529,3.794471429
30/06/2011,9530,3.794518681
30/06/2011,9531,3.794565934
30/06/2011,9532,3.794613187
30/06/2011,9533,3.79466044
30/06/2011,9534,3.794707692
30/06/2011,9535,3.794754945
30/06/2011,9536,3.794802198
30/06/2011,9537,3.794849451
30/06/2011,9538,3.794896703
30/06/2011,9539,3.794943956
30/06/2011,9540,3.794991209
30/06/2011,9541,3.795038462
30/06/2011,9542,3.795085714
30/06/2011,9543,3.795132967
30/06/2011,9544,3.79518022
30/06/2011,9545,3.795227473
30/06/2011,9546,3.795274725
30/06/2011,9547,3.795321978
30/06/2011,9548,3.795369231
30/06/2011,9549,3.795416484
30/06/2011,9550,3.795463736
30/06/2011,9551,3.795510989
30/06/2011,9552,3.795558242
30/06/2011,9553,3.795605495
30/06/2011,9554,3.795652747
30/06/2011,9555,3.7957
30/06/2011,9556,3.795747253
30/06/2011,9557,3.795794505
30/06/2011,9558,3.795841758
30/06/2011,9559,3.795889011
30/06/2011,9560,3.795936264
30/06/2011,9561,3.795983516
30/06/2011,9562,3.796030769
30/06/2011,9563,3.796078022
30/06/2011,9564,3.796125275
30/06/2011,9565,3.796172527
30/06/2011,9566,3.79621978
30/06/2011,9567,3.796267033
30/06/2011,9568,3.796314286
30/06/2011,9569,3.796361538
30/06/2011,9570,3.796408791
30/06/2011,9571,3.796456044
30/06/2011,9572,3.796503297
30/06/2011,9573,3.796550549
30/06/2011,9574,3.796597802
30/06/2011,9575,3.796645055
30/06/2011,9576,3.796692308
30/06/2011,9577,3.79673956
30/06/2011,9578,3.796786813
30/06/2011,9579,3.796834066
30/06/2011,9580,3.796881319
30/06/2011,9581,3.796928571
30/06/2011,9582,3.796975824
30/06/2011,9583,3.797023077
30/06/2011,9584,3.79707033
30/06/2011,9585,3.797117582
30/06/2011,9586,3.797164835
30/06/2011,9587,3.797212088
30/06/2011,9588,3.797259341
30/06/2011,9589,3.797306593
30/06/2011,9590,3.797353846
30/06/2011,9591,3.797401099
30/06/2011,9592,3.797448352
30/06/2011,9593,3.797495604
30/06/2011,9594,3.797542857
30/06/2011,9595,3.79759011
30/06/2011,9596,3.797637363
30/06/2011,9597,3.797684615
30/06/2011,9598,3.797731868
30/06/2011,9599,3.797779121
30/06/2011,9600,3.797826374
30/06/2011,9601,3.797873626
30/06/2011,9602,3.797920879
30/06/2011,9603,3.797968132
30/06/2011,9604,3.798015385
30/06/2011,9605,3.798062637
30/06/2011,9606,3.79810989
30/06/2011,9607,3.798157143
30/06/2011,9608,3.798204396
30/06/2011,9609,3.798251648
30/06/2011,9610,3.798298901
30/06/2011,9611,3.798346154
30/06/2011,9612,3.798393407
30/06/2011,9613,3.798440659
30/06/2011,9614,3.798487912
30/06/2011,9615,3.798535165
30/06/2011,9616,3.798582418
30/06/2011,9617,3.79862967
30/06/2011,9618,3.798676923
30/06/2011,9619,3.798724176
30/06/2011,9620,3.798771429
30/06/2011,9621,3.798818681
30/06/2011,9622,3.798865934
30/06/2011,9623,3.798913187
30/06/2011,9624,3.79896044
30/06/2011,9625,3.799007692
30/06/2011,9626,3.799054945
30/06/2011,9627,3.799102198
30/06/2011,9628,3.799149451
30/06/2011,9629,3.799196703
30/06/2011,9630,3.799243956
30/06/2011,9631,3.799291209
30/06/2011,9632,3.799338462
30/06/2011,9633,3.799385714
30/06/2011,9634,3.799432967
30/06/2011,9635,3.79948022
30/06/2011,9636,3.799527473
30/06/2011,9637,3.799574725
30/06/2011,9638,3.799621978
30/06/2011,9639,3.799669231
30/06/2011,9640,3.799716484
30/06/2011,9641,3.799763736
30/06/2011,9642,3.799810989
30/06/2011,9643,3.799858242
30/06/2011,9644,3.799905495
30/06/2011,9645,3.799952747
30/06/2011,9646,3.8
30/06/2011,9647,3.800045604
30/06/2011,9648,3.800091209
30/06/2011,9649,3.800136813
30/06/2011,9650,3.800182418
30/06/2011,9651,3.800228022
30/06/2011,9652,3.800273626
30/06/2011,9653,3.800319231
30/06/2011,9654,3.800364835
30/06/2011,9655,3.80041044
30/06/2011,9656,3.800456044
30/06/2011,9657,3.800501648
30/06/2011,9658,3.800547253
30/06/2011,9659,3.800592857
30/06/2011,9660,3.800638462
30/06/2011,9661,3.800684066
30/06/2011,9662,3.80072967
30/06/2011,9663,3.800775275
30/06/2011,9664,3.800820879
30/06/2011,9665,3.800866484
30/06/2011,9666,3.800912088
30/06/2011,9667,3.800957692
30/06/2011,9668,3.801003297
30/06/2011,9669,3.801048901
30/06/2011,9670,3.801094505
30/06/2011,9671,3.80114011
30/06/2011,9672,3.801185714
30/06/2011,9673,3.801231319
30/06/2011,9674,3.801276923
30/06/2011,9675,3.801322527
30/06/2011,9676,3.801368132
30/06/2011,9677,3.801413736
30/06/2011,9678,3.801459341
30/06/2011,9679,3.801504945
30/06/2011,9680,3.801550549
30/06/2011,9681,3.801596154
30/06/2011,9682,3.801641758
30/06/2011,9683,3.801687363
30/06/2011,9684,3.801732967
30/06/2011,9685,3.801778571
30/06/2011,9686,3.801824176
30/06/2011,9687,3.80186978
30/06/2011,9688,3.801915385
30/06/2011,9689,3.801960989
30/06/2011,9690,3.802006593
30/06/2011,9691,3.802052198
30/06/2011,9692,3.802097802
30/06/2011,9693,3.802143407
30/06/2011,9694,3.802189011
30/06/2011,9695,3.802234615
30/06/2011,9696,3.80228022
30/06/2011,9697,3.802325824
30/06/2011,9698,3.802371429
30/06/2011,9699,3.802417033
30/06/2011,9700,3.802462637
30/06/2011,9701,3.802508242
30/06/2011,9702,3.802553846
30/06/2011,9703,3.802599451
30/06/2011,9704,3.802645055
30/06/2011,9705,3.802690659
30/06/2011,9706,3.802736264
30/06/2011,9707,3.802781868
30/06/2011,9708,3.802827473
30/06/2011,9709,3.802873077
30/06/2011,9710,3.802918681
30/06/2011,9711,3.802964286
30/06/2011,9712,3.80300989
30/06/2011,9713,3.803055495
30/06/2011,9714,3.803101099
30/06/2011,9715,3.803146703
30/06/2011,9716,3.803192308
30/06/2011,9717,3.803237912
30/06/2011,9718,3.803283516
30/06/2011,9719,3.803329121
30/06/2011,9720,3.803374725
30/06/2011,9721,3.80342033
30/06/2011,9722,3.803465934
30/06/2011,9723,3.803511538
30/06/2011,9724,3.803557143
30/06/2011,9725,3.803602747
30/06/2011,9726,3.803648352
30/06/2011,9727,3.803693956
30/06/2011,9728,3.80373956
30/06/2011,9729,3.803785165
30/06/2011,9730,3.803830769
30/06/2011,9731,3.803876374
30/06/2011,9732,3.803921978
30/06/2011,9733,3.803967582
30/06/2011,9734,3.804013187
30/06/2011,9735,3.804058791
30/06/2011,9736,3.804104396
30/06/2011,9737,3.80415
30/06/2011,9738,3.804195604
30/06/2011,9739,3.804241209
30/06/2011,9740,3.804286813
30/06/2011,9741,3.804332418
30/06/2011,9742,3.804378022
30/06/2011,9743,3.804423626
30/06/2011,9744,3.804469231
30/06/2011,9745,3.804514835
30/06/2011,9746,3.80456044
30/06/2011,9747,3.804606044
30/06/2011,9748,3.804651648
30/06/2011,9749,3.804697253
30/06/2011,9750,3.804742857
30/06/2011,9751,3.804788462
30/06/2011,9752,3.804834066
30/06/2011,9753,3.80487967
30/06/2011,9754,3.804925275
30/06/2011,9755,3.804970879
30/06/2011,9756,3.805016484
30/06/2011,9757,3.805062088
30/06/2011,9758,3.805107692
30/06/2011,9759,3.805153297
30/06/2011,9760,3.805198901
30/06/2011,9761,3.805244505
30/06/2011,9762,3.80529011
30/06/2011,9763,3.805335714
30/06/2011,9764,3.805381319
30/06/2011,9765,3.805426923
30/06/2011,9766,3.805472527
30/06/2011,9767,3.805518132
30/06/2011,9768,3.805563736
30/06/2011,9769,3.805609341
30/06/2011,9770,3.805654945
30/06/2011,9771,3.805700549
30/06/2011,9772,3.805746154
30/06/2011,9773,3.805791758
30/06/2011,9774,3.805837363
30/06/2011,9775,3.805882967
30/06/2011,9776,3.805928571
30/06/2011,9777,3.805974176
30/06/2011,9778,3.80601978
30/06/2011,9779,3.806065385
30/06/2011,9780,3.806110989
30/06/2011,9781,3.806156593
30/06/2011,9782,3.806202198
30/06/2011,9783,3.806247802
30/06/2011,9784,3.806293407
30/06/2011,9785,3.806339011
30/06/2011,9786,3.806384615
30/06/2011,9787,3.80643022
30/06/2011,9788,3.806475824
30/06/2011,9789,3.806521429
30/06/2011,9790,3.806567033
30/06/2011,9791,3.806612637
30/06/2011,9792,3.806658242
30/06/2011,9793,3.806703846
30/06/2011,9794,3.806749451
30/06/2011,9795,3.806795055
30/06/2011,9796,3.806840659
30/06/2011,9797,3.806886264
30/06/2011,9798,3.806931868
30/06/2011,9799,3.806977473
30/06/2011,9800,3.807023077
30/06/2011,9801,3.807068681
30/06/2011,9802,3.807114286
30/06/2011,9803,3.80715989
30/06/2011,9804,3.807205495
30/06/2011,9805,3.807251099
30/06/2011,9806,3.807296703
30/06/2011,9807,3.807342308
30/06/2011,9808,3.807387912
30/06/2011,9809,3.807433516
30/06/2011,9810,3.807479121
30/06/2011,9811,3.807524725
30/06/2011,9812,3.80757033
30/06/2011,9813,3.807615934
30/06/2011,9814,3.807661538
30/06/2011,9815,3.807707143
30/06/2011,9816,3.807752747
30/06/2011,9817,3.807798352
30/06/2011,9818,3.807843956
30/06/2011,9819,3.80788956
30/06/2011,9820,3.807935165
30/06/2011,9821,3.807980769
30/06/2011,9822,3.808026374
30/06/2011,9823,3.808071978
30/06/2011,9824,3.808117582
30/06/2011,9825,3.808163187
30/06/2011,9826,3.808208791
30/06/2011,9827,3.808254396
30/06/2011,9828,3.8083
30/06/2011,9829,3.808345055
30/06/2011,9830,3.80839011
30/06/2011,9831,3.808435165
30/06/2011,9832,3.80848022
30/06/2011,9833,3.808525275
30/06/2011,9834,3.80857033
30/06/2011,9835,3.808615385
30/06/2011,9836,3.80866044
30/06/2011,9837,3.808705495
30/06/2011,9838,3.808750549
30/06/2011,9839,3.808795604
30/06/2011,9840,3.808840659
30/06/2011,9841,3.808885714
30/06/2011,9842,3.808930769
30/06/2011,9843,3.808975824
30/06/2011,9844,3.809020879
30/06/2011,9845,3.809065934
30/06/2011,9846,3.809110989
30/06/2011,9847,3.809156044
30/06/2011,9848,3.809201099
30/06/2011,9849,3.809246154
30/06/2011,9850,3.809291209
30/06/2011,9851,3.809336264
30/06/2011,9852,3.809381319
30/06/2011,9853,3.809426374
30/06/2011,9854,3.809471429
30/06/2011,9855,3.809516484
30/06/2011,9856,3.809561538
30/06/2011,9857,3.809606593
30/06/2011,9858,3.809651648
30/06/2011,9859,3.809696703
30/06/2011,9860,3.809741758
30/06/2011,9861,3.809786813
30/06/2011,9862,3.809831868
30/06/2011,9863,3.809876923
30/06/2011,9864,3.809921978
30/06/2011,9865,3.809967033
30/06/2011,9866,3.810012088
30/06/2011,9867,3.810057143
30/06/2011,9868,3.810102198
30/06/2011,9869,3.810147253
30/06/2011,9870,3.810192308
30/06/2011,9871,3.810237363
30/06/2011,9872,3.810282418
30/06/2011,9873,3.810327473
30/06/2011,9874,3.810372527
30/06/2011,9875,3.810417582
30/06/2011,9876,3.810462637
30/06/2011,9877,3.810507692
30/06/2011,9878,3.810552747
30/06/2011,9879,3.810597802
30/06/2011,9880,3.810642857
30/06/2011,9881,3.810687912
30/06/2011,9882,3.810732967
30/06/2011,9883,3.810778022
30/06/2011,9884,3.810823077
30/06/2011,9885,3.810868132
30/06/2011,9886,3.810913187
30/06/2011,9887,3.810958242
30/06/2011,9888,3.811003297
30/06/2011,9889,3.811048352
30/06/2011,9890,3.811093407
30/06/2011,9891,3.811138462
30/06/2011,9892,3.811183516
30/06/2011,9893,3.811228571
30/06/2011,9894,3.811273626
30/06/2011,9895,3.811318681
30/06/2011,9896,3.811363736
30/06/2011,9897,3.811408791
30/06/2011,9898,3.811453846
30/06/2011,9899,3.811498901
30/06/2011,9900,3.811543956
30/06/2011,9901,3.811589011
30/06/2011,9902,3.811634066
30/06/2011,9903,3.811679121
30/06/2011,9904,3.811724176
30/06/2011,9905,3.811769231
30/06/2011,9906,3.811814286
30/06/2011,9907,3.811859341
30/06/2011,9908,3.811904396
30/06/2011,9909,3.811949451
30/06/2011,9910,3.811994505
30/06/2011,9911,3.81203956
30/06/2011,9912,3.812084615
30/06/2011,9913,3.81212967
30/06/2011,9914,3.812174725
30/06/2011,9915,3.81221978
30/06/2011,9916,3.812264835
30/06/2011,9917,3.81230989
30/06/2011,9918,3.812354945
30/06/2011,9919,3.8124
30/06/2011,9920,3.812445055
30/06/2011,9921,3.81249011
30/06/2011,9922,3.812535165
30/06/2011,9923,3.81258022
30/06/2011,9924,3.812625275
30/06/2011,9925,3.81267033
30/06/2011,9926,3.812715385
30/06/2011,9927,3.81276044
30/06/2011,9928,3.812805495
30/06/2011,9929,3.812850549
30/06/2011,9930,3.812895604
30/06/2011,9931,3.812940659
30/06/2011,9932,3.812985714
30/06/2011,9933,3.813030769
30/06/2011,9934,3.813075824
30/06/2011,9935,3.813120879
30/06/2011,9936,3.813165934
30/06/2011,9937,3.813210989
30/06/2011,9938,3.813256044
30/06/2011,9939,3.813301099
30/06/2011,9940,3.813346154
30/06/2011,9941,3.813391209
30/06/2011,9942,3.813436264
30/06/2011,9943,3.813481319
30/06/2011,9944,3.813526374
30/06/2011,9945,3.813571429
30/06/2011,9946,3.813616484
30/06/2011,9947,3.813661538
30/06/2011,9948,3.813706593
30/06/2011,9949,3.813751648
30/06/2011,9950,3.813796703
30/06/2011,9951,3.813841758
30/06/2011,9952,3.813886813
30/06/2011,9953,3.813931868
30/06/2011,9954,3.813976923
30/06/2011,9955,3.814021978
30/06/2011,9956,3.814067033
30/06/2011,9957,3.814112088
30/06/2011,9958,3.814157143
30/06/2011,9959,3.814202198
30/06/2011,9960,3.814247253
30/06/2011,9961,3.814292308
30/06/2011,9962,3.814337363
30/06/2011,9963,3.814382418
30/06/2011,9964,3.814427473
30/06/2011,9965,3.814472527
30/06/2011,9966,3.814517582
30/06/2011,9967,3.814562637
30/06/2011,9968,3.814607692
30/06/2011,9969,3.814652747
30/06/2011,9970,3.814697802
30/06/2011,9971,3.814742857
30/06/2011,9972,3.814787912
30/06/2011,9973,3.814832967
30/06/2011,9974,3.814878022
30/06/2011,9975,3.814923077
30/06/2011,9976,3.814968132
30/06/2011,9977,3.815013187
30/06/2011,9978,3.815058242
30/06/2011,9979,3.815103297
30/06/2011,9980,3.815148352
30/06/2011,9981,3.815193407
30/06/2011,9982,3.815238462
30/06/2011,9983,3.815283516
30/06/2011,9984,3.815328571
30/06/2011,9985,3.815373626
30/06/2011,9986,3.815418681
30/06/2011,9987,3.815463736
30/06/2011,9988,3.815508791
30/06/2011,9989,3.815553846
30/06/2011,9990,3.815598901
30/06/2011,9991,3.815643956
30/06/2011,9992,3.815689011
30/06/2011,9993,3.815734066
30/06/2011,9994,3.815779121
30/06/2011,9995,3.815824176
30/06/2011,9996,3.815869231
30/06/2011,9997,3.815914286
30/06/2011,9998,3.815959341
30/06/2011,9999,3.816004396
30/06/2011,10000,3.816049451
30/06/2011,10001,3.816094505
30/06/2011,10002,3.81613956
30/06/2011,10003,3.816184615
30/06/2011,10004,3.81622967
30/06/2011,10005,3.816274725
30/06/2011,10006,3.81631978
30/06/2011,10007,3.816364835
30/06/2011,10008,3.81640989
30/06/2011,10009,3.816454945
30/06/2011,10010,3.8165
30/06/2011,10011,3.816542857
30/06/2011,10012,3.816585714
30/06/2011,10013,3.816628571
30/06/2011,10014,3.816671429
30/06/2011,10015,3.816714286
30/06/2011,10016,3.816757143
30/06/2011,10017,3.8168
30/06/2011,10018,3.816842857
30/06/2011,10019,3.816885714
30/06/2011,10020,3.816928571
30/06/2011,10021,3.816971429
30/06/2011,10022,3.817014286
30/06/2011,10023,3.817057143
30/06/2011,10024,3.8171
30/06/2011,10025,3.817142857
30/06/2011,10026,3.817185714
30/06/2011,10027,3.817228571
30/06/2011,10028,3.817271429
30/06/2011,10029,3.817314286
30/06/2011,10030,3.817357143
30/06/2011,10031,3.8174
30/06/2011,10032,3.817442857
30/06/2011,10033,3.817485714
30/06/2011,10034,3.817528571
30/06/2011,10035,3.817571429
30/06/2011,10036,3.817614286
30/06/2011,10037,3.817657143
30/06/2011,10038,3.8177
30/06/2011,10039,3.817742857
30/06/2011,10040,3.817785714
30/06/2011,10041,3.817828571
30/06/2011,10042,3.817871429
30/06/2011,10043,3.817914286
30/06/2011,10044,3.817957143
30/06/2011,10045,3.818
30/06/2011,10046,3.818042857
30/06/2011,10047,3.818085714
30/06/2011,10048,3.818128571
30/06/2011,10049,3.818171429
30/06/2011,10050,3.818214286
30/06/2011,10051,3.818257143
30/06/2011,10052,3.8183
30/06/2011,10053,3.818342857
30/06/2011,10054,3.818385714
30/06/2011,10055,3.818428571
30/06/2011,10056,3.818471429
30/06/2011,10057,3.818514286
30/06/2011,10058,3.818557143
30/06/2011,10059,3.8186
30/06/2011,10060,3.818642857
30/06/2011,10061,3.818685714
30/06/2011,10062,3.818728571
30/06/2011,10063,3.818771429
30/06/2011,10064,3.818814286
30/06/2011,10065,3.818857143
30/06/2011,10066,3.8189
30/06/2011,10067,3.818942857
30/06/2011,10068,3.818985714
30/06/2011,10069,3.819028571
30/06/2011,10070,3.819071429
30/06/2011,10071,3.819114286
30/06/2011,10072,3.819157143
30/06/2011,10073,3.8192
30/06/2011,10074,3.819242857
30/06/2011,10075,3.819285714
30/06/2011,10076,3.819328571
30/06/2011,10077,3.819371429
30/06/2011,10078,3.819414286
30/06/2011,10079,3.819457143
30/06/2011,10080,3.8195
30/06/2011,10081,3.819542857
30/06/2011,10082,3.819585714
30/06/2011,10083,3.819628571
30/06/2011,10084,3.819671429
30/06/2011,10085,3.819714286
30/06/2011,10086,3.819757143
30/06/2011,10087,3.8198
30/06/2011,10088,3.819842857
30/06/2011,10089,3.819885714
30/06/2011,10090,3.819928571
30/06/2011,10091,3.819971429
30/06/2011,10092,3.820014286
30/06/2011,10093,3.820057143
30/06/2011,10094,3.8201
30/06/2011,10095,3.820142857
30/06/2011,10096,3.820185714
30/06/2011,10097,3.820228571
30/06/2011,10098,3.820271429
30/06/2011,10099,3.820314286
30/06/2011,10100,3.820357143
30/06/2011,10101,3.8204
30/06/2011,10102,3.820442857
30/06/2011,10103,3.820485714
30/06/2011,10104,3.820528571
30/06/2011,10105,3.820571429
30/06/2011,10106,3.820614286
30/06/2011,10107,3.820657143
30/06/2011,10108,3.8207
30/06/2011,10109,3.820742857
30/06/2011,10110,3.820785714
30/06/2011,10111,3.820828571
30/06/2011,10112,3.820871429
30/06/2011,10113,3.820914286
30/06/2011,10114,3.820957143
30/06/2011,10115,3.821
30/06/2011,10116,3.821042857
30/06/2011,10117,3.821085714
30/06/2011,10118,3.821128571
30/06/2011,10119,3.821171429
30/06/2011,10120,3.821214286
30/06/2011,10121,3.821257143
30/06/2011,10122,3.8213
30/06/2011,10123,3.821342857
30/06/2011,10124,3.821385714
30/06/2011,10125,3.821428571
30/06/2011,10126,3.821471429
30/06/2011,10127,3.821514286
30/06/2011,10128,3.821557143
30/06/2011,10129,3.8216
30/06/2011,10130,3.821642857
30/06/2011,10131,3.821685714
30/06/2011,10132,3.821728571
30/06/2011,10133,3.821771429
30/06/2011,10134,3.821814286
30/06/2011,10135,3.821857143
30/06/2011,10136,3.8219
30/06/2011,10137,3.821942857
30/06/2011,10138,3.821985714
30/06/2011,10139,3.822028571
30/06/2011,10140,3.822071429
30/06/2011,10141,3.822114286
30/06/2011,10142,3.822157143
30/06/2011,10143,3.8222
30/06/2011,10144,3.822242857
30/06/2011,10145,3.822285714
30/06/2011,10146,3.822328571
30/06/2011,10147,3.822371429
30/06/2011,10148,3.822414286
30/06/2011,10149,3.822457143
30/06/2011,10150,3.8225
30/06/2011,10151,3.822542857
30/06/2011,10152,3.822585714
30/06/2011,10153,3.822628571
30/06/2011,10154,3.822671429
30/06/2011,10155,3.822714286
30/06/2011,10156,3.822757143
30/06/2011,10157,3.8228
30/06/2011,10158,3.822842857
30/06/2011,10159,3.822885714
30/06/2011,10160,3.822928571
30/06/2011,10161,3.822971429
30/06/2011,10162,3.823014286
30/06/2011,10163,3.823057143
30/06/2011,10164,3.8231
30/06/2011,10165,3.823142857
30/06/2011,10166,3.823185714
30/06/2011,10167,3.823228571
30/06/2011,10168,3.823271429
30/06/2011,10169,3.823314286
30/06/2011,10170,3.823357143
30/06/2011,10171,3.8234
30/06/2011,10172,3.823442857
30/06/2011,10173,3.823485714
30/06/2011,10174,3.823528571
30/06/2011,10175,3.823571429
30/06/2011,10176,3.823614286
30/06/2011,10177,3.823657143
30/06/2011,10178,3.8237
30/06/2011,10179,3.823742857
30/06/2011,10180,3.823785714
30/06/2011,10181,3.823828571
30/06/2011,10182,3.823871429
30/06/2011,10183,3.823914286
30/06/2011,10184,3.823957143
30/06/2011,10185,3.824
30/06/2011,10186,3.824042857
30/06/2011,10187,3.824085714
30/06/2011,10188,3.824128571
30/06/2011,10189,3.824171429
30/06/2011,10190,3.824214286
30/06/2011,10191,3.824257143
30/06/2011,10192,3.8243
30/06/2011,10193,3.824342308
30/06/2011,10194,3.824384615
30/06/2011,10195,3.824426923
30/06/2011,10196,3.824469231
30/06/2011,10197,3.824511538
30/06/2011,10198,3.824553846
30/06/2011,10199,3.824596154
30/06/2011,10200,3.824638462
30/06/2011,10201,3.824680769
30/06/2011,10202,3.824723077
30/06/2011,10203,3.824765385
30/06/2011,10204,3.824807692
30/06/2011,10205,3.82485
30/06/2011,10206,3.824892308
30/06/2011,10207,3.824934615
30/06/2011,10208,3.824976923
30/06/2011,10209,3.825019231
30/06/2011,10210,3.825061538
30/06/2011,10211,3.825103846
30/06/2011,10212,3.825146154
30/06/2011,10213,3.825188462
30/06/2011,10214,3.825230769
30/06/2011,10215,3.825273077
30/06/2011,10216,3.825315385
30/06/2011,10217,3.825357692
30/06/2011,10218,3.8254
30/06/2011,10219,3.825442308
30/06/2011,10220,3.825484615
30/06/2011,10221,3.825526923
30/06/2011,10222,3.825569231
30/06/2011,10223,3.825611538
30/06/2011,10224,3.825653846
30/06/2011,10225,3.825696154
30/06/2011,10226,3.825738462
30/06/2011,10227,3.825780769
30/06/2011,10228,3.825823077
30/06/2011,10229,3.825865385
30/06/2011,10230,3.825907692
30/06/2011,10231,3.82595
30/06/2011,10232,3.825992308
30/06/2011,10233,3.826034615
30/06/2011,10234,3.826076923
30/06/2011,10235,3.826119231
30/06/2011,10236,3.826161538
30/06/2011,10237,3.826203846
30/06/2011,10238,3.826246154
30/06/2011,10239,3.826288462
30/06/2011,10240,3.826330769
30/06/2011,10241,3.826373077
30/06/2011,10242,3.826415385
30/06/2011,10243,3.826457692
30/06/2011,10244,3.8265
30/06/2011,10245,3.826542308
30/06/2011,10246,3.826584615
30/06/2011,10247,3.826626923
30/06/2011,10248,3.826669231
30/06/2011,10249,3.826711538
30/06/2011,10250,3.826753846
30/06/2011,10251,3.826796154
30/06/2011,10252,3.826838462
30/06/2011,10253,3.826880769
30/06/2011,10254,3.826923077
30/06/2011,10255,3.826965385
30/06/2011,10256,3.827007692
30/06/2011,10257,3.82705
30/06/2011,10258,3.827092308
30/06/2011,10259,3.827134615
30/06/2011,10260,3.827176923
30/06/2011,10261,3.827219231
30/06/2011,10262,3.827261538
30/06/2011,10263,3.827303846
30/06/2011,10264,3.827346154
30/06/2011,10265,3.827388462
30/06/2011,10266,3.827430769
30/06/2011,10267,3.827473077
30/06/2011,10268,3.827515385
30/06/2011,10269,3.827557692
30/06/2011,10270,3.8276
30/06/2011,10271,3.827642308
30/06/2011,10272,3.827684615
30/06/2011,10273,3.827726923
30/06/2011,10274,3.827769231
30/06/2011,10275,3.827811538
30/06/2011,10276,3.827853846
30/06/2011,10277,3.827896154
30/06/2011,10278,3.827938462
30/06/2011,10279,3.827980769
30/06/2011,10280,3.828023077
30/06/2011,10281,3.828065385
30/06/2011,10282,3.828107692
30/06/2011,10283,3.82815
30/06/2011,10284,3.828192308
30/06/2011,10285,3.828234615
30/06/2011,10286,3.828276923
30/06/2011,10287,3.828319231
30/06/2011,10288,3.828361538
30/06/2011,10289,3.828403846
30/06/2011,10290,3.828446154
30/06/2011,10291,3.828488462
30/06/2011,10292,3.828530769
30/06/2011,10293,3.828573077
30/06/2011,10294,3.828615385
30/06/2011,10295,3.828657692
30/06/2011,10296,3.8287
30/06/2011,10297,3.828742308
30/06/2011,10298,3.828784615
30/06/2011,10299,3.828826923
30/06/2011,10300,3.828869231
30/06/2011,10301,3.828911538
30/06/2011,10302,3.828953846
30/06/2011,10303,3.828996154
30/06/2011,10304,3.829038462
30/06/2011,10305,3.829080769
30/06/2011,10306,3.829123077
30/06/2011,10307,3.829165385
30/06/2011,10308,3.829207692
30/06/2011,10309,3.82925
30/06/2011,10310,3.829292308
30/06/2011,10311,3.829334615
30/06/2011,10312,3.829376923
30/06/2011,10313,3.829419231
30/06/2011,10314,3.829461538
30/06/2011,10315,3.829503846
30/06/2011,10316,3.829546154
30/06/2011,10317,3.829588462
30/06/2011,10318,3.829630769
30/06/2011,10319,3.829673077
30/06/2011,10320,3.829715385
30/06/2011,10321,3.829757692
30/06/2011,10322,3.8298
30/06/2011,10323,3.829842308
30/06/2011,10324,3.829884615
30/06/2011,10325,3.829926923
30/06/2011,10326,3.829969231
30/06/2011,10327,3.830011538
30/06/2011,10328,3.830053846
30/06/2011,10329,3.830096154
30/06/2011,10330,3.830138462
30/06/2011,10331,3.830180769
30/06/2011,10332,3.830223077
30/06/2011,10333,3.830265385
30/06/2011,10334,3.830307692
30/06/2011,10335,3.83035
30/06/2011,10336,3.830392308
30/06/2011,10337,3.830434615
30/06/2011,10338,3.830476923
30/06/2011,10339,3.830519231
30/06/2011,10340,3.830561538
30/06/2011,10341,3.830603846
30/06/2011,10342,3.830646154
30/06/2011,10343,3.830688462
30/06/2011,10344,3.830730769
30/06/2011,10345,3.830773077
30/06/2011,10346,3.830815385
30/06/2011,10347,3.830857692
30/06/2011,10348,3.8309
30/06/2011,10349,3.830942308
30/06/2011,10350,3.830984615
30/06/2011,10351,3.831026923
30/06/2011,10352,3.831069231
30/06/2011,10353,3.831111538
30/06/2011,10354,3.831153846
30/06/2011,10355,3.831196154
30/06/2011,10356,3.831238462
30/06/2011,10357,3.831280769
30/06/2011,10358,3.831323077
30/06/2011,10359,3.831365385
30/06/2011,10360,3.831407692
30/06/2011,10361,3.83145
30/06/2011,10362,3.831492308
30/06/2011,10363,3.831534615
30/06/2011,10364,3.831576923
30/06/2011,10365,3.831619231
30/06/2011,10366,3.831661538
30/06/2011,10367,3.831703846
30/06/2011,10368,3.831746154
30/06/2011,10369,3.831788462
30/06/2011,10370,3.831830769
30/06/2011,10371,3.831873077
30/06/2011,10372,3.831915385
30/06/2011,10373,3.831957692
30/06/2011,10374,3.832
30/06/2011,10375,3.832040659
30/06/2011,10376,3.832081319
30/06/2011,10377,3.832121978
30/06/2011,10378,3.832162637
30/06/2011,10379,3.832203297
30/06/2011,10380,3.832243956
30/06/2011,10381,3.832284615
30/06/2011,10382,3.832325275
30/06/2011,10383,3.832365934
30/06/2011,10384,3.832406593
30/06/2011,10385,3.832447253
30/06/2011,10386,3.832487912
30/06/2011,10387,3.832528571
30/06/2011,10388,3.832569231
30/06/2011,10389,3.83260989
30/06/2011,10390,3.832650549
30/06/2011,10391,3.832691209
30/06/2011,10392,3.832731868
30/06/2011,10393,3.832772527
30/06/2011,10394,3.832813187
30/06/2011,10395,3.832853846
30/06/2011,10396,3.832894505
30/06/2011,10397,3.832935165
30/06/2011,10398,3.832975824
30/06/2011,10399,3.833016484
30/06/2011,10400,3.833057143
30/06/2011,10401,3.833097802
30/06/2011,10402,3.833138462
30/06/2011,10403,3.833179121
30/06/2011,10404,3.83321978
30/06/2011,10405,3.83326044
30/06/2011,10406,3.833301099
30/06/2011,10407,3.833341758
30/06/2011,10408,3.833382418
30/06/2011,10409,3.833423077
30/06/2011,10410,3.833463736
30/06/2011,10411,3.833504396
30/06/2011,10412,3.833545055
30/06/2011,10413,3.833585714
30/06/2011,10414,3.833626374
30/06/2011,10415,3.833667033
30/06/2011,10416,3.833707692
30/06/2011,10417,3.833748352
30/06/2011,10418,3.833789011
30/06/2011,10419,3.83382967
30/06/2011,10420,3.83387033
30/06/2011,10421,3.833910989
30/06/2011,10422,3.833951648
30/06/2011,10423,3.833992308
30/06/2011,10424,3.834032967
30/06/2011,10425,3.834073626
30/06/2011,10426,3.834114286
30/06/2011,10427,3.834154945
30/06/2011,10428,3.834195604
30/06/2011,10429,3.834236264
30/06/2011,10430,3.834276923
30/06/2011,10431,3.834317582
30/06/2011,10432,3.834358242
30/06/2011,10433,3.834398901
30/06/2011,10434,3.83443956
30/06/2011,10435,3.83448022
30/06/2011,10436,3.834520879
30/06/2011,10437,3.834561538
30/06/2011,10438,3.834602198
30/06/2011,10439,3.834642857
30/06/2011,10440,3.834683516
30/06/2011,10441,3.834724176
30/06/2011,10442,3.834764835
30/06/2011,10443,3.834805495
30/06/2011,10444,3.834846154
30/06/2011,10445,3.834886813
30/06/2011,10446,3.834927473
30/06/2011,10447,3.834968132
30/06/2011,10448,3.835008791
30/06/2011,10449,3.835049451
30/06/2011,10450,3.83509011
30/06/2011,10451,3.835130769
30/06/2011,10452,3.835171429
30/06/2011,10453,3.835212088
30/06/2011,10454,3.835252747
30/06/2011,10455,3.835293407
30/06/2011,10456,3.835334066
30/06/2011,10457,3.835374725
30/06/2011,10458,3.835415385
30/06/2011,10459,3.835456044
30/06/2011,10460,3.835496703
30/06/2011,10461,3.835537363
30/06/2011,10462,3.835578022
30/06/2011,10463,3.835618681
30/06/2011,10464,3.835659341
30/06/2011,10465,3.8357
30/06/2011,10466,3.835740659
30/06/2011,10467,3.835781319
30/06/2011,10468,3.835821978
30/06/2011,10469,3.835862637
30/06/2011,10470,3.835903297
30/06/2011,10471,3.835943956
30/06/2011,10472,3.835984615
30/06/2011,10473,3.836025275
30/06/2011,10474,3.836065934
30/06/2011,10475,3.836106593
30/06/2011,10476,3.836147253
30/06/2011,10477,3.836187912
30/06/2011,10478,3.836228571
30/06/2011,10479,3.836269231
30/06/2011,10480,3.83630989
30/06/2011,10481,3.836350549
30/06/2011,10482,3.836391209
30/06/2011,10483,3.836431868
30/06/2011,10484,3.836472527
30/06/2011,10485,3.836513187
30/06/2011,10486,3.836553846
30/06/2011,10487,3.836594505
30/06/2011,10488,3.836635165
30/06/2011,10489,3.836675824
30/06/2011,10490,3.836716484
30/06/2011,10491,3.836757143
30/06/2011,10492,3.836797802
30/06/2011,10493,3.836838462
30/06/2011,10494,3.836879121
30/06/2011,10495,3.83691978
30/06/2011,10496,3.83696044
30/06/2011,10497,3.837001099
30/06/2011,10498,3.837041758
30/06/2011,10499,3.837082418
30/06/2011,10500,3.837123077
30/06/2011,10501,3.837163736
30/06/2011,10502,3.837204396
30/06/2011,10503,3.837245055
30/06/2011,10504,3.837285714
30/06/2011,10505,3.837326374
30/06/2011,10506,3.837367033
30/06/2011,10507,3.837407692
30/06/2011,10508,3.837448352
30/06/2011,10509,3.837489011
30/06/2011,10510,3.83752967
30/06/2011,10511,3.83757033
30/06/2011,10512,3.837610989
30/06/2011,10513,3.837651648
30/06/2011,10514,3.837692308
30/06/2011,10515,3.837732967
30/06/2011,10516,3.837773626
30/06/2011,10517,3.837814286
30/06/2011,10518,3.837854945
30/06/2011,10519,3.837895604
30/06/2011,10520,3.837936264
30/06/2011,10521,3.837976923
30/06/2011,10522,3.838017582
30/06/2011,10523,3.838058242
30/06/2011,10524,3.838098901
30/06/2011,10525,3.83813956
30/06/2011,10526,3.83818022
30/06/2011,10527,3.838220879
30/06/2011,10528,3.838261538
30/06/2011,10529,3.838302198
30/06/2011,10530,3.838342857
30/06/2011,10531,3.838383516
30/06/2011,10532,3.838424176
30/06/2011,10533,3.838464835
30/06/2011,10534,3.838505495
30/06/2011,10535,3.838546154
30/06/2011,10536,3.838586813
30/06/2011,10537,3.838627473
30/06/2011,10538,3.838668132
30/06/2011,10539,3.838708791
30/06/2011,10540,3.838749451
30/06/2011,10541,3.83879011
30/06/2011,10542,3.838830769
30/06/2011,10543,3.838871429
30/06/2011,10544,3.838912088
30/06/2011,10545,3.838952747
30/06/2011,10546,3.838993407
30/06/2011,10547,3.839034066
30/06/2011,10548,3.839074725
30/06/2011,10549,3.839115385
30/06/2011,10550,3.839156044
30/06/2011,10551,3.839196703
30/06/2011,10552,3.839237363
30/06/2011,10553,3.839278022
30/06/2011,10554,3.839318681
30/06/2011,10555,3.839359341
30/06/2011,10556,3.8394
30/06/2011,10557,3.83943956
30/06/2011,10558,3.839479121
30/06/2011,10559,3.839518681
30/06/2011,10560,3.839558242
30/06/2011,10561,3.839597802
30/06/2011,10562,3.839637363
30/06/2011,10563,3.839676923
30/06/2011,10564,3.839716484
30/06/2011,10565,3.839756044
30/06/2011,10566,3.839795604
30/06/2011,10567,3.839835165
30/06/2011,10568,3.839874725
30/06/2011,10569,3.839914286
30/06/2011,10570,3.839953846
30/06/2011,10571,3.839993407
30/06/2011,10572,3.840032967
30/06/2011,10573,3.840072527
30/06/2011,10574,3.840112088
30/06/2011,10575,3.840151648
30/06/2011,10576,3.840191209
30/06/2011,10577,3.840230769
30/06/2011,10578,3.84027033
30/06/2011,10579,3.84030989
30/06/2011,10580,3.840349451
30/06/2011,10581,3.840389011
30/06/2011,10582,3.840428571
30/06/2011,10583,3.840468132
30/06/2011,10584,3.840507692
30/06/2011,10585,3.840547253
30/06/2011,10586,3.840586813
30/06/2011,10587,3.840626374
30/06/2011,10588,3.840665934
30/06/2011,10589,3.840705495
30/06/2011,10590,3.840745055
30/06/2011,10591,3.840784615
30/06/2011,10592,3.840824176
30/06/2011,10593,3.840863736
30/06/2011,10594,3.840903297
30/06/2011,10595,3.840942857
30/06/2011,10596,3.840982418
30/06/2011,10597,3.841021978
30/06/2011,10598,3.841061538
30/06/2011,10599,3.841101099
30/06/2011,10600,3.841140659
30/06/2011,10601,3.84118022
30/06/2011,10602,3.84121978
30/06/2011,10603,3.841259341
30/06/2011,10604,3.841298901
30/06/2011,10605,3.841338462
30/06/2011,10606,3.841378022
30/06/2011,10607,3.841417582
30/06/2011,10608,3.841457143
30/06/2011,10609,3.841496703
30/06/2011,10610,3.841536264
30/06/2011,10611,3.841575824
30/06/2011,10612,3.841615385
30/06/2011,10613,3.841654945
30/06/2011,10614,3.841694505
30/06/2011,10615,3.841734066
30/06/2011,10616,3.841773626
30/06/2011,10617,3.841813187
30/06/2011,10618,3.841852747
30/06/2011,10619,3.841892308
30/06/2011,10620,3.841931868
30/06/2011,10621,3.841971429
30/06/2011,10622,3.842010989
30/06/2011,10623,3.842050549
30/06/2011,10624,3.84209011
30/06/2011,10625,3.84212967
30/06/2011,10626,3.842169231
30/06/2011,10627,3.842208791
30/06/2011,10628,3.842248352
30/06/2011,10629,3.842287912
30/06/2011,10630,3.842327473
30/06/2011,10631,3.842367033
30/06/2011,10632,3.842406593
30/06/2011,10633,3.842446154
30/06/2011,10634,3.842485714
30/06/2011,10635,3.842525275
30/06/2011,10636,3.842564835
30/06/2011,10637,3.842604396
30/06/2011,10638,3.842643956
30/06/2011,10639,3.842683516
30/06/2011,10640,3.842723077
30/06/2011,10641,3.842762637
30/06/2011,10642,3.842802198
30/06/2011,10643,3.842841758
30/06/2011,10644,3.842881319
30/06/2011,10645,3.842920879
30/06/2011,10646,3.84296044
30/06/2011,10647,3.843
30/06/2011,10648,3.84303956
30/06/2011,10649,3.843079121
30/06/2011,10650,3.843118681
30/06/2011,10651,3.843158242
30/06/2011,10652,3.843197802
30/06/2011,10653,3.843237363
30/06/2011,10654,3.843276923
30/06/2011,10655,3.843316484
30/06/2011,10656,3.843356044
30/06/2011,10657,3.843395604
30/06/2011,10658,3.843435165
30/06/2011,10659,3.843474725
30/06/2011,10660,3.843514286
30/06/2011,10661,3.843553846
30/06/2011,10662,3.843593407
30/06/2011,10663,3.843632967
30/06/2011,10664,3.843672527
30/06/2011,10665,3.843712088
30/06/2011,10666,3.843751648
30/06/2011,10667,3.843791209
30/06/2011,10668,3.843830769
30/06/2011,10669,3.84387033
30/06/2011,10670,3.84390989
30/06/2011,10671,3.843949451
30/06/2011,10672,3.843989011
30/06/2011,10673,3.844028571
30/06/2011,10674,3.844068132
30/06/2011,10675,3.844107692
30/06/2011,10676,3.844147253
30/06/2011,10677,3.844186813
30/06/2011,10678,3.844226374
30/06/2011,10679,3.844265934
30/06/2011,10680,3.844305495
30/06/2011,10681,3.844345055
30/06/2011,10682,3.844384615
30/06/2011,10683,3.844424176
30/06/2011,10684,3.844463736
30/06/2011,10685,3.844503297
30/06/2011,10686,3.844542857
30/06/2011,10687,3.844582418
30/06/2011,10688,3.844621978
30/06/2011,10689,3.844661538
30/06/2011,10690,3.844701099
30/06/2011,10691,3.844740659
30/06/2011,10692,3.84478022
30/06/2011,10693,3.84481978
30/06/2011,10694,3.844859341
30/06/2011,10695,3.844898901
30/06/2011,10696,3.844938462
30/06/2011,10697,3.844978022
30/06/2011,10698,3.845017582
30/06/2011,10699,3.845057143
30/06/2011,10700,3.845096703
30/06/2011,10701,3.845136264
30/06/2011,10702,3.845175824
30/06/2011,10703,3.845215385
30/06/2011,10704,3.845254945
30/06/2011,10705,3.845294505
30/06/2011,10706,3.845334066
30/06/2011,10707,3.845373626
30/06/2011,10708,3.845413187
30/06/2011,10709,3.845452747
30/06/2011,10710,3.845492308
30/06/2011,10711,3.845531868
30/06/2011,10712,3.845571429
30/06/2011,10713,3.845610989
30/06/2011,10714,3.845650549
30/06/2011,10715,3.84569011
30/06/2011,10716,3.84572967
30/06/2011,10717,3.845769231
30/06/2011,10718,3.845808791
30/06/2011,10719,3.845848352
30/06/2011,10720,3.845887912
30/06/2011,10721,3.845927473
30/06/2011,10722,3.845967033
30/06/2011,10723,3.846006593
30/06/2011,10724,3.846046154
30/06/2011,10725,3.846085714
30/06/2011,10726,3.846125275
30/06/2011,10727,3.846164835
30/06/2011,10728,3.846204396
30/06/2011,10729,3.846243956
30/06/2011,10730,3.846283516
30/06/2011,10731,3.846323077
30/06/2011,10732,3.846362637
30/06/2011,10733,3.846402198
30/06/2011,10734,3.846441758
30/06/2011,10735,3.846481319
30/06/2011,10736,3.846520879
30/06/2011,10737,3.84656044
30/06/2011,10738,3.8466
30/06/2011,10739,3.846629121
30/06/2011,10740,3.846658242
30/06/2011,10741,3.846687363
30/06/2011,10742,3.846716484
30/06/2011,10743,3.846745604
30/06/2011,10744,3.846774725
30/06/2011,10745,3.846803846
30/06/2011,10746,3.846832967
30/06/2011,10747,3.846862088
30/06/2011,10748,3.846891209
30/06/2011,10749,3.84692033
30/06/2011,10750,3.846949451
30/06/2011,10751,3.846978571
30/06/2011,10752,3.847007692
30/06/2011,10753,3.847036813
30/06/2011,10754,3.847065934
30/06/2011,10755,3.847095055
30/06/2011,10756,3.847124176
30/06/2011,10757,3.847153297
30/06/2011,10758,3.847182418
30/06/2011,10759,3.847211538
30/06/2011,10760,3.847240659
30/06/2011,10761,3.84726978
30/06/2011,10762,3.847298901
30/06/2011,10763,3.847328022
30/06/2011,10764,3.847357143
30/06/2011,10765,3.847386264
30/06/2011,10766,3.847415385
30/06/2011,10767,3.847444505
30/06/2011,10768,3.847473626
30/06/2011,10769,3.847502747
30/06/2011,10770,3.847531868
30/06/2011,10771,3.847560989
30/06/2011,10772,3.84759011
30/06/2011,10773,3.847619231
30/06/2011,10774,3.847648352
30/06/2011,10775,3.847677473
30/06/2011,10776,3.847706593
30/06/2011,10777,3.847735714
30/06/2011,10778,3.847764835
30/06/2011,10779,3.847793956
30/06/2011,10780,3.847823077
30/06/2011,10781,3.847852198
30/06/2011,10782,3.847881319
30/06/2011,10783,3.84791044
30/06/2011,10784,3.84793956
30/06/2011,10785,3.847968681
30/06/2011,10786,3.847997802
30/06/2011,10787,3.848026923
30/06/2011,10788,3.848056044
30/06/2011,10789,3.848085165
30/06/2011,10790,3.848114286
30/06/2011,10791,3.848143407
30/06/2011,10792,3.848172527
30/06/2011,10793,3.848201648
30/06/2011,10794,3.848230769
30/06/2011,10795,3.84825989
30/06/2011,10796,3.848289011
30/06/2011,10797,3.848318132
30/06/2011,10798,3.848347253
30/06/2011,10799,3.848376374
30/06/2011,10800,3.848405495
30/06/2011,10801,3.848434615
30/06/2011,10802,3.848463736
30/06/2011,10803,3.848492857
30/06/2011,10804,3.848521978
30/06/2011,10805,3.848551099
30/06/2011,10806,3.84858022
30/06/2011,10807,3.848609341
30/06/2011,10808,3.848638462
30/06/2011,10809,3.848667582
30/06/2011,10810,3.848696703
30/06/2011,10811,3.848725824
30/06/2011,10812,3.848754945
30/06/2011,10813,3.848784066
30/06/2011,10814,3.848813187
30/06/2011,10815,3.848842308
30/06/2011,10816,3.848871429
30/06/2011,10817,3.848900549
30/06/2011,10818,3.84892967
30/06/2011,10819,3.848958791
30/06/2011,10820,3.848987912
30/06/2011,10821,3.849017033
30/06/2011,10822,3.849046154
30/06/2011,10823,3.849075275
30/06/2011,10824,3.849104396
30/06/2011,10825,3.849133516
30/06/2011,10826,3.849162637
30/06/2011,10827,3.849191758
30/06/2011,10828,3.849220879
30/06/2011,10829,3.84925
30/06/2011,10830,3.849279121
30/06/2011,10831,3.849308242
30/06/2011,10832,3.849337363
30/06/2011,10833,3.849366484
30/06/2011,10834,3.849395604
30/06/2011,10835,3.849424725
30/06/2011,10836,3.849453846
30/06/2011,10837,3.849482967
30/06/2011,10838,3.849512088
30/06/2011,10839,3.849541209
30/06/2011,10840,3.84957033
30/06/2011,10841,3.849599451
30/06/2011,10842,3.849628571
30/06/2011,10843,3.849657692
30/06/2011,10844,3.849686813
30/06/2011,10845,3.849715934
30/06/2011,10846,3.849745055
30/06/2011,10847,3.849774176
30/06/2011,10848,3.849803297
30/06/2011,10849,3.849832418
30/06/2011,10850,3.849861538
30/06/2011,10851,3.849890659
30/06/2011,10852,3.84991978
30/06/2011,10853,3.849948901
30/06/2011,10854,3.849978022
30/06/2011,10855,3.850007143
30/06/2011,10856,3.850036264
30/06/2011,10857,3.850065385
30/06/2011,10858,3.850094505
30/06/2011,10859,3.850123626
30/06/2011,10860,3.850152747
30/06/2011,10861,3.850181868
30/06/2011,10862,3.850210989
30/06/2011,10863,3.85024011
30/06/2011,10864,3.850269231
30/06/2011,10865,3.850298352
30/06/2011,10866,3.850327473
30/06/2011,10867,3.850356593
30/06/2011,10868,3.850385714
30/06/2011,10869,3.850414835
30/06/2011,10870,3.850443956
30/06/2011,10871,3.850473077
30/06/2011,10872,3.850502198
30/06/2011,10873,3.850531319
30/06/2011,10874,3.85056044
30/06/2011,10875,3.85058956
30/06/2011,10876,3.850618681
30/06/2011,10877,3.850647802
30/06/2011,10878,3.850676923
30/06/2011,10879,3.850706044
30/06/2011,10880,3.850735165
30/06/2011,10881,3.850764286
30/06/2011,10882,3.850793407
30/06/2011,10883,3.850822527
30/06/2011,10884,3.850851648
30/06/2011,10885,3.850880769
30/06/2011,10886,3.85090989
30/06/2011,10887,3.850939011
30/06/2011,10888,3.850968132
30/06/2011,10889,3.850997253
30/06/2011,10890,3.851026374
30/06/2011,10891,3.851055495
30/06/2011,10892,3.851084615
30/06/2011,10893,3.851113736
30/06/2011,10894,3.851142857
30/06/2011,10895,3.851171978
30/06/2011,10896,3.851201099
30/06/2011,10897,3.85123022
30/06/2011,10898,3.851259341
30/06/2011,10899,3.851288462
30/06/2011,10900,3.851317582
30/06/2011,10901,3.851346703
30/06/2011,10902,3.851375824
30/06/2011,10903,3.851404945
30/06/2011,10904,3.851434066
30/06/2011,10905,3.851463187
30/06/2011,10906,3.851492308
30/06/2011,10907,3.851521429
30/06/2011,10908,3.851550549
30/06/2011,10909,3.85157967
30/06/2011,10910,3.851608791
30/06/2011,10911,3.851637912
30/06/2011,10912,3.851667033
30/06/2011,10913,3.851696154
30/06/2011,10914,3.851725275
30/06/2011,10915,3.851754396
30/06/2011,10916,3.851783516
30/06/2011,10917,3.851812637
30/06/2011,10918,3.851841758
30/06/2011,10919,3.851870879
30/06/2011,10920,3.8519
30/06/2011,10921,3.8519
30/06/2011,10922,3.8519
30/06/2011,10923,3.8519
30/06/2011,10924,3.8519
30/06/2011,10925,3.8519
30/06/2011,10926,3.8519
30/06/2011,10927,3.8519
30/06/2011,10928,3.8519
30/06/2011,10929,3.8519
30/06/2011,10930,3.8519
30/06/2011,10931,3.8519
30/06/2011,10932,3.8519
30/06/2011,10933,3.8519
30/06/2011,10934,3.8519
30/06/2011,10935,3.8519
30/06/2011,10936,3.8519
30/06/2011,10937,3.8519
30/06/2011,10938,3.8519
30/06/2011,10939,3.8519
30/06/2011,10940,3.8519
30/06/2011,10941,3.8519
30/06/2011,10942,3.8519
30/06/2011,10943,3.8519
30/06/2011,10944,3.8519
30/06/2011,10945,3.8519
30/06/2011,10946,3.8519
30/06/2011,10947,3.8519
30/06/2011,10948,3.8519
30/06/2011,10949,3.8519
30/06/2011,10950,3.8519
30/06/2011,10951,3.8519
30/06/2011,10952,3.8519
30/06/2011,10953,3.8519
30/06/2011,10954,3.8519
30/06/2011,10955,3.8519
30/06/2011,10956,3.8519
30/06/2011,10957,3.8519
30/06/2011,10958,3.8519
30/06/2011,10959,3.8519
30/06/2011,10960,3.8519
30/06/2011,10961,3.8519
30/06/2011,10962,3.8519
30/06/2011,10963,3.8519
30/06/2011,10964,3.8519
30/06/2011,10965,3.8519
30/06/2011,10966,3.8519
30/06/2011,10967,3.8519
30/06/2011,10968,3.8519
30/06/2011,10969,3.8519
30/06/2011,10970,3.8519
30/06/2011,10971,3.8519
30/06/2011,10972,3.8519
30/06/2011,10973,3.8519
30/06/2011,10974,3.8519
30/06/2011,10975,3.8519
30/06/2011,10976,3.8519
30/06/2011,10977,3.8519
30/06/2011,10978,3.8519
30/06/2011,10979,3.8519
30/06/2011,10980,3.8519
30/06/2011,10981,3.8519
30/06/2011,10982,3.8519
30/06/2011,10983,3.8519
30/06/2011,10984,3.8519
30/06/2011,10985,3.8519
30/06/2011,10986,3.8519
30/06/2011,10987,3.8519
30/06/2011,10988,3.8519
30/06/2011,10989,3.8519
30/06/2011,10990,3.8519
30/06/2011,10991,3.8519
30/06/2011,10992,3.8519
30/06/2011,10993,3.8519
30/06/2011,10994,3.8519
30/06/2011,10995,3.8519
30/06/2011,10996,3.8519
30/06/2011,10997,3.8519
30/06/2011,10998,3.8519
30/06/2011,10999,3.8519
30/06/2011,11000,3.8519
30/06/2011,11001,3.8519
30/06/2011,11002,3.8519
30/06/2011,11003,3.8519
30/06/2011,11004,3.8519
30/06/2011,11005,3.8519
30/06/2011,11006,3.8519
30/06/2011,11007,3.8519
30/06/2011,11008,3.8519
30/06/2011,11009,3.8519
30/06/2011,11010,3.8519
30/06/2011,11011,3.8519
30/06/2011,11012,3.8519
30/06/2011,11013,3.8519
30/06/2011,11014,3.8519
30/06/2011,11015,3.8519
30/06/2011,11016,3.8519
30/06/2011,11017,3.8519
30/06/2011,11018,3.8519
30/06/2011,11019,3.8519
30/06/2011,11020,3.8519
30/06/2011,11021,3.8519
30/06/2011,11022,3.8519
30/06/2011,11023,3.8519
30/06/2011,11024,3.8519
30/06/2011,11025,3.8519
30/06/2011,11026,3.8519
30/06/2011,11027,3.8519
30/06/2011,11028,3.8519
30/06/2011,11029,3.8519
30/06/2011,11030,3.8519
30/06/2011,11031,3.8519
30/06/2011,11032,3.8519
30/06/2011,11033,3.8519
30/06/2011,11034,3.8519
30/06/2011,11035,3.8519
30/06/2011,11036,3.8519
30/06/2011,11037,3.8519
30/06/2011,11038,3.8519
30/06/2011,11039,3.8519
30/06/2011,11040,3.8519
30/06/2011,11041,3.8519
30/06/2011,11042,3.8519
30/06/2011,11043,3.8519
30/06/2011,11044,3.8519
30/06/2011,11045,3.8519
30/06/2011,11046,3.8519
30/06/2011,11047,3.8519
30/06/2011,11048,3.8519
30/06/2011,11049,3.8519
30/06/2011,11050,3.8519
30/06/2011,11051,3.8519
30/06/2011,11052,3.8519
30/06/2011,11053,3.8519
30/06/2011,11054,3.8519
30/06/2011,11055,3.8519
30/06/2011,11056,3.8519
30/06/2011,11057,3.8519
30/06/2011,11058,3.8519
30/06/2011,11059,3.8519
30/06/2011,11060,3.8519
30/06/2011,11061,3.8519
30/06/2011,11062,3.8519
30/06/2011,11063,3.8519
30/06/2011,11064,3.8519
30/06/2011,11065,3.8519
30/06/2011,11066,3.8519
30/06/2011,11067,3.8519
30/06/2011,11068,3.8519
30/06/2011,11069,3.8519
30/06/2011,11070,3.8519
30/06/2011,11071,3.8519
30/06/2011,11072,3.8519
30/06/2011,11073,3.8519
30/06/2011,11074,3.8519
30/06/2011,11075,3.8519
30/06/2011,11076,3.8519
30/06/2011,11077,3.8519
30/06/2011,11078,3.8519
30/06/2011,11079,3.8519
30/06/2011,11080,3.8519
30/06/2011,11081,3.8519
30/06/2011,11082,3.8519
30/06/2011,11083,3.8519
30/06/2011,11084,3.8519
30/06/2011,11085,3.8519
30/06/2011,11086,3.8519
30/06/2011,11087,3.8519
30/06/2011,11088,3.8519
30/06/2011,11089,3.8519
30/06/2011,11090,3.8519
30/06/2011,11091,3.8519
30/06/2011,11092,3.8519
30/06/2011,11093,3.8519
30/06/2011,11094,3.8519
30/06/2011,11095,3.8519
30/06/2011,11096,3.8519
30/06/2011,11097,3.8519
30/06/2011,11098,3.8519
30/06/2011,11099,3.8519
30/06/2011,11100,3.8519
30/06/2011,11101,3.8519
30/06/2011,11102,3.8519
30/06/2011,11103,3.8519
30/06/2011,11104,3.8519
30/06/2011,11105,3.8519
30/06/2011,11106,3.8519
30/06/2011,11107,3.8519
30/06/2011,11108,3.8519
30/06/2011,11109,3.8519
30/06/2011,11110,3.8519
30/06/2011,11111,3.8519
30/06/2011,11112,3.8519
30/06/2011,11113,3.8519
30/06/2011,11114,3.8519
30/06/2011,11115,3.8519
30/06/2011,11116,3.8519
30/06/2011,11117,3.8519
30/06/2011,11118,3.8519
30/06/2011,11119,3.8519
30/06/2011,11120,3.8519
30/06/2011,11121,3.8519
30/06/2011,11122,3.8519
30/06/2011,11123,3.8519
30/06/2011,11124,3.8519
30/06/2011,11125,3.8519
30/06/2011,11126,3.8519
30/06/2011,11127,3.8519
30/06/2011,11128,3.8519
30/06/2011,11129,3.8519
30/06/2011,11130,3.8519
30/06/2011,11131,3.8519
30/06/2011,11132,3.8519
30/06/2011,11133,3.8519
30/06/2011,11134,3.8519
30/06/2011,11135,3.8519
30/06/2011,11136,3.8519
30/06/2011,11137,3.8519
30/06/2011,11138,3.8519
30/06/2011,11139,3.8519
30/06/2011,11140,3.8519
30/06/2011,11141,3.8519
30/06/2011,11142,3.8519
30/06/2011,11143,3.8519
30/06/2011,11144,3.8519
30/06/2011,11145,3.8519
30/06/2011,11146,3.8519
30/06/2011,11147,3.8519
30/06/2011,11148,3.8519
30/06/2011,11149,3.8519
30/06/2011,11150,3.8519
30/06/2011,11151,3.8519
30/06/2011,11152,3.8519
30/06/2011,11153,3.8519
30/06/2011,11154,3.8519
30/06/2011,11155,3.8519
30/06/2011,11156,3.8519
30/06/2011,11157,3.8519
30/06/2011,11158,3.8519
30/06/2011,11159,3.8519
30/06/2011,11160,3.8519
30/06/2011,11161,3.8519
30/06/2011,11162,3.8519
30/06/2011,11163,3.8519
30/06/2011,11164,3.8519
30/06/2011,11165,3.8519
30/06/2011,11166,3.8519
30/06/2011,11167,3.8519
30/06/2011,11168,3.8519
30/06/2011,11169,3.8519
30/06/2011,11170,3.8519
30/06/2011,11171,3.8519
30/06/2011,11172,3.8519
30/06/2011,11173,3.8519
30/06/2011,11174,3.8519
30/06/2011,11175,3.8519
30/06/2011,11176,3.8519
30/06/2011,11177,3.8519
30/06/2011,11178,3.8519
30/06/2011,11179,3.8519
30/06/2011,11180,3.8519
30/06/2011,11181,3.8519
30/06/2011,11182,3.8519
30/06/2011,11183,3.8519
30/06/2011,11184,3.8519
30/06/2011,11185,3.8519
30/06/2011,11186,3.8519
30/06/2011,11187,3.8519
30/06/2011,11188,3.8519
30/06/2011,11189,3.8519
30/06/2011,11190,3.8519
30/06/2011,11191,3.8519
30/06/2011,11192,3.8519
30/06/2011,11193,3.8519
30/06/2011,11194,3.8519
30/06/2011,11195,3.8519
30/06/2011,11196,3.8519
30/06/2011,11197,3.8519
30/06/2011,11198,3.8519
30/06/2011,11199,3.8519
30/06/2011,11200,3.8519
30/06/2011,11201,3.8519
30/06/2011,11202,3.8519
30/06/2011,11203,3.8519
30/06/2011,11204,3.8519
30/06/2011,11205,3.8519
30/06/2011,11206,3.8519
30/06/2011,11207,3.8519
30/06/2011,11208,3.8519
30/06/2011,11209,3.8519
30/06/2011,11210,3.8519
30/06/2011,11211,3.8519
30/06/2011,11212,3.8519
30/06/2011,11213,3.8519
30/06/2011,11214,3.8519
30/06/2011,11215,3.8519
30/06/2011,11216,3.8519
30/06/2011,11217,3.8519
30/06/2011,11218,3.8519
30/06/2011,11219,3.8519
30/06/2011,11220,3.8519
30/06/2011,11221,3.8519
30/06/2011,11222,3.8519
30/06/2011,11223,3.8519
30/06/2011,11224,3.8519
30/06/2011,11225,3.8519
30/06/2011,11226,3.8519
30/06/2011,11227,3.8519
30/06/2011,11228,3.8519
30/06/2011,11229,3.8519
30/06/2011,11230,3.8519
30/06/2011,11231,3.8519
30/06/2011,11232,3.8519
30/06/2011,11233,3.8519
30/06/2011,11234,3.8519
30/06/2011,11235,3.8519
30/06/2011,11236,3.8519
30/06/2011,11237,3.8519
30/06/2011,11238,3.8519
30/06/2011,11239,3.8519
30/06/2011,11240,3.8519
30/06/2011,11241,3.8519
30/06/2011,11242,3.8519
30/06/2011,11243,3.8519
30/06/2011,11244,3.8519
30/06/2011,11245,3.8519
30/06/2011,11246,3.8519
30/06/2011,11247,3.8519
30/06/2011,11248,3.8519
30/06/2011,11249,3.8519
30/06/2011,11250,3.8519
30/06/2011,11251,3.8519
30/06/2011,11252,3.8519
30/06/2011,11253,3.8519
30/06/2011,11254,3.8519
30/06/2011,11255,3.8519
30/06/2011,11256,3.8519
30/06/2011,11257,3.8519
30/06/2011,11258,3.8519
30/06/2011,11259,3.8519
30/06/2011,11260,3.8519
30/06/2011,11261,3.8519
30/06/2011,11262,3.8519
30/06/2011,11263,3.8519
30/06/2011,11264,3.8519
30/06/2011,11265,3.8519
30/06/2011,11266,3.8519
30/06/2011,11267,3.8519
30/06/2011,11268,3.8519
30/06/2011,11269,3.8519
30/06/2011,11270,3.8519
30/06/2011,11271,3.8519
30/06/2011,11272,3.8519
30/06/2011,11273,3.8519
30/06/2011,11274,3.8519
30/06/2011,11275,3.8519
30/06/2011,11276,3.8519
30/06/2011,11277,3.8519
30/06/2011,11278,3.8519
30/06/2011,11279,3.8519
30/06/2011,11280,3.8519
30/06/2011,11281,3.8519
30/06/2011,11282,3.8519
30/06/2011,11283,3.8519
30/06/2011,11284,3.8519
30/06/2011,11285,3.8519
30/06/2011,11286,3.8519
30/06/2011,11287,3.8519
30/06/2011,11288,3.8519
30/06/2011,11289,3.8519
30/06/2011,11290,3.8519
30/06/2011,11291,3.8519
30/06/2011,11292,3.8519
30/06/2011,11293,3.8519
30/06/2011,11294,3.8519
30/06/2011,11295,3.8519
30/06/2011,11296,3.8519
30/06/2011,11297,3.8519
30/06/2011,11298,3.8519
30/06/2011,11299,3.8519
30/06/2011,11300,3.8519
30/06/2011,11301,3.8519
30/06/2011,11302,3.8519
30/06/2011,11303,3.8519
30/06/2011,11304,3.8519
30/06/2011,11305,3.8519
30/06/2011,11306,3.8519
30/06/2011,11307,3.8519
30/06/2011,11308,3.8519
30/06/2011,11309,3.8519
30/06/2011,11310,3.8519
30/06/2011,11311,3.8519
30/06/2011,11312,3.8519
30/06/2011,11313,3.8519
30/06/2011,11314,3.8519
30/06/2011,11315,3.8519
30/06/2011,11316,3.8519
30/06/2011,11317,3.8519
30/06/2011,11318,3.8519
30/06/2011,11319,3.8519
30/06/2011,11320,3.8519
30/06/2011,11321,3.8519
30/06/2011,11322,3.8519
30/06/2011,11323,3.8519
30/06/2011,11324,3.8519
30/06/2011,11325,3.8519
30/06/2011,11326,3.8519
30/06/2011,11327,3.8519
30/06/2011,11328,3.8519
30/06/2011,11329,3.8519
30/06/2011,11330,3.8519
30/06/2011,11331,3.8519
30/06/2011,11332,3.8519
30/06/2011,11333,3.8519
30/06/2011,11334,3.8519
30/06/2011,11335,3.8519
30/06/2011,11336,3.8519
30/06/2011,11337,3.8519
30/06/2011,11338,3.8519
30/06/2011,11339,3.8519
30/06/2011,11340,3.8519
30/06/2011,11341,3.8519
30/06/2011,11342,3.8519
30/06/2011,11343,3.8519
30/06/2011,11344,3.8519
30/06/2011,11345,3.8519
30/06/2011,11346,3.8519
30/06/2011,11347,3.8519
30/06/2011,11348,3.8519
30/06/2011,11349,3.8519
30/06/2011,11350,3.8519
30/06/2011,11351,3.8519
30/06/2011,11352,3.8519
30/06/2011,11353,3.8519
30/06/2011,11354,3.8519
30/06/2011,11355,3.8519
30/06/2011,11356,3.8519
30/06/2011,11357,3.8519
30/06/2011,11358,3.8519
30/06/2011,11359,3.8519
30/06/2011,11360,3.8519
30/06/2011,11361,3.8519
30/06/2011,11362,3.8519
30/06/2011,11363,3.8519
30/06/2011,11364,3.8519
30/06/2011,11365,3.8519
30/06/2011,11366,3.8519
30/06/2011,11367,3.8519
30/06/2011,11368,3.8519
30/06/2011,11369,3.8519
30/06/2011,11370,3.8519
30/06/2011,11371,3.8519
30/06/2011,11372,3.8519
30/06/2011,11373,3.8519
30/06/2011,11374,3.8519
30/06/2011,11375,3.8519
30/06/2011,11376,3.8519
30/06/2011,11377,3.8519
30/06/2011,11378,3.8519
30/06/2011,11379,3.8519
30/06/2011,11380,3.8519
30/06/2011,11381,3.8519
30/06/2011,11382,3.8519
30/06/2011,11383,3.8519
30/06/2011,11384,3.8519
30/06/2011,11385,3.8519
30/06/2011,11386,3.8519
30/06/2011,11387,3.8519
30/06/2011,11388,3.8519
30/06/2011,11389,3.8519
30/06/2011,11390,3.8519
30/06/2011,11391,3.8519
30/06/2011,11392,3.8519
30/06/2011,11393,3.8519
30/06/2011,11394,3.8519
30/06/2011,11395,3.8519
30/06/2011,11396,3.8519
30/06/2011,11397,3.8519
30/06/2011,11398,3.8519
30/06/2011,11399,3.8519
30/06/2011,11400,3.8519
30/06/2011,11401,3.8519
30/06/2011,11402,3.8519
30/06/2011,11403,3.8519
30/06/2011,11404,3.8519
30/06/2011,11405,3.8519
30/06/2011,11406,3.8519
30/06/2011,11407,3.8519
30/06/2011,11408,3.8519
30/06/2011,11409,3.8519
30/06/2011,11410,3.8519
30/06/2011,11411,3.8519
30/06/2011,11412,3.8519
30/06/2011,11413,3.8519
30/06/2011,11414,3.8519
30/06/2011,11415,3.8519
30/06/2011,11416,3.8519
30/06/2011,11417,3.8519
30/06/2011,11418,3.8519
30/06/2011,11419,3.8519
30/06/2011,11420,3.8519
30/06/2011,11421,3.8519
30/06/2011,11422,3.8519
30/06/2011,11423,3.8519
30/06/2011,11424,3.8519
30/06/2011,11425,3.8519
30/06/2011,11426,3.8519
30/06/2011,11427,3.8519
30/06/2011,11428,3.8519
30/06/2011,11429,3.8519
30/06/2011,11430,3.8519
30/06/2011,11431,3.8519
30/06/2011,11432,3.8519
30/06/2011,11433,3.8519
30/06/2011,11434,3.8519
30/06/2011,11435,3.8519
30/06/2011,11436,3.8519
30/06/2011,11437,3.8519
30/06/2011,11438,3.8519
30/06/2011,11439,3.8519
30/06/2011,11440,3.8519
30/06/2011,11441,3.8519
30/06/2011,11442,3.8519
30/06/2011,11443,3.8519
30/06/2011,11444,3.8519
30/06/2011,11445,3.8519
30/06/2011,11446,3.8519
30/06/2011,11447,3.8519
30/06/2011,11448,3.8519
30/06/2011,11449,3.8519
30/06/2011,11450,3.8519
30/06/2011,11451,3.8519
30/06/2011,11452,3.8519
30/06/2011,11453,3.8519
30/06/2011,11454,3.8519
30/06/2011,11455,3.8519
30/06/2011,11456,3.8519
30/06/2011,11457,3.8519
30/06/2011,11458,3.8519
30/06/2011,11459,3.8519
30/06/2011,11460,3.8519
30/06/2011,11461,3.8519
30/06/2011,11462,3.8519
30/06/2011,11463,3.8519
30/06/2011,11464,3.8519
30/06/2011,11465,3.8519
30/06/2011,11466,3.8519
30/06/2011,11467,3.8519
30/06/2011,11468,3.8519
30/06/2011,11469,3.8519
30/06/2011,11470,3.8519
30/06/2011,11471,3.8519
30/06/2011,11472,3.8519
30/06/2011,11473,3.8519
30/06/2011,11474,3.8519
30/06/2011,11475,3.8519
30/06/2011,11476,3.8519
30/06/2011,11477,3.8519
30/06/2011,11478,3.8519
30/06/2011,11479,3.8519
30/06/2011,11480,3.8519
30/06/2011,11481,3.8519
30/06/2011,11482,3.8519
30/06/2011,11483,3.8519
30/06/2011,11484,3.8519
30/06/2011,11485,3.8519
30/06/2011,11486,3.8519
30/06/2011,11487,3.8519
30/06/2011,11488,3.8519
30/06/2011,11489,3.8519
30/06/2011,11490,3.8519
30/06/2011,11491,3.8519
30/06/2011,11492,3.8519
30/06/2011,11493,3.8519
30/06/2011,11494,3.8519
30/06/2011,11495,3.8519
30/06/2011,11496,3.8519
30/06/2011,11497,3.8519
30/06/2011,11498,3.8519
30/06/2011,11499,3.8519
30/06/2011,11500,3.8519
30/06/2011,11501,3.8519
30/06/2011,11502,3.8519
30/06/2011,11503,3.8519
30/06/2011,11504,3.8519
30/06/2011,11505,3.8519
30/06/2011,11506,3.8519
30/06/2011,11507,3.8519
30/06/2011,11508,3.8519
30/06/2011,11509,3.8519
30/06/2011,11510,3.8519
30/06/2011,11511,3.8519
30/06/2011,11512,3.8519
30/06/2011,11513,3.8519
30/06/2011,11514,3.8519
30/06/2011,11515,3.8519
30/06/2011,11516,3.8519
30/06/2011,11517,3.8519
30/06/2011,11518,3.8519
30/06/2011,11519,3.8519
30/06/2011,11520,3.8519
30/06/2011,11521,3.8519
30/06/2011,11522,3.8519
30/06/2011,11523,3.8519
30/06/2011,11524,3.8519
30/06/2011,11525,3.8519
30/06/2011,11526,3.8519
30/06/2011,11527,3.8519
30/06/2011,11528,3.8519
30/06/2011,11529,3.8519
30/06/2011,11530,3.8519
30/06/2011,11531,3.8519
30/06/2011,11532,3.8519
30/06/2011,11533,3.8519
30/06/2011,11534,3.8519
30/06/2011,11535,3.8519
30/06/2011,11536,3.8519
30/06/2011,11537,3.8519
30/06/2011,11538,3.8519
30/06/2011,11539,3.8519
30/06/2011,11540,3.8519
30/06/2011,11541,3.8519
30/06/2011,11542,3.8519
30/06/2011,11543,3.8519
30/06/2011,11544,3.8519
30/06/2011,11545,3.8519
30/06/2011,11546,3.8519
30/06/2011,11547,3.8519
30/06/2011,11548,3.8519
30/06/2011,11549,3.8519
30/06/2011,11550,3.8519
30/06/2011,11551,3.8519
30/06/2011,11552,3.8519
30/06/2011,11553,3.8519
30/06/2011,11554,3.8519
30/06/2011,11555,3.8519
30/06/2011,11556,3.8519
30/06/2011,11557,3.8519
30/06/2011,11558,3.8519
30/06/2011,11559,3.8519
30/06/2011,11560,3.8519
30/06/2011,11561,3.8519
30/06/2011,11562,3.8519
30/06/2011,11563,3.8519
30/06/2011,11564,3.8519
30/06/2011,11565,3.8519
30/06/2011,11566,3.8519
30/06/2011,11567,3.8519
30/06/2011,11568,3.8519
30/06/2011,11569,3.8519
30/06/2011,11570,3.8519
30/06/2011,11571,3.8519
30/06/2011,11572,3.8519
30/06/2011,11573,3.8519
30/06/2011,11574,3.8519
30/06/2011,11575,3.8519
30/06/2011,11576,3.8519
30/06/2011,11577,3.8519
30/06/2011,11578,3.8519
30/06/2011,11579,3.8519
30/06/2011,11580,3.8519
30/06/2011,11581,3.8519
30/06/2011,11582,3.8519
30/06/2011,11583,3.8519
30/06/2011,11584,3.8519
30/06/2011,11585,3.8519
30/06/2011,11586,3.8519
30/06/2011,11587,3.8519
30/06/2011,11588,3.8519
30/06/2011,11589,3.8519
30/06/2011,11590,3.8519
30/06/2011,11591,3.8519
30/06/2011,11592,3.8519
30/06/2011,11593,3.8519
30/06/2011,11594,3.8519
30/06/2011,11595,3.8519
30/06/2011,11596,3.8519
30/06/2011,11597,3.8519
30/06/2011,11598,3.8519
30/06/2011,11599,3.8519
30/06/2011,11600,3.8519
30/06/2011,11601,3.8519
30/06/2011,11602,3.8519
30/06/2011,11603,3.8519
30/06/2011,11604,3.8519
30/06/2011,11605,3.8519
30/06/2011,11606,3.8519
30/06/2011,11607,3.8519
30/06/2011,11608,3.8519
30/06/2011,11609,3.8519
30/06/2011,11610,3.8519
30/06/2011,11611,3.8519
30/06/2011,11612,3.8519
30/06/2011,11613,3.8519
30/06/2011,11614,3.8519
30/06/2011,11615,3.8519
30/06/2011,11616,3.8519
30/06/2011,11617,3.8519
30/06/2011,11618,3.8519
30/06/2011,11619,3.8519
30/06/2011,11620,3.8519
30/06/2011,11621,3.8519
30/06/2011,11622,3.8519
30/06/2011,11623,3.8519
30/06/2011,11624,3.8519
30/06/2011,11625,3.8519
30/06/2011,11626,3.8519
30/06/2011,11627,3.8519
30/06/2011,11628,3.8519
30/06/2011,11629,3.8519
30/06/2011,11630,3.8519
30/06/2011,11631,3.8519
30/06/2011,11632,3.8519
30/06/2011,11633,3.8519
30/06/2011,11634,3.8519
30/06/2011,11635,3.8519
30/06/2011,11636,3.8519
30/06/2011,11637,3.8519
30/06/2011,11638,3.8519
30/06/2011,11639,3.8519
30/06/2011,11640,3.8519
30/06/2011,11641,3.8519
30/06/2011,11642,3.8519
30/06/2011,11643,3.8519
30/06/2011,11644,3.8519
30/06/2011,11645,3.8519
30/06/2011,11646,3.8519
30/06/2011,11647,3.8519
30/06/2011,11648,3.8519
30/06/2011,11649,3.8519
30/06/2011,11650,3.8519
30/06/2011,11651,3.8519
30/06/2011,11652,3.8519
30/06/2011,11653,3.8519
30/06/2011,11654,3.8519
30/06/2011,11655,3.8519
30/06/2011,11656,3.8519
30/06/2011,11657,3.8519
30/06/2011,11658,3.8519
30/06/2011,11659,3.8519
30/06/2011,11660,3.8519
30/06/2011,11661,3.8519
30/06/2011,11662,3.8519
30/06/2011,11663,3.8519
30/06/2011,11664,3.8519
30/06/2011,11665,3.8519
30/06/2011,11666,3.8519
30/06/2011,11667,3.8519
30/06/2011,11668,3.8519
30/06/2011,11669,3.8519
30/06/2011,11670,3.8519
30/06/2011,11671,3.8519
30/06/2011,11672,3.8519
30/06/2011,11673,3.8519
30/06/2011,11674,3.8519
30/06/2011,11675,3.8519
30/06/2011,11676,3.8519
30/06/2011,11677,3.8519
30/06/2011,11678,3.8519
30/06/2011,11679,3.8519
30/06/2011,11680,3.8519
30/06/2011,11681,3.8519
30/06/2011,11682,3.8519
30/06/2011,11683,3.8519
30/06/2011,11684,3.8519
30/06/2011,11685,3.8519
30/06/2011,11686,3.8519
30/06/2011,11687,3.8519
30/06/2011,11688,3.8519
30/06/2011,11689,3.8519
30/06/2011,11690,3.8519
30/06/2011,11691,3.8519
30/06/2011,11692,3.8519
30/06/2011,11693,3.8519
30/06/2011,11694,3.8519
30/06/2011,11695,3.8519
30/06/2011,11696,3.8519
30/06/2011,11697,3.8519
30/06/2011,11698,3.8519
30/06/2011,11699,3.8519
30/06/2011,11700,3.8519
30/06/2011,11701,3.8519
30/06/2011,11702,3.8519
30/06/2011,11703,3.8519
30/06/2011,11704,3.8519
30/06/2011,11705,3.8519
30/06/2011,11706,3.8519
30/06/2011,11707,3.8519
30/06/2011,11708,3.8519
30/06/2011,11709,3.8519
30/06/2011,11710,3.8519
30/06/2011,11711,3.8519
30/06/2011,11712,3.8519
30/06/2011,11713,3.8519
30/06/2011,11714,3.8519
30/06/2011,11715,3.8519
30/06/2011,11716,3.8519
30/06/2011,11717,3.8519
30/06/2011,11718,3.8519
30/06/2011,11719,3.8519
30/06/2011,11720,3.8519
30/06/2011,11721,3.8519
30/06/2011,11722,3.8519
30/06/2011,11723,3.8519
30/06/2011,11724,3.8519
30/06/2011,11725,3.8519
30/06/2011,11726,3.8519
30/06/2011,11727,3.8519
30/06/2011,11728,3.8519
30/06/2011,11729,3.8519
30/06/2011,11730,3.8519
30/06/2011,11731,3.8519
30/06/2011,11732,3.8519
30/06/2011,11733,3.8519
30/06/2011,11734,3.8519
30/06/2011,11735,3.8519
30/06/2011,11736,3.8519
30/06/2011,11737,3.8519
30/06/2011,11738,3.8519
30/06/2011,11739,3.8519
30/06/2011,11740,3.8519
30/06/2011,11741,3.8519
30/06/2011,11742,3.8519
30/06/2011,11743,3.8519
30/06/2011,11744,3.8519
30/06/2011,11745,3.8519
30/06/2011,11746,3.8519
30/06/2011,11747,3.8519
30/06/2011,11748,3.8519
30/06/2011,11749,3.8519
30/06/2011,11750,3.8519
30/06/2011,11751,3.8519
30/06/2011,11752,3.8519
30/06/2011,11753,3.8519
30/06/2011,11754,3.8519
30/06/2011,11755,3.8519
30/06/2011,11756,3.8519
30/06/2011,11757,3.8519
30/06/2011,11758,3.8519
30/06/2011,11759,3.8519
30/06/2011,11760,3.8519
30/06/2011,11761,3.8519
30/06/2011,11762,3.8519
30/06/2011,11763,3.8519
30/06/2011,11764,3.8519
30/06/2011,11765,3.8519
30/06/2011,11766,3.8519
30/06/2011,11767,3.8519
30/06/2011,11768,3.8519
30/06/2011,11769,3.8519
30/06/2011,11770,3.8519
30/06/2011,11771,3.8519
30/06/2011,11772,3.8519
30/06/2011,11773,3.8519
30/06/2011,11774,3.8519
30/06/2011,11775,3.8519
30/06/2011,11776,3.8519
30/06/2011,11777,3.8519
30/06/2011,11778,3.8519
30/06/2011,11779,3.8519
30/06/2011,11780,3.8519
30/06/2011,11781,3.8519
30/06/2011,11782,3.8519
30/06/2011,11783,3.8519
30/06/2011,11784,3.8519
30/06/2011,11785,3.8519
30/06/2011,11786,3.8519
30/06/2011,11787,3.8519
30/06/2011,11788,3.8519
30/06/2011,11789,3.8519
30/06/2011,11790,3.8519
30/06/2011,11791,3.8519
30/06/2011,11792,3.8519
30/06/2011,11793,3.8519
30/06/2011,11794,3.8519
30/06/2011,11795,3.8519
30/06/2011,11796,3.8519
30/06/2011,11797,3.8519
30/06/2011,11798,3.8519
30/06/2011,11799,3.8519
30/06/2011,11800,3.8519
30/06/2011,11801,3.8519
30/06/2011,11802,3.8519
30/06/2011,11803,3.8519
30/06/2011,11804,3.8519
30/06/2011,11805,3.8519
30/06/2011,11806,3.8519
30/06/2011,11807,3.8519
30/06/2011,11808,3.8519
30/06/2011,11809,3.8519
30/06/2011,11810,3.8519
30/06/2011,11811,3.8519
30/06/2011,11812,3.8519
30/06/2011,11813,3.8519
30/06/2011,11814,3.8519
30/06/2011,11815,3.8519
30/06/2011,11816,3.8519
30/06/2011,11817,3.8519
30/06/2011,11818,3.8519
30/06/2011,11819,3.8519
30/06/2011,11820,3.8519
30/06/2011,11821,3.8519
30/06/2011,11822,3.8519
30/06/2011,11823,3.8519
30/06/2011,11824,3.8519
30/06/2011,11825,3.8519
30/06/2011,11826,3.8519
30/06/2011,11827,3.8519
30/06/2011,11828,3.8519
30/06/2011,11829,3.8519
30/06/2011,11830,3.8519
30/06/2011,11831,3.8519
30/06/2011,11832,3.8519
30/06/2011,11833,3.8519
30/06/2011,11834,3.8519
30/06/2011,11835,3.8519
30/06/2011,11836,3.8519
30/06/2011,11837,3.8519
30/06/2011,11838,3.8519
30/06/2011,11839,3.8519
30/06/2011,11840,3.8519
